"","Tau_original","P_value","trend","EWs","ith_number","the_total","time_length","frequency","disease","country_region","outbreaks","number"
"1","-0.308911077006274","0.17","-1","AR1",1,1,60,"daily","Anthrax","United States of America","No",1
"2","-0.387838191963449","0","-1","AR2",1,1,60,"daily","Anthrax","United States of America","No",1
"3","0.104137371057784","0.41","1","AR3",1,1,60,"daily","Anthrax","United States of America","No",1
"4","-0.444732156377495","0.13","-1","SD",1,1,60,"daily","Anthrax","United States of America","No",1
"5","0.240843488697268","0.11","1","Skewness",1,1,60,"daily","Anthrax","United States of America","No",1
"6","0.240843488697268","0.11","1","Kurtosis",1,1,60,"daily","Anthrax","United States of America","No",1
"7","0.460023806453512","0.03","1","CV",1,1,60,"daily","Anthrax","United States of America","No",1
"8","-0.254753327138683","0.31","-1","first_differenced_variance",1,1,60,"daily","Anthrax","United States of America","No",1
"9","-0.345253440039706","0.24","-1","Autocovariance",1,1,60,"daily","Anthrax","United States of America","No",1
"10","-0.220454621929245","0.37","-1","index_of_dispersion",1,1,60,"daily","Anthrax","United States of America","No",1
"11","0.40846089048556","0.03","1","density_ratio",1,1,60,"daily","Anthrax","United States of America","No",1
"12","-0.0735930735930736","0.36","-1","Max_eigen",1,1,60,"daily","Anthrax","United States of America","No",1
"13","0.131439570919268","0.13","1","relative_dispersions",1,1,60,"daily","Anthrax","United States of America","No",1
"14","0.329268292682927","0","1","Hurst_exponents",1,1,60,"daily","Anthrax","United States of America","No",1
"15","-0.270056497175141","0.03","-1","time_series_acceleration",1,1,60,"daily","Anthrax","United States of America","No",1
"16","-0.0475900027565595","0.44","-1","Slopes",1,1,60,"daily","Anthrax","United States of America","No",1
"17","-0.378491487322742","0.01","-1","no_outliers",1,1,60,"daily","Anthrax","United States of America","No",1
"18","-0.0392483943237956","0.44","-1","Step_changes",1,1,60,"daily","Anthrax","United States of America","No",1
"19","-0.101379978930712","0.35","-1","N_peaks",1,1,60,"daily","Anthrax","United States of America","No",1
"20","0.316716178655144","0","1","Turning_Points",1,1,60,"daily","Anthrax","United States of America","No",1
"21","-0.310354175342552","0.26","-1","FFT_AMP",1,1,60,"daily","Anthrax","United States of America","No",1
"22","-0.296303825212899","0.19","-1","poincare_variabilitys",1,1,60,"daily","Anthrax","United States of America","No",1
"23","0.421463615211762","0.02","1","AR1",1,1,35,"monthly","Anthrax","Rajshahi, Bangladesh","No",1
"24","-0.379777262656375","0.21","-1","AR2",1,1,35,"monthly","Anthrax","Rajshahi, Bangladesh","No",1
"25","0.366666666666667","0.11","1","AR3",1,1,35,"monthly","Anthrax","Rajshahi, Bangladesh","No",1
"26","-0.661518584475778","0","-1","SD",1,1,35,"monthly","Anthrax","Rajshahi, Bangladesh","No",1
"27","-0.661518584475778","0","-1","Skewness",1,1,35,"monthly","Anthrax","Rajshahi, Bangladesh","No",1
"28","-0.661518584475778","0","-1","Kurtosis",1,1,35,"monthly","Anthrax","Rajshahi, Bangladesh","No",1
"29","-0.661518584475778","0","-1","CV",1,1,35,"monthly","Anthrax","Rajshahi, Bangladesh","No",1
"30","-0.571317345064833","0.02","-1","first_differenced_variance",1,1,35,"monthly","Anthrax","Rajshahi, Bangladesh","No",1
"31","-0.627512493759735","0","-1","Autocovariance",1,1,35,"monthly","Anthrax","Rajshahi, Bangladesh","No",1
"32","-0.516811394121702","0.04","-1","index_of_dispersion",1,1,35,"monthly","Anthrax","Rajshahi, Bangladesh","No",1
"33","-0.432427762141152","0.16","-1","density_ratio",1,1,35,"monthly","Anthrax","Rajshahi, Bangladesh","No",1
"34","-0.0666666666666667","0.45","-1","Max_eigen",1,1,35,"monthly","Anthrax","Rajshahi, Bangladesh","No",1
"35","0.321114431495188","0.04","1","relative_dispersions",1,1,35,"monthly","Anthrax","Rajshahi, Bangladesh","No",1
"36","0.45","0.02","1","Hurst_exponents",1,1,35,"monthly","Anthrax","Rajshahi, Bangladesh","No",1
"37","-0.0196078431372549","0.52","-1","time_series_acceleration",1,1,35,"monthly","Anthrax","Rajshahi, Bangladesh","No",1
"38","0.1","0.44","1","Slopes",1,1,35,"monthly","Anthrax","Rajshahi, Bangladesh","No",1
"39","-0.338929812382326","0.16","-1","no_outliers",1,1,35,"monthly","Anthrax","Rajshahi, Bangladesh","No",1
"40","0.0690065559342354","0.35","1","Step_changes",1,1,35,"monthly","Anthrax","Rajshahi, Bangladesh","No",1
"41","0.0721074938001538","0.19","1","N_peaks",1,1,35,"monthly","Anthrax","Rajshahi, Bangladesh","No",1
"42","0.338648105978078","0.09","1","Turning_Points",1,1,35,"monthly","Anthrax","Rajshahi, Bangladesh","No",1
"43","-0.646244209991369","0","-1","FFT_AMP",1,1,35,"monthly","Anthrax","Rajshahi, Bangladesh","No",1
"44","-0.48475977965908","0.02","-1","poincare_variabilitys",1,1,35,"monthly","Anthrax","Rajshahi, Bangladesh","No",1
"45","-0.540322580645161","0.04","-1","AR1",1,1,51,"weekly","Anthrax","Georgia","No",1
"46","0.278225806451613","0.32","1","AR2",1,1,51,"weekly","Anthrax","Georgia","No",1
"47","-0.669354838709677","0","-1","AR3",1,1,51,"weekly","Anthrax","Georgia","No",1
"48","-0.282828859971735","0.09","-1","SD",1,1,51,"weekly","Anthrax","Georgia","No",1
"49","-0.133333605415246","0.41","-1","Skewness",1,1,51,"weekly","Anthrax","Georgia","No",1
"50","-0.133333605415246","0.41","-1","Kurtosis",1,1,51,"weekly","Anthrax","Georgia","No",1
"51","-0.363637105677944","0.26","-1","CV",1,1,51,"weekly","Anthrax","Georgia","No",1
"52","0.759888169981868","0","1","first_differenced_variance",1,1,51,"weekly","Anthrax","Georgia","No",1
"53","-0.520161290322581","0.08","-1","Autocovariance",1,1,51,"weekly","Anthrax","Georgia","No",1
"54","-0.250505561689251","0.3","-1","index_of_dispersion",1,1,51,"weekly","Anthrax","Georgia","No",1
"55","0.189516129032258","0.33","1","density_ratio",1,1,51,"weekly","Anthrax","Georgia","No",1
"56","-0.201612903225806","0.13","-1","Max_eigen",1,1,51,"weekly","Anthrax","Georgia","No",1
"57","-0.657258064516129","0","-1","relative_dispersions",1,1,51,"weekly","Anthrax","Georgia","No",1
"58","-0.221774193548387","0.19","-1","Hurst_exponents",1,1,51,"weekly","Anthrax","Georgia","No",1
"59","-0.00544464609800363","0.48","-1","time_series_acceleration",1,1,51,"weekly","Anthrax","Georgia","No",1
"60","-0.725806451612903","0","-1","Slopes",1,1,51,"weekly","Anthrax","Georgia","No",1
"61","-0.0645446061428468","0.49","-1","no_outliers",1,1,51,"weekly","Anthrax","Georgia","No",1
"62","-0.313965457902235","0.01","-1","Step_changes",1,1,51,"weekly","Anthrax","Georgia","No",1
"63","0.566515615973148","0.01","1","N_peaks",1,1,51,"weekly","Anthrax","Georgia","No",1
"64","0.029748984767207","0.48","1","Turning_Points",1,1,51,"weekly","Anthrax","Georgia","No",1
"65","0.755835433075298","0","1","FFT_AMP",1,1,51,"weekly","Anthrax","Georgia","No",1
"66","0.127638538911414","0.09","1","poincare_variabilitys",1,1,51,"weekly","Anthrax","Georgia","No",1
"67","0.869054461592048","0","1","AR1",1,1,42,"2","Anthrax","Midlands, Zimbabwe","No",1
"68","-0.288537549407115","0.25","-1","AR2",1,1,42,"2","Anthrax","Midlands, Zimbabwe","No",1
"69","-0.652173913043478","0","-1","AR3",1,1,42,"2","Anthrax","Midlands, Zimbabwe","No",1
"70","0.76716726720762","0","1","SD",1,1,42,"2","Anthrax","Midlands, Zimbabwe","No",1
"71","-0.381575342328398","0.1","-1","Skewness",1,1,42,"2","Anthrax","Midlands, Zimbabwe","No",1
"72","-0.381575342328398","0.1","-1","Kurtosis",1,1,42,"2","Anthrax","Midlands, Zimbabwe","No",1
"73","0.277144196006941","0.21","1","CV",1,1,42,"2","Anthrax","Midlands, Zimbabwe","No",1
"74","-0.901556283468778","0","-1","first_differenced_variance",1,1,42,"2","Anthrax","Midlands, Zimbabwe","No",1
"75","0.853181320741052","0","1","Autocovariance",1,1,42,"2","Anthrax","Midlands, Zimbabwe","No",1
"76","0.751100937004319","0","1","index_of_dispersion",1,1,42,"2","Anthrax","Midlands, Zimbabwe","No",1
"77","-0.443565226086974","0.05","-1","density_ratio",1,1,42,"2","Anthrax","Midlands, Zimbabwe","No",1
"78","0.0118577075098814","0.49","1","Max_eigen",1,1,42,"2","Anthrax","Midlands, Zimbabwe","No",1
"79","0.870302823718611","0","1","relative_dispersions",1,1,42,"2","Anthrax","Midlands, Zimbabwe","No",1
"80","-0.660079051383399","0.01","-1","Hurst_exponents",1,1,42,"2","Anthrax","Midlands, Zimbabwe","No",1
"81","-0.0930232558139535","0.04","-1","time_series_acceleration",1,1,42,"2","Anthrax","Midlands, Zimbabwe","No",1
"82","0.296442687747036","0.31","1","Slopes",1,1,42,"2","Anthrax","Midlands, Zimbabwe","No",1
"83","-0.575794752601717","0","-1","no_outliers",1,1,42,"2","Anthrax","Midlands, Zimbabwe","No",1
"84","0.0486984753557674","0.45","1","Step_changes",1,1,42,"2","Anthrax","Midlands, Zimbabwe","No",1
"85","-0.645498779219034","0","-1","N_peaks",1,1,42,"2","Anthrax","Midlands, Zimbabwe","No",1
"86","0.197594714173031","0.33","1","Turning_Points",1,1,42,"2","Anthrax","Midlands, Zimbabwe","No",1
"87","-0.516037156012897","0.03","-1","FFT_AMP",1,1,42,"2","Anthrax","Midlands, Zimbabwe","No",1
"88","0.0631691982603937","0.43","1","poincare_variabilitys",1,1,42,"2","Anthrax","Midlands, Zimbabwe","No",1
"89","-0.583333333333333","0.08","-1","AR1",1,1,35,"weekly","Anthrax","Glasgow, United Kingdom","No",1
"90","-0.183333333333333","0.19","-1","AR2",1,1,35,"weekly","Anthrax","Glasgow, United Kingdom","No",1
"91","-0.6","0.01","-1","AR3",1,1,35,"weekly","Anthrax","Glasgow, United Kingdom","No",1
"92","-0.883333333333333","0","-1","SD",1,1,35,"weekly","Anthrax","Glasgow, United Kingdom","No",1
"93","-0.0666666666666667","0.37","-1","Skewness",1,1,35,"weekly","Anthrax","Glasgow, United Kingdom","No",1
"94","-0.0666666666666667","0.37","-1","Kurtosis",1,1,35,"weekly","Anthrax","Glasgow, United Kingdom","No",1
"95","0.916666666666667","0","1","CV",1,1,35,"weekly","Anthrax","Glasgow, United Kingdom","No",1
"96","-0.655485329316494","0","-1","first_differenced_variance",1,1,35,"weekly","Anthrax","Glasgow, United Kingdom","No",1
"97","-0.883333333333333","0","-1","Autocovariance",1,1,35,"weekly","Anthrax","Glasgow, United Kingdom","No",1
"98","-0.75","0","-1","index_of_dispersion",1,1,35,"weekly","Anthrax","Glasgow, United Kingdom","No",1
"99","0.55","0","1","density_ratio",1,1,35,"weekly","Anthrax","Glasgow, United Kingdom","No",1
"100","0.233333333333333","0.23","1","Max_eigen",1,1,35,"weekly","Anthrax","Glasgow, United Kingdom","No",1
"101","-0.6","0.05","-1","relative_dispersions",1,1,35,"weekly","Anthrax","Glasgow, United Kingdom","No",1
"102","0.466666666666667","0.01","1","Hurst_exponents",1,1,35,"weekly","Anthrax","Glasgow, United Kingdom","No",1
"103","0.213709677419355","0.06","1","time_series_acceleration",1,1,35,"weekly","Anthrax","Glasgow, United Kingdom","No",1
"104","0.816666666666667","0","1","Slopes",1,1,35,"weekly","Anthrax","Glasgow, United Kingdom","No",1
"105","-0.570087712549569","0.01","-1","no_outliers",1,1,35,"weekly","Anthrax","Glasgow, United Kingdom","No",1
"106",NA,NA,NA,"Step_changes",1,1,35,"weekly","Anthrax","Glasgow, United Kingdom","No",1
"107","0.0877709242534929","0.39","1","N_peaks",1,1,35,"weekly","Anthrax","Glasgow, United Kingdom","No",1
"108","0.648319637262304","0","1","Turning_Points",1,1,35,"weekly","Anthrax","Glasgow, United Kingdom","No",1
"109","-0.728039845617479","0","-1","FFT_AMP",1,1,35,"weekly","Anthrax","Glasgow, United Kingdom","No",1
"110","-0.468687825096017","0","-1","poincare_variabilitys",1,1,35,"weekly","Anthrax","Glasgow, United Kingdom","No",1
"111","-0.638095238095238","0","-1","AR1",1,1,34,"daily","Anthrax","West Bengal, India","No",1
"112","-0.390476190476191","0.11","-1","AR2",1,1,34,"daily","Anthrax","West Bengal, India","No",1
"113","0.0666666666666667","0.42","1","AR3",1,1,34,"daily","Anthrax","West Bengal, India","No",1
"114","-0.861253877644822","0","-1","SD",1,1,34,"daily","Anthrax","West Bengal, India","No",1
"115","-0.516752326586893","0.08","-1","Skewness",1,1,34,"daily","Anthrax","West Bengal, India","No",1
"116","-0.516752326586893","0.08","-1","Kurtosis",1,1,34,"daily","Anthrax","West Bengal, India","No",1
"117","-0.765559002350953","0","-1","CV",1,1,34,"daily","Anthrax","West Bengal, India","No",1
"118","-0.708871512554075","0","-1","first_differenced_variance",1,1,34,"daily","Anthrax","West Bengal, India","No",1
"119","-0.80952380952381","0","-1","Autocovariance",1,1,34,"daily","Anthrax","West Bengal, India","No",1
"120","-0.803836952468501","0","-1","index_of_dispersion",1,1,34,"daily","Anthrax","West Bengal, India","No",1
"121","-0.428571428571429","0.1","-1","density_ratio",1,1,34,"daily","Anthrax","West Bengal, India","No",1
"122","0.0285714285714286","0.44","1","Max_eigen",1,1,34,"daily","Anthrax","West Bengal, India","No",1
"123","-0.657142857142857","0","-1","relative_dispersions",1,1,34,"daily","Anthrax","West Bengal, India","No",1
"124","0.371428571428571","0.09","1","Hurst_exponents",1,1,34,"daily","Anthrax","West Bengal, India","No",1
"125","-0.12183908045977","0.2","-1","time_series_acceleration",1,1,34,"daily","Anthrax","West Bengal, India","No",1
"126","0.466666666666667","0.08","1","Slopes",1,1,34,"daily","Anthrax","West Bengal, India","No",1
"127","-0.792824967172092","0","-1","no_outliers",1,1,34,"daily","Anthrax","West Bengal, India","No",1
"128",NA,NA,NA,"Step_changes",1,1,34,"daily","Anthrax","West Bengal, India","No",1
"129","0.195907097095686","0.18","1","N_peaks",1,1,34,"daily","Anthrax","West Bengal, India","No",1
"130","0.332900151430592","0.19","1","Turning_Points",1,1,34,"daily","Anthrax","West Bengal, India","No",1
"131","-0.753702346348183","0","-1","FFT_AMP",1,1,34,"daily","Anthrax","West Bengal, India","No",1
"132","-0.468827172043935","0.03","-1","poincare_variabilitys",1,1,34,"daily","Anthrax","West Bengal, India","No",1
