"","V1","V2","V3","V4","V5"
"1","Anthrax","United States of America","No","1","daily"
"2","Anthrax","Rajshahi, Bangladesh","No","1","monthly"
"3","Anthrax","Muchinga, Zambia","Yes","0","daily"
"4","Anthrax","Georgia","No","1","weekly"
"5","Anthrax","Andhra Pradesh, India","No","0","daily"
"6","Anthrax","Midlands, Zimbabwe","No","1","2"
"7","Anthrax","Glasgow, United Kingdom","No","1","weekly"
"8","Anthrax","Jiangsu, China","No","0","daily"
"9","Anthrax","Jharkhand, India","No","0","weekly"
"10","Anthrax","Shaanxi, China","No","0","daily"
"11","Anthrax","West Bengal, India","No","1","daily"
