"","end","start","value","id","disease","location","duration","url","name","full_name","admin_level_name","parent","centroid_lat_long","longitude","latitude","disease_name"
"102446886.131",2001-02-01,2001-01-31,3,102446886,"69","102446886","P1D","http://aido.bsvgateway.org/api/locations/102446886/","India","India","Country","http://aido.bsvgateway.org/api/locations/20359812/",22.8879524743579,79.615721549001,22.8879524743579,"Nipah"
"102446886.132",2001-02-02,2001-02-01,5,102446886,"69","102446886","P1D","http://aido.bsvgateway.org/api/locations/102446886/","India","India","Country","http://aido.bsvgateway.org/api/locations/20359812/",79.615721549001,79.615721549001,22.8879524743579,"Nipah"
"102446886.133",2001-02-03,2001-02-02,1,102446886,"69","102446886","P1D","http://aido.bsvgateway.org/api/locations/102446886/","India","India","Country","http://aido.bsvgateway.org/api/locations/20359812/",22.8879524743579,79.615721549001,22.8879524743579,"Nipah"
"102446886.134",2001-02-04,2001-02-03,1,102446886,"69","102446886","P1D","http://aido.bsvgateway.org/api/locations/102446886/","India","India","Country","http://aido.bsvgateway.org/api/locations/20359812/",79.615721549001,79.615721549001,22.8879524743579,"Nipah"
"102446886.135",2001-02-05,2001-02-04,1,102446886,"69","102446886","P1D","http://aido.bsvgateway.org/api/locations/102446886/","India","India","Country","http://aido.bsvgateway.org/api/locations/20359812/",22.8879524743579,79.615721549001,22.8879524743579,"Nipah"
"102446886.136",2001-02-06,2001-02-05,0,102446886,"69","102446886","P1D","http://aido.bsvgateway.org/api/locations/102446886/","India","India","Country","http://aido.bsvgateway.org/api/locations/20359812/",79.615721549001,79.615721549001,22.8879524743579,"Nipah"
"102446886.137",2001-02-07,2001-02-06,0,102446886,"69","102446886","P1D","http://aido.bsvgateway.org/api/locations/102446886/","India","India","Country","http://aido.bsvgateway.org/api/locations/20359812/",22.8879524743579,79.615721549001,22.8879524743579,"Nipah"
"102446886.138",2001-02-08,2001-02-07,0,102446886,"69","102446886","P1D","http://aido.bsvgateway.org/api/locations/102446886/","India","India","Country","http://aido.bsvgateway.org/api/locations/20359812/",79.615721549001,79.615721549001,22.8879524743579,"Nipah"
"102446886.139",2001-02-09,2001-02-08,0,102446886,"69","102446886","P1D","http://aido.bsvgateway.org/api/locations/102446886/","India","India","Country","http://aido.bsvgateway.org/api/locations/20359812/",22.8879524743579,79.615721549001,22.8879524743579,"Nipah"
"102446886.140",2001-02-10,2001-02-09,0,102446886,"69","102446886","P1D","http://aido.bsvgateway.org/api/locations/102446886/","India","India","Country","http://aido.bsvgateway.org/api/locations/20359812/",79.615721549001,79.615721549001,22.8879524743579,"Nipah"
"102446886.141",2001-02-11,2001-02-10,1,102446886,"69","102446886","P1D","http://aido.bsvgateway.org/api/locations/102446886/","India","India","Country","http://aido.bsvgateway.org/api/locations/20359812/",22.8879524743579,79.615721549001,22.8879524743579,"Nipah"
"102446886.142",2001-02-12,2001-02-11,0,102446886,"69","102446886","P1D","http://aido.bsvgateway.org/api/locations/102446886/","India","India","Country","http://aido.bsvgateway.org/api/locations/20359812/",79.615721549001,79.615721549001,22.8879524743579,"Nipah"
"102446886.143",2001-02-13,2001-02-12,1,102446886,"69","102446886","P1D","http://aido.bsvgateway.org/api/locations/102446886/","India","India","Country","http://aido.bsvgateway.org/api/locations/20359812/",22.8879524743579,79.615721549001,22.8879524743579,"Nipah"
"102446886.144",2001-02-14,2001-02-13,0,102446886,"69","102446886","P1D","http://aido.bsvgateway.org/api/locations/102446886/","India","India","Country","http://aido.bsvgateway.org/api/locations/20359812/",79.615721549001,79.615721549001,22.8879524743579,"Nipah"
"102446886.145",2001-02-15,2001-02-14,8,102446886,"69","102446886","P1D","http://aido.bsvgateway.org/api/locations/102446886/","India","India","Country","http://aido.bsvgateway.org/api/locations/20359812/",22.8879524743579,79.615721549001,22.8879524743579,"Nipah"
"102446886.146",2001-02-16,2001-02-15,10,102446886,"69","102446886","P1D","http://aido.bsvgateway.org/api/locations/102446886/","India","India","Country","http://aido.bsvgateway.org/api/locations/20359812/",79.615721549001,79.615721549001,22.8879524743579,"Nipah"
"102446886.147",2001-02-17,2001-02-16,7,102446886,"69","102446886","P1D","http://aido.bsvgateway.org/api/locations/102446886/","India","India","Country","http://aido.bsvgateway.org/api/locations/20359812/",22.8879524743579,79.615721549001,22.8879524743579,"Nipah"
"102446886.148",2001-02-18,2001-02-17,4,102446886,"69","102446886","P1D","http://aido.bsvgateway.org/api/locations/102446886/","India","India","Country","http://aido.bsvgateway.org/api/locations/20359812/",79.615721549001,79.615721549001,22.8879524743579,"Nipah"
"102446886.149",2001-02-19,2001-02-18,5,102446886,"69","102446886","P1D","http://aido.bsvgateway.org/api/locations/102446886/","India","India","Country","http://aido.bsvgateway.org/api/locations/20359812/",22.8879524743579,79.615721549001,22.8879524743579,"Nipah"
"102446886.150",2001-02-20,2001-02-19,5,102446886,"69","102446886","P1D","http://aido.bsvgateway.org/api/locations/102446886/","India","India","Country","http://aido.bsvgateway.org/api/locations/20359812/",79.615721549001,79.615721549001,22.8879524743579,"Nipah"
"102446886.151",2001-02-21,2001-02-20,4,102446886,"69","102446886","P1D","http://aido.bsvgateway.org/api/locations/102446886/","India","India","Country","http://aido.bsvgateway.org/api/locations/20359812/",22.8879524743579,79.615721549001,22.8879524743579,"Nipah"
"102446886.152",2001-02-22,2001-02-21,2,102446886,"69","102446886","P1D","http://aido.bsvgateway.org/api/locations/102446886/","India","India","Country","http://aido.bsvgateway.org/api/locations/20359812/",79.615721549001,79.615721549001,22.8879524743579,"Nipah"
"102446886.153",2001-02-23,2001-02-22,0,102446886,"69","102446886","P1D","http://aido.bsvgateway.org/api/locations/102446886/","India","India","Country","http://aido.bsvgateway.org/api/locations/20359812/",22.8879524743579,79.615721549001,22.8879524743579,"Nipah"
"102446886.154",2001-02-24,2001-02-23,1,102446886,"69","102446886","P1D","http://aido.bsvgateway.org/api/locations/102446886/","India","India","Country","http://aido.bsvgateway.org/api/locations/20359812/",79.615721549001,79.615721549001,22.8879524743579,"Nipah"
"102446886.155",2007-04-21,2007-04-09,1,102446886,"69","102446886","P12D","http://aido.bsvgateway.org/api/locations/102446886/","India","India","Country","http://aido.bsvgateway.org/api/locations/20359812/",22.8879524743579,79.615721549001,22.8879524743579,"Nipah"
"102446886.156",2007-04-23,2007-04-21,2,102446886,"69","102446886","P12D","http://aido.bsvgateway.org/api/locations/102446886/","India","India","Country","http://aido.bsvgateway.org/api/locations/20359812/",79.615721549001,79.615721549001,22.8879524743579,"Nipah"
"102446886.157",2007-05-05,2007-04-23,2,102446886,"69","102446886","P12D","http://aido.bsvgateway.org/api/locations/102446886/","India","India","Country","http://aido.bsvgateway.org/api/locations/20359812/",22.8879524743579,79.615721549001,22.8879524743579,"Nipah"
"229582520.1",2004-02-20,2004-02-19,1,229582520,"69","229582520","P1D","http://aido.bsvgateway.org/api/locations/229582520/","Bangladesh","Bangladesh","Country","http://aido.bsvgateway.org/api/locations/20359812/",23.8456776713401,90.2419998721364,23.8456776713401,"Nipah"
"229582520.2",2004-02-21,2004-02-20,0,229582520,"69","229582520","P1D","http://aido.bsvgateway.org/api/locations/229582520/","Bangladesh","Bangladesh","Country","http://aido.bsvgateway.org/api/locations/20359812/",90.2419998721364,90.2419998721364,23.8456776713401,"Nipah"
"229582520.3",2004-02-22,2004-02-21,0,229582520,"69","229582520","P1D","http://aido.bsvgateway.org/api/locations/229582520/","Bangladesh","Bangladesh","Country","http://aido.bsvgateway.org/api/locations/20359812/",23.8456776713401,90.2419998721364,23.8456776713401,"Nipah"
"229582520.4",2004-02-23,2004-02-22,0,229582520,"69","229582520","P1D","http://aido.bsvgateway.org/api/locations/229582520/","Bangladesh","Bangladesh","Country","http://aido.bsvgateway.org/api/locations/20359812/",90.2419998721364,90.2419998721364,23.8456776713401,"Nipah"
"229582520.5",2004-02-24,2004-02-23,0,229582520,"69","229582520","P1D","http://aido.bsvgateway.org/api/locations/229582520/","Bangladesh","Bangladesh","Country","http://aido.bsvgateway.org/api/locations/20359812/",23.8456776713401,90.2419998721364,23.8456776713401,"Nipah"
"229582520.6",2004-02-25,2004-02-24,0,229582520,"69","229582520","P1D","http://aido.bsvgateway.org/api/locations/229582520/","Bangladesh","Bangladesh","Country","http://aido.bsvgateway.org/api/locations/20359812/",90.2419998721364,90.2419998721364,23.8456776713401,"Nipah"
"229582520.7",2004-02-26,2004-02-25,0,229582520,"69","229582520","P1D","http://aido.bsvgateway.org/api/locations/229582520/","Bangladesh","Bangladesh","Country","http://aido.bsvgateway.org/api/locations/20359812/",23.8456776713401,90.2419998721364,23.8456776713401,"Nipah"
"229582520.8",2004-02-27,2004-02-26,0,229582520,"69","229582520","P1D","http://aido.bsvgateway.org/api/locations/229582520/","Bangladesh","Bangladesh","Country","http://aido.bsvgateway.org/api/locations/20359812/",90.2419998721364,90.2419998721364,23.8456776713401,"Nipah"
"229582520.9",2004-02-28,2004-02-27,0,229582520,"69","229582520","P1D","http://aido.bsvgateway.org/api/locations/229582520/","Bangladesh","Bangladesh","Country","http://aido.bsvgateway.org/api/locations/20359812/",23.8456776713401,90.2419998721364,23.8456776713401,"Nipah"
"229582520.10",2004-02-29,2004-02-28,0,229582520,"69","229582520","P1D","http://aido.bsvgateway.org/api/locations/229582520/","Bangladesh","Bangladesh","Country","http://aido.bsvgateway.org/api/locations/20359812/",90.2419998721364,90.2419998721364,23.8456776713401,"Nipah"
"229582520.11",2004-03-01,2004-02-29,0,229582520,"69","229582520","P1D","http://aido.bsvgateway.org/api/locations/229582520/","Bangladesh","Bangladesh","Country","http://aido.bsvgateway.org/api/locations/20359812/",23.8456776713401,90.2419998721364,23.8456776713401,"Nipah"
"229582520.12",2004-03-02,2004-03-01,0,229582520,"69","229582520","P1D","http://aido.bsvgateway.org/api/locations/229582520/","Bangladesh","Bangladesh","Country","http://aido.bsvgateway.org/api/locations/20359812/",90.2419998721364,90.2419998721364,23.8456776713401,"Nipah"
"229582520.13",2004-03-03,2004-03-02,0,229582520,"69","229582520","P1D","http://aido.bsvgateway.org/api/locations/229582520/","Bangladesh","Bangladesh","Country","http://aido.bsvgateway.org/api/locations/20359812/",23.8456776713401,90.2419998721364,23.8456776713401,"Nipah"
"229582520.14",2004-03-04,2004-03-03,0,229582520,"69","229582520","P1D","http://aido.bsvgateway.org/api/locations/229582520/","Bangladesh","Bangladesh","Country","http://aido.bsvgateway.org/api/locations/20359812/",90.2419998721364,90.2419998721364,23.8456776713401,"Nipah"
"229582520.15",2004-03-05,2004-03-04,1,229582520,"69","229582520","P1D","http://aido.bsvgateway.org/api/locations/229582520/","Bangladesh","Bangladesh","Country","http://aido.bsvgateway.org/api/locations/20359812/",23.8456776713401,90.2419998721364,23.8456776713401,"Nipah"
"229582520.16",2004-03-06,2004-03-05,0,229582520,"69","229582520","P1D","http://aido.bsvgateway.org/api/locations/229582520/","Bangladesh","Bangladesh","Country","http://aido.bsvgateway.org/api/locations/20359812/",90.2419998721364,90.2419998721364,23.8456776713401,"Nipah"
"229582520.17",2004-03-07,2004-03-06,1,229582520,"69","229582520","P1D","http://aido.bsvgateway.org/api/locations/229582520/","Bangladesh","Bangladesh","Country","http://aido.bsvgateway.org/api/locations/20359812/",23.8456776713401,90.2419998721364,23.8456776713401,"Nipah"
"229582520.18",2004-03-08,2004-03-07,0,229582520,"69","229582520","P1D","http://aido.bsvgateway.org/api/locations/229582520/","Bangladesh","Bangladesh","Country","http://aido.bsvgateway.org/api/locations/20359812/",90.2419998721364,90.2419998721364,23.8456776713401,"Nipah"
"229582520.19",2004-03-09,2004-03-08,0,229582520,"69","229582520","P1D","http://aido.bsvgateway.org/api/locations/229582520/","Bangladesh","Bangladesh","Country","http://aido.bsvgateway.org/api/locations/20359812/",23.8456776713401,90.2419998721364,23.8456776713401,"Nipah"
"229582520.20",2004-03-10,2004-03-09,0,229582520,"69","229582520","P1D","http://aido.bsvgateway.org/api/locations/229582520/","Bangladesh","Bangladesh","Country","http://aido.bsvgateway.org/api/locations/20359812/",90.2419998721364,90.2419998721364,23.8456776713401,"Nipah"
"229582520.21",2004-03-11,2004-03-10,1,229582520,"69","229582520","P1D","http://aido.bsvgateway.org/api/locations/229582520/","Bangladesh","Bangladesh","Country","http://aido.bsvgateway.org/api/locations/20359812/",23.8456776713401,90.2419998721364,23.8456776713401,"Nipah"
"229582520.22",2004-03-12,2004-03-11,0,229582520,"69","229582520","P1D","http://aido.bsvgateway.org/api/locations/229582520/","Bangladesh","Bangladesh","Country","http://aido.bsvgateway.org/api/locations/20359812/",90.2419998721364,90.2419998721364,23.8456776713401,"Nipah"
"229582520.23",2004-03-13,2004-03-12,0,229582520,"69","229582520","P1D","http://aido.bsvgateway.org/api/locations/229582520/","Bangladesh","Bangladesh","Country","http://aido.bsvgateway.org/api/locations/20359812/",23.8456776713401,90.2419998721364,23.8456776713401,"Nipah"
"229582520.24",2004-03-14,2004-03-13,0,229582520,"69","229582520","P1D","http://aido.bsvgateway.org/api/locations/229582520/","Bangladesh","Bangladesh","Country","http://aido.bsvgateway.org/api/locations/20359812/",90.2419998721364,90.2419998721364,23.8456776713401,"Nipah"
"229582520.25",2004-03-15,2004-03-14,0,229582520,"69","229582520","P1D","http://aido.bsvgateway.org/api/locations/229582520/","Bangladesh","Bangladesh","Country","http://aido.bsvgateway.org/api/locations/20359812/",23.8456776713401,90.2419998721364,23.8456776713401,"Nipah"
"229582520.26",2004-03-16,2004-03-15,0,229582520,"69","229582520","P1D","http://aido.bsvgateway.org/api/locations/229582520/","Bangladesh","Bangladesh","Country","http://aido.bsvgateway.org/api/locations/20359812/",90.2419998721364,90.2419998721364,23.8456776713401,"Nipah"
"229582520.27",2004-03-17,2004-03-16,0,229582520,"69","229582520","P1D","http://aido.bsvgateway.org/api/locations/229582520/","Bangladesh","Bangladesh","Country","http://aido.bsvgateway.org/api/locations/20359812/",23.8456776713401,90.2419998721364,23.8456776713401,"Nipah"
"229582520.28",2004-03-18,2004-03-17,1,229582520,"69","229582520","P1D","http://aido.bsvgateway.org/api/locations/229582520/","Bangladesh","Bangladesh","Country","http://aido.bsvgateway.org/api/locations/20359812/",90.2419998721364,90.2419998721364,23.8456776713401,"Nipah"
"229582520.29",2004-03-19,2004-03-18,0,229582520,"69","229582520","P1D","http://aido.bsvgateway.org/api/locations/229582520/","Bangladesh","Bangladesh","Country","http://aido.bsvgateway.org/api/locations/20359812/",23.8456776713401,90.2419998721364,23.8456776713401,"Nipah"
"229582520.30",2004-03-20,2004-03-19,1,229582520,"69","229582520","P1D","http://aido.bsvgateway.org/api/locations/229582520/","Bangladesh","Bangladesh","Country","http://aido.bsvgateway.org/api/locations/20359812/",90.2419998721364,90.2419998721364,23.8456776713401,"Nipah"
"229582520.31",2004-03-21,2004-03-20,0,229582520,"69","229582520","P1D","http://aido.bsvgateway.org/api/locations/229582520/","Bangladesh","Bangladesh","Country","http://aido.bsvgateway.org/api/locations/20359812/",23.8456776713401,90.2419998721364,23.8456776713401,"Nipah"
"229582520.32",2004-03-22,2004-03-21,0,229582520,"69","229582520","P1D","http://aido.bsvgateway.org/api/locations/229582520/","Bangladesh","Bangladesh","Country","http://aido.bsvgateway.org/api/locations/20359812/",90.2419998721364,90.2419998721364,23.8456776713401,"Nipah"
"229582520.33",2004-03-23,2004-03-22,0,229582520,"69","229582520","P1D","http://aido.bsvgateway.org/api/locations/229582520/","Bangladesh","Bangladesh","Country","http://aido.bsvgateway.org/api/locations/20359812/",23.8456776713401,90.2419998721364,23.8456776713401,"Nipah"
"229582520.34",2004-03-24,2004-03-23,0,229582520,"69","229582520","P1D","http://aido.bsvgateway.org/api/locations/229582520/","Bangladesh","Bangladesh","Country","http://aido.bsvgateway.org/api/locations/20359812/",90.2419998721364,90.2419998721364,23.8456776713401,"Nipah"
"229582520.35",2004-03-25,2004-03-24,0,229582520,"69","229582520","P1D","http://aido.bsvgateway.org/api/locations/229582520/","Bangladesh","Bangladesh","Country","http://aido.bsvgateway.org/api/locations/20359812/",23.8456776713401,90.2419998721364,23.8456776713401,"Nipah"
"229582520.36",2004-03-26,2004-03-25,2,229582520,"69","229582520","P1D","http://aido.bsvgateway.org/api/locations/229582520/","Bangladesh","Bangladesh","Country","http://aido.bsvgateway.org/api/locations/20359812/",90.2419998721364,90.2419998721364,23.8456776713401,"Nipah"
"229582520.37",2004-03-27,2004-03-26,2,229582520,"69","229582520","P1D","http://aido.bsvgateway.org/api/locations/229582520/","Bangladesh","Bangladesh","Country","http://aido.bsvgateway.org/api/locations/20359812/",23.8456776713401,90.2419998721364,23.8456776713401,"Nipah"
"229582520.38",2004-03-28,2004-03-27,0,229582520,"69","229582520","P1D","http://aido.bsvgateway.org/api/locations/229582520/","Bangladesh","Bangladesh","Country","http://aido.bsvgateway.org/api/locations/20359812/",90.2419998721364,90.2419998721364,23.8456776713401,"Nipah"
"229582520.39",2004-03-29,2004-03-28,0,229582520,"69","229582520","P1D","http://aido.bsvgateway.org/api/locations/229582520/","Bangladesh","Bangladesh","Country","http://aido.bsvgateway.org/api/locations/20359812/",23.8456776713401,90.2419998721364,23.8456776713401,"Nipah"
"229582520.40",2004-03-30,2004-03-29,1,229582520,"69","229582520","P1D","http://aido.bsvgateway.org/api/locations/229582520/","Bangladesh","Bangladesh","Country","http://aido.bsvgateway.org/api/locations/20359812/",90.2419998721364,90.2419998721364,23.8456776713401,"Nipah"
"229582520.41",2004-03-31,2004-03-30,2,229582520,"69","229582520","P1D","http://aido.bsvgateway.org/api/locations/229582520/","Bangladesh","Bangladesh","Country","http://aido.bsvgateway.org/api/locations/20359812/",23.8456776713401,90.2419998721364,23.8456776713401,"Nipah"
"229582520.42",2004-04-01,2004-03-31,3,229582520,"69","229582520","P1D","http://aido.bsvgateway.org/api/locations/229582520/","Bangladesh","Bangladesh","Country","http://aido.bsvgateway.org/api/locations/20359812/",90.2419998721364,90.2419998721364,23.8456776713401,"Nipah"
"229582520.43",2004-04-02,2004-04-01,9,229582520,"69","229582520","P1D","http://aido.bsvgateway.org/api/locations/229582520/","Bangladesh","Bangladesh","Country","http://aido.bsvgateway.org/api/locations/20359812/",23.8456776713401,90.2419998721364,23.8456776713401,"Nipah"
"229582520.44",2004-04-03,2004-04-02,3,229582520,"69","229582520","P1D","http://aido.bsvgateway.org/api/locations/229582520/","Bangladesh","Bangladesh","Country","http://aido.bsvgateway.org/api/locations/20359812/",90.2419998721364,90.2419998721364,23.8456776713401,"Nipah"
"229582520.45",2004-04-04,2004-04-03,0,229582520,"69","229582520","P1D","http://aido.bsvgateway.org/api/locations/229582520/","Bangladesh","Bangladesh","Country","http://aido.bsvgateway.org/api/locations/20359812/",23.8456776713401,90.2419998721364,23.8456776713401,"Nipah"
"229582520.46",2004-04-05,2004-04-04,1,229582520,"69","229582520","P1D","http://aido.bsvgateway.org/api/locations/229582520/","Bangladesh","Bangladesh","Country","http://aido.bsvgateway.org/api/locations/20359812/",90.2419998721364,90.2419998721364,23.8456776713401,"Nipah"
"229582520.47",2004-04-06,2004-04-05,0,229582520,"69","229582520","P1D","http://aido.bsvgateway.org/api/locations/229582520/","Bangladesh","Bangladesh","Country","http://aido.bsvgateway.org/api/locations/20359812/",23.8456776713401,90.2419998721364,23.8456776713401,"Nipah"
"229582520.48",2004-04-07,2004-04-06,0,229582520,"69","229582520","P1D","http://aido.bsvgateway.org/api/locations/229582520/","Bangladesh","Bangladesh","Country","http://aido.bsvgateway.org/api/locations/20359812/",90.2419998721364,90.2419998721364,23.8456776713401,"Nipah"
"229582520.49",2004-04-08,2004-04-07,0,229582520,"69","229582520","P1D","http://aido.bsvgateway.org/api/locations/229582520/","Bangladesh","Bangladesh","Country","http://aido.bsvgateway.org/api/locations/20359812/",23.8456776713401,90.2419998721364,23.8456776713401,"Nipah"
"229582520.50",2004-04-09,2004-04-08,0,229582520,"69","229582520","P1D","http://aido.bsvgateway.org/api/locations/229582520/","Bangladesh","Bangladesh","Country","http://aido.bsvgateway.org/api/locations/20359812/",90.2419998721364,90.2419998721364,23.8456776713401,"Nipah"
"229582520.51",2004-04-10,2004-04-09,0,229582520,"69","229582520","P1D","http://aido.bsvgateway.org/api/locations/229582520/","Bangladesh","Bangladesh","Country","http://aido.bsvgateway.org/api/locations/20359812/",23.8456776713401,90.2419998721364,23.8456776713401,"Nipah"
"229582520.52",2004-04-11,2004-04-10,0,229582520,"69","229582520","P1D","http://aido.bsvgateway.org/api/locations/229582520/","Bangladesh","Bangladesh","Country","http://aido.bsvgateway.org/api/locations/20359812/",90.2419998721364,90.2419998721364,23.8456776713401,"Nipah"
"229582520.53",2004-04-12,2004-04-11,0,229582520,"69","229582520","P1D","http://aido.bsvgateway.org/api/locations/229582520/","Bangladesh","Bangladesh","Country","http://aido.bsvgateway.org/api/locations/20359812/",23.8456776713401,90.2419998721364,23.8456776713401,"Nipah"
"229582520.54",2004-04-13,2004-04-12,2,229582520,"69","229582520","P1D","http://aido.bsvgateway.org/api/locations/229582520/","Bangladesh","Bangladesh","Country","http://aido.bsvgateway.org/api/locations/20359812/",90.2419998721364,90.2419998721364,23.8456776713401,"Nipah"
"229582520.55",2004-04-14,2004-04-13,2,229582520,"69","229582520","P1D","http://aido.bsvgateway.org/api/locations/229582520/","Bangladesh","Bangladesh","Country","http://aido.bsvgateway.org/api/locations/20359812/",23.8456776713401,90.2419998721364,23.8456776713401,"Nipah"
"229582520.56",2004-04-15,2004-04-14,1,229582520,"69","229582520","P1D","http://aido.bsvgateway.org/api/locations/229582520/","Bangladesh","Bangladesh","Country","http://aido.bsvgateway.org/api/locations/20359812/",90.2419998721364,90.2419998721364,23.8456776713401,"Nipah"
"229582520.57",2004-04-16,2004-04-15,1,229582520,"69","229582520","P1D","http://aido.bsvgateway.org/api/locations/229582520/","Bangladesh","Bangladesh","Country","http://aido.bsvgateway.org/api/locations/20359812/",23.8456776713401,90.2419998721364,23.8456776713401,"Nipah"
"229582520.58",2004-04-17,2004-04-16,1,229582520,"69","229582520","P1D","http://aido.bsvgateway.org/api/locations/229582520/","Bangladesh","Bangladesh","Country","http://aido.bsvgateway.org/api/locations/20359812/",90.2419998721364,90.2419998721364,23.8456776713401,"Nipah"
"229582520.59",2001-04-19,2001-04-18,0,229582520,"69","229582520","P1D","http://aido.bsvgateway.org/api/locations/229582520/","Bangladesh","Bangladesh","Country","http://aido.bsvgateway.org/api/locations/20359812/",23.8456776713401,90.2419998721364,23.8456776713401,"Nipah"
"229582520.60",2001-04-20,2001-04-19,0,229582520,"69","229582520","P1D","http://aido.bsvgateway.org/api/locations/229582520/","Bangladesh","Bangladesh","Country","http://aido.bsvgateway.org/api/locations/20359812/",90.2419998721364,90.2419998721364,23.8456776713401,"Nipah"
"229582520.61",2001-04-21,2001-04-20,1,229582520,"69","229582520","P1D","http://aido.bsvgateway.org/api/locations/229582520/","Bangladesh","Bangladesh","Country","http://aido.bsvgateway.org/api/locations/20359812/",23.8456776713401,90.2419998721364,23.8456776713401,"Nipah"
"229582520.62",2001-04-22,2001-04-21,0,229582520,"69","229582520","P1D","http://aido.bsvgateway.org/api/locations/229582520/","Bangladesh","Bangladesh","Country","http://aido.bsvgateway.org/api/locations/20359812/",90.2419998721364,90.2419998721364,23.8456776713401,"Nipah"
"229582520.63",2001-04-23,2001-04-22,0,229582520,"69","229582520","P1D","http://aido.bsvgateway.org/api/locations/229582520/","Bangladesh","Bangladesh","Country","http://aido.bsvgateway.org/api/locations/20359812/",23.8456776713401,90.2419998721364,23.8456776713401,"Nipah"
"229582520.64",2001-04-24,2001-04-23,0,229582520,"69","229582520","P1D","http://aido.bsvgateway.org/api/locations/229582520/","Bangladesh","Bangladesh","Country","http://aido.bsvgateway.org/api/locations/20359812/",90.2419998721364,90.2419998721364,23.8456776713401,"Nipah"
"229582520.65",2001-04-25,2001-04-24,0,229582520,"69","229582520","P1D","http://aido.bsvgateway.org/api/locations/229582520/","Bangladesh","Bangladesh","Country","http://aido.bsvgateway.org/api/locations/20359812/",23.8456776713401,90.2419998721364,23.8456776713401,"Nipah"
"229582520.66",2001-04-26,2001-04-25,0,229582520,"69","229582520","P1D","http://aido.bsvgateway.org/api/locations/229582520/","Bangladesh","Bangladesh","Country","http://aido.bsvgateway.org/api/locations/20359812/",90.2419998721364,90.2419998721364,23.8456776713401,"Nipah"
"229582520.67",2001-04-27,2001-04-26,0,229582520,"69","229582520","P1D","http://aido.bsvgateway.org/api/locations/229582520/","Bangladesh","Bangladesh","Country","http://aido.bsvgateway.org/api/locations/20359812/",23.8456776713401,90.2419998721364,23.8456776713401,"Nipah"
"229582520.68",2001-04-28,2001-04-27,0,229582520,"69","229582520","P1D","http://aido.bsvgateway.org/api/locations/229582520/","Bangladesh","Bangladesh","Country","http://aido.bsvgateway.org/api/locations/20359812/",90.2419998721364,90.2419998721364,23.8456776713401,"Nipah"
"229582520.69",2001-04-29,2001-04-28,0,229582520,"69","229582520","P1D","http://aido.bsvgateway.org/api/locations/229582520/","Bangladesh","Bangladesh","Country","http://aido.bsvgateway.org/api/locations/20359812/",23.8456776713401,90.2419998721364,23.8456776713401,"Nipah"
"229582520.70",2001-04-30,2001-04-29,0,229582520,"69","229582520","P1D","http://aido.bsvgateway.org/api/locations/229582520/","Bangladesh","Bangladesh","Country","http://aido.bsvgateway.org/api/locations/20359812/",90.2419998721364,90.2419998721364,23.8456776713401,"Nipah"
"229582520.71",2001-05-01,2001-04-30,2,229582520,"69","229582520","P1D","http://aido.bsvgateway.org/api/locations/229582520/","Bangladesh","Bangladesh","Country","http://aido.bsvgateway.org/api/locations/20359812/",23.8456776713401,90.2419998721364,23.8456776713401,"Nipah"
"229582520.72",2001-05-02,2001-05-01,1,229582520,"69","229582520","P1D","http://aido.bsvgateway.org/api/locations/229582520/","Bangladesh","Bangladesh","Country","http://aido.bsvgateway.org/api/locations/20359812/",90.2419998721364,90.2419998721364,23.8456776713401,"Nipah"
"229582520.73",2001-05-03,2001-05-02,0,229582520,"69","229582520","P1D","http://aido.bsvgateway.org/api/locations/229582520/","Bangladesh","Bangladesh","Country","http://aido.bsvgateway.org/api/locations/20359812/",23.8456776713401,90.2419998721364,23.8456776713401,"Nipah"
"229582520.74",2001-05-04,2001-05-03,3,229582520,"69","229582520","P1D","http://aido.bsvgateway.org/api/locations/229582520/","Bangladesh","Bangladesh","Country","http://aido.bsvgateway.org/api/locations/20359812/",90.2419998721364,90.2419998721364,23.8456776713401,"Nipah"
"229582520.75",2001-05-05,2001-05-04,2,229582520,"69","229582520","P1D","http://aido.bsvgateway.org/api/locations/229582520/","Bangladesh","Bangladesh","Country","http://aido.bsvgateway.org/api/locations/20359812/",23.8456776713401,90.2419998721364,23.8456776713401,"Nipah"
"229582520.76",2001-05-06,2001-05-05,1,229582520,"69","229582520","P1D","http://aido.bsvgateway.org/api/locations/229582520/","Bangladesh","Bangladesh","Country","http://aido.bsvgateway.org/api/locations/20359812/",90.2419998721364,90.2419998721364,23.8456776713401,"Nipah"
"229582520.77",2001-05-07,2001-05-06,1,229582520,"69","229582520","P1D","http://aido.bsvgateway.org/api/locations/229582520/","Bangladesh","Bangladesh","Country","http://aido.bsvgateway.org/api/locations/20359812/",23.8456776713401,90.2419998721364,23.8456776713401,"Nipah"
"229582520.78",2001-05-08,2001-05-07,0,229582520,"69","229582520","P1D","http://aido.bsvgateway.org/api/locations/229582520/","Bangladesh","Bangladesh","Country","http://aido.bsvgateway.org/api/locations/20359812/",90.2419998721364,90.2419998721364,23.8456776713401,"Nipah"
"229582520.79",2001-05-09,2001-05-08,1,229582520,"69","229582520","P1D","http://aido.bsvgateway.org/api/locations/229582520/","Bangladesh","Bangladesh","Country","http://aido.bsvgateway.org/api/locations/20359812/",23.8456776713401,90.2419998721364,23.8456776713401,"Nipah"
"229582520.80",2001-05-10,2001-05-09,0,229582520,"69","229582520","P1D","http://aido.bsvgateway.org/api/locations/229582520/","Bangladesh","Bangladesh","Country","http://aido.bsvgateway.org/api/locations/20359812/",90.2419998721364,90.2419998721364,23.8456776713401,"Nipah"
"229582520.81",2001-05-11,2001-05-10,0,229582520,"69","229582520","P1D","http://aido.bsvgateway.org/api/locations/229582520/","Bangladesh","Bangladesh","Country","http://aido.bsvgateway.org/api/locations/20359812/",23.8456776713401,90.2419998721364,23.8456776713401,"Nipah"
"229582520.82",2001-05-12,2001-05-11,0,229582520,"69","229582520","P1D","http://aido.bsvgateway.org/api/locations/229582520/","Bangladesh","Bangladesh","Country","http://aido.bsvgateway.org/api/locations/20359812/",90.2419998721364,90.2419998721364,23.8456776713401,"Nipah"
"229582520.83",2001-05-13,2001-05-12,0,229582520,"69","229582520","P1D","http://aido.bsvgateway.org/api/locations/229582520/","Bangladesh","Bangladesh","Country","http://aido.bsvgateway.org/api/locations/20359812/",23.8456776713401,90.2419998721364,23.8456776713401,"Nipah"
"229582520.84",2001-05-14,2001-05-13,0,229582520,"69","229582520","P1D","http://aido.bsvgateway.org/api/locations/229582520/","Bangladesh","Bangladesh","Country","http://aido.bsvgateway.org/api/locations/20359812/",90.2419998721364,90.2419998721364,23.8456776713401,"Nipah"
"229582520.85",2001-05-15,2001-05-14,0,229582520,"69","229582520","P1D","http://aido.bsvgateway.org/api/locations/229582520/","Bangladesh","Bangladesh","Country","http://aido.bsvgateway.org/api/locations/20359812/",23.8456776713401,90.2419998721364,23.8456776713401,"Nipah"
"229582520.86",2001-05-16,2001-05-15,0,229582520,"69","229582520","P1D","http://aido.bsvgateway.org/api/locations/229582520/","Bangladesh","Bangladesh","Country","http://aido.bsvgateway.org/api/locations/20359812/",90.2419998721364,90.2419998721364,23.8456776713401,"Nipah"
"229582520.87",2001-05-17,2001-05-16,0,229582520,"69","229582520","P1D","http://aido.bsvgateway.org/api/locations/229582520/","Bangladesh","Bangladesh","Country","http://aido.bsvgateway.org/api/locations/20359812/",23.8456776713401,90.2419998721364,23.8456776713401,"Nipah"
"229582520.88",2001-05-18,2001-05-17,0,229582520,"69","229582520","P1D","http://aido.bsvgateway.org/api/locations/229582520/","Bangladesh","Bangladesh","Country","http://aido.bsvgateway.org/api/locations/20359812/",90.2419998721364,90.2419998721364,23.8456776713401,"Nipah"
"229582520.89",2001-05-19,2001-05-18,0,229582520,"69","229582520","P1D","http://aido.bsvgateway.org/api/locations/229582520/","Bangladesh","Bangladesh","Country","http://aido.bsvgateway.org/api/locations/20359812/",23.8456776713401,90.2419998721364,23.8456776713401,"Nipah"
"229582520.90",2001-05-20,2001-05-19,0,229582520,"69","229582520","P1D","http://aido.bsvgateway.org/api/locations/229582520/","Bangladesh","Bangladesh","Country","http://aido.bsvgateway.org/api/locations/20359812/",90.2419998721364,90.2419998721364,23.8456776713401,"Nipah"
"229582520.91",2001-05-21,2001-05-20,1,229582520,"69","229582520","P1D","http://aido.bsvgateway.org/api/locations/229582520/","Bangladesh","Bangladesh","Country","http://aido.bsvgateway.org/api/locations/20359812/",23.8456776713401,90.2419998721364,23.8456776713401,"Nipah"
"229582520.92",2003-01-09,2003-01-08,0,229582520,"69","229582520","P1D","http://aido.bsvgateway.org/api/locations/229582520/","Bangladesh","Bangladesh","Country","http://aido.bsvgateway.org/api/locations/20359812/",90.2419998721364,90.2419998721364,23.8456776713401,"Nipah"
"229582520.93",2003-01-10,2003-01-09,0,229582520,"69","229582520","P1D","http://aido.bsvgateway.org/api/locations/229582520/","Bangladesh","Bangladesh","Country","http://aido.bsvgateway.org/api/locations/20359812/",23.8456776713401,90.2419998721364,23.8456776713401,"Nipah"
"229582520.94",2003-01-11,2003-01-10,0,229582520,"69","229582520","P1D","http://aido.bsvgateway.org/api/locations/229582520/","Bangladesh","Bangladesh","Country","http://aido.bsvgateway.org/api/locations/20359812/",90.2419998721364,90.2419998721364,23.8456776713401,"Nipah"
"229582520.95",2003-01-12,2003-01-11,1,229582520,"69","229582520","P1D","http://aido.bsvgateway.org/api/locations/229582520/","Bangladesh","Bangladesh","Country","http://aido.bsvgateway.org/api/locations/20359812/",23.8456776713401,90.2419998721364,23.8456776713401,"Nipah"
"229582520.96",2003-01-13,2003-01-12,0,229582520,"69","229582520","P1D","http://aido.bsvgateway.org/api/locations/229582520/","Bangladesh","Bangladesh","Country","http://aido.bsvgateway.org/api/locations/20359812/",90.2419998721364,90.2419998721364,23.8456776713401,"Nipah"
"229582520.97",2003-01-14,2003-01-13,1,229582520,"69","229582520","P1D","http://aido.bsvgateway.org/api/locations/229582520/","Bangladesh","Bangladesh","Country","http://aido.bsvgateway.org/api/locations/20359812/",23.8456776713401,90.2419998721364,23.8456776713401,"Nipah"
"229582520.98",2003-01-15,2003-01-14,1,229582520,"69","229582520","P1D","http://aido.bsvgateway.org/api/locations/229582520/","Bangladesh","Bangladesh","Country","http://aido.bsvgateway.org/api/locations/20359812/",90.2419998721364,90.2419998721364,23.8456776713401,"Nipah"
"229582520.99",2003-01-16,2003-01-15,2,229582520,"69","229582520","P1D","http://aido.bsvgateway.org/api/locations/229582520/","Bangladesh","Bangladesh","Country","http://aido.bsvgateway.org/api/locations/20359812/",23.8456776713401,90.2419998721364,23.8456776713401,"Nipah"
"229582520.100",2003-01-17,2003-01-16,2,229582520,"69","229582520","P1D","http://aido.bsvgateway.org/api/locations/229582520/","Bangladesh","Bangladesh","Country","http://aido.bsvgateway.org/api/locations/20359812/",90.2419998721364,90.2419998721364,23.8456776713401,"Nipah"
"229582520.101",2003-01-18,2003-01-17,1,229582520,"69","229582520","P1D","http://aido.bsvgateway.org/api/locations/229582520/","Bangladesh","Bangladesh","Country","http://aido.bsvgateway.org/api/locations/20359812/",23.8456776713401,90.2419998721364,23.8456776713401,"Nipah"
"229582520.102",2003-01-19,2003-01-18,0,229582520,"69","229582520","P1D","http://aido.bsvgateway.org/api/locations/229582520/","Bangladesh","Bangladesh","Country","http://aido.bsvgateway.org/api/locations/20359812/",90.2419998721364,90.2419998721364,23.8456776713401,"Nipah"
"229582520.103",2003-01-20,2003-01-19,0,229582520,"69","229582520","P1D","http://aido.bsvgateway.org/api/locations/229582520/","Bangladesh","Bangladesh","Country","http://aido.bsvgateway.org/api/locations/20359812/",23.8456776713401,90.2419998721364,23.8456776713401,"Nipah"
"229582520.104",2003-01-21,2003-01-20,0,229582520,"69","229582520","P1D","http://aido.bsvgateway.org/api/locations/229582520/","Bangladesh","Bangladesh","Country","http://aido.bsvgateway.org/api/locations/20359812/",90.2419998721364,90.2419998721364,23.8456776713401,"Nipah"
"229582520.105",2003-01-22,2003-01-21,0,229582520,"69","229582520","P1D","http://aido.bsvgateway.org/api/locations/229582520/","Bangladesh","Bangladesh","Country","http://aido.bsvgateway.org/api/locations/20359812/",23.8456776713401,90.2419998721364,23.8456776713401,"Nipah"
"229582520.106",2003-01-23,2003-01-22,0,229582520,"69","229582520","P1D","http://aido.bsvgateway.org/api/locations/229582520/","Bangladesh","Bangladesh","Country","http://aido.bsvgateway.org/api/locations/20359812/",90.2419998721364,90.2419998721364,23.8456776713401,"Nipah"
"229582520.107",2003-01-24,2003-01-23,0,229582520,"69","229582520","P1D","http://aido.bsvgateway.org/api/locations/229582520/","Bangladesh","Bangladesh","Country","http://aido.bsvgateway.org/api/locations/20359812/",23.8456776713401,90.2419998721364,23.8456776713401,"Nipah"
"229582520.108",2003-01-25,2003-01-24,0,229582520,"69","229582520","P1D","http://aido.bsvgateway.org/api/locations/229582520/","Bangladesh","Bangladesh","Country","http://aido.bsvgateway.org/api/locations/20359812/",90.2419998721364,90.2419998721364,23.8456776713401,"Nipah"
"229582520.109",2003-01-26,2003-01-25,0,229582520,"69","229582520","P1D","http://aido.bsvgateway.org/api/locations/229582520/","Bangladesh","Bangladesh","Country","http://aido.bsvgateway.org/api/locations/20359812/",23.8456776713401,90.2419998721364,23.8456776713401,"Nipah"
"229582520.110",2003-01-27,2003-01-26,0,229582520,"69","229582520","P1D","http://aido.bsvgateway.org/api/locations/229582520/","Bangladesh","Bangladesh","Country","http://aido.bsvgateway.org/api/locations/20359812/",90.2419998721364,90.2419998721364,23.8456776713401,"Nipah"
"229582520.111",2003-01-28,2003-01-27,2,229582520,"69","229582520","P1D","http://aido.bsvgateway.org/api/locations/229582520/","Bangladesh","Bangladesh","Country","http://aido.bsvgateway.org/api/locations/20359812/",23.8456776713401,90.2419998721364,23.8456776713401,"Nipah"
"229582520.112",2003-01-29,2003-01-28,2,229582520,"69","229582520","P1D","http://aido.bsvgateway.org/api/locations/229582520/","Bangladesh","Bangladesh","Country","http://aido.bsvgateway.org/api/locations/20359812/",90.2419998721364,90.2419998721364,23.8456776713401,"Nipah"
"229582520.113",2005-01-01,2004-12-31,1,229582520,"69","229582520","P1D","http://aido.bsvgateway.org/api/locations/229582520/","Bangladesh","Bangladesh","Country","http://aido.bsvgateway.org/api/locations/20359812/",23.8456776713401,90.2419998721364,23.8456776713401,"Nipah"
"229582520.114",2005-01-02,2005-01-01,2,229582520,"69","229582520","P1D","http://aido.bsvgateway.org/api/locations/229582520/","Bangladesh","Bangladesh","Country","http://aido.bsvgateway.org/api/locations/20359812/",90.2419998721364,90.2419998721364,23.8456776713401,"Nipah"
"229582520.115",2005-01-03,2005-01-02,1,229582520,"69","229582520","P1D","http://aido.bsvgateway.org/api/locations/229582520/","Bangladesh","Bangladesh","Country","http://aido.bsvgateway.org/api/locations/20359812/",23.8456776713401,90.2419998721364,23.8456776713401,"Nipah"
"229582520.116",2005-01-04,2005-01-03,2,229582520,"69","229582520","P1D","http://aido.bsvgateway.org/api/locations/229582520/","Bangladesh","Bangladesh","Country","http://aido.bsvgateway.org/api/locations/20359812/",90.2419998721364,90.2419998721364,23.8456776713401,"Nipah"
"229582520.117",2005-01-05,2005-01-04,0,229582520,"69","229582520","P1D","http://aido.bsvgateway.org/api/locations/229582520/","Bangladesh","Bangladesh","Country","http://aido.bsvgateway.org/api/locations/20359812/",23.8456776713401,90.2419998721364,23.8456776713401,"Nipah"
"229582520.118",2005-01-06,2005-01-05,2,229582520,"69","229582520","P1D","http://aido.bsvgateway.org/api/locations/229582520/","Bangladesh","Bangladesh","Country","http://aido.bsvgateway.org/api/locations/20359812/",90.2419998721364,90.2419998721364,23.8456776713401,"Nipah"
"229582520.119",2005-01-07,2005-01-06,1,229582520,"69","229582520","P1D","http://aido.bsvgateway.org/api/locations/229582520/","Bangladesh","Bangladesh","Country","http://aido.bsvgateway.org/api/locations/20359812/",23.8456776713401,90.2419998721364,23.8456776713401,"Nipah"
"229582520.120",2005-01-08,2005-01-07,0,229582520,"69","229582520","P1D","http://aido.bsvgateway.org/api/locations/229582520/","Bangladesh","Bangladesh","Country","http://aido.bsvgateway.org/api/locations/20359812/",90.2419998721364,90.2419998721364,23.8456776713401,"Nipah"
"229582520.121",2005-01-09,2005-01-08,0,229582520,"69","229582520","P1D","http://aido.bsvgateway.org/api/locations/229582520/","Bangladesh","Bangladesh","Country","http://aido.bsvgateway.org/api/locations/20359812/",23.8456776713401,90.2419998721364,23.8456776713401,"Nipah"
"229582520.122",2005-01-10,2005-01-09,1,229582520,"69","229582520","P1D","http://aido.bsvgateway.org/api/locations/229582520/","Bangladesh","Bangladesh","Country","http://aido.bsvgateway.org/api/locations/20359812/",90.2419998721364,90.2419998721364,23.8456776713401,"Nipah"
"229582520.123",2005-01-11,2005-01-10,0,229582520,"69","229582520","P1D","http://aido.bsvgateway.org/api/locations/229582520/","Bangladesh","Bangladesh","Country","http://aido.bsvgateway.org/api/locations/20359812/",23.8456776713401,90.2419998721364,23.8456776713401,"Nipah"
"229582520.124",2005-01-12,2005-01-11,0,229582520,"69","229582520","P1D","http://aido.bsvgateway.org/api/locations/229582520/","Bangladesh","Bangladesh","Country","http://aido.bsvgateway.org/api/locations/20359812/",90.2419998721364,90.2419998721364,23.8456776713401,"Nipah"
"229582520.125",2005-01-13,2005-01-12,0,229582520,"69","229582520","P1D","http://aido.bsvgateway.org/api/locations/229582520/","Bangladesh","Bangladesh","Country","http://aido.bsvgateway.org/api/locations/20359812/",23.8456776713401,90.2419998721364,23.8456776713401,"Nipah"
"229582520.126",2005-01-14,2005-01-13,0,229582520,"69","229582520","P1D","http://aido.bsvgateway.org/api/locations/229582520/","Bangladesh","Bangladesh","Country","http://aido.bsvgateway.org/api/locations/20359812/",90.2419998721364,90.2419998721364,23.8456776713401,"Nipah"
"229582520.127",2005-01-15,2005-01-14,0,229582520,"69","229582520","P1D","http://aido.bsvgateway.org/api/locations/229582520/","Bangladesh","Bangladesh","Country","http://aido.bsvgateway.org/api/locations/20359812/",23.8456776713401,90.2419998721364,23.8456776713401,"Nipah"
"229582520.128",2005-01-16,2005-01-15,0,229582520,"69","229582520","P1D","http://aido.bsvgateway.org/api/locations/229582520/","Bangladesh","Bangladesh","Country","http://aido.bsvgateway.org/api/locations/20359812/",90.2419998721364,90.2419998721364,23.8456776713401,"Nipah"
"229582520.129",2005-01-17,2005-01-16,1,229582520,"69","229582520","P1D","http://aido.bsvgateway.org/api/locations/229582520/","Bangladesh","Bangladesh","Country","http://aido.bsvgateway.org/api/locations/20359812/",23.8456776713401,90.2419998721364,23.8456776713401,"Nipah"
"229582520.130",2005-01-18,2005-01-17,0,229582520,"69","229582520","P1D","http://aido.bsvgateway.org/api/locations/229582520/","Bangladesh","Bangladesh","Country","http://aido.bsvgateway.org/api/locations/20359812/",90.2419998721364,90.2419998721364,23.8456776713401,"Nipah"
"255921706.158",2014-03-04,2014-03-03,0,255921706,"69","255921706","P1D","http://aido.bsvgateway.org/api/locations/255921706/","Philippines","Philippines","Country","http://aido.bsvgateway.org/api/locations/20359812/",11.7630150663054,122.874484257167,11.7630150663054,"Nipah"
"255921706.159",2014-03-05,2014-03-04,0,255921706,"69","255921706","P1D","http://aido.bsvgateway.org/api/locations/255921706/","Philippines","Philippines","Country","http://aido.bsvgateway.org/api/locations/20359812/",122.874484257167,122.874484257167,11.7630150663054,"Nipah"
"255921706.160",2014-03-06,2014-03-05,0,255921706,"69","255921706","P1D","http://aido.bsvgateway.org/api/locations/255921706/","Philippines","Philippines","Country","http://aido.bsvgateway.org/api/locations/20359812/",11.7630150663054,122.874484257167,11.7630150663054,"Nipah"
"255921706.161",2014-03-07,2014-03-06,0,255921706,"69","255921706","P1D","http://aido.bsvgateway.org/api/locations/255921706/","Philippines","Philippines","Country","http://aido.bsvgateway.org/api/locations/20359812/",122.874484257167,122.874484257167,11.7630150663054,"Nipah"
"255921706.162",2014-03-08,2014-03-07,0,255921706,"69","255921706","P1D","http://aido.bsvgateway.org/api/locations/255921706/","Philippines","Philippines","Country","http://aido.bsvgateway.org/api/locations/20359812/",11.7630150663054,122.874484257167,11.7630150663054,"Nipah"
"255921706.163",2014-03-09,2014-03-08,0,255921706,"69","255921706","P1D","http://aido.bsvgateway.org/api/locations/255921706/","Philippines","Philippines","Country","http://aido.bsvgateway.org/api/locations/20359812/",122.874484257167,122.874484257167,11.7630150663054,"Nipah"
"255921706.164",2014-03-10,2014-03-09,0,255921706,"69","255921706","P1D","http://aido.bsvgateway.org/api/locations/255921706/","Philippines","Philippines","Country","http://aido.bsvgateway.org/api/locations/20359812/",11.7630150663054,122.874484257167,11.7630150663054,"Nipah"
"255921706.165",2014-03-11,2014-03-10,1,255921706,"69","255921706","P1D","http://aido.bsvgateway.org/api/locations/255921706/","Philippines","Philippines","Country","http://aido.bsvgateway.org/api/locations/20359812/",122.874484257167,122.874484257167,11.7630150663054,"Nipah"
"255921706.166",2014-03-12,2014-03-11,0,255921706,"69","255921706","P1D","http://aido.bsvgateway.org/api/locations/255921706/","Philippines","Philippines","Country","http://aido.bsvgateway.org/api/locations/20359812/",11.7630150663054,122.874484257167,11.7630150663054,"Nipah"
"255921706.167",2014-03-13,2014-03-12,0,255921706,"69","255921706","P1D","http://aido.bsvgateway.org/api/locations/255921706/","Philippines","Philippines","Country","http://aido.bsvgateway.org/api/locations/20359812/",122.874484257167,122.874484257167,11.7630150663054,"Nipah"
"255921706.168",2014-03-14,2014-03-13,0,255921706,"69","255921706","P1D","http://aido.bsvgateway.org/api/locations/255921706/","Philippines","Philippines","Country","http://aido.bsvgateway.org/api/locations/20359812/",11.7630150663054,122.874484257167,11.7630150663054,"Nipah"
"255921706.169",2014-03-15,2014-03-14,1,255921706,"69","255921706","P1D","http://aido.bsvgateway.org/api/locations/255921706/","Philippines","Philippines","Country","http://aido.bsvgateway.org/api/locations/20359812/",122.874484257167,122.874484257167,11.7630150663054,"Nipah"
"255921706.170",2014-03-16,2014-03-15,0,255921706,"69","255921706","P1D","http://aido.bsvgateway.org/api/locations/255921706/","Philippines","Philippines","Country","http://aido.bsvgateway.org/api/locations/20359812/",11.7630150663054,122.874484257167,11.7630150663054,"Nipah"
"255921706.171",2014-03-17,2014-03-16,0,255921706,"69","255921706","P1D","http://aido.bsvgateway.org/api/locations/255921706/","Philippines","Philippines","Country","http://aido.bsvgateway.org/api/locations/20359812/",122.874484257167,122.874484257167,11.7630150663054,"Nipah"
"255921706.172",2014-03-18,2014-03-17,0,255921706,"69","255921706","P1D","http://aido.bsvgateway.org/api/locations/255921706/","Philippines","Philippines","Country","http://aido.bsvgateway.org/api/locations/20359812/",11.7630150663054,122.874484257167,11.7630150663054,"Nipah"
"255921706.173",2014-03-19,2014-03-18,0,255921706,"69","255921706","P1D","http://aido.bsvgateway.org/api/locations/255921706/","Philippines","Philippines","Country","http://aido.bsvgateway.org/api/locations/20359812/",122.874484257167,122.874484257167,11.7630150663054,"Nipah"
"255921706.174",2014-03-20,2014-03-19,0,255921706,"69","255921706","P1D","http://aido.bsvgateway.org/api/locations/255921706/","Philippines","Philippines","Country","http://aido.bsvgateway.org/api/locations/20359812/",11.7630150663054,122.874484257167,11.7630150663054,"Nipah"
"255921706.175",2014-03-21,2014-03-20,0,255921706,"69","255921706","P1D","http://aido.bsvgateway.org/api/locations/255921706/","Philippines","Philippines","Country","http://aido.bsvgateway.org/api/locations/20359812/",122.874484257167,122.874484257167,11.7630150663054,"Nipah"
"255921706.176",2014-03-22,2014-03-21,0,255921706,"69","255921706","P1D","http://aido.bsvgateway.org/api/locations/255921706/","Philippines","Philippines","Country","http://aido.bsvgateway.org/api/locations/20359812/",11.7630150663054,122.874484257167,11.7630150663054,"Nipah"
"255921706.177",2014-03-23,2014-03-22,1,255921706,"69","255921706","P1D","http://aido.bsvgateway.org/api/locations/255921706/","Philippines","Philippines","Country","http://aido.bsvgateway.org/api/locations/20359812/",122.874484257167,122.874484257167,11.7630150663054,"Nipah"
"255921706.178",2014-03-24,2014-03-23,0,255921706,"69","255921706","P1D","http://aido.bsvgateway.org/api/locations/255921706/","Philippines","Philippines","Country","http://aido.bsvgateway.org/api/locations/20359812/",11.7630150663054,122.874484257167,11.7630150663054,"Nipah"
"255921706.179",2014-03-25,2014-03-24,1,255921706,"69","255921706","P1D","http://aido.bsvgateway.org/api/locations/255921706/","Philippines","Philippines","Country","http://aido.bsvgateway.org/api/locations/20359812/",122.874484257167,122.874484257167,11.7630150663054,"Nipah"
"255921706.180",2014-03-26,2014-03-25,0,255921706,"69","255921706","P1D","http://aido.bsvgateway.org/api/locations/255921706/","Philippines","Philippines","Country","http://aido.bsvgateway.org/api/locations/20359812/",11.7630150663054,122.874484257167,11.7630150663054,"Nipah"
"255921706.181",2014-03-27,2014-03-26,1,255921706,"69","255921706","P1D","http://aido.bsvgateway.org/api/locations/255921706/","Philippines","Philippines","Country","http://aido.bsvgateway.org/api/locations/20359812/",122.874484257167,122.874484257167,11.7630150663054,"Nipah"
"255921706.182",2014-03-28,2014-03-27,0,255921706,"69","255921706","P1D","http://aido.bsvgateway.org/api/locations/255921706/","Philippines","Philippines","Country","http://aido.bsvgateway.org/api/locations/20359812/",11.7630150663054,122.874484257167,11.7630150663054,"Nipah"
"255921706.183",2014-03-29,2014-03-28,1,255921706,"69","255921706","P1D","http://aido.bsvgateway.org/api/locations/255921706/","Philippines","Philippines","Country","http://aido.bsvgateway.org/api/locations/20359812/",122.874484257167,122.874484257167,11.7630150663054,"Nipah"
"255921706.184",2014-03-30,2014-03-29,0,255921706,"69","255921706","P1D","http://aido.bsvgateway.org/api/locations/255921706/","Philippines","Philippines","Country","http://aido.bsvgateway.org/api/locations/20359812/",11.7630150663054,122.874484257167,11.7630150663054,"Nipah"
"255921706.185",2014-03-31,2014-03-30,0,255921706,"69","255921706","P1D","http://aido.bsvgateway.org/api/locations/255921706/","Philippines","Philippines","Country","http://aido.bsvgateway.org/api/locations/20359812/",122.874484257167,122.874484257167,11.7630150663054,"Nipah"
"255921706.186",2014-04-01,2014-03-31,1,255921706,"69","255921706","P1D","http://aido.bsvgateway.org/api/locations/255921706/","Philippines","Philippines","Country","http://aido.bsvgateway.org/api/locations/20359812/",11.7630150663054,122.874484257167,11.7630150663054,"Nipah"
"255921706.187",2014-04-02,2014-04-01,0,255921706,"69","255921706","P1D","http://aido.bsvgateway.org/api/locations/255921706/","Philippines","Philippines","Country","http://aido.bsvgateway.org/api/locations/20359812/",122.874484257167,122.874484257167,11.7630150663054,"Nipah"
"255921706.188",2014-04-03,2014-04-02,1,255921706,"69","255921706","P1D","http://aido.bsvgateway.org/api/locations/255921706/","Philippines","Philippines","Country","http://aido.bsvgateway.org/api/locations/20359812/",11.7630150663054,122.874484257167,11.7630150663054,"Nipah"
"255921706.189",2014-04-04,2014-04-03,0,255921706,"69","255921706","P1D","http://aido.bsvgateway.org/api/locations/255921706/","Philippines","Philippines","Country","http://aido.bsvgateway.org/api/locations/20359812/",122.874484257167,122.874484257167,11.7630150663054,"Nipah"
"255921706.190",2014-04-05,2014-04-04,1,255921706,"69","255921706","P1D","http://aido.bsvgateway.org/api/locations/255921706/","Philippines","Philippines","Country","http://aido.bsvgateway.org/api/locations/20359812/",11.7630150663054,122.874484257167,11.7630150663054,"Nipah"
"255921706.191",2014-04-06,2014-04-05,0,255921706,"69","255921706","P1D","http://aido.bsvgateway.org/api/locations/255921706/","Philippines","Philippines","Country","http://aido.bsvgateway.org/api/locations/20359812/",122.874484257167,122.874484257167,11.7630150663054,"Nipah"
"255921706.192",2014-04-07,2014-04-06,1,255921706,"69","255921706","P1D","http://aido.bsvgateway.org/api/locations/255921706/","Philippines","Philippines","Country","http://aido.bsvgateway.org/api/locations/20359812/",11.7630150663054,122.874484257167,11.7630150663054,"Nipah"
"255921706.193",2014-04-08,2014-04-07,2,255921706,"69","255921706","P1D","http://aido.bsvgateway.org/api/locations/255921706/","Philippines","Philippines","Country","http://aido.bsvgateway.org/api/locations/20359812/",122.874484257167,122.874484257167,11.7630150663054,"Nipah"
"255921706.194",2014-04-09,2014-04-08,0,255921706,"69","255921706","P1D","http://aido.bsvgateway.org/api/locations/255921706/","Philippines","Philippines","Country","http://aido.bsvgateway.org/api/locations/20359812/",11.7630150663054,122.874484257167,11.7630150663054,"Nipah"
"255921706.195",2014-04-10,2014-04-09,0,255921706,"69","255921706","P1D","http://aido.bsvgateway.org/api/locations/255921706/","Philippines","Philippines","Country","http://aido.bsvgateway.org/api/locations/20359812/",122.874484257167,122.874484257167,11.7630150663054,"Nipah"
"255921706.196",2014-04-11,2014-04-10,0,255921706,"69","255921706","P1D","http://aido.bsvgateway.org/api/locations/255921706/","Philippines","Philippines","Country","http://aido.bsvgateway.org/api/locations/20359812/",11.7630150663054,122.874484257167,11.7630150663054,"Nipah"
"255921706.197",2014-04-12,2014-04-11,1,255921706,"69","255921706","P1D","http://aido.bsvgateway.org/api/locations/255921706/","Philippines","Philippines","Country","http://aido.bsvgateway.org/api/locations/20359812/",122.874484257167,122.874484257167,11.7630150663054,"Nipah"
"255921706.198",2014-04-13,2014-04-12,0,255921706,"69","255921706","P1D","http://aido.bsvgateway.org/api/locations/255921706/","Philippines","Philippines","Country","http://aido.bsvgateway.org/api/locations/20359812/",11.7630150663054,122.874484257167,11.7630150663054,"Nipah"
"255921706.199",2014-04-14,2014-04-13,0,255921706,"69","255921706","P1D","http://aido.bsvgateway.org/api/locations/255921706/","Philippines","Philippines","Country","http://aido.bsvgateway.org/api/locations/20359812/",122.874484257167,122.874484257167,11.7630150663054,"Nipah"
"255921706.200",2014-04-15,2014-04-14,0,255921706,"69","255921706","P1D","http://aido.bsvgateway.org/api/locations/255921706/","Philippines","Philippines","Country","http://aido.bsvgateway.org/api/locations/20359812/",11.7630150663054,122.874484257167,11.7630150663054,"Nipah"
"255921706.201",2014-04-16,2014-04-15,1,255921706,"69","255921706","P1D","http://aido.bsvgateway.org/api/locations/255921706/","Philippines","Philippines","Country","http://aido.bsvgateway.org/api/locations/20359812/",122.874484257167,122.874484257167,11.7630150663054,"Nipah"
"255921706.202",2014-04-17,2014-04-16,1,255921706,"69","255921706","P1D","http://aido.bsvgateway.org/api/locations/255921706/","Philippines","Philippines","Country","http://aido.bsvgateway.org/api/locations/20359812/",11.7630150663054,122.874484257167,11.7630150663054,"Nipah"
"255921706.203",2014-04-18,2014-04-17,1,255921706,"69","255921706","P1D","http://aido.bsvgateway.org/api/locations/255921706/","Philippines","Philippines","Country","http://aido.bsvgateway.org/api/locations/20359812/",122.874484257167,122.874484257167,11.7630150663054,"Nipah"
"255921706.204",2014-04-19,2014-04-18,0,255921706,"69","255921706","P1D","http://aido.bsvgateway.org/api/locations/255921706/","Philippines","Philippines","Country","http://aido.bsvgateway.org/api/locations/20359812/",11.7630150663054,122.874484257167,11.7630150663054,"Nipah"
"255921706.205",2014-04-20,2014-04-19,0,255921706,"69","255921706","P1D","http://aido.bsvgateway.org/api/locations/255921706/","Philippines","Philippines","Country","http://aido.bsvgateway.org/api/locations/20359812/",122.874484257167,122.874484257167,11.7630150663054,"Nipah"
"255921706.206",2014-04-21,2014-04-20,0,255921706,"69","255921706","P1D","http://aido.bsvgateway.org/api/locations/255921706/","Philippines","Philippines","Country","http://aido.bsvgateway.org/api/locations/20359812/",11.7630150663054,122.874484257167,11.7630150663054,"Nipah"
"255921706.207",2014-04-22,2014-04-21,1,255921706,"69","255921706","P1D","http://aido.bsvgateway.org/api/locations/255921706/","Philippines","Philippines","Country","http://aido.bsvgateway.org/api/locations/20359812/",122.874484257167,122.874484257167,11.7630150663054,"Nipah"
