"","end","start","value","id","disease","location","duration","url","name","full_name","admin_level_name","parent","centroid_lat_long","longitude","latitude","disease_name"
"204325566.55",2015-05-21,2015-05-20,2,204325566,"74","204325566","P1D","http://aido.bsvgateway.org/api/locations/204325566/","South Korea","South Korea","Country","http://aido.bsvgateway.org/api/locations/20359812/",36.3733535127376,127.819093957479,36.3733535127376,"Middle East Respiratory Syndrome (MERS-CoV)"
"204325566.56",2015-05-22,2015-05-21,1,204325566,"74","204325566","P1D","http://aido.bsvgateway.org/api/locations/204325566/","South Korea","South Korea","Country","http://aido.bsvgateway.org/api/locations/20359812/",127.819093957479,127.819093957479,36.3733535127376,"Middle East Respiratory Syndrome (MERS-CoV)"
"204325566.57",2015-05-23,2015-05-22,0,204325566,"74","204325566","P1D","http://aido.bsvgateway.org/api/locations/204325566/","South Korea","South Korea","Country","http://aido.bsvgateway.org/api/locations/20359812/",36.3733535127376,127.819093957479,36.3733535127376,"Middle East Respiratory Syndrome (MERS-CoV)"
"204325566.58",2015-05-24,2015-05-23,0,204325566,"74","204325566","P1D","http://aido.bsvgateway.org/api/locations/204325566/","South Korea","South Korea","Country","http://aido.bsvgateway.org/api/locations/20359812/",127.819093957479,127.819093957479,36.3733535127376,"Middle East Respiratory Syndrome (MERS-CoV)"
"204325566.59",2015-05-25,2015-05-24,0,204325566,"74","204325566","P1D","http://aido.bsvgateway.org/api/locations/204325566/","South Korea","South Korea","Country","http://aido.bsvgateway.org/api/locations/20359812/",36.3733535127376,127.819093957479,36.3733535127376,"Middle East Respiratory Syndrome (MERS-CoV)"
"204325566.60",2015-05-26,2015-05-25,0,204325566,"74","204325566","P1D","http://aido.bsvgateway.org/api/locations/204325566/","South Korea","South Korea","Country","http://aido.bsvgateway.org/api/locations/20359812/",127.819093957479,127.819093957479,36.3733535127376,"Middle East Respiratory Syndrome (MERS-CoV)"
"204325566.61",2015-05-27,2015-05-26,2,204325566,"74","204325566","P1D","http://aido.bsvgateway.org/api/locations/204325566/","South Korea","South Korea","Country","http://aido.bsvgateway.org/api/locations/20359812/",36.3733535127376,127.819093957479,36.3733535127376,"Middle East Respiratory Syndrome (MERS-CoV)"
"204325566.62",2015-05-28,2015-05-27,0,204325566,"74","204325566","P1D","http://aido.bsvgateway.org/api/locations/204325566/","South Korea","South Korea","Country","http://aido.bsvgateway.org/api/locations/20359812/",127.819093957479,127.819093957479,36.3733535127376,"Middle East Respiratory Syndrome (MERS-CoV)"
"204325566.63",2015-05-29,2015-05-28,2,204325566,"74","204325566","P1D","http://aido.bsvgateway.org/api/locations/204325566/","South Korea","South Korea","Country","http://aido.bsvgateway.org/api/locations/20359812/",36.3733535127376,127.819093957479,36.3733535127376,"Middle East Respiratory Syndrome (MERS-CoV)"
"204325566.64",2015-05-30,2015-05-29,5,204325566,"74","204325566","P1D","http://aido.bsvgateway.org/api/locations/204325566/","South Korea","South Korea","Country","http://aido.bsvgateway.org/api/locations/20359812/",127.819093957479,127.819093957479,36.3733535127376,"Middle East Respiratory Syndrome (MERS-CoV)"
"204325566.65",2015-05-31,2015-05-30,2,204325566,"74","204325566","P1D","http://aido.bsvgateway.org/api/locations/204325566/","South Korea","South Korea","Country","http://aido.bsvgateway.org/api/locations/20359812/",36.3733535127376,127.819093957479,36.3733535127376,"Middle East Respiratory Syndrome (MERS-CoV)"
"204325566.66",2015-06-01,2015-05-31,3,204325566,"74","204325566","P1D","http://aido.bsvgateway.org/api/locations/204325566/","South Korea","South Korea","Country","http://aido.bsvgateway.org/api/locations/20359812/",127.819093957479,127.819093957479,36.3733535127376,"Middle East Respiratory Syndrome (MERS-CoV)"
"204325566.67",2015-06-02,2015-06-01,7,204325566,"74","204325566","P1D","http://aido.bsvgateway.org/api/locations/204325566/","South Korea","South Korea","Country","http://aido.bsvgateway.org/api/locations/20359812/",36.3733535127376,127.819093957479,36.3733535127376,"Middle East Respiratory Syndrome (MERS-CoV)"
"204325566.68",2015-06-03,2015-06-02,5,204325566,"74","204325566","P1D","http://aido.bsvgateway.org/api/locations/204325566/","South Korea","South Korea","Country","http://aido.bsvgateway.org/api/locations/20359812/",127.819093957479,127.819093957479,36.3733535127376,"Middle East Respiratory Syndrome (MERS-CoV)"
"204325566.69",2015-06-04,2015-06-03,0,204325566,"74","204325566","P1D","http://aido.bsvgateway.org/api/locations/204325566/","South Korea","South Korea","Country","http://aido.bsvgateway.org/api/locations/20359812/",36.3733535127376,127.819093957479,36.3733535127376,"Middle East Respiratory Syndrome (MERS-CoV)"
"204325566.70",2015-06-05,2015-06-04,6,204325566,"74","204325566","P1D","http://aido.bsvgateway.org/api/locations/204325566/","South Korea","South Korea","Country","http://aido.bsvgateway.org/api/locations/20359812/",127.819093957479,127.819093957479,36.3733535127376,"Middle East Respiratory Syndrome (MERS-CoV)"
"204325566.71",2015-06-06,2015-06-05,6,204325566,"74","204325566","P1D","http://aido.bsvgateway.org/api/locations/204325566/","South Korea","South Korea","Country","http://aido.bsvgateway.org/api/locations/20359812/",36.3733535127376,127.819093957479,36.3733535127376,"Middle East Respiratory Syndrome (MERS-CoV)"
"204325566.72",2015-06-07,2015-06-06,22,204325566,"74","204325566","P1D","http://aido.bsvgateway.org/api/locations/204325566/","South Korea","South Korea","Country","http://aido.bsvgateway.org/api/locations/20359812/",127.819093957479,127.819093957479,36.3733535127376,"Middle East Respiratory Syndrome (MERS-CoV)"
"204325566.73",2015-06-08,2015-06-07,23,204325566,"74","204325566","P1D","http://aido.bsvgateway.org/api/locations/204325566/","South Korea","South Korea","Country","http://aido.bsvgateway.org/api/locations/20359812/",36.3733535127376,127.819093957479,36.3733535127376,"Middle East Respiratory Syndrome (MERS-CoV)"
"204325566.74",2015-06-09,2015-06-08,8,204325566,"74","204325566","P1D","http://aido.bsvgateway.org/api/locations/204325566/","South Korea","South Korea","Country","http://aido.bsvgateway.org/api/locations/20359812/",127.819093957479,127.819093957479,36.3733535127376,"Middle East Respiratory Syndrome (MERS-CoV)"
"204325566.75",2015-06-10,2015-06-09,13,204325566,"74","204325566","P1D","http://aido.bsvgateway.org/api/locations/204325566/","South Korea","South Korea","Country","http://aido.bsvgateway.org/api/locations/20359812/",36.3733535127376,127.819093957479,36.3733535127376,"Middle East Respiratory Syndrome (MERS-CoV)"
"204325566.76",2015-06-11,2015-06-10,14,204325566,"74","204325566","P1D","http://aido.bsvgateway.org/api/locations/204325566/","South Korea","South Korea","Country","http://aido.bsvgateway.org/api/locations/20359812/",127.819093957479,127.819093957479,36.3733535127376,"Middle East Respiratory Syndrome (MERS-CoV)"
"204325566.77",2015-06-12,2015-06-11,2,204325566,"74","204325566","P1D","http://aido.bsvgateway.org/api/locations/204325566/","South Korea","South Korea","Country","http://aido.bsvgateway.org/api/locations/20359812/",36.3733535127376,127.819093957479,36.3733535127376,"Middle East Respiratory Syndrome (MERS-CoV)"
"204325566.78",2015-06-13,2015-06-12,12,204325566,"74","204325566","P1D","http://aido.bsvgateway.org/api/locations/204325566/","South Korea","South Korea","Country","http://aido.bsvgateway.org/api/locations/20359812/",127.819093957479,127.819093957479,36.3733535127376,"Middle East Respiratory Syndrome (MERS-CoV)"
"204325566.79",2015-06-14,2015-06-13,7,204325566,"74","204325566","P1D","http://aido.bsvgateway.org/api/locations/204325566/","South Korea","South Korea","Country","http://aido.bsvgateway.org/api/locations/20359812/",36.3733535127376,127.819093957479,36.3733535127376,"Middle East Respiratory Syndrome (MERS-CoV)"
"204325566.80",2015-06-15,2015-06-14,5,204325566,"74","204325566","P1D","http://aido.bsvgateway.org/api/locations/204325566/","South Korea","South Korea","Country","http://aido.bsvgateway.org/api/locations/20359812/",127.819093957479,127.819093957479,36.3733535127376,"Middle East Respiratory Syndrome (MERS-CoV)"
"204325566.81",2015-06-16,2015-06-15,4,204325566,"74","204325566","P1D","http://aido.bsvgateway.org/api/locations/204325566/","South Korea","South Korea","Country","http://aido.bsvgateway.org/api/locations/20359812/",36.3733535127376,127.819093957479,36.3733535127376,"Middle East Respiratory Syndrome (MERS-CoV)"
"204325566.82",2015-06-17,2015-06-16,8,204325566,"74","204325566","P1D","http://aido.bsvgateway.org/api/locations/204325566/","South Korea","South Korea","Country","http://aido.bsvgateway.org/api/locations/20359812/",127.819093957479,127.819093957479,36.3733535127376,"Middle East Respiratory Syndrome (MERS-CoV)"
"204325566.83",2015-06-18,2015-06-17,2,204325566,"74","204325566","P1D","http://aido.bsvgateway.org/api/locations/204325566/","South Korea","South Korea","Country","http://aido.bsvgateway.org/api/locations/20359812/",36.3733535127376,127.819093957479,36.3733535127376,"Middle East Respiratory Syndrome (MERS-CoV)"
"204325566.84",2015-06-19,2015-06-18,0,204325566,"74","204325566","P1D","http://aido.bsvgateway.org/api/locations/204325566/","South Korea","South Korea","Country","http://aido.bsvgateway.org/api/locations/20359812/",127.819093957479,127.819093957479,36.3733535127376,"Middle East Respiratory Syndrome (MERS-CoV)"
"204325566.85",2015-06-20,2015-06-19,1,204325566,"74","204325566","P1D","http://aido.bsvgateway.org/api/locations/204325566/","South Korea","South Korea","Country","http://aido.bsvgateway.org/api/locations/20359812/",36.3733535127376,127.819093957479,36.3733535127376,"Middle East Respiratory Syndrome (MERS-CoV)"
"204325566.86",2015-06-21,2015-06-20,2,204325566,"74","204325566","P1D","http://aido.bsvgateway.org/api/locations/204325566/","South Korea","South Korea","Country","http://aido.bsvgateway.org/api/locations/20359812/",127.819093957479,127.819093957479,36.3733535127376,"Middle East Respiratory Syndrome (MERS-CoV)"
"204325566.87",2015-06-22,2015-06-21,3,204325566,"74","204325566","P1D","http://aido.bsvgateway.org/api/locations/204325566/","South Korea","South Korea","Country","http://aido.bsvgateway.org/api/locations/20359812/",36.3733535127376,127.819093957479,36.3733535127376,"Middle East Respiratory Syndrome (MERS-CoV)"
"204325566.88",2015-06-23,2015-06-22,3,204325566,"74","204325566","P1D","http://aido.bsvgateway.org/api/locations/204325566/","South Korea","South Korea","Country","http://aido.bsvgateway.org/api/locations/20359812/",127.819093957479,127.819093957479,36.3733535127376,"Middle East Respiratory Syndrome (MERS-CoV)"
"204325566.89",2015-06-24,2015-06-23,4,204325566,"74","204325566","P1D","http://aido.bsvgateway.org/api/locations/204325566/","South Korea","South Korea","Country","http://aido.bsvgateway.org/api/locations/20359812/",36.3733535127376,127.819093957479,36.3733535127376,"Middle East Respiratory Syndrome (MERS-CoV)"
"204325566.90",2015-06-25,2015-06-24,1,204325566,"74","204325566","P1D","http://aido.bsvgateway.org/api/locations/204325566/","South Korea","South Korea","Country","http://aido.bsvgateway.org/api/locations/20359812/",127.819093957479,127.819093957479,36.3733535127376,"Middle East Respiratory Syndrome (MERS-CoV)"
"204325566.91",2015-06-26,2015-06-25,2,204325566,"74","204325566","P1D","http://aido.bsvgateway.org/api/locations/204325566/","South Korea","South Korea","Country","http://aido.bsvgateway.org/api/locations/20359812/",36.3733535127376,127.819093957479,36.3733535127376,"Middle East Respiratory Syndrome (MERS-CoV)"
"204325566.92",2015-06-27,2015-06-26,5,204325566,"74","204325566","P1D","http://aido.bsvgateway.org/api/locations/204325566/","South Korea","South Korea","Country","http://aido.bsvgateway.org/api/locations/20359812/",127.819093957479,127.819093957479,36.3733535127376,"Middle East Respiratory Syndrome (MERS-CoV)"
"204325566.93",2015-06-28,2015-06-27,0,204325566,"74","204325566","P1D","http://aido.bsvgateway.org/api/locations/204325566/","South Korea","South Korea","Country","http://aido.bsvgateway.org/api/locations/20359812/",36.3733535127376,127.819093957479,36.3733535127376,"Middle East Respiratory Syndrome (MERS-CoV)"
"204325566.94",2015-06-29,2015-06-28,0,204325566,"74","204325566","P1D","http://aido.bsvgateway.org/api/locations/204325566/","South Korea","South Korea","Country","http://aido.bsvgateway.org/api/locations/20359812/",127.819093957479,127.819093957479,36.3733535127376,"Middle East Respiratory Syndrome (MERS-CoV)"
"204325566.95",2015-06-30,2015-06-29,0,204325566,"74","204325566","P1D","http://aido.bsvgateway.org/api/locations/204325566/","South Korea","South Korea","Country","http://aido.bsvgateway.org/api/locations/20359812/",36.3733535127376,127.819093957479,36.3733535127376,"Middle East Respiratory Syndrome (MERS-CoV)"
"204325566.96",2015-07-01,2015-06-30,0,204325566,"74","204325566","P1D","http://aido.bsvgateway.org/api/locations/204325566/","South Korea","South Korea","Country","http://aido.bsvgateway.org/api/locations/20359812/",127.819093957479,127.819093957479,36.3733535127376,"Middle East Respiratory Syndrome (MERS-CoV)"
"204325566.97",2015-07-02,2015-07-01,0,204325566,"74","204325566","P1D","http://aido.bsvgateway.org/api/locations/204325566/","South Korea","South Korea","Country","http://aido.bsvgateway.org/api/locations/20359812/",36.3733535127376,127.819093957479,36.3733535127376,"Middle East Respiratory Syndrome (MERS-CoV)"
"204325566.98",2015-07-03,2015-07-02,2,204325566,"74","204325566","P1D","http://aido.bsvgateway.org/api/locations/204325566/","South Korea","South Korea","Country","http://aido.bsvgateway.org/api/locations/20359812/",127.819093957479,127.819093957479,36.3733535127376,"Middle East Respiratory Syndrome (MERS-CoV)"
"204325566.99",2015-07-04,2015-07-03,2,204325566,"74","204325566","P1D","http://aido.bsvgateway.org/api/locations/204325566/","South Korea","South Korea","Country","http://aido.bsvgateway.org/api/locations/20359812/",36.3733535127376,127.819093957479,36.3733535127376,"Middle East Respiratory Syndrome (MERS-CoV)"
"204325566.100",2015-07-05,2015-07-04,0,204325566,"74","204325566","P1D","http://aido.bsvgateway.org/api/locations/204325566/","South Korea","South Korea","Country","http://aido.bsvgateway.org/api/locations/20359812/",127.819093957479,127.819093957479,36.3733535127376,"Middle East Respiratory Syndrome (MERS-CoV)"
"204325566.101",2015-07-06,2015-07-05,0,204325566,"74","204325566","P1D","http://aido.bsvgateway.org/api/locations/204325566/","South Korea","South Korea","Country","http://aido.bsvgateway.org/api/locations/20359812/",36.3733535127376,127.819093957479,36.3733535127376,"Middle East Respiratory Syndrome (MERS-CoV)"
"80570138.1",2015-08-11,2015-08-10,2,80570138,"74","80570138","P1D","http://aido.bsvgateway.org/api/locations/80570138/","Jordan","Jordan","Country","http://aido.bsvgateway.org/api/locations/20359812/",31.2455748633791,36.7709225315881,31.2455748633791,"Middle East Respiratory Syndrome (MERS-CoV)"
"80570138.2",2015-08-12,2015-08-11,0,80570138,"74","80570138","P1D","http://aido.bsvgateway.org/api/locations/80570138/","Jordan","Jordan","Country","http://aido.bsvgateway.org/api/locations/20359812/",36.7709225315881,36.7709225315881,31.2455748633791,"Middle East Respiratory Syndrome (MERS-CoV)"
"80570138.3",2015-08-13,2015-08-12,1,80570138,"74","80570138","P1D","http://aido.bsvgateway.org/api/locations/80570138/","Jordan","Jordan","Country","http://aido.bsvgateway.org/api/locations/20359812/",31.2455748633791,36.7709225315881,31.2455748633791,"Middle East Respiratory Syndrome (MERS-CoV)"
"80570138.4",2015-08-14,2015-08-13,0,80570138,"74","80570138","P1D","http://aido.bsvgateway.org/api/locations/80570138/","Jordan","Jordan","Country","http://aido.bsvgateway.org/api/locations/20359812/",36.7709225315881,36.7709225315881,31.2455748633791,"Middle East Respiratory Syndrome (MERS-CoV)"
"80570138.5",2015-08-15,2015-08-14,0,80570138,"74","80570138","P1D","http://aido.bsvgateway.org/api/locations/80570138/","Jordan","Jordan","Country","http://aido.bsvgateway.org/api/locations/20359812/",31.2455748633791,36.7709225315881,31.2455748633791,"Middle East Respiratory Syndrome (MERS-CoV)"
"80570138.6",2015-08-16,2015-08-15,0,80570138,"74","80570138","P1D","http://aido.bsvgateway.org/api/locations/80570138/","Jordan","Jordan","Country","http://aido.bsvgateway.org/api/locations/20359812/",36.7709225315881,36.7709225315881,31.2455748633791,"Middle East Respiratory Syndrome (MERS-CoV)"
"80570138.7",2015-08-17,2015-08-16,0,80570138,"74","80570138","P1D","http://aido.bsvgateway.org/api/locations/80570138/","Jordan","Jordan","Country","http://aido.bsvgateway.org/api/locations/20359812/",31.2455748633791,36.7709225315881,31.2455748633791,"Middle East Respiratory Syndrome (MERS-CoV)"
"80570138.8",2015-08-18,2015-08-17,0,80570138,"74","80570138","P1D","http://aido.bsvgateway.org/api/locations/80570138/","Jordan","Jordan","Country","http://aido.bsvgateway.org/api/locations/20359812/",36.7709225315881,36.7709225315881,31.2455748633791,"Middle East Respiratory Syndrome (MERS-CoV)"
"80570138.9",2015-08-19,2015-08-18,0,80570138,"74","80570138","P1D","http://aido.bsvgateway.org/api/locations/80570138/","Jordan","Jordan","Country","http://aido.bsvgateway.org/api/locations/20359812/",31.2455748633791,36.7709225315881,31.2455748633791,"Middle East Respiratory Syndrome (MERS-CoV)"
"80570138.10",2015-08-20,2015-08-19,0,80570138,"74","80570138","P1D","http://aido.bsvgateway.org/api/locations/80570138/","Jordan","Jordan","Country","http://aido.bsvgateway.org/api/locations/20359812/",36.7709225315881,36.7709225315881,31.2455748633791,"Middle East Respiratory Syndrome (MERS-CoV)"
"80570138.11",2015-08-21,2015-08-20,0,80570138,"74","80570138","P1D","http://aido.bsvgateway.org/api/locations/80570138/","Jordan","Jordan","Country","http://aido.bsvgateway.org/api/locations/20359812/",31.2455748633791,36.7709225315881,31.2455748633791,"Middle East Respiratory Syndrome (MERS-CoV)"
"80570138.12",2015-08-22,2015-08-21,0,80570138,"74","80570138","P1D","http://aido.bsvgateway.org/api/locations/80570138/","Jordan","Jordan","Country","http://aido.bsvgateway.org/api/locations/20359812/",36.7709225315881,36.7709225315881,31.2455748633791,"Middle East Respiratory Syndrome (MERS-CoV)"
"80570138.13",2015-08-23,2015-08-22,0,80570138,"74","80570138","P1D","http://aido.bsvgateway.org/api/locations/80570138/","Jordan","Jordan","Country","http://aido.bsvgateway.org/api/locations/20359812/",31.2455748633791,36.7709225315881,31.2455748633791,"Middle East Respiratory Syndrome (MERS-CoV)"
"80570138.14",2015-08-24,2015-08-23,0,80570138,"74","80570138","P1D","http://aido.bsvgateway.org/api/locations/80570138/","Jordan","Jordan","Country","http://aido.bsvgateway.org/api/locations/20359812/",36.7709225315881,36.7709225315881,31.2455748633791,"Middle East Respiratory Syndrome (MERS-CoV)"
"80570138.15",2015-08-25,2015-08-24,0,80570138,"74","80570138","P1D","http://aido.bsvgateway.org/api/locations/80570138/","Jordan","Jordan","Country","http://aido.bsvgateway.org/api/locations/20359812/",31.2455748633791,36.7709225315881,31.2455748633791,"Middle East Respiratory Syndrome (MERS-CoV)"
"80570138.16",2015-08-26,2015-08-25,1,80570138,"74","80570138","P1D","http://aido.bsvgateway.org/api/locations/80570138/","Jordan","Jordan","Country","http://aido.bsvgateway.org/api/locations/20359812/",36.7709225315881,36.7709225315881,31.2455748633791,"Middle East Respiratory Syndrome (MERS-CoV)"
"80570138.17",2015-08-27,2015-08-26,0,80570138,"74","80570138","P1D","http://aido.bsvgateway.org/api/locations/80570138/","Jordan","Jordan","Country","http://aido.bsvgateway.org/api/locations/20359812/",31.2455748633791,36.7709225315881,31.2455748633791,"Middle East Respiratory Syndrome (MERS-CoV)"
"80570138.18",2015-08-28,2015-08-27,0,80570138,"74","80570138","P1D","http://aido.bsvgateway.org/api/locations/80570138/","Jordan","Jordan","Country","http://aido.bsvgateway.org/api/locations/20359812/",36.7709225315881,36.7709225315881,31.2455748633791,"Middle East Respiratory Syndrome (MERS-CoV)"
"80570138.19",2015-08-29,2015-08-28,0,80570138,"74","80570138","P1D","http://aido.bsvgateway.org/api/locations/80570138/","Jordan","Jordan","Country","http://aido.bsvgateway.org/api/locations/20359812/",31.2455748633791,36.7709225315881,31.2455748633791,"Middle East Respiratory Syndrome (MERS-CoV)"
"80570138.20",2015-08-30,2015-08-29,0,80570138,"74","80570138","P1D","http://aido.bsvgateway.org/api/locations/80570138/","Jordan","Jordan","Country","http://aido.bsvgateway.org/api/locations/20359812/",36.7709225315881,36.7709225315881,31.2455748633791,"Middle East Respiratory Syndrome (MERS-CoV)"
"80570138.21",2015-08-31,2015-08-30,1,80570138,"74","80570138","P1D","http://aido.bsvgateway.org/api/locations/80570138/","Jordan","Jordan","Country","http://aido.bsvgateway.org/api/locations/20359812/",31.2455748633791,36.7709225315881,31.2455748633791,"Middle East Respiratory Syndrome (MERS-CoV)"
"80570138.22",2015-09-01,2015-08-31,1,80570138,"74","80570138","P1D","http://aido.bsvgateway.org/api/locations/80570138/","Jordan","Jordan","Country","http://aido.bsvgateway.org/api/locations/20359812/",36.7709225315881,36.7709225315881,31.2455748633791,"Middle East Respiratory Syndrome (MERS-CoV)"
"98036093.23",2017-02-24,2017-02-23,1,98036093,"74","98036093","P1D","http://aido.bsvgateway.org/api/locations/98036093/","Saudi Arabia","Saudi Arabia","Country","http://aido.bsvgateway.org/api/locations/20359812/",24.1223270406199,44.5368636674646,24.1223270406199,"Middle East Respiratory Syndrome (MERS-CoV)"
"98036093.24",2017-02-25,2017-02-24,0,98036093,"74","98036093","P1D","http://aido.bsvgateway.org/api/locations/98036093/","Saudi Arabia","Saudi Arabia","Country","http://aido.bsvgateway.org/api/locations/20359812/",44.5368636674646,44.5368636674646,24.1223270406199,"Middle East Respiratory Syndrome (MERS-CoV)"
"98036093.25",2017-02-26,2017-02-25,0,98036093,"74","98036093","P1D","http://aido.bsvgateway.org/api/locations/98036093/","Saudi Arabia","Saudi Arabia","Country","http://aido.bsvgateway.org/api/locations/20359812/",24.1223270406199,44.5368636674646,24.1223270406199,"Middle East Respiratory Syndrome (MERS-CoV)"
"98036093.26",2017-02-27,2017-02-26,0,98036093,"74","98036093","P1D","http://aido.bsvgateway.org/api/locations/98036093/","Saudi Arabia","Saudi Arabia","Country","http://aido.bsvgateway.org/api/locations/20359812/",44.5368636674646,44.5368636674646,24.1223270406199,"Middle East Respiratory Syndrome (MERS-CoV)"
"98036093.27",2017-02-28,2017-02-27,3,98036093,"74","98036093","P1D","http://aido.bsvgateway.org/api/locations/98036093/","Saudi Arabia","Saudi Arabia","Country","http://aido.bsvgateway.org/api/locations/20359812/",24.1223270406199,44.5368636674646,24.1223270406199,"Middle East Respiratory Syndrome (MERS-CoV)"
"98036093.28",2017-03-01,2017-02-28,1,98036093,"74","98036093","P1D","http://aido.bsvgateway.org/api/locations/98036093/","Saudi Arabia","Saudi Arabia","Country","http://aido.bsvgateway.org/api/locations/20359812/",44.5368636674646,44.5368636674646,24.1223270406199,"Middle East Respiratory Syndrome (MERS-CoV)"
"98036093.29",2017-03-02,2017-03-01,0,98036093,"74","98036093","P1D","http://aido.bsvgateway.org/api/locations/98036093/","Saudi Arabia","Saudi Arabia","Country","http://aido.bsvgateway.org/api/locations/20359812/",24.1223270406199,44.5368636674646,24.1223270406199,"Middle East Respiratory Syndrome (MERS-CoV)"
"98036093.30",2017-03-03,2017-03-02,0,98036093,"74","98036093","P1D","http://aido.bsvgateway.org/api/locations/98036093/","Saudi Arabia","Saudi Arabia","Country","http://aido.bsvgateway.org/api/locations/20359812/",44.5368636674646,44.5368636674646,24.1223270406199,"Middle East Respiratory Syndrome (MERS-CoV)"
"98036093.31",2017-03-04,2017-03-03,0,98036093,"74","98036093","P1D","http://aido.bsvgateway.org/api/locations/98036093/","Saudi Arabia","Saudi Arabia","Country","http://aido.bsvgateway.org/api/locations/20359812/",24.1223270406199,44.5368636674646,24.1223270406199,"Middle East Respiratory Syndrome (MERS-CoV)"
"98036093.32",2017-03-05,2017-03-04,1,98036093,"74","98036093","P1D","http://aido.bsvgateway.org/api/locations/98036093/","Saudi Arabia","Saudi Arabia","Country","http://aido.bsvgateway.org/api/locations/20359812/",44.5368636674646,44.5368636674646,24.1223270406199,"Middle East Respiratory Syndrome (MERS-CoV)"
"98036093.33",2017-03-06,2017-03-05,0,98036093,"74","98036093","P1D","http://aido.bsvgateway.org/api/locations/98036093/","Saudi Arabia","Saudi Arabia","Country","http://aido.bsvgateway.org/api/locations/20359812/",24.1223270406199,44.5368636674646,24.1223270406199,"Middle East Respiratory Syndrome (MERS-CoV)"
"98036093.34",2017-03-07,2017-03-06,2,98036093,"74","98036093","P1D","http://aido.bsvgateway.org/api/locations/98036093/","Saudi Arabia","Saudi Arabia","Country","http://aido.bsvgateway.org/api/locations/20359812/",44.5368636674646,44.5368636674646,24.1223270406199,"Middle East Respiratory Syndrome (MERS-CoV)"
"98036093.35",2017-03-08,2017-03-07,1,98036093,"74","98036093","P1D","http://aido.bsvgateway.org/api/locations/98036093/","Saudi Arabia","Saudi Arabia","Country","http://aido.bsvgateway.org/api/locations/20359812/",24.1223270406199,44.5368636674646,24.1223270406199,"Middle East Respiratory Syndrome (MERS-CoV)"
"98036093.36",2017-03-09,2017-03-08,0,98036093,"74","98036093","P1D","http://aido.bsvgateway.org/api/locations/98036093/","Saudi Arabia","Saudi Arabia","Country","http://aido.bsvgateway.org/api/locations/20359812/",44.5368636674646,44.5368636674646,24.1223270406199,"Middle East Respiratory Syndrome (MERS-CoV)"
"98036093.37",2017-03-10,2017-03-09,0,98036093,"74","98036093","P1D","http://aido.bsvgateway.org/api/locations/98036093/","Saudi Arabia","Saudi Arabia","Country","http://aido.bsvgateway.org/api/locations/20359812/",24.1223270406199,44.5368636674646,24.1223270406199,"Middle East Respiratory Syndrome (MERS-CoV)"
"98036093.38",2017-03-11,2017-03-10,0,98036093,"74","98036093","P1D","http://aido.bsvgateway.org/api/locations/98036093/","Saudi Arabia","Saudi Arabia","Country","http://aido.bsvgateway.org/api/locations/20359812/",44.5368636674646,44.5368636674646,24.1223270406199,"Middle East Respiratory Syndrome (MERS-CoV)"
"98036093.39",2017-03-12,2017-03-11,4,98036093,"74","98036093","P1D","http://aido.bsvgateway.org/api/locations/98036093/","Saudi Arabia","Saudi Arabia","Country","http://aido.bsvgateway.org/api/locations/20359812/",24.1223270406199,44.5368636674646,24.1223270406199,"Middle East Respiratory Syndrome (MERS-CoV)"
"98036093.40",2017-03-13,2017-03-12,2,98036093,"74","98036093","P1D","http://aido.bsvgateway.org/api/locations/98036093/","Saudi Arabia","Saudi Arabia","Country","http://aido.bsvgateway.org/api/locations/20359812/",44.5368636674646,44.5368636674646,24.1223270406199,"Middle East Respiratory Syndrome (MERS-CoV)"
"98036093.41",2017-03-14,2017-03-13,1,98036093,"74","98036093","P1D","http://aido.bsvgateway.org/api/locations/98036093/","Saudi Arabia","Saudi Arabia","Country","http://aido.bsvgateway.org/api/locations/20359812/",24.1223270406199,44.5368636674646,24.1223270406199,"Middle East Respiratory Syndrome (MERS-CoV)"
"98036093.42",2017-03-15,2017-03-14,1,98036093,"74","98036093","P1D","http://aido.bsvgateway.org/api/locations/98036093/","Saudi Arabia","Saudi Arabia","Country","http://aido.bsvgateway.org/api/locations/20359812/",44.5368636674646,44.5368636674646,24.1223270406199,"Middle East Respiratory Syndrome (MERS-CoV)"
"98036093.43",2017-03-16,2017-03-15,0,98036093,"74","98036093","P1D","http://aido.bsvgateway.org/api/locations/98036093/","Saudi Arabia","Saudi Arabia","Country","http://aido.bsvgateway.org/api/locations/20359812/",24.1223270406199,44.5368636674646,24.1223270406199,"Middle East Respiratory Syndrome (MERS-CoV)"
"98036093.44",2017-03-17,2017-03-16,0,98036093,"74","98036093","P1D","http://aido.bsvgateway.org/api/locations/98036093/","Saudi Arabia","Saudi Arabia","Country","http://aido.bsvgateway.org/api/locations/20359812/",44.5368636674646,44.5368636674646,24.1223270406199,"Middle East Respiratory Syndrome (MERS-CoV)"
"98036093.45",2017-03-18,2017-03-17,1,98036093,"74","98036093","P1D","http://aido.bsvgateway.org/api/locations/98036093/","Saudi Arabia","Saudi Arabia","Country","http://aido.bsvgateway.org/api/locations/20359812/",24.1223270406199,44.5368636674646,24.1223270406199,"Middle East Respiratory Syndrome (MERS-CoV)"
"98036093.46",2015-02-01,2015-01-01,8,98036093,"74","98036093","P1M","http://aido.bsvgateway.org/api/locations/98036093/","Saudi Arabia","Saudi Arabia","Country","http://aido.bsvgateway.org/api/locations/20359812/",44.5368636674646,44.5368636674646,24.1223270406199,"Middle East Respiratory Syndrome (MERS-CoV)"
"98036093.47",2015-03-01,2015-02-01,22,98036093,"74","98036093","P1M","http://aido.bsvgateway.org/api/locations/98036093/","Saudi Arabia","Saudi Arabia","Country","http://aido.bsvgateway.org/api/locations/20359812/",24.1223270406199,44.5368636674646,24.1223270406199,"Middle East Respiratory Syndrome (MERS-CoV)"
"98036093.48",2015-04-01,2015-03-01,12,98036093,"74","98036093","P1M","http://aido.bsvgateway.org/api/locations/98036093/","Saudi Arabia","Saudi Arabia","Country","http://aido.bsvgateway.org/api/locations/20359812/",44.5368636674646,44.5368636674646,24.1223270406199,"Middle East Respiratory Syndrome (MERS-CoV)"
"98036093.49",2015-05-01,2015-04-01,10,98036093,"74","98036093","P1M","http://aido.bsvgateway.org/api/locations/98036093/","Saudi Arabia","Saudi Arabia","Country","http://aido.bsvgateway.org/api/locations/20359812/",24.1223270406199,44.5368636674646,24.1223270406199,"Middle East Respiratory Syndrome (MERS-CoV)"
"98036093.50",2015-06-01,2015-05-01,17,98036093,"74","98036093","P1M","http://aido.bsvgateway.org/api/locations/98036093/","Saudi Arabia","Saudi Arabia","Country","http://aido.bsvgateway.org/api/locations/20359812/",44.5368636674646,44.5368636674646,24.1223270406199,"Middle East Respiratory Syndrome (MERS-CoV)"
"98036093.51",2015-07-01,2015-06-01,8,98036093,"74","98036093","P1M","http://aido.bsvgateway.org/api/locations/98036093/","Saudi Arabia","Saudi Arabia","Country","http://aido.bsvgateway.org/api/locations/20359812/",24.1223270406199,44.5368636674646,24.1223270406199,"Middle East Respiratory Syndrome (MERS-CoV)"
"98036093.52",2015-08-01,2015-07-01,9,98036093,"74","98036093","P1M","http://aido.bsvgateway.org/api/locations/98036093/","Saudi Arabia","Saudi Arabia","Country","http://aido.bsvgateway.org/api/locations/20359812/",44.5368636674646,44.5368636674646,24.1223270406199,"Middle East Respiratory Syndrome (MERS-CoV)"
"98036093.53",2015-09-01,2015-08-01,51,98036093,"74","98036093","P1M","http://aido.bsvgateway.org/api/locations/98036093/","Saudi Arabia","Saudi Arabia","Country","http://aido.bsvgateway.org/api/locations/20359812/",24.1223270406199,44.5368636674646,24.1223270406199,"Middle East Respiratory Syndrome (MERS-CoV)"
"98036093.54",2015-10-01,2015-09-01,0,98036093,"74","98036093","P1M","http://aido.bsvgateway.org/api/locations/98036093/","Saudi Arabia","Saudi Arabia","Country","http://aido.bsvgateway.org/api/locations/20359812/",44.5368636674646,44.5368636674646,24.1223270406199,"Middle East Respiratory Syndrome (MERS-CoV)"
