"","end","start","value","id","disease","location","duration","url","name","full_name","admin_level_name","parent","centroid_lat_long","longitude","latitude","disease_name"
"113309883.51",2014-05-15,2014-05-08,0,113309883,"50","113309883","P7D","http://aido.bsvgateway.org/api/locations/113309883/","United States of America","United States of America","Country","http://aido.bsvgateway.org/api/locations/71269652/",45.6881134999987,-112.49572628642,45.6881134999987,"Campylobacteriosis"
"113309883.52",2014-05-22,2014-05-15,6,113309883,"50","113309883","P7D","http://aido.bsvgateway.org/api/locations/113309883/","United States of America","United States of America","Country","http://aido.bsvgateway.org/api/locations/71269652/",-112.49572628642,-112.49572628642,45.6881134999987,"Campylobacteriosis"
"113309883.53",2014-05-29,2014-05-22,5,113309883,"50","113309883","P7D","http://aido.bsvgateway.org/api/locations/113309883/","United States of America","United States of America","Country","http://aido.bsvgateway.org/api/locations/71269652/",45.6881134999987,-112.49572628642,45.6881134999987,"Campylobacteriosis"
"113309883.54",2014-06-05,2014-05-29,7,113309883,"50","113309883","P7D","http://aido.bsvgateway.org/api/locations/113309883/","United States of America","United States of America","Country","http://aido.bsvgateway.org/api/locations/71269652/",-112.49572628642,-112.49572628642,45.6881134999987,"Campylobacteriosis"
"113309883.55",2014-06-12,2014-06-05,7,113309883,"50","113309883","P7D","http://aido.bsvgateway.org/api/locations/113309883/","United States of America","United States of America","Country","http://aido.bsvgateway.org/api/locations/71269652/",45.6881134999987,-112.49572628642,45.6881134999987,"Campylobacteriosis"
"113309883.56",2014-06-19,2014-06-12,12,113309883,"50","113309883","P7D","http://aido.bsvgateway.org/api/locations/113309883/","United States of America","United States of America","Country","http://aido.bsvgateway.org/api/locations/71269652/",-112.49572628642,-112.49572628642,45.6881134999987,"Campylobacteriosis"
"113309883.57",2014-06-26,2014-06-19,7,113309883,"50","113309883","P7D","http://aido.bsvgateway.org/api/locations/113309883/","United States of America","United States of America","Country","http://aido.bsvgateway.org/api/locations/71269652/",45.6881134999987,-112.49572628642,45.6881134999987,"Campylobacteriosis"
"113309883.58",2014-07-03,2014-06-26,6,113309883,"50","113309883","P7D","http://aido.bsvgateway.org/api/locations/113309883/","United States of America","United States of America","Country","http://aido.bsvgateway.org/api/locations/71269652/",-112.49572628642,-112.49572628642,45.6881134999987,"Campylobacteriosis"
"113309883.59",2014-07-10,2014-07-03,9,113309883,"50","113309883","P7D","http://aido.bsvgateway.org/api/locations/113309883/","United States of America","United States of America","Country","http://aido.bsvgateway.org/api/locations/71269652/",45.6881134999987,-112.49572628642,45.6881134999987,"Campylobacteriosis"
"113309883.60",2014-07-17,2014-07-10,6,113309883,"50","113309883","P7D","http://aido.bsvgateway.org/api/locations/113309883/","United States of America","United States of America","Country","http://aido.bsvgateway.org/api/locations/71269652/",-112.49572628642,-112.49572628642,45.6881134999987,"Campylobacteriosis"
"113309883.61",2014-07-24,2014-07-17,8,113309883,"50","113309883","P7D","http://aido.bsvgateway.org/api/locations/113309883/","United States of America","United States of America","Country","http://aido.bsvgateway.org/api/locations/71269652/",45.6881134999987,-112.49572628642,45.6881134999987,"Campylobacteriosis"
"113309883.62",2014-07-31,2014-07-24,5,113309883,"50","113309883","P7D","http://aido.bsvgateway.org/api/locations/113309883/","United States of America","United States of America","Country","http://aido.bsvgateway.org/api/locations/71269652/",-112.49572628642,-112.49572628642,45.6881134999987,"Campylobacteriosis"
"113309883.63",2014-08-07,2014-07-31,3,113309883,"50","113309883","P7D","http://aido.bsvgateway.org/api/locations/113309883/","United States of America","United States of America","Country","http://aido.bsvgateway.org/api/locations/71269652/",45.6881134999987,-112.49572628642,45.6881134999987,"Campylobacteriosis"
"113309883.64",2014-08-14,2014-08-07,1,113309883,"50","113309883","P7D","http://aido.bsvgateway.org/api/locations/113309883/","United States of America","United States of America","Country","http://aido.bsvgateway.org/api/locations/71269652/",-112.49572628642,-112.49572628642,45.6881134999987,"Campylobacteriosis"
"113309883.65",2014-08-21,2014-08-14,3,113309883,"50","113309883","P7D","http://aido.bsvgateway.org/api/locations/113309883/","United States of America","United States of America","Country","http://aido.bsvgateway.org/api/locations/71269652/",45.6881134999987,-112.49572628642,45.6881134999987,"Campylobacteriosis"
"113309883.66",2014-08-28,2014-08-21,3,113309883,"50","113309883","P7D","http://aido.bsvgateway.org/api/locations/113309883/","United States of America","United States of America","Country","http://aido.bsvgateway.org/api/locations/71269652/",-112.49572628642,-112.49572628642,45.6881134999987,"Campylobacteriosis"
"113309883.67",2014-09-04,2014-08-28,0,113309883,"50","113309883","P7D","http://aido.bsvgateway.org/api/locations/113309883/","United States of America","United States of America","Country","http://aido.bsvgateway.org/api/locations/71269652/",45.6881134999987,-112.49572628642,45.6881134999987,"Campylobacteriosis"
"113309883.68",2014-09-11,2014-09-04,0,113309883,"50","113309883","P7D","http://aido.bsvgateway.org/api/locations/113309883/","United States of America","United States of America","Country","http://aido.bsvgateway.org/api/locations/71269652/",-112.49572628642,-112.49572628642,45.6881134999987,"Campylobacteriosis"
"113309883.69",2014-09-18,2014-09-11,0,113309883,"50","113309883","P7D","http://aido.bsvgateway.org/api/locations/113309883/","United States of America","United States of America","Country","http://aido.bsvgateway.org/api/locations/71269652/",45.6881134999987,-112.49572628642,45.6881134999987,"Campylobacteriosis"
"113309883.70",2014-09-25,2014-09-18,0,113309883,"50","113309883","P7D","http://aido.bsvgateway.org/api/locations/113309883/","United States of America","United States of America","Country","http://aido.bsvgateway.org/api/locations/71269652/",-112.49572628642,-112.49572628642,45.6881134999987,"Campylobacteriosis"
"113309883.71",2014-10-02,2014-09-25,0,113309883,"50","113309883","P7D","http://aido.bsvgateway.org/api/locations/113309883/","United States of America","United States of America","Country","http://aido.bsvgateway.org/api/locations/71269652/",45.6881134999987,-112.49572628642,45.6881134999987,"Campylobacteriosis"
"113309883.72",2014-10-09,2014-10-02,1,113309883,"50","113309883","P7D","http://aido.bsvgateway.org/api/locations/113309883/","United States of America","United States of America","Country","http://aido.bsvgateway.org/api/locations/71269652/",-112.49572628642,-112.49572628642,45.6881134999987,"Campylobacteriosis"
"113309883.73",2014-10-16,2014-10-09,0,113309883,"50","113309883","P7D","http://aido.bsvgateway.org/api/locations/113309883/","United States of America","United States of America","Country","http://aido.bsvgateway.org/api/locations/71269652/",45.6881134999987,-112.49572628642,45.6881134999987,"Campylobacteriosis"
"113309883.74",2014-10-23,2014-10-16,1,113309883,"50","113309883","P7D","http://aido.bsvgateway.org/api/locations/113309883/","United States of America","United States of America","Country","http://aido.bsvgateway.org/api/locations/71269652/",-112.49572628642,-112.49572628642,45.6881134999987,"Campylobacteriosis"
"113309883.75",2014-10-30,2014-10-23,2,113309883,"50","113309883","P7D","http://aido.bsvgateway.org/api/locations/113309883/","United States of America","United States of America","Country","http://aido.bsvgateway.org/api/locations/71269652/",45.6881134999987,-112.49572628642,45.6881134999987,"Campylobacteriosis"
"113309883.76",2014-11-06,2014-10-30,1,113309883,"50","113309883","P7D","http://aido.bsvgateway.org/api/locations/113309883/","United States of America","United States of America","Country","http://aido.bsvgateway.org/api/locations/71269652/",-112.49572628642,-112.49572628642,45.6881134999987,"Campylobacteriosis"
"113309883.77",2014-11-13,2014-11-06,5,113309883,"50","113309883","P7D","http://aido.bsvgateway.org/api/locations/113309883/","United States of America","United States of America","Country","http://aido.bsvgateway.org/api/locations/71269652/",45.6881134999987,-112.49572628642,45.6881134999987,"Campylobacteriosis"
"118006383.78",2013-04-24,2013-04-23,1,118006383,"50","118006383","P1D","http://aido.bsvgateway.org/api/locations/118006383/","Australia","Australia","Country","http://aido.bsvgateway.org/api/locations/156561026/",-25.7323105390557,134.491118787801,-25.7323105390557,"Campylobacteriosis"
"118006383.79",2013-04-25,2013-04-24,0,118006383,"50","118006383","P1D","http://aido.bsvgateway.org/api/locations/118006383/","Australia","Australia","Country","http://aido.bsvgateway.org/api/locations/156561026/",134.4911187878,134.491118787801,-25.7323105390557,"Campylobacteriosis"
"118006383.80",2013-04-26,2013-04-25,0,118006383,"50","118006383","P1D","http://aido.bsvgateway.org/api/locations/118006383/","Australia","Australia","Country","http://aido.bsvgateway.org/api/locations/156561026/",-25.7323105390557,134.491118787801,-25.7323105390557,"Campylobacteriosis"
"118006383.81",2013-04-27,2013-04-26,0,118006383,"50","118006383","P1D","http://aido.bsvgateway.org/api/locations/118006383/","Australia","Australia","Country","http://aido.bsvgateway.org/api/locations/156561026/",134.4911187878,134.491118787801,-25.7323105390557,"Campylobacteriosis"
"118006383.82",2013-04-28,2013-04-27,1,118006383,"50","118006383","P1D","http://aido.bsvgateway.org/api/locations/118006383/","Australia","Australia","Country","http://aido.bsvgateway.org/api/locations/156561026/",-25.7323105390557,134.491118787801,-25.7323105390557,"Campylobacteriosis"
"118006383.83",2013-04-29,2013-04-28,0,118006383,"50","118006383","P1D","http://aido.bsvgateway.org/api/locations/118006383/","Australia","Australia","Country","http://aido.bsvgateway.org/api/locations/156561026/",134.4911187878,134.491118787801,-25.7323105390557,"Campylobacteriosis"
"118006383.84",2013-04-30,2013-04-29,1,118006383,"50","118006383","P1D","http://aido.bsvgateway.org/api/locations/118006383/","Australia","Australia","Country","http://aido.bsvgateway.org/api/locations/156561026/",-25.7323105390557,134.491118787801,-25.7323105390557,"Campylobacteriosis"
"118006383.85",2013-05-01,2013-04-30,1,118006383,"50","118006383","P1D","http://aido.bsvgateway.org/api/locations/118006383/","Australia","Australia","Country","http://aido.bsvgateway.org/api/locations/156561026/",134.4911187878,134.491118787801,-25.7323105390557,"Campylobacteriosis"
"118006383.86",2013-05-02,2013-05-01,1,118006383,"50","118006383","P1D","http://aido.bsvgateway.org/api/locations/118006383/","Australia","Australia","Country","http://aido.bsvgateway.org/api/locations/156561026/",-25.7323105390557,134.491118787801,-25.7323105390557,"Campylobacteriosis"
"118006383.87",2013-05-03,2013-05-02,0,118006383,"50","118006383","P1D","http://aido.bsvgateway.org/api/locations/118006383/","Australia","Australia","Country","http://aido.bsvgateway.org/api/locations/156561026/",134.4911187878,134.491118787801,-25.7323105390557,"Campylobacteriosis"
"118006383.88",2013-05-04,2013-05-03,0,118006383,"50","118006383","P1D","http://aido.bsvgateway.org/api/locations/118006383/","Australia","Australia","Country","http://aido.bsvgateway.org/api/locations/156561026/",-25.7323105390557,134.491118787801,-25.7323105390557,"Campylobacteriosis"
"118006383.89",2013-05-05,2013-05-04,0,118006383,"50","118006383","P1D","http://aido.bsvgateway.org/api/locations/118006383/","Australia","Australia","Country","http://aido.bsvgateway.org/api/locations/156561026/",134.4911187878,134.491118787801,-25.7323105390557,"Campylobacteriosis"
"118006383.90",2013-05-06,2013-05-05,0,118006383,"50","118006383","P1D","http://aido.bsvgateway.org/api/locations/118006383/","Australia","Australia","Country","http://aido.bsvgateway.org/api/locations/156561026/",-25.7323105390557,134.491118787801,-25.7323105390557,"Campylobacteriosis"
"118006383.91",2013-05-07,2013-05-06,0,118006383,"50","118006383","P1D","http://aido.bsvgateway.org/api/locations/118006383/","Australia","Australia","Country","http://aido.bsvgateway.org/api/locations/156561026/",134.4911187878,134.491118787801,-25.7323105390557,"Campylobacteriosis"
"118006383.92",2013-05-08,2013-05-07,0,118006383,"50","118006383","P1D","http://aido.bsvgateway.org/api/locations/118006383/","Australia","Australia","Country","http://aido.bsvgateway.org/api/locations/156561026/",-25.7323105390557,134.491118787801,-25.7323105390557,"Campylobacteriosis"
"118006383.93",2013-05-09,2013-05-08,0,118006383,"50","118006383","P1D","http://aido.bsvgateway.org/api/locations/118006383/","Australia","Australia","Country","http://aido.bsvgateway.org/api/locations/156561026/",134.4911187878,134.491118787801,-25.7323105390557,"Campylobacteriosis"
"118006383.94",2013-05-10,2013-05-09,0,118006383,"50","118006383","P1D","http://aido.bsvgateway.org/api/locations/118006383/","Australia","Australia","Country","http://aido.bsvgateway.org/api/locations/156561026/",-25.7323105390557,134.491118787801,-25.7323105390557,"Campylobacteriosis"
"118006383.95",2013-05-11,2013-05-10,0,118006383,"50","118006383","P1D","http://aido.bsvgateway.org/api/locations/118006383/","Australia","Australia","Country","http://aido.bsvgateway.org/api/locations/156561026/",134.4911187878,134.491118787801,-25.7323105390557,"Campylobacteriosis"
"118006383.96",2013-05-12,2013-05-11,0,118006383,"50","118006383","P1D","http://aido.bsvgateway.org/api/locations/118006383/","Australia","Australia","Country","http://aido.bsvgateway.org/api/locations/156561026/",-25.7323105390557,134.491118787801,-25.7323105390557,"Campylobacteriosis"
"118006383.97",2013-05-13,2013-05-12,0,118006383,"50","118006383","P1D","http://aido.bsvgateway.org/api/locations/118006383/","Australia","Australia","Country","http://aido.bsvgateway.org/api/locations/156561026/",134.4911187878,134.491118787801,-25.7323105390557,"Campylobacteriosis"
"118006383.98",2013-05-14,2013-05-13,0,118006383,"50","118006383","P1D","http://aido.bsvgateway.org/api/locations/118006383/","Australia","Australia","Country","http://aido.bsvgateway.org/api/locations/156561026/",-25.7323105390557,134.491118787801,-25.7323105390557,"Campylobacteriosis"
"118006383.99",2013-05-15,2013-05-14,0,118006383,"50","118006383","P1D","http://aido.bsvgateway.org/api/locations/118006383/","Australia","Australia","Country","http://aido.bsvgateway.org/api/locations/156561026/",134.4911187878,134.491118787801,-25.7323105390557,"Campylobacteriosis"
"118006383.100",2013-05-16,2013-05-15,0,118006383,"50","118006383","P1D","http://aido.bsvgateway.org/api/locations/118006383/","Australia","Australia","Country","http://aido.bsvgateway.org/api/locations/156561026/",-25.7323105390557,134.491118787801,-25.7323105390557,"Campylobacteriosis"
"118006383.101",2013-05-17,2013-05-16,0,118006383,"50","118006383","P1D","http://aido.bsvgateway.org/api/locations/118006383/","Australia","Australia","Country","http://aido.bsvgateway.org/api/locations/156561026/",134.4911187878,134.491118787801,-25.7323105390557,"Campylobacteriosis"
"118006383.102",2013-05-18,2013-05-17,0,118006383,"50","118006383","P1D","http://aido.bsvgateway.org/api/locations/118006383/","Australia","Australia","Country","http://aido.bsvgateway.org/api/locations/156561026/",-25.7323105390557,134.491118787801,-25.7323105390557,"Campylobacteriosis"
"118006383.103",2013-05-19,2013-05-18,0,118006383,"50","118006383","P1D","http://aido.bsvgateway.org/api/locations/118006383/","Australia","Australia","Country","http://aido.bsvgateway.org/api/locations/156561026/",134.4911187878,134.491118787801,-25.7323105390557,"Campylobacteriosis"
"118006383.104",2013-05-20,2013-05-19,0,118006383,"50","118006383","P1D","http://aido.bsvgateway.org/api/locations/118006383/","Australia","Australia","Country","http://aido.bsvgateway.org/api/locations/156561026/",-25.7323105390557,134.491118787801,-25.7323105390557,"Campylobacteriosis"
"118006383.105",2013-05-21,2013-05-20,0,118006383,"50","118006383","P1D","http://aido.bsvgateway.org/api/locations/118006383/","Australia","Australia","Country","http://aido.bsvgateway.org/api/locations/156561026/",134.4911187878,134.491118787801,-25.7323105390557,"Campylobacteriosis"
"118006383.106",2013-05-22,2013-05-21,0,118006383,"50","118006383","P1D","http://aido.bsvgateway.org/api/locations/118006383/","Australia","Australia","Country","http://aido.bsvgateway.org/api/locations/156561026/",-25.7323105390557,134.491118787801,-25.7323105390557,"Campylobacteriosis"
"118006383.107",2013-05-23,2013-05-22,0,118006383,"50","118006383","P1D","http://aido.bsvgateway.org/api/locations/118006383/","Australia","Australia","Country","http://aido.bsvgateway.org/api/locations/156561026/",134.4911187878,134.491118787801,-25.7323105390557,"Campylobacteriosis"
"118006383.108",2013-05-24,2013-05-23,0,118006383,"50","118006383","P1D","http://aido.bsvgateway.org/api/locations/118006383/","Australia","Australia","Country","http://aido.bsvgateway.org/api/locations/156561026/",-25.7323105390557,134.491118787801,-25.7323105390557,"Campylobacteriosis"
"118006383.109",2013-05-25,2013-05-24,0,118006383,"50","118006383","P1D","http://aido.bsvgateway.org/api/locations/118006383/","Australia","Australia","Country","http://aido.bsvgateway.org/api/locations/156561026/",134.4911187878,134.491118787801,-25.7323105390557,"Campylobacteriosis"
"118006383.110",2013-05-26,2013-05-25,0,118006383,"50","118006383","P1D","http://aido.bsvgateway.org/api/locations/118006383/","Australia","Australia","Country","http://aido.bsvgateway.org/api/locations/156561026/",-25.7323105390557,134.491118787801,-25.7323105390557,"Campylobacteriosis"
"118006383.111",2013-05-27,2013-05-26,0,118006383,"50","118006383","P1D","http://aido.bsvgateway.org/api/locations/118006383/","Australia","Australia","Country","http://aido.bsvgateway.org/api/locations/156561026/",134.4911187878,134.491118787801,-25.7323105390557,"Campylobacteriosis"
"118006383.112",2013-05-28,2013-05-27,0,118006383,"50","118006383","P1D","http://aido.bsvgateway.org/api/locations/118006383/","Australia","Australia","Country","http://aido.bsvgateway.org/api/locations/156561026/",-25.7323105390557,134.491118787801,-25.7323105390557,"Campylobacteriosis"
"118006383.113",2013-05-29,2013-05-28,0,118006383,"50","118006383","P1D","http://aido.bsvgateway.org/api/locations/118006383/","Australia","Australia","Country","http://aido.bsvgateway.org/api/locations/156561026/",134.4911187878,134.491118787801,-25.7323105390557,"Campylobacteriosis"
"118006383.114",2013-05-30,2013-05-29,0,118006383,"50","118006383","P1D","http://aido.bsvgateway.org/api/locations/118006383/","Australia","Australia","Country","http://aido.bsvgateway.org/api/locations/156561026/",-25.7323105390557,134.491118787801,-25.7323105390557,"Campylobacteriosis"
"118006383.115",2013-05-31,2013-05-30,0,118006383,"50","118006383","P1D","http://aido.bsvgateway.org/api/locations/118006383/","Australia","Australia","Country","http://aido.bsvgateway.org/api/locations/156561026/",134.4911187878,134.491118787801,-25.7323105390557,"Campylobacteriosis"
"118006383.116",2013-06-01,2013-05-31,0,118006383,"50","118006383","P1D","http://aido.bsvgateway.org/api/locations/118006383/","Australia","Australia","Country","http://aido.bsvgateway.org/api/locations/156561026/",-25.7323105390557,134.491118787801,-25.7323105390557,"Campylobacteriosis"
"118006383.117",2013-06-02,2013-06-01,0,118006383,"50","118006383","P1D","http://aido.bsvgateway.org/api/locations/118006383/","Australia","Australia","Country","http://aido.bsvgateway.org/api/locations/156561026/",134.4911187878,134.491118787801,-25.7323105390557,"Campylobacteriosis"
"118006383.118",2013-06-03,2013-06-02,0,118006383,"50","118006383","P1D","http://aido.bsvgateway.org/api/locations/118006383/","Australia","Australia","Country","http://aido.bsvgateway.org/api/locations/156561026/",-25.7323105390557,134.491118787801,-25.7323105390557,"Campylobacteriosis"
"118006383.119",2013-06-04,2013-06-03,0,118006383,"50","118006383","P1D","http://aido.bsvgateway.org/api/locations/118006383/","Australia","Australia","Country","http://aido.bsvgateway.org/api/locations/156561026/",134.4911187878,134.491118787801,-25.7323105390557,"Campylobacteriosis"
"118006383.120",2013-06-05,2013-06-04,0,118006383,"50","118006383","P1D","http://aido.bsvgateway.org/api/locations/118006383/","Australia","Australia","Country","http://aido.bsvgateway.org/api/locations/156561026/",-25.7323105390557,134.491118787801,-25.7323105390557,"Campylobacteriosis"
"118006383.121",2013-06-06,2013-06-05,0,118006383,"50","118006383","P1D","http://aido.bsvgateway.org/api/locations/118006383/","Australia","Australia","Country","http://aido.bsvgateway.org/api/locations/156561026/",134.4911187878,134.491118787801,-25.7323105390557,"Campylobacteriosis"
"118006383.122",2013-06-07,2013-06-06,0,118006383,"50","118006383","P1D","http://aido.bsvgateway.org/api/locations/118006383/","Australia","Australia","Country","http://aido.bsvgateway.org/api/locations/156561026/",-25.7323105390557,134.491118787801,-25.7323105390557,"Campylobacteriosis"
"118006383.123",2013-06-08,2013-06-07,0,118006383,"50","118006383","P1D","http://aido.bsvgateway.org/api/locations/118006383/","Australia","Australia","Country","http://aido.bsvgateway.org/api/locations/156561026/",134.4911187878,134.491118787801,-25.7323105390557,"Campylobacteriosis"
"118006383.124",2013-06-09,2013-06-08,0,118006383,"50","118006383","P1D","http://aido.bsvgateway.org/api/locations/118006383/","Australia","Australia","Country","http://aido.bsvgateway.org/api/locations/156561026/",-25.7323105390557,134.491118787801,-25.7323105390557,"Campylobacteriosis"
"118006383.125",2013-06-10,2013-06-09,0,118006383,"50","118006383","P1D","http://aido.bsvgateway.org/api/locations/118006383/","Australia","Australia","Country","http://aido.bsvgateway.org/api/locations/156561026/",134.4911187878,134.491118787801,-25.7323105390557,"Campylobacteriosis"
"118006383.126",2013-06-11,2013-06-10,0,118006383,"50","118006383","P1D","http://aido.bsvgateway.org/api/locations/118006383/","Australia","Australia","Country","http://aido.bsvgateway.org/api/locations/156561026/",-25.7323105390557,134.491118787801,-25.7323105390557,"Campylobacteriosis"
"118006383.127",2013-06-12,2013-06-11,0,118006383,"50","118006383","P1D","http://aido.bsvgateway.org/api/locations/118006383/","Australia","Australia","Country","http://aido.bsvgateway.org/api/locations/156561026/",134.4911187878,134.491118787801,-25.7323105390557,"Campylobacteriosis"
"118006383.128",2013-06-13,2013-06-12,0,118006383,"50","118006383","P1D","http://aido.bsvgateway.org/api/locations/118006383/","Australia","Australia","Country","http://aido.bsvgateway.org/api/locations/156561026/",-25.7323105390557,134.491118787801,-25.7323105390557,"Campylobacteriosis"
"118006383.129",2013-06-14,2013-06-13,0,118006383,"50","118006383","P1D","http://aido.bsvgateway.org/api/locations/118006383/","Australia","Australia","Country","http://aido.bsvgateway.org/api/locations/156561026/",134.4911187878,134.491118787801,-25.7323105390557,"Campylobacteriosis"
"118006383.130",2013-06-15,2013-06-14,0,118006383,"50","118006383","P1D","http://aido.bsvgateway.org/api/locations/118006383/","Australia","Australia","Country","http://aido.bsvgateway.org/api/locations/156561026/",-25.7323105390557,134.491118787801,-25.7323105390557,"Campylobacteriosis"
"118006383.131",2013-06-16,2013-06-15,2,118006383,"50","118006383","P1D","http://aido.bsvgateway.org/api/locations/118006383/","Australia","Australia","Country","http://aido.bsvgateway.org/api/locations/156561026/",134.4911187878,134.491118787801,-25.7323105390557,"Campylobacteriosis"
"118006383.132",2013-06-17,2013-06-16,1,118006383,"50","118006383","P1D","http://aido.bsvgateway.org/api/locations/118006383/","Australia","Australia","Country","http://aido.bsvgateway.org/api/locations/156561026/",-25.7323105390557,134.491118787801,-25.7323105390557,"Campylobacteriosis"
"118006383.133",2013-06-18,2013-06-17,0,118006383,"50","118006383","P1D","http://aido.bsvgateway.org/api/locations/118006383/","Australia","Australia","Country","http://aido.bsvgateway.org/api/locations/156561026/",134.4911187878,134.491118787801,-25.7323105390557,"Campylobacteriosis"
"118006383.134",2013-06-19,2013-06-18,2,118006383,"50","118006383","P1D","http://aido.bsvgateway.org/api/locations/118006383/","Australia","Australia","Country","http://aido.bsvgateway.org/api/locations/156561026/",-25.7323105390557,134.491118787801,-25.7323105390557,"Campylobacteriosis"
"118006383.135",2013-06-20,2013-06-19,3,118006383,"50","118006383","P1D","http://aido.bsvgateway.org/api/locations/118006383/","Australia","Australia","Country","http://aido.bsvgateway.org/api/locations/156561026/",134.4911187878,134.491118787801,-25.7323105390557,"Campylobacteriosis"
"118006383.136",2013-06-21,2013-06-20,0,118006383,"50","118006383","P1D","http://aido.bsvgateway.org/api/locations/118006383/","Australia","Australia","Country","http://aido.bsvgateway.org/api/locations/156561026/",-25.7323105390557,134.491118787801,-25.7323105390557,"Campylobacteriosis"
"118006383.137",2013-06-22,2013-06-21,0,118006383,"50","118006383","P1D","http://aido.bsvgateway.org/api/locations/118006383/","Australia","Australia","Country","http://aido.bsvgateway.org/api/locations/156561026/",134.4911187878,134.491118787801,-25.7323105390557,"Campylobacteriosis"
"118006383.138",2013-06-23,2013-06-22,0,118006383,"50","118006383","P1D","http://aido.bsvgateway.org/api/locations/118006383/","Australia","Australia","Country","http://aido.bsvgateway.org/api/locations/156561026/",-25.7323105390557,134.491118787801,-25.7323105390557,"Campylobacteriosis"
"118006383.139",2013-06-24,2013-06-23,0,118006383,"50","118006383","P1D","http://aido.bsvgateway.org/api/locations/118006383/","Australia","Australia","Country","http://aido.bsvgateway.org/api/locations/156561026/",134.4911187878,134.491118787801,-25.7323105390557,"Campylobacteriosis"
"118006383.140",2013-06-25,2013-06-24,1,118006383,"50","118006383","P1D","http://aido.bsvgateway.org/api/locations/118006383/","Australia","Australia","Country","http://aido.bsvgateway.org/api/locations/156561026/",-25.7323105390557,134.491118787801,-25.7323105390557,"Campylobacteriosis"
"118006383.141",2013-06-26,2013-06-25,1,118006383,"50","118006383","P1D","http://aido.bsvgateway.org/api/locations/118006383/","Australia","Australia","Country","http://aido.bsvgateway.org/api/locations/156561026/",134.4911187878,134.491118787801,-25.7323105390557,"Campylobacteriosis"
"134996356.1",2009-05-04,2009-05-03,1,134996356,"50","134996356","P1D","http://aido.bsvgateway.org/api/locations/134996356/","Greece","Greece","Country","http://aido.bsvgateway.org/api/locations/216709393/",39.0511811667275,22.9748189963382,39.0511811667275,"Campylobacteriosis"
"134996356.2",2009-05-05,2009-05-04,0,134996356,"50","134996356","P1D","http://aido.bsvgateway.org/api/locations/134996356/","Greece","Greece","Country","http://aido.bsvgateway.org/api/locations/216709393/",22.9748189963382,22.9748189963382,39.0511811667275,"Campylobacteriosis"
"134996356.3",2009-05-06,2009-05-05,0,134996356,"50","134996356","P1D","http://aido.bsvgateway.org/api/locations/134996356/","Greece","Greece","Country","http://aido.bsvgateway.org/api/locations/216709393/",39.0511811667275,22.9748189963382,39.0511811667275,"Campylobacteriosis"
"134996356.4",2009-05-07,2009-05-06,0,134996356,"50","134996356","P1D","http://aido.bsvgateway.org/api/locations/134996356/","Greece","Greece","Country","http://aido.bsvgateway.org/api/locations/216709393/",22.9748189963382,22.9748189963382,39.0511811667275,"Campylobacteriosis"
"134996356.5",2009-05-08,2009-05-07,0,134996356,"50","134996356","P1D","http://aido.bsvgateway.org/api/locations/134996356/","Greece","Greece","Country","http://aido.bsvgateway.org/api/locations/216709393/",39.0511811667275,22.9748189963382,39.0511811667275,"Campylobacteriosis"
"134996356.6",2009-05-09,2009-05-08,0,134996356,"50","134996356","P1D","http://aido.bsvgateway.org/api/locations/134996356/","Greece","Greece","Country","http://aido.bsvgateway.org/api/locations/216709393/",22.9748189963382,22.9748189963382,39.0511811667275,"Campylobacteriosis"
"134996356.7",2009-05-10,2009-05-09,0,134996356,"50","134996356","P1D","http://aido.bsvgateway.org/api/locations/134996356/","Greece","Greece","Country","http://aido.bsvgateway.org/api/locations/216709393/",39.0511811667275,22.9748189963382,39.0511811667275,"Campylobacteriosis"
"134996356.8",2009-05-11,2009-05-10,0,134996356,"50","134996356","P1D","http://aido.bsvgateway.org/api/locations/134996356/","Greece","Greece","Country","http://aido.bsvgateway.org/api/locations/216709393/",22.9748189963382,22.9748189963382,39.0511811667275,"Campylobacteriosis"
"134996356.9",2009-05-12,2009-05-11,0,134996356,"50","134996356","P1D","http://aido.bsvgateway.org/api/locations/134996356/","Greece","Greece","Country","http://aido.bsvgateway.org/api/locations/216709393/",39.0511811667275,22.9748189963382,39.0511811667275,"Campylobacteriosis"
"134996356.10",2009-05-13,2009-05-12,0,134996356,"50","134996356","P1D","http://aido.bsvgateway.org/api/locations/134996356/","Greece","Greece","Country","http://aido.bsvgateway.org/api/locations/216709393/",22.9748189963382,22.9748189963382,39.0511811667275,"Campylobacteriosis"
"134996356.11",2009-05-14,2009-05-13,1,134996356,"50","134996356","P1D","http://aido.bsvgateway.org/api/locations/134996356/","Greece","Greece","Country","http://aido.bsvgateway.org/api/locations/216709393/",39.0511811667275,22.9748189963382,39.0511811667275,"Campylobacteriosis"
"134996356.12",2009-05-15,2009-05-14,0,134996356,"50","134996356","P1D","http://aido.bsvgateway.org/api/locations/134996356/","Greece","Greece","Country","http://aido.bsvgateway.org/api/locations/216709393/",22.9748189963382,22.9748189963382,39.0511811667275,"Campylobacteriosis"
"134996356.13",2009-05-16,2009-05-15,0,134996356,"50","134996356","P1D","http://aido.bsvgateway.org/api/locations/134996356/","Greece","Greece","Country","http://aido.bsvgateway.org/api/locations/216709393/",39.0511811667275,22.9748189963382,39.0511811667275,"Campylobacteriosis"
"134996356.14",2009-05-17,2009-05-16,0,134996356,"50","134996356","P1D","http://aido.bsvgateway.org/api/locations/134996356/","Greece","Greece","Country","http://aido.bsvgateway.org/api/locations/216709393/",22.9748189963382,22.9748189963382,39.0511811667275,"Campylobacteriosis"
"134996356.15",2009-05-18,2009-05-17,0,134996356,"50","134996356","P1D","http://aido.bsvgateway.org/api/locations/134996356/","Greece","Greece","Country","http://aido.bsvgateway.org/api/locations/216709393/",39.0511811667275,22.9748189963382,39.0511811667275,"Campylobacteriosis"
"134996356.16",2009-05-19,2009-05-18,0,134996356,"50","134996356","P1D","http://aido.bsvgateway.org/api/locations/134996356/","Greece","Greece","Country","http://aido.bsvgateway.org/api/locations/216709393/",22.9748189963382,22.9748189963382,39.0511811667275,"Campylobacteriosis"
"134996356.17",2009-05-20,2009-05-19,0,134996356,"50","134996356","P1D","http://aido.bsvgateway.org/api/locations/134996356/","Greece","Greece","Country","http://aido.bsvgateway.org/api/locations/216709393/",39.0511811667275,22.9748189963382,39.0511811667275,"Campylobacteriosis"
"134996356.18",2009-05-21,2009-05-20,0,134996356,"50","134996356","P1D","http://aido.bsvgateway.org/api/locations/134996356/","Greece","Greece","Country","http://aido.bsvgateway.org/api/locations/216709393/",22.9748189963382,22.9748189963382,39.0511811667275,"Campylobacteriosis"
"134996356.19",2009-05-22,2009-05-21,0,134996356,"50","134996356","P1D","http://aido.bsvgateway.org/api/locations/134996356/","Greece","Greece","Country","http://aido.bsvgateway.org/api/locations/216709393/",39.0511811667275,22.9748189963382,39.0511811667275,"Campylobacteriosis"
"134996356.20",2009-05-23,2009-05-22,0,134996356,"50","134996356","P1D","http://aido.bsvgateway.org/api/locations/134996356/","Greece","Greece","Country","http://aido.bsvgateway.org/api/locations/216709393/",22.9748189963382,22.9748189963382,39.0511811667275,"Campylobacteriosis"
"134996356.21",2009-05-24,2009-05-23,0,134996356,"50","134996356","P1D","http://aido.bsvgateway.org/api/locations/134996356/","Greece","Greece","Country","http://aido.bsvgateway.org/api/locations/216709393/",39.0511811667275,22.9748189963382,39.0511811667275,"Campylobacteriosis"
"134996356.22",2009-05-25,2009-05-24,0,134996356,"50","134996356","P1D","http://aido.bsvgateway.org/api/locations/134996356/","Greece","Greece","Country","http://aido.bsvgateway.org/api/locations/216709393/",22.9748189963382,22.9748189963382,39.0511811667275,"Campylobacteriosis"
"134996356.23",2009-05-26,2009-05-25,0,134996356,"50","134996356","P1D","http://aido.bsvgateway.org/api/locations/134996356/","Greece","Greece","Country","http://aido.bsvgateway.org/api/locations/216709393/",39.0511811667275,22.9748189963382,39.0511811667275,"Campylobacteriosis"
"134996356.24",2009-05-27,2009-05-26,0,134996356,"50","134996356","P1D","http://aido.bsvgateway.org/api/locations/134996356/","Greece","Greece","Country","http://aido.bsvgateway.org/api/locations/216709393/",22.9748189963382,22.9748189963382,39.0511811667275,"Campylobacteriosis"
"134996356.25",2009-05-28,2009-05-27,1,134996356,"50","134996356","P1D","http://aido.bsvgateway.org/api/locations/134996356/","Greece","Greece","Country","http://aido.bsvgateway.org/api/locations/216709393/",39.0511811667275,22.9748189963382,39.0511811667275,"Campylobacteriosis"
"134996356.26",2009-05-29,2009-05-28,0,134996356,"50","134996356","P1D","http://aido.bsvgateway.org/api/locations/134996356/","Greece","Greece","Country","http://aido.bsvgateway.org/api/locations/216709393/",22.9748189963382,22.9748189963382,39.0511811667275,"Campylobacteriosis"
"134996356.27",2009-05-30,2009-05-29,5,134996356,"50","134996356","P1D","http://aido.bsvgateway.org/api/locations/134996356/","Greece","Greece","Country","http://aido.bsvgateway.org/api/locations/216709393/",39.0511811667275,22.9748189963382,39.0511811667275,"Campylobacteriosis"
"134996356.28",2009-05-31,2009-05-30,2,134996356,"50","134996356","P1D","http://aido.bsvgateway.org/api/locations/134996356/","Greece","Greece","Country","http://aido.bsvgateway.org/api/locations/216709393/",22.9748189963382,22.9748189963382,39.0511811667275,"Campylobacteriosis"
"134996356.29",2009-06-01,2009-05-31,6,134996356,"50","134996356","P1D","http://aido.bsvgateway.org/api/locations/134996356/","Greece","Greece","Country","http://aido.bsvgateway.org/api/locations/216709393/",39.0511811667275,22.9748189963382,39.0511811667275,"Campylobacteriosis"
"134996356.30",2009-06-02,2009-06-01,3,134996356,"50","134996356","P1D","http://aido.bsvgateway.org/api/locations/134996356/","Greece","Greece","Country","http://aido.bsvgateway.org/api/locations/216709393/",22.9748189963382,22.9748189963382,39.0511811667275,"Campylobacteriosis"
"134996356.31",2009-06-03,2009-06-02,5,134996356,"50","134996356","P1D","http://aido.bsvgateway.org/api/locations/134996356/","Greece","Greece","Country","http://aido.bsvgateway.org/api/locations/216709393/",39.0511811667275,22.9748189963382,39.0511811667275,"Campylobacteriosis"
"134996356.32",2009-06-04,2009-06-03,9,134996356,"50","134996356","P1D","http://aido.bsvgateway.org/api/locations/134996356/","Greece","Greece","Country","http://aido.bsvgateway.org/api/locations/216709393/",22.9748189963382,22.9748189963382,39.0511811667275,"Campylobacteriosis"
"134996356.33",2009-06-05,2009-06-04,10,134996356,"50","134996356","P1D","http://aido.bsvgateway.org/api/locations/134996356/","Greece","Greece","Country","http://aido.bsvgateway.org/api/locations/216709393/",39.0511811667275,22.9748189963382,39.0511811667275,"Campylobacteriosis"
"134996356.34",2009-06-06,2009-06-05,6,134996356,"50","134996356","P1D","http://aido.bsvgateway.org/api/locations/134996356/","Greece","Greece","Country","http://aido.bsvgateway.org/api/locations/216709393/",22.9748189963382,22.9748189963382,39.0511811667275,"Campylobacteriosis"
"134996356.35",2009-06-07,2009-06-06,4,134996356,"50","134996356","P1D","http://aido.bsvgateway.org/api/locations/134996356/","Greece","Greece","Country","http://aido.bsvgateway.org/api/locations/216709393/",39.0511811667275,22.9748189963382,39.0511811667275,"Campylobacteriosis"
"134996356.36",2009-06-08,2009-06-07,1,134996356,"50","134996356","P1D","http://aido.bsvgateway.org/api/locations/134996356/","Greece","Greece","Country","http://aido.bsvgateway.org/api/locations/216709393/",22.9748189963382,22.9748189963382,39.0511811667275,"Campylobacteriosis"
"143986348.184",2013-06-23,2013-06-16,2,143986348,"50","143986348","P7D","http://aido.bsvgateway.org/api/locations/143986348/","Minnesota","Minnesota, United States of America","State","http://aido.bsvgateway.org/api/locations/113309883/",46.3432253163695,-94.1991595745904,46.3432253163695,"Campylobacteriosis"
"143986348.185",2013-06-30,2013-06-23,0,143986348,"50","143986348","P7D","http://aido.bsvgateway.org/api/locations/143986348/","Minnesota","Minnesota, United States of America","State","http://aido.bsvgateway.org/api/locations/113309883/",-94.1991595745904,-94.1991595745904,46.3432253163695,"Campylobacteriosis"
"143986348.186",2013-07-07,2013-06-30,0,143986348,"50","143986348","P7D","http://aido.bsvgateway.org/api/locations/143986348/","Minnesota","Minnesota, United States of America","State","http://aido.bsvgateway.org/api/locations/113309883/",46.3432253163695,-94.1991595745904,46.3432253163695,"Campylobacteriosis"
"143986348.187",2013-07-14,2013-07-07,2,143986348,"50","143986348","P7D","http://aido.bsvgateway.org/api/locations/143986348/","Minnesota","Minnesota, United States of America","State","http://aido.bsvgateway.org/api/locations/113309883/",-94.1991595745904,-94.1991595745904,46.3432253163695,"Campylobacteriosis"
"143986348.188",2013-07-21,2013-07-14,0,143986348,"50","143986348","P7D","http://aido.bsvgateway.org/api/locations/143986348/","Minnesota","Minnesota, United States of America","State","http://aido.bsvgateway.org/api/locations/113309883/",46.3432253163695,-94.1991595745904,46.3432253163695,"Campylobacteriosis"
"143986348.189",2013-07-28,2013-07-21,1,143986348,"50","143986348","P7D","http://aido.bsvgateway.org/api/locations/143986348/","Minnesota","Minnesota, United States of America","State","http://aido.bsvgateway.org/api/locations/113309883/",-94.1991595745904,-94.1991595745904,46.3432253163695,"Campylobacteriosis"
"143986348.190",2013-08-04,2013-07-28,1,143986348,"50","143986348","P7D","http://aido.bsvgateway.org/api/locations/143986348/","Minnesota","Minnesota, United States of America","State","http://aido.bsvgateway.org/api/locations/113309883/",46.3432253163695,-94.1991595745904,46.3432253163695,"Campylobacteriosis"
"143986348.191",2013-08-11,2013-08-04,3,143986348,"50","143986348","P7D","http://aido.bsvgateway.org/api/locations/143986348/","Minnesota","Minnesota, United States of America","State","http://aido.bsvgateway.org/api/locations/113309883/",-94.1991595745904,-94.1991595745904,46.3432253163695,"Campylobacteriosis"
"143986348.192",2013-08-18,2013-08-11,2,143986348,"50","143986348","P7D","http://aido.bsvgateway.org/api/locations/143986348/","Minnesota","Minnesota, United States of America","State","http://aido.bsvgateway.org/api/locations/113309883/",46.3432253163695,-94.1991595745904,46.3432253163695,"Campylobacteriosis"
"143986348.193",2013-08-25,2013-08-18,0,143986348,"50","143986348","P7D","http://aido.bsvgateway.org/api/locations/143986348/","Minnesota","Minnesota, United States of America","State","http://aido.bsvgateway.org/api/locations/113309883/",-94.1991595745904,-94.1991595745904,46.3432253163695,"Campylobacteriosis"
"143986348.194",2013-09-01,2013-08-25,0,143986348,"50","143986348","P7D","http://aido.bsvgateway.org/api/locations/143986348/","Minnesota","Minnesota, United States of America","State","http://aido.bsvgateway.org/api/locations/113309883/",46.3432253163695,-94.1991595745904,46.3432253163695,"Campylobacteriosis"
"143986348.195",2013-09-08,2013-09-01,3,143986348,"50","143986348","P7D","http://aido.bsvgateway.org/api/locations/143986348/","Minnesota","Minnesota, United States of America","State","http://aido.bsvgateway.org/api/locations/113309883/",-94.1991595745904,-94.1991595745904,46.3432253163695,"Campylobacteriosis"
"143986348.196",2013-09-15,2013-09-08,1,143986348,"50","143986348","P7D","http://aido.bsvgateway.org/api/locations/143986348/","Minnesota","Minnesota, United States of America","State","http://aido.bsvgateway.org/api/locations/113309883/",46.3432253163695,-94.1991595745904,46.3432253163695,"Campylobacteriosis"
"143986348.197",2013-09-22,2013-09-15,3,143986348,"50","143986348","P7D","http://aido.bsvgateway.org/api/locations/143986348/","Minnesota","Minnesota, United States of America","State","http://aido.bsvgateway.org/api/locations/113309883/",-94.1991595745904,-94.1991595745904,46.3432253163695,"Campylobacteriosis"
"147153440.151",2007-10-22,2007-10-21,2,147153440,"50","147153440","P1D","http://aido.bsvgateway.org/api/locations/147153440/","Kansas","Kansas, United States of America","State","http://aido.bsvgateway.org/api/locations/113309883/",38.484366643612,-98.3808483295271,38.484366643612,"Campylobacteriosis"
"147153440.152",2007-10-23,2007-10-22,0,147153440,"50","147153440","P1D","http://aido.bsvgateway.org/api/locations/147153440/","Kansas","Kansas, United States of America","State","http://aido.bsvgateway.org/api/locations/113309883/",-98.3808483295271,-98.3808483295271,38.484366643612,"Campylobacteriosis"
"147153440.153",2007-10-24,2007-10-23,21,147153440,"50","147153440","P1D","http://aido.bsvgateway.org/api/locations/147153440/","Kansas","Kansas, United States of America","State","http://aido.bsvgateway.org/api/locations/113309883/",38.484366643612,-98.3808483295271,38.484366643612,"Campylobacteriosis"
"147153440.154",2007-10-25,2007-10-24,24,147153440,"50","147153440","P1D","http://aido.bsvgateway.org/api/locations/147153440/","Kansas","Kansas, United States of America","State","http://aido.bsvgateway.org/api/locations/113309883/",-98.3808483295271,-98.3808483295271,38.484366643612,"Campylobacteriosis"
"147153440.155",2007-10-26,2007-10-25,11,147153440,"50","147153440","P1D","http://aido.bsvgateway.org/api/locations/147153440/","Kansas","Kansas, United States of America","State","http://aido.bsvgateway.org/api/locations/113309883/",38.484366643612,-98.3808483295271,38.484366643612,"Campylobacteriosis"
"147153440.156",2007-10-27,2007-10-26,8,147153440,"50","147153440","P1D","http://aido.bsvgateway.org/api/locations/147153440/","Kansas","Kansas, United States of America","State","http://aido.bsvgateway.org/api/locations/113309883/",-98.3808483295271,-98.3808483295271,38.484366643612,"Campylobacteriosis"
"147153440.157",2007-10-28,2007-10-27,1,147153440,"50","147153440","P1D","http://aido.bsvgateway.org/api/locations/147153440/","Kansas","Kansas, United States of America","State","http://aido.bsvgateway.org/api/locations/113309883/",38.484366643612,-98.3808483295271,38.484366643612,"Campylobacteriosis"
"147153440.158",2007-10-29,2007-10-28,0,147153440,"50","147153440","P1D","http://aido.bsvgateway.org/api/locations/147153440/","Kansas","Kansas, United States of America","State","http://aido.bsvgateway.org/api/locations/113309883/",-98.3808483295271,-98.3808483295271,38.484366643612,"Campylobacteriosis"
"147153440.159",2007-10-30,2007-10-29,1,147153440,"50","147153440","P1D","http://aido.bsvgateway.org/api/locations/147153440/","Kansas","Kansas, United States of America","State","http://aido.bsvgateway.org/api/locations/113309883/",38.484366643612,-98.3808483295271,38.484366643612,"Campylobacteriosis"
"154851105.257",2016-08-06,2016-08-05,2,154851105,"50","154851105","P1D","http://aido.bsvgateway.org/api/locations/154851105/","Hastings","Hastings, Hawke's Bay, New Zealand","City","http://aido.bsvgateway.org/api/locations/238039446/",-39.6381998133346,176.836802956534,-39.6381998133346,"Campylobacteriosis"
"154851105.258",2016-08-07,2016-08-06,2,154851105,"50","154851105","P1D","http://aido.bsvgateway.org/api/locations/154851105/","Hastings","Hastings, Hawke's Bay, New Zealand","City","http://aido.bsvgateway.org/api/locations/238039446/",176.836802956534,176.836802956534,-39.6381998133346,"Campylobacteriosis"
"154851105.259",2016-08-08,2016-08-07,3,154851105,"50","154851105","P1D","http://aido.bsvgateway.org/api/locations/154851105/","Hastings","Hastings, Hawke's Bay, New Zealand","City","http://aido.bsvgateway.org/api/locations/238039446/",-39.6381998133346,176.836802956534,-39.6381998133346,"Campylobacteriosis"
"154851105.260",2016-08-09,2016-08-08,15,154851105,"50","154851105","P1D","http://aido.bsvgateway.org/api/locations/154851105/","Hastings","Hastings, Hawke's Bay, New Zealand","City","http://aido.bsvgateway.org/api/locations/238039446/",176.836802956534,176.836802956534,-39.6381998133346,"Campylobacteriosis"
"154851105.261",2016-08-10,2016-08-09,44,154851105,"50","154851105","P1D","http://aido.bsvgateway.org/api/locations/154851105/","Hastings","Hastings, Hawke's Bay, New Zealand","City","http://aido.bsvgateway.org/api/locations/238039446/",-39.6381998133346,176.836802956534,-39.6381998133346,"Campylobacteriosis"
"154851105.262",2016-08-11,2016-08-10,71,154851105,"50","154851105","P1D","http://aido.bsvgateway.org/api/locations/154851105/","Hastings","Hastings, Hawke's Bay, New Zealand","City","http://aido.bsvgateway.org/api/locations/238039446/",176.836802956534,176.836802956534,-39.6381998133346,"Campylobacteriosis"
"154851105.263",2016-08-12,2016-08-11,118,154851105,"50","154851105","P1D","http://aido.bsvgateway.org/api/locations/154851105/","Hastings","Hastings, Hawke's Bay, New Zealand","City","http://aido.bsvgateway.org/api/locations/238039446/",-39.6381998133346,176.836802956534,-39.6381998133346,"Campylobacteriosis"
"154851105.264",2016-08-13,2016-08-12,111,154851105,"50","154851105","P1D","http://aido.bsvgateway.org/api/locations/154851105/","Hastings","Hastings, Hawke's Bay, New Zealand","City","http://aido.bsvgateway.org/api/locations/238039446/",176.836802956534,176.836802956534,-39.6381998133346,"Campylobacteriosis"
"154851105.265",2016-08-14,2016-08-13,101,154851105,"50","154851105","P1D","http://aido.bsvgateway.org/api/locations/154851105/","Hastings","Hastings, Hawke's Bay, New Zealand","City","http://aido.bsvgateway.org/api/locations/238039446/",-39.6381998133346,176.836802956534,-39.6381998133346,"Campylobacteriosis"
"154851105.266",2016-08-15,2016-08-14,77,154851105,"50","154851105","P1D","http://aido.bsvgateway.org/api/locations/154851105/","Hastings","Hastings, Hawke's Bay, New Zealand","City","http://aido.bsvgateway.org/api/locations/238039446/",176.836802956534,176.836802956534,-39.6381998133346,"Campylobacteriosis"
"154851105.267",2016-08-16,2016-08-15,127,154851105,"50","154851105","P1D","http://aido.bsvgateway.org/api/locations/154851105/","Hastings","Hastings, Hawke's Bay, New Zealand","City","http://aido.bsvgateway.org/api/locations/238039446/",-39.6381998133346,176.836802956534,-39.6381998133346,"Campylobacteriosis"
"154851105.268",2016-08-17,2016-08-16,117,154851105,"50","154851105","P1D","http://aido.bsvgateway.org/api/locations/154851105/","Hastings","Hastings, Hawke's Bay, New Zealand","City","http://aido.bsvgateway.org/api/locations/238039446/",176.836802956534,176.836802956534,-39.6381998133346,"Campylobacteriosis"
"154851105.269",2016-08-18,2016-08-17,55,154851105,"50","154851105","P1D","http://aido.bsvgateway.org/api/locations/154851105/","Hastings","Hastings, Hawke's Bay, New Zealand","City","http://aido.bsvgateway.org/api/locations/238039446/",-39.6381998133346,176.836802956534,-39.6381998133346,"Campylobacteriosis"
"154851105.270",2016-08-19,2016-08-18,13,154851105,"50","154851105","P1D","http://aido.bsvgateway.org/api/locations/154851105/","Hastings","Hastings, Hawke's Bay, New Zealand","City","http://aido.bsvgateway.org/api/locations/238039446/",176.836802956534,176.836802956534,-39.6381998133346,"Campylobacteriosis"
"154851105.271",2016-08-20,2016-08-19,6,154851105,"50","154851105","P1D","http://aido.bsvgateway.org/api/locations/154851105/","Hastings","Hastings, Hawke's Bay, New Zealand","City","http://aido.bsvgateway.org/api/locations/238039446/",-39.6381998133346,176.836802956534,-39.6381998133346,"Campylobacteriosis"
"154851105.272",2016-08-21,2016-08-20,3,154851105,"50","154851105","P1D","http://aido.bsvgateway.org/api/locations/154851105/","Hastings","Hastings, Hawke's Bay, New Zealand","City","http://aido.bsvgateway.org/api/locations/238039446/",176.836802956534,176.836802956534,-39.6381998133346,"Campylobacteriosis"
"154851105.273",2016-08-22,2016-08-21,2,154851105,"50","154851105","P1D","http://aido.bsvgateway.org/api/locations/154851105/","Hastings","Hastings, Hawke's Bay, New Zealand","City","http://aido.bsvgateway.org/api/locations/238039446/",-39.6381998133346,176.836802956534,-39.6381998133346,"Campylobacteriosis"
"154851105.274",2016-08-23,2016-08-22,5,154851105,"50","154851105","P1D","http://aido.bsvgateway.org/api/locations/154851105/","Hastings","Hastings, Hawke's Bay, New Zealand","City","http://aido.bsvgateway.org/api/locations/238039446/",176.836802956534,176.836802956534,-39.6381998133346,"Campylobacteriosis"
"154851105.275",2016-08-24,2016-08-23,2,154851105,"50","154851105","P1D","http://aido.bsvgateway.org/api/locations/154851105/","Hastings","Hastings, Hawke's Bay, New Zealand","City","http://aido.bsvgateway.org/api/locations/238039446/",-39.6381998133346,176.836802956534,-39.6381998133346,"Campylobacteriosis"
"154851105.276",2016-08-25,2016-08-24,3,154851105,"50","154851105","P1D","http://aido.bsvgateway.org/api/locations/154851105/","Hastings","Hastings, Hawke's Bay, New Zealand","City","http://aido.bsvgateway.org/api/locations/238039446/",176.836802956534,176.836802956534,-39.6381998133346,"Campylobacteriosis"
"154851105.277",2016-08-26,2016-08-25,0,154851105,"50","154851105","P1D","http://aido.bsvgateway.org/api/locations/154851105/","Hastings","Hastings, Hawke's Bay, New Zealand","City","http://aido.bsvgateway.org/api/locations/238039446/",-39.6381998133346,176.836802956534,-39.6381998133346,"Campylobacteriosis"
"154851105.278",2016-08-27,2016-08-26,0,154851105,"50","154851105","P1D","http://aido.bsvgateway.org/api/locations/154851105/","Hastings","Hastings, Hawke's Bay, New Zealand","City","http://aido.bsvgateway.org/api/locations/238039446/",176.836802956534,176.836802956534,-39.6381998133346,"Campylobacteriosis"
"154851105.279",2016-08-28,2016-08-27,0,154851105,"50","154851105","P1D","http://aido.bsvgateway.org/api/locations/154851105/","Hastings","Hastings, Hawke's Bay, New Zealand","City","http://aido.bsvgateway.org/api/locations/238039446/",-39.6381998133346,176.836802956534,-39.6381998133346,"Campylobacteriosis"
"154851105.280",2016-08-29,2016-08-28,2,154851105,"50","154851105","P1D","http://aido.bsvgateway.org/api/locations/154851105/","Hastings","Hastings, Hawke's Bay, New Zealand","City","http://aido.bsvgateway.org/api/locations/238039446/",176.836802956534,176.836802956534,-39.6381998133346,"Campylobacteriosis"
"154851105.281",2016-08-30,2016-08-29,0,154851105,"50","154851105","P1D","http://aido.bsvgateway.org/api/locations/154851105/","Hastings","Hastings, Hawke's Bay, New Zealand","City","http://aido.bsvgateway.org/api/locations/238039446/",-39.6381998133346,176.836802956534,-39.6381998133346,"Campylobacteriosis"
"154851105.282",2016-08-31,2016-08-30,2,154851105,"50","154851105","P1D","http://aido.bsvgateway.org/api/locations/154851105/","Hastings","Hastings, Hawke's Bay, New Zealand","City","http://aido.bsvgateway.org/api/locations/238039446/",176.836802956534,176.836802956534,-39.6381998133346,"Campylobacteriosis"
"154851105.283",2016-09-01,2016-08-31,2,154851105,"50","154851105","P1D","http://aido.bsvgateway.org/api/locations/154851105/","Hastings","Hastings, Hawke's Bay, New Zealand","City","http://aido.bsvgateway.org/api/locations/238039446/",-39.6381998133346,176.836802956534,-39.6381998133346,"Campylobacteriosis"
"154851105.284",2016-09-02,2016-09-01,3,154851105,"50","154851105","P1D","http://aido.bsvgateway.org/api/locations/154851105/","Hastings","Hastings, Hawke's Bay, New Zealand","City","http://aido.bsvgateway.org/api/locations/238039446/",176.836802956534,176.836802956534,-39.6381998133346,"Campylobacteriosis"
"214138576.47",2011-05-13,2011-05-12,2,214138576,"50","214138576","P1D","http://aido.bsvgateway.org/api/locations/214138576/","United Kingdom","United Kingdom","Country","http://aido.bsvgateway.org/api/locations/216709393/",54.1470481891977,-2.88695148310369,54.1470481891977,"Campylobacteriosis"
"214138576.48",2011-05-14,2011-05-13,2,214138576,"50","214138576","P1D","http://aido.bsvgateway.org/api/locations/214138576/","United Kingdom","United Kingdom","Country","http://aido.bsvgateway.org/api/locations/216709393/",-2.88695148310369,-2.88695148310369,54.1470481891977,"Campylobacteriosis"
"214138576.49",2011-05-15,2011-05-14,7,214138576,"50","214138576","P1D","http://aido.bsvgateway.org/api/locations/214138576/","United Kingdom","United Kingdom","Country","http://aido.bsvgateway.org/api/locations/216709393/",54.1470481891977,-2.88695148310369,54.1470481891977,"Campylobacteriosis"
"214138576.50",2011-05-16,2011-05-15,7,214138576,"50","214138576","P1D","http://aido.bsvgateway.org/api/locations/214138576/","United Kingdom","United Kingdom","Country","http://aido.bsvgateway.org/api/locations/216709393/",-2.88695148310369,-2.88695148310369,54.1470481891977,"Campylobacteriosis"
"221803034.198",2014-09-21,2014-09-20,5,221803034,"50","221803034","P1D","http://aido.bsvgateway.org/api/locations/221803034/","Wisconsin","Wisconsin, United States of America","State","http://aido.bsvgateway.org/api/locations/113309883/",44.6430790232884,-89.7362445093282,44.6430790232884,"Campylobacteriosis"
"221803034.199",2014-09-22,2014-09-21,19,221803034,"50","221803034","P1D","http://aido.bsvgateway.org/api/locations/221803034/","Wisconsin","Wisconsin, United States of America","State","http://aido.bsvgateway.org/api/locations/113309883/",-89.7362445093282,-89.7362445093282,44.6430790232884,"Campylobacteriosis"
"221803034.200",2014-09-23,2014-09-22,9,221803034,"50","221803034","P1D","http://aido.bsvgateway.org/api/locations/221803034/","Wisconsin","Wisconsin, United States of America","State","http://aido.bsvgateway.org/api/locations/113309883/",44.6430790232884,-89.7362445093282,44.6430790232884,"Campylobacteriosis"
"221803034.201",2014-09-24,2014-09-23,2,221803034,"50","221803034","P1D","http://aido.bsvgateway.org/api/locations/221803034/","Wisconsin","Wisconsin, United States of America","State","http://aido.bsvgateway.org/api/locations/113309883/",-89.7362445093282,-89.7362445093282,44.6430790232884,"Campylobacteriosis"
"221803034.202",2014-09-25,2014-09-24,2,221803034,"50","221803034","P1D","http://aido.bsvgateway.org/api/locations/221803034/","Wisconsin","Wisconsin, United States of America","State","http://aido.bsvgateway.org/api/locations/113309883/",44.6430790232884,-89.7362445093282,44.6430790232884,"Campylobacteriosis"
"221803034.203",2014-09-26,2014-09-25,1,221803034,"50","221803034","P1D","http://aido.bsvgateway.org/api/locations/221803034/","Wisconsin","Wisconsin, United States of America","State","http://aido.bsvgateway.org/api/locations/113309883/",-89.7362445093282,-89.7362445093282,44.6430790232884,"Campylobacteriosis"
"23767238.146",2010-06-27,2010-06-26,5,23767238,"50","23767238","P1D","http://aido.bsvgateway.org/api/locations/23767238/","Northumberland","Northumberland, United Kingdom","State","http://aido.bsvgateway.org/api/locations/214138576/",55.2386846812959,-2.06170767205602,55.2386846812959,"Campylobacteriosis"
"23767238.147",2010-06-28,2010-06-27,10,23767238,"50","23767238","P1D","http://aido.bsvgateway.org/api/locations/23767238/","Northumberland","Northumberland, United Kingdom","State","http://aido.bsvgateway.org/api/locations/214138576/",-2.06170767205602,-2.06170767205602,55.2386846812959,"Campylobacteriosis"
"23767238.148",2010-06-29,2010-06-28,8,23767238,"50","23767238","P1D","http://aido.bsvgateway.org/api/locations/23767238/","Northumberland","Northumberland, United Kingdom","State","http://aido.bsvgateway.org/api/locations/214138576/",55.2386846812959,-2.06170767205602,55.2386846812959,"Campylobacteriosis"
"23767238.149",2010-06-30,2010-06-29,0,23767238,"50","23767238","P1D","http://aido.bsvgateway.org/api/locations/23767238/","Northumberland","Northumberland, United Kingdom","State","http://aido.bsvgateway.org/api/locations/214138576/",-2.06170767205602,-2.06170767205602,55.2386846812959,"Campylobacteriosis"
"23767238.150",2010-07-01,2010-06-30,1,23767238,"50","23767238","P1D","http://aido.bsvgateway.org/api/locations/23767238/","Northumberland","Northumberland, United Kingdom","State","http://aido.bsvgateway.org/api/locations/214138576/",55.2386846812959,-2.06170767205602,55.2386846812959,"Campylobacteriosis"
"250464028.160",1990-05-23,1990-05-22,0,250464028,"50","250464028","P1D","http://aido.bsvgateway.org/api/locations/250464028/","Kentucky","Kentucky, United States of America","State","http://aido.bsvgateway.org/api/locations/113309883/",37.5296756908559,-85.2902111697205,37.5296756908559,"Campylobacteriosis"
"250464028.161",1990-05-24,1990-05-23,1,250464028,"50","250464028","P1D","http://aido.bsvgateway.org/api/locations/250464028/","Kentucky","Kentucky, United States of America","State","http://aido.bsvgateway.org/api/locations/113309883/",-85.2902111697205,-85.2902111697205,37.5296756908559,"Campylobacteriosis"
"250464028.162",1990-05-25,1990-05-24,8,250464028,"50","250464028","P1D","http://aido.bsvgateway.org/api/locations/250464028/","Kentucky","Kentucky, United States of America","State","http://aido.bsvgateway.org/api/locations/113309883/",37.5296756908559,-85.2902111697205,37.5296756908559,"Campylobacteriosis"
"250464028.163",1990-05-26,1990-05-25,12,250464028,"50","250464028","P1D","http://aido.bsvgateway.org/api/locations/250464028/","Kentucky","Kentucky, United States of America","State","http://aido.bsvgateway.org/api/locations/113309883/",-85.2902111697205,-85.2902111697205,37.5296756908559,"Campylobacteriosis"
"250464028.164",1990-05-27,1990-05-26,12,250464028,"50","250464028","P1D","http://aido.bsvgateway.org/api/locations/250464028/","Kentucky","Kentucky, United States of America","State","http://aido.bsvgateway.org/api/locations/113309883/",37.5296756908559,-85.2902111697205,37.5296756908559,"Campylobacteriosis"
"250464028.165",1990-05-28,1990-05-27,14,250464028,"50","250464028","P1D","http://aido.bsvgateway.org/api/locations/250464028/","Kentucky","Kentucky, United States of America","State","http://aido.bsvgateway.org/api/locations/113309883/",-85.2902111697205,-85.2902111697205,37.5296756908559,"Campylobacteriosis"
"250464028.166",1990-05-29,1990-05-28,3,250464028,"50","250464028","P1D","http://aido.bsvgateway.org/api/locations/250464028/","Kentucky","Kentucky, United States of America","State","http://aido.bsvgateway.org/api/locations/113309883/",37.5296756908559,-85.2902111697205,37.5296756908559,"Campylobacteriosis"
"250464028.167",1990-05-30,1990-05-29,1,250464028,"50","250464028","P1D","http://aido.bsvgateway.org/api/locations/250464028/","Kentucky","Kentucky, United States of America","State","http://aido.bsvgateway.org/api/locations/113309883/",-85.2902111697205,-85.2902111697205,37.5296756908559,"Campylobacteriosis"
"250464028.168",1990-05-31,1990-05-30,6,250464028,"50","250464028","P1D","http://aido.bsvgateway.org/api/locations/250464028/","Kentucky","Kentucky, United States of America","State","http://aido.bsvgateway.org/api/locations/113309883/",37.5296756908559,-85.2902111697205,37.5296756908559,"Campylobacteriosis"
"250464028.169",1990-06-01,1990-05-31,9,250464028,"50","250464028","P1D","http://aido.bsvgateway.org/api/locations/250464028/","Kentucky","Kentucky, United States of America","State","http://aido.bsvgateway.org/api/locations/113309883/",-85.2902111697205,-85.2902111697205,37.5296756908559,"Campylobacteriosis"
"250464028.170",1990-06-02,1990-06-01,25,250464028,"50","250464028","P1D","http://aido.bsvgateway.org/api/locations/250464028/","Kentucky","Kentucky, United States of America","State","http://aido.bsvgateway.org/api/locations/113309883/",37.5296756908559,-85.2902111697205,37.5296756908559,"Campylobacteriosis"
"250464028.171",1990-06-03,1990-06-02,19,250464028,"50","250464028","P1D","http://aido.bsvgateway.org/api/locations/250464028/","Kentucky","Kentucky, United States of America","State","http://aido.bsvgateway.org/api/locations/113309883/",-85.2902111697205,-85.2902111697205,37.5296756908559,"Campylobacteriosis"
"250464028.172",1990-06-04,1990-06-03,7,250464028,"50","250464028","P1D","http://aido.bsvgateway.org/api/locations/250464028/","Kentucky","Kentucky, United States of America","State","http://aido.bsvgateway.org/api/locations/113309883/",37.5296756908559,-85.2902111697205,37.5296756908559,"Campylobacteriosis"
"250464028.173",1990-06-05,1990-06-04,3,250464028,"50","250464028","P1D","http://aido.bsvgateway.org/api/locations/250464028/","Kentucky","Kentucky, United States of America","State","http://aido.bsvgateway.org/api/locations/113309883/",-85.2902111697205,-85.2902111697205,37.5296756908559,"Campylobacteriosis"
"250464028.174",1990-06-06,1990-06-05,16,250464028,"50","250464028","P1D","http://aido.bsvgateway.org/api/locations/250464028/","Kentucky","Kentucky, United States of America","State","http://aido.bsvgateway.org/api/locations/113309883/",37.5296756908559,-85.2902111697205,37.5296756908559,"Campylobacteriosis"
"250464028.175",1990-06-07,1990-06-06,17,250464028,"50","250464028","P1D","http://aido.bsvgateway.org/api/locations/250464028/","Kentucky","Kentucky, United States of America","State","http://aido.bsvgateway.org/api/locations/113309883/",-85.2902111697205,-85.2902111697205,37.5296756908559,"Campylobacteriosis"
"250464028.176",1990-06-08,1990-06-07,14,250464028,"50","250464028","P1D","http://aido.bsvgateway.org/api/locations/250464028/","Kentucky","Kentucky, United States of America","State","http://aido.bsvgateway.org/api/locations/113309883/",37.5296756908559,-85.2902111697205,37.5296756908559,"Campylobacteriosis"
"250464028.177",1990-06-09,1990-06-08,7,250464028,"50","250464028","P1D","http://aido.bsvgateway.org/api/locations/250464028/","Kentucky","Kentucky, United States of America","State","http://aido.bsvgateway.org/api/locations/113309883/",-85.2902111697205,-85.2902111697205,37.5296756908559,"Campylobacteriosis"
"250464028.178",1990-06-10,1990-06-09,20,250464028,"50","250464028","P1D","http://aido.bsvgateway.org/api/locations/250464028/","Kentucky","Kentucky, United States of America","State","http://aido.bsvgateway.org/api/locations/113309883/",37.5296756908559,-85.2902111697205,37.5296756908559,"Campylobacteriosis"
"250464028.179",1990-06-11,1990-06-10,10,250464028,"50","250464028","P1D","http://aido.bsvgateway.org/api/locations/250464028/","Kentucky","Kentucky, United States of America","State","http://aido.bsvgateway.org/api/locations/113309883/",-85.2902111697205,-85.2902111697205,37.5296756908559,"Campylobacteriosis"
"250464028.180",1990-06-12,1990-06-11,3,250464028,"50","250464028","P1D","http://aido.bsvgateway.org/api/locations/250464028/","Kentucky","Kentucky, United States of America","State","http://aido.bsvgateway.org/api/locations/113309883/",37.5296756908559,-85.2902111697205,37.5296756908559,"Campylobacteriosis"
"250464028.181",1990-06-13,1990-06-12,1,250464028,"50","250464028","P1D","http://aido.bsvgateway.org/api/locations/250464028/","Kentucky","Kentucky, United States of America","State","http://aido.bsvgateway.org/api/locations/113309883/",-85.2902111697205,-85.2902111697205,37.5296756908559,"Campylobacteriosis"
"250464028.182",1990-06-14,1990-06-13,2,250464028,"50","250464028","P1D","http://aido.bsvgateway.org/api/locations/250464028/","Kentucky","Kentucky, United States of America","State","http://aido.bsvgateway.org/api/locations/113309883/",37.5296756908559,-85.2902111697205,37.5296756908559,"Campylobacteriosis"
"250464028.183",1990-06-15,1990-06-14,2,250464028,"50","250464028","P1D","http://aido.bsvgateway.org/api/locations/250464028/","Kentucky","Kentucky, United States of America","State","http://aido.bsvgateway.org/api/locations/113309883/",-85.2902111697205,-85.2902111697205,37.5296756908559,"Campylobacteriosis"
"263703205.37",2009-05-08,2009-05-07,2,263703205,"50","263703205","P1D","http://aido.bsvgateway.org/api/locations/263703205/","Norway","Norway","Country","http://aido.bsvgateway.org/api/locations/216709393/",68.7942729200572,15.4095991559425,68.7942729200572,"Campylobacteriosis"
"263703205.38",2009-05-09,2009-05-08,1,263703205,"50","263703205","P1D","http://aido.bsvgateway.org/api/locations/263703205/","Norway","Norway","Country","http://aido.bsvgateway.org/api/locations/216709393/",15.4095991559425,15.4095991559425,68.7942729200572,"Campylobacteriosis"
"263703205.39",2009-05-10,2009-05-09,1,263703205,"50","263703205","P1D","http://aido.bsvgateway.org/api/locations/263703205/","Norway","Norway","Country","http://aido.bsvgateway.org/api/locations/216709393/",68.7942729200572,15.4095991559425,68.7942729200572,"Campylobacteriosis"
"263703205.40",2009-05-11,2009-05-10,2,263703205,"50","263703205","P1D","http://aido.bsvgateway.org/api/locations/263703205/","Norway","Norway","Country","http://aido.bsvgateway.org/api/locations/216709393/",15.4095991559425,15.4095991559425,68.7942729200572,"Campylobacteriosis"
"263703205.41",2009-05-12,2009-05-11,2,263703205,"50","263703205","P1D","http://aido.bsvgateway.org/api/locations/263703205/","Norway","Norway","Country","http://aido.bsvgateway.org/api/locations/216709393/",68.7942729200572,15.4095991559425,68.7942729200572,"Campylobacteriosis"
"263703205.42",2009-05-13,2009-05-12,0,263703205,"50","263703205","P1D","http://aido.bsvgateway.org/api/locations/263703205/","Norway","Norway","Country","http://aido.bsvgateway.org/api/locations/216709393/",15.4095991559425,15.4095991559425,68.7942729200572,"Campylobacteriosis"
"263703205.43",2009-05-14,2009-05-13,1,263703205,"50","263703205","P1D","http://aido.bsvgateway.org/api/locations/263703205/","Norway","Norway","Country","http://aido.bsvgateway.org/api/locations/216709393/",68.7942729200572,15.4095991559425,68.7942729200572,"Campylobacteriosis"
"263703205.44",2009-05-15,2009-05-14,0,263703205,"50","263703205","P1D","http://aido.bsvgateway.org/api/locations/263703205/","Norway","Norway","Country","http://aido.bsvgateway.org/api/locations/216709393/",15.4095991559425,15.4095991559425,68.7942729200572,"Campylobacteriosis"
"263703205.45",2009-05-16,2009-05-15,1,263703205,"50","263703205","P1D","http://aido.bsvgateway.org/api/locations/263703205/","Norway","Norway","Country","http://aido.bsvgateway.org/api/locations/216709393/",68.7942729200572,15.4095991559425,68.7942729200572,"Campylobacteriosis"
"263703205.46",2009-05-17,2009-05-16,1,263703205,"50","263703205","P1D","http://aido.bsvgateway.org/api/locations/263703205/","Norway","Norway","Country","http://aido.bsvgateway.org/api/locations/216709393/",15.4095991559425,15.4095991559425,68.7942729200572,"Campylobacteriosis"
"27222082.252",2010-09-18,2010-09-17,71,27222082,"50","27222082","P1D","http://aido.bsvgateway.org/api/locations/27222082/","Barcelona","Barcelona, Barcelona, Spain","City","http://aido.bsvgateway.org/api/locations/116957111/",41.3852487718808,2.18142779395249,41.3852487718808,"Campylobacteriosis"
"27222082.253",2010-09-19,2010-09-18,0,27222082,"50","27222082","P1D","http://aido.bsvgateway.org/api/locations/27222082/","Barcelona","Barcelona, Barcelona, Spain","City","http://aido.bsvgateway.org/api/locations/116957111/",2.18142779395249,2.18142779395249,41.3852487718808,"Campylobacteriosis"
"27222082.254",2010-09-20,2010-09-19,0,27222082,"50","27222082","P1D","http://aido.bsvgateway.org/api/locations/27222082/","Barcelona","Barcelona, Barcelona, Spain","City","http://aido.bsvgateway.org/api/locations/116957111/",41.3852487718808,2.18142779395249,41.3852487718808,"Campylobacteriosis"
"27222082.255",2010-09-21,2010-09-20,1,27222082,"50","27222082","P1D","http://aido.bsvgateway.org/api/locations/27222082/","Barcelona","Barcelona, Barcelona, Spain","City","http://aido.bsvgateway.org/api/locations/116957111/",2.18142779395249,2.18142779395249,41.3852487718808,"Campylobacteriosis"
"27222082.256",2010-09-22,2010-09-21,2,27222082,"50","27222082","P1D","http://aido.bsvgateway.org/api/locations/27222082/","Barcelona","Barcelona, Barcelona, Spain","City","http://aido.bsvgateway.org/api/locations/116957111/",41.3852487718808,2.18142779395249,41.3852487718808,"Campylobacteriosis"
"39419723.301",2007-10-12,2007-10-11,4,39419723,"50","39419723","P1D","http://aido.bsvgateway.org/api/locations/39419723/","Stockholm","Stockholm, Stockholm, Sweden","City","http://aido.bsvgateway.org/api/locations/19711912/",59.3527091461992,18.0953922075142,59.3527091461992,"Campylobacteriosis"
"39419723.302",2007-10-13,2007-10-12,4,39419723,"50","39419723","P1D","http://aido.bsvgateway.org/api/locations/39419723/","Stockholm","Stockholm, Stockholm, Sweden","City","http://aido.bsvgateway.org/api/locations/19711912/",18.0953922075142,18.0953922075142,59.3527091461992,"Campylobacteriosis"
"39419723.303",2007-10-14,2007-10-13,0,39419723,"50","39419723","P1D","http://aido.bsvgateway.org/api/locations/39419723/","Stockholm","Stockholm, Stockholm, Sweden","City","http://aido.bsvgateway.org/api/locations/19711912/",59.3527091461992,18.0953922075142,59.3527091461992,"Campylobacteriosis"
"39419723.304",2007-10-15,2007-10-14,5,39419723,"50","39419723","P1D","http://aido.bsvgateway.org/api/locations/39419723/","Stockholm","Stockholm, Stockholm, Sweden","City","http://aido.bsvgateway.org/api/locations/19711912/",18.0953922075142,18.0953922075142,59.3527091461992,"Campylobacteriosis"
"39419723.305",2007-10-16,2007-10-15,0,39419723,"50","39419723","P1D","http://aido.bsvgateway.org/api/locations/39419723/","Stockholm","Stockholm, Stockholm, Sweden","City","http://aido.bsvgateway.org/api/locations/19711912/",59.3527091461992,18.0953922075142,59.3527091461992,"Campylobacteriosis"
"39419723.306",2007-10-17,2007-10-16,4,39419723,"50","39419723","P1D","http://aido.bsvgateway.org/api/locations/39419723/","Stockholm","Stockholm, Stockholm, Sweden","City","http://aido.bsvgateway.org/api/locations/19711912/",18.0953922075142,18.0953922075142,59.3527091461992,"Campylobacteriosis"
"39419723.307",2007-10-18,2007-10-17,0,39419723,"50","39419723","P1D","http://aido.bsvgateway.org/api/locations/39419723/","Stockholm","Stockholm, Stockholm, Sweden","City","http://aido.bsvgateway.org/api/locations/19711912/",59.3527091461992,18.0953922075142,59.3527091461992,"Campylobacteriosis"
"39419723.308",2007-10-19,2007-10-18,0,39419723,"50","39419723","P1D","http://aido.bsvgateway.org/api/locations/39419723/","Stockholm","Stockholm, Stockholm, Sweden","City","http://aido.bsvgateway.org/api/locations/19711912/",18.0953922075142,18.0953922075142,59.3527091461992,"Campylobacteriosis"
"39419723.309",2007-10-20,2007-10-19,1,39419723,"50","39419723","P1D","http://aido.bsvgateway.org/api/locations/39419723/","Stockholm","Stockholm, Stockholm, Sweden","City","http://aido.bsvgateway.org/api/locations/19711912/",59.3527091461992,18.0953922075142,59.3527091461992,"Campylobacteriosis"
"39419723.310",2007-10-21,2007-10-20,0,39419723,"50","39419723","P1D","http://aido.bsvgateway.org/api/locations/39419723/","Stockholm","Stockholm, Stockholm, Sweden","City","http://aido.bsvgateway.org/api/locations/19711912/",18.0953922075142,18.0953922075142,59.3527091461992,"Campylobacteriosis"
"39419723.311",2007-10-22,2007-10-21,0,39419723,"50","39419723","P1D","http://aido.bsvgateway.org/api/locations/39419723/","Stockholm","Stockholm, Stockholm, Sweden","City","http://aido.bsvgateway.org/api/locations/19711912/",59.3527091461992,18.0953922075142,59.3527091461992,"Campylobacteriosis"
"39419723.312",2007-10-23,2007-10-22,0,39419723,"50","39419723","P1D","http://aido.bsvgateway.org/api/locations/39419723/","Stockholm","Stockholm, Stockholm, Sweden","City","http://aido.bsvgateway.org/api/locations/19711912/",18.0953922075142,18.0953922075142,59.3527091461992,"Campylobacteriosis"
"39419723.313",2007-10-24,2007-10-23,0,39419723,"50","39419723","P1D","http://aido.bsvgateway.org/api/locations/39419723/","Stockholm","Stockholm, Stockholm, Sweden","City","http://aido.bsvgateway.org/api/locations/19711912/",59.3527091461992,18.0953922075142,59.3527091461992,"Campylobacteriosis"
"39419723.314",2007-10-25,2007-10-24,1,39419723,"50","39419723","P1D","http://aido.bsvgateway.org/api/locations/39419723/","Stockholm","Stockholm, Stockholm, Sweden","City","http://aido.bsvgateway.org/api/locations/19711912/",18.0953922075142,18.0953922075142,59.3527091461992,"Campylobacteriosis"
"39419723.315",2007-10-26,2007-10-25,0,39419723,"50","39419723","P1D","http://aido.bsvgateway.org/api/locations/39419723/","Stockholm","Stockholm, Stockholm, Sweden","City","http://aido.bsvgateway.org/api/locations/19711912/",59.3527091461992,18.0953922075142,59.3527091461992,"Campylobacteriosis"
"45091791.285",2012-10-08,2012-10-07,2,45091791,"50","45091791","P1D","http://aido.bsvgateway.org/api/locations/45091791/","Las Vegas","Las Vegas, Nevada, United States of America","City","http://aido.bsvgateway.org/api/locations/46840137/",36.2119469733576,-115.221948671361,36.2119469733576,"Campylobacteriosis"
"45091791.286",2012-10-09,2012-10-08,5,45091791,"50","45091791","P1D","http://aido.bsvgateway.org/api/locations/45091791/","Las Vegas","Las Vegas, Nevada, United States of America","City","http://aido.bsvgateway.org/api/locations/46840137/",-115.221948671361,-115.221948671361,36.2119469733576,"Campylobacteriosis"
"45091791.287",2012-10-10,2012-10-09,8,45091791,"50","45091791","P1D","http://aido.bsvgateway.org/api/locations/45091791/","Las Vegas","Las Vegas, Nevada, United States of America","City","http://aido.bsvgateway.org/api/locations/46840137/",36.2119469733576,-115.221948671361,36.2119469733576,"Campylobacteriosis"
"45091791.288",2012-10-11,2012-10-10,3,45091791,"50","45091791","P1D","http://aido.bsvgateway.org/api/locations/45091791/","Las Vegas","Las Vegas, Nevada, United States of America","City","http://aido.bsvgateway.org/api/locations/46840137/",-115.221948671361,-115.221948671361,36.2119469733576,"Campylobacteriosis"
"45091791.289",2012-10-12,2012-10-11,1,45091791,"50","45091791","P1D","http://aido.bsvgateway.org/api/locations/45091791/","Las Vegas","Las Vegas, Nevada, United States of America","City","http://aido.bsvgateway.org/api/locations/46840137/",36.2119469733576,-115.221948671361,36.2119469733576,"Campylobacteriosis"
"45091791.290",2012-10-13,2012-10-12,1,45091791,"50","45091791","P1D","http://aido.bsvgateway.org/api/locations/45091791/","Las Vegas","Las Vegas, Nevada, United States of America","City","http://aido.bsvgateway.org/api/locations/46840137/",-115.221948671361,-115.221948671361,36.2119469733576,"Campylobacteriosis"
"45091791.291",2012-10-14,2012-10-13,1,45091791,"50","45091791","P1D","http://aido.bsvgateway.org/api/locations/45091791/","Las Vegas","Las Vegas, Nevada, United States of America","City","http://aido.bsvgateway.org/api/locations/46840137/",36.2119469733576,-115.221948671361,36.2119469733576,"Campylobacteriosis"
"45091791.292",2012-10-15,2012-10-14,0,45091791,"50","45091791","P1D","http://aido.bsvgateway.org/api/locations/45091791/","Las Vegas","Las Vegas, Nevada, United States of America","City","http://aido.bsvgateway.org/api/locations/46840137/",-115.221948671361,-115.221948671361,36.2119469733576,"Campylobacteriosis"
"45091791.293",2012-10-16,2012-10-15,1,45091791,"50","45091791","P1D","http://aido.bsvgateway.org/api/locations/45091791/","Las Vegas","Las Vegas, Nevada, United States of America","City","http://aido.bsvgateway.org/api/locations/46840137/",36.2119469733576,-115.221948671361,36.2119469733576,"Campylobacteriosis"
"73671182.294",2012-07-15,2012-07-14,2,73671182,"50","73671182","P1D","http://aido.bsvgateway.org/api/locations/73671182/","Adelaide","Adelaide, South Australia, Australia","City","http://aido.bsvgateway.org/api/locations/113468835/",-34.9330385819401,138.598062315983,-34.9330385819401,"Campylobacteriosis"
"73671182.295",2012-07-16,2012-07-15,5,73671182,"50","73671182","P1D","http://aido.bsvgateway.org/api/locations/73671182/","Adelaide","Adelaide, South Australia, Australia","City","http://aido.bsvgateway.org/api/locations/113468835/",138.598062315983,138.598062315983,-34.9330385819401,"Campylobacteriosis"
"73671182.296",2012-07-17,2012-07-16,2,73671182,"50","73671182","P1D","http://aido.bsvgateway.org/api/locations/73671182/","Adelaide","Adelaide, South Australia, Australia","City","http://aido.bsvgateway.org/api/locations/113468835/",-34.9330385819401,138.598062315983,-34.9330385819401,"Campylobacteriosis"
"73671182.297",2012-07-18,2012-07-17,3,73671182,"50","73671182","P1D","http://aido.bsvgateway.org/api/locations/73671182/","Adelaide","Adelaide, South Australia, Australia","City","http://aido.bsvgateway.org/api/locations/113468835/",138.598062315983,138.598062315983,-34.9330385819401,"Campylobacteriosis"
"73671182.298",2012-07-19,2012-07-18,1,73671182,"50","73671182","P1D","http://aido.bsvgateway.org/api/locations/73671182/","Adelaide","Adelaide, South Australia, Australia","City","http://aido.bsvgateway.org/api/locations/113468835/",-34.9330385819401,138.598062315983,-34.9330385819401,"Campylobacteriosis"
"73671182.299",2012-07-20,2012-07-19,1,73671182,"50","73671182","P1D","http://aido.bsvgateway.org/api/locations/73671182/","Adelaide","Adelaide, South Australia, Australia","City","http://aido.bsvgateway.org/api/locations/113468835/",138.598062315983,138.598062315983,-34.9330385819401,"Campylobacteriosis"
"73671182.300",2012-07-21,2012-07-20,1,73671182,"50","73671182","P1D","http://aido.bsvgateway.org/api/locations/73671182/","Adelaide","Adelaide, South Australia, Australia","City","http://aido.bsvgateway.org/api/locations/113468835/",-34.9330385819401,138.598062315983,-34.9330385819401,"Campylobacteriosis"
"74481847.142",2009-07-04,2009-07-03,19,74481847,"50","74481847","P1D","http://aido.bsvgateway.org/api/locations/74481847/","Gyeonggi","Gyeonggi, South Korea","State","http://aido.bsvgateway.org/api/locations/204325566/",37.5263114175988,127.121300101217,37.5263114175988,"Campylobacteriosis"
"74481847.143",2009-07-05,2009-07-04,41,74481847,"50","74481847","P1D","http://aido.bsvgateway.org/api/locations/74481847/","Gyeonggi","Gyeonggi, South Korea","State","http://aido.bsvgateway.org/api/locations/204325566/",127.121300101217,127.121300101217,37.5263114175988,"Campylobacteriosis"
"74481847.144",2009-07-06,2009-07-05,19,74481847,"50","74481847","P1D","http://aido.bsvgateway.org/api/locations/74481847/","Gyeonggi","Gyeonggi, South Korea","State","http://aido.bsvgateway.org/api/locations/204325566/",37.5263114175988,127.121300101217,37.5263114175988,"Campylobacteriosis"
"74481847.145",2009-07-07,2009-07-06,13,74481847,"50","74481847","P1D","http://aido.bsvgateway.org/api/locations/74481847/","Gyeonggi","Gyeonggi, South Korea","State","http://aido.bsvgateway.org/api/locations/204325566/",127.121300101217,127.121300101217,37.5263114175988,"Campylobacteriosis"
"86990488.204",2008-08-02,2008-08-01,1,86990488,"50","86990488","P1D","http://aido.bsvgateway.org/api/locations/86990488/","Anchorage","Anchorage, Alaska, United States of America","City","http://aido.bsvgateway.org/api/locations/158211970/",61.2199732421233,-149.900211553121,61.2199732421233,"Campylobacteriosis"
"86990488.205",2008-08-03,2008-08-02,0,86990488,"50","86990488","P1D","http://aido.bsvgateway.org/api/locations/86990488/","Anchorage","Anchorage, Alaska, United States of America","City","http://aido.bsvgateway.org/api/locations/158211970/",-149.900211553121,-149.900211553121,61.2199732421233,"Campylobacteriosis"
"86990488.206",2008-08-04,2008-08-03,1,86990488,"50","86990488","P1D","http://aido.bsvgateway.org/api/locations/86990488/","Anchorage","Anchorage, Alaska, United States of America","City","http://aido.bsvgateway.org/api/locations/158211970/",61.2199732421233,-149.900211553121,61.2199732421233,"Campylobacteriosis"
"86990488.207",2008-08-05,2008-08-04,1,86990488,"50","86990488","P1D","http://aido.bsvgateway.org/api/locations/86990488/","Anchorage","Anchorage, Alaska, United States of America","City","http://aido.bsvgateway.org/api/locations/158211970/",-149.900211553121,-149.900211553121,61.2199732421233,"Campylobacteriosis"
"86990488.208",2008-08-06,2008-08-05,0,86990488,"50","86990488","P1D","http://aido.bsvgateway.org/api/locations/86990488/","Anchorage","Anchorage, Alaska, United States of America","City","http://aido.bsvgateway.org/api/locations/158211970/",61.2199732421233,-149.900211553121,61.2199732421233,"Campylobacteriosis"
"86990488.209",2008-08-07,2008-08-06,0,86990488,"50","86990488","P1D","http://aido.bsvgateway.org/api/locations/86990488/","Anchorage","Anchorage, Alaska, United States of America","City","http://aido.bsvgateway.org/api/locations/158211970/",-149.900211553121,-149.900211553121,61.2199732421233,"Campylobacteriosis"
"86990488.210",2008-08-08,2008-08-07,1,86990488,"50","86990488","P1D","http://aido.bsvgateway.org/api/locations/86990488/","Anchorage","Anchorage, Alaska, United States of America","City","http://aido.bsvgateway.org/api/locations/158211970/",61.2199732421233,-149.900211553121,61.2199732421233,"Campylobacteriosis"
"86990488.211",2008-08-09,2008-08-08,1,86990488,"50","86990488","P1D","http://aido.bsvgateway.org/api/locations/86990488/","Anchorage","Anchorage, Alaska, United States of America","City","http://aido.bsvgateway.org/api/locations/158211970/",-149.900211553121,-149.900211553121,61.2199732421233,"Campylobacteriosis"
"86990488.212",2008-08-10,2008-08-09,0,86990488,"50","86990488","P1D","http://aido.bsvgateway.org/api/locations/86990488/","Anchorage","Anchorage, Alaska, United States of America","City","http://aido.bsvgateway.org/api/locations/158211970/",61.2199732421233,-149.900211553121,61.2199732421233,"Campylobacteriosis"
"86990488.213",2008-08-11,2008-08-10,0,86990488,"50","86990488","P1D","http://aido.bsvgateway.org/api/locations/86990488/","Anchorage","Anchorage, Alaska, United States of America","City","http://aido.bsvgateway.org/api/locations/158211970/",-149.900211553121,-149.900211553121,61.2199732421233,"Campylobacteriosis"
"86990488.214",2008-08-12,2008-08-11,0,86990488,"50","86990488","P1D","http://aido.bsvgateway.org/api/locations/86990488/","Anchorage","Anchorage, Alaska, United States of America","City","http://aido.bsvgateway.org/api/locations/158211970/",61.2199732421233,-149.900211553121,61.2199732421233,"Campylobacteriosis"
"86990488.215",2008-08-13,2008-08-12,0,86990488,"50","86990488","P1D","http://aido.bsvgateway.org/api/locations/86990488/","Anchorage","Anchorage, Alaska, United States of America","City","http://aido.bsvgateway.org/api/locations/158211970/",-149.900211553121,-149.900211553121,61.2199732421233,"Campylobacteriosis"
"86990488.216",2008-08-14,2008-08-13,2,86990488,"50","86990488","P1D","http://aido.bsvgateway.org/api/locations/86990488/","Anchorage","Anchorage, Alaska, United States of America","City","http://aido.bsvgateway.org/api/locations/158211970/",61.2199732421233,-149.900211553121,61.2199732421233,"Campylobacteriosis"
"86990488.217",2008-08-15,2008-08-14,0,86990488,"50","86990488","P1D","http://aido.bsvgateway.org/api/locations/86990488/","Anchorage","Anchorage, Alaska, United States of America","City","http://aido.bsvgateway.org/api/locations/158211970/",-149.900211553121,-149.900211553121,61.2199732421233,"Campylobacteriosis"
"86990488.218",2008-08-16,2008-08-15,3,86990488,"50","86990488","P1D","http://aido.bsvgateway.org/api/locations/86990488/","Anchorage","Anchorage, Alaska, United States of America","City","http://aido.bsvgateway.org/api/locations/158211970/",61.2199732421233,-149.900211553121,61.2199732421233,"Campylobacteriosis"
"86990488.219",2008-08-17,2008-08-16,3,86990488,"50","86990488","P1D","http://aido.bsvgateway.org/api/locations/86990488/","Anchorage","Anchorage, Alaska, United States of America","City","http://aido.bsvgateway.org/api/locations/158211970/",-149.900211553121,-149.900211553121,61.2199732421233,"Campylobacteriosis"
"86990488.220",2008-08-18,2008-08-17,4,86990488,"50","86990488","P1D","http://aido.bsvgateway.org/api/locations/86990488/","Anchorage","Anchorage, Alaska, United States of America","City","http://aido.bsvgateway.org/api/locations/158211970/",61.2199732421233,-149.900211553121,61.2199732421233,"Campylobacteriosis"
"86990488.221",2008-08-19,2008-08-18,2,86990488,"50","86990488","P1D","http://aido.bsvgateway.org/api/locations/86990488/","Anchorage","Anchorage, Alaska, United States of America","City","http://aido.bsvgateway.org/api/locations/158211970/",-149.900211553121,-149.900211553121,61.2199732421233,"Campylobacteriosis"
"86990488.222",2008-08-20,2008-08-19,1,86990488,"50","86990488","P1D","http://aido.bsvgateway.org/api/locations/86990488/","Anchorage","Anchorage, Alaska, United States of America","City","http://aido.bsvgateway.org/api/locations/158211970/",61.2199732421233,-149.900211553121,61.2199732421233,"Campylobacteriosis"
"86990488.223",2008-08-21,2008-08-20,2,86990488,"50","86990488","P1D","http://aido.bsvgateway.org/api/locations/86990488/","Anchorage","Anchorage, Alaska, United States of America","City","http://aido.bsvgateway.org/api/locations/158211970/",-149.900211553121,-149.900211553121,61.2199732421233,"Campylobacteriosis"
"86990488.224",2008-08-22,2008-08-21,1,86990488,"50","86990488","P1D","http://aido.bsvgateway.org/api/locations/86990488/","Anchorage","Anchorage, Alaska, United States of America","City","http://aido.bsvgateway.org/api/locations/158211970/",61.2199732421233,-149.900211553121,61.2199732421233,"Campylobacteriosis"
"86990488.225",2008-08-23,2008-08-22,1,86990488,"50","86990488","P1D","http://aido.bsvgateway.org/api/locations/86990488/","Anchorage","Anchorage, Alaska, United States of America","City","http://aido.bsvgateway.org/api/locations/158211970/",-149.900211553121,-149.900211553121,61.2199732421233,"Campylobacteriosis"
"86990488.226",2008-08-24,2008-08-23,2,86990488,"50","86990488","P1D","http://aido.bsvgateway.org/api/locations/86990488/","Anchorage","Anchorage, Alaska, United States of America","City","http://aido.bsvgateway.org/api/locations/158211970/",61.2199732421233,-149.900211553121,61.2199732421233,"Campylobacteriosis"
"86990488.227",2008-08-25,2008-08-24,5,86990488,"50","86990488","P1D","http://aido.bsvgateway.org/api/locations/86990488/","Anchorage","Anchorage, Alaska, United States of America","City","http://aido.bsvgateway.org/api/locations/158211970/",-149.900211553121,-149.900211553121,61.2199732421233,"Campylobacteriosis"
"86990488.228",2008-08-26,2008-08-25,0,86990488,"50","86990488","P1D","http://aido.bsvgateway.org/api/locations/86990488/","Anchorage","Anchorage, Alaska, United States of America","City","http://aido.bsvgateway.org/api/locations/158211970/",61.2199732421233,-149.900211553121,61.2199732421233,"Campylobacteriosis"
"86990488.229",2008-08-27,2008-08-26,0,86990488,"50","86990488","P1D","http://aido.bsvgateway.org/api/locations/86990488/","Anchorage","Anchorage, Alaska, United States of America","City","http://aido.bsvgateway.org/api/locations/158211970/",-149.900211553121,-149.900211553121,61.2199732421233,"Campylobacteriosis"
"86990488.230",2008-08-28,2008-08-27,0,86990488,"50","86990488","P1D","http://aido.bsvgateway.org/api/locations/86990488/","Anchorage","Anchorage, Alaska, United States of America","City","http://aido.bsvgateway.org/api/locations/158211970/",61.2199732421233,-149.900211553121,61.2199732421233,"Campylobacteriosis"
"86990488.231",2008-08-29,2008-08-28,1,86990488,"50","86990488","P1D","http://aido.bsvgateway.org/api/locations/86990488/","Anchorage","Anchorage, Alaska, United States of America","City","http://aido.bsvgateway.org/api/locations/158211970/",-149.900211553121,-149.900211553121,61.2199732421233,"Campylobacteriosis"
"86990488.232",2008-08-30,2008-08-29,2,86990488,"50","86990488","P1D","http://aido.bsvgateway.org/api/locations/86990488/","Anchorage","Anchorage, Alaska, United States of America","City","http://aido.bsvgateway.org/api/locations/158211970/",61.2199732421233,-149.900211553121,61.2199732421233,"Campylobacteriosis"
"86990488.233",2008-08-31,2008-08-30,8,86990488,"50","86990488","P1D","http://aido.bsvgateway.org/api/locations/86990488/","Anchorage","Anchorage, Alaska, United States of America","City","http://aido.bsvgateway.org/api/locations/158211970/",-149.900211553121,-149.900211553121,61.2199732421233,"Campylobacteriosis"
"86990488.234",2008-09-01,2008-08-31,4,86990488,"50","86990488","P1D","http://aido.bsvgateway.org/api/locations/86990488/","Anchorage","Anchorage, Alaska, United States of America","City","http://aido.bsvgateway.org/api/locations/158211970/",61.2199732421233,-149.900211553121,61.2199732421233,"Campylobacteriosis"
"86990488.235",2008-09-02,2008-09-01,6,86990488,"50","86990488","P1D","http://aido.bsvgateway.org/api/locations/86990488/","Anchorage","Anchorage, Alaska, United States of America","City","http://aido.bsvgateway.org/api/locations/158211970/",-149.900211553121,-149.900211553121,61.2199732421233,"Campylobacteriosis"
"86990488.236",2008-09-03,2008-09-02,4,86990488,"50","86990488","P1D","http://aido.bsvgateway.org/api/locations/86990488/","Anchorage","Anchorage, Alaska, United States of America","City","http://aido.bsvgateway.org/api/locations/158211970/",61.2199732421233,-149.900211553121,61.2199732421233,"Campylobacteriosis"
"86990488.237",2008-09-04,2008-09-03,2,86990488,"50","86990488","P1D","http://aido.bsvgateway.org/api/locations/86990488/","Anchorage","Anchorage, Alaska, United States of America","City","http://aido.bsvgateway.org/api/locations/158211970/",-149.900211553121,-149.900211553121,61.2199732421233,"Campylobacteriosis"
"86990488.238",2008-09-05,2008-09-04,4,86990488,"50","86990488","P1D","http://aido.bsvgateway.org/api/locations/86990488/","Anchorage","Anchorage, Alaska, United States of America","City","http://aido.bsvgateway.org/api/locations/158211970/",61.2199732421233,-149.900211553121,61.2199732421233,"Campylobacteriosis"
"86990488.239",2008-09-06,2008-09-05,6,86990488,"50","86990488","P1D","http://aido.bsvgateway.org/api/locations/86990488/","Anchorage","Anchorage, Alaska, United States of America","City","http://aido.bsvgateway.org/api/locations/158211970/",-149.900211553121,-149.900211553121,61.2199732421233,"Campylobacteriosis"
"86990488.240",2008-09-07,2008-09-06,4,86990488,"50","86990488","P1D","http://aido.bsvgateway.org/api/locations/86990488/","Anchorage","Anchorage, Alaska, United States of America","City","http://aido.bsvgateway.org/api/locations/158211970/",61.2199732421233,-149.900211553121,61.2199732421233,"Campylobacteriosis"
"86990488.241",2008-09-08,2008-09-07,2,86990488,"50","86990488","P1D","http://aido.bsvgateway.org/api/locations/86990488/","Anchorage","Anchorage, Alaska, United States of America","City","http://aido.bsvgateway.org/api/locations/158211970/",-149.900211553121,-149.900211553121,61.2199732421233,"Campylobacteriosis"
"86990488.242",2008-09-09,2008-09-08,4,86990488,"50","86990488","P1D","http://aido.bsvgateway.org/api/locations/86990488/","Anchorage","Anchorage, Alaska, United States of America","City","http://aido.bsvgateway.org/api/locations/158211970/",61.2199732421233,-149.900211553121,61.2199732421233,"Campylobacteriosis"
"86990488.243",2008-09-10,2008-09-09,5,86990488,"50","86990488","P1D","http://aido.bsvgateway.org/api/locations/86990488/","Anchorage","Anchorage, Alaska, United States of America","City","http://aido.bsvgateway.org/api/locations/158211970/",-149.900211553121,-149.900211553121,61.2199732421233,"Campylobacteriosis"
"86990488.244",2008-09-11,2008-09-10,4,86990488,"50","86990488","P1D","http://aido.bsvgateway.org/api/locations/86990488/","Anchorage","Anchorage, Alaska, United States of America","City","http://aido.bsvgateway.org/api/locations/158211970/",61.2199732421233,-149.900211553121,61.2199732421233,"Campylobacteriosis"
"86990488.245",2008-09-12,2008-09-11,1,86990488,"50","86990488","P1D","http://aido.bsvgateway.org/api/locations/86990488/","Anchorage","Anchorage, Alaska, United States of America","City","http://aido.bsvgateway.org/api/locations/158211970/",-149.900211553121,-149.900211553121,61.2199732421233,"Campylobacteriosis"
"86990488.246",2008-09-13,2008-09-12,4,86990488,"50","86990488","P1D","http://aido.bsvgateway.org/api/locations/86990488/","Anchorage","Anchorage, Alaska, United States of America","City","http://aido.bsvgateway.org/api/locations/158211970/",61.2199732421233,-149.900211553121,61.2199732421233,"Campylobacteriosis"
"86990488.247",2008-09-14,2008-09-13,3,86990488,"50","86990488","P1D","http://aido.bsvgateway.org/api/locations/86990488/","Anchorage","Anchorage, Alaska, United States of America","City","http://aido.bsvgateway.org/api/locations/158211970/",-149.900211553121,-149.900211553121,61.2199732421233,"Campylobacteriosis"
"86990488.248",2008-09-15,2008-09-14,1,86990488,"50","86990488","P1D","http://aido.bsvgateway.org/api/locations/86990488/","Anchorage","Anchorage, Alaska, United States of America","City","http://aido.bsvgateway.org/api/locations/158211970/",61.2199732421233,-149.900211553121,61.2199732421233,"Campylobacteriosis"
"86990488.249",2008-09-16,2008-09-15,0,86990488,"50","86990488","P1D","http://aido.bsvgateway.org/api/locations/86990488/","Anchorage","Anchorage, Alaska, United States of America","City","http://aido.bsvgateway.org/api/locations/158211970/",-149.900211553121,-149.900211553121,61.2199732421233,"Campylobacteriosis"
"86990488.250",2008-09-17,2008-09-16,1,86990488,"50","86990488","P1D","http://aido.bsvgateway.org/api/locations/86990488/","Anchorage","Anchorage, Alaska, United States of America","City","http://aido.bsvgateway.org/api/locations/158211970/",61.2199732421233,-149.900211553121,61.2199732421233,"Campylobacteriosis"
"86990488.251",2008-09-18,2008-09-17,1,86990488,"50","86990488","P1D","http://aido.bsvgateway.org/api/locations/86990488/","Anchorage","Anchorage, Alaska, United States of America","City","http://aido.bsvgateway.org/api/locations/158211970/",-149.900211553121,-149.900211553121,61.2199732421233,"Campylobacteriosis"
