"","end","start","value","id","disease","location","duration","url","name","full_name","admin_level_name","parent","centroid_lat_long","longitude","latitude","disease_name"
"113309883.33",2003-02-21,2003-02-04,5,113309883,"71","113309883","irregular","http://aido.bsvgateway.org/api/locations/113309883/","United States of America","United States of America","Country","http://aido.bsvgateway.org/api/locations/71269652/",45.6881134999987,-112.49572628642,45.6881134999987,"Severe Acute Respiratory Syndrome (SARS)"
"113309883.34",2003-03-10,2003-02-21,19,113309883,"71","113309883","irregular","http://aido.bsvgateway.org/api/locations/113309883/","United States of America","United States of America","Country","http://aido.bsvgateway.org/api/locations/71269652/",-112.49572628642,-112.49572628642,45.6881134999987,"Severe Acute Respiratory Syndrome (SARS)"
"113309883.35",2003-03-27,2003-03-10,11,113309883,"71","113309883","irregular","http://aido.bsvgateway.org/api/locations/113309883/","United States of America","United States of America","Country","http://aido.bsvgateway.org/api/locations/71269652/",45.6881134999987,-112.49572628642,45.6881134999987,"Severe Acute Respiratory Syndrome (SARS)"
"113309883.36",2003-04-13,2003-03-27,19,113309883,"71","113309883","irregular","http://aido.bsvgateway.org/api/locations/113309883/","United States of America","United States of America","Country","http://aido.bsvgateway.org/api/locations/71269652/",-112.49572628642,-112.49572628642,45.6881134999987,"Severe Acute Respiratory Syndrome (SARS)"
"113309883.37",2003-04-30,2003-04-13,5,113309883,"71","113309883","irregular","http://aido.bsvgateway.org/api/locations/113309883/","United States of America","United States of America","Country","http://aido.bsvgateway.org/api/locations/71269652/",45.6881134999987,-112.49572628642,45.6881134999987,"Severe Acute Respiratory Syndrome (SARS)"
"113309883.38",2003-05-17,2003-04-30,4,113309883,"71","113309883","irregular","http://aido.bsvgateway.org/api/locations/113309883/","United States of America","United States of America","Country","http://aido.bsvgateway.org/api/locations/71269652/",-112.49572628642,-112.49572628642,45.6881134999987,"Severe Acute Respiratory Syndrome (SARS)"
"113309883.39",2003-06-03,2003-05-17,5,113309883,"71","113309883","irregular","http://aido.bsvgateway.org/api/locations/113309883/","United States of America","United States of America","Country","http://aido.bsvgateway.org/api/locations/71269652/",45.6881134999987,-112.49572628642,45.6881134999987,"Severe Acute Respiratory Syndrome (SARS)"
"113309883.40",2003-06-20,2003-06-03,3,113309883,"71","113309883","irregular","http://aido.bsvgateway.org/api/locations/113309883/","United States of America","United States of America","Country","http://aido.bsvgateway.org/api/locations/71269652/",-112.49572628642,-112.49572628642,45.6881134999987,"Severe Acute Respiratory Syndrome (SARS)"
"113309883.41",2003-07-03,2003-06-20,0,113309883,"71","113309883","irregular","http://aido.bsvgateway.org/api/locations/113309883/","United States of America","United States of America","Country","http://aido.bsvgateway.org/api/locations/71269652/",45.6881134999987,-112.49572628642,45.6881134999987,"Severe Acute Respiratory Syndrome (SARS)"
"113543002.15",2003-02-16,2003-02-01,2,113543002,"71","113543002","irregular","http://aido.bsvgateway.org/api/locations/113543002/","Vietnam","Vietnam","Country","http://aido.bsvgateway.org/api/locations/20359812/",16.6421827282701,106.300935220899,16.6421827282701,"Severe Acute Respiratory Syndrome (SARS)"
"113543002.16",2003-03-03,2003-02-16,52,113543002,"71","113543002","irregular","http://aido.bsvgateway.org/api/locations/113543002/","Vietnam","Vietnam","Country","http://aido.bsvgateway.org/api/locations/20359812/",106.300935220899,106.300935220899,16.6421827282701,"Severe Acute Respiratory Syndrome (SARS)"
"113543002.17",2003-03-18,2003-03-03,3,113543002,"71","113543002","irregular","http://aido.bsvgateway.org/api/locations/113543002/","Vietnam","Vietnam","Country","http://aido.bsvgateway.org/api/locations/20359812/",16.6421827282701,106.300935220899,16.6421827282701,"Severe Acute Respiratory Syndrome (SARS)"
"113543002.18",2003-04-02,2003-03-18,42,113543002,"71","113543002","irregular","http://aido.bsvgateway.org/api/locations/113543002/","Vietnam","Vietnam","Country","http://aido.bsvgateway.org/api/locations/20359812/",106.300935220899,106.300935220899,16.6421827282701,"Severe Acute Respiratory Syndrome (SARS)"
"113543002.19",2003-04-17,2003-04-02,5,113543002,"71","113543002","irregular","http://aido.bsvgateway.org/api/locations/113543002/","Vietnam","Vietnam","Country","http://aido.bsvgateway.org/api/locations/20359812/",16.6421827282701,106.300935220899,16.6421827282701,"Severe Acute Respiratory Syndrome (SARS)"
"113543002.20",2003-05-02,2003-04-17,0,113543002,"71","113543002","irregular","http://aido.bsvgateway.org/api/locations/113543002/","Vietnam","Vietnam","Country","http://aido.bsvgateway.org/api/locations/20359812/",106.300935220899,106.300935220899,16.6421827282701,"Severe Acute Respiratory Syndrome (SARS)"
"14428333.21",2003-02-14,2003-02-01,0,14428333,"71","14428333","irregular","http://aido.bsvgateway.org/api/locations/14428333/","Canada","Canada","Country","http://aido.bsvgateway.org/api/locations/71269652/",61.3764628013478,-98.293904271878,61.3764628013478,"Severe Acute Respiratory Syndrome (SARS)"
"14428333.22",2003-02-27,2003-02-14,0,14428333,"71","14428333","irregular","http://aido.bsvgateway.org/api/locations/14428333/","Canada","Canada","Country","http://aido.bsvgateway.org/api/locations/71269652/",-98.293904271878,-98.293904271878,61.3764628013478,"Severe Acute Respiratory Syndrome (SARS)"
"14428333.23",2003-03-12,2003-02-27,2,14428333,"71","14428333","irregular","http://aido.bsvgateway.org/api/locations/14428333/","Canada","Canada","Country","http://aido.bsvgateway.org/api/locations/71269652/",61.3764628013478,-98.293904271878,61.3764628013478,"Severe Acute Respiratory Syndrome (SARS)"
"14428333.24",2003-03-25,2003-03-12,5,14428333,"71","14428333","irregular","http://aido.bsvgateway.org/api/locations/14428333/","Canada","Canada","Country","http://aido.bsvgateway.org/api/locations/71269652/",-98.293904271878,-98.293904271878,61.3764628013478,"Severe Acute Respiratory Syndrome (SARS)"
"14428333.25",2003-04-07,2003-03-25,42,14428333,"71","14428333","irregular","http://aido.bsvgateway.org/api/locations/14428333/","Canada","Canada","Country","http://aido.bsvgateway.org/api/locations/71269652/",61.3764628013478,-98.293904271878,61.3764628013478,"Severe Acute Respiratory Syndrome (SARS)"
"14428333.26",2003-04-20,2003-04-07,72,14428333,"71","14428333","irregular","http://aido.bsvgateway.org/api/locations/14428333/","Canada","Canada","Country","http://aido.bsvgateway.org/api/locations/71269652/",-98.293904271878,-98.293904271878,61.3764628013478,"Severe Acute Respiratory Syndrome (SARS)"
"14428333.27",2003-05-03,2003-04-20,18,14428333,"71","14428333","irregular","http://aido.bsvgateway.org/api/locations/14428333/","Canada","Canada","Country","http://aido.bsvgateway.org/api/locations/71269652/",61.3764628013478,-98.293904271878,61.3764628013478,"Severe Acute Respiratory Syndrome (SARS)"
"14428333.28",2003-05-16,2003-05-03,5,14428333,"71","14428333","irregular","http://aido.bsvgateway.org/api/locations/14428333/","Canada","Canada","Country","http://aido.bsvgateway.org/api/locations/71269652/",-98.293904271878,-98.293904271878,61.3764628013478,"Severe Acute Respiratory Syndrome (SARS)"
"14428333.29",2003-05-29,2003-05-16,15,14428333,"71","14428333","irregular","http://aido.bsvgateway.org/api/locations/14428333/","Canada","Canada","Country","http://aido.bsvgateway.org/api/locations/71269652/",61.3764628013478,-98.293904271878,61.3764628013478,"Severe Acute Respiratory Syndrome (SARS)"
"14428333.30",2003-06-11,2003-05-29,63,14428333,"71","14428333","irregular","http://aido.bsvgateway.org/api/locations/14428333/","Canada","Canada","Country","http://aido.bsvgateway.org/api/locations/71269652/",-98.293904271878,-98.293904271878,61.3764628013478,"Severe Acute Respiratory Syndrome (SARS)"
"14428333.31",2003-06-24,2003-06-11,14,14428333,"71","14428333","irregular","http://aido.bsvgateway.org/api/locations/14428333/","Canada","Canada","Country","http://aido.bsvgateway.org/api/locations/71269652/",61.3764628013478,-98.293904271878,61.3764628013478,"Severe Acute Respiratory Syndrome (SARS)"
"14428333.32",2003-07-07,2003-06-24,1,14428333,"71","14428333","irregular","http://aido.bsvgateway.org/api/locations/14428333/","Canada","Canada","Country","http://aido.bsvgateway.org/api/locations/71269652/",-98.293904271878,-98.293904271878,61.3764628013478,"Severe Acute Respiratory Syndrome (SARS)"
"149387683.1",2003-03-01,2003-02-01,30,149387683,"71","149387683","P1M","http://aido.bsvgateway.org/api/locations/149387683/","China","China","Country","http://aido.bsvgateway.org/api/locations/20359812/",36.5601151532282,103.831571744511,36.5601151532282,"Severe Acute Respiratory Syndrome (SARS)"
"149387683.2",2003-04-01,2003-03-01,925,149387683,"71","149387683","P1M","http://aido.bsvgateway.org/api/locations/149387683/","China","China","Country","http://aido.bsvgateway.org/api/locations/20359812/",103.831571744511,103.831571744511,36.5601151532282,"Severe Acute Respiratory Syndrome (SARS)"
"149387683.3",2003-05-01,2003-04-01,679,149387683,"71","149387683","P1M","http://aido.bsvgateway.org/api/locations/149387683/","China","China","Country","http://aido.bsvgateway.org/api/locations/20359812/",36.5601151532282,103.831571744511,36.5601151532282,"Severe Acute Respiratory Syndrome (SARS)"
"149387683.4",2003-06-01,2003-05-01,95,149387683,"71","149387683","P1M","http://aido.bsvgateway.org/api/locations/149387683/","China","China","Country","http://aido.bsvgateway.org/api/locations/20359812/",103.831571744511,103.831571744511,36.5601151532282,"Severe Acute Respiratory Syndrome (SARS)"
"149387683.5",2003-07-01,2003-06-01,5,149387683,"71","149387683","P1M","http://aido.bsvgateway.org/api/locations/149387683/","China","China","Country","http://aido.bsvgateway.org/api/locations/20359812/",36.5601151532282,103.831571744511,36.5601151532282,"Severe Acute Respiratory Syndrome (SARS)"
"149387683.6",2003-08-01,2003-07-01,0,149387683,"71","149387683","P1M","http://aido.bsvgateway.org/api/locations/149387683/","China","China","Country","http://aido.bsvgateway.org/api/locations/20359812/",103.831571744511,103.831571744511,36.5601151532282,"Severe Acute Respiratory Syndrome (SARS)"
"200547390.7",2003-02-14,2003-02-01,0,200547390,"71","200547390","irregular","http://aido.bsvgateway.org/api/locations/200547390/","Singapore","Singapore","Country","http://aido.bsvgateway.org/api/locations/20359812/",1.35892102024372,103.813467658017,1.35892102024372,"Severe Acute Respiratory Syndrome (SARS)"
"200547390.8",2003-02-27,2003-02-14,2,200547390,"71","200547390","irregular","http://aido.bsvgateway.org/api/locations/200547390/","Singapore","Singapore","Country","http://aido.bsvgateway.org/api/locations/20359812/",103.813467658017,103.813467658017,1.35892102024372,"Severe Acute Respiratory Syndrome (SARS)"
"200547390.9",2003-03-12,2003-02-27,23,200547390,"71","200547390","irregular","http://aido.bsvgateway.org/api/locations/200547390/","Singapore","Singapore","Country","http://aido.bsvgateway.org/api/locations/20359812/",1.35892102024372,103.813467658017,1.35892102024372,"Severe Acute Respiratory Syndrome (SARS)"
"200547390.10",2003-03-25,2003-03-12,68,200547390,"71","200547390","irregular","http://aido.bsvgateway.org/api/locations/200547390/","Singapore","Singapore","Country","http://aido.bsvgateway.org/api/locations/20359812/",103.813467658017,103.813467658017,1.35892102024372,"Severe Acute Respiratory Syndrome (SARS)"
"200547390.11",2003-04-07,2003-03-25,59,200547390,"71","200547390","irregular","http://aido.bsvgateway.org/api/locations/200547390/","Singapore","Singapore","Country","http://aido.bsvgateway.org/api/locations/20359812/",1.35892102024372,103.813467658017,1.35892102024372,"Severe Acute Respiratory Syndrome (SARS)"
"200547390.12",2003-04-20,2003-04-07,43,200547390,"71","200547390","irregular","http://aido.bsvgateway.org/api/locations/200547390/","Singapore","Singapore","Country","http://aido.bsvgateway.org/api/locations/20359812/",103.813467658017,103.813467658017,1.35892102024372,"Severe Acute Respiratory Syndrome (SARS)"
"200547390.13",2003-05-03,2003-04-20,10,200547390,"71","200547390","irregular","http://aido.bsvgateway.org/api/locations/200547390/","Singapore","Singapore","Country","http://aido.bsvgateway.org/api/locations/20359812/",1.35892102024372,103.813467658017,1.35892102024372,"Severe Acute Respiratory Syndrome (SARS)"
"200547390.14",2003-05-16,2003-05-03,1,200547390,"71","200547390","irregular","http://aido.bsvgateway.org/api/locations/200547390/","Singapore","Singapore","Country","http://aido.bsvgateway.org/api/locations/20359812/",103.813467658017,103.813467658017,1.35892102024372,"Severe Acute Respiratory Syndrome (SARS)"
