"","Disease","EpiYear","EpiWeek","Incidence","ADM0","ADM1","ADM2","NA","NA"
"1","Dengue",2016,1,242,"BOL",NA,NA,NA,NA
"2","Dengue",2016,2,356,"BOL",NA,NA,NA,NA
"3","Dengue",2016,3,567,"BOL",NA,NA,NA,NA
"4","Dengue",2016,4,450,"BOL",NA,NA,NA,NA
"5","Dengue",2016,5,478,"BOL",NA,NA,NA,NA
"6","Dengue",2016,6,363,"BOL",NA,NA,NA,NA
"7","Dengue",2016,7,363,"BOL",NA,NA,NA,NA
"8","Dengue",2016,8,214,"BOL",NA,NA,NA,NA
"9","Dengue",2016,9,55,"BOL",NA,NA,NA,NA
"10","Dengue",2016,10,31,"BOL",NA,NA,NA,NA
"11","Dengue",2016,11,29,"BOL",NA,NA,NA,NA
"12","Dengue",2016,12,58,"BOL",NA,NA,NA,NA
"13","Dengue",2016,13,61,"BOL",NA,NA,NA,NA
"14","Dengue",2016,14,53,"BOL",NA,NA,NA,NA
"15","Dengue",2016,15,37,"BOL",NA,NA,NA,NA
"16","Dengue",2016,16,51,"BOL",NA,NA,NA,NA
"17","Dengue",2016,17,45,"BOL",NA,NA,NA,NA
"18","Dengue",2016,18,21,"BOL",NA,NA,NA,NA
"19","Dengue",2016,19,12,"BOL",NA,NA,NA,NA
"20","Dengue",2016,20,10,"BOL",NA,NA,NA,NA
"21","Dengue",2016,21,7,"BOL",NA,NA,NA,NA
"22","Dengue",2016,22,10,"BOL",NA,NA,NA,NA
"23","Dengue",2016,23,3,"BOL",NA,NA,NA,NA
"24","Dengue",2016,24,1,"BOL",NA,NA,NA,NA
"25","Dengue",2017,1,30,"BOL",NA,NA,NA,NA
"26","Dengue",2017,2,30,"BOL",NA,NA,NA,NA
"27","Dengue",2017,3,30,"BOL",NA,NA,NA,NA
"28","Dengue",2017,4,45,"BOL",NA,NA,NA,NA
"29","Dengue",2017,5,30,"BOL",NA,NA,NA,NA
"30","Dengue",2017,6,65,"BOL",NA,NA,NA,NA
"31","Dengue",2017,7,82,"BOL",NA,NA,NA,NA
"32","Dengue",2017,8,64,"BOL",NA,NA,NA,NA
"33","Dengue",2017,9,85,"BOL",NA,NA,NA,NA
"34","Dengue",2017,10,67,"BOL",NA,NA,NA,NA
"35","Dengue",2017,11,42,"BOL",NA,NA,NA,NA
"36","Dengue",2017,12,39,"BOL",NA,NA,NA,NA
"37","Dengue",2017,13,21,"BOL",NA,NA,NA,NA
"38","Dengue",2017,14,36,"BOL",NA,NA,NA,NA
"39","Dengue",2017,15,27,"BOL",NA,NA,NA,NA
"40","Dengue",2017,16,24,"BOL",NA,NA,NA,NA
"41","Dengue",2017,17,6,"BOL",NA,NA,NA,NA
"42","Dengue",2017,18,11,"BOL",NA,NA,NA,NA
"43","Dengue",2017,19,11,"BOL",NA,NA,NA,NA
"44","Dengue",2017,20,11,"BOL",NA,NA,NA,NA
"45","Dengue",2017,21,6,"BOL",NA,NA,NA,NA
"46","Dengue",2017,22,1,"BOL",NA,NA,NA,NA
"47","Dengue",2017,23,4,"BOL",NA,NA,NA,NA
"48","Dengue",2017,24,0,"BOL",NA,NA,NA,NA
"49","Dengue",2017,25,0,"BOL",NA,NA,NA,NA
"50","Dengue",2017,26,4,"BOL",NA,NA,NA,NA
"51","Dengue",2017,27,0,"BOL",NA,NA,NA,NA
"52","Dengue",2017,28,1,"BOL",NA,NA,NA,NA
"53","Dengue",2017,29,4,"BOL",NA,NA,NA,NA
"54","Dengue",2017,30,0,"BOL",NA,NA,NA,NA
"55","Dengue",2017,31,3,"BOL",NA,NA,NA,NA
"56","Dengue",2017,32,4,"BOL",NA,NA,NA,NA
"57","Dengue",2017,33,1,"BOL",NA,NA,NA,NA
"58","Dengue",2017,34,3,"BOL",NA,NA,NA,NA
"59","Dengue",2017,35,0,"BOL",NA,NA,NA,NA
"60","Dengue",2017,36,1,"BOL",NA,NA,NA,NA
"61","Dengue",2017,37,1,"BOL",NA,NA,NA,NA
"62","Dengue",2017,38,2,"BOL",NA,NA,NA,NA
"63","Dengue",2017,39,2,"BOL",NA,NA,NA,NA
"64","Dengue",2017,40,0,"BOL",NA,NA,NA,NA
"65","Dengue",2017,41,3,"BOL",NA,NA,NA,NA
"66","Dengue",2017,42,3,"BOL",NA,NA,NA,NA
"67","Dengue",2017,43,4,"BOL",NA,NA,NA,NA
"68","Dengue",2017,44,4,"BOL",NA,NA,NA,NA
"69","Dengue",2017,45,5,"BOL",NA,NA,NA,NA
"70","Dengue",2017,46,4,"BOL",NA,NA,NA,NA
"71","Dengue",2017,47,0,"BOL",NA,NA,NA,NA
"72","Dengue",2017,48,6,"BOL",NA,NA,NA,NA
"73","Dengue",2017,49,8,"BOL",NA,NA,NA,NA
"74","Dengue",2017,50,0,"BOL",NA,NA,NA,NA
"75","Dengue",2017,51,3,"BOL",NA,NA,NA,NA
"76","Dengue",2017,52,0,"BOL",NA,NA,NA,NA
"77","Dengue",2018,1,5,"BOL",NA,NA,NA,NA
"78","Dengue",2018,2,2,"BOL",NA,NA,NA,NA
"79","Dengue",2018,3,13,"BOL",NA,NA,NA,NA
"80","Dengue",2018,4,17,"BOL",NA,NA,NA,NA
"81","Dengue",2018,5,15,"BOL",NA,NA,NA,NA
"82","Dengue",2018,6,9,"BOL",NA,NA,NA,NA
"83","Dengue",2018,7,21,"BOL",NA,NA,NA,NA
"84","Dengue",2018,8,21,"BOL",NA,NA,NA,NA
"85","Dengue",2018,9,36,"BOL",NA,NA,NA,NA
"86","Dengue",2018,10,36,"BOL",NA,NA,NA,NA
"87","Dengue",2018,11,24,"BOL",NA,NA,NA,NA
"88","Dengue",2018,12,23,"BOL",NA,NA,NA,NA
"89","Dengue",2018,13,27,"BOL",NA,NA,NA,NA
"90","Dengue",2018,14,10,"BOL",NA,NA,NA,NA
"91","Dengue",2018,15,14,"BOL",NA,NA,NA,NA
"92","Dengue",2018,16,20,"BOL",NA,NA,NA,NA
"93","Dengue",2018,17,15,"BOL",NA,NA,NA,NA
"94","Dengue",2018,18,12,"BOL",NA,NA,NA,NA
"95","Dengue",2018,19,18,"BOL",NA,NA,NA,NA
"96","Dengue",2018,20,11,"BOL",NA,NA,NA,NA
"97","Dengue",2018,21,6,"BOL",NA,NA,NA,NA
"98","Dengue",2018,22,6,"BOL",NA,NA,NA,NA
"99","Dengue",2018,23,3,"BOL",NA,NA,NA,NA
"100","Dengue",2018,24,3,"BOL",NA,NA,NA,NA
"101","Dengue",2018,25,3,"BOL",NA,NA,NA,NA
"102","Dengue",2018,26,1,"BOL",NA,NA,NA,NA
"103","Dengue",2018,27,0,"BOL",NA,NA,NA,NA
"104","Dengue",2018,28,3,"BOL",NA,NA,NA,NA
"105","Dengue",2018,29,1,"BOL",NA,NA,NA,NA
"106","Dengue",2018,30,2,"BOL",NA,NA,NA,NA
"107","Dengue",2018,31,0,"BOL",NA,NA,NA,NA
"108","Dengue",2018,32,0,"BOL",NA,NA,NA,NA
"109","Dengue",2018,33,0,"BOL",NA,NA,NA,NA
"110","Dengue",2018,34,0,"BOL",NA,NA,NA,NA
"111","Dengue",2018,35,3,"BOL",NA,NA,NA,NA
"112","Dengue",2018,36,3,"BOL",NA,NA,NA,NA
"113","Dengue",2018,37,1,"BOL",NA,NA,NA,NA
"114","Dengue",2018,38,2,"BOL",NA,NA,NA,NA
"115","Dengue",2018,39,2,"BOL",NA,NA,NA,NA
"116","Dengue",2018,40,5,"BOL",NA,NA,NA,NA
"117","Dengue",2018,41,8,"BOL",NA,NA,NA,NA
"118","Dengue",2018,42,3,"BOL",NA,NA,NA,NA
"119","Dengue",2018,43,6,"BOL",NA,NA,NA,NA
"120","Dengue",2018,44,21,"BOL",NA,NA,NA,NA
"121","Dengue",2018,45,20,"BOL",NA,NA,NA,NA
"122","Dengue",2018,46,37,"BOL",NA,NA,NA,NA
"123","Dengue",2018,47,64,"BOL",NA,NA,NA,NA
"124","Dengue",2018,48,72,"BOL",NA,NA,NA,NA
"125","Dengue",2018,49,210,"BOL",NA,NA,NA,NA
"126","Dengue",2018,50,289,"BOL",NA,NA,NA,NA
"127","Dengue",2018,51,78,"BOL",NA,NA,NA,NA
"128","Dengue",2018,52,42,"BOL",NA,NA,NA,NA
"129","Dengue",2019,1,109,"BOL",NA,NA,NA,NA
"130","Dengue",2019,2,144,"BOL",NA,NA,NA,NA
"131","Dengue",2019,3,117,"BOL",NA,NA,NA,NA
"132","Dengue",2019,4,168,"BOL",NA,NA,NA,NA
"133","Dengue",2019,5,222,"BOL",NA,NA,NA,NA
"134","Dengue",2019,6,363,"BOL",NA,NA,NA,NA
"135","Dengue",2019,7,461,"BOL",NA,NA,NA,NA
"136","Dengue",2019,8,217,"BOL",NA,NA,NA,NA
"137","Dengue",2019,9,299,"BOL",NA,NA,NA,NA
"138","Dengue",2019,10,260,"BOL",NA,NA,NA,NA
"139","Dengue",2019,11,204,"BOL",NA,NA,NA,NA
"140","Dengue",2019,12,95,"BOL",NA,NA,NA,NA
"141","Dengue",2019,13,106,"BOL",NA,NA,NA,NA
"142","Dengue",2019,14,116,"BOL",NA,NA,NA,NA
"143","Dengue",2019,15,176,"BOL",NA,NA,NA,NA
"144","Dengue",2019,16,112,"BOL",NA,NA,NA,NA
"145","Dengue",2019,17,131,"BOL",NA,NA,NA,NA
"146","Dengue",2019,18,118,"BOL",NA,NA,NA,NA
"147","Dengue",2019,19,94,"BOL",NA,NA,NA,NA
"148","Dengue",2019,20,117,"BOL",NA,NA,NA,NA
"149","Dengue",2019,21,46,"BOL",NA,NA,NA,NA
"150","Dengue",2019,22,96,"BOL",NA,NA,NA,NA
"151","Dengue",2019,23,122,"BOL",NA,NA,NA,NA
"152","Dengue",2019,24,82,"BOL",NA,NA,NA,NA
"153","Dengue",2019,25,70,"BOL",NA,NA,NA,NA
"154","Dengue",2019,26,85,"BOL",NA,NA,NA,NA
"155","Dengue",2019,27,80,"BOL",NA,NA,NA,NA
"156","Dengue",2019,28,44,"BOL",NA,NA,NA,NA
"157","Dengue",2019,29,49,"BOL",NA,NA,NA,NA
"158","Dengue",2019,30,36,"BOL",NA,NA,NA,NA
"159","Dengue",2019,31,27,"BOL",NA,NA,NA,NA
"160","Dengue",2019,32,24,"BOL",NA,NA,NA,NA
"161","Dengue",2019,33,23,"BOL",NA,NA,NA,NA
"162","Dengue",2019,34,22,"BOL",NA,NA,NA,NA
"163","Dengue",2019,35,36,"BOL",NA,NA,NA,NA
"164","Dengue",2019,36,23,"BOL",NA,NA,NA,NA
"165","Dengue",2019,37,42,"BOL",NA,NA,NA,NA
"166","Dengue",2019,38,40,"BOL",NA,NA,NA,NA
"167","Dengue",2019,39,70,"BOL",NA,NA,NA,NA
"168","Dengue",2019,40,84,"BOL",NA,NA,NA,NA
"169","Dengue",2019,41,83,"BOL",NA,NA,NA,NA
"170","Dengue",2019,42,111,"BOL",NA,NA,NA,NA
"171","Dengue",2019,43,132,"BOL",NA,NA,NA,NA
"172","Dengue",2019,44,127,"BOL",NA,NA,NA,NA
"173","Dengue",2019,45,164,"BOL",NA,NA,NA,NA
"174","Dengue",2019,46,109,"BOL",NA,NA,NA,NA
"175","Dengue",2019,47,179,"BOL",NA,NA,NA,NA
"176","Dengue",2019,48,212,"BOL",NA,NA,NA,NA
"177","Dengue",2019,49,212,"BOL",NA,NA,NA,NA
"178","Dengue",2019,50,284,"BOL",NA,NA,NA,NA
"179","Dengue",2019,51,277,"BOL",NA,NA,NA,NA
"180","Dengue",2019,52,117,"BOL",NA,NA,NA,NA
