"","end","start","value","id","disease","location","duration","url","name","full_name","admin_level_name","parent","centroid_lat_long","longitude","latitude","disease_name"
"107396593.107",2005-03-28,2005-03-21,15,107396593,"64","107396593","P7D","http://aido.bsvgateway.org/api/locations/107396593/","Uíge","Uíge, Angola","State","http://aido.bsvgateway.org/api/locations/169288860/",-7.02305224982859,15.4699464386707,-7.02305224982859,"Marburg"
"107396593.108",2005-04-04,2005-03-28,39,107396593,"64","107396593","P7D","http://aido.bsvgateway.org/api/locations/107396593/","Uíge","Uíge, Angola","State","http://aido.bsvgateway.org/api/locations/169288860/",15.4699464386707,15.4699464386707,-7.02305224982859,"Marburg"
"107396593.109",2005-04-11,2005-04-04,51,107396593,"64","107396593","P7D","http://aido.bsvgateway.org/api/locations/107396593/","Uíge","Uíge, Angola","State","http://aido.bsvgateway.org/api/locations/169288860/",-7.02305224982859,15.4699464386707,-7.02305224982859,"Marburg"
"107396593.110",2005-04-18,2005-04-11,43,107396593,"64","107396593","P7D","http://aido.bsvgateway.org/api/locations/107396593/","Uíge","Uíge, Angola","State","http://aido.bsvgateway.org/api/locations/169288860/",15.4699464386707,15.4699464386707,-7.02305224982859,"Marburg"
"107396593.111",2005-04-25,2005-04-18,9,107396593,"64","107396593","P7D","http://aido.bsvgateway.org/api/locations/107396593/","Uíge","Uíge, Angola","State","http://aido.bsvgateway.org/api/locations/169288860/",-7.02305224982859,15.4699464386707,-7.02305224982859,"Marburg"
"107396593.112",2005-05-02,2005-04-25,11,107396593,"64","107396593","P7D","http://aido.bsvgateway.org/api/locations/107396593/","Uíge","Uíge, Angola","State","http://aido.bsvgateway.org/api/locations/169288860/",15.4699464386707,15.4699464386707,-7.02305224982859,"Marburg"
"107396593.113",2005-05-09,2005-05-02,31,107396593,"64","107396593","P7D","http://aido.bsvgateway.org/api/locations/107396593/","Uíge","Uíge, Angola","State","http://aido.bsvgateway.org/api/locations/169288860/",-7.02305224982859,15.4699464386707,-7.02305224982859,"Marburg"
"107396593.114",2005-05-16,2005-05-09,8,107396593,"64","107396593","P7D","http://aido.bsvgateway.org/api/locations/107396593/","Uíge","Uíge, Angola","State","http://aido.bsvgateway.org/api/locations/169288860/",15.4699464386707,15.4699464386707,-7.02305224982859,"Marburg"
"107396593.115",2005-05-23,2005-05-16,21,107396593,"64","107396593","P7D","http://aido.bsvgateway.org/api/locations/107396593/","Uíge","Uíge, Angola","State","http://aido.bsvgateway.org/api/locations/169288860/",-7.02305224982859,15.4699464386707,-7.02305224982859,"Marburg"
"107396593.116",2005-05-30,2005-05-23,62,107396593,"64","107396593","P7D","http://aido.bsvgateway.org/api/locations/107396593/","Uíge","Uíge, Angola","State","http://aido.bsvgateway.org/api/locations/169288860/",15.4699464386707,15.4699464386707,-7.02305224982859,"Marburg"
"107396593.117",2005-06-06,2005-05-30,24,107396593,"64","107396593","P7D","http://aido.bsvgateway.org/api/locations/107396593/","Uíge","Uíge, Angola","State","http://aido.bsvgateway.org/api/locations/169288860/",-7.02305224982859,15.4699464386707,-7.02305224982859,"Marburg"
"136085430.1",2007-06-02,2007-06-01,1,136085430,"64","136085430","P1D","http://aido.bsvgateway.org/api/locations/136085430/","Uganda","Uganda","Country","http://aido.bsvgateway.org/api/locations/93632501/",1.27569119250862,32.367039852725,1.27569119250862,"Marburg"
"136085430.2",2007-06-03,2007-06-02,0,136085430,"64","136085430","P1D","http://aido.bsvgateway.org/api/locations/136085430/","Uganda","Uganda","Country","http://aido.bsvgateway.org/api/locations/93632501/",32.367039852725,32.367039852725,1.27569119250862,"Marburg"
"136085430.3",2007-06-04,2007-06-03,0,136085430,"64","136085430","P1D","http://aido.bsvgateway.org/api/locations/136085430/","Uganda","Uganda","Country","http://aido.bsvgateway.org/api/locations/93632501/",1.27569119250862,32.367039852725,1.27569119250862,"Marburg"
"136085430.4",2007-06-05,2007-06-04,0,136085430,"64","136085430","P1D","http://aido.bsvgateway.org/api/locations/136085430/","Uganda","Uganda","Country","http://aido.bsvgateway.org/api/locations/93632501/",32.367039852725,32.367039852725,1.27569119250862,"Marburg"
"136085430.5",2007-06-06,2007-06-05,0,136085430,"64","136085430","P1D","http://aido.bsvgateway.org/api/locations/136085430/","Uganda","Uganda","Country","http://aido.bsvgateway.org/api/locations/93632501/",1.27569119250862,32.367039852725,1.27569119250862,"Marburg"
"136085430.6",2007-06-07,2007-06-06,0,136085430,"64","136085430","P1D","http://aido.bsvgateway.org/api/locations/136085430/","Uganda","Uganda","Country","http://aido.bsvgateway.org/api/locations/93632501/",32.367039852725,32.367039852725,1.27569119250862,"Marburg"
"136085430.7",2007-06-08,2007-06-07,0,136085430,"64","136085430","P1D","http://aido.bsvgateway.org/api/locations/136085430/","Uganda","Uganda","Country","http://aido.bsvgateway.org/api/locations/93632501/",1.27569119250862,32.367039852725,1.27569119250862,"Marburg"
"136085430.8",2007-06-09,2007-06-08,0,136085430,"64","136085430","P1D","http://aido.bsvgateway.org/api/locations/136085430/","Uganda","Uganda","Country","http://aido.bsvgateway.org/api/locations/93632501/",32.367039852725,32.367039852725,1.27569119250862,"Marburg"
"136085430.9",2007-06-10,2007-06-09,0,136085430,"64","136085430","P1D","http://aido.bsvgateway.org/api/locations/136085430/","Uganda","Uganda","Country","http://aido.bsvgateway.org/api/locations/93632501/",1.27569119250862,32.367039852725,1.27569119250862,"Marburg"
"136085430.10",2007-06-11,2007-06-10,0,136085430,"64","136085430","P1D","http://aido.bsvgateway.org/api/locations/136085430/","Uganda","Uganda","Country","http://aido.bsvgateway.org/api/locations/93632501/",32.367039852725,32.367039852725,1.27569119250862,"Marburg"
"136085430.11",2007-06-12,2007-06-11,0,136085430,"64","136085430","P1D","http://aido.bsvgateway.org/api/locations/136085430/","Uganda","Uganda","Country","http://aido.bsvgateway.org/api/locations/93632501/",1.27569119250862,32.367039852725,1.27569119250862,"Marburg"
"136085430.12",2007-06-13,2007-06-12,0,136085430,"64","136085430","P1D","http://aido.bsvgateway.org/api/locations/136085430/","Uganda","Uganda","Country","http://aido.bsvgateway.org/api/locations/93632501/",32.367039852725,32.367039852725,1.27569119250862,"Marburg"
"136085430.13",2007-06-14,2007-06-13,0,136085430,"64","136085430","P1D","http://aido.bsvgateway.org/api/locations/136085430/","Uganda","Uganda","Country","http://aido.bsvgateway.org/api/locations/93632501/",1.27569119250862,32.367039852725,1.27569119250862,"Marburg"
"136085430.14",2007-06-15,2007-06-14,0,136085430,"64","136085430","P1D","http://aido.bsvgateway.org/api/locations/136085430/","Uganda","Uganda","Country","http://aido.bsvgateway.org/api/locations/93632501/",32.367039852725,32.367039852725,1.27569119250862,"Marburg"
"136085430.15",2007-06-16,2007-06-15,0,136085430,"64","136085430","P1D","http://aido.bsvgateway.org/api/locations/136085430/","Uganda","Uganda","Country","http://aido.bsvgateway.org/api/locations/93632501/",1.27569119250862,32.367039852725,1.27569119250862,"Marburg"
"136085430.16",2007-06-17,2007-06-16,0,136085430,"64","136085430","P1D","http://aido.bsvgateway.org/api/locations/136085430/","Uganda","Uganda","Country","http://aido.bsvgateway.org/api/locations/93632501/",32.367039852725,32.367039852725,1.27569119250862,"Marburg"
"136085430.17",2007-06-18,2007-06-17,0,136085430,"64","136085430","P1D","http://aido.bsvgateway.org/api/locations/136085430/","Uganda","Uganda","Country","http://aido.bsvgateway.org/api/locations/93632501/",1.27569119250862,32.367039852725,1.27569119250862,"Marburg"
"136085430.18",2007-06-19,2007-06-18,0,136085430,"64","136085430","P1D","http://aido.bsvgateway.org/api/locations/136085430/","Uganda","Uganda","Country","http://aido.bsvgateway.org/api/locations/93632501/",32.367039852725,32.367039852725,1.27569119250862,"Marburg"
"136085430.19",2007-06-20,2007-06-19,0,136085430,"64","136085430","P1D","http://aido.bsvgateway.org/api/locations/136085430/","Uganda","Uganda","Country","http://aido.bsvgateway.org/api/locations/93632501/",1.27569119250862,32.367039852725,1.27569119250862,"Marburg"
"136085430.20",2007-06-21,2007-06-20,0,136085430,"64","136085430","P1D","http://aido.bsvgateway.org/api/locations/136085430/","Uganda","Uganda","Country","http://aido.bsvgateway.org/api/locations/93632501/",32.367039852725,32.367039852725,1.27569119250862,"Marburg"
"136085430.21",2007-06-22,2007-06-21,1,136085430,"64","136085430","P1D","http://aido.bsvgateway.org/api/locations/136085430/","Uganda","Uganda","Country","http://aido.bsvgateway.org/api/locations/93632501/",1.27569119250862,32.367039852725,1.27569119250862,"Marburg"
"136085430.22",2007-06-23,2007-06-22,0,136085430,"64","136085430","P1D","http://aido.bsvgateway.org/api/locations/136085430/","Uganda","Uganda","Country","http://aido.bsvgateway.org/api/locations/93632501/",32.367039852725,32.367039852725,1.27569119250862,"Marburg"
"136085430.23",2007-06-24,2007-06-23,0,136085430,"64","136085430","P1D","http://aido.bsvgateway.org/api/locations/136085430/","Uganda","Uganda","Country","http://aido.bsvgateway.org/api/locations/93632501/",1.27569119250862,32.367039852725,1.27569119250862,"Marburg"
"136085430.24",2007-06-25,2007-06-24,0,136085430,"64","136085430","P1D","http://aido.bsvgateway.org/api/locations/136085430/","Uganda","Uganda","Country","http://aido.bsvgateway.org/api/locations/93632501/",32.367039852725,32.367039852725,1.27569119250862,"Marburg"
"136085430.25",2007-06-26,2007-06-25,0,136085430,"64","136085430","P1D","http://aido.bsvgateway.org/api/locations/136085430/","Uganda","Uganda","Country","http://aido.bsvgateway.org/api/locations/93632501/",1.27569119250862,32.367039852725,1.27569119250862,"Marburg"
"136085430.26",2007-06-27,2007-06-26,0,136085430,"64","136085430","P1D","http://aido.bsvgateway.org/api/locations/136085430/","Uganda","Uganda","Country","http://aido.bsvgateway.org/api/locations/93632501/",32.367039852725,32.367039852725,1.27569119250862,"Marburg"
"136085430.27",2007-06-28,2007-06-27,0,136085430,"64","136085430","P1D","http://aido.bsvgateway.org/api/locations/136085430/","Uganda","Uganda","Country","http://aido.bsvgateway.org/api/locations/93632501/",1.27569119250862,32.367039852725,1.27569119250862,"Marburg"
"136085430.28",2007-06-29,2007-06-28,0,136085430,"64","136085430","P1D","http://aido.bsvgateway.org/api/locations/136085430/","Uganda","Uganda","Country","http://aido.bsvgateway.org/api/locations/93632501/",32.367039852725,32.367039852725,1.27569119250862,"Marburg"
"136085430.29",2007-06-30,2007-06-29,0,136085430,"64","136085430","P1D","http://aido.bsvgateway.org/api/locations/136085430/","Uganda","Uganda","Country","http://aido.bsvgateway.org/api/locations/93632501/",1.27569119250862,32.367039852725,1.27569119250862,"Marburg"
"136085430.30",2007-07-01,2007-06-30,0,136085430,"64","136085430","P1D","http://aido.bsvgateway.org/api/locations/136085430/","Uganda","Uganda","Country","http://aido.bsvgateway.org/api/locations/93632501/",32.367039852725,32.367039852725,1.27569119250862,"Marburg"
"136085430.31",2007-07-02,2007-07-01,0,136085430,"64","136085430","P1D","http://aido.bsvgateway.org/api/locations/136085430/","Uganda","Uganda","Country","http://aido.bsvgateway.org/api/locations/93632501/",1.27569119250862,32.367039852725,1.27569119250862,"Marburg"
"136085430.32",2007-07-03,2007-07-02,0,136085430,"64","136085430","P1D","http://aido.bsvgateway.org/api/locations/136085430/","Uganda","Uganda","Country","http://aido.bsvgateway.org/api/locations/93632501/",32.367039852725,32.367039852725,1.27569119250862,"Marburg"
"136085430.33",2007-07-04,2007-07-03,0,136085430,"64","136085430","P1D","http://aido.bsvgateway.org/api/locations/136085430/","Uganda","Uganda","Country","http://aido.bsvgateway.org/api/locations/93632501/",1.27569119250862,32.367039852725,1.27569119250862,"Marburg"
"136085430.34",2007-07-05,2007-07-04,0,136085430,"64","136085430","P1D","http://aido.bsvgateway.org/api/locations/136085430/","Uganda","Uganda","Country","http://aido.bsvgateway.org/api/locations/93632501/",32.367039852725,32.367039852725,1.27569119250862,"Marburg"
"136085430.35",2007-07-06,2007-07-05,0,136085430,"64","136085430","P1D","http://aido.bsvgateway.org/api/locations/136085430/","Uganda","Uganda","Country","http://aido.bsvgateway.org/api/locations/93632501/",1.27569119250862,32.367039852725,1.27569119250862,"Marburg"
"136085430.36",2007-07-07,2007-07-06,0,136085430,"64","136085430","P1D","http://aido.bsvgateway.org/api/locations/136085430/","Uganda","Uganda","Country","http://aido.bsvgateway.org/api/locations/93632501/",32.367039852725,32.367039852725,1.27569119250862,"Marburg"
"136085430.37",2007-07-08,2007-07-07,0,136085430,"64","136085430","P1D","http://aido.bsvgateway.org/api/locations/136085430/","Uganda","Uganda","Country","http://aido.bsvgateway.org/api/locations/93632501/",1.27569119250862,32.367039852725,1.27569119250862,"Marburg"
"136085430.38",2007-07-09,2007-07-08,0,136085430,"64","136085430","P1D","http://aido.bsvgateway.org/api/locations/136085430/","Uganda","Uganda","Country","http://aido.bsvgateway.org/api/locations/93632501/",32.367039852725,32.367039852725,1.27569119250862,"Marburg"
"136085430.39",2007-07-10,2007-07-09,0,136085430,"64","136085430","P1D","http://aido.bsvgateway.org/api/locations/136085430/","Uganda","Uganda","Country","http://aido.bsvgateway.org/api/locations/93632501/",1.27569119250862,32.367039852725,1.27569119250862,"Marburg"
"136085430.40",2007-07-11,2007-07-10,0,136085430,"64","136085430","P1D","http://aido.bsvgateway.org/api/locations/136085430/","Uganda","Uganda","Country","http://aido.bsvgateway.org/api/locations/93632501/",32.367039852725,32.367039852725,1.27569119250862,"Marburg"
"136085430.41",2007-07-12,2007-07-11,0,136085430,"64","136085430","P1D","http://aido.bsvgateway.org/api/locations/136085430/","Uganda","Uganda","Country","http://aido.bsvgateway.org/api/locations/93632501/",1.27569119250862,32.367039852725,1.27569119250862,"Marburg"
"136085430.42",2007-07-13,2007-07-12,0,136085430,"64","136085430","P1D","http://aido.bsvgateway.org/api/locations/136085430/","Uganda","Uganda","Country","http://aido.bsvgateway.org/api/locations/93632501/",32.367039852725,32.367039852725,1.27569119250862,"Marburg"
"136085430.43",2007-07-14,2007-07-13,1,136085430,"64","136085430","P1D","http://aido.bsvgateway.org/api/locations/136085430/","Uganda","Uganda","Country","http://aido.bsvgateway.org/api/locations/93632501/",1.27569119250862,32.367039852725,1.27569119250862,"Marburg"
"136085430.44",2007-07-15,2007-07-14,0,136085430,"64","136085430","P1D","http://aido.bsvgateway.org/api/locations/136085430/","Uganda","Uganda","Country","http://aido.bsvgateway.org/api/locations/93632501/",32.367039852725,32.367039852725,1.27569119250862,"Marburg"
"136085430.45",2007-07-16,2007-07-15,0,136085430,"64","136085430","P1D","http://aido.bsvgateway.org/api/locations/136085430/","Uganda","Uganda","Country","http://aido.bsvgateway.org/api/locations/93632501/",1.27569119250862,32.367039852725,1.27569119250862,"Marburg"
"136085430.46",2007-07-17,2007-07-16,0,136085430,"64","136085430","P1D","http://aido.bsvgateway.org/api/locations/136085430/","Uganda","Uganda","Country","http://aido.bsvgateway.org/api/locations/93632501/",32.367039852725,32.367039852725,1.27569119250862,"Marburg"
"136085430.47",2007-07-18,2007-07-17,0,136085430,"64","136085430","P1D","http://aido.bsvgateway.org/api/locations/136085430/","Uganda","Uganda","Country","http://aido.bsvgateway.org/api/locations/93632501/",1.27569119250862,32.367039852725,1.27569119250862,"Marburg"
"136085430.48",2007-07-19,2007-07-18,0,136085430,"64","136085430","P1D","http://aido.bsvgateway.org/api/locations/136085430/","Uganda","Uganda","Country","http://aido.bsvgateway.org/api/locations/93632501/",32.367039852725,32.367039852725,1.27569119250862,"Marburg"
"136085430.49",2007-07-20,2007-07-19,0,136085430,"64","136085430","P1D","http://aido.bsvgateway.org/api/locations/136085430/","Uganda","Uganda","Country","http://aido.bsvgateway.org/api/locations/93632501/",1.27569119250862,32.367039852725,1.27569119250862,"Marburg"
"136085430.50",2007-07-21,2007-07-20,0,136085430,"64","136085430","P1D","http://aido.bsvgateway.org/api/locations/136085430/","Uganda","Uganda","Country","http://aido.bsvgateway.org/api/locations/93632501/",32.367039852725,32.367039852725,1.27569119250862,"Marburg"
"136085430.51",2007-07-22,2007-07-21,0,136085430,"64","136085430","P1D","http://aido.bsvgateway.org/api/locations/136085430/","Uganda","Uganda","Country","http://aido.bsvgateway.org/api/locations/93632501/",1.27569119250862,32.367039852725,1.27569119250862,"Marburg"
"136085430.52",2007-07-23,2007-07-22,0,136085430,"64","136085430","P1D","http://aido.bsvgateway.org/api/locations/136085430/","Uganda","Uganda","Country","http://aido.bsvgateway.org/api/locations/93632501/",32.367039852725,32.367039852725,1.27569119250862,"Marburg"
"136085430.53",2007-07-24,2007-07-23,0,136085430,"64","136085430","P1D","http://aido.bsvgateway.org/api/locations/136085430/","Uganda","Uganda","Country","http://aido.bsvgateway.org/api/locations/93632501/",1.27569119250862,32.367039852725,1.27569119250862,"Marburg"
"136085430.54",2007-07-25,2007-07-24,0,136085430,"64","136085430","P1D","http://aido.bsvgateway.org/api/locations/136085430/","Uganda","Uganda","Country","http://aido.bsvgateway.org/api/locations/93632501/",32.367039852725,32.367039852725,1.27569119250862,"Marburg"
"136085430.55",2007-07-26,2007-07-25,0,136085430,"64","136085430","P1D","http://aido.bsvgateway.org/api/locations/136085430/","Uganda","Uganda","Country","http://aido.bsvgateway.org/api/locations/93632501/",1.27569119250862,32.367039852725,1.27569119250862,"Marburg"
"136085430.56",2007-07-27,2007-07-26,0,136085430,"64","136085430","P1D","http://aido.bsvgateway.org/api/locations/136085430/","Uganda","Uganda","Country","http://aido.bsvgateway.org/api/locations/93632501/",32.367039852725,32.367039852725,1.27569119250862,"Marburg"
"136085430.57",2007-07-28,2007-07-27,0,136085430,"64","136085430","P1D","http://aido.bsvgateway.org/api/locations/136085430/","Uganda","Uganda","Country","http://aido.bsvgateway.org/api/locations/93632501/",1.27569119250862,32.367039852725,1.27569119250862,"Marburg"
"136085430.58",2007-07-29,2007-07-28,0,136085430,"64","136085430","P1D","http://aido.bsvgateway.org/api/locations/136085430/","Uganda","Uganda","Country","http://aido.bsvgateway.org/api/locations/93632501/",32.367039852725,32.367039852725,1.27569119250862,"Marburg"
"136085430.59",2007-07-30,2007-07-29,0,136085430,"64","136085430","P1D","http://aido.bsvgateway.org/api/locations/136085430/","Uganda","Uganda","Country","http://aido.bsvgateway.org/api/locations/93632501/",1.27569119250862,32.367039852725,1.27569119250862,"Marburg"
"136085430.60",2007-07-31,2007-07-30,0,136085430,"64","136085430","P1D","http://aido.bsvgateway.org/api/locations/136085430/","Uganda","Uganda","Country","http://aido.bsvgateway.org/api/locations/93632501/",32.367039852725,32.367039852725,1.27569119250862,"Marburg"
"136085430.61",2007-08-01,2007-07-31,0,136085430,"64","136085430","P1D","http://aido.bsvgateway.org/api/locations/136085430/","Uganda","Uganda","Country","http://aido.bsvgateway.org/api/locations/93632501/",1.27569119250862,32.367039852725,1.27569119250862,"Marburg"
"136085430.62",2007-08-02,2007-08-01,0,136085430,"64","136085430","P1D","http://aido.bsvgateway.org/api/locations/136085430/","Uganda","Uganda","Country","http://aido.bsvgateway.org/api/locations/93632501/",32.367039852725,32.367039852725,1.27569119250862,"Marburg"
"136085430.63",2007-08-03,2007-08-02,0,136085430,"64","136085430","P1D","http://aido.bsvgateway.org/api/locations/136085430/","Uganda","Uganda","Country","http://aido.bsvgateway.org/api/locations/93632501/",1.27569119250862,32.367039852725,1.27569119250862,"Marburg"
"136085430.64",2007-08-04,2007-08-03,0,136085430,"64","136085430","P1D","http://aido.bsvgateway.org/api/locations/136085430/","Uganda","Uganda","Country","http://aido.bsvgateway.org/api/locations/93632501/",32.367039852725,32.367039852725,1.27569119250862,"Marburg"
"136085430.65",2007-08-05,2007-08-04,0,136085430,"64","136085430","P1D","http://aido.bsvgateway.org/api/locations/136085430/","Uganda","Uganda","Country","http://aido.bsvgateway.org/api/locations/93632501/",1.27569119250862,32.367039852725,1.27569119250862,"Marburg"
"136085430.66",2007-08-06,2007-08-05,0,136085430,"64","136085430","P1D","http://aido.bsvgateway.org/api/locations/136085430/","Uganda","Uganda","Country","http://aido.bsvgateway.org/api/locations/93632501/",32.367039852725,32.367039852725,1.27569119250862,"Marburg"
"136085430.67",2007-08-07,2007-08-06,0,136085430,"64","136085430","P1D","http://aido.bsvgateway.org/api/locations/136085430/","Uganda","Uganda","Country","http://aido.bsvgateway.org/api/locations/93632501/",1.27569119250862,32.367039852725,1.27569119250862,"Marburg"
"136085430.68",2007-08-08,2007-08-07,0,136085430,"64","136085430","P1D","http://aido.bsvgateway.org/api/locations/136085430/","Uganda","Uganda","Country","http://aido.bsvgateway.org/api/locations/93632501/",32.367039852725,32.367039852725,1.27569119250862,"Marburg"
"136085430.69",2007-08-09,2007-08-08,0,136085430,"64","136085430","P1D","http://aido.bsvgateway.org/api/locations/136085430/","Uganda","Uganda","Country","http://aido.bsvgateway.org/api/locations/93632501/",1.27569119250862,32.367039852725,1.27569119250862,"Marburg"
"136085430.70",2007-08-10,2007-08-09,0,136085430,"64","136085430","P1D","http://aido.bsvgateway.org/api/locations/136085430/","Uganda","Uganda","Country","http://aido.bsvgateway.org/api/locations/93632501/",32.367039852725,32.367039852725,1.27569119250862,"Marburg"
"136085430.71",2007-08-11,2007-08-10,0,136085430,"64","136085430","P1D","http://aido.bsvgateway.org/api/locations/136085430/","Uganda","Uganda","Country","http://aido.bsvgateway.org/api/locations/93632501/",1.27569119250862,32.367039852725,1.27569119250862,"Marburg"
"136085430.72",2007-08-12,2007-08-11,0,136085430,"64","136085430","P1D","http://aido.bsvgateway.org/api/locations/136085430/","Uganda","Uganda","Country","http://aido.bsvgateway.org/api/locations/93632501/",32.367039852725,32.367039852725,1.27569119250862,"Marburg"
"136085430.73",2007-08-13,2007-08-12,0,136085430,"64","136085430","P1D","http://aido.bsvgateway.org/api/locations/136085430/","Uganda","Uganda","Country","http://aido.bsvgateway.org/api/locations/93632501/",1.27569119250862,32.367039852725,1.27569119250862,"Marburg"
"136085430.74",2007-08-14,2007-08-13,0,136085430,"64","136085430","P1D","http://aido.bsvgateway.org/api/locations/136085430/","Uganda","Uganda","Country","http://aido.bsvgateway.org/api/locations/93632501/",32.367039852725,32.367039852725,1.27569119250862,"Marburg"
"136085430.75",2007-08-15,2007-08-14,0,136085430,"64","136085430","P1D","http://aido.bsvgateway.org/api/locations/136085430/","Uganda","Uganda","Country","http://aido.bsvgateway.org/api/locations/93632501/",1.27569119250862,32.367039852725,1.27569119250862,"Marburg"
"136085430.76",2007-08-16,2007-08-15,0,136085430,"64","136085430","P1D","http://aido.bsvgateway.org/api/locations/136085430/","Uganda","Uganda","Country","http://aido.bsvgateway.org/api/locations/93632501/",32.367039852725,32.367039852725,1.27569119250862,"Marburg"
"136085430.77",2007-08-17,2007-08-16,0,136085430,"64","136085430","P1D","http://aido.bsvgateway.org/api/locations/136085430/","Uganda","Uganda","Country","http://aido.bsvgateway.org/api/locations/93632501/",1.27569119250862,32.367039852725,1.27569119250862,"Marburg"
"136085430.78",2007-08-18,2007-08-17,0,136085430,"64","136085430","P1D","http://aido.bsvgateway.org/api/locations/136085430/","Uganda","Uganda","Country","http://aido.bsvgateway.org/api/locations/93632501/",32.367039852725,32.367039852725,1.27569119250862,"Marburg"
"136085430.79",2007-08-19,2007-08-18,0,136085430,"64","136085430","P1D","http://aido.bsvgateway.org/api/locations/136085430/","Uganda","Uganda","Country","http://aido.bsvgateway.org/api/locations/93632501/",1.27569119250862,32.367039852725,1.27569119250862,"Marburg"
"136085430.80",2007-08-20,2007-08-19,0,136085430,"64","136085430","P1D","http://aido.bsvgateway.org/api/locations/136085430/","Uganda","Uganda","Country","http://aido.bsvgateway.org/api/locations/93632501/",32.367039852725,32.367039852725,1.27569119250862,"Marburg"
"136085430.81",2007-08-21,2007-08-20,0,136085430,"64","136085430","P1D","http://aido.bsvgateway.org/api/locations/136085430/","Uganda","Uganda","Country","http://aido.bsvgateway.org/api/locations/93632501/",1.27569119250862,32.367039852725,1.27569119250862,"Marburg"
"136085430.82",2007-08-22,2007-08-21,0,136085430,"64","136085430","P1D","http://aido.bsvgateway.org/api/locations/136085430/","Uganda","Uganda","Country","http://aido.bsvgateway.org/api/locations/93632501/",32.367039852725,32.367039852725,1.27569119250862,"Marburg"
"136085430.83",2007-08-23,2007-08-22,0,136085430,"64","136085430","P1D","http://aido.bsvgateway.org/api/locations/136085430/","Uganda","Uganda","Country","http://aido.bsvgateway.org/api/locations/93632501/",1.27569119250862,32.367039852725,1.27569119250862,"Marburg"
"136085430.84",2007-08-24,2007-08-23,0,136085430,"64","136085430","P1D","http://aido.bsvgateway.org/api/locations/136085430/","Uganda","Uganda","Country","http://aido.bsvgateway.org/api/locations/93632501/",32.367039852725,32.367039852725,1.27569119250862,"Marburg"
"136085430.85",2007-08-25,2007-08-24,0,136085430,"64","136085430","P1D","http://aido.bsvgateway.org/api/locations/136085430/","Uganda","Uganda","Country","http://aido.bsvgateway.org/api/locations/93632501/",1.27569119250862,32.367039852725,1.27569119250862,"Marburg"
"136085430.86",2007-08-26,2007-08-25,0,136085430,"64","136085430","P1D","http://aido.bsvgateway.org/api/locations/136085430/","Uganda","Uganda","Country","http://aido.bsvgateway.org/api/locations/93632501/",32.367039852725,32.367039852725,1.27569119250862,"Marburg"
"136085430.87",2007-08-27,2007-08-26,0,136085430,"64","136085430","P1D","http://aido.bsvgateway.org/api/locations/136085430/","Uganda","Uganda","Country","http://aido.bsvgateway.org/api/locations/93632501/",1.27569119250862,32.367039852725,1.27569119250862,"Marburg"
"136085430.88",2007-08-28,2007-08-27,0,136085430,"64","136085430","P1D","http://aido.bsvgateway.org/api/locations/136085430/","Uganda","Uganda","Country","http://aido.bsvgateway.org/api/locations/93632501/",32.367039852725,32.367039852725,1.27569119250862,"Marburg"
"136085430.89",2007-08-29,2007-08-28,0,136085430,"64","136085430","P1D","http://aido.bsvgateway.org/api/locations/136085430/","Uganda","Uganda","Country","http://aido.bsvgateway.org/api/locations/93632501/",1.27569119250862,32.367039852725,1.27569119250862,"Marburg"
"136085430.90",2007-08-30,2007-08-29,0,136085430,"64","136085430","P1D","http://aido.bsvgateway.org/api/locations/136085430/","Uganda","Uganda","Country","http://aido.bsvgateway.org/api/locations/93632501/",32.367039852725,32.367039852725,1.27569119250862,"Marburg"
"136085430.91",2007-08-31,2007-08-30,0,136085430,"64","136085430","P1D","http://aido.bsvgateway.org/api/locations/136085430/","Uganda","Uganda","Country","http://aido.bsvgateway.org/api/locations/93632501/",1.27569119250862,32.367039852725,1.27569119250862,"Marburg"
"136085430.92",2007-09-01,2007-08-31,0,136085430,"64","136085430","P1D","http://aido.bsvgateway.org/api/locations/136085430/","Uganda","Uganda","Country","http://aido.bsvgateway.org/api/locations/93632501/",32.367039852725,32.367039852725,1.27569119250862,"Marburg"
"136085430.93",2007-09-02,2007-09-01,0,136085430,"64","136085430","P1D","http://aido.bsvgateway.org/api/locations/136085430/","Uganda","Uganda","Country","http://aido.bsvgateway.org/api/locations/93632501/",1.27569119250862,32.367039852725,1.27569119250862,"Marburg"
"136085430.94",2007-09-03,2007-09-02,0,136085430,"64","136085430","P1D","http://aido.bsvgateway.org/api/locations/136085430/","Uganda","Uganda","Country","http://aido.bsvgateway.org/api/locations/93632501/",32.367039852725,32.367039852725,1.27569119250862,"Marburg"
"136085430.95",2007-09-04,2007-09-03,0,136085430,"64","136085430","P1D","http://aido.bsvgateway.org/api/locations/136085430/","Uganda","Uganda","Country","http://aido.bsvgateway.org/api/locations/93632501/",1.27569119250862,32.367039852725,1.27569119250862,"Marburg"
"136085430.96",2007-09-05,2007-09-04,0,136085430,"64","136085430","P1D","http://aido.bsvgateway.org/api/locations/136085430/","Uganda","Uganda","Country","http://aido.bsvgateway.org/api/locations/93632501/",32.367039852725,32.367039852725,1.27569119250862,"Marburg"
"136085430.97",2007-09-06,2007-09-05,0,136085430,"64","136085430","P1D","http://aido.bsvgateway.org/api/locations/136085430/","Uganda","Uganda","Country","http://aido.bsvgateway.org/api/locations/93632501/",1.27569119250862,32.367039852725,1.27569119250862,"Marburg"
"136085430.98",2007-09-07,2007-09-06,0,136085430,"64","136085430","P1D","http://aido.bsvgateway.org/api/locations/136085430/","Uganda","Uganda","Country","http://aido.bsvgateway.org/api/locations/93632501/",32.367039852725,32.367039852725,1.27569119250862,"Marburg"
"136085430.99",2007-09-08,2007-09-07,0,136085430,"64","136085430","P1D","http://aido.bsvgateway.org/api/locations/136085430/","Uganda","Uganda","Country","http://aido.bsvgateway.org/api/locations/93632501/",1.27569119250862,32.367039852725,1.27569119250862,"Marburg"
"136085430.100",2007-09-09,2007-09-08,0,136085430,"64","136085430","P1D","http://aido.bsvgateway.org/api/locations/136085430/","Uganda","Uganda","Country","http://aido.bsvgateway.org/api/locations/93632501/",32.367039852725,32.367039852725,1.27569119250862,"Marburg"
"136085430.101",2007-09-10,2007-09-09,0,136085430,"64","136085430","P1D","http://aido.bsvgateway.org/api/locations/136085430/","Uganda","Uganda","Country","http://aido.bsvgateway.org/api/locations/93632501/",1.27569119250862,32.367039852725,1.27569119250862,"Marburg"
"136085430.102",2007-09-11,2007-09-10,0,136085430,"64","136085430","P1D","http://aido.bsvgateway.org/api/locations/136085430/","Uganda","Uganda","Country","http://aido.bsvgateway.org/api/locations/93632501/",32.367039852725,32.367039852725,1.27569119250862,"Marburg"
"136085430.103",2007-09-12,2007-09-11,0,136085430,"64","136085430","P1D","http://aido.bsvgateway.org/api/locations/136085430/","Uganda","Uganda","Country","http://aido.bsvgateway.org/api/locations/93632501/",1.27569119250862,32.367039852725,1.27569119250862,"Marburg"
"136085430.104",2007-09-13,2007-09-12,0,136085430,"64","136085430","P1D","http://aido.bsvgateway.org/api/locations/136085430/","Uganda","Uganda","Country","http://aido.bsvgateway.org/api/locations/93632501/",32.367039852725,32.367039852725,1.27569119250862,"Marburg"
"136085430.105",2007-09-14,2007-09-13,0,136085430,"64","136085430","P1D","http://aido.bsvgateway.org/api/locations/136085430/","Uganda","Uganda","Country","http://aido.bsvgateway.org/api/locations/93632501/",1.27569119250862,32.367039852725,1.27569119250862,"Marburg"
"136085430.106",2007-09-15,2007-09-14,1,136085430,"64","136085430","P1D","http://aido.bsvgateway.org/api/locations/136085430/","Uganda","Uganda","Country","http://aido.bsvgateway.org/api/locations/93632501/",32.367039852725,32.367039852725,1.27569119250862,"Marburg"
"156700627.141",2012-09-04,2012-09-03,1,156700627,"64","156700627","P1D","http://aido.bsvgateway.org/api/locations/156700627/","Kabale","Kabale, Kabale, Uganda","City","http://aido.bsvgateway.org/api/locations/188391204/",-1.24959869823078,29.9799715530673,-1.24959869823078,"Marburg"
"156700627.142",2012-09-05,2012-09-04,0,156700627,"64","156700627","P1D","http://aido.bsvgateway.org/api/locations/156700627/","Kabale","Kabale, Kabale, Uganda","City","http://aido.bsvgateway.org/api/locations/188391204/",29.9799715530673,29.9799715530673,-1.24959869823078,"Marburg"
"156700627.143",2012-09-06,2012-09-05,0,156700627,"64","156700627","P1D","http://aido.bsvgateway.org/api/locations/156700627/","Kabale","Kabale, Kabale, Uganda","City","http://aido.bsvgateway.org/api/locations/188391204/",-1.24959869823078,29.9799715530673,-1.24959869823078,"Marburg"
"156700627.144",2012-09-07,2012-09-06,0,156700627,"64","156700627","P1D","http://aido.bsvgateway.org/api/locations/156700627/","Kabale","Kabale, Kabale, Uganda","City","http://aido.bsvgateway.org/api/locations/188391204/",29.9799715530673,29.9799715530673,-1.24959869823078,"Marburg"
"156700627.145",2012-09-08,2012-09-07,0,156700627,"64","156700627","P1D","http://aido.bsvgateway.org/api/locations/156700627/","Kabale","Kabale, Kabale, Uganda","City","http://aido.bsvgateway.org/api/locations/188391204/",-1.24959869823078,29.9799715530673,-1.24959869823078,"Marburg"
"156700627.146",2012-09-09,2012-09-08,0,156700627,"64","156700627","P1D","http://aido.bsvgateway.org/api/locations/156700627/","Kabale","Kabale, Kabale, Uganda","City","http://aido.bsvgateway.org/api/locations/188391204/",29.9799715530673,29.9799715530673,-1.24959869823078,"Marburg"
"156700627.147",2012-09-10,2012-09-09,0,156700627,"64","156700627","P1D","http://aido.bsvgateway.org/api/locations/156700627/","Kabale","Kabale, Kabale, Uganda","City","http://aido.bsvgateway.org/api/locations/188391204/",-1.24959869823078,29.9799715530673,-1.24959869823078,"Marburg"
"156700627.148",2012-09-11,2012-09-10,0,156700627,"64","156700627","P1D","http://aido.bsvgateway.org/api/locations/156700627/","Kabale","Kabale, Kabale, Uganda","City","http://aido.bsvgateway.org/api/locations/188391204/",29.9799715530673,29.9799715530673,-1.24959869823078,"Marburg"
"156700627.149",2012-09-12,2012-09-11,0,156700627,"64","156700627","P1D","http://aido.bsvgateway.org/api/locations/156700627/","Kabale","Kabale, Kabale, Uganda","City","http://aido.bsvgateway.org/api/locations/188391204/",-1.24959869823078,29.9799715530673,-1.24959869823078,"Marburg"
"156700627.150",2012-09-13,2012-09-12,0,156700627,"64","156700627","P1D","http://aido.bsvgateway.org/api/locations/156700627/","Kabale","Kabale, Kabale, Uganda","City","http://aido.bsvgateway.org/api/locations/188391204/",29.9799715530673,29.9799715530673,-1.24959869823078,"Marburg"
"156700627.151",2012-09-14,2012-09-13,0,156700627,"64","156700627","P1D","http://aido.bsvgateway.org/api/locations/156700627/","Kabale","Kabale, Kabale, Uganda","City","http://aido.bsvgateway.org/api/locations/188391204/",-1.24959869823078,29.9799715530673,-1.24959869823078,"Marburg"
"156700627.152",2012-09-15,2012-09-14,0,156700627,"64","156700627","P1D","http://aido.bsvgateway.org/api/locations/156700627/","Kabale","Kabale, Kabale, Uganda","City","http://aido.bsvgateway.org/api/locations/188391204/",29.9799715530673,29.9799715530673,-1.24959869823078,"Marburg"
"156700627.153",2012-09-16,2012-09-15,0,156700627,"64","156700627","P1D","http://aido.bsvgateway.org/api/locations/156700627/","Kabale","Kabale, Kabale, Uganda","City","http://aido.bsvgateway.org/api/locations/188391204/",-1.24959869823078,29.9799715530673,-1.24959869823078,"Marburg"
"156700627.154",2012-09-17,2012-09-16,0,156700627,"64","156700627","P1D","http://aido.bsvgateway.org/api/locations/156700627/","Kabale","Kabale, Kabale, Uganda","City","http://aido.bsvgateway.org/api/locations/188391204/",29.9799715530673,29.9799715530673,-1.24959869823078,"Marburg"
"156700627.155",2012-09-18,2012-09-17,0,156700627,"64","156700627","P1D","http://aido.bsvgateway.org/api/locations/156700627/","Kabale","Kabale, Kabale, Uganda","City","http://aido.bsvgateway.org/api/locations/188391204/",-1.24959869823078,29.9799715530673,-1.24959869823078,"Marburg"
"156700627.156",2012-09-19,2012-09-18,0,156700627,"64","156700627","P1D","http://aido.bsvgateway.org/api/locations/156700627/","Kabale","Kabale, Kabale, Uganda","City","http://aido.bsvgateway.org/api/locations/188391204/",29.9799715530673,29.9799715530673,-1.24959869823078,"Marburg"
"156700627.157",2012-09-20,2012-09-19,0,156700627,"64","156700627","P1D","http://aido.bsvgateway.org/api/locations/156700627/","Kabale","Kabale, Kabale, Uganda","City","http://aido.bsvgateway.org/api/locations/188391204/",-1.24959869823078,29.9799715530673,-1.24959869823078,"Marburg"
"156700627.158",2012-09-21,2012-09-20,0,156700627,"64","156700627","P1D","http://aido.bsvgateway.org/api/locations/156700627/","Kabale","Kabale, Kabale, Uganda","City","http://aido.bsvgateway.org/api/locations/188391204/",29.9799715530673,29.9799715530673,-1.24959869823078,"Marburg"
"156700627.159",2012-09-22,2012-09-21,0,156700627,"64","156700627","P1D","http://aido.bsvgateway.org/api/locations/156700627/","Kabale","Kabale, Kabale, Uganda","City","http://aido.bsvgateway.org/api/locations/188391204/",-1.24959869823078,29.9799715530673,-1.24959869823078,"Marburg"
"156700627.160",2012-09-23,2012-09-22,0,156700627,"64","156700627","P1D","http://aido.bsvgateway.org/api/locations/156700627/","Kabale","Kabale, Kabale, Uganda","City","http://aido.bsvgateway.org/api/locations/188391204/",29.9799715530673,29.9799715530673,-1.24959869823078,"Marburg"
"156700627.161",2012-09-24,2012-09-23,0,156700627,"64","156700627","P1D","http://aido.bsvgateway.org/api/locations/156700627/","Kabale","Kabale, Kabale, Uganda","City","http://aido.bsvgateway.org/api/locations/188391204/",-1.24959869823078,29.9799715530673,-1.24959869823078,"Marburg"
"156700627.162",2012-09-25,2012-09-24,1,156700627,"64","156700627","P1D","http://aido.bsvgateway.org/api/locations/156700627/","Kabale","Kabale, Kabale, Uganda","City","http://aido.bsvgateway.org/api/locations/188391204/",29.9799715530673,29.9799715530673,-1.24959869823078,"Marburg"
"156700627.163",2012-09-26,2012-09-25,0,156700627,"64","156700627","P1D","http://aido.bsvgateway.org/api/locations/156700627/","Kabale","Kabale, Kabale, Uganda","City","http://aido.bsvgateway.org/api/locations/188391204/",-1.24959869823078,29.9799715530673,-1.24959869823078,"Marburg"
"156700627.164",2012-09-27,2012-09-26,0,156700627,"64","156700627","P1D","http://aido.bsvgateway.org/api/locations/156700627/","Kabale","Kabale, Kabale, Uganda","City","http://aido.bsvgateway.org/api/locations/188391204/",29.9799715530673,29.9799715530673,-1.24959869823078,"Marburg"
"156700627.165",2012-09-28,2012-09-27,1,156700627,"64","156700627","P1D","http://aido.bsvgateway.org/api/locations/156700627/","Kabale","Kabale, Kabale, Uganda","City","http://aido.bsvgateway.org/api/locations/188391204/",-1.24959869823078,29.9799715530673,-1.24959869823078,"Marburg"
"156700627.166",2012-09-29,2012-09-28,0,156700627,"64","156700627","P1D","http://aido.bsvgateway.org/api/locations/156700627/","Kabale","Kabale, Kabale, Uganda","City","http://aido.bsvgateway.org/api/locations/188391204/",29.9799715530673,29.9799715530673,-1.24959869823078,"Marburg"
"156700627.167",2012-09-30,2012-09-29,0,156700627,"64","156700627","P1D","http://aido.bsvgateway.org/api/locations/156700627/","Kabale","Kabale, Kabale, Uganda","City","http://aido.bsvgateway.org/api/locations/188391204/",-1.24959869823078,29.9799715530673,-1.24959869823078,"Marburg"
"156700627.168",2012-10-01,2012-09-30,1,156700627,"64","156700627","P1D","http://aido.bsvgateway.org/api/locations/156700627/","Kabale","Kabale, Kabale, Uganda","City","http://aido.bsvgateway.org/api/locations/188391204/",29.9799715530673,29.9799715530673,-1.24959869823078,"Marburg"
"156700627.169",2012-10-02,2012-10-01,0,156700627,"64","156700627","P1D","http://aido.bsvgateway.org/api/locations/156700627/","Kabale","Kabale, Kabale, Uganda","City","http://aido.bsvgateway.org/api/locations/188391204/",-1.24959869823078,29.9799715530673,-1.24959869823078,"Marburg"
"156700627.170",2012-10-03,2012-10-02,1,156700627,"64","156700627","P1D","http://aido.bsvgateway.org/api/locations/156700627/","Kabale","Kabale, Kabale, Uganda","City","http://aido.bsvgateway.org/api/locations/188391204/",29.9799715530673,29.9799715530673,-1.24959869823078,"Marburg"
"156700627.171",2012-10-04,2012-10-03,0,156700627,"64","156700627","P1D","http://aido.bsvgateway.org/api/locations/156700627/","Kabale","Kabale, Kabale, Uganda","City","http://aido.bsvgateway.org/api/locations/188391204/",-1.24959869823078,29.9799715530673,-1.24959869823078,"Marburg"
"156700627.172",2012-10-05,2012-10-04,0,156700627,"64","156700627","P1D","http://aido.bsvgateway.org/api/locations/156700627/","Kabale","Kabale, Kabale, Uganda","City","http://aido.bsvgateway.org/api/locations/188391204/",29.9799715530673,29.9799715530673,-1.24959869823078,"Marburg"
"156700627.173",2012-10-06,2012-10-05,0,156700627,"64","156700627","P1D","http://aido.bsvgateway.org/api/locations/156700627/","Kabale","Kabale, Kabale, Uganda","City","http://aido.bsvgateway.org/api/locations/188391204/",-1.24959869823078,29.9799715530673,-1.24959869823078,"Marburg"
"156700627.174",2012-10-07,2012-10-06,0,156700627,"64","156700627","P1D","http://aido.bsvgateway.org/api/locations/156700627/","Kabale","Kabale, Kabale, Uganda","City","http://aido.bsvgateway.org/api/locations/188391204/",29.9799715530673,29.9799715530673,-1.24959869823078,"Marburg"
"156700627.175",2012-10-08,2012-10-07,1,156700627,"64","156700627","P1D","http://aido.bsvgateway.org/api/locations/156700627/","Kabale","Kabale, Kabale, Uganda","City","http://aido.bsvgateway.org/api/locations/188391204/",-1.24959869823078,29.9799715530673,-1.24959869823078,"Marburg"
"156700627.176",2012-10-09,2012-10-08,0,156700627,"64","156700627","P1D","http://aido.bsvgateway.org/api/locations/156700627/","Kabale","Kabale, Kabale, Uganda","City","http://aido.bsvgateway.org/api/locations/188391204/",29.9799715530673,29.9799715530673,-1.24959869823078,"Marburg"
"156700627.177",2012-10-10,2012-10-09,0,156700627,"64","156700627","P1D","http://aido.bsvgateway.org/api/locations/156700627/","Kabale","Kabale, Kabale, Uganda","City","http://aido.bsvgateway.org/api/locations/188391204/",-1.24959869823078,29.9799715530673,-1.24959869823078,"Marburg"
"156700627.178",2012-10-11,2012-10-10,0,156700627,"64","156700627","P1D","http://aido.bsvgateway.org/api/locations/156700627/","Kabale","Kabale, Kabale, Uganda","City","http://aido.bsvgateway.org/api/locations/188391204/",29.9799715530673,29.9799715530673,-1.24959869823078,"Marburg"
"156700627.179",2012-10-12,2012-10-11,1,156700627,"64","156700627","P1D","http://aido.bsvgateway.org/api/locations/156700627/","Kabale","Kabale, Kabale, Uganda","City","http://aido.bsvgateway.org/api/locations/188391204/",-1.24959869823078,29.9799715530673,-1.24959869823078,"Marburg"
"156700627.180",2012-10-13,2012-10-12,1,156700627,"64","156700627","P1D","http://aido.bsvgateway.org/api/locations/156700627/","Kabale","Kabale, Kabale, Uganda","City","http://aido.bsvgateway.org/api/locations/188391204/",29.9799715530673,29.9799715530673,-1.24959869823078,"Marburg"
"156700627.181",2012-10-14,2012-10-13,0,156700627,"64","156700627","P1D","http://aido.bsvgateway.org/api/locations/156700627/","Kabale","Kabale, Kabale, Uganda","City","http://aido.bsvgateway.org/api/locations/188391204/",-1.24959869823078,29.9799715530673,-1.24959869823078,"Marburg"
"156700627.182",2012-10-15,2012-10-14,1,156700627,"64","156700627","P1D","http://aido.bsvgateway.org/api/locations/156700627/","Kabale","Kabale, Kabale, Uganda","City","http://aido.bsvgateway.org/api/locations/188391204/",29.9799715530673,29.9799715530673,-1.24959869823078,"Marburg"
"156700627.183",2012-10-16,2012-10-15,0,156700627,"64","156700627","P1D","http://aido.bsvgateway.org/api/locations/156700627/","Kabale","Kabale, Kabale, Uganda","City","http://aido.bsvgateway.org/api/locations/188391204/",-1.24959869823078,29.9799715530673,-1.24959869823078,"Marburg"
"156700627.184",2012-10-17,2012-10-16,2,156700627,"64","156700627","P1D","http://aido.bsvgateway.org/api/locations/156700627/","Kabale","Kabale, Kabale, Uganda","City","http://aido.bsvgateway.org/api/locations/188391204/",29.9799715530673,29.9799715530673,-1.24959869823078,"Marburg"
"156700627.185",2012-10-18,2012-10-17,2,156700627,"64","156700627","P1D","http://aido.bsvgateway.org/api/locations/156700627/","Kabale","Kabale, Kabale, Uganda","City","http://aido.bsvgateway.org/api/locations/188391204/",-1.24959869823078,29.9799715530673,-1.24959869823078,"Marburg"
"156700627.186",2012-10-19,2012-10-18,1,156700627,"64","156700627","P1D","http://aido.bsvgateway.org/api/locations/156700627/","Kabale","Kabale, Kabale, Uganda","City","http://aido.bsvgateway.org/api/locations/188391204/",29.9799715530673,29.9799715530673,-1.24959869823078,"Marburg"
"156700627.187",2012-10-20,2012-10-19,0,156700627,"64","156700627","P1D","http://aido.bsvgateway.org/api/locations/156700627/","Kabale","Kabale, Kabale, Uganda","City","http://aido.bsvgateway.org/api/locations/188391204/",-1.24959869823078,29.9799715530673,-1.24959869823078,"Marburg"
"156700627.188",2012-10-21,2012-10-20,0,156700627,"64","156700627","P1D","http://aido.bsvgateway.org/api/locations/156700627/","Kabale","Kabale, Kabale, Uganda","City","http://aido.bsvgateway.org/api/locations/188391204/",29.9799715530673,29.9799715530673,-1.24959869823078,"Marburg"
"156700627.189",2012-10-22,2012-10-21,0,156700627,"64","156700627","P1D","http://aido.bsvgateway.org/api/locations/156700627/","Kabale","Kabale, Kabale, Uganda","City","http://aido.bsvgateway.org/api/locations/188391204/",-1.24959869823078,29.9799715530673,-1.24959869823078,"Marburg"
"156700627.190",2012-10-23,2012-10-22,1,156700627,"64","156700627","P1D","http://aido.bsvgateway.org/api/locations/156700627/","Kabale","Kabale, Kabale, Uganda","City","http://aido.bsvgateway.org/api/locations/188391204/",29.9799715530673,29.9799715530673,-1.24959869823078,"Marburg"
"156700627.191",2012-10-24,2012-10-23,0,156700627,"64","156700627","P1D","http://aido.bsvgateway.org/api/locations/156700627/","Kabale","Kabale, Kabale, Uganda","City","http://aido.bsvgateway.org/api/locations/188391204/",-1.24959869823078,29.9799715530673,-1.24959869823078,"Marburg"
"156700627.192",2012-10-25,2012-10-24,0,156700627,"64","156700627","P1D","http://aido.bsvgateway.org/api/locations/156700627/","Kabale","Kabale, Kabale, Uganda","City","http://aido.bsvgateway.org/api/locations/188391204/",29.9799715530673,29.9799715530673,-1.24959869823078,"Marburg"
"156700627.193",2012-10-26,2012-10-25,0,156700627,"64","156700627","P1D","http://aido.bsvgateway.org/api/locations/156700627/","Kabale","Kabale, Kabale, Uganda","City","http://aido.bsvgateway.org/api/locations/188391204/",-1.24959869823078,29.9799715530673,-1.24959869823078,"Marburg"
"156700627.194",2012-10-27,2012-10-26,0,156700627,"64","156700627","P1D","http://aido.bsvgateway.org/api/locations/156700627/","Kabale","Kabale, Kabale, Uganda","City","http://aido.bsvgateway.org/api/locations/188391204/",29.9799715530673,29.9799715530673,-1.24959869823078,"Marburg"
"156700627.195",2012-10-28,2012-10-27,0,156700627,"64","156700627","P1D","http://aido.bsvgateway.org/api/locations/156700627/","Kabale","Kabale, Kabale, Uganda","City","http://aido.bsvgateway.org/api/locations/188391204/",-1.24959869823078,29.9799715530673,-1.24959869823078,"Marburg"
"156700627.196",2012-10-29,2012-10-28,0,156700627,"64","156700627","P1D","http://aido.bsvgateway.org/api/locations/156700627/","Kabale","Kabale, Kabale, Uganda","City","http://aido.bsvgateway.org/api/locations/188391204/",29.9799715530673,29.9799715530673,-1.24959869823078,"Marburg"
"156700627.197",2012-10-30,2012-10-29,2,156700627,"64","156700627","P1D","http://aido.bsvgateway.org/api/locations/156700627/","Kabale","Kabale, Kabale, Uganda","City","http://aido.bsvgateway.org/api/locations/188391204/",-1.24959869823078,29.9799715530673,-1.24959869823078,"Marburg"
"23081167.118",1998-11-01,1998-10-01,2,23081167,"64","23081167","P1M","http://aido.bsvgateway.org/api/locations/23081167/","Orientale","Orientale, Democratic Republic of the Congo","State","http://aido.bsvgateway.org/api/locations/96271664/",2.09141384380503,26.3556806590948,2.09141384380503,"Marburg"
"23081167.119",1998-12-01,1998-11-01,4,23081167,"64","23081167","P1M","http://aido.bsvgateway.org/api/locations/23081167/","Orientale","Orientale, Democratic Republic of the Congo","State","http://aido.bsvgateway.org/api/locations/96271664/",26.3556806590948,26.3556806590948,2.09141384380503,"Marburg"
"23081167.120",1999-01-01,1998-12-01,6,23081167,"64","23081167","P1M","http://aido.bsvgateway.org/api/locations/23081167/","Orientale","Orientale, Democratic Republic of the Congo","State","http://aido.bsvgateway.org/api/locations/96271664/",2.09141384380503,26.3556806590948,2.09141384380503,"Marburg"
"23081167.121",1999-02-01,1999-01-01,21,23081167,"64","23081167","P1M","http://aido.bsvgateway.org/api/locations/23081167/","Orientale","Orientale, Democratic Republic of the Congo","State","http://aido.bsvgateway.org/api/locations/96271664/",26.3556806590948,26.3556806590948,2.09141384380503,"Marburg"
"23081167.122",1999-03-01,1999-02-01,12,23081167,"64","23081167","P1M","http://aido.bsvgateway.org/api/locations/23081167/","Orientale","Orientale, Democratic Republic of the Congo","State","http://aido.bsvgateway.org/api/locations/96271664/",2.09141384380503,26.3556806590948,2.09141384380503,"Marburg"
"23081167.123",1999-04-01,1999-03-01,19,23081167,"64","23081167","P1M","http://aido.bsvgateway.org/api/locations/23081167/","Orientale","Orientale, Democratic Republic of the Congo","State","http://aido.bsvgateway.org/api/locations/96271664/",26.3556806590948,26.3556806590948,2.09141384380503,"Marburg"
"23081167.124",1999-05-01,1999-04-01,16,23081167,"64","23081167","P1M","http://aido.bsvgateway.org/api/locations/23081167/","Orientale","Orientale, Democratic Republic of the Congo","State","http://aido.bsvgateway.org/api/locations/96271664/",2.09141384380503,26.3556806590948,2.09141384380503,"Marburg"
"23081167.125",1999-06-01,1999-05-01,14,23081167,"64","23081167","P1M","http://aido.bsvgateway.org/api/locations/23081167/","Orientale","Orientale, Democratic Republic of the Congo","State","http://aido.bsvgateway.org/api/locations/96271664/",26.3556806590948,26.3556806590948,2.09141384380503,"Marburg"
"23081167.126",1999-07-01,1999-06-01,4,23081167,"64","23081167","P1M","http://aido.bsvgateway.org/api/locations/23081167/","Orientale","Orientale, Democratic Republic of the Congo","State","http://aido.bsvgateway.org/api/locations/96271664/",2.09141384380503,26.3556806590948,2.09141384380503,"Marburg"
"23081167.127",1999-08-01,1999-07-01,2,23081167,"64","23081167","P1M","http://aido.bsvgateway.org/api/locations/23081167/","Orientale","Orientale, Democratic Republic of the Congo","State","http://aido.bsvgateway.org/api/locations/96271664/",26.3556806590948,26.3556806590948,2.09141384380503,"Marburg"
"23081167.128",1999-09-01,1999-08-01,6,23081167,"64","23081167","P1M","http://aido.bsvgateway.org/api/locations/23081167/","Orientale","Orientale, Democratic Republic of the Congo","State","http://aido.bsvgateway.org/api/locations/96271664/",2.09141384380503,26.3556806590948,2.09141384380503,"Marburg"
"23081167.129",1999-10-01,1999-09-01,1,23081167,"64","23081167","P1M","http://aido.bsvgateway.org/api/locations/23081167/","Orientale","Orientale, Democratic Republic of the Congo","State","http://aido.bsvgateway.org/api/locations/96271664/",26.3556806590948,26.3556806590948,2.09141384380503,"Marburg"
"23081167.130",1999-11-01,1999-10-01,0,23081167,"64","23081167","P1M","http://aido.bsvgateway.org/api/locations/23081167/","Orientale","Orientale, Democratic Republic of the Congo","State","http://aido.bsvgateway.org/api/locations/96271664/",2.09141384380503,26.3556806590948,2.09141384380503,"Marburg"
"23081167.131",1999-12-01,1999-11-01,1,23081167,"64","23081167","P1M","http://aido.bsvgateway.org/api/locations/23081167/","Orientale","Orientale, Democratic Republic of the Congo","State","http://aido.bsvgateway.org/api/locations/96271664/",26.3556806590948,26.3556806590948,2.09141384380503,"Marburg"
"23081167.132",2000-01-01,1999-12-01,2,23081167,"64","23081167","P1M","http://aido.bsvgateway.org/api/locations/23081167/","Orientale","Orientale, Democratic Republic of the Congo","State","http://aido.bsvgateway.org/api/locations/96271664/",2.09141384380503,26.3556806590948,2.09141384380503,"Marburg"
"23081167.133",2000-02-01,2000-01-01,4,23081167,"64","23081167","P1M","http://aido.bsvgateway.org/api/locations/23081167/","Orientale","Orientale, Democratic Republic of the Congo","State","http://aido.bsvgateway.org/api/locations/96271664/",26.3556806590948,26.3556806590948,2.09141384380503,"Marburg"
"23081167.134",2000-03-01,2000-02-01,15,23081167,"64","23081167","P1M","http://aido.bsvgateway.org/api/locations/23081167/","Orientale","Orientale, Democratic Republic of the Congo","State","http://aido.bsvgateway.org/api/locations/96271664/",2.09141384380503,26.3556806590948,2.09141384380503,"Marburg"
"23081167.135",2000-04-01,2000-03-01,7,23081167,"64","23081167","P1M","http://aido.bsvgateway.org/api/locations/23081167/","Orientale","Orientale, Democratic Republic of the Congo","State","http://aido.bsvgateway.org/api/locations/96271664/",26.3556806590948,26.3556806590948,2.09141384380503,"Marburg"
"23081167.136",2000-05-01,2000-04-01,2,23081167,"64","23081167","P1M","http://aido.bsvgateway.org/api/locations/23081167/","Orientale","Orientale, Democratic Republic of the Congo","State","http://aido.bsvgateway.org/api/locations/96271664/",2.09141384380503,26.3556806590948,2.09141384380503,"Marburg"
"23081167.137",2000-06-01,2000-05-01,1,23081167,"64","23081167","P1M","http://aido.bsvgateway.org/api/locations/23081167/","Orientale","Orientale, Democratic Republic of the Congo","State","http://aido.bsvgateway.org/api/locations/96271664/",26.3556806590948,26.3556806590948,2.09141384380503,"Marburg"
"23081167.138",2000-07-01,2000-06-01,1,23081167,"64","23081167","P1M","http://aido.bsvgateway.org/api/locations/23081167/","Orientale","Orientale, Democratic Republic of the Congo","State","http://aido.bsvgateway.org/api/locations/96271664/",2.09141384380503,26.3556806590948,2.09141384380503,"Marburg"
"23081167.139",2000-08-01,2000-07-01,5,23081167,"64","23081167","P1M","http://aido.bsvgateway.org/api/locations/23081167/","Orientale","Orientale, Democratic Republic of the Congo","State","http://aido.bsvgateway.org/api/locations/96271664/",26.3556806590948,26.3556806590948,2.09141384380503,"Marburg"
"23081167.140",2000-09-01,2000-08-01,7,23081167,"64","23081167","P1M","http://aido.bsvgateway.org/api/locations/23081167/","Orientale","Orientale, Democratic Republic of the Congo","State","http://aido.bsvgateway.org/api/locations/96271664/",2.09141384380503,26.3556806590948,2.09141384380503,"Marburg"
