"","x"
"1","Ohio, United States of America"
"2","United Kingdom"
"3","Jammu and Kashmir, India"
"4","Ivory Coast"
"5","Jordan"
"6","United States of America"
"7","Impfondo, Likouala, Republic of Congo"
"8","Central African Republic"
"9","Democratic Republic of the Congo"
"10","Jerusalem, Israel"
"11","Kansas, United States of America"
"12","Illinois, United States of America"
"13","Sweden"
"14","Novi Sad, Južno-Backi, Republic of Serbia"
"15","Chicago, Illinois, United States of America"
"16","Austria"
"17","India"
"18","Philippines"
"19","Washington, D.C., District of Columbia, United States of America"
"20","Canada"
