"","Disease","EpiYear","EpiWeek","Incidence","ADM0","ADM1","ADM2","NA","NA"
"1","Varicella",2007,1,250,"COL",NA,NA,NA,NA
"2","Varicella",2007,2,307,"COL",NA,NA,NA,NA
"3","Varicella",2007,3,301,"COL",NA,NA,NA,NA
"4","Varicella",2007,4,266,"COL",NA,NA,NA,NA
"5","Varicella",2007,5,357,"COL",NA,NA,NA,NA
"6","Varicella",2007,6,282,"COL",NA,NA,NA,NA
"7","Varicella",2007,7,367,"COL",NA,NA,NA,NA
"8","Varicella",2007,8,347,"COL",NA,NA,NA,NA
"9","Varicella",2007,9,327,"COL",NA,NA,NA,NA
"10","Varicella",2007,10,400,"COL",NA,NA,NA,NA
"11","Varicella",2007,11,402,"COL",NA,NA,NA,NA
"12","Varicella",2007,12,372,"COL",NA,NA,NA,NA
"13","Varicella",2007,13,441,"COL",NA,NA,NA,NA
"14","Varicella",2007,14,378,"COL",NA,NA,NA,NA
"15","Varicella",2007,15,595,"COL",NA,NA,NA,NA
"16","Varicella",2007,16,555,"COL",NA,NA,NA,NA
"17","Varicella",2007,17,483,"COL",NA,NA,NA,NA
"18","Varicella",2007,18,540,"COL",NA,NA,NA,NA
"19","Varicella",2007,19,486,"COL",NA,NA,NA,NA
"20","Varicella",2007,20,561,"COL",NA,NA,NA,NA
"21","Varicella",2007,21,419,"COL",NA,NA,NA,NA
"22","Varicella",2007,22,99,"COL",NA,NA,NA,NA
"23","Varicella",2007,23,358,"COL",NA,NA,NA,NA
"24","Varicella",2007,24,60,"COL",NA,NA,NA,NA
"25","Varicella",2007,25,124,"COL",NA,NA,NA,NA
"26","Varicella",2007,26,515,"COL",NA,NA,NA,NA
"27","Varicella",2007,27,529,"COL",NA,NA,NA,NA
"28","Varicella",2007,28,529,"COL",NA,NA,NA,NA
"29","Varicella",2007,29,519,"COL",NA,NA,NA,NA
"30","Varicella",2007,30,541,"COL",NA,NA,NA,NA
"31","Varicella",2007,31,500,"COL",NA,NA,NA,NA
"32","Varicella",2007,32,565,"COL",NA,NA,NA,NA
"33","Varicella",2007,33,533,"COL",NA,NA,NA,NA
"34","Varicella",2007,34,511,"COL",NA,NA,NA,NA
"35","Varicella",2007,35,712,"COL",NA,NA,NA,NA
"36","Varicella",2007,36,651,"COL",NA,NA,NA,NA
"37","Varicella",2007,37,651,"COL",NA,NA,NA,NA
"38","Varicella",2007,38,647,"COL",NA,NA,NA,NA
"39","Varicella",2007,39,789,"COL",NA,NA,NA,NA
"40","Varicella",2007,40,838,"COL",NA,NA,NA,NA
"41","Varicella",2007,41,768,"COL",NA,NA,NA,NA
"42","Varicella",2007,42,787,"COL",NA,NA,NA,NA
"43","Varicella",2007,43,855,"COL",NA,NA,NA,NA
"44","Varicella",2007,44,668,"COL",NA,NA,NA,NA
"45","Varicella",2007,45,828,"COL",NA,NA,NA,NA
"46","Varicella",2007,46,771,"COL",NA,NA,NA,NA
"47","Varicella",2007,47,841,"COL",NA,NA,NA,NA
"48","Varicella",2007,48,637,"COL",NA,NA,NA,NA
"49","Varicella",2007,49,649,"COL",NA,NA,NA,NA
"50","Varicella",2007,50,583,"COL",NA,NA,NA,NA
"51","Varicella",2007,51,513,"COL",NA,NA,NA,NA
"52","Varicella",2007,52,477,"COL",NA,NA,NA,NA
"53","Varicella",2008,1,515,"COL",NA,NA,NA,NA
"54","Varicella",2008,2,760,"COL",NA,NA,NA,NA
"55","Varicella",2008,3,785,"COL",NA,NA,NA,NA
"56","Varicella",2008,4,728,"COL",NA,NA,NA,NA
"57","Varicella",2008,5,794,"COL",NA,NA,NA,NA
"58","Varicella",2008,6,774,"COL",NA,NA,NA,NA
"59","Varicella",2008,7,760,"COL",NA,NA,NA,NA
"60","Varicella",2008,8,886,"COL",NA,NA,NA,NA
"61","Varicella",2008,9,930,"COL",NA,NA,NA,NA
"62","Varicella",2008,10,1019,"COL",NA,NA,NA,NA
"63","Varicella",2008,11,992,"COL",NA,NA,NA,NA
"64","Varicella",2008,12,783,"COL",NA,NA,NA,NA
"65","Varicella",2008,13,1383,"COL",NA,NA,NA,NA
"66","Varicella",2008,14,1089,"COL",NA,NA,NA,NA
"67","Varicella",2008,15,1247,"COL",NA,NA,NA,NA
"68","Varicella",2008,16,1264,"COL",NA,NA,NA,NA
"69","Varicella",2008,17,1264,"COL",NA,NA,NA,NA
"70","Varicella",2008,18,1199,"COL",NA,NA,NA,NA
"71","Varicella",2008,19,1089,"COL",NA,NA,NA,NA
"72","Varicella",2008,20,1491,"COL",NA,NA,NA,NA
"73","Varicella",2008,21,1283,"COL",NA,NA,NA,NA
"74","Varicella",2008,22,1364,"COL",NA,NA,NA,NA
"75","Varicella",2008,23,1233,"COL",NA,NA,NA,NA
"76","Varicella",2008,24,1370,"COL",NA,NA,NA,NA
"77","Varicella",2008,25,1309,"COL",NA,NA,NA,NA
"78","Varicella",2008,26,1183,"COL",NA,NA,NA,NA
"79","Varicella",2008,27,1255,"COL",NA,NA,NA,NA
"80","Varicella",2008,28,1378,"COL",NA,NA,NA,NA
"81","Varicella",2008,29,1341,"COL",NA,NA,NA,NA
"82","Varicella",2008,30,1272,"COL",NA,NA,NA,NA
"83","Varicella",2008,31,1279,"COL",NA,NA,NA,NA
"84","Varicella",2008,32,1227,"COL",NA,NA,NA,NA
"85","Varicella",2008,33,1419,"COL",NA,NA,NA,NA
"86","Varicella",2008,34,1336,"COL",NA,NA,NA,NA
"87","Varicella",2008,35,1490,"COL",NA,NA,NA,NA
"88","Varicella",2008,36,1670,"COL",NA,NA,NA,NA
"89","Varicella",2008,37,1655,"COL",NA,NA,NA,NA
"90","Varicella",2008,38,1652,"COL",NA,NA,NA,NA
"91","Varicella",2008,39,1823,"COL",NA,NA,NA,NA
"92","Varicella",2008,40,1731,"COL",NA,NA,NA,NA
"93","Varicella",2008,41,1787,"COL",NA,NA,NA,NA
"94","Varicella",2008,42,1809,"COL",NA,NA,NA,NA
"95","Varicella",2008,43,1905,"COL",NA,NA,NA,NA
"96","Varicella",2008,44,1928,"COL",NA,NA,NA,NA
"97","Varicella",2008,45,1925,"COL",NA,NA,NA,NA
"98","Varicella",2008,46,1883,"COL",NA,NA,NA,NA
"99","Varicella",2008,47,1853,"COL",NA,NA,NA,NA
"100","Varicella",2008,48,1333,"COL",NA,NA,NA,NA
"101","Varicella",2008,49,1223,"COL",NA,NA,NA,NA
"102","Varicella",2008,50,27,"COL",NA,NA,NA,NA
"103","Varicella",2008,51,0,"COL",NA,NA,NA,NA
"104","Varicella",2008,52,15,"COL",NA,NA,NA,NA
"105","Varicella",2008,53,4,"COL",NA,NA,NA,NA
"106","Varicella",2009,1,1499,"COL",NA,NA,NA,NA
"107","Varicella",2009,2,1323,"COL",NA,NA,NA,NA
"108","Varicella",2009,3,1362,"COL",NA,NA,NA,NA
"109","Varicella",2009,4,1264,"COL",NA,NA,NA,NA
"110","Varicella",2009,5,1340,"COL",NA,NA,NA,NA
"111","Varicella",2009,6,1304,"COL",NA,NA,NA,NA
"112","Varicella",2009,7,1401,"COL",NA,NA,NA,NA
"113","Varicella",2009,8,1463,"COL",NA,NA,NA,NA
"114","Varicella",2009,9,1834,"COL",NA,NA,NA,NA
"115","Varicella",2009,10,1645,"COL",NA,NA,NA,NA
"116","Varicella",2009,11,1792,"COL",NA,NA,NA,NA
"117","Varicella",2009,12,1631,"COL",NA,NA,NA,NA
"118","Varicella",2009,13,1752,"COL",NA,NA,NA,NA
"119","Varicella",2009,14,1432,"COL",NA,NA,NA,NA
"120","Varicella",2009,15,1956,"COL",NA,NA,NA,NA
"121","Varicella",2009,16,1647,"COL",NA,NA,NA,NA
"122","Varicella",2009,17,1671,"COL",NA,NA,NA,NA
"123","Varicella",2009,18,1613,"COL",NA,NA,NA,NA
"124","Varicella",2009,19,1696,"COL",NA,NA,NA,NA
"125","Varicella",2009,20,1656,"COL",NA,NA,NA,NA
"126","Varicella",2009,21,1562,"COL",NA,NA,NA,NA
"127","Varicella",2009,22,1645,"COL",NA,NA,NA,NA
"128","Varicella",2009,23,1316,"COL",NA,NA,NA,NA
"129","Varicella",2009,24,1423,"COL",NA,NA,NA,NA
"130","Varicella",2009,25,1270,"COL",NA,NA,NA,NA
"131","Varicella",2009,26,1410,"COL",NA,NA,NA,NA
"132","Varicella",2009,27,1500,"COL",NA,NA,NA,NA
"133","Varicella",2009,28,1409,"COL",NA,NA,NA,NA
"134","Varicella",2009,29,1429,"COL",NA,NA,NA,NA
"135","Varicella",2009,30,1408,"COL",NA,NA,NA,NA
"136","Varicella",2009,31,1334,"COL",NA,NA,NA,NA
"137","Varicella",2009,32,1385,"COL",NA,NA,NA,NA
"138","Varicella",2009,33,1350,"COL",NA,NA,NA,NA
"139","Varicella",2009,34,1442,"COL",NA,NA,NA,NA
"140","Varicella",2009,35,1352,"COL",NA,NA,NA,NA
"141","Varicella",2009,36,1407,"COL",NA,NA,NA,NA
"142","Varicella",2009,37,1331,"COL",NA,NA,NA,NA
"143","Varicella",2009,38,1262,"COL",NA,NA,NA,NA
"144","Varicella",2009,39,1275,"COL",NA,NA,NA,NA
"145","Varicella",2009,40,1224,"COL",NA,NA,NA,NA
"146","Varicella",2009,41,1487,"COL",NA,NA,NA,NA
"147","Varicella",2009,42,1353,"COL",NA,NA,NA,NA
"148","Varicella",2009,43,1270,"COL",NA,NA,NA,NA
"149","Varicella",2009,44,1415,"COL",NA,NA,NA,NA
"150","Varicella",2009,45,1324,"COL",NA,NA,NA,NA
"151","Varicella",2009,46,1324,"COL",NA,NA,NA,NA
"152","Varicella",2009,47,1167,"COL",NA,NA,NA,NA
"153","Varicella",2009,48,1084,"COL",NA,NA,NA,NA
"154","Varicella",2009,49,1052,"COL",NA,NA,NA,NA
"155","Varicella",2009,50,1004,"COL",NA,NA,NA,NA
"156","Varicella",2009,51,808,"COL",NA,NA,NA,NA
"157","Varicella",2009,52,832,"COL",NA,NA,NA,NA
"158","Varicella",2010,1,1031,"COL",NA,NA,NA,NA
"159","Varicella",2010,2,1034,"COL",NA,NA,NA,NA
"160","Varicella",2010,3,1130,"COL",NA,NA,NA,NA
"161","Varicella",2010,4,1024,"COL",NA,NA,NA,NA
"162","Varicella",2010,5,1236,"COL",NA,NA,NA,NA
"163","Varicella",2010,6,1091,"COL",NA,NA,NA,NA
"164","Varicella",2010,7,1166,"COL",NA,NA,NA,NA
"165","Varicella",2010,8,1135,"COL",NA,NA,NA,NA
"166","Varicella",2010,9,1221,"COL",NA,NA,NA,NA
"167","Varicella",2010,10,1419,"COL",NA,NA,NA,NA
"168","Varicella",2010,11,1257,"COL",NA,NA,NA,NA
"169","Varicella",2010,12,1125,"COL",NA,NA,NA,NA
"170","Varicella",2010,13,1169,"COL",NA,NA,NA,NA
"171","Varicella",2010,14,1365,"COL",NA,NA,NA,NA
"172","Varicella",2010,15,1205,"COL",NA,NA,NA,NA
"173","Varicella",2010,16,1363,"COL",NA,NA,NA,NA
"174","Varicella",2010,17,1244,"COL",NA,NA,NA,NA
"175","Varicella",2010,18,1208,"COL",NA,NA,NA,NA
"176","Varicella",2010,19,1333,"COL",NA,NA,NA,NA
"177","Varicella",2010,20,1352,"COL",NA,NA,NA,NA
"178","Varicella",2010,21,1275,"COL",NA,NA,NA,NA
"179","Varicella",2010,22,1256,"COL",NA,NA,NA,NA
"180","Varicella",2010,23,1237,"COL",NA,NA,NA,NA
"181","Varicella",2010,24,1133,"COL",NA,NA,NA,NA
"182","Varicella",2010,25,1156,"COL",NA,NA,NA,NA
"183","Varicella",2010,26,1070,"COL",NA,NA,NA,NA
"184","Varicella",2010,27,1226,"COL",NA,NA,NA,NA
"185","Varicella",2010,28,1158,"COL",NA,NA,NA,NA
"186","Varicella",2010,29,1236,"COL",NA,NA,NA,NA
"187","Varicella",2010,30,1196,"COL",NA,NA,NA,NA
"188","Varicella",2010,31,1270,"COL",NA,NA,NA,NA
"189","Varicella",2010,32,1364,"COL",NA,NA,NA,NA
"190","Varicella",2010,33,1493,"COL",NA,NA,NA,NA
"191","Varicella",2010,34,1471,"COL",NA,NA,NA,NA
"192","Varicella",2010,35,1634,"COL",NA,NA,NA,NA
"193","Varicella",2010,36,1712,"COL",NA,NA,NA,NA
"194","Varicella",2010,37,1811,"COL",NA,NA,NA,NA
"195","Varicella",2010,38,1833,"COL",NA,NA,NA,NA
"196","Varicella",2010,39,1936,"COL",NA,NA,NA,NA
"197","Varicella",2010,40,2088,"COL",NA,NA,NA,NA
"198","Varicella",2010,41,1993,"COL",NA,NA,NA,NA
"199","Varicella",2010,42,2310,"COL",NA,NA,NA,NA
"200","Varicella",2010,43,1747,"COL",NA,NA,NA,NA
"201","Varicella",2010,44,2446,"COL",NA,NA,NA,NA
"202","Varicella",2010,45,1944,"COL",NA,NA,NA,NA
"203","Varicella",2010,46,1973,"COL",NA,NA,NA,NA
"204","Varicella",2010,47,1877,"COL",NA,NA,NA,NA
"205","Varicella",2010,48,1608,"COL",NA,NA,NA,NA
"206","Varicella",2010,49,1724,"COL",NA,NA,NA,NA
"207","Varicella",2010,50,1498,"COL",NA,NA,NA,NA
"208","Varicella",2010,51,1399,"COL",NA,NA,NA,NA
"209","Varicella",2010,52,851,"COL",NA,NA,NA,NA
"210","Varicella",2011,1,1666,"COL",NA,NA,NA,NA
"211","Varicella",2011,2,1509,"COL",NA,NA,NA,NA
"212","Varicella",2011,3,1646,"COL",NA,NA,NA,NA
"213","Varicella",2011,4,1496,"COL",NA,NA,NA,NA
"214","Varicella",2011,5,1505,"COL",NA,NA,NA,NA
"215","Varicella",2011,6,1617,"COL",NA,NA,NA,NA
"216","Varicella",2011,7,1573,"COL",NA,NA,NA,NA
"217","Varicella",2011,8,1888,"COL",NA,NA,NA,NA
"218","Varicella",2011,9,1770,"COL",NA,NA,NA,NA
"219","Varicella",2011,10,2147,"COL",NA,NA,NA,NA
"220","Varicella",2011,11,2078,"COL",NA,NA,NA,NA
"221","Varicella",2011,12,2448,"COL",NA,NA,NA,NA
"222","Varicella",2011,13,2335,"COL",NA,NA,NA,NA
"223","Varicella",2011,14,2447,"COL",NA,NA,NA,NA
"224","Varicella",2011,15,2131,"COL",NA,NA,NA,NA
"225","Varicella",2011,16,2029,"COL",NA,NA,NA,NA
"226","Varicella",2011,17,2594,"COL",NA,NA,NA,NA
"227","Varicella",2011,18,2366,"COL",NA,NA,NA,NA
"228","Varicella",2011,19,2754,"COL",NA,NA,NA,NA
"229","Varicella",2011,20,2289,"COL",NA,NA,NA,NA
"230","Varicella",2011,21,2460,"COL",NA,NA,NA,NA
"231","Varicella",2011,22,2566,"COL",NA,NA,NA,NA
"232","Varicella",2011,23,2228,"COL",NA,NA,NA,NA
"233","Varicella",2011,24,2325,"COL",NA,NA,NA,NA
"234","Varicella",2011,25,1840,"COL",NA,NA,NA,NA
"235","Varicella",2011,26,2167,"COL",NA,NA,NA,NA
"236","Varicella",2011,27,2158,"COL",NA,NA,NA,NA
"237","Varicella",2011,28,2451,"COL",NA,NA,NA,NA
"238","Varicella",2011,29,2021,"COL",NA,NA,NA,NA
"239","Varicella",2011,30,2337,"COL",NA,NA,NA,NA
"240","Varicella",2011,31,2230,"COL",NA,NA,NA,NA
"241","Varicella",2011,32,2339,"COL",NA,NA,NA,NA
"242","Varicella",2011,33,2554,"COL",NA,NA,NA,NA
"243","Varicella",2011,34,2633,"COL",NA,NA,NA,NA
"244","Varicella",2011,35,2944,"COL",NA,NA,NA,NA
"245","Varicella",2011,36,2969,"COL",NA,NA,NA,NA
"246","Varicella",2011,37,3265,"COL",NA,NA,NA,NA
"247","Varicella",2011,38,3329,"COL",NA,NA,NA,NA
"248","Varicella",2011,39,3349,"COL",NA,NA,NA,NA
"249","Varicella",2011,40,3089,"COL",NA,NA,NA,NA
"250","Varicella",2011,41,3109,"COL",NA,NA,NA,NA
"251","Varicella",2011,42,3307,"COL",NA,NA,NA,NA
"252","Varicella",2011,43,2812,"COL",NA,NA,NA,NA
"253","Varicella",2011,44,3284,"COL",NA,NA,NA,NA
"254","Varicella",2011,45,2957,"COL",NA,NA,NA,NA
"255","Varicella",2011,46,2828,"COL",NA,NA,NA,NA
"256","Varicella",2011,47,2483,"COL",NA,NA,NA,NA
"257","Varicella",2011,48,2332,"COL",NA,NA,NA,NA
"258","Varicella",2011,49,1982,"COL",NA,NA,NA,NA
"259","Varicella",2011,50,1775,"COL",NA,NA,NA,NA
"260","Varicella",2011,51,1614,"COL",NA,NA,NA,NA
"261","Varicella",2011,52,1270,"COL",NA,NA,NA,NA
"262","Varicella",2012,1,2095,"COL",NA,NA,NA,NA
"263","Varicella",2012,2,1531,"COL",NA,NA,NA,NA
"264","Varicella",2012,3,1677,"COL",NA,NA,NA,NA
"265","Varicella",2012,4,1512,"COL",NA,NA,NA,NA
"266","Varicella",2012,5,1608,"COL",NA,NA,NA,NA
"267","Varicella",2012,6,1512,"COL",NA,NA,NA,NA
"268","Varicella",2012,7,1553,"COL",NA,NA,NA,NA
"269","Varicella",2012,8,1643,"COL",NA,NA,NA,NA
"270","Varicella",2012,9,1653,"COL",NA,NA,NA,NA
"271","Varicella",2012,10,1844,"COL",NA,NA,NA,NA
"272","Varicella",2012,11,1852,"COL",NA,NA,NA,NA
"273","Varicella",2012,12,1981,"COL",NA,NA,NA,NA
"274","Varicella",2012,13,1740,"COL",NA,NA,NA,NA
"275","Varicella",2012,14,1734,"COL",NA,NA,NA,NA
"276","Varicella",2012,15,2176,"COL",NA,NA,NA,NA
"277","Varicella",2012,16,1961,"COL",NA,NA,NA,NA
"278","Varicella",2012,17,2331,"COL",NA,NA,NA,NA
"279","Varicella",2012,18,1956,"COL",NA,NA,NA,NA
"280","Varicella",2012,19,2065,"COL",NA,NA,NA,NA
"281","Varicella",2012,20,1882,"COL",NA,NA,NA,NA
"282","Varicella",2012,21,2078,"COL",NA,NA,NA,NA
"283","Varicella",2012,22,1898,"COL",NA,NA,NA,NA
"284","Varicella",2012,23,1858,"COL",NA,NA,NA,NA
"285","Varicella",2012,24,1774,"COL",NA,NA,NA,NA
"286","Varicella",2012,25,1466,"COL",NA,NA,NA,NA
"287","Varicella",2012,26,1555,"COL",NA,NA,NA,NA
"288","Varicella",2012,27,1738,"COL",NA,NA,NA,NA
"289","Varicella",2012,28,1981,"COL",NA,NA,NA,NA
"290","Varicella",2012,29,1696,"COL",NA,NA,NA,NA
"291","Varicella",2012,30,1835,"COL",NA,NA,NA,NA
"292","Varicella",2012,31,1762,"COL",NA,NA,NA,NA
"293","Varicella",2012,32,1849,"COL",NA,NA,NA,NA
"294","Varicella",2012,33,1976,"COL",NA,NA,NA,NA
"295","Varicella",2012,34,1942,"COL",NA,NA,NA,NA
"296","Varicella",2012,35,2321,"COL",NA,NA,NA,NA
"297","Varicella",2012,36,2200,"COL",NA,NA,NA,NA
"298","Varicella",2012,37,2444,"COL",NA,NA,NA,NA
"299","Varicella",2012,38,2598,"COL",NA,NA,NA,NA
"300","Varicella",2012,39,2535,"COL",NA,NA,NA,NA
"301","Varicella",2012,40,2625,"COL",NA,NA,NA,NA
"302","Varicella",2012,41,2288,"COL",NA,NA,NA,NA
"303","Varicella",2012,42,2801,"COL",NA,NA,NA,NA
"304","Varicella",2012,43,2329,"COL",NA,NA,NA,NA
"305","Varicella",2012,44,2540,"COL",NA,NA,NA,NA
"306","Varicella",2012,45,2104,"COL",NA,NA,NA,NA
"307","Varicella",2012,46,2220,"COL",NA,NA,NA,NA
"308","Varicella",2012,47,2133,"COL",NA,NA,NA,NA
"309","Varicella",2012,48,1859,"COL",NA,NA,NA,NA
"310","Varicella",2012,49,1661,"COL",NA,NA,NA,NA
"311","Varicella",2012,50,1519,"COL",NA,NA,NA,NA
"312","Varicella",2012,51,1413,"COL",NA,NA,NA,NA
"313","Varicella",2012,52,1134,"COL",NA,NA,NA,NA
"314","Varicella",2013,1,1409,"COL",NA,NA,NA,NA
"315","Varicella",2013,2,1485,"COL",NA,NA,NA,NA
"316","Varicella",2013,3,1622,"COL",NA,NA,NA,NA
"317","Varicella",2013,4,1579,"COL",NA,NA,NA,NA
"318","Varicella",2013,5,1466,"COL",NA,NA,NA,NA
"319","Varicella",2013,6,1519,"COL",NA,NA,NA,NA
"320","Varicella",2013,7,1412,"COL",NA,NA,NA,NA
"321","Varicella",2013,8,1583,"COL",NA,NA,NA,NA
"322","Varicella",2013,9,1690,"COL",NA,NA,NA,NA
"323","Varicella",2013,10,1665,"COL",NA,NA,NA,NA
"324","Varicella",2013,11,1726,"COL",NA,NA,NA,NA
"325","Varicella",2013,12,1536,"COL",NA,NA,NA,NA
"326","Varicella",2013,13,1470,"COL",NA,NA,NA,NA
"327","Varicella",2013,14,1988,"COL",NA,NA,NA,NA
"328","Varicella",2013,15,1635,"COL",NA,NA,NA,NA
"329","Varicella",2013,16,1815,"COL",NA,NA,NA,NA
"330","Varicella",2013,17,1555,"COL",NA,NA,NA,NA
"331","Varicella",2013,18,1731,"COL",NA,NA,NA,NA
"332","Varicella",2013,19,1704,"COL",NA,NA,NA,NA
"333","Varicella",2013,20,1565,"COL",NA,NA,NA,NA
"334","Varicella",2013,21,1962,"COL",NA,NA,NA,NA
"335","Varicella",2013,22,1599,"COL",NA,NA,NA,NA
"336","Varicella",2013,23,1729,"COL",NA,NA,NA,NA
"337","Varicella",2013,24,1543,"COL",NA,NA,NA,NA
"338","Varicella",2013,25,1450,"COL",NA,NA,NA,NA
"339","Varicella",2013,26,1332,"COL",NA,NA,NA,NA
"340","Varicella",2013,27,1471,"COL",NA,NA,NA,NA
"341","Varicella",2013,28,1634,"COL",NA,NA,NA,NA
"342","Varicella",2013,29,1641,"COL",NA,NA,NA,NA
"343","Varicella",2013,30,1653,"COL",NA,NA,NA,NA
"344","Varicella",2013,31,1687,"COL",NA,NA,NA,NA
"345","Varicella",2013,32,1793,"COL",NA,NA,NA,NA
"346","Varicella",2013,33,1762,"COL",NA,NA,NA,NA
"347","Varicella",2013,34,1899,"COL",NA,NA,NA,NA
"348","Varicella",2013,35,2044,"COL",NA,NA,NA,NA
"349","Varicella",2013,36,2121,"COL",NA,NA,NA,NA
"350","Varicella",2013,37,2147,"COL",NA,NA,NA,NA
"351","Varicella",2013,38,2320,"COL",NA,NA,NA,NA
"352","Varicella",2013,39,2126,"COL",NA,NA,NA,NA
"353","Varicella",2013,40,2234,"COL",NA,NA,NA,NA
"354","Varicella",2013,41,2298,"COL",NA,NA,NA,NA
"355","Varicella",2013,42,2718,"COL",NA,NA,NA,NA
"356","Varicella",2013,43,2501,"COL",NA,NA,NA,NA
"357","Varicella",2013,44,2462,"COL",NA,NA,NA,NA
"358","Varicella",2013,45,2455,"COL",NA,NA,NA,NA
"359","Varicella",2013,46,2463,"COL",NA,NA,NA,NA
"360","Varicella",2013,47,2320,"COL",NA,NA,NA,NA
"361","Varicella",2013,48,1957,"COL",NA,NA,NA,NA
"362","Varicella",2013,49,1991,"COL",NA,NA,NA,NA
"363","Varicella",2013,50,1649,"COL",NA,NA,NA,NA
"364","Varicella",2013,51,1491,"COL",NA,NA,NA,NA
"365","Varicella",2013,52,1228,"COL",NA,NA,NA,NA
"366","Varicella",2014,1,1393,"COL",NA,NA,NA,NA
"367","Varicella",2014,2,1672,"COL",NA,NA,NA,NA
"368","Varicella",2014,3,1491,"COL",NA,NA,NA,NA
"369","Varicella",2014,4,1694,"COL",NA,NA,NA,NA
"370","Varicella",2014,5,1500,"COL",NA,NA,NA,NA
"371","Varicella",2014,6,1563,"COL",NA,NA,NA,NA
"372","Varicella",2014,7,1644,"COL",NA,NA,NA,NA
"373","Varicella",2014,8,1787,"COL",NA,NA,NA,NA
"374","Varicella",2014,9,1745,"COL",NA,NA,NA,NA
"375","Varicella",2014,10,2007,"COL",NA,NA,NA,NA
"376","Varicella",2014,11,2175,"COL",NA,NA,NA,NA
"377","Varicella",2014,12,1989,"COL",NA,NA,NA,NA
"378","Varicella",2014,13,2203,"COL",NA,NA,NA,NA
"379","Varicella",2014,14,1990,"COL",NA,NA,NA,NA
"380","Varicella",2014,15,1906,"COL",NA,NA,NA,NA
"381","Varicella",2014,16,1661,"COL",NA,NA,NA,NA
"382","Varicella",2014,17,2195,"COL",NA,NA,NA,NA
"383","Varicella",2014,18,1994,"COL",NA,NA,NA,NA
"384","Varicella",2014,19,2237,"COL",NA,NA,NA,NA
"385","Varicella",2014,20,2004,"COL",NA,NA,NA,NA
"386","Varicella",2014,21,2233,"COL",NA,NA,NA,NA
"387","Varicella",2014,22,2073,"COL",NA,NA,NA,NA
"388","Varicella",2014,23,2237,"COL",NA,NA,NA,NA
"389","Varicella",2014,24,2124,"COL",NA,NA,NA,NA
"390","Varicella",2014,25,1654,"COL",NA,NA,NA,NA
"391","Varicella",2014,26,1728,"COL",NA,NA,NA,NA
"392","Varicella",2014,27,1857,"COL",NA,NA,NA,NA
"393","Varicella",2014,28,2128,"COL",NA,NA,NA,NA
"394","Varicella",2014,29,2050,"COL",NA,NA,NA,NA
"395","Varicella",2014,30,2088,"COL",NA,NA,NA,NA
"396","Varicella",2014,31,1992,"COL",NA,NA,NA,NA
"397","Varicella",2014,32,1973,"COL",NA,NA,NA,NA
"398","Varicella",2014,33,2129,"COL",NA,NA,NA,NA
"399","Varicella",2014,34,2162,"COL",NA,NA,NA,NA
"400","Varicella",2014,35,2332,"COL",NA,NA,NA,NA
"401","Varicella",2014,36,2329,"COL",NA,NA,NA,NA
"402","Varicella",2014,37,2620,"COL",NA,NA,NA,NA
"403","Varicella",2014,38,2531,"COL",NA,NA,NA,NA
"404","Varicella",2014,39,2683,"COL",NA,NA,NA,NA
"405","Varicella",2014,40,2581,"COL",NA,NA,NA,NA
"406","Varicella",2014,41,2669,"COL",NA,NA,NA,NA
"407","Varicella",2014,42,2891,"COL",NA,NA,NA,NA
"408","Varicella",2014,43,2653,"COL",NA,NA,NA,NA
"409","Varicella",2014,44,2726,"COL",NA,NA,NA,NA
"410","Varicella",2014,45,2583,"COL",NA,NA,NA,NA
"411","Varicella",2014,46,2424,"COL",NA,NA,NA,NA
"412","Varicella",2014,47,2190,"COL",NA,NA,NA,NA
"413","Varicella",2014,48,2107,"COL",NA,NA,NA,NA
"414","Varicella",2014,49,1785,"COL",NA,NA,NA,NA
"415","Varicella",2014,50,1667,"COL",NA,NA,NA,NA
"416","Varicella",2014,51,1645,"COL",NA,NA,NA,NA
"417","Varicella",2014,52,1294,"COL",NA,NA,NA,NA
"418","Varicella",2014,53,1258,"COL",NA,NA,NA,NA
"419","Varicella",2015,1,1570,"COL",NA,NA,NA,NA
"420","Varicella",2015,2,1597,"COL",NA,NA,NA,NA
"421","Varicella",2015,3,1651,"COL",NA,NA,NA,NA
"422","Varicella",2015,4,1457,"COL",NA,NA,NA,NA
"423","Varicella",2015,5,1713,"COL",NA,NA,NA,NA
"424","Varicella",2015,6,1585,"COL",NA,NA,NA,NA
"425","Varicella",2015,7,1766,"COL",NA,NA,NA,NA
"426","Varicella",2015,8,1800,"COL",NA,NA,NA,NA
"427","Varicella",2015,9,2022,"COL",NA,NA,NA,NA
"428","Varicella",2015,10,2161,"COL",NA,NA,NA,NA
"429","Varicella",2015,11,2035,"COL",NA,NA,NA,NA
"430","Varicella",2015,12,1825,"COL",NA,NA,NA,NA
"431","Varicella",2015,13,2023,"COL",NA,NA,NA,NA
"432","Varicella",2015,14,2317,"COL",NA,NA,NA,NA
"433","Varicella",2015,15,2047,"COL",NA,NA,NA,NA
"434","Varicella",2015,16,2217,"COL",NA,NA,NA,NA
"435","Varicella",2015,17,2012,"COL",NA,NA,NA,NA
"436","Varicella",2015,18,2214,"COL",NA,NA,NA,NA
"437","Varicella",2015,19,1984,"COL",NA,NA,NA,NA
"438","Varicella",2015,20,2223,"COL",NA,NA,NA,NA
"439","Varicella",2015,21,2235,"COL",NA,NA,NA,NA
"440","Varicella",2015,22,2065,"COL",NA,NA,NA,NA
"441","Varicella",2015,23,2126,"COL",NA,NA,NA,NA
"442","Varicella",2015,24,1922,"COL",NA,NA,NA,NA
"443","Varicella",2015,25,1833,"COL",NA,NA,NA,NA
"444","Varicella",2015,26,2001,"COL",NA,NA,NA,NA
"445","Varicella",2015,27,2226,"COL",NA,NA,NA,NA
"446","Varicella",2015,28,1946,"COL",NA,NA,NA,NA
"447","Varicella",2015,29,2138,"COL",NA,NA,NA,NA
"448","Varicella",2015,30,2161,"COL",NA,NA,NA,NA
"449","Varicella",2015,31,2249,"COL",NA,NA,NA,NA
"450","Varicella",2015,32,2432,"COL",NA,NA,NA,NA
"451","Varicella",2015,33,2498,"COL",NA,NA,NA,NA
"452","Varicella",2015,34,2608,"COL",NA,NA,NA,NA
"453","Varicella",2015,35,2621,"COL",NA,NA,NA,NA
"454","Varicella",2015,36,2768,"COL",NA,NA,NA,NA
"455","Varicella",2015,37,2812,"COL",NA,NA,NA,NA
"456","Varicella",2015,38,2758,"COL",NA,NA,NA,NA
"457","Varicella",2015,39,2658,"COL",NA,NA,NA,NA
"458","Varicella",2015,40,2562,"COL",NA,NA,NA,NA
"459","Varicella",2015,41,3001,"COL",NA,NA,NA,NA
"460","Varicella",2015,42,2641,"COL",NA,NA,NA,NA
"461","Varicella",2015,43,2720,"COL",NA,NA,NA,NA
"462","Varicella",2015,44,2757,"COL",NA,NA,NA,NA
"463","Varicella",2015,45,2690,"COL",NA,NA,NA,NA
"464","Varicella",2015,46,2536,"COL",NA,NA,NA,NA
"465","Varicella",2015,47,2033,"COL",NA,NA,NA,NA
"466","Varicella",2015,48,1995,"COL",NA,NA,NA,NA
"467","Varicella",2015,49,1661,"COL",NA,NA,NA,NA
"468","Varicella",2015,50,1566,"COL",NA,NA,NA,NA
"469","Varicella",2015,51,1349,"COL",NA,NA,NA,NA
"470","Varicella",2015,52,1246,"COL",NA,NA,NA,NA
"471","Varicella",2016,1,1275,"COL",NA,NA,NA,NA
"472","Varicella",2016,2,1198,"COL",NA,NA,NA,NA
"473","Varicella",2016,3,1234,"COL",NA,NA,NA,NA
"474","Varicella",2016,4,1099,"COL",NA,NA,NA,NA
"475","Varicella",2016,5,1274,"COL",NA,NA,NA,NA
"476","Varicella",2016,6,1251,"COL",NA,NA,NA,NA
"477","Varicella",2016,7,1404,"COL",NA,NA,NA,NA
"478","Varicella",2016,8,1436,"COL",NA,NA,NA,NA
"479","Varicella",2016,9,1597,"COL",NA,NA,NA,NA
"480","Varicella",2016,10,1609,"COL",NA,NA,NA,NA
"481","Varicella",2016,11,1432,"COL",NA,NA,NA,NA
"482","Varicella",2016,12,1542,"COL",NA,NA,NA,NA
"483","Varicella",2016,13,1900,"COL",NA,NA,NA,NA
"484","Varicella",2016,14,1694,"COL",NA,NA,NA,NA
"485","Varicella",2016,15,2136,"COL",NA,NA,NA,NA
"486","Varicella",2016,16,1766,"COL",NA,NA,NA,NA
"487","Varicella",2016,17,1966,"COL",NA,NA,NA,NA
"488","Varicella",2016,18,1927,"COL",NA,NA,NA,NA
"489","Varicella",2016,19,1905,"COL",NA,NA,NA,NA
"490","Varicella",2016,20,2078,"COL",NA,NA,NA,NA
"491","Varicella",2016,21,1828,"COL",NA,NA,NA,NA
"492","Varicella",2016,22,1883,"COL",NA,NA,NA,NA
"493","Varicella",2016,23,1649,"COL",NA,NA,NA,NA
"494","Varicella",2016,24,1573,"COL",NA,NA,NA,NA
"495","Varicella",2016,25,1487,"COL",NA,NA,NA,NA
"496","Varicella",2016,26,1531,"COL",NA,NA,NA,NA
"497","Varicella",2016,27,1614,"COL",NA,NA,NA,NA
"498","Varicella",2016,28,1590,"COL",NA,NA,NA,NA
"499","Varicella",2016,29,1556,"COL",NA,NA,NA,NA
"500","Varicella",2016,30,1541,"COL",NA,NA,NA,NA
"501","Varicella",2016,31,1873,"COL",NA,NA,NA,NA
"502","Varicella",2016,32,1641,"COL",NA,NA,NA,NA
"503","Varicella",2016,33,1863,"COL",NA,NA,NA,NA
"504","Varicella",2016,34,1786,"COL",NA,NA,NA,NA
"505","Varicella",2016,35,1974,"COL",NA,NA,NA,NA
"506","Varicella",2016,36,1995,"COL",NA,NA,NA,NA
"507","Varicella",2016,37,2085,"COL",NA,NA,NA,NA
"508","Varicella",2016,38,2239,"COL",NA,NA,NA,NA
"509","Varicella",2016,39,2297,"COL",NA,NA,NA,NA
"510","Varicella",2016,40,2152,"COL",NA,NA,NA,NA
"511","Varicella",2016,41,2030,"COL",NA,NA,NA,NA
"512","Varicella",2016,42,2537,"COL",NA,NA,NA,NA
"513","Varicella",2016,43,2002,"COL",NA,NA,NA,NA
"514","Varicella",2016,44,2234,"COL",NA,NA,NA,NA
"515","Varicella",2016,45,2054,"COL",NA,NA,NA,NA
"516","Varicella",2016,46,1969,"COL",NA,NA,NA,NA
"517","Varicella",2016,47,1628,"COL",NA,NA,NA,NA
"518","Varicella",2016,48,1498,"COL",NA,NA,NA,NA
"519","Varicella",2016,49,1349,"COL",NA,NA,NA,NA
"520","Varicella",2016,50,1237,"COL",NA,NA,NA,NA
"521","Varicella",2016,51,1100,"COL",NA,NA,NA,NA
"522","Varicella",2016,52,781,"COL",NA,NA,NA,NA
"523","Varicella",2017,1,1516,"COL",NA,NA,NA,NA
"524","Varicella",2017,2,1356,"COL",NA,NA,NA,NA
"525","Varicella",2017,3,1593,"COL",NA,NA,NA,NA
"526","Varicella",2017,4,1473,"COL",NA,NA,NA,NA
"527","Varicella",2017,5,1562,"COL",NA,NA,NA,NA
"528","Varicella",2017,6,1665,"COL",NA,NA,NA,NA
"529","Varicella",2017,7,1665,"COL",NA,NA,NA,NA
"530","Varicella",2017,8,1688,"COL",NA,NA,NA,NA
"531","Varicella",2017,9,1937,"COL",NA,NA,NA,NA
"532","Varicella",2017,10,2054,"COL",NA,NA,NA,NA
"533","Varicella",2017,11,1921,"COL",NA,NA,NA,NA
"534","Varicella",2017,12,2282,"COL",NA,NA,NA,NA
"535","Varicella",2017,13,2207,"COL",NA,NA,NA,NA
"536","Varicella",2017,14,2060,"COL",NA,NA,NA,NA
"537","Varicella",2017,15,1969,"COL",NA,NA,NA,NA
"538","Varicella",2017,16,2299,"COL",NA,NA,NA,NA
"539","Varicella",2017,17,1930,"COL",NA,NA,NA,NA
"540","Varicella",2017,18,2233,"COL",NA,NA,NA,NA
"541","Varicella",2017,19,1889,"COL",NA,NA,NA,NA
"542","Varicella",2017,20,2030,"COL",NA,NA,NA,NA
"543","Varicella",2017,21,1898,"COL",NA,NA,NA,NA
"544","Varicella",2017,22,1754,"COL",NA,NA,NA,NA
"545","Varicella",2017,23,1755,"COL",NA,NA,NA,NA
"546","Varicella",2017,24,1367,"COL",NA,NA,NA,NA
"547","Varicella",2017,25,1295,"COL",NA,NA,NA,NA
"548","Varicella",2017,26,1418,"COL",NA,NA,NA,NA
"549","Varicella",2017,27,1428,"COL",NA,NA,NA,NA
"550","Varicella",2017,28,1437,"COL",NA,NA,NA,NA
"551","Varicella",2017,29,1344,"COL",NA,NA,NA,NA
"552","Varicella",2017,30,1448,"COL",NA,NA,NA,NA
"553","Varicella",2017,31,1431,"COL",NA,NA,NA,NA
"554","Varicella",2017,32,1575,"COL",NA,NA,NA,NA
"555","Varicella",2017,33,1585,"COL",NA,NA,NA,NA
"556","Varicella",2017,34,1676,"COL",NA,NA,NA,NA
"557","Varicella",2017,35,1776,"COL",NA,NA,NA,NA
"558","Varicella",2017,36,1640,"COL",NA,NA,NA,NA
"559","Varicella",2017,37,1861,"COL",NA,NA,NA,NA
"560","Varicella",2017,38,1735,"COL",NA,NA,NA,NA
"561","Varicella",2017,39,1775,"COL",NA,NA,NA,NA
"562","Varicella",2017,40,1723,"COL",NA,NA,NA,NA
"563","Varicella",2017,41,1672,"COL",NA,NA,NA,NA
"564","Varicella",2017,42,2049,"COL",NA,NA,NA,NA
"565","Varicella",2017,43,1780,"COL",NA,NA,NA,NA
"566","Varicella",2017,44,1756,"COL",NA,NA,NA,NA
"567","Varicella",2017,45,1841,"COL",NA,NA,NA,NA
"568","Varicella",2017,46,1662,"COL",NA,NA,NA,NA
"569","Varicella",2017,47,1710,"COL",NA,NA,NA,NA
"570","Varicella",2017,48,1461,"COL",NA,NA,NA,NA
"571","Varicella",2017,49,1230,"COL",NA,NA,NA,NA
"572","Varicella",2017,50,1166,"COL",NA,NA,NA,NA
"573","Varicella",2017,51,911,"COL",NA,NA,NA,NA
"574","Varicella",2017,52,849,"COL",NA,NA,NA,NA
"575","Varicella",2018,1,1081,"COL",NA,NA,NA,NA
"576","Varicella",2018,2,1126,"COL",NA,NA,NA,NA
"577","Varicella",2018,3,1108,"COL",NA,NA,NA,NA
"578","Varicella",2018,4,1135,"COL",NA,NA,NA,NA
"579","Varicella",2018,5,1249,"COL",NA,NA,NA,NA
"580","Varicella",2018,6,1360,"COL",NA,NA,NA,NA
"581","Varicella",2018,7,1287,"COL",NA,NA,NA,NA
"582","Varicella",2018,8,1387,"COL",NA,NA,NA,NA
"583","Varicella",2018,9,1477,"COL",NA,NA,NA,NA
"584","Varicella",2018,10,1690,"COL",NA,NA,NA,NA
"585","Varicella",2018,11,1755,"COL",NA,NA,NA,NA
"586","Varicella",2018,12,1894,"COL",NA,NA,NA,NA
"587","Varicella",2018,13,1633,"COL",NA,NA,NA,NA
"588","Varicella",2018,14,2154,"COL",NA,NA,NA,NA
"589","Varicella",2018,15,1882,"COL",NA,NA,NA,NA
"590","Varicella",2018,16,2190,"COL",NA,NA,NA,NA
"591","Varicella",2018,17,1931,"COL",NA,NA,NA,NA
"592","Varicella",2018,18,2060,"COL",NA,NA,NA,NA
"593","Varicella",2018,19,1902,"COL",NA,NA,NA,NA
"594","Varicella",2018,20,1933,"COL",NA,NA,NA,NA
"595","Varicella",2018,21,2055,"COL",NA,NA,NA,NA
"596","Varicella",2018,22,1811,"COL",NA,NA,NA,NA
"597","Varicella",2018,23,1769,"COL",NA,NA,NA,NA
"598","Varicella",2018,24,1562,"COL",NA,NA,NA,NA
"599","Varicella",2018,25,1289,"COL",NA,NA,NA,NA
"600","Varicella",2018,26,1206,"COL",NA,NA,NA,NA
"601","Varicella",2018,27,1310,"COL",NA,NA,NA,NA
"602","Varicella",2018,28,1348,"COL",NA,NA,NA,NA
"603","Varicella",2018,29,1215,"COL",NA,NA,NA,NA
"604","Varicella",2018,30,1258,"COL",NA,NA,NA,NA
"605","Varicella",2018,31,1264,"COL",NA,NA,NA,NA
"606","Varicella",2018,32,1339,"COL",NA,NA,NA,NA
"607","Varicella",2018,33,1353,"COL",NA,NA,NA,NA
"608","Varicella",2018,34,1378,"COL",NA,NA,NA,NA
"609","Varicella",2018,35,1491,"COL",NA,NA,NA,NA
"610","Varicella",2018,36,1423,"COL",NA,NA,NA,NA
"611","Varicella",2018,37,1510,"COL",NA,NA,NA,NA
"612","Varicella",2018,38,1534,"COL",NA,NA,NA,NA
"613","Varicella",2018,39,1592,"COL",NA,NA,NA,NA
"614","Varicella",2018,40,1492,"COL",NA,NA,NA,NA
"615","Varicella",2018,41,1438,"COL",NA,NA,NA,NA
"616","Varicella",2018,42,1759,"COL",NA,NA,NA,NA
"617","Varicella",2018,43,1450,"COL",NA,NA,NA,NA
"618","Varicella",2018,44,1553,"COL",NA,NA,NA,NA
"619","Varicella",2018,45,1354,"COL",NA,NA,NA,NA
"620","Varicella",2018,46,1421,"COL",NA,NA,NA,NA
"621","Varicella",2018,47,1328,"COL",NA,NA,NA,NA
"622","Varicella",2018,48,1105,"COL",NA,NA,NA,NA
"623","Varicella",2018,49,981,"COL",NA,NA,NA,NA
"624","Varicella",2018,50,979,"COL",NA,NA,NA,NA
"625","Varicella",2018,51,799,"COL",NA,NA,NA,NA
"626","Varicella",2018,52,747,"COL",NA,NA,NA,NA
"627","Varicella",2019,1,588,"COL",NA,NA,NA,NA
"628","Varicella",2019,2,729,"COL",NA,NA,NA,NA
"629","Varicella",2019,3,770,"COL",NA,NA,NA,NA
"630","Varicella",2019,4,811,"COL",NA,NA,NA,NA
"631","Varicella",2019,5,770,"COL",NA,NA,NA,NA
"632","Varicella",2019,6,790,"COL",NA,NA,NA,NA
"633","Varicella",2019,7,820,"COL",NA,NA,NA,NA
"634","Varicella",2019,8,893,"COL",NA,NA,NA,NA
"635","Varicella",2019,9,916,"COL",NA,NA,NA,NA
"636","Varicella",2019,10,1021,"COL",NA,NA,NA,NA
"637","Varicella",2019,11,1058,"COL",NA,NA,NA,NA
"638","Varicella",2019,12,979,"COL",NA,NA,NA,NA
"639","Varicella",2019,13,1104,"COL",NA,NA,NA,NA
"640","Varicella",2019,14,1102,"COL",NA,NA,NA,NA
"641","Varicella",2019,15,1004,"COL",NA,NA,NA,NA
"642","Varicella",2019,16,990,"COL",NA,NA,NA,NA
"643","Varicella",2019,17,1042,"COL",NA,NA,NA,NA
"644","Varicella",2019,18,985,"COL",NA,NA,NA,NA
"645","Varicella",2019,19,1148,"COL",NA,NA,NA,NA
"646","Varicella",2019,20,1100,"COL",NA,NA,NA,NA
"647","Varicella",2019,21,1239,"COL",NA,NA,NA,NA
"648","Varicella",2019,22,1110,"COL",NA,NA,NA,NA
"649","Varicella",2019,23,1078,"COL",NA,NA,NA,NA
"650","Varicella",2019,24,944,"COL",NA,NA,NA,NA
"651","Varicella",2019,25,814,"COL",NA,NA,NA,NA
"652","Varicella",2019,26,763,"COL",NA,NA,NA,NA
"653","Varicella",2019,27,960,"COL",NA,NA,NA,NA
"654","Varicella",2019,28,918,"COL",NA,NA,NA,NA
"655","Varicella",2019,29,854,"COL",NA,NA,NA,NA
"656","Varicella",2019,30,935,"COL",NA,NA,NA,NA
"657","Varicella",2019,31,815,"COL",NA,NA,NA,NA
"658","Varicella",2019,32,889,"COL",NA,NA,NA,NA
"659","Varicella",2019,33,777,"COL",NA,NA,NA,NA
"660","Varicella",2019,34,781,"COL",NA,NA,NA,NA
"661","Varicella",2019,35,816,"COL",NA,NA,NA,NA
"662","Varicella",2019,36,835,"COL",NA,NA,NA,NA
"663","Varicella",2019,37,940,"COL",NA,NA,NA,NA
"664","Varicella",2019,38,892,"COL",NA,NA,NA,NA
"665","Varicella",2019,39,881,"COL",NA,NA,NA,NA
"666","Varicella",2019,40,857,"COL",NA,NA,NA,NA
"667","Varicella",2019,41,848,"COL",NA,NA,NA,NA
"668","Varicella",2019,42,896,"COL",NA,NA,NA,NA
"669","Varicella",2019,43,811,"COL",NA,NA,NA,NA
"670","Varicella",2019,44,832,"COL",NA,NA,NA,NA
"671","Varicella",2019,45,803,"COL",NA,NA,NA,NA
"672","Varicella",2019,46,833,"COL",NA,NA,NA,NA
"673","Varicella",2019,47,688,"COL",NA,NA,NA,NA
"674","Varicella",2019,48,622,"COL",NA,NA,NA,NA
"675","Varicella",2019,49,642,"COL",NA,NA,NA,NA
"676","Varicella",2019,50,584,"COL",NA,NA,NA,NA
"677","Varicella",2019,51,511,"COL",NA,NA,NA,NA
"678","Varicella",2019,52,269,"COL",NA,NA,NA,NA
