"","Disease","EpiYear","EpiWeek","Incidence","ADM0","ADM1","ADM2","NA","NA"
"1","Pertussis",2007,1,3,"COL",NA,NA,NA,NA
"2","Pertussis",2007,2,4,"COL",NA,NA,NA,NA
"3","Pertussis",2007,3,1,"COL",NA,NA,NA,NA
"4","Pertussis",2007,4,1,"COL",NA,NA,NA,NA
"5","Pertussis",2007,5,3,"COL",NA,NA,NA,NA
"6","Pertussis",2007,6,4,"COL",NA,NA,NA,NA
"7","Pertussis",2007,7,2,"COL",NA,NA,NA,NA
"8","Pertussis",2007,8,3,"COL",NA,NA,NA,NA
"9","Pertussis",2007,9,2,"COL",NA,NA,NA,NA
"10","Pertussis",2007,10,0,"COL",NA,NA,NA,NA
"11","Pertussis",2007,11,1,"COL",NA,NA,NA,NA
"12","Pertussis",2007,12,1,"COL",NA,NA,NA,NA
"13","Pertussis",2007,13,3,"COL",NA,NA,NA,NA
"14","Pertussis",2007,14,3,"COL",NA,NA,NA,NA
"15","Pertussis",2007,15,4,"COL",NA,NA,NA,NA
"16","Pertussis",2007,16,6,"COL",NA,NA,NA,NA
"17","Pertussis",2007,17,8,"COL",NA,NA,NA,NA
"18","Pertussis",2007,18,5,"COL",NA,NA,NA,NA
"19","Pertussis",2007,19,4,"COL",NA,NA,NA,NA
"20","Pertussis",2007,20,3,"COL",NA,NA,NA,NA
"21","Pertussis",2007,21,3,"COL",NA,NA,NA,NA
"22","Pertussis",2007,22,1,"COL",NA,NA,NA,NA
"23","Pertussis",2007,23,4,"COL",NA,NA,NA,NA
"24","Pertussis",2007,24,0,"COL",NA,NA,NA,NA
"25","Pertussis",2007,25,3,"COL",NA,NA,NA,NA
"26","Pertussis",2007,26,3,"COL",NA,NA,NA,NA
"27","Pertussis",2007,27,4,"COL",NA,NA,NA,NA
"28","Pertussis",2007,28,5,"COL",NA,NA,NA,NA
"29","Pertussis",2007,29,4,"COL",NA,NA,NA,NA
"30","Pertussis",2007,30,3,"COL",NA,NA,NA,NA
"31","Pertussis",2007,31,17,"COL",NA,NA,NA,NA
"32","Pertussis",2007,32,20,"COL",NA,NA,NA,NA
"33","Pertussis",2007,33,6,"COL",NA,NA,NA,NA
"34","Pertussis",2007,34,2,"COL",NA,NA,NA,NA
"35","Pertussis",2007,35,5,"COL",NA,NA,NA,NA
"36","Pertussis",2007,36,3,"COL",NA,NA,NA,NA
"37","Pertussis",2007,37,6,"COL",NA,NA,NA,NA
"38","Pertussis",2007,38,2,"COL",NA,NA,NA,NA
"39","Pertussis",2007,39,3,"COL",NA,NA,NA,NA
"40","Pertussis",2007,40,6,"COL",NA,NA,NA,NA
"41","Pertussis",2007,41,8,"COL",NA,NA,NA,NA
"42","Pertussis",2007,42,3,"COL",NA,NA,NA,NA
"43","Pertussis",2007,43,6,"COL",NA,NA,NA,NA
"44","Pertussis",2007,44,3,"COL",NA,NA,NA,NA
"45","Pertussis",2007,45,2,"COL",NA,NA,NA,NA
"46","Pertussis",2007,46,0,"COL",NA,NA,NA,NA
"47","Pertussis",2007,47,2,"COL",NA,NA,NA,NA
"48","Pertussis",2007,48,4,"COL",NA,NA,NA,NA
"49","Pertussis",2007,49,5,"COL",NA,NA,NA,NA
"50","Pertussis",2007,50,4,"COL",NA,NA,NA,NA
"51","Pertussis",2007,51,2,"COL",NA,NA,NA,NA
"52","Pertussis",2007,52,1,"COL",NA,NA,NA,NA
"53","Pertussis",2008,1,7,"COL",NA,NA,NA,NA
"54","Pertussis",2008,2,6,"COL",NA,NA,NA,NA
"55","Pertussis",2008,3,8,"COL",NA,NA,NA,NA
"56","Pertussis",2008,4,9,"COL",NA,NA,NA,NA
"57","Pertussis",2008,5,10,"COL",NA,NA,NA,NA
"58","Pertussis",2008,6,7,"COL",NA,NA,NA,NA
"59","Pertussis",2008,7,7,"COL",NA,NA,NA,NA
"60","Pertussis",2008,8,4,"COL",NA,NA,NA,NA
"61","Pertussis",2008,9,5,"COL",NA,NA,NA,NA
"62","Pertussis",2008,10,7,"COL",NA,NA,NA,NA
"63","Pertussis",2008,11,9,"COL",NA,NA,NA,NA
"64","Pertussis",2008,12,14,"COL",NA,NA,NA,NA
"65","Pertussis",2008,13,7,"COL",NA,NA,NA,NA
"66","Pertussis",2008,14,7,"COL",NA,NA,NA,NA
"67","Pertussis",2008,15,1,"COL",NA,NA,NA,NA
"68","Pertussis",2008,16,3,"COL",NA,NA,NA,NA
"69","Pertussis",2008,17,2,"COL",NA,NA,NA,NA
"70","Pertussis",2008,18,5,"COL",NA,NA,NA,NA
"71","Pertussis",2008,19,7,"COL",NA,NA,NA,NA
"72","Pertussis",2008,20,7,"COL",NA,NA,NA,NA
"73","Pertussis",2008,21,4,"COL",NA,NA,NA,NA
"74","Pertussis",2008,22,10,"COL",NA,NA,NA,NA
"75","Pertussis",2008,23,10,"COL",NA,NA,NA,NA
"76","Pertussis",2008,24,6,"COL",NA,NA,NA,NA
"77","Pertussis",2008,25,10,"COL",NA,NA,NA,NA
"78","Pertussis",2008,26,2,"COL",NA,NA,NA,NA
"79","Pertussis",2008,27,7,"COL",NA,NA,NA,NA
"80","Pertussis",2008,28,4,"COL",NA,NA,NA,NA
"81","Pertussis",2008,29,6,"COL",NA,NA,NA,NA
"82","Pertussis",2008,30,3,"COL",NA,NA,NA,NA
"83","Pertussis",2008,31,8,"COL",NA,NA,NA,NA
"84","Pertussis",2008,32,1,"COL",NA,NA,NA,NA
"85","Pertussis",2008,33,4,"COL",NA,NA,NA,NA
"86","Pertussis",2008,34,19,"COL",NA,NA,NA,NA
"87","Pertussis",2008,35,7,"COL",NA,NA,NA,NA
"88","Pertussis",2008,36,10,"COL",NA,NA,NA,NA
"89","Pertussis",2008,37,12,"COL",NA,NA,NA,NA
"90","Pertussis",2008,38,3,"COL",NA,NA,NA,NA
"91","Pertussis",2008,39,6,"COL",NA,NA,NA,NA
"92","Pertussis",2008,40,8,"COL",NA,NA,NA,NA
"93","Pertussis",2008,41,11,"COL",NA,NA,NA,NA
"94","Pertussis",2008,42,5,"COL",NA,NA,NA,NA
"95","Pertussis",2008,43,9,"COL",NA,NA,NA,NA
"96","Pertussis",2008,44,6,"COL",NA,NA,NA,NA
"97","Pertussis",2008,45,4,"COL",NA,NA,NA,NA
"98","Pertussis",2008,46,3,"COL",NA,NA,NA,NA
"99","Pertussis",2008,47,3,"COL",NA,NA,NA,NA
"100","Pertussis",2008,48,5,"COL",NA,NA,NA,NA
"101","Pertussis",2008,49,4,"COL",NA,NA,NA,NA
"102","Pertussis",2008,50,4,"COL",NA,NA,NA,NA
"103","Pertussis",2008,51,14,"COL",NA,NA,NA,NA
"104","Pertussis",2008,52,6,"COL",NA,NA,NA,NA
"105","Pertussis",2008,53,5,"COL",NA,NA,NA,NA
"106","Pertussis",2009,1,7,"COL",NA,NA,NA,NA
"107","Pertussis",2009,2,10,"COL",NA,NA,NA,NA
"108","Pertussis",2009,3,3,"COL",NA,NA,NA,NA
"109","Pertussis",2009,4,11,"COL",NA,NA,NA,NA
"110","Pertussis",2009,5,9,"COL",NA,NA,NA,NA
"111","Pertussis",2009,6,11,"COL",NA,NA,NA,NA
"112","Pertussis",2009,7,7,"COL",NA,NA,NA,NA
"113","Pertussis",2009,8,9,"COL",NA,NA,NA,NA
"114","Pertussis",2009,9,13,"COL",NA,NA,NA,NA
"115","Pertussis",2009,10,11,"COL",NA,NA,NA,NA
"116","Pertussis",2009,11,4,"COL",NA,NA,NA,NA
"117","Pertussis",2009,12,13,"COL",NA,NA,NA,NA
"118","Pertussis",2009,13,8,"COL",NA,NA,NA,NA
"119","Pertussis",2009,14,13,"COL",NA,NA,NA,NA
"120","Pertussis",2009,15,16,"COL",NA,NA,NA,NA
"121","Pertussis",2009,16,14,"COL",NA,NA,NA,NA
"122","Pertussis",2009,17,5,"COL",NA,NA,NA,NA
"123","Pertussis",2009,18,17,"COL",NA,NA,NA,NA
"124","Pertussis",2009,19,20,"COL",NA,NA,NA,NA
"125","Pertussis",2009,20,13,"COL",NA,NA,NA,NA
"126","Pertussis",2009,21,9,"COL",NA,NA,NA,NA
"127","Pertussis",2009,22,9,"COL",NA,NA,NA,NA
"128","Pertussis",2009,23,6,"COL",NA,NA,NA,NA
"129","Pertussis",2009,24,13,"COL",NA,NA,NA,NA
"130","Pertussis",2009,25,8,"COL",NA,NA,NA,NA
"131","Pertussis",2009,26,2,"COL",NA,NA,NA,NA
"132","Pertussis",2009,27,10,"COL",NA,NA,NA,NA
"133","Pertussis",2009,28,5,"COL",NA,NA,NA,NA
"134","Pertussis",2009,29,5,"COL",NA,NA,NA,NA
"135","Pertussis",2009,30,8,"COL",NA,NA,NA,NA
"136","Pertussis",2009,31,6,"COL",NA,NA,NA,NA
"137","Pertussis",2009,32,5,"COL",NA,NA,NA,NA
"138","Pertussis",2009,33,12,"COL",NA,NA,NA,NA
"139","Pertussis",2009,34,7,"COL",NA,NA,NA,NA
"140","Pertussis",2009,35,11,"COL",NA,NA,NA,NA
"141","Pertussis",2009,36,9,"COL",NA,NA,NA,NA
"142","Pertussis",2009,37,8,"COL",NA,NA,NA,NA
"143","Pertussis",2009,38,7,"COL",NA,NA,NA,NA
"144","Pertussis",2009,39,11,"COL",NA,NA,NA,NA
"145","Pertussis",2009,40,7,"COL",NA,NA,NA,NA
"146","Pertussis",2009,41,7,"COL",NA,NA,NA,NA
"147","Pertussis",2009,42,7,"COL",NA,NA,NA,NA
"148","Pertussis",2009,43,2,"COL",NA,NA,NA,NA
"149","Pertussis",2009,44,2,"COL",NA,NA,NA,NA
"150","Pertussis",2009,45,6,"COL",NA,NA,NA,NA
"151","Pertussis",2009,46,7,"COL",NA,NA,NA,NA
"152","Pertussis",2009,47,8,"COL",NA,NA,NA,NA
"153","Pertussis",2009,48,5,"COL",NA,NA,NA,NA
"154","Pertussis",2009,49,2,"COL",NA,NA,NA,NA
"155","Pertussis",2009,50,4,"COL",NA,NA,NA,NA
"156","Pertussis",2009,51,4,"COL",NA,NA,NA,NA
"157","Pertussis",2009,52,3,"COL",NA,NA,NA,NA
"158","Pertussis",2010,1,7,"COL",NA,NA,NA,NA
"159","Pertussis",2010,2,7,"COL",NA,NA,NA,NA
"160","Pertussis",2010,3,6,"COL",NA,NA,NA,NA
"161","Pertussis",2010,4,3,"COL",NA,NA,NA,NA
"162","Pertussis",2010,5,6,"COL",NA,NA,NA,NA
"163","Pertussis",2010,6,4,"COL",NA,NA,NA,NA
"164","Pertussis",2010,7,9,"COL",NA,NA,NA,NA
"165","Pertussis",2010,8,10,"COL",NA,NA,NA,NA
"166","Pertussis",2010,9,17,"COL",NA,NA,NA,NA
"167","Pertussis",2010,10,13,"COL",NA,NA,NA,NA
"168","Pertussis",2010,11,12,"COL",NA,NA,NA,NA
"169","Pertussis",2010,12,12,"COL",NA,NA,NA,NA
"170","Pertussis",2010,13,8,"COL",NA,NA,NA,NA
"171","Pertussis",2010,14,10,"COL",NA,NA,NA,NA
"172","Pertussis",2010,15,9,"COL",NA,NA,NA,NA
"173","Pertussis",2010,16,9,"COL",NA,NA,NA,NA
"174","Pertussis",2010,17,6,"COL",NA,NA,NA,NA
"175","Pertussis",2010,18,7,"COL",NA,NA,NA,NA
"176","Pertussis",2010,19,8,"COL",NA,NA,NA,NA
"177","Pertussis",2010,20,7,"COL",NA,NA,NA,NA
"178","Pertussis",2010,21,9,"COL",NA,NA,NA,NA
"179","Pertussis",2010,22,10,"COL",NA,NA,NA,NA
"180","Pertussis",2010,23,12,"COL",NA,NA,NA,NA
"181","Pertussis",2010,24,4,"COL",NA,NA,NA,NA
"182","Pertussis",2010,25,5,"COL",NA,NA,NA,NA
"183","Pertussis",2010,26,9,"COL",NA,NA,NA,NA
"184","Pertussis",2010,27,4,"COL",NA,NA,NA,NA
"185","Pertussis",2010,28,8,"COL",NA,NA,NA,NA
"186","Pertussis",2010,29,5,"COL",NA,NA,NA,NA
"187","Pertussis",2010,30,4,"COL",NA,NA,NA,NA
"188","Pertussis",2010,31,9,"COL",NA,NA,NA,NA
"189","Pertussis",2010,32,3,"COL",NA,NA,NA,NA
"190","Pertussis",2010,33,6,"COL",NA,NA,NA,NA
"191","Pertussis",2010,34,5,"COL",NA,NA,NA,NA
"192","Pertussis",2010,35,5,"COL",NA,NA,NA,NA
"193","Pertussis",2010,36,5,"COL",NA,NA,NA,NA
"194","Pertussis",2010,37,4,"COL",NA,NA,NA,NA
"195","Pertussis",2010,38,6,"COL",NA,NA,NA,NA
"196","Pertussis",2010,39,8,"COL",NA,NA,NA,NA
"197","Pertussis",2010,40,6,"COL",NA,NA,NA,NA
"198","Pertussis",2010,41,4,"COL",NA,NA,NA,NA
"199","Pertussis",2010,42,4,"COL",NA,NA,NA,NA
"200","Pertussis",2010,43,13,"COL",NA,NA,NA,NA
"201","Pertussis",2010,44,8,"COL",NA,NA,NA,NA
"202","Pertussis",2010,45,12,"COL",NA,NA,NA,NA
"203","Pertussis",2010,46,5,"COL",NA,NA,NA,NA
"204","Pertussis",2010,47,8,"COL",NA,NA,NA,NA
"205","Pertussis",2010,48,13,"COL",NA,NA,NA,NA
"206","Pertussis",2010,49,8,"COL",NA,NA,NA,NA
"207","Pertussis",2010,50,12,"COL",NA,NA,NA,NA
"208","Pertussis",2010,51,10,"COL",NA,NA,NA,NA
"209","Pertussis",2010,52,6,"COL",NA,NA,NA,NA
"210","Pertussis",2011,1,43,"COL",NA,NA,NA,NA
"211","Pertussis",2011,2,55,"COL",NA,NA,NA,NA
"212","Pertussis",2011,3,51,"COL",NA,NA,NA,NA
"213","Pertussis",2011,4,46,"COL",NA,NA,NA,NA
"214","Pertussis",2011,5,34,"COL",NA,NA,NA,NA
"215","Pertussis",2011,6,54,"COL",NA,NA,NA,NA
"216","Pertussis",2011,7,46,"COL",NA,NA,NA,NA
"217","Pertussis",2011,8,49,"COL",NA,NA,NA,NA
"218","Pertussis",2011,9,77,"COL",NA,NA,NA,NA
"219","Pertussis",2011,10,73,"COL",NA,NA,NA,NA
"220","Pertussis",2011,11,82,"COL",NA,NA,NA,NA
"221","Pertussis",2011,12,81,"COL",NA,NA,NA,NA
"222","Pertussis",2011,13,96,"COL",NA,NA,NA,NA
"223","Pertussis",2011,14,88,"COL",NA,NA,NA,NA
"224","Pertussis",2011,15,82,"COL",NA,NA,NA,NA
"225","Pertussis",2011,16,90,"COL",NA,NA,NA,NA
"226","Pertussis",2011,17,68,"COL",NA,NA,NA,NA
"227","Pertussis",2011,18,78,"COL",NA,NA,NA,NA
"228","Pertussis",2011,19,70,"COL",NA,NA,NA,NA
"229","Pertussis",2011,20,93,"COL",NA,NA,NA,NA
"230","Pertussis",2011,21,88,"COL",NA,NA,NA,NA
"231","Pertussis",2011,22,110,"COL",NA,NA,NA,NA
"232","Pertussis",2011,23,82,"COL",NA,NA,NA,NA
"233","Pertussis",2011,24,107,"COL",NA,NA,NA,NA
"234","Pertussis",2011,25,62,"COL",NA,NA,NA,NA
"235","Pertussis",2011,26,79,"COL",NA,NA,NA,NA
"236","Pertussis",2011,27,59,"COL",NA,NA,NA,NA
"237","Pertussis",2011,28,65,"COL",NA,NA,NA,NA
"238","Pertussis",2011,29,79,"COL",NA,NA,NA,NA
"239","Pertussis",2011,30,82,"COL",NA,NA,NA,NA
"240","Pertussis",2011,31,53,"COL",NA,NA,NA,NA
"241","Pertussis",2011,32,58,"COL",NA,NA,NA,NA
"242","Pertussis",2011,33,66,"COL",NA,NA,NA,NA
"243","Pertussis",2011,34,51,"COL",NA,NA,NA,NA
"244","Pertussis",2011,35,45,"COL",NA,NA,NA,NA
"245","Pertussis",2011,36,65,"COL",NA,NA,NA,NA
"246","Pertussis",2011,37,62,"COL",NA,NA,NA,NA
"247","Pertussis",2011,38,57,"COL",NA,NA,NA,NA
"248","Pertussis",2011,39,52,"COL",NA,NA,NA,NA
"249","Pertussis",2011,40,48,"COL",NA,NA,NA,NA
"250","Pertussis",2011,41,63,"COL",NA,NA,NA,NA
"251","Pertussis",2011,42,45,"COL",NA,NA,NA,NA
"252","Pertussis",2011,43,59,"COL",NA,NA,NA,NA
"253","Pertussis",2011,44,69,"COL",NA,NA,NA,NA
"254","Pertussis",2011,45,69,"COL",NA,NA,NA,NA
"255","Pertussis",2011,46,65,"COL",NA,NA,NA,NA
"256","Pertussis",2011,47,79,"COL",NA,NA,NA,NA
"257","Pertussis",2011,48,83,"COL",NA,NA,NA,NA
"258","Pertussis",2011,49,96,"COL",NA,NA,NA,NA
"259","Pertussis",2011,50,69,"COL",NA,NA,NA,NA
"260","Pertussis",2011,51,71,"COL",NA,NA,NA,NA
"261","Pertussis",2011,52,79,"COL",NA,NA,NA,NA
"262","Pertussis",2012,1,63,"COL",NA,NA,NA,NA
"263","Pertussis",2012,2,53,"COL",NA,NA,NA,NA
"264","Pertussis",2012,3,77,"COL",NA,NA,NA,NA
"265","Pertussis",2012,4,51,"COL",NA,NA,NA,NA
"266","Pertussis",2012,5,79,"COL",NA,NA,NA,NA
"267","Pertussis",2012,6,87,"COL",NA,NA,NA,NA
"268","Pertussis",2012,7,85,"COL",NA,NA,NA,NA
"269","Pertussis",2012,8,117,"COL",NA,NA,NA,NA
"270","Pertussis",2012,9,279,"COL",NA,NA,NA,NA
"271","Pertussis",2012,10,322,"COL",NA,NA,NA,NA
"272","Pertussis",2012,11,101,"COL",NA,NA,NA,NA
"273","Pertussis",2012,12,100,"COL",NA,NA,NA,NA
"274","Pertussis",2012,13,76,"COL",NA,NA,NA,NA
"275","Pertussis",2012,14,85,"COL",NA,NA,NA,NA
"276","Pertussis",2012,15,96,"COL",NA,NA,NA,NA
"277","Pertussis",2012,16,75,"COL",NA,NA,NA,NA
"278","Pertussis",2012,17,87,"COL",NA,NA,NA,NA
"279","Pertussis",2012,18,101,"COL",NA,NA,NA,NA
"280","Pertussis",2012,19,112,"COL",NA,NA,NA,NA
"281","Pertussis",2012,20,68,"COL",NA,NA,NA,NA
"282","Pertussis",2012,21,87,"COL",NA,NA,NA,NA
"283","Pertussis",2012,22,74,"COL",NA,NA,NA,NA
"284","Pertussis",2012,23,48,"COL",NA,NA,NA,NA
"285","Pertussis",2012,24,63,"COL",NA,NA,NA,NA
"286","Pertussis",2012,25,72,"COL",NA,NA,NA,NA
"287","Pertussis",2012,26,56,"COL",NA,NA,NA,NA
"288","Pertussis",2012,27,61,"COL",NA,NA,NA,NA
"289","Pertussis",2012,28,61,"COL",NA,NA,NA,NA
"290","Pertussis",2012,29,60,"COL",NA,NA,NA,NA
"291","Pertussis",2012,30,57,"COL",NA,NA,NA,NA
"292","Pertussis",2012,31,53,"COL",NA,NA,NA,NA
"293","Pertussis",2012,32,62,"COL",NA,NA,NA,NA
"294","Pertussis",2012,33,56,"COL",NA,NA,NA,NA
"295","Pertussis",2012,34,49,"COL",NA,NA,NA,NA
"296","Pertussis",2012,35,70,"COL",NA,NA,NA,NA
"297","Pertussis",2012,36,48,"COL",NA,NA,NA,NA
"298","Pertussis",2012,37,49,"COL",NA,NA,NA,NA
"299","Pertussis",2012,38,62,"COL",NA,NA,NA,NA
"300","Pertussis",2012,39,48,"COL",NA,NA,NA,NA
"301","Pertussis",2012,40,62,"COL",NA,NA,NA,NA
"302","Pertussis",2012,41,60,"COL",NA,NA,NA,NA
"303","Pertussis",2012,42,60,"COL",NA,NA,NA,NA
"304","Pertussis",2012,43,51,"COL",NA,NA,NA,NA
"305","Pertussis",2012,44,58,"COL",NA,NA,NA,NA
"306","Pertussis",2012,45,66,"COL",NA,NA,NA,NA
"307","Pertussis",2012,46,58,"COL",NA,NA,NA,NA
"308","Pertussis",2012,47,62,"COL",NA,NA,NA,NA
"309","Pertussis",2012,48,54,"COL",NA,NA,NA,NA
"310","Pertussis",2012,49,40,"COL",NA,NA,NA,NA
"311","Pertussis",2012,50,35,"COL",NA,NA,NA,NA
"312","Pertussis",2012,51,60,"COL",NA,NA,NA,NA
"313","Pertussis",2012,52,42,"COL",NA,NA,NA,NA
"314","Pertussis",2013,1,57,"COL",NA,NA,NA,NA
"315","Pertussis",2013,2,46,"COL",NA,NA,NA,NA
"316","Pertussis",2013,3,52,"COL",NA,NA,NA,NA
"317","Pertussis",2013,4,47,"COL",NA,NA,NA,NA
"318","Pertussis",2013,5,46,"COL",NA,NA,NA,NA
"319","Pertussis",2013,6,62,"COL",NA,NA,NA,NA
"320","Pertussis",2013,7,74,"COL",NA,NA,NA,NA
"321","Pertussis",2013,8,58,"COL",NA,NA,NA,NA
"322","Pertussis",2013,9,54,"COL",NA,NA,NA,NA
"323","Pertussis",2013,10,63,"COL",NA,NA,NA,NA
"324","Pertussis",2013,11,62,"COL",NA,NA,NA,NA
"325","Pertussis",2013,12,51,"COL",NA,NA,NA,NA
"326","Pertussis",2013,13,71,"COL",NA,NA,NA,NA
"327","Pertussis",2013,14,83,"COL",NA,NA,NA,NA
"328","Pertussis",2013,15,93,"COL",NA,NA,NA,NA
"329","Pertussis",2013,16,123,"COL",NA,NA,NA,NA
"330","Pertussis",2013,17,137,"COL",NA,NA,NA,NA
"331","Pertussis",2013,18,216,"COL",NA,NA,NA,NA
"332","Pertussis",2013,19,210,"COL",NA,NA,NA,NA
"333","Pertussis",2013,20,232,"COL",NA,NA,NA,NA
"334","Pertussis",2013,21,190,"COL",NA,NA,NA,NA
"335","Pertussis",2013,22,180,"COL",NA,NA,NA,NA
"336","Pertussis",2013,23,90,"COL",NA,NA,NA,NA
"337","Pertussis",2013,24,69,"COL",NA,NA,NA,NA
"338","Pertussis",2013,25,54,"COL",NA,NA,NA,NA
"339","Pertussis",2013,26,36,"COL",NA,NA,NA,NA
"340","Pertussis",2013,27,44,"COL",NA,NA,NA,NA
"341","Pertussis",2013,28,31,"COL",NA,NA,NA,NA
"342","Pertussis",2013,29,33,"COL",NA,NA,NA,NA
"343","Pertussis",2013,30,27,"COL",NA,NA,NA,NA
"344","Pertussis",2013,31,15,"COL",NA,NA,NA,NA
"345","Pertussis",2013,32,24,"COL",NA,NA,NA,NA
"346","Pertussis",2013,33,15,"COL",NA,NA,NA,NA
"347","Pertussis",2013,34,18,"COL",NA,NA,NA,NA
"348","Pertussis",2013,35,21,"COL",NA,NA,NA,NA
"349","Pertussis",2013,36,27,"COL",NA,NA,NA,NA
"350","Pertussis",2013,37,17,"COL",NA,NA,NA,NA
"351","Pertussis",2013,38,26,"COL",NA,NA,NA,NA
"352","Pertussis",2013,39,20,"COL",NA,NA,NA,NA
"353","Pertussis",2013,40,22,"COL",NA,NA,NA,NA
"354","Pertussis",2013,41,14,"COL",NA,NA,NA,NA
"355","Pertussis",2013,42,15,"COL",NA,NA,NA,NA
"356","Pertussis",2013,43,8,"COL",NA,NA,NA,NA
"357","Pertussis",2013,44,21,"COL",NA,NA,NA,NA
"358","Pertussis",2013,45,13,"COL",NA,NA,NA,NA
"359","Pertussis",2013,46,25,"COL",NA,NA,NA,NA
"360","Pertussis",2013,47,21,"COL",NA,NA,NA,NA
"361","Pertussis",2013,48,18,"COL",NA,NA,NA,NA
"362","Pertussis",2013,49,22,"COL",NA,NA,NA,NA
"363","Pertussis",2013,50,15,"COL",NA,NA,NA,NA
"364","Pertussis",2013,51,12,"COL",NA,NA,NA,NA
"365","Pertussis",2013,52,8,"COL",NA,NA,NA,NA
"366","Pertussis",2014,1,13,"COL",NA,NA,NA,NA
"367","Pertussis",2014,2,19,"COL",NA,NA,NA,NA
"368","Pertussis",2014,3,10,"COL",NA,NA,NA,NA
"369","Pertussis",2014,4,16,"COL",NA,NA,NA,NA
"370","Pertussis",2014,5,14,"COL",NA,NA,NA,NA
"371","Pertussis",2014,6,14,"COL",NA,NA,NA,NA
"372","Pertussis",2014,7,21,"COL",NA,NA,NA,NA
"373","Pertussis",2014,8,22,"COL",NA,NA,NA,NA
"374","Pertussis",2014,9,18,"COL",NA,NA,NA,NA
"375","Pertussis",2014,10,16,"COL",NA,NA,NA,NA
"376","Pertussis",2014,11,15,"COL",NA,NA,NA,NA
"377","Pertussis",2014,12,18,"COL",NA,NA,NA,NA
"378","Pertussis",2014,13,22,"COL",NA,NA,NA,NA
"379","Pertussis",2014,14,18,"COL",NA,NA,NA,NA
"380","Pertussis",2014,15,15,"COL",NA,NA,NA,NA
"381","Pertussis",2014,16,21,"COL",NA,NA,NA,NA
"382","Pertussis",2014,17,11,"COL",NA,NA,NA,NA
"383","Pertussis",2014,18,12,"COL",NA,NA,NA,NA
"384","Pertussis",2014,19,11,"COL",NA,NA,NA,NA
"385","Pertussis",2014,20,16,"COL",NA,NA,NA,NA
"386","Pertussis",2014,21,22,"COL",NA,NA,NA,NA
"387","Pertussis",2014,22,27,"COL",NA,NA,NA,NA
"388","Pertussis",2014,23,24,"COL",NA,NA,NA,NA
"389","Pertussis",2014,24,21,"COL",NA,NA,NA,NA
"390","Pertussis",2014,25,21,"COL",NA,NA,NA,NA
"391","Pertussis",2014,26,12,"COL",NA,NA,NA,NA
"392","Pertussis",2014,27,8,"COL",NA,NA,NA,NA
"393","Pertussis",2014,28,13,"COL",NA,NA,NA,NA
"394","Pertussis",2014,29,6,"COL",NA,NA,NA,NA
"395","Pertussis",2014,30,9,"COL",NA,NA,NA,NA
"396","Pertussis",2014,31,15,"COL",NA,NA,NA,NA
"397","Pertussis",2014,32,11,"COL",NA,NA,NA,NA
"398","Pertussis",2014,33,8,"COL",NA,NA,NA,NA
"399","Pertussis",2014,34,9,"COL",NA,NA,NA,NA
"400","Pertussis",2014,35,10,"COL",NA,NA,NA,NA
"401","Pertussis",2014,36,15,"COL",NA,NA,NA,NA
"402","Pertussis",2014,37,11,"COL",NA,NA,NA,NA
"403","Pertussis",2014,38,4,"COL",NA,NA,NA,NA
"404","Pertussis",2014,39,6,"COL",NA,NA,NA,NA
"405","Pertussis",2014,40,10,"COL",NA,NA,NA,NA
"406","Pertussis",2014,41,7,"COL",NA,NA,NA,NA
"407","Pertussis",2014,42,3,"COL",NA,NA,NA,NA
"408","Pertussis",2014,43,6,"COL",NA,NA,NA,NA
"409","Pertussis",2014,44,12,"COL",NA,NA,NA,NA
"410","Pertussis",2014,45,6,"COL",NA,NA,NA,NA
"411","Pertussis",2014,46,13,"COL",NA,NA,NA,NA
"412","Pertussis",2014,47,10,"COL",NA,NA,NA,NA
"413","Pertussis",2014,48,14,"COL",NA,NA,NA,NA
"414","Pertussis",2014,49,13,"COL",NA,NA,NA,NA
"415","Pertussis",2014,50,16,"COL",NA,NA,NA,NA
"416","Pertussis",2014,51,13,"COL",NA,NA,NA,NA
"417","Pertussis",2014,52,22,"COL",NA,NA,NA,NA
"418","Pertussis",2014,53,14,"COL",NA,NA,NA,NA
"419","Pertussis",2015,1,25,"COL",NA,NA,NA,NA
"420","Pertussis",2015,2,6,"COL",NA,NA,NA,NA
"421","Pertussis",2015,3,17,"COL",NA,NA,NA,NA
"422","Pertussis",2015,4,13,"COL",NA,NA,NA,NA
"423","Pertussis",2015,5,20,"COL",NA,NA,NA,NA
"424","Pertussis",2015,6,11,"COL",NA,NA,NA,NA
"425","Pertussis",2015,7,22,"COL",NA,NA,NA,NA
"426","Pertussis",2015,8,10,"COL",NA,NA,NA,NA
"427","Pertussis",2015,9,11,"COL",NA,NA,NA,NA
"428","Pertussis",2015,10,14,"COL",NA,NA,NA,NA
"429","Pertussis",2015,11,23,"COL",NA,NA,NA,NA
"430","Pertussis",2015,12,11,"COL",NA,NA,NA,NA
"431","Pertussis",2015,13,11,"COL",NA,NA,NA,NA
"432","Pertussis",2015,14,14,"COL",NA,NA,NA,NA
"433","Pertussis",2015,15,18,"COL",NA,NA,NA,NA
"434","Pertussis",2015,16,18,"COL",NA,NA,NA,NA
"435","Pertussis",2015,17,18,"COL",NA,NA,NA,NA
"436","Pertussis",2015,18,12,"COL",NA,NA,NA,NA
"437","Pertussis",2015,19,14,"COL",NA,NA,NA,NA
"438","Pertussis",2015,20,20,"COL",NA,NA,NA,NA
"439","Pertussis",2015,21,21,"COL",NA,NA,NA,NA
"440","Pertussis",2015,22,14,"COL",NA,NA,NA,NA
"441","Pertussis",2015,23,14,"COL",NA,NA,NA,NA
"442","Pertussis",2015,24,17,"COL",NA,NA,NA,NA
"443","Pertussis",2015,25,15,"COL",NA,NA,NA,NA
"444","Pertussis",2015,26,22,"COL",NA,NA,NA,NA
"445","Pertussis",2015,27,20,"COL",NA,NA,NA,NA
"446","Pertussis",2015,28,17,"COL",NA,NA,NA,NA
"447","Pertussis",2015,29,21,"COL",NA,NA,NA,NA
"448","Pertussis",2015,30,42,"COL",NA,NA,NA,NA
"449","Pertussis",2015,31,36,"COL",NA,NA,NA,NA
"450","Pertussis",2015,32,37,"COL",NA,NA,NA,NA
"451","Pertussis",2015,33,39,"COL",NA,NA,NA,NA
"452","Pertussis",2015,34,44,"COL",NA,NA,NA,NA
"453","Pertussis",2015,35,38,"COL",NA,NA,NA,NA
"454","Pertussis",2015,36,22,"COL",NA,NA,NA,NA
"455","Pertussis",2015,37,14,"COL",NA,NA,NA,NA
"456","Pertussis",2015,38,13,"COL",NA,NA,NA,NA
"457","Pertussis",2015,39,21,"COL",NA,NA,NA,NA
"458","Pertussis",2015,40,12,"COL",NA,NA,NA,NA
"459","Pertussis",2015,41,9,"COL",NA,NA,NA,NA
"460","Pertussis",2015,42,18,"COL",NA,NA,NA,NA
"461","Pertussis",2015,43,15,"COL",NA,NA,NA,NA
"462","Pertussis",2015,44,14,"COL",NA,NA,NA,NA
"463","Pertussis",2015,45,17,"COL",NA,NA,NA,NA
"464","Pertussis",2015,46,20,"COL",NA,NA,NA,NA
"465","Pertussis",2015,47,16,"COL",NA,NA,NA,NA
"466","Pertussis",2015,48,25,"COL",NA,NA,NA,NA
"467","Pertussis",2015,49,20,"COL",NA,NA,NA,NA
"468","Pertussis",2015,50,21,"COL",NA,NA,NA,NA
"469","Pertussis",2015,51,15,"COL",NA,NA,NA,NA
"470","Pertussis",2015,52,21,"COL",NA,NA,NA,NA
"471","Pertussis",2016,1,20,"COL",NA,NA,NA,NA
"472","Pertussis",2016,2,21,"COL",NA,NA,NA,NA
"473","Pertussis",2016,3,15,"COL",NA,NA,NA,NA
"474","Pertussis",2016,4,17,"COL",NA,NA,NA,NA
"475","Pertussis",2016,5,19,"COL",NA,NA,NA,NA
"476","Pertussis",2016,6,9,"COL",NA,NA,NA,NA
"477","Pertussis",2016,7,14,"COL",NA,NA,NA,NA
"478","Pertussis",2016,8,19,"COL",NA,NA,NA,NA
"479","Pertussis",2016,9,18,"COL",NA,NA,NA,NA
"480","Pertussis",2016,10,17,"COL",NA,NA,NA,NA
"481","Pertussis",2016,11,14,"COL",NA,NA,NA,NA
"482","Pertussis",2016,12,19,"COL",NA,NA,NA,NA
"483","Pertussis",2016,13,12,"COL",NA,NA,NA,NA
"484","Pertussis",2016,14,11,"COL",NA,NA,NA,NA
"485","Pertussis",2016,15,6,"COL",NA,NA,NA,NA
"486","Pertussis",2016,16,5,"COL",NA,NA,NA,NA
"487","Pertussis",2016,17,5,"COL",NA,NA,NA,NA
"488","Pertussis",2016,18,13,"COL",NA,NA,NA,NA
"489","Pertussis",2016,19,5,"COL",NA,NA,NA,NA
"490","Pertussis",2016,20,4,"COL",NA,NA,NA,NA
"491","Pertussis",2016,21,6,"COL",NA,NA,NA,NA
"492","Pertussis",2016,22,2,"COL",NA,NA,NA,NA
"493","Pertussis",2016,23,11,"COL",NA,NA,NA,NA
"494","Pertussis",2016,24,6,"COL",NA,NA,NA,NA
"495","Pertussis",2016,25,13,"COL",NA,NA,NA,NA
"496","Pertussis",2016,26,11,"COL",NA,NA,NA,NA
"497","Pertussis",2016,27,7,"COL",NA,NA,NA,NA
"498","Pertussis",2016,28,10,"COL",NA,NA,NA,NA
"499","Pertussis",2016,29,3,"COL",NA,NA,NA,NA
"500","Pertussis",2016,30,3,"COL",NA,NA,NA,NA
"501","Pertussis",2016,31,5,"COL",NA,NA,NA,NA
"502","Pertussis",2016,32,7,"COL",NA,NA,NA,NA
"503","Pertussis",2016,33,9,"COL",NA,NA,NA,NA
"504","Pertussis",2016,34,7,"COL",NA,NA,NA,NA
"505","Pertussis",2016,35,6,"COL",NA,NA,NA,NA
"506","Pertussis",2016,36,2,"COL",NA,NA,NA,NA
"507","Pertussis",2016,37,6,"COL",NA,NA,NA,NA
"508","Pertussis",2016,38,6,"COL",NA,NA,NA,NA
"509","Pertussis",2016,39,6,"COL",NA,NA,NA,NA
"510","Pertussis",2016,40,3,"COL",NA,NA,NA,NA
"511","Pertussis",2016,41,3,"COL",NA,NA,NA,NA
"512","Pertussis",2016,42,9,"COL",NA,NA,NA,NA
"513","Pertussis",2016,43,6,"COL",NA,NA,NA,NA
"514","Pertussis",2016,44,5,"COL",NA,NA,NA,NA
"515","Pertussis",2016,45,4,"COL",NA,NA,NA,NA
"516","Pertussis",2016,46,6,"COL",NA,NA,NA,NA
"517","Pertussis",2016,47,6,"COL",NA,NA,NA,NA
"518","Pertussis",2016,48,6,"COL",NA,NA,NA,NA
"519","Pertussis",2016,49,5,"COL",NA,NA,NA,NA
"520","Pertussis",2016,50,7,"COL",NA,NA,NA,NA
"521","Pertussis",2016,51,5,"COL",NA,NA,NA,NA
"522","Pertussis",2016,52,8,"COL",NA,NA,NA,NA
"523","Pertussis",2017,1,7,"COL",NA,NA,NA,NA
"524","Pertussis",2017,2,12,"COL",NA,NA,NA,NA
"525","Pertussis",2017,3,7,"COL",NA,NA,NA,NA
"526","Pertussis",2017,4,8,"COL",NA,NA,NA,NA
"527","Pertussis",2017,5,10,"COL",NA,NA,NA,NA
"528","Pertussis",2017,6,4,"COL",NA,NA,NA,NA
"529","Pertussis",2017,7,6,"COL",NA,NA,NA,NA
"530","Pertussis",2017,8,4,"COL",NA,NA,NA,NA
"531","Pertussis",2017,9,8,"COL",NA,NA,NA,NA
"532","Pertussis",2017,10,14,"COL",NA,NA,NA,NA
"533","Pertussis",2017,11,10,"COL",NA,NA,NA,NA
"534","Pertussis",2017,12,5,"COL",NA,NA,NA,NA
"535","Pertussis",2017,13,6,"COL",NA,NA,NA,NA
"536","Pertussis",2017,14,5,"COL",NA,NA,NA,NA
"537","Pertussis",2017,15,7,"COL",NA,NA,NA,NA
"538","Pertussis",2017,16,8,"COL",NA,NA,NA,NA
"539","Pertussis",2017,17,5,"COL",NA,NA,NA,NA
"540","Pertussis",2017,18,5,"COL",NA,NA,NA,NA
"541","Pertussis",2017,19,10,"COL",NA,NA,NA,NA
"542","Pertussis",2017,20,11,"COL",NA,NA,NA,NA
"543","Pertussis",2017,21,9,"COL",NA,NA,NA,NA
"544","Pertussis",2017,22,6,"COL",NA,NA,NA,NA
"545","Pertussis",2017,23,8,"COL",NA,NA,NA,NA
"546","Pertussis",2017,24,6,"COL",NA,NA,NA,NA
"547","Pertussis",2017,25,6,"COL",NA,NA,NA,NA
"548","Pertussis",2017,26,5,"COL",NA,NA,NA,NA
"549","Pertussis",2017,27,10,"COL",NA,NA,NA,NA
"550","Pertussis",2017,28,8,"COL",NA,NA,NA,NA
"551","Pertussis",2017,29,7,"COL",NA,NA,NA,NA
"552","Pertussis",2017,30,10,"COL",NA,NA,NA,NA
"553","Pertussis",2017,31,5,"COL",NA,NA,NA,NA
"554","Pertussis",2017,32,5,"COL",NA,NA,NA,NA
"555","Pertussis",2017,33,5,"COL",NA,NA,NA,NA
"556","Pertussis",2017,34,6,"COL",NA,NA,NA,NA
"557","Pertussis",2017,35,11,"COL",NA,NA,NA,NA
"558","Pertussis",2017,36,6,"COL",NA,NA,NA,NA
"559","Pertussis",2017,37,3,"COL",NA,NA,NA,NA
"560","Pertussis",2017,38,3,"COL",NA,NA,NA,NA
"561","Pertussis",2017,39,3,"COL",NA,NA,NA,NA
"562","Pertussis",2017,40,4,"COL",NA,NA,NA,NA
"563","Pertussis",2017,41,3,"COL",NA,NA,NA,NA
"564","Pertussis",2017,42,7,"COL",NA,NA,NA,NA
"565","Pertussis",2017,43,8,"COL",NA,NA,NA,NA
"566","Pertussis",2017,44,7,"COL",NA,NA,NA,NA
"567","Pertussis",2017,45,10,"COL",NA,NA,NA,NA
"568","Pertussis",2017,46,6,"COL",NA,NA,NA,NA
"569","Pertussis",2017,47,8,"COL",NA,NA,NA,NA
"570","Pertussis",2017,48,7,"COL",NA,NA,NA,NA
"571","Pertussis",2017,49,6,"COL",NA,NA,NA,NA
"572","Pertussis",2017,50,9,"COL",NA,NA,NA,NA
"573","Pertussis",2017,51,6,"COL",NA,NA,NA,NA
"574","Pertussis",2017,52,5,"COL",NA,NA,NA,NA
"575","Pertussis",2018,1,9,"COL",NA,NA,NA,NA
"576","Pertussis",2018,2,11,"COL",NA,NA,NA,NA
"577","Pertussis",2018,3,9,"COL",NA,NA,NA,NA
"578","Pertussis",2018,4,11,"COL",NA,NA,NA,NA
"579","Pertussis",2018,5,8,"COL",NA,NA,NA,NA
"580","Pertussis",2018,6,3,"COL",NA,NA,NA,NA
"581","Pertussis",2018,7,8,"COL",NA,NA,NA,NA
"582","Pertussis",2018,8,7,"COL",NA,NA,NA,NA
"583","Pertussis",2018,9,4,"COL",NA,NA,NA,NA
"584","Pertussis",2018,10,11,"COL",NA,NA,NA,NA
"585","Pertussis",2018,11,2,"COL",NA,NA,NA,NA
"586","Pertussis",2018,12,5,"COL",NA,NA,NA,NA
"587","Pertussis",2018,13,6,"COL",NA,NA,NA,NA
"588","Pertussis",2018,14,5,"COL",NA,NA,NA,NA
"589","Pertussis",2018,15,8,"COL",NA,NA,NA,NA
"590","Pertussis",2018,16,10,"COL",NA,NA,NA,NA
"591","Pertussis",2018,17,6,"COL",NA,NA,NA,NA
"592","Pertussis",2018,18,7,"COL",NA,NA,NA,NA
"593","Pertussis",2018,19,1,"COL",NA,NA,NA,NA
"594","Pertussis",2018,20,4,"COL",NA,NA,NA,NA
"595","Pertussis",2018,21,4,"COL",NA,NA,NA,NA
"596","Pertussis",2018,22,6,"COL",NA,NA,NA,NA
"597","Pertussis",2018,23,10,"COL",NA,NA,NA,NA
"598","Pertussis",2018,24,9,"COL",NA,NA,NA,NA
"599","Pertussis",2018,25,12,"COL",NA,NA,NA,NA
"600","Pertussis",2018,26,10,"COL",NA,NA,NA,NA
"601","Pertussis",2018,27,7,"COL",NA,NA,NA,NA
"602","Pertussis",2018,28,9,"COL",NA,NA,NA,NA
"603","Pertussis",2018,29,8,"COL",NA,NA,NA,NA
"604","Pertussis",2018,30,7,"COL",NA,NA,NA,NA
"605","Pertussis",2018,31,9,"COL",NA,NA,NA,NA
"606","Pertussis",2018,32,5,"COL",NA,NA,NA,NA
"607","Pertussis",2018,33,8,"COL",NA,NA,NA,NA
"608","Pertussis",2018,34,5,"COL",NA,NA,NA,NA
"609","Pertussis",2018,35,11,"COL",NA,NA,NA,NA
"610","Pertussis",2018,36,9,"COL",NA,NA,NA,NA
"611","Pertussis",2018,37,7,"COL",NA,NA,NA,NA
"612","Pertussis",2018,38,12,"COL",NA,NA,NA,NA
"613","Pertussis",2018,39,14,"COL",NA,NA,NA,NA
"614","Pertussis",2018,40,8,"COL",NA,NA,NA,NA
"615","Pertussis",2018,41,8,"COL",NA,NA,NA,NA
"616","Pertussis",2018,42,12,"COL",NA,NA,NA,NA
"617","Pertussis",2018,43,9,"COL",NA,NA,NA,NA
"618","Pertussis",2018,44,6,"COL",NA,NA,NA,NA
"619","Pertussis",2018,45,10,"COL",NA,NA,NA,NA
"620","Pertussis",2018,46,9,"COL",NA,NA,NA,NA
"621","Pertussis",2018,47,10,"COL",NA,NA,NA,NA
"622","Pertussis",2018,48,10,"COL",NA,NA,NA,NA
"623","Pertussis",2018,49,12,"COL",NA,NA,NA,NA
"624","Pertussis",2018,50,7,"COL",NA,NA,NA,NA
"625","Pertussis",2018,51,12,"COL",NA,NA,NA,NA
"626","Pertussis",2018,52,6,"COL",NA,NA,NA,NA
"627","Pertussis",2019,1,8,"COL",NA,NA,NA,NA
"628","Pertussis",2019,2,4,"COL",NA,NA,NA,NA
"629","Pertussis",2019,3,2,"COL",NA,NA,NA,NA
"630","Pertussis",2019,4,6,"COL",NA,NA,NA,NA
"631","Pertussis",2019,5,5,"COL",NA,NA,NA,NA
"632","Pertussis",2019,6,2,"COL",NA,NA,NA,NA
"633","Pertussis",2019,7,5,"COL",NA,NA,NA,NA
"634","Pertussis",2019,8,2,"COL",NA,NA,NA,NA
"635","Pertussis",2019,9,5,"COL",NA,NA,NA,NA
"636","Pertussis",2019,10,4,"COL",NA,NA,NA,NA
"637","Pertussis",2019,11,6,"COL",NA,NA,NA,NA
"638","Pertussis",2019,12,1,"COL",NA,NA,NA,NA
"639","Pertussis",2019,13,4,"COL",NA,NA,NA,NA
"640","Pertussis",2019,14,9,"COL",NA,NA,NA,NA
"641","Pertussis",2019,15,4,"COL",NA,NA,NA,NA
"642","Pertussis",2019,16,2,"COL",NA,NA,NA,NA
"643","Pertussis",2019,17,3,"COL",NA,NA,NA,NA
"644","Pertussis",2019,18,6,"COL",NA,NA,NA,NA
"645","Pertussis",2019,19,3,"COL",NA,NA,NA,NA
"646","Pertussis",2019,20,2,"COL",NA,NA,NA,NA
"647","Pertussis",2019,21,3,"COL",NA,NA,NA,NA
"648","Pertussis",2019,22,6,"COL",NA,NA,NA,NA
"649","Pertussis",2019,23,8,"COL",NA,NA,NA,NA
"650","Pertussis",2019,24,6,"COL",NA,NA,NA,NA
"651","Pertussis",2019,25,3,"COL",NA,NA,NA,NA
"652","Pertussis",2019,26,4,"COL",NA,NA,NA,NA
"653","Pertussis",2019,27,3,"COL",NA,NA,NA,NA
"654","Pertussis",2019,28,4,"COL",NA,NA,NA,NA
"655","Pertussis",2019,29,10,"COL",NA,NA,NA,NA
"656","Pertussis",2019,30,5,"COL",NA,NA,NA,NA
"657","Pertussis",2019,31,5,"COL",NA,NA,NA,NA
"658","Pertussis",2019,32,3,"COL",NA,NA,NA,NA
"659","Pertussis",2019,33,2,"COL",NA,NA,NA,NA
"660","Pertussis",2019,34,7,"COL",NA,NA,NA,NA
"661","Pertussis",2019,35,4,"COL",NA,NA,NA,NA
"662","Pertussis",2019,36,3,"COL",NA,NA,NA,NA
"663","Pertussis",2019,37,2,"COL",NA,NA,NA,NA
"664","Pertussis",2019,38,9,"COL",NA,NA,NA,NA
"665","Pertussis",2019,39,5,"COL",NA,NA,NA,NA
"666","Pertussis",2019,40,5,"COL",NA,NA,NA,NA
"667","Pertussis",2019,41,3,"COL",NA,NA,NA,NA
"668","Pertussis",2019,42,4,"COL",NA,NA,NA,NA
"669","Pertussis",2019,43,5,"COL",NA,NA,NA,NA
"670","Pertussis",2019,44,5,"COL",NA,NA,NA,NA
"671","Pertussis",2019,45,2,"COL",NA,NA,NA,NA
"672","Pertussis",2019,46,2,"COL",NA,NA,NA,NA
"673","Pertussis",2019,47,4,"COL",NA,NA,NA,NA
"674","Pertussis",2019,48,1,"COL",NA,NA,NA,NA
"675","Pertussis",2019,49,1,"COL",NA,NA,NA,NA
"676","Pertussis",2019,50,5,"COL",NA,NA,NA,NA
"677","Pertussis",2019,51,0,"COL",NA,NA,NA,NA
"678","Pertussis",2019,52,0,"COL",NA,NA,NA,NA
