"","Disease","EpiYear","EpiWeek","Incidence","ADM0","ADM1","ADM2","NA","NA"
"1","Chikungunya",2014,1,0,"COL",NA,NA,NA,NA
"2","Chikungunya",2014,2,0,"COL",NA,NA,NA,NA
"3","Chikungunya",2014,3,0,"COL",NA,NA,NA,NA
"4","Chikungunya",2014,4,0,"COL",NA,NA,NA,NA
"5","Chikungunya",2014,5,0,"COL",NA,NA,NA,NA
"6","Chikungunya",2014,6,0,"COL",NA,NA,NA,NA
"7","Chikungunya",2014,7,0,"COL",NA,NA,NA,NA
"8","Chikungunya",2014,8,0,"COL",NA,NA,NA,NA
"9","Chikungunya",2014,9,0,"COL",NA,NA,NA,NA
"10","Chikungunya",2014,10,0,"COL",NA,NA,NA,NA
"11","Chikungunya",2014,11,0,"COL",NA,NA,NA,NA
"12","Chikungunya",2014,12,0,"COL",NA,NA,NA,NA
"13","Chikungunya",2014,13,0,"COL",NA,NA,NA,NA
"14","Chikungunya",2014,14,0,"COL",NA,NA,NA,NA
"15","Chikungunya",2014,15,0,"COL",NA,NA,NA,NA
"16","Chikungunya",2014,16,0,"COL",NA,NA,NA,NA
"17","Chikungunya",2014,17,0,"COL",NA,NA,NA,NA
"18","Chikungunya",2014,18,0,"COL",NA,NA,NA,NA
"19","Chikungunya",2014,19,0,"COL",NA,NA,NA,NA
"20","Chikungunya",2014,20,0,"COL",NA,NA,NA,NA
"21","Chikungunya",2014,21,0,"COL",NA,NA,NA,NA
"22","Chikungunya",2014,22,0,"COL",NA,NA,NA,NA
"23","Chikungunya",2014,23,13,"COL",NA,NA,NA,NA
"24","Chikungunya",2014,24,10,"COL",NA,NA,NA,NA
"25","Chikungunya",2014,25,8,"COL",NA,NA,NA,NA
"26","Chikungunya",2014,26,6,"COL",NA,NA,NA,NA
"27","Chikungunya",2014,27,8,"COL",NA,NA,NA,NA
"28","Chikungunya",2014,28,11,"COL",NA,NA,NA,NA
"29","Chikungunya",2014,29,15,"COL",NA,NA,NA,NA
"30","Chikungunya",2014,30,13,"COL",NA,NA,NA,NA
"31","Chikungunya",2014,31,14,"COL",NA,NA,NA,NA
"32","Chikungunya",2014,32,20,"COL",NA,NA,NA,NA
"33","Chikungunya",2014,33,26,"COL",NA,NA,NA,NA
"34","Chikungunya",2014,34,43,"COL",NA,NA,NA,NA
"35","Chikungunya",2014,35,88,"COL",NA,NA,NA,NA
"36","Chikungunya",2014,36,214,"COL",NA,NA,NA,NA
"37","Chikungunya",2014,37,720,"COL",NA,NA,NA,NA
"38","Chikungunya",2014,38,1511,"COL",NA,NA,NA,NA
"39","Chikungunya",2014,39,1684,"COL",NA,NA,NA,NA
"40","Chikungunya",2014,40,1363,"COL",NA,NA,NA,NA
"41","Chikungunya",2014,41,1174,"COL",NA,NA,NA,NA
"42","Chikungunya",2014,42,1232,"COL",NA,NA,NA,NA
"43","Chikungunya",2014,43,1133,"COL",NA,NA,NA,NA
"44","Chikungunya",2014,44,911,"COL",NA,NA,NA,NA
"45","Chikungunya",2014,45,1049,"COL",NA,NA,NA,NA
"46","Chikungunya",2014,46,1086,"COL",NA,NA,NA,NA
"47","Chikungunya",2014,47,1125,"COL",NA,NA,NA,NA
"48","Chikungunya",2014,48,1043,"COL",NA,NA,NA,NA
"49","Chikungunya",2014,49,1325,"COL",NA,NA,NA,NA
"50","Chikungunya",2014,50,1190,"COL",NA,NA,NA,NA
"51","Chikungunya",2014,51,1119,"COL",NA,NA,NA,NA
"52","Chikungunya",2014,52,1075,"COL",NA,NA,NA,NA
"53","Chikungunya",2014,53,1405,"COL",NA,NA,NA,NA
"54","Chikungunya",2015,1,2170,"COL",NA,NA,NA,NA
"55","Chikungunya",2015,2,1481,"COL",NA,NA,NA,NA
"56","Chikungunya",2015,3,1194,"COL",NA,NA,NA,NA
"57","Chikungunya",2015,4,1126,"COL",NA,NA,NA,NA
"58","Chikungunya",2015,5,1321,"COL",NA,NA,NA,NA
"59","Chikungunya",2015,6,1306,"COL",NA,NA,NA,NA
"60","Chikungunya",2015,7,1537,"COL",NA,NA,NA,NA
"61","Chikungunya",2015,8,1575,"COL",NA,NA,NA,NA
"62","Chikungunya",2015,9,1590,"COL",NA,NA,NA,NA
"63","Chikungunya",2015,10,1652,"COL",NA,NA,NA,NA
"64","Chikungunya",2015,11,1500,"COL",NA,NA,NA,NA
"65","Chikungunya",2015,12,1591,"COL",NA,NA,NA,NA
"66","Chikungunya",2015,13,1474,"COL",NA,NA,NA,NA
"67","Chikungunya",2015,14,1733,"COL",NA,NA,NA,NA
"68","Chikungunya",2015,15,1627,"COL",NA,NA,NA,NA
"69","Chikungunya",2015,16,1493,"COL",NA,NA,NA,NA
"70","Chikungunya",2015,17,1602,"COL",NA,NA,NA,NA
"71","Chikungunya",2015,18,1720,"COL",NA,NA,NA,NA
"72","Chikungunya",2015,19,1653,"COL",NA,NA,NA,NA
"73","Chikungunya",2015,20,1669,"COL",NA,NA,NA,NA
"74","Chikungunya",2015,21,1558,"COL",NA,NA,NA,NA
"75","Chikungunya",2015,22,1370,"COL",NA,NA,NA,NA
"76","Chikungunya",2015,23,1125,"COL",NA,NA,NA,NA
"77","Chikungunya",2015,24,1002,"COL",NA,NA,NA,NA
"78","Chikungunya",2015,25,729,"COL",NA,NA,NA,NA
"79","Chikungunya",2015,26,772,"COL",NA,NA,NA,NA
"80","Chikungunya",2015,27,702,"COL",NA,NA,NA,NA
"81","Chikungunya",2015,28,534,"COL",NA,NA,NA,NA
"82","Chikungunya",2015,29,454,"COL",NA,NA,NA,NA
"83","Chikungunya",2015,30,343,"COL",NA,NA,NA,NA
"84","Chikungunya",2015,31,298,"COL",NA,NA,NA,NA
"85","Chikungunya",2015,32,289,"COL",NA,NA,NA,NA
"86","Chikungunya",2015,33,236,"COL",NA,NA,NA,NA
"87","Chikungunya",2015,34,208,"COL",NA,NA,NA,NA
"88","Chikungunya",2015,35,184,"COL",NA,NA,NA,NA
"89","Chikungunya",2015,36,187,"COL",NA,NA,NA,NA
"90","Chikungunya",2015,37,184,"COL",NA,NA,NA,NA
"91","Chikungunya",2015,38,150,"COL",NA,NA,NA,NA
"92","Chikungunya",2015,39,136,"COL",NA,NA,NA,NA
"93","Chikungunya",2015,40,156,"COL",NA,NA,NA,NA
"94","Chikungunya",2015,41,190,"COL",NA,NA,NA,NA
"95","Chikungunya",2015,42,146,"COL",NA,NA,NA,NA
"96","Chikungunya",2015,43,141,"COL",NA,NA,NA,NA
"97","Chikungunya",2015,44,139,"COL",NA,NA,NA,NA
"98","Chikungunya",2015,45,147,"COL",NA,NA,NA,NA
"99","Chikungunya",2015,46,141,"COL",NA,NA,NA,NA
"100","Chikungunya",2015,47,181,"COL",NA,NA,NA,NA
"101","Chikungunya",2015,48,196,"COL",NA,NA,NA,NA
"102","Chikungunya",2015,49,191,"COL",NA,NA,NA,NA
"103","Chikungunya",2015,50,225,"COL",NA,NA,NA,NA
"104","Chikungunya",2015,51,181,"COL",NA,NA,NA,NA
"105","Chikungunya",2015,52,278,"COL",NA,NA,NA,NA
"106","Chikungunya",2016,1,395,"COL",NA,NA,NA,NA
"107","Chikungunya",2016,2,395,"COL",NA,NA,NA,NA
"108","Chikungunya",2016,3,316,"COL",NA,NA,NA,NA
"109","Chikungunya",2016,4,236,"COL",NA,NA,NA,NA
"110","Chikungunya",2016,5,253,"COL",NA,NA,NA,NA
"111","Chikungunya",2016,6,246,"COL",NA,NA,NA,NA
"112","Chikungunya",2016,7,164,"COL",NA,NA,NA,NA
"113","Chikungunya",2016,8,154,"COL",NA,NA,NA,NA
"114","Chikungunya",2016,9,180,"COL",NA,NA,NA,NA
"115","Chikungunya",2016,10,136,"COL",NA,NA,NA,NA
"116","Chikungunya",2016,11,126,"COL",NA,NA,NA,NA
"117","Chikungunya",2016,12,126,"COL",NA,NA,NA,NA
"118","Chikungunya",2016,13,209,"COL",NA,NA,NA,NA
"119","Chikungunya",2016,14,148,"COL",NA,NA,NA,NA
"120","Chikungunya",2016,15,142,"COL",NA,NA,NA,NA
"121","Chikungunya",2016,16,175,"COL",NA,NA,NA,NA
"122","Chikungunya",2016,17,192,"COL",NA,NA,NA,NA
"123","Chikungunya",2016,18,168,"COL",NA,NA,NA,NA
"124","Chikungunya",2016,19,162,"COL",NA,NA,NA,NA
"125","Chikungunya",2016,20,182,"COL",NA,NA,NA,NA
"126","Chikungunya",2016,21,151,"COL",NA,NA,NA,NA
"127","Chikungunya",2016,22,152,"COL",NA,NA,NA,NA
"128","Chikungunya",2016,23,101,"COL",NA,NA,NA,NA
"129","Chikungunya",2016,24,116,"COL",NA,NA,NA,NA
"130","Chikungunya",2016,25,107,"COL",NA,NA,NA,NA
"131","Chikungunya",2016,26,88,"COL",NA,NA,NA,NA
"132","Chikungunya",2016,27,93,"COL",NA,NA,NA,NA
"133","Chikungunya",2016,28,76,"COL",NA,NA,NA,NA
"134","Chikungunya",2016,29,69,"COL",NA,NA,NA,NA
"135","Chikungunya",2016,30,48,"COL",NA,NA,NA,NA
"136","Chikungunya",2016,31,74,"COL",NA,NA,NA,NA
"137","Chikungunya",2016,32,50,"COL",NA,NA,NA,NA
"138","Chikungunya",2016,33,55,"COL",NA,NA,NA,NA
"139","Chikungunya",2016,34,40,"COL",NA,NA,NA,NA
"140","Chikungunya",2016,35,39,"COL",NA,NA,NA,NA
"141","Chikungunya",2016,36,26,"COL",NA,NA,NA,NA
"142","Chikungunya",2016,37,35,"COL",NA,NA,NA,NA
"143","Chikungunya",2016,38,25,"COL",NA,NA,NA,NA
"144","Chikungunya",2016,39,28,"COL",NA,NA,NA,NA
"145","Chikungunya",2016,40,29,"COL",NA,NA,NA,NA
"146","Chikungunya",2016,41,32,"COL",NA,NA,NA,NA
"147","Chikungunya",2016,42,39,"COL",NA,NA,NA,NA
"148","Chikungunya",2016,43,26,"COL",NA,NA,NA,NA
"149","Chikungunya",2016,44,22,"COL",NA,NA,NA,NA
"150","Chikungunya",2016,45,19,"COL",NA,NA,NA,NA
"151","Chikungunya",2016,46,28,"COL",NA,NA,NA,NA
"152","Chikungunya",2016,47,15,"COL",NA,NA,NA,NA
"153","Chikungunya",2016,48,8,"COL",NA,NA,NA,NA
"154","Chikungunya",2016,49,0,"COL",NA,NA,NA,NA
"155","Chikungunya",2016,50,0,"COL",NA,NA,NA,NA
"156","Chikungunya",2016,51,0,"COL",NA,NA,NA,NA
"157","Chikungunya",2016,52,0,"COL",NA,NA,NA,NA
"158","Chikungunya",2017,1,48,"COL",NA,NA,NA,NA
"159","Chikungunya",2017,2,53,"COL",NA,NA,NA,NA
"160","Chikungunya",2017,3,39,"COL",NA,NA,NA,NA
"161","Chikungunya",2017,4,33,"COL",NA,NA,NA,NA
"162","Chikungunya",2017,5,34,"COL",NA,NA,NA,NA
"163","Chikungunya",2017,6,29,"COL",NA,NA,NA,NA
"164","Chikungunya",2017,7,32,"COL",NA,NA,NA,NA
"165","Chikungunya",2017,8,19,"COL",NA,NA,NA,NA
"166","Chikungunya",2017,9,22,"COL",NA,NA,NA,NA
"167","Chikungunya",2017,10,23,"COL",NA,NA,NA,NA
"168","Chikungunya",2017,11,24,"COL",NA,NA,NA,NA
"169","Chikungunya",2017,12,23,"COL",NA,NA,NA,NA
"170","Chikungunya",2017,13,21,"COL",NA,NA,NA,NA
"171","Chikungunya",2017,14,18,"COL",NA,NA,NA,NA
"172","Chikungunya",2017,15,15,"COL",NA,NA,NA,NA
"173","Chikungunya",2017,16,28,"COL",NA,NA,NA,NA
"174","Chikungunya",2017,17,18,"COL",NA,NA,NA,NA
"175","Chikungunya",2017,18,22,"COL",NA,NA,NA,NA
"176","Chikungunya",2017,19,23,"COL",NA,NA,NA,NA
"177","Chikungunya",2017,20,21,"COL",NA,NA,NA,NA
"178","Chikungunya",2017,21,10,"COL",NA,NA,NA,NA
"179","Chikungunya",2017,22,18,"COL",NA,NA,NA,NA
"180","Chikungunya",2017,23,13,"COL",NA,NA,NA,NA
"181","Chikungunya",2017,24,16,"COL",NA,NA,NA,NA
"182","Chikungunya",2017,25,15,"COL",NA,NA,NA,NA
"183","Chikungunya",2017,26,17,"COL",NA,NA,NA,NA
"184","Chikungunya",2017,27,22,"COL",NA,NA,NA,NA
"185","Chikungunya",2017,28,17,"COL",NA,NA,NA,NA
"186","Chikungunya",2017,29,14,"COL",NA,NA,NA,NA
"187","Chikungunya",2017,30,14,"COL",NA,NA,NA,NA
"188","Chikungunya",2017,31,14,"COL",NA,NA,NA,NA
"189","Chikungunya",2017,32,22,"COL",NA,NA,NA,NA
"190","Chikungunya",2017,33,17,"COL",NA,NA,NA,NA
"191","Chikungunya",2017,34,13,"COL",NA,NA,NA,NA
"192","Chikungunya",2017,35,16,"COL",NA,NA,NA,NA
"193","Chikungunya",2017,36,16,"COL",NA,NA,NA,NA
"194","Chikungunya",2017,37,14,"COL",NA,NA,NA,NA
"195","Chikungunya",2017,38,15,"COL",NA,NA,NA,NA
"196","Chikungunya",2017,39,25,"COL",NA,NA,NA,NA
"197","Chikungunya",2017,40,9,"COL",NA,NA,NA,NA
"198","Chikungunya",2017,41,16,"COL",NA,NA,NA,NA
"199","Chikungunya",2017,42,15,"COL",NA,NA,NA,NA
"200","Chikungunya",2017,43,11,"COL",NA,NA,NA,NA
"201","Chikungunya",2017,44,11,"COL",NA,NA,NA,NA
"202","Chikungunya",2017,45,8,"COL",NA,NA,NA,NA
"203","Chikungunya",2017,46,14,"COL",NA,NA,NA,NA
"204","Chikungunya",2017,47,15,"COL",NA,NA,NA,NA
"205","Chikungunya",2017,48,12,"COL",NA,NA,NA,NA
"206","Chikungunya",2017,49,9,"COL",NA,NA,NA,NA
"207","Chikungunya",2017,50,14,"COL",NA,NA,NA,NA
"208","Chikungunya",2017,51,8,"COL",NA,NA,NA,NA
"209","Chikungunya",2017,52,5,"COL",NA,NA,NA,NA
"210","Chikungunya",2018,1,18,"COL",NA,NA,NA,NA
"211","Chikungunya",2018,2,20,"COL",NA,NA,NA,NA
"212","Chikungunya",2018,3,19,"COL",NA,NA,NA,NA
"213","Chikungunya",2018,4,15,"COL",NA,NA,NA,NA
"214","Chikungunya",2018,5,15,"COL",NA,NA,NA,NA
"215","Chikungunya",2018,6,14,"COL",NA,NA,NA,NA
"216","Chikungunya",2018,7,9,"COL",NA,NA,NA,NA
"217","Chikungunya",2018,8,10,"COL",NA,NA,NA,NA
"218","Chikungunya",2018,9,8,"COL",NA,NA,NA,NA
"219","Chikungunya",2018,10,11,"COL",NA,NA,NA,NA
"220","Chikungunya",2018,11,9,"COL",NA,NA,NA,NA
"221","Chikungunya",2018,12,7,"COL",NA,NA,NA,NA
"222","Chikungunya",2018,13,8,"COL",NA,NA,NA,NA
"223","Chikungunya",2018,14,16,"COL",NA,NA,NA,NA
"224","Chikungunya",2018,15,14,"COL",NA,NA,NA,NA
"225","Chikungunya",2018,16,22,"COL",NA,NA,NA,NA
"226","Chikungunya",2018,17,21,"COL",NA,NA,NA,NA
"227","Chikungunya",2018,18,18,"COL",NA,NA,NA,NA
"228","Chikungunya",2018,19,13,"COL",NA,NA,NA,NA
"229","Chikungunya",2018,20,8,"COL",NA,NA,NA,NA
"230","Chikungunya",2018,21,21,"COL",NA,NA,NA,NA
"231","Chikungunya",2018,22,14,"COL",NA,NA,NA,NA
"232","Chikungunya",2018,23,19,"COL",NA,NA,NA,NA
"233","Chikungunya",2018,24,16,"COL",NA,NA,NA,NA
"234","Chikungunya",2018,25,12,"COL",NA,NA,NA,NA
"235","Chikungunya",2018,26,10,"COL",NA,NA,NA,NA
"236","Chikungunya",2018,27,11,"COL",NA,NA,NA,NA
"237","Chikungunya",2018,28,11,"COL",NA,NA,NA,NA
"238","Chikungunya",2018,29,7,"COL",NA,NA,NA,NA
"239","Chikungunya",2018,30,13,"COL",NA,NA,NA,NA
"240","Chikungunya",2018,31,10,"COL",NA,NA,NA,NA
"241","Chikungunya",2018,32,10,"COL",NA,NA,NA,NA
"242","Chikungunya",2018,33,7,"COL",NA,NA,NA,NA
"243","Chikungunya",2018,34,11,"COL",NA,NA,NA,NA
"244","Chikungunya",2018,35,17,"COL",NA,NA,NA,NA
"245","Chikungunya",2018,36,17,"COL",NA,NA,NA,NA
"246","Chikungunya",2018,37,13,"COL",NA,NA,NA,NA
"247","Chikungunya",2018,38,24,"COL",NA,NA,NA,NA
"248","Chikungunya",2018,39,14,"COL",NA,NA,NA,NA
"249","Chikungunya",2018,40,11,"COL",NA,NA,NA,NA
"250","Chikungunya",2018,41,6,"COL",NA,NA,NA,NA
"251","Chikungunya",2018,42,12,"COL",NA,NA,NA,NA
"252","Chikungunya",2018,43,5,"COL",NA,NA,NA,NA
"253","Chikungunya",2018,44,7,"COL",NA,NA,NA,NA
"254","Chikungunya",2018,45,5,"COL",NA,NA,NA,NA
"255","Chikungunya",2018,46,15,"COL",NA,NA,NA,NA
"256","Chikungunya",2018,47,10,"COL",NA,NA,NA,NA
"257","Chikungunya",2018,48,13,"COL",NA,NA,NA,NA
"258","Chikungunya",2018,49,9,"COL",NA,NA,NA,NA
"259","Chikungunya",2018,50,11,"COL",NA,NA,NA,NA
"260","Chikungunya",2018,51,11,"COL",NA,NA,NA,NA
"261","Chikungunya",2018,52,5,"COL",NA,NA,NA,NA
"262","Chikungunya",2019,1,3,"COL",NA,NA,NA,NA
"263","Chikungunya",2019,2,9,"COL",NA,NA,NA,NA
"264","Chikungunya",2019,3,11,"COL",NA,NA,NA,NA
"265","Chikungunya",2019,4,3,"COL",NA,NA,NA,NA
"266","Chikungunya",2019,5,5,"COL",NA,NA,NA,NA
"267","Chikungunya",2019,6,5,"COL",NA,NA,NA,NA
"268","Chikungunya",2019,7,2,"COL",NA,NA,NA,NA
"269","Chikungunya",2019,8,4,"COL",NA,NA,NA,NA
"270","Chikungunya",2019,9,3,"COL",NA,NA,NA,NA
"271","Chikungunya",2019,10,3,"COL",NA,NA,NA,NA
"272","Chikungunya",2019,11,6,"COL",NA,NA,NA,NA
"273","Chikungunya",2019,12,6,"COL",NA,NA,NA,NA
"274","Chikungunya",2019,13,5,"COL",NA,NA,NA,NA
"275","Chikungunya",2019,14,5,"COL",NA,NA,NA,NA
"276","Chikungunya",2019,15,6,"COL",NA,NA,NA,NA
"277","Chikungunya",2019,16,6,"COL",NA,NA,NA,NA
"278","Chikungunya",2019,17,4,"COL",NA,NA,NA,NA
"279","Chikungunya",2019,18,1,"COL",NA,NA,NA,NA
"280","Chikungunya",2019,19,4,"COL",NA,NA,NA,NA
"281","Chikungunya",2019,20,2,"COL",NA,NA,NA,NA
"282","Chikungunya",2019,21,4,"COL",NA,NA,NA,NA
"283","Chikungunya",2019,22,6,"COL",NA,NA,NA,NA
"284","Chikungunya",2019,23,4,"COL",NA,NA,NA,NA
"285","Chikungunya",2019,24,4,"COL",NA,NA,NA,NA
"286","Chikungunya",2019,25,2,"COL",NA,NA,NA,NA
"287","Chikungunya",2019,26,5,"COL",NA,NA,NA,NA
"288","Chikungunya",2019,27,6,"COL",NA,NA,NA,NA
"289","Chikungunya",2019,28,9,"COL",NA,NA,NA,NA
"290","Chikungunya",2019,29,5,"COL",NA,NA,NA,NA
"291","Chikungunya",2019,30,3,"COL",NA,NA,NA,NA
"292","Chikungunya",2019,31,2,"COL",NA,NA,NA,NA
"293","Chikungunya",2019,32,3,"COL",NA,NA,NA,NA
"294","Chikungunya",2019,33,10,"COL",NA,NA,NA,NA
"295","Chikungunya",2019,34,2,"COL",NA,NA,NA,NA
"296","Chikungunya",2019,35,4,"COL",NA,NA,NA,NA
"297","Chikungunya",2019,36,7,"COL",NA,NA,NA,NA
"298","Chikungunya",2019,37,3,"COL",NA,NA,NA,NA
"299","Chikungunya",2019,38,2,"COL",NA,NA,NA,NA
"300","Chikungunya",2019,39,2,"COL",NA,NA,NA,NA
"301","Chikungunya",2019,40,3,"COL",NA,NA,NA,NA
"302","Chikungunya",2019,41,3,"COL",NA,NA,NA,NA
"303","Chikungunya",2019,42,8,"COL",NA,NA,NA,NA
"304","Chikungunya",2019,43,9,"COL",NA,NA,NA,NA
"305","Chikungunya",2019,44,4,"COL",NA,NA,NA,NA
"306","Chikungunya",2019,45,3,"COL",NA,NA,NA,NA
"307","Chikungunya",2019,46,4,"COL",NA,NA,NA,NA
"308","Chikungunya",2019,47,3,"COL",NA,NA,NA,NA
"309","Chikungunya",2019,48,7,"COL",NA,NA,NA,NA
"310","Chikungunya",2019,49,8,"COL",NA,NA,NA,NA
"311","Chikungunya",2019,50,4,"COL",NA,NA,NA,NA
"312","Chikungunya",2019,51,2,"COL",NA,NA,NA,NA
"313","Chikungunya",2019,52,1,"COL",NA,NA,NA,NA
