"","Disease","EpiYear","EpiWeek","Incidence","ADM0","ADM1","ADM2","NA","NA"
"1","Tuberculosis",2007,1,356,"COL",NA,NA,NA,NA
"2","Tuberculosis",2007,2,126,"COL",NA,NA,NA,NA
"3","Tuberculosis",2007,3,131,"COL",NA,NA,NA,NA
"4","Tuberculosis",2007,4,139,"COL",NA,NA,NA,NA
"5","Tuberculosis",2007,5,140,"COL",NA,NA,NA,NA
"6","Tuberculosis",2007,6,134,"COL",NA,NA,NA,NA
"7","Tuberculosis",2007,7,140,"COL",NA,NA,NA,NA
"8","Tuberculosis",2007,8,131,"COL",NA,NA,NA,NA
"9","Tuberculosis",2007,9,130,"COL",NA,NA,NA,NA
"10","Tuberculosis",2007,10,138,"COL",NA,NA,NA,NA
"11","Tuberculosis",2007,11,152,"COL",NA,NA,NA,NA
"12","Tuberculosis",2007,12,119,"COL",NA,NA,NA,NA
"13","Tuberculosis",2007,13,145,"COL",NA,NA,NA,NA
"14","Tuberculosis",2007,14,108,"COL",NA,NA,NA,NA
"15","Tuberculosis",2007,15,135,"COL",NA,NA,NA,NA
"16","Tuberculosis",2007,16,117,"COL",NA,NA,NA,NA
"17","Tuberculosis",2007,17,130,"COL",NA,NA,NA,NA
"18","Tuberculosis",2007,18,135,"COL",NA,NA,NA,NA
"19","Tuberculosis",2007,19,137,"COL",NA,NA,NA,NA
"20","Tuberculosis",2007,20,112,"COL",NA,NA,NA,NA
"21","Tuberculosis",2007,21,119,"COL",NA,NA,NA,NA
"22","Tuberculosis",2007,22,131,"COL",NA,NA,NA,NA
"23","Tuberculosis",2007,23,132,"COL",NA,NA,NA,NA
"24","Tuberculosis",2007,24,109,"COL",NA,NA,NA,NA
"25","Tuberculosis",2007,25,121,"COL",NA,NA,NA,NA
"26","Tuberculosis",2007,26,131,"COL",NA,NA,NA,NA
"27","Tuberculosis",2007,27,128,"COL",NA,NA,NA,NA
"28","Tuberculosis",2007,28,119,"COL",NA,NA,NA,NA
"29","Tuberculosis",2007,29,130,"COL",NA,NA,NA,NA
"30","Tuberculosis",2007,30,139,"COL",NA,NA,NA,NA
"31","Tuberculosis",2007,31,119,"COL",NA,NA,NA,NA
"32","Tuberculosis",2007,32,85,"COL",NA,NA,NA,NA
"33","Tuberculosis",2007,33,130,"COL",NA,NA,NA,NA
"34","Tuberculosis",2007,34,138,"COL",NA,NA,NA,NA
"35","Tuberculosis",2007,35,137,"COL",NA,NA,NA,NA
"36","Tuberculosis",2007,36,142,"COL",NA,NA,NA,NA
"37","Tuberculosis",2007,37,144,"COL",NA,NA,NA,NA
"38","Tuberculosis",2007,38,130,"COL",NA,NA,NA,NA
"39","Tuberculosis",2007,39,152,"COL",NA,NA,NA,NA
"40","Tuberculosis",2007,40,125,"COL",NA,NA,NA,NA
"41","Tuberculosis",2007,41,125,"COL",NA,NA,NA,NA
"42","Tuberculosis",2007,42,141,"COL",NA,NA,NA,NA
"43","Tuberculosis",2007,43,138,"COL",NA,NA,NA,NA
"44","Tuberculosis",2007,44,131,"COL",NA,NA,NA,NA
"45","Tuberculosis",2007,45,115,"COL",NA,NA,NA,NA
"46","Tuberculosis",2007,46,123,"COL",NA,NA,NA,NA
"47","Tuberculosis",2007,47,144,"COL",NA,NA,NA,NA
"48","Tuberculosis",2007,48,148,"COL",NA,NA,NA,NA
"49","Tuberculosis",2007,49,133,"COL",NA,NA,NA,NA
"50","Tuberculosis",2007,50,122,"COL",NA,NA,NA,NA
"51","Tuberculosis",2007,51,127,"COL",NA,NA,NA,NA
"52","Tuberculosis",2007,52,100,"COL",NA,NA,NA,NA
"53","Tuberculosis",2008,1,543,"COL",NA,NA,NA,NA
"54","Tuberculosis",2008,2,272,"COL",NA,NA,NA,NA
"55","Tuberculosis",2008,3,246,"COL",NA,NA,NA,NA
"56","Tuberculosis",2008,4,224,"COL",NA,NA,NA,NA
"57","Tuberculosis",2008,5,311,"COL",NA,NA,NA,NA
"58","Tuberculosis",2008,6,183,"COL",NA,NA,NA,NA
"59","Tuberculosis",2008,7,269,"COL",NA,NA,NA,NA
"60","Tuberculosis",2008,8,210,"COL",NA,NA,NA,NA
"61","Tuberculosis",2008,9,220,"COL",NA,NA,NA,NA
"62","Tuberculosis",2008,10,202,"COL",NA,NA,NA,NA
"63","Tuberculosis",2008,11,279,"COL",NA,NA,NA,NA
"64","Tuberculosis",2008,12,165,"COL",NA,NA,NA,NA
"65","Tuberculosis",2008,13,149,"COL",NA,NA,NA,NA
"66","Tuberculosis",2008,14,274,"COL",NA,NA,NA,NA
"67","Tuberculosis",2008,15,199,"COL",NA,NA,NA,NA
"68","Tuberculosis",2008,16,198,"COL",NA,NA,NA,NA
"69","Tuberculosis",2008,17,181,"COL",NA,NA,NA,NA
"70","Tuberculosis",2008,18,242,"COL",NA,NA,NA,NA
"71","Tuberculosis",2008,19,194,"COL",NA,NA,NA,NA
"72","Tuberculosis",2008,20,189,"COL",NA,NA,NA,NA
"73","Tuberculosis",2008,21,178,"COL",NA,NA,NA,NA
"74","Tuberculosis",2008,22,151,"COL",NA,NA,NA,NA
"75","Tuberculosis",2008,23,248,"COL",NA,NA,NA,NA
"76","Tuberculosis",2008,24,179,"COL",NA,NA,NA,NA
"77","Tuberculosis",2008,25,206,"COL",NA,NA,NA,NA
"78","Tuberculosis",2008,26,156,"COL",NA,NA,NA,NA
"79","Tuberculosis",2008,27,247,"COL",NA,NA,NA,NA
"80","Tuberculosis",2008,28,180,"COL",NA,NA,NA,NA
"81","Tuberculosis",2008,29,222,"COL",NA,NA,NA,NA
"82","Tuberculosis",2008,30,161,"COL",NA,NA,NA,NA
"83","Tuberculosis",2008,31,232,"COL",NA,NA,NA,NA
"84","Tuberculosis",2008,32,195,"COL",NA,NA,NA,NA
"85","Tuberculosis",2008,33,205,"COL",NA,NA,NA,NA
"86","Tuberculosis",2008,34,166,"COL",NA,NA,NA,NA
"87","Tuberculosis",2008,35,150,"COL",NA,NA,NA,NA
"88","Tuberculosis",2008,36,200,"COL",NA,NA,NA,NA
"89","Tuberculosis",2008,37,178,"COL",NA,NA,NA,NA
"90","Tuberculosis",2008,38,189,"COL",NA,NA,NA,NA
"91","Tuberculosis",2008,39,138,"COL",NA,NA,NA,NA
"92","Tuberculosis",2008,40,227,"COL",NA,NA,NA,NA
"93","Tuberculosis",2008,41,163,"COL",NA,NA,NA,NA
"94","Tuberculosis",2008,42,122,"COL",NA,NA,NA,NA
"95","Tuberculosis",2008,43,123,"COL",NA,NA,NA,NA
"96","Tuberculosis",2008,44,171,"COL",NA,NA,NA,NA
"97","Tuberculosis",2008,45,143,"COL",NA,NA,NA,NA
"98","Tuberculosis",2008,46,160,"COL",NA,NA,NA,NA
"99","Tuberculosis",2008,47,100,"COL",NA,NA,NA,NA
"100","Tuberculosis",2008,48,114,"COL",NA,NA,NA,NA
"101","Tuberculosis",2008,49,171,"COL",NA,NA,NA,NA
"102","Tuberculosis",2008,50,124,"COL",NA,NA,NA,NA
"103","Tuberculosis",2008,51,120,"COL",NA,NA,NA,NA
"104","Tuberculosis",2008,52,81,"COL",NA,NA,NA,NA
"105","Tuberculosis",2008,53,112,"COL",NA,NA,NA,NA
"106","Tuberculosis",2009,1,357,"COL",NA,NA,NA,NA
"107","Tuberculosis",2009,2,241,"COL",NA,NA,NA,NA
"108","Tuberculosis",2009,3,205,"COL",NA,NA,NA,NA
"109","Tuberculosis",2009,4,228,"COL",NA,NA,NA,NA
"110","Tuberculosis",2009,5,310,"COL",NA,NA,NA,NA
"111","Tuberculosis",2009,6,189,"COL",NA,NA,NA,NA
"112","Tuberculosis",2009,7,244,"COL",NA,NA,NA,NA
"113","Tuberculosis",2009,8,152,"COL",NA,NA,NA,NA
"114","Tuberculosis",2009,9,274,"COL",NA,NA,NA,NA
"115","Tuberculosis",2009,10,191,"COL",NA,NA,NA,NA
"116","Tuberculosis",2009,11,254,"COL",NA,NA,NA,NA
"117","Tuberculosis",2009,12,185,"COL",NA,NA,NA,NA
"118","Tuberculosis",2009,13,287,"COL",NA,NA,NA,NA
"119","Tuberculosis",2009,14,197,"COL",NA,NA,NA,NA
"120","Tuberculosis",2009,15,226,"COL",NA,NA,NA,NA
"121","Tuberculosis",2009,16,225,"COL",NA,NA,NA,NA
"122","Tuberculosis",2009,17,228,"COL",NA,NA,NA,NA
"123","Tuberculosis",2009,18,210,"COL",NA,NA,NA,NA
"124","Tuberculosis",2009,19,226,"COL",NA,NA,NA,NA
"125","Tuberculosis",2009,20,210,"COL",NA,NA,NA,NA
"126","Tuberculosis",2009,21,190,"COL",NA,NA,NA,NA
"127","Tuberculosis",2009,22,262,"COL",NA,NA,NA,NA
"128","Tuberculosis",2009,23,218,"COL",NA,NA,NA,NA
"129","Tuberculosis",2009,24,213,"COL",NA,NA,NA,NA
"130","Tuberculosis",2009,25,141,"COL",NA,NA,NA,NA
"131","Tuberculosis",2009,26,222,"COL",NA,NA,NA,NA
"132","Tuberculosis",2009,27,224,"COL",NA,NA,NA,NA
"133","Tuberculosis",2009,28,191,"COL",NA,NA,NA,NA
"134","Tuberculosis",2009,29,170,"COL",NA,NA,NA,NA
"135","Tuberculosis",2009,30,214,"COL",NA,NA,NA,NA
"136","Tuberculosis",2009,31,161,"COL",NA,NA,NA,NA
"137","Tuberculosis",2009,32,229,"COL",NA,NA,NA,NA
"138","Tuberculosis",2009,33,196,"COL",NA,NA,NA,NA
"139","Tuberculosis",2009,34,136,"COL",NA,NA,NA,NA
"140","Tuberculosis",2009,35,205,"COL",NA,NA,NA,NA
"141","Tuberculosis",2009,36,193,"COL",NA,NA,NA,NA
"142","Tuberculosis",2009,37,156,"COL",NA,NA,NA,NA
"143","Tuberculosis",2009,38,197,"COL",NA,NA,NA,NA
"144","Tuberculosis",2009,39,197,"COL",NA,NA,NA,NA
"145","Tuberculosis",2009,40,154,"COL",NA,NA,NA,NA
"146","Tuberculosis",2009,41,128,"COL",NA,NA,NA,NA
"147","Tuberculosis",2009,42,149,"COL",NA,NA,NA,NA
"148","Tuberculosis",2009,43,131,"COL",NA,NA,NA,NA
"149","Tuberculosis",2009,44,132,"COL",NA,NA,NA,NA
"150","Tuberculosis",2009,45,140,"COL",NA,NA,NA,NA
"151","Tuberculosis",2009,46,124,"COL",NA,NA,NA,NA
"152","Tuberculosis",2009,47,101,"COL",NA,NA,NA,NA
"153","Tuberculosis",2009,48,111,"COL",NA,NA,NA,NA
"154","Tuberculosis",2009,49,105,"COL",NA,NA,NA,NA
"155","Tuberculosis",2009,50,73,"COL",NA,NA,NA,NA
"156","Tuberculosis",2009,51,57,"COL",NA,NA,NA,NA
"157","Tuberculosis",2009,52,33,"COL",NA,NA,NA,NA
"158","Tuberculosis",2010,1,353,"COL",NA,NA,NA,NA
"159","Tuberculosis",2010,2,380,"COL",NA,NA,NA,NA
"160","Tuberculosis",2010,3,252,"COL",NA,NA,NA,NA
"161","Tuberculosis",2010,4,206,"COL",NA,NA,NA,NA
"162","Tuberculosis",2010,5,389,"COL",NA,NA,NA,NA
"163","Tuberculosis",2010,6,225,"COL",NA,NA,NA,NA
"164","Tuberculosis",2010,7,276,"COL",NA,NA,NA,NA
"165","Tuberculosis",2010,8,188,"COL",NA,NA,NA,NA
"166","Tuberculosis",2010,9,343,"COL",NA,NA,NA,NA
"167","Tuberculosis",2010,10,226,"COL",NA,NA,NA,NA
"168","Tuberculosis",2010,11,268,"COL",NA,NA,NA,NA
"169","Tuberculosis",2010,12,157,"COL",NA,NA,NA,NA
"170","Tuberculosis",2010,13,330,"COL",NA,NA,NA,NA
"171","Tuberculosis",2010,14,258,"COL",NA,NA,NA,NA
"172","Tuberculosis",2010,15,212,"COL",NA,NA,NA,NA
"173","Tuberculosis",2010,16,237,"COL",NA,NA,NA,NA
"174","Tuberculosis",2010,17,269,"COL",NA,NA,NA,NA
"175","Tuberculosis",2010,18,199,"COL",NA,NA,NA,NA
"176","Tuberculosis",2010,19,270,"COL",NA,NA,NA,NA
"177","Tuberculosis",2010,20,215,"COL",NA,NA,NA,NA
"178","Tuberculosis",2010,21,186,"COL",NA,NA,NA,NA
"179","Tuberculosis",2010,22,286,"COL",NA,NA,NA,NA
"180","Tuberculosis",2010,23,268,"COL",NA,NA,NA,NA
"181","Tuberculosis",2010,24,201,"COL",NA,NA,NA,NA
"182","Tuberculosis",2010,25,228,"COL",NA,NA,NA,NA
"183","Tuberculosis",2010,26,282,"COL",NA,NA,NA,NA
"184","Tuberculosis",2010,27,219,"COL",NA,NA,NA,NA
"185","Tuberculosis",2010,28,206,"COL",NA,NA,NA,NA
"186","Tuberculosis",2010,29,213,"COL",NA,NA,NA,NA
"187","Tuberculosis",2010,30,149,"COL",NA,NA,NA,NA
"188","Tuberculosis",2010,31,297,"COL",NA,NA,NA,NA
"189","Tuberculosis",2010,32,223,"COL",NA,NA,NA,NA
"190","Tuberculosis",2010,33,231,"COL",NA,NA,NA,NA
"191","Tuberculosis",2010,34,173,"COL",NA,NA,NA,NA
"192","Tuberculosis",2010,35,258,"COL",NA,NA,NA,NA
"193","Tuberculosis",2010,36,225,"COL",NA,NA,NA,NA
"194","Tuberculosis",2010,37,208,"COL",NA,NA,NA,NA
"195","Tuberculosis",2010,38,195,"COL",NA,NA,NA,NA
"196","Tuberculosis",2010,39,243,"COL",NA,NA,NA,NA
"197","Tuberculosis",2010,40,176,"COL",NA,NA,NA,NA
"198","Tuberculosis",2010,41,245,"COL",NA,NA,NA,NA
"199","Tuberculosis",2010,42,160,"COL",NA,NA,NA,NA
"200","Tuberculosis",2010,43,130,"COL",NA,NA,NA,NA
"201","Tuberculosis",2010,44,184,"COL",NA,NA,NA,NA
"202","Tuberculosis",2010,45,172,"COL",NA,NA,NA,NA
"203","Tuberculosis",2010,46,184,"COL",NA,NA,NA,NA
"204","Tuberculosis",2010,47,118,"COL",NA,NA,NA,NA
"205","Tuberculosis",2010,48,185,"COL",NA,NA,NA,NA
"206","Tuberculosis",2010,49,154,"COL",NA,NA,NA,NA
"207","Tuberculosis",2010,50,147,"COL",NA,NA,NA,NA
"208","Tuberculosis",2010,51,128,"COL",NA,NA,NA,NA
"209","Tuberculosis",2010,52,154,"COL",NA,NA,NA,NA
"210","Tuberculosis",2011,1,324,"COL",NA,NA,NA,NA
"211","Tuberculosis",2011,2,363,"COL",NA,NA,NA,NA
"212","Tuberculosis",2011,3,288,"COL",NA,NA,NA,NA
"213","Tuberculosis",2011,4,173,"COL",NA,NA,NA,NA
"214","Tuberculosis",2011,5,379,"COL",NA,NA,NA,NA
"215","Tuberculosis",2011,6,248,"COL",NA,NA,NA,NA
"216","Tuberculosis",2011,7,247,"COL",NA,NA,NA,NA
"217","Tuberculosis",2011,8,221,"COL",NA,NA,NA,NA
"218","Tuberculosis",2011,9,367,"COL",NA,NA,NA,NA
"219","Tuberculosis",2011,10,251,"COL",NA,NA,NA,NA
"220","Tuberculosis",2011,11,224,"COL",NA,NA,NA,NA
"221","Tuberculosis",2011,12,229,"COL",NA,NA,NA,NA
"222","Tuberculosis",2011,13,368,"COL",NA,NA,NA,NA
"223","Tuberculosis",2011,14,212,"COL",NA,NA,NA,NA
"224","Tuberculosis",2011,15,257,"COL",NA,NA,NA,NA
"225","Tuberculosis",2011,16,203,"COL",NA,NA,NA,NA
"226","Tuberculosis",2011,17,173,"COL",NA,NA,NA,NA
"227","Tuberculosis",2011,18,297,"COL",NA,NA,NA,NA
"228","Tuberculosis",2011,19,252,"COL",NA,NA,NA,NA
"229","Tuberculosis",2011,20,235,"COL",NA,NA,NA,NA
"230","Tuberculosis",2011,21,158,"COL",NA,NA,NA,NA
"231","Tuberculosis",2011,22,297,"COL",NA,NA,NA,NA
"232","Tuberculosis",2011,23,237,"COL",NA,NA,NA,NA
"233","Tuberculosis",2011,24,216,"COL",NA,NA,NA,NA
"234","Tuberculosis",2011,25,207,"COL",NA,NA,NA,NA
"235","Tuberculosis",2011,26,269,"COL",NA,NA,NA,NA
"236","Tuberculosis",2011,27,179,"COL",NA,NA,NA,NA
"237","Tuberculosis",2011,28,256,"COL",NA,NA,NA,NA
"238","Tuberculosis",2011,29,187,"COL",NA,NA,NA,NA
"239","Tuberculosis",2011,30,189,"COL",NA,NA,NA,NA
"240","Tuberculosis",2011,31,247,"COL",NA,NA,NA,NA
"241","Tuberculosis",2011,32,230,"COL",NA,NA,NA,NA
"242","Tuberculosis",2011,33,211,"COL",NA,NA,NA,NA
"243","Tuberculosis",2011,34,181,"COL",NA,NA,NA,NA
"244","Tuberculosis",2011,35,215,"COL",NA,NA,NA,NA
"245","Tuberculosis",2011,36,179,"COL",NA,NA,NA,NA
"246","Tuberculosis",2011,37,185,"COL",NA,NA,NA,NA
"247","Tuberculosis",2011,38,163,"COL",NA,NA,NA,NA
"248","Tuberculosis",2011,39,207,"COL",NA,NA,NA,NA
"249","Tuberculosis",2011,40,162,"COL",NA,NA,NA,NA
"250","Tuberculosis",2011,41,183,"COL",NA,NA,NA,NA
"251","Tuberculosis",2011,42,153,"COL",NA,NA,NA,NA
"252","Tuberculosis",2011,43,134,"COL",NA,NA,NA,NA
"253","Tuberculosis",2011,44,170,"COL",NA,NA,NA,NA
"254","Tuberculosis",2011,45,151,"COL",NA,NA,NA,NA
"255","Tuberculosis",2011,46,93,"COL",NA,NA,NA,NA
"256","Tuberculosis",2011,47,123,"COL",NA,NA,NA,NA
"257","Tuberculosis",2011,48,127,"COL",NA,NA,NA,NA
"258","Tuberculosis",2011,49,81,"COL",NA,NA,NA,NA
"259","Tuberculosis",2011,50,80,"COL",NA,NA,NA,NA
"260","Tuberculosis",2011,51,54,"COL",NA,NA,NA,NA
"261","Tuberculosis",2011,52,105,"COL",NA,NA,NA,NA
"262","Tuberculosis",2012,1,167,"COL",NA,NA,NA,NA
"263","Tuberculosis",2012,2,149,"COL",NA,NA,NA,NA
"264","Tuberculosis",2012,3,201,"COL",NA,NA,NA,NA
"265","Tuberculosis",2012,4,229,"COL",NA,NA,NA,NA
"266","Tuberculosis",2012,5,259,"COL",NA,NA,NA,NA
"267","Tuberculosis",2012,6,230,"COL",NA,NA,NA,NA
"268","Tuberculosis",2012,7,230,"COL",NA,NA,NA,NA
"269","Tuberculosis",2012,8,225,"COL",NA,NA,NA,NA
"270","Tuberculosis",2012,9,212,"COL",NA,NA,NA,NA
"271","Tuberculosis",2012,10,213,"COL",NA,NA,NA,NA
"272","Tuberculosis",2012,11,254,"COL",NA,NA,NA,NA
"273","Tuberculosis",2012,12,230,"COL",NA,NA,NA,NA
"274","Tuberculosis",2012,13,263,"COL",NA,NA,NA,NA
"275","Tuberculosis",2012,14,155,"COL",NA,NA,NA,NA
"276","Tuberculosis",2012,15,241,"COL",NA,NA,NA,NA
"277","Tuberculosis",2012,16,237,"COL",NA,NA,NA,NA
"278","Tuberculosis",2012,17,268,"COL",NA,NA,NA,NA
"279","Tuberculosis",2012,18,225,"COL",NA,NA,NA,NA
"280","Tuberculosis",2012,19,221,"COL",NA,NA,NA,NA
"281","Tuberculosis",2012,20,226,"COL",NA,NA,NA,NA
"282","Tuberculosis",2012,21,199,"COL",NA,NA,NA,NA
"283","Tuberculosis",2012,22,245,"COL",NA,NA,NA,NA
"284","Tuberculosis",2012,23,249,"COL",NA,NA,NA,NA
"285","Tuberculosis",2012,24,242,"COL",NA,NA,NA,NA
"286","Tuberculosis",2012,25,210,"COL",NA,NA,NA,NA
"287","Tuberculosis",2012,26,238,"COL",NA,NA,NA,NA
"288","Tuberculosis",2012,27,187,"COL",NA,NA,NA,NA
"289","Tuberculosis",2012,28,258,"COL",NA,NA,NA,NA
"290","Tuberculosis",2012,29,231,"COL",NA,NA,NA,NA
"291","Tuberculosis",2012,30,230,"COL",NA,NA,NA,NA
"292","Tuberculosis",2012,31,263,"COL",NA,NA,NA,NA
"293","Tuberculosis",2012,32,237,"COL",NA,NA,NA,NA
"294","Tuberculosis",2012,33,229,"COL",NA,NA,NA,NA
"295","Tuberculosis",2012,34,217,"COL",NA,NA,NA,NA
"296","Tuberculosis",2012,35,234,"COL",NA,NA,NA,NA
"297","Tuberculosis",2012,36,259,"COL",NA,NA,NA,NA
"298","Tuberculosis",2012,37,239,"COL",NA,NA,NA,NA
"299","Tuberculosis",2012,38,255,"COL",NA,NA,NA,NA
"300","Tuberculosis",2012,39,228,"COL",NA,NA,NA,NA
"301","Tuberculosis",2012,40,230,"COL",NA,NA,NA,NA
"302","Tuberculosis",2012,41,229,"COL",NA,NA,NA,NA
"303","Tuberculosis",2012,42,212,"COL",NA,NA,NA,NA
"304","Tuberculosis",2012,43,226,"COL",NA,NA,NA,NA
"305","Tuberculosis",2012,44,202,"COL",NA,NA,NA,NA
"306","Tuberculosis",2012,45,202,"COL",NA,NA,NA,NA
"307","Tuberculosis",2012,46,208,"COL",NA,NA,NA,NA
"308","Tuberculosis",2012,47,219,"COL",NA,NA,NA,NA
"309","Tuberculosis",2012,48,241,"COL",NA,NA,NA,NA
"310","Tuberculosis",2012,49,219,"COL",NA,NA,NA,NA
"311","Tuberculosis",2012,50,225,"COL",NA,NA,NA,NA
"312","Tuberculosis",2012,51,225,"COL",NA,NA,NA,NA
"313","Tuberculosis",2012,52,176,"COL",NA,NA,NA,NA
"314","Tuberculosis",2013,1,198,"COL",NA,NA,NA,NA
"315","Tuberculosis",2013,2,202,"COL",NA,NA,NA,NA
"316","Tuberculosis",2013,3,247,"COL",NA,NA,NA,NA
"317","Tuberculosis",2013,4,276,"COL",NA,NA,NA,NA
"318","Tuberculosis",2013,5,251,"COL",NA,NA,NA,NA
"319","Tuberculosis",2013,6,268,"COL",NA,NA,NA,NA
"320","Tuberculosis",2013,7,265,"COL",NA,NA,NA,NA
"321","Tuberculosis",2013,8,260,"COL",NA,NA,NA,NA
"322","Tuberculosis",2013,9,271,"COL",NA,NA,NA,NA
"323","Tuberculosis",2013,10,261,"COL",NA,NA,NA,NA
"324","Tuberculosis",2013,11,232,"COL",NA,NA,NA,NA
"325","Tuberculosis",2013,12,232,"COL",NA,NA,NA,NA
"326","Tuberculosis",2013,13,143,"COL",NA,NA,NA,NA
"327","Tuberculosis",2013,14,298,"COL",NA,NA,NA,NA
"328","Tuberculosis",2013,15,274,"COL",NA,NA,NA,NA
"329","Tuberculosis",2013,16,243,"COL",NA,NA,NA,NA
"330","Tuberculosis",2013,17,252,"COL",NA,NA,NA,NA
"331","Tuberculosis",2013,18,229,"COL",NA,NA,NA,NA
"332","Tuberculosis",2013,19,240,"COL",NA,NA,NA,NA
"333","Tuberculosis",2013,20,221,"COL",NA,NA,NA,NA
"334","Tuberculosis",2013,21,275,"COL",NA,NA,NA,NA
"335","Tuberculosis",2013,22,263,"COL",NA,NA,NA,NA
"336","Tuberculosis",2013,23,240,"COL",NA,NA,NA,NA
"337","Tuberculosis",2013,24,199,"COL",NA,NA,NA,NA
"338","Tuberculosis",2013,25,246,"COL",NA,NA,NA,NA
"339","Tuberculosis",2013,26,230,"COL",NA,NA,NA,NA
"340","Tuberculosis",2013,27,250,"COL",NA,NA,NA,NA
"341","Tuberculosis",2013,28,274,"COL",NA,NA,NA,NA
"342","Tuberculosis",2013,29,240,"COL",NA,NA,NA,NA
"343","Tuberculosis",2013,30,240,"COL",NA,NA,NA,NA
"344","Tuberculosis",2013,31,236,"COL",NA,NA,NA,NA
"345","Tuberculosis",2013,32,218,"COL",NA,NA,NA,NA
"346","Tuberculosis",2013,33,253,"COL",NA,NA,NA,NA
"347","Tuberculosis",2013,34,249,"COL",NA,NA,NA,NA
"348","Tuberculosis",2013,35,261,"COL",NA,NA,NA,NA
"349","Tuberculosis",2013,36,220,"COL",NA,NA,NA,NA
"350","Tuberculosis",2013,37,251,"COL",NA,NA,NA,NA
"351","Tuberculosis",2013,38,244,"COL",NA,NA,NA,NA
"352","Tuberculosis",2013,39,266,"COL",NA,NA,NA,NA
"353","Tuberculosis",2013,40,228,"COL",NA,NA,NA,NA
"354","Tuberculosis",2013,41,226,"COL",NA,NA,NA,NA
"355","Tuberculosis",2013,42,201,"COL",NA,NA,NA,NA
"356","Tuberculosis",2013,43,227,"COL",NA,NA,NA,NA
"357","Tuberculosis",2013,44,209,"COL",NA,NA,NA,NA
"358","Tuberculosis",2013,45,146,"COL",NA,NA,NA,NA
"359","Tuberculosis",2013,46,180,"COL",NA,NA,NA,NA
"360","Tuberculosis",2013,47,167,"COL",NA,NA,NA,NA
"361","Tuberculosis",2013,48,136,"COL",NA,NA,NA,NA
"362","Tuberculosis",2013,49,190,"COL",NA,NA,NA,NA
"363","Tuberculosis",2013,50,156,"COL",NA,NA,NA,NA
"364","Tuberculosis",2013,51,70,"COL",NA,NA,NA,NA
"365","Tuberculosis",2013,52,130,"COL",NA,NA,NA,NA
"366","Tuberculosis",2014,1,178,"COL",NA,NA,NA,NA
"367","Tuberculosis",2014,2,235,"COL",NA,NA,NA,NA
"368","Tuberculosis",2014,3,266,"COL",NA,NA,NA,NA
"369","Tuberculosis",2014,4,299,"COL",NA,NA,NA,NA
"370","Tuberculosis",2014,5,273,"COL",NA,NA,NA,NA
"371","Tuberculosis",2014,6,280,"COL",NA,NA,NA,NA
"372","Tuberculosis",2014,7,245,"COL",NA,NA,NA,NA
"373","Tuberculosis",2014,8,241,"COL",NA,NA,NA,NA
"374","Tuberculosis",2014,9,264,"COL",NA,NA,NA,NA
"375","Tuberculosis",2014,10,264,"COL",NA,NA,NA,NA
"376","Tuberculosis",2014,11,254,"COL",NA,NA,NA,NA
"377","Tuberculosis",2014,12,276,"COL",NA,NA,NA,NA
"378","Tuberculosis",2014,13,254,"COL",NA,NA,NA,NA
"379","Tuberculosis",2014,14,283,"COL",NA,NA,NA,NA
"380","Tuberculosis",2014,15,250,"COL",NA,NA,NA,NA
"381","Tuberculosis",2014,16,186,"COL",NA,NA,NA,NA
"382","Tuberculosis",2014,17,284,"COL",NA,NA,NA,NA
"383","Tuberculosis",2014,18,236,"COL",NA,NA,NA,NA
"384","Tuberculosis",2014,19,262,"COL",NA,NA,NA,NA
"385","Tuberculosis",2014,20,296,"COL",NA,NA,NA,NA
"386","Tuberculosis",2014,21,236,"COL",NA,NA,NA,NA
"387","Tuberculosis",2014,22,281,"COL",NA,NA,NA,NA
"388","Tuberculosis",2014,23,233,"COL",NA,NA,NA,NA
"389","Tuberculosis",2014,24,255,"COL",NA,NA,NA,NA
"390","Tuberculosis",2014,25,229,"COL",NA,NA,NA,NA
"391","Tuberculosis",2014,26,203,"COL",NA,NA,NA,NA
"392","Tuberculosis",2014,27,217,"COL",NA,NA,NA,NA
"393","Tuberculosis",2014,28,258,"COL",NA,NA,NA,NA
"394","Tuberculosis",2014,29,251,"COL",NA,NA,NA,NA
"395","Tuberculosis",2014,30,279,"COL",NA,NA,NA,NA
"396","Tuberculosis",2014,31,240,"COL",NA,NA,NA,NA
"397","Tuberculosis",2014,32,209,"COL",NA,NA,NA,NA
"398","Tuberculosis",2014,33,235,"COL",NA,NA,NA,NA
"399","Tuberculosis",2014,34,251,"COL",NA,NA,NA,NA
"400","Tuberculosis",2014,35,261,"COL",NA,NA,NA,NA
"401","Tuberculosis",2014,36,247,"COL",NA,NA,NA,NA
"402","Tuberculosis",2014,37,239,"COL",NA,NA,NA,NA
"403","Tuberculosis",2014,38,239,"COL",NA,NA,NA,NA
"404","Tuberculosis",2014,39,223,"COL",NA,NA,NA,NA
"405","Tuberculosis",2014,40,257,"COL",NA,NA,NA,NA
"406","Tuberculosis",2014,41,248,"COL",NA,NA,NA,NA
"407","Tuberculosis",2014,42,203,"COL",NA,NA,NA,NA
"408","Tuberculosis",2014,43,243,"COL",NA,NA,NA,NA
"409","Tuberculosis",2014,44,226,"COL",NA,NA,NA,NA
"410","Tuberculosis",2014,45,215,"COL",NA,NA,NA,NA
"411","Tuberculosis",2014,46,207,"COL",NA,NA,NA,NA
"412","Tuberculosis",2014,47,200,"COL",NA,NA,NA,NA
"413","Tuberculosis",2014,48,244,"COL",NA,NA,NA,NA
"414","Tuberculosis",2014,49,223,"COL",NA,NA,NA,NA
"415","Tuberculosis",2014,50,205,"COL",NA,NA,NA,NA
"416","Tuberculosis",2014,51,210,"COL",NA,NA,NA,NA
"417","Tuberculosis",2014,52,174,"COL",NA,NA,NA,NA
"418","Tuberculosis",2014,53,161,"COL",NA,NA,NA,NA
"419","Tuberculosis",2015,1,253,"COL",NA,NA,NA,NA
"420","Tuberculosis",2015,2,220,"COL",NA,NA,NA,NA
"421","Tuberculosis",2015,3,275,"COL",NA,NA,NA,NA
"422","Tuberculosis",2015,4,251,"COL",NA,NA,NA,NA
"423","Tuberculosis",2015,5,273,"COL",NA,NA,NA,NA
"424","Tuberculosis",2015,6,270,"COL",NA,NA,NA,NA
"425","Tuberculosis",2015,7,280,"COL",NA,NA,NA,NA
"426","Tuberculosis",2015,8,256,"COL",NA,NA,NA,NA
"427","Tuberculosis",2015,9,248,"COL",NA,NA,NA,NA
"428","Tuberculosis",2015,10,294,"COL",NA,NA,NA,NA
"429","Tuberculosis",2015,11,263,"COL",NA,NA,NA,NA
"430","Tuberculosis",2015,12,243,"COL",NA,NA,NA,NA
"431","Tuberculosis",2015,13,194,"COL",NA,NA,NA,NA
"432","Tuberculosis",2015,14,272,"COL",NA,NA,NA,NA
"433","Tuberculosis",2015,15,286,"COL",NA,NA,NA,NA
"434","Tuberculosis",2015,16,275,"COL",NA,NA,NA,NA
"435","Tuberculosis",2015,17,214,"COL",NA,NA,NA,NA
"436","Tuberculosis",2015,18,293,"COL",NA,NA,NA,NA
"437","Tuberculosis",2015,19,264,"COL",NA,NA,NA,NA
"438","Tuberculosis",2015,20,240,"COL",NA,NA,NA,NA
"439","Tuberculosis",2015,21,281,"COL",NA,NA,NA,NA
"440","Tuberculosis",2015,22,289,"COL",NA,NA,NA,NA
"441","Tuberculosis",2015,23,249,"COL",NA,NA,NA,NA
"442","Tuberculosis",2015,24,237,"COL",NA,NA,NA,NA
"443","Tuberculosis",2015,25,233,"COL",NA,NA,NA,NA
"444","Tuberculosis",2015,26,276,"COL",NA,NA,NA,NA
"445","Tuberculosis",2015,27,268,"COL",NA,NA,NA,NA
"446","Tuberculosis",2015,28,262,"COL",NA,NA,NA,NA
"447","Tuberculosis",2015,29,201,"COL",NA,NA,NA,NA
"448","Tuberculosis",2015,30,282,"COL",NA,NA,NA,NA
"449","Tuberculosis",2015,31,238,"COL",NA,NA,NA,NA
"450","Tuberculosis",2015,32,285,"COL",NA,NA,NA,NA
"451","Tuberculosis",2015,33,266,"COL",NA,NA,NA,NA
"452","Tuberculosis",2015,34,266,"COL",NA,NA,NA,NA
"453","Tuberculosis",2015,35,276,"COL",NA,NA,NA,NA
"454","Tuberculosis",2015,36,253,"COL",NA,NA,NA,NA
"455","Tuberculosis",2015,37,242,"COL",NA,NA,NA,NA
"456","Tuberculosis",2015,38,288,"COL",NA,NA,NA,NA
"457","Tuberculosis",2015,39,252,"COL",NA,NA,NA,NA
"458","Tuberculosis",2015,40,243,"COL",NA,NA,NA,NA
"459","Tuberculosis",2015,41,228,"COL",NA,NA,NA,NA
"460","Tuberculosis",2015,42,270,"COL",NA,NA,NA,NA
"461","Tuberculosis",2015,43,245,"COL",NA,NA,NA,NA
"462","Tuberculosis",2015,44,229,"COL",NA,NA,NA,NA
"463","Tuberculosis",2015,45,237,"COL",NA,NA,NA,NA
"464","Tuberculosis",2015,46,225,"COL",NA,NA,NA,NA
"465","Tuberculosis",2015,47,236,"COL",NA,NA,NA,NA
"466","Tuberculosis",2015,48,230,"COL",NA,NA,NA,NA
"467","Tuberculosis",2015,49,183,"COL",NA,NA,NA,NA
"468","Tuberculosis",2015,50,203,"COL",NA,NA,NA,NA
"469","Tuberculosis",2015,51,130,"COL",NA,NA,NA,NA
"470","Tuberculosis",2015,52,76,"COL",NA,NA,NA,NA
"471","Tuberculosis",2016,1,293,"COL",NA,NA,NA,NA
"472","Tuberculosis",2016,2,252,"COL",NA,NA,NA,NA
"473","Tuberculosis",2016,3,273,"COL",NA,NA,NA,NA
"474","Tuberculosis",2016,4,256,"COL",NA,NA,NA,NA
"475","Tuberculosis",2016,5,265,"COL",NA,NA,NA,NA
"476","Tuberculosis",2016,6,271,"COL",NA,NA,NA,NA
"477","Tuberculosis",2016,7,272,"COL",NA,NA,NA,NA
"478","Tuberculosis",2016,8,289,"COL",NA,NA,NA,NA
"479","Tuberculosis",2016,9,302,"COL",NA,NA,NA,NA
"480","Tuberculosis",2016,10,295,"COL",NA,NA,NA,NA
"481","Tuberculosis",2016,11,273,"COL",NA,NA,NA,NA
"482","Tuberculosis",2016,12,162,"COL",NA,NA,NA,NA
"483","Tuberculosis",2016,13,264,"COL",NA,NA,NA,NA
"484","Tuberculosis",2016,14,264,"COL",NA,NA,NA,NA
"485","Tuberculosis",2016,15,317,"COL",NA,NA,NA,NA
"486","Tuberculosis",2016,16,289,"COL",NA,NA,NA,NA
"487","Tuberculosis",2016,17,280,"COL",NA,NA,NA,NA
"488","Tuberculosis",2016,18,302,"COL",NA,NA,NA,NA
"489","Tuberculosis",2016,19,234,"COL",NA,NA,NA,NA
"490","Tuberculosis",2016,20,282,"COL",NA,NA,NA,NA
"491","Tuberculosis",2016,21,281,"COL",NA,NA,NA,NA
"492","Tuberculosis",2016,22,238,"COL",NA,NA,NA,NA
"493","Tuberculosis",2016,23,248,"COL",NA,NA,NA,NA
"494","Tuberculosis",2016,24,269,"COL",NA,NA,NA,NA
"495","Tuberculosis",2016,25,238,"COL",NA,NA,NA,NA
"496","Tuberculosis",2016,26,304,"COL",NA,NA,NA,NA
"497","Tuberculosis",2016,27,253,"COL",NA,NA,NA,NA
"498","Tuberculosis",2016,28,302,"COL",NA,NA,NA,NA
"499","Tuberculosis",2016,29,227,"COL",NA,NA,NA,NA
"500","Tuberculosis",2016,30,288,"COL",NA,NA,NA,NA
"501","Tuberculosis",2016,31,294,"COL",NA,NA,NA,NA
"502","Tuberculosis",2016,32,287,"COL",NA,NA,NA,NA
"503","Tuberculosis",2016,33,245,"COL",NA,NA,NA,NA
"504","Tuberculosis",2016,34,256,"COL",NA,NA,NA,NA
"505","Tuberculosis",2016,35,300,"COL",NA,NA,NA,NA
"506","Tuberculosis",2016,36,284,"COL",NA,NA,NA,NA
"507","Tuberculosis",2016,37,288,"COL",NA,NA,NA,NA
"508","Tuberculosis",2016,38,264,"COL",NA,NA,NA,NA
"509","Tuberculosis",2016,39,299,"COL",NA,NA,NA,NA
"510","Tuberculosis",2016,40,304,"COL",NA,NA,NA,NA
"511","Tuberculosis",2016,41,286,"COL",NA,NA,NA,NA
"512","Tuberculosis",2016,42,247,"COL",NA,NA,NA,NA
"513","Tuberculosis",2016,43,269,"COL",NA,NA,NA,NA
"514","Tuberculosis",2016,44,253,"COL",NA,NA,NA,NA
"515","Tuberculosis",2016,45,212,"COL",NA,NA,NA,NA
"516","Tuberculosis",2016,46,241,"COL",NA,NA,NA,NA
"517","Tuberculosis",2016,47,277,"COL",NA,NA,NA,NA
"518","Tuberculosis",2016,48,266,"COL",NA,NA,NA,NA
"519","Tuberculosis",2016,49,209,"COL",NA,NA,NA,NA
"520","Tuberculosis",2016,50,282,"COL",NA,NA,NA,NA
"521","Tuberculosis",2016,51,230,"COL",NA,NA,NA,NA
"522","Tuberculosis",2016,52,211,"COL",NA,NA,NA,NA
"523","Tuberculosis",2017,1,283,"COL",NA,NA,NA,NA
"524","Tuberculosis",2017,2,249,"COL",NA,NA,NA,NA
"525","Tuberculosis",2017,3,341,"COL",NA,NA,NA,NA
"526","Tuberculosis",2017,4,284,"COL",NA,NA,NA,NA
"527","Tuberculosis",2017,5,306,"COL",NA,NA,NA,NA
"528","Tuberculosis",2017,6,302,"COL",NA,NA,NA,NA
"529","Tuberculosis",2017,7,283,"COL",NA,NA,NA,NA
"530","Tuberculosis",2017,8,271,"COL",NA,NA,NA,NA
"531","Tuberculosis",2017,9,297,"COL",NA,NA,NA,NA
"532","Tuberculosis",2017,10,322,"COL",NA,NA,NA,NA
"533","Tuberculosis",2017,11,281,"COL",NA,NA,NA,NA
"534","Tuberculosis",2017,12,269,"COL",NA,NA,NA,NA
"535","Tuberculosis",2017,13,317,"COL",NA,NA,NA,NA
"536","Tuberculosis",2017,14,303,"COL",NA,NA,NA,NA
"537","Tuberculosis",2017,15,209,"COL",NA,NA,NA,NA
"538","Tuberculosis",2017,16,309,"COL",NA,NA,NA,NA
"539","Tuberculosis",2017,17,283,"COL",NA,NA,NA,NA
"540","Tuberculosis",2017,18,242,"COL",NA,NA,NA,NA
"541","Tuberculosis",2017,19,285,"COL",NA,NA,NA,NA
"542","Tuberculosis",2017,20,309,"COL",NA,NA,NA,NA
"543","Tuberculosis",2017,21,283,"COL",NA,NA,NA,NA
"544","Tuberculosis",2017,22,256,"COL",NA,NA,NA,NA
"545","Tuberculosis",2017,23,330,"COL",NA,NA,NA,NA
"546","Tuberculosis",2017,24,293,"COL",NA,NA,NA,NA
"547","Tuberculosis",2017,25,269,"COL",NA,NA,NA,NA
"548","Tuberculosis",2017,26,267,"COL",NA,NA,NA,NA
"549","Tuberculosis",2017,27,264,"COL",NA,NA,NA,NA
"550","Tuberculosis",2017,28,276,"COL",NA,NA,NA,NA
"551","Tuberculosis",2017,29,289,"COL",NA,NA,NA,NA
"552","Tuberculosis",2017,30,269,"COL",NA,NA,NA,NA
"553","Tuberculosis",2017,31,260,"COL",NA,NA,NA,NA
"554","Tuberculosis",2017,32,245,"COL",NA,NA,NA,NA
"555","Tuberculosis",2017,33,298,"COL",NA,NA,NA,NA
"556","Tuberculosis",2017,34,246,"COL",NA,NA,NA,NA
"557","Tuberculosis",2017,35,278,"COL",NA,NA,NA,NA
"558","Tuberculosis",2017,36,292,"COL",NA,NA,NA,NA
"559","Tuberculosis",2017,37,290,"COL",NA,NA,NA,NA
"560","Tuberculosis",2017,38,308,"COL",NA,NA,NA,NA
"561","Tuberculosis",2017,39,291,"COL",NA,NA,NA,NA
"562","Tuberculosis",2017,40,257,"COL",NA,NA,NA,NA
"563","Tuberculosis",2017,41,296,"COL",NA,NA,NA,NA
"564","Tuberculosis",2017,42,266,"COL",NA,NA,NA,NA
"565","Tuberculosis",2017,43,291,"COL",NA,NA,NA,NA
"566","Tuberculosis",2017,44,263,"COL",NA,NA,NA,NA
"567","Tuberculosis",2017,45,268,"COL",NA,NA,NA,NA
"568","Tuberculosis",2017,46,217,"COL",NA,NA,NA,NA
"569","Tuberculosis",2017,47,300,"COL",NA,NA,NA,NA
"570","Tuberculosis",2017,48,287,"COL",NA,NA,NA,NA
"571","Tuberculosis",2017,49,229,"COL",NA,NA,NA,NA
"572","Tuberculosis",2017,50,264,"COL",NA,NA,NA,NA
"573","Tuberculosis",2017,51,257,"COL",NA,NA,NA,NA
"574","Tuberculosis",2017,52,207,"COL",NA,NA,NA,NA
"575","Tuberculosis",2018,1,255,"COL",NA,NA,NA,NA
"576","Tuberculosis",2018,2,265,"COL",NA,NA,NA,NA
"577","Tuberculosis",2018,3,292,"COL",NA,NA,NA,NA
"578","Tuberculosis",2018,4,305,"COL",NA,NA,NA,NA
"579","Tuberculosis",2018,5,284,"COL",NA,NA,NA,NA
"580","Tuberculosis",2018,6,314,"COL",NA,NA,NA,NA
"581","Tuberculosis",2018,7,264,"COL",NA,NA,NA,NA
"582","Tuberculosis",2018,8,291,"COL",NA,NA,NA,NA
"583","Tuberculosis",2018,9,311,"COL",NA,NA,NA,NA
"584","Tuberculosis",2018,10,326,"COL",NA,NA,NA,NA
"585","Tuberculosis",2018,11,323,"COL",NA,NA,NA,NA
"586","Tuberculosis",2018,12,280,"COL",NA,NA,NA,NA
"587","Tuberculosis",2018,13,175,"COL",NA,NA,NA,NA
"588","Tuberculosis",2018,14,288,"COL",NA,NA,NA,NA
"589","Tuberculosis",2018,15,313,"COL",NA,NA,NA,NA
"590","Tuberculosis",2018,16,293,"COL",NA,NA,NA,NA
"591","Tuberculosis",2018,17,311,"COL",NA,NA,NA,NA
"592","Tuberculosis",2018,18,238,"COL",NA,NA,NA,NA
"593","Tuberculosis",2018,19,307,"COL",NA,NA,NA,NA
"594","Tuberculosis",2018,20,277,"COL",NA,NA,NA,NA
"595","Tuberculosis",2018,21,287,"COL",NA,NA,NA,NA
"596","Tuberculosis",2018,22,291,"COL",NA,NA,NA,NA
"597","Tuberculosis",2018,23,262,"COL",NA,NA,NA,NA
"598","Tuberculosis",2018,24,259,"COL",NA,NA,NA,NA
"599","Tuberculosis",2018,25,272,"COL",NA,NA,NA,NA
"600","Tuberculosis",2018,26,263,"COL",NA,NA,NA,NA
"601","Tuberculosis",2018,27,248,"COL",NA,NA,NA,NA
"602","Tuberculosis",2018,28,265,"COL",NA,NA,NA,NA
"603","Tuberculosis",2018,29,273,"COL",NA,NA,NA,NA
"604","Tuberculosis",2018,30,277,"COL",NA,NA,NA,NA
"605","Tuberculosis",2018,31,285,"COL",NA,NA,NA,NA
"606","Tuberculosis",2018,32,260,"COL",NA,NA,NA,NA
"607","Tuberculosis",2018,33,277,"COL",NA,NA,NA,NA
"608","Tuberculosis",2018,34,270,"COL",NA,NA,NA,NA
"609","Tuberculosis",2018,35,277,"COL",NA,NA,NA,NA
"610","Tuberculosis",2018,36,304,"COL",NA,NA,NA,NA
"611","Tuberculosis",2018,37,297,"COL",NA,NA,NA,NA
"612","Tuberculosis",2018,38,288,"COL",NA,NA,NA,NA
"613","Tuberculosis",2018,39,271,"COL",NA,NA,NA,NA
"614","Tuberculosis",2018,40,295,"COL",NA,NA,NA,NA
"615","Tuberculosis",2018,41,264,"COL",NA,NA,NA,NA
"616","Tuberculosis",2018,42,263,"COL",NA,NA,NA,NA
"617","Tuberculosis",2018,43,277,"COL",NA,NA,NA,NA
"618","Tuberculosis",2018,44,278,"COL",NA,NA,NA,NA
"619","Tuberculosis",2018,45,251,"COL",NA,NA,NA,NA
"620","Tuberculosis",2018,46,261,"COL",NA,NA,NA,NA
"621","Tuberculosis",2018,47,310,"COL",NA,NA,NA,NA
"622","Tuberculosis",2018,48,281,"COL",NA,NA,NA,NA
"623","Tuberculosis",2018,49,249,"COL",NA,NA,NA,NA
"624","Tuberculosis",2018,50,265,"COL",NA,NA,NA,NA
"625","Tuberculosis",2018,51,257,"COL",NA,NA,NA,NA
"626","Tuberculosis",2018,52,190,"COL",NA,NA,NA,NA
"627","Tuberculosis",2019,1,227,"COL",NA,NA,NA,NA
"628","Tuberculosis",2019,2,272,"COL",NA,NA,NA,NA
"629","Tuberculosis",2019,3,293,"COL",NA,NA,NA,NA
"630","Tuberculosis",2019,4,336,"COL",NA,NA,NA,NA
"631","Tuberculosis",2019,5,311,"COL",NA,NA,NA,NA
"632","Tuberculosis",2019,6,288,"COL",NA,NA,NA,NA
"633","Tuberculosis",2019,7,329,"COL",NA,NA,NA,NA
"634","Tuberculosis",2019,8,287,"COL",NA,NA,NA,NA
"635","Tuberculosis",2019,9,330,"COL",NA,NA,NA,NA
"636","Tuberculosis",2019,10,276,"COL",NA,NA,NA,NA
"637","Tuberculosis",2019,11,298,"COL",NA,NA,NA,NA
"638","Tuberculosis",2019,12,319,"COL",NA,NA,NA,NA
"639","Tuberculosis",2019,13,263,"COL",NA,NA,NA,NA
"640","Tuberculosis",2019,14,299,"COL",NA,NA,NA,NA
"641","Tuberculosis",2019,15,289,"COL",NA,NA,NA,NA
"642","Tuberculosis",2019,16,203,"COL",NA,NA,NA,NA
"643","Tuberculosis",2019,17,342,"COL",NA,NA,NA,NA
"644","Tuberculosis",2019,18,251,"COL",NA,NA,NA,NA
"645","Tuberculosis",2019,19,291,"COL",NA,NA,NA,NA
"646","Tuberculosis",2019,20,292,"COL",NA,NA,NA,NA
"647","Tuberculosis",2019,21,343,"COL",NA,NA,NA,NA
"648","Tuberculosis",2019,22,283,"COL",NA,NA,NA,NA
"649","Tuberculosis",2019,23,259,"COL",NA,NA,NA,NA
"650","Tuberculosis",2019,24,299,"COL",NA,NA,NA,NA
"651","Tuberculosis",2019,25,278,"COL",NA,NA,NA,NA
"652","Tuberculosis",2019,26,276,"COL",NA,NA,NA,NA
"653","Tuberculosis",2019,27,223,"COL",NA,NA,NA,NA
"654","Tuberculosis",2019,28,322,"COL",NA,NA,NA,NA
"655","Tuberculosis",2019,29,294,"COL",NA,NA,NA,NA
"656","Tuberculosis",2019,30,323,"COL",NA,NA,NA,NA
"657","Tuberculosis",2019,31,314,"COL",NA,NA,NA,NA
"658","Tuberculosis",2019,32,290,"COL",NA,NA,NA,NA
"659","Tuberculosis",2019,33,290,"COL",NA,NA,NA,NA
"660","Tuberculosis",2019,34,266,"COL",NA,NA,NA,NA
"661","Tuberculosis",2019,35,309,"COL",NA,NA,NA,NA
"662","Tuberculosis",2019,36,344,"COL",NA,NA,NA,NA
"663","Tuberculosis",2019,37,324,"COL",NA,NA,NA,NA
"664","Tuberculosis",2019,38,326,"COL",NA,NA,NA,NA
"665","Tuberculosis",2019,39,280,"COL",NA,NA,NA,NA
"666","Tuberculosis",2019,40,278,"COL",NA,NA,NA,NA
"667","Tuberculosis",2019,41,327,"COL",NA,NA,NA,NA
"668","Tuberculosis",2019,42,258,"COL",NA,NA,NA,NA
"669","Tuberculosis",2019,43,282,"COL",NA,NA,NA,NA
"670","Tuberculosis",2019,44,291,"COL",NA,NA,NA,NA
"671","Tuberculosis",2019,45,256,"COL",NA,NA,NA,NA
"672","Tuberculosis",2019,46,279,"COL",NA,NA,NA,NA
"673","Tuberculosis",2019,47,291,"COL",NA,NA,NA,NA
"674","Tuberculosis",2019,48,290,"COL",NA,NA,NA,NA
"675","Tuberculosis",2019,49,248,"COL",NA,NA,NA,NA
"676","Tuberculosis",2019,50,254,"COL",NA,NA,NA,NA
"677","Tuberculosis",2019,51,197,"COL",NA,NA,NA,NA
"678","Tuberculosis",2019,52,98,"COL",NA,NA,NA,NA
