"","Disease","EpiYear","EpiWeek","Incidence","ADM0","ADM1","ADM2","NA","NA"
"1","Measles",2011,1,0,"COL",NA,NA,NA,NA
"2","Measles",2011,2,0,"COL",NA,NA,NA,NA
"3","Measles",2011,3,0,"COL",NA,NA,NA,NA
"4","Measles",2011,4,0,"COL",NA,NA,NA,NA
"5","Measles",2011,5,0,"COL",NA,NA,NA,NA
"6","Measles",2011,6,0,"COL",NA,NA,NA,NA
"7","Measles",2011,7,0,"COL",NA,NA,NA,NA
"8","Measles",2011,8,0,"COL",NA,NA,NA,NA
"9","Measles",2011,9,0,"COL",NA,NA,NA,NA
"10","Measles",2011,10,0,"COL",NA,NA,NA,NA
"11","Measles",2011,11,0,"COL",NA,NA,NA,NA
"12","Measles",2011,12,0,"COL",NA,NA,NA,NA
"13","Measles",2011,13,0,"COL",NA,NA,NA,NA
"14","Measles",2011,14,0,"COL",NA,NA,NA,NA
"15","Measles",2011,15,0,"COL",NA,NA,NA,NA
"16","Measles",2011,16,0,"COL",NA,NA,NA,NA
"17","Measles",2011,17,0,"COL",NA,NA,NA,NA
"18","Measles",2011,18,0,"COL",NA,NA,NA,NA
"19","Measles",2011,19,0,"COL",NA,NA,NA,NA
"20","Measles",2011,20,0,"COL",NA,NA,NA,NA
"21","Measles",2011,21,0,"COL",NA,NA,NA,NA
"22","Measles",2011,22,0,"COL",NA,NA,NA,NA
"23","Measles",2011,23,0,"COL",NA,NA,NA,NA
"24","Measles",2011,24,0,"COL",NA,NA,NA,NA
"25","Measles",2011,25,0,"COL",NA,NA,NA,NA
"26","Measles",2011,26,0,"COL",NA,NA,NA,NA
"27","Measles",2011,27,0,"COL",NA,NA,NA,NA
"28","Measles",2011,28,0,"COL",NA,NA,NA,NA
"29","Measles",2011,29,0,"COL",NA,NA,NA,NA
"30","Measles",2011,30,0,"COL",NA,NA,NA,NA
"31","Measles",2011,31,0,"COL",NA,NA,NA,NA
"32","Measles",2011,32,1,"COL",NA,NA,NA,NA
"33","Measles",2011,33,2,"COL",NA,NA,NA,NA
"34","Measles",2011,34,0,"COL",NA,NA,NA,NA
"35","Measles",2011,35,2,"COL",NA,NA,NA,NA
"36","Measles",2011,36,0,"COL",NA,NA,NA,NA
"37","Measles",2011,37,1,"COL",NA,NA,NA,NA
"38","Measles",2011,38,0,"COL",NA,NA,NA,NA
"39","Measles",2011,39,0,"COL",NA,NA,NA,NA
"40","Measles",2011,40,0,"COL",NA,NA,NA,NA
"41","Measles",2011,41,0,"COL",NA,NA,NA,NA
"42","Measles",2011,42,0,"COL",NA,NA,NA,NA
"43","Measles",2011,43,0,"COL",NA,NA,NA,NA
"44","Measles",2011,44,0,"COL",NA,NA,NA,NA
"45","Measles",2011,45,0,"COL",NA,NA,NA,NA
"46","Measles",2011,46,0,"COL",NA,NA,NA,NA
"47","Measles",2011,47,0,"COL",NA,NA,NA,NA
"48","Measles",2011,48,0,"COL",NA,NA,NA,NA
"49","Measles",2011,49,0,"COL",NA,NA,NA,NA
"50","Measles",2011,50,0,"COL",NA,NA,NA,NA
"51","Measles",2011,51,0,"COL",NA,NA,NA,NA
"52","Measles",2011,52,0,"COL",NA,NA,NA,NA
"53","Measles",2012,1,0,"COL",NA,NA,NA,NA
"54","Measles",2012,2,0,"COL",NA,NA,NA,NA
"55","Measles",2012,3,0,"COL",NA,NA,NA,NA
"56","Measles",2012,4,0,"COL",NA,NA,NA,NA
"57","Measles",2012,5,1,"COL",NA,NA,NA,NA
"58","Measles",2012,6,0,"COL",NA,NA,NA,NA
"59","Measles",2012,7,0,"COL",NA,NA,NA,NA
"60","Measles",2012,8,0,"COL",NA,NA,NA,NA
"61","Measles",2012,9,0,"COL",NA,NA,NA,NA
"62","Measles",2012,10,0,"COL",NA,NA,NA,NA
"63","Measles",2012,11,0,"COL",NA,NA,NA,NA
"64","Measles",2012,12,0,"COL",NA,NA,NA,NA
"65","Measles",2012,13,0,"COL",NA,NA,NA,NA
"66","Measles",2012,14,0,"COL",NA,NA,NA,NA
"67","Measles",2012,15,0,"COL",NA,NA,NA,NA
"68","Measles",2012,16,0,"COL",NA,NA,NA,NA
"69","Measles",2012,17,0,"COL",NA,NA,NA,NA
"70","Measles",2012,18,0,"COL",NA,NA,NA,NA
"71","Measles",2012,19,0,"COL",NA,NA,NA,NA
"72","Measles",2012,20,0,"COL",NA,NA,NA,NA
"73","Measles",2012,21,0,"COL",NA,NA,NA,NA
"74","Measles",2012,22,0,"COL",NA,NA,NA,NA
"75","Measles",2012,23,0,"COL",NA,NA,NA,NA
"76","Measles",2012,24,0,"COL",NA,NA,NA,NA
"77","Measles",2012,25,0,"COL",NA,NA,NA,NA
"78","Measles",2012,26,0,"COL",NA,NA,NA,NA
"79","Measles",2012,27,0,"COL",NA,NA,NA,NA
"80","Measles",2012,28,0,"COL",NA,NA,NA,NA
"81","Measles",2012,29,0,"COL",NA,NA,NA,NA
"82","Measles",2012,30,0,"COL",NA,NA,NA,NA
"83","Measles",2012,31,0,"COL",NA,NA,NA,NA
"84","Measles",2012,32,0,"COL",NA,NA,NA,NA
"85","Measles",2012,33,0,"COL",NA,NA,NA,NA
"86","Measles",2012,34,0,"COL",NA,NA,NA,NA
"87","Measles",2012,35,0,"COL",NA,NA,NA,NA
"88","Measles",2012,36,0,"COL",NA,NA,NA,NA
"89","Measles",2012,37,0,"COL",NA,NA,NA,NA
"90","Measles",2012,38,0,"COL",NA,NA,NA,NA
"91","Measles",2012,39,0,"COL",NA,NA,NA,NA
"92","Measles",2012,40,0,"COL",NA,NA,NA,NA
"93","Measles",2012,41,0,"COL",NA,NA,NA,NA
"94","Measles",2012,42,0,"COL",NA,NA,NA,NA
"95","Measles",2012,43,0,"COL",NA,NA,NA,NA
"96","Measles",2012,44,0,"COL",NA,NA,NA,NA
"97","Measles",2012,45,0,"COL",NA,NA,NA,NA
"98","Measles",2012,46,0,"COL",NA,NA,NA,NA
"99","Measles",2012,47,0,"COL",NA,NA,NA,NA
"100","Measles",2012,48,0,"COL",NA,NA,NA,NA
"101","Measles",2012,49,0,"COL",NA,NA,NA,NA
"102","Measles",2012,50,0,"COL",NA,NA,NA,NA
"103","Measles",2012,51,0,"COL",NA,NA,NA,NA
"104","Measles",2012,52,0,"COL",NA,NA,NA,NA
"105","Measles",2013,1,0,"COL",NA,NA,NA,NA
"106","Measles",2013,2,0,"COL",NA,NA,NA,NA
"107","Measles",2013,3,0,"COL",NA,NA,NA,NA
"108","Measles",2013,4,0,"COL",NA,NA,NA,NA
"109","Measles",2013,5,0,"COL",NA,NA,NA,NA
"110","Measles",2013,6,0,"COL",NA,NA,NA,NA
"111","Measles",2013,7,0,"COL",NA,NA,NA,NA
"112","Measles",2013,8,0,"COL",NA,NA,NA,NA
"113","Measles",2013,9,0,"COL",NA,NA,NA,NA
"114","Measles",2013,10,0,"COL",NA,NA,NA,NA
"115","Measles",2013,11,0,"COL",NA,NA,NA,NA
"116","Measles",2013,12,0,"COL",NA,NA,NA,NA
"117","Measles",2013,13,0,"COL",NA,NA,NA,NA
"118","Measles",2013,14,0,"COL",NA,NA,NA,NA
"119","Measles",2013,15,0,"COL",NA,NA,NA,NA
"120","Measles",2013,16,0,"COL",NA,NA,NA,NA
"121","Measles",2013,17,0,"COL",NA,NA,NA,NA
"122","Measles",2013,18,0,"COL",NA,NA,NA,NA
"123","Measles",2013,19,0,"COL",NA,NA,NA,NA
"124","Measles",2013,20,0,"COL",NA,NA,NA,NA
"125","Measles",2013,21,0,"COL",NA,NA,NA,NA
"126","Measles",2013,22,0,"COL",NA,NA,NA,NA
"127","Measles",2013,23,0,"COL",NA,NA,NA,NA
"128","Measles",2013,24,0,"COL",NA,NA,NA,NA
"129","Measles",2013,25,1,"COL",NA,NA,NA,NA
"130","Measles",2013,26,0,"COL",NA,NA,NA,NA
"131","Measles",2013,27,0,"COL",NA,NA,NA,NA
"132","Measles",2013,28,0,"COL",NA,NA,NA,NA
"133","Measles",2013,29,0,"COL",NA,NA,NA,NA
"134","Measles",2013,30,0,"COL",NA,NA,NA,NA
"135","Measles",2013,31,0,"COL",NA,NA,NA,NA
"136","Measles",2013,32,0,"COL",NA,NA,NA,NA
"137","Measles",2013,33,0,"COL",NA,NA,NA,NA
"138","Measles",2013,34,0,"COL",NA,NA,NA,NA
"139","Measles",2013,35,0,"COL",NA,NA,NA,NA
"140","Measles",2013,36,0,"COL",NA,NA,NA,NA
"141","Measles",2013,37,0,"COL",NA,NA,NA,NA
"142","Measles",2013,38,0,"COL",NA,NA,NA,NA
"143","Measles",2013,39,0,"COL",NA,NA,NA,NA
"144","Measles",2013,40,0,"COL",NA,NA,NA,NA
"145","Measles",2013,41,0,"COL",NA,NA,NA,NA
"146","Measles",2013,42,0,"COL",NA,NA,NA,NA
"147","Measles",2013,43,0,"COL",NA,NA,NA,NA
"148","Measles",2013,44,0,"COL",NA,NA,NA,NA
"149","Measles",2013,45,0,"COL",NA,NA,NA,NA
"150","Measles",2013,46,0,"COL",NA,NA,NA,NA
"151","Measles",2013,47,0,"COL",NA,NA,NA,NA
"152","Measles",2013,48,0,"COL",NA,NA,NA,NA
"153","Measles",2013,49,0,"COL",NA,NA,NA,NA
"154","Measles",2013,50,0,"COL",NA,NA,NA,NA
"155","Measles",2013,51,0,"COL",NA,NA,NA,NA
"156","Measles",2013,52,0,"COL",NA,NA,NA,NA
"157","Measles",2018,1,0,"COL",NA,NA,NA,NA
"158","Measles",2018,2,0,"COL",NA,NA,NA,NA
"159","Measles",2018,3,0,"COL",NA,NA,NA,NA
"160","Measles",2018,4,0,"COL",NA,NA,NA,NA
"161","Measles",2018,5,0,"COL",NA,NA,NA,NA
"162","Measles",2018,6,0,"COL",NA,NA,NA,NA
"163","Measles",2018,7,0,"COL",NA,NA,NA,NA
"164","Measles",2018,8,0,"COL",NA,NA,NA,NA
"165","Measles",2018,9,0,"COL",NA,NA,NA,NA
"166","Measles",2018,10,1,"COL",NA,NA,NA,NA
"167","Measles",2018,11,1,"COL",NA,NA,NA,NA
"168","Measles",2018,12,2,"COL",NA,NA,NA,NA
"169","Measles",2018,13,1,"COL",NA,NA,NA,NA
"170","Measles",2018,14,3,"COL",NA,NA,NA,NA
"171","Measles",2018,15,6,"COL",NA,NA,NA,NA
"172","Measles",2018,16,2,"COL",NA,NA,NA,NA
"173","Measles",2018,17,6,"COL",NA,NA,NA,NA
"174","Measles",2018,18,1,"COL",NA,NA,NA,NA
"175","Measles",2018,19,2,"COL",NA,NA,NA,NA
"176","Measles",2018,20,1,"COL",NA,NA,NA,NA
"177","Measles",2018,21,0,"COL",NA,NA,NA,NA
"178","Measles",2018,22,1,"COL",NA,NA,NA,NA
"179","Measles",2018,23,3,"COL",NA,NA,NA,NA
"180","Measles",2018,24,3,"COL",NA,NA,NA,NA
"181","Measles",2018,25,1,"COL",NA,NA,NA,NA
"182","Measles",2018,26,3,"COL",NA,NA,NA,NA
"183","Measles",2018,27,4,"COL",NA,NA,NA,NA
"184","Measles",2018,28,2,"COL",NA,NA,NA,NA
"185","Measles",2018,29,6,"COL",NA,NA,NA,NA
"186","Measles",2018,30,8,"COL",NA,NA,NA,NA
"187","Measles",2018,31,2,"COL",NA,NA,NA,NA
"188","Measles",2018,32,3,"COL",NA,NA,NA,NA
"189","Measles",2018,33,5,"COL",NA,NA,NA,NA
"190","Measles",2018,34,4,"COL",NA,NA,NA,NA
"191","Measles",2018,35,12,"COL",NA,NA,NA,NA
"192","Measles",2018,36,5,"COL",NA,NA,NA,NA
"193","Measles",2018,37,10,"COL",NA,NA,NA,NA
"194","Measles",2018,38,9,"COL",NA,NA,NA,NA
"195","Measles",2018,39,15,"COL",NA,NA,NA,NA
"196","Measles",2018,40,9,"COL",NA,NA,NA,NA
"197","Measles",2018,41,9,"COL",NA,NA,NA,NA
"198","Measles",2018,42,15,"COL",NA,NA,NA,NA
"199","Measles",2018,43,6,"COL",NA,NA,NA,NA
"200","Measles",2018,44,7,"COL",NA,NA,NA,NA
"201","Measles",2018,45,7,"COL",NA,NA,NA,NA
"202","Measles",2018,46,6,"COL",NA,NA,NA,NA
"203","Measles",2018,47,3,"COL",NA,NA,NA,NA
"204","Measles",2018,48,3,"COL",NA,NA,NA,NA
"205","Measles",2018,49,2,"COL",NA,NA,NA,NA
"206","Measles",2018,50,5,"COL",NA,NA,NA,NA
"207","Measles",2018,51,5,"COL",NA,NA,NA,NA
"208","Measles",2018,52,9,"COL",NA,NA,NA,NA
