"","Disease","EpiYear","EpiWeek","Incidence","ADM0","ADM1","ADM2","NA","NA"
"1","Malaria (P. vivax)",2007,1,348,"COL",NA,NA,NA,NA
"2","Malaria (P. vivax)",2007,2,181,"COL",NA,NA,NA,NA
"3","Malaria (P. vivax)",2007,3,261,"COL",NA,NA,NA,NA
"4","Malaria (P. vivax)",2007,4,246,"COL",NA,NA,NA,NA
"5","Malaria (P. vivax)",2007,5,262,"COL",NA,NA,NA,NA
"6","Malaria (P. vivax)",2007,6,250,"COL",NA,NA,NA,NA
"7","Malaria (P. vivax)",2007,7,251,"COL",NA,NA,NA,NA
"8","Malaria (P. vivax)",2007,8,258,"COL",NA,NA,NA,NA
"9","Malaria (P. vivax)",2007,9,310,"COL",NA,NA,NA,NA
"10","Malaria (P. vivax)",2007,10,255,"COL",NA,NA,NA,NA
"11","Malaria (P. vivax)",2007,11,218,"COL",NA,NA,NA,NA
"12","Malaria (P. vivax)",2007,12,283,"COL",NA,NA,NA,NA
"13","Malaria (P. vivax)",2007,13,210,"COL",NA,NA,NA,NA
"14","Malaria (P. vivax)",2007,14,171,"COL",NA,NA,NA,NA
"15","Malaria (P. vivax)",2007,15,227,"COL",NA,NA,NA,NA
"16","Malaria (P. vivax)",2007,16,569,"COL",NA,NA,NA,NA
"17","Malaria (P. vivax)",2007,17,262,"COL",NA,NA,NA,NA
"18","Malaria (P. vivax)",2007,18,319,"COL",NA,NA,NA,NA
"19","Malaria (P. vivax)",2007,19,245,"COL",NA,NA,NA,NA
"20","Malaria (P. vivax)",2007,20,578,"COL",NA,NA,NA,NA
"21","Malaria (P. vivax)",2007,21,582,"COL",NA,NA,NA,NA
"22","Malaria (P. vivax)",2007,22,693,"COL",NA,NA,NA,NA
"23","Malaria (P. vivax)",2007,23,647,"COL",NA,NA,NA,NA
"24","Malaria (P. vivax)",2007,24,548,"COL",NA,NA,NA,NA
"25","Malaria (P. vivax)",2007,25,596,"COL",NA,NA,NA,NA
"26","Malaria (P. vivax)",2007,26,594,"COL",NA,NA,NA,NA
"27","Malaria (P. vivax)",2007,27,635,"COL",NA,NA,NA,NA
"28","Malaria (P. vivax)",2007,28,579,"COL",NA,NA,NA,NA
"29","Malaria (P. vivax)",2007,29,487,"COL",NA,NA,NA,NA
"30","Malaria (P. vivax)",2007,30,680,"COL",NA,NA,NA,NA
"31","Malaria (P. vivax)",2007,31,623,"COL",NA,NA,NA,NA
"32","Malaria (P. vivax)",2007,32,570,"COL",NA,NA,NA,NA
"33","Malaria (P. vivax)",2007,33,537,"COL",NA,NA,NA,NA
"34","Malaria (P. vivax)",2007,34,509,"COL",NA,NA,NA,NA
"35","Malaria (P. vivax)",2007,35,569,"COL",NA,NA,NA,NA
"36","Malaria (P. vivax)",2007,36,552,"COL",NA,NA,NA,NA
"37","Malaria (P. vivax)",2007,37,529,"COL",NA,NA,NA,NA
"38","Malaria (P. vivax)",2007,38,499,"COL",NA,NA,NA,NA
"39","Malaria (P. vivax)",2007,39,498,"COL",NA,NA,NA,NA
"40","Malaria (P. vivax)",2007,40,483,"COL",NA,NA,NA,NA
"41","Malaria (P. vivax)",2007,41,468,"COL",NA,NA,NA,NA
"42","Malaria (P. vivax)",2007,42,390,"COL",NA,NA,NA,NA
"43","Malaria (P. vivax)",2007,43,441,"COL",NA,NA,NA,NA
"44","Malaria (P. vivax)",2007,44,381,"COL",NA,NA,NA,NA
"45","Malaria (P. vivax)",2007,45,353,"COL",NA,NA,NA,NA
"46","Malaria (P. vivax)",2007,46,199,"COL",NA,NA,NA,NA
"47","Malaria (P. vivax)",2007,47,391,"COL",NA,NA,NA,NA
"48","Malaria (P. vivax)",2007,48,485,"COL",NA,NA,NA,NA
"49","Malaria (P. vivax)",2007,49,311,"COL",NA,NA,NA,NA
"50","Malaria (P. vivax)",2007,50,343,"COL",NA,NA,NA,NA
"51","Malaria (P. vivax)",2007,51,308,"COL",NA,NA,NA,NA
"52","Malaria (P. vivax)",2007,52,259,"COL",NA,NA,NA,NA
"53","Malaria (P. vivax)",2008,1,912,"COL",NA,NA,NA,NA
"54","Malaria (P. vivax)",2008,2,1062,"COL",NA,NA,NA,NA
"55","Malaria (P. vivax)",2008,3,979,"COL",NA,NA,NA,NA
"56","Malaria (P. vivax)",2008,4,959,"COL",NA,NA,NA,NA
"57","Malaria (P. vivax)",2008,5,941,"COL",NA,NA,NA,NA
"58","Malaria (P. vivax)",2008,6,925,"COL",NA,NA,NA,NA
"59","Malaria (P. vivax)",2008,7,750,"COL",NA,NA,NA,NA
"60","Malaria (P. vivax)",2008,8,789,"COL",NA,NA,NA,NA
"61","Malaria (P. vivax)",2008,9,749,"COL",NA,NA,NA,NA
"62","Malaria (P. vivax)",2008,10,715,"COL",NA,NA,NA,NA
"63","Malaria (P. vivax)",2008,11,717,"COL",NA,NA,NA,NA
"64","Malaria (P. vivax)",2008,12,550,"COL",NA,NA,NA,NA
"65","Malaria (P. vivax)",2008,13,637,"COL",NA,NA,NA,NA
"66","Malaria (P. vivax)",2008,14,797,"COL",NA,NA,NA,NA
"67","Malaria (P. vivax)",2008,15,809,"COL",NA,NA,NA,NA
"68","Malaria (P. vivax)",2008,16,875,"COL",NA,NA,NA,NA
"69","Malaria (P. vivax)",2008,17,868,"COL",NA,NA,NA,NA
"70","Malaria (P. vivax)",2008,18,866,"COL",NA,NA,NA,NA
"71","Malaria (P. vivax)",2008,19,1143,"COL",NA,NA,NA,NA
"72","Malaria (P. vivax)",2008,20,1207,"COL",NA,NA,NA,NA
"73","Malaria (P. vivax)",2008,21,851,"COL",NA,NA,NA,NA
"74","Malaria (P. vivax)",2008,22,845,"COL",NA,NA,NA,NA
"75","Malaria (P. vivax)",2008,23,1116,"COL",NA,NA,NA,NA
"76","Malaria (P. vivax)",2008,24,1011,"COL",NA,NA,NA,NA
"77","Malaria (P. vivax)",2008,25,897,"COL",NA,NA,NA,NA
"78","Malaria (P. vivax)",2008,26,773,"COL",NA,NA,NA,NA
"79","Malaria (P. vivax)",2008,27,1034,"COL",NA,NA,NA,NA
"80","Malaria (P. vivax)",2008,28,936,"COL",NA,NA,NA,NA
"81","Malaria (P. vivax)",2008,29,939,"COL",NA,NA,NA,NA
"82","Malaria (P. vivax)",2008,30,920,"COL",NA,NA,NA,NA
"83","Malaria (P. vivax)",2008,31,813,"COL",NA,NA,NA,NA
"84","Malaria (P. vivax)",2008,32,746,"COL",NA,NA,NA,NA
"85","Malaria (P. vivax)",2008,33,854,"COL",NA,NA,NA,NA
"86","Malaria (P. vivax)",2008,34,862,"COL",NA,NA,NA,NA
"87","Malaria (P. vivax)",2008,35,837,"COL",NA,NA,NA,NA
"88","Malaria (P. vivax)",2008,36,823,"COL",NA,NA,NA,NA
"89","Malaria (P. vivax)",2008,37,762,"COL",NA,NA,NA,NA
"90","Malaria (P. vivax)",2008,38,916,"COL",NA,NA,NA,NA
"91","Malaria (P. vivax)",2008,39,804,"COL",NA,NA,NA,NA
"92","Malaria (P. vivax)",2008,40,877,"COL",NA,NA,NA,NA
"93","Malaria (P. vivax)",2008,41,741,"COL",NA,NA,NA,NA
"94","Malaria (P. vivax)",2008,42,814,"COL",NA,NA,NA,NA
"95","Malaria (P. vivax)",2008,43,896,"COL",NA,NA,NA,NA
"96","Malaria (P. vivax)",2008,44,683,"COL",NA,NA,NA,NA
"97","Malaria (P. vivax)",2008,45,799,"COL",NA,NA,NA,NA
"98","Malaria (P. vivax)",2008,46,848,"COL",NA,NA,NA,NA
"99","Malaria (P. vivax)",2008,47,902,"COL",NA,NA,NA,NA
"100","Malaria (P. vivax)",2008,48,906,"COL",NA,NA,NA,NA
"101","Malaria (P. vivax)",2008,49,1003,"COL",NA,NA,NA,NA
"102","Malaria (P. vivax)",2008,50,798,"COL",NA,NA,NA,NA
"103","Malaria (P. vivax)",2008,51,716,"COL",NA,NA,NA,NA
"104","Malaria (P. vivax)",2008,52,553,"COL",NA,NA,NA,NA
"105","Malaria (P. vivax)",2008,53,742,"COL",NA,NA,NA,NA
"106","Malaria (P. vivax)",2009,1,931,"COL",NA,NA,NA,NA
"107","Malaria (P. vivax)",2009,2,977,"COL",NA,NA,NA,NA
"108","Malaria (P. vivax)",2009,3,1218,"COL",NA,NA,NA,NA
"109","Malaria (P. vivax)",2009,4,985,"COL",NA,NA,NA,NA
"110","Malaria (P. vivax)",2009,5,1165,"COL",NA,NA,NA,NA
"111","Malaria (P. vivax)",2009,6,1172,"COL",NA,NA,NA,NA
"112","Malaria (P. vivax)",2009,7,1037,"COL",NA,NA,NA,NA
"113","Malaria (P. vivax)",2009,8,852,"COL",NA,NA,NA,NA
"114","Malaria (P. vivax)",2009,9,1026,"COL",NA,NA,NA,NA
"115","Malaria (P. vivax)",2009,10,868,"COL",NA,NA,NA,NA
"116","Malaria (P. vivax)",2009,11,792,"COL",NA,NA,NA,NA
"117","Malaria (P. vivax)",2009,12,812,"COL",NA,NA,NA,NA
"118","Malaria (P. vivax)",2009,13,835,"COL",NA,NA,NA,NA
"119","Malaria (P. vivax)",2009,14,808,"COL",NA,NA,NA,NA
"120","Malaria (P. vivax)",2009,15,1024,"COL",NA,NA,NA,NA
"121","Malaria (P. vivax)",2009,16,812,"COL",NA,NA,NA,NA
"122","Malaria (P. vivax)",2009,17,914,"COL",NA,NA,NA,NA
"123","Malaria (P. vivax)",2009,18,1012,"COL",NA,NA,NA,NA
"124","Malaria (P. vivax)",2009,19,1186,"COL",NA,NA,NA,NA
"125","Malaria (P. vivax)",2009,20,974,"COL",NA,NA,NA,NA
"126","Malaria (P. vivax)",2009,21,957,"COL",NA,NA,NA,NA
"127","Malaria (P. vivax)",2009,22,1054,"COL",NA,NA,NA,NA
"128","Malaria (P. vivax)",2009,23,1165,"COL",NA,NA,NA,NA
"129","Malaria (P. vivax)",2009,24,1048,"COL",NA,NA,NA,NA
"130","Malaria (P. vivax)",2009,25,986,"COL",NA,NA,NA,NA
"131","Malaria (P. vivax)",2009,26,1110,"COL",NA,NA,NA,NA
"132","Malaria (P. vivax)",2009,27,1101,"COL",NA,NA,NA,NA
"133","Malaria (P. vivax)",2009,28,1183,"COL",NA,NA,NA,NA
"134","Malaria (P. vivax)",2009,29,1231,"COL",NA,NA,NA,NA
"135","Malaria (P. vivax)",2009,30,1364,"COL",NA,NA,NA,NA
"136","Malaria (P. vivax)",2009,31,1310,"COL",NA,NA,NA,NA
"137","Malaria (P. vivax)",2009,32,1202,"COL",NA,NA,NA,NA
"138","Malaria (P. vivax)",2009,33,1260,"COL",NA,NA,NA,NA
"139","Malaria (P. vivax)",2009,34,1319,"COL",NA,NA,NA,NA
"140","Malaria (P. vivax)",2009,35,1365,"COL",NA,NA,NA,NA
"141","Malaria (P. vivax)",2009,36,1153,"COL",NA,NA,NA,NA
"142","Malaria (P. vivax)",2009,37,1230,"COL",NA,NA,NA,NA
"143","Malaria (P. vivax)",2009,38,1300,"COL",NA,NA,NA,NA
"144","Malaria (P. vivax)",2009,39,1344,"COL",NA,NA,NA,NA
"145","Malaria (P. vivax)",2009,40,1351,"COL",NA,NA,NA,NA
"146","Malaria (P. vivax)",2009,41,1383,"COL",NA,NA,NA,NA
"147","Malaria (P. vivax)",2009,42,1398,"COL",NA,NA,NA,NA
"148","Malaria (P. vivax)",2009,43,1119,"COL",NA,NA,NA,NA
"149","Malaria (P. vivax)",2009,44,1305,"COL",NA,NA,NA,NA
"150","Malaria (P. vivax)",2009,45,1133,"COL",NA,NA,NA,NA
"151","Malaria (P. vivax)",2009,46,1103,"COL",NA,NA,NA,NA
"152","Malaria (P. vivax)",2009,47,1224,"COL",NA,NA,NA,NA
"153","Malaria (P. vivax)",2009,48,1060,"COL",NA,NA,NA,NA
"154","Malaria (P. vivax)",2009,49,1010,"COL",NA,NA,NA,NA
"155","Malaria (P. vivax)",2009,50,1013,"COL",NA,NA,NA,NA
"156","Malaria (P. vivax)",2009,51,977,"COL",NA,NA,NA,NA
"157","Malaria (P. vivax)",2009,52,948,"COL",NA,NA,NA,NA
"158","Malaria (P. vivax)",2010,1,1430,"COL",NA,NA,NA,NA
"159","Malaria (P. vivax)",2010,2,1502,"COL",NA,NA,NA,NA
"160","Malaria (P. vivax)",2010,3,1403,"COL",NA,NA,NA,NA
"161","Malaria (P. vivax)",2010,4,1649,"COL",NA,NA,NA,NA
"162","Malaria (P. vivax)",2010,5,2122,"COL",NA,NA,NA,NA
"163","Malaria (P. vivax)",2010,6,2052,"COL",NA,NA,NA,NA
"164","Malaria (P. vivax)",2010,7,2422,"COL",NA,NA,NA,NA
"165","Malaria (P. vivax)",2010,8,2119,"COL",NA,NA,NA,NA
"166","Malaria (P. vivax)",2010,9,2396,"COL",NA,NA,NA,NA
"167","Malaria (P. vivax)",2010,10,2021,"COL",NA,NA,NA,NA
"168","Malaria (P. vivax)",2010,11,2151,"COL",NA,NA,NA,NA
"169","Malaria (P. vivax)",2010,12,2177,"COL",NA,NA,NA,NA
"170","Malaria (P. vivax)",2010,13,2049,"COL",NA,NA,NA,NA
"171","Malaria (P. vivax)",2010,14,2351,"COL",NA,NA,NA,NA
"172","Malaria (P. vivax)",2010,15,2088,"COL",NA,NA,NA,NA
"173","Malaria (P. vivax)",2010,16,2204,"COL",NA,NA,NA,NA
"174","Malaria (P. vivax)",2010,17,2542,"COL",NA,NA,NA,NA
"175","Malaria (P. vivax)",2010,18,2534,"COL",NA,NA,NA,NA
"176","Malaria (P. vivax)",2010,19,2352,"COL",NA,NA,NA,NA
"177","Malaria (P. vivax)",2010,20,2425,"COL",NA,NA,NA,NA
"178","Malaria (P. vivax)",2010,21,2245,"COL",NA,NA,NA,NA
"179","Malaria (P. vivax)",2010,22,2125,"COL",NA,NA,NA,NA
"180","Malaria (P. vivax)",2010,23,2048,"COL",NA,NA,NA,NA
"181","Malaria (P. vivax)",2010,24,1946,"COL",NA,NA,NA,NA
"182","Malaria (P. vivax)",2010,25,1855,"COL",NA,NA,NA,NA
"183","Malaria (P. vivax)",2010,26,1490,"COL",NA,NA,NA,NA
"184","Malaria (P. vivax)",2010,27,1806,"COL",NA,NA,NA,NA
"185","Malaria (P. vivax)",2010,28,1463,"COL",NA,NA,NA,NA
"186","Malaria (P. vivax)",2010,29,1630,"COL",NA,NA,NA,NA
"187","Malaria (P. vivax)",2010,30,1589,"COL",NA,NA,NA,NA
"188","Malaria (P. vivax)",2010,31,1578,"COL",NA,NA,NA,NA
"189","Malaria (P. vivax)",2010,32,1398,"COL",NA,NA,NA,NA
"190","Malaria (P. vivax)",2010,33,1483,"COL",NA,NA,NA,NA
"191","Malaria (P. vivax)",2010,34,1276,"COL",NA,NA,NA,NA
"192","Malaria (P. vivax)",2010,35,1187,"COL",NA,NA,NA,NA
"193","Malaria (P. vivax)",2010,36,1139,"COL",NA,NA,NA,NA
"194","Malaria (P. vivax)",2010,37,956,"COL",NA,NA,NA,NA
"195","Malaria (P. vivax)",2010,38,1284,"COL",NA,NA,NA,NA
"196","Malaria (P. vivax)",2010,39,1179,"COL",NA,NA,NA,NA
"197","Malaria (P. vivax)",2010,40,1046,"COL",NA,NA,NA,NA
"198","Malaria (P. vivax)",2010,41,1175,"COL",NA,NA,NA,NA
"199","Malaria (P. vivax)",2010,42,1097,"COL",NA,NA,NA,NA
"200","Malaria (P. vivax)",2010,43,962,"COL",NA,NA,NA,NA
"201","Malaria (P. vivax)",2010,44,1012,"COL",NA,NA,NA,NA
"202","Malaria (P. vivax)",2010,45,870,"COL",NA,NA,NA,NA
"203","Malaria (P. vivax)",2010,46,979,"COL",NA,NA,NA,NA
"204","Malaria (P. vivax)",2010,47,824,"COL",NA,NA,NA,NA
"205","Malaria (P. vivax)",2010,48,772,"COL",NA,NA,NA,NA
"206","Malaria (P. vivax)",2010,49,745,"COL",NA,NA,NA,NA
"207","Malaria (P. vivax)",2010,50,755,"COL",NA,NA,NA,NA
"208","Malaria (P. vivax)",2010,51,650,"COL",NA,NA,NA,NA
"209","Malaria (P. vivax)",2010,52,649,"COL",NA,NA,NA,NA
"210","Malaria (P. vivax)",2011,1,729,"COL",NA,NA,NA,NA
"211","Malaria (P. vivax)",2011,2,821,"COL",NA,NA,NA,NA
"212","Malaria (P. vivax)",2011,3,860,"COL",NA,NA,NA,NA
"213","Malaria (P. vivax)",2011,4,803,"COL",NA,NA,NA,NA
"214","Malaria (P. vivax)",2011,5,1004,"COL",NA,NA,NA,NA
"215","Malaria (P. vivax)",2011,6,1007,"COL",NA,NA,NA,NA
"216","Malaria (P. vivax)",2011,7,1020,"COL",NA,NA,NA,NA
"217","Malaria (P. vivax)",2011,8,1010,"COL",NA,NA,NA,NA
"218","Malaria (P. vivax)",2011,9,1131,"COL",NA,NA,NA,NA
"219","Malaria (P. vivax)",2011,10,1150,"COL",NA,NA,NA,NA
"220","Malaria (P. vivax)",2011,11,1007,"COL",NA,NA,NA,NA
"221","Malaria (P. vivax)",2011,12,1126,"COL",NA,NA,NA,NA
"222","Malaria (P. vivax)",2011,13,994,"COL",NA,NA,NA,NA
"223","Malaria (P. vivax)",2011,14,866,"COL",NA,NA,NA,NA
"224","Malaria (P. vivax)",2011,15,1026,"COL",NA,NA,NA,NA
"225","Malaria (P. vivax)",2011,16,863,"COL",NA,NA,NA,NA
"226","Malaria (P. vivax)",2011,17,919,"COL",NA,NA,NA,NA
"227","Malaria (P. vivax)",2011,18,1092,"COL",NA,NA,NA,NA
"228","Malaria (P. vivax)",2011,19,1048,"COL",NA,NA,NA,NA
"229","Malaria (P. vivax)",2011,20,1016,"COL",NA,NA,NA,NA
"230","Malaria (P. vivax)",2011,21,823,"COL",NA,NA,NA,NA
"231","Malaria (P. vivax)",2011,22,860,"COL",NA,NA,NA,NA
"232","Malaria (P. vivax)",2011,23,961,"COL",NA,NA,NA,NA
"233","Malaria (P. vivax)",2011,24,893,"COL",NA,NA,NA,NA
"234","Malaria (P. vivax)",2011,25,884,"COL",NA,NA,NA,NA
"235","Malaria (P. vivax)",2011,26,925,"COL",NA,NA,NA,NA
"236","Malaria (P. vivax)",2011,27,1049,"COL",NA,NA,NA,NA
"237","Malaria (P. vivax)",2011,28,1059,"COL",NA,NA,NA,NA
"238","Malaria (P. vivax)",2011,29,989,"COL",NA,NA,NA,NA
"239","Malaria (P. vivax)",2011,30,957,"COL",NA,NA,NA,NA
"240","Malaria (P. vivax)",2011,31,953,"COL",NA,NA,NA,NA
"241","Malaria (P. vivax)",2011,32,958,"COL",NA,NA,NA,NA
"242","Malaria (P. vivax)",2011,33,961,"COL",NA,NA,NA,NA
"243","Malaria (P. vivax)",2011,34,872,"COL",NA,NA,NA,NA
"244","Malaria (P. vivax)",2011,35,948,"COL",NA,NA,NA,NA
"245","Malaria (P. vivax)",2011,36,1002,"COL",NA,NA,NA,NA
"246","Malaria (P. vivax)",2011,37,854,"COL",NA,NA,NA,NA
"247","Malaria (P. vivax)",2011,38,1010,"COL",NA,NA,NA,NA
"248","Malaria (P. vivax)",2011,39,948,"COL",NA,NA,NA,NA
"249","Malaria (P. vivax)",2011,40,915,"COL",NA,NA,NA,NA
"250","Malaria (P. vivax)",2011,41,893,"COL",NA,NA,NA,NA
"251","Malaria (P. vivax)",2011,42,968,"COL",NA,NA,NA,NA
"252","Malaria (P. vivax)",2011,43,826,"COL",NA,NA,NA,NA
"253","Malaria (P. vivax)",2011,44,862,"COL",NA,NA,NA,NA
"254","Malaria (P. vivax)",2011,45,843,"COL",NA,NA,NA,NA
"255","Malaria (P. vivax)",2011,46,804,"COL",NA,NA,NA,NA
"256","Malaria (P. vivax)",2011,47,765,"COL",NA,NA,NA,NA
"257","Malaria (P. vivax)",2011,48,813,"COL",NA,NA,NA,NA
"258","Malaria (P. vivax)",2011,49,731,"COL",NA,NA,NA,NA
"259","Malaria (P. vivax)",2011,50,586,"COL",NA,NA,NA,NA
"260","Malaria (P. vivax)",2011,51,676,"COL",NA,NA,NA,NA
"261","Malaria (P. vivax)",2011,52,623,"COL",NA,NA,NA,NA
"262","Malaria (P. vivax)",2012,1,892,"COL",NA,NA,NA,NA
"263","Malaria (P. vivax)",2012,2,882,"COL",NA,NA,NA,NA
"264","Malaria (P. vivax)",2012,3,907,"COL",NA,NA,NA,NA
"265","Malaria (P. vivax)",2012,4,887,"COL",NA,NA,NA,NA
"266","Malaria (P. vivax)",2012,5,942,"COL",NA,NA,NA,NA
"267","Malaria (P. vivax)",2012,6,1043,"COL",NA,NA,NA,NA
"268","Malaria (P. vivax)",2012,7,893,"COL",NA,NA,NA,NA
"269","Malaria (P. vivax)",2012,8,957,"COL",NA,NA,NA,NA
"270","Malaria (P. vivax)",2012,9,998,"COL",NA,NA,NA,NA
"271","Malaria (P. vivax)",2012,10,976,"COL",NA,NA,NA,NA
"272","Malaria (P. vivax)",2012,11,753,"COL",NA,NA,NA,NA
"273","Malaria (P. vivax)",2012,12,911,"COL",NA,NA,NA,NA
"274","Malaria (P. vivax)",2012,13,777,"COL",NA,NA,NA,NA
"275","Malaria (P. vivax)",2012,14,879,"COL",NA,NA,NA,NA
"276","Malaria (P. vivax)",2012,15,898,"COL",NA,NA,NA,NA
"277","Malaria (P. vivax)",2012,16,902,"COL",NA,NA,NA,NA
"278","Malaria (P. vivax)",2012,17,828,"COL",NA,NA,NA,NA
"279","Malaria (P. vivax)",2012,18,880,"COL",NA,NA,NA,NA
"280","Malaria (P. vivax)",2012,19,861,"COL",NA,NA,NA,NA
"281","Malaria (P. vivax)",2012,20,823,"COL",NA,NA,NA,NA
"282","Malaria (P. vivax)",2012,21,882,"COL",NA,NA,NA,NA
"283","Malaria (P. vivax)",2012,22,877,"COL",NA,NA,NA,NA
"284","Malaria (P. vivax)",2012,23,808,"COL",NA,NA,NA,NA
"285","Malaria (P. vivax)",2012,24,897,"COL",NA,NA,NA,NA
"286","Malaria (P. vivax)",2012,25,936,"COL",NA,NA,NA,NA
"287","Malaria (P. vivax)",2012,26,931,"COL",NA,NA,NA,NA
"288","Malaria (P. vivax)",2012,27,979,"COL",NA,NA,NA,NA
"289","Malaria (P. vivax)",2012,28,884,"COL",NA,NA,NA,NA
"290","Malaria (P. vivax)",2012,29,893,"COL",NA,NA,NA,NA
"291","Malaria (P. vivax)",2012,30,843,"COL",NA,NA,NA,NA
"292","Malaria (P. vivax)",2012,31,880,"COL",NA,NA,NA,NA
"293","Malaria (P. vivax)",2012,32,871,"COL",NA,NA,NA,NA
"294","Malaria (P. vivax)",2012,33,754,"COL",NA,NA,NA,NA
"295","Malaria (P. vivax)",2012,34,751,"COL",NA,NA,NA,NA
"296","Malaria (P. vivax)",2012,35,729,"COL",NA,NA,NA,NA
"297","Malaria (P. vivax)",2012,36,778,"COL",NA,NA,NA,NA
"298","Malaria (P. vivax)",2012,37,813,"COL",NA,NA,NA,NA
"299","Malaria (P. vivax)",2012,38,789,"COL",NA,NA,NA,NA
"300","Malaria (P. vivax)",2012,39,693,"COL",NA,NA,NA,NA
"301","Malaria (P. vivax)",2012,40,893,"COL",NA,NA,NA,NA
"302","Malaria (P. vivax)",2012,41,769,"COL",NA,NA,NA,NA
"303","Malaria (P. vivax)",2012,42,904,"COL",NA,NA,NA,NA
"304","Malaria (P. vivax)",2012,43,878,"COL",NA,NA,NA,NA
"305","Malaria (P. vivax)",2012,44,773,"COL",NA,NA,NA,NA
"306","Malaria (P. vivax)",2012,45,801,"COL",NA,NA,NA,NA
"307","Malaria (P. vivax)",2012,46,832,"COL",NA,NA,NA,NA
"308","Malaria (P. vivax)",2012,47,956,"COL",NA,NA,NA,NA
"309","Malaria (P. vivax)",2012,48,833,"COL",NA,NA,NA,NA
"310","Malaria (P. vivax)",2012,49,663,"COL",NA,NA,NA,NA
"311","Malaria (P. vivax)",2012,50,822,"COL",NA,NA,NA,NA
"312","Malaria (P. vivax)",2012,51,664,"COL",NA,NA,NA,NA
"313","Malaria (P. vivax)",2012,52,618,"COL",NA,NA,NA,NA
"314","Malaria (P. vivax)",2013,1,678,"COL",NA,NA,NA,NA
"315","Malaria (P. vivax)",2013,2,633,"COL",NA,NA,NA,NA
"316","Malaria (P. vivax)",2013,3,671,"COL",NA,NA,NA,NA
"317","Malaria (P. vivax)",2013,4,701,"COL",NA,NA,NA,NA
"318","Malaria (P. vivax)",2013,5,731,"COL",NA,NA,NA,NA
"319","Malaria (P. vivax)",2013,6,739,"COL",NA,NA,NA,NA
"320","Malaria (P. vivax)",2013,7,808,"COL",NA,NA,NA,NA
"321","Malaria (P. vivax)",2013,8,865,"COL",NA,NA,NA,NA
"322","Malaria (P. vivax)",2013,9,823,"COL",NA,NA,NA,NA
"323","Malaria (P. vivax)",2013,10,815,"COL",NA,NA,NA,NA
"324","Malaria (P. vivax)",2013,11,974,"COL",NA,NA,NA,NA
"325","Malaria (P. vivax)",2013,12,958,"COL",NA,NA,NA,NA
"326","Malaria (P. vivax)",2013,13,763,"COL",NA,NA,NA,NA
"327","Malaria (P. vivax)",2013,14,956,"COL",NA,NA,NA,NA
"328","Malaria (P. vivax)",2013,15,865,"COL",NA,NA,NA,NA
"329","Malaria (P. vivax)",2013,16,988,"COL",NA,NA,NA,NA
"330","Malaria (P. vivax)",2013,17,888,"COL",NA,NA,NA,NA
"331","Malaria (P. vivax)",2013,18,1014,"COL",NA,NA,NA,NA
"332","Malaria (P. vivax)",2013,19,1004,"COL",NA,NA,NA,NA
"333","Malaria (P. vivax)",2013,20,1014,"COL",NA,NA,NA,NA
"334","Malaria (P. vivax)",2013,21,939,"COL",NA,NA,NA,NA
"335","Malaria (P. vivax)",2013,22,928,"COL",NA,NA,NA,NA
"336","Malaria (P. vivax)",2013,23,725,"COL",NA,NA,NA,NA
"337","Malaria (P. vivax)",2013,24,805,"COL",NA,NA,NA,NA
"338","Malaria (P. vivax)",2013,25,817,"COL",NA,NA,NA,NA
"339","Malaria (P. vivax)",2013,26,597,"COL",NA,NA,NA,NA
"340","Malaria (P. vivax)",2013,27,746,"COL",NA,NA,NA,NA
"341","Malaria (P. vivax)",2013,28,730,"COL",NA,NA,NA,NA
"342","Malaria (P. vivax)",2013,29,648,"COL",NA,NA,NA,NA
"343","Malaria (P. vivax)",2013,30,521,"COL",NA,NA,NA,NA
"344","Malaria (P. vivax)",2013,31,541,"COL",NA,NA,NA,NA
"345","Malaria (P. vivax)",2013,32,510,"COL",NA,NA,NA,NA
"346","Malaria (P. vivax)",2013,33,392,"COL",NA,NA,NA,NA
"347","Malaria (P. vivax)",2013,34,562,"COL",NA,NA,NA,NA
"348","Malaria (P. vivax)",2013,35,432,"COL",NA,NA,NA,NA
"349","Malaria (P. vivax)",2013,36,443,"COL",NA,NA,NA,NA
"350","Malaria (P. vivax)",2013,37,393,"COL",NA,NA,NA,NA
"351","Malaria (P. vivax)",2013,38,468,"COL",NA,NA,NA,NA
"352","Malaria (P. vivax)",2013,39,351,"COL",NA,NA,NA,NA
"353","Malaria (P. vivax)",2013,40,435,"COL",NA,NA,NA,NA
"354","Malaria (P. vivax)",2013,41,389,"COL",NA,NA,NA,NA
"355","Malaria (P. vivax)",2013,42,430,"COL",NA,NA,NA,NA
"356","Malaria (P. vivax)",2013,43,402,"COL",NA,NA,NA,NA
"357","Malaria (P. vivax)",2013,44,419,"COL",NA,NA,NA,NA
"358","Malaria (P. vivax)",2013,45,383,"COL",NA,NA,NA,NA
"359","Malaria (P. vivax)",2013,46,459,"COL",NA,NA,NA,NA
"360","Malaria (P. vivax)",2013,47,361,"COL",NA,NA,NA,NA
"361","Malaria (P. vivax)",2013,48,342,"COL",NA,NA,NA,NA
"362","Malaria (P. vivax)",2013,49,419,"COL",NA,NA,NA,NA
"363","Malaria (P. vivax)",2013,50,359,"COL",NA,NA,NA,NA
"364","Malaria (P. vivax)",2013,51,286,"COL",NA,NA,NA,NA
"365","Malaria (P. vivax)",2013,52,247,"COL",NA,NA,NA,NA
"366","Malaria (P. vivax)",2014,1,366,"COL",NA,NA,NA,NA
"367","Malaria (P. vivax)",2014,2,517,"COL",NA,NA,NA,NA
"368","Malaria (P. vivax)",2014,3,447,"COL",NA,NA,NA,NA
"369","Malaria (P. vivax)",2014,4,451,"COL",NA,NA,NA,NA
"370","Malaria (P. vivax)",2014,5,394,"COL",NA,NA,NA,NA
"371","Malaria (P. vivax)",2014,6,423,"COL",NA,NA,NA,NA
"372","Malaria (P. vivax)",2014,7,479,"COL",NA,NA,NA,NA
"373","Malaria (P. vivax)",2014,8,354,"COL",NA,NA,NA,NA
"374","Malaria (P. vivax)",2014,9,401,"COL",NA,NA,NA,NA
"375","Malaria (P. vivax)",2014,10,379,"COL",NA,NA,NA,NA
"376","Malaria (P. vivax)",2014,11,485,"COL",NA,NA,NA,NA
"377","Malaria (P. vivax)",2014,12,346,"COL",NA,NA,NA,NA
"378","Malaria (P. vivax)",2014,13,413,"COL",NA,NA,NA,NA
"379","Malaria (P. vivax)",2014,14,433,"COL",NA,NA,NA,NA
"380","Malaria (P. vivax)",2014,15,415,"COL",NA,NA,NA,NA
"381","Malaria (P. vivax)",2014,16,350,"COL",NA,NA,NA,NA
"382","Malaria (P. vivax)",2014,17,493,"COL",NA,NA,NA,NA
"383","Malaria (P. vivax)",2014,18,449,"COL",NA,NA,NA,NA
"384","Malaria (P. vivax)",2014,19,423,"COL",NA,NA,NA,NA
"385","Malaria (P. vivax)",2014,20,431,"COL",NA,NA,NA,NA
"386","Malaria (P. vivax)",2014,21,401,"COL",NA,NA,NA,NA
"387","Malaria (P. vivax)",2014,22,364,"COL",NA,NA,NA,NA
"388","Malaria (P. vivax)",2014,23,432,"COL",NA,NA,NA,NA
"389","Malaria (P. vivax)",2014,24,427,"COL",NA,NA,NA,NA
"390","Malaria (P. vivax)",2014,25,450,"COL",NA,NA,NA,NA
"391","Malaria (P. vivax)",2014,26,432,"COL",NA,NA,NA,NA
"392","Malaria (P. vivax)",2014,27,477,"COL",NA,NA,NA,NA
"393","Malaria (P. vivax)",2014,28,459,"COL",NA,NA,NA,NA
"394","Malaria (P. vivax)",2014,29,413,"COL",NA,NA,NA,NA
"395","Malaria (P. vivax)",2014,30,399,"COL",NA,NA,NA,NA
"396","Malaria (P. vivax)",2014,31,338,"COL",NA,NA,NA,NA
"397","Malaria (P. vivax)",2014,32,376,"COL",NA,NA,NA,NA
"398","Malaria (P. vivax)",2014,33,345,"COL",NA,NA,NA,NA
"399","Malaria (P. vivax)",2014,34,341,"COL",NA,NA,NA,NA
"400","Malaria (P. vivax)",2014,35,316,"COL",NA,NA,NA,NA
"401","Malaria (P. vivax)",2014,36,388,"COL",NA,NA,NA,NA
"402","Malaria (P. vivax)",2014,37,330,"COL",NA,NA,NA,NA
"403","Malaria (P. vivax)",2014,38,369,"COL",NA,NA,NA,NA
"404","Malaria (P. vivax)",2014,39,293,"COL",NA,NA,NA,NA
"405","Malaria (P. vivax)",2014,40,360,"COL",NA,NA,NA,NA
"406","Malaria (P. vivax)",2014,41,335,"COL",NA,NA,NA,NA
"407","Malaria (P. vivax)",2014,42,354,"COL",NA,NA,NA,NA
"408","Malaria (P. vivax)",2014,43,437,"COL",NA,NA,NA,NA
"409","Malaria (P. vivax)",2014,44,361,"COL",NA,NA,NA,NA
"410","Malaria (P. vivax)",2014,45,328,"COL",NA,NA,NA,NA
"411","Malaria (P. vivax)",2014,46,308,"COL",NA,NA,NA,NA
"412","Malaria (P. vivax)",2014,47,299,"COL",NA,NA,NA,NA
"413","Malaria (P. vivax)",2014,48,286,"COL",NA,NA,NA,NA
"414","Malaria (P. vivax)",2014,49,315,"COL",NA,NA,NA,NA
"415","Malaria (P. vivax)",2014,50,284,"COL",NA,NA,NA,NA
"416","Malaria (P. vivax)",2014,51,263,"COL",NA,NA,NA,NA
"417","Malaria (P. vivax)",2014,52,198,"COL",NA,NA,NA,NA
"418","Malaria (P. vivax)",2014,53,202,"COL",NA,NA,NA,NA
"419","Malaria (P. vivax)",2015,1,301,"COL",NA,NA,NA,NA
"420","Malaria (P. vivax)",2015,2,329,"COL",NA,NA,NA,NA
"421","Malaria (P. vivax)",2015,3,317,"COL",NA,NA,NA,NA
"422","Malaria (P. vivax)",2015,4,319,"COL",NA,NA,NA,NA
"423","Malaria (P. vivax)",2015,5,348,"COL",NA,NA,NA,NA
"424","Malaria (P. vivax)",2015,6,336,"COL",NA,NA,NA,NA
"425","Malaria (P. vivax)",2015,7,361,"COL",NA,NA,NA,NA
"426","Malaria (P. vivax)",2015,8,316,"COL",NA,NA,NA,NA
"427","Malaria (P. vivax)",2015,9,341,"COL",NA,NA,NA,NA
"428","Malaria (P. vivax)",2015,10,347,"COL",NA,NA,NA,NA
"429","Malaria (P. vivax)",2015,11,375,"COL",NA,NA,NA,NA
"430","Malaria (P. vivax)",2015,12,312,"COL",NA,NA,NA,NA
"431","Malaria (P. vivax)",2015,13,327,"COL",NA,NA,NA,NA
"432","Malaria (P. vivax)",2015,14,297,"COL",NA,NA,NA,NA
"433","Malaria (P. vivax)",2015,15,365,"COL",NA,NA,NA,NA
"434","Malaria (P. vivax)",2015,16,322,"COL",NA,NA,NA,NA
"435","Malaria (P. vivax)",2015,17,348,"COL",NA,NA,NA,NA
"436","Malaria (P. vivax)",2015,18,313,"COL",NA,NA,NA,NA
"437","Malaria (P. vivax)",2015,19,370,"COL",NA,NA,NA,NA
"438","Malaria (P. vivax)",2015,20,443,"COL",NA,NA,NA,NA
"439","Malaria (P. vivax)",2015,21,496,"COL",NA,NA,NA,NA
"440","Malaria (P. vivax)",2015,22,460,"COL",NA,NA,NA,NA
"441","Malaria (P. vivax)",2015,23,360,"COL",NA,NA,NA,NA
"442","Malaria (P. vivax)",2015,24,467,"COL",NA,NA,NA,NA
"443","Malaria (P. vivax)",2015,25,402,"COL",NA,NA,NA,NA
"444","Malaria (P. vivax)",2015,26,541,"COL",NA,NA,NA,NA
"445","Malaria (P. vivax)",2015,27,580,"COL",NA,NA,NA,NA
"446","Malaria (P. vivax)",2015,28,579,"COL",NA,NA,NA,NA
"447","Malaria (P. vivax)",2015,29,794,"COL",NA,NA,NA,NA
"448","Malaria (P. vivax)",2015,30,627,"COL",NA,NA,NA,NA
"449","Malaria (P. vivax)",2015,31,607,"COL",NA,NA,NA,NA
"450","Malaria (P. vivax)",2015,32,650,"COL",NA,NA,NA,NA
"451","Malaria (P. vivax)",2015,33,805,"COL",NA,NA,NA,NA
"452","Malaria (P. vivax)",2015,34,764,"COL",NA,NA,NA,NA
"453","Malaria (P. vivax)",2015,35,615,"COL",NA,NA,NA,NA
"454","Malaria (P. vivax)",2015,36,591,"COL",NA,NA,NA,NA
"455","Malaria (P. vivax)",2015,37,598,"COL",NA,NA,NA,NA
"456","Malaria (P. vivax)",2015,38,674,"COL",NA,NA,NA,NA
"457","Malaria (P. vivax)",2015,39,823,"COL",NA,NA,NA,NA
"458","Malaria (P. vivax)",2015,40,640,"COL",NA,NA,NA,NA
"459","Malaria (P. vivax)",2015,41,769,"COL",NA,NA,NA,NA
"460","Malaria (P. vivax)",2015,42,818,"COL",NA,NA,NA,NA
"461","Malaria (P. vivax)",2015,43,611,"COL",NA,NA,NA,NA
"462","Malaria (P. vivax)",2015,44,755,"COL",NA,NA,NA,NA
"463","Malaria (P. vivax)",2015,45,604,"COL",NA,NA,NA,NA
"464","Malaria (P. vivax)",2015,46,649,"COL",NA,NA,NA,NA
"465","Malaria (P. vivax)",2015,47,480,"COL",NA,NA,NA,NA
"466","Malaria (P. vivax)",2015,48,542,"COL",NA,NA,NA,NA
"467","Malaria (P. vivax)",2015,49,549,"COL",NA,NA,NA,NA
"468","Malaria (P. vivax)",2015,50,496,"COL",NA,NA,NA,NA
"469","Malaria (P. vivax)",2015,51,452,"COL",NA,NA,NA,NA
"470","Malaria (P. vivax)",2015,52,461,"COL",NA,NA,NA,NA
"471","Malaria (P. vivax)",2016,1,466,"COL",NA,NA,NA,NA
"472","Malaria (P. vivax)",2016,2,639,"COL",NA,NA,NA,NA
"473","Malaria (P. vivax)",2016,3,534,"COL",NA,NA,NA,NA
"474","Malaria (P. vivax)",2016,4,550,"COL",NA,NA,NA,NA
"475","Malaria (P. vivax)",2016,5,536,"COL",NA,NA,NA,NA
"476","Malaria (P. vivax)",2016,6,605,"COL",NA,NA,NA,NA
"477","Malaria (P. vivax)",2016,7,641,"COL",NA,NA,NA,NA
"478","Malaria (P. vivax)",2016,8,486,"COL",NA,NA,NA,NA
"479","Malaria (P. vivax)",2016,9,683,"COL",NA,NA,NA,NA
"480","Malaria (P. vivax)",2016,10,596,"COL",NA,NA,NA,NA
"481","Malaria (P. vivax)",2016,11,481,"COL",NA,NA,NA,NA
"482","Malaria (P. vivax)",2016,12,554,"COL",NA,NA,NA,NA
"483","Malaria (P. vivax)",2016,13,598,"COL",NA,NA,NA,NA
"484","Malaria (P. vivax)",2016,14,803,"COL",NA,NA,NA,NA
"485","Malaria (P. vivax)",2016,15,802,"COL",NA,NA,NA,NA
"486","Malaria (P. vivax)",2016,16,699,"COL",NA,NA,NA,NA
"487","Malaria (P. vivax)",2016,17,607,"COL",NA,NA,NA,NA
"488","Malaria (P. vivax)",2016,18,689,"COL",NA,NA,NA,NA
"489","Malaria (P. vivax)",2016,19,684,"COL",NA,NA,NA,NA
"490","Malaria (P. vivax)",2016,20,714,"COL",NA,NA,NA,NA
"491","Malaria (P. vivax)",2016,21,601,"COL",NA,NA,NA,NA
"492","Malaria (P. vivax)",2016,22,602,"COL",NA,NA,NA,NA
"493","Malaria (P. vivax)",2016,23,614,"COL",NA,NA,NA,NA
"494","Malaria (P. vivax)",2016,24,586,"COL",NA,NA,NA,NA
"495","Malaria (P. vivax)",2016,25,587,"COL",NA,NA,NA,NA
"496","Malaria (P. vivax)",2016,26,504,"COL",NA,NA,NA,NA
"497","Malaria (P. vivax)",2016,27,574,"COL",NA,NA,NA,NA
"498","Malaria (P. vivax)",2016,28,587,"COL",NA,NA,NA,NA
"499","Malaria (P. vivax)",2016,29,504,"COL",NA,NA,NA,NA
"500","Malaria (P. vivax)",2016,30,503,"COL",NA,NA,NA,NA
"501","Malaria (P. vivax)",2016,31,482,"COL",NA,NA,NA,NA
"502","Malaria (P. vivax)",2016,32,473,"COL",NA,NA,NA,NA
"503","Malaria (P. vivax)",2016,33,372,"COL",NA,NA,NA,NA
"504","Malaria (P. vivax)",2016,34,328,"COL",NA,NA,NA,NA
"505","Malaria (P. vivax)",2016,35,317,"COL",NA,NA,NA,NA
"506","Malaria (P. vivax)",2016,36,375,"COL",NA,NA,NA,NA
"507","Malaria (P. vivax)",2016,37,348,"COL",NA,NA,NA,NA
"508","Malaria (P. vivax)",2016,38,307,"COL",NA,NA,NA,NA
"509","Malaria (P. vivax)",2016,39,300,"COL",NA,NA,NA,NA
"510","Malaria (P. vivax)",2016,40,285,"COL",NA,NA,NA,NA
"511","Malaria (P. vivax)",2016,41,276,"COL",NA,NA,NA,NA
"512","Malaria (P. vivax)",2016,42,323,"COL",NA,NA,NA,NA
"513","Malaria (P. vivax)",2016,43,271,"COL",NA,NA,NA,NA
"514","Malaria (P. vivax)",2016,44,222,"COL",NA,NA,NA,NA
"515","Malaria (P. vivax)",2016,45,280,"COL",NA,NA,NA,NA
"516","Malaria (P. vivax)",2016,46,256,"COL",NA,NA,NA,NA
"517","Malaria (P. vivax)",2016,47,267,"COL",NA,NA,NA,NA
"518","Malaria (P. vivax)",2016,48,229,"COL",NA,NA,NA,NA
"519","Malaria (P. vivax)",2016,49,252,"COL",NA,NA,NA,NA
"520","Malaria (P. vivax)",2016,50,256,"COL",NA,NA,NA,NA
"521","Malaria (P. vivax)",2016,51,261,"COL",NA,NA,NA,NA
"522","Malaria (P. vivax)",2016,52,201,"COL",NA,NA,NA,NA
"523","Malaria (P. vivax)",2017,1,530,"COL",NA,NA,NA,NA
"524","Malaria (P. vivax)",2017,2,493,"COL",NA,NA,NA,NA
"525","Malaria (P. vivax)",2017,3,469,"COL",NA,NA,NA,NA
"526","Malaria (P. vivax)",2017,4,378,"COL",NA,NA,NA,NA
"527","Malaria (P. vivax)",2017,5,368,"COL",NA,NA,NA,NA
"528","Malaria (P. vivax)",2017,6,364,"COL",NA,NA,NA,NA
"529","Malaria (P. vivax)",2017,7,383,"COL",NA,NA,NA,NA
"530","Malaria (P. vivax)",2017,8,403,"COL",NA,NA,NA,NA
"531","Malaria (P. vivax)",2017,9,429,"COL",NA,NA,NA,NA
"532","Malaria (P. vivax)",2017,10,394,"COL",NA,NA,NA,NA
"533","Malaria (P. vivax)",2017,11,365,"COL",NA,NA,NA,NA
"534","Malaria (P. vivax)",2017,12,453,"COL",NA,NA,NA,NA
"535","Malaria (P. vivax)",2017,13,370,"COL",NA,NA,NA,NA
"536","Malaria (P. vivax)",2017,14,346,"COL",NA,NA,NA,NA
"537","Malaria (P. vivax)",2017,15,397,"COL",NA,NA,NA,NA
"538","Malaria (P. vivax)",2017,16,399,"COL",NA,NA,NA,NA
"539","Malaria (P. vivax)",2017,17,375,"COL",NA,NA,NA,NA
"540","Malaria (P. vivax)",2017,18,466,"COL",NA,NA,NA,NA
"541","Malaria (P. vivax)",2017,19,434,"COL",NA,NA,NA,NA
"542","Malaria (P. vivax)",2017,20,417,"COL",NA,NA,NA,NA
"543","Malaria (P. vivax)",2017,21,361,"COL",NA,NA,NA,NA
"544","Malaria (P. vivax)",2017,22,438,"COL",NA,NA,NA,NA
"545","Malaria (P. vivax)",2017,23,524,"COL",NA,NA,NA,NA
"546","Malaria (P. vivax)",2017,24,429,"COL",NA,NA,NA,NA
"547","Malaria (P. vivax)",2017,25,439,"COL",NA,NA,NA,NA
"548","Malaria (P. vivax)",2017,26,538,"COL",NA,NA,NA,NA
"549","Malaria (P. vivax)",2017,27,544,"COL",NA,NA,NA,NA
"550","Malaria (P. vivax)",2017,28,544,"COL",NA,NA,NA,NA
"551","Malaria (P. vivax)",2017,29,507,"COL",NA,NA,NA,NA
"552","Malaria (P. vivax)",2017,30,456,"COL",NA,NA,NA,NA
"553","Malaria (P. vivax)",2017,31,456,"COL",NA,NA,NA,NA
"554","Malaria (P. vivax)",2017,32,426,"COL",NA,NA,NA,NA
"555","Malaria (P. vivax)",2017,33,371,"COL",NA,NA,NA,NA
"556","Malaria (P. vivax)",2017,34,483,"COL",NA,NA,NA,NA
"557","Malaria (P. vivax)",2017,35,485,"COL",NA,NA,NA,NA
"558","Malaria (P. vivax)",2017,36,466,"COL",NA,NA,NA,NA
"559","Malaria (P. vivax)",2017,37,480,"COL",NA,NA,NA,NA
"560","Malaria (P. vivax)",2017,38,547,"COL",NA,NA,NA,NA
"561","Malaria (P. vivax)",2017,39,499,"COL",NA,NA,NA,NA
"562","Malaria (P. vivax)",2017,40,440,"COL",NA,NA,NA,NA
"563","Malaria (P. vivax)",2017,41,419,"COL",NA,NA,NA,NA
"564","Malaria (P. vivax)",2017,42,478,"COL",NA,NA,NA,NA
"565","Malaria (P. vivax)",2017,43,498,"COL",NA,NA,NA,NA
"566","Malaria (P. vivax)",2017,44,526,"COL",NA,NA,NA,NA
"567","Malaria (P. vivax)",2017,45,523,"COL",NA,NA,NA,NA
"568","Malaria (P. vivax)",2017,46,468,"COL",NA,NA,NA,NA
"569","Malaria (P. vivax)",2017,47,496,"COL",NA,NA,NA,NA
"570","Malaria (P. vivax)",2017,48,476,"COL",NA,NA,NA,NA
"571","Malaria (P. vivax)",2017,49,449,"COL",NA,NA,NA,NA
"572","Malaria (P. vivax)",2017,50,416,"COL",NA,NA,NA,NA
"573","Malaria (P. vivax)",2017,51,410,"COL",NA,NA,NA,NA
"574","Malaria (P. vivax)",2017,52,352,"COL",NA,NA,NA,NA
"575","Malaria (P. vivax)",2018,1,537,"COL",NA,NA,NA,NA
"576","Malaria (P. vivax)",2018,2,600,"COL",NA,NA,NA,NA
"577","Malaria (P. vivax)",2018,3,671,"COL",NA,NA,NA,NA
"578","Malaria (P. vivax)",2018,4,479,"COL",NA,NA,NA,NA
"579","Malaria (P. vivax)",2018,5,572,"COL",NA,NA,NA,NA
"580","Malaria (P. vivax)",2018,6,543,"COL",NA,NA,NA,NA
"581","Malaria (P. vivax)",2018,7,445,"COL",NA,NA,NA,NA
"582","Malaria (P. vivax)",2018,8,516,"COL",NA,NA,NA,NA
"583","Malaria (P. vivax)",2018,9,539,"COL",NA,NA,NA,NA
"584","Malaria (P. vivax)",2018,10,548,"COL",NA,NA,NA,NA
"585","Malaria (P. vivax)",2018,11,467,"COL",NA,NA,NA,NA
"586","Malaria (P. vivax)",2018,12,451,"COL",NA,NA,NA,NA
"587","Malaria (P. vivax)",2018,13,415,"COL",NA,NA,NA,NA
"588","Malaria (P. vivax)",2018,14,638,"COL",NA,NA,NA,NA
"589","Malaria (P. vivax)",2018,15,594,"COL",NA,NA,NA,NA
"590","Malaria (P. vivax)",2018,16,654,"COL",NA,NA,NA,NA
"591","Malaria (P. vivax)",2018,17,557,"COL",NA,NA,NA,NA
"592","Malaria (P. vivax)",2018,18,711,"COL",NA,NA,NA,NA
"593","Malaria (P. vivax)",2018,19,647,"COL",NA,NA,NA,NA
"594","Malaria (P. vivax)",2018,20,659,"COL",NA,NA,NA,NA
"595","Malaria (P. vivax)",2018,21,700,"COL",NA,NA,NA,NA
"596","Malaria (P. vivax)",2018,22,606,"COL",NA,NA,NA,NA
"597","Malaria (P. vivax)",2018,23,608,"COL",NA,NA,NA,NA
"598","Malaria (P. vivax)",2018,24,751,"COL",NA,NA,NA,NA
"599","Malaria (P. vivax)",2018,25,678,"COL",NA,NA,NA,NA
"600","Malaria (P. vivax)",2018,26,580,"COL",NA,NA,NA,NA
"601","Malaria (P. vivax)",2018,27,757,"COL",NA,NA,NA,NA
"602","Malaria (P. vivax)",2018,28,638,"COL",NA,NA,NA,NA
"603","Malaria (P. vivax)",2018,29,716,"COL",NA,NA,NA,NA
"604","Malaria (P. vivax)",2018,30,657,"COL",NA,NA,NA,NA
"605","Malaria (P. vivax)",2018,31,617,"COL",NA,NA,NA,NA
"606","Malaria (P. vivax)",2018,32,641,"COL",NA,NA,NA,NA
"607","Malaria (P. vivax)",2018,33,535,"COL",NA,NA,NA,NA
"608","Malaria (P. vivax)",2018,34,605,"COL",NA,NA,NA,NA
"609","Malaria (P. vivax)",2018,35,647,"COL",NA,NA,NA,NA
"610","Malaria (P. vivax)",2018,36,619,"COL",NA,NA,NA,NA
"611","Malaria (P. vivax)",2018,37,574,"COL",NA,NA,NA,NA
"612","Malaria (P. vivax)",2018,38,601,"COL",NA,NA,NA,NA
"613","Malaria (P. vivax)",2018,39,555,"COL",NA,NA,NA,NA
"614","Malaria (P. vivax)",2018,40,563,"COL",NA,NA,NA,NA
"615","Malaria (P. vivax)",2018,41,651,"COL",NA,NA,NA,NA
"616","Malaria (P. vivax)",2018,42,746,"COL",NA,NA,NA,NA
"617","Malaria (P. vivax)",2018,43,606,"COL",NA,NA,NA,NA
"618","Malaria (P. vivax)",2018,44,540,"COL",NA,NA,NA,NA
"619","Malaria (P. vivax)",2018,45,602,"COL",NA,NA,NA,NA
"620","Malaria (P. vivax)",2018,46,659,"COL",NA,NA,NA,NA
"621","Malaria (P. vivax)",2018,47,585,"COL",NA,NA,NA,NA
"622","Malaria (P. vivax)",2018,48,592,"COL",NA,NA,NA,NA
"623","Malaria (P. vivax)",2018,49,621,"COL",NA,NA,NA,NA
"624","Malaria (P. vivax)",2018,50,612,"COL",NA,NA,NA,NA
"625","Malaria (P. vivax)",2018,51,512,"COL",NA,NA,NA,NA
"626","Malaria (P. vivax)",2018,52,460,"COL",NA,NA,NA,NA
