"","Disease","EpiYear","EpiWeek","Incidence","ADM0","ADM1","ADM2","NA","NA"
"1","Dengue",2007,1,568,"COL",NA,NA,NA,NA
"2","Dengue",2007,2,389,"COL",NA,NA,NA,NA
"3","Dengue",2007,3,416,"COL",NA,NA,NA,NA
"4","Dengue",2007,4,522,"COL",NA,NA,NA,NA
"5","Dengue",2007,5,533,"COL",NA,NA,NA,NA
"6","Dengue",2007,6,633,"COL",NA,NA,NA,NA
"7","Dengue",2007,7,584,"COL",NA,NA,NA,NA
"8","Dengue",2007,8,538,"COL",NA,NA,NA,NA
"9","Dengue",2007,9,577,"COL",NA,NA,NA,NA
"10","Dengue",2007,10,528,"COL",NA,NA,NA,NA
"11","Dengue",2007,11,531,"COL",NA,NA,NA,NA
"12","Dengue",2007,12,533,"COL",NA,NA,NA,NA
"13","Dengue",2007,13,525,"COL",NA,NA,NA,NA
"14","Dengue",2007,14,497,"COL",NA,NA,NA,NA
"15","Dengue",2007,15,641,"COL",NA,NA,NA,NA
"16","Dengue",2007,16,683,"COL",NA,NA,NA,NA
"17","Dengue",2007,17,651,"COL",NA,NA,NA,NA
"18","Dengue",2007,18,718,"COL",NA,NA,NA,NA
"19","Dengue",2007,19,761,"COL",NA,NA,NA,NA
"20","Dengue",2007,20,941,"COL",NA,NA,NA,NA
"21","Dengue",2007,21,846,"COL",NA,NA,NA,NA
"22","Dengue",2007,22,814,"COL",NA,NA,NA,NA
"23","Dengue",2007,23,864,"COL",NA,NA,NA,NA
"24","Dengue",2007,24,845,"COL",NA,NA,NA,NA
"25","Dengue",2007,25,1002,"COL",NA,NA,NA,NA
"26","Dengue",2007,26,860,"COL",NA,NA,NA,NA
"27","Dengue",2007,27,851,"COL",NA,NA,NA,NA
"28","Dengue",2007,28,943,"COL",NA,NA,NA,NA
"29","Dengue",2007,29,1032,"COL",NA,NA,NA,NA
"30","Dengue",2007,30,935,"COL",NA,NA,NA,NA
"31","Dengue",2007,31,821,"COL",NA,NA,NA,NA
"32","Dengue",2007,32,749,"COL",NA,NA,NA,NA
"33","Dengue",2007,33,744,"COL",NA,NA,NA,NA
"34","Dengue",2007,34,668,"COL",NA,NA,NA,NA
"35","Dengue",2007,35,688,"COL",NA,NA,NA,NA
"36","Dengue",2007,36,666,"COL",NA,NA,NA,NA
"37","Dengue",2007,37,683,"COL",NA,NA,NA,NA
"38","Dengue",2007,38,730,"COL",NA,NA,NA,NA
"39","Dengue",2007,39,728,"COL",NA,NA,NA,NA
"40","Dengue",2007,40,656,"COL",NA,NA,NA,NA
"41","Dengue",2007,41,614,"COL",NA,NA,NA,NA
"42","Dengue",2007,42,603,"COL",NA,NA,NA,NA
"43","Dengue",2007,43,700,"COL",NA,NA,NA,NA
"44","Dengue",2007,44,596,"COL",NA,NA,NA,NA
"45","Dengue",2007,45,622,"COL",NA,NA,NA,NA
"46","Dengue",2007,46,631,"COL",NA,NA,NA,NA
"47","Dengue",2007,47,753,"COL",NA,NA,NA,NA
"48","Dengue",2007,48,673,"COL",NA,NA,NA,NA
"49","Dengue",2007,49,623,"COL",NA,NA,NA,NA
"50","Dengue",2007,50,521,"COL",NA,NA,NA,NA
"51","Dengue",2007,51,372,"COL",NA,NA,NA,NA
"52","Dengue",2007,52,472,"COL",NA,NA,NA,NA
"53","Dengue",2008,1,647,"COL",NA,NA,NA,NA
"54","Dengue",2008,2,802,"COL",NA,NA,NA,NA
"55","Dengue",2008,3,767,"COL",NA,NA,NA,NA
"56","Dengue",2008,4,725,"COL",NA,NA,NA,NA
"57","Dengue",2008,5,750,"COL",NA,NA,NA,NA
"58","Dengue",2008,6,711,"COL",NA,NA,NA,NA
"59","Dengue",2008,7,769,"COL",NA,NA,NA,NA
"60","Dengue",2008,8,741,"COL",NA,NA,NA,NA
"61","Dengue",2008,9,669,"COL",NA,NA,NA,NA
"62","Dengue",2008,10,668,"COL",NA,NA,NA,NA
"63","Dengue",2008,11,557,"COL",NA,NA,NA,NA
"64","Dengue",2008,12,542,"COL",NA,NA,NA,NA
"65","Dengue",2008,13,594,"COL",NA,NA,NA,NA
"66","Dengue",2008,14,667,"COL",NA,NA,NA,NA
"67","Dengue",2008,15,645,"COL",NA,NA,NA,NA
"68","Dengue",2008,16,615,"COL",NA,NA,NA,NA
"69","Dengue",2008,17,605,"COL",NA,NA,NA,NA
"70","Dengue",2008,18,545,"COL",NA,NA,NA,NA
"71","Dengue",2008,19,640,"COL",NA,NA,NA,NA
"72","Dengue",2008,20,637,"COL",NA,NA,NA,NA
"73","Dengue",2008,21,624,"COL",NA,NA,NA,NA
"74","Dengue",2008,22,557,"COL",NA,NA,NA,NA
"75","Dengue",2008,23,673,"COL",NA,NA,NA,NA
"76","Dengue",2008,24,649,"COL",NA,NA,NA,NA
"77","Dengue",2008,25,634,"COL",NA,NA,NA,NA
"78","Dengue",2008,26,558,"COL",NA,NA,NA,NA
"79","Dengue",2008,27,625,"COL",NA,NA,NA,NA
"80","Dengue",2008,28,644,"COL",NA,NA,NA,NA
"81","Dengue",2008,29,607,"COL",NA,NA,NA,NA
"82","Dengue",2008,30,623,"COL",NA,NA,NA,NA
"83","Dengue",2008,31,600,"COL",NA,NA,NA,NA
"84","Dengue",2008,32,521,"COL",NA,NA,NA,NA
"85","Dengue",2008,33,505,"COL",NA,NA,NA,NA
"86","Dengue",2008,34,500,"COL",NA,NA,NA,NA
"87","Dengue",2008,35,517,"COL",NA,NA,NA,NA
"88","Dengue",2008,36,559,"COL",NA,NA,NA,NA
"89","Dengue",2008,37,511,"COL",NA,NA,NA,NA
"90","Dengue",2008,38,557,"COL",NA,NA,NA,NA
"91","Dengue",2008,39,596,"COL",NA,NA,NA,NA
"92","Dengue",2008,40,577,"COL",NA,NA,NA,NA
"93","Dengue",2008,41,631,"COL",NA,NA,NA,NA
"94","Dengue",2008,42,662,"COL",NA,NA,NA,NA
"95","Dengue",2008,43,708,"COL",NA,NA,NA,NA
"96","Dengue",2008,44,719,"COL",NA,NA,NA,NA
"97","Dengue",2008,45,651,"COL",NA,NA,NA,NA
"98","Dengue",2008,46,667,"COL",NA,NA,NA,NA
"99","Dengue",2008,47,624,"COL",NA,NA,NA,NA
"100","Dengue",2008,48,505,"COL",NA,NA,NA,NA
"101","Dengue",2008,49,675,"COL",NA,NA,NA,NA
"102","Dengue",2008,50,611,"COL",NA,NA,NA,NA
"103","Dengue",2008,51,629,"COL",NA,NA,NA,NA
"104","Dengue",2008,52,404,"COL",NA,NA,NA,NA
"105","Dengue",2008,53,374,"COL",NA,NA,NA,NA
"106","Dengue",2009,1,637,"COL",NA,NA,NA,NA
"107","Dengue",2009,2,625,"COL",NA,NA,NA,NA
"108","Dengue",2009,3,640,"COL",NA,NA,NA,NA
"109","Dengue",2009,4,575,"COL",NA,NA,NA,NA
"110","Dengue",2009,5,662,"COL",NA,NA,NA,NA
"111","Dengue",2009,6,595,"COL",NA,NA,NA,NA
"112","Dengue",2009,7,594,"COL",NA,NA,NA,NA
"113","Dengue",2009,8,556,"COL",NA,NA,NA,NA
"114","Dengue",2009,9,672,"COL",NA,NA,NA,NA
"115","Dengue",2009,10,545,"COL",NA,NA,NA,NA
"116","Dengue",2009,11,557,"COL",NA,NA,NA,NA
"117","Dengue",2009,12,543,"COL",NA,NA,NA,NA
"118","Dengue",2009,13,616,"COL",NA,NA,NA,NA
"119","Dengue",2009,14,532,"COL",NA,NA,NA,NA
"120","Dengue",2009,15,635,"COL",NA,NA,NA,NA
"121","Dengue",2009,16,676,"COL",NA,NA,NA,NA
"122","Dengue",2009,17,584,"COL",NA,NA,NA,NA
"123","Dengue",2009,18,574,"COL",NA,NA,NA,NA
"124","Dengue",2009,19,661,"COL",NA,NA,NA,NA
"125","Dengue",2009,20,752,"COL",NA,NA,NA,NA
"126","Dengue",2009,21,731,"COL",NA,NA,NA,NA
"127","Dengue",2009,22,854,"COL",NA,NA,NA,NA
"128","Dengue",2009,23,814,"COL",NA,NA,NA,NA
"129","Dengue",2009,24,761,"COL",NA,NA,NA,NA
"130","Dengue",2009,25,764,"COL",NA,NA,NA,NA
"131","Dengue",2009,26,859,"COL",NA,NA,NA,NA
"132","Dengue",2009,27,850,"COL",NA,NA,NA,NA
"133","Dengue",2009,28,906,"COL",NA,NA,NA,NA
"134","Dengue",2009,29,924,"COL",NA,NA,NA,NA
"135","Dengue",2009,30,961,"COL",NA,NA,NA,NA
"136","Dengue",2009,31,970,"COL",NA,NA,NA,NA
"137","Dengue",2009,32,952,"COL",NA,NA,NA,NA
"138","Dengue",2009,33,1000,"COL",NA,NA,NA,NA
"139","Dengue",2009,34,1019,"COL",NA,NA,NA,NA
"140","Dengue",2009,35,1076,"COL",NA,NA,NA,NA
"141","Dengue",2009,36,1045,"COL",NA,NA,NA,NA
"142","Dengue",2009,37,1012,"COL",NA,NA,NA,NA
"143","Dengue",2009,38,1105,"COL",NA,NA,NA,NA
"144","Dengue",2009,39,1056,"COL",NA,NA,NA,NA
"145","Dengue",2009,40,992,"COL",NA,NA,NA,NA
"146","Dengue",2009,41,1044,"COL",NA,NA,NA,NA
"147","Dengue",2009,42,1124,"COL",NA,NA,NA,NA
"148","Dengue",2009,43,1002,"COL",NA,NA,NA,NA
"149","Dengue",2009,44,1092,"COL",NA,NA,NA,NA
"150","Dengue",2009,45,1066,"COL",NA,NA,NA,NA
"151","Dengue",2009,46,1170,"COL",NA,NA,NA,NA
"152","Dengue",2009,47,1250,"COL",NA,NA,NA,NA
"153","Dengue",2009,48,1327,"COL",NA,NA,NA,NA
"154","Dengue",2009,49,1450,"COL",NA,NA,NA,NA
"155","Dengue",2009,50,1322,"COL",NA,NA,NA,NA
"156","Dengue",2009,51,1308,"COL",NA,NA,NA,NA
"157","Dengue",2009,52,1308,"COL",NA,NA,NA,NA
"158","Dengue",2010,1,1937,"COL",NA,NA,NA,NA
"159","Dengue",2010,2,2191,"COL",NA,NA,NA,NA
"160","Dengue",2010,3,2423,"COL",NA,NA,NA,NA
"161","Dengue",2010,4,2761,"COL",NA,NA,NA,NA
"162","Dengue",2010,5,3339,"COL",NA,NA,NA,NA
"163","Dengue",2010,6,3823,"COL",NA,NA,NA,NA
"164","Dengue",2010,7,4158,"COL",NA,NA,NA,NA
"165","Dengue",2010,8,4023,"COL",NA,NA,NA,NA
"166","Dengue",2010,9,4507,"COL",NA,NA,NA,NA
"167","Dengue",2010,10,4332,"COL",NA,NA,NA,NA
"168","Dengue",2010,11,4634,"COL",NA,NA,NA,NA
"169","Dengue",2010,12,4164,"COL",NA,NA,NA,NA
"170","Dengue",2010,13,4355,"COL",NA,NA,NA,NA
"171","Dengue",2010,14,4621,"COL",NA,NA,NA,NA
"172","Dengue",2010,15,4248,"COL",NA,NA,NA,NA
"173","Dengue",2010,16,4590,"COL",NA,NA,NA,NA
"174","Dengue",2010,17,4334,"COL",NA,NA,NA,NA
"175","Dengue",2010,18,4272,"COL",NA,NA,NA,NA
"176","Dengue",2010,19,4538,"COL",NA,NA,NA,NA
"177","Dengue",2010,20,4563,"COL",NA,NA,NA,NA
"178","Dengue",2010,21,4288,"COL",NA,NA,NA,NA
"179","Dengue",2010,22,4183,"COL",NA,NA,NA,NA
"180","Dengue",2010,23,4179,"COL",NA,NA,NA,NA
"181","Dengue",2010,24,4065,"COL",NA,NA,NA,NA
"182","Dengue",2010,25,3728,"COL",NA,NA,NA,NA
"183","Dengue",2010,26,3462,"COL",NA,NA,NA,NA
"184","Dengue",2010,27,3308,"COL",NA,NA,NA,NA
"185","Dengue",2010,28,3064,"COL",NA,NA,NA,NA
"186","Dengue",2010,29,3149,"COL",NA,NA,NA,NA
"187","Dengue",2010,30,2905,"COL",NA,NA,NA,NA
"188","Dengue",2010,31,2949,"COL",NA,NA,NA,NA
"189","Dengue",2010,32,2546,"COL",NA,NA,NA,NA
"190","Dengue",2010,33,2523,"COL",NA,NA,NA,NA
"191","Dengue",2010,34,2378,"COL",NA,NA,NA,NA
"192","Dengue",2010,35,2248,"COL",NA,NA,NA,NA
"193","Dengue",2010,36,2052,"COL",NA,NA,NA,NA
"194","Dengue",2010,37,1790,"COL",NA,NA,NA,NA
"195","Dengue",2010,38,1739,"COL",NA,NA,NA,NA
"196","Dengue",2010,39,1523,"COL",NA,NA,NA,NA
"197","Dengue",2010,40,1466,"COL",NA,NA,NA,NA
"198","Dengue",2010,41,1390,"COL",NA,NA,NA,NA
"199","Dengue",2010,42,1274,"COL",NA,NA,NA,NA
"200","Dengue",2010,43,1123,"COL",NA,NA,NA,NA
"201","Dengue",2010,44,1132,"COL",NA,NA,NA,NA
"202","Dengue",2010,45,1042,"COL",NA,NA,NA,NA
"203","Dengue",2010,46,982,"COL",NA,NA,NA,NA
"204","Dengue",2010,47,891,"COL",NA,NA,NA,NA
"205","Dengue",2010,48,881,"COL",NA,NA,NA,NA
"206","Dengue",2010,49,922,"COL",NA,NA,NA,NA
"207","Dengue",2010,50,809,"COL",NA,NA,NA,NA
"208","Dengue",2010,51,723,"COL",NA,NA,NA,NA
"209","Dengue",2010,52,697,"COL",NA,NA,NA,NA
"210","Dengue",2011,1,725,"COL",NA,NA,NA,NA
"211","Dengue",2011,2,779,"COL",NA,NA,NA,NA
"212","Dengue",2011,3,718,"COL",NA,NA,NA,NA
"213","Dengue",2011,4,637,"COL",NA,NA,NA,NA
"214","Dengue",2011,5,646,"COL",NA,NA,NA,NA
"215","Dengue",2011,6,541,"COL",NA,NA,NA,NA
"216","Dengue",2011,7,588,"COL",NA,NA,NA,NA
"217","Dengue",2011,8,504,"COL",NA,NA,NA,NA
"218","Dengue",2011,9,533,"COL",NA,NA,NA,NA
"219","Dengue",2011,10,519,"COL",NA,NA,NA,NA
"220","Dengue",2011,11,460,"COL",NA,NA,NA,NA
"221","Dengue",2011,12,466,"COL",NA,NA,NA,NA
"222","Dengue",2011,13,526,"COL",NA,NA,NA,NA
"223","Dengue",2011,14,517,"COL",NA,NA,NA,NA
"224","Dengue",2011,15,483,"COL",NA,NA,NA,NA
"225","Dengue",2011,16,512,"COL",NA,NA,NA,NA
"226","Dengue",2011,17,571,"COL",NA,NA,NA,NA
"227","Dengue",2011,18,583,"COL",NA,NA,NA,NA
"228","Dengue",2011,19,574,"COL",NA,NA,NA,NA
"229","Dengue",2011,20,596,"COL",NA,NA,NA,NA
"230","Dengue",2011,21,618,"COL",NA,NA,NA,NA
"231","Dengue",2011,22,603,"COL",NA,NA,NA,NA
"232","Dengue",2011,23,630,"COL",NA,NA,NA,NA
"233","Dengue",2011,24,619,"COL",NA,NA,NA,NA
"234","Dengue",2011,25,591,"COL",NA,NA,NA,NA
"235","Dengue",2011,26,531,"COL",NA,NA,NA,NA
"236","Dengue",2011,27,648,"COL",NA,NA,NA,NA
"237","Dengue",2011,28,552,"COL",NA,NA,NA,NA
"238","Dengue",2011,29,542,"COL",NA,NA,NA,NA
"239","Dengue",2011,30,504,"COL",NA,NA,NA,NA
"240","Dengue",2011,31,544,"COL",NA,NA,NA,NA
"241","Dengue",2011,32,523,"COL",NA,NA,NA,NA
"242","Dengue",2011,33,516,"COL",NA,NA,NA,NA
"243","Dengue",2011,34,458,"COL",NA,NA,NA,NA
"244","Dengue",2011,35,555,"COL",NA,NA,NA,NA
"245","Dengue",2011,36,477,"COL",NA,NA,NA,NA
"246","Dengue",2011,37,473,"COL",NA,NA,NA,NA
"247","Dengue",2011,38,501,"COL",NA,NA,NA,NA
"248","Dengue",2011,39,512,"COL",NA,NA,NA,NA
"249","Dengue",2011,40,486,"COL",NA,NA,NA,NA
"250","Dengue",2011,41,476,"COL",NA,NA,NA,NA
"251","Dengue",2011,42,506,"COL",NA,NA,NA,NA
"252","Dengue",2011,43,539,"COL",NA,NA,NA,NA
"253","Dengue",2011,44,529,"COL",NA,NA,NA,NA
"254","Dengue",2011,45,549,"COL",NA,NA,NA,NA
"255","Dengue",2011,46,564,"COL",NA,NA,NA,NA
"256","Dengue",2011,47,594,"COL",NA,NA,NA,NA
"257","Dengue",2011,48,602,"COL",NA,NA,NA,NA
"258","Dengue",2011,49,638,"COL",NA,NA,NA,NA
"259","Dengue",2011,50,649,"COL",NA,NA,NA,NA
"260","Dengue",2011,51,682,"COL",NA,NA,NA,NA
"261","Dengue",2011,52,697,"COL",NA,NA,NA,NA
"262","Dengue",2012,1,795,"COL",NA,NA,NA,NA
"263","Dengue",2012,2,798,"COL",NA,NA,NA,NA
"264","Dengue",2012,3,843,"COL",NA,NA,NA,NA
"265","Dengue",2012,4,895,"COL",NA,NA,NA,NA
"266","Dengue",2012,5,903,"COL",NA,NA,NA,NA
"267","Dengue",2012,6,898,"COL",NA,NA,NA,NA
"268","Dengue",2012,7,904,"COL",NA,NA,NA,NA
"269","Dengue",2012,8,1046,"COL",NA,NA,NA,NA
"270","Dengue",2012,9,983,"COL",NA,NA,NA,NA
"271","Dengue",2012,10,983,"COL",NA,NA,NA,NA
"272","Dengue",2012,11,863,"COL",NA,NA,NA,NA
"273","Dengue",2012,12,912,"COL",NA,NA,NA,NA
"274","Dengue",2012,13,734,"COL",NA,NA,NA,NA
"275","Dengue",2012,14,774,"COL",NA,NA,NA,NA
"276","Dengue",2012,15,889,"COL",NA,NA,NA,NA
"277","Dengue",2012,16,968,"COL",NA,NA,NA,NA
"278","Dengue",2012,17,922,"COL",NA,NA,NA,NA
"279","Dengue",2012,18,973,"COL",NA,NA,NA,NA
"280","Dengue",2012,19,1015,"COL",NA,NA,NA,NA
"281","Dengue",2012,20,970,"COL",NA,NA,NA,NA
"282","Dengue",2012,21,992,"COL",NA,NA,NA,NA
"283","Dengue",2012,22,1127,"COL",NA,NA,NA,NA
"284","Dengue",2012,23,1083,"COL",NA,NA,NA,NA
"285","Dengue",2012,24,1041,"COL",NA,NA,NA,NA
"286","Dengue",2012,25,1057,"COL",NA,NA,NA,NA
"287","Dengue",2012,26,987,"COL",NA,NA,NA,NA
"288","Dengue",2012,27,1005,"COL",NA,NA,NA,NA
"289","Dengue",2012,28,1007,"COL",NA,NA,NA,NA
"290","Dengue",2012,29,923,"COL",NA,NA,NA,NA
"291","Dengue",2012,30,925,"COL",NA,NA,NA,NA
"292","Dengue",2012,31,919,"COL",NA,NA,NA,NA
"293","Dengue",2012,32,882,"COL",NA,NA,NA,NA
"294","Dengue",2012,33,923,"COL",NA,NA,NA,NA
"295","Dengue",2012,34,884,"COL",NA,NA,NA,NA
"296","Dengue",2012,35,1031,"COL",NA,NA,NA,NA
"297","Dengue",2012,36,983,"COL",NA,NA,NA,NA
"298","Dengue",2012,37,949,"COL",NA,NA,NA,NA
"299","Dengue",2012,38,1025,"COL",NA,NA,NA,NA
"300","Dengue",2012,39,927,"COL",NA,NA,NA,NA
"301","Dengue",2012,40,1031,"COL",NA,NA,NA,NA
"302","Dengue",2012,41,1128,"COL",NA,NA,NA,NA
"303","Dengue",2012,42,1150,"COL",NA,NA,NA,NA
"304","Dengue",2012,43,1105,"COL",NA,NA,NA,NA
"305","Dengue",2012,44,1106,"COL",NA,NA,NA,NA
"306","Dengue",2012,45,1208,"COL",NA,NA,NA,NA
"307","Dengue",2012,46,1275,"COL",NA,NA,NA,NA
"308","Dengue",2012,47,1337,"COL",NA,NA,NA,NA
"309","Dengue",2012,48,1262,"COL",NA,NA,NA,NA
"310","Dengue",2012,49,1319,"COL",NA,NA,NA,NA
"311","Dengue",2012,50,1418,"COL",NA,NA,NA,NA
"312","Dengue",2012,51,1257,"COL",NA,NA,NA,NA
"313","Dengue",2012,52,1133,"COL",NA,NA,NA,NA
"314","Dengue",2013,1,1664,"COL",NA,NA,NA,NA
"315","Dengue",2013,2,1743,"COL",NA,NA,NA,NA
"316","Dengue",2013,3,1735,"COL",NA,NA,NA,NA
"317","Dengue",2013,4,1869,"COL",NA,NA,NA,NA
"318","Dengue",2013,5,2004,"COL",NA,NA,NA,NA
"319","Dengue",2013,6,1959,"COL",NA,NA,NA,NA
"320","Dengue",2013,7,1897,"COL",NA,NA,NA,NA
"321","Dengue",2013,8,2039,"COL",NA,NA,NA,NA
"322","Dengue",2013,9,2055,"COL",NA,NA,NA,NA
"323","Dengue",2013,10,2151,"COL",NA,NA,NA,NA
"324","Dengue",2013,11,2106,"COL",NA,NA,NA,NA
"325","Dengue",2013,12,2030,"COL",NA,NA,NA,NA
"326","Dengue",2013,13,2035,"COL",NA,NA,NA,NA
"327","Dengue",2013,14,2616,"COL",NA,NA,NA,NA
"328","Dengue",2013,15,3020,"COL",NA,NA,NA,NA
"329","Dengue",2013,16,3231,"COL",NA,NA,NA,NA
"330","Dengue",2013,17,2873,"COL",NA,NA,NA,NA
"331","Dengue",2013,18,2894,"COL",NA,NA,NA,NA
"332","Dengue",2013,19,2824,"COL",NA,NA,NA,NA
"333","Dengue",2013,20,2822,"COL",NA,NA,NA,NA
"334","Dengue",2013,21,3068,"COL",NA,NA,NA,NA
"335","Dengue",2013,22,2967,"COL",NA,NA,NA,NA
"336","Dengue",2013,23,2717,"COL",NA,NA,NA,NA
"337","Dengue",2013,24,2751,"COL",NA,NA,NA,NA
"338","Dengue",2013,25,2765,"COL",NA,NA,NA,NA
"339","Dengue",2013,26,2554,"COL",NA,NA,NA,NA
"340","Dengue",2013,27,2988,"COL",NA,NA,NA,NA
"341","Dengue",2013,28,2956,"COL",NA,NA,NA,NA
"342","Dengue",2013,29,2970,"COL",NA,NA,NA,NA
"343","Dengue",2013,30,2645,"COL",NA,NA,NA,NA
"344","Dengue",2013,31,2391,"COL",NA,NA,NA,NA
"345","Dengue",2013,32,2320,"COL",NA,NA,NA,NA
"346","Dengue",2013,33,2127,"COL",NA,NA,NA,NA
"347","Dengue",2013,34,2252,"COL",NA,NA,NA,NA
"348","Dengue",2013,35,2015,"COL",NA,NA,NA,NA
"349","Dengue",2013,36,2056,"COL",NA,NA,NA,NA
"350","Dengue",2013,37,2150,"COL",NA,NA,NA,NA
"351","Dengue",2013,38,2179,"COL",NA,NA,NA,NA
"352","Dengue",2013,39,2211,"COL",NA,NA,NA,NA
"353","Dengue",2013,40,2263,"COL",NA,NA,NA,NA
"354","Dengue",2013,41,2161,"COL",NA,NA,NA,NA
"355","Dengue",2013,42,2362,"COL",NA,NA,NA,NA
"356","Dengue",2013,43,2329,"COL",NA,NA,NA,NA
"357","Dengue",2013,44,2261,"COL",NA,NA,NA,NA
"358","Dengue",2013,45,2136,"COL",NA,NA,NA,NA
"359","Dengue",2013,46,2441,"COL",NA,NA,NA,NA
"360","Dengue",2013,47,2468,"COL",NA,NA,NA,NA
"361","Dengue",2013,48,2185,"COL",NA,NA,NA,NA
"362","Dengue",2013,49,2240,"COL",NA,NA,NA,NA
"363","Dengue",2013,50,2279,"COL",NA,NA,NA,NA
"364","Dengue",2013,51,1929,"COL",NA,NA,NA,NA
"365","Dengue",2013,52,1738,"COL",NA,NA,NA,NA
"366","Dengue",2014,1,2324,"COL",NA,NA,NA,NA
"367","Dengue",2014,2,2449,"COL",NA,NA,NA,NA
"368","Dengue",2014,3,2304,"COL",NA,NA,NA,NA
"369","Dengue",2014,4,2394,"COL",NA,NA,NA,NA
"370","Dengue",2014,5,2039,"COL",NA,NA,NA,NA
"371","Dengue",2014,6,2008,"COL",NA,NA,NA,NA
"372","Dengue",2014,7,1991,"COL",NA,NA,NA,NA
"373","Dengue",2014,8,1968,"COL",NA,NA,NA,NA
"374","Dengue",2014,9,1700,"COL",NA,NA,NA,NA
"375","Dengue",2014,10,1755,"COL",NA,NA,NA,NA
"376","Dengue",2014,11,1845,"COL",NA,NA,NA,NA
"377","Dengue",2014,12,1783,"COL",NA,NA,NA,NA
"378","Dengue",2014,13,1724,"COL",NA,NA,NA,NA
"379","Dengue",2014,14,2054,"COL",NA,NA,NA,NA
"380","Dengue",2014,15,1800,"COL",NA,NA,NA,NA
"381","Dengue",2014,16,1705,"COL",NA,NA,NA,NA
"382","Dengue",2014,17,1854,"COL",NA,NA,NA,NA
"383","Dengue",2014,18,1815,"COL",NA,NA,NA,NA
"384","Dengue",2014,19,1778,"COL",NA,NA,NA,NA
"385","Dengue",2014,20,1791,"COL",NA,NA,NA,NA
"386","Dengue",2014,21,1939,"COL",NA,NA,NA,NA
"387","Dengue",2014,22,1668,"COL",NA,NA,NA,NA
"388","Dengue",2014,23,1973,"COL",NA,NA,NA,NA
"389","Dengue",2014,24,2064,"COL",NA,NA,NA,NA
"390","Dengue",2014,25,1795,"COL",NA,NA,NA,NA
"391","Dengue",2014,26,1693,"COL",NA,NA,NA,NA
"392","Dengue",2014,27,2048,"COL",NA,NA,NA,NA
"393","Dengue",2014,28,2099,"COL",NA,NA,NA,NA
"394","Dengue",2014,29,2047,"COL",NA,NA,NA,NA
"395","Dengue",2014,30,2051,"COL",NA,NA,NA,NA
"396","Dengue",2014,31,1983,"COL",NA,NA,NA,NA
"397","Dengue",2014,32,1787,"COL",NA,NA,NA,NA
"398","Dengue",2014,33,1843,"COL",NA,NA,NA,NA
"399","Dengue",2014,34,1848,"COL",NA,NA,NA,NA
"400","Dengue",2014,35,1700,"COL",NA,NA,NA,NA
"401","Dengue",2014,36,1831,"COL",NA,NA,NA,NA
"402","Dengue",2014,37,2086,"COL",NA,NA,NA,NA
"403","Dengue",2014,38,2133,"COL",NA,NA,NA,NA
"404","Dengue",2014,39,2054,"COL",NA,NA,NA,NA
"405","Dengue",2014,40,2094,"COL",NA,NA,NA,NA
"406","Dengue",2014,41,2095,"COL",NA,NA,NA,NA
"407","Dengue",2014,42,2220,"COL",NA,NA,NA,NA
"408","Dengue",2014,43,2363,"COL",NA,NA,NA,NA
"409","Dengue",2014,44,2178,"COL",NA,NA,NA,NA
"410","Dengue",2014,45,2079,"COL",NA,NA,NA,NA
"411","Dengue",2014,46,2097,"COL",NA,NA,NA,NA
"412","Dengue",2014,47,1983,"COL",NA,NA,NA,NA
"413","Dengue",2014,48,1813,"COL",NA,NA,NA,NA
"414","Dengue",2014,49,2025,"COL",NA,NA,NA,NA
"415","Dengue",2014,50,2116,"COL",NA,NA,NA,NA
"416","Dengue",2014,51,2067,"COL",NA,NA,NA,NA
"417","Dengue",2014,52,2032,"COL",NA,NA,NA,NA
"418","Dengue",2014,53,2471,"COL",NA,NA,NA,NA
"419","Dengue",2015,1,2366,"COL",NA,NA,NA,NA
"420","Dengue",2015,2,1980,"COL",NA,NA,NA,NA
"421","Dengue",2015,3,1914,"COL",NA,NA,NA,NA
"422","Dengue",2015,4,1817,"COL",NA,NA,NA,NA
"423","Dengue",2015,5,2094,"COL",NA,NA,NA,NA
"424","Dengue",2015,6,1960,"COL",NA,NA,NA,NA
"425","Dengue",2015,7,2074,"COL",NA,NA,NA,NA
"426","Dengue",2015,8,1909,"COL",NA,NA,NA,NA
"427","Dengue",2015,9,2108,"COL",NA,NA,NA,NA
"428","Dengue",2015,10,1999,"COL",NA,NA,NA,NA
"429","Dengue",2015,11,1947,"COL",NA,NA,NA,NA
"430","Dengue",2015,12,1724,"COL",NA,NA,NA,NA
"431","Dengue",2015,13,1678,"COL",NA,NA,NA,NA
"432","Dengue",2015,14,2098,"COL",NA,NA,NA,NA
"433","Dengue",2015,15,1806,"COL",NA,NA,NA,NA
"434","Dengue",2015,16,1745,"COL",NA,NA,NA,NA
"435","Dengue",2015,17,1903,"COL",NA,NA,NA,NA
"436","Dengue",2015,18,1864,"COL",NA,NA,NA,NA
"437","Dengue",2015,19,1846,"COL",NA,NA,NA,NA
"438","Dengue",2015,20,1724,"COL",NA,NA,NA,NA
"439","Dengue",2015,21,1712,"COL",NA,NA,NA,NA
"440","Dengue",2015,22,1653,"COL",NA,NA,NA,NA
"441","Dengue",2015,23,1500,"COL",NA,NA,NA,NA
"442","Dengue",2015,24,1511,"COL",NA,NA,NA,NA
"443","Dengue",2015,25,1441,"COL",NA,NA,NA,NA
"444","Dengue",2015,26,1566,"COL",NA,NA,NA,NA
"445","Dengue",2015,27,1554,"COL",NA,NA,NA,NA
"446","Dengue",2015,28,1413,"COL",NA,NA,NA,NA
"447","Dengue",2015,29,1365,"COL",NA,NA,NA,NA
"448","Dengue",2015,30,1356,"COL",NA,NA,NA,NA
"449","Dengue",2015,31,1332,"COL",NA,NA,NA,NA
"450","Dengue",2015,32,1266,"COL",NA,NA,NA,NA
"451","Dengue",2015,33,1346,"COL",NA,NA,NA,NA
"452","Dengue",2015,34,1401,"COL",NA,NA,NA,NA
"453","Dengue",2015,35,1442,"COL",NA,NA,NA,NA
"454","Dengue",2015,36,1567,"COL",NA,NA,NA,NA
"455","Dengue",2015,37,1654,"COL",NA,NA,NA,NA
"456","Dengue",2015,38,1719,"COL",NA,NA,NA,NA
"457","Dengue",2015,39,1695,"COL",NA,NA,NA,NA
"458","Dengue",2015,40,1702,"COL",NA,NA,NA,NA
"459","Dengue",2015,41,1726,"COL",NA,NA,NA,NA
"460","Dengue",2015,42,1906,"COL",NA,NA,NA,NA
"461","Dengue",2015,43,1921,"COL",NA,NA,NA,NA
"462","Dengue",2015,44,2122,"COL",NA,NA,NA,NA
"463","Dengue",2015,45,2214,"COL",NA,NA,NA,NA
"464","Dengue",2015,46,2243,"COL",NA,NA,NA,NA
"465","Dengue",2015,47,2163,"COL",NA,NA,NA,NA
"466","Dengue",2015,48,2240,"COL",NA,NA,NA,NA
"467","Dengue",2015,49,2431,"COL",NA,NA,NA,NA
"468","Dengue",2015,50,2463,"COL",NA,NA,NA,NA
"469","Dengue",2015,51,2305,"COL",NA,NA,NA,NA
"470","Dengue",2015,52,2538,"COL",NA,NA,NA,NA
"471","Dengue",2016,1,1605,"COL",NA,NA,NA,NA
"472","Dengue",2016,2,1637,"COL",NA,NA,NA,NA
"473","Dengue",2016,3,1562,"COL",NA,NA,NA,NA
"474","Dengue",2016,4,1400,"COL",NA,NA,NA,NA
"475","Dengue",2016,5,1491,"COL",NA,NA,NA,NA
"476","Dengue",2016,6,1356,"COL",NA,NA,NA,NA
"477","Dengue",2016,7,1235,"COL",NA,NA,NA,NA
"478","Dengue",2016,8,1143,"COL",NA,NA,NA,NA
"479","Dengue",2016,9,1200,"COL",NA,NA,NA,NA
"480","Dengue",2016,10,1064,"COL",NA,NA,NA,NA
"481","Dengue",2016,11,1038,"COL",NA,NA,NA,NA
"482","Dengue",2016,12,1094,"COL",NA,NA,NA,NA
"483","Dengue",2016,13,1416,"COL",NA,NA,NA,NA
"484","Dengue",2016,14,1199,"COL",NA,NA,NA,NA
"485","Dengue",2016,15,1311,"COL",NA,NA,NA,NA
"486","Dengue",2016,16,1244,"COL",NA,NA,NA,NA
"487","Dengue",2016,17,1328,"COL",NA,NA,NA,NA
"488","Dengue",2016,18,1304,"COL",NA,NA,NA,NA
"489","Dengue",2016,19,1288,"COL",NA,NA,NA,NA
"490","Dengue",2016,20,1440,"COL",NA,NA,NA,NA
"491","Dengue",2016,21,1333,"COL",NA,NA,NA,NA
"492","Dengue",2016,22,1377,"COL",NA,NA,NA,NA
"493","Dengue",2016,23,1343,"COL",NA,NA,NA,NA
"494","Dengue",2016,24,1324,"COL",NA,NA,NA,NA
"495","Dengue",2016,25,1295,"COL",NA,NA,NA,NA
"496","Dengue",2016,26,1193,"COL",NA,NA,NA,NA
"497","Dengue",2016,27,1306,"COL",NA,NA,NA,NA
"498","Dengue",2016,28,1231,"COL",NA,NA,NA,NA
"499","Dengue",2016,29,1087,"COL",NA,NA,NA,NA
"500","Dengue",2016,30,1079,"COL",NA,NA,NA,NA
"501","Dengue",2016,31,1039,"COL",NA,NA,NA,NA
"502","Dengue",2016,32,1003,"COL",NA,NA,NA,NA
"503","Dengue",2016,33,1106,"COL",NA,NA,NA,NA
"504","Dengue",2016,34,971,"COL",NA,NA,NA,NA
"505","Dengue",2016,35,929,"COL",NA,NA,NA,NA
"506","Dengue",2016,36,828,"COL",NA,NA,NA,NA
"507","Dengue",2016,37,802,"COL",NA,NA,NA,NA
"508","Dengue",2016,38,787,"COL",NA,NA,NA,NA
"509","Dengue",2016,39,772,"COL",NA,NA,NA,NA
"510","Dengue",2016,40,621,"COL",NA,NA,NA,NA
"511","Dengue",2016,41,623,"COL",NA,NA,NA,NA
"512","Dengue",2016,42,652,"COL",NA,NA,NA,NA
"513","Dengue",2016,43,634,"COL",NA,NA,NA,NA
"514","Dengue",2016,44,587,"COL",NA,NA,NA,NA
"515","Dengue",2016,45,571,"COL",NA,NA,NA,NA
"516","Dengue",2016,46,569,"COL",NA,NA,NA,NA
"517","Dengue",2016,47,557,"COL",NA,NA,NA,NA
"518","Dengue",2016,48,522,"COL",NA,NA,NA,NA
"519","Dengue",2016,49,492,"COL",NA,NA,NA,NA
"520","Dengue",2016,50,531,"COL",NA,NA,NA,NA
"521","Dengue",2016,51,470,"COL",NA,NA,NA,NA
"522","Dengue",2016,52,446,"COL",NA,NA,NA,NA
"523","Dengue",2017,1,814,"COL",NA,NA,NA,NA
"524","Dengue",2017,2,759,"COL",NA,NA,NA,NA
"525","Dengue",2017,3,823,"COL",NA,NA,NA,NA
"526","Dengue",2017,4,690,"COL",NA,NA,NA,NA
"527","Dengue",2017,5,647,"COL",NA,NA,NA,NA
"528","Dengue",2017,6,627,"COL",NA,NA,NA,NA
"529","Dengue",2017,7,514,"COL",NA,NA,NA,NA
"530","Dengue",2017,8,482,"COL",NA,NA,NA,NA
"531","Dengue",2017,9,487,"COL",NA,NA,NA,NA
"532","Dengue",2017,10,464,"COL",NA,NA,NA,NA
"533","Dengue",2017,11,405,"COL",NA,NA,NA,NA
"534","Dengue",2017,12,420,"COL",NA,NA,NA,NA
"535","Dengue",2017,13,458,"COL",NA,NA,NA,NA
"536","Dengue",2017,14,476,"COL",NA,NA,NA,NA
"537","Dengue",2017,15,434,"COL",NA,NA,NA,NA
"538","Dengue",2017,16,469,"COL",NA,NA,NA,NA
"539","Dengue",2017,17,430,"COL",NA,NA,NA,NA
"540","Dengue",2017,18,486,"COL",NA,NA,NA,NA
"541","Dengue",2017,19,472,"COL",NA,NA,NA,NA
"542","Dengue",2017,20,527,"COL",NA,NA,NA,NA
"543","Dengue",2017,21,506,"COL",NA,NA,NA,NA
"544","Dengue",2017,22,490,"COL",NA,NA,NA,NA
"545","Dengue",2017,23,507,"COL",NA,NA,NA,NA
"546","Dengue",2017,24,449,"COL",NA,NA,NA,NA
"547","Dengue",2017,25,399,"COL",NA,NA,NA,NA
"548","Dengue",2017,26,480,"COL",NA,NA,NA,NA
"549","Dengue",2017,27,501,"COL",NA,NA,NA,NA
"550","Dengue",2017,28,513,"COL",NA,NA,NA,NA
"551","Dengue",2017,29,457,"COL",NA,NA,NA,NA
"552","Dengue",2017,30,487,"COL",NA,NA,NA,NA
"553","Dengue",2017,31,442,"COL",NA,NA,NA,NA
"554","Dengue",2017,32,482,"COL",NA,NA,NA,NA
"555","Dengue",2017,33,442,"COL",NA,NA,NA,NA
"556","Dengue",2017,34,461,"COL",NA,NA,NA,NA
"557","Dengue",2017,35,433,"COL",NA,NA,NA,NA
"558","Dengue",2017,36,412,"COL",NA,NA,NA,NA
"559","Dengue",2017,37,381,"COL",NA,NA,NA,NA
"560","Dengue",2017,38,468,"COL",NA,NA,NA,NA
"561","Dengue",2017,39,425,"COL",NA,NA,NA,NA
"562","Dengue",2017,40,454,"COL",NA,NA,NA,NA
"563","Dengue",2017,41,401,"COL",NA,NA,NA,NA
"564","Dengue",2017,42,393,"COL",NA,NA,NA,NA
"565","Dengue",2017,43,364,"COL",NA,NA,NA,NA
"566","Dengue",2017,44,384,"COL",NA,NA,NA,NA
"567","Dengue",2017,45,420,"COL",NA,NA,NA,NA
"568","Dengue",2017,46,414,"COL",NA,NA,NA,NA
"569","Dengue",2017,47,413,"COL",NA,NA,NA,NA
"570","Dengue",2017,48,428,"COL",NA,NA,NA,NA
"571","Dengue",2017,49,407,"COL",NA,NA,NA,NA
"572","Dengue",2017,50,478,"COL",NA,NA,NA,NA
"573","Dengue",2017,51,480,"COL",NA,NA,NA,NA
"574","Dengue",2017,52,393,"COL",NA,NA,NA,NA
"575","Dengue",2018,1,461,"COL",NA,NA,NA,NA
"576","Dengue",2018,2,541,"COL",NA,NA,NA,NA
"577","Dengue",2018,3,534,"COL",NA,NA,NA,NA
"578","Dengue",2018,4,455,"COL",NA,NA,NA,NA
"579","Dengue",2018,5,488,"COL",NA,NA,NA,NA
"580","Dengue",2018,6,421,"COL",NA,NA,NA,NA
"581","Dengue",2018,7,463,"COL",NA,NA,NA,NA
"582","Dengue",2018,8,409,"COL",NA,NA,NA,NA
"583","Dengue",2018,9,404,"COL",NA,NA,NA,NA
"584","Dengue",2018,10,424,"COL",NA,NA,NA,NA
"585","Dengue",2018,11,398,"COL",NA,NA,NA,NA
"586","Dengue",2018,12,385,"COL",NA,NA,NA,NA
"587","Dengue",2018,13,331,"COL",NA,NA,NA,NA
"588","Dengue",2018,14,414,"COL",NA,NA,NA,NA
"589","Dengue",2018,15,429,"COL",NA,NA,NA,NA
"590","Dengue",2018,16,471,"COL",NA,NA,NA,NA
"591","Dengue",2018,17,491,"COL",NA,NA,NA,NA
"592","Dengue",2018,18,514,"COL",NA,NA,NA,NA
"593","Dengue",2018,19,578,"COL",NA,NA,NA,NA
"594","Dengue",2018,20,686,"COL",NA,NA,NA,NA
"595","Dengue",2018,21,759,"COL",NA,NA,NA,NA
"596","Dengue",2018,22,912,"COL",NA,NA,NA,NA
"597","Dengue",2018,23,865,"COL",NA,NA,NA,NA
"598","Dengue",2018,24,915,"COL",NA,NA,NA,NA
"599","Dengue",2018,25,913,"COL",NA,NA,NA,NA
"600","Dengue",2018,26,741,"COL",NA,NA,NA,NA
"601","Dengue",2018,27,891,"COL",NA,NA,NA,NA
"602","Dengue",2018,28,879,"COL",NA,NA,NA,NA
"603","Dengue",2018,29,899,"COL",NA,NA,NA,NA
"604","Dengue",2018,30,802,"COL",NA,NA,NA,NA
"605","Dengue",2018,31,866,"COL",NA,NA,NA,NA
"606","Dengue",2018,32,895,"COL",NA,NA,NA,NA
"607","Dengue",2018,33,816,"COL",NA,NA,NA,NA
"608","Dengue",2018,34,924,"COL",NA,NA,NA,NA
"609","Dengue",2018,35,907,"COL",NA,NA,NA,NA
"610","Dengue",2018,36,827,"COL",NA,NA,NA,NA
"611","Dengue",2018,37,886,"COL",NA,NA,NA,NA
"612","Dengue",2018,38,940,"COL",NA,NA,NA,NA
"613","Dengue",2018,39,934,"COL",NA,NA,NA,NA
"614","Dengue",2018,40,1059,"COL",NA,NA,NA,NA
"615","Dengue",2018,41,1021,"COL",NA,NA,NA,NA
"616","Dengue",2018,42,1172,"COL",NA,NA,NA,NA
"617","Dengue",2018,43,1218,"COL",NA,NA,NA,NA
"618","Dengue",2018,44,1231,"COL",NA,NA,NA,NA
"619","Dengue",2018,45,1345,"COL",NA,NA,NA,NA
"620","Dengue",2018,46,1277,"COL",NA,NA,NA,NA
"621","Dengue",2018,47,1484,"COL",NA,NA,NA,NA
"622","Dengue",2018,48,1441,"COL",NA,NA,NA,NA
"623","Dengue",2018,49,1584,"COL",NA,NA,NA,NA
"624","Dengue",2018,50,1760,"COL",NA,NA,NA,NA
"625","Dengue",2018,51,1603,"COL",NA,NA,NA,NA
"626","Dengue",2018,52,1589,"COL",NA,NA,NA,NA
"627","Dengue",2019,1,998,"COL",NA,NA,NA,NA
"628","Dengue",2019,2,1033,"COL",NA,NA,NA,NA
"629","Dengue",2019,3,1021,"COL",NA,NA,NA,NA
"630","Dengue",2019,4,971,"COL",NA,NA,NA,NA
"631","Dengue",2019,5,1009,"COL",NA,NA,NA,NA
"632","Dengue",2019,6,989,"COL",NA,NA,NA,NA
"633","Dengue",2019,7,1018,"COL",NA,NA,NA,NA
"634","Dengue",2019,8,1095,"COL",NA,NA,NA,NA
"635","Dengue",2019,9,1056,"COL",NA,NA,NA,NA
"636","Dengue",2019,10,999,"COL",NA,NA,NA,NA
"637","Dengue",2019,11,1103,"COL",NA,NA,NA,NA
"638","Dengue",2019,12,956,"COL",NA,NA,NA,NA
"639","Dengue",2019,13,1011,"COL",NA,NA,NA,NA
"640","Dengue",2019,14,1118,"COL",NA,NA,NA,NA
"641","Dengue",2019,15,977,"COL",NA,NA,NA,NA
"642","Dengue",2019,16,1069,"COL",NA,NA,NA,NA
"643","Dengue",2019,17,1304,"COL",NA,NA,NA,NA
"644","Dengue",2019,18,1440,"COL",NA,NA,NA,NA
"645","Dengue",2019,19,1377,"COL",NA,NA,NA,NA
"646","Dengue",2019,20,1441,"COL",NA,NA,NA,NA
"647","Dengue",2019,21,1588,"COL",NA,NA,NA,NA
"648","Dengue",2019,22,1618,"COL",NA,NA,NA,NA
"649","Dengue",2019,23,1637,"COL",NA,NA,NA,NA
"650","Dengue",2019,24,1698,"COL",NA,NA,NA,NA
"651","Dengue",2019,25,1661,"COL",NA,NA,NA,NA
"652","Dengue",2019,26,1623,"COL",NA,NA,NA,NA
"653","Dengue",2019,27,1968,"COL",NA,NA,NA,NA
"654","Dengue",2019,28,1758,"COL",NA,NA,NA,NA
"655","Dengue",2019,29,1697,"COL",NA,NA,NA,NA
"656","Dengue",2019,30,1490,"COL",NA,NA,NA,NA
"657","Dengue",2019,31,1373,"COL",NA,NA,NA,NA
"658","Dengue",2019,32,1443,"COL",NA,NA,NA,NA
"659","Dengue",2019,33,1208,"COL",NA,NA,NA,NA
"660","Dengue",2019,34,1160,"COL",NA,NA,NA,NA
"661","Dengue",2019,35,1181,"COL",NA,NA,NA,NA
"662","Dengue",2019,36,1218,"COL",NA,NA,NA,NA
"663","Dengue",2019,37,1166,"COL",NA,NA,NA,NA
"664","Dengue",2019,38,1128,"COL",NA,NA,NA,NA
"665","Dengue",2019,39,1010,"COL",NA,NA,NA,NA
"666","Dengue",2019,40,1081,"COL",NA,NA,NA,NA
"667","Dengue",2019,41,1142,"COL",NA,NA,NA,NA
"668","Dengue",2019,42,1210,"COL",NA,NA,NA,NA
"669","Dengue",2019,43,1257,"COL",NA,NA,NA,NA
"670","Dengue",2019,44,1346,"COL",NA,NA,NA,NA
"671","Dengue",2019,45,1471,"COL",NA,NA,NA,NA
"672","Dengue",2019,46,1420,"COL",NA,NA,NA,NA
"673","Dengue",2019,47,1532,"COL",NA,NA,NA,NA
"674","Dengue",2019,48,1455,"COL",NA,NA,NA,NA
"675","Dengue",2019,49,1569,"COL",NA,NA,NA,NA
"676","Dengue",2019,50,1538,"COL",NA,NA,NA,NA
"677","Dengue",2019,51,1327,"COL",NA,NA,NA,NA
"678","Dengue",2019,52,626,"COL",NA,NA,NA,NA
