"","Disease","EpiYear","EpiWeek","Incidence","ADM0","ADM1","ADM2","NA","NA"
"1","Hepatitis C",2014,1,1,"COL",NA,NA,NA,NA
"2","Hepatitis C",2014,2,2,"COL",NA,NA,NA,NA
"3","Hepatitis C",2014,3,0,"COL",NA,NA,NA,NA
"4","Hepatitis C",2014,4,0,"COL",NA,NA,NA,NA
"5","Hepatitis C",2014,5,0,"COL",NA,NA,NA,NA
"6","Hepatitis C",2014,6,0,"COL",NA,NA,NA,NA
"7","Hepatitis C",2014,7,0,"COL",NA,NA,NA,NA
"8","Hepatitis C",2014,8,0,"COL",NA,NA,NA,NA
"9","Hepatitis C",2014,9,0,"COL",NA,NA,NA,NA
"10","Hepatitis C",2014,10,0,"COL",NA,NA,NA,NA
"11","Hepatitis C",2014,11,1,"COL",NA,NA,NA,NA
"12","Hepatitis C",2014,12,4,"COL",NA,NA,NA,NA
"13","Hepatitis C",2014,13,1,"COL",NA,NA,NA,NA
"14","Hepatitis C",2014,14,6,"COL",NA,NA,NA,NA
"15","Hepatitis C",2014,15,3,"COL",NA,NA,NA,NA
"16","Hepatitis C",2014,16,2,"COL",NA,NA,NA,NA
"17","Hepatitis C",2014,17,7,"COL",NA,NA,NA,NA
"18","Hepatitis C",2014,18,4,"COL",NA,NA,NA,NA
"19","Hepatitis C",2014,19,5,"COL",NA,NA,NA,NA
"20","Hepatitis C",2014,20,5,"COL",NA,NA,NA,NA
"21","Hepatitis C",2014,21,6,"COL",NA,NA,NA,NA
"22","Hepatitis C",2014,22,4,"COL",NA,NA,NA,NA
"23","Hepatitis C",2014,23,6,"COL",NA,NA,NA,NA
"24","Hepatitis C",2014,24,5,"COL",NA,NA,NA,NA
"25","Hepatitis C",2014,25,7,"COL",NA,NA,NA,NA
"26","Hepatitis C",2014,26,3,"COL",NA,NA,NA,NA
"27","Hepatitis C",2014,27,2,"COL",NA,NA,NA,NA
"28","Hepatitis C",2014,28,7,"COL",NA,NA,NA,NA
"29","Hepatitis C",2014,29,7,"COL",NA,NA,NA,NA
"30","Hepatitis C",2014,30,3,"COL",NA,NA,NA,NA
"31","Hepatitis C",2014,31,4,"COL",NA,NA,NA,NA
"32","Hepatitis C",2014,32,3,"COL",NA,NA,NA,NA
"33","Hepatitis C",2014,33,3,"COL",NA,NA,NA,NA
"34","Hepatitis C",2014,34,7,"COL",NA,NA,NA,NA
"35","Hepatitis C",2014,35,6,"COL",NA,NA,NA,NA
"36","Hepatitis C",2014,36,9,"COL",NA,NA,NA,NA
"37","Hepatitis C",2014,37,8,"COL",NA,NA,NA,NA
"38","Hepatitis C",2014,38,14,"COL",NA,NA,NA,NA
"39","Hepatitis C",2014,39,9,"COL",NA,NA,NA,NA
"40","Hepatitis C",2014,40,17,"COL",NA,NA,NA,NA
"41","Hepatitis C",2014,41,7,"COL",NA,NA,NA,NA
"42","Hepatitis C",2014,42,7,"COL",NA,NA,NA,NA
"43","Hepatitis C",2014,43,7,"COL",NA,NA,NA,NA
"44","Hepatitis C",2014,44,7,"COL",NA,NA,NA,NA
"45","Hepatitis C",2014,45,7,"COL",NA,NA,NA,NA
"46","Hepatitis C",2014,46,4,"COL",NA,NA,NA,NA
"47","Hepatitis C",2014,47,1,"COL",NA,NA,NA,NA
"48","Hepatitis C",2014,48,5,"COL",NA,NA,NA,NA
"49","Hepatitis C",2014,49,2,"COL",NA,NA,NA,NA
"50","Hepatitis C",2014,50,1,"COL",NA,NA,NA,NA
"51","Hepatitis C",2014,51,8,"COL",NA,NA,NA,NA
"52","Hepatitis C",2014,52,8,"COL",NA,NA,NA,NA
"53","Hepatitis C",2014,53,2,"COL",NA,NA,NA,NA
"54","Hepatitis C",2015,1,3,"COL",NA,NA,NA,NA
"55","Hepatitis C",2015,2,3,"COL",NA,NA,NA,NA
"56","Hepatitis C",2015,3,2,"COL",NA,NA,NA,NA
"57","Hepatitis C",2015,4,1,"COL",NA,NA,NA,NA
"58","Hepatitis C",2015,5,4,"COL",NA,NA,NA,NA
"59","Hepatitis C",2015,6,7,"COL",NA,NA,NA,NA
"60","Hepatitis C",2015,7,7,"COL",NA,NA,NA,NA
"61","Hepatitis C",2015,8,5,"COL",NA,NA,NA,NA
"62","Hepatitis C",2015,9,7,"COL",NA,NA,NA,NA
"63","Hepatitis C",2015,10,3,"COL",NA,NA,NA,NA
"64","Hepatitis C",2015,11,2,"COL",NA,NA,NA,NA
"65","Hepatitis C",2015,12,4,"COL",NA,NA,NA,NA
"66","Hepatitis C",2015,13,3,"COL",NA,NA,NA,NA
"67","Hepatitis C",2015,14,3,"COL",NA,NA,NA,NA
"68","Hepatitis C",2015,15,7,"COL",NA,NA,NA,NA
"69","Hepatitis C",2015,16,9,"COL",NA,NA,NA,NA
"70","Hepatitis C",2015,17,5,"COL",NA,NA,NA,NA
"71","Hepatitis C",2015,18,2,"COL",NA,NA,NA,NA
"72","Hepatitis C",2015,19,2,"COL",NA,NA,NA,NA
"73","Hepatitis C",2015,20,3,"COL",NA,NA,NA,NA
"74","Hepatitis C",2015,21,8,"COL",NA,NA,NA,NA
"75","Hepatitis C",2015,22,3,"COL",NA,NA,NA,NA
"76","Hepatitis C",2015,23,1,"COL",NA,NA,NA,NA
"77","Hepatitis C",2015,24,3,"COL",NA,NA,NA,NA
"78","Hepatitis C",2015,25,6,"COL",NA,NA,NA,NA
"79","Hepatitis C",2015,26,4,"COL",NA,NA,NA,NA
"80","Hepatitis C",2015,27,2,"COL",NA,NA,NA,NA
"81","Hepatitis C",2015,28,4,"COL",NA,NA,NA,NA
"82","Hepatitis C",2015,29,5,"COL",NA,NA,NA,NA
"83","Hepatitis C",2015,30,7,"COL",NA,NA,NA,NA
"84","Hepatitis C",2015,31,4,"COL",NA,NA,NA,NA
"85","Hepatitis C",2015,32,6,"COL",NA,NA,NA,NA
"86","Hepatitis C",2015,33,10,"COL",NA,NA,NA,NA
"87","Hepatitis C",2015,34,5,"COL",NA,NA,NA,NA
"88","Hepatitis C",2015,35,6,"COL",NA,NA,NA,NA
"89","Hepatitis C",2015,36,7,"COL",NA,NA,NA,NA
"90","Hepatitis C",2015,37,4,"COL",NA,NA,NA,NA
"91","Hepatitis C",2015,38,0,"COL",NA,NA,NA,NA
"92","Hepatitis C",2015,39,5,"COL",NA,NA,NA,NA
"93","Hepatitis C",2015,40,4,"COL",NA,NA,NA,NA
"94","Hepatitis C",2015,41,5,"COL",NA,NA,NA,NA
"95","Hepatitis C",2015,42,4,"COL",NA,NA,NA,NA
"96","Hepatitis C",2015,43,5,"COL",NA,NA,NA,NA
"97","Hepatitis C",2015,44,3,"COL",NA,NA,NA,NA
"98","Hepatitis C",2015,45,4,"COL",NA,NA,NA,NA
"99","Hepatitis C",2015,46,10,"COL",NA,NA,NA,NA
"100","Hepatitis C",2015,47,6,"COL",NA,NA,NA,NA
"101","Hepatitis C",2015,48,2,"COL",NA,NA,NA,NA
"102","Hepatitis C",2015,49,5,"COL",NA,NA,NA,NA
"103","Hepatitis C",2015,50,8,"COL",NA,NA,NA,NA
"104","Hepatitis C",2015,51,3,"COL",NA,NA,NA,NA
"105","Hepatitis C",2015,52,3,"COL",NA,NA,NA,NA
"106","Hepatitis C",2016,1,7,"COL",NA,NA,NA,NA
"107","Hepatitis C",2016,2,1,"COL",NA,NA,NA,NA
"108","Hepatitis C",2016,3,3,"COL",NA,NA,NA,NA
"109","Hepatitis C",2016,4,5,"COL",NA,NA,NA,NA
"110","Hepatitis C",2016,5,6,"COL",NA,NA,NA,NA
"111","Hepatitis C",2016,6,8,"COL",NA,NA,NA,NA
"112","Hepatitis C",2016,7,6,"COL",NA,NA,NA,NA
"113","Hepatitis C",2016,8,6,"COL",NA,NA,NA,NA
"114","Hepatitis C",2016,9,2,"COL",NA,NA,NA,NA
"115","Hepatitis C",2016,10,2,"COL",NA,NA,NA,NA
"116","Hepatitis C",2016,11,1,"COL",NA,NA,NA,NA
"117","Hepatitis C",2016,12,1,"COL",NA,NA,NA,NA
"118","Hepatitis C",2016,13,5,"COL",NA,NA,NA,NA
"119","Hepatitis C",2016,14,10,"COL",NA,NA,NA,NA
"120","Hepatitis C",2016,15,3,"COL",NA,NA,NA,NA
"121","Hepatitis C",2016,16,6,"COL",NA,NA,NA,NA
"122","Hepatitis C",2016,17,6,"COL",NA,NA,NA,NA
"123","Hepatitis C",2016,18,4,"COL",NA,NA,NA,NA
"124","Hepatitis C",2016,19,6,"COL",NA,NA,NA,NA
"125","Hepatitis C",2016,20,8,"COL",NA,NA,NA,NA
"126","Hepatitis C",2016,21,4,"COL",NA,NA,NA,NA
"127","Hepatitis C",2016,22,4,"COL",NA,NA,NA,NA
"128","Hepatitis C",2016,23,4,"COL",NA,NA,NA,NA
"129","Hepatitis C",2016,24,8,"COL",NA,NA,NA,NA
"130","Hepatitis C",2016,25,6,"COL",NA,NA,NA,NA
"131","Hepatitis C",2016,26,6,"COL",NA,NA,NA,NA
"132","Hepatitis C",2016,27,5,"COL",NA,NA,NA,NA
"133","Hepatitis C",2016,28,5,"COL",NA,NA,NA,NA
"134","Hepatitis C",2016,29,7,"COL",NA,NA,NA,NA
"135","Hepatitis C",2016,30,7,"COL",NA,NA,NA,NA
"136","Hepatitis C",2016,31,7,"COL",NA,NA,NA,NA
"137","Hepatitis C",2016,32,12,"COL",NA,NA,NA,NA
"138","Hepatitis C",2016,33,6,"COL",NA,NA,NA,NA
"139","Hepatitis C",2016,34,5,"COL",NA,NA,NA,NA
"140","Hepatitis C",2016,35,7,"COL",NA,NA,NA,NA
"141","Hepatitis C",2016,36,8,"COL",NA,NA,NA,NA
"142","Hepatitis C",2016,37,6,"COL",NA,NA,NA,NA
"143","Hepatitis C",2016,38,6,"COL",NA,NA,NA,NA
"144","Hepatitis C",2016,39,3,"COL",NA,NA,NA,NA
"145","Hepatitis C",2016,40,6,"COL",NA,NA,NA,NA
"146","Hepatitis C",2016,41,9,"COL",NA,NA,NA,NA
"147","Hepatitis C",2016,42,3,"COL",NA,NA,NA,NA
"148","Hepatitis C",2016,43,9,"COL",NA,NA,NA,NA
"149","Hepatitis C",2016,44,7,"COL",NA,NA,NA,NA
"150","Hepatitis C",2016,45,3,"COL",NA,NA,NA,NA
"151","Hepatitis C",2016,46,7,"COL",NA,NA,NA,NA
"152","Hepatitis C",2016,47,3,"COL",NA,NA,NA,NA
"153","Hepatitis C",2016,48,8,"COL",NA,NA,NA,NA
"154","Hepatitis C",2016,49,4,"COL",NA,NA,NA,NA
"155","Hepatitis C",2016,50,8,"COL",NA,NA,NA,NA
"156","Hepatitis C",2016,51,6,"COL",NA,NA,NA,NA
"157","Hepatitis C",2016,52,3,"COL",NA,NA,NA,NA
"158","Hepatitis C",2017,1,2,"COL",NA,NA,NA,NA
"159","Hepatitis C",2017,2,3,"COL",NA,NA,NA,NA
"160","Hepatitis C",2017,3,7,"COL",NA,NA,NA,NA
"161","Hepatitis C",2017,4,5,"COL",NA,NA,NA,NA
"162","Hepatitis C",2017,5,3,"COL",NA,NA,NA,NA
"163","Hepatitis C",2017,6,4,"COL",NA,NA,NA,NA
"164","Hepatitis C",2017,7,2,"COL",NA,NA,NA,NA
"165","Hepatitis C",2017,8,9,"COL",NA,NA,NA,NA
"166","Hepatitis C",2017,9,3,"COL",NA,NA,NA,NA
"167","Hepatitis C",2017,10,8,"COL",NA,NA,NA,NA
"168","Hepatitis C",2017,11,4,"COL",NA,NA,NA,NA
"169","Hepatitis C",2017,12,8,"COL",NA,NA,NA,NA
"170","Hepatitis C",2017,13,7,"COL",NA,NA,NA,NA
"171","Hepatitis C",2017,14,4,"COL",NA,NA,NA,NA
"172","Hepatitis C",2017,15,1,"COL",NA,NA,NA,NA
"173","Hepatitis C",2017,16,5,"COL",NA,NA,NA,NA
"174","Hepatitis C",2017,17,8,"COL",NA,NA,NA,NA
"175","Hepatitis C",2017,18,3,"COL",NA,NA,NA,NA
"176","Hepatitis C",2017,19,5,"COL",NA,NA,NA,NA
"177","Hepatitis C",2017,20,6,"COL",NA,NA,NA,NA
"178","Hepatitis C",2017,21,6,"COL",NA,NA,NA,NA
"179","Hepatitis C",2017,22,4,"COL",NA,NA,NA,NA
"180","Hepatitis C",2017,23,5,"COL",NA,NA,NA,NA
"181","Hepatitis C",2017,24,3,"COL",NA,NA,NA,NA
"182","Hepatitis C",2017,25,6,"COL",NA,NA,NA,NA
"183","Hepatitis C",2017,26,10,"COL",NA,NA,NA,NA
"184","Hepatitis C",2017,27,1,"COL",NA,NA,NA,NA
"185","Hepatitis C",2017,28,10,"COL",NA,NA,NA,NA
"186","Hepatitis C",2017,29,7,"COL",NA,NA,NA,NA
"187","Hepatitis C",2017,30,5,"COL",NA,NA,NA,NA
"188","Hepatitis C",2017,31,7,"COL",NA,NA,NA,NA
"189","Hepatitis C",2017,32,6,"COL",NA,NA,NA,NA
"190","Hepatitis C",2017,33,10,"COL",NA,NA,NA,NA
"191","Hepatitis C",2017,34,25,"COL",NA,NA,NA,NA
"192","Hepatitis C",2017,35,13,"COL",NA,NA,NA,NA
"193","Hepatitis C",2017,36,32,"COL",NA,NA,NA,NA
"194","Hepatitis C",2017,37,12,"COL",NA,NA,NA,NA
"195","Hepatitis C",2017,38,24,"COL",NA,NA,NA,NA
"196","Hepatitis C",2017,39,22,"COL",NA,NA,NA,NA
"197","Hepatitis C",2017,40,29,"COL",NA,NA,NA,NA
"198","Hepatitis C",2017,41,31,"COL",NA,NA,NA,NA
"199","Hepatitis C",2017,42,24,"COL",NA,NA,NA,NA
"200","Hepatitis C",2017,43,22,"COL",NA,NA,NA,NA
"201","Hepatitis C",2017,44,31,"COL",NA,NA,NA,NA
"202","Hepatitis C",2017,45,22,"COL",NA,NA,NA,NA
"203","Hepatitis C",2017,46,11,"COL",NA,NA,NA,NA
"204","Hepatitis C",2017,47,13,"COL",NA,NA,NA,NA
"205","Hepatitis C",2017,48,23,"COL",NA,NA,NA,NA
"206","Hepatitis C",2017,49,18,"COL",NA,NA,NA,NA
"207","Hepatitis C",2017,50,17,"COL",NA,NA,NA,NA
"208","Hepatitis C",2017,51,18,"COL",NA,NA,NA,NA
"209","Hepatitis C",2017,52,7,"COL",NA,NA,NA,NA
"210","Hepatitis C",2018,1,23,"COL",NA,NA,NA,NA
"211","Hepatitis C",2018,2,10,"COL",NA,NA,NA,NA
"212","Hepatitis C",2018,3,13,"COL",NA,NA,NA,NA
"213","Hepatitis C",2018,4,21,"COL",NA,NA,NA,NA
"214","Hepatitis C",2018,5,20,"COL",NA,NA,NA,NA
"215","Hepatitis C",2018,6,25,"COL",NA,NA,NA,NA
"216","Hepatitis C",2018,7,20,"COL",NA,NA,NA,NA
"217","Hepatitis C",2018,8,16,"COL",NA,NA,NA,NA
"218","Hepatitis C",2018,9,22,"COL",NA,NA,NA,NA
"219","Hepatitis C",2018,10,28,"COL",NA,NA,NA,NA
"220","Hepatitis C",2018,11,17,"COL",NA,NA,NA,NA
"221","Hepatitis C",2018,12,17,"COL",NA,NA,NA,NA
"222","Hepatitis C",2018,13,5,"COL",NA,NA,NA,NA
"223","Hepatitis C",2018,14,19,"COL",NA,NA,NA,NA
"224","Hepatitis C",2018,15,19,"COL",NA,NA,NA,NA
"225","Hepatitis C",2018,16,22,"COL",NA,NA,NA,NA
"226","Hepatitis C",2018,17,12,"COL",NA,NA,NA,NA
"227","Hepatitis C",2018,18,18,"COL",NA,NA,NA,NA
"228","Hepatitis C",2018,19,11,"COL",NA,NA,NA,NA
"229","Hepatitis C",2018,20,12,"COL",NA,NA,NA,NA
"230","Hepatitis C",2018,21,14,"COL",NA,NA,NA,NA
"231","Hepatitis C",2018,22,12,"COL",NA,NA,NA,NA
"232","Hepatitis C",2018,23,10,"COL",NA,NA,NA,NA
"233","Hepatitis C",2018,24,7,"COL",NA,NA,NA,NA
"234","Hepatitis C",2018,25,20,"COL",NA,NA,NA,NA
"235","Hepatitis C",2018,26,11,"COL",NA,NA,NA,NA
"236","Hepatitis C",2018,27,15,"COL",NA,NA,NA,NA
"237","Hepatitis C",2018,28,17,"COL",NA,NA,NA,NA
"238","Hepatitis C",2018,29,23,"COL",NA,NA,NA,NA
"239","Hepatitis C",2018,30,15,"COL",NA,NA,NA,NA
"240","Hepatitis C",2018,31,19,"COL",NA,NA,NA,NA
"241","Hepatitis C",2018,32,10,"COL",NA,NA,NA,NA
"242","Hepatitis C",2018,33,21,"COL",NA,NA,NA,NA
"243","Hepatitis C",2018,34,27,"COL",NA,NA,NA,NA
"244","Hepatitis C",2018,35,18,"COL",NA,NA,NA,NA
"245","Hepatitis C",2018,36,21,"COL",NA,NA,NA,NA
"246","Hepatitis C",2018,37,9,"COL",NA,NA,NA,NA
"247","Hepatitis C",2018,38,21,"COL",NA,NA,NA,NA
"248","Hepatitis C",2018,39,8,"COL",NA,NA,NA,NA
"249","Hepatitis C",2018,40,28,"COL",NA,NA,NA,NA
"250","Hepatitis C",2018,41,24,"COL",NA,NA,NA,NA
"251","Hepatitis C",2018,42,8,"COL",NA,NA,NA,NA
"252","Hepatitis C",2018,43,18,"COL",NA,NA,NA,NA
"253","Hepatitis C",2018,44,14,"COL",NA,NA,NA,NA
"254","Hepatitis C",2018,45,23,"COL",NA,NA,NA,NA
"255","Hepatitis C",2018,46,13,"COL",NA,NA,NA,NA
"256","Hepatitis C",2018,47,16,"COL",NA,NA,NA,NA
"257","Hepatitis C",2018,48,18,"COL",NA,NA,NA,NA
"258","Hepatitis C",2018,49,14,"COL",NA,NA,NA,NA
"259","Hepatitis C",2018,50,13,"COL",NA,NA,NA,NA
"260","Hepatitis C",2018,51,20,"COL",NA,NA,NA,NA
"261","Hepatitis C",2018,52,29,"COL",NA,NA,NA,NA
