"","Disease","EpiYear","EpiWeek","Incidence","ADM0","ADM1","ADM2","NA","NA"
"1","Hepatitis A",2007,1,152,"COL",NA,NA,NA,NA
"2","Hepatitis A",2007,2,132,"COL",NA,NA,NA,NA
"3","Hepatitis A",2007,3,150,"COL",NA,NA,NA,NA
"4","Hepatitis A",2007,4,183,"COL",NA,NA,NA,NA
"5","Hepatitis A",2007,5,178,"COL",NA,NA,NA,NA
"6","Hepatitis A",2007,6,146,"COL",NA,NA,NA,NA
"7","Hepatitis A",2007,7,195,"COL",NA,NA,NA,NA
"8","Hepatitis A",2007,8,190,"COL",NA,NA,NA,NA
"9","Hepatitis A",2007,9,159,"COL",NA,NA,NA,NA
"10","Hepatitis A",2007,10,170,"COL",NA,NA,NA,NA
"11","Hepatitis A",2007,11,138,"COL",NA,NA,NA,NA
"12","Hepatitis A",2007,12,170,"COL",NA,NA,NA,NA
"13","Hepatitis A",2007,13,129,"COL",NA,NA,NA,NA
"14","Hepatitis A",2007,14,123,"COL",NA,NA,NA,NA
"15","Hepatitis A",2007,15,198,"COL",NA,NA,NA,NA
"16","Hepatitis A",2007,16,174,"COL",NA,NA,NA,NA
"17","Hepatitis A",2007,17,149,"COL",NA,NA,NA,NA
"18","Hepatitis A",2007,18,148,"COL",NA,NA,NA,NA
"19","Hepatitis A",2007,19,120,"COL",NA,NA,NA,NA
"20","Hepatitis A",2007,20,150,"COL",NA,NA,NA,NA
"21","Hepatitis A",2007,21,128,"COL",NA,NA,NA,NA
"22","Hepatitis A",2007,22,110,"COL",NA,NA,NA,NA
"23","Hepatitis A",2007,23,119,"COL",NA,NA,NA,NA
"24","Hepatitis A",2007,24,103,"COL",NA,NA,NA,NA
"25","Hepatitis A",2007,25,139,"COL",NA,NA,NA,NA
"26","Hepatitis A",2007,26,192,"COL",NA,NA,NA,NA
"27","Hepatitis A",2007,27,153,"COL",NA,NA,NA,NA
"28","Hepatitis A",2007,28,177,"COL",NA,NA,NA,NA
"29","Hepatitis A",2007,29,191,"COL",NA,NA,NA,NA
"30","Hepatitis A",2007,30,211,"COL",NA,NA,NA,NA
"31","Hepatitis A",2007,31,224,"COL",NA,NA,NA,NA
"32","Hepatitis A",2007,32,179,"COL",NA,NA,NA,NA
"33","Hepatitis A",2007,33,184,"COL",NA,NA,NA,NA
"34","Hepatitis A",2007,34,177,"COL",NA,NA,NA,NA
"35","Hepatitis A",2007,35,235,"COL",NA,NA,NA,NA
"36","Hepatitis A",2007,36,198,"COL",NA,NA,NA,NA
"37","Hepatitis A",2007,37,211,"COL",NA,NA,NA,NA
"38","Hepatitis A",2007,38,205,"COL",NA,NA,NA,NA
"39","Hepatitis A",2007,39,196,"COL",NA,NA,NA,NA
"40","Hepatitis A",2007,40,206,"COL",NA,NA,NA,NA
"41","Hepatitis A",2007,41,168,"COL",NA,NA,NA,NA
"42","Hepatitis A",2007,42,177,"COL",NA,NA,NA,NA
"43","Hepatitis A",2007,43,196,"COL",NA,NA,NA,NA
"44","Hepatitis A",2007,44,154,"COL",NA,NA,NA,NA
"45","Hepatitis A",2007,45,183,"COL",NA,NA,NA,NA
"46","Hepatitis A",2007,46,189,"COL",NA,NA,NA,NA
"47","Hepatitis A",2007,47,188,"COL",NA,NA,NA,NA
"48","Hepatitis A",2007,48,161,"COL",NA,NA,NA,NA
"49","Hepatitis A",2007,49,139,"COL",NA,NA,NA,NA
"50","Hepatitis A",2007,50,129,"COL",NA,NA,NA,NA
"51","Hepatitis A",2007,51,121,"COL",NA,NA,NA,NA
"52","Hepatitis A",2007,52,121,"COL",NA,NA,NA,NA
"53","Hepatitis A",2008,1,169,"COL",NA,NA,NA,NA
"54","Hepatitis A",2008,2,168,"COL",NA,NA,NA,NA
"55","Hepatitis A",2008,3,206,"COL",NA,NA,NA,NA
"56","Hepatitis A",2008,4,207,"COL",NA,NA,NA,NA
"57","Hepatitis A",2008,5,226,"COL",NA,NA,NA,NA
"58","Hepatitis A",2008,6,264,"COL",NA,NA,NA,NA
"59","Hepatitis A",2008,7,276,"COL",NA,NA,NA,NA
"60","Hepatitis A",2008,8,301,"COL",NA,NA,NA,NA
"61","Hepatitis A",2008,9,231,"COL",NA,NA,NA,NA
"62","Hepatitis A",2008,10,213,"COL",NA,NA,NA,NA
"63","Hepatitis A",2008,11,200,"COL",NA,NA,NA,NA
"64","Hepatitis A",2008,12,179,"COL",NA,NA,NA,NA
"65","Hepatitis A",2008,13,162,"COL",NA,NA,NA,NA
"66","Hepatitis A",2008,14,225,"COL",NA,NA,NA,NA
"67","Hepatitis A",2008,15,190,"COL",NA,NA,NA,NA
"68","Hepatitis A",2008,16,181,"COL",NA,NA,NA,NA
"69","Hepatitis A",2008,17,168,"COL",NA,NA,NA,NA
"70","Hepatitis A",2008,18,161,"COL",NA,NA,NA,NA
"71","Hepatitis A",2008,19,180,"COL",NA,NA,NA,NA
"72","Hepatitis A",2008,20,204,"COL",NA,NA,NA,NA
"73","Hepatitis A",2008,21,179,"COL",NA,NA,NA,NA
"74","Hepatitis A",2008,22,166,"COL",NA,NA,NA,NA
"75","Hepatitis A",2008,23,168,"COL",NA,NA,NA,NA
"76","Hepatitis A",2008,24,175,"COL",NA,NA,NA,NA
"77","Hepatitis A",2008,25,162,"COL",NA,NA,NA,NA
"78","Hepatitis A",2008,26,107,"COL",NA,NA,NA,NA
"79","Hepatitis A",2008,27,148,"COL",NA,NA,NA,NA
"80","Hepatitis A",2008,28,181,"COL",NA,NA,NA,NA
"81","Hepatitis A",2008,29,155,"COL",NA,NA,NA,NA
"82","Hepatitis A",2008,30,167,"COL",NA,NA,NA,NA
"83","Hepatitis A",2008,31,148,"COL",NA,NA,NA,NA
"84","Hepatitis A",2008,32,156,"COL",NA,NA,NA,NA
"85","Hepatitis A",2008,33,132,"COL",NA,NA,NA,NA
"86","Hepatitis A",2008,34,151,"COL",NA,NA,NA,NA
"87","Hepatitis A",2008,35,155,"COL",NA,NA,NA,NA
"88","Hepatitis A",2008,36,175,"COL",NA,NA,NA,NA
"89","Hepatitis A",2008,37,168,"COL",NA,NA,NA,NA
"90","Hepatitis A",2008,38,154,"COL",NA,NA,NA,NA
"91","Hepatitis A",2008,39,156,"COL",NA,NA,NA,NA
"92","Hepatitis A",2008,40,152,"COL",NA,NA,NA,NA
"93","Hepatitis A",2008,41,155,"COL",NA,NA,NA,NA
"94","Hepatitis A",2008,42,166,"COL",NA,NA,NA,NA
"95","Hepatitis A",2008,43,131,"COL",NA,NA,NA,NA
"96","Hepatitis A",2008,44,149,"COL",NA,NA,NA,NA
"97","Hepatitis A",2008,45,139,"COL",NA,NA,NA,NA
"98","Hepatitis A",2008,46,145,"COL",NA,NA,NA,NA
"99","Hepatitis A",2008,47,127,"COL",NA,NA,NA,NA
"100","Hepatitis A",2008,48,148,"COL",NA,NA,NA,NA
"101","Hepatitis A",2008,49,149,"COL",NA,NA,NA,NA
"102","Hepatitis A",2008,50,111,"COL",NA,NA,NA,NA
"103","Hepatitis A",2008,51,112,"COL",NA,NA,NA,NA
"104","Hepatitis A",2008,52,102,"COL",NA,NA,NA,NA
"105","Hepatitis A",2008,53,81,"COL",NA,NA,NA,NA
"106","Hepatitis A",2009,1,166,"COL",NA,NA,NA,NA
"107","Hepatitis A",2009,2,140,"COL",NA,NA,NA,NA
"108","Hepatitis A",2009,3,160,"COL",NA,NA,NA,NA
"109","Hepatitis A",2009,4,165,"COL",NA,NA,NA,NA
"110","Hepatitis A",2009,5,244,"COL",NA,NA,NA,NA
"111","Hepatitis A",2009,6,204,"COL",NA,NA,NA,NA
"112","Hepatitis A",2009,7,183,"COL",NA,NA,NA,NA
"113","Hepatitis A",2009,8,145,"COL",NA,NA,NA,NA
"114","Hepatitis A",2009,9,184,"COL",NA,NA,NA,NA
"115","Hepatitis A",2009,10,179,"COL",NA,NA,NA,NA
"116","Hepatitis A",2009,11,149,"COL",NA,NA,NA,NA
"117","Hepatitis A",2009,12,153,"COL",NA,NA,NA,NA
"118","Hepatitis A",2009,13,153,"COL",NA,NA,NA,NA
"119","Hepatitis A",2009,14,120,"COL",NA,NA,NA,NA
"120","Hepatitis A",2009,15,125,"COL",NA,NA,NA,NA
"121","Hepatitis A",2009,16,160,"COL",NA,NA,NA,NA
"122","Hepatitis A",2009,17,118,"COL",NA,NA,NA,NA
"123","Hepatitis A",2009,18,130,"COL",NA,NA,NA,NA
"124","Hepatitis A",2009,19,143,"COL",NA,NA,NA,NA
"125","Hepatitis A",2009,20,150,"COL",NA,NA,NA,NA
"126","Hepatitis A",2009,21,116,"COL",NA,NA,NA,NA
"127","Hepatitis A",2009,22,103,"COL",NA,NA,NA,NA
"128","Hepatitis A",2009,23,107,"COL",NA,NA,NA,NA
"129","Hepatitis A",2009,24,105,"COL",NA,NA,NA,NA
"130","Hepatitis A",2009,25,98,"COL",NA,NA,NA,NA
"131","Hepatitis A",2009,26,126,"COL",NA,NA,NA,NA
"132","Hepatitis A",2009,27,137,"COL",NA,NA,NA,NA
"133","Hepatitis A",2009,28,112,"COL",NA,NA,NA,NA
"134","Hepatitis A",2009,29,152,"COL",NA,NA,NA,NA
"135","Hepatitis A",2009,30,99,"COL",NA,NA,NA,NA
"136","Hepatitis A",2009,31,103,"COL",NA,NA,NA,NA
"137","Hepatitis A",2009,32,146,"COL",NA,NA,NA,NA
"138","Hepatitis A",2009,33,137,"COL",NA,NA,NA,NA
"139","Hepatitis A",2009,34,111,"COL",NA,NA,NA,NA
"140","Hepatitis A",2009,35,144,"COL",NA,NA,NA,NA
"141","Hepatitis A",2009,36,99,"COL",NA,NA,NA,NA
"142","Hepatitis A",2009,37,114,"COL",NA,NA,NA,NA
"143","Hepatitis A",2009,38,104,"COL",NA,NA,NA,NA
"144","Hepatitis A",2009,39,102,"COL",NA,NA,NA,NA
"145","Hepatitis A",2009,40,106,"COL",NA,NA,NA,NA
"146","Hepatitis A",2009,41,104,"COL",NA,NA,NA,NA
"147","Hepatitis A",2009,42,120,"COL",NA,NA,NA,NA
"148","Hepatitis A",2009,43,100,"COL",NA,NA,NA,NA
"149","Hepatitis A",2009,44,108,"COL",NA,NA,NA,NA
"150","Hepatitis A",2009,45,114,"COL",NA,NA,NA,NA
"151","Hepatitis A",2009,46,97,"COL",NA,NA,NA,NA
"152","Hepatitis A",2009,47,89,"COL",NA,NA,NA,NA
"153","Hepatitis A",2009,48,111,"COL",NA,NA,NA,NA
"154","Hepatitis A",2009,49,122,"COL",NA,NA,NA,NA
"155","Hepatitis A",2009,50,84,"COL",NA,NA,NA,NA
"156","Hepatitis A",2009,51,68,"COL",NA,NA,NA,NA
"157","Hepatitis A",2009,52,99,"COL",NA,NA,NA,NA
"158","Hepatitis A",2010,1,115,"COL",NA,NA,NA,NA
"159","Hepatitis A",2010,2,136,"COL",NA,NA,NA,NA
"160","Hepatitis A",2010,3,104,"COL",NA,NA,NA,NA
"161","Hepatitis A",2010,4,139,"COL",NA,NA,NA,NA
"162","Hepatitis A",2010,5,141,"COL",NA,NA,NA,NA
"163","Hepatitis A",2010,6,147,"COL",NA,NA,NA,NA
"164","Hepatitis A",2010,7,146,"COL",NA,NA,NA,NA
"165","Hepatitis A",2010,8,112,"COL",NA,NA,NA,NA
"166","Hepatitis A",2010,9,139,"COL",NA,NA,NA,NA
"167","Hepatitis A",2010,10,125,"COL",NA,NA,NA,NA
"168","Hepatitis A",2010,11,119,"COL",NA,NA,NA,NA
"169","Hepatitis A",2010,12,101,"COL",NA,NA,NA,NA
"170","Hepatitis A",2010,13,83,"COL",NA,NA,NA,NA
"171","Hepatitis A",2010,14,118,"COL",NA,NA,NA,NA
"172","Hepatitis A",2010,15,98,"COL",NA,NA,NA,NA
"173","Hepatitis A",2010,16,113,"COL",NA,NA,NA,NA
"174","Hepatitis A",2010,17,109,"COL",NA,NA,NA,NA
"175","Hepatitis A",2010,18,92,"COL",NA,NA,NA,NA
"176","Hepatitis A",2010,19,100,"COL",NA,NA,NA,NA
"177","Hepatitis A",2010,20,120,"COL",NA,NA,NA,NA
"178","Hepatitis A",2010,21,101,"COL",NA,NA,NA,NA
"179","Hepatitis A",2010,22,91,"COL",NA,NA,NA,NA
"180","Hepatitis A",2010,23,76,"COL",NA,NA,NA,NA
"181","Hepatitis A",2010,24,80,"COL",NA,NA,NA,NA
"182","Hepatitis A",2010,25,82,"COL",NA,NA,NA,NA
"183","Hepatitis A",2010,26,78,"COL",NA,NA,NA,NA
"184","Hepatitis A",2010,27,97,"COL",NA,NA,NA,NA
"185","Hepatitis A",2010,28,88,"COL",NA,NA,NA,NA
"186","Hepatitis A",2010,29,91,"COL",NA,NA,NA,NA
"187","Hepatitis A",2010,30,102,"COL",NA,NA,NA,NA
"188","Hepatitis A",2010,31,88,"COL",NA,NA,NA,NA
"189","Hepatitis A",2010,32,85,"COL",NA,NA,NA,NA
"190","Hepatitis A",2010,33,89,"COL",NA,NA,NA,NA
"191","Hepatitis A",2010,34,88,"COL",NA,NA,NA,NA
"192","Hepatitis A",2010,35,79,"COL",NA,NA,NA,NA
"193","Hepatitis A",2010,36,85,"COL",NA,NA,NA,NA
"194","Hepatitis A",2010,37,81,"COL",NA,NA,NA,NA
"195","Hepatitis A",2010,38,83,"COL",NA,NA,NA,NA
"196","Hepatitis A",2010,39,83,"COL",NA,NA,NA,NA
"197","Hepatitis A",2010,40,93,"COL",NA,NA,NA,NA
"198","Hepatitis A",2010,41,66,"COL",NA,NA,NA,NA
"199","Hepatitis A",2010,42,95,"COL",NA,NA,NA,NA
"200","Hepatitis A",2010,43,80,"COL",NA,NA,NA,NA
"201","Hepatitis A",2010,44,100,"COL",NA,NA,NA,NA
"202","Hepatitis A",2010,45,87,"COL",NA,NA,NA,NA
"203","Hepatitis A",2010,46,75,"COL",NA,NA,NA,NA
"204","Hepatitis A",2010,47,72,"COL",NA,NA,NA,NA
"205","Hepatitis A",2010,48,82,"COL",NA,NA,NA,NA
"206","Hepatitis A",2010,49,84,"COL",NA,NA,NA,NA
"207","Hepatitis A",2010,50,76,"COL",NA,NA,NA,NA
"208","Hepatitis A",2010,51,82,"COL",NA,NA,NA,NA
"209","Hepatitis A",2010,52,68,"COL",NA,NA,NA,NA
"210","Hepatitis A",2011,1,84,"COL",NA,NA,NA,NA
"211","Hepatitis A",2011,2,88,"COL",NA,NA,NA,NA
"212","Hepatitis A",2011,3,121,"COL",NA,NA,NA,NA
"213","Hepatitis A",2011,4,91,"COL",NA,NA,NA,NA
"214","Hepatitis A",2011,5,123,"COL",NA,NA,NA,NA
"215","Hepatitis A",2011,6,144,"COL",NA,NA,NA,NA
"216","Hepatitis A",2011,7,127,"COL",NA,NA,NA,NA
"217","Hepatitis A",2011,8,126,"COL",NA,NA,NA,NA
"218","Hepatitis A",2011,9,134,"COL",NA,NA,NA,NA
"219","Hepatitis A",2011,10,150,"COL",NA,NA,NA,NA
"220","Hepatitis A",2011,11,122,"COL",NA,NA,NA,NA
"221","Hepatitis A",2011,12,130,"COL",NA,NA,NA,NA
"222","Hepatitis A",2011,13,103,"COL",NA,NA,NA,NA
"223","Hepatitis A",2011,14,97,"COL",NA,NA,NA,NA
"224","Hepatitis A",2011,15,102,"COL",NA,NA,NA,NA
"225","Hepatitis A",2011,16,84,"COL",NA,NA,NA,NA
"226","Hepatitis A",2011,17,112,"COL",NA,NA,NA,NA
"227","Hepatitis A",2011,18,142,"COL",NA,NA,NA,NA
"228","Hepatitis A",2011,19,134,"COL",NA,NA,NA,NA
"229","Hepatitis A",2011,20,117,"COL",NA,NA,NA,NA
"230","Hepatitis A",2011,21,129,"COL",NA,NA,NA,NA
"231","Hepatitis A",2011,22,88,"COL",NA,NA,NA,NA
"232","Hepatitis A",2011,23,95,"COL",NA,NA,NA,NA
"233","Hepatitis A",2011,24,96,"COL",NA,NA,NA,NA
"234","Hepatitis A",2011,25,88,"COL",NA,NA,NA,NA
"235","Hepatitis A",2011,26,80,"COL",NA,NA,NA,NA
"236","Hepatitis A",2011,27,89,"COL",NA,NA,NA,NA
"237","Hepatitis A",2011,28,108,"COL",NA,NA,NA,NA
"238","Hepatitis A",2011,29,102,"COL",NA,NA,NA,NA
"239","Hepatitis A",2011,30,94,"COL",NA,NA,NA,NA
"240","Hepatitis A",2011,31,112,"COL",NA,NA,NA,NA
"241","Hepatitis A",2011,32,103,"COL",NA,NA,NA,NA
"242","Hepatitis A",2011,33,111,"COL",NA,NA,NA,NA
"243","Hepatitis A",2011,34,97,"COL",NA,NA,NA,NA
"244","Hepatitis A",2011,35,126,"COL",NA,NA,NA,NA
"245","Hepatitis A",2011,36,121,"COL",NA,NA,NA,NA
"246","Hepatitis A",2011,37,105,"COL",NA,NA,NA,NA
"247","Hepatitis A",2011,38,123,"COL",NA,NA,NA,NA
"248","Hepatitis A",2011,39,110,"COL",NA,NA,NA,NA
"249","Hepatitis A",2011,40,96,"COL",NA,NA,NA,NA
"250","Hepatitis A",2011,41,108,"COL",NA,NA,NA,NA
"251","Hepatitis A",2011,42,124,"COL",NA,NA,NA,NA
"252","Hepatitis A",2011,43,90,"COL",NA,NA,NA,NA
"253","Hepatitis A",2011,44,111,"COL",NA,NA,NA,NA
"254","Hepatitis A",2011,45,112,"COL",NA,NA,NA,NA
"255","Hepatitis A",2011,46,98,"COL",NA,NA,NA,NA
"256","Hepatitis A",2011,47,103,"COL",NA,NA,NA,NA
"257","Hepatitis A",2011,48,77,"COL",NA,NA,NA,NA
"258","Hepatitis A",2011,49,98,"COL",NA,NA,NA,NA
"259","Hepatitis A",2011,50,92,"COL",NA,NA,NA,NA
"260","Hepatitis A",2011,51,85,"COL",NA,NA,NA,NA
"261","Hepatitis A",2011,52,71,"COL",NA,NA,NA,NA
"262","Hepatitis A",2012,1,101,"COL",NA,NA,NA,NA
"263","Hepatitis A",2012,2,114,"COL",NA,NA,NA,NA
"264","Hepatitis A",2012,3,134,"COL",NA,NA,NA,NA
"265","Hepatitis A",2012,4,140,"COL",NA,NA,NA,NA
"266","Hepatitis A",2012,5,144,"COL",NA,NA,NA,NA
"267","Hepatitis A",2012,6,144,"COL",NA,NA,NA,NA
"268","Hepatitis A",2012,7,126,"COL",NA,NA,NA,NA
"269","Hepatitis A",2012,8,137,"COL",NA,NA,NA,NA
"270","Hepatitis A",2012,9,146,"COL",NA,NA,NA,NA
"271","Hepatitis A",2012,10,132,"COL",NA,NA,NA,NA
"272","Hepatitis A",2012,11,110,"COL",NA,NA,NA,NA
"273","Hepatitis A",2012,12,104,"COL",NA,NA,NA,NA
"274","Hepatitis A",2012,13,91,"COL",NA,NA,NA,NA
"275","Hepatitis A",2012,14,87,"COL",NA,NA,NA,NA
"276","Hepatitis A",2012,15,106,"COL",NA,NA,NA,NA
"277","Hepatitis A",2012,16,86,"COL",NA,NA,NA,NA
"278","Hepatitis A",2012,17,91,"COL",NA,NA,NA,NA
"279","Hepatitis A",2012,18,112,"COL",NA,NA,NA,NA
"280","Hepatitis A",2012,19,105,"COL",NA,NA,NA,NA
"281","Hepatitis A",2012,20,95,"COL",NA,NA,NA,NA
"282","Hepatitis A",2012,21,114,"COL",NA,NA,NA,NA
"283","Hepatitis A",2012,22,86,"COL",NA,NA,NA,NA
"284","Hepatitis A",2012,23,89,"COL",NA,NA,NA,NA
"285","Hepatitis A",2012,24,77,"COL",NA,NA,NA,NA
"286","Hepatitis A",2012,25,118,"COL",NA,NA,NA,NA
"287","Hepatitis A",2012,26,99,"COL",NA,NA,NA,NA
"288","Hepatitis A",2012,27,123,"COL",NA,NA,NA,NA
"289","Hepatitis A",2012,28,89,"COL",NA,NA,NA,NA
"290","Hepatitis A",2012,29,118,"COL",NA,NA,NA,NA
"291","Hepatitis A",2012,30,113,"COL",NA,NA,NA,NA
"292","Hepatitis A",2012,31,123,"COL",NA,NA,NA,NA
"293","Hepatitis A",2012,32,103,"COL",NA,NA,NA,NA
"294","Hepatitis A",2012,33,84,"COL",NA,NA,NA,NA
"295","Hepatitis A",2012,34,86,"COL",NA,NA,NA,NA
"296","Hepatitis A",2012,35,114,"COL",NA,NA,NA,NA
"297","Hepatitis A",2012,36,99,"COL",NA,NA,NA,NA
"298","Hepatitis A",2012,37,116,"COL",NA,NA,NA,NA
"299","Hepatitis A",2012,38,98,"COL",NA,NA,NA,NA
"300","Hepatitis A",2012,39,77,"COL",NA,NA,NA,NA
"301","Hepatitis A",2012,40,107,"COL",NA,NA,NA,NA
"302","Hepatitis A",2012,41,95,"COL",NA,NA,NA,NA
"303","Hepatitis A",2012,42,101,"COL",NA,NA,NA,NA
"304","Hepatitis A",2012,43,86,"COL",NA,NA,NA,NA
"305","Hepatitis A",2012,44,87,"COL",NA,NA,NA,NA
"306","Hepatitis A",2012,45,71,"COL",NA,NA,NA,NA
"307","Hepatitis A",2012,46,76,"COL",NA,NA,NA,NA
"308","Hepatitis A",2012,47,78,"COL",NA,NA,NA,NA
"309","Hepatitis A",2012,48,87,"COL",NA,NA,NA,NA
"310","Hepatitis A",2012,49,72,"COL",NA,NA,NA,NA
"311","Hepatitis A",2012,50,96,"COL",NA,NA,NA,NA
"312","Hepatitis A",2012,51,75,"COL",NA,NA,NA,NA
"313","Hepatitis A",2012,52,77,"COL",NA,NA,NA,NA
"314","Hepatitis A",2013,1,129,"COL",NA,NA,NA,NA
"315","Hepatitis A",2013,2,111,"COL",NA,NA,NA,NA
"316","Hepatitis A",2013,3,115,"COL",NA,NA,NA,NA
"317","Hepatitis A",2013,4,127,"COL",NA,NA,NA,NA
"318","Hepatitis A",2013,5,111,"COL",NA,NA,NA,NA
"319","Hepatitis A",2013,6,108,"COL",NA,NA,NA,NA
"320","Hepatitis A",2013,7,133,"COL",NA,NA,NA,NA
"321","Hepatitis A",2013,8,138,"COL",NA,NA,NA,NA
"322","Hepatitis A",2013,9,128,"COL",NA,NA,NA,NA
"323","Hepatitis A",2013,10,112,"COL",NA,NA,NA,NA
"324","Hepatitis A",2013,11,119,"COL",NA,NA,NA,NA
"325","Hepatitis A",2013,12,114,"COL",NA,NA,NA,NA
"326","Hepatitis A",2013,13,106,"COL",NA,NA,NA,NA
"327","Hepatitis A",2013,14,123,"COL",NA,NA,NA,NA
"328","Hepatitis A",2013,15,112,"COL",NA,NA,NA,NA
"329","Hepatitis A",2013,16,111,"COL",NA,NA,NA,NA
"330","Hepatitis A",2013,17,109,"COL",NA,NA,NA,NA
"331","Hepatitis A",2013,18,120,"COL",NA,NA,NA,NA
"332","Hepatitis A",2013,19,109,"COL",NA,NA,NA,NA
"333","Hepatitis A",2013,20,84,"COL",NA,NA,NA,NA
"334","Hepatitis A",2013,21,98,"COL",NA,NA,NA,NA
"335","Hepatitis A",2013,22,75,"COL",NA,NA,NA,NA
"336","Hepatitis A",2013,23,87,"COL",NA,NA,NA,NA
"337","Hepatitis A",2013,24,92,"COL",NA,NA,NA,NA
"338","Hepatitis A",2013,25,85,"COL",NA,NA,NA,NA
"339","Hepatitis A",2013,26,84,"COL",NA,NA,NA,NA
"340","Hepatitis A",2013,27,95,"COL",NA,NA,NA,NA
"341","Hepatitis A",2013,28,105,"COL",NA,NA,NA,NA
"342","Hepatitis A",2013,29,77,"COL",NA,NA,NA,NA
"343","Hepatitis A",2013,30,84,"COL",NA,NA,NA,NA
"344","Hepatitis A",2013,31,86,"COL",NA,NA,NA,NA
"345","Hepatitis A",2013,32,83,"COL",NA,NA,NA,NA
"346","Hepatitis A",2013,33,93,"COL",NA,NA,NA,NA
"347","Hepatitis A",2013,34,110,"COL",NA,NA,NA,NA
"348","Hepatitis A",2013,35,68,"COL",NA,NA,NA,NA
"349","Hepatitis A",2013,36,76,"COL",NA,NA,NA,NA
"350","Hepatitis A",2013,37,78,"COL",NA,NA,NA,NA
"351","Hepatitis A",2013,38,88,"COL",NA,NA,NA,NA
"352","Hepatitis A",2013,39,67,"COL",NA,NA,NA,NA
"353","Hepatitis A",2013,40,70,"COL",NA,NA,NA,NA
"354","Hepatitis A",2013,41,86,"COL",NA,NA,NA,NA
"355","Hepatitis A",2013,42,78,"COL",NA,NA,NA,NA
"356","Hepatitis A",2013,43,63,"COL",NA,NA,NA,NA
"357","Hepatitis A",2013,44,64,"COL",NA,NA,NA,NA
"358","Hepatitis A",2013,45,70,"COL",NA,NA,NA,NA
"359","Hepatitis A",2013,46,75,"COL",NA,NA,NA,NA
"360","Hepatitis A",2013,47,66,"COL",NA,NA,NA,NA
"361","Hepatitis A",2013,48,69,"COL",NA,NA,NA,NA
"362","Hepatitis A",2013,49,64,"COL",NA,NA,NA,NA
"363","Hepatitis A",2013,50,54,"COL",NA,NA,NA,NA
"364","Hepatitis A",2013,51,49,"COL",NA,NA,NA,NA
"365","Hepatitis A",2013,52,49,"COL",NA,NA,NA,NA
"366","Hepatitis A",2014,1,73,"COL",NA,NA,NA,NA
"367","Hepatitis A",2014,2,71,"COL",NA,NA,NA,NA
"368","Hepatitis A",2014,3,77,"COL",NA,NA,NA,NA
"369","Hepatitis A",2014,4,96,"COL",NA,NA,NA,NA
"370","Hepatitis A",2014,5,94,"COL",NA,NA,NA,NA
"371","Hepatitis A",2014,6,95,"COL",NA,NA,NA,NA
"372","Hepatitis A",2014,7,122,"COL",NA,NA,NA,NA
"373","Hepatitis A",2014,8,93,"COL",NA,NA,NA,NA
"374","Hepatitis A",2014,9,89,"COL",NA,NA,NA,NA
"375","Hepatitis A",2014,10,79,"COL",NA,NA,NA,NA
"376","Hepatitis A",2014,11,98,"COL",NA,NA,NA,NA
"377","Hepatitis A",2014,12,83,"COL",NA,NA,NA,NA
"378","Hepatitis A",2014,13,87,"COL",NA,NA,NA,NA
"379","Hepatitis A",2014,14,87,"COL",NA,NA,NA,NA
"380","Hepatitis A",2014,15,62,"COL",NA,NA,NA,NA
"381","Hepatitis A",2014,16,53,"COL",NA,NA,NA,NA
"382","Hepatitis A",2014,17,58,"COL",NA,NA,NA,NA
"383","Hepatitis A",2014,18,73,"COL",NA,NA,NA,NA
"384","Hepatitis A",2014,19,78,"COL",NA,NA,NA,NA
"385","Hepatitis A",2014,20,87,"COL",NA,NA,NA,NA
"386","Hepatitis A",2014,21,47,"COL",NA,NA,NA,NA
"387","Hepatitis A",2014,22,53,"COL",NA,NA,NA,NA
"388","Hepatitis A",2014,23,45,"COL",NA,NA,NA,NA
"389","Hepatitis A",2014,24,40,"COL",NA,NA,NA,NA
"390","Hepatitis A",2014,25,33,"COL",NA,NA,NA,NA
"391","Hepatitis A",2014,26,39,"COL",NA,NA,NA,NA
"392","Hepatitis A",2014,27,48,"COL",NA,NA,NA,NA
"393","Hepatitis A",2014,28,51,"COL",NA,NA,NA,NA
"394","Hepatitis A",2014,29,46,"COL",NA,NA,NA,NA
"395","Hepatitis A",2014,30,47,"COL",NA,NA,NA,NA
"396","Hepatitis A",2014,31,44,"COL",NA,NA,NA,NA
"397","Hepatitis A",2014,32,49,"COL",NA,NA,NA,NA
"398","Hepatitis A",2014,33,55,"COL",NA,NA,NA,NA
"399","Hepatitis A",2014,34,37,"COL",NA,NA,NA,NA
"400","Hepatitis A",2014,35,31,"COL",NA,NA,NA,NA
"401","Hepatitis A",2014,36,27,"COL",NA,NA,NA,NA
"402","Hepatitis A",2014,37,46,"COL",NA,NA,NA,NA
"403","Hepatitis A",2014,38,40,"COL",NA,NA,NA,NA
"404","Hepatitis A",2014,39,49,"COL",NA,NA,NA,NA
"405","Hepatitis A",2014,40,40,"COL",NA,NA,NA,NA
"406","Hepatitis A",2014,41,33,"COL",NA,NA,NA,NA
"407","Hepatitis A",2014,42,39,"COL",NA,NA,NA,NA
"408","Hepatitis A",2014,43,33,"COL",NA,NA,NA,NA
"409","Hepatitis A",2014,44,27,"COL",NA,NA,NA,NA
"410","Hepatitis A",2014,45,32,"COL",NA,NA,NA,NA
"411","Hepatitis A",2014,46,33,"COL",NA,NA,NA,NA
"412","Hepatitis A",2014,47,32,"COL",NA,NA,NA,NA
"413","Hepatitis A",2014,48,24,"COL",NA,NA,NA,NA
"414","Hepatitis A",2014,49,34,"COL",NA,NA,NA,NA
"415","Hepatitis A",2014,50,37,"COL",NA,NA,NA,NA
"416","Hepatitis A",2014,51,28,"COL",NA,NA,NA,NA
"417","Hepatitis A",2014,52,15,"COL",NA,NA,NA,NA
"418","Hepatitis A",2014,53,16,"COL",NA,NA,NA,NA
"419","Hepatitis A",2015,1,33,"COL",NA,NA,NA,NA
"420","Hepatitis A",2015,2,28,"COL",NA,NA,NA,NA
"421","Hepatitis A",2015,3,40,"COL",NA,NA,NA,NA
"422","Hepatitis A",2015,4,34,"COL",NA,NA,NA,NA
"423","Hepatitis A",2015,5,33,"COL",NA,NA,NA,NA
"424","Hepatitis A",2015,6,22,"COL",NA,NA,NA,NA
"425","Hepatitis A",2015,7,29,"COL",NA,NA,NA,NA
"426","Hepatitis A",2015,8,27,"COL",NA,NA,NA,NA
"427","Hepatitis A",2015,9,44,"COL",NA,NA,NA,NA
"428","Hepatitis A",2015,10,30,"COL",NA,NA,NA,NA
"429","Hepatitis A",2015,11,17,"COL",NA,NA,NA,NA
"430","Hepatitis A",2015,12,22,"COL",NA,NA,NA,NA
"431","Hepatitis A",2015,13,33,"COL",NA,NA,NA,NA
"432","Hepatitis A",2015,14,22,"COL",NA,NA,NA,NA
"433","Hepatitis A",2015,15,25,"COL",NA,NA,NA,NA
"434","Hepatitis A",2015,16,15,"COL",NA,NA,NA,NA
"435","Hepatitis A",2015,17,17,"COL",NA,NA,NA,NA
"436","Hepatitis A",2015,18,22,"COL",NA,NA,NA,NA
"437","Hepatitis A",2015,19,20,"COL",NA,NA,NA,NA
"438","Hepatitis A",2015,20,23,"COL",NA,NA,NA,NA
"439","Hepatitis A",2015,21,16,"COL",NA,NA,NA,NA
"440","Hepatitis A",2015,22,15,"COL",NA,NA,NA,NA
"441","Hepatitis A",2015,23,22,"COL",NA,NA,NA,NA
"442","Hepatitis A",2015,24,13,"COL",NA,NA,NA,NA
"443","Hepatitis A",2015,25,13,"COL",NA,NA,NA,NA
"444","Hepatitis A",2015,26,17,"COL",NA,NA,NA,NA
"445","Hepatitis A",2015,27,21,"COL",NA,NA,NA,NA
"446","Hepatitis A",2015,28,18,"COL",NA,NA,NA,NA
"447","Hepatitis A",2015,29,20,"COL",NA,NA,NA,NA
"448","Hepatitis A",2015,30,23,"COL",NA,NA,NA,NA
"449","Hepatitis A",2015,31,20,"COL",NA,NA,NA,NA
"450","Hepatitis A",2015,32,20,"COL",NA,NA,NA,NA
"451","Hepatitis A",2015,33,18,"COL",NA,NA,NA,NA
"452","Hepatitis A",2015,34,17,"COL",NA,NA,NA,NA
"453","Hepatitis A",2015,35,20,"COL",NA,NA,NA,NA
"454","Hepatitis A",2015,36,34,"COL",NA,NA,NA,NA
"455","Hepatitis A",2015,37,28,"COL",NA,NA,NA,NA
"456","Hepatitis A",2015,38,22,"COL",NA,NA,NA,NA
"457","Hepatitis A",2015,39,22,"COL",NA,NA,NA,NA
"458","Hepatitis A",2015,40,31,"COL",NA,NA,NA,NA
"459","Hepatitis A",2015,41,20,"COL",NA,NA,NA,NA
"460","Hepatitis A",2015,42,22,"COL",NA,NA,NA,NA
"461","Hepatitis A",2015,43,23,"COL",NA,NA,NA,NA
"462","Hepatitis A",2015,44,25,"COL",NA,NA,NA,NA
"463","Hepatitis A",2015,45,30,"COL",NA,NA,NA,NA
"464","Hepatitis A",2015,46,28,"COL",NA,NA,NA,NA
"465","Hepatitis A",2015,47,34,"COL",NA,NA,NA,NA
"466","Hepatitis A",2015,48,35,"COL",NA,NA,NA,NA
"467","Hepatitis A",2015,49,23,"COL",NA,NA,NA,NA
"468","Hepatitis A",2015,50,18,"COL",NA,NA,NA,NA
"469","Hepatitis A",2015,51,21,"COL",NA,NA,NA,NA
"470","Hepatitis A",2015,52,26,"COL",NA,NA,NA,NA
"471","Hepatitis A",2016,1,27,"COL",NA,NA,NA,NA
"472","Hepatitis A",2016,2,25,"COL",NA,NA,NA,NA
"473","Hepatitis A",2016,3,26,"COL",NA,NA,NA,NA
"474","Hepatitis A",2016,4,19,"COL",NA,NA,NA,NA
"475","Hepatitis A",2016,5,22,"COL",NA,NA,NA,NA
"476","Hepatitis A",2016,6,23,"COL",NA,NA,NA,NA
"477","Hepatitis A",2016,7,22,"COL",NA,NA,NA,NA
"478","Hepatitis A",2016,8,20,"COL",NA,NA,NA,NA
"479","Hepatitis A",2016,9,21,"COL",NA,NA,NA,NA
"480","Hepatitis A",2016,10,19,"COL",NA,NA,NA,NA
"481","Hepatitis A",2016,11,22,"COL",NA,NA,NA,NA
"482","Hepatitis A",2016,12,18,"COL",NA,NA,NA,NA
"483","Hepatitis A",2016,13,26,"COL",NA,NA,NA,NA
"484","Hepatitis A",2016,14,22,"COL",NA,NA,NA,NA
"485","Hepatitis A",2016,15,25,"COL",NA,NA,NA,NA
"486","Hepatitis A",2016,16,14,"COL",NA,NA,NA,NA
"487","Hepatitis A",2016,17,19,"COL",NA,NA,NA,NA
"488","Hepatitis A",2016,18,11,"COL",NA,NA,NA,NA
"489","Hepatitis A",2016,19,9,"COL",NA,NA,NA,NA
"490","Hepatitis A",2016,20,16,"COL",NA,NA,NA,NA
"491","Hepatitis A",2016,21,13,"COL",NA,NA,NA,NA
"492","Hepatitis A",2016,22,10,"COL",NA,NA,NA,NA
"493","Hepatitis A",2016,23,16,"COL",NA,NA,NA,NA
"494","Hepatitis A",2016,24,13,"COL",NA,NA,NA,NA
"495","Hepatitis A",2016,25,9,"COL",NA,NA,NA,NA
"496","Hepatitis A",2016,26,8,"COL",NA,NA,NA,NA
"497","Hepatitis A",2016,27,15,"COL",NA,NA,NA,NA
"498","Hepatitis A",2016,28,22,"COL",NA,NA,NA,NA
"499","Hepatitis A",2016,29,14,"COL",NA,NA,NA,NA
"500","Hepatitis A",2016,30,15,"COL",NA,NA,NA,NA
"501","Hepatitis A",2016,31,29,"COL",NA,NA,NA,NA
"502","Hepatitis A",2016,32,26,"COL",NA,NA,NA,NA
"503","Hepatitis A",2016,33,17,"COL",NA,NA,NA,NA
"504","Hepatitis A",2016,34,24,"COL",NA,NA,NA,NA
"505","Hepatitis A",2016,35,19,"COL",NA,NA,NA,NA
"506","Hepatitis A",2016,36,20,"COL",NA,NA,NA,NA
"507","Hepatitis A",2016,37,14,"COL",NA,NA,NA,NA
"508","Hepatitis A",2016,38,21,"COL",NA,NA,NA,NA
"509","Hepatitis A",2016,39,19,"COL",NA,NA,NA,NA
"510","Hepatitis A",2016,40,20,"COL",NA,NA,NA,NA
"511","Hepatitis A",2016,41,18,"COL",NA,NA,NA,NA
"512","Hepatitis A",2016,42,16,"COL",NA,NA,NA,NA
"513","Hepatitis A",2016,43,15,"COL",NA,NA,NA,NA
"514","Hepatitis A",2016,44,21,"COL",NA,NA,NA,NA
"515","Hepatitis A",2016,45,23,"COL",NA,NA,NA,NA
"516","Hepatitis A",2016,46,22,"COL",NA,NA,NA,NA
"517","Hepatitis A",2016,47,20,"COL",NA,NA,NA,NA
"518","Hepatitis A",2016,48,26,"COL",NA,NA,NA,NA
"519","Hepatitis A",2016,49,9,"COL",NA,NA,NA,NA
"520","Hepatitis A",2016,50,13,"COL",NA,NA,NA,NA
"521","Hepatitis A",2016,51,16,"COL",NA,NA,NA,NA
"522","Hepatitis A",2016,52,15,"COL",NA,NA,NA,NA
"523","Hepatitis A",2017,1,27,"COL",NA,NA,NA,NA
"524","Hepatitis A",2017,2,30,"COL",NA,NA,NA,NA
"525","Hepatitis A",2017,3,29,"COL",NA,NA,NA,NA
"526","Hepatitis A",2017,4,23,"COL",NA,NA,NA,NA
"527","Hepatitis A",2017,5,29,"COL",NA,NA,NA,NA
"528","Hepatitis A",2017,6,27,"COL",NA,NA,NA,NA
"529","Hepatitis A",2017,7,28,"COL",NA,NA,NA,NA
"530","Hepatitis A",2017,8,32,"COL",NA,NA,NA,NA
"531","Hepatitis A",2017,9,40,"COL",NA,NA,NA,NA
"532","Hepatitis A",2017,10,22,"COL",NA,NA,NA,NA
"533","Hepatitis A",2017,11,27,"COL",NA,NA,NA,NA
"534","Hepatitis A",2017,12,20,"COL",NA,NA,NA,NA
"535","Hepatitis A",2017,13,23,"COL",NA,NA,NA,NA
"536","Hepatitis A",2017,14,24,"COL",NA,NA,NA,NA
"537","Hepatitis A",2017,15,23,"COL",NA,NA,NA,NA
"538","Hepatitis A",2017,16,28,"COL",NA,NA,NA,NA
"539","Hepatitis A",2017,17,26,"COL",NA,NA,NA,NA
"540","Hepatitis A",2017,18,26,"COL",NA,NA,NA,NA
"541","Hepatitis A",2017,19,35,"COL",NA,NA,NA,NA
"542","Hepatitis A",2017,20,28,"COL",NA,NA,NA,NA
"543","Hepatitis A",2017,21,22,"COL",NA,NA,NA,NA
"544","Hepatitis A",2017,22,19,"COL",NA,NA,NA,NA
"545","Hepatitis A",2017,23,18,"COL",NA,NA,NA,NA
"546","Hepatitis A",2017,24,26,"COL",NA,NA,NA,NA
"547","Hepatitis A",2017,25,19,"COL",NA,NA,NA,NA
"548","Hepatitis A",2017,26,18,"COL",NA,NA,NA,NA
"549","Hepatitis A",2017,27,29,"COL",NA,NA,NA,NA
"550","Hepatitis A",2017,28,30,"COL",NA,NA,NA,NA
"551","Hepatitis A",2017,29,24,"COL",NA,NA,NA,NA
"552","Hepatitis A",2017,30,46,"COL",NA,NA,NA,NA
"553","Hepatitis A",2017,31,37,"COL",NA,NA,NA,NA
"554","Hepatitis A",2017,32,26,"COL",NA,NA,NA,NA
"555","Hepatitis A",2017,33,28,"COL",NA,NA,NA,NA
"556","Hepatitis A",2017,34,22,"COL",NA,NA,NA,NA
"557","Hepatitis A",2017,35,29,"COL",NA,NA,NA,NA
"558","Hepatitis A",2017,36,21,"COL",NA,NA,NA,NA
"559","Hepatitis A",2017,37,34,"COL",NA,NA,NA,NA
"560","Hepatitis A",2017,38,24,"COL",NA,NA,NA,NA
"561","Hepatitis A",2017,39,26,"COL",NA,NA,NA,NA
"562","Hepatitis A",2017,40,18,"COL",NA,NA,NA,NA
"563","Hepatitis A",2017,41,21,"COL",NA,NA,NA,NA
"564","Hepatitis A",2017,42,33,"COL",NA,NA,NA,NA
"565","Hepatitis A",2017,43,38,"COL",NA,NA,NA,NA
"566","Hepatitis A",2017,44,42,"COL",NA,NA,NA,NA
"567","Hepatitis A",2017,45,31,"COL",NA,NA,NA,NA
"568","Hepatitis A",2017,46,16,"COL",NA,NA,NA,NA
"569","Hepatitis A",2017,47,16,"COL",NA,NA,NA,NA
"570","Hepatitis A",2017,48,18,"COL",NA,NA,NA,NA
"571","Hepatitis A",2017,49,17,"COL",NA,NA,NA,NA
"572","Hepatitis A",2017,50,25,"COL",NA,NA,NA,NA
"573","Hepatitis A",2017,51,10,"COL",NA,NA,NA,NA
"574","Hepatitis A",2017,52,20,"COL",NA,NA,NA,NA
"575","Hepatitis A",2018,1,32,"COL",NA,NA,NA,NA
"576","Hepatitis A",2018,2,31,"COL",NA,NA,NA,NA
"577","Hepatitis A",2018,3,23,"COL",NA,NA,NA,NA
"578","Hepatitis A",2018,4,27,"COL",NA,NA,NA,NA
"579","Hepatitis A",2018,5,27,"COL",NA,NA,NA,NA
"580","Hepatitis A",2018,6,47,"COL",NA,NA,NA,NA
"581","Hepatitis A",2018,7,38,"COL",NA,NA,NA,NA
"582","Hepatitis A",2018,8,33,"COL",NA,NA,NA,NA
"583","Hepatitis A",2018,9,21,"COL",NA,NA,NA,NA
"584","Hepatitis A",2018,10,32,"COL",NA,NA,NA,NA
"585","Hepatitis A",2018,11,19,"COL",NA,NA,NA,NA
"586","Hepatitis A",2018,12,36,"COL",NA,NA,NA,NA
"587","Hepatitis A",2018,13,34,"COL",NA,NA,NA,NA
"588","Hepatitis A",2018,14,23,"COL",NA,NA,NA,NA
"589","Hepatitis A",2018,15,41,"COL",NA,NA,NA,NA
"590","Hepatitis A",2018,16,29,"COL",NA,NA,NA,NA
"591","Hepatitis A",2018,17,33,"COL",NA,NA,NA,NA
"592","Hepatitis A",2018,18,38,"COL",NA,NA,NA,NA
"593","Hepatitis A",2018,19,27,"COL",NA,NA,NA,NA
"594","Hepatitis A",2018,20,32,"COL",NA,NA,NA,NA
"595","Hepatitis A",2018,21,45,"COL",NA,NA,NA,NA
"596","Hepatitis A",2018,22,40,"COL",NA,NA,NA,NA
"597","Hepatitis A",2018,23,41,"COL",NA,NA,NA,NA
"598","Hepatitis A",2018,24,45,"COL",NA,NA,NA,NA
"599","Hepatitis A",2018,25,44,"COL",NA,NA,NA,NA
"600","Hepatitis A",2018,26,43,"COL",NA,NA,NA,NA
"601","Hepatitis A",2018,27,52,"COL",NA,NA,NA,NA
"602","Hepatitis A",2018,28,37,"COL",NA,NA,NA,NA
"603","Hepatitis A",2018,29,47,"COL",NA,NA,NA,NA
"604","Hepatitis A",2018,30,42,"COL",NA,NA,NA,NA
"605","Hepatitis A",2018,31,57,"COL",NA,NA,NA,NA
"606","Hepatitis A",2018,32,67,"COL",NA,NA,NA,NA
"607","Hepatitis A",2018,33,55,"COL",NA,NA,NA,NA
"608","Hepatitis A",2018,34,87,"COL",NA,NA,NA,NA
"609","Hepatitis A",2018,35,88,"COL",NA,NA,NA,NA
"610","Hepatitis A",2018,36,71,"COL",NA,NA,NA,NA
"611","Hepatitis A",2018,37,72,"COL",NA,NA,NA,NA
"612","Hepatitis A",2018,38,84,"COL",NA,NA,NA,NA
"613","Hepatitis A",2018,39,57,"COL",NA,NA,NA,NA
"614","Hepatitis A",2018,40,67,"COL",NA,NA,NA,NA
"615","Hepatitis A",2018,41,55,"COL",NA,NA,NA,NA
"616","Hepatitis A",2018,42,56,"COL",NA,NA,NA,NA
"617","Hepatitis A",2018,43,48,"COL",NA,NA,NA,NA
"618","Hepatitis A",2018,44,45,"COL",NA,NA,NA,NA
"619","Hepatitis A",2018,45,58,"COL",NA,NA,NA,NA
"620","Hepatitis A",2018,46,38,"COL",NA,NA,NA,NA
"621","Hepatitis A",2018,47,31,"COL",NA,NA,NA,NA
"622","Hepatitis A",2018,48,48,"COL",NA,NA,NA,NA
"623","Hepatitis A",2018,49,42,"COL",NA,NA,NA,NA
"624","Hepatitis A",2018,50,51,"COL",NA,NA,NA,NA
"625","Hepatitis A",2018,51,40,"COL",NA,NA,NA,NA
"626","Hepatitis A",2018,52,65,"COL",NA,NA,NA,NA
"627","Hepatitis A",2019,1,31,"COL",NA,NA,NA,NA
"628","Hepatitis A",2019,2,32,"COL",NA,NA,NA,NA
"629","Hepatitis A",2019,3,35,"COL",NA,NA,NA,NA
"630","Hepatitis A",2019,4,27,"COL",NA,NA,NA,NA
"631","Hepatitis A",2019,5,42,"COL",NA,NA,NA,NA
"632","Hepatitis A",2019,6,26,"COL",NA,NA,NA,NA
"633","Hepatitis A",2019,7,34,"COL",NA,NA,NA,NA
"634","Hepatitis A",2019,8,27,"COL",NA,NA,NA,NA
"635","Hepatitis A",2019,9,30,"COL",NA,NA,NA,NA
"636","Hepatitis A",2019,10,23,"COL",NA,NA,NA,NA
"637","Hepatitis A",2019,11,38,"COL",NA,NA,NA,NA
"638","Hepatitis A",2019,12,43,"COL",NA,NA,NA,NA
"639","Hepatitis A",2019,13,38,"COL",NA,NA,NA,NA
"640","Hepatitis A",2019,14,26,"COL",NA,NA,NA,NA
"641","Hepatitis A",2019,15,27,"COL",NA,NA,NA,NA
"642","Hepatitis A",2019,16,21,"COL",NA,NA,NA,NA
"643","Hepatitis A",2019,17,25,"COL",NA,NA,NA,NA
"644","Hepatitis A",2019,18,36,"COL",NA,NA,NA,NA
"645","Hepatitis A",2019,19,34,"COL",NA,NA,NA,NA
"646","Hepatitis A",2019,20,34,"COL",NA,NA,NA,NA
"647","Hepatitis A",2019,21,18,"COL",NA,NA,NA,NA
"648","Hepatitis A",2019,22,26,"COL",NA,NA,NA,NA
"649","Hepatitis A",2019,23,20,"COL",NA,NA,NA,NA
"650","Hepatitis A",2019,24,23,"COL",NA,NA,NA,NA
"651","Hepatitis A",2019,25,29,"COL",NA,NA,NA,NA
"652","Hepatitis A",2019,26,21,"COL",NA,NA,NA,NA
"653","Hepatitis A",2019,27,35,"COL",NA,NA,NA,NA
"654","Hepatitis A",2019,28,26,"COL",NA,NA,NA,NA
"655","Hepatitis A",2019,29,24,"COL",NA,NA,NA,NA
"656","Hepatitis A",2019,30,27,"COL",NA,NA,NA,NA
"657","Hepatitis A",2019,31,39,"COL",NA,NA,NA,NA
"658","Hepatitis A",2019,32,31,"COL",NA,NA,NA,NA
"659","Hepatitis A",2019,33,26,"COL",NA,NA,NA,NA
"660","Hepatitis A",2019,34,27,"COL",NA,NA,NA,NA
"661","Hepatitis A",2019,35,38,"COL",NA,NA,NA,NA
"662","Hepatitis A",2019,36,55,"COL",NA,NA,NA,NA
"663","Hepatitis A",2019,37,43,"COL",NA,NA,NA,NA
"664","Hepatitis A",2019,38,30,"COL",NA,NA,NA,NA
"665","Hepatitis A",2019,39,24,"COL",NA,NA,NA,NA
"666","Hepatitis A",2019,40,25,"COL",NA,NA,NA,NA
"667","Hepatitis A",2019,41,23,"COL",NA,NA,NA,NA
"668","Hepatitis A",2019,42,16,"COL",NA,NA,NA,NA
"669","Hepatitis A",2019,43,29,"COL",NA,NA,NA,NA
"670","Hepatitis A",2019,44,23,"COL",NA,NA,NA,NA
"671","Hepatitis A",2019,45,30,"COL",NA,NA,NA,NA
"672","Hepatitis A",2019,46,35,"COL",NA,NA,NA,NA
"673","Hepatitis A",2019,47,23,"COL",NA,NA,NA,NA
"674","Hepatitis A",2019,48,24,"COL",NA,NA,NA,NA
"675","Hepatitis A",2019,49,30,"COL",NA,NA,NA,NA
"676","Hepatitis A",2019,50,19,"COL",NA,NA,NA,NA
"677","Hepatitis A",2019,51,13,"COL",NA,NA,NA,NA
"678","Hepatitis A",2019,52,10,"COL",NA,NA,NA,NA
