"","Disease","EpiYear","EpiWeek","Incidence","ADM0","ADM1","ADM2","NA","NA"
"1","Malaria (P. malariae)",2007,1,0,"COL",NA,NA,NA,NA
"2","Malaria (P. malariae)",2007,2,0,"COL",NA,NA,NA,NA
"3","Malaria (P. malariae)",2007,3,0,"COL",NA,NA,NA,NA
"4","Malaria (P. malariae)",2007,4,1,"COL",NA,NA,NA,NA
"5","Malaria (P. malariae)",2007,5,0,"COL",NA,NA,NA,NA
"6","Malaria (P. malariae)",2007,6,1,"COL",NA,NA,NA,NA
"7","Malaria (P. malariae)",2007,7,0,"COL",NA,NA,NA,NA
"8","Malaria (P. malariae)",2007,8,1,"COL",NA,NA,NA,NA
"9","Malaria (P. malariae)",2007,9,0,"COL",NA,NA,NA,NA
"10","Malaria (P. malariae)",2007,10,0,"COL",NA,NA,NA,NA
"11","Malaria (P. malariae)",2007,11,1,"COL",NA,NA,NA,NA
"12","Malaria (P. malariae)",2007,12,0,"COL",NA,NA,NA,NA
"13","Malaria (P. malariae)",2007,13,0,"COL",NA,NA,NA,NA
"14","Malaria (P. malariae)",2007,14,0,"COL",NA,NA,NA,NA
"15","Malaria (P. malariae)",2007,15,1,"COL",NA,NA,NA,NA
"16","Malaria (P. malariae)",2007,16,3,"COL",NA,NA,NA,NA
"17","Malaria (P. malariae)",2007,17,1,"COL",NA,NA,NA,NA
"18","Malaria (P. malariae)",2007,18,0,"COL",NA,NA,NA,NA
"19","Malaria (P. malariae)",2007,19,2,"COL",NA,NA,NA,NA
"20","Malaria (P. malariae)",2007,20,2,"COL",NA,NA,NA,NA
"21","Malaria (P. malariae)",2007,21,0,"COL",NA,NA,NA,NA
"22","Malaria (P. malariae)",2007,22,0,"COL",NA,NA,NA,NA
"23","Malaria (P. malariae)",2007,23,0,"COL",NA,NA,NA,NA
"24","Malaria (P. malariae)",2007,24,0,"COL",NA,NA,NA,NA
"25","Malaria (P. malariae)",2007,25,1,"COL",NA,NA,NA,NA
"26","Malaria (P. malariae)",2007,26,2,"COL",NA,NA,NA,NA
"27","Malaria (P. malariae)",2007,27,0,"COL",NA,NA,NA,NA
"28","Malaria (P. malariae)",2007,28,0,"COL",NA,NA,NA,NA
"29","Malaria (P. malariae)",2007,29,1,"COL",NA,NA,NA,NA
"30","Malaria (P. malariae)",2007,30,0,"COL",NA,NA,NA,NA
"31","Malaria (P. malariae)",2007,31,0,"COL",NA,NA,NA,NA
"32","Malaria (P. malariae)",2007,32,0,"COL",NA,NA,NA,NA
"33","Malaria (P. malariae)",2007,33,2,"COL",NA,NA,NA,NA
"34","Malaria (P. malariae)",2007,34,0,"COL",NA,NA,NA,NA
"35","Malaria (P. malariae)",2007,35,0,"COL",NA,NA,NA,NA
"36","Malaria (P. malariae)",2007,36,0,"COL",NA,NA,NA,NA
"37","Malaria (P. malariae)",2007,37,0,"COL",NA,NA,NA,NA
"38","Malaria (P. malariae)",2007,38,0,"COL",NA,NA,NA,NA
"39","Malaria (P. malariae)",2007,39,1,"COL",NA,NA,NA,NA
"40","Malaria (P. malariae)",2007,40,1,"COL",NA,NA,NA,NA
"41","Malaria (P. malariae)",2007,41,0,"COL",NA,NA,NA,NA
"42","Malaria (P. malariae)",2007,42,0,"COL",NA,NA,NA,NA
"43","Malaria (P. malariae)",2007,43,0,"COL",NA,NA,NA,NA
"44","Malaria (P. malariae)",2007,44,0,"COL",NA,NA,NA,NA
"45","Malaria (P. malariae)",2007,45,0,"COL",NA,NA,NA,NA
"46","Malaria (P. malariae)",2007,46,0,"COL",NA,NA,NA,NA
"47","Malaria (P. malariae)",2007,47,2,"COL",NA,NA,NA,NA
"48","Malaria (P. malariae)",2007,48,0,"COL",NA,NA,NA,NA
"49","Malaria (P. malariae)",2007,49,0,"COL",NA,NA,NA,NA
"50","Malaria (P. malariae)",2007,50,2,"COL",NA,NA,NA,NA
"51","Malaria (P. malariae)",2007,51,0,"COL",NA,NA,NA,NA
"52","Malaria (P. malariae)",2007,52,0,"COL",NA,NA,NA,NA
"53","Malaria (P. malariae)",2008,1,3,"COL",NA,NA,NA,NA
"54","Malaria (P. malariae)",2008,2,1,"COL",NA,NA,NA,NA
"55","Malaria (P. malariae)",2008,3,1,"COL",NA,NA,NA,NA
"56","Malaria (P. malariae)",2008,4,2,"COL",NA,NA,NA,NA
"57","Malaria (P. malariae)",2008,5,1,"COL",NA,NA,NA,NA
"58","Malaria (P. malariae)",2008,6,3,"COL",NA,NA,NA,NA
"59","Malaria (P. malariae)",2008,7,2,"COL",NA,NA,NA,NA
"60","Malaria (P. malariae)",2008,8,1,"COL",NA,NA,NA,NA
"61","Malaria (P. malariae)",2008,9,1,"COL",NA,NA,NA,NA
"62","Malaria (P. malariae)",2008,10,2,"COL",NA,NA,NA,NA
"63","Malaria (P. malariae)",2008,11,1,"COL",NA,NA,NA,NA
"64","Malaria (P. malariae)",2008,12,1,"COL",NA,NA,NA,NA
"65","Malaria (P. malariae)",2008,13,2,"COL",NA,NA,NA,NA
"66","Malaria (P. malariae)",2008,14,1,"COL",NA,NA,NA,NA
"67","Malaria (P. malariae)",2008,15,1,"COL",NA,NA,NA,NA
"68","Malaria (P. malariae)",2008,16,0,"COL",NA,NA,NA,NA
"69","Malaria (P. malariae)",2008,17,1,"COL",NA,NA,NA,NA
"70","Malaria (P. malariae)",2008,18,1,"COL",NA,NA,NA,NA
"71","Malaria (P. malariae)",2008,19,1,"COL",NA,NA,NA,NA
"72","Malaria (P. malariae)",2008,20,1,"COL",NA,NA,NA,NA
"73","Malaria (P. malariae)",2008,21,0,"COL",NA,NA,NA,NA
"74","Malaria (P. malariae)",2008,22,0,"COL",NA,NA,NA,NA
"75","Malaria (P. malariae)",2008,23,0,"COL",NA,NA,NA,NA
"76","Malaria (P. malariae)",2008,24,0,"COL",NA,NA,NA,NA
"77","Malaria (P. malariae)",2008,25,1,"COL",NA,NA,NA,NA
"78","Malaria (P. malariae)",2008,26,0,"COL",NA,NA,NA,NA
"79","Malaria (P. malariae)",2008,27,5,"COL",NA,NA,NA,NA
"80","Malaria (P. malariae)",2008,28,3,"COL",NA,NA,NA,NA
"81","Malaria (P. malariae)",2008,29,0,"COL",NA,NA,NA,NA
"82","Malaria (P. malariae)",2008,30,0,"COL",NA,NA,NA,NA
"83","Malaria (P. malariae)",2008,31,0,"COL",NA,NA,NA,NA
"84","Malaria (P. malariae)",2008,32,0,"COL",NA,NA,NA,NA
"85","Malaria (P. malariae)",2008,33,0,"COL",NA,NA,NA,NA
"86","Malaria (P. malariae)",2008,34,0,"COL",NA,NA,NA,NA
"87","Malaria (P. malariae)",2008,35,0,"COL",NA,NA,NA,NA
"88","Malaria (P. malariae)",2008,36,0,"COL",NA,NA,NA,NA
"89","Malaria (P. malariae)",2008,37,0,"COL",NA,NA,NA,NA
"90","Malaria (P. malariae)",2008,38,1,"COL",NA,NA,NA,NA
"91","Malaria (P. malariae)",2008,39,1,"COL",NA,NA,NA,NA
"92","Malaria (P. malariae)",2008,40,1,"COL",NA,NA,NA,NA
"93","Malaria (P. malariae)",2008,41,0,"COL",NA,NA,NA,NA
"94","Malaria (P. malariae)",2008,42,0,"COL",NA,NA,NA,NA
"95","Malaria (P. malariae)",2008,43,0,"COL",NA,NA,NA,NA
"96","Malaria (P. malariae)",2008,44,0,"COL",NA,NA,NA,NA
"97","Malaria (P. malariae)",2008,45,0,"COL",NA,NA,NA,NA
"98","Malaria (P. malariae)",2008,46,0,"COL",NA,NA,NA,NA
"99","Malaria (P. malariae)",2008,47,0,"COL",NA,NA,NA,NA
"100","Malaria (P. malariae)",2008,48,0,"COL",NA,NA,NA,NA
"101","Malaria (P. malariae)",2008,49,2,"COL",NA,NA,NA,NA
"102","Malaria (P. malariae)",2008,50,0,"COL",NA,NA,NA,NA
"103","Malaria (P. malariae)",2008,51,0,"COL",NA,NA,NA,NA
"104","Malaria (P. malariae)",2008,52,0,"COL",NA,NA,NA,NA
"105","Malaria (P. malariae)",2008,53,0,"COL",NA,NA,NA,NA
"106","Malaria (P. malariae)",2009,1,1,"COL",NA,NA,NA,NA
"107","Malaria (P. malariae)",2009,2,0,"COL",NA,NA,NA,NA
"108","Malaria (P. malariae)",2009,3,1,"COL",NA,NA,NA,NA
"109","Malaria (P. malariae)",2009,4,0,"COL",NA,NA,NA,NA
"110","Malaria (P. malariae)",2009,5,0,"COL",NA,NA,NA,NA
"111","Malaria (P. malariae)",2009,6,0,"COL",NA,NA,NA,NA
"112","Malaria (P. malariae)",2009,7,1,"COL",NA,NA,NA,NA
"113","Malaria (P. malariae)",2009,8,0,"COL",NA,NA,NA,NA
"114","Malaria (P. malariae)",2009,9,1,"COL",NA,NA,NA,NA
"115","Malaria (P. malariae)",2009,10,2,"COL",NA,NA,NA,NA
"116","Malaria (P. malariae)",2009,11,0,"COL",NA,NA,NA,NA
"117","Malaria (P. malariae)",2009,12,1,"COL",NA,NA,NA,NA
"118","Malaria (P. malariae)",2009,13,0,"COL",NA,NA,NA,NA
"119","Malaria (P. malariae)",2009,14,1,"COL",NA,NA,NA,NA
"120","Malaria (P. malariae)",2009,15,3,"COL",NA,NA,NA,NA
"121","Malaria (P. malariae)",2009,16,1,"COL",NA,NA,NA,NA
"122","Malaria (P. malariae)",2009,17,1,"COL",NA,NA,NA,NA
"123","Malaria (P. malariae)",2009,18,1,"COL",NA,NA,NA,NA
"124","Malaria (P. malariae)",2009,19,1,"COL",NA,NA,NA,NA
"125","Malaria (P. malariae)",2009,20,0,"COL",NA,NA,NA,NA
"126","Malaria (P. malariae)",2009,21,0,"COL",NA,NA,NA,NA
"127","Malaria (P. malariae)",2009,22,1,"COL",NA,NA,NA,NA
"128","Malaria (P. malariae)",2009,23,2,"COL",NA,NA,NA,NA
"129","Malaria (P. malariae)",2009,24,1,"COL",NA,NA,NA,NA
"130","Malaria (P. malariae)",2009,25,1,"COL",NA,NA,NA,NA
"131","Malaria (P. malariae)",2009,26,0,"COL",NA,NA,NA,NA
"132","Malaria (P. malariae)",2009,27,1,"COL",NA,NA,NA,NA
"133","Malaria (P. malariae)",2009,28,0,"COL",NA,NA,NA,NA
"134","Malaria (P. malariae)",2009,29,1,"COL",NA,NA,NA,NA
"135","Malaria (P. malariae)",2009,30,1,"COL",NA,NA,NA,NA
"136","Malaria (P. malariae)",2009,31,0,"COL",NA,NA,NA,NA
"137","Malaria (P. malariae)",2009,32,0,"COL",NA,NA,NA,NA
"138","Malaria (P. malariae)",2009,33,1,"COL",NA,NA,NA,NA
"139","Malaria (P. malariae)",2009,34,1,"COL",NA,NA,NA,NA
"140","Malaria (P. malariae)",2009,35,2,"COL",NA,NA,NA,NA
"141","Malaria (P. malariae)",2009,36,3,"COL",NA,NA,NA,NA
"142","Malaria (P. malariae)",2009,37,0,"COL",NA,NA,NA,NA
"143","Malaria (P. malariae)",2009,38,1,"COL",NA,NA,NA,NA
"144","Malaria (P. malariae)",2009,39,0,"COL",NA,NA,NA,NA
"145","Malaria (P. malariae)",2009,40,2,"COL",NA,NA,NA,NA
"146","Malaria (P. malariae)",2009,41,0,"COL",NA,NA,NA,NA
"147","Malaria (P. malariae)",2009,42,1,"COL",NA,NA,NA,NA
"148","Malaria (P. malariae)",2009,43,0,"COL",NA,NA,NA,NA
"149","Malaria (P. malariae)",2009,44,1,"COL",NA,NA,NA,NA
"150","Malaria (P. malariae)",2009,45,2,"COL",NA,NA,NA,NA
"151","Malaria (P. malariae)",2009,46,3,"COL",NA,NA,NA,NA
"152","Malaria (P. malariae)",2009,47,1,"COL",NA,NA,NA,NA
"153","Malaria (P. malariae)",2009,48,1,"COL",NA,NA,NA,NA
"154","Malaria (P. malariae)",2009,49,1,"COL",NA,NA,NA,NA
"155","Malaria (P. malariae)",2009,50,1,"COL",NA,NA,NA,NA
"156","Malaria (P. malariae)",2009,51,0,"COL",NA,NA,NA,NA
"157","Malaria (P. malariae)",2009,52,0,"COL",NA,NA,NA,NA
"158","Malaria (P. malariae)",2010,1,1,"COL",NA,NA,NA,NA
"159","Malaria (P. malariae)",2010,2,4,"COL",NA,NA,NA,NA
"160","Malaria (P. malariae)",2010,3,1,"COL",NA,NA,NA,NA
"161","Malaria (P. malariae)",2010,4,0,"COL",NA,NA,NA,NA
"162","Malaria (P. malariae)",2010,5,0,"COL",NA,NA,NA,NA
"163","Malaria (P. malariae)",2010,6,0,"COL",NA,NA,NA,NA
"164","Malaria (P. malariae)",2010,7,0,"COL",NA,NA,NA,NA
"165","Malaria (P. malariae)",2010,8,2,"COL",NA,NA,NA,NA
"166","Malaria (P. malariae)",2010,9,0,"COL",NA,NA,NA,NA
"167","Malaria (P. malariae)",2010,10,0,"COL",NA,NA,NA,NA
"168","Malaria (P. malariae)",2010,11,3,"COL",NA,NA,NA,NA
"169","Malaria (P. malariae)",2010,12,4,"COL",NA,NA,NA,NA
"170","Malaria (P. malariae)",2010,13,1,"COL",NA,NA,NA,NA
"171","Malaria (P. malariae)",2010,14,1,"COL",NA,NA,NA,NA
"172","Malaria (P. malariae)",2010,15,2,"COL",NA,NA,NA,NA
"173","Malaria (P. malariae)",2010,16,2,"COL",NA,NA,NA,NA
"174","Malaria (P. malariae)",2010,17,4,"COL",NA,NA,NA,NA
"175","Malaria (P. malariae)",2010,18,5,"COL",NA,NA,NA,NA
"176","Malaria (P. malariae)",2010,19,5,"COL",NA,NA,NA,NA
"177","Malaria (P. malariae)",2010,20,1,"COL",NA,NA,NA,NA
"178","Malaria (P. malariae)",2010,21,1,"COL",NA,NA,NA,NA
"179","Malaria (P. malariae)",2010,22,0,"COL",NA,NA,NA,NA
"180","Malaria (P. malariae)",2010,23,0,"COL",NA,NA,NA,NA
"181","Malaria (P. malariae)",2010,24,2,"COL",NA,NA,NA,NA
"182","Malaria (P. malariae)",2010,25,2,"COL",NA,NA,NA,NA
"183","Malaria (P. malariae)",2010,26,0,"COL",NA,NA,NA,NA
"184","Malaria (P. malariae)",2010,27,0,"COL",NA,NA,NA,NA
"185","Malaria (P. malariae)",2010,28,1,"COL",NA,NA,NA,NA
"186","Malaria (P. malariae)",2010,29,1,"COL",NA,NA,NA,NA
"187","Malaria (P. malariae)",2010,30,1,"COL",NA,NA,NA,NA
"188","Malaria (P. malariae)",2010,31,1,"COL",NA,NA,NA,NA
"189","Malaria (P. malariae)",2010,32,1,"COL",NA,NA,NA,NA
"190","Malaria (P. malariae)",2010,33,1,"COL",NA,NA,NA,NA
"191","Malaria (P. malariae)",2010,34,2,"COL",NA,NA,NA,NA
"192","Malaria (P. malariae)",2010,35,0,"COL",NA,NA,NA,NA
"193","Malaria (P. malariae)",2010,36,0,"COL",NA,NA,NA,NA
"194","Malaria (P. malariae)",2010,37,0,"COL",NA,NA,NA,NA
"195","Malaria (P. malariae)",2010,38,2,"COL",NA,NA,NA,NA
"196","Malaria (P. malariae)",2010,39,1,"COL",NA,NA,NA,NA
"197","Malaria (P. malariae)",2010,40,0,"COL",NA,NA,NA,NA
"198","Malaria (P. malariae)",2010,41,0,"COL",NA,NA,NA,NA
"199","Malaria (P. malariae)",2010,42,0,"COL",NA,NA,NA,NA
"200","Malaria (P. malariae)",2010,43,0,"COL",NA,NA,NA,NA
"201","Malaria (P. malariae)",2010,44,0,"COL",NA,NA,NA,NA
"202","Malaria (P. malariae)",2010,45,1,"COL",NA,NA,NA,NA
"203","Malaria (P. malariae)",2010,46,2,"COL",NA,NA,NA,NA
"204","Malaria (P. malariae)",2010,47,2,"COL",NA,NA,NA,NA
"205","Malaria (P. malariae)",2010,48,0,"COL",NA,NA,NA,NA
"206","Malaria (P. malariae)",2010,49,0,"COL",NA,NA,NA,NA
"207","Malaria (P. malariae)",2010,50,0,"COL",NA,NA,NA,NA
"208","Malaria (P. malariae)",2010,51,1,"COL",NA,NA,NA,NA
"209","Malaria (P. malariae)",2010,52,0,"COL",NA,NA,NA,NA
"210","Malaria (P. malariae)",2011,1,0,"COL",NA,NA,NA,NA
"211","Malaria (P. malariae)",2011,2,1,"COL",NA,NA,NA,NA
"212","Malaria (P. malariae)",2011,3,0,"COL",NA,NA,NA,NA
"213","Malaria (P. malariae)",2011,4,0,"COL",NA,NA,NA,NA
"214","Malaria (P. malariae)",2011,5,0,"COL",NA,NA,NA,NA
"215","Malaria (P. malariae)",2011,6,0,"COL",NA,NA,NA,NA
"216","Malaria (P. malariae)",2011,7,0,"COL",NA,NA,NA,NA
"217","Malaria (P. malariae)",2011,8,1,"COL",NA,NA,NA,NA
"218","Malaria (P. malariae)",2011,9,1,"COL",NA,NA,NA,NA
"219","Malaria (P. malariae)",2011,10,0,"COL",NA,NA,NA,NA
"220","Malaria (P. malariae)",2011,11,1,"COL",NA,NA,NA,NA
"221","Malaria (P. malariae)",2011,12,0,"COL",NA,NA,NA,NA
"222","Malaria (P. malariae)",2011,13,0,"COL",NA,NA,NA,NA
"223","Malaria (P. malariae)",2011,14,0,"COL",NA,NA,NA,NA
"224","Malaria (P. malariae)",2011,15,0,"COL",NA,NA,NA,NA
"225","Malaria (P. malariae)",2011,16,0,"COL",NA,NA,NA,NA
"226","Malaria (P. malariae)",2011,17,0,"COL",NA,NA,NA,NA
"227","Malaria (P. malariae)",2011,18,0,"COL",NA,NA,NA,NA
"228","Malaria (P. malariae)",2011,19,0,"COL",NA,NA,NA,NA
"229","Malaria (P. malariae)",2011,20,0,"COL",NA,NA,NA,NA
"230","Malaria (P. malariae)",2011,21,0,"COL",NA,NA,NA,NA
"231","Malaria (P. malariae)",2011,22,0,"COL",NA,NA,NA,NA
"232","Malaria (P. malariae)",2011,23,0,"COL",NA,NA,NA,NA
"233","Malaria (P. malariae)",2011,24,0,"COL",NA,NA,NA,NA
"234","Malaria (P. malariae)",2011,25,2,"COL",NA,NA,NA,NA
"235","Malaria (P. malariae)",2011,26,1,"COL",NA,NA,NA,NA
"236","Malaria (P. malariae)",2011,27,0,"COL",NA,NA,NA,NA
"237","Malaria (P. malariae)",2011,28,0,"COL",NA,NA,NA,NA
"238","Malaria (P. malariae)",2011,29,1,"COL",NA,NA,NA,NA
"239","Malaria (P. malariae)",2011,30,0,"COL",NA,NA,NA,NA
"240","Malaria (P. malariae)",2011,31,1,"COL",NA,NA,NA,NA
"241","Malaria (P. malariae)",2011,32,1,"COL",NA,NA,NA,NA
"242","Malaria (P. malariae)",2011,33,0,"COL",NA,NA,NA,NA
"243","Malaria (P. malariae)",2011,34,0,"COL",NA,NA,NA,NA
"244","Malaria (P. malariae)",2011,35,1,"COL",NA,NA,NA,NA
"245","Malaria (P. malariae)",2011,36,1,"COL",NA,NA,NA,NA
"246","Malaria (P. malariae)",2011,37,1,"COL",NA,NA,NA,NA
"247","Malaria (P. malariae)",2011,38,0,"COL",NA,NA,NA,NA
"248","Malaria (P. malariae)",2011,39,0,"COL",NA,NA,NA,NA
"249","Malaria (P. malariae)",2011,40,0,"COL",NA,NA,NA,NA
"250","Malaria (P. malariae)",2011,41,1,"COL",NA,NA,NA,NA
"251","Malaria (P. malariae)",2011,42,0,"COL",NA,NA,NA,NA
"252","Malaria (P. malariae)",2011,43,0,"COL",NA,NA,NA,NA
"253","Malaria (P. malariae)",2011,44,0,"COL",NA,NA,NA,NA
"254","Malaria (P. malariae)",2011,45,0,"COL",NA,NA,NA,NA
"255","Malaria (P. malariae)",2011,46,0,"COL",NA,NA,NA,NA
"256","Malaria (P. malariae)",2011,47,1,"COL",NA,NA,NA,NA
"257","Malaria (P. malariae)",2011,48,0,"COL",NA,NA,NA,NA
"258","Malaria (P. malariae)",2011,49,0,"COL",NA,NA,NA,NA
"259","Malaria (P. malariae)",2011,50,0,"COL",NA,NA,NA,NA
"260","Malaria (P. malariae)",2011,51,1,"COL",NA,NA,NA,NA
"261","Malaria (P. malariae)",2011,52,1,"COL",NA,NA,NA,NA
"262","Malaria (P. malariae)",2012,1,0,"COL",NA,NA,NA,NA
"263","Malaria (P. malariae)",2012,2,0,"COL",NA,NA,NA,NA
"264","Malaria (P. malariae)",2012,3,1,"COL",NA,NA,NA,NA
"265","Malaria (P. malariae)",2012,4,0,"COL",NA,NA,NA,NA
"266","Malaria (P. malariae)",2012,5,0,"COL",NA,NA,NA,NA
"267","Malaria (P. malariae)",2012,6,0,"COL",NA,NA,NA,NA
"268","Malaria (P. malariae)",2012,7,0,"COL",NA,NA,NA,NA
"269","Malaria (P. malariae)",2012,8,0,"COL",NA,NA,NA,NA
"270","Malaria (P. malariae)",2012,9,1,"COL",NA,NA,NA,NA
"271","Malaria (P. malariae)",2012,10,0,"COL",NA,NA,NA,NA
"272","Malaria (P. malariae)",2012,11,1,"COL",NA,NA,NA,NA
"273","Malaria (P. malariae)",2012,12,0,"COL",NA,NA,NA,NA
"274","Malaria (P. malariae)",2012,13,0,"COL",NA,NA,NA,NA
"275","Malaria (P. malariae)",2012,14,0,"COL",NA,NA,NA,NA
"276","Malaria (P. malariae)",2012,15,0,"COL",NA,NA,NA,NA
"277","Malaria (P. malariae)",2012,16,0,"COL",NA,NA,NA,NA
"278","Malaria (P. malariae)",2012,17,0,"COL",NA,NA,NA,NA
"279","Malaria (P. malariae)",2012,18,0,"COL",NA,NA,NA,NA
"280","Malaria (P. malariae)",2012,19,0,"COL",NA,NA,NA,NA
"281","Malaria (P. malariae)",2012,20,0,"COL",NA,NA,NA,NA
"282","Malaria (P. malariae)",2012,21,0,"COL",NA,NA,NA,NA
"283","Malaria (P. malariae)",2012,22,0,"COL",NA,NA,NA,NA
"284","Malaria (P. malariae)",2012,23,0,"COL",NA,NA,NA,NA
"285","Malaria (P. malariae)",2012,24,0,"COL",NA,NA,NA,NA
"286","Malaria (P. malariae)",2012,25,0,"COL",NA,NA,NA,NA
"287","Malaria (P. malariae)",2012,26,1,"COL",NA,NA,NA,NA
"288","Malaria (P. malariae)",2012,27,0,"COL",NA,NA,NA,NA
"289","Malaria (P. malariae)",2012,28,0,"COL",NA,NA,NA,NA
"290","Malaria (P. malariae)",2012,29,1,"COL",NA,NA,NA,NA
"291","Malaria (P. malariae)",2012,30,1,"COL",NA,NA,NA,NA
"292","Malaria (P. malariae)",2012,31,0,"COL",NA,NA,NA,NA
"293","Malaria (P. malariae)",2012,32,0,"COL",NA,NA,NA,NA
"294","Malaria (P. malariae)",2012,33,0,"COL",NA,NA,NA,NA
"295","Malaria (P. malariae)",2012,34,0,"COL",NA,NA,NA,NA
"296","Malaria (P. malariae)",2012,35,2,"COL",NA,NA,NA,NA
"297","Malaria (P. malariae)",2012,36,0,"COL",NA,NA,NA,NA
"298","Malaria (P. malariae)",2012,37,0,"COL",NA,NA,NA,NA
"299","Malaria (P. malariae)",2012,38,0,"COL",NA,NA,NA,NA
"300","Malaria (P. malariae)",2012,39,0,"COL",NA,NA,NA,NA
"301","Malaria (P. malariae)",2012,40,0,"COL",NA,NA,NA,NA
"302","Malaria (P. malariae)",2012,41,0,"COL",NA,NA,NA,NA
"303","Malaria (P. malariae)",2012,42,0,"COL",NA,NA,NA,NA
"304","Malaria (P. malariae)",2012,43,0,"COL",NA,NA,NA,NA
"305","Malaria (P. malariae)",2012,44,0,"COL",NA,NA,NA,NA
"306","Malaria (P. malariae)",2012,45,0,"COL",NA,NA,NA,NA
"307","Malaria (P. malariae)",2012,46,0,"COL",NA,NA,NA,NA
"308","Malaria (P. malariae)",2012,47,0,"COL",NA,NA,NA,NA
"309","Malaria (P. malariae)",2012,48,0,"COL",NA,NA,NA,NA
"310","Malaria (P. malariae)",2012,49,0,"COL",NA,NA,NA,NA
"311","Malaria (P. malariae)",2012,50,0,"COL",NA,NA,NA,NA
"312","Malaria (P. malariae)",2012,51,0,"COL",NA,NA,NA,NA
"313","Malaria (P. malariae)",2012,52,1,"COL",NA,NA,NA,NA
"314","Malaria (P. malariae)",2013,1,1,"COL",NA,NA,NA,NA
"315","Malaria (P. malariae)",2013,2,0,"COL",NA,NA,NA,NA
"316","Malaria (P. malariae)",2013,3,2,"COL",NA,NA,NA,NA
"317","Malaria (P. malariae)",2013,4,1,"COL",NA,NA,NA,NA
"318","Malaria (P. malariae)",2013,5,1,"COL",NA,NA,NA,NA
"319","Malaria (P. malariae)",2013,6,0,"COL",NA,NA,NA,NA
"320","Malaria (P. malariae)",2013,7,1,"COL",NA,NA,NA,NA
"321","Malaria (P. malariae)",2013,8,1,"COL",NA,NA,NA,NA
"322","Malaria (P. malariae)",2013,9,0,"COL",NA,NA,NA,NA
"323","Malaria (P. malariae)",2013,10,1,"COL",NA,NA,NA,NA
"324","Malaria (P. malariae)",2013,11,1,"COL",NA,NA,NA,NA
"325","Malaria (P. malariae)",2013,12,1,"COL",NA,NA,NA,NA
"326","Malaria (P. malariae)",2013,13,0,"COL",NA,NA,NA,NA
"327","Malaria (P. malariae)",2013,14,0,"COL",NA,NA,NA,NA
"328","Malaria (P. malariae)",2013,15,0,"COL",NA,NA,NA,NA
"329","Malaria (P. malariae)",2013,16,1,"COL",NA,NA,NA,NA
"330","Malaria (P. malariae)",2013,17,1,"COL",NA,NA,NA,NA
"331","Malaria (P. malariae)",2013,18,0,"COL",NA,NA,NA,NA
"332","Malaria (P. malariae)",2013,19,0,"COL",NA,NA,NA,NA
"333","Malaria (P. malariae)",2013,20,0,"COL",NA,NA,NA,NA
"334","Malaria (P. malariae)",2013,21,0,"COL",NA,NA,NA,NA
"335","Malaria (P. malariae)",2013,22,0,"COL",NA,NA,NA,NA
"336","Malaria (P. malariae)",2013,23,0,"COL",NA,NA,NA,NA
"337","Malaria (P. malariae)",2013,24,2,"COL",NA,NA,NA,NA
"338","Malaria (P. malariae)",2013,25,0,"COL",NA,NA,NA,NA
"339","Malaria (P. malariae)",2013,26,1,"COL",NA,NA,NA,NA
"340","Malaria (P. malariae)",2013,27,0,"COL",NA,NA,NA,NA
"341","Malaria (P. malariae)",2013,28,0,"COL",NA,NA,NA,NA
"342","Malaria (P. malariae)",2013,29,0,"COL",NA,NA,NA,NA
"343","Malaria (P. malariae)",2013,30,0,"COL",NA,NA,NA,NA
"344","Malaria (P. malariae)",2013,31,0,"COL",NA,NA,NA,NA
"345","Malaria (P. malariae)",2013,32,1,"COL",NA,NA,NA,NA
"346","Malaria (P. malariae)",2013,33,1,"COL",NA,NA,NA,NA
"347","Malaria (P. malariae)",2013,34,0,"COL",NA,NA,NA,NA
"348","Malaria (P. malariae)",2013,35,0,"COL",NA,NA,NA,NA
"349","Malaria (P. malariae)",2013,36,0,"COL",NA,NA,NA,NA
"350","Malaria (P. malariae)",2013,37,0,"COL",NA,NA,NA,NA
"351","Malaria (P. malariae)",2013,38,0,"COL",NA,NA,NA,NA
"352","Malaria (P. malariae)",2013,39,0,"COL",NA,NA,NA,NA
"353","Malaria (P. malariae)",2013,40,0,"COL",NA,NA,NA,NA
"354","Malaria (P. malariae)",2013,41,0,"COL",NA,NA,NA,NA
"355","Malaria (P. malariae)",2013,42,0,"COL",NA,NA,NA,NA
"356","Malaria (P. malariae)",2013,43,0,"COL",NA,NA,NA,NA
"357","Malaria (P. malariae)",2013,44,0,"COL",NA,NA,NA,NA
"358","Malaria (P. malariae)",2013,45,0,"COL",NA,NA,NA,NA
"359","Malaria (P. malariae)",2013,46,0,"COL",NA,NA,NA,NA
"360","Malaria (P. malariae)",2013,47,0,"COL",NA,NA,NA,NA
"361","Malaria (P. malariae)",2013,48,0,"COL",NA,NA,NA,NA
"362","Malaria (P. malariae)",2013,49,0,"COL",NA,NA,NA,NA
"363","Malaria (P. malariae)",2013,50,1,"COL",NA,NA,NA,NA
"364","Malaria (P. malariae)",2013,51,0,"COL",NA,NA,NA,NA
"365","Malaria (P. malariae)",2013,52,0,"COL",NA,NA,NA,NA
"366","Malaria (P. malariae)",2014,1,0,"COL",NA,NA,NA,NA
"367","Malaria (P. malariae)",2014,2,0,"COL",NA,NA,NA,NA
"368","Malaria (P. malariae)",2014,3,0,"COL",NA,NA,NA,NA
"369","Malaria (P. malariae)",2014,4,0,"COL",NA,NA,NA,NA
"370","Malaria (P. malariae)",2014,5,0,"COL",NA,NA,NA,NA
"371","Malaria (P. malariae)",2014,6,0,"COL",NA,NA,NA,NA
"372","Malaria (P. malariae)",2014,7,0,"COL",NA,NA,NA,NA
"373","Malaria (P. malariae)",2014,8,0,"COL",NA,NA,NA,NA
"374","Malaria (P. malariae)",2014,9,2,"COL",NA,NA,NA,NA
"375","Malaria (P. malariae)",2014,10,0,"COL",NA,NA,NA,NA
"376","Malaria (P. malariae)",2014,11,0,"COL",NA,NA,NA,NA
"377","Malaria (P. malariae)",2014,12,0,"COL",NA,NA,NA,NA
"378","Malaria (P. malariae)",2014,13,0,"COL",NA,NA,NA,NA
"379","Malaria (P. malariae)",2014,14,0,"COL",NA,NA,NA,NA
"380","Malaria (P. malariae)",2014,15,0,"COL",NA,NA,NA,NA
"381","Malaria (P. malariae)",2014,16,0,"COL",NA,NA,NA,NA
"382","Malaria (P. malariae)",2014,17,0,"COL",NA,NA,NA,NA
"383","Malaria (P. malariae)",2014,18,0,"COL",NA,NA,NA,NA
"384","Malaria (P. malariae)",2014,19,1,"COL",NA,NA,NA,NA
"385","Malaria (P. malariae)",2014,20,0,"COL",NA,NA,NA,NA
"386","Malaria (P. malariae)",2014,21,0,"COL",NA,NA,NA,NA
"387","Malaria (P. malariae)",2014,22,0,"COL",NA,NA,NA,NA
"388","Malaria (P. malariae)",2014,23,0,"COL",NA,NA,NA,NA
"389","Malaria (P. malariae)",2014,24,0,"COL",NA,NA,NA,NA
"390","Malaria (P. malariae)",2014,25,0,"COL",NA,NA,NA,NA
"391","Malaria (P. malariae)",2014,26,1,"COL",NA,NA,NA,NA
"392","Malaria (P. malariae)",2014,27,0,"COL",NA,NA,NA,NA
"393","Malaria (P. malariae)",2014,28,0,"COL",NA,NA,NA,NA
"394","Malaria (P. malariae)",2014,29,0,"COL",NA,NA,NA,NA
"395","Malaria (P. malariae)",2014,30,0,"COL",NA,NA,NA,NA
"396","Malaria (P. malariae)",2014,31,0,"COL",NA,NA,NA,NA
"397","Malaria (P. malariae)",2014,32,0,"COL",NA,NA,NA,NA
"398","Malaria (P. malariae)",2014,33,0,"COL",NA,NA,NA,NA
"399","Malaria (P. malariae)",2014,34,0,"COL",NA,NA,NA,NA
"400","Malaria (P. malariae)",2014,35,0,"COL",NA,NA,NA,NA
"401","Malaria (P. malariae)",2014,36,0,"COL",NA,NA,NA,NA
"402","Malaria (P. malariae)",2014,37,0,"COL",NA,NA,NA,NA
"403","Malaria (P. malariae)",2014,38,0,"COL",NA,NA,NA,NA
"404","Malaria (P. malariae)",2014,39,0,"COL",NA,NA,NA,NA
"405","Malaria (P. malariae)",2014,40,1,"COL",NA,NA,NA,NA
"406","Malaria (P. malariae)",2014,41,1,"COL",NA,NA,NA,NA
"407","Malaria (P. malariae)",2014,42,0,"COL",NA,NA,NA,NA
"408","Malaria (P. malariae)",2014,43,0,"COL",NA,NA,NA,NA
"409","Malaria (P. malariae)",2014,44,0,"COL",NA,NA,NA,NA
"410","Malaria (P. malariae)",2014,45,0,"COL",NA,NA,NA,NA
"411","Malaria (P. malariae)",2014,46,0,"COL",NA,NA,NA,NA
"412","Malaria (P. malariae)",2014,47,0,"COL",NA,NA,NA,NA
"413","Malaria (P. malariae)",2014,48,0,"COL",NA,NA,NA,NA
"414","Malaria (P. malariae)",2014,49,0,"COL",NA,NA,NA,NA
"415","Malaria (P. malariae)",2014,50,0,"COL",NA,NA,NA,NA
"416","Malaria (P. malariae)",2014,51,0,"COL",NA,NA,NA,NA
"417","Malaria (P. malariae)",2014,52,0,"COL",NA,NA,NA,NA
"418","Malaria (P. malariae)",2014,53,0,"COL",NA,NA,NA,NA
