"","Disease","EpiYear","EpiWeek","Incidence","ADM0","ADM1","ADM2","NA","NA"
"1","Malaria (P. falciparum)",2007,1,378,"COL",NA,NA,NA,NA
"2","Malaria (P. falciparum)",2007,2,349,"COL",NA,NA,NA,NA
"3","Malaria (P. falciparum)",2007,3,402,"COL",NA,NA,NA,NA
"4","Malaria (P. falciparum)",2007,4,444,"COL",NA,NA,NA,NA
"5","Malaria (P. falciparum)",2007,5,533,"COL",NA,NA,NA,NA
"6","Malaria (P. falciparum)",2007,6,507,"COL",NA,NA,NA,NA
"7","Malaria (P. falciparum)",2007,7,469,"COL",NA,NA,NA,NA
"8","Malaria (P. falciparum)",2007,8,491,"COL",NA,NA,NA,NA
"9","Malaria (P. falciparum)",2007,9,556,"COL",NA,NA,NA,NA
"10","Malaria (P. falciparum)",2007,10,576,"COL",NA,NA,NA,NA
"11","Malaria (P. falciparum)",2007,11,556,"COL",NA,NA,NA,NA
"12","Malaria (P. falciparum)",2007,12,591,"COL",NA,NA,NA,NA
"13","Malaria (P. falciparum)",2007,13,181,"COL",NA,NA,NA,NA
"14","Malaria (P. falciparum)",2007,14,152,"COL",NA,NA,NA,NA
"15","Malaria (P. falciparum)",2007,15,188,"COL",NA,NA,NA,NA
"16","Malaria (P. falciparum)",2007,16,344,"COL",NA,NA,NA,NA
"17","Malaria (P. falciparum)",2007,17,282,"COL",NA,NA,NA,NA
"18","Malaria (P. falciparum)",2007,18,228,"COL",NA,NA,NA,NA
"19","Malaria (P. falciparum)",2007,19,316,"COL",NA,NA,NA,NA
"20","Malaria (P. falciparum)",2007,20,356,"COL",NA,NA,NA,NA
"21","Malaria (P. falciparum)",2007,21,340,"COL",NA,NA,NA,NA
"22","Malaria (P. falciparum)",2007,22,378,"COL",NA,NA,NA,NA
"23","Malaria (P. falciparum)",2007,23,336,"COL",NA,NA,NA,NA
"24","Malaria (P. falciparum)",2007,24,300,"COL",NA,NA,NA,NA
"25","Malaria (P. falciparum)",2007,25,352,"COL",NA,NA,NA,NA
"26","Malaria (P. falciparum)",2007,26,241,"COL",NA,NA,NA,NA
"27","Malaria (P. falciparum)",2007,27,310,"COL",NA,NA,NA,NA
"28","Malaria (P. falciparum)",2007,28,341,"COL",NA,NA,NA,NA
"29","Malaria (P. falciparum)",2007,29,283,"COL",NA,NA,NA,NA
"30","Malaria (P. falciparum)",2007,30,342,"COL",NA,NA,NA,NA
"31","Malaria (P. falciparum)",2007,31,267,"COL",NA,NA,NA,NA
"32","Malaria (P. falciparum)",2007,32,188,"COL",NA,NA,NA,NA
"33","Malaria (P. falciparum)",2007,33,209,"COL",NA,NA,NA,NA
"34","Malaria (P. falciparum)",2007,34,180,"COL",NA,NA,NA,NA
"35","Malaria (P. falciparum)",2007,35,194,"COL",NA,NA,NA,NA
"36","Malaria (P. falciparum)",2007,36,190,"COL",NA,NA,NA,NA
"37","Malaria (P. falciparum)",2007,37,185,"COL",NA,NA,NA,NA
"38","Malaria (P. falciparum)",2007,38,206,"COL",NA,NA,NA,NA
"39","Malaria (P. falciparum)",2007,39,172,"COL",NA,NA,NA,NA
"40","Malaria (P. falciparum)",2007,40,212,"COL",NA,NA,NA,NA
"41","Malaria (P. falciparum)",2007,41,165,"COL",NA,NA,NA,NA
"42","Malaria (P. falciparum)",2007,42,150,"COL",NA,NA,NA,NA
"43","Malaria (P. falciparum)",2007,43,135,"COL",NA,NA,NA,NA
"44","Malaria (P. falciparum)",2007,44,134,"COL",NA,NA,NA,NA
"45","Malaria (P. falciparum)",2007,45,115,"COL",NA,NA,NA,NA
"46","Malaria (P. falciparum)",2007,46,75,"COL",NA,NA,NA,NA
"47","Malaria (P. falciparum)",2007,47,130,"COL",NA,NA,NA,NA
"48","Malaria (P. falciparum)",2007,48,147,"COL",NA,NA,NA,NA
"49","Malaria (P. falciparum)",2007,49,153,"COL",NA,NA,NA,NA
"50","Malaria (P. falciparum)",2007,50,146,"COL",NA,NA,NA,NA
"51","Malaria (P. falciparum)",2007,51,102,"COL",NA,NA,NA,NA
"52","Malaria (P. falciparum)",2007,52,119,"COL",NA,NA,NA,NA
"53","Malaria (P. falciparum)",2008,1,255,"COL",NA,NA,NA,NA
"54","Malaria (P. falciparum)",2008,2,315,"COL",NA,NA,NA,NA
"55","Malaria (P. falciparum)",2008,3,352,"COL",NA,NA,NA,NA
"56","Malaria (P. falciparum)",2008,4,278,"COL",NA,NA,NA,NA
"57","Malaria (P. falciparum)",2008,5,237,"COL",NA,NA,NA,NA
"58","Malaria (P. falciparum)",2008,6,320,"COL",NA,NA,NA,NA
"59","Malaria (P. falciparum)",2008,7,292,"COL",NA,NA,NA,NA
"60","Malaria (P. falciparum)",2008,8,276,"COL",NA,NA,NA,NA
"61","Malaria (P. falciparum)",2008,9,302,"COL",NA,NA,NA,NA
"62","Malaria (P. falciparum)",2008,10,335,"COL",NA,NA,NA,NA
"63","Malaria (P. falciparum)",2008,11,348,"COL",NA,NA,NA,NA
"64","Malaria (P. falciparum)",2008,12,263,"COL",NA,NA,NA,NA
"65","Malaria (P. falciparum)",2008,13,330,"COL",NA,NA,NA,NA
"66","Malaria (P. falciparum)",2008,14,419,"COL",NA,NA,NA,NA
"67","Malaria (P. falciparum)",2008,15,485,"COL",NA,NA,NA,NA
"68","Malaria (P. falciparum)",2008,16,473,"COL",NA,NA,NA,NA
"69","Malaria (P. falciparum)",2008,17,471,"COL",NA,NA,NA,NA
"70","Malaria (P. falciparum)",2008,18,430,"COL",NA,NA,NA,NA
"71","Malaria (P. falciparum)",2008,19,510,"COL",NA,NA,NA,NA
"72","Malaria (P. falciparum)",2008,20,463,"COL",NA,NA,NA,NA
"73","Malaria (P. falciparum)",2008,21,348,"COL",NA,NA,NA,NA
"74","Malaria (P. falciparum)",2008,22,411,"COL",NA,NA,NA,NA
"75","Malaria (P. falciparum)",2008,23,447,"COL",NA,NA,NA,NA
"76","Malaria (P. falciparum)",2008,24,382,"COL",NA,NA,NA,NA
"77","Malaria (P. falciparum)",2008,25,305,"COL",NA,NA,NA,NA
"78","Malaria (P. falciparum)",2008,26,293,"COL",NA,NA,NA,NA
"79","Malaria (P. falciparum)",2008,27,336,"COL",NA,NA,NA,NA
"80","Malaria (P. falciparum)",2008,28,368,"COL",NA,NA,NA,NA
"81","Malaria (P. falciparum)",2008,29,371,"COL",NA,NA,NA,NA
"82","Malaria (P. falciparum)",2008,30,336,"COL",NA,NA,NA,NA
"83","Malaria (P. falciparum)",2008,31,277,"COL",NA,NA,NA,NA
"84","Malaria (P. falciparum)",2008,32,307,"COL",NA,NA,NA,NA
"85","Malaria (P. falciparum)",2008,33,315,"COL",NA,NA,NA,NA
"86","Malaria (P. falciparum)",2008,34,314,"COL",NA,NA,NA,NA
"87","Malaria (P. falciparum)",2008,35,243,"COL",NA,NA,NA,NA
"88","Malaria (P. falciparum)",2008,36,220,"COL",NA,NA,NA,NA
"89","Malaria (P. falciparum)",2008,37,248,"COL",NA,NA,NA,NA
"90","Malaria (P. falciparum)",2008,38,312,"COL",NA,NA,NA,NA
"91","Malaria (P. falciparum)",2008,39,213,"COL",NA,NA,NA,NA
"92","Malaria (P. falciparum)",2008,40,233,"COL",NA,NA,NA,NA
"93","Malaria (P. falciparum)",2008,41,269,"COL",NA,NA,NA,NA
"94","Malaria (P. falciparum)",2008,42,221,"COL",NA,NA,NA,NA
"95","Malaria (P. falciparum)",2008,43,235,"COL",NA,NA,NA,NA
"96","Malaria (P. falciparum)",2008,44,249,"COL",NA,NA,NA,NA
"97","Malaria (P. falciparum)",2008,45,202,"COL",NA,NA,NA,NA
"98","Malaria (P. falciparum)",2008,46,238,"COL",NA,NA,NA,NA
"99","Malaria (P. falciparum)",2008,47,247,"COL",NA,NA,NA,NA
"100","Malaria (P. falciparum)",2008,48,214,"COL",NA,NA,NA,NA
"101","Malaria (P. falciparum)",2008,49,251,"COL",NA,NA,NA,NA
"102","Malaria (P. falciparum)",2008,50,269,"COL",NA,NA,NA,NA
"103","Malaria (P. falciparum)",2008,51,248,"COL",NA,NA,NA,NA
"104","Malaria (P. falciparum)",2008,52,166,"COL",NA,NA,NA,NA
"105","Malaria (P. falciparum)",2008,53,170,"COL",NA,NA,NA,NA
"106","Malaria (P. falciparum)",2009,1,303,"COL",NA,NA,NA,NA
"107","Malaria (P. falciparum)",2009,2,342,"COL",NA,NA,NA,NA
"108","Malaria (P. falciparum)",2009,3,371,"COL",NA,NA,NA,NA
"109","Malaria (P. falciparum)",2009,4,364,"COL",NA,NA,NA,NA
"110","Malaria (P. falciparum)",2009,5,419,"COL",NA,NA,NA,NA
"111","Malaria (P. falciparum)",2009,6,404,"COL",NA,NA,NA,NA
"112","Malaria (P. falciparum)",2009,7,366,"COL",NA,NA,NA,NA
"113","Malaria (P. falciparum)",2009,8,391,"COL",NA,NA,NA,NA
"114","Malaria (P. falciparum)",2009,9,499,"COL",NA,NA,NA,NA
"115","Malaria (P. falciparum)",2009,10,406,"COL",NA,NA,NA,NA
"116","Malaria (P. falciparum)",2009,11,437,"COL",NA,NA,NA,NA
"117","Malaria (P. falciparum)",2009,12,364,"COL",NA,NA,NA,NA
"118","Malaria (P. falciparum)",2009,13,403,"COL",NA,NA,NA,NA
"119","Malaria (P. falciparum)",2009,14,384,"COL",NA,NA,NA,NA
"120","Malaria (P. falciparum)",2009,15,440,"COL",NA,NA,NA,NA
"121","Malaria (P. falciparum)",2009,16,350,"COL",NA,NA,NA,NA
"122","Malaria (P. falciparum)",2009,17,422,"COL",NA,NA,NA,NA
"123","Malaria (P. falciparum)",2009,18,435,"COL",NA,NA,NA,NA
"124","Malaria (P. falciparum)",2009,19,437,"COL",NA,NA,NA,NA
"125","Malaria (P. falciparum)",2009,20,502,"COL",NA,NA,NA,NA
"126","Malaria (P. falciparum)",2009,21,321,"COL",NA,NA,NA,NA
"127","Malaria (P. falciparum)",2009,22,528,"COL",NA,NA,NA,NA
"128","Malaria (P. falciparum)",2009,23,482,"COL",NA,NA,NA,NA
"129","Malaria (P. falciparum)",2009,24,446,"COL",NA,NA,NA,NA
"130","Malaria (P. falciparum)",2009,25,448,"COL",NA,NA,NA,NA
"131","Malaria (P. falciparum)",2009,26,476,"COL",NA,NA,NA,NA
"132","Malaria (P. falciparum)",2009,27,441,"COL",NA,NA,NA,NA
"133","Malaria (P. falciparum)",2009,28,401,"COL",NA,NA,NA,NA
"134","Malaria (P. falciparum)",2009,29,403,"COL",NA,NA,NA,NA
"135","Malaria (P. falciparum)",2009,30,474,"COL",NA,NA,NA,NA
"136","Malaria (P. falciparum)",2009,31,474,"COL",NA,NA,NA,NA
"137","Malaria (P. falciparum)",2009,32,379,"COL",NA,NA,NA,NA
"138","Malaria (P. falciparum)",2009,33,343,"COL",NA,NA,NA,NA
"139","Malaria (P. falciparum)",2009,34,428,"COL",NA,NA,NA,NA
"140","Malaria (P. falciparum)",2009,35,391,"COL",NA,NA,NA,NA
"141","Malaria (P. falciparum)",2009,36,497,"COL",NA,NA,NA,NA
"142","Malaria (P. falciparum)",2009,37,376,"COL",NA,NA,NA,NA
"143","Malaria (P. falciparum)",2009,38,442,"COL",NA,NA,NA,NA
"144","Malaria (P. falciparum)",2009,39,391,"COL",NA,NA,NA,NA
"145","Malaria (P. falciparum)",2009,40,487,"COL",NA,NA,NA,NA
"146","Malaria (P. falciparum)",2009,41,431,"COL",NA,NA,NA,NA
"147","Malaria (P. falciparum)",2009,42,497,"COL",NA,NA,NA,NA
"148","Malaria (P. falciparum)",2009,43,397,"COL",NA,NA,NA,NA
"149","Malaria (P. falciparum)",2009,44,424,"COL",NA,NA,NA,NA
"150","Malaria (P. falciparum)",2009,45,401,"COL",NA,NA,NA,NA
"151","Malaria (P. falciparum)",2009,46,386,"COL",NA,NA,NA,NA
"152","Malaria (P. falciparum)",2009,47,361,"COL",NA,NA,NA,NA
"153","Malaria (P. falciparum)",2009,48,380,"COL",NA,NA,NA,NA
"154","Malaria (P. falciparum)",2009,49,436,"COL",NA,NA,NA,NA
"155","Malaria (P. falciparum)",2009,50,396,"COL",NA,NA,NA,NA
"156","Malaria (P. falciparum)",2009,51,342,"COL",NA,NA,NA,NA
"157","Malaria (P. falciparum)",2009,52,332,"COL",NA,NA,NA,NA
"158","Malaria (P. falciparum)",2010,1,594,"COL",NA,NA,NA,NA
"159","Malaria (P. falciparum)",2010,2,525,"COL",NA,NA,NA,NA
"160","Malaria (P. falciparum)",2010,3,644,"COL",NA,NA,NA,NA
"161","Malaria (P. falciparum)",2010,4,632,"COL",NA,NA,NA,NA
"162","Malaria (P. falciparum)",2010,5,852,"COL",NA,NA,NA,NA
"163","Malaria (P. falciparum)",2010,6,996,"COL",NA,NA,NA,NA
"164","Malaria (P. falciparum)",2010,7,1025,"COL",NA,NA,NA,NA
"165","Malaria (P. falciparum)",2010,8,972,"COL",NA,NA,NA,NA
"166","Malaria (P. falciparum)",2010,9,1007,"COL",NA,NA,NA,NA
"167","Malaria (P. falciparum)",2010,10,962,"COL",NA,NA,NA,NA
"168","Malaria (P. falciparum)",2010,11,1090,"COL",NA,NA,NA,NA
"169","Malaria (P. falciparum)",2010,12,1061,"COL",NA,NA,NA,NA
"170","Malaria (P. falciparum)",2010,13,995,"COL",NA,NA,NA,NA
"171","Malaria (P. falciparum)",2010,14,1268,"COL",NA,NA,NA,NA
"172","Malaria (P. falciparum)",2010,15,1146,"COL",NA,NA,NA,NA
"173","Malaria (P. falciparum)",2010,16,1119,"COL",NA,NA,NA,NA
"174","Malaria (P. falciparum)",2010,17,1112,"COL",NA,NA,NA,NA
"175","Malaria (P. falciparum)",2010,18,1141,"COL",NA,NA,NA,NA
"176","Malaria (P. falciparum)",2010,19,1198,"COL",NA,NA,NA,NA
"177","Malaria (P. falciparum)",2010,20,1156,"COL",NA,NA,NA,NA
"178","Malaria (P. falciparum)",2010,21,1043,"COL",NA,NA,NA,NA
"179","Malaria (P. falciparum)",2010,22,930,"COL",NA,NA,NA,NA
"180","Malaria (P. falciparum)",2010,23,961,"COL",NA,NA,NA,NA
"181","Malaria (P. falciparum)",2010,24,801,"COL",NA,NA,NA,NA
"182","Malaria (P. falciparum)",2010,25,724,"COL",NA,NA,NA,NA
"183","Malaria (P. falciparum)",2010,26,576,"COL",NA,NA,NA,NA
"184","Malaria (P. falciparum)",2010,27,538,"COL",NA,NA,NA,NA
"185","Malaria (P. falciparum)",2010,28,542,"COL",NA,NA,NA,NA
"186","Malaria (P. falciparum)",2010,29,570,"COL",NA,NA,NA,NA
"187","Malaria (P. falciparum)",2010,30,524,"COL",NA,NA,NA,NA
"188","Malaria (P. falciparum)",2010,31,526,"COL",NA,NA,NA,NA
"189","Malaria (P. falciparum)",2010,32,522,"COL",NA,NA,NA,NA
"190","Malaria (P. falciparum)",2010,33,487,"COL",NA,NA,NA,NA
"191","Malaria (P. falciparum)",2010,34,368,"COL",NA,NA,NA,NA
"192","Malaria (P. falciparum)",2010,35,311,"COL",NA,NA,NA,NA
"193","Malaria (P. falciparum)",2010,36,324,"COL",NA,NA,NA,NA
"194","Malaria (P. falciparum)",2010,37,318,"COL",NA,NA,NA,NA
"195","Malaria (P. falciparum)",2010,38,281,"COL",NA,NA,NA,NA
"196","Malaria (P. falciparum)",2010,39,232,"COL",NA,NA,NA,NA
"197","Malaria (P. falciparum)",2010,40,247,"COL",NA,NA,NA,NA
"198","Malaria (P. falciparum)",2010,41,277,"COL",NA,NA,NA,NA
"199","Malaria (P. falciparum)",2010,42,223,"COL",NA,NA,NA,NA
"200","Malaria (P. falciparum)",2010,43,235,"COL",NA,NA,NA,NA
"201","Malaria (P. falciparum)",2010,44,262,"COL",NA,NA,NA,NA
"202","Malaria (P. falciparum)",2010,45,221,"COL",NA,NA,NA,NA
"203","Malaria (P. falciparum)",2010,46,275,"COL",NA,NA,NA,NA
"204","Malaria (P. falciparum)",2010,47,210,"COL",NA,NA,NA,NA
"205","Malaria (P. falciparum)",2010,48,187,"COL",NA,NA,NA,NA
"206","Malaria (P. falciparum)",2010,49,191,"COL",NA,NA,NA,NA
"207","Malaria (P. falciparum)",2010,50,186,"COL",NA,NA,NA,NA
"208","Malaria (P. falciparum)",2010,51,166,"COL",NA,NA,NA,NA
"209","Malaria (P. falciparum)",2010,52,143,"COL",NA,NA,NA,NA
"210","Malaria (P. falciparum)",2011,1,198,"COL",NA,NA,NA,NA
"211","Malaria (P. falciparum)",2011,2,224,"COL",NA,NA,NA,NA
"212","Malaria (P. falciparum)",2011,3,210,"COL",NA,NA,NA,NA
"213","Malaria (P. falciparum)",2011,4,190,"COL",NA,NA,NA,NA
"214","Malaria (P. falciparum)",2011,5,216,"COL",NA,NA,NA,NA
"215","Malaria (P. falciparum)",2011,6,255,"COL",NA,NA,NA,NA
"216","Malaria (P. falciparum)",2011,7,260,"COL",NA,NA,NA,NA
"217","Malaria (P. falciparum)",2011,8,247,"COL",NA,NA,NA,NA
"218","Malaria (P. falciparum)",2011,9,268,"COL",NA,NA,NA,NA
"219","Malaria (P. falciparum)",2011,10,319,"COL",NA,NA,NA,NA
"220","Malaria (P. falciparum)",2011,11,297,"COL",NA,NA,NA,NA
"221","Malaria (P. falciparum)",2011,12,283,"COL",NA,NA,NA,NA
"222","Malaria (P. falciparum)",2011,13,298,"COL",NA,NA,NA,NA
"223","Malaria (P. falciparum)",2011,14,319,"COL",NA,NA,NA,NA
"224","Malaria (P. falciparum)",2011,15,357,"COL",NA,NA,NA,NA
"225","Malaria (P. falciparum)",2011,16,287,"COL",NA,NA,NA,NA
"226","Malaria (P. falciparum)",2011,17,285,"COL",NA,NA,NA,NA
"227","Malaria (P. falciparum)",2011,18,403,"COL",NA,NA,NA,NA
"228","Malaria (P. falciparum)",2011,19,471,"COL",NA,NA,NA,NA
"229","Malaria (P. falciparum)",2011,20,451,"COL",NA,NA,NA,NA
"230","Malaria (P. falciparum)",2011,21,374,"COL",NA,NA,NA,NA
"231","Malaria (P. falciparum)",2011,22,419,"COL",NA,NA,NA,NA
"232","Malaria (P. falciparum)",2011,23,406,"COL",NA,NA,NA,NA
"233","Malaria (P. falciparum)",2011,24,391,"COL",NA,NA,NA,NA
"234","Malaria (P. falciparum)",2011,25,380,"COL",NA,NA,NA,NA
"235","Malaria (P. falciparum)",2011,26,375,"COL",NA,NA,NA,NA
"236","Malaria (P. falciparum)",2011,27,443,"COL",NA,NA,NA,NA
"237","Malaria (P. falciparum)",2011,28,393,"COL",NA,NA,NA,NA
"238","Malaria (P. falciparum)",2011,29,349,"COL",NA,NA,NA,NA
"239","Malaria (P. falciparum)",2011,30,341,"COL",NA,NA,NA,NA
"240","Malaria (P. falciparum)",2011,31,321,"COL",NA,NA,NA,NA
"241","Malaria (P. falciparum)",2011,32,315,"COL",NA,NA,NA,NA
"242","Malaria (P. falciparum)",2011,33,396,"COL",NA,NA,NA,NA
"243","Malaria (P. falciparum)",2011,34,293,"COL",NA,NA,NA,NA
"244","Malaria (P. falciparum)",2011,35,352,"COL",NA,NA,NA,NA
"245","Malaria (P. falciparum)",2011,36,372,"COL",NA,NA,NA,NA
"246","Malaria (P. falciparum)",2011,37,298,"COL",NA,NA,NA,NA
"247","Malaria (P. falciparum)",2011,38,360,"COL",NA,NA,NA,NA
"248","Malaria (P. falciparum)",2011,39,380,"COL",NA,NA,NA,NA
"249","Malaria (P. falciparum)",2011,40,324,"COL",NA,NA,NA,NA
"250","Malaria (P. falciparum)",2011,41,335,"COL",NA,NA,NA,NA
"251","Malaria (P. falciparum)",2011,42,275,"COL",NA,NA,NA,NA
"252","Malaria (P. falciparum)",2011,43,259,"COL",NA,NA,NA,NA
"253","Malaria (P. falciparum)",2011,44,260,"COL",NA,NA,NA,NA
"254","Malaria (P. falciparum)",2011,45,217,"COL",NA,NA,NA,NA
"255","Malaria (P. falciparum)",2011,46,239,"COL",NA,NA,NA,NA
"256","Malaria (P. falciparum)",2011,47,245,"COL",NA,NA,NA,NA
"257","Malaria (P. falciparum)",2011,48,245,"COL",NA,NA,NA,NA
"258","Malaria (P. falciparum)",2011,49,203,"COL",NA,NA,NA,NA
"259","Malaria (P. falciparum)",2011,50,204,"COL",NA,NA,NA,NA
"260","Malaria (P. falciparum)",2011,51,134,"COL",NA,NA,NA,NA
"261","Malaria (P. falciparum)",2011,52,130,"COL",NA,NA,NA,NA
"262","Malaria (P. falciparum)",2012,1,227,"COL",NA,NA,NA,NA
"263","Malaria (P. falciparum)",2012,2,239,"COL",NA,NA,NA,NA
"264","Malaria (P. falciparum)",2012,3,267,"COL",NA,NA,NA,NA
"265","Malaria (P. falciparum)",2012,4,205,"COL",NA,NA,NA,NA
"266","Malaria (P. falciparum)",2012,5,235,"COL",NA,NA,NA,NA
"267","Malaria (P. falciparum)",2012,6,225,"COL",NA,NA,NA,NA
"268","Malaria (P. falciparum)",2012,7,229,"COL",NA,NA,NA,NA
"269","Malaria (P. falciparum)",2012,8,226,"COL",NA,NA,NA,NA
"270","Malaria (P. falciparum)",2012,9,250,"COL",NA,NA,NA,NA
"271","Malaria (P. falciparum)",2012,10,247,"COL",NA,NA,NA,NA
"272","Malaria (P. falciparum)",2012,11,191,"COL",NA,NA,NA,NA
"273","Malaria (P. falciparum)",2012,12,294,"COL",NA,NA,NA,NA
"274","Malaria (P. falciparum)",2012,13,264,"COL",NA,NA,NA,NA
"275","Malaria (P. falciparum)",2012,14,261,"COL",NA,NA,NA,NA
"276","Malaria (P. falciparum)",2012,15,281,"COL",NA,NA,NA,NA
"277","Malaria (P. falciparum)",2012,16,369,"COL",NA,NA,NA,NA
"278","Malaria (P. falciparum)",2012,17,319,"COL",NA,NA,NA,NA
"279","Malaria (P. falciparum)",2012,18,402,"COL",NA,NA,NA,NA
"280","Malaria (P. falciparum)",2012,19,284,"COL",NA,NA,NA,NA
"281","Malaria (P. falciparum)",2012,20,228,"COL",NA,NA,NA,NA
"282","Malaria (P. falciparum)",2012,21,268,"COL",NA,NA,NA,NA
"283","Malaria (P. falciparum)",2012,22,284,"COL",NA,NA,NA,NA
"284","Malaria (P. falciparum)",2012,23,272,"COL",NA,NA,NA,NA
"285","Malaria (P. falciparum)",2012,24,304,"COL",NA,NA,NA,NA
"286","Malaria (P. falciparum)",2012,25,321,"COL",NA,NA,NA,NA
"287","Malaria (P. falciparum)",2012,26,308,"COL",NA,NA,NA,NA
"288","Malaria (P. falciparum)",2012,27,460,"COL",NA,NA,NA,NA
"289","Malaria (P. falciparum)",2012,28,276,"COL",NA,NA,NA,NA
"290","Malaria (P. falciparum)",2012,29,245,"COL",NA,NA,NA,NA
"291","Malaria (P. falciparum)",2012,30,296,"COL",NA,NA,NA,NA
"292","Malaria (P. falciparum)",2012,31,310,"COL",NA,NA,NA,NA
"293","Malaria (P. falciparum)",2012,32,362,"COL",NA,NA,NA,NA
"294","Malaria (P. falciparum)",2012,33,314,"COL",NA,NA,NA,NA
"295","Malaria (P. falciparum)",2012,34,355,"COL",NA,NA,NA,NA
"296","Malaria (P. falciparum)",2012,35,262,"COL",NA,NA,NA,NA
"297","Malaria (P. falciparum)",2012,36,303,"COL",NA,NA,NA,NA
"298","Malaria (P. falciparum)",2012,37,256,"COL",NA,NA,NA,NA
"299","Malaria (P. falciparum)",2012,38,311,"COL",NA,NA,NA,NA
"300","Malaria (P. falciparum)",2012,39,330,"COL",NA,NA,NA,NA
"301","Malaria (P. falciparum)",2012,40,375,"COL",NA,NA,NA,NA
"302","Malaria (P. falciparum)",2012,41,307,"COL",NA,NA,NA,NA
"303","Malaria (P. falciparum)",2012,42,302,"COL",NA,NA,NA,NA
"304","Malaria (P. falciparum)",2012,43,234,"COL",NA,NA,NA,NA
"305","Malaria (P. falciparum)",2012,44,289,"COL",NA,NA,NA,NA
"306","Malaria (P. falciparum)",2012,45,356,"COL",NA,NA,NA,NA
"307","Malaria (P. falciparum)",2012,46,361,"COL",NA,NA,NA,NA
"308","Malaria (P. falciparum)",2012,47,407,"COL",NA,NA,NA,NA
"309","Malaria (P. falciparum)",2012,48,339,"COL",NA,NA,NA,NA
"310","Malaria (P. falciparum)",2012,49,287,"COL",NA,NA,NA,NA
"311","Malaria (P. falciparum)",2012,50,300,"COL",NA,NA,NA,NA
"312","Malaria (P. falciparum)",2012,51,279,"COL",NA,NA,NA,NA
"313","Malaria (P. falciparum)",2012,52,299,"COL",NA,NA,NA,NA
"314","Malaria (P. falciparum)",2013,1,373,"COL",NA,NA,NA,NA
"315","Malaria (P. falciparum)",2013,2,385,"COL",NA,NA,NA,NA
"316","Malaria (P. falciparum)",2013,3,497,"COL",NA,NA,NA,NA
"317","Malaria (P. falciparum)",2013,4,457,"COL",NA,NA,NA,NA
"318","Malaria (P. falciparum)",2013,5,461,"COL",NA,NA,NA,NA
"319","Malaria (P. falciparum)",2013,6,379,"COL",NA,NA,NA,NA
"320","Malaria (P. falciparum)",2013,7,585,"COL",NA,NA,NA,NA
"321","Malaria (P. falciparum)",2013,8,618,"COL",NA,NA,NA,NA
"322","Malaria (P. falciparum)",2013,9,604,"COL",NA,NA,NA,NA
"323","Malaria (P. falciparum)",2013,10,524,"COL",NA,NA,NA,NA
"324","Malaria (P. falciparum)",2013,11,554,"COL",NA,NA,NA,NA
"325","Malaria (P. falciparum)",2013,12,545,"COL",NA,NA,NA,NA
"326","Malaria (P. falciparum)",2013,13,407,"COL",NA,NA,NA,NA
"327","Malaria (P. falciparum)",2013,14,523,"COL",NA,NA,NA,NA
"328","Malaria (P. falciparum)",2013,15,485,"COL",NA,NA,NA,NA
"329","Malaria (P. falciparum)",2013,16,543,"COL",NA,NA,NA,NA
"330","Malaria (P. falciparum)",2013,17,471,"COL",NA,NA,NA,NA
"331","Malaria (P. falciparum)",2013,18,493,"COL",NA,NA,NA,NA
"332","Malaria (P. falciparum)",2013,19,445,"COL",NA,NA,NA,NA
"333","Malaria (P. falciparum)",2013,20,467,"COL",NA,NA,NA,NA
"334","Malaria (P. falciparum)",2013,21,473,"COL",NA,NA,NA,NA
"335","Malaria (P. falciparum)",2013,22,390,"COL",NA,NA,NA,NA
"336","Malaria (P. falciparum)",2013,23,328,"COL",NA,NA,NA,NA
"337","Malaria (P. falciparum)",2013,24,398,"COL",NA,NA,NA,NA
"338","Malaria (P. falciparum)",2013,25,388,"COL",NA,NA,NA,NA
"339","Malaria (P. falciparum)",2013,26,331,"COL",NA,NA,NA,NA
"340","Malaria (P. falciparum)",2013,27,340,"COL",NA,NA,NA,NA
"341","Malaria (P. falciparum)",2013,28,333,"COL",NA,NA,NA,NA
"342","Malaria (P. falciparum)",2013,29,344,"COL",NA,NA,NA,NA
"343","Malaria (P. falciparum)",2013,30,242,"COL",NA,NA,NA,NA
"344","Malaria (P. falciparum)",2013,31,224,"COL",NA,NA,NA,NA
"345","Malaria (P. falciparum)",2013,32,220,"COL",NA,NA,NA,NA
"346","Malaria (P. falciparum)",2013,33,226,"COL",NA,NA,NA,NA
"347","Malaria (P. falciparum)",2013,34,235,"COL",NA,NA,NA,NA
"348","Malaria (P. falciparum)",2013,35,179,"COL",NA,NA,NA,NA
"349","Malaria (P. falciparum)",2013,36,210,"COL",NA,NA,NA,NA
"350","Malaria (P. falciparum)",2013,37,151,"COL",NA,NA,NA,NA
"351","Malaria (P. falciparum)",2013,38,174,"COL",NA,NA,NA,NA
"352","Malaria (P. falciparum)",2013,39,166,"COL",NA,NA,NA,NA
"353","Malaria (P. falciparum)",2013,40,195,"COL",NA,NA,NA,NA
"354","Malaria (P. falciparum)",2013,41,207,"COL",NA,NA,NA,NA
"355","Malaria (P. falciparum)",2013,42,208,"COL",NA,NA,NA,NA
"356","Malaria (P. falciparum)",2013,43,194,"COL",NA,NA,NA,NA
"357","Malaria (P. falciparum)",2013,44,215,"COL",NA,NA,NA,NA
"358","Malaria (P. falciparum)",2013,45,190,"COL",NA,NA,NA,NA
"359","Malaria (P. falciparum)",2013,46,211,"COL",NA,NA,NA,NA
"360","Malaria (P. falciparum)",2013,47,182,"COL",NA,NA,NA,NA
"361","Malaria (P. falciparum)",2013,48,144,"COL",NA,NA,NA,NA
"362","Malaria (P. falciparum)",2013,49,208,"COL",NA,NA,NA,NA
"363","Malaria (P. falciparum)",2013,50,207,"COL",NA,NA,NA,NA
"364","Malaria (P. falciparum)",2013,51,180,"COL",NA,NA,NA,NA
"365","Malaria (P. falciparum)",2013,52,145,"COL",NA,NA,NA,NA
"366","Malaria (P. falciparum)",2014,1,260,"COL",NA,NA,NA,NA
"367","Malaria (P. falciparum)",2014,2,379,"COL",NA,NA,NA,NA
"368","Malaria (P. falciparum)",2014,3,382,"COL",NA,NA,NA,NA
"369","Malaria (P. falciparum)",2014,4,382,"COL",NA,NA,NA,NA
"370","Malaria (P. falciparum)",2014,5,352,"COL",NA,NA,NA,NA
"371","Malaria (P. falciparum)",2014,6,391,"COL",NA,NA,NA,NA
"372","Malaria (P. falciparum)",2014,7,412,"COL",NA,NA,NA,NA
"373","Malaria (P. falciparum)",2014,8,366,"COL",NA,NA,NA,NA
"374","Malaria (P. falciparum)",2014,9,442,"COL",NA,NA,NA,NA
"375","Malaria (P. falciparum)",2014,10,457,"COL",NA,NA,NA,NA
"376","Malaria (P. falciparum)",2014,11,516,"COL",NA,NA,NA,NA
"377","Malaria (P. falciparum)",2014,12,474,"COL",NA,NA,NA,NA
"378","Malaria (P. falciparum)",2014,13,434,"COL",NA,NA,NA,NA
"379","Malaria (P. falciparum)",2014,14,471,"COL",NA,NA,NA,NA
"380","Malaria (P. falciparum)",2014,15,534,"COL",NA,NA,NA,NA
"381","Malaria (P. falciparum)",2014,16,398,"COL",NA,NA,NA,NA
"382","Malaria (P. falciparum)",2014,17,468,"COL",NA,NA,NA,NA
"383","Malaria (P. falciparum)",2014,18,432,"COL",NA,NA,NA,NA
"384","Malaria (P. falciparum)",2014,19,514,"COL",NA,NA,NA,NA
"385","Malaria (P. falciparum)",2014,20,467,"COL",NA,NA,NA,NA
"386","Malaria (P. falciparum)",2014,21,431,"COL",NA,NA,NA,NA
"387","Malaria (P. falciparum)",2014,22,387,"COL",NA,NA,NA,NA
"388","Malaria (P. falciparum)",2014,23,488,"COL",NA,NA,NA,NA
"389","Malaria (P. falciparum)",2014,24,466,"COL",NA,NA,NA,NA
"390","Malaria (P. falciparum)",2014,25,474,"COL",NA,NA,NA,NA
"391","Malaria (P. falciparum)",2014,26,387,"COL",NA,NA,NA,NA
"392","Malaria (P. falciparum)",2014,27,463,"COL",NA,NA,NA,NA
"393","Malaria (P. falciparum)",2014,28,465,"COL",NA,NA,NA,NA
"394","Malaria (P. falciparum)",2014,29,399,"COL",NA,NA,NA,NA
"395","Malaria (P. falciparum)",2014,30,386,"COL",NA,NA,NA,NA
"396","Malaria (P. falciparum)",2014,31,388,"COL",NA,NA,NA,NA
"397","Malaria (P. falciparum)",2014,32,374,"COL",NA,NA,NA,NA
"398","Malaria (P. falciparum)",2014,33,424,"COL",NA,NA,NA,NA
"399","Malaria (P. falciparum)",2014,34,393,"COL",NA,NA,NA,NA
"400","Malaria (P. falciparum)",2014,35,357,"COL",NA,NA,NA,NA
"401","Malaria (P. falciparum)",2014,36,296,"COL",NA,NA,NA,NA
"402","Malaria (P. falciparum)",2014,37,297,"COL",NA,NA,NA,NA
"403","Malaria (P. falciparum)",2014,38,338,"COL",NA,NA,NA,NA
"404","Malaria (P. falciparum)",2014,39,271,"COL",NA,NA,NA,NA
"405","Malaria (P. falciparum)",2014,40,304,"COL",NA,NA,NA,NA
"406","Malaria (P. falciparum)",2014,41,282,"COL",NA,NA,NA,NA
"407","Malaria (P. falciparum)",2014,42,278,"COL",NA,NA,NA,NA
"408","Malaria (P. falciparum)",2014,43,335,"COL",NA,NA,NA,NA
"409","Malaria (P. falciparum)",2014,44,270,"COL",NA,NA,NA,NA
"410","Malaria (P. falciparum)",2014,45,316,"COL",NA,NA,NA,NA
"411","Malaria (P. falciparum)",2014,46,332,"COL",NA,NA,NA,NA
"412","Malaria (P. falciparum)",2014,47,408,"COL",NA,NA,NA,NA
"413","Malaria (P. falciparum)",2014,48,290,"COL",NA,NA,NA,NA
"414","Malaria (P. falciparum)",2014,49,274,"COL",NA,NA,NA,NA
"415","Malaria (P. falciparum)",2014,50,298,"COL",NA,NA,NA,NA
"416","Malaria (P. falciparum)",2014,51,252,"COL",NA,NA,NA,NA
"417","Malaria (P. falciparum)",2014,52,186,"COL",NA,NA,NA,NA
"418","Malaria (P. falciparum)",2014,53,227,"COL",NA,NA,NA,NA
"419","Malaria (P. falciparum)",2015,1,311,"COL",NA,NA,NA,NA
"420","Malaria (P. falciparum)",2015,2,333,"COL",NA,NA,NA,NA
"421","Malaria (P. falciparum)",2015,3,431,"COL",NA,NA,NA,NA
"422","Malaria (P. falciparum)",2015,4,441,"COL",NA,NA,NA,NA
"423","Malaria (P. falciparum)",2015,5,453,"COL",NA,NA,NA,NA
"424","Malaria (P. falciparum)",2015,6,412,"COL",NA,NA,NA,NA
"425","Malaria (P. falciparum)",2015,7,477,"COL",NA,NA,NA,NA
"426","Malaria (P. falciparum)",2015,8,374,"COL",NA,NA,NA,NA
"427","Malaria (P. falciparum)",2015,9,430,"COL",NA,NA,NA,NA
"428","Malaria (P. falciparum)",2015,10,455,"COL",NA,NA,NA,NA
"429","Malaria (P. falciparum)",2015,11,474,"COL",NA,NA,NA,NA
"430","Malaria (P. falciparum)",2015,12,362,"COL",NA,NA,NA,NA
"431","Malaria (P. falciparum)",2015,13,371,"COL",NA,NA,NA,NA
"432","Malaria (P. falciparum)",2015,14,404,"COL",NA,NA,NA,NA
"433","Malaria (P. falciparum)",2015,15,388,"COL",NA,NA,NA,NA
"434","Malaria (P. falciparum)",2015,16,428,"COL",NA,NA,NA,NA
"435","Malaria (P. falciparum)",2015,17,384,"COL",NA,NA,NA,NA
"436","Malaria (P. falciparum)",2015,18,404,"COL",NA,NA,NA,NA
"437","Malaria (P. falciparum)",2015,19,356,"COL",NA,NA,NA,NA
"438","Malaria (P. falciparum)",2015,20,542,"COL",NA,NA,NA,NA
"439","Malaria (P. falciparum)",2015,21,521,"COL",NA,NA,NA,NA
"440","Malaria (P. falciparum)",2015,22,441,"COL",NA,NA,NA,NA
"441","Malaria (P. falciparum)",2015,23,393,"COL",NA,NA,NA,NA
"442","Malaria (P. falciparum)",2015,24,403,"COL",NA,NA,NA,NA
"443","Malaria (P. falciparum)",2015,25,362,"COL",NA,NA,NA,NA
"444","Malaria (P. falciparum)",2015,26,503,"COL",NA,NA,NA,NA
"445","Malaria (P. falciparum)",2015,27,693,"COL",NA,NA,NA,NA
"446","Malaria (P. falciparum)",2015,28,625,"COL",NA,NA,NA,NA
"447","Malaria (P. falciparum)",2015,29,791,"COL",NA,NA,NA,NA
"448","Malaria (P. falciparum)",2015,30,618,"COL",NA,NA,NA,NA
"449","Malaria (P. falciparum)",2015,31,538,"COL",NA,NA,NA,NA
"450","Malaria (P. falciparum)",2015,32,676,"COL",NA,NA,NA,NA
"451","Malaria (P. falciparum)",2015,33,881,"COL",NA,NA,NA,NA
"452","Malaria (P. falciparum)",2015,34,870,"COL",NA,NA,NA,NA
"453","Malaria (P. falciparum)",2015,35,825,"COL",NA,NA,NA,NA
"454","Malaria (P. falciparum)",2015,36,700,"COL",NA,NA,NA,NA
"455","Malaria (P. falciparum)",2015,37,639,"COL",NA,NA,NA,NA
"456","Malaria (P. falciparum)",2015,38,617,"COL",NA,NA,NA,NA
"457","Malaria (P. falciparum)",2015,39,751,"COL",NA,NA,NA,NA
"458","Malaria (P. falciparum)",2015,40,754,"COL",NA,NA,NA,NA
"459","Malaria (P. falciparum)",2015,41,678,"COL",NA,NA,NA,NA
"460","Malaria (P. falciparum)",2015,42,709,"COL",NA,NA,NA,NA
"461","Malaria (P. falciparum)",2015,43,641,"COL",NA,NA,NA,NA
"462","Malaria (P. falciparum)",2015,44,634,"COL",NA,NA,NA,NA
"463","Malaria (P. falciparum)",2015,45,662,"COL",NA,NA,NA,NA
"464","Malaria (P. falciparum)",2015,46,692,"COL",NA,NA,NA,NA
"465","Malaria (P. falciparum)",2015,47,630,"COL",NA,NA,NA,NA
"466","Malaria (P. falciparum)",2015,48,719,"COL",NA,NA,NA,NA
"467","Malaria (P. falciparum)",2015,49,706,"COL",NA,NA,NA,NA
"468","Malaria (P. falciparum)",2015,50,728,"COL",NA,NA,NA,NA
"469","Malaria (P. falciparum)",2015,51,719,"COL",NA,NA,NA,NA
"470","Malaria (P. falciparum)",2015,52,602,"COL",NA,NA,NA,NA
"471","Malaria (P. falciparum)",2016,1,786,"COL",NA,NA,NA,NA
"472","Malaria (P. falciparum)",2016,2,1107,"COL",NA,NA,NA,NA
"473","Malaria (P. falciparum)",2016,3,1171,"COL",NA,NA,NA,NA
"474","Malaria (P. falciparum)",2016,4,964,"COL",NA,NA,NA,NA
"475","Malaria (P. falciparum)",2016,5,1115,"COL",NA,NA,NA,NA
"476","Malaria (P. falciparum)",2016,6,1187,"COL",NA,NA,NA,NA
"477","Malaria (P. falciparum)",2016,7,1639,"COL",NA,NA,NA,NA
"478","Malaria (P. falciparum)",2016,8,1262,"COL",NA,NA,NA,NA
"479","Malaria (P. falciparum)",2016,9,1649,"COL",NA,NA,NA,NA
"480","Malaria (P. falciparum)",2016,10,1423,"COL",NA,NA,NA,NA
"481","Malaria (P. falciparum)",2016,11,1271,"COL",NA,NA,NA,NA
"482","Malaria (P. falciparum)",2016,12,1273,"COL",NA,NA,NA,NA
"483","Malaria (P. falciparum)",2016,13,1336,"COL",NA,NA,NA,NA
"484","Malaria (P. falciparum)",2016,14,1522,"COL",NA,NA,NA,NA
"485","Malaria (P. falciparum)",2016,15,1306,"COL",NA,NA,NA,NA
"486","Malaria (P. falciparum)",2016,16,1168,"COL",NA,NA,NA,NA
"487","Malaria (P. falciparum)",2016,17,1084,"COL",NA,NA,NA,NA
"488","Malaria (P. falciparum)",2016,18,1142,"COL",NA,NA,NA,NA
"489","Malaria (P. falciparum)",2016,19,1229,"COL",NA,NA,NA,NA
"490","Malaria (P. falciparum)",2016,20,1145,"COL",NA,NA,NA,NA
"491","Malaria (P. falciparum)",2016,21,978,"COL",NA,NA,NA,NA
"492","Malaria (P. falciparum)",2016,22,1056,"COL",NA,NA,NA,NA
"493","Malaria (P. falciparum)",2016,23,1025,"COL",NA,NA,NA,NA
"494","Malaria (P. falciparum)",2016,24,916,"COL",NA,NA,NA,NA
"495","Malaria (P. falciparum)",2016,25,839,"COL",NA,NA,NA,NA
"496","Malaria (P. falciparum)",2016,26,816,"COL",NA,NA,NA,NA
"497","Malaria (P. falciparum)",2016,27,746,"COL",NA,NA,NA,NA
"498","Malaria (P. falciparum)",2016,28,772,"COL",NA,NA,NA,NA
"499","Malaria (P. falciparum)",2016,29,741,"COL",NA,NA,NA,NA
"500","Malaria (P. falciparum)",2016,30,902,"COL",NA,NA,NA,NA
"501","Malaria (P. falciparum)",2016,31,629,"COL",NA,NA,NA,NA
"502","Malaria (P. falciparum)",2016,32,538,"COL",NA,NA,NA,NA
"503","Malaria (P. falciparum)",2016,33,554,"COL",NA,NA,NA,NA
"504","Malaria (P. falciparum)",2016,34,498,"COL",NA,NA,NA,NA
"505","Malaria (P. falciparum)",2016,35,586,"COL",NA,NA,NA,NA
"506","Malaria (P. falciparum)",2016,36,474,"COL",NA,NA,NA,NA
"507","Malaria (P. falciparum)",2016,37,371,"COL",NA,NA,NA,NA
"508","Malaria (P. falciparum)",2016,38,429,"COL",NA,NA,NA,NA
"509","Malaria (P. falciparum)",2016,39,386,"COL",NA,NA,NA,NA
"510","Malaria (P. falciparum)",2016,40,407,"COL",NA,NA,NA,NA
"511","Malaria (P. falciparum)",2016,41,539,"COL",NA,NA,NA,NA
"512","Malaria (P. falciparum)",2016,42,606,"COL",NA,NA,NA,NA
"513","Malaria (P. falciparum)",2016,43,580,"COL",NA,NA,NA,NA
"514","Malaria (P. falciparum)",2016,44,451,"COL",NA,NA,NA,NA
"515","Malaria (P. falciparum)",2016,45,488,"COL",NA,NA,NA,NA
"516","Malaria (P. falciparum)",2016,46,513,"COL",NA,NA,NA,NA
"517","Malaria (P. falciparum)",2016,47,458,"COL",NA,NA,NA,NA
"518","Malaria (P. falciparum)",2016,48,410,"COL",NA,NA,NA,NA
"519","Malaria (P. falciparum)",2016,49,382,"COL",NA,NA,NA,NA
"520","Malaria (P. falciparum)",2016,50,376,"COL",NA,NA,NA,NA
"521","Malaria (P. falciparum)",2016,51,322,"COL",NA,NA,NA,NA
"522","Malaria (P. falciparum)",2016,52,355,"COL",NA,NA,NA,NA
"523","Malaria (P. falciparum)",2017,1,623,"COL",NA,NA,NA,NA
"524","Malaria (P. falciparum)",2017,2,705,"COL",NA,NA,NA,NA
"525","Malaria (P. falciparum)",2017,3,692,"COL",NA,NA,NA,NA
"526","Malaria (P. falciparum)",2017,4,548,"COL",NA,NA,NA,NA
"527","Malaria (P. falciparum)",2017,5,570,"COL",NA,NA,NA,NA
"528","Malaria (P. falciparum)",2017,6,564,"COL",NA,NA,NA,NA
"529","Malaria (P. falciparum)",2017,7,494,"COL",NA,NA,NA,NA
"530","Malaria (P. falciparum)",2017,8,588,"COL",NA,NA,NA,NA
"531","Malaria (P. falciparum)",2017,9,714,"COL",NA,NA,NA,NA
"532","Malaria (P. falciparum)",2017,10,730,"COL",NA,NA,NA,NA
"533","Malaria (P. falciparum)",2017,11,660,"COL",NA,NA,NA,NA
"534","Malaria (P. falciparum)",2017,12,656,"COL",NA,NA,NA,NA
"535","Malaria (P. falciparum)",2017,13,608,"COL",NA,NA,NA,NA
"536","Malaria (P. falciparum)",2017,14,531,"COL",NA,NA,NA,NA
"537","Malaria (P. falciparum)",2017,15,586,"COL",NA,NA,NA,NA
"538","Malaria (P. falciparum)",2017,16,714,"COL",NA,NA,NA,NA
"539","Malaria (P. falciparum)",2017,17,720,"COL",NA,NA,NA,NA
"540","Malaria (P. falciparum)",2017,18,796,"COL",NA,NA,NA,NA
"541","Malaria (P. falciparum)",2017,19,645,"COL",NA,NA,NA,NA
"542","Malaria (P. falciparum)",2017,20,702,"COL",NA,NA,NA,NA
"543","Malaria (P. falciparum)",2017,21,524,"COL",NA,NA,NA,NA
"544","Malaria (P. falciparum)",2017,22,748,"COL",NA,NA,NA,NA
"545","Malaria (P. falciparum)",2017,23,830,"COL",NA,NA,NA,NA
"546","Malaria (P. falciparum)",2017,24,758,"COL",NA,NA,NA,NA
"547","Malaria (P. falciparum)",2017,25,795,"COL",NA,NA,NA,NA
"548","Malaria (P. falciparum)",2017,26,787,"COL",NA,NA,NA,NA
"549","Malaria (P. falciparum)",2017,27,753,"COL",NA,NA,NA,NA
"550","Malaria (P. falciparum)",2017,28,656,"COL",NA,NA,NA,NA
"551","Malaria (P. falciparum)",2017,29,652,"COL",NA,NA,NA,NA
"552","Malaria (P. falciparum)",2017,30,675,"COL",NA,NA,NA,NA
"553","Malaria (P. falciparum)",2017,31,705,"COL",NA,NA,NA,NA
"554","Malaria (P. falciparum)",2017,32,667,"COL",NA,NA,NA,NA
"555","Malaria (P. falciparum)",2017,33,666,"COL",NA,NA,NA,NA
"556","Malaria (P. falciparum)",2017,34,574,"COL",NA,NA,NA,NA
"557","Malaria (P. falciparum)",2017,35,505,"COL",NA,NA,NA,NA
"558","Malaria (P. falciparum)",2017,36,501,"COL",NA,NA,NA,NA
"559","Malaria (P. falciparum)",2017,37,456,"COL",NA,NA,NA,NA
"560","Malaria (P. falciparum)",2017,38,453,"COL",NA,NA,NA,NA
"561","Malaria (P. falciparum)",2017,39,388,"COL",NA,NA,NA,NA
"562","Malaria (P. falciparum)",2017,40,460,"COL",NA,NA,NA,NA
"563","Malaria (P. falciparum)",2017,41,388,"COL",NA,NA,NA,NA
"564","Malaria (P. falciparum)",2017,42,440,"COL",NA,NA,NA,NA
"565","Malaria (P. falciparum)",2017,43,409,"COL",NA,NA,NA,NA
"566","Malaria (P. falciparum)",2017,44,372,"COL",NA,NA,NA,NA
"567","Malaria (P. falciparum)",2017,45,408,"COL",NA,NA,NA,NA
"568","Malaria (P. falciparum)",2017,46,368,"COL",NA,NA,NA,NA
"569","Malaria (P. falciparum)",2017,47,347,"COL",NA,NA,NA,NA
"570","Malaria (P. falciparum)",2017,48,385,"COL",NA,NA,NA,NA
"571","Malaria (P. falciparum)",2017,49,364,"COL",NA,NA,NA,NA
"572","Malaria (P. falciparum)",2017,50,345,"COL",NA,NA,NA,NA
"573","Malaria (P. falciparum)",2017,51,260,"COL",NA,NA,NA,NA
"574","Malaria (P. falciparum)",2017,52,267,"COL",NA,NA,NA,NA
"575","Malaria (P. falciparum)",2018,1,553,"COL",NA,NA,NA,NA
"576","Malaria (P. falciparum)",2018,2,536,"COL",NA,NA,NA,NA
"577","Malaria (P. falciparum)",2018,3,501,"COL",NA,NA,NA,NA
"578","Malaria (P. falciparum)",2018,4,475,"COL",NA,NA,NA,NA
"579","Malaria (P. falciparum)",2018,5,556,"COL",NA,NA,NA,NA
"580","Malaria (P. falciparum)",2018,6,495,"COL",NA,NA,NA,NA
"581","Malaria (P. falciparum)",2018,7,434,"COL",NA,NA,NA,NA
"582","Malaria (P. falciparum)",2018,8,549,"COL",NA,NA,NA,NA
"583","Malaria (P. falciparum)",2018,9,586,"COL",NA,NA,NA,NA
"584","Malaria (P. falciparum)",2018,10,585,"COL",NA,NA,NA,NA
"585","Malaria (P. falciparum)",2018,11,483,"COL",NA,NA,NA,NA
"586","Malaria (P. falciparum)",2018,12,600,"COL",NA,NA,NA,NA
"587","Malaria (P. falciparum)",2018,13,508,"COL",NA,NA,NA,NA
"588","Malaria (P. falciparum)",2018,14,897,"COL",NA,NA,NA,NA
"589","Malaria (P. falciparum)",2018,15,706,"COL",NA,NA,NA,NA
"590","Malaria (P. falciparum)",2018,16,625,"COL",NA,NA,NA,NA
"591","Malaria (P. falciparum)",2018,17,491,"COL",NA,NA,NA,NA
"592","Malaria (P. falciparum)",2018,18,717,"COL",NA,NA,NA,NA
"593","Malaria (P. falciparum)",2018,19,824,"COL",NA,NA,NA,NA
"594","Malaria (P. falciparum)",2018,20,712,"COL",NA,NA,NA,NA
"595","Malaria (P. falciparum)",2018,21,758,"COL",NA,NA,NA,NA
"596","Malaria (P. falciparum)",2018,22,711,"COL",NA,NA,NA,NA
"597","Malaria (P. falciparum)",2018,23,688,"COL",NA,NA,NA,NA
"598","Malaria (P. falciparum)",2018,24,774,"COL",NA,NA,NA,NA
"599","Malaria (P. falciparum)",2018,25,642,"COL",NA,NA,NA,NA
"600","Malaria (P. falciparum)",2018,26,634,"COL",NA,NA,NA,NA
"601","Malaria (P. falciparum)",2018,27,786,"COL",NA,NA,NA,NA
"602","Malaria (P. falciparum)",2018,28,595,"COL",NA,NA,NA,NA
"603","Malaria (P. falciparum)",2018,29,605,"COL",NA,NA,NA,NA
"604","Malaria (P. falciparum)",2018,30,640,"COL",NA,NA,NA,NA
"605","Malaria (P. falciparum)",2018,31,541,"COL",NA,NA,NA,NA
"606","Malaria (P. falciparum)",2018,32,549,"COL",NA,NA,NA,NA
"607","Malaria (P. falciparum)",2018,33,474,"COL",NA,NA,NA,NA
"608","Malaria (P. falciparum)",2018,34,551,"COL",NA,NA,NA,NA
"609","Malaria (P. falciparum)",2018,35,530,"COL",NA,NA,NA,NA
"610","Malaria (P. falciparum)",2018,36,462,"COL",NA,NA,NA,NA
"611","Malaria (P. falciparum)",2018,37,479,"COL",NA,NA,NA,NA
"612","Malaria (P. falciparum)",2018,38,499,"COL",NA,NA,NA,NA
"613","Malaria (P. falciparum)",2018,39,447,"COL",NA,NA,NA,NA
"614","Malaria (P. falciparum)",2018,40,488,"COL",NA,NA,NA,NA
"615","Malaria (P. falciparum)",2018,41,468,"COL",NA,NA,NA,NA
"616","Malaria (P. falciparum)",2018,42,697,"COL",NA,NA,NA,NA
"617","Malaria (P. falciparum)",2018,43,490,"COL",NA,NA,NA,NA
"618","Malaria (P. falciparum)",2018,44,597,"COL",NA,NA,NA,NA
"619","Malaria (P. falciparum)",2018,45,525,"COL",NA,NA,NA,NA
"620","Malaria (P. falciparum)",2018,46,534,"COL",NA,NA,NA,NA
"621","Malaria (P. falciparum)",2018,47,470,"COL",NA,NA,NA,NA
"622","Malaria (P. falciparum)",2018,48,493,"COL",NA,NA,NA,NA
"623","Malaria (P. falciparum)",2018,49,527,"COL",NA,NA,NA,NA
"624","Malaria (P. falciparum)",2018,50,627,"COL",NA,NA,NA,NA
"625","Malaria (P. falciparum)",2018,51,415,"COL",NA,NA,NA,NA
"626","Malaria (P. falciparum)",2018,52,378,"COL",NA,NA,NA,NA
