"","Disease","EpiYear","EpiWeek","Incidence","ADM0","ADM1","ADM2","NA","NA"
"1","Hepatitis B",2007,1,8,"COL",NA,NA,NA,NA
"2","Hepatitis B",2007,2,10,"COL",NA,NA,NA,NA
"3","Hepatitis B",2007,3,15,"COL",NA,NA,NA,NA
"4","Hepatitis B",2007,4,16,"COL",NA,NA,NA,NA
"5","Hepatitis B",2007,5,11,"COL",NA,NA,NA,NA
"6","Hepatitis B",2007,6,22,"COL",NA,NA,NA,NA
"7","Hepatitis B",2007,7,14,"COL",NA,NA,NA,NA
"8","Hepatitis B",2007,8,17,"COL",NA,NA,NA,NA
"9","Hepatitis B",2007,9,18,"COL",NA,NA,NA,NA
"10","Hepatitis B",2007,10,18,"COL",NA,NA,NA,NA
"11","Hepatitis B",2007,11,21,"COL",NA,NA,NA,NA
"12","Hepatitis B",2007,12,14,"COL",NA,NA,NA,NA
"13","Hepatitis B",2007,13,10,"COL",NA,NA,NA,NA
"14","Hepatitis B",2007,14,13,"COL",NA,NA,NA,NA
"15","Hepatitis B",2007,15,18,"COL",NA,NA,NA,NA
"16","Hepatitis B",2007,16,31,"COL",NA,NA,NA,NA
"17","Hepatitis B",2007,17,17,"COL",NA,NA,NA,NA
"18","Hepatitis B",2007,18,23,"COL",NA,NA,NA,NA
"19","Hepatitis B",2007,19,18,"COL",NA,NA,NA,NA
"20","Hepatitis B",2007,20,24,"COL",NA,NA,NA,NA
"21","Hepatitis B",2007,21,17,"COL",NA,NA,NA,NA
"22","Hepatitis B",2007,22,25,"COL",NA,NA,NA,NA
"23","Hepatitis B",2007,23,9,"COL",NA,NA,NA,NA
"24","Hepatitis B",2007,24,17,"COL",NA,NA,NA,NA
"25","Hepatitis B",2007,25,18,"COL",NA,NA,NA,NA
"26","Hepatitis B",2007,26,25,"COL",NA,NA,NA,NA
"27","Hepatitis B",2007,27,12,"COL",NA,NA,NA,NA
"28","Hepatitis B",2007,28,17,"COL",NA,NA,NA,NA
"29","Hepatitis B",2007,29,12,"COL",NA,NA,NA,NA
"30","Hepatitis B",2007,30,34,"COL",NA,NA,NA,NA
"31","Hepatitis B",2007,31,30,"COL",NA,NA,NA,NA
"32","Hepatitis B",2007,32,21,"COL",NA,NA,NA,NA
"33","Hepatitis B",2007,33,22,"COL",NA,NA,NA,NA
"34","Hepatitis B",2007,34,16,"COL",NA,NA,NA,NA
"35","Hepatitis B",2007,35,15,"COL",NA,NA,NA,NA
"36","Hepatitis B",2007,36,18,"COL",NA,NA,NA,NA
"37","Hepatitis B",2007,37,18,"COL",NA,NA,NA,NA
"38","Hepatitis B",2007,38,22,"COL",NA,NA,NA,NA
"39","Hepatitis B",2007,39,31,"COL",NA,NA,NA,NA
"40","Hepatitis B",2007,40,15,"COL",NA,NA,NA,NA
"41","Hepatitis B",2007,41,19,"COL",NA,NA,NA,NA
"42","Hepatitis B",2007,42,17,"COL",NA,NA,NA,NA
"43","Hepatitis B",2007,43,24,"COL",NA,NA,NA,NA
"44","Hepatitis B",2007,44,20,"COL",NA,NA,NA,NA
"45","Hepatitis B",2007,45,19,"COL",NA,NA,NA,NA
"46","Hepatitis B",2007,46,20,"COL",NA,NA,NA,NA
"47","Hepatitis B",2007,47,15,"COL",NA,NA,NA,NA
"48","Hepatitis B",2007,48,17,"COL",NA,NA,NA,NA
"49","Hepatitis B",2007,49,18,"COL",NA,NA,NA,NA
"50","Hepatitis B",2007,50,16,"COL",NA,NA,NA,NA
"51","Hepatitis B",2007,51,11,"COL",NA,NA,NA,NA
"52","Hepatitis B",2007,52,8,"COL",NA,NA,NA,NA
"53","Hepatitis B",2008,1,9,"COL",NA,NA,NA,NA
"54","Hepatitis B",2008,2,12,"COL",NA,NA,NA,NA
"55","Hepatitis B",2008,3,31,"COL",NA,NA,NA,NA
"56","Hepatitis B",2008,4,14,"COL",NA,NA,NA,NA
"57","Hepatitis B",2008,5,16,"COL",NA,NA,NA,NA
"58","Hepatitis B",2008,6,22,"COL",NA,NA,NA,NA
"59","Hepatitis B",2008,7,19,"COL",NA,NA,NA,NA
"60","Hepatitis B",2008,8,32,"COL",NA,NA,NA,NA
"61","Hepatitis B",2008,9,30,"COL",NA,NA,NA,NA
"62","Hepatitis B",2008,10,22,"COL",NA,NA,NA,NA
"63","Hepatitis B",2008,11,28,"COL",NA,NA,NA,NA
"64","Hepatitis B",2008,12,19,"COL",NA,NA,NA,NA
"65","Hepatitis B",2008,13,23,"COL",NA,NA,NA,NA
"66","Hepatitis B",2008,14,16,"COL",NA,NA,NA,NA
"67","Hepatitis B",2008,15,17,"COL",NA,NA,NA,NA
"68","Hepatitis B",2008,16,16,"COL",NA,NA,NA,NA
"69","Hepatitis B",2008,17,19,"COL",NA,NA,NA,NA
"70","Hepatitis B",2008,18,16,"COL",NA,NA,NA,NA
"71","Hepatitis B",2008,19,31,"COL",NA,NA,NA,NA
"72","Hepatitis B",2008,20,25,"COL",NA,NA,NA,NA
"73","Hepatitis B",2008,21,26,"COL",NA,NA,NA,NA
"74","Hepatitis B",2008,22,15,"COL",NA,NA,NA,NA
"75","Hepatitis B",2008,23,25,"COL",NA,NA,NA,NA
"76","Hepatitis B",2008,24,33,"COL",NA,NA,NA,NA
"77","Hepatitis B",2008,25,44,"COL",NA,NA,NA,NA
"78","Hepatitis B",2008,26,29,"COL",NA,NA,NA,NA
"79","Hepatitis B",2008,27,22,"COL",NA,NA,NA,NA
"80","Hepatitis B",2008,28,37,"COL",NA,NA,NA,NA
"81","Hepatitis B",2008,29,44,"COL",NA,NA,NA,NA
"82","Hepatitis B",2008,30,21,"COL",NA,NA,NA,NA
"83","Hepatitis B",2008,31,27,"COL",NA,NA,NA,NA
"84","Hepatitis B",2008,32,28,"COL",NA,NA,NA,NA
"85","Hepatitis B",2008,33,15,"COL",NA,NA,NA,NA
"86","Hepatitis B",2008,34,30,"COL",NA,NA,NA,NA
"87","Hepatitis B",2008,35,29,"COL",NA,NA,NA,NA
"88","Hepatitis B",2008,36,27,"COL",NA,NA,NA,NA
"89","Hepatitis B",2008,37,29,"COL",NA,NA,NA,NA
"90","Hepatitis B",2008,38,26,"COL",NA,NA,NA,NA
"91","Hepatitis B",2008,39,36,"COL",NA,NA,NA,NA
"92","Hepatitis B",2008,40,31,"COL",NA,NA,NA,NA
"93","Hepatitis B",2008,41,31,"COL",NA,NA,NA,NA
"94","Hepatitis B",2008,42,30,"COL",NA,NA,NA,NA
"95","Hepatitis B",2008,43,32,"COL",NA,NA,NA,NA
"96","Hepatitis B",2008,44,31,"COL",NA,NA,NA,NA
"97","Hepatitis B",2008,45,26,"COL",NA,NA,NA,NA
"98","Hepatitis B",2008,46,31,"COL",NA,NA,NA,NA
"99","Hepatitis B",2008,47,20,"COL",NA,NA,NA,NA
"100","Hepatitis B",2008,48,15,"COL",NA,NA,NA,NA
"101","Hepatitis B",2008,49,39,"COL",NA,NA,NA,NA
"102","Hepatitis B",2008,50,27,"COL",NA,NA,NA,NA
"103","Hepatitis B",2008,51,31,"COL",NA,NA,NA,NA
"104","Hepatitis B",2008,52,23,"COL",NA,NA,NA,NA
"105","Hepatitis B",2008,53,9,"COL",NA,NA,NA,NA
"106","Hepatitis B",2009,1,31,"COL",NA,NA,NA,NA
"107","Hepatitis B",2009,2,15,"COL",NA,NA,NA,NA
"108","Hepatitis B",2009,3,28,"COL",NA,NA,NA,NA
"109","Hepatitis B",2009,4,29,"COL",NA,NA,NA,NA
"110","Hepatitis B",2009,5,27,"COL",NA,NA,NA,NA
"111","Hepatitis B",2009,6,45,"COL",NA,NA,NA,NA
"112","Hepatitis B",2009,7,32,"COL",NA,NA,NA,NA
"113","Hepatitis B",2009,8,28,"COL",NA,NA,NA,NA
"114","Hepatitis B",2009,9,28,"COL",NA,NA,NA,NA
"115","Hepatitis B",2009,10,31,"COL",NA,NA,NA,NA
"116","Hepatitis B",2009,11,44,"COL",NA,NA,NA,NA
"117","Hepatitis B",2009,12,21,"COL",NA,NA,NA,NA
"118","Hepatitis B",2009,13,30,"COL",NA,NA,NA,NA
"119","Hepatitis B",2009,14,24,"COL",NA,NA,NA,NA
"120","Hepatitis B",2009,15,31,"COL",NA,NA,NA,NA
"121","Hepatitis B",2009,16,42,"COL",NA,NA,NA,NA
"122","Hepatitis B",2009,17,38,"COL",NA,NA,NA,NA
"123","Hepatitis B",2009,18,26,"COL",NA,NA,NA,NA
"124","Hepatitis B",2009,19,30,"COL",NA,NA,NA,NA
"125","Hepatitis B",2009,20,29,"COL",NA,NA,NA,NA
"126","Hepatitis B",2009,21,27,"COL",NA,NA,NA,NA
"127","Hepatitis B",2009,22,30,"COL",NA,NA,NA,NA
"128","Hepatitis B",2009,23,33,"COL",NA,NA,NA,NA
"129","Hepatitis B",2009,24,37,"COL",NA,NA,NA,NA
"130","Hepatitis B",2009,25,37,"COL",NA,NA,NA,NA
"131","Hepatitis B",2009,26,45,"COL",NA,NA,NA,NA
"132","Hepatitis B",2009,27,39,"COL",NA,NA,NA,NA
"133","Hepatitis B",2009,28,29,"COL",NA,NA,NA,NA
"134","Hepatitis B",2009,29,56,"COL",NA,NA,NA,NA
"135","Hepatitis B",2009,30,44,"COL",NA,NA,NA,NA
"136","Hepatitis B",2009,31,25,"COL",NA,NA,NA,NA
"137","Hepatitis B",2009,32,25,"COL",NA,NA,NA,NA
"138","Hepatitis B",2009,33,32,"COL",NA,NA,NA,NA
"139","Hepatitis B",2009,34,25,"COL",NA,NA,NA,NA
"140","Hepatitis B",2009,35,30,"COL",NA,NA,NA,NA
"141","Hepatitis B",2009,36,28,"COL",NA,NA,NA,NA
"142","Hepatitis B",2009,37,22,"COL",NA,NA,NA,NA
"143","Hepatitis B",2009,38,39,"COL",NA,NA,NA,NA
"144","Hepatitis B",2009,39,28,"COL",NA,NA,NA,NA
"145","Hepatitis B",2009,40,30,"COL",NA,NA,NA,NA
"146","Hepatitis B",2009,41,31,"COL",NA,NA,NA,NA
"147","Hepatitis B",2009,42,34,"COL",NA,NA,NA,NA
"148","Hepatitis B",2009,43,59,"COL",NA,NA,NA,NA
"149","Hepatitis B",2009,44,65,"COL",NA,NA,NA,NA
"150","Hepatitis B",2009,45,38,"COL",NA,NA,NA,NA
"151","Hepatitis B",2009,46,26,"COL",NA,NA,NA,NA
"152","Hepatitis B",2009,47,21,"COL",NA,NA,NA,NA
"153","Hepatitis B",2009,48,26,"COL",NA,NA,NA,NA
"154","Hepatitis B",2009,49,19,"COL",NA,NA,NA,NA
"155","Hepatitis B",2009,50,22,"COL",NA,NA,NA,NA
"156","Hepatitis B",2009,51,17,"COL",NA,NA,NA,NA
"157","Hepatitis B",2009,52,10,"COL",NA,NA,NA,NA
"158","Hepatitis B",2010,1,29,"COL",NA,NA,NA,NA
"159","Hepatitis B",2010,2,32,"COL",NA,NA,NA,NA
"160","Hepatitis B",2010,3,42,"COL",NA,NA,NA,NA
"161","Hepatitis B",2010,4,27,"COL",NA,NA,NA,NA
"162","Hepatitis B",2010,5,31,"COL",NA,NA,NA,NA
"163","Hepatitis B",2010,6,38,"COL",NA,NA,NA,NA
"164","Hepatitis B",2010,7,27,"COL",NA,NA,NA,NA
"165","Hepatitis B",2010,8,34,"COL",NA,NA,NA,NA
"166","Hepatitis B",2010,9,34,"COL",NA,NA,NA,NA
"167","Hepatitis B",2010,10,37,"COL",NA,NA,NA,NA
"168","Hepatitis B",2010,11,36,"COL",NA,NA,NA,NA
"169","Hepatitis B",2010,12,33,"COL",NA,NA,NA,NA
"170","Hepatitis B",2010,13,16,"COL",NA,NA,NA,NA
"171","Hepatitis B",2010,14,35,"COL",NA,NA,NA,NA
"172","Hepatitis B",2010,15,31,"COL",NA,NA,NA,NA
"173","Hepatitis B",2010,16,23,"COL",NA,NA,NA,NA
"174","Hepatitis B",2010,17,38,"COL",NA,NA,NA,NA
"175","Hepatitis B",2010,18,32,"COL",NA,NA,NA,NA
"176","Hepatitis B",2010,19,28,"COL",NA,NA,NA,NA
"177","Hepatitis B",2010,20,38,"COL",NA,NA,NA,NA
"178","Hepatitis B",2010,21,33,"COL",NA,NA,NA,NA
"179","Hepatitis B",2010,22,29,"COL",NA,NA,NA,NA
"180","Hepatitis B",2010,23,29,"COL",NA,NA,NA,NA
"181","Hepatitis B",2010,24,38,"COL",NA,NA,NA,NA
"182","Hepatitis B",2010,25,36,"COL",NA,NA,NA,NA
"183","Hepatitis B",2010,26,37,"COL",NA,NA,NA,NA
"184","Hepatitis B",2010,27,28,"COL",NA,NA,NA,NA
"185","Hepatitis B",2010,28,33,"COL",NA,NA,NA,NA
"186","Hepatitis B",2010,29,29,"COL",NA,NA,NA,NA
"187","Hepatitis B",2010,30,30,"COL",NA,NA,NA,NA
"188","Hepatitis B",2010,31,32,"COL",NA,NA,NA,NA
"189","Hepatitis B",2010,32,28,"COL",NA,NA,NA,NA
"190","Hepatitis B",2010,33,22,"COL",NA,NA,NA,NA
"191","Hepatitis B",2010,34,31,"COL",NA,NA,NA,NA
"192","Hepatitis B",2010,35,27,"COL",NA,NA,NA,NA
"193","Hepatitis B",2010,36,26,"COL",NA,NA,NA,NA
"194","Hepatitis B",2010,37,32,"COL",NA,NA,NA,NA
"195","Hepatitis B",2010,38,39,"COL",NA,NA,NA,NA
"196","Hepatitis B",2010,39,36,"COL",NA,NA,NA,NA
"197","Hepatitis B",2010,40,38,"COL",NA,NA,NA,NA
"198","Hepatitis B",2010,41,22,"COL",NA,NA,NA,NA
"199","Hepatitis B",2010,42,30,"COL",NA,NA,NA,NA
"200","Hepatitis B",2010,43,42,"COL",NA,NA,NA,NA
"201","Hepatitis B",2010,44,35,"COL",NA,NA,NA,NA
"202","Hepatitis B",2010,45,33,"COL",NA,NA,NA,NA
"203","Hepatitis B",2010,46,40,"COL",NA,NA,NA,NA
"204","Hepatitis B",2010,47,36,"COL",NA,NA,NA,NA
"205","Hepatitis B",2010,48,36,"COL",NA,NA,NA,NA
"206","Hepatitis B",2010,49,39,"COL",NA,NA,NA,NA
"207","Hepatitis B",2010,50,46,"COL",NA,NA,NA,NA
"208","Hepatitis B",2010,51,27,"COL",NA,NA,NA,NA
"209","Hepatitis B",2010,52,28,"COL",NA,NA,NA,NA
"210","Hepatitis B",2011,1,21,"COL",NA,NA,NA,NA
"211","Hepatitis B",2011,2,21,"COL",NA,NA,NA,NA
"212","Hepatitis B",2011,3,41,"COL",NA,NA,NA,NA
"213","Hepatitis B",2011,4,37,"COL",NA,NA,NA,NA
"214","Hepatitis B",2011,5,32,"COL",NA,NA,NA,NA
"215","Hepatitis B",2011,6,34,"COL",NA,NA,NA,NA
"216","Hepatitis B",2011,7,34,"COL",NA,NA,NA,NA
"217","Hepatitis B",2011,8,37,"COL",NA,NA,NA,NA
"218","Hepatitis B",2011,9,36,"COL",NA,NA,NA,NA
"219","Hepatitis B",2011,10,44,"COL",NA,NA,NA,NA
"220","Hepatitis B",2011,11,44,"COL",NA,NA,NA,NA
"221","Hepatitis B",2011,12,38,"COL",NA,NA,NA,NA
"222","Hepatitis B",2011,13,43,"COL",NA,NA,NA,NA
"223","Hepatitis B",2011,14,25,"COL",NA,NA,NA,NA
"224","Hepatitis B",2011,15,41,"COL",NA,NA,NA,NA
"225","Hepatitis B",2011,16,25,"COL",NA,NA,NA,NA
"226","Hepatitis B",2011,17,44,"COL",NA,NA,NA,NA
"227","Hepatitis B",2011,18,44,"COL",NA,NA,NA,NA
"228","Hepatitis B",2011,19,28,"COL",NA,NA,NA,NA
"229","Hepatitis B",2011,20,40,"COL",NA,NA,NA,NA
"230","Hepatitis B",2011,21,44,"COL",NA,NA,NA,NA
"231","Hepatitis B",2011,22,30,"COL",NA,NA,NA,NA
"232","Hepatitis B",2011,23,28,"COL",NA,NA,NA,NA
"233","Hepatitis B",2011,24,52,"COL",NA,NA,NA,NA
"234","Hepatitis B",2011,25,39,"COL",NA,NA,NA,NA
"235","Hepatitis B",2011,26,41,"COL",NA,NA,NA,NA
"236","Hepatitis B",2011,27,44,"COL",NA,NA,NA,NA
"237","Hepatitis B",2011,28,30,"COL",NA,NA,NA,NA
"238","Hepatitis B",2011,29,43,"COL",NA,NA,NA,NA
"239","Hepatitis B",2011,30,33,"COL",NA,NA,NA,NA
"240","Hepatitis B",2011,31,34,"COL",NA,NA,NA,NA
"241","Hepatitis B",2011,32,42,"COL",NA,NA,NA,NA
"242","Hepatitis B",2011,33,36,"COL",NA,NA,NA,NA
"243","Hepatitis B",2011,34,41,"COL",NA,NA,NA,NA
"244","Hepatitis B",2011,35,37,"COL",NA,NA,NA,NA
"245","Hepatitis B",2011,36,40,"COL",NA,NA,NA,NA
"246","Hepatitis B",2011,37,38,"COL",NA,NA,NA,NA
"247","Hepatitis B",2011,38,46,"COL",NA,NA,NA,NA
"248","Hepatitis B",2011,39,34,"COL",NA,NA,NA,NA
"249","Hepatitis B",2011,40,42,"COL",NA,NA,NA,NA
"250","Hepatitis B",2011,41,38,"COL",NA,NA,NA,NA
"251","Hepatitis B",2011,42,34,"COL",NA,NA,NA,NA
"252","Hepatitis B",2011,43,46,"COL",NA,NA,NA,NA
"253","Hepatitis B",2011,44,38,"COL",NA,NA,NA,NA
"254","Hepatitis B",2011,45,44,"COL",NA,NA,NA,NA
"255","Hepatitis B",2011,46,32,"COL",NA,NA,NA,NA
"256","Hepatitis B",2011,47,36,"COL",NA,NA,NA,NA
"257","Hepatitis B",2011,48,30,"COL",NA,NA,NA,NA
"258","Hepatitis B",2011,49,28,"COL",NA,NA,NA,NA
"259","Hepatitis B",2011,50,26,"COL",NA,NA,NA,NA
"260","Hepatitis B",2011,51,40,"COL",NA,NA,NA,NA
"261","Hepatitis B",2011,52,37,"COL",NA,NA,NA,NA
"262","Hepatitis B",2012,1,24,"COL",NA,NA,NA,NA
"263","Hepatitis B",2012,2,39,"COL",NA,NA,NA,NA
"264","Hepatitis B",2012,3,42,"COL",NA,NA,NA,NA
"265","Hepatitis B",2012,4,40,"COL",NA,NA,NA,NA
"266","Hepatitis B",2012,5,39,"COL",NA,NA,NA,NA
"267","Hepatitis B",2012,6,48,"COL",NA,NA,NA,NA
"268","Hepatitis B",2012,7,47,"COL",NA,NA,NA,NA
"269","Hepatitis B",2012,8,33,"COL",NA,NA,NA,NA
"270","Hepatitis B",2012,9,51,"COL",NA,NA,NA,NA
"271","Hepatitis B",2012,10,45,"COL",NA,NA,NA,NA
"272","Hepatitis B",2012,11,43,"COL",NA,NA,NA,NA
"273","Hepatitis B",2012,12,34,"COL",NA,NA,NA,NA
"274","Hepatitis B",2012,13,45,"COL",NA,NA,NA,NA
"275","Hepatitis B",2012,14,32,"COL",NA,NA,NA,NA
"276","Hepatitis B",2012,15,52,"COL",NA,NA,NA,NA
"277","Hepatitis B",2012,16,40,"COL",NA,NA,NA,NA
"278","Hepatitis B",2012,17,44,"COL",NA,NA,NA,NA
"279","Hepatitis B",2012,18,35,"COL",NA,NA,NA,NA
"280","Hepatitis B",2012,19,36,"COL",NA,NA,NA,NA
"281","Hepatitis B",2012,20,46,"COL",NA,NA,NA,NA
"282","Hepatitis B",2012,21,36,"COL",NA,NA,NA,NA
"283","Hepatitis B",2012,22,39,"COL",NA,NA,NA,NA
"284","Hepatitis B",2012,23,36,"COL",NA,NA,NA,NA
"285","Hepatitis B",2012,24,43,"COL",NA,NA,NA,NA
"286","Hepatitis B",2012,25,44,"COL",NA,NA,NA,NA
"287","Hepatitis B",2012,26,43,"COL",NA,NA,NA,NA
"288","Hepatitis B",2012,27,27,"COL",NA,NA,NA,NA
"289","Hepatitis B",2012,28,43,"COL",NA,NA,NA,NA
"290","Hepatitis B",2012,29,37,"COL",NA,NA,NA,NA
"291","Hepatitis B",2012,30,41,"COL",NA,NA,NA,NA
"292","Hepatitis B",2012,31,38,"COL",NA,NA,NA,NA
"293","Hepatitis B",2012,32,46,"COL",NA,NA,NA,NA
"294","Hepatitis B",2012,33,49,"COL",NA,NA,NA,NA
"295","Hepatitis B",2012,34,35,"COL",NA,NA,NA,NA
"296","Hepatitis B",2012,35,31,"COL",NA,NA,NA,NA
"297","Hepatitis B",2012,36,48,"COL",NA,NA,NA,NA
"298","Hepatitis B",2012,37,33,"COL",NA,NA,NA,NA
"299","Hepatitis B",2012,38,41,"COL",NA,NA,NA,NA
"300","Hepatitis B",2012,39,43,"COL",NA,NA,NA,NA
"301","Hepatitis B",2012,40,32,"COL",NA,NA,NA,NA
"302","Hepatitis B",2012,41,46,"COL",NA,NA,NA,NA
"303","Hepatitis B",2012,42,21,"COL",NA,NA,NA,NA
"304","Hepatitis B",2012,43,39,"COL",NA,NA,NA,NA
"305","Hepatitis B",2012,44,36,"COL",NA,NA,NA,NA
"306","Hepatitis B",2012,45,33,"COL",NA,NA,NA,NA
"307","Hepatitis B",2012,46,47,"COL",NA,NA,NA,NA
"308","Hepatitis B",2012,47,32,"COL",NA,NA,NA,NA
"309","Hepatitis B",2012,48,33,"COL",NA,NA,NA,NA
"310","Hepatitis B",2012,49,46,"COL",NA,NA,NA,NA
"311","Hepatitis B",2012,50,43,"COL",NA,NA,NA,NA
"312","Hepatitis B",2012,51,34,"COL",NA,NA,NA,NA
"313","Hepatitis B",2012,52,31,"COL",NA,NA,NA,NA
"314","Hepatitis B",2013,1,26,"COL",NA,NA,NA,NA
"315","Hepatitis B",2013,2,28,"COL",NA,NA,NA,NA
"316","Hepatitis B",2013,3,51,"COL",NA,NA,NA,NA
"317","Hepatitis B",2013,4,47,"COL",NA,NA,NA,NA
"318","Hepatitis B",2013,5,40,"COL",NA,NA,NA,NA
"319","Hepatitis B",2013,6,45,"COL",NA,NA,NA,NA
"320","Hepatitis B",2013,7,48,"COL",NA,NA,NA,NA
"321","Hepatitis B",2013,8,33,"COL",NA,NA,NA,NA
"322","Hepatitis B",2013,9,48,"COL",NA,NA,NA,NA
"323","Hepatitis B",2013,10,39,"COL",NA,NA,NA,NA
"324","Hepatitis B",2013,11,42,"COL",NA,NA,NA,NA
"325","Hepatitis B",2013,12,40,"COL",NA,NA,NA,NA
"326","Hepatitis B",2013,13,26,"COL",NA,NA,NA,NA
"327","Hepatitis B",2013,14,65,"COL",NA,NA,NA,NA
"328","Hepatitis B",2013,15,43,"COL",NA,NA,NA,NA
"329","Hepatitis B",2013,16,52,"COL",NA,NA,NA,NA
"330","Hepatitis B",2013,17,42,"COL",NA,NA,NA,NA
"331","Hepatitis B",2013,18,43,"COL",NA,NA,NA,NA
"332","Hepatitis B",2013,19,39,"COL",NA,NA,NA,NA
"333","Hepatitis B",2013,20,42,"COL",NA,NA,NA,NA
"334","Hepatitis B",2013,21,47,"COL",NA,NA,NA,NA
"335","Hepatitis B",2013,22,43,"COL",NA,NA,NA,NA
"336","Hepatitis B",2013,23,42,"COL",NA,NA,NA,NA
"337","Hepatitis B",2013,24,38,"COL",NA,NA,NA,NA
"338","Hepatitis B",2013,25,45,"COL",NA,NA,NA,NA
"339","Hepatitis B",2013,26,45,"COL",NA,NA,NA,NA
"340","Hepatitis B",2013,27,22,"COL",NA,NA,NA,NA
"341","Hepatitis B",2013,28,39,"COL",NA,NA,NA,NA
"342","Hepatitis B",2013,29,51,"COL",NA,NA,NA,NA
"343","Hepatitis B",2013,30,42,"COL",NA,NA,NA,NA
"344","Hepatitis B",2013,31,47,"COL",NA,NA,NA,NA
"345","Hepatitis B",2013,32,39,"COL",NA,NA,NA,NA
"346","Hepatitis B",2013,33,34,"COL",NA,NA,NA,NA
"347","Hepatitis B",2013,34,41,"COL",NA,NA,NA,NA
"348","Hepatitis B",2013,35,38,"COL",NA,NA,NA,NA
"349","Hepatitis B",2013,36,43,"COL",NA,NA,NA,NA
"350","Hepatitis B",2013,37,48,"COL",NA,NA,NA,NA
"351","Hepatitis B",2013,38,44,"COL",NA,NA,NA,NA
"352","Hepatitis B",2013,39,60,"COL",NA,NA,NA,NA
"353","Hepatitis B",2013,40,39,"COL",NA,NA,NA,NA
"354","Hepatitis B",2013,41,52,"COL",NA,NA,NA,NA
"355","Hepatitis B",2013,42,40,"COL",NA,NA,NA,NA
"356","Hepatitis B",2013,43,49,"COL",NA,NA,NA,NA
"357","Hepatitis B",2013,44,43,"COL",NA,NA,NA,NA
"358","Hepatitis B",2013,45,44,"COL",NA,NA,NA,NA
"359","Hepatitis B",2013,46,47,"COL",NA,NA,NA,NA
"360","Hepatitis B",2013,47,50,"COL",NA,NA,NA,NA
"361","Hepatitis B",2013,48,46,"COL",NA,NA,NA,NA
"362","Hepatitis B",2013,49,35,"COL",NA,NA,NA,NA
"363","Hepatitis B",2013,50,50,"COL",NA,NA,NA,NA
"364","Hepatitis B",2013,51,35,"COL",NA,NA,NA,NA
"365","Hepatitis B",2013,52,26,"COL",NA,NA,NA,NA
"366","Hepatitis B",2014,1,18,"COL",NA,NA,NA,NA
"367","Hepatitis B",2014,2,43,"COL",NA,NA,NA,NA
"368","Hepatitis B",2014,3,43,"COL",NA,NA,NA,NA
"369","Hepatitis B",2014,4,46,"COL",NA,NA,NA,NA
"370","Hepatitis B",2014,5,33,"COL",NA,NA,NA,NA
"371","Hepatitis B",2014,6,53,"COL",NA,NA,NA,NA
"372","Hepatitis B",2014,7,44,"COL",NA,NA,NA,NA
"373","Hepatitis B",2014,8,40,"COL",NA,NA,NA,NA
"374","Hepatitis B",2014,9,38,"COL",NA,NA,NA,NA
"375","Hepatitis B",2014,10,54,"COL",NA,NA,NA,NA
"376","Hepatitis B",2014,11,71,"COL",NA,NA,NA,NA
"377","Hepatitis B",2014,12,49,"COL",NA,NA,NA,NA
"378","Hepatitis B",2014,13,40,"COL",NA,NA,NA,NA
"379","Hepatitis B",2014,14,49,"COL",NA,NA,NA,NA
"380","Hepatitis B",2014,15,47,"COL",NA,NA,NA,NA
"381","Hepatitis B",2014,16,37,"COL",NA,NA,NA,NA
"382","Hepatitis B",2014,17,42,"COL",NA,NA,NA,NA
"383","Hepatitis B",2014,18,41,"COL",NA,NA,NA,NA
"384","Hepatitis B",2014,19,47,"COL",NA,NA,NA,NA
"385","Hepatitis B",2014,20,53,"COL",NA,NA,NA,NA
"386","Hepatitis B",2014,21,54,"COL",NA,NA,NA,NA
"387","Hepatitis B",2014,22,44,"COL",NA,NA,NA,NA
"388","Hepatitis B",2014,23,35,"COL",NA,NA,NA,NA
"389","Hepatitis B",2014,24,38,"COL",NA,NA,NA,NA
"390","Hepatitis B",2014,25,47,"COL",NA,NA,NA,NA
"391","Hepatitis B",2014,26,27,"COL",NA,NA,NA,NA
"392","Hepatitis B",2014,27,29,"COL",NA,NA,NA,NA
"393","Hepatitis B",2014,28,46,"COL",NA,NA,NA,NA
"394","Hepatitis B",2014,29,32,"COL",NA,NA,NA,NA
"395","Hepatitis B",2014,30,42,"COL",NA,NA,NA,NA
"396","Hepatitis B",2014,31,50,"COL",NA,NA,NA,NA
"397","Hepatitis B",2014,32,46,"COL",NA,NA,NA,NA
"398","Hepatitis B",2014,33,49,"COL",NA,NA,NA,NA
"399","Hepatitis B",2014,34,36,"COL",NA,NA,NA,NA
"400","Hepatitis B",2014,35,48,"COL",NA,NA,NA,NA
"401","Hepatitis B",2014,36,44,"COL",NA,NA,NA,NA
"402","Hepatitis B",2014,37,65,"COL",NA,NA,NA,NA
"403","Hepatitis B",2014,38,45,"COL",NA,NA,NA,NA
"404","Hepatitis B",2014,39,35,"COL",NA,NA,NA,NA
"405","Hepatitis B",2014,40,36,"COL",NA,NA,NA,NA
"406","Hepatitis B",2014,41,45,"COL",NA,NA,NA,NA
"407","Hepatitis B",2014,42,45,"COL",NA,NA,NA,NA
"408","Hepatitis B",2014,43,52,"COL",NA,NA,NA,NA
"409","Hepatitis B",2014,44,40,"COL",NA,NA,NA,NA
"410","Hepatitis B",2014,45,26,"COL",NA,NA,NA,NA
"411","Hepatitis B",2014,46,46,"COL",NA,NA,NA,NA
"412","Hepatitis B",2014,47,30,"COL",NA,NA,NA,NA
"413","Hepatitis B",2014,48,47,"COL",NA,NA,NA,NA
"414","Hepatitis B",2014,49,47,"COL",NA,NA,NA,NA
"415","Hepatitis B",2014,50,37,"COL",NA,NA,NA,NA
"416","Hepatitis B",2014,51,37,"COL",NA,NA,NA,NA
"417","Hepatitis B",2014,52,23,"COL",NA,NA,NA,NA
"418","Hepatitis B",2014,53,16,"COL",NA,NA,NA,NA
"419","Hepatitis B",2015,1,28,"COL",NA,NA,NA,NA
"420","Hepatitis B",2015,2,18,"COL",NA,NA,NA,NA
"421","Hepatitis B",2015,3,29,"COL",NA,NA,NA,NA
"422","Hepatitis B",2015,4,34,"COL",NA,NA,NA,NA
"423","Hepatitis B",2015,5,39,"COL",NA,NA,NA,NA
"424","Hepatitis B",2015,6,37,"COL",NA,NA,NA,NA
"425","Hepatitis B",2015,7,33,"COL",NA,NA,NA,NA
"426","Hepatitis B",2015,8,59,"COL",NA,NA,NA,NA
"427","Hepatitis B",2015,9,38,"COL",NA,NA,NA,NA
"428","Hepatitis B",2015,10,39,"COL",NA,NA,NA,NA
"429","Hepatitis B",2015,11,37,"COL",NA,NA,NA,NA
"430","Hepatitis B",2015,12,44,"COL",NA,NA,NA,NA
"431","Hepatitis B",2015,13,27,"COL",NA,NA,NA,NA
"432","Hepatitis B",2015,14,32,"COL",NA,NA,NA,NA
"433","Hepatitis B",2015,15,45,"COL",NA,NA,NA,NA
"434","Hepatitis B",2015,16,37,"COL",NA,NA,NA,NA
"435","Hepatitis B",2015,17,35,"COL",NA,NA,NA,NA
"436","Hepatitis B",2015,18,42,"COL",NA,NA,NA,NA
"437","Hepatitis B",2015,19,32,"COL",NA,NA,NA,NA
"438","Hepatitis B",2015,20,52,"COL",NA,NA,NA,NA
"439","Hepatitis B",2015,21,45,"COL",NA,NA,NA,NA
"440","Hepatitis B",2015,22,23,"COL",NA,NA,NA,NA
"441","Hepatitis B",2015,23,38,"COL",NA,NA,NA,NA
"442","Hepatitis B",2015,24,41,"COL",NA,NA,NA,NA
"443","Hepatitis B",2015,25,38,"COL",NA,NA,NA,NA
"444","Hepatitis B",2015,26,29,"COL",NA,NA,NA,NA
"445","Hepatitis B",2015,27,50,"COL",NA,NA,NA,NA
"446","Hepatitis B",2015,28,52,"COL",NA,NA,NA,NA
"447","Hepatitis B",2015,29,33,"COL",NA,NA,NA,NA
"448","Hepatitis B",2015,30,48,"COL",NA,NA,NA,NA
"449","Hepatitis B",2015,31,47,"COL",NA,NA,NA,NA
"450","Hepatitis B",2015,32,42,"COL",NA,NA,NA,NA
"451","Hepatitis B",2015,33,39,"COL",NA,NA,NA,NA
"452","Hepatitis B",2015,34,47,"COL",NA,NA,NA,NA
"453","Hepatitis B",2015,35,43,"COL",NA,NA,NA,NA
"454","Hepatitis B",2015,36,44,"COL",NA,NA,NA,NA
"455","Hepatitis B",2015,37,46,"COL",NA,NA,NA,NA
"456","Hepatitis B",2015,38,47,"COL",NA,NA,NA,NA
"457","Hepatitis B",2015,39,32,"COL",NA,NA,NA,NA
"458","Hepatitis B",2015,40,33,"COL",NA,NA,NA,NA
"459","Hepatitis B",2015,41,41,"COL",NA,NA,NA,NA
"460","Hepatitis B",2015,42,26,"COL",NA,NA,NA,NA
"461","Hepatitis B",2015,43,33,"COL",NA,NA,NA,NA
"462","Hepatitis B",2015,44,33,"COL",NA,NA,NA,NA
"463","Hepatitis B",2015,45,33,"COL",NA,NA,NA,NA
"464","Hepatitis B",2015,46,34,"COL",NA,NA,NA,NA
"465","Hepatitis B",2015,47,43,"COL",NA,NA,NA,NA
"466","Hepatitis B",2015,48,25,"COL",NA,NA,NA,NA
"467","Hepatitis B",2015,49,34,"COL",NA,NA,NA,NA
"468","Hepatitis B",2015,50,31,"COL",NA,NA,NA,NA
"469","Hepatitis B",2015,51,27,"COL",NA,NA,NA,NA
"470","Hepatitis B",2015,52,25,"COL",NA,NA,NA,NA
"471","Hepatitis B",2016,1,11,"COL",NA,NA,NA,NA
"472","Hepatitis B",2016,2,28,"COL",NA,NA,NA,NA
"473","Hepatitis B",2016,3,23,"COL",NA,NA,NA,NA
"474","Hepatitis B",2016,4,27,"COL",NA,NA,NA,NA
"475","Hepatitis B",2016,5,21,"COL",NA,NA,NA,NA
"476","Hepatitis B",2016,6,33,"COL",NA,NA,NA,NA
"477","Hepatitis B",2016,7,31,"COL",NA,NA,NA,NA
"478","Hepatitis B",2016,8,25,"COL",NA,NA,NA,NA
"479","Hepatitis B",2016,9,26,"COL",NA,NA,NA,NA
"480","Hepatitis B",2016,10,28,"COL",NA,NA,NA,NA
"481","Hepatitis B",2016,11,16,"COL",NA,NA,NA,NA
"482","Hepatitis B",2016,12,15,"COL",NA,NA,NA,NA
"483","Hepatitis B",2016,13,31,"COL",NA,NA,NA,NA
"484","Hepatitis B",2016,14,39,"COL",NA,NA,NA,NA
"485","Hepatitis B",2016,15,28,"COL",NA,NA,NA,NA
"486","Hepatitis B",2016,16,23,"COL",NA,NA,NA,NA
"487","Hepatitis B",2016,17,34,"COL",NA,NA,NA,NA
"488","Hepatitis B",2016,18,27,"COL",NA,NA,NA,NA
"489","Hepatitis B",2016,19,28,"COL",NA,NA,NA,NA
"490","Hepatitis B",2016,20,25,"COL",NA,NA,NA,NA
"491","Hepatitis B",2016,21,21,"COL",NA,NA,NA,NA
"492","Hepatitis B",2016,22,18,"COL",NA,NA,NA,NA
"493","Hepatitis B",2016,23,26,"COL",NA,NA,NA,NA
"494","Hepatitis B",2016,24,28,"COL",NA,NA,NA,NA
"495","Hepatitis B",2016,25,19,"COL",NA,NA,NA,NA
"496","Hepatitis B",2016,26,31,"COL",NA,NA,NA,NA
"497","Hepatitis B",2016,27,24,"COL",NA,NA,NA,NA
"498","Hepatitis B",2016,28,25,"COL",NA,NA,NA,NA
"499","Hepatitis B",2016,29,13,"COL",NA,NA,NA,NA
"500","Hepatitis B",2016,30,24,"COL",NA,NA,NA,NA
"501","Hepatitis B",2016,31,29,"COL",NA,NA,NA,NA
"502","Hepatitis B",2016,32,39,"COL",NA,NA,NA,NA
"503","Hepatitis B",2016,33,21,"COL",NA,NA,NA,NA
"504","Hepatitis B",2016,34,25,"COL",NA,NA,NA,NA
"505","Hepatitis B",2016,35,29,"COL",NA,NA,NA,NA
"506","Hepatitis B",2016,36,26,"COL",NA,NA,NA,NA
"507","Hepatitis B",2016,37,26,"COL",NA,NA,NA,NA
"508","Hepatitis B",2016,38,31,"COL",NA,NA,NA,NA
"509","Hepatitis B",2016,39,23,"COL",NA,NA,NA,NA
"510","Hepatitis B",2016,40,23,"COL",NA,NA,NA,NA
"511","Hepatitis B",2016,41,32,"COL",NA,NA,NA,NA
"512","Hepatitis B",2016,42,38,"COL",NA,NA,NA,NA
"513","Hepatitis B",2016,43,32,"COL",NA,NA,NA,NA
"514","Hepatitis B",2016,44,20,"COL",NA,NA,NA,NA
"515","Hepatitis B",2016,45,31,"COL",NA,NA,NA,NA
"516","Hepatitis B",2016,46,16,"COL",NA,NA,NA,NA
"517","Hepatitis B",2016,47,22,"COL",NA,NA,NA,NA
"518","Hepatitis B",2016,48,13,"COL",NA,NA,NA,NA
"519","Hepatitis B",2016,49,21,"COL",NA,NA,NA,NA
"520","Hepatitis B",2016,50,20,"COL",NA,NA,NA,NA
"521","Hepatitis B",2016,51,27,"COL",NA,NA,NA,NA
"522","Hepatitis B",2016,52,25,"COL",NA,NA,NA,NA
"523","Hepatitis B",2017,1,19,"COL",NA,NA,NA,NA
"524","Hepatitis B",2017,2,27,"COL",NA,NA,NA,NA
"525","Hepatitis B",2017,3,35,"COL",NA,NA,NA,NA
"526","Hepatitis B",2017,4,33,"COL",NA,NA,NA,NA
"527","Hepatitis B",2017,5,29,"COL",NA,NA,NA,NA
"528","Hepatitis B",2017,6,34,"COL",NA,NA,NA,NA
"529","Hepatitis B",2017,7,38,"COL",NA,NA,NA,NA
"530","Hepatitis B",2017,8,34,"COL",NA,NA,NA,NA
"531","Hepatitis B",2017,9,46,"COL",NA,NA,NA,NA
"532","Hepatitis B",2017,10,42,"COL",NA,NA,NA,NA
"533","Hepatitis B",2017,11,41,"COL",NA,NA,NA,NA
"534","Hepatitis B",2017,12,27,"COL",NA,NA,NA,NA
"535","Hepatitis B",2017,13,25,"COL",NA,NA,NA,NA
"536","Hepatitis B",2017,14,28,"COL",NA,NA,NA,NA
"537","Hepatitis B",2017,15,30,"COL",NA,NA,NA,NA
"538","Hepatitis B",2017,16,38,"COL",NA,NA,NA,NA
"539","Hepatitis B",2017,17,45,"COL",NA,NA,NA,NA
"540","Hepatitis B",2017,18,29,"COL",NA,NA,NA,NA
"541","Hepatitis B",2017,19,25,"COL",NA,NA,NA,NA
"542","Hepatitis B",2017,20,43,"COL",NA,NA,NA,NA
"543","Hepatitis B",2017,21,37,"COL",NA,NA,NA,NA
"544","Hepatitis B",2017,22,30,"COL",NA,NA,NA,NA
"545","Hepatitis B",2017,23,38,"COL",NA,NA,NA,NA
"546","Hepatitis B",2017,24,50,"COL",NA,NA,NA,NA
"547","Hepatitis B",2017,25,31,"COL",NA,NA,NA,NA
"548","Hepatitis B",2017,26,33,"COL",NA,NA,NA,NA
"549","Hepatitis B",2017,27,24,"COL",NA,NA,NA,NA
"550","Hepatitis B",2017,28,39,"COL",NA,NA,NA,NA
"551","Hepatitis B",2017,29,41,"COL",NA,NA,NA,NA
"552","Hepatitis B",2017,30,45,"COL",NA,NA,NA,NA
"553","Hepatitis B",2017,31,33,"COL",NA,NA,NA,NA
"554","Hepatitis B",2017,32,31,"COL",NA,NA,NA,NA
"555","Hepatitis B",2017,33,38,"COL",NA,NA,NA,NA
"556","Hepatitis B",2017,34,33,"COL",NA,NA,NA,NA
"557","Hepatitis B",2017,35,37,"COL",NA,NA,NA,NA
"558","Hepatitis B",2017,36,40,"COL",NA,NA,NA,NA
"559","Hepatitis B",2017,37,38,"COL",NA,NA,NA,NA
"560","Hepatitis B",2017,38,41,"COL",NA,NA,NA,NA
"561","Hepatitis B",2017,39,42,"COL",NA,NA,NA,NA
"562","Hepatitis B",2017,40,38,"COL",NA,NA,NA,NA
"563","Hepatitis B",2017,41,38,"COL",NA,NA,NA,NA
"564","Hepatitis B",2017,42,34,"COL",NA,NA,NA,NA
"565","Hepatitis B",2017,43,34,"COL",NA,NA,NA,NA
"566","Hepatitis B",2017,44,37,"COL",NA,NA,NA,NA
"567","Hepatitis B",2017,45,27,"COL",NA,NA,NA,NA
"568","Hepatitis B",2017,46,42,"COL",NA,NA,NA,NA
"569","Hepatitis B",2017,47,44,"COL",NA,NA,NA,NA
"570","Hepatitis B",2017,48,52,"COL",NA,NA,NA,NA
"571","Hepatitis B",2017,49,38,"COL",NA,NA,NA,NA
"572","Hepatitis B",2017,50,40,"COL",NA,NA,NA,NA
"573","Hepatitis B",2017,51,37,"COL",NA,NA,NA,NA
"574","Hepatitis B",2017,52,27,"COL",NA,NA,NA,NA
"575","Hepatitis B",2018,1,37,"COL",NA,NA,NA,NA
"576","Hepatitis B",2018,2,33,"COL",NA,NA,NA,NA
"577","Hepatitis B",2018,3,34,"COL",NA,NA,NA,NA
"578","Hepatitis B",2018,4,38,"COL",NA,NA,NA,NA
"579","Hepatitis B",2018,5,41,"COL",NA,NA,NA,NA
"580","Hepatitis B",2018,6,28,"COL",NA,NA,NA,NA
"581","Hepatitis B",2018,7,39,"COL",NA,NA,NA,NA
"582","Hepatitis B",2018,8,39,"COL",NA,NA,NA,NA
"583","Hepatitis B",2018,9,34,"COL",NA,NA,NA,NA
"584","Hepatitis B",2018,10,33,"COL",NA,NA,NA,NA
"585","Hepatitis B",2018,11,49,"COL",NA,NA,NA,NA
"586","Hepatitis B",2018,12,40,"COL",NA,NA,NA,NA
"587","Hepatitis B",2018,13,30,"COL",NA,NA,NA,NA
"588","Hepatitis B",2018,14,35,"COL",NA,NA,NA,NA
"589","Hepatitis B",2018,15,43,"COL",NA,NA,NA,NA
"590","Hepatitis B",2018,16,35,"COL",NA,NA,NA,NA
"591","Hepatitis B",2018,17,34,"COL",NA,NA,NA,NA
"592","Hepatitis B",2018,18,33,"COL",NA,NA,NA,NA
"593","Hepatitis B",2018,19,41,"COL",NA,NA,NA,NA
"594","Hepatitis B",2018,20,34,"COL",NA,NA,NA,NA
"595","Hepatitis B",2018,21,43,"COL",NA,NA,NA,NA
"596","Hepatitis B",2018,22,48,"COL",NA,NA,NA,NA
"597","Hepatitis B",2018,23,32,"COL",NA,NA,NA,NA
"598","Hepatitis B",2018,24,27,"COL",NA,NA,NA,NA
"599","Hepatitis B",2018,25,36,"COL",NA,NA,NA,NA
"600","Hepatitis B",2018,26,34,"COL",NA,NA,NA,NA
"601","Hepatitis B",2018,27,31,"COL",NA,NA,NA,NA
"602","Hepatitis B",2018,28,50,"COL",NA,NA,NA,NA
"603","Hepatitis B",2018,29,46,"COL",NA,NA,NA,NA
"604","Hepatitis B",2018,30,24,"COL",NA,NA,NA,NA
"605","Hepatitis B",2018,31,43,"COL",NA,NA,NA,NA
"606","Hepatitis B",2018,32,36,"COL",NA,NA,NA,NA
"607","Hepatitis B",2018,33,36,"COL",NA,NA,NA,NA
"608","Hepatitis B",2018,34,40,"COL",NA,NA,NA,NA
"609","Hepatitis B",2018,35,41,"COL",NA,NA,NA,NA
"610","Hepatitis B",2018,36,52,"COL",NA,NA,NA,NA
"611","Hepatitis B",2018,37,43,"COL",NA,NA,NA,NA
"612","Hepatitis B",2018,38,47,"COL",NA,NA,NA,NA
"613","Hepatitis B",2018,39,52,"COL",NA,NA,NA,NA
"614","Hepatitis B",2018,40,54,"COL",NA,NA,NA,NA
"615","Hepatitis B",2018,41,43,"COL",NA,NA,NA,NA
"616","Hepatitis B",2018,42,40,"COL",NA,NA,NA,NA
"617","Hepatitis B",2018,43,48,"COL",NA,NA,NA,NA
"618","Hepatitis B",2018,44,41,"COL",NA,NA,NA,NA
"619","Hepatitis B",2018,45,33,"COL",NA,NA,NA,NA
"620","Hepatitis B",2018,46,32,"COL",NA,NA,NA,NA
"621","Hepatitis B",2018,47,41,"COL",NA,NA,NA,NA
"622","Hepatitis B",2018,48,37,"COL",NA,NA,NA,NA
"623","Hepatitis B",2018,49,38,"COL",NA,NA,NA,NA
"624","Hepatitis B",2018,50,52,"COL",NA,NA,NA,NA
"625","Hepatitis B",2018,51,39,"COL",NA,NA,NA,NA
"626","Hepatitis B",2018,52,30,"COL",NA,NA,NA,NA
