"","Disease","EpiYear","EpiWeek","Incidence","ADM0","ADM1","ADM2","NA","NA"
"1","Varicella",2014,1,40,"SLV",NA,NA,NA,NA
"2","Varicella",2014,2,143,"SLV",NA,NA,NA,NA
"3","Varicella",2014,3,120,"SLV",NA,NA,NA,NA
"4","Varicella",2014,4,128,"SLV",NA,NA,NA,NA
"5","Varicella",2014,5,165,"SLV",NA,NA,NA,NA
"6","Varicella",2014,6,252,"SLV",NA,NA,NA,NA
"7","Varicella",2014,7,230,"SLV",NA,NA,NA,NA
"8","Varicella",2014,8,314,"SLV",NA,NA,NA,NA
"9","Varicella",2014,9,276,"SLV",NA,NA,NA,NA
"10","Varicella",2014,10,301,"SLV",NA,NA,NA,NA
"11","Varicella",2014,11,326,"SLV",NA,NA,NA,NA
"12","Varicella",2014,12,332,"SLV",NA,NA,NA,NA
"13","Varicella",2014,13,314,"SLV",NA,NA,NA,NA
"14","Varicella",2014,14,352,"SLV",NA,NA,NA,NA
"15","Varicella",2014,15,265,"SLV",NA,NA,NA,NA
"16","Varicella",2014,16,145,"SLV",NA,NA,NA,NA
"17","Varicella",2014,17,279,"SLV",NA,NA,NA,NA
"18","Varicella",2014,18,288,"SLV",NA,NA,NA,NA
"19","Varicella",2014,19,242,"SLV",NA,NA,NA,NA
"20","Varicella",2014,20,277,"SLV",NA,NA,NA,NA
"21","Varicella",2014,21,226,"SLV",NA,NA,NA,NA
"22","Varicella",2014,22,255,"SLV",NA,NA,NA,NA
"23","Varicella",2014,23,148,"SLV",NA,NA,NA,NA
"24","Varicella",2014,24,200,"SLV",NA,NA,NA,NA
"25","Varicella",2014,25,198,"SLV",NA,NA,NA,NA
"26","Varicella",2014,26,152,"SLV",NA,NA,NA,NA
"27","Varicella",2014,27,101,"SLV",NA,NA,NA,NA
