"","Disease","EpiYear","EpiWeek","Incidence","ADM0","ADM1","ADM2","NA","NA"
"1","Chikungunya",2014,28,177,"SLV",NA,NA,NA,NA
"2","Chikungunya",2014,29,216,"SLV",NA,NA,NA,NA
"3","Chikungunya",2014,30,331,"SLV",NA,NA,NA,NA
"4","Chikungunya",2014,31,512,"SLV",NA,NA,NA,NA
"5","Chikungunya",2014,32,753,"SLV",NA,NA,NA,NA
"6","Chikungunya",2014,33,1778,"SLV",NA,NA,NA,NA
"7","Chikungunya",2014,34,2954,"SLV",NA,NA,NA,NA
"8","Chikungunya",2014,35,3652,"SLV",NA,NA,NA,NA
"9","Chikungunya",2014,36,4949,"SLV",NA,NA,NA,NA
"10","Chikungunya",2014,37,4691,"SLV",NA,NA,NA,NA
"11","Chikungunya",2014,38,7036,"SLV",NA,NA,NA,NA
"12","Chikungunya",2014,39,8169,"SLV",NA,NA,NA,NA
"13","Chikungunya",2014,40,8181,"SLV",NA,NA,NA,NA
"14","Chikungunya",2014,41,10228,"SLV",NA,NA,NA,NA
"15","Chikungunya",2014,42,8751,"SLV",NA,NA,NA,NA
"16","Chikungunya",2014,43,7796,"SLV",NA,NA,NA,NA
"17","Chikungunya",2014,44,6411,"SLV",NA,NA,NA,NA
"18","Chikungunya",2014,45,5881,"SLV",NA,NA,NA,NA
"19","Chikungunya",2014,46,5377,"SLV",NA,NA,NA,NA
"20","Chikungunya",2014,47,4719,"SLV",NA,NA,NA,NA
"21","Chikungunya",2014,48,3298,"SLV",NA,NA,NA,NA
"22","Chikungunya",2014,49,2422,"SLV",NA,NA,NA,NA
"23","Chikungunya",2014,50,1861,"SLV",NA,NA,NA,NA
"24","Chikungunya",2014,51,912,"SLV",NA,NA,NA,NA
"25","Chikungunya",2015,1,920,"SLV",NA,NA,NA,NA
"26","Chikungunya",2015,2,787,"SLV",NA,NA,NA,NA
"27","Chikungunya",2015,3,701,"SLV",NA,NA,NA,NA
"28","Chikungunya",2015,4,529,"SLV",NA,NA,NA,NA
"29","Chikungunya",2015,5,534,"SLV",NA,NA,NA,NA
"30","Chikungunya",2015,6,452,"SLV",NA,NA,NA,NA
"31","Chikungunya",2015,7,364,"SLV",NA,NA,NA,NA
"32","Chikungunya",2015,8,284,"SLV",NA,NA,NA,NA
"33","Chikungunya",2015,9,298,"SLV",NA,NA,NA,NA
"34","Chikungunya",2015,10,296,"SLV",NA,NA,NA,NA
"35","Chikungunya",2015,11,190,"SLV",NA,NA,NA,NA
"36","Chikungunya",2015,12,165,"SLV",NA,NA,NA,NA
"37","Chikungunya",2015,13,203,"SLV",NA,NA,NA,NA
"38","Chikungunya",2015,14,340,"SLV",NA,NA,NA,NA
"39","Chikungunya",2015,15,318,"SLV",NA,NA,NA,NA
"40","Chikungunya",2015,16,372,"SLV",NA,NA,NA,NA
"41","Chikungunya",2015,17,324,"SLV",NA,NA,NA,NA
"42","Chikungunya",2015,18,546,"SLV",NA,NA,NA,NA
"43","Chikungunya",2015,19,680,"SLV",NA,NA,NA,NA
"44","Chikungunya",2015,20,883,"SLV",NA,NA,NA,NA
"45","Chikungunya",2015,21,1210,"SLV",NA,NA,NA,NA
"46","Chikungunya",2015,22,1509,"SLV",NA,NA,NA,NA
"47","Chikungunya",2015,23,1780,"SLV",NA,NA,NA,NA
"48","Chikungunya",2015,24,1996,"SLV",NA,NA,NA,NA
"49","Chikungunya",2015,25,2282,"SLV",NA,NA,NA,NA
"50","Chikungunya",2015,26,2631,"SLV",NA,NA,NA,NA
"51","Chikungunya",2015,27,2857,"SLV",NA,NA,NA,NA
"52","Chikungunya",2015,28,2262,"SLV",NA,NA,NA,NA
"53","Chikungunya",2015,29,1615,"SLV",NA,NA,NA,NA
"54","Chikungunya",2015,30,1744,"SLV",NA,NA,NA,NA
"55","Chikungunya",2015,31,839,"SLV",NA,NA,NA,NA
"56","Chikungunya",2015,32,2015,"SLV",NA,NA,NA,NA
"57","Chikungunya",2015,33,1297,"SLV",NA,NA,NA,NA
"58","Chikungunya",2015,34,1697,"SLV",NA,NA,NA,NA
"59","Chikungunya",2015,35,1626,"SLV",NA,NA,NA,NA
"60","Chikungunya",2015,36,1009,"SLV",NA,NA,NA,NA
"61","Chikungunya",2015,37,1260,"SLV",NA,NA,NA,NA
"62","Chikungunya",2015,38,1397,"SLV",NA,NA,NA,NA
"63","Chikungunya",2015,39,1322,"SLV",NA,NA,NA,NA
"64","Chikungunya",2015,40,1382,"SLV",NA,NA,NA,NA
"65","Chikungunya",2015,41,1477,"SLV",NA,NA,NA,NA
"66","Chikungunya",2015,42,1529,"SLV",NA,NA,NA,NA
"67","Chikungunya",2015,43,1257,"SLV",NA,NA,NA,NA
"68","Chikungunya",2015,44,1470,"SLV",NA,NA,NA,NA
"69","Chikungunya",2015,45,1514,"SLV",NA,NA,NA,NA
"70","Chikungunya",2015,46,1494,"SLV",NA,NA,NA,NA
"71","Chikungunya",2015,47,1299,"SLV",NA,NA,NA,NA
"72","Chikungunya",2015,48,1147,"SLV",NA,NA,NA,NA
"73","Chikungunya",2015,49,946,"SLV",NA,NA,NA,NA
"74","Chikungunya",2015,50,535,"SLV",NA,NA,NA,NA
"75","Chikungunya",2015,51,483,"SLV",NA,NA,NA,NA
"76","Chikungunya",2015,52,288,"SLV",NA,NA,NA,NA
"77","Chikungunya",2016,1,718,"SLV",NA,NA,NA,NA
"78","Chikungunya",2016,2,667,"SLV",NA,NA,NA,NA
"79","Chikungunya",2016,3,599,"SLV",NA,NA,NA,NA
"80","Chikungunya",2016,4,522,"SLV",NA,NA,NA,NA
"81","Chikungunya",2016,5,390,"SLV",NA,NA,NA,NA
"82","Chikungunya",2016,6,270,"SLV",NA,NA,NA,NA
"83","Chikungunya",2016,7,158,"SLV",NA,NA,NA,NA
"84","Chikungunya",2016,8,166,"SLV",NA,NA,NA,NA
"85","Chikungunya",2016,9,148,"SLV",NA,NA,NA,NA
"86","Chikungunya",2016,10,91,"SLV",NA,NA,NA,NA
"87","Chikungunya",2016,11,82,"SLV",NA,NA,NA,NA
"88","Chikungunya",2016,12,62,"SLV",NA,NA,NA,NA
"89","Chikungunya",2016,13,78,"SLV",NA,NA,NA,NA
"90","Chikungunya",2016,14,91,"SLV",NA,NA,NA,NA
"91","Chikungunya",2016,15,91,"SLV",NA,NA,NA,NA
"92","Chikungunya",2016,16,88,"SLV",NA,NA,NA,NA
"93","Chikungunya",2016,17,77,"SLV",NA,NA,NA,NA
"94","Chikungunya",2016,18,83,"SLV",NA,NA,NA,NA
"95","Chikungunya",2016,19,82,"SLV",NA,NA,NA,NA
"96","Chikungunya",2016,20,84,"SLV",NA,NA,NA,NA
"97","Chikungunya",2016,21,81,"SLV",NA,NA,NA,NA
"98","Chikungunya",2016,22,80,"SLV",NA,NA,NA,NA
"99","Chikungunya",2016,23,73,"SLV",NA,NA,NA,NA
"100","Chikungunya",2016,24,53,"SLV",NA,NA,NA,NA
"101","Chikungunya",2016,25,58,"SLV",NA,NA,NA,NA
"102","Chikungunya",2016,26,53,"SLV",NA,NA,NA,NA
"103","Chikungunya",2016,27,63,"SLV",NA,NA,NA,NA
"104","Chikungunya",2016,28,53,"SLV",NA,NA,NA,NA
"105","Chikungunya",2016,29,37,"SLV",NA,NA,NA,NA
"106","Chikungunya",2016,30,34,"SLV",NA,NA,NA,NA
"107","Chikungunya",2016,31,22,"SLV",NA,NA,NA,NA
"108","Chikungunya",2016,32,46,"SLV",NA,NA,NA,NA
"109","Chikungunya",2016,33,50,"SLV",NA,NA,NA,NA
"110","Chikungunya",2016,34,39,"SLV",NA,NA,NA,NA
"111","Chikungunya",2016,35,33,"SLV",NA,NA,NA,NA
"112","Chikungunya",2016,36,31,"SLV",NA,NA,NA,NA
"113","Chikungunya",2016,37,21,"SLV",NA,NA,NA,NA
"114","Chikungunya",2016,38,24,"SLV",NA,NA,NA,NA
"115","Chikungunya",2016,39,29,"SLV",NA,NA,NA,NA
"116","Chikungunya",2016,40,21,"SLV",NA,NA,NA,NA
"117","Chikungunya",2016,41,25,"SLV",NA,NA,NA,NA
"118","Chikungunya",2016,42,17,"SLV",NA,NA,NA,NA
"119","Chikungunya",2016,43,14,"SLV",NA,NA,NA,NA
"120","Chikungunya",2016,44,23,"SLV",NA,NA,NA,NA
"121","Chikungunya",2016,45,22,"SLV",NA,NA,NA,NA
"122","Chikungunya",2016,46,27,"SLV",NA,NA,NA,NA
"123","Chikungunya",2016,47,10,"SLV",NA,NA,NA,NA
"124","Chikungunya",2016,48,20,"SLV",NA,NA,NA,NA
"125","Chikungunya",2016,49,13,"SLV",NA,NA,NA,NA
"126","Chikungunya",2016,50,6,"SLV",NA,NA,NA,NA
"127","Chikungunya",2016,51,7,"SLV",NA,NA,NA,NA
"128","Chikungunya",2016,52,2,"SLV",NA,NA,NA,NA
"129","Chikungunya",2017,1,9,"SLV",NA,NA,NA,NA
"130","Chikungunya",2017,2,9,"SLV",NA,NA,NA,NA
"131","Chikungunya",2017,3,12,"SLV",NA,NA,NA,NA
"132","Chikungunya",2017,4,6,"SLV",NA,NA,NA,NA
"133","Chikungunya",2017,5,11,"SLV",NA,NA,NA,NA
"134","Chikungunya",2017,6,11,"SLV",NA,NA,NA,NA
"135","Chikungunya",2017,7,17,"SLV",NA,NA,NA,NA
"136","Chikungunya",2017,8,10,"SLV",NA,NA,NA,NA
"137","Chikungunya",2017,9,20,"SLV",NA,NA,NA,NA
"138","Chikungunya",2017,10,13,"SLV",NA,NA,NA,NA
"139","Chikungunya",2017,11,18,"SLV",NA,NA,NA,NA
"140","Chikungunya",2017,12,10,"SLV",NA,NA,NA,NA
"141","Chikungunya",2017,13,9,"SLV",NA,NA,NA,NA
"142","Chikungunya",2017,14,13,"SLV",NA,NA,NA,NA
"143","Chikungunya",2017,15,8,"SLV",NA,NA,NA,NA
"144","Chikungunya",2017,16,5,"SLV",NA,NA,NA,NA
"145","Chikungunya",2017,17,9,"SLV",NA,NA,NA,NA
"146","Chikungunya",2017,18,9,"SLV",NA,NA,NA,NA
"147","Chikungunya",2017,19,10,"SLV",NA,NA,NA,NA
"148","Chikungunya",2017,20,15,"SLV",NA,NA,NA,NA
"149","Chikungunya",2017,21,18,"SLV",NA,NA,NA,NA
"150","Chikungunya",2017,22,17,"SLV",NA,NA,NA,NA
"151","Chikungunya",2017,23,17,"SLV",NA,NA,NA,NA
"152","Chikungunya",2017,24,13,"SLV",NA,NA,NA,NA
"153","Chikungunya",2017,25,14,"SLV",NA,NA,NA,NA
"154","Chikungunya",2017,26,9,"SLV",NA,NA,NA,NA
"155","Chikungunya",2017,27,10,"SLV",NA,NA,NA,NA
"156","Chikungunya",2017,28,9,"SLV",NA,NA,NA,NA
"157","Chikungunya",2017,29,9,"SLV",NA,NA,NA,NA
"158","Chikungunya",2017,31,6,"SLV",NA,NA,NA,NA
"159","Chikungunya",2017,32,4,"SLV",NA,NA,NA,NA
"160","Chikungunya",2017,33,4,"SLV",NA,NA,NA,NA
"161","Chikungunya",2017,34,10,"SLV",NA,NA,NA,NA
"162","Chikungunya",2017,35,12,"SLV",NA,NA,NA,NA
"163","Chikungunya",2017,36,7,"SLV",NA,NA,NA,NA
"164","Chikungunya",2017,37,6,"SLV",NA,NA,NA,NA
"165","Chikungunya",2017,38,9,"SLV",NA,NA,NA,NA
"166","Chikungunya",2017,39,9,"SLV",NA,NA,NA,NA
"167","Chikungunya",2017,41,7,"SLV",NA,NA,NA,NA
"168","Chikungunya",2017,42,10,"SLV",NA,NA,NA,NA
"169","Chikungunya",2017,43,4,"SLV",NA,NA,NA,NA
"170","Chikungunya",2017,44,8,"SLV",NA,NA,NA,NA
"171","Chikungunya",2017,45,5,"SLV",NA,NA,NA,NA
"172","Chikungunya",2017,46,3,"SLV",NA,NA,NA,NA
"173","Chikungunya",2017,47,7,"SLV",NA,NA,NA,NA
"174","Chikungunya",2017,48,6,"SLV",NA,NA,NA,NA
"175","Chikungunya",2017,49,2,"SLV",NA,NA,NA,NA
"176","Chikungunya",2017,50,4,"SLV",NA,NA,NA,NA
"177","Chikungunya",2017,52,5,"SLV",NA,NA,NA,NA
"178","Chikungunya",2018,1,3,"SLV",NA,NA,NA,NA
"179","Chikungunya",2018,2,2,"SLV",NA,NA,NA,NA
"180","Chikungunya",2018,3,7,"SLV",NA,NA,NA,NA
"181","Chikungunya",2018,4,6,"SLV",NA,NA,NA,NA
"182","Chikungunya",2018,5,7,"SLV",NA,NA,NA,NA
"183","Chikungunya",2018,6,9,"SLV",NA,NA,NA,NA
"184","Chikungunya",2018,7,6,"SLV",NA,NA,NA,NA
"185","Chikungunya",2018,8,4,"SLV",NA,NA,NA,NA
"186","Chikungunya",2018,9,4,"SLV",NA,NA,NA,NA
"187","Chikungunya",2018,10,5,"SLV",NA,NA,NA,NA
"188","Chikungunya",2018,11,5,"SLV",NA,NA,NA,NA
"189","Chikungunya",2018,12,6,"SLV",NA,NA,NA,NA
"190","Chikungunya",2018,13,6,"SLV",NA,NA,NA,NA
"191","Chikungunya",2018,14,7,"SLV",NA,NA,NA,NA
"192","Chikungunya",2018,15,10,"SLV",NA,NA,NA,NA
"193","Chikungunya",2018,16,7,"SLV",NA,NA,NA,NA
"194","Chikungunya",2018,17,7,"SLV",NA,NA,NA,NA
"195","Chikungunya",2018,18,4,"SLV",NA,NA,NA,NA
"196","Chikungunya",2018,19,6,"SLV",NA,NA,NA,NA
"197","Chikungunya",2018,20,11,"SLV",NA,NA,NA,NA
"198","Chikungunya",2018,21,5,"SLV",NA,NA,NA,NA
"199","Chikungunya",2018,22,11,"SLV",NA,NA,NA,NA
"200","Chikungunya",2018,23,7,"SLV",NA,NA,NA,NA
"201","Chikungunya",2018,24,9,"SLV",NA,NA,NA,NA
"202","Chikungunya",2018,25,5,"SLV",NA,NA,NA,NA
"203","Chikungunya",2018,26,5,"SLV",NA,NA,NA,NA
"204","Chikungunya",2018,27,14,"SLV",NA,NA,NA,NA
"205","Chikungunya",2018,28,14,"SLV",NA,NA,NA,NA
"206","Chikungunya",2018,29,5,"SLV",NA,NA,NA,NA
"207","Chikungunya",2018,30,5,"SLV",NA,NA,NA,NA
"208","Chikungunya",2018,31,12,"SLV",NA,NA,NA,NA
"209","Chikungunya",2018,32,8,"SLV",NA,NA,NA,NA
"210","Chikungunya",2018,33,10,"SLV",NA,NA,NA,NA
"211","Chikungunya",2018,34,11,"SLV",NA,NA,NA,NA
"212","Chikungunya",2018,35,7,"SLV",NA,NA,NA,NA
"213","Chikungunya",2018,36,7,"SLV",NA,NA,NA,NA
"214","Chikungunya",2018,37,9,"SLV",NA,NA,NA,NA
"215","Chikungunya",2018,38,10,"SLV",NA,NA,NA,NA
"216","Chikungunya",2018,39,8,"SLV",NA,NA,NA,NA
"217","Chikungunya",2018,40,14,"SLV",NA,NA,NA,NA
"218","Chikungunya",2018,41,2,"SLV",NA,NA,NA,NA
"219","Chikungunya",2018,42,11,"SLV",NA,NA,NA,NA
"220","Chikungunya",2018,43,14,"SLV",NA,NA,NA,NA
"221","Chikungunya",2018,44,11,"SLV",NA,NA,NA,NA
"222","Chikungunya",2018,45,12,"SLV",NA,NA,NA,NA
"223","Chikungunya",2018,46,8,"SLV",NA,NA,NA,NA
"224","Chikungunya",2018,47,8,"SLV",NA,NA,NA,NA
"225","Chikungunya",2018,48,5,"SLV",NA,NA,NA,NA
"226","Chikungunya",2018,49,6,"SLV",NA,NA,NA,NA
"227","Chikungunya",2018,50,1,"SLV",NA,NA,NA,NA
"228","Chikungunya",2018,51,2,"SLV",NA,NA,NA,NA
"229","Chikungunya",2018,52,4,"SLV",NA,NA,NA,NA
"230","Chikungunya",2019,1,1,"SLV",NA,NA,NA,NA
"231","Chikungunya",2019,2,4,"SLV",NA,NA,NA,NA
"232","Chikungunya",2019,3,6,"SLV",NA,NA,NA,NA
"233","Chikungunya",2019,4,10,"SLV",NA,NA,NA,NA
"234","Chikungunya",2019,5,9,"SLV",NA,NA,NA,NA
"235","Chikungunya",2019,6,5,"SLV",NA,NA,NA,NA
"236","Chikungunya",2019,7,8,"SLV",NA,NA,NA,NA
"237","Chikungunya",2019,8,10,"SLV",NA,NA,NA,NA
"238","Chikungunya",2019,9,13,"SLV",NA,NA,NA,NA
"239","Chikungunya",2019,10,8,"SLV",NA,NA,NA,NA
"240","Chikungunya",2019,11,8,"SLV",NA,NA,NA,NA
"241","Chikungunya",2019,12,10,"SLV",NA,NA,NA,NA
"242","Chikungunya",2019,13,10,"SLV",NA,NA,NA,NA
"243","Chikungunya",2019,14,7,"SLV",NA,NA,NA,NA
"244","Chikungunya",2019,15,2,"SLV",NA,NA,NA,NA
"245","Chikungunya",2019,16,9,"SLV",NA,NA,NA,NA
"246","Chikungunya",2019,17,7,"SLV",NA,NA,NA,NA
"247","Chikungunya",2019,18,12,"SLV",NA,NA,NA,NA
"248","Chikungunya",2019,19,10,"SLV",NA,NA,NA,NA
"249","Chikungunya",2019,20,8,"SLV",NA,NA,NA,NA
"250","Chikungunya",2019,21,15,"SLV",NA,NA,NA,NA
"251","Chikungunya",2019,22,17,"SLV",NA,NA,NA,NA
"252","Chikungunya",2019,23,20,"SLV",NA,NA,NA,NA
"253","Chikungunya",2019,24,13,"SLV",NA,NA,NA,NA
"254","Chikungunya",2019,25,29,"SLV",NA,NA,NA,NA
"255","Chikungunya",2019,26,27,"SLV",NA,NA,NA,NA
"256","Chikungunya",2019,27,32,"SLV",NA,NA,NA,NA
"257","Chikungunya",2019,28,18,"SLV",NA,NA,NA,NA
"258","Chikungunya",2019,29,30,"SLV",NA,NA,NA,NA
"259","Chikungunya",2019,30,28,"SLV",NA,NA,NA,NA
"260","Chikungunya",2019,31,23,"SLV",NA,NA,NA,NA
"261","Chikungunya",2019,32,21,"SLV",NA,NA,NA,NA
"262","Chikungunya",2019,33,15,"SLV",NA,NA,NA,NA
"263","Chikungunya",2019,34,18,"SLV",NA,NA,NA,NA
"264","Chikungunya",2019,35,36,"SLV",NA,NA,NA,NA
"265","Chikungunya",2019,36,26,"SLV",NA,NA,NA,NA
"266","Chikungunya",2019,37,21,"SLV",NA,NA,NA,NA
"267","Chikungunya",2019,38,12,"SLV",NA,NA,NA,NA
"268","Chikungunya",2019,39,16,"SLV",NA,NA,NA,NA
"269","Chikungunya",2019,40,22,"SLV",NA,NA,NA,NA
"270","Chikungunya",2019,41,15,"SLV",NA,NA,NA,NA
"271","Chikungunya",2019,42,8,"SLV",NA,NA,NA,NA
"272","Chikungunya",2019,43,15,"SLV",NA,NA,NA,NA
"273","Chikungunya",2019,44,15,"SLV",NA,NA,NA,NA
"274","Chikungunya",2019,45,10,"SLV",NA,NA,NA,NA
"275","Chikungunya",2019,46,3,"SLV",NA,NA,NA,NA
"276","Chikungunya",2019,47,9,"SLV",NA,NA,NA,NA
"277","Chikungunya",2019,48,5,"SLV",NA,NA,NA,NA
"278","Chikungunya",2019,49,9,"SLV",NA,NA,NA,NA
"279","Chikungunya",2019,50,2,"SLV",NA,NA,NA,NA
"280","Chikungunya",2020,1,1,"SLV",NA,NA,NA,NA
"281","Chikungunya",2020,2,4,"SLV",NA,NA,NA,NA
"282","Chikungunya",2020,3,4,"SLV",NA,NA,NA,NA
"283","Chikungunya",2020,4,4,"SLV",NA,NA,NA,NA
"284","Chikungunya",2020,5,2,"SLV",NA,NA,NA,NA
"285","Chikungunya",2020,6,4,"SLV",NA,NA,NA,NA
"286","Chikungunya",2020,7,2,"SLV",NA,NA,NA,NA
"287","Chikungunya",2020,8,1,"SLV",NA,NA,NA,NA
"288","Chikungunya",2020,9,3,"SLV",NA,NA,NA,NA
"289","Chikungunya",2020,10,6,"SLV",NA,NA,NA,NA
"290","Chikungunya",2020,11,5,"SLV",NA,NA,NA,NA
"291","Chikungunya",2020,12,2,"SLV",NA,NA,NA,NA
"292","Chikungunya",2020,13,3,"SLV",NA,NA,NA,NA
"293","Chikungunya",2020,14,1,"SLV",NA,NA,NA,NA
"294","Chikungunya",2020,15,0,"SLV",NA,NA,NA,NA
"295","Chikungunya",2020,16,2,"SLV",NA,NA,NA,NA
"296","Chikungunya",2020,17,2,"SLV",NA,NA,NA,NA
"297","Chikungunya",2020,18,4,"SLV",NA,NA,NA,NA
"298","Chikungunya",2020,19,2,"SLV",NA,NA,NA,NA
"299","Chikungunya",2020,20,1,"SLV",NA,NA,NA,NA
"300","Chikungunya",2020,21,0,"SLV",NA,NA,NA,NA
"301","Chikungunya",2020,22,3,"SLV",NA,NA,NA,NA
"302","Chikungunya",2020,23,1,"SLV",NA,NA,NA,NA
"303","Chikungunya",2020,24,5,"SLV",NA,NA,NA,NA
"304","Chikungunya",2020,25,7,"SLV",NA,NA,NA,NA
"305","Chikungunya",2020,26,4,"SLV",NA,NA,NA,NA
"306","Chikungunya",2020,27,2,"SLV",NA,NA,NA,NA
"307","Chikungunya",2020,28,3,"SLV",NA,NA,NA,NA
"308","Chikungunya",2020,29,4,"SLV",NA,NA,NA,NA
"309","Chikungunya",2020,30,3,"SLV",NA,NA,NA,NA
"310","Chikungunya",2020,31,6,"SLV",NA,NA,NA,NA
"311","Chikungunya",2020,32,1,"SLV",NA,NA,NA,NA
"312","Chikungunya",2020,33,0,"SLV",NA,NA,NA,NA
"313","Chikungunya",2020,34,2,"SLV",NA,NA,NA,NA
"314","Chikungunya",2020,35,0,"SLV",NA,NA,NA,NA
"315","Chikungunya",2020,36,1,"SLV",NA,NA,NA,NA
"316","Chikungunya",2020,37,3,"SLV",NA,NA,NA,NA
"317","Chikungunya",2020,38,1,"SLV",NA,NA,NA,NA
"318","Chikungunya",2020,39,3,"SLV",NA,NA,NA,NA
"319","Chikungunya",2020,40,1,"SLV",NA,NA,NA,NA
"320","Chikungunya",2020,41,3,"SLV",NA,NA,NA,NA
"321","Chikungunya",2020,42,0,"SLV",NA,NA,NA,NA
"322","Chikungunya",2020,43,1,"SLV",NA,NA,NA,NA
"323","Chikungunya",2020,44,2,"SLV",NA,NA,NA,NA
"324","Chikungunya",2020,45,1,"SLV",NA,NA,NA,NA
"325","Chikungunya",2020,46,4,"SLV",NA,NA,NA,NA
"326","Chikungunya",2020,47,1,"SLV",NA,NA,NA,NA
"327","Chikungunya",2020,48,5,"SLV",NA,NA,NA,NA
"328","Chikungunya",2020,49,1,"SLV",NA,NA,NA,NA
"329","Chikungunya",2020,50,1,"SLV",NA,NA,NA,NA
"330","Chikungunya",2020,51,1,"SLV",NA,NA,NA,NA
"331","Chikungunya",2020,52,1,"SLV",NA,NA,NA,NA
