"","Disease","EpiYear","EpiWeek","Incidence","ADM0","ADM1","ADM2","NA","NA"
"1","Swine Flu",2014,1,0,"SLV",NA,NA,NA,NA
"2","Swine Flu",2014,2,0,"SLV",NA,NA,NA,NA
"3","Swine Flu",2014,3,2,"SLV",NA,NA,NA,NA
"4","Swine Flu",2014,4,0,"SLV",NA,NA,NA,NA
"5","Swine Flu",2014,5,0,"SLV",NA,NA,NA,NA
"6","Swine Flu",2014,6,3,"SLV",NA,NA,NA,NA
"7","Swine Flu",2014,7,0,"SLV",NA,NA,NA,NA
"8","Swine Flu",2014,8,0,"SLV",NA,NA,NA,NA
"9","Swine Flu",2014,9,0,"SLV",NA,NA,NA,NA
"10","Swine Flu",2014,10,0,"SLV",NA,NA,NA,NA
"11","Swine Flu",2014,11,1,"SLV",NA,NA,NA,NA
"12","Swine Flu",2014,12,0,"SLV",NA,NA,NA,NA
"13","Swine Flu",2014,13,0,"SLV",NA,NA,NA,NA
"14","Swine Flu",2014,14,0,"SLV",NA,NA,NA,NA
"15","Swine Flu",2014,15,1,"SLV",NA,NA,NA,NA
"16","Swine Flu",2014,16,0,"SLV",NA,NA,NA,NA
"17","Swine Flu",2014,17,0,"SLV",NA,NA,NA,NA
"18","Swine Flu",2014,18,0,"SLV",NA,NA,NA,NA
"19","Swine Flu",2014,19,0,"SLV",NA,NA,NA,NA
"20","Swine Flu",2014,20,0,"SLV",NA,NA,NA,NA
"21","Swine Flu",2014,21,0,"SLV",NA,NA,NA,NA
"22","Swine Flu",2014,22,0,"SLV",NA,NA,NA,NA
"23","Swine Flu",2014,23,0,"SLV",NA,NA,NA,NA
"24","Swine Flu",2014,24,0,"SLV",NA,NA,NA,NA
"25","Swine Flu",2014,25,0,"SLV",NA,NA,NA,NA
"26","Swine Flu",2014,26,0,"SLV",NA,NA,NA,NA
"27","Swine Flu",2014,27,0,"SLV",NA,NA,NA,NA
"28","Swine Flu",2014,28,0,"SLV",NA,NA,NA,NA
"29","Swine Flu",2014,29,0,"SLV",NA,NA,NA,NA
"30","Swine Flu",2014,30,0,"SLV",NA,NA,NA,NA
"31","Swine Flu",2014,31,0,"SLV",NA,NA,NA,NA
"32","Swine Flu",2014,32,0,"SLV",NA,NA,NA,NA
"33","Swine Flu",2014,33,0,"SLV",NA,NA,NA,NA
"34","Swine Flu",2014,34,0,"SLV",NA,NA,NA,NA
"35","Swine Flu",2014,35,0,"SLV",NA,NA,NA,NA
"36","Swine Flu",2014,36,0,"SLV",NA,NA,NA,NA
"37","Swine Flu",2014,37,0,"SLV",NA,NA,NA,NA
"38","Swine Flu",2014,38,0,"SLV",NA,NA,NA,NA
"39","Swine Flu",2014,39,0,"SLV",NA,NA,NA,NA
"40","Swine Flu",2014,40,0,"SLV",NA,NA,NA,NA
"41","Swine Flu",2014,41,0,"SLV",NA,NA,NA,NA
"42","Swine Flu",2014,42,0,"SLV",NA,NA,NA,NA
"43","Swine Flu",2014,43,0,"SLV",NA,NA,NA,NA
"44","Swine Flu",2014,44,0,"SLV",NA,NA,NA,NA
"45","Swine Flu",2014,45,0,"SLV",NA,NA,NA,NA
"46","Swine Flu",2014,46,0,"SLV",NA,NA,NA,NA
"47","Swine Flu",2014,47,0,"SLV",NA,NA,NA,NA
"48","Swine Flu",2014,48,0,"SLV",NA,NA,NA,NA
"49","Swine Flu",2014,49,0,"SLV",NA,NA,NA,NA
"50","Swine Flu",2014,50,0,"SLV",NA,NA,NA,NA
"51","Swine Flu",2014,51,0,"SLV",NA,NA,NA,NA
"52","Swine Flu",2014,52,0,"SLV",NA,NA,NA,NA
"53","Swine Flu",2015,1,0,"SLV",NA,NA,NA,NA
"54","Swine Flu",2015,2,0,"SLV",NA,NA,NA,NA
"55","Swine Flu",2015,3,0,"SLV",NA,NA,NA,NA
"56","Swine Flu",2015,4,0,"SLV",NA,NA,NA,NA
"57","Swine Flu",2015,5,0,"SLV",NA,NA,NA,NA
"58","Swine Flu",2015,6,0,"SLV",NA,NA,NA,NA
"59","Swine Flu",2015,7,0,"SLV",NA,NA,NA,NA
"60","Swine Flu",2015,8,0,"SLV",NA,NA,NA,NA
"61","Swine Flu",2015,9,0,"SLV",NA,NA,NA,NA
"62","Swine Flu",2015,10,0,"SLV",NA,NA,NA,NA
"63","Swine Flu",2015,11,2,"SLV",NA,NA,NA,NA
"64","Swine Flu",2015,12,0,"SLV",NA,NA,NA,NA
"65","Swine Flu",2015,13,0,"SLV",NA,NA,NA,NA
"66","Swine Flu",2015,14,1,"SLV",NA,NA,NA,NA
"67","Swine Flu",2015,15,0,"SLV",NA,NA,NA,NA
"68","Swine Flu",2015,16,2,"SLV",NA,NA,NA,NA
"69","Swine Flu",2015,17,0,"SLV",NA,NA,NA,NA
"70","Swine Flu",2015,18,0,"SLV",NA,NA,NA,NA
"71","Swine Flu",2015,19,0,"SLV",NA,NA,NA,NA
"72","Swine Flu",2015,20,0,"SLV",NA,NA,NA,NA
"73","Swine Flu",2015,21,1,"SLV",NA,NA,NA,NA
"74","Swine Flu",2015,22,0,"SLV",NA,NA,NA,NA
"75","Swine Flu",2015,23,0,"SLV",NA,NA,NA,NA
"76","Swine Flu",2015,24,1,"SLV",NA,NA,NA,NA
"77","Swine Flu",2015,25,0,"SLV",NA,NA,NA,NA
"78","Swine Flu",2015,26,1,"SLV",NA,NA,NA,NA
"79","Swine Flu",2015,27,0,"SLV",NA,NA,NA,NA
"80","Swine Flu",2015,28,0,"SLV",NA,NA,NA,NA
"81","Swine Flu",2015,29,0,"SLV",NA,NA,NA,NA
"82","Swine Flu",2015,30,0,"SLV",NA,NA,NA,NA
"83","Swine Flu",2015,31,0,"SLV",NA,NA,NA,NA
"84","Swine Flu",2015,32,0,"SLV",NA,NA,NA,NA
"85","Swine Flu",2015,33,0,"SLV",NA,NA,NA,NA
"86","Swine Flu",2015,34,0,"SLV",NA,NA,NA,NA
"87","Swine Flu",2015,35,0,"SLV",NA,NA,NA,NA
"88","Swine Flu",2015,36,0,"SLV",NA,NA,NA,NA
"89","Swine Flu",2015,37,0,"SLV",NA,NA,NA,NA
"90","Swine Flu",2015,38,0,"SLV",NA,NA,NA,NA
"91","Swine Flu",2015,39,0,"SLV",NA,NA,NA,NA
"92","Swine Flu",2015,40,0,"SLV",NA,NA,NA,NA
"93","Swine Flu",2015,41,0,"SLV",NA,NA,NA,NA
"94","Swine Flu",2015,42,0,"SLV",NA,NA,NA,NA
"95","Swine Flu",2015,43,0,"SLV",NA,NA,NA,NA
"96","Swine Flu",2015,44,0,"SLV",NA,NA,NA,NA
"97","Swine Flu",2015,45,0,"SLV",NA,NA,NA,NA
"98","Swine Flu",2015,46,0,"SLV",NA,NA,NA,NA
"99","Swine Flu",2015,47,0,"SLV",NA,NA,NA,NA
"100","Swine Flu",2015,48,0,"SLV",NA,NA,NA,NA
"101","Swine Flu",2015,49,0,"SLV",NA,NA,NA,NA
"102","Swine Flu",2015,50,0,"SLV",NA,NA,NA,NA
"103","Swine Flu",2015,51,0,"SLV",NA,NA,NA,NA
"104","Swine Flu",2015,52,0,"SLV",NA,NA,NA,NA
"105","Swine Flu",2016,1,1,"SLV",NA,NA,NA,NA
"106","Swine Flu",2016,2,0,"SLV",NA,NA,NA,NA
"107","Swine Flu",2016,3,0,"SLV",NA,NA,NA,NA
"108","Swine Flu",2016,4,0,"SLV",NA,NA,NA,NA
"109","Swine Flu",2016,5,2,"SLV",NA,NA,NA,NA
"110","Swine Flu",2016,6,0,"SLV",NA,NA,NA,NA
"111","Swine Flu",2016,7,0,"SLV",NA,NA,NA,NA
"112","Swine Flu",2016,8,0,"SLV",NA,NA,NA,NA
"113","Swine Flu",2016,9,1,"SLV",NA,NA,NA,NA
"114","Swine Flu",2016,10,3,"SLV",NA,NA,NA,NA
"115","Swine Flu",2016,11,1,"SLV",NA,NA,NA,NA
"116","Swine Flu",2016,12,1,"SLV",NA,NA,NA,NA
"117","Swine Flu",2016,13,3,"SLV",NA,NA,NA,NA
"118","Swine Flu",2016,14,3,"SLV",NA,NA,NA,NA
"119","Swine Flu",2016,15,10,"SLV",NA,NA,NA,NA
"120","Swine Flu",2016,16,12,"SLV",NA,NA,NA,NA
"121","Swine Flu",2016,17,23,"SLV",NA,NA,NA,NA
"122","Swine Flu",2016,18,26,"SLV",NA,NA,NA,NA
"123","Swine Flu",2016,19,16,"SLV",NA,NA,NA,NA
"124","Swine Flu",2016,20,22,"SLV",NA,NA,NA,NA
"125","Swine Flu",2016,21,17,"SLV",NA,NA,NA,NA
"126","Swine Flu",2016,22,22,"SLV",NA,NA,NA,NA
"127","Swine Flu",2016,23,22,"SLV",NA,NA,NA,NA
"128","Swine Flu",2016,24,18,"SLV",NA,NA,NA,NA
"129","Swine Flu",2016,25,13,"SLV",NA,NA,NA,NA
"130","Swine Flu",2016,26,2,"SLV",NA,NA,NA,NA
"131","Swine Flu",2016,27,3,"SLV",NA,NA,NA,NA
"132","Swine Flu",2016,28,2,"SLV",NA,NA,NA,NA
"133","Swine Flu",2016,29,2,"SLV",NA,NA,NA,NA
"134","Swine Flu",2016,30,0,"SLV",NA,NA,NA,NA
"135","Swine Flu",2016,31,0,"SLV",NA,NA,NA,NA
"136","Swine Flu",2016,32,0,"SLV",NA,NA,NA,NA
"137","Swine Flu",2016,33,0,"SLV",NA,NA,NA,NA
"138","Swine Flu",2016,34,0,"SLV",NA,NA,NA,NA
"139","Swine Flu",2016,35,0,"SLV",NA,NA,NA,NA
"140","Swine Flu",2016,36,0,"SLV",NA,NA,NA,NA
"141","Swine Flu",2016,37,0,"SLV",NA,NA,NA,NA
"142","Swine Flu",2016,38,0,"SLV",NA,NA,NA,NA
"143","Swine Flu",2016,39,0,"SLV",NA,NA,NA,NA
"144","Swine Flu",2016,40,0,"SLV",NA,NA,NA,NA
"145","Swine Flu",2016,41,0,"SLV",NA,NA,NA,NA
"146","Swine Flu",2016,42,0,"SLV",NA,NA,NA,NA
"147","Swine Flu",2016,43,0,"SLV",NA,NA,NA,NA
"148","Swine Flu",2016,44,0,"SLV",NA,NA,NA,NA
"149","Swine Flu",2016,45,0,"SLV",NA,NA,NA,NA
"150","Swine Flu",2016,46,0,"SLV",NA,NA,NA,NA
"151","Swine Flu",2016,47,0,"SLV",NA,NA,NA,NA
"152","Swine Flu",2016,48,0,"SLV",NA,NA,NA,NA
"153","Swine Flu",2016,49,0,"SLV",NA,NA,NA,NA
"154","Swine Flu",2016,50,0,"SLV",NA,NA,NA,NA
"155","Swine Flu",2016,51,0,"SLV",NA,NA,NA,NA
"156","Swine Flu",2016,52,0,"SLV",NA,NA,NA,NA
"157","Swine Flu",2017,1,0,"SLV",NA,NA,NA,NA
"158","Swine Flu",2017,2,0,"SLV",NA,NA,NA,NA
"159","Swine Flu",2017,3,0,"SLV",NA,NA,NA,NA
"160","Swine Flu",2017,4,0,"SLV",NA,NA,NA,NA
"161","Swine Flu",2017,5,0,"SLV",NA,NA,NA,NA
"162","Swine Flu",2017,6,0,"SLV",NA,NA,NA,NA
"163","Swine Flu",2017,7,0,"SLV",NA,NA,NA,NA
"164","Swine Flu",2017,8,0,"SLV",NA,NA,NA,NA
"165","Swine Flu",2017,9,0,"SLV",NA,NA,NA,NA
"166","Swine Flu",2017,10,0,"SLV",NA,NA,NA,NA
"167","Swine Flu",2017,11,0,"SLV",NA,NA,NA,NA
"168","Swine Flu",2017,12,0,"SLV",NA,NA,NA,NA
"169","Swine Flu",2017,13,0,"SLV",NA,NA,NA,NA
"170","Swine Flu",2017,14,0,"SLV",NA,NA,NA,NA
"171","Swine Flu",2017,15,0,"SLV",NA,NA,NA,NA
"172","Swine Flu",2017,16,0,"SLV",NA,NA,NA,NA
"173","Swine Flu",2017,17,0,"SLV",NA,NA,NA,NA
"174","Swine Flu",2017,18,0,"SLV",NA,NA,NA,NA
"175","Swine Flu",2017,19,0,"SLV",NA,NA,NA,NA
"176","Swine Flu",2017,20,0,"SLV",NA,NA,NA,NA
"177","Swine Flu",2017,21,0,"SLV",NA,NA,NA,NA
"178","Swine Flu",2017,22,0,"SLV",NA,NA,NA,NA
"179","Swine Flu",2017,23,0,"SLV",NA,NA,NA,NA
"180","Swine Flu",2017,24,0,"SLV",NA,NA,NA,NA
"181","Swine Flu",2017,25,0,"SLV",NA,NA,NA,NA
"182","Swine Flu",2017,26,0,"SLV",NA,NA,NA,NA
"183","Swine Flu",2017,27,0,"SLV",NA,NA,NA,NA
"184","Swine Flu",2017,28,0,"SLV",NA,NA,NA,NA
"185","Swine Flu",2017,29,0,"SLV",NA,NA,NA,NA
"186","Swine Flu",2017,30,0,"SLV",NA,NA,NA,NA
"187","Swine Flu",2017,31,0,"SLV",NA,NA,NA,NA
"188","Swine Flu",2017,32,0,"SLV",NA,NA,NA,NA
"189","Swine Flu",2017,33,0,"SLV",NA,NA,NA,NA
"190","Swine Flu",2017,34,0,"SLV",NA,NA,NA,NA
"191","Swine Flu",2017,35,0,"SLV",NA,NA,NA,NA
"192","Swine Flu",2017,36,0,"SLV",NA,NA,NA,NA
"193","Swine Flu",2017,37,0,"SLV",NA,NA,NA,NA
"194","Swine Flu",2017,38,0,"SLV",NA,NA,NA,NA
"195","Swine Flu",2017,39,0,"SLV",NA,NA,NA,NA
"196","Swine Flu",2017,40,0,"SLV",NA,NA,NA,NA
"197","Swine Flu",2017,41,0,"SLV",NA,NA,NA,NA
"198","Swine Flu",2017,42,0,"SLV",NA,NA,NA,NA
"199","Swine Flu",2017,43,0,"SLV",NA,NA,NA,NA
"200","Swine Flu",2017,44,0,"SLV",NA,NA,NA,NA
"201","Swine Flu",2017,45,0,"SLV",NA,NA,NA,NA
"202","Swine Flu",2017,46,0,"SLV",NA,NA,NA,NA
"203","Swine Flu",2017,47,0,"SLV",NA,NA,NA,NA
"204","Swine Flu",2017,48,0,"SLV",NA,NA,NA,NA
"205","Swine Flu",2017,49,0,"SLV",NA,NA,NA,NA
"206","Swine Flu",2017,50,0,"SLV",NA,NA,NA,NA
"207","Swine Flu",2017,51,0,"SLV",NA,NA,NA,NA
"208","Swine Flu",2017,52,0,"SLV",NA,NA,NA,NA
"209","Swine Flu",2018,1,0,"SLV",NA,NA,NA,NA
"210","Swine Flu",2018,2,0,"SLV",NA,NA,NA,NA
"211","Swine Flu",2018,3,0,"SLV",NA,NA,NA,NA
"212","Swine Flu",2018,4,0,"SLV",NA,NA,NA,NA
"213","Swine Flu",2018,5,0,"SLV",NA,NA,NA,NA
"214","Swine Flu",2018,6,0,"SLV",NA,NA,NA,NA
"215","Swine Flu",2018,7,0,"SLV",NA,NA,NA,NA
"216","Swine Flu",2018,8,0,"SLV",NA,NA,NA,NA
"217","Swine Flu",2018,9,0,"SLV",NA,NA,NA,NA
"218","Swine Flu",2018,10,0,"SLV",NA,NA,NA,NA
"219","Swine Flu",2018,11,0,"SLV",NA,NA,NA,NA
"220","Swine Flu",2018,12,0,"SLV",NA,NA,NA,NA
"221","Swine Flu",2018,13,0,"SLV",NA,NA,NA,NA
"222","Swine Flu",2018,14,0,"SLV",NA,NA,NA,NA
"223","Swine Flu",2018,15,0,"SLV",NA,NA,NA,NA
"224","Swine Flu",2018,16,0,"SLV",NA,NA,NA,NA
"225","Swine Flu",2018,17,0,"SLV",NA,NA,NA,NA
"226","Swine Flu",2018,18,0,"SLV",NA,NA,NA,NA
"227","Swine Flu",2018,19,0,"SLV",NA,NA,NA,NA
"228","Swine Flu",2018,20,1,"SLV",NA,NA,NA,NA
"229","Swine Flu",2018,21,0,"SLV",NA,NA,NA,NA
"230","Swine Flu",2018,22,0,"SLV",NA,NA,NA,NA
"231","Swine Flu",2018,23,1,"SLV",NA,NA,NA,NA
"232","Swine Flu",2018,24,0,"SLV",NA,NA,NA,NA
"233","Swine Flu",2018,25,0,"SLV",NA,NA,NA,NA
"234","Swine Flu",2018,26,2,"SLV",NA,NA,NA,NA
"235","Swine Flu",2018,27,1,"SLV",NA,NA,NA,NA
"236","Swine Flu",2018,28,1,"SLV",NA,NA,NA,NA
"237","Swine Flu",2018,29,1,"SLV",NA,NA,NA,NA
"238","Swine Flu",2018,30,1,"SLV",NA,NA,NA,NA
"239","Swine Flu",2018,31,4,"SLV",NA,NA,NA,NA
"240","Swine Flu",2018,32,7,"SLV",NA,NA,NA,NA
"241","Swine Flu",2018,33,8,"SLV",NA,NA,NA,NA
"242","Swine Flu",2018,34,2,"SLV",NA,NA,NA,NA
"243","Swine Flu",2018,35,10,"SLV",NA,NA,NA,NA
"244","Swine Flu",2018,36,7,"SLV",NA,NA,NA,NA
"245","Swine Flu",2018,37,10,"SLV",NA,NA,NA,NA
"246","Swine Flu",2018,38,6,"SLV",NA,NA,NA,NA
"247","Swine Flu",2018,39,5,"SLV",NA,NA,NA,NA
"248","Swine Flu",2018,40,8,"SLV",NA,NA,NA,NA
"249","Swine Flu",2018,41,6,"SLV",NA,NA,NA,NA
"250","Swine Flu",2018,42,8,"SLV",NA,NA,NA,NA
"251","Swine Flu",2018,43,9,"SLV",NA,NA,NA,NA
"252","Swine Flu",2018,44,7,"SLV",NA,NA,NA,NA
"253","Swine Flu",2018,45,6,"SLV",NA,NA,NA,NA
"254","Swine Flu",2018,46,5,"SLV",NA,NA,NA,NA
"255","Swine Flu",2018,47,4,"SLV",NA,NA,NA,NA
"256","Swine Flu",2018,48,1,"SLV",NA,NA,NA,NA
"257","Swine Flu",2018,49,0,"SLV",NA,NA,NA,NA
"258","Swine Flu",2018,50,0,"SLV",NA,NA,NA,NA
"259","Swine Flu",2018,51,0,"SLV",NA,NA,NA,NA
"260","Swine Flu",2018,52,0,"SLV",NA,NA,NA,NA
"261","Swine Flu",2019,1,0,"SLV",NA,NA,NA,NA
"262","Swine Flu",2019,2,1,"SLV",NA,NA,NA,NA
"263","Swine Flu",2019,3,0,"SLV",NA,NA,NA,NA
"264","Swine Flu",2019,4,0,"SLV",NA,NA,NA,NA
"265","Swine Flu",2019,5,0,"SLV",NA,NA,NA,NA
"266","Swine Flu",2019,6,0,"SLV",NA,NA,NA,NA
"267","Swine Flu",2019,7,0,"SLV",NA,NA,NA,NA
"268","Swine Flu",2019,8,0,"SLV",NA,NA,NA,NA
"269","Swine Flu",2019,9,0,"SLV",NA,NA,NA,NA
"270","Swine Flu",2019,10,0,"SLV",NA,NA,NA,NA
"271","Swine Flu",2019,11,1,"SLV",NA,NA,NA,NA
"272","Swine Flu",2019,12,0,"SLV",NA,NA,NA,NA
"273","Swine Flu",2019,13,0,"SLV",NA,NA,NA,NA
"274","Swine Flu",2019,14,0,"SLV",NA,NA,NA,NA
"275","Swine Flu",2019,15,0,"SLV",NA,NA,NA,NA
"276","Swine Flu",2019,16,0,"SLV",NA,NA,NA,NA
"277","Swine Flu",2019,17,0,"SLV",NA,NA,NA,NA
"278","Swine Flu",2019,18,0,"SLV",NA,NA,NA,NA
"279","Swine Flu",2019,19,0,"SLV",NA,NA,NA,NA
"280","Swine Flu",2019,20,0,"SLV",NA,NA,NA,NA
"281","Swine Flu",2019,21,0,"SLV",NA,NA,NA,NA
"282","Swine Flu",2019,22,0,"SLV",NA,NA,NA,NA
"283","Swine Flu",2019,23,0,"SLV",NA,NA,NA,NA
"284","Swine Flu",2019,24,0,"SLV",NA,NA,NA,NA
"285","Swine Flu",2019,25,0,"SLV",NA,NA,NA,NA
"286","Swine Flu",2019,26,0,"SLV",NA,NA,NA,NA
"287","Swine Flu",2019,27,1,"SLV",NA,NA,NA,NA
"288","Swine Flu",2019,28,1,"SLV",NA,NA,NA,NA
"289","Swine Flu",2019,29,0,"SLV",NA,NA,NA,NA
"290","Swine Flu",2019,30,1,"SLV",NA,NA,NA,NA
"291","Swine Flu",2019,31,0,"SLV",NA,NA,NA,NA
"292","Swine Flu",2019,32,0,"SLV",NA,NA,NA,NA
"293","Swine Flu",2019,33,3,"SLV",NA,NA,NA,NA
"294","Swine Flu",2019,34,3,"SLV",NA,NA,NA,NA
"295","Swine Flu",2019,35,5,"SLV",NA,NA,NA,NA
"296","Swine Flu",2019,36,5,"SLV",NA,NA,NA,NA
"297","Swine Flu",2019,37,8,"SLV",NA,NA,NA,NA
"298","Swine Flu",2019,38,7,"SLV",NA,NA,NA,NA
"299","Swine Flu",2019,39,17,"SLV",NA,NA,NA,NA
"300","Swine Flu",2019,40,21,"SLV",NA,NA,NA,NA
"301","Swine Flu",2019,41,16,"SLV",NA,NA,NA,NA
"302","Swine Flu",2019,42,22,"SLV",NA,NA,NA,NA
"303","Swine Flu",2019,43,24,"SLV",NA,NA,NA,NA
"304","Swine Flu",2019,44,11,"SLV",NA,NA,NA,NA
"305","Swine Flu",2019,45,10,"SLV",NA,NA,NA,NA
"306","Swine Flu",2019,46,7,"SLV",NA,NA,NA,NA
"307","Swine Flu",2019,47,5,"SLV",NA,NA,NA,NA
"308","Swine Flu",2019,48,0,"SLV",NA,NA,NA,NA
"309","Swine Flu",2019,49,0,"SLV",NA,NA,NA,NA
"310","Swine Flu",2019,50,0,"SLV",NA,NA,NA,NA
"311","Swine Flu",2019,51,0,"SLV",NA,NA,NA,NA
"312","Swine Flu",2019,52,0,"SLV",NA,NA,NA,NA
"313","Swine Flu",2020,1,0,"SLV",NA,NA,NA,NA
"314","Swine Flu",2020,2,1,"SLV",NA,NA,NA,NA
"315","Swine Flu",2020,3,0,"SLV",NA,NA,NA,NA
"316","Swine Flu",2020,4,0,"SLV",NA,NA,NA,NA
"317","Swine Flu",2020,5,0,"SLV",NA,NA,NA,NA
"318","Swine Flu",2020,6,1,"SLV",NA,NA,NA,NA
"319","Swine Flu",2020,7,1,"SLV",NA,NA,NA,NA
"320","Swine Flu",2020,8,0,"SLV",NA,NA,NA,NA
"321","Swine Flu",2020,9,0,"SLV",NA,NA,NA,NA
"322","Swine Flu",2020,10,0,"SLV",NA,NA,NA,NA
"323","Swine Flu",2020,11,0,"SLV",NA,NA,NA,NA
"324","Swine Flu",2020,12,0,"SLV",NA,NA,NA,NA
"325","Swine Flu",2020,13,0,"SLV",NA,NA,NA,NA
"326","Swine Flu",2020,14,0,"SLV",NA,NA,NA,NA
"327","Swine Flu",2020,15,0,"SLV",NA,NA,NA,NA
"328","Swine Flu",2020,16,0,"SLV",NA,NA,NA,NA
"329","Swine Flu",2020,17,0,"SLV",NA,NA,NA,NA
"330","Swine Flu",2020,18,0,"SLV",NA,NA,NA,NA
"331","Swine Flu",2020,19,0,"SLV",NA,NA,NA,NA
"332","Swine Flu",2020,20,0,"SLV",NA,NA,NA,NA
"333","Swine Flu",2020,21,0,"SLV",NA,NA,NA,NA
"334","Swine Flu",2020,22,0,"SLV",NA,NA,NA,NA
"335","Swine Flu",2020,23,0,"SLV",NA,NA,NA,NA
"336","Swine Flu",2020,24,0,"SLV",NA,NA,NA,NA
"337","Swine Flu",2020,25,0,"SLV",NA,NA,NA,NA
"338","Swine Flu",2020,26,0,"SLV",NA,NA,NA,NA
"339","Swine Flu",2020,27,0,"SLV",NA,NA,NA,NA
"340","Swine Flu",2020,28,0,"SLV",NA,NA,NA,NA
"341","Swine Flu",2020,29,0,"SLV",NA,NA,NA,NA
"342","Swine Flu",2020,30,0,"SLV",NA,NA,NA,NA
"343","Swine Flu",2020,31,0,"SLV",NA,NA,NA,NA
"344","Swine Flu",2020,32,0,"SLV",NA,NA,NA,NA
"345","Swine Flu",2020,33,0,"SLV",NA,NA,NA,NA
"346","Swine Flu",2020,34,0,"SLV",NA,NA,NA,NA
"347","Swine Flu",2020,35,0,"SLV",NA,NA,NA,NA
"348","Swine Flu",2020,36,0,"SLV",NA,NA,NA,NA
"349","Swine Flu",2020,37,0,"SLV",NA,NA,NA,NA
"350","Swine Flu",2020,38,0,"SLV",NA,NA,NA,NA
"351","Swine Flu",2020,39,0,"SLV",NA,NA,NA,NA
"352","Swine Flu",2020,40,0,"SLV",NA,NA,NA,NA
"353","Swine Flu",2020,41,0,"SLV",NA,NA,NA,NA
"354","Swine Flu",2020,42,0,"SLV",NA,NA,NA,NA
"355","Swine Flu",2020,43,0,"SLV",NA,NA,NA,NA
"356","Swine Flu",2020,44,0,"SLV",NA,NA,NA,NA
"357","Swine Flu",2020,45,0,"SLV",NA,NA,NA,NA
"358","Swine Flu",2020,46,0,"SLV",NA,NA,NA,NA
"359","Swine Flu",2020,47,0,"SLV",NA,NA,NA,NA
"360","Swine Flu",2020,48,0,"SLV",NA,NA,NA,NA
"361","Swine Flu",2020,49,0,"SLV",NA,NA,NA,NA
"362","Swine Flu",2020,50,0,"SLV",NA,NA,NA,NA
"363","Swine Flu",2020,51,0,"SLV",NA,NA,NA,NA
"364","Swine Flu",2020,52,0,"SLV",NA,NA,NA,NA
