"Disease","EpiYear","EpiWeek","Incidence","ADM0","ADM1","ADM2"
"Chikungunya",2014,28,177,"SLV",NA,NA
"Chikungunya",2014,29,216,"SLV",NA,NA
"Chikungunya",2014,30,331,"SLV",NA,NA
"Chikungunya",2014,31,512,"SLV",NA,NA
"Chikungunya",2014,32,753,"SLV",NA,NA
"Chikungunya",2014,33,1778,"SLV",NA,NA
"Chikungunya",2014,34,2954,"SLV",NA,NA
"Chikungunya",2014,35,3652,"SLV",NA,NA
"Chikungunya",2014,36,4949,"SLV",NA,NA
"Chikungunya",2014,37,4691,"SLV",NA,NA
"Chikungunya",2014,38,7036,"SLV",NA,NA
"Chikungunya",2014,39,8169,"SLV",NA,NA
"Chikungunya",2014,40,8181,"SLV",NA,NA
"Chikungunya",2014,41,10228,"SLV",NA,NA
"Chikungunya",2014,42,8751,"SLV",NA,NA
"Chikungunya",2014,43,7796,"SLV",NA,NA
"Chikungunya",2014,44,6411,"SLV",NA,NA
"Chikungunya",2014,45,5881,"SLV",NA,NA
"Chikungunya",2014,46,5377,"SLV",NA,NA
"Chikungunya",2014,47,4719,"SLV",NA,NA
"Chikungunya",2014,48,3298,"SLV",NA,NA
"Chikungunya",2014,49,2422,"SLV",NA,NA
"Chikungunya",2014,50,1861,"SLV",NA,NA
"Chikungunya",2014,51,912,"SLV",NA,NA
"Chikungunya",2015,1,920,"SLV",NA,NA
"Chikungunya",2015,2,787,"SLV",NA,NA
"Chikungunya",2015,3,701,"SLV",NA,NA
"Chikungunya",2015,4,529,"SLV",NA,NA
"Chikungunya",2015,5,534,"SLV",NA,NA
"Chikungunya",2015,6,452,"SLV",NA,NA
"Chikungunya",2015,7,364,"SLV",NA,NA
"Chikungunya",2015,8,284,"SLV",NA,NA
"Chikungunya",2015,9,298,"SLV",NA,NA
"Chikungunya",2015,10,296,"SLV",NA,NA
"Chikungunya",2015,11,190,"SLV",NA,NA
"Chikungunya",2015,12,165,"SLV",NA,NA
"Chikungunya",2015,13,203,"SLV",NA,NA
"Chikungunya",2015,14,340,"SLV",NA,NA
"Chikungunya",2015,15,318,"SLV",NA,NA
"Chikungunya",2015,16,372,"SLV",NA,NA
"Chikungunya",2015,17,324,"SLV",NA,NA
"Chikungunya",2015,18,546,"SLV",NA,NA
"Chikungunya",2015,19,680,"SLV",NA,NA
"Chikungunya",2015,20,883,"SLV",NA,NA
"Chikungunya",2015,21,1210,"SLV",NA,NA
"Chikungunya",2015,22,1509,"SLV",NA,NA
"Chikungunya",2015,23,1780,"SLV",NA,NA
"Chikungunya",2015,24,1996,"SLV",NA,NA
"Chikungunya",2015,25,2282,"SLV",NA,NA
"Chikungunya",2015,26,2631,"SLV",NA,NA
"Chikungunya",2015,27,2857,"SLV",NA,NA
"Chikungunya",2015,28,2262,"SLV",NA,NA
"Chikungunya",2015,29,1615,"SLV",NA,NA
"Chikungunya",2015,30,1744,"SLV",NA,NA
"Chikungunya",2015,31,839,"SLV",NA,NA
"Chikungunya",2015,32,2015,"SLV",NA,NA
"Chikungunya",2015,33,1297,"SLV",NA,NA
"Chikungunya",2015,34,1697,"SLV",NA,NA
"Chikungunya",2015,35,1626,"SLV",NA,NA
"Chikungunya",2015,36,1009,"SLV",NA,NA
"Chikungunya",2015,37,1260,"SLV",NA,NA
"Chikungunya",2015,38,1397,"SLV",NA,NA
"Chikungunya",2015,39,1322,"SLV",NA,NA
"Chikungunya",2015,40,1382,"SLV",NA,NA
"Chikungunya",2015,41,1477,"SLV",NA,NA
"Chikungunya",2015,42,1529,"SLV",NA,NA
"Chikungunya",2015,43,1257,"SLV",NA,NA
"Chikungunya",2015,44,1470,"SLV",NA,NA
"Chikungunya",2015,45,1514,"SLV",NA,NA
"Chikungunya",2015,46,1494,"SLV",NA,NA
"Chikungunya",2015,47,1299,"SLV",NA,NA
"Chikungunya",2015,48,1147,"SLV",NA,NA
"Chikungunya",2015,49,946,"SLV",NA,NA
"Chikungunya",2015,50,535,"SLV",NA,NA
"Chikungunya",2015,51,483,"SLV",NA,NA
"Chikungunya",2015,52,288,"SLV",NA,NA
"Chikungunya",2016,1,718,"SLV",NA,NA
"Chikungunya",2016,2,667,"SLV",NA,NA
"Chikungunya",2016,3,599,"SLV",NA,NA
"Chikungunya",2016,4,522,"SLV",NA,NA
"Chikungunya",2016,5,390,"SLV",NA,NA
"Chikungunya",2016,6,270,"SLV",NA,NA
"Chikungunya",2016,7,158,"SLV",NA,NA
"Chikungunya",2016,8,166,"SLV",NA,NA
"Chikungunya",2016,9,148,"SLV",NA,NA
"Chikungunya",2016,10,91,"SLV",NA,NA
"Chikungunya",2016,11,82,"SLV",NA,NA
"Chikungunya",2016,12,62,"SLV",NA,NA
"Chikungunya",2016,13,78,"SLV",NA,NA
"Chikungunya",2016,14,91,"SLV",NA,NA
"Chikungunya",2016,15,91,"SLV",NA,NA
"Chikungunya",2016,16,88,"SLV",NA,NA
"Chikungunya",2016,17,77,"SLV",NA,NA
"Chikungunya",2016,18,83,"SLV",NA,NA
"Chikungunya",2016,19,82,"SLV",NA,NA
"Chikungunya",2016,20,84,"SLV",NA,NA
"Chikungunya",2016,21,81,"SLV",NA,NA
"Chikungunya",2016,22,80,"SLV",NA,NA
"Chikungunya",2016,23,73,"SLV",NA,NA
"Chikungunya",2016,24,53,"SLV",NA,NA
"Chikungunya",2016,25,58,"SLV",NA,NA
"Chikungunya",2016,26,53,"SLV",NA,NA
"Chikungunya",2016,27,63,"SLV",NA,NA
"Chikungunya",2016,28,53,"SLV",NA,NA
"Chikungunya",2016,29,37,"SLV",NA,NA
"Chikungunya",2016,30,34,"SLV",NA,NA
"Chikungunya",2016,31,22,"SLV",NA,NA
"Chikungunya",2016,32,46,"SLV",NA,NA
"Chikungunya",2016,33,50,"SLV",NA,NA
"Chikungunya",2016,34,39,"SLV",NA,NA
"Chikungunya",2016,35,33,"SLV",NA,NA
"Chikungunya",2016,36,31,"SLV",NA,NA
"Chikungunya",2016,37,21,"SLV",NA,NA
"Chikungunya",2016,38,24,"SLV",NA,NA
"Chikungunya",2016,39,29,"SLV",NA,NA
"Chikungunya",2016,40,21,"SLV",NA,NA
"Chikungunya",2016,41,25,"SLV",NA,NA
"Chikungunya",2016,42,17,"SLV",NA,NA
"Chikungunya",2016,43,14,"SLV",NA,NA
"Chikungunya",2016,44,23,"SLV",NA,NA
"Chikungunya",2016,45,22,"SLV",NA,NA
"Chikungunya",2016,46,27,"SLV",NA,NA
"Chikungunya",2016,47,10,"SLV",NA,NA
"Chikungunya",2016,48,20,"SLV",NA,NA
"Chikungunya",2016,49,13,"SLV",NA,NA
"Chikungunya",2016,50,6,"SLV",NA,NA
"Chikungunya",2016,51,7,"SLV",NA,NA
"Chikungunya",2016,52,2,"SLV",NA,NA
"Chikungunya",2017,1,9,"SLV",NA,NA
"Chikungunya",2017,2,9,"SLV",NA,NA
"Chikungunya",2017,3,12,"SLV",NA,NA
"Chikungunya",2017,4,6,"SLV",NA,NA
"Chikungunya",2017,5,11,"SLV",NA,NA
"Chikungunya",2017,6,11,"SLV",NA,NA
"Chikungunya",2017,7,17,"SLV",NA,NA
"Chikungunya",2017,8,10,"SLV",NA,NA
"Chikungunya",2017,9,20,"SLV",NA,NA
"Chikungunya",2017,10,13,"SLV",NA,NA
"Chikungunya",2017,11,18,"SLV",NA,NA
"Chikungunya",2017,12,10,"SLV",NA,NA
"Chikungunya",2017,13,9,"SLV",NA,NA
"Chikungunya",2017,14,13,"SLV",NA,NA
"Chikungunya",2017,15,8,"SLV",NA,NA
"Chikungunya",2017,16,5,"SLV",NA,NA
"Chikungunya",2017,17,9,"SLV",NA,NA
"Chikungunya",2017,18,9,"SLV",NA,NA
"Chikungunya",2017,19,10,"SLV",NA,NA
"Chikungunya",2017,20,15,"SLV",NA,NA
"Chikungunya",2017,21,18,"SLV",NA,NA
"Chikungunya",2017,22,17,"SLV",NA,NA
"Chikungunya",2017,23,17,"SLV",NA,NA
"Chikungunya",2017,24,13,"SLV",NA,NA
"Chikungunya",2017,25,14,"SLV",NA,NA
"Chikungunya",2017,26,9,"SLV",NA,NA
"Chikungunya",2017,27,10,"SLV",NA,NA
"Chikungunya",2017,28,9,"SLV",NA,NA
"Chikungunya",2017,29,9,"SLV",NA,NA
"Chikungunya",2017,31,6,"SLV",NA,NA
"Chikungunya",2017,32,4,"SLV",NA,NA
"Chikungunya",2017,33,4,"SLV",NA,NA
"Chikungunya",2017,34,10,"SLV",NA,NA
"Chikungunya",2017,35,12,"SLV",NA,NA
"Chikungunya",2017,36,7,"SLV",NA,NA
"Chikungunya",2017,37,6,"SLV",NA,NA
"Chikungunya",2017,38,9,"SLV",NA,NA
"Chikungunya",2017,39,9,"SLV",NA,NA
"Chikungunya",2017,41,7,"SLV",NA,NA
"Chikungunya",2017,42,10,"SLV",NA,NA
"Chikungunya",2017,43,4,"SLV",NA,NA
"Chikungunya",2017,44,8,"SLV",NA,NA
"Chikungunya",2017,45,5,"SLV",NA,NA
"Chikungunya",2017,46,3,"SLV",NA,NA
"Chikungunya",2017,47,7,"SLV",NA,NA
"Chikungunya",2017,48,6,"SLV",NA,NA
"Chikungunya",2017,49,2,"SLV",NA,NA
"Chikungunya",2017,50,4,"SLV",NA,NA
"Chikungunya",2017,52,5,"SLV",NA,NA
"Chikungunya",2018,1,3,"SLV",NA,NA
"Chikungunya",2018,2,2,"SLV",NA,NA
"Chikungunya",2018,3,7,"SLV",NA,NA
"Chikungunya",2018,4,6,"SLV",NA,NA
"Chikungunya",2018,5,7,"SLV",NA,NA
"Chikungunya",2018,6,9,"SLV",NA,NA
"Chikungunya",2018,7,6,"SLV",NA,NA
"Chikungunya",2018,8,4,"SLV",NA,NA
"Chikungunya",2018,9,4,"SLV",NA,NA
"Chikungunya",2018,10,5,"SLV",NA,NA
"Chikungunya",2018,11,5,"SLV",NA,NA
"Chikungunya",2018,12,6,"SLV",NA,NA
"Chikungunya",2018,13,6,"SLV",NA,NA
"Chikungunya",2018,14,7,"SLV",NA,NA
"Chikungunya",2018,15,10,"SLV",NA,NA
"Chikungunya",2018,16,7,"SLV",NA,NA
"Chikungunya",2018,17,7,"SLV",NA,NA
"Chikungunya",2018,18,4,"SLV",NA,NA
"Chikungunya",2018,19,6,"SLV",NA,NA
"Chikungunya",2018,20,11,"SLV",NA,NA
"Chikungunya",2018,21,5,"SLV",NA,NA
"Chikungunya",2018,22,11,"SLV",NA,NA
"Chikungunya",2018,23,7,"SLV",NA,NA
"Chikungunya",2018,24,9,"SLV",NA,NA
"Chikungunya",2018,25,5,"SLV",NA,NA
"Chikungunya",2018,26,5,"SLV",NA,NA
"Chikungunya",2018,27,14,"SLV",NA,NA
"Chikungunya",2018,28,14,"SLV",NA,NA
"Chikungunya",2018,29,5,"SLV",NA,NA
"Chikungunya",2018,30,5,"SLV",NA,NA
"Chikungunya",2018,31,12,"SLV",NA,NA
"Chikungunya",2018,32,8,"SLV",NA,NA
"Chikungunya",2018,33,10,"SLV",NA,NA
"Chikungunya",2018,34,11,"SLV",NA,NA
"Chikungunya",2018,35,7,"SLV",NA,NA
"Chikungunya",2018,36,7,"SLV",NA,NA
"Chikungunya",2018,37,9,"SLV",NA,NA
"Chikungunya",2018,38,10,"SLV",NA,NA
"Chikungunya",2018,39,8,"SLV",NA,NA
"Chikungunya",2018,40,14,"SLV",NA,NA
"Chikungunya",2018,41,2,"SLV",NA,NA
"Chikungunya",2018,42,11,"SLV",NA,NA
"Chikungunya",2018,43,14,"SLV",NA,NA
"Chikungunya",2018,44,11,"SLV",NA,NA
"Chikungunya",2018,45,12,"SLV",NA,NA
"Chikungunya",2018,46,8,"SLV",NA,NA
"Chikungunya",2018,47,8,"SLV",NA,NA
"Chikungunya",2018,48,5,"SLV",NA,NA
"Chikungunya",2018,49,6,"SLV",NA,NA
"Chikungunya",2018,50,1,"SLV",NA,NA
"Chikungunya",2018,51,2,"SLV",NA,NA
"Chikungunya",2018,52,4,"SLV",NA,NA
"Chikungunya",2019,1,1,"SLV",NA,NA
"Chikungunya",2019,2,4,"SLV",NA,NA
"Chikungunya",2019,3,6,"SLV",NA,NA
"Chikungunya",2019,4,10,"SLV",NA,NA
"Chikungunya",2019,5,9,"SLV",NA,NA
"Chikungunya",2019,6,5,"SLV",NA,NA
"Chikungunya",2019,7,8,"SLV",NA,NA
"Chikungunya",2019,8,10,"SLV",NA,NA
"Chikungunya",2019,9,13,"SLV",NA,NA
"Chikungunya",2019,10,8,"SLV",NA,NA
"Chikungunya",2019,11,8,"SLV",NA,NA
"Chikungunya",2019,12,10,"SLV",NA,NA
"Chikungunya",2019,13,10,"SLV",NA,NA
"Chikungunya",2019,14,7,"SLV",NA,NA
"Chikungunya",2019,15,2,"SLV",NA,NA
"Chikungunya",2019,16,9,"SLV",NA,NA
"Chikungunya",2019,17,7,"SLV",NA,NA
"Chikungunya",2019,18,12,"SLV",NA,NA
"Chikungunya",2019,19,10,"SLV",NA,NA
"Chikungunya",2019,20,8,"SLV",NA,NA
"Chikungunya",2019,21,15,"SLV",NA,NA
"Chikungunya",2019,22,17,"SLV",NA,NA
"Chikungunya",2019,23,20,"SLV",NA,NA
"Chikungunya",2019,24,13,"SLV",NA,NA
"Chikungunya",2019,25,29,"SLV",NA,NA
"Chikungunya",2019,26,27,"SLV",NA,NA
"Chikungunya",2019,27,32,"SLV",NA,NA
"Chikungunya",2019,28,18,"SLV",NA,NA
"Chikungunya",2019,29,30,"SLV",NA,NA
"Chikungunya",2019,30,28,"SLV",NA,NA
"Chikungunya",2019,31,23,"SLV",NA,NA
"Chikungunya",2019,32,21,"SLV",NA,NA
"Chikungunya",2019,33,15,"SLV",NA,NA
"Chikungunya",2019,34,18,"SLV",NA,NA
"Chikungunya",2019,35,36,"SLV",NA,NA
"Chikungunya",2019,36,26,"SLV",NA,NA
"Chikungunya",2019,37,21,"SLV",NA,NA
"Chikungunya",2019,38,12,"SLV",NA,NA
"Chikungunya",2019,39,16,"SLV",NA,NA
"Chikungunya",2019,40,22,"SLV",NA,NA
"Chikungunya",2019,41,15,"SLV",NA,NA
"Chikungunya",2019,42,8,"SLV",NA,NA
"Chikungunya",2019,43,15,"SLV",NA,NA
"Chikungunya",2019,44,15,"SLV",NA,NA
"Chikungunya",2019,45,10,"SLV",NA,NA
"Chikungunya",2019,46,3,"SLV",NA,NA
"Chikungunya",2019,47,9,"SLV",NA,NA
"Chikungunya",2019,48,5,"SLV",NA,NA
"Chikungunya",2019,49,9,"SLV",NA,NA
"Chikungunya",2019,50,2,"SLV",NA,NA
"Chikungunya",2020,1,1,"SLV",NA,NA
"Chikungunya",2020,2,4,"SLV",NA,NA
"Chikungunya",2020,3,4,"SLV",NA,NA
"Chikungunya",2020,4,4,"SLV",NA,NA
"Chikungunya",2020,5,2,"SLV",NA,NA
"Chikungunya",2020,6,4,"SLV",NA,NA
"Chikungunya",2020,7,2,"SLV",NA,NA
"Chikungunya",2020,8,1,"SLV",NA,NA
"Chikungunya",2020,9,3,"SLV",NA,NA
"Chikungunya",2020,10,6,"SLV",NA,NA
"Chikungunya",2020,11,5,"SLV",NA,NA
"Chikungunya",2020,12,2,"SLV",NA,NA
"Chikungunya",2020,13,3,"SLV",NA,NA
"Chikungunya",2020,14,1,"SLV",NA,NA
"Chikungunya",2020,15,0,"SLV",NA,NA
"Chikungunya",2020,16,2,"SLV",NA,NA
"Chikungunya",2020,17,2,"SLV",NA,NA
"Chikungunya",2020,18,4,"SLV",NA,NA
"Chikungunya",2020,19,2,"SLV",NA,NA
"Chikungunya",2020,20,1,"SLV",NA,NA
"Chikungunya",2020,21,0,"SLV",NA,NA
"Chikungunya",2020,22,3,"SLV",NA,NA
"Chikungunya",2020,23,1,"SLV",NA,NA
"Chikungunya",2020,24,5,"SLV",NA,NA
"Chikungunya",2020,25,7,"SLV",NA,NA
"Chikungunya",2020,26,4,"SLV",NA,NA
"Chikungunya",2020,27,2,"SLV",NA,NA
"Chikungunya",2020,28,3,"SLV",NA,NA
"Chikungunya",2020,29,4,"SLV",NA,NA
"Chikungunya",2020,30,3,"SLV",NA,NA
"Chikungunya",2020,31,6,"SLV",NA,NA
"Chikungunya",2020,32,1,"SLV",NA,NA
"Chikungunya",2020,33,0,"SLV",NA,NA
"Chikungunya",2020,34,2,"SLV",NA,NA
"Chikungunya",2020,35,0,"SLV",NA,NA
"Chikungunya",2020,36,1,"SLV",NA,NA
"Chikungunya",2020,37,3,"SLV",NA,NA
"Chikungunya",2020,38,1,"SLV",NA,NA
"Chikungunya",2020,39,3,"SLV",NA,NA
"Chikungunya",2020,40,1,"SLV",NA,NA
"Chikungunya",2020,41,3,"SLV",NA,NA
"Chikungunya",2020,42,0,"SLV",NA,NA
"Chikungunya",2020,43,1,"SLV",NA,NA
"Chikungunya",2020,44,2,"SLV",NA,NA
"Chikungunya",2020,45,1,"SLV",NA,NA
"Chikungunya",2020,46,4,"SLV",NA,NA
"Chikungunya",2020,47,1,"SLV",NA,NA
"Chikungunya",2020,48,5,"SLV",NA,NA
"Chikungunya",2020,49,1,"SLV",NA,NA
"Chikungunya",2020,50,1,"SLV",NA,NA
"Chikungunya",2020,51,1,"SLV",NA,NA
"Chikungunya",2020,52,1,"SLV",NA,NA
"Swine Flu",2014,1,0,"SLV",NA,NA
"Swine Flu",2014,2,0,"SLV",NA,NA
"Swine Flu",2014,3,2,"SLV",NA,NA
"Swine Flu",2014,4,0,"SLV",NA,NA
"Swine Flu",2014,5,0,"SLV",NA,NA
"Swine Flu",2014,6,3,"SLV",NA,NA
"Swine Flu",2014,7,0,"SLV",NA,NA
"Swine Flu",2014,8,0,"SLV",NA,NA
"Swine Flu",2014,9,0,"SLV",NA,NA
"Swine Flu",2014,10,0,"SLV",NA,NA
"Swine Flu",2014,11,1,"SLV",NA,NA
"Swine Flu",2014,12,0,"SLV",NA,NA
"Swine Flu",2014,13,0,"SLV",NA,NA
"Swine Flu",2014,14,0,"SLV",NA,NA
"Swine Flu",2014,15,1,"SLV",NA,NA
"Swine Flu",2014,16,0,"SLV",NA,NA
"Swine Flu",2014,17,0,"SLV",NA,NA
"Swine Flu",2014,18,0,"SLV",NA,NA
"Swine Flu",2014,19,0,"SLV",NA,NA
"Swine Flu",2014,20,0,"SLV",NA,NA
"Swine Flu",2014,21,0,"SLV",NA,NA
"Swine Flu",2014,22,0,"SLV",NA,NA
"Swine Flu",2014,23,0,"SLV",NA,NA
"Swine Flu",2014,24,0,"SLV",NA,NA
"Swine Flu",2014,25,0,"SLV",NA,NA
"Swine Flu",2014,26,0,"SLV",NA,NA
"Swine Flu",2014,27,0,"SLV",NA,NA
"Swine Flu",2014,28,0,"SLV",NA,NA
"Swine Flu",2014,29,0,"SLV",NA,NA
"Swine Flu",2014,30,0,"SLV",NA,NA
"Swine Flu",2014,31,0,"SLV",NA,NA
"Swine Flu",2014,32,0,"SLV",NA,NA
"Swine Flu",2014,33,0,"SLV",NA,NA
"Swine Flu",2014,34,0,"SLV",NA,NA
"Swine Flu",2014,35,0,"SLV",NA,NA
"Swine Flu",2014,36,0,"SLV",NA,NA
"Swine Flu",2014,37,0,"SLV",NA,NA
"Swine Flu",2014,38,0,"SLV",NA,NA
"Swine Flu",2014,39,0,"SLV",NA,NA
"Swine Flu",2014,40,0,"SLV",NA,NA
"Swine Flu",2014,41,0,"SLV",NA,NA
"Swine Flu",2014,42,0,"SLV",NA,NA
"Swine Flu",2014,43,0,"SLV",NA,NA
"Swine Flu",2014,44,0,"SLV",NA,NA
"Swine Flu",2014,45,0,"SLV",NA,NA
"Swine Flu",2014,46,0,"SLV",NA,NA
"Swine Flu",2014,47,0,"SLV",NA,NA
"Swine Flu",2014,48,0,"SLV",NA,NA
"Swine Flu",2014,49,0,"SLV",NA,NA
"Swine Flu",2014,50,0,"SLV",NA,NA
"Swine Flu",2014,51,0,"SLV",NA,NA
"Swine Flu",2014,52,0,"SLV",NA,NA
"Swine Flu",2015,1,0,"SLV",NA,NA
"Swine Flu",2015,2,0,"SLV",NA,NA
"Swine Flu",2015,3,0,"SLV",NA,NA
"Swine Flu",2015,4,0,"SLV",NA,NA
"Swine Flu",2015,5,0,"SLV",NA,NA
"Swine Flu",2015,6,0,"SLV",NA,NA
"Swine Flu",2015,7,0,"SLV",NA,NA
"Swine Flu",2015,8,0,"SLV",NA,NA
"Swine Flu",2015,9,0,"SLV",NA,NA
"Swine Flu",2015,10,0,"SLV",NA,NA
"Swine Flu",2015,11,2,"SLV",NA,NA
"Swine Flu",2015,12,0,"SLV",NA,NA
"Swine Flu",2015,13,0,"SLV",NA,NA
"Swine Flu",2015,14,1,"SLV",NA,NA
"Swine Flu",2015,15,0,"SLV",NA,NA
"Swine Flu",2015,16,2,"SLV",NA,NA
"Swine Flu",2015,17,0,"SLV",NA,NA
"Swine Flu",2015,18,0,"SLV",NA,NA
"Swine Flu",2015,19,0,"SLV",NA,NA
"Swine Flu",2015,20,0,"SLV",NA,NA
"Swine Flu",2015,21,1,"SLV",NA,NA
"Swine Flu",2015,22,0,"SLV",NA,NA
"Swine Flu",2015,23,0,"SLV",NA,NA
"Swine Flu",2015,24,1,"SLV",NA,NA
"Swine Flu",2015,25,0,"SLV",NA,NA
"Swine Flu",2015,26,1,"SLV",NA,NA
"Swine Flu",2015,27,0,"SLV",NA,NA
"Swine Flu",2015,28,0,"SLV",NA,NA
"Swine Flu",2015,29,0,"SLV",NA,NA
"Swine Flu",2015,30,0,"SLV",NA,NA
"Swine Flu",2015,31,0,"SLV",NA,NA
"Swine Flu",2015,32,0,"SLV",NA,NA
"Swine Flu",2015,33,0,"SLV",NA,NA
"Swine Flu",2015,34,0,"SLV",NA,NA
"Swine Flu",2015,35,0,"SLV",NA,NA
"Swine Flu",2015,36,0,"SLV",NA,NA
"Swine Flu",2015,37,0,"SLV",NA,NA
"Swine Flu",2015,38,0,"SLV",NA,NA
"Swine Flu",2015,39,0,"SLV",NA,NA
"Swine Flu",2015,40,0,"SLV",NA,NA
"Swine Flu",2015,41,0,"SLV",NA,NA
"Swine Flu",2015,42,0,"SLV",NA,NA
"Swine Flu",2015,43,0,"SLV",NA,NA
"Swine Flu",2015,44,0,"SLV",NA,NA
"Swine Flu",2015,45,0,"SLV",NA,NA
"Swine Flu",2015,46,0,"SLV",NA,NA
"Swine Flu",2015,47,0,"SLV",NA,NA
"Swine Flu",2015,48,0,"SLV",NA,NA
"Swine Flu",2015,49,0,"SLV",NA,NA
"Swine Flu",2015,50,0,"SLV",NA,NA
"Swine Flu",2015,51,0,"SLV",NA,NA
"Swine Flu",2015,52,0,"SLV",NA,NA
"Swine Flu",2016,1,1,"SLV",NA,NA
"Swine Flu",2016,2,0,"SLV",NA,NA
"Swine Flu",2016,3,0,"SLV",NA,NA
"Swine Flu",2016,4,0,"SLV",NA,NA
"Swine Flu",2016,5,2,"SLV",NA,NA
"Swine Flu",2016,6,0,"SLV",NA,NA
"Swine Flu",2016,7,0,"SLV",NA,NA
"Swine Flu",2016,8,0,"SLV",NA,NA
"Swine Flu",2016,9,1,"SLV",NA,NA
"Swine Flu",2016,10,3,"SLV",NA,NA
"Swine Flu",2016,11,1,"SLV",NA,NA
"Swine Flu",2016,12,1,"SLV",NA,NA
"Swine Flu",2016,13,3,"SLV",NA,NA
"Swine Flu",2016,14,3,"SLV",NA,NA
"Swine Flu",2016,15,10,"SLV",NA,NA
"Swine Flu",2016,16,12,"SLV",NA,NA
"Swine Flu",2016,17,23,"SLV",NA,NA
"Swine Flu",2016,18,26,"SLV",NA,NA
"Swine Flu",2016,19,16,"SLV",NA,NA
"Swine Flu",2016,20,22,"SLV",NA,NA
"Swine Flu",2016,21,17,"SLV",NA,NA
"Swine Flu",2016,22,22,"SLV",NA,NA
"Swine Flu",2016,23,22,"SLV",NA,NA
"Swine Flu",2016,24,18,"SLV",NA,NA
"Swine Flu",2016,25,13,"SLV",NA,NA
"Swine Flu",2016,26,2,"SLV",NA,NA
"Swine Flu",2016,27,3,"SLV",NA,NA
"Swine Flu",2016,28,2,"SLV",NA,NA
"Swine Flu",2016,29,2,"SLV",NA,NA
"Swine Flu",2016,30,0,"SLV",NA,NA
"Swine Flu",2016,31,0,"SLV",NA,NA
"Swine Flu",2016,32,0,"SLV",NA,NA
"Swine Flu",2016,33,0,"SLV",NA,NA
"Swine Flu",2016,34,0,"SLV",NA,NA
"Swine Flu",2016,35,0,"SLV",NA,NA
"Swine Flu",2016,36,0,"SLV",NA,NA
"Swine Flu",2016,37,0,"SLV",NA,NA
"Swine Flu",2016,38,0,"SLV",NA,NA
"Swine Flu",2016,39,0,"SLV",NA,NA
"Swine Flu",2016,40,0,"SLV",NA,NA
"Swine Flu",2016,41,0,"SLV",NA,NA
"Swine Flu",2016,42,0,"SLV",NA,NA
"Swine Flu",2016,43,0,"SLV",NA,NA
"Swine Flu",2016,44,0,"SLV",NA,NA
"Swine Flu",2016,45,0,"SLV",NA,NA
"Swine Flu",2016,46,0,"SLV",NA,NA
"Swine Flu",2016,47,0,"SLV",NA,NA
"Swine Flu",2016,48,0,"SLV",NA,NA
"Swine Flu",2016,49,0,"SLV",NA,NA
"Swine Flu",2016,50,0,"SLV",NA,NA
"Swine Flu",2016,51,0,"SLV",NA,NA
"Swine Flu",2016,52,0,"SLV",NA,NA
"Swine Flu",2017,1,0,"SLV",NA,NA
"Swine Flu",2017,2,0,"SLV",NA,NA
"Swine Flu",2017,3,0,"SLV",NA,NA
"Swine Flu",2017,4,0,"SLV",NA,NA
"Swine Flu",2017,5,0,"SLV",NA,NA
"Swine Flu",2017,6,0,"SLV",NA,NA
"Swine Flu",2017,7,0,"SLV",NA,NA
"Swine Flu",2017,8,0,"SLV",NA,NA
"Swine Flu",2017,9,0,"SLV",NA,NA
"Swine Flu",2017,10,0,"SLV",NA,NA
"Swine Flu",2017,11,0,"SLV",NA,NA
"Swine Flu",2017,12,0,"SLV",NA,NA
"Swine Flu",2017,13,0,"SLV",NA,NA
"Swine Flu",2017,14,0,"SLV",NA,NA
"Swine Flu",2017,15,0,"SLV",NA,NA
"Swine Flu",2017,16,0,"SLV",NA,NA
"Swine Flu",2017,17,0,"SLV",NA,NA
"Swine Flu",2017,18,0,"SLV",NA,NA
"Swine Flu",2017,19,0,"SLV",NA,NA
"Swine Flu",2017,20,0,"SLV",NA,NA
"Swine Flu",2017,21,0,"SLV",NA,NA
"Swine Flu",2017,22,0,"SLV",NA,NA
"Swine Flu",2017,23,0,"SLV",NA,NA
"Swine Flu",2017,24,0,"SLV",NA,NA
"Swine Flu",2017,25,0,"SLV",NA,NA
"Swine Flu",2017,26,0,"SLV",NA,NA
"Swine Flu",2017,27,0,"SLV",NA,NA
"Swine Flu",2017,28,0,"SLV",NA,NA
"Swine Flu",2017,29,0,"SLV",NA,NA
"Swine Flu",2017,30,0,"SLV",NA,NA
"Swine Flu",2017,31,0,"SLV",NA,NA
"Swine Flu",2017,32,0,"SLV",NA,NA
"Swine Flu",2017,33,0,"SLV",NA,NA
"Swine Flu",2017,34,0,"SLV",NA,NA
"Swine Flu",2017,35,0,"SLV",NA,NA
"Swine Flu",2017,36,0,"SLV",NA,NA
"Swine Flu",2017,37,0,"SLV",NA,NA
"Swine Flu",2017,38,0,"SLV",NA,NA
"Swine Flu",2017,39,0,"SLV",NA,NA
"Swine Flu",2017,40,0,"SLV",NA,NA
"Swine Flu",2017,41,0,"SLV",NA,NA
"Swine Flu",2017,42,0,"SLV",NA,NA
"Swine Flu",2017,43,0,"SLV",NA,NA
"Swine Flu",2017,44,0,"SLV",NA,NA
"Swine Flu",2017,45,0,"SLV",NA,NA
"Swine Flu",2017,46,0,"SLV",NA,NA
"Swine Flu",2017,47,0,"SLV",NA,NA
"Swine Flu",2017,48,0,"SLV",NA,NA
"Swine Flu",2017,49,0,"SLV",NA,NA
"Swine Flu",2017,50,0,"SLV",NA,NA
"Swine Flu",2017,51,0,"SLV",NA,NA
"Swine Flu",2017,52,0,"SLV",NA,NA
"Swine Flu",2018,1,0,"SLV",NA,NA
"Swine Flu",2018,2,0,"SLV",NA,NA
"Swine Flu",2018,3,0,"SLV",NA,NA
"Swine Flu",2018,4,0,"SLV",NA,NA
"Swine Flu",2018,5,0,"SLV",NA,NA
"Swine Flu",2018,6,0,"SLV",NA,NA
"Swine Flu",2018,7,0,"SLV",NA,NA
"Swine Flu",2018,8,0,"SLV",NA,NA
"Swine Flu",2018,9,0,"SLV",NA,NA
"Swine Flu",2018,10,0,"SLV",NA,NA
"Swine Flu",2018,11,0,"SLV",NA,NA
"Swine Flu",2018,12,0,"SLV",NA,NA
"Swine Flu",2018,13,0,"SLV",NA,NA
"Swine Flu",2018,14,0,"SLV",NA,NA
"Swine Flu",2018,15,0,"SLV",NA,NA
"Swine Flu",2018,16,0,"SLV",NA,NA
"Swine Flu",2018,17,0,"SLV",NA,NA
"Swine Flu",2018,18,0,"SLV",NA,NA
"Swine Flu",2018,19,0,"SLV",NA,NA
"Swine Flu",2018,20,1,"SLV",NA,NA
"Swine Flu",2018,21,0,"SLV",NA,NA
"Swine Flu",2018,22,0,"SLV",NA,NA
"Swine Flu",2018,23,1,"SLV",NA,NA
"Swine Flu",2018,24,0,"SLV",NA,NA
"Swine Flu",2018,25,0,"SLV",NA,NA
"Swine Flu",2018,26,2,"SLV",NA,NA
"Swine Flu",2018,27,1,"SLV",NA,NA
"Swine Flu",2018,28,1,"SLV",NA,NA
"Swine Flu",2018,29,1,"SLV",NA,NA
"Swine Flu",2018,30,1,"SLV",NA,NA
"Swine Flu",2018,31,4,"SLV",NA,NA
"Swine Flu",2018,32,7,"SLV",NA,NA
"Swine Flu",2018,33,8,"SLV",NA,NA
"Swine Flu",2018,34,2,"SLV",NA,NA
"Swine Flu",2018,35,10,"SLV",NA,NA
"Swine Flu",2018,36,7,"SLV",NA,NA
"Swine Flu",2018,37,10,"SLV",NA,NA
"Swine Flu",2018,38,6,"SLV",NA,NA
"Swine Flu",2018,39,5,"SLV",NA,NA
"Swine Flu",2018,40,8,"SLV",NA,NA
"Swine Flu",2018,41,6,"SLV",NA,NA
"Swine Flu",2018,42,8,"SLV",NA,NA
"Swine Flu",2018,43,9,"SLV",NA,NA
"Swine Flu",2018,44,7,"SLV",NA,NA
"Swine Flu",2018,45,6,"SLV",NA,NA
"Swine Flu",2018,46,5,"SLV",NA,NA
"Swine Flu",2018,47,4,"SLV",NA,NA
"Swine Flu",2018,48,1,"SLV",NA,NA
"Swine Flu",2018,49,0,"SLV",NA,NA
"Swine Flu",2018,50,0,"SLV",NA,NA
"Swine Flu",2018,51,0,"SLV",NA,NA
"Swine Flu",2018,52,0,"SLV",NA,NA
"Swine Flu",2019,1,0,"SLV",NA,NA
"Swine Flu",2019,2,1,"SLV",NA,NA
"Swine Flu",2019,3,0,"SLV",NA,NA
"Swine Flu",2019,4,0,"SLV",NA,NA
"Swine Flu",2019,5,0,"SLV",NA,NA
"Swine Flu",2019,6,0,"SLV",NA,NA
"Swine Flu",2019,7,0,"SLV",NA,NA
"Swine Flu",2019,8,0,"SLV",NA,NA
"Swine Flu",2019,9,0,"SLV",NA,NA
"Swine Flu",2019,10,0,"SLV",NA,NA
"Swine Flu",2019,11,1,"SLV",NA,NA
"Swine Flu",2019,12,0,"SLV",NA,NA
"Swine Flu",2019,13,0,"SLV",NA,NA
"Swine Flu",2019,14,0,"SLV",NA,NA
"Swine Flu",2019,15,0,"SLV",NA,NA
"Swine Flu",2019,16,0,"SLV",NA,NA
"Swine Flu",2019,17,0,"SLV",NA,NA
"Swine Flu",2019,18,0,"SLV",NA,NA
"Swine Flu",2019,19,0,"SLV",NA,NA
"Swine Flu",2019,20,0,"SLV",NA,NA
"Swine Flu",2019,21,0,"SLV",NA,NA
"Swine Flu",2019,22,0,"SLV",NA,NA
"Swine Flu",2019,23,0,"SLV",NA,NA
"Swine Flu",2019,24,0,"SLV",NA,NA
"Swine Flu",2019,25,0,"SLV",NA,NA
"Swine Flu",2019,26,0,"SLV",NA,NA
"Swine Flu",2019,27,1,"SLV",NA,NA
"Swine Flu",2019,28,1,"SLV",NA,NA
"Swine Flu",2019,29,0,"SLV",NA,NA
"Swine Flu",2019,30,1,"SLV",NA,NA
"Swine Flu",2019,31,0,"SLV",NA,NA
"Swine Flu",2019,32,0,"SLV",NA,NA
"Swine Flu",2019,33,3,"SLV",NA,NA
"Swine Flu",2019,34,3,"SLV",NA,NA
"Swine Flu",2019,35,5,"SLV",NA,NA
"Swine Flu",2019,36,5,"SLV",NA,NA
"Swine Flu",2019,37,8,"SLV",NA,NA
"Swine Flu",2019,38,7,"SLV",NA,NA
"Swine Flu",2019,39,17,"SLV",NA,NA
"Swine Flu",2019,40,21,"SLV",NA,NA
"Swine Flu",2019,41,16,"SLV",NA,NA
"Swine Flu",2019,42,22,"SLV",NA,NA
"Swine Flu",2019,43,24,"SLV",NA,NA
"Swine Flu",2019,44,11,"SLV",NA,NA
"Swine Flu",2019,45,10,"SLV",NA,NA
"Swine Flu",2019,46,7,"SLV",NA,NA
"Swine Flu",2019,47,5,"SLV",NA,NA
"Swine Flu",2019,48,0,"SLV",NA,NA
"Swine Flu",2019,49,0,"SLV",NA,NA
"Swine Flu",2019,50,0,"SLV",NA,NA
"Swine Flu",2019,51,0,"SLV",NA,NA
"Swine Flu",2019,52,0,"SLV",NA,NA
"Swine Flu",2020,1,0,"SLV",NA,NA
"Swine Flu",2020,2,1,"SLV",NA,NA
"Swine Flu",2020,3,0,"SLV",NA,NA
"Swine Flu",2020,4,0,"SLV",NA,NA
"Swine Flu",2020,5,0,"SLV",NA,NA
"Swine Flu",2020,6,1,"SLV",NA,NA
"Swine Flu",2020,7,1,"SLV",NA,NA
"Swine Flu",2020,8,0,"SLV",NA,NA
"Swine Flu",2020,9,0,"SLV",NA,NA
"Swine Flu",2020,10,0,"SLV",NA,NA
"Swine Flu",2020,11,0,"SLV",NA,NA
"Swine Flu",2020,12,0,"SLV",NA,NA
"Swine Flu",2020,13,0,"SLV",NA,NA
"Swine Flu",2020,14,0,"SLV",NA,NA
"Swine Flu",2020,15,0,"SLV",NA,NA
"Swine Flu",2020,16,0,"SLV",NA,NA
"Swine Flu",2020,17,0,"SLV",NA,NA
"Swine Flu",2020,18,0,"SLV",NA,NA
"Swine Flu",2020,19,0,"SLV",NA,NA
"Swine Flu",2020,20,0,"SLV",NA,NA
"Swine Flu",2020,21,0,"SLV",NA,NA
"Swine Flu",2020,22,0,"SLV",NA,NA
"Swine Flu",2020,23,0,"SLV",NA,NA
"Swine Flu",2020,24,0,"SLV",NA,NA
"Swine Flu",2020,25,0,"SLV",NA,NA
"Swine Flu",2020,26,0,"SLV",NA,NA
"Swine Flu",2020,27,0,"SLV",NA,NA
"Swine Flu",2020,28,0,"SLV",NA,NA
"Swine Flu",2020,29,0,"SLV",NA,NA
"Swine Flu",2020,30,0,"SLV",NA,NA
"Swine Flu",2020,31,0,"SLV",NA,NA
"Swine Flu",2020,32,0,"SLV",NA,NA
"Swine Flu",2020,33,0,"SLV",NA,NA
"Swine Flu",2020,34,0,"SLV",NA,NA
"Swine Flu",2020,35,0,"SLV",NA,NA
"Swine Flu",2020,36,0,"SLV",NA,NA
"Swine Flu",2020,37,0,"SLV",NA,NA
"Swine Flu",2020,38,0,"SLV",NA,NA
"Swine Flu",2020,39,0,"SLV",NA,NA
"Swine Flu",2020,40,0,"SLV",NA,NA
"Swine Flu",2020,41,0,"SLV",NA,NA
"Swine Flu",2020,42,0,"SLV",NA,NA
"Swine Flu",2020,43,0,"SLV",NA,NA
"Swine Flu",2020,44,0,"SLV",NA,NA
"Swine Flu",2020,45,0,"SLV",NA,NA
"Swine Flu",2020,46,0,"SLV",NA,NA
"Swine Flu",2020,47,0,"SLV",NA,NA
"Swine Flu",2020,48,0,"SLV",NA,NA
"Swine Flu",2020,49,0,"SLV",NA,NA
"Swine Flu",2020,50,0,"SLV",NA,NA
"Swine Flu",2020,51,0,"SLV",NA,NA
"Swine Flu",2020,52,0,"SLV",NA,NA
"Rabies",2014,1,421,"SLV",NA,NA
"Rabies",2014,2,461,"SLV",NA,NA
"Rabies",2014,3,400,"SLV",NA,NA
"Rabies",2014,4,440,"SLV",NA,NA
"Rabies",2014,5,437,"SLV",NA,NA
"Rabies",2014,6,453,"SLV",NA,NA
"Rabies",2014,7,471,"SLV",NA,NA
"Rabies",2014,8,533,"SLV",NA,NA
"Rabies",2014,9,485,"SLV",NA,NA
"Rabies",2014,10,478,"SLV",NA,NA
"Rabies",2014,11,463,"SLV",NA,NA
"Rabies",2014,12,508,"SLV",NA,NA
"Rabies",2014,13,510,"SLV",NA,NA
"Rabies",2014,14,519,"SLV",NA,NA
"Rabies",2014,15,425,"SLV",NA,NA
"Rabies",2014,16,424,"SLV",NA,NA
"Rabies",2014,17,422,"SLV",NA,NA
"Rabies",2014,18,467,"SLV",NA,NA
"Rabies",2014,19,472,"SLV",NA,NA
"Rabies",2014,20,512,"SLV",NA,NA
"Rabies",2014,21,454,"SLV",NA,NA
"Rabies",2014,22,471,"SLV",NA,NA
"Rabies",2014,23,449,"SLV",NA,NA
"Rabies",2014,24,426,"SLV",NA,NA
"Rabies",2014,25,440,"SLV",NA,NA
"Rabies",2014,26,406,"SLV",NA,NA
"Rabies",2014,27,461,"SLV",NA,NA
"Rabies",2014,28,470,"SLV",NA,NA
"Rabies",2014,29,412,"SLV",NA,NA
"Rabies",2014,30,343,"SLV",NA,NA
"Rabies",2014,31,368,"SLV",NA,NA
"Rabies",2014,32,361,"SLV",NA,NA
"Rabies",2014,33,380,"SLV",NA,NA
"Rabies",2014,34,423,"SLV",NA,NA
"Rabies",2014,35,447,"SLV",NA,NA
"Rabies",2014,36,376,"SLV",NA,NA
"Rabies",2014,37,333,"SLV",NA,NA
"Rabies",2014,38,347,"SLV",NA,NA
"Rabies",2014,39,362,"SLV",NA,NA
"Rabies",2014,40,405,"SLV",NA,NA
"Rabies",2014,41,385,"SLV",NA,NA
"Rabies",2014,42,345,"SLV",NA,NA
"Rabies",2014,43,334,"SLV",NA,NA
"Rabies",2014,44,408,"SLV",NA,NA
"Rabies",2014,45,341,"SLV",NA,NA
"Rabies",2014,46,346,"SLV",NA,NA
"Rabies",2014,47,364,"SLV",NA,NA
"Rabies",2014,48,348,"SLV",NA,NA
"Rabies",2014,49,312,"SLV",NA,NA
"Rabies",2014,50,369,"SLV",NA,NA
"Rabies",2014,51,298,"SLV",NA,NA
"Rabies",2014,52,248,"SLV",NA,NA
"Rabies",2015,1,407,"SLV",NA,NA
"Rabies",2015,2,387,"SLV",NA,NA
"Rabies",2015,3,385,"SLV",NA,NA
"Rabies",2015,4,410,"SLV",NA,NA
"Rabies",2015,5,433,"SLV",NA,NA
"Rabies",2015,6,418,"SLV",NA,NA
"Rabies",2015,7,415,"SLV",NA,NA
"Rabies",2015,8,518,"SLV",NA,NA
"Rabies",2015,9,440,"SLV",NA,NA
"Rabies",2015,10,470,"SLV",NA,NA
"Rabies",2015,11,397,"SLV",NA,NA
"Rabies",2015,12,278,"SLV",NA,NA
"Rabies",2015,13,406,"SLV",NA,NA
"Rabies",2015,14,408,"SLV",NA,NA
"Rabies",2015,15,433,"SLV",NA,NA
"Rabies",2015,16,388,"SLV",NA,NA
"Rabies",2015,17,416,"SLV",NA,NA
"Rabies",2015,18,380,"SLV",NA,NA
"Rabies",2015,19,402,"SLV",NA,NA
"Rabies",2015,20,378,"SLV",NA,NA
"Rabies",2015,21,429,"SLV",NA,NA
"Rabies",2015,22,399,"SLV",NA,NA
"Rabies",2015,23,446,"SLV",NA,NA
"Rabies",2015,24,397,"SLV",NA,NA
"Rabies",2015,25,429,"SLV",NA,NA
"Rabies",2015,26,408,"SLV",NA,NA
"Rabies",2015,27,374,"SLV",NA,NA
"Rabies",2015,28,356,"SLV",NA,NA
"Rabies",2015,29,321,"SLV",NA,NA
"Rabies",2015,30,367,"SLV",NA,NA
"Rabies",2015,31,325,"SLV",NA,NA
"Rabies",2015,32,378,"SLV",NA,NA
"Rabies",2015,33,331,"SLV",NA,NA
"Rabies",2015,34,359,"SLV",NA,NA
"Rabies",2015,35,364,"SLV",NA,NA
"Rabies",2015,36,364,"SLV",NA,NA
"Rabies",2015,37,362,"SLV",NA,NA
"Rabies",2015,38,338,"SLV",NA,NA
"Rabies",2015,39,362,"SLV",NA,NA
"Rabies",2015,40,383,"SLV",NA,NA
"Rabies",2015,41,345,"SLV",NA,NA
"Rabies",2015,42,338,"SLV",NA,NA
"Rabies",2015,43,359,"SLV",NA,NA
"Rabies",2015,44,365,"SLV",NA,NA
"Rabies",2015,45,351,"SLV",NA,NA
"Rabies",2015,46,383,"SLV",NA,NA
"Rabies",2015,47,361,"SLV",NA,NA
"Rabies",2015,48,321,"SLV",NA,NA
"Rabies",2015,49,336,"SLV",NA,NA
"Rabies",2015,50,284,"SLV",NA,NA
"Rabies",2015,51,281,"SLV",NA,NA
"Rabies",2015,52,259,"SLV",NA,NA
"Rabies",2016,1,282,"SLV",NA,NA
"Rabies",2016,2,306,"SLV",NA,NA
"Rabies",2016,3,310,"SLV",NA,NA
"Rabies",2016,4,355,"SLV",NA,NA
"Rabies",2016,5,340,"SLV",NA,NA
"Rabies",2016,6,384,"SLV",NA,NA
"Rabies",2016,7,387,"SLV",NA,NA
"Rabies",2016,8,394,"SLV",NA,NA
"Rabies",2016,9,321,"SLV",NA,NA
"Rabies",2016,10,341,"SLV",NA,NA
"Rabies",2016,11,301,"SLV",NA,NA
"Rabies",2016,12,356,"SLV",NA,NA
"Rabies",2016,13,419,"SLV",NA,NA
"Rabies",2016,14,338,"SLV",NA,NA
"Rabies",2016,15,375,"SLV",NA,NA
"Rabies",2016,16,387,"SLV",NA,NA
"Rabies",2016,17,388,"SLV",NA,NA
"Rabies",2016,18,375,"SLV",NA,NA
"Rabies",2016,19,363,"SLV",NA,NA
"Rabies",2016,20,416,"SLV",NA,NA
"Rabies",2016,21,438,"SLV",NA,NA
"Rabies",2016,22,403,"SLV",NA,NA
"Rabies",2016,23,371,"SLV",NA,NA
"Rabies",2016,24,431,"SLV",NA,NA
"Rabies",2016,25,410,"SLV",NA,NA
"Rabies",2016,26,357,"SLV",NA,NA
"Rabies",2016,27,415,"SLV",NA,NA
"Rabies",2016,28,374,"SLV",NA,NA
"Rabies",2016,29,344,"SLV",NA,NA
"Rabies",2016,30,351,"SLV",NA,NA
"Rabies",2016,31,361,"SLV",NA,NA
"Rabies",2016,32,406,"SLV",NA,NA
"Rabies",2016,33,366,"SLV",NA,NA
"Rabies",2016,34,410,"SLV",NA,NA
"Rabies",2016,35,396,"SLV",NA,NA
"Rabies",2016,36,335,"SLV",NA,NA
"Rabies",2016,37,344,"SLV",NA,NA
"Rabies",2016,38,391,"SLV",NA,NA
"Rabies",2016,39,371,"SLV",NA,NA
"Rabies",2016,40,422,"SLV",NA,NA
"Rabies",2016,41,388,"SLV",NA,NA
"Rabies",2016,42,390,"SLV",NA,NA
"Rabies",2016,43,413,"SLV",NA,NA
"Rabies",2016,44,377,"SLV",NA,NA
"Rabies",2016,45,396,"SLV",NA,NA
"Rabies",2016,46,362,"SLV",NA,NA
"Rabies",2016,47,358,"SLV",NA,NA
"Rabies",2016,48,400,"SLV",NA,NA
"Rabies",2016,49,394,"SLV",NA,NA
"Rabies",2016,50,308,"SLV",NA,NA
"Rabies",2016,51,279,"SLV",NA,NA
"Rabies",2016,52,287,"SLV",NA,NA
"Rabies",2017,1,368,"SLV",NA,NA
"Rabies",2017,2,375,"SLV",NA,NA
"Rabies",2017,3,405,"SLV",NA,NA
"Rabies",2017,4,356,"SLV",NA,NA
"Rabies",2017,5,415,"SLV",NA,NA
"Rabies",2017,6,409,"SLV",NA,NA
"Rabies",2017,7,398,"SLV",NA,NA
"Rabies",2017,8,427,"SLV",NA,NA
"Rabies",2017,9,454,"SLV",NA,NA
"Rabies",2017,10,399,"SLV",NA,NA
"Rabies",2017,11,389,"SLV",NA,NA
"Rabies",2017,12,405,"SLV",NA,NA
"Rabies",2017,13,386,"SLV",NA,NA
"Rabies",2017,14,314,"SLV",NA,NA
"Rabies",2017,15,336,"SLV",NA,NA
"Rabies",2017,16,389,"SLV",NA,NA
"Rabies",2017,17,416,"SLV",NA,NA
"Rabies",2017,18,382,"SLV",NA,NA
"Rabies",2017,19,326,"SLV",NA,NA
"Rabies",2017,20,401,"SLV",NA,NA
"Rabies",2017,21,437,"SLV",NA,NA
"Rabies",2017,22,409,"SLV",NA,NA
"Rabies",2017,23,359,"SLV",NA,NA
"Rabies",2017,24,369,"SLV",NA,NA
"Rabies",2017,25,377,"SLV",NA,NA
"Rabies",2017,26,398,"SLV",NA,NA
"Rabies",2017,27,409,"SLV",NA,NA
"Rabies",2017,28,343,"SLV",NA,NA
"Rabies",2017,29,336,"SLV",NA,NA
"Rabies",2017,31,302,"SLV",NA,NA
"Rabies",2017,32,358,"SLV",NA,NA
"Rabies",2017,33,381,"SLV",NA,NA
"Rabies",2017,34,326,"SLV",NA,NA
"Rabies",2017,35,392,"SLV",NA,NA
"Rabies",2017,36,346,"SLV",NA,NA
"Rabies",2017,37,313,"SLV",NA,NA
"Rabies",2017,38,318,"SLV",NA,NA
"Rabies",2017,39,335,"SLV",NA,NA
"Rabies",2017,41,371,"SLV",NA,NA
"Rabies",2017,42,434,"SLV",NA,NA
"Rabies",2017,43,344,"SLV",NA,NA
"Rabies",2017,44,339,"SLV",NA,NA
"Rabies",2017,45,364,"SLV",NA,NA
"Rabies",2017,46,356,"SLV",NA,NA
"Rabies",2017,47,366,"SLV",NA,NA
"Rabies",2017,48,338,"SLV",NA,NA
"Rabies",2017,49,344,"SLV",NA,NA
"Rabies",2017,50,318,"SLV",NA,NA
"Rabies",2017,52,330,"SLV",NA,NA
"Rabies",2018,1,364,"SLV",NA,NA
"Rabies",2018,2,301,"SLV",NA,NA
"Rabies",2018,3,349,"SLV",NA,NA
"Rabies",2018,4,361,"SLV",NA,NA
"Rabies",2018,5,398,"SLV",NA,NA
"Rabies",2018,6,447,"SLV",NA,NA
"Rabies",2018,7,462,"SLV",NA,NA
"Rabies",2018,8,430,"SLV",NA,NA
"Rabies",2018,9,398,"SLV",NA,NA
"Rabies",2018,10,374,"SLV",NA,NA
"Rabies",2018,11,382,"SLV",NA,NA
"Rabies",2018,13,304,"SLV",NA,NA
"Rabies",2018,14,362,"SLV",NA,NA
"Rabies",2018,15,329,"SLV",NA,NA
"Rabies",2018,16,329,"SLV",NA,NA
"Rabies",2018,17,389,"SLV",NA,NA
"Rabies",2018,18,406,"SLV",NA,NA
"Rabies",2018,19,342,"SLV",NA,NA
"Rabies",2018,20,392,"SLV",NA,NA
"Rabies",2018,21,432,"SLV",NA,NA
"Rabies",2018,22,408,"SLV",NA,NA
"Rabies",2018,23,371,"SLV",NA,NA
"Rabies",2018,24,400,"SLV",NA,NA
"Rabies",2018,25,443,"SLV",NA,NA
"Rabies",2018,26,421,"SLV",NA,NA
"Rabies",2018,27,373,"SLV",NA,NA
"Rabies",2018,28,372,"SLV",NA,NA
"Rabies",2018,29,360,"SLV",NA,NA
"Rabies",2018,30,351,"SLV",NA,NA
"Rabies",2018,31,285,"SLV",NA,NA
"Rabies",2018,32,353,"SLV",NA,NA
"Rabies",2018,33,370,"SLV",NA,NA
"Rabies",2018,34,354,"SLV",NA,NA
"Rabies",2018,35,405,"SLV",NA,NA
"Rabies",2018,36,391,"SLV",NA,NA
"Rabies",2018,37,356,"SLV",NA,NA
"Rabies",2018,38,349,"SLV",NA,NA
"Rabies",2018,39,398,"SLV",NA,NA
"Rabies",2018,40,376,"SLV",NA,NA
"Rabies",2018,41,365,"SLV",NA,NA
"Rabies",2018,42,362,"SLV",NA,NA
"Rabies",2018,43,387,"SLV",NA,NA
"Rabies",2018,44,414,"SLV",NA,NA
"Rabies",2018,45,422,"SLV",NA,NA
"Rabies",2018,46,363,"SLV",NA,NA
"Rabies",2018,47,352,"SLV",NA,NA
"Rabies",2018,48,357,"SLV",NA,NA
"Rabies",2018,49,398,"SLV",NA,NA
"Rabies",2018,50,311,"SLV",NA,NA
"Rabies",2018,52,367,"SLV",NA,NA
"Rabies",2019,1,357,"SLV",NA,NA
"Rabies",2019,2,371,"SLV",NA,NA
"Rabies",2019,3,379,"SLV",NA,NA
"Rabies",2019,4,370,"SLV",NA,NA
"Rabies",2019,5,384,"SLV",NA,NA
"Rabies",2019,6,388,"SLV",NA,NA
"Rabies",2019,7,455,"SLV",NA,NA
"Rabies",2019,8,461,"SLV",NA,NA
"Rabies",2019,9,386,"SLV",NA,NA
"Rabies",2019,10,418,"SLV",NA,NA
"Rabies",2019,11,450,"SLV",NA,NA
"Rabies",2019,12,385,"SLV",NA,NA
"Rabies",2019,13,380,"SLV",NA,NA
"Rabies",2019,14,412,"SLV",NA,NA
"Rabies",2019,16,301,"SLV",NA,NA
"Rabies",2019,17,392,"SLV",NA,NA
"Rabies",2019,18,366,"SLV",NA,NA
"Rabies",2019,19,372,"SLV",NA,NA
"Rabies",2019,20,377,"SLV",NA,NA
"Rabies",2019,21,395,"SLV",NA,NA
"Rabies",2019,22,432,"SLV",NA,NA
"Rabies",2019,23,426,"SLV",NA,NA
"Rabies",2019,24,312,"SLV",NA,NA
"Rabies",2019,25,426,"SLV",NA,NA
"Rabies",2019,26,427,"SLV",NA,NA
"Rabies",2019,27,383,"SLV",NA,NA
"Rabies",2019,28,394,"SLV",NA,NA
"Rabies",2019,29,389,"SLV",NA,NA
"Rabies",2019,30,377,"SLV",NA,NA
"Rabies",2019,32,387,"SLV",NA,NA
"Rabies",2019,33,376,"SLV",NA,NA
"Varicella",2014,1,40,"SLV",NA,NA
"Varicella",2014,2,143,"SLV",NA,NA
"Varicella",2014,3,120,"SLV",NA,NA
"Varicella",2014,4,128,"SLV",NA,NA
"Varicella",2014,5,165,"SLV",NA,NA
"Varicella",2014,6,252,"SLV",NA,NA
"Varicella",2014,7,230,"SLV",NA,NA
"Varicella",2014,8,314,"SLV",NA,NA
"Varicella",2014,9,276,"SLV",NA,NA
"Varicella",2014,10,301,"SLV",NA,NA
"Varicella",2014,11,326,"SLV",NA,NA
"Varicella",2014,12,332,"SLV",NA,NA
"Varicella",2014,13,314,"SLV",NA,NA
"Varicella",2014,14,352,"SLV",NA,NA
"Varicella",2014,15,265,"SLV",NA,NA
"Varicella",2014,16,145,"SLV",NA,NA
"Varicella",2014,17,279,"SLV",NA,NA
"Varicella",2014,18,288,"SLV",NA,NA
"Varicella",2014,19,242,"SLV",NA,NA
"Varicella",2014,20,277,"SLV",NA,NA
"Varicella",2014,21,226,"SLV",NA,NA
"Varicella",2014,22,255,"SLV",NA,NA
"Varicella",2014,23,148,"SLV",NA,NA
"Varicella",2014,24,200,"SLV",NA,NA
"Varicella",2014,25,198,"SLV",NA,NA
"Varicella",2014,26,152,"SLV",NA,NA
"Varicella",2014,27,101,"SLV",NA,NA
"Zika Virus",2015,47,421,"SLV",NA,NA
"Zika Virus",2015,48,777,"SLV",NA,NA
"Zika Virus",2015,49,884,"SLV",NA,NA
"Zika Virus",2015,50,506,"SLV",NA,NA
"Zika Virus",2015,51,464,"SLV",NA,NA
"Zika Virus",2015,52,316,"SLV",NA,NA
"Zika Virus",2016,1,943,"SLV",NA,NA
"Zika Virus",2016,2,931,"SLV",NA,NA
"Zika Virus",2016,3,768,"SLV",NA,NA
"Zika Virus",2016,4,789,"SLV",NA,NA
"Zika Virus",2016,5,603,"SLV",NA,NA
"Zika Virus",2016,6,431,"SLV",NA,NA
"Zika Virus",2016,7,265,"SLV",NA,NA
"Zika Virus",2016,8,185,"SLV",NA,NA
"Zika Virus",2016,9,153,"SLV",NA,NA
"Zika Virus",2016,10,60,"SLV",NA,NA
"Zika Virus",2016,11,64,"SLV",NA,NA
"Zika Virus",2016,12,40,"SLV",NA,NA
"Zika Virus",2016,13,63,"SLV",NA,NA
"Zika Virus",2016,14,65,"SLV",NA,NA
"Zika Virus",2016,15,46,"SLV",NA,NA
"Zika Virus",2016,16,68,"SLV",NA,NA
"Zika Virus",2016,17,59,"SLV",NA,NA
"Zika Virus",2016,18,56,"SLV",NA,NA
"Zika Virus",2016,19,48,"SLV",NA,NA
"Zika Virus",2016,20,59,"SLV",NA,NA
"Zika Virus",2016,21,62,"SLV",NA,NA
"Zika Virus",2016,22,58,"SLV",NA,NA
"Zika Virus",2016,23,63,"SLV",NA,NA
"Zika Virus",2016,24,53,"SLV",NA,NA
"Zika Virus",2016,25,85,"SLV",NA,NA
"Zika Virus",2016,26,60,"SLV",NA,NA
"Zika Virus",2016,27,54,"SLV",NA,NA
"Zika Virus",2016,28,38,"SLV",NA,NA
"Zika Virus",2016,29,16,"SLV",NA,NA
"Zika Virus",2016,30,24,"SLV",NA,NA
"Zika Virus",2016,31,14,"SLV",NA,NA
"Zika Virus",2016,32,48,"SLV",NA,NA
"Zika Virus",2016,33,39,"SLV",NA,NA
"Zika Virus",2016,34,28,"SLV",NA,NA
"Zika Virus",2016,35,34,"SLV",NA,NA
"Zika Virus",2016,36,37,"SLV",NA,NA
"Zika Virus",2016,37,19,"SLV",NA,NA
"Zika Virus",2016,38,8,"SLV",NA,NA
"Zika Virus",2016,39,21,"SLV",NA,NA
"Zika Virus",2016,40,12,"SLV",NA,NA
"Zika Virus",2016,41,13,"SLV",NA,NA
"Zika Virus",2016,42,9,"SLV",NA,NA
"Zika Virus",2016,43,13,"SLV",NA,NA
"Zika Virus",2016,44,9,"SLV",NA,NA
"Zika Virus",2016,45,9,"SLV",NA,NA
"Zika Virus",2016,46,12,"SLV",NA,NA
"Zika Virus",2016,47,12,"SLV",NA,NA
"Zika Virus",2016,48,15,"SLV",NA,NA
"Zika Virus",2016,49,8,"SLV",NA,NA
"Zika Virus",2016,50,8,"SLV",NA,NA
"Zika Virus",2016,51,4,"SLV",NA,NA
"Zika Virus",2016,52,9,"SLV",NA,NA
"Zika Virus",2017,1,9,"SLV",NA,NA
"Zika Virus",2017,2,15,"SLV",NA,NA
"Zika Virus",2017,3,11,"SLV",NA,NA
"Zika Virus",2017,4,10,"SLV",NA,NA
"Zika Virus",2017,5,7,"SLV",NA,NA
"Zika Virus",2017,6,9,"SLV",NA,NA
"Zika Virus",2017,7,6,"SLV",NA,NA
"Zika Virus",2017,8,10,"SLV",NA,NA
"Zika Virus",2017,9,10,"SLV",NA,NA
"Zika Virus",2017,10,9,"SLV",NA,NA
"Zika Virus",2017,11,5,"SLV",NA,NA
"Zika Virus",2017,12,1,"SLV",NA,NA
"Zika Virus",2017,13,8,"SLV",NA,NA
"Zika Virus",2017,14,10,"SLV",NA,NA
"Zika Virus",2017,15,3,"SLV",NA,NA
"Zika Virus",2017,16,4,"SLV",NA,NA
"Zika Virus",2017,17,9,"SLV",NA,NA
"Zika Virus",2017,18,7,"SLV",NA,NA
"Zika Virus",2017,19,3,"SLV",NA,NA
"Zika Virus",2017,20,10,"SLV",NA,NA
"Zika Virus",2017,21,6,"SLV",NA,NA
"Zika Virus",2017,22,12,"SLV",NA,NA
"Zika Virus",2017,23,11,"SLV",NA,NA
"Zika Virus",2017,24,4,"SLV",NA,NA
"Zika Virus",2017,25,8,"SLV",NA,NA
"Zika Virus",2017,26,7,"SLV",NA,NA
"Zika Virus",2017,27,9,"SLV",NA,NA
"Zika Virus",2017,28,3,"SLV",NA,NA
"Zika Virus",2017,29,8,"SLV",NA,NA
"Zika Virus",2017,31,1,"SLV",NA,NA
"Zika Virus",2017,32,5,"SLV",NA,NA
"Zika Virus",2017,33,7,"SLV",NA,NA
"Zika Virus",2017,34,6,"SLV",NA,NA
"Zika Virus",2017,35,11,"SLV",NA,NA
"Zika Virus",2017,36,2,"SLV",NA,NA
"Zika Virus",2017,37,6,"SLV",NA,NA
"Zika Virus",2017,38,7,"SLV",NA,NA
"Zika Virus",2017,39,8,"SLV",NA,NA
"Zika Virus",2017,41,4,"SLV",NA,NA
"Zika Virus",2017,42,7,"SLV",NA,NA
"Zika Virus",2017,43,5,"SLV",NA,NA
"Zika Virus",2017,44,6,"SLV",NA,NA
"Zika Virus",2017,45,7,"SLV",NA,NA
"Zika Virus",2017,46,4,"SLV",NA,NA
"Zika Virus",2017,47,4,"SLV",NA,NA
"Zika Virus",2017,48,4,"SLV",NA,NA
"Zika Virus",2017,49,1,"SLV",NA,NA
"Zika Virus",2017,50,3,"SLV",NA,NA
"Zika Virus",2017,52,0,"SLV",NA,NA
"Zika Virus",2018,1,4,"SLV",NA,NA
"Zika Virus",2018,2,8,"SLV",NA,NA
"Zika Virus",2018,3,2,"SLV",NA,NA
"Zika Virus",2018,4,8,"SLV",NA,NA
"Zika Virus",2018,5,6,"SLV",NA,NA
"Zika Virus",2018,6,7,"SLV",NA,NA
"Zika Virus",2018,7,7,"SLV",NA,NA
"Zika Virus",2018,8,4,"SLV",NA,NA
"Zika Virus",2018,9,8,"SLV",NA,NA
"Zika Virus",2018,10,8,"SLV",NA,NA
"Zika Virus",2018,11,4,"SLV",NA,NA
"Zika Virus",2018,12,7,"SLV",NA,NA
"Zika Virus",2018,13,2,"SLV",NA,NA
"Zika Virus",2018,14,10,"SLV",NA,NA
"Zika Virus",2018,15,7,"SLV",NA,NA
"Zika Virus",2018,16,6,"SLV",NA,NA
"Zika Virus",2018,17,11,"SLV",NA,NA
"Zika Virus",2018,18,6,"SLV",NA,NA
"Zika Virus",2018,19,7,"SLV",NA,NA
"Zika Virus",2018,20,13,"SLV",NA,NA
"Zika Virus",2018,21,8,"SLV",NA,NA
"Zika Virus",2018,22,4,"SLV",NA,NA
"Zika Virus",2018,23,10,"SLV",NA,NA
"Zika Virus",2018,24,12,"SLV",NA,NA
"Zika Virus",2018,25,5,"SLV",NA,NA
"Zika Virus",2018,26,15,"SLV",NA,NA
"Zika Virus",2018,27,10,"SLV",NA,NA
"Zika Virus",2018,28,9,"SLV",NA,NA
"Zika Virus",2018,29,10,"SLV",NA,NA
"Zika Virus",2018,30,5,"SLV",NA,NA
"Zika Virus",2018,31,5,"SLV",NA,NA
"Zika Virus",2018,32,7,"SLV",NA,NA
"Zika Virus",2018,33,10,"SLV",NA,NA
"Zika Virus",2018,34,3,"SLV",NA,NA
"Zika Virus",2018,35,13,"SLV",NA,NA
"Zika Virus",2018,36,17,"SLV",NA,NA
"Zika Virus",2018,37,11,"SLV",NA,NA
"Zika Virus",2018,38,23,"SLV",NA,NA
"Zika Virus",2018,39,19,"SLV",NA,NA
"Zika Virus",2018,40,21,"SLV",NA,NA
"Zika Virus",2018,41,14,"SLV",NA,NA
"Zika Virus",2018,42,12,"SLV",NA,NA
"Zika Virus",2018,43,18,"SLV",NA,NA
"Zika Virus",2018,44,14,"SLV",NA,NA
"Zika Virus",2018,45,14,"SLV",NA,NA
"Zika Virus",2018,46,11,"SLV",NA,NA
"Zika Virus",2018,47,4,"SLV",NA,NA
"Zika Virus",2018,48,11,"SLV",NA,NA
"Zika Virus",2018,49,13,"SLV",NA,NA
"Zika Virus",2018,50,7,"SLV",NA,NA
"Zika Virus",2018,51,9,"SLV",NA,NA
"Zika Virus",2018,52,1,"SLV",NA,NA
"Zika Virus",2019,1,8,"SLV",NA,NA
"Zika Virus",2019,2,11,"SLV",NA,NA
"Zika Virus",2019,3,11,"SLV",NA,NA
"Zika Virus",2019,4,12,"SLV",NA,NA
"Zika Virus",2019,5,10,"SLV",NA,NA
"Zika Virus",2019,6,16,"SLV",NA,NA
"Zika Virus",2019,7,12,"SLV",NA,NA
"Zika Virus",2019,8,13,"SLV",NA,NA
"Zika Virus",2019,9,17,"SLV",NA,NA
"Zika Virus",2019,10,9,"SLV",NA,NA
"Zika Virus",2019,11,16,"SLV",NA,NA
"Zika Virus",2019,12,12,"SLV",NA,NA
"Zika Virus",2019,13,19,"SLV",NA,NA
"Zika Virus",2019,14,8,"SLV",NA,NA
"Zika Virus",2019,15,8,"SLV",NA,NA
"Zika Virus",2019,16,3,"SLV",NA,NA
"Zika Virus",2019,17,6,"SLV",NA,NA
"Zika Virus",2019,18,17,"SLV",NA,NA
"Zika Virus",2019,19,12,"SLV",NA,NA
"Zika Virus",2019,20,13,"SLV",NA,NA
"Zika Virus",2019,21,12,"SLV",NA,NA
"Zika Virus",2019,22,16,"SLV",NA,NA
"Zika Virus",2019,23,12,"SLV",NA,NA
"Zika Virus",2019,24,27,"SLV",NA,NA
"Zika Virus",2019,25,18,"SLV",NA,NA
"Zika Virus",2019,26,27,"SLV",NA,NA
"Zika Virus",2019,27,28,"SLV",NA,NA
"Zika Virus",2019,28,25,"SLV",NA,NA
"Zika Virus",2019,29,27,"SLV",NA,NA
"Zika Virus",2019,30,24,"SLV",NA,NA
"Zika Virus",2019,31,25,"SLV",NA,NA
"Zika Virus",2019,32,20,"SLV",NA,NA
"Zika Virus",2019,33,28,"SLV",NA,NA
"Zika Virus",2019,34,27,"SLV",NA,NA
"Zika Virus",2019,35,21,"SLV",NA,NA
"Zika Virus",2019,36,25,"SLV",NA,NA
"Zika Virus",2019,37,20,"SLV",NA,NA
"Zika Virus",2019,38,20,"SLV",NA,NA
"Zika Virus",2019,39,30,"SLV",NA,NA
"Zika Virus",2019,40,25,"SLV",NA,NA
"Zika Virus",2019,41,15,"SLV",NA,NA
"Zika Virus",2019,42,13,"SLV",NA,NA
"Zika Virus",2019,43,16,"SLV",NA,NA
"Zika Virus",2019,44,7,"SLV",NA,NA
"Zika Virus",2019,45,9,"SLV",NA,NA
"Zika Virus",2019,46,16,"SLV",NA,NA
"Zika Virus",2019,47,13,"SLV",NA,NA
"Zika Virus",2019,48,12,"SLV",NA,NA
"Zika Virus",2019,49,9,"SLV",NA,NA
"Zika Virus",2019,50,6,"SLV",NA,NA
"Zika Virus",2020,1,10,"SLV",NA,NA
"Zika Virus",2020,2,7,"SLV",NA,NA
"Zika Virus",2020,3,8,"SLV",NA,NA
"Zika Virus",2020,4,12,"SLV",NA,NA
"Zika Virus",2020,5,8,"SLV",NA,NA
"Zika Virus",2020,6,8,"SLV",NA,NA
"Zika Virus",2020,7,9,"SLV",NA,NA
"Zika Virus",2020,8,5,"SLV",NA,NA
"Zika Virus",2020,9,6,"SLV",NA,NA
"Zika Virus",2020,10,5,"SLV",NA,NA
"Zika Virus",2020,11,4,"SLV",NA,NA
"Zika Virus",2020,12,1,"SLV",NA,NA
"Zika Virus",2020,13,1,"SLV",NA,NA
"Zika Virus",2020,14,1,"SLV",NA,NA
"Zika Virus",2020,15,1,"SLV",NA,NA
"Zika Virus",2020,16,6,"SLV",NA,NA
"Zika Virus",2020,17,5,"SLV",NA,NA
"Zika Virus",2020,18,5,"SLV",NA,NA
"Zika Virus",2020,19,1,"SLV",NA,NA
"Zika Virus",2020,20,4,"SLV",NA,NA
"Zika Virus",2020,21,5,"SLV",NA,NA
"Zika Virus",2020,22,0,"SLV",NA,NA
"Zika Virus",2020,23,3,"SLV",NA,NA
"Zika Virus",2020,24,4,"SLV",NA,NA
"Zika Virus",2020,25,1,"SLV",NA,NA
"Zika Virus",2020,26,0,"SLV",NA,NA
"Zika Virus",2020,27,4,"SLV",NA,NA
"Zika Virus",2020,28,2,"SLV",NA,NA
"Zika Virus",2020,29,0,"SLV",NA,NA
"Zika Virus",2020,30,4,"SLV",NA,NA
"Zika Virus",2020,31,3,"SLV",NA,NA
"Zika Virus",2020,32,4,"SLV",NA,NA
"Zika Virus",2020,33,3,"SLV",NA,NA
"Zika Virus",2020,34,8,"SLV",NA,NA
"Zika Virus",2020,35,3,"SLV",NA,NA
"Zika Virus",2020,36,4,"SLV",NA,NA
"Zika Virus",2020,37,3,"SLV",NA,NA
"Zika Virus",2020,38,1,"SLV",NA,NA
"Zika Virus",2020,39,2,"SLV",NA,NA
"Zika Virus",2020,40,7,"SLV",NA,NA
"Zika Virus",2020,41,2,"SLV",NA,NA
"Zika Virus",2020,42,5,"SLV",NA,NA
"Zika Virus",2020,43,0,"SLV",NA,NA
"Zika Virus",2020,44,4,"SLV",NA,NA
"Zika Virus",2020,45,2,"SLV",NA,NA
"Zika Virus",2020,46,7,"SLV",NA,NA
"Zika Virus",2020,47,1,"SLV",NA,NA
"Zika Virus",2020,48,4,"SLV",NA,NA
"Zika Virus",2020,49,5,"SLV",NA,NA
"Zika Virus",2020,50,3,"SLV",NA,NA
"Zika Virus",2020,51,1,"SLV",NA,NA
"Zika Virus",2020,52,1,"SLV",NA,NA
