"","Disease","EpiYear","EpiWeek","Incidence","ADM0","ADM1","ADM2","NA","NA"
"1","Rabies",2014,1,421,"SLV",NA,NA,NA,NA
"2","Rabies",2014,2,461,"SLV",NA,NA,NA,NA
"3","Rabies",2014,3,400,"SLV",NA,NA,NA,NA
"4","Rabies",2014,4,440,"SLV",NA,NA,NA,NA
"5","Rabies",2014,5,437,"SLV",NA,NA,NA,NA
"6","Rabies",2014,6,453,"SLV",NA,NA,NA,NA
"7","Rabies",2014,7,471,"SLV",NA,NA,NA,NA
"8","Rabies",2014,8,533,"SLV",NA,NA,NA,NA
"9","Rabies",2014,9,485,"SLV",NA,NA,NA,NA
"10","Rabies",2014,10,478,"SLV",NA,NA,NA,NA
"11","Rabies",2014,11,463,"SLV",NA,NA,NA,NA
"12","Rabies",2014,12,508,"SLV",NA,NA,NA,NA
"13","Rabies",2014,13,510,"SLV",NA,NA,NA,NA
"14","Rabies",2014,14,519,"SLV",NA,NA,NA,NA
"15","Rabies",2014,15,425,"SLV",NA,NA,NA,NA
"16","Rabies",2014,16,424,"SLV",NA,NA,NA,NA
"17","Rabies",2014,17,422,"SLV",NA,NA,NA,NA
"18","Rabies",2014,18,467,"SLV",NA,NA,NA,NA
"19","Rabies",2014,19,472,"SLV",NA,NA,NA,NA
"20","Rabies",2014,20,512,"SLV",NA,NA,NA,NA
"21","Rabies",2014,21,454,"SLV",NA,NA,NA,NA
"22","Rabies",2014,22,471,"SLV",NA,NA,NA,NA
"23","Rabies",2014,23,449,"SLV",NA,NA,NA,NA
"24","Rabies",2014,24,426,"SLV",NA,NA,NA,NA
"25","Rabies",2014,25,440,"SLV",NA,NA,NA,NA
"26","Rabies",2014,26,406,"SLV",NA,NA,NA,NA
"27","Rabies",2014,27,461,"SLV",NA,NA,NA,NA
"28","Rabies",2014,28,470,"SLV",NA,NA,NA,NA
"29","Rabies",2014,29,412,"SLV",NA,NA,NA,NA
"30","Rabies",2014,30,343,"SLV",NA,NA,NA,NA
"31","Rabies",2014,31,368,"SLV",NA,NA,NA,NA
"32","Rabies",2014,32,361,"SLV",NA,NA,NA,NA
"33","Rabies",2014,33,380,"SLV",NA,NA,NA,NA
"34","Rabies",2014,34,423,"SLV",NA,NA,NA,NA
"35","Rabies",2014,35,447,"SLV",NA,NA,NA,NA
"36","Rabies",2014,36,376,"SLV",NA,NA,NA,NA
"37","Rabies",2014,37,333,"SLV",NA,NA,NA,NA
"38","Rabies",2014,38,347,"SLV",NA,NA,NA,NA
"39","Rabies",2014,39,362,"SLV",NA,NA,NA,NA
"40","Rabies",2014,40,405,"SLV",NA,NA,NA,NA
"41","Rabies",2014,41,385,"SLV",NA,NA,NA,NA
"42","Rabies",2014,42,345,"SLV",NA,NA,NA,NA
"43","Rabies",2014,43,334,"SLV",NA,NA,NA,NA
"44","Rabies",2014,44,408,"SLV",NA,NA,NA,NA
"45","Rabies",2014,45,341,"SLV",NA,NA,NA,NA
"46","Rabies",2014,46,346,"SLV",NA,NA,NA,NA
"47","Rabies",2014,47,364,"SLV",NA,NA,NA,NA
"48","Rabies",2014,48,348,"SLV",NA,NA,NA,NA
"49","Rabies",2014,49,312,"SLV",NA,NA,NA,NA
"50","Rabies",2014,50,369,"SLV",NA,NA,NA,NA
"51","Rabies",2014,51,298,"SLV",NA,NA,NA,NA
"52","Rabies",2014,52,248,"SLV",NA,NA,NA,NA
"53","Rabies",2015,1,407,"SLV",NA,NA,NA,NA
"54","Rabies",2015,2,387,"SLV",NA,NA,NA,NA
"55","Rabies",2015,3,385,"SLV",NA,NA,NA,NA
"56","Rabies",2015,4,410,"SLV",NA,NA,NA,NA
"57","Rabies",2015,5,433,"SLV",NA,NA,NA,NA
"58","Rabies",2015,6,418,"SLV",NA,NA,NA,NA
"59","Rabies",2015,7,415,"SLV",NA,NA,NA,NA
"60","Rabies",2015,8,518,"SLV",NA,NA,NA,NA
"61","Rabies",2015,9,440,"SLV",NA,NA,NA,NA
"62","Rabies",2015,10,470,"SLV",NA,NA,NA,NA
"63","Rabies",2015,11,397,"SLV",NA,NA,NA,NA
"64","Rabies",2015,12,278,"SLV",NA,NA,NA,NA
"65","Rabies",2015,13,406,"SLV",NA,NA,NA,NA
"66","Rabies",2015,14,408,"SLV",NA,NA,NA,NA
"67","Rabies",2015,15,433,"SLV",NA,NA,NA,NA
"68","Rabies",2015,16,388,"SLV",NA,NA,NA,NA
"69","Rabies",2015,17,416,"SLV",NA,NA,NA,NA
"70","Rabies",2015,18,380,"SLV",NA,NA,NA,NA
"71","Rabies",2015,19,402,"SLV",NA,NA,NA,NA
"72","Rabies",2015,20,378,"SLV",NA,NA,NA,NA
"73","Rabies",2015,21,429,"SLV",NA,NA,NA,NA
"74","Rabies",2015,22,399,"SLV",NA,NA,NA,NA
"75","Rabies",2015,23,446,"SLV",NA,NA,NA,NA
"76","Rabies",2015,24,397,"SLV",NA,NA,NA,NA
"77","Rabies",2015,25,429,"SLV",NA,NA,NA,NA
"78","Rabies",2015,26,408,"SLV",NA,NA,NA,NA
"79","Rabies",2015,27,374,"SLV",NA,NA,NA,NA
"80","Rabies",2015,28,356,"SLV",NA,NA,NA,NA
"81","Rabies",2015,29,321,"SLV",NA,NA,NA,NA
"82","Rabies",2015,30,367,"SLV",NA,NA,NA,NA
"83","Rabies",2015,31,325,"SLV",NA,NA,NA,NA
"84","Rabies",2015,32,378,"SLV",NA,NA,NA,NA
"85","Rabies",2015,33,331,"SLV",NA,NA,NA,NA
"86","Rabies",2015,34,359,"SLV",NA,NA,NA,NA
"87","Rabies",2015,35,364,"SLV",NA,NA,NA,NA
"88","Rabies",2015,36,364,"SLV",NA,NA,NA,NA
"89","Rabies",2015,37,362,"SLV",NA,NA,NA,NA
"90","Rabies",2015,38,338,"SLV",NA,NA,NA,NA
"91","Rabies",2015,39,362,"SLV",NA,NA,NA,NA
"92","Rabies",2015,40,383,"SLV",NA,NA,NA,NA
"93","Rabies",2015,41,345,"SLV",NA,NA,NA,NA
"94","Rabies",2015,42,338,"SLV",NA,NA,NA,NA
"95","Rabies",2015,43,359,"SLV",NA,NA,NA,NA
"96","Rabies",2015,44,365,"SLV",NA,NA,NA,NA
"97","Rabies",2015,45,351,"SLV",NA,NA,NA,NA
"98","Rabies",2015,46,383,"SLV",NA,NA,NA,NA
"99","Rabies",2015,47,361,"SLV",NA,NA,NA,NA
"100","Rabies",2015,48,321,"SLV",NA,NA,NA,NA
"101","Rabies",2015,49,336,"SLV",NA,NA,NA,NA
"102","Rabies",2015,50,284,"SLV",NA,NA,NA,NA
"103","Rabies",2015,51,281,"SLV",NA,NA,NA,NA
"104","Rabies",2015,52,259,"SLV",NA,NA,NA,NA
"105","Rabies",2016,1,282,"SLV",NA,NA,NA,NA
"106","Rabies",2016,2,306,"SLV",NA,NA,NA,NA
"107","Rabies",2016,3,310,"SLV",NA,NA,NA,NA
"108","Rabies",2016,4,355,"SLV",NA,NA,NA,NA
"109","Rabies",2016,5,340,"SLV",NA,NA,NA,NA
"110","Rabies",2016,6,384,"SLV",NA,NA,NA,NA
"111","Rabies",2016,7,387,"SLV",NA,NA,NA,NA
"112","Rabies",2016,8,394,"SLV",NA,NA,NA,NA
"113","Rabies",2016,9,321,"SLV",NA,NA,NA,NA
"114","Rabies",2016,10,341,"SLV",NA,NA,NA,NA
"115","Rabies",2016,11,301,"SLV",NA,NA,NA,NA
"116","Rabies",2016,12,356,"SLV",NA,NA,NA,NA
"117","Rabies",2016,13,419,"SLV",NA,NA,NA,NA
"118","Rabies",2016,14,338,"SLV",NA,NA,NA,NA
"119","Rabies",2016,15,375,"SLV",NA,NA,NA,NA
"120","Rabies",2016,16,387,"SLV",NA,NA,NA,NA
"121","Rabies",2016,17,388,"SLV",NA,NA,NA,NA
"122","Rabies",2016,18,375,"SLV",NA,NA,NA,NA
"123","Rabies",2016,19,363,"SLV",NA,NA,NA,NA
"124","Rabies",2016,20,416,"SLV",NA,NA,NA,NA
"125","Rabies",2016,21,438,"SLV",NA,NA,NA,NA
"126","Rabies",2016,22,403,"SLV",NA,NA,NA,NA
"127","Rabies",2016,23,371,"SLV",NA,NA,NA,NA
"128","Rabies",2016,24,431,"SLV",NA,NA,NA,NA
"129","Rabies",2016,25,410,"SLV",NA,NA,NA,NA
"130","Rabies",2016,26,357,"SLV",NA,NA,NA,NA
"131","Rabies",2016,27,415,"SLV",NA,NA,NA,NA
"132","Rabies",2016,28,374,"SLV",NA,NA,NA,NA
"133","Rabies",2016,29,344,"SLV",NA,NA,NA,NA
"134","Rabies",2016,30,351,"SLV",NA,NA,NA,NA
"135","Rabies",2016,31,361,"SLV",NA,NA,NA,NA
"136","Rabies",2016,32,406,"SLV",NA,NA,NA,NA
"137","Rabies",2016,33,366,"SLV",NA,NA,NA,NA
"138","Rabies",2016,34,410,"SLV",NA,NA,NA,NA
"139","Rabies",2016,35,396,"SLV",NA,NA,NA,NA
"140","Rabies",2016,36,335,"SLV",NA,NA,NA,NA
"141","Rabies",2016,37,344,"SLV",NA,NA,NA,NA
"142","Rabies",2016,38,391,"SLV",NA,NA,NA,NA
"143","Rabies",2016,39,371,"SLV",NA,NA,NA,NA
"144","Rabies",2016,40,422,"SLV",NA,NA,NA,NA
"145","Rabies",2016,41,388,"SLV",NA,NA,NA,NA
"146","Rabies",2016,42,390,"SLV",NA,NA,NA,NA
"147","Rabies",2016,43,413,"SLV",NA,NA,NA,NA
"148","Rabies",2016,44,377,"SLV",NA,NA,NA,NA
"149","Rabies",2016,45,396,"SLV",NA,NA,NA,NA
"150","Rabies",2016,46,362,"SLV",NA,NA,NA,NA
"151","Rabies",2016,47,358,"SLV",NA,NA,NA,NA
"152","Rabies",2016,48,400,"SLV",NA,NA,NA,NA
"153","Rabies",2016,49,394,"SLV",NA,NA,NA,NA
"154","Rabies",2016,50,308,"SLV",NA,NA,NA,NA
"155","Rabies",2016,51,279,"SLV",NA,NA,NA,NA
"156","Rabies",2016,52,287,"SLV",NA,NA,NA,NA
"157","Rabies",2017,1,368,"SLV",NA,NA,NA,NA
"158","Rabies",2017,2,375,"SLV",NA,NA,NA,NA
"159","Rabies",2017,3,405,"SLV",NA,NA,NA,NA
"160","Rabies",2017,4,356,"SLV",NA,NA,NA,NA
"161","Rabies",2017,5,415,"SLV",NA,NA,NA,NA
"162","Rabies",2017,6,409,"SLV",NA,NA,NA,NA
"163","Rabies",2017,7,398,"SLV",NA,NA,NA,NA
"164","Rabies",2017,8,427,"SLV",NA,NA,NA,NA
"165","Rabies",2017,9,454,"SLV",NA,NA,NA,NA
"166","Rabies",2017,10,399,"SLV",NA,NA,NA,NA
"167","Rabies",2017,11,389,"SLV",NA,NA,NA,NA
"168","Rabies",2017,12,405,"SLV",NA,NA,NA,NA
"169","Rabies",2017,13,386,"SLV",NA,NA,NA,NA
"170","Rabies",2017,14,314,"SLV",NA,NA,NA,NA
"171","Rabies",2017,15,336,"SLV",NA,NA,NA,NA
"172","Rabies",2017,16,389,"SLV",NA,NA,NA,NA
"173","Rabies",2017,17,416,"SLV",NA,NA,NA,NA
"174","Rabies",2017,18,382,"SLV",NA,NA,NA,NA
"175","Rabies",2017,19,326,"SLV",NA,NA,NA,NA
"176","Rabies",2017,20,401,"SLV",NA,NA,NA,NA
"177","Rabies",2017,21,437,"SLV",NA,NA,NA,NA
"178","Rabies",2017,22,409,"SLV",NA,NA,NA,NA
"179","Rabies",2017,23,359,"SLV",NA,NA,NA,NA
"180","Rabies",2017,24,369,"SLV",NA,NA,NA,NA
"181","Rabies",2017,25,377,"SLV",NA,NA,NA,NA
"182","Rabies",2017,26,398,"SLV",NA,NA,NA,NA
"183","Rabies",2017,27,409,"SLV",NA,NA,NA,NA
"184","Rabies",2017,28,343,"SLV",NA,NA,NA,NA
"185","Rabies",2017,29,336,"SLV",NA,NA,NA,NA
"186","Rabies",2017,31,302,"SLV",NA,NA,NA,NA
"187","Rabies",2017,32,358,"SLV",NA,NA,NA,NA
"188","Rabies",2017,33,381,"SLV",NA,NA,NA,NA
"189","Rabies",2017,34,326,"SLV",NA,NA,NA,NA
"190","Rabies",2017,35,392,"SLV",NA,NA,NA,NA
"191","Rabies",2017,36,346,"SLV",NA,NA,NA,NA
"192","Rabies",2017,37,313,"SLV",NA,NA,NA,NA
"193","Rabies",2017,38,318,"SLV",NA,NA,NA,NA
"194","Rabies",2017,39,335,"SLV",NA,NA,NA,NA
"195","Rabies",2017,41,371,"SLV",NA,NA,NA,NA
"196","Rabies",2017,42,434,"SLV",NA,NA,NA,NA
"197","Rabies",2017,43,344,"SLV",NA,NA,NA,NA
"198","Rabies",2017,44,339,"SLV",NA,NA,NA,NA
"199","Rabies",2017,45,364,"SLV",NA,NA,NA,NA
"200","Rabies",2017,46,356,"SLV",NA,NA,NA,NA
"201","Rabies",2017,47,366,"SLV",NA,NA,NA,NA
"202","Rabies",2017,48,338,"SLV",NA,NA,NA,NA
"203","Rabies",2017,49,344,"SLV",NA,NA,NA,NA
"204","Rabies",2017,50,318,"SLV",NA,NA,NA,NA
"205","Rabies",2017,52,330,"SLV",NA,NA,NA,NA
"206","Rabies",2018,1,364,"SLV",NA,NA,NA,NA
"207","Rabies",2018,2,301,"SLV",NA,NA,NA,NA
"208","Rabies",2018,3,349,"SLV",NA,NA,NA,NA
"209","Rabies",2018,4,361,"SLV",NA,NA,NA,NA
"210","Rabies",2018,5,398,"SLV",NA,NA,NA,NA
"211","Rabies",2018,6,447,"SLV",NA,NA,NA,NA
"212","Rabies",2018,7,462,"SLV",NA,NA,NA,NA
"213","Rabies",2018,8,430,"SLV",NA,NA,NA,NA
"214","Rabies",2018,9,398,"SLV",NA,NA,NA,NA
"215","Rabies",2018,10,374,"SLV",NA,NA,NA,NA
"216","Rabies",2018,11,382,"SLV",NA,NA,NA,NA
"217","Rabies",2018,13,304,"SLV",NA,NA,NA,NA
"218","Rabies",2018,14,362,"SLV",NA,NA,NA,NA
"219","Rabies",2018,15,329,"SLV",NA,NA,NA,NA
"220","Rabies",2018,16,329,"SLV",NA,NA,NA,NA
"221","Rabies",2018,17,389,"SLV",NA,NA,NA,NA
"222","Rabies",2018,18,406,"SLV",NA,NA,NA,NA
"223","Rabies",2018,19,342,"SLV",NA,NA,NA,NA
"224","Rabies",2018,20,392,"SLV",NA,NA,NA,NA
"225","Rabies",2018,21,432,"SLV",NA,NA,NA,NA
"226","Rabies",2018,22,408,"SLV",NA,NA,NA,NA
"227","Rabies",2018,23,371,"SLV",NA,NA,NA,NA
"228","Rabies",2018,24,400,"SLV",NA,NA,NA,NA
"229","Rabies",2018,25,443,"SLV",NA,NA,NA,NA
"230","Rabies",2018,26,421,"SLV",NA,NA,NA,NA
"231","Rabies",2018,27,373,"SLV",NA,NA,NA,NA
"232","Rabies",2018,28,372,"SLV",NA,NA,NA,NA
"233","Rabies",2018,29,360,"SLV",NA,NA,NA,NA
"234","Rabies",2018,30,351,"SLV",NA,NA,NA,NA
"235","Rabies",2018,31,285,"SLV",NA,NA,NA,NA
"236","Rabies",2018,32,353,"SLV",NA,NA,NA,NA
"237","Rabies",2018,33,370,"SLV",NA,NA,NA,NA
"238","Rabies",2018,34,354,"SLV",NA,NA,NA,NA
"239","Rabies",2018,35,405,"SLV",NA,NA,NA,NA
"240","Rabies",2018,36,391,"SLV",NA,NA,NA,NA
"241","Rabies",2018,37,356,"SLV",NA,NA,NA,NA
"242","Rabies",2018,38,349,"SLV",NA,NA,NA,NA
"243","Rabies",2018,39,398,"SLV",NA,NA,NA,NA
"244","Rabies",2018,40,376,"SLV",NA,NA,NA,NA
"245","Rabies",2018,41,365,"SLV",NA,NA,NA,NA
"246","Rabies",2018,42,362,"SLV",NA,NA,NA,NA
"247","Rabies",2018,43,387,"SLV",NA,NA,NA,NA
"248","Rabies",2018,44,414,"SLV",NA,NA,NA,NA
"249","Rabies",2018,45,422,"SLV",NA,NA,NA,NA
"250","Rabies",2018,46,363,"SLV",NA,NA,NA,NA
"251","Rabies",2018,47,352,"SLV",NA,NA,NA,NA
"252","Rabies",2018,48,357,"SLV",NA,NA,NA,NA
"253","Rabies",2018,49,398,"SLV",NA,NA,NA,NA
"254","Rabies",2018,50,311,"SLV",NA,NA,NA,NA
"255","Rabies",2018,52,367,"SLV",NA,NA,NA,NA
"256","Rabies",2019,1,357,"SLV",NA,NA,NA,NA
"257","Rabies",2019,2,371,"SLV",NA,NA,NA,NA
"258","Rabies",2019,3,379,"SLV",NA,NA,NA,NA
"259","Rabies",2019,4,370,"SLV",NA,NA,NA,NA
"260","Rabies",2019,5,384,"SLV",NA,NA,NA,NA
"261","Rabies",2019,6,388,"SLV",NA,NA,NA,NA
"262","Rabies",2019,7,455,"SLV",NA,NA,NA,NA
"263","Rabies",2019,8,461,"SLV",NA,NA,NA,NA
"264","Rabies",2019,9,386,"SLV",NA,NA,NA,NA
"265","Rabies",2019,10,418,"SLV",NA,NA,NA,NA
"266","Rabies",2019,11,450,"SLV",NA,NA,NA,NA
"267","Rabies",2019,12,385,"SLV",NA,NA,NA,NA
"268","Rabies",2019,13,380,"SLV",NA,NA,NA,NA
"269","Rabies",2019,14,412,"SLV",NA,NA,NA,NA
"270","Rabies",2019,16,301,"SLV",NA,NA,NA,NA
"271","Rabies",2019,17,392,"SLV",NA,NA,NA,NA
"272","Rabies",2019,18,366,"SLV",NA,NA,NA,NA
"273","Rabies",2019,19,372,"SLV",NA,NA,NA,NA
"274","Rabies",2019,20,377,"SLV",NA,NA,NA,NA
"275","Rabies",2019,21,395,"SLV",NA,NA,NA,NA
"276","Rabies",2019,22,432,"SLV",NA,NA,NA,NA
"277","Rabies",2019,23,426,"SLV",NA,NA,NA,NA
"278","Rabies",2019,24,312,"SLV",NA,NA,NA,NA
"279","Rabies",2019,25,426,"SLV",NA,NA,NA,NA
"280","Rabies",2019,26,427,"SLV",NA,NA,NA,NA
"281","Rabies",2019,27,383,"SLV",NA,NA,NA,NA
"282","Rabies",2019,28,394,"SLV",NA,NA,NA,NA
"283","Rabies",2019,29,389,"SLV",NA,NA,NA,NA
"284","Rabies",2019,30,377,"SLV",NA,NA,NA,NA
"285","Rabies",2019,32,387,"SLV",NA,NA,NA,NA
"286","Rabies",2019,33,376,"SLV",NA,NA,NA,NA
