"","Disease","EpiYear","EpiWeek","Incidence","ADM0","ADM1","ADM2","NA","NA"
"1","Relapsing Fever",2012,23,0,"IL",NA,NA,NA,NA
"2","Relapsing Fever",2012,24,0,"IL",NA,NA,NA,NA
"3","Relapsing Fever",2012,25,0,"IL",NA,NA,NA,NA
"4","Relapsing Fever",2012,26,0,"IL",NA,NA,NA,NA
"5","Relapsing Fever",2012,27,0,"IL",NA,NA,NA,NA
"6","Relapsing Fever",2012,28,0,"IL",NA,NA,NA,NA
"7","Relapsing Fever",2012,29,0,"IL",NA,NA,NA,NA
"8","Relapsing Fever",2012,30,0,"IL",NA,NA,NA,NA
"9","Relapsing Fever",2012,31,0.133333333333333,"IL",NA,NA,NA,NA
"10","Relapsing Fever",2012,32,0,"IL",NA,NA,NA,NA
"11","Relapsing Fever",2012,33,0,"IL",NA,NA,NA,NA
"12","Relapsing Fever",2012,34,0,"IL",NA,NA,NA,NA
"13","Relapsing Fever",2012,35,0,"IL",NA,NA,NA,NA
"14","Relapsing Fever",2012,36,0,"IL",NA,NA,NA,NA
"15","Relapsing Fever",2012,37,0,"IL",NA,NA,NA,NA
"16","Relapsing Fever",2012,38,0,"IL",NA,NA,NA,NA
"17","Relapsing Fever",2012,39,0,"IL",NA,NA,NA,NA
"18","Relapsing Fever",2012,40,0,"IL",NA,NA,NA,NA
"19","Relapsing Fever",2012,41,0,"IL",NA,NA,NA,NA
"20","Relapsing Fever",2012,42,0,"IL",NA,NA,NA,NA
"21","Relapsing Fever",2012,43,0,"IL",NA,NA,NA,NA
"22","Relapsing Fever",2012,44,0,"IL",NA,NA,NA,NA
"23","Relapsing Fever",2012,45,0,"IL",NA,NA,NA,NA
"24","Relapsing Fever",2012,46,0,"IL",NA,NA,NA,NA
"25","Relapsing Fever",2012,47,0,"IL",NA,NA,NA,NA
"26","Relapsing Fever",2012,48,0,"IL",NA,NA,NA,NA
"27","Relapsing Fever",2012,49,0,"IL",NA,NA,NA,NA
"28","Relapsing Fever",2012,50,0,"IL",NA,NA,NA,NA
"29","Relapsing Fever",2012,51,0,"IL",NA,NA,NA,NA
"30","Relapsing Fever",2012,52,0,"IL",NA,NA,NA,NA
"31","Relapsing Fever",2013,1,0,"IL",NA,NA,NA,NA
"32","Relapsing Fever",2013,2,0,"IL",NA,NA,NA,NA
"33","Relapsing Fever",2013,3,0,"IL",NA,NA,NA,NA
"34","Relapsing Fever",2013,5,0,"IL",NA,NA,NA,NA
"35","Relapsing Fever",2013,6,0,"IL",NA,NA,NA,NA
"36","Relapsing Fever",2013,7,0,"IL",NA,NA,NA,NA
"37","Relapsing Fever",2013,8,0,"IL",NA,NA,NA,NA
"38","Relapsing Fever",2013,9,0,"IL",NA,NA,NA,NA
"39","Relapsing Fever",2013,10,0,"IL",NA,NA,NA,NA
"40","Relapsing Fever",2013,11,0,"IL",NA,NA,NA,NA
"41","Relapsing Fever",2013,12,0,"IL",NA,NA,NA,NA
"42","Relapsing Fever",2013,13,0,"IL",NA,NA,NA,NA
"43","Relapsing Fever",2013,14,0,"IL",NA,NA,NA,NA
"44","Relapsing Fever",2013,15,0.0666666666666667,"IL",NA,NA,NA,NA
"45","Relapsing Fever",2013,16,0,"IL",NA,NA,NA,NA
"46","Relapsing Fever",2013,17,0,"IL",NA,NA,NA,NA
"47","Relapsing Fever",2013,18,0,"IL",NA,NA,NA,NA
"48","Relapsing Fever",2013,19,0,"IL",NA,NA,NA,NA
"49","Relapsing Fever",2013,20,0,"IL",NA,NA,NA,NA
"50","Relapsing Fever",2013,21,0.0666666666666667,"IL",NA,NA,NA,NA
"51","Relapsing Fever",2013,22,0,"IL",NA,NA,NA,NA
"52","Relapsing Fever",2013,23,0,"IL",NA,NA,NA,NA
"53","Relapsing Fever",2013,24,0,"IL",NA,NA,NA,NA
"54","Relapsing Fever",2013,25,0,"IL",NA,NA,NA,NA
"55","Relapsing Fever",2013,26,0,"IL",NA,NA,NA,NA
"56","Relapsing Fever",2013,27,0,"IL",NA,NA,NA,NA
"57","Relapsing Fever",2013,28,0,"IL",NA,NA,NA,NA
"58","Relapsing Fever",2013,29,0,"IL",NA,NA,NA,NA
"59","Relapsing Fever",2013,30,0,"IL",NA,NA,NA,NA
"60","Relapsing Fever",2013,31,0,"IL",NA,NA,NA,NA
"61","Relapsing Fever",2013,33,0,"IL",NA,NA,NA,NA
"62","Relapsing Fever",2013,34,0,"IL",NA,NA,NA,NA
"63","Relapsing Fever",2013,35,0,"IL",NA,NA,NA,NA
"64","Relapsing Fever",2013,36,0,"IL",NA,NA,NA,NA
"65","Relapsing Fever",2013,37,0,"IL",NA,NA,NA,NA
"66","Relapsing Fever",2013,38,0,"IL",NA,NA,NA,NA
"67","Relapsing Fever",2013,40,0,"IL",NA,NA,NA,NA
"68","Relapsing Fever",2013,41,0,"IL",NA,NA,NA,NA
"69","Relapsing Fever",2013,42,0,"IL",NA,NA,NA,NA
"70","Relapsing Fever",2013,43,0.0666666666666667,"IL",NA,NA,NA,NA
"71","Relapsing Fever",2013,44,0,"IL",NA,NA,NA,NA
"72","Relapsing Fever",2013,45,0,"IL",NA,NA,NA,NA
"73","Relapsing Fever",2013,46,0,"IL",NA,NA,NA,NA
"74","Relapsing Fever",2013,47,0,"IL",NA,NA,NA,NA
"75","Relapsing Fever",2013,48,0,"IL",NA,NA,NA,NA
"76","Relapsing Fever",2013,49,0,"IL",NA,NA,NA,NA
"77","Relapsing Fever",2013,50,0.0666666666666667,"IL",NA,NA,NA,NA
"78","Relapsing Fever",2013,51,0.0666666666666667,"IL",NA,NA,NA,NA
"79","Relapsing Fever",2013,52,0,"IL",NA,NA,NA,NA
"80","Relapsing Fever",2014,1,0,"IL",NA,NA,NA,NA
"81","Relapsing Fever",2014,2,0,"IL",NA,NA,NA,NA
"82","Relapsing Fever",2014,3,0,"IL",NA,NA,NA,NA
"83","Relapsing Fever",2014,5,0,"IL",NA,NA,NA,NA
"84","Relapsing Fever",2014,6,0,"IL",NA,NA,NA,NA
"85","Relapsing Fever",2014,7,0,"IL",NA,NA,NA,NA
"86","Relapsing Fever",2014,8,0,"IL",NA,NA,NA,NA
"87","Relapsing Fever",2014,9,0,"IL",NA,NA,NA,NA
"88","Relapsing Fever",2014,10,0,"IL",NA,NA,NA,NA
"89","Relapsing Fever",2014,11,0,"IL",NA,NA,NA,NA
"90","Relapsing Fever",2014,12,0,"IL",NA,NA,NA,NA
"91","Relapsing Fever",2014,13,0,"IL",NA,NA,NA,NA
"92","Relapsing Fever",2014,14,0,"IL",NA,NA,NA,NA
"93","Relapsing Fever",2014,16,0,"IL",NA,NA,NA,NA
"94","Relapsing Fever",2014,17,0,"IL",NA,NA,NA,NA
"95","Relapsing Fever",2014,18,0,"IL",NA,NA,NA,NA
"96","Relapsing Fever",2014,19,0,"IL",NA,NA,NA,NA
"97","Relapsing Fever",2014,20,0,"IL",NA,NA,NA,NA
"98","Relapsing Fever",2014,21,0,"IL",NA,NA,NA,NA
"99","Relapsing Fever",2014,22,0.0666666666666667,"IL",NA,NA,NA,NA
"100","Relapsing Fever",2014,23,0,"IL",NA,NA,NA,NA
"101","Relapsing Fever",2014,24,0,"IL",NA,NA,NA,NA
"102","Relapsing Fever",2014,25,0,"IL",NA,NA,NA,NA
"103","Relapsing Fever",2014,26,0,"IL",NA,NA,NA,NA
"104","Relapsing Fever",2014,27,0,"IL",NA,NA,NA,NA
"105","Relapsing Fever",2014,28,0,"IL",NA,NA,NA,NA
"106","Relapsing Fever",2014,29,0,"IL",NA,NA,NA,NA
"107","Relapsing Fever",2014,30,0,"IL",NA,NA,NA,NA
"108","Relapsing Fever",2014,31,0,"IL",NA,NA,NA,NA
"109","Relapsing Fever",2014,32,0,"IL",NA,NA,NA,NA
"110","Relapsing Fever",2014,33,0,"IL",NA,NA,NA,NA
"111","Relapsing Fever",2014,34,0.0666666666666667,"IL",NA,NA,NA,NA
"112","Relapsing Fever",2014,35,0,"IL",NA,NA,NA,NA
"113","Relapsing Fever",2014,36,0,"IL",NA,NA,NA,NA
"114","Relapsing Fever",2014,37,0,"IL",NA,NA,NA,NA
"115","Relapsing Fever",2014,38,0,"IL",NA,NA,NA,NA
"116","Relapsing Fever",2014,39,0,"IL",NA,NA,NA,NA
"117","Relapsing Fever",2014,40,0,"IL",NA,NA,NA,NA
"118","Relapsing Fever",2014,41,0,"IL",NA,NA,NA,NA
"119","Relapsing Fever",2014,42,0,"IL",NA,NA,NA,NA
"120","Relapsing Fever",2014,43,0,"IL",NA,NA,NA,NA
"121","Relapsing Fever",2014,44,0,"IL",NA,NA,NA,NA
"122","Relapsing Fever",2014,45,0.0666666666666667,"IL",NA,NA,NA,NA
"123","Relapsing Fever",2014,46,0,"IL",NA,NA,NA,NA
"124","Relapsing Fever",2014,47,0,"IL",NA,NA,NA,NA
"125","Relapsing Fever",2014,48,0,"IL",NA,NA,NA,NA
"126","Relapsing Fever",2014,49,0,"IL",NA,NA,NA,NA
"127","Relapsing Fever",2014,50,0,"IL",NA,NA,NA,NA
"128","Relapsing Fever",2014,51,0,"IL",NA,NA,NA,NA
"129","Relapsing Fever",2014,52,0,"IL",NA,NA,NA,NA
"130","Relapsing Fever",2014,53,0,"IL",NA,NA,NA,NA
"131","Relapsing Fever",2015,1,0,"IL",NA,NA,NA,NA
"132","Relapsing Fever",2015,2,0,"IL",NA,NA,NA,NA
"133","Relapsing Fever",2015,3,0,"IL",NA,NA,NA,NA
"134","Relapsing Fever",2015,5,0,"IL",NA,NA,NA,NA
"135","Relapsing Fever",2015,6,0,"IL",NA,NA,NA,NA
"136","Relapsing Fever",2015,7,0,"IL",NA,NA,NA,NA
"137","Relapsing Fever",2015,8,0,"IL",NA,NA,NA,NA
"138","Relapsing Fever",2015,9,0,"IL",NA,NA,NA,NA
"139","Relapsing Fever",2015,10,0,"IL",NA,NA,NA,NA
"140","Relapsing Fever",2015,11,0,"IL",NA,NA,NA,NA
"141","Relapsing Fever",2015,12,0,"IL",NA,NA,NA,NA
"142","Relapsing Fever",2015,13,0,"IL",NA,NA,NA,NA
"143","Relapsing Fever",2015,15,0,"IL",NA,NA,NA,NA
"144","Relapsing Fever",2015,16,0,"IL",NA,NA,NA,NA
"145","Relapsing Fever",2015,17,0,"IL",NA,NA,NA,NA
"146","Relapsing Fever",2015,18,0,"IL",NA,NA,NA,NA
"147","Relapsing Fever",2015,19,0,"IL",NA,NA,NA,NA
"148","Relapsing Fever",2015,20,0,"IL",NA,NA,NA,NA
"149","Relapsing Fever",2015,21,0.0666666666666667,"IL",NA,NA,NA,NA
"150","Relapsing Fever",2015,22,0,"IL",NA,NA,NA,NA
"151","Relapsing Fever",2015,23,0,"IL",NA,NA,NA,NA
"152","Relapsing Fever",2015,24,0,"IL",NA,NA,NA,NA
"153","Relapsing Fever",2015,25,0,"IL",NA,NA,NA,NA
"154","Relapsing Fever",2015,26,0,"IL",NA,NA,NA,NA
"155","Relapsing Fever",2015,27,0,"IL",NA,NA,NA,NA
"156","Relapsing Fever",2015,28,0,"IL",NA,NA,NA,NA
"157","Relapsing Fever",2015,29,0,"IL",NA,NA,NA,NA
"158","Relapsing Fever",2015,30,0,"IL",NA,NA,NA,NA
"159","Relapsing Fever",2015,31,0,"IL",NA,NA,NA,NA
"160","Relapsing Fever",2015,32,0,"IL",NA,NA,NA,NA
"161","Relapsing Fever",2015,33,0,"IL",NA,NA,NA,NA
"162","Relapsing Fever",2015,34,0,"IL",NA,NA,NA,NA
"163","Relapsing Fever",2015,35,0,"IL",NA,NA,NA,NA
"164","Relapsing Fever",2015,36,0,"IL",NA,NA,NA,NA
"165","Relapsing Fever",2015,37,0,"IL",NA,NA,NA,NA
"166","Relapsing Fever",2015,38,0,"IL",NA,NA,NA,NA
"167","Relapsing Fever",2015,39,0,"IL",NA,NA,NA,NA
"168","Relapsing Fever",2015,40,0,"IL",NA,NA,NA,NA
"169","Relapsing Fever",2015,41,0,"IL",NA,NA,NA,NA
"170","Relapsing Fever",2015,42,0,"IL",NA,NA,NA,NA
"171","Relapsing Fever",2015,43,0,"IL",NA,NA,NA,NA
"172","Relapsing Fever",2015,44,0,"IL",NA,NA,NA,NA
"173","Relapsing Fever",2015,45,0,"IL",NA,NA,NA,NA
"174","Relapsing Fever",2015,46,0.0666666666666667,"IL",NA,NA,NA,NA
"175","Relapsing Fever",2015,47,0,"IL",NA,NA,NA,NA
"176","Relapsing Fever",2015,48,0,"IL",NA,NA,NA,NA
"177","Relapsing Fever",2015,49,0,"IL",NA,NA,NA,NA
"178","Relapsing Fever",2015,50,0.0666666666666667,"IL",NA,NA,NA,NA
"179","Relapsing Fever",2015,51,0.0666666666666667,"IL",NA,NA,NA,NA
"180","Relapsing Fever",2015,52,0,"IL",NA,NA,NA,NA
"181","Relapsing Fever",2016,1,0,"IL",NA,NA,NA,NA
"182","Relapsing Fever",2016,2,0,"IL",NA,NA,NA,NA
"183","Relapsing Fever",2016,3,0,"IL",NA,NA,NA,NA
"184","Relapsing Fever",2016,4,0,"IL",NA,NA,NA,NA
"185","Relapsing Fever",2016,5,0,"IL",NA,NA,NA,NA
"186","Relapsing Fever",2016,6,0,"IL",NA,NA,NA,NA
"187","Relapsing Fever",2016,7,0,"IL",NA,NA,NA,NA
"188","Relapsing Fever",2016,8,0,"IL",NA,NA,NA,NA
"189","Relapsing Fever",2016,9,0,"IL",NA,NA,NA,NA
"190","Relapsing Fever",2016,10,0,"IL",NA,NA,NA,NA
"191","Relapsing Fever",2016,11,0,"IL",NA,NA,NA,NA
"192","Relapsing Fever",2016,12,0,"IL",NA,NA,NA,NA
"193","Relapsing Fever",2016,13,0,"IL",NA,NA,NA,NA
"194","Relapsing Fever",2016,14,0,"IL",NA,NA,NA,NA
"195","Relapsing Fever",2016,15,0,"IL",NA,NA,NA,NA
"196","Relapsing Fever",2016,16,0,"IL",NA,NA,NA,NA
"197","Relapsing Fever",2016,17,0,"IL",NA,NA,NA,NA
"198","Relapsing Fever",2016,18,0,"IL",NA,NA,NA,NA
"199","Relapsing Fever",2016,19,0,"IL",NA,NA,NA,NA
"200","Relapsing Fever",2016,20,0,"IL",NA,NA,NA,NA
"201","Relapsing Fever",2016,21,0,"IL",NA,NA,NA,NA
"202","Relapsing Fever",2016,22,0,"IL",NA,NA,NA,NA
"203","Relapsing Fever",2016,23,0,"IL",NA,NA,NA,NA
"204","Relapsing Fever",2016,24,0,"IL",NA,NA,NA,NA
"205","Relapsing Fever",2016,25,0,"IL",NA,NA,NA,NA
"206","Relapsing Fever",2016,26,0,"IL",NA,NA,NA,NA
"207","Relapsing Fever",2016,27,0,"IL",NA,NA,NA,NA
"208","Relapsing Fever",2016,28,0.0666666666666667,"IL",NA,NA,NA,NA
"209","Relapsing Fever",2016,29,0,"IL",NA,NA,NA,NA
"210","Relapsing Fever",2016,30,0,"IL",NA,NA,NA,NA
"211","Relapsing Fever",2016,31,0,"IL",NA,NA,NA,NA
"212","Relapsing Fever",2016,32,0,"IL",NA,NA,NA,NA
"213","Relapsing Fever",2016,33,0,"IL",NA,NA,NA,NA
"214","Relapsing Fever",2016,34,0,"IL",NA,NA,NA,NA
"215","Relapsing Fever",2016,35,0.0666666666666667,"IL",NA,NA,NA,NA
"216","Relapsing Fever",2016,36,0,"IL",NA,NA,NA,NA
"217","Relapsing Fever",2016,37,0,"IL",NA,NA,NA,NA
"218","Relapsing Fever",2016,38,0,"IL",NA,NA,NA,NA
"219","Relapsing Fever",2016,39,0,"IL",NA,NA,NA,NA
"220","Relapsing Fever",2016,40,0,"IL",NA,NA,NA,NA
"221","Relapsing Fever",2016,41,0,"IL",NA,NA,NA,NA
"222","Relapsing Fever",2016,42,0,"IL",NA,NA,NA,NA
"223","Relapsing Fever",2016,43,0,"IL",NA,NA,NA,NA
"224","Relapsing Fever",2016,44,0,"IL",NA,NA,NA,NA
"225","Relapsing Fever",2016,45,0,"IL",NA,NA,NA,NA
"226","Relapsing Fever",2016,46,0,"IL",NA,NA,NA,NA
"227","Relapsing Fever",2016,47,0.133333333333333,"IL",NA,NA,NA,NA
"228","Relapsing Fever",2016,48,0,"IL",NA,NA,NA,NA
"229","Relapsing Fever",2016,49,0,"IL",NA,NA,NA,NA
"230","Relapsing Fever",2016,50,0,"IL",NA,NA,NA,NA
"231","Relapsing Fever",2016,51,0,"IL",NA,NA,NA,NA
"232","Relapsing Fever",2016,52,0.133333333333333,"IL",NA,NA,NA,NA
"233","Relapsing Fever",2017,1,0,"IL",NA,NA,NA,NA
"234","Relapsing Fever",2017,2,0,"IL",NA,NA,NA,NA
"235","Relapsing Fever",2017,3,0,"IL",NA,NA,NA,NA
"236","Relapsing Fever",2017,4,0,"IL",NA,NA,NA,NA
"237","Relapsing Fever",2017,5,0,"IL",NA,NA,NA,NA
"238","Relapsing Fever",2017,6,0,"IL",NA,NA,NA,NA
"239","Relapsing Fever",2017,7,0,"IL",NA,NA,NA,NA
"240","Relapsing Fever",2017,8,0,"IL",NA,NA,NA,NA
"241","Relapsing Fever",2017,9,0,"IL",NA,NA,NA,NA
"242","Relapsing Fever",2017,10,0,"IL",NA,NA,NA,NA
"243","Relapsing Fever",2017,11,0,"IL",NA,NA,NA,NA
"244","Relapsing Fever",2017,12,0,"IL",NA,NA,NA,NA
"245","Relapsing Fever",2017,13,0,"IL",NA,NA,NA,NA
"246","Relapsing Fever",2017,14,0,"IL",NA,NA,NA,NA
"247","Relapsing Fever",2017,15,0,"IL",NA,NA,NA,NA
"248","Relapsing Fever",2017,16,0,"IL",NA,NA,NA,NA
"249","Relapsing Fever",2017,17,0,"IL",NA,NA,NA,NA
"250","Relapsing Fever",2017,18,0,"IL",NA,NA,NA,NA
"251","Relapsing Fever",2017,19,0.266666666666667,"IL",NA,NA,NA,NA
"252","Relapsing Fever",2017,20,0,"IL",NA,NA,NA,NA
"253","Relapsing Fever",2017,21,0,"IL",NA,NA,NA,NA
"254","Relapsing Fever",2017,22,0,"IL",NA,NA,NA,NA
"255","Relapsing Fever",2017,23,0,"IL",NA,NA,NA,NA
"256","Relapsing Fever",2017,24,0,"IL",NA,NA,NA,NA
"257","Relapsing Fever",2017,25,0,"IL",NA,NA,NA,NA
"258","Relapsing Fever",2017,26,0,"IL",NA,NA,NA,NA
"259","Relapsing Fever",2017,27,0,"IL",NA,NA,NA,NA
"260","Relapsing Fever",2017,28,0,"IL",NA,NA,NA,NA
"261","Relapsing Fever",2017,29,0.2,"IL",NA,NA,NA,NA
"262","Relapsing Fever",2017,30,0,"IL",NA,NA,NA,NA
"263","Relapsing Fever",2017,31,0,"IL",NA,NA,NA,NA
"264","Relapsing Fever",2017,32,0,"IL",NA,NA,NA,NA
"265","Relapsing Fever",2017,33,0,"IL",NA,NA,NA,NA
"266","Relapsing Fever",2017,34,0,"IL",NA,NA,NA,NA
"267","Relapsing Fever",2017,35,0,"IL",NA,NA,NA,NA
"268","Relapsing Fever",2017,36,0,"IL",NA,NA,NA,NA
"269","Relapsing Fever",2017,37,0,"IL",NA,NA,NA,NA
"270","Relapsing Fever",2017,38,0.0666666666666667,"IL",NA,NA,NA,NA
"271","Relapsing Fever",2017,39,0,"IL",NA,NA,NA,NA
"272","Relapsing Fever",2017,40,0,"IL",NA,NA,NA,NA
"273","Relapsing Fever",2017,41,0,"IL",NA,NA,NA,NA
"274","Relapsing Fever",2017,42,0,"IL",NA,NA,NA,NA
"275","Relapsing Fever",2017,43,0.0666666666666667,"IL",NA,NA,NA,NA
"276","Relapsing Fever",2017,44,0,"IL",NA,NA,NA,NA
"277","Relapsing Fever",2017,45,0,"IL",NA,NA,NA,NA
"278","Relapsing Fever",2017,46,0,"IL",NA,NA,NA,NA
"279","Relapsing Fever",2017,47,0,"IL",NA,NA,NA,NA
"280","Relapsing Fever",2017,48,0,"IL",NA,NA,NA,NA
"281","Relapsing Fever",2017,49,0,"IL",NA,NA,NA,NA
"282","Relapsing Fever",2017,50,0.2,"IL",NA,NA,NA,NA
"283","Relapsing Fever",2017,51,0,"IL",NA,NA,NA,NA
"284","Relapsing Fever",2017,52,0,"IL",NA,NA,NA,NA
"285","Relapsing Fever",2018,1,0,"IL",NA,NA,NA,NA
"286","Relapsing Fever",2018,2,0,"IL",NA,NA,NA,NA
"287","Relapsing Fever",2018,3,0.0666666666666667,"IL",NA,NA,NA,NA
"288","Relapsing Fever",2018,4,0,"IL",NA,NA,NA,NA
"289","Relapsing Fever",2018,5,0.0666666666666667,"IL",NA,NA,NA,NA
"290","Relapsing Fever",2018,6,0,"IL",NA,NA,NA,NA
"291","Relapsing Fever",2018,7,0,"IL",NA,NA,NA,NA
"292","Relapsing Fever",2018,8,0,"IL",NA,NA,NA,NA
"293","Relapsing Fever",2018,9,0,"IL",NA,NA,NA,NA
"294","Relapsing Fever",2018,10,0,"IL",NA,NA,NA,NA
"295","Relapsing Fever",2018,11,0,"IL",NA,NA,NA,NA
"296","Relapsing Fever",2018,12,0,"IL",NA,NA,NA,NA
"297","Relapsing Fever",2018,13,0,"IL",NA,NA,NA,NA
"298","Relapsing Fever",2018,14,0,"IL",NA,NA,NA,NA
"299","Relapsing Fever",2018,15,0,"IL",NA,NA,NA,NA
"300","Relapsing Fever",2018,16,0,"IL",NA,NA,NA,NA
"301","Relapsing Fever",2018,17,0,"IL",NA,NA,NA,NA
"302","Relapsing Fever",2018,18,0,"IL",NA,NA,NA,NA
"303","Relapsing Fever",2018,19,0,"IL",NA,NA,NA,NA
"304","Relapsing Fever",2018,20,0,"IL",NA,NA,NA,NA
"305","Relapsing Fever",2018,21,0,"IL",NA,NA,NA,NA
"306","Relapsing Fever",2018,22,0,"IL",NA,NA,NA,NA
"307","Relapsing Fever",2018,23,0,"IL",NA,NA,NA,NA
"308","Relapsing Fever",2018,24,0,"IL",NA,NA,NA,NA
"309","Relapsing Fever",2018,25,0.0666666666666667,"IL",NA,NA,NA,NA
"310","Relapsing Fever",2018,26,0,"IL",NA,NA,NA,NA
"311","Relapsing Fever",2018,27,0,"IL",NA,NA,NA,NA
"312","Relapsing Fever",2018,28,0,"IL",NA,NA,NA,NA
"313","Relapsing Fever",2018,29,0,"IL",NA,NA,NA,NA
"314","Relapsing Fever",2018,30,0,"IL",NA,NA,NA,NA
"315","Relapsing Fever",2018,31,0,"IL",NA,NA,NA,NA
"316","Relapsing Fever",2018,32,0,"IL",NA,NA,NA,NA
"317","Relapsing Fever",2018,33,0,"IL",NA,NA,NA,NA
"318","Relapsing Fever",2018,34,0,"IL",NA,NA,NA,NA
"319","Relapsing Fever",2018,35,0,"IL",NA,NA,NA,NA
"320","Relapsing Fever",2018,36,0,"IL",NA,NA,NA,NA
"321","Relapsing Fever",2018,37,0,"IL",NA,NA,NA,NA
"322","Relapsing Fever",2018,38,0,"IL",NA,NA,NA,NA
"323","Relapsing Fever",2018,39,0,"IL",NA,NA,NA,NA
"324","Relapsing Fever",2018,40,0,"IL",NA,NA,NA,NA
"325","Relapsing Fever",2018,41,0,"IL",NA,NA,NA,NA
"326","Relapsing Fever",2018,42,0,"IL",NA,NA,NA,NA
"327","Relapsing Fever",2018,43,0,"IL",NA,NA,NA,NA
"328","Relapsing Fever",2018,44,0,"IL",NA,NA,NA,NA
"329","Relapsing Fever",2018,45,0,"IL",NA,NA,NA,NA
"330","Relapsing Fever",2018,46,0,"IL",NA,NA,NA,NA
"331","Relapsing Fever",2018,47,0,"IL",NA,NA,NA,NA
"332","Relapsing Fever",2018,48,0.266666666666667,"IL",NA,NA,NA,NA
"333","Relapsing Fever",2018,49,0,"IL",NA,NA,NA,NA
"334","Relapsing Fever",2018,50,0,"IL",NA,NA,NA,NA
"335","Relapsing Fever",2018,51,0,"IL",NA,NA,NA,NA
"336","Relapsing Fever",2018,52,0,"IL",NA,NA,NA,NA
"337","Relapsing Fever",2019,1,0,"IL",NA,NA,NA,NA
"338","Relapsing Fever",2019,2,0.0666666666666667,"IL",NA,NA,NA,NA
"339","Relapsing Fever",2019,3,0,"IL",NA,NA,NA,NA
"340","Relapsing Fever",2019,4,0,"IL",NA,NA,NA,NA
"341","Relapsing Fever",2019,5,0.133333333333333,"IL",NA,NA,NA,NA
"342","Relapsing Fever",2019,6,0,"IL",NA,NA,NA,NA
"343","Relapsing Fever",2019,7,0.0666666666666667,"IL",NA,NA,NA,NA
"344","Relapsing Fever",2019,8,0,"IL",NA,NA,NA,NA
"345","Relapsing Fever",2019,9,0,"IL",NA,NA,NA,NA
"346","Relapsing Fever",2019,10,0,"IL",NA,NA,NA,NA
"347","Relapsing Fever",2019,11,0,"IL",NA,NA,NA,NA
"348","Relapsing Fever",2019,12,0,"IL",NA,NA,NA,NA
"349","Relapsing Fever",2020,10,0,"IL",NA,NA,NA,NA
