"","Disease","EpiYear","EpiWeek","Incidence","ADM0","ADM1","ADM2","NA","NA"
"1","Streptococcal A",2012,23,0,"IL",NA,NA,NA,NA
"2","Streptococcal A",2012,24,0,"IL",NA,NA,NA,NA
"3","Streptococcal A",2012,25,0,"IL",NA,NA,NA,NA
"4","Streptococcal A",2012,26,0,"IL",NA,NA,NA,NA
"5","Streptococcal A",2012,27,0,"IL",NA,NA,NA,NA
"6","Streptococcal A",2012,28,0,"IL",NA,NA,NA,NA
"7","Streptococcal A",2012,29,0,"IL",NA,NA,NA,NA
"8","Streptococcal A",2012,30,0.0666666666666667,"IL",NA,NA,NA,NA
"9","Streptococcal A",2012,31,0,"IL",NA,NA,NA,NA
"10","Streptococcal A",2012,32,0,"IL",NA,NA,NA,NA
"11","Streptococcal A",2012,33,0,"IL",NA,NA,NA,NA
"12","Streptococcal A",2012,34,0,"IL",NA,NA,NA,NA
"13","Streptococcal A",2012,35,0,"IL",NA,NA,NA,NA
"14","Streptococcal A",2012,36,0,"IL",NA,NA,NA,NA
"15","Streptococcal A",2012,37,0,"IL",NA,NA,NA,NA
"16","Streptococcal A",2012,38,0,"IL",NA,NA,NA,NA
"17","Streptococcal A",2012,39,0,"IL",NA,NA,NA,NA
"18","Streptococcal A",2012,40,0,"IL",NA,NA,NA,NA
"19","Streptococcal A",2012,41,0,"IL",NA,NA,NA,NA
"20","Streptococcal A",2012,42,0,"IL",NA,NA,NA,NA
"21","Streptococcal A",2012,43,0,"IL",NA,NA,NA,NA
"22","Streptococcal A",2012,44,0,"IL",NA,NA,NA,NA
"23","Streptococcal A",2012,45,0.0666666666666667,"IL",NA,NA,NA,NA
"24","Streptococcal A",2012,46,0,"IL",NA,NA,NA,NA
"25","Streptococcal A",2012,47,0,"IL",NA,NA,NA,NA
"26","Streptococcal A",2012,48,0,"IL",NA,NA,NA,NA
"27","Streptococcal A",2012,49,0,"IL",NA,NA,NA,NA
"28","Streptococcal A",2012,50,0,"IL",NA,NA,NA,NA
"29","Streptococcal A",2012,51,0,"IL",NA,NA,NA,NA
"30","Streptococcal A",2012,52,0,"IL",NA,NA,NA,NA
"31","Streptococcal A",2013,1,0,"IL",NA,NA,NA,NA
"32","Streptococcal A",2013,2,0,"IL",NA,NA,NA,NA
"33","Streptococcal A",2013,3,0,"IL",NA,NA,NA,NA
"34","Streptococcal A",2013,5,0,"IL",NA,NA,NA,NA
"35","Streptococcal A",2013,6,0,"IL",NA,NA,NA,NA
"36","Streptococcal A",2013,7,0,"IL",NA,NA,NA,NA
"37","Streptococcal A",2013,8,0,"IL",NA,NA,NA,NA
"38","Streptococcal A",2013,9,0.0666666666666667,"IL",NA,NA,NA,NA
"39","Streptococcal A",2013,10,0,"IL",NA,NA,NA,NA
"40","Streptococcal A",2013,11,0,"IL",NA,NA,NA,NA
"41","Streptococcal A",2013,12,0,"IL",NA,NA,NA,NA
"42","Streptococcal A",2013,13,0,"IL",NA,NA,NA,NA
"43","Streptococcal A",2013,14,0,"IL",NA,NA,NA,NA
"44","Streptococcal A",2013,15,0,"IL",NA,NA,NA,NA
"45","Streptococcal A",2013,16,0,"IL",NA,NA,NA,NA
"46","Streptococcal A",2013,17,0,"IL",NA,NA,NA,NA
"47","Streptococcal A",2013,18,0,"IL",NA,NA,NA,NA
"48","Streptococcal A",2013,19,0.0666666666666667,"IL",NA,NA,NA,NA
"49","Streptococcal A",2013,20,0,"IL",NA,NA,NA,NA
"50","Streptococcal A",2013,21,0,"IL",NA,NA,NA,NA
"51","Streptococcal A",2013,22,0,"IL",NA,NA,NA,NA
"52","Streptococcal A",2013,23,0,"IL",NA,NA,NA,NA
"53","Streptococcal A",2013,24,0,"IL",NA,NA,NA,NA
"54","Streptococcal A",2013,25,0,"IL",NA,NA,NA,NA
"55","Streptococcal A",2013,26,0,"IL",NA,NA,NA,NA
"56","Streptococcal A",2013,27,0,"IL",NA,NA,NA,NA
"57","Streptococcal A",2013,28,0,"IL",NA,NA,NA,NA
"58","Streptococcal A",2013,29,0,"IL",NA,NA,NA,NA
"59","Streptococcal A",2013,30,0,"IL",NA,NA,NA,NA
"60","Streptococcal A",2013,31,0,"IL",NA,NA,NA,NA
"61","Streptococcal A",2013,33,0,"IL",NA,NA,NA,NA
"62","Streptococcal A",2013,34,0,"IL",NA,NA,NA,NA
"63","Streptococcal A",2013,35,0,"IL",NA,NA,NA,NA
"64","Streptococcal A",2013,36,0,"IL",NA,NA,NA,NA
"65","Streptococcal A",2013,37,0,"IL",NA,NA,NA,NA
"66","Streptococcal A",2013,38,0,"IL",NA,NA,NA,NA
"67","Streptococcal A",2013,40,0,"IL",NA,NA,NA,NA
"68","Streptococcal A",2013,41,0,"IL",NA,NA,NA,NA
"69","Streptococcal A",2013,42,0,"IL",NA,NA,NA,NA
"70","Streptococcal A",2013,43,0.0666666666666667,"IL",NA,NA,NA,NA
"71","Streptococcal A",2013,44,0,"IL",NA,NA,NA,NA
"72","Streptococcal A",2013,45,0,"IL",NA,NA,NA,NA
"73","Streptococcal A",2013,46,0,"IL",NA,NA,NA,NA
"74","Streptococcal A",2013,47,0,"IL",NA,NA,NA,NA
"75","Streptococcal A",2013,48,0,"IL",NA,NA,NA,NA
"76","Streptococcal A",2013,49,0.0666666666666667,"IL",NA,NA,NA,NA
"77","Streptococcal A",2013,50,0,"IL",NA,NA,NA,NA
"78","Streptococcal A",2013,51,0,"IL",NA,NA,NA,NA
"79","Streptococcal A",2013,52,0,"IL",NA,NA,NA,NA
"80","Streptococcal A",2014,1,0,"IL",NA,NA,NA,NA
"81","Streptococcal A",2014,2,0,"IL",NA,NA,NA,NA
"82","Streptococcal A",2014,3,0.0666666666666667,"IL",NA,NA,NA,NA
"83","Streptococcal A",2014,5,0,"IL",NA,NA,NA,NA
"84","Streptococcal A",2014,6,0,"IL",NA,NA,NA,NA
"85","Streptococcal A",2014,7,0.0666666666666667,"IL",NA,NA,NA,NA
"86","Streptococcal A",2014,8,0,"IL",NA,NA,NA,NA
"87","Streptococcal A",2014,9,0,"IL",NA,NA,NA,NA
"88","Streptococcal A",2014,10,0,"IL",NA,NA,NA,NA
"89","Streptococcal A",2014,11,0,"IL",NA,NA,NA,NA
"90","Streptococcal A",2014,12,0,"IL",NA,NA,NA,NA
"91","Streptococcal A",2014,13,0,"IL",NA,NA,NA,NA
"92","Streptococcal A",2014,14,0.133333333333333,"IL",NA,NA,NA,NA
"93","Streptococcal A",2014,16,0,"IL",NA,NA,NA,NA
"94","Streptococcal A",2014,17,0,"IL",NA,NA,NA,NA
"95","Streptococcal A",2014,18,0,"IL",NA,NA,NA,NA
"96","Streptococcal A",2014,19,0,"IL",NA,NA,NA,NA
"97","Streptococcal A",2014,20,0,"IL",NA,NA,NA,NA
"98","Streptococcal A",2014,21,0,"IL",NA,NA,NA,NA
"99","Streptococcal A",2014,22,0,"IL",NA,NA,NA,NA
"100","Streptococcal A",2014,23,0.0666666666666667,"IL",NA,NA,NA,NA
"101","Streptococcal A",2014,24,0,"IL",NA,NA,NA,NA
"102","Streptococcal A",2014,25,0,"IL",NA,NA,NA,NA
"103","Streptococcal A",2014,26,0,"IL",NA,NA,NA,NA
"104","Streptococcal A",2014,27,0,"IL",NA,NA,NA,NA
"105","Streptococcal A",2014,28,0.2,"IL",NA,NA,NA,NA
"106","Streptococcal A",2014,29,0,"IL",NA,NA,NA,NA
"107","Streptococcal A",2014,30,0,"IL",NA,NA,NA,NA
"108","Streptococcal A",2014,31,0,"IL",NA,NA,NA,NA
"109","Streptococcal A",2014,32,0,"IL",NA,NA,NA,NA
"110","Streptococcal A",2014,33,0,"IL",NA,NA,NA,NA
"111","Streptococcal A",2014,34,0,"IL",NA,NA,NA,NA
"112","Streptococcal A",2014,35,0,"IL",NA,NA,NA,NA
"113","Streptococcal A",2014,36,0,"IL",NA,NA,NA,NA
"114","Streptococcal A",2014,37,0,"IL",NA,NA,NA,NA
"115","Streptococcal A",2014,38,0,"IL",NA,NA,NA,NA
"116","Streptococcal A",2014,39,0.133333333333333,"IL",NA,NA,NA,NA
"117","Streptococcal A",2014,40,0,"IL",NA,NA,NA,NA
"118","Streptococcal A",2014,41,0,"IL",NA,NA,NA,NA
"119","Streptococcal A",2014,42,0,"IL",NA,NA,NA,NA
"120","Streptococcal A",2014,43,0.0666666666666667,"IL",NA,NA,NA,NA
"121","Streptococcal A",2014,44,0,"IL",NA,NA,NA,NA
"122","Streptococcal A",2014,45,0.0666666666666667,"IL",NA,NA,NA,NA
"123","Streptococcal A",2014,46,0.266666666666667,"IL",NA,NA,NA,NA
"124","Streptococcal A",2014,47,0.0666666666666667,"IL",NA,NA,NA,NA
"125","Streptococcal A",2014,48,0.0666666666666667,"IL",NA,NA,NA,NA
"126","Streptococcal A",2014,49,0,"IL",NA,NA,NA,NA
"127","Streptococcal A",2014,50,0,"IL",NA,NA,NA,NA
"128","Streptococcal A",2014,51,0,"IL",NA,NA,NA,NA
"129","Streptococcal A",2014,52,0,"IL",NA,NA,NA,NA
"130","Streptococcal A",2014,53,0.0666666666666667,"IL",NA,NA,NA,NA
"131","Streptococcal A",2015,1,0,"IL",NA,NA,NA,NA
"132","Streptococcal A",2015,2,0,"IL",NA,NA,NA,NA
"133","Streptococcal A",2015,3,0,"IL",NA,NA,NA,NA
"134","Streptococcal A",2015,5,0.0666666666666667,"IL",NA,NA,NA,NA
"135","Streptococcal A",2015,6,0,"IL",NA,NA,NA,NA
"136","Streptococcal A",2015,7,0,"IL",NA,NA,NA,NA
"137","Streptococcal A",2015,8,0,"IL",NA,NA,NA,NA
"138","Streptococcal A",2015,9,0,"IL",NA,NA,NA,NA
"139","Streptococcal A",2015,10,0.0666666666666667,"IL",NA,NA,NA,NA
"140","Streptococcal A",2015,11,0,"IL",NA,NA,NA,NA
"141","Streptococcal A",2015,12,0,"IL",NA,NA,NA,NA
"142","Streptococcal A",2015,13,0,"IL",NA,NA,NA,NA
"143","Streptococcal A",2015,15,0.0666666666666667,"IL",NA,NA,NA,NA
"144","Streptococcal A",2015,16,0.4,"IL",NA,NA,NA,NA
"145","Streptococcal A",2015,17,0.133333333333333,"IL",NA,NA,NA,NA
"146","Streptococcal A",2015,18,0,"IL",NA,NA,NA,NA
"147","Streptococcal A",2015,19,0,"IL",NA,NA,NA,NA
"148","Streptococcal A",2015,20,0,"IL",NA,NA,NA,NA
"149","Streptococcal A",2015,21,0.0666666666666667,"IL",NA,NA,NA,NA
"150","Streptococcal A",2015,22,0,"IL",NA,NA,NA,NA
"151","Streptococcal A",2015,23,0.0666666666666667,"IL",NA,NA,NA,NA
"152","Streptococcal A",2015,24,0,"IL",NA,NA,NA,NA
"153","Streptococcal A",2015,25,0,"IL",NA,NA,NA,NA
"154","Streptococcal A",2015,26,0.133333333333333,"IL",NA,NA,NA,NA
"155","Streptococcal A",2015,27,0.0666666666666667,"IL",NA,NA,NA,NA
"156","Streptococcal A",2015,28,0.0666666666666667,"IL",NA,NA,NA,NA
"157","Streptococcal A",2015,29,0,"IL",NA,NA,NA,NA
"158","Streptococcal A",2015,30,0,"IL",NA,NA,NA,NA
"159","Streptococcal A",2015,31,0,"IL",NA,NA,NA,NA
"160","Streptococcal A",2015,32,0,"IL",NA,NA,NA,NA
"161","Streptococcal A",2015,33,0,"IL",NA,NA,NA,NA
"162","Streptococcal A",2015,34,0,"IL",NA,NA,NA,NA
"163","Streptococcal A",2015,35,0,"IL",NA,NA,NA,NA
"164","Streptococcal A",2015,36,0.0666666666666667,"IL",NA,NA,NA,NA
"165","Streptococcal A",2015,37,0,"IL",NA,NA,NA,NA
"166","Streptococcal A",2015,38,0,"IL",NA,NA,NA,NA
"167","Streptococcal A",2015,39,0,"IL",NA,NA,NA,NA
"168","Streptococcal A",2015,40,0,"IL",NA,NA,NA,NA
"169","Streptococcal A",2015,41,0,"IL",NA,NA,NA,NA
"170","Streptococcal A",2015,42,0,"IL",NA,NA,NA,NA
"171","Streptococcal A",2015,43,0,"IL",NA,NA,NA,NA
"172","Streptococcal A",2015,44,0,"IL",NA,NA,NA,NA
"173","Streptococcal A",2015,45,0,"IL",NA,NA,NA,NA
"174","Streptococcal A",2015,46,0.0666666666666667,"IL",NA,NA,NA,NA
"175","Streptococcal A",2015,47,0.0666666666666667,"IL",NA,NA,NA,NA
"176","Streptococcal A",2015,48,0,"IL",NA,NA,NA,NA
"177","Streptococcal A",2015,49,0,"IL",NA,NA,NA,NA
"178","Streptococcal A",2015,50,0,"IL",NA,NA,NA,NA
"179","Streptococcal A",2015,51,0.666666666666667,"IL",NA,NA,NA,NA
"180","Streptococcal A",2015,52,0,"IL",NA,NA,NA,NA
"181","Streptococcal A",2016,1,0.266666666666667,"IL",NA,NA,NA,NA
"182","Streptococcal A",2016,2,0,"IL",NA,NA,NA,NA
"183","Streptococcal A",2016,3,0.0666666666666667,"IL",NA,NA,NA,NA
"184","Streptococcal A",2016,4,0.0666666666666667,"IL",NA,NA,NA,NA
"185","Streptococcal A",2016,5,0.0666666666666667,"IL",NA,NA,NA,NA
"186","Streptococcal A",2016,6,0.4,"IL",NA,NA,NA,NA
"187","Streptococcal A",2016,7,0.133333333333333,"IL",NA,NA,NA,NA
"188","Streptococcal A",2016,8,0.266666666666667,"IL",NA,NA,NA,NA
"189","Streptococcal A",2016,9,0.0666666666666667,"IL",NA,NA,NA,NA
"190","Streptococcal A",2016,10,0.533333333333333,"IL",NA,NA,NA,NA
"191","Streptococcal A",2016,11,0,"IL",NA,NA,NA,NA
"192","Streptococcal A",2016,12,0,"IL",NA,NA,NA,NA
"193","Streptococcal A",2016,13,0.0666666666666667,"IL",NA,NA,NA,NA
"194","Streptococcal A",2016,14,0.0666666666666667,"IL",NA,NA,NA,NA
"195","Streptococcal A",2016,15,0.2,"IL",NA,NA,NA,NA
"196","Streptococcal A",2016,16,0,"IL",NA,NA,NA,NA
"197","Streptococcal A",2016,17,0,"IL",NA,NA,NA,NA
"198","Streptococcal A",2016,18,0,"IL",NA,NA,NA,NA
"199","Streptococcal A",2016,19,0,"IL",NA,NA,NA,NA
"200","Streptococcal A",2016,20,0.133333333333333,"IL",NA,NA,NA,NA
"201","Streptococcal A",2016,21,0.133333333333333,"IL",NA,NA,NA,NA
"202","Streptococcal A",2016,22,0,"IL",NA,NA,NA,NA
"203","Streptococcal A",2016,23,0.266666666666667,"IL",NA,NA,NA,NA
"204","Streptococcal A",2016,24,0,"IL",NA,NA,NA,NA
"205","Streptococcal A",2016,25,0.266666666666667,"IL",NA,NA,NA,NA
"206","Streptococcal A",2016,26,0,"IL",NA,NA,NA,NA
"207","Streptococcal A",2016,27,0,"IL",NA,NA,NA,NA
"208","Streptococcal A",2016,28,0,"IL",NA,NA,NA,NA
"209","Streptococcal A",2016,29,0.0666666666666667,"IL",NA,NA,NA,NA
"210","Streptococcal A",2016,30,0,"IL",NA,NA,NA,NA
"211","Streptococcal A",2016,31,0,"IL",NA,NA,NA,NA
"212","Streptococcal A",2016,32,0.133333333333333,"IL",NA,NA,NA,NA
"213","Streptococcal A",2016,33,0.2,"IL",NA,NA,NA,NA
"214","Streptococcal A",2016,34,0.0666666666666667,"IL",NA,NA,NA,NA
"215","Streptococcal A",2016,35,0.0666666666666667,"IL",NA,NA,NA,NA
"216","Streptococcal A",2016,36,0.266666666666667,"IL",NA,NA,NA,NA
"217","Streptococcal A",2016,37,0,"IL",NA,NA,NA,NA
"218","Streptococcal A",2016,38,0.2,"IL",NA,NA,NA,NA
"219","Streptococcal A",2016,39,0,"IL",NA,NA,NA,NA
"220","Streptococcal A",2016,40,0,"IL",NA,NA,NA,NA
"221","Streptococcal A",2016,41,0,"IL",NA,NA,NA,NA
"222","Streptococcal A",2016,42,0,"IL",NA,NA,NA,NA
"223","Streptococcal A",2016,43,0.0666666666666667,"IL",NA,NA,NA,NA
"224","Streptococcal A",2016,44,0.0666666666666667,"IL",NA,NA,NA,NA
"225","Streptococcal A",2016,45,0,"IL",NA,NA,NA,NA
"226","Streptococcal A",2016,46,0.133333333333333,"IL",NA,NA,NA,NA
"227","Streptococcal A",2016,47,0.266666666666667,"IL",NA,NA,NA,NA
"228","Streptococcal A",2016,48,0.2,"IL",NA,NA,NA,NA
"229","Streptococcal A",2016,49,0.133333333333333,"IL",NA,NA,NA,NA
"230","Streptococcal A",2016,50,0.0666666666666667,"IL",NA,NA,NA,NA
"231","Streptococcal A",2016,51,0,"IL",NA,NA,NA,NA
"232","Streptococcal A",2016,52,0.0666666666666667,"IL",NA,NA,NA,NA
"233","Streptococcal A",2017,1,0,"IL",NA,NA,NA,NA
"234","Streptococcal A",2017,2,0.4,"IL",NA,NA,NA,NA
"235","Streptococcal A",2017,3,0,"IL",NA,NA,NA,NA
"236","Streptococcal A",2017,4,0.133333333333333,"IL",NA,NA,NA,NA
"237","Streptococcal A",2017,5,0.0666666666666667,"IL",NA,NA,NA,NA
"238","Streptococcal A",2017,6,0,"IL",NA,NA,NA,NA
"239","Streptococcal A",2017,7,0.0666666666666667,"IL",NA,NA,NA,NA
"240","Streptococcal A",2017,8,0.333333333333333,"IL",NA,NA,NA,NA
"241","Streptococcal A",2017,9,0.0666666666666667,"IL",NA,NA,NA,NA
"242","Streptococcal A",2017,10,0.133333333333333,"IL",NA,NA,NA,NA
"243","Streptococcal A",2017,11,0,"IL",NA,NA,NA,NA
"244","Streptococcal A",2017,12,0.0666666666666667,"IL",NA,NA,NA,NA
"245","Streptococcal A",2017,13,0.266666666666667,"IL",NA,NA,NA,NA
"246","Streptococcal A",2017,14,0.133333333333333,"IL",NA,NA,NA,NA
"247","Streptococcal A",2017,15,0,"IL",NA,NA,NA,NA
"248","Streptococcal A",2017,16,0,"IL",NA,NA,NA,NA
"249","Streptococcal A",2017,17,0.2,"IL",NA,NA,NA,NA
"250","Streptococcal A",2017,18,0.0666666666666667,"IL",NA,NA,NA,NA
"251","Streptococcal A",2017,19,0.0666666666666667,"IL",NA,NA,NA,NA
"252","Streptococcal A",2017,20,0,"IL",NA,NA,NA,NA
"253","Streptococcal A",2017,21,0.133333333333333,"IL",NA,NA,NA,NA
"254","Streptococcal A",2017,22,0.133333333333333,"IL",NA,NA,NA,NA
"255","Streptococcal A",2017,23,0,"IL",NA,NA,NA,NA
"256","Streptococcal A",2017,24,0.2,"IL",NA,NA,NA,NA
"257","Streptococcal A",2017,25,0,"IL",NA,NA,NA,NA
"258","Streptococcal A",2017,26,0,"IL",NA,NA,NA,NA
"259","Streptococcal A",2017,27,0,"IL",NA,NA,NA,NA
"260","Streptococcal A",2017,28,0,"IL",NA,NA,NA,NA
"261","Streptococcal A",2017,29,0.2,"IL",NA,NA,NA,NA
"262","Streptococcal A",2017,30,0,"IL",NA,NA,NA,NA
"263","Streptococcal A",2017,31,0.0666666666666667,"IL",NA,NA,NA,NA
"264","Streptococcal A",2017,32,0,"IL",NA,NA,NA,NA
"265","Streptococcal A",2017,33,0,"IL",NA,NA,NA,NA
"266","Streptococcal A",2017,34,0,"IL",NA,NA,NA,NA
"267","Streptococcal A",2017,35,0.0666666666666667,"IL",NA,NA,NA,NA
"268","Streptococcal A",2017,36,0.2,"IL",NA,NA,NA,NA
"269","Streptococcal A",2017,37,0.0666666666666667,"IL",NA,NA,NA,NA
"270","Streptococcal A",2017,38,0.2,"IL",NA,NA,NA,NA
"271","Streptococcal A",2017,39,0,"IL",NA,NA,NA,NA
"272","Streptococcal A",2017,40,0.0666666666666667,"IL",NA,NA,NA,NA
"273","Streptococcal A",2017,41,0,"IL",NA,NA,NA,NA
"274","Streptococcal A",2017,42,0,"IL",NA,NA,NA,NA
"275","Streptococcal A",2017,43,0,"IL",NA,NA,NA,NA
"276","Streptococcal A",2017,44,0.0666666666666667,"IL",NA,NA,NA,NA
"277","Streptococcal A",2017,45,0.266666666666667,"IL",NA,NA,NA,NA
"278","Streptococcal A",2017,46,0,"IL",NA,NA,NA,NA
"279","Streptococcal A",2017,47,0.0666666666666667,"IL",NA,NA,NA,NA
"280","Streptococcal A",2017,48,0.2,"IL",NA,NA,NA,NA
"281","Streptococcal A",2017,49,0.133333333333333,"IL",NA,NA,NA,NA
"282","Streptococcal A",2017,50,0,"IL",NA,NA,NA,NA
"283","Streptococcal A",2017,51,0.0666666666666667,"IL",NA,NA,NA,NA
"284","Streptococcal A",2017,52,0.133333333333333,"IL",NA,NA,NA,NA
"285","Streptococcal A",2018,1,0,"IL",NA,NA,NA,NA
"286","Streptococcal A",2018,2,0,"IL",NA,NA,NA,NA
"287","Streptococcal A",2018,3,0,"IL",NA,NA,NA,NA
"288","Streptococcal A",2018,4,0.0666666666666667,"IL",NA,NA,NA,NA
"289","Streptococcal A",2018,5,0,"IL",NA,NA,NA,NA
"290","Streptococcal A",2018,6,0.133333333333333,"IL",NA,NA,NA,NA
"291","Streptococcal A",2018,7,0,"IL",NA,NA,NA,NA
"292","Streptococcal A",2018,8,0.133333333333333,"IL",NA,NA,NA,NA
"293","Streptococcal A",2018,9,0,"IL",NA,NA,NA,NA
"294","Streptococcal A",2018,10,0,"IL",NA,NA,NA,NA
"295","Streptococcal A",2018,11,0,"IL",NA,NA,NA,NA
"296","Streptococcal A",2018,12,0.0666666666666667,"IL",NA,NA,NA,NA
"297","Streptococcal A",2018,13,0,"IL",NA,NA,NA,NA
"298","Streptococcal A",2018,14,0,"IL",NA,NA,NA,NA
"299","Streptococcal A",2018,15,0.0666666666666667,"IL",NA,NA,NA,NA
"300","Streptococcal A",2018,16,0,"IL",NA,NA,NA,NA
"301","Streptococcal A",2018,17,0.733333333333333,"IL",NA,NA,NA,NA
"302","Streptococcal A",2018,18,0,"IL",NA,NA,NA,NA
"303","Streptococcal A",2018,19,0.133333333333333,"IL",NA,NA,NA,NA
"304","Streptococcal A",2018,20,0.0666666666666667,"IL",NA,NA,NA,NA
"305","Streptococcal A",2018,21,0.4,"IL",NA,NA,NA,NA
"306","Streptococcal A",2018,22,0.266666666666667,"IL",NA,NA,NA,NA
"307","Streptococcal A",2018,23,0.0666666666666667,"IL",NA,NA,NA,NA
"308","Streptococcal A",2018,24,0.0666666666666667,"IL",NA,NA,NA,NA
"309","Streptococcal A",2018,25,0.2,"IL",NA,NA,NA,NA
"310","Streptococcal A",2018,26,0,"IL",NA,NA,NA,NA
"311","Streptococcal A",2018,27,0.0666666666666667,"IL",NA,NA,NA,NA
"312","Streptococcal A",2018,28,0.133333333333333,"IL",NA,NA,NA,NA
"313","Streptococcal A",2018,29,0.0666666666666667,"IL",NA,NA,NA,NA
"314","Streptococcal A",2018,30,0,"IL",NA,NA,NA,NA
"315","Streptococcal A",2018,31,0,"IL",NA,NA,NA,NA
"316","Streptococcal A",2018,32,0.0666666666666667,"IL",NA,NA,NA,NA
"317","Streptococcal A",2018,33,0,"IL",NA,NA,NA,NA
"318","Streptococcal A",2018,34,0.0666666666666667,"IL",NA,NA,NA,NA
"319","Streptococcal A",2018,35,0.133333333333333,"IL",NA,NA,NA,NA
"320","Streptococcal A",2018,36,0.0666666666666667,"IL",NA,NA,NA,NA
"321","Streptococcal A",2018,37,0.0666666666666667,"IL",NA,NA,NA,NA
"322","Streptococcal A",2018,38,0,"IL",NA,NA,NA,NA
"323","Streptococcal A",2018,39,0.0666666666666667,"IL",NA,NA,NA,NA
"324","Streptococcal A",2018,40,0.0666666666666667,"IL",NA,NA,NA,NA
"325","Streptococcal A",2018,41,0.0666666666666667,"IL",NA,NA,NA,NA
"326","Streptococcal A",2018,42,0.0666666666666667,"IL",NA,NA,NA,NA
"327","Streptococcal A",2018,43,0,"IL",NA,NA,NA,NA
"328","Streptococcal A",2018,44,0,"IL",NA,NA,NA,NA
"329","Streptococcal A",2018,45,0.0666666666666667,"IL",NA,NA,NA,NA
"330","Streptococcal A",2018,46,0,"IL",NA,NA,NA,NA
"331","Streptococcal A",2018,47,0.133333333333333,"IL",NA,NA,NA,NA
"332","Streptococcal A",2018,48,0.2,"IL",NA,NA,NA,NA
"333","Streptococcal A",2018,49,0.0666666666666667,"IL",NA,NA,NA,NA
"334","Streptococcal A",2018,50,0,"IL",NA,NA,NA,NA
"335","Streptococcal A",2018,51,0.0666666666666667,"IL",NA,NA,NA,NA
"336","Streptococcal A",2018,52,0,"IL",NA,NA,NA,NA
"337","Streptococcal A",2019,1,0.2,"IL",NA,NA,NA,NA
"338","Streptococcal A",2019,2,0.0666666666666667,"IL",NA,NA,NA,NA
"339","Streptococcal A",2019,3,0,"IL",NA,NA,NA,NA
"340","Streptococcal A",2019,4,0,"IL",NA,NA,NA,NA
"341","Streptococcal A",2019,5,0.333333333333333,"IL",NA,NA,NA,NA
"342","Streptococcal A",2019,6,0,"IL",NA,NA,NA,NA
"343","Streptococcal A",2019,7,0,"IL",NA,NA,NA,NA
"344","Streptococcal A",2019,8,0.133333333333333,"IL",NA,NA,NA,NA
"345","Streptococcal A",2019,9,0.2,"IL",NA,NA,NA,NA
"346","Streptococcal A",2019,10,0.133333333333333,"IL",NA,NA,NA,NA
"347","Streptococcal A",2019,11,0.266666666666667,"IL",NA,NA,NA,NA
"348","Streptococcal A",2019,12,0.0666666666666667,"IL",NA,NA,NA,NA
"349","Streptococcal A",2020,10,0,"IL",NA,NA,NA,NA
