"","Disease","EpiYear","EpiWeek","Incidence","ADM0","ADM1","ADM2","NA","NA"
"1","Cryptosporidiosis",2012,23,0,"IL",NA,NA,NA,NA
"2","Cryptosporidiosis",2012,24,0,"IL",NA,NA,NA,NA
"3","Cryptosporidiosis",2012,25,0,"IL",NA,NA,NA,NA
"4","Cryptosporidiosis",2012,26,0,"IL",NA,NA,NA,NA
"5","Cryptosporidiosis",2012,27,0,"IL",NA,NA,NA,NA
"6","Cryptosporidiosis",2012,28,0,"IL",NA,NA,NA,NA
"7","Cryptosporidiosis",2012,29,0.0666666666666667,"IL",NA,NA,NA,NA
"8","Cryptosporidiosis",2012,30,0,"IL",NA,NA,NA,NA
"9","Cryptosporidiosis",2012,31,0,"IL",NA,NA,NA,NA
"10","Cryptosporidiosis",2012,32,0,"IL",NA,NA,NA,NA
"11","Cryptosporidiosis",2012,33,0,"IL",NA,NA,NA,NA
"12","Cryptosporidiosis",2012,34,0,"IL",NA,NA,NA,NA
"13","Cryptosporidiosis",2012,35,0,"IL",NA,NA,NA,NA
"14","Cryptosporidiosis",2012,36,0,"IL",NA,NA,NA,NA
"15","Cryptosporidiosis",2012,37,0,"IL",NA,NA,NA,NA
"16","Cryptosporidiosis",2012,38,0,"IL",NA,NA,NA,NA
"17","Cryptosporidiosis",2012,39,0,"IL",NA,NA,NA,NA
"18","Cryptosporidiosis",2012,40,0,"IL",NA,NA,NA,NA
"19","Cryptosporidiosis",2012,41,0,"IL",NA,NA,NA,NA
"20","Cryptosporidiosis",2012,42,0.0666666666666667,"IL",NA,NA,NA,NA
"21","Cryptosporidiosis",2012,43,0,"IL",NA,NA,NA,NA
"22","Cryptosporidiosis",2012,44,0.0666666666666667,"IL",NA,NA,NA,NA
"23","Cryptosporidiosis",2012,45,0.333333333333333,"IL",NA,NA,NA,NA
"24","Cryptosporidiosis",2012,46,0,"IL",NA,NA,NA,NA
"25","Cryptosporidiosis",2012,47,1.13333333333333,"IL",NA,NA,NA,NA
"26","Cryptosporidiosis",2012,48,0,"IL",NA,NA,NA,NA
"27","Cryptosporidiosis",2012,49,0,"IL",NA,NA,NA,NA
"28","Cryptosporidiosis",2012,50,0.333333333333333,"IL",NA,NA,NA,NA
"29","Cryptosporidiosis",2012,51,0,"IL",NA,NA,NA,NA
"30","Cryptosporidiosis",2012,52,0.2,"IL",NA,NA,NA,NA
"31","Cryptosporidiosis",2013,1,0,"IL",NA,NA,NA,NA
"32","Cryptosporidiosis",2013,2,0.133333333333333,"IL",NA,NA,NA,NA
"33","Cryptosporidiosis",2013,3,0.266666666666667,"IL",NA,NA,NA,NA
"34","Cryptosporidiosis",2013,5,0.2,"IL",NA,NA,NA,NA
"35","Cryptosporidiosis",2013,6,0.0666666666666667,"IL",NA,NA,NA,NA
"36","Cryptosporidiosis",2013,7,0,"IL",NA,NA,NA,NA
"37","Cryptosporidiosis",2013,8,0,"IL",NA,NA,NA,NA
"38","Cryptosporidiosis",2013,9,0,"IL",NA,NA,NA,NA
"39","Cryptosporidiosis",2013,10,0,"IL",NA,NA,NA,NA
"40","Cryptosporidiosis",2013,11,0.0666666666666667,"IL",NA,NA,NA,NA
"41","Cryptosporidiosis",2013,12,0.0666666666666667,"IL",NA,NA,NA,NA
"42","Cryptosporidiosis",2013,13,0,"IL",NA,NA,NA,NA
"43","Cryptosporidiosis",2013,14,0,"IL",NA,NA,NA,NA
"44","Cryptosporidiosis",2013,15,0,"IL",NA,NA,NA,NA
"45","Cryptosporidiosis",2013,16,0,"IL",NA,NA,NA,NA
"46","Cryptosporidiosis",2013,17,0.133333333333333,"IL",NA,NA,NA,NA
"47","Cryptosporidiosis",2013,18,0.133333333333333,"IL",NA,NA,NA,NA
"48","Cryptosporidiosis",2013,19,0,"IL",NA,NA,NA,NA
"49","Cryptosporidiosis",2013,20,0,"IL",NA,NA,NA,NA
"50","Cryptosporidiosis",2013,21,0,"IL",NA,NA,NA,NA
"51","Cryptosporidiosis",2013,22,0,"IL",NA,NA,NA,NA
"52","Cryptosporidiosis",2013,23,0,"IL",NA,NA,NA,NA
"53","Cryptosporidiosis",2013,24,0,"IL",NA,NA,NA,NA
"54","Cryptosporidiosis",2013,25,0,"IL",NA,NA,NA,NA
"55","Cryptosporidiosis",2013,26,0.0666666666666667,"IL",NA,NA,NA,NA
"56","Cryptosporidiosis",2013,27,0,"IL",NA,NA,NA,NA
"57","Cryptosporidiosis",2013,28,0,"IL",NA,NA,NA,NA
"58","Cryptosporidiosis",2013,29,0,"IL",NA,NA,NA,NA
"59","Cryptosporidiosis",2013,30,0,"IL",NA,NA,NA,NA
"60","Cryptosporidiosis",2013,31,0,"IL",NA,NA,NA,NA
"61","Cryptosporidiosis",2013,33,0,"IL",NA,NA,NA,NA
"62","Cryptosporidiosis",2013,34,0,"IL",NA,NA,NA,NA
"63","Cryptosporidiosis",2013,35,0,"IL",NA,NA,NA,NA
"64","Cryptosporidiosis",2013,36,0,"IL",NA,NA,NA,NA
"65","Cryptosporidiosis",2013,37,0,"IL",NA,NA,NA,NA
"66","Cryptosporidiosis",2013,38,0,"IL",NA,NA,NA,NA
"67","Cryptosporidiosis",2013,40,0,"IL",NA,NA,NA,NA
"68","Cryptosporidiosis",2013,41,0,"IL",NA,NA,NA,NA
"69","Cryptosporidiosis",2013,42,0,"IL",NA,NA,NA,NA
"70","Cryptosporidiosis",2013,43,0,"IL",NA,NA,NA,NA
"71","Cryptosporidiosis",2013,44,0.0666666666666667,"IL",NA,NA,NA,NA
"72","Cryptosporidiosis",2013,45,0,"IL",NA,NA,NA,NA
"73","Cryptosporidiosis",2013,46,0,"IL",NA,NA,NA,NA
"74","Cryptosporidiosis",2013,47,0,"IL",NA,NA,NA,NA
"75","Cryptosporidiosis",2013,48,0,"IL",NA,NA,NA,NA
"76","Cryptosporidiosis",2013,49,0,"IL",NA,NA,NA,NA
"77","Cryptosporidiosis",2013,50,0.0666666666666667,"IL",NA,NA,NA,NA
"78","Cryptosporidiosis",2013,51,0,"IL",NA,NA,NA,NA
"79","Cryptosporidiosis",2013,52,0,"IL",NA,NA,NA,NA
"80","Cryptosporidiosis",2014,1,0,"IL",NA,NA,NA,NA
"81","Cryptosporidiosis",2014,2,0,"IL",NA,NA,NA,NA
"82","Cryptosporidiosis",2014,3,0,"IL",NA,NA,NA,NA
"83","Cryptosporidiosis",2014,5,0,"IL",NA,NA,NA,NA
"84","Cryptosporidiosis",2014,6,0,"IL",NA,NA,NA,NA
"85","Cryptosporidiosis",2014,7,0,"IL",NA,NA,NA,NA
"86","Cryptosporidiosis",2014,8,0,"IL",NA,NA,NA,NA
"87","Cryptosporidiosis",2014,9,0,"IL",NA,NA,NA,NA
"88","Cryptosporidiosis",2014,10,0,"IL",NA,NA,NA,NA
"89","Cryptosporidiosis",2014,11,0,"IL",NA,NA,NA,NA
"90","Cryptosporidiosis",2014,12,0,"IL",NA,NA,NA,NA
"91","Cryptosporidiosis",2014,13,0,"IL",NA,NA,NA,NA
"92","Cryptosporidiosis",2014,14,0,"IL",NA,NA,NA,NA
"93","Cryptosporidiosis",2014,16,0,"IL",NA,NA,NA,NA
"94","Cryptosporidiosis",2014,17,0,"IL",NA,NA,NA,NA
"95","Cryptosporidiosis",2014,18,0,"IL",NA,NA,NA,NA
"96","Cryptosporidiosis",2014,19,0,"IL",NA,NA,NA,NA
"97","Cryptosporidiosis",2014,20,0,"IL",NA,NA,NA,NA
"98","Cryptosporidiosis",2014,21,0,"IL",NA,NA,NA,NA
"99","Cryptosporidiosis",2014,22,0.0666666666666667,"IL",NA,NA,NA,NA
"100","Cryptosporidiosis",2014,23,0.0666666666666667,"IL",NA,NA,NA,NA
"101","Cryptosporidiosis",2014,24,0,"IL",NA,NA,NA,NA
"102","Cryptosporidiosis",2014,25,0,"IL",NA,NA,NA,NA
"103","Cryptosporidiosis",2014,26,0,"IL",NA,NA,NA,NA
"104","Cryptosporidiosis",2014,27,0.0666666666666667,"IL",NA,NA,NA,NA
"105","Cryptosporidiosis",2014,28,0,"IL",NA,NA,NA,NA
"106","Cryptosporidiosis",2014,29,0,"IL",NA,NA,NA,NA
"107","Cryptosporidiosis",2014,30,0,"IL",NA,NA,NA,NA
"108","Cryptosporidiosis",2014,31,0.0666666666666667,"IL",NA,NA,NA,NA
"109","Cryptosporidiosis",2014,32,0,"IL",NA,NA,NA,NA
"110","Cryptosporidiosis",2014,33,0,"IL",NA,NA,NA,NA
"111","Cryptosporidiosis",2014,34,0,"IL",NA,NA,NA,NA
"112","Cryptosporidiosis",2014,35,0,"IL",NA,NA,NA,NA
"113","Cryptosporidiosis",2014,36,0,"IL",NA,NA,NA,NA
"114","Cryptosporidiosis",2014,37,0,"IL",NA,NA,NA,NA
"115","Cryptosporidiosis",2014,38,0.0666666666666667,"IL",NA,NA,NA,NA
"116","Cryptosporidiosis",2014,39,0,"IL",NA,NA,NA,NA
"117","Cryptosporidiosis",2014,40,0,"IL",NA,NA,NA,NA
"118","Cryptosporidiosis",2014,41,0,"IL",NA,NA,NA,NA
"119","Cryptosporidiosis",2014,42,0,"IL",NA,NA,NA,NA
"120","Cryptosporidiosis",2014,43,0,"IL",NA,NA,NA,NA
"121","Cryptosporidiosis",2014,44,0,"IL",NA,NA,NA,NA
"122","Cryptosporidiosis",2014,45,0.2,"IL",NA,NA,NA,NA
"123","Cryptosporidiosis",2014,46,0,"IL",NA,NA,NA,NA
"124","Cryptosporidiosis",2014,47,0,"IL",NA,NA,NA,NA
"125","Cryptosporidiosis",2014,48,0,"IL",NA,NA,NA,NA
"126","Cryptosporidiosis",2014,49,0,"IL",NA,NA,NA,NA
"127","Cryptosporidiosis",2014,50,0,"IL",NA,NA,NA,NA
"128","Cryptosporidiosis",2014,51,0,"IL",NA,NA,NA,NA
"129","Cryptosporidiosis",2014,52,0,"IL",NA,NA,NA,NA
"130","Cryptosporidiosis",2014,53,0.0666666666666667,"IL",NA,NA,NA,NA
"131","Cryptosporidiosis",2015,1,0,"IL",NA,NA,NA,NA
"132","Cryptosporidiosis",2015,2,0,"IL",NA,NA,NA,NA
"133","Cryptosporidiosis",2015,3,0,"IL",NA,NA,NA,NA
"134","Cryptosporidiosis",2015,5,0.2,"IL",NA,NA,NA,NA
"135","Cryptosporidiosis",2015,6,0.0666666666666667,"IL",NA,NA,NA,NA
"136","Cryptosporidiosis",2015,7,0,"IL",NA,NA,NA,NA
"137","Cryptosporidiosis",2015,8,0,"IL",NA,NA,NA,NA
"138","Cryptosporidiosis",2015,9,0,"IL",NA,NA,NA,NA
"139","Cryptosporidiosis",2015,10,0,"IL",NA,NA,NA,NA
"140","Cryptosporidiosis",2015,11,0,"IL",NA,NA,NA,NA
"141","Cryptosporidiosis",2015,12,0,"IL",NA,NA,NA,NA
"142","Cryptosporidiosis",2015,13,0,"IL",NA,NA,NA,NA
"143","Cryptosporidiosis",2015,15,0,"IL",NA,NA,NA,NA
"144","Cryptosporidiosis",2015,16,0.0666666666666667,"IL",NA,NA,NA,NA
"145","Cryptosporidiosis",2015,17,0,"IL",NA,NA,NA,NA
"146","Cryptosporidiosis",2015,18,0,"IL",NA,NA,NA,NA
"147","Cryptosporidiosis",2015,19,0,"IL",NA,NA,NA,NA
"148","Cryptosporidiosis",2015,20,0,"IL",NA,NA,NA,NA
"149","Cryptosporidiosis",2015,21,0,"IL",NA,NA,NA,NA
"150","Cryptosporidiosis",2015,22,0,"IL",NA,NA,NA,NA
"151","Cryptosporidiosis",2015,23,0,"IL",NA,NA,NA,NA
"152","Cryptosporidiosis",2015,24,0,"IL",NA,NA,NA,NA
"153","Cryptosporidiosis",2015,25,0,"IL",NA,NA,NA,NA
"154","Cryptosporidiosis",2015,26,0,"IL",NA,NA,NA,NA
"155","Cryptosporidiosis",2015,27,0.466666666666667,"IL",NA,NA,NA,NA
"156","Cryptosporidiosis",2015,28,0,"IL",NA,NA,NA,NA
"157","Cryptosporidiosis",2015,29,0,"IL",NA,NA,NA,NA
"158","Cryptosporidiosis",2015,30,0,"IL",NA,NA,NA,NA
"159","Cryptosporidiosis",2015,31,0,"IL",NA,NA,NA,NA
"160","Cryptosporidiosis",2015,32,0.266666666666667,"IL",NA,NA,NA,NA
"161","Cryptosporidiosis",2015,33,0.133333333333333,"IL",NA,NA,NA,NA
"162","Cryptosporidiosis",2015,34,0,"IL",NA,NA,NA,NA
"163","Cryptosporidiosis",2015,35,0.4,"IL",NA,NA,NA,NA
"164","Cryptosporidiosis",2015,36,0.6,"IL",NA,NA,NA,NA
"165","Cryptosporidiosis",2015,37,0.0666666666666667,"IL",NA,NA,NA,NA
"166","Cryptosporidiosis",2015,38,0,"IL",NA,NA,NA,NA
"167","Cryptosporidiosis",2015,39,0,"IL",NA,NA,NA,NA
"168","Cryptosporidiosis",2015,40,0.266666666666667,"IL",NA,NA,NA,NA
"169","Cryptosporidiosis",2015,41,0.0666666666666667,"IL",NA,NA,NA,NA
"170","Cryptosporidiosis",2015,42,0,"IL",NA,NA,NA,NA
"171","Cryptosporidiosis",2015,43,0,"IL",NA,NA,NA,NA
"172","Cryptosporidiosis",2015,44,0.133333333333333,"IL",NA,NA,NA,NA
"173","Cryptosporidiosis",2015,45,0.0666666666666667,"IL",NA,NA,NA,NA
"174","Cryptosporidiosis",2015,46,0.266666666666667,"IL",NA,NA,NA,NA
"175","Cryptosporidiosis",2015,47,0.133333333333333,"IL",NA,NA,NA,NA
"176","Cryptosporidiosis",2015,48,0,"IL",NA,NA,NA,NA
"177","Cryptosporidiosis",2015,49,0.866666666666667,"IL",NA,NA,NA,NA
"178","Cryptosporidiosis",2015,50,0,"IL",NA,NA,NA,NA
"179","Cryptosporidiosis",2015,51,0,"IL",NA,NA,NA,NA
"180","Cryptosporidiosis",2015,52,0,"IL",NA,NA,NA,NA
"181","Cryptosporidiosis",2016,1,0.6,"IL",NA,NA,NA,NA
"182","Cryptosporidiosis",2016,2,1.13333333333333,"IL",NA,NA,NA,NA
"183","Cryptosporidiosis",2016,3,0.0666666666666667,"IL",NA,NA,NA,NA
"184","Cryptosporidiosis",2016,4,1.13333333333333,"IL",NA,NA,NA,NA
"185","Cryptosporidiosis",2016,5,0,"IL",NA,NA,NA,NA
"186","Cryptosporidiosis",2016,6,0,"IL",NA,NA,NA,NA
"187","Cryptosporidiosis",2016,7,0,"IL",NA,NA,NA,NA
"188","Cryptosporidiosis",2016,8,0.133333333333333,"IL",NA,NA,NA,NA
"189","Cryptosporidiosis",2016,9,0.2,"IL",NA,NA,NA,NA
"190","Cryptosporidiosis",2016,10,0.0666666666666667,"IL",NA,NA,NA,NA
"191","Cryptosporidiosis",2016,11,0.333333333333333,"IL",NA,NA,NA,NA
"192","Cryptosporidiosis",2016,12,0,"IL",NA,NA,NA,NA
"193","Cryptosporidiosis",2016,13,0.0666666666666667,"IL",NA,NA,NA,NA
"194","Cryptosporidiosis",2016,14,0.2,"IL",NA,NA,NA,NA
"195","Cryptosporidiosis",2016,15,0.2,"IL",NA,NA,NA,NA
"196","Cryptosporidiosis",2016,16,0,"IL",NA,NA,NA,NA
"197","Cryptosporidiosis",2016,17,0,"IL",NA,NA,NA,NA
"198","Cryptosporidiosis",2016,18,0,"IL",NA,NA,NA,NA
"199","Cryptosporidiosis",2016,19,0,"IL",NA,NA,NA,NA
"200","Cryptosporidiosis",2016,20,0,"IL",NA,NA,NA,NA
"201","Cryptosporidiosis",2016,21,0,"IL",NA,NA,NA,NA
"202","Cryptosporidiosis",2016,22,0,"IL",NA,NA,NA,NA
"203","Cryptosporidiosis",2016,23,0,"IL",NA,NA,NA,NA
"204","Cryptosporidiosis",2016,24,0,"IL",NA,NA,NA,NA
"205","Cryptosporidiosis",2016,25,0.0666666666666667,"IL",NA,NA,NA,NA
"206","Cryptosporidiosis",2016,26,0,"IL",NA,NA,NA,NA
"207","Cryptosporidiosis",2016,27,0,"IL",NA,NA,NA,NA
"208","Cryptosporidiosis",2016,28,0,"IL",NA,NA,NA,NA
"209","Cryptosporidiosis",2016,29,0,"IL",NA,NA,NA,NA
"210","Cryptosporidiosis",2016,30,0,"IL",NA,NA,NA,NA
"211","Cryptosporidiosis",2016,31,0,"IL",NA,NA,NA,NA
"212","Cryptosporidiosis",2016,32,0,"IL",NA,NA,NA,NA
"213","Cryptosporidiosis",2016,33,0,"IL",NA,NA,NA,NA
"214","Cryptosporidiosis",2016,34,0,"IL",NA,NA,NA,NA
"215","Cryptosporidiosis",2016,35,0.0666666666666667,"IL",NA,NA,NA,NA
"216","Cryptosporidiosis",2016,36,0,"IL",NA,NA,NA,NA
"217","Cryptosporidiosis",2016,37,0.133333333333333,"IL",NA,NA,NA,NA
"218","Cryptosporidiosis",2016,38,0,"IL",NA,NA,NA,NA
"219","Cryptosporidiosis",2016,39,0.0666666666666667,"IL",NA,NA,NA,NA
"220","Cryptosporidiosis",2016,40,0,"IL",NA,NA,NA,NA
"221","Cryptosporidiosis",2016,41,0,"IL",NA,NA,NA,NA
"222","Cryptosporidiosis",2016,42,0,"IL",NA,NA,NA,NA
"223","Cryptosporidiosis",2016,43,0,"IL",NA,NA,NA,NA
"224","Cryptosporidiosis",2016,44,0,"IL",NA,NA,NA,NA
"225","Cryptosporidiosis",2016,45,0,"IL",NA,NA,NA,NA
"226","Cryptosporidiosis",2016,46,0,"IL",NA,NA,NA,NA
"227","Cryptosporidiosis",2016,47,0,"IL",NA,NA,NA,NA
"228","Cryptosporidiosis",2016,48,0,"IL",NA,NA,NA,NA
"229","Cryptosporidiosis",2016,49,0,"IL",NA,NA,NA,NA
"230","Cryptosporidiosis",2016,50,0,"IL",NA,NA,NA,NA
"231","Cryptosporidiosis",2016,51,0,"IL",NA,NA,NA,NA
"232","Cryptosporidiosis",2016,52,0,"IL",NA,NA,NA,NA
"233","Cryptosporidiosis",2017,1,0,"IL",NA,NA,NA,NA
"234","Cryptosporidiosis",2017,2,0.0666666666666667,"IL",NA,NA,NA,NA
"235","Cryptosporidiosis",2017,3,0,"IL",NA,NA,NA,NA
"236","Cryptosporidiosis",2017,4,0,"IL",NA,NA,NA,NA
"237","Cryptosporidiosis",2017,5,0.0666666666666667,"IL",NA,NA,NA,NA
"238","Cryptosporidiosis",2017,6,0,"IL",NA,NA,NA,NA
"239","Cryptosporidiosis",2017,7,0,"IL",NA,NA,NA,NA
"240","Cryptosporidiosis",2017,8,0,"IL",NA,NA,NA,NA
"241","Cryptosporidiosis",2017,9,0,"IL",NA,NA,NA,NA
"242","Cryptosporidiosis",2017,10,0,"IL",NA,NA,NA,NA
"243","Cryptosporidiosis",2017,11,0,"IL",NA,NA,NA,NA
"244","Cryptosporidiosis",2017,12,0,"IL",NA,NA,NA,NA
"245","Cryptosporidiosis",2017,13,0.0666666666666667,"IL",NA,NA,NA,NA
"246","Cryptosporidiosis",2017,14,0,"IL",NA,NA,NA,NA
"247","Cryptosporidiosis",2017,15,0,"IL",NA,NA,NA,NA
"248","Cryptosporidiosis",2017,16,0,"IL",NA,NA,NA,NA
"249","Cryptosporidiosis",2017,17,0,"IL",NA,NA,NA,NA
"250","Cryptosporidiosis",2017,18,0,"IL",NA,NA,NA,NA
"251","Cryptosporidiosis",2017,19,0,"IL",NA,NA,NA,NA
"252","Cryptosporidiosis",2017,20,0,"IL",NA,NA,NA,NA
"253","Cryptosporidiosis",2017,21,0,"IL",NA,NA,NA,NA
"254","Cryptosporidiosis",2017,22,0,"IL",NA,NA,NA,NA
"255","Cryptosporidiosis",2017,23,0,"IL",NA,NA,NA,NA
"256","Cryptosporidiosis",2017,24,0.0666666666666667,"IL",NA,NA,NA,NA
"257","Cryptosporidiosis",2017,25,0,"IL",NA,NA,NA,NA
"258","Cryptosporidiosis",2017,26,0,"IL",NA,NA,NA,NA
"259","Cryptosporidiosis",2017,27,0,"IL",NA,NA,NA,NA
"260","Cryptosporidiosis",2017,28,0,"IL",NA,NA,NA,NA
"261","Cryptosporidiosis",2017,29,0,"IL",NA,NA,NA,NA
"262","Cryptosporidiosis",2017,30,0,"IL",NA,NA,NA,NA
"263","Cryptosporidiosis",2017,31,0,"IL",NA,NA,NA,NA
"264","Cryptosporidiosis",2017,32,0,"IL",NA,NA,NA,NA
"265","Cryptosporidiosis",2017,33,0,"IL",NA,NA,NA,NA
"266","Cryptosporidiosis",2017,34,0,"IL",NA,NA,NA,NA
"267","Cryptosporidiosis",2017,35,0,"IL",NA,NA,NA,NA
"268","Cryptosporidiosis",2017,36,0,"IL",NA,NA,NA,NA
"269","Cryptosporidiosis",2017,37,0,"IL",NA,NA,NA,NA
"270","Cryptosporidiosis",2017,38,0,"IL",NA,NA,NA,NA
"271","Cryptosporidiosis",2017,39,0,"IL",NA,NA,NA,NA
"272","Cryptosporidiosis",2017,40,0,"IL",NA,NA,NA,NA
"273","Cryptosporidiosis",2017,41,0,"IL",NA,NA,NA,NA
"274","Cryptosporidiosis",2017,42,0,"IL",NA,NA,NA,NA
"275","Cryptosporidiosis",2017,43,0.0666666666666667,"IL",NA,NA,NA,NA
"276","Cryptosporidiosis",2017,44,0.2,"IL",NA,NA,NA,NA
"277","Cryptosporidiosis",2017,45,0.266666666666667,"IL",NA,NA,NA,NA
"278","Cryptosporidiosis",2017,46,0,"IL",NA,NA,NA,NA
"279","Cryptosporidiosis",2017,47,0,"IL",NA,NA,NA,NA
"280","Cryptosporidiosis",2017,48,0,"IL",NA,NA,NA,NA
"281","Cryptosporidiosis",2017,49,0.0666666666666667,"IL",NA,NA,NA,NA
"282","Cryptosporidiosis",2017,50,0.133333333333333,"IL",NA,NA,NA,NA
"283","Cryptosporidiosis",2017,51,0,"IL",NA,NA,NA,NA
"284","Cryptosporidiosis",2017,52,0.0666666666666667,"IL",NA,NA,NA,NA
"285","Cryptosporidiosis",2018,1,0,"IL",NA,NA,NA,NA
"286","Cryptosporidiosis",2018,2,0,"IL",NA,NA,NA,NA
"287","Cryptosporidiosis",2018,3,0.6,"IL",NA,NA,NA,NA
"288","Cryptosporidiosis",2018,4,0.0666666666666667,"IL",NA,NA,NA,NA
"289","Cryptosporidiosis",2018,5,0,"IL",NA,NA,NA,NA
"290","Cryptosporidiosis",2018,6,0.133333333333333,"IL",NA,NA,NA,NA
"291","Cryptosporidiosis",2018,7,0.133333333333333,"IL",NA,NA,NA,NA
"292","Cryptosporidiosis",2018,8,0.333333333333333,"IL",NA,NA,NA,NA
"293","Cryptosporidiosis",2018,9,0.133333333333333,"IL",NA,NA,NA,NA
"294","Cryptosporidiosis",2018,10,0,"IL",NA,NA,NA,NA
"295","Cryptosporidiosis",2018,11,0.133333333333333,"IL",NA,NA,NA,NA
"296","Cryptosporidiosis",2018,12,0,"IL",NA,NA,NA,NA
"297","Cryptosporidiosis",2018,13,0.133333333333333,"IL",NA,NA,NA,NA
"298","Cryptosporidiosis",2018,14,0,"IL",NA,NA,NA,NA
"299","Cryptosporidiosis",2018,15,0,"IL",NA,NA,NA,NA
"300","Cryptosporidiosis",2018,16,0.4,"IL",NA,NA,NA,NA
"301","Cryptosporidiosis",2018,17,0.0666666666666667,"IL",NA,NA,NA,NA
"302","Cryptosporidiosis",2018,18,0,"IL",NA,NA,NA,NA
"303","Cryptosporidiosis",2018,19,0.0666666666666667,"IL",NA,NA,NA,NA
"304","Cryptosporidiosis",2018,20,0.2,"IL",NA,NA,NA,NA
"305","Cryptosporidiosis",2018,21,0,"IL",NA,NA,NA,NA
"306","Cryptosporidiosis",2018,22,0,"IL",NA,NA,NA,NA
"307","Cryptosporidiosis",2018,23,0.2,"IL",NA,NA,NA,NA
"308","Cryptosporidiosis",2018,24,0,"IL",NA,NA,NA,NA
"309","Cryptosporidiosis",2018,25,0,"IL",NA,NA,NA,NA
"310","Cryptosporidiosis",2018,26,0,"IL",NA,NA,NA,NA
"311","Cryptosporidiosis",2018,27,0,"IL",NA,NA,NA,NA
"312","Cryptosporidiosis",2018,28,0.133333333333333,"IL",NA,NA,NA,NA
"313","Cryptosporidiosis",2018,29,0,"IL",NA,NA,NA,NA
"314","Cryptosporidiosis",2018,30,0.266666666666667,"IL",NA,NA,NA,NA
"315","Cryptosporidiosis",2018,31,0,"IL",NA,NA,NA,NA
"316","Cryptosporidiosis",2018,32,0.133333333333333,"IL",NA,NA,NA,NA
"317","Cryptosporidiosis",2018,33,0,"IL",NA,NA,NA,NA
"318","Cryptosporidiosis",2018,34,0,"IL",NA,NA,NA,NA
"319","Cryptosporidiosis",2018,35,0.0666666666666667,"IL",NA,NA,NA,NA
"320","Cryptosporidiosis",2018,36,0,"IL",NA,NA,NA,NA
"321","Cryptosporidiosis",2018,37,0,"IL",NA,NA,NA,NA
"322","Cryptosporidiosis",2018,38,0,"IL",NA,NA,NA,NA
"323","Cryptosporidiosis",2018,39,0,"IL",NA,NA,NA,NA
"324","Cryptosporidiosis",2018,40,0.0666666666666667,"IL",NA,NA,NA,NA
"325","Cryptosporidiosis",2018,41,0,"IL",NA,NA,NA,NA
"326","Cryptosporidiosis",2018,42,0,"IL",NA,NA,NA,NA
"327","Cryptosporidiosis",2018,43,0,"IL",NA,NA,NA,NA
"328","Cryptosporidiosis",2018,44,0.0666666666666667,"IL",NA,NA,NA,NA
"329","Cryptosporidiosis",2018,45,0,"IL",NA,NA,NA,NA
"330","Cryptosporidiosis",2018,46,0.0666666666666667,"IL",NA,NA,NA,NA
"331","Cryptosporidiosis",2018,47,0,"IL",NA,NA,NA,NA
"332","Cryptosporidiosis",2018,48,0.0666666666666667,"IL",NA,NA,NA,NA
"333","Cryptosporidiosis",2018,49,0,"IL",NA,NA,NA,NA
"334","Cryptosporidiosis",2018,50,0,"IL",NA,NA,NA,NA
"335","Cryptosporidiosis",2018,51,0,"IL",NA,NA,NA,NA
"336","Cryptosporidiosis",2018,52,0,"IL",NA,NA,NA,NA
"337","Cryptosporidiosis",2019,1,0.0666666666666667,"IL",NA,NA,NA,NA
"338","Cryptosporidiosis",2019,2,0.133333333333333,"IL",NA,NA,NA,NA
"339","Cryptosporidiosis",2019,3,0,"IL",NA,NA,NA,NA
"340","Cryptosporidiosis",2019,4,0,"IL",NA,NA,NA,NA
"341","Cryptosporidiosis",2019,5,0.933333333333333,"IL",NA,NA,NA,NA
"342","Cryptosporidiosis",2019,6,0.0666666666666667,"IL",NA,NA,NA,NA
"343","Cryptosporidiosis",2019,7,0,"IL",NA,NA,NA,NA
"344","Cryptosporidiosis",2019,8,0.0666666666666667,"IL",NA,NA,NA,NA
"345","Cryptosporidiosis",2019,9,0,"IL",NA,NA,NA,NA
"346","Cryptosporidiosis",2019,10,0.0666666666666667,"IL",NA,NA,NA,NA
"347","Cryptosporidiosis",2019,11,0,"IL",NA,NA,NA,NA
"348","Cryptosporidiosis",2019,12,0,"IL",NA,NA,NA,NA
"349","Cryptosporidiosis",2020,10,0.0666666666666667,"IL",NA,NA,NA,NA
