"","Disease","EpiYear","EpiWeek","Incidence","ADM0","ADM1","ADM2","NA","NA"
"1","Hib",2012,23,0,"IL",NA,NA,NA,NA
"2","Hib",2012,24,0,"IL",NA,NA,NA,NA
"3","Hib",2012,25,0,"IL",NA,NA,NA,NA
"4","Hib",2012,26,0,"IL",NA,NA,NA,NA
"5","Hib",2012,27,0,"IL",NA,NA,NA,NA
"6","Hib",2012,28,0,"IL",NA,NA,NA,NA
"7","Hib",2012,29,0,"IL",NA,NA,NA,NA
"8","Hib",2012,30,0,"IL",NA,NA,NA,NA
"9","Hib",2012,31,0.0666666666666667,"IL",NA,NA,NA,NA
"10","Hib",2012,32,0,"IL",NA,NA,NA,NA
"11","Hib",2012,33,0,"IL",NA,NA,NA,NA
"12","Hib",2012,34,0,"IL",NA,NA,NA,NA
"13","Hib",2012,35,0,"IL",NA,NA,NA,NA
"14","Hib",2012,36,0,"IL",NA,NA,NA,NA
"15","Hib",2012,37,0,"IL",NA,NA,NA,NA
"16","Hib",2012,38,0,"IL",NA,NA,NA,NA
"17","Hib",2012,39,0,"IL",NA,NA,NA,NA
"18","Hib",2012,40,0,"IL",NA,NA,NA,NA
"19","Hib",2012,41,0.0666666666666667,"IL",NA,NA,NA,NA
"20","Hib",2012,42,0.0666666666666667,"IL",NA,NA,NA,NA
"21","Hib",2012,43,0.133333333333333,"IL",NA,NA,NA,NA
"22","Hib",2012,44,0,"IL",NA,NA,NA,NA
"23","Hib",2012,45,0,"IL",NA,NA,NA,NA
"24","Hib",2012,46,0,"IL",NA,NA,NA,NA
"25","Hib",2012,47,0,"IL",NA,NA,NA,NA
"26","Hib",2012,48,0,"IL",NA,NA,NA,NA
"27","Hib",2012,49,0,"IL",NA,NA,NA,NA
"28","Hib",2012,50,0,"IL",NA,NA,NA,NA
"29","Hib",2012,51,0,"IL",NA,NA,NA,NA
"30","Hib",2012,52,0.0666666666666667,"IL",NA,NA,NA,NA
"31","Hib",2013,1,0,"IL",NA,NA,NA,NA
"32","Hib",2013,2,0,"IL",NA,NA,NA,NA
"33","Hib",2013,3,0,"IL",NA,NA,NA,NA
"34","Hib",2013,5,0,"IL",NA,NA,NA,NA
"35","Hib",2013,6,0,"IL",NA,NA,NA,NA
"36","Hib",2013,7,0,"IL",NA,NA,NA,NA
"37","Hib",2013,8,0,"IL",NA,NA,NA,NA
"38","Hib",2013,9,0,"IL",NA,NA,NA,NA
"39","Hib",2013,10,0,"IL",NA,NA,NA,NA
"40","Hib",2013,11,0,"IL",NA,NA,NA,NA
"41","Hib",2013,12,0,"IL",NA,NA,NA,NA
"42","Hib",2013,13,0,"IL",NA,NA,NA,NA
"43","Hib",2013,14,0,"IL",NA,NA,NA,NA
"44","Hib",2013,15,0,"IL",NA,NA,NA,NA
"45","Hib",2013,16,0,"IL",NA,NA,NA,NA
"46","Hib",2013,17,0.0666666666666667,"IL",NA,NA,NA,NA
"47","Hib",2013,18,0.0666666666666667,"IL",NA,NA,NA,NA
"48","Hib",2013,19,0,"IL",NA,NA,NA,NA
"49","Hib",2013,20,0,"IL",NA,NA,NA,NA
"50","Hib",2013,21,0,"IL",NA,NA,NA,NA
"51","Hib",2013,22,0,"IL",NA,NA,NA,NA
"52","Hib",2013,23,0,"IL",NA,NA,NA,NA
"53","Hib",2013,24,0,"IL",NA,NA,NA,NA
"54","Hib",2013,25,0,"IL",NA,NA,NA,NA
"55","Hib",2013,26,0.0666666666666667,"IL",NA,NA,NA,NA
"56","Hib",2013,27,0,"IL",NA,NA,NA,NA
"57","Hib",2013,28,0,"IL",NA,NA,NA,NA
"58","Hib",2013,29,0,"IL",NA,NA,NA,NA
"59","Hib",2013,30,0,"IL",NA,NA,NA,NA
"60","Hib",2013,31,0,"IL",NA,NA,NA,NA
"61","Hib",2013,33,0,"IL",NA,NA,NA,NA
"62","Hib",2013,34,0,"IL",NA,NA,NA,NA
"63","Hib",2013,35,0,"IL",NA,NA,NA,NA
"64","Hib",2013,36,0,"IL",NA,NA,NA,NA
"65","Hib",2013,37,0,"IL",NA,NA,NA,NA
"66","Hib",2013,38,0,"IL",NA,NA,NA,NA
"67","Hib",2013,40,0,"IL",NA,NA,NA,NA
"68","Hib",2013,41,0,"IL",NA,NA,NA,NA
"69","Hib",2013,42,0,"IL",NA,NA,NA,NA
"70","Hib",2013,43,0,"IL",NA,NA,NA,NA
"71","Hib",2013,44,0,"IL",NA,NA,NA,NA
"72","Hib",2013,45,0,"IL",NA,NA,NA,NA
"73","Hib",2013,46,0,"IL",NA,NA,NA,NA
"74","Hib",2013,47,0,"IL",NA,NA,NA,NA
"75","Hib",2013,48,0,"IL",NA,NA,NA,NA
"76","Hib",2013,49,0,"IL",NA,NA,NA,NA
"77","Hib",2013,50,0,"IL",NA,NA,NA,NA
"78","Hib",2013,51,0,"IL",NA,NA,NA,NA
"79","Hib",2013,52,0,"IL",NA,NA,NA,NA
"80","Hib",2014,1,0,"IL",NA,NA,NA,NA
"81","Hib",2014,2,0,"IL",NA,NA,NA,NA
"82","Hib",2014,3,0,"IL",NA,NA,NA,NA
"83","Hib",2014,5,0,"IL",NA,NA,NA,NA
"84","Hib",2014,6,0,"IL",NA,NA,NA,NA
"85","Hib",2014,7,0,"IL",NA,NA,NA,NA
"86","Hib",2014,8,0,"IL",NA,NA,NA,NA
"87","Hib",2014,9,0.0666666666666667,"IL",NA,NA,NA,NA
"88","Hib",2014,10,0.0666666666666667,"IL",NA,NA,NA,NA
"89","Hib",2014,11,0,"IL",NA,NA,NA,NA
"90","Hib",2014,12,0,"IL",NA,NA,NA,NA
"91","Hib",2014,13,0,"IL",NA,NA,NA,NA
"92","Hib",2014,14,0,"IL",NA,NA,NA,NA
"93","Hib",2014,16,0,"IL",NA,NA,NA,NA
"94","Hib",2014,17,0,"IL",NA,NA,NA,NA
"95","Hib",2014,18,0,"IL",NA,NA,NA,NA
"96","Hib",2014,19,0,"IL",NA,NA,NA,NA
"97","Hib",2014,20,0,"IL",NA,NA,NA,NA
"98","Hib",2014,21,0,"IL",NA,NA,NA,NA
"99","Hib",2014,22,0,"IL",NA,NA,NA,NA
"100","Hib",2014,23,0,"IL",NA,NA,NA,NA
"101","Hib",2014,24,0,"IL",NA,NA,NA,NA
"102","Hib",2014,25,0,"IL",NA,NA,NA,NA
"103","Hib",2014,26,0,"IL",NA,NA,NA,NA
"104","Hib",2014,27,0,"IL",NA,NA,NA,NA
"105","Hib",2014,28,0,"IL",NA,NA,NA,NA
"106","Hib",2014,29,0,"IL",NA,NA,NA,NA
"107","Hib",2014,30,0,"IL",NA,NA,NA,NA
"108","Hib",2014,31,0,"IL",NA,NA,NA,NA
"109","Hib",2014,32,0,"IL",NA,NA,NA,NA
"110","Hib",2014,33,0,"IL",NA,NA,NA,NA
"111","Hib",2014,34,0,"IL",NA,NA,NA,NA
"112","Hib",2014,35,0,"IL",NA,NA,NA,NA
"113","Hib",2014,36,0,"IL",NA,NA,NA,NA
"114","Hib",2014,37,0.133333333333333,"IL",NA,NA,NA,NA
"115","Hib",2014,38,0,"IL",NA,NA,NA,NA
"116","Hib",2014,39,0.0666666666666667,"IL",NA,NA,NA,NA
"117","Hib",2014,40,0,"IL",NA,NA,NA,NA
"118","Hib",2014,41,0,"IL",NA,NA,NA,NA
"119","Hib",2014,42,0,"IL",NA,NA,NA,NA
"120","Hib",2014,43,0,"IL",NA,NA,NA,NA
"121","Hib",2014,44,0,"IL",NA,NA,NA,NA
"122","Hib",2014,45,0,"IL",NA,NA,NA,NA
"123","Hib",2014,46,0,"IL",NA,NA,NA,NA
"124","Hib",2014,47,0,"IL",NA,NA,NA,NA
"125","Hib",2014,48,0,"IL",NA,NA,NA,NA
"126","Hib",2014,49,0,"IL",NA,NA,NA,NA
"127","Hib",2014,50,0,"IL",NA,NA,NA,NA
"128","Hib",2014,51,0,"IL",NA,NA,NA,NA
"129","Hib",2014,52,0,"IL",NA,NA,NA,NA
"130","Hib",2014,53,0,"IL",NA,NA,NA,NA
"131","Hib",2015,1,0,"IL",NA,NA,NA,NA
"132","Hib",2015,2,0,"IL",NA,NA,NA,NA
"133","Hib",2015,3,0,"IL",NA,NA,NA,NA
"134","Hib",2015,5,0,"IL",NA,NA,NA,NA
"135","Hib",2015,6,0,"IL",NA,NA,NA,NA
"136","Hib",2015,7,0,"IL",NA,NA,NA,NA
"137","Hib",2015,8,0,"IL",NA,NA,NA,NA
"138","Hib",2015,9,0,"IL",NA,NA,NA,NA
"139","Hib",2015,10,0,"IL",NA,NA,NA,NA
"140","Hib",2015,11,0,"IL",NA,NA,NA,NA
"141","Hib",2015,12,0,"IL",NA,NA,NA,NA
"142","Hib",2015,13,0,"IL",NA,NA,NA,NA
"143","Hib",2015,15,0,"IL",NA,NA,NA,NA
"144","Hib",2015,16,0,"IL",NA,NA,NA,NA
"145","Hib",2015,17,0,"IL",NA,NA,NA,NA
"146","Hib",2015,18,0.0666666666666667,"IL",NA,NA,NA,NA
"147","Hib",2015,19,0,"IL",NA,NA,NA,NA
"148","Hib",2015,20,0,"IL",NA,NA,NA,NA
"149","Hib",2015,21,0,"IL",NA,NA,NA,NA
"150","Hib",2015,22,0,"IL",NA,NA,NA,NA
"151","Hib",2015,23,0,"IL",NA,NA,NA,NA
"152","Hib",2015,24,0,"IL",NA,NA,NA,NA
"153","Hib",2015,25,0,"IL",NA,NA,NA,NA
"154","Hib",2015,26,0.0666666666666667,"IL",NA,NA,NA,NA
"155","Hib",2015,27,0,"IL",NA,NA,NA,NA
"156","Hib",2015,28,0,"IL",NA,NA,NA,NA
"157","Hib",2015,29,0,"IL",NA,NA,NA,NA
"158","Hib",2015,30,0,"IL",NA,NA,NA,NA
"159","Hib",2015,31,0,"IL",NA,NA,NA,NA
"160","Hib",2015,32,0,"IL",NA,NA,NA,NA
"161","Hib",2015,33,0,"IL",NA,NA,NA,NA
"162","Hib",2015,34,0,"IL",NA,NA,NA,NA
"163","Hib",2015,35,0.0666666666666667,"IL",NA,NA,NA,NA
"164","Hib",2015,36,0,"IL",NA,NA,NA,NA
"165","Hib",2015,37,0,"IL",NA,NA,NA,NA
"166","Hib",2015,38,0,"IL",NA,NA,NA,NA
"167","Hib",2015,39,0,"IL",NA,NA,NA,NA
"168","Hib",2015,40,0,"IL",NA,NA,NA,NA
"169","Hib",2015,41,0,"IL",NA,NA,NA,NA
"170","Hib",2015,42,0,"IL",NA,NA,NA,NA
"171","Hib",2015,43,0.0666666666666667,"IL",NA,NA,NA,NA
"172","Hib",2015,44,0,"IL",NA,NA,NA,NA
"173","Hib",2015,45,0,"IL",NA,NA,NA,NA
"174","Hib",2015,46,0,"IL",NA,NA,NA,NA
"175","Hib",2015,47,0,"IL",NA,NA,NA,NA
"176","Hib",2015,48,0,"IL",NA,NA,NA,NA
"177","Hib",2015,49,0,"IL",NA,NA,NA,NA
"178","Hib",2015,50,0,"IL",NA,NA,NA,NA
"179","Hib",2015,51,0.0666666666666667,"IL",NA,NA,NA,NA
"180","Hib",2015,52,0.0666666666666667,"IL",NA,NA,NA,NA
"181","Hib",2016,1,0,"IL",NA,NA,NA,NA
"182","Hib",2016,2,0,"IL",NA,NA,NA,NA
"183","Hib",2016,3,0,"IL",NA,NA,NA,NA
"184","Hib",2016,4,0,"IL",NA,NA,NA,NA
"185","Hib",2016,5,0,"IL",NA,NA,NA,NA
"186","Hib",2016,6,0,"IL",NA,NA,NA,NA
"187","Hib",2016,7,0,"IL",NA,NA,NA,NA
"188","Hib",2016,8,0,"IL",NA,NA,NA,NA
"189","Hib",2016,9,0,"IL",NA,NA,NA,NA
"190","Hib",2016,10,0,"IL",NA,NA,NA,NA
"191","Hib",2016,11,0.0666666666666667,"IL",NA,NA,NA,NA
"192","Hib",2016,12,0,"IL",NA,NA,NA,NA
"193","Hib",2016,13,0,"IL",NA,NA,NA,NA
"194","Hib",2016,14,0,"IL",NA,NA,NA,NA
"195","Hib",2016,15,0,"IL",NA,NA,NA,NA
"196","Hib",2016,16,0,"IL",NA,NA,NA,NA
"197","Hib",2016,17,0,"IL",NA,NA,NA,NA
"198","Hib",2016,18,0.0666666666666667,"IL",NA,NA,NA,NA
"199","Hib",2016,19,0,"IL",NA,NA,NA,NA
"200","Hib",2016,20,0,"IL",NA,NA,NA,NA
"201","Hib",2016,21,0,"IL",NA,NA,NA,NA
"202","Hib",2016,22,0,"IL",NA,NA,NA,NA
"203","Hib",2016,23,0.0666666666666667,"IL",NA,NA,NA,NA
"204","Hib",2016,24,0,"IL",NA,NA,NA,NA
"205","Hib",2016,25,0,"IL",NA,NA,NA,NA
"206","Hib",2016,26,0,"IL",NA,NA,NA,NA
"207","Hib",2016,27,0,"IL",NA,NA,NA,NA
"208","Hib",2016,28,0,"IL",NA,NA,NA,NA
"209","Hib",2016,29,0.0666666666666667,"IL",NA,NA,NA,NA
"210","Hib",2016,30,0,"IL",NA,NA,NA,NA
"211","Hib",2016,31,0,"IL",NA,NA,NA,NA
"212","Hib",2016,32,0,"IL",NA,NA,NA,NA
"213","Hib",2016,33,0,"IL",NA,NA,NA,NA
"214","Hib",2016,34,0,"IL",NA,NA,NA,NA
"215","Hib",2016,35,0.0666666666666667,"IL",NA,NA,NA,NA
"216","Hib",2016,36,0.0666666666666667,"IL",NA,NA,NA,NA
"217","Hib",2016,37,0.133333333333333,"IL",NA,NA,NA,NA
"218","Hib",2016,38,0,"IL",NA,NA,NA,NA
"219","Hib",2016,39,0,"IL",NA,NA,NA,NA
"220","Hib",2016,40,0,"IL",NA,NA,NA,NA
"221","Hib",2016,41,0,"IL",NA,NA,NA,NA
"222","Hib",2016,42,0,"IL",NA,NA,NA,NA
"223","Hib",2016,43,0.0666666666666667,"IL",NA,NA,NA,NA
"224","Hib",2016,44,0,"IL",NA,NA,NA,NA
"225","Hib",2016,45,0.0666666666666667,"IL",NA,NA,NA,NA
"226","Hib",2016,46,0.2,"IL",NA,NA,NA,NA
"227","Hib",2016,47,0,"IL",NA,NA,NA,NA
"228","Hib",2016,48,0,"IL",NA,NA,NA,NA
"229","Hib",2016,49,0,"IL",NA,NA,NA,NA
"230","Hib",2016,50,0,"IL",NA,NA,NA,NA
"231","Hib",2016,51,0,"IL",NA,NA,NA,NA
"232","Hib",2016,52,0,"IL",NA,NA,NA,NA
"233","Hib",2017,1,0,"IL",NA,NA,NA,NA
"234","Hib",2017,2,0,"IL",NA,NA,NA,NA
"235","Hib",2017,3,0,"IL",NA,NA,NA,NA
"236","Hib",2017,4,0,"IL",NA,NA,NA,NA
"237","Hib",2017,5,0,"IL",NA,NA,NA,NA
"238","Hib",2017,6,0,"IL",NA,NA,NA,NA
"239","Hib",2017,7,0,"IL",NA,NA,NA,NA
"240","Hib",2017,8,0.0666666666666667,"IL",NA,NA,NA,NA
"241","Hib",2017,9,0,"IL",NA,NA,NA,NA
"242","Hib",2017,10,0,"IL",NA,NA,NA,NA
"243","Hib",2017,11,0,"IL",NA,NA,NA,NA
"244","Hib",2017,12,0,"IL",NA,NA,NA,NA
"245","Hib",2017,13,0,"IL",NA,NA,NA,NA
"246","Hib",2017,14,0,"IL",NA,NA,NA,NA
"247","Hib",2017,15,0,"IL",NA,NA,NA,NA
"248","Hib",2017,16,0,"IL",NA,NA,NA,NA
"249","Hib",2017,17,0,"IL",NA,NA,NA,NA
"250","Hib",2017,18,0,"IL",NA,NA,NA,NA
"251","Hib",2017,19,0,"IL",NA,NA,NA,NA
"252","Hib",2017,20,0,"IL",NA,NA,NA,NA
"253","Hib",2017,21,0.0666666666666667,"IL",NA,NA,NA,NA
"254","Hib",2017,22,0.0666666666666667,"IL",NA,NA,NA,NA
"255","Hib",2017,23,0,"IL",NA,NA,NA,NA
"256","Hib",2017,24,0.0666666666666667,"IL",NA,NA,NA,NA
"257","Hib",2017,25,0,"IL",NA,NA,NA,NA
"258","Hib",2017,26,0,"IL",NA,NA,NA,NA
"259","Hib",2017,27,0,"IL",NA,NA,NA,NA
"260","Hib",2017,28,0,"IL",NA,NA,NA,NA
"261","Hib",2017,29,0.0666666666666667,"IL",NA,NA,NA,NA
"262","Hib",2017,30,0.0666666666666667,"IL",NA,NA,NA,NA
"263","Hib",2017,31,0,"IL",NA,NA,NA,NA
"264","Hib",2017,32,0,"IL",NA,NA,NA,NA
"265","Hib",2017,33,0,"IL",NA,NA,NA,NA
"266","Hib",2017,34,0,"IL",NA,NA,NA,NA
"267","Hib",2017,35,0,"IL",NA,NA,NA,NA
"268","Hib",2017,36,0.0666666666666667,"IL",NA,NA,NA,NA
"269","Hib",2017,37,0,"IL",NA,NA,NA,NA
"270","Hib",2017,38,0,"IL",NA,NA,NA,NA
"271","Hib",2017,39,0,"IL",NA,NA,NA,NA
"272","Hib",2017,40,0,"IL",NA,NA,NA,NA
"273","Hib",2017,41,0,"IL",NA,NA,NA,NA
"274","Hib",2017,42,0,"IL",NA,NA,NA,NA
"275","Hib",2017,43,0.0666666666666667,"IL",NA,NA,NA,NA
"276","Hib",2017,44,0,"IL",NA,NA,NA,NA
"277","Hib",2017,45,0,"IL",NA,NA,NA,NA
"278","Hib",2017,46,0,"IL",NA,NA,NA,NA
"279","Hib",2017,47,0.0666666666666667,"IL",NA,NA,NA,NA
"280","Hib",2017,48,0,"IL",NA,NA,NA,NA
"281","Hib",2017,49,0,"IL",NA,NA,NA,NA
"282","Hib",2017,50,0,"IL",NA,NA,NA,NA
"283","Hib",2017,51,0,"IL",NA,NA,NA,NA
"284","Hib",2017,52,0.0666666666666667,"IL",NA,NA,NA,NA
"285","Hib",2018,1,0,"IL",NA,NA,NA,NA
"286","Hib",2018,2,0,"IL",NA,NA,NA,NA
"287","Hib",2018,3,0.0666666666666667,"IL",NA,NA,NA,NA
"288","Hib",2018,4,0,"IL",NA,NA,NA,NA
"289","Hib",2018,5,0,"IL",NA,NA,NA,NA
"290","Hib",2018,6,0,"IL",NA,NA,NA,NA
"291","Hib",2018,7,0,"IL",NA,NA,NA,NA
"292","Hib",2018,8,0,"IL",NA,NA,NA,NA
"293","Hib",2018,9,0,"IL",NA,NA,NA,NA
"294","Hib",2018,10,0,"IL",NA,NA,NA,NA
"295","Hib",2018,11,0,"IL",NA,NA,NA,NA
"296","Hib",2018,12,0,"IL",NA,NA,NA,NA
"297","Hib",2018,13,0,"IL",NA,NA,NA,NA
"298","Hib",2018,14,0,"IL",NA,NA,NA,NA
"299","Hib",2018,15,0,"IL",NA,NA,NA,NA
"300","Hib",2018,16,0,"IL",NA,NA,NA,NA
"301","Hib",2018,17,0.0666666666666667,"IL",NA,NA,NA,NA
"302","Hib",2018,18,0.0666666666666667,"IL",NA,NA,NA,NA
"303","Hib",2018,19,0.0666666666666667,"IL",NA,NA,NA,NA
"304","Hib",2018,20,0,"IL",NA,NA,NA,NA
"305","Hib",2018,21,0,"IL",NA,NA,NA,NA
"306","Hib",2018,22,0,"IL",NA,NA,NA,NA
"307","Hib",2018,23,0,"IL",NA,NA,NA,NA
"308","Hib",2018,24,0,"IL",NA,NA,NA,NA
"309","Hib",2018,25,0.0666666666666667,"IL",NA,NA,NA,NA
"310","Hib",2018,26,0.0666666666666667,"IL",NA,NA,NA,NA
"311","Hib",2018,27,0,"IL",NA,NA,NA,NA
"312","Hib",2018,28,0,"IL",NA,NA,NA,NA
"313","Hib",2018,29,0.0666666666666667,"IL",NA,NA,NA,NA
"314","Hib",2018,30,0.0666666666666667,"IL",NA,NA,NA,NA
"315","Hib",2018,31,0,"IL",NA,NA,NA,NA
"316","Hib",2018,32,0,"IL",NA,NA,NA,NA
"317","Hib",2018,33,0,"IL",NA,NA,NA,NA
"318","Hib",2018,34,0,"IL",NA,NA,NA,NA
"319","Hib",2018,35,0,"IL",NA,NA,NA,NA
"320","Hib",2018,36,0,"IL",NA,NA,NA,NA
"321","Hib",2018,37,0.0666666666666667,"IL",NA,NA,NA,NA
"322","Hib",2018,38,0,"IL",NA,NA,NA,NA
"323","Hib",2018,39,0,"IL",NA,NA,NA,NA
"324","Hib",2018,40,0.0666666666666667,"IL",NA,NA,NA,NA
"325","Hib",2018,41,0.0666666666666667,"IL",NA,NA,NA,NA
"326","Hib",2018,42,0,"IL",NA,NA,NA,NA
"327","Hib",2018,43,0,"IL",NA,NA,NA,NA
"328","Hib",2018,44,0,"IL",NA,NA,NA,NA
"329","Hib",2018,45,0,"IL",NA,NA,NA,NA
"330","Hib",2018,46,0,"IL",NA,NA,NA,NA
"331","Hib",2018,47,0,"IL",NA,NA,NA,NA
"332","Hib",2018,48,0,"IL",NA,NA,NA,NA
"333","Hib",2018,49,0,"IL",NA,NA,NA,NA
"334","Hib",2018,50,0,"IL",NA,NA,NA,NA
"335","Hib",2018,51,0,"IL",NA,NA,NA,NA
"336","Hib",2018,52,0,"IL",NA,NA,NA,NA
"337","Hib",2019,1,0,"IL",NA,NA,NA,NA
"338","Hib",2019,2,0,"IL",NA,NA,NA,NA
"339","Hib",2019,3,0,"IL",NA,NA,NA,NA
"340","Hib",2019,4,0.133333333333333,"IL",NA,NA,NA,NA
"341","Hib",2019,5,0,"IL",NA,NA,NA,NA
"342","Hib",2019,6,0,"IL",NA,NA,NA,NA
"343","Hib",2019,7,0,"IL",NA,NA,NA,NA
"344","Hib",2019,8,0.0666666666666667,"IL",NA,NA,NA,NA
"345","Hib",2019,9,0,"IL",NA,NA,NA,NA
"346","Hib",2019,10,0.0666666666666667,"IL",NA,NA,NA,NA
"347","Hib",2019,11,0.0666666666666667,"IL",NA,NA,NA,NA
"348","Hib",2019,12,0,"IL",NA,NA,NA,NA
"349","Hib",2020,10,0,"IL",NA,NA,NA,NA
