"","Disease","EpiYear","EpiWeek","Incidence","ADM0","ADM1","ADM2","NA","NA"
"1","Varicella",2012,23,3.6,"IL",NA,NA,NA,NA
"2","Varicella",2012,24,0.4,"IL",NA,NA,NA,NA
"3","Varicella",2012,25,1.86666666666667,"IL",NA,NA,NA,NA
"4","Varicella",2012,26,2.73333333333333,"IL",NA,NA,NA,NA
"5","Varicella",2012,27,2.53333333333333,"IL",NA,NA,NA,NA
"6","Varicella",2012,28,3.46666666666667,"IL",NA,NA,NA,NA
"7","Varicella",2012,29,3.8,"IL",NA,NA,NA,NA
"8","Varicella",2012,30,2.86666666666667,"IL",NA,NA,NA,NA
"9","Varicella",2012,31,2.73333333333333,"IL",NA,NA,NA,NA
"10","Varicella",2012,32,1.13333333333333,"IL",NA,NA,NA,NA
"11","Varicella",2012,33,1.4,"IL",NA,NA,NA,NA
"12","Varicella",2012,34,0.8,"IL",NA,NA,NA,NA
"13","Varicella",2012,35,0.8,"IL",NA,NA,NA,NA
"14","Varicella",2012,36,1.6,"IL",NA,NA,NA,NA
"15","Varicella",2012,37,2.53333333333333,"IL",NA,NA,NA,NA
"16","Varicella",2012,38,0.866666666666667,"IL",NA,NA,NA,NA
"17","Varicella",2012,39,0.866666666666667,"IL",NA,NA,NA,NA
"18","Varicella",2012,40,0.0666666666666667,"IL",NA,NA,NA,NA
"19","Varicella",2012,41,1.06666666666667,"IL",NA,NA,NA,NA
"20","Varicella",2012,42,2.6,"IL",NA,NA,NA,NA
"21","Varicella",2012,43,1,"IL",NA,NA,NA,NA
"22","Varicella",2012,44,2.06666666666667,"IL",NA,NA,NA,NA
"23","Varicella",2012,45,0.933333333333333,"IL",NA,NA,NA,NA
"24","Varicella",2012,46,1.6,"IL",NA,NA,NA,NA
"25","Varicella",2012,47,1.06666666666667,"IL",NA,NA,NA,NA
"26","Varicella",2012,48,4.46666666666667,"IL",NA,NA,NA,NA
"27","Varicella",2012,49,3.73333333333333,"IL",NA,NA,NA,NA
"28","Varicella",2012,50,2.53333333333333,"IL",NA,NA,NA,NA
"29","Varicella",2012,51,1.2,"IL",NA,NA,NA,NA
"30","Varicella",2012,52,2.93333333333333,"IL",NA,NA,NA,NA
"31","Varicella",2013,1,0.933333333333333,"IL",NA,NA,NA,NA
"32","Varicella",2013,2,2.8,"IL",NA,NA,NA,NA
"33","Varicella",2013,3,2.13333333333333,"IL",NA,NA,NA,NA
"34","Varicella",2013,5,2.33333333333333,"IL",NA,NA,NA,NA
"35","Varicella",2013,6,1.93333333333333,"IL",NA,NA,NA,NA
"36","Varicella",2013,7,1.46666666666667,"IL",NA,NA,NA,NA
"37","Varicella",2013,8,1.6,"IL",NA,NA,NA,NA
"38","Varicella",2013,9,1.4,"IL",NA,NA,NA,NA
"39","Varicella",2013,10,3.46666666666667,"IL",NA,NA,NA,NA
"40","Varicella",2013,11,1.53333333333333,"IL",NA,NA,NA,NA
"41","Varicella",2013,12,1.2,"IL",NA,NA,NA,NA
"42","Varicella",2013,13,0.333333333333333,"IL",NA,NA,NA,NA
"43","Varicella",2013,14,1.4,"IL",NA,NA,NA,NA
"44","Varicella",2013,15,2.06666666666667,"IL",NA,NA,NA,NA
"45","Varicella",2013,16,1.6,"IL",NA,NA,NA,NA
"46","Varicella",2013,17,4.06666666666667,"IL",NA,NA,NA,NA
"47","Varicella",2013,18,2.73333333333333,"IL",NA,NA,NA,NA
"48","Varicella",2013,19,1.86666666666667,"IL",NA,NA,NA,NA
"49","Varicella",2013,20,2.06666666666667,"IL",NA,NA,NA,NA
"50","Varicella",2013,21,4.33333333333333,"IL",NA,NA,NA,NA
"51","Varicella",2013,22,2.6,"IL",NA,NA,NA,NA
"52","Varicella",2013,23,2.06666666666667,"IL",NA,NA,NA,NA
"53","Varicella",2013,24,4.33333333333333,"IL",NA,NA,NA,NA
"54","Varicella",2013,25,3.2,"IL",NA,NA,NA,NA
"55","Varicella",2013,26,5.4,"IL",NA,NA,NA,NA
"56","Varicella",2013,27,1.73333333333333,"IL",NA,NA,NA,NA
"57","Varicella",2013,28,4.46666666666667,"IL",NA,NA,NA,NA
"58","Varicella",2013,29,1.86666666666667,"IL",NA,NA,NA,NA
"59","Varicella",2013,30,2.33333333333333,"IL",NA,NA,NA,NA
"60","Varicella",2013,31,2.53333333333333,"IL",NA,NA,NA,NA
"61","Varicella",2013,33,2.26666666666667,"IL",NA,NA,NA,NA
"62","Varicella",2013,34,0.133333333333333,"IL",NA,NA,NA,NA
"63","Varicella",2013,35,1,"IL",NA,NA,NA,NA
"64","Varicella",2013,36,0.2,"IL",NA,NA,NA,NA
"65","Varicella",2013,37,1.53333333333333,"IL",NA,NA,NA,NA
"66","Varicella",2013,38,0.866666666666667,"IL",NA,NA,NA,NA
"67","Varicella",2013,40,0.733333333333333,"IL",NA,NA,NA,NA
"68","Varicella",2013,41,2.8,"IL",NA,NA,NA,NA
"69","Varicella",2013,42,1.8,"IL",NA,NA,NA,NA
"70","Varicella",2013,43,0.666666666666667,"IL",NA,NA,NA,NA
"71","Varicella",2013,44,0.6,"IL",NA,NA,NA,NA
"72","Varicella",2013,45,0.866666666666667,"IL",NA,NA,NA,NA
"73","Varicella",2013,46,1.26666666666667,"IL",NA,NA,NA,NA
"74","Varicella",2013,47,1,"IL",NA,NA,NA,NA
"75","Varicella",2013,48,0.866666666666667,"IL",NA,NA,NA,NA
"76","Varicella",2013,49,1.8,"IL",NA,NA,NA,NA
"77","Varicella",2013,50,3,"IL",NA,NA,NA,NA
"78","Varicella",2013,51,1.4,"IL",NA,NA,NA,NA
"79","Varicella",2013,52,1.53333333333333,"IL",NA,NA,NA,NA
"80","Varicella",2014,1,4.2,"IL",NA,NA,NA,NA
"81","Varicella",2014,2,2.4,"IL",NA,NA,NA,NA
"82","Varicella",2014,3,2.4,"IL",NA,NA,NA,NA
"83","Varicella",2014,5,2.93333333333333,"IL",NA,NA,NA,NA
"84","Varicella",2014,6,3.13333333333333,"IL",NA,NA,NA,NA
"85","Varicella",2014,7,3.2,"IL",NA,NA,NA,NA
"86","Varicella",2014,8,0.866666666666667,"IL",NA,NA,NA,NA
"87","Varicella",2014,9,4.26666666666667,"IL",NA,NA,NA,NA
"88","Varicella",2014,10,3.13333333333333,"IL",NA,NA,NA,NA
"89","Varicella",2014,11,0,"IL",NA,NA,NA,NA
"90","Varicella",2014,12,1.66666666666667,"IL",NA,NA,NA,NA
"91","Varicella",2014,13,4.2,"IL",NA,NA,NA,NA
"92","Varicella",2014,14,2.53333333333333,"IL",NA,NA,NA,NA
"93","Varicella",2014,16,1.26666666666667,"IL",NA,NA,NA,NA
"94","Varicella",2014,17,0.6,"IL",NA,NA,NA,NA
"95","Varicella",2014,18,0.933333333333333,"IL",NA,NA,NA,NA
"96","Varicella",2014,19,0.933333333333333,"IL",NA,NA,NA,NA
"97","Varicella",2014,20,2.86666666666667,"IL",NA,NA,NA,NA
"98","Varicella",2014,21,3.26666666666667,"IL",NA,NA,NA,NA
"99","Varicella",2014,22,4.4,"IL",NA,NA,NA,NA
"100","Varicella",2014,23,3.4,"IL",NA,NA,NA,NA
"101","Varicella",2014,24,3,"IL",NA,NA,NA,NA
"102","Varicella",2014,25,1.66666666666667,"IL",NA,NA,NA,NA
"103","Varicella",2014,26,1.86666666666667,"IL",NA,NA,NA,NA
"104","Varicella",2014,27,1.33333333333333,"IL",NA,NA,NA,NA
"105","Varicella",2014,28,3.06666666666667,"IL",NA,NA,NA,NA
"106","Varicella",2014,29,3.46666666666667,"IL",NA,NA,NA,NA
"107","Varicella",2014,30,1.06666666666667,"IL",NA,NA,NA,NA
"108","Varicella",2014,31,1.46666666666667,"IL",NA,NA,NA,NA
"109","Varicella",2014,32,0.933333333333333,"IL",NA,NA,NA,NA
"110","Varicella",2014,33,1.86666666666667,"IL",NA,NA,NA,NA
"111","Varicella",2014,34,1.53333333333333,"IL",NA,NA,NA,NA
"112","Varicella",2014,35,1.06666666666667,"IL",NA,NA,NA,NA
"113","Varicella",2014,36,0.533333333333333,"IL",NA,NA,NA,NA
"114","Varicella",2014,37,0.4,"IL",NA,NA,NA,NA
"115","Varicella",2014,38,0.533333333333333,"IL",NA,NA,NA,NA
"116","Varicella",2014,39,0.533333333333333,"IL",NA,NA,NA,NA
"117","Varicella",2014,40,0.4,"IL",NA,NA,NA,NA
"118","Varicella",2014,41,0.933333333333333,"IL",NA,NA,NA,NA
"119","Varicella",2014,42,0,"IL",NA,NA,NA,NA
"120","Varicella",2014,43,1.53333333333333,"IL",NA,NA,NA,NA
"121","Varicella",2014,44,2,"IL",NA,NA,NA,NA
"122","Varicella",2014,45,1.6,"IL",NA,NA,NA,NA
"123","Varicella",2014,46,2.06666666666667,"IL",NA,NA,NA,NA
"124","Varicella",2014,47,1.46666666666667,"IL",NA,NA,NA,NA
"125","Varicella",2014,48,0.466666666666667,"IL",NA,NA,NA,NA
"126","Varicella",2014,49,0.8,"IL",NA,NA,NA,NA
"127","Varicella",2014,50,0.8,"IL",NA,NA,NA,NA
"128","Varicella",2014,51,1.6,"IL",NA,NA,NA,NA
"129","Varicella",2014,52,0.666666666666667,"IL",NA,NA,NA,NA
"130","Varicella",2014,53,4.06666666666667,"IL",NA,NA,NA,NA
"131","Varicella",2015,1,1.4,"IL",NA,NA,NA,NA
"132","Varicella",2015,2,0.666666666666667,"IL",NA,NA,NA,NA
"133","Varicella",2015,3,3.86666666666667,"IL",NA,NA,NA,NA
"134","Varicella",2015,5,1.66666666666667,"IL",NA,NA,NA,NA
"135","Varicella",2015,6,1.46666666666667,"IL",NA,NA,NA,NA
"136","Varicella",2015,7,0.8,"IL",NA,NA,NA,NA
"137","Varicella",2015,8,1.06666666666667,"IL",NA,NA,NA,NA
"138","Varicella",2015,9,1.46666666666667,"IL",NA,NA,NA,NA
"139","Varicella",2015,10,4.6,"IL",NA,NA,NA,NA
"140","Varicella",2015,11,1.66666666666667,"IL",NA,NA,NA,NA
"141","Varicella",2015,12,1.26666666666667,"IL",NA,NA,NA,NA
"142","Varicella",2015,13,1.73333333333333,"IL",NA,NA,NA,NA
"143","Varicella",2015,15,3.06666666666667,"IL",NA,NA,NA,NA
"144","Varicella",2015,16,0.533333333333333,"IL",NA,NA,NA,NA
"145","Varicella",2015,17,3.2,"IL",NA,NA,NA,NA
"146","Varicella",2015,18,2,"IL",NA,NA,NA,NA
"147","Varicella",2015,19,1.73333333333333,"IL",NA,NA,NA,NA
"148","Varicella",2015,20,3.53333333333333,"IL",NA,NA,NA,NA
"149","Varicella",2015,21,2.73333333333333,"IL",NA,NA,NA,NA
"150","Varicella",2015,22,2.26666666666667,"IL",NA,NA,NA,NA
"151","Varicella",2015,23,2.33333333333333,"IL",NA,NA,NA,NA
"152","Varicella",2015,24,3.4,"IL",NA,NA,NA,NA
"153","Varicella",2015,25,4.66666666666667,"IL",NA,NA,NA,NA
"154","Varicella",2015,26,2.6,"IL",NA,NA,NA,NA
"155","Varicella",2015,27,1.93333333333333,"IL",NA,NA,NA,NA
"156","Varicella",2015,28,4.66666666666667,"IL",NA,NA,NA,NA
"157","Varicella",2015,29,4.73333333333333,"IL",NA,NA,NA,NA
"158","Varicella",2015,30,2.13333333333333,"IL",NA,NA,NA,NA
"159","Varicella",2015,31,3.33333333333333,"IL",NA,NA,NA,NA
"160","Varicella",2015,32,1.6,"IL",NA,NA,NA,NA
"161","Varicella",2015,33,1.06666666666667,"IL",NA,NA,NA,NA
"162","Varicella",2015,34,1.26666666666667,"IL",NA,NA,NA,NA
"163","Varicella",2015,35,1.2,"IL",NA,NA,NA,NA
"164","Varicella",2015,36,1.2,"IL",NA,NA,NA,NA
"165","Varicella",2015,37,0.4,"IL",NA,NA,NA,NA
"166","Varicella",2015,38,0.933333333333333,"IL",NA,NA,NA,NA
"167","Varicella",2015,39,0,"IL",NA,NA,NA,NA
"168","Varicella",2015,40,0.733333333333333,"IL",NA,NA,NA,NA
"169","Varicella",2015,41,0.866666666666667,"IL",NA,NA,NA,NA
"170","Varicella",2015,42,0.8,"IL",NA,NA,NA,NA
"171","Varicella",2015,43,2.66666666666667,"IL",NA,NA,NA,NA
"172","Varicella",2015,44,1.06666666666667,"IL",NA,NA,NA,NA
"173","Varicella",2015,45,3.66666666666667,"IL",NA,NA,NA,NA
"174","Varicella",2015,46,4.53333333333333,"IL",NA,NA,NA,NA
"175","Varicella",2015,47,2.93333333333333,"IL",NA,NA,NA,NA
"176","Varicella",2015,48,6.2,"IL",NA,NA,NA,NA
"177","Varicella",2015,49,0.866666666666667,"IL",NA,NA,NA,NA
"178","Varicella",2015,50,0.866666666666667,"IL",NA,NA,NA,NA
"179","Varicella",2015,51,2.33333333333333,"IL",NA,NA,NA,NA
"180","Varicella",2015,52,1.46666666666667,"IL",NA,NA,NA,NA
"181","Varicella",2016,1,6.73333333333333,"IL",NA,NA,NA,NA
"182","Varicella",2016,2,2.73333333333333,"IL",NA,NA,NA,NA
"183","Varicella",2016,3,1.53333333333333,"IL",NA,NA,NA,NA
"184","Varicella",2016,4,1.8,"IL",NA,NA,NA,NA
"185","Varicella",2016,5,1.33333333333333,"IL",NA,NA,NA,NA
"186","Varicella",2016,6,0.866666666666667,"IL",NA,NA,NA,NA
"187","Varicella",2016,7,2.66666666666667,"IL",NA,NA,NA,NA
"188","Varicella",2016,8,0.533333333333333,"IL",NA,NA,NA,NA
"189","Varicella",2016,9,2.6,"IL",NA,NA,NA,NA
"190","Varicella",2016,10,1.6,"IL",NA,NA,NA,NA
"191","Varicella",2016,11,4.6,"IL",NA,NA,NA,NA
"192","Varicella",2016,12,0.266666666666667,"IL",NA,NA,NA,NA
"193","Varicella",2016,13,5.33333333333333,"IL",NA,NA,NA,NA
"194","Varicella",2016,14,4.73333333333333,"IL",NA,NA,NA,NA
"195","Varicella",2016,15,5.73333333333333,"IL",NA,NA,NA,NA
"196","Varicella",2016,16,2.26666666666667,"IL",NA,NA,NA,NA
"197","Varicella",2016,17,0,"IL",NA,NA,NA,NA
"198","Varicella",2016,18,2.53333333333333,"IL",NA,NA,NA,NA
"199","Varicella",2016,19,5.4,"IL",NA,NA,NA,NA
"200","Varicella",2016,20,3.4,"IL",NA,NA,NA,NA
"201","Varicella",2016,21,7.46666666666667,"IL",NA,NA,NA,NA
"202","Varicella",2016,22,5.2,"IL",NA,NA,NA,NA
"203","Varicella",2016,23,6.33333333333333,"IL",NA,NA,NA,NA
"204","Varicella",2016,24,4.53333333333333,"IL",NA,NA,NA,NA
"205","Varicella",2016,25,5.46666666666667,"IL",NA,NA,NA,NA
"206","Varicella",2016,26,6.4,"IL",NA,NA,NA,NA
"207","Varicella",2016,27,4.4,"IL",NA,NA,NA,NA
"208","Varicella",2016,28,4.93333333333333,"IL",NA,NA,NA,NA
"209","Varicella",2016,29,11,"IL",NA,NA,NA,NA
"210","Varicella",2016,30,4.13333333333333,"IL",NA,NA,NA,NA
"211","Varicella",2016,31,4.6,"IL",NA,NA,NA,NA
"212","Varicella",2016,32,1.93333333333333,"IL",NA,NA,NA,NA
"213","Varicella",2016,33,3.33333333333333,"IL",NA,NA,NA,NA
"214","Varicella",2016,34,0.266666666666667,"IL",NA,NA,NA,NA
"215","Varicella",2016,35,6.06666666666667,"IL",NA,NA,NA,NA
"216","Varicella",2016,36,0.666666666666667,"IL",NA,NA,NA,NA
"217","Varicella",2016,37,6.2,"IL",NA,NA,NA,NA
"218","Varicella",2016,38,3,"IL",NA,NA,NA,NA
"219","Varicella",2016,39,1.06666666666667,"IL",NA,NA,NA,NA
"220","Varicella",2016,40,0.133333333333333,"IL",NA,NA,NA,NA
"221","Varicella",2016,41,1.6,"IL",NA,NA,NA,NA
"222","Varicella",2016,42,0,"IL",NA,NA,NA,NA
"223","Varicella",2016,43,0.2,"IL",NA,NA,NA,NA
"224","Varicella",2016,44,4.46666666666667,"IL",NA,NA,NA,NA
"225","Varicella",2016,45,3.46666666666667,"IL",NA,NA,NA,NA
"226","Varicella",2016,46,1,"IL",NA,NA,NA,NA
"227","Varicella",2016,47,1.53333333333333,"IL",NA,NA,NA,NA
"228","Varicella",2016,48,2.86666666666667,"IL",NA,NA,NA,NA
"229","Varicella",2016,49,1.53333333333333,"IL",NA,NA,NA,NA
"230","Varicella",2016,50,1.93333333333333,"IL",NA,NA,NA,NA
"231","Varicella",2016,51,3.4,"IL",NA,NA,NA,NA
"232","Varicella",2016,52,1.46666666666667,"IL",NA,NA,NA,NA
"233","Varicella",2017,1,1.73333333333333,"IL",NA,NA,NA,NA
"234","Varicella",2017,2,6.26666666666667,"IL",NA,NA,NA,NA
"235","Varicella",2017,3,3.06666666666667,"IL",NA,NA,NA,NA
"236","Varicella",2017,4,3.66666666666667,"IL",NA,NA,NA,NA
"237","Varicella",2017,5,2.2,"IL",NA,NA,NA,NA
"238","Varicella",2017,6,3.33333333333333,"IL",NA,NA,NA,NA
"239","Varicella",2017,7,2.93333333333333,"IL",NA,NA,NA,NA
"240","Varicella",2017,8,7,"IL",NA,NA,NA,NA
"241","Varicella",2017,9,2.6,"IL",NA,NA,NA,NA
"242","Varicella",2017,10,2.93333333333333,"IL",NA,NA,NA,NA
"243","Varicella",2017,11,2.4,"IL",NA,NA,NA,NA
"244","Varicella",2017,12,3.2,"IL",NA,NA,NA,NA
"245","Varicella",2017,13,2.2,"IL",NA,NA,NA,NA
"246","Varicella",2017,14,3.66666666666667,"IL",NA,NA,NA,NA
"247","Varicella",2017,15,1.33333333333333,"IL",NA,NA,NA,NA
"248","Varicella",2017,16,2.4,"IL",NA,NA,NA,NA
"249","Varicella",2017,17,6,"IL",NA,NA,NA,NA
"250","Varicella",2017,18,5.66666666666667,"IL",NA,NA,NA,NA
"251","Varicella",2017,19,6.53333333333333,"IL",NA,NA,NA,NA
"252","Varicella",2017,20,6.13333333333333,"IL",NA,NA,NA,NA
"253","Varicella",2017,21,3.2,"IL",NA,NA,NA,NA
"254","Varicella",2017,22,1.46666666666667,"IL",NA,NA,NA,NA
"255","Varicella",2017,23,3.2,"IL",NA,NA,NA,NA
"256","Varicella",2017,24,4.06666666666667,"IL",NA,NA,NA,NA
"257","Varicella",2017,25,3.33333333333333,"IL",NA,NA,NA,NA
"258","Varicella",2017,26,3.06666666666667,"IL",NA,NA,NA,NA
"259","Varicella",2017,27,6.66666666666667,"IL",NA,NA,NA,NA
"260","Varicella",2017,28,4.33333333333333,"IL",NA,NA,NA,NA
"261","Varicella",2017,29,12.0666666666667,"IL",NA,NA,NA,NA
"262","Varicella",2017,30,5.73333333333333,"IL",NA,NA,NA,NA
"263","Varicella",2017,31,3.66666666666667,"IL",NA,NA,NA,NA
"264","Varicella",2017,32,4.8,"IL",NA,NA,NA,NA
"265","Varicella",2017,33,2.66666666666667,"IL",NA,NA,NA,NA
"266","Varicella",2017,34,0.866666666666667,"IL",NA,NA,NA,NA
"267","Varicella",2017,35,0.133333333333333,"IL",NA,NA,NA,NA
"268","Varicella",2017,36,1.53333333333333,"IL",NA,NA,NA,NA
"269","Varicella",2017,37,3.06666666666667,"IL",NA,NA,NA,NA
"270","Varicella",2017,38,1,"IL",NA,NA,NA,NA
"271","Varicella",2017,39,1.93333333333333,"IL",NA,NA,NA,NA
"272","Varicella",2017,40,0.0666666666666667,"IL",NA,NA,NA,NA
"273","Varicella",2017,41,0,"IL",NA,NA,NA,NA
"274","Varicella",2017,42,1.46666666666667,"IL",NA,NA,NA,NA
"275","Varicella",2017,43,4.06666666666667,"IL",NA,NA,NA,NA
"276","Varicella",2017,44,1.33333333333333,"IL",NA,NA,NA,NA
"277","Varicella",2017,45,0.8,"IL",NA,NA,NA,NA
"278","Varicella",2017,46,0,"IL",NA,NA,NA,NA
"279","Varicella",2017,47,1.33333333333333,"IL",NA,NA,NA,NA
"280","Varicella",2017,48,1.13333333333333,"IL",NA,NA,NA,NA
"281","Varicella",2017,49,1.2,"IL",NA,NA,NA,NA
"282","Varicella",2017,50,3.2,"IL",NA,NA,NA,NA
"283","Varicella",2017,51,3.6,"IL",NA,NA,NA,NA
"284","Varicella",2017,52,2.93333333333333,"IL",NA,NA,NA,NA
"285","Varicella",2018,1,2.53333333333333,"IL",NA,NA,NA,NA
"286","Varicella",2018,2,3.86666666666667,"IL",NA,NA,NA,NA
"287","Varicella",2018,3,1.73333333333333,"IL",NA,NA,NA,NA
"288","Varicella",2018,4,4.06666666666667,"IL",NA,NA,NA,NA
"289","Varicella",2018,5,0.933333333333333,"IL",NA,NA,NA,NA
"290","Varicella",2018,6,3.8,"IL",NA,NA,NA,NA
"291","Varicella",2018,7,1.8,"IL",NA,NA,NA,NA
"292","Varicella",2018,8,6.53333333333333,"IL",NA,NA,NA,NA
"293","Varicella",2018,9,1,"IL",NA,NA,NA,NA
"294","Varicella",2018,10,1.93333333333333,"IL",NA,NA,NA,NA
"295","Varicella",2018,11,1.4,"IL",NA,NA,NA,NA
"296","Varicella",2018,12,0.533333333333333,"IL",NA,NA,NA,NA
"297","Varicella",2018,13,1.2,"IL",NA,NA,NA,NA
"298","Varicella",2018,14,0.2,"IL",NA,NA,NA,NA
"299","Varicella",2018,15,2,"IL",NA,NA,NA,NA
"300","Varicella",2018,16,0.666666666666667,"IL",NA,NA,NA,NA
"301","Varicella",2018,17,4.33333333333333,"IL",NA,NA,NA,NA
"302","Varicella",2018,18,1.46666666666667,"IL",NA,NA,NA,NA
"303","Varicella",2018,19,6.33333333333333,"IL",NA,NA,NA,NA
"304","Varicella",2018,20,6.26666666666667,"IL",NA,NA,NA,NA
"305","Varicella",2018,21,1.8,"IL",NA,NA,NA,NA
"306","Varicella",2018,22,2.06666666666667,"IL",NA,NA,NA,NA
"307","Varicella",2018,23,2.8,"IL",NA,NA,NA,NA
"308","Varicella",2018,24,5.8,"IL",NA,NA,NA,NA
"309","Varicella",2018,25,5,"IL",NA,NA,NA,NA
"310","Varicella",2018,26,2.13333333333333,"IL",NA,NA,NA,NA
"311","Varicella",2018,27,2.93333333333333,"IL",NA,NA,NA,NA
"312","Varicella",2018,28,4.06666666666667,"IL",NA,NA,NA,NA
"313","Varicella",2018,29,2.4,"IL",NA,NA,NA,NA
"314","Varicella",2018,30,2.8,"IL",NA,NA,NA,NA
"315","Varicella",2018,31,2.73333333333333,"IL",NA,NA,NA,NA
"316","Varicella",2018,32,6.6,"IL",NA,NA,NA,NA
"317","Varicella",2018,33,1.53333333333333,"IL",NA,NA,NA,NA
"318","Varicella",2018,34,2.4,"IL",NA,NA,NA,NA
"319","Varicella",2018,35,0.0666666666666667,"IL",NA,NA,NA,NA
"320","Varicella",2018,36,0.666666666666667,"IL",NA,NA,NA,NA
"321","Varicella",2018,37,1.2,"IL",NA,NA,NA,NA
"322","Varicella",2018,38,0.466666666666667,"IL",NA,NA,NA,NA
"323","Varicella",2018,39,0.133333333333333,"IL",NA,NA,NA,NA
"324","Varicella",2018,40,0.733333333333333,"IL",NA,NA,NA,NA
"325","Varicella",2018,41,0.8,"IL",NA,NA,NA,NA
"326","Varicella",2018,42,0.533333333333333,"IL",NA,NA,NA,NA
"327","Varicella",2018,43,0,"IL",NA,NA,NA,NA
"328","Varicella",2018,44,3.06666666666667,"IL",NA,NA,NA,NA
"329","Varicella",2018,45,2.06666666666667,"IL",NA,NA,NA,NA
"330","Varicella",2018,46,6.6,"IL",NA,NA,NA,NA
"331","Varicella",2018,47,3.46666666666667,"IL",NA,NA,NA,NA
"332","Varicella",2018,48,1.93333333333333,"IL",NA,NA,NA,NA
"333","Varicella",2018,49,2.86666666666667,"IL",NA,NA,NA,NA
"334","Varicella",2018,50,0.2,"IL",NA,NA,NA,NA
"335","Varicella",2018,51,2.73333333333333,"IL",NA,NA,NA,NA
"336","Varicella",2018,52,1,"IL",NA,NA,NA,NA
"337","Varicella",2019,1,0.733333333333333,"IL",NA,NA,NA,NA
"338","Varicella",2019,2,7.66666666666667,"IL",NA,NA,NA,NA
"339","Varicella",2019,3,0.8,"IL",NA,NA,NA,NA
"340","Varicella",2019,4,1.73333333333333,"IL",NA,NA,NA,NA
"341","Varicella",2019,5,1.13333333333333,"IL",NA,NA,NA,NA
"342","Varicella",2019,6,0.133333333333333,"IL",NA,NA,NA,NA
"343","Varicella",2019,7,0.666666666666667,"IL",NA,NA,NA,NA
"344","Varicella",2019,8,1.6,"IL",NA,NA,NA,NA
"345","Varicella",2019,9,0.266666666666667,"IL",NA,NA,NA,NA
"346","Varicella",2019,10,2.86666666666667,"IL",NA,NA,NA,NA
"347","Varicella",2019,11,1.06666666666667,"IL",NA,NA,NA,NA
"348","Varicella",2019,12,1.53333333333333,"IL",NA,NA,NA,NA
"349","Varicella",2020,10,1.2,"IL",NA,NA,NA,NA
