"","Disease","EpiYear","EpiWeek","Incidence","ADM0","ADM1","ADM2","NA","NA"
"1","Measles",2012,23,1,"IL",NA,NA,NA,NA
"2","Measles",2012,24,0.8,"IL",NA,NA,NA,NA
"3","Measles",2012,25,0.733333333333333,"IL",NA,NA,NA,NA
"4","Measles",2012,26,1.2,"IL",NA,NA,NA,NA
"5","Measles",2012,27,0.8,"IL",NA,NA,NA,NA
"6","Measles",2012,28,0.4,"IL",NA,NA,NA,NA
"7","Measles",2012,29,0.333333333333333,"IL",NA,NA,NA,NA
"8","Measles",2012,30,0.333333333333333,"IL",NA,NA,NA,NA
"9","Measles",2012,31,1,"IL",NA,NA,NA,NA
"10","Measles",2012,32,0.266666666666667,"IL",NA,NA,NA,NA
"11","Measles",2012,33,0.0666666666666667,"IL",NA,NA,NA,NA
"12","Measles",2012,34,0,"IL",NA,NA,NA,NA
"13","Measles",2012,35,0,"IL",NA,NA,NA,NA
"14","Measles",2012,36,0.133333333333333,"IL",NA,NA,NA,NA
"15","Measles",2012,37,0.133333333333333,"IL",NA,NA,NA,NA
"16","Measles",2012,38,0,"IL",NA,NA,NA,NA
"17","Measles",2012,39,0,"IL",NA,NA,NA,NA
"18","Measles",2012,40,0,"IL",NA,NA,NA,NA
"19","Measles",2012,41,0,"IL",NA,NA,NA,NA
"20","Measles",2012,42,0.0666666666666667,"IL",NA,NA,NA,NA
"21","Measles",2012,43,0.0666666666666667,"IL",NA,NA,NA,NA
"22","Measles",2012,44,0,"IL",NA,NA,NA,NA
"23","Measles",2012,45,0,"IL",NA,NA,NA,NA
"24","Measles",2012,46,0,"IL",NA,NA,NA,NA
"25","Measles",2012,47,0,"IL",NA,NA,NA,NA
"26","Measles",2012,48,0,"IL",NA,NA,NA,NA
"27","Measles",2012,49,0,"IL",NA,NA,NA,NA
"28","Measles",2012,50,0,"IL",NA,NA,NA,NA
"29","Measles",2012,51,0,"IL",NA,NA,NA,NA
"30","Measles",2012,52,0,"IL",NA,NA,NA,NA
"31","Measles",2013,1,0,"IL",NA,NA,NA,NA
"32","Measles",2013,2,0,"IL",NA,NA,NA,NA
"33","Measles",2013,3,0,"IL",NA,NA,NA,NA
"34","Measles",2013,5,0.0666666666666667,"IL",NA,NA,NA,NA
"35","Measles",2013,6,0,"IL",NA,NA,NA,NA
"36","Measles",2013,7,0.0666666666666667,"IL",NA,NA,NA,NA
"37","Measles",2013,8,0.2,"IL",NA,NA,NA,NA
"38","Measles",2013,9,0.466666666666667,"IL",NA,NA,NA,NA
"39","Measles",2013,10,0.266666666666667,"IL",NA,NA,NA,NA
"40","Measles",2013,11,0.266666666666667,"IL",NA,NA,NA,NA
"41","Measles",2013,12,0.466666666666667,"IL",NA,NA,NA,NA
"42","Measles",2013,13,0.0666666666666667,"IL",NA,NA,NA,NA
"43","Measles",2013,14,0.266666666666667,"IL",NA,NA,NA,NA
"44","Measles",2013,15,0.4,"IL",NA,NA,NA,NA
"45","Measles",2013,16,0.133333333333333,"IL",NA,NA,NA,NA
"46","Measles",2013,17,0.266666666666667,"IL",NA,NA,NA,NA
"47","Measles",2013,18,0,"IL",NA,NA,NA,NA
"48","Measles",2013,19,0.0666666666666667,"IL",NA,NA,NA,NA
"49","Measles",2013,20,0,"IL",NA,NA,NA,NA
"50","Measles",2013,21,0,"IL",NA,NA,NA,NA
"51","Measles",2013,22,0,"IL",NA,NA,NA,NA
"52","Measles",2013,23,0.0666666666666667,"IL",NA,NA,NA,NA
"53","Measles",2013,24,0.0666666666666667,"IL",NA,NA,NA,NA
"54","Measles",2013,25,0,"IL",NA,NA,NA,NA
"55","Measles",2013,26,0,"IL",NA,NA,NA,NA
"56","Measles",2013,27,0,"IL",NA,NA,NA,NA
"57","Measles",2013,28,0,"IL",NA,NA,NA,NA
"58","Measles",2013,29,0,"IL",NA,NA,NA,NA
"59","Measles",2013,30,0,"IL",NA,NA,NA,NA
"60","Measles",2013,31,0,"IL",NA,NA,NA,NA
"61","Measles",2013,33,0,"IL",NA,NA,NA,NA
"62","Measles",2013,34,0,"IL",NA,NA,NA,NA
"63","Measles",2013,35,0,"IL",NA,NA,NA,NA
"64","Measles",2013,36,0.0666666666666667,"IL",NA,NA,NA,NA
"65","Measles",2013,37,0,"IL",NA,NA,NA,NA
"66","Measles",2013,38,0.0666666666666667,"IL",NA,NA,NA,NA
"67","Measles",2013,40,0.133333333333333,"IL",NA,NA,NA,NA
"68","Measles",2013,41,0,"IL",NA,NA,NA,NA
"69","Measles",2013,42,0,"IL",NA,NA,NA,NA
"70","Measles",2013,43,0,"IL",NA,NA,NA,NA
"71","Measles",2013,44,0,"IL",NA,NA,NA,NA
"72","Measles",2013,45,0,"IL",NA,NA,NA,NA
"73","Measles",2013,46,0,"IL",NA,NA,NA,NA
"74","Measles",2013,47,0,"IL",NA,NA,NA,NA
"75","Measles",2013,48,0,"IL",NA,NA,NA,NA
"76","Measles",2013,49,0,"IL",NA,NA,NA,NA
"77","Measles",2013,50,0,"IL",NA,NA,NA,NA
"78","Measles",2013,51,0,"IL",NA,NA,NA,NA
"79","Measles",2013,52,0,"IL",NA,NA,NA,NA
"80","Measles",2014,1,0,"IL",NA,NA,NA,NA
"81","Measles",2014,2,0,"IL",NA,NA,NA,NA
"82","Measles",2014,3,0,"IL",NA,NA,NA,NA
"83","Measles",2014,5,0,"IL",NA,NA,NA,NA
"84","Measles",2014,6,0,"IL",NA,NA,NA,NA
"85","Measles",2014,7,0,"IL",NA,NA,NA,NA
"86","Measles",2014,8,0,"IL",NA,NA,NA,NA
"87","Measles",2014,9,0,"IL",NA,NA,NA,NA
"88","Measles",2014,10,0,"IL",NA,NA,NA,NA
"89","Measles",2014,11,0,"IL",NA,NA,NA,NA
"90","Measles",2014,12,0,"IL",NA,NA,NA,NA
"91","Measles",2014,13,0,"IL",NA,NA,NA,NA
"92","Measles",2014,14,0,"IL",NA,NA,NA,NA
"93","Measles",2014,16,0,"IL",NA,NA,NA,NA
"94","Measles",2014,17,0,"IL",NA,NA,NA,NA
"95","Measles",2014,18,0,"IL",NA,NA,NA,NA
"96","Measles",2014,19,0,"IL",NA,NA,NA,NA
"97","Measles",2014,20,0,"IL",NA,NA,NA,NA
"98","Measles",2014,21,0,"IL",NA,NA,NA,NA
"99","Measles",2014,22,0,"IL",NA,NA,NA,NA
"100","Measles",2014,23,0,"IL",NA,NA,NA,NA
"101","Measles",2014,24,0,"IL",NA,NA,NA,NA
"102","Measles",2014,25,0,"IL",NA,NA,NA,NA
"103","Measles",2014,26,0,"IL",NA,NA,NA,NA
"104","Measles",2014,27,0.0666666666666667,"IL",NA,NA,NA,NA
"105","Measles",2014,28,0,"IL",NA,NA,NA,NA
"106","Measles",2014,29,0,"IL",NA,NA,NA,NA
"107","Measles",2014,30,0,"IL",NA,NA,NA,NA
"108","Measles",2014,31,0,"IL",NA,NA,NA,NA
"109","Measles",2014,32,0,"IL",NA,NA,NA,NA
"110","Measles",2014,33,0,"IL",NA,NA,NA,NA
"111","Measles",2014,34,0,"IL",NA,NA,NA,NA
"112","Measles",2014,35,0,"IL",NA,NA,NA,NA
"113","Measles",2014,36,0,"IL",NA,NA,NA,NA
"114","Measles",2014,37,0,"IL",NA,NA,NA,NA
"115","Measles",2014,38,0,"IL",NA,NA,NA,NA
"116","Measles",2014,39,0.133333333333333,"IL",NA,NA,NA,NA
"117","Measles",2014,40,0,"IL",NA,NA,NA,NA
"118","Measles",2014,41,0,"IL",NA,NA,NA,NA
"119","Measles",2014,42,0,"IL",NA,NA,NA,NA
"120","Measles",2014,43,0,"IL",NA,NA,NA,NA
"121","Measles",2014,44,0,"IL",NA,NA,NA,NA
"122","Measles",2014,45,0,"IL",NA,NA,NA,NA
"123","Measles",2014,46,0,"IL",NA,NA,NA,NA
"124","Measles",2014,47,0,"IL",NA,NA,NA,NA
"125","Measles",2014,48,0.133333333333333,"IL",NA,NA,NA,NA
"126","Measles",2014,49,0,"IL",NA,NA,NA,NA
"127","Measles",2014,50,0,"IL",NA,NA,NA,NA
"128","Measles",2014,51,0.0666666666666667,"IL",NA,NA,NA,NA
"129","Measles",2014,52,0,"IL",NA,NA,NA,NA
"130","Measles",2014,53,0,"IL",NA,NA,NA,NA
"131","Measles",2015,1,0,"IL",NA,NA,NA,NA
"132","Measles",2015,2,0,"IL",NA,NA,NA,NA
"133","Measles",2015,3,0.0666666666666667,"IL",NA,NA,NA,NA
"134","Measles",2015,5,0.133333333333333,"IL",NA,NA,NA,NA
"135","Measles",2015,6,0,"IL",NA,NA,NA,NA
"136","Measles",2015,7,0.0666666666666667,"IL",NA,NA,NA,NA
"137","Measles",2015,8,0,"IL",NA,NA,NA,NA
"138","Measles",2015,9,0.2,"IL",NA,NA,NA,NA
"139","Measles",2015,10,0.0666666666666667,"IL",NA,NA,NA,NA
"140","Measles",2015,11,0.2,"IL",NA,NA,NA,NA
"141","Measles",2015,12,0.0666666666666667,"IL",NA,NA,NA,NA
"142","Measles",2015,13,0.0666666666666667,"IL",NA,NA,NA,NA
"143","Measles",2015,15,0.2,"IL",NA,NA,NA,NA
"144","Measles",2015,16,0,"IL",NA,NA,NA,NA
"145","Measles",2015,17,0.266666666666667,"IL",NA,NA,NA,NA
"146","Measles",2015,18,0.4,"IL",NA,NA,NA,NA
"147","Measles",2015,19,0.466666666666667,"IL",NA,NA,NA,NA
"148","Measles",2015,20,0.6,"IL",NA,NA,NA,NA
"149","Measles",2015,21,0.6,"IL",NA,NA,NA,NA
"150","Measles",2015,22,0.133333333333333,"IL",NA,NA,NA,NA
"151","Measles",2015,23,0.2,"IL",NA,NA,NA,NA
"152","Measles",2015,24,0.133333333333333,"IL",NA,NA,NA,NA
"153","Measles",2015,25,0.2,"IL",NA,NA,NA,NA
"154","Measles",2015,26,0.133333333333333,"IL",NA,NA,NA,NA
"155","Measles",2015,27,0.4,"IL",NA,NA,NA,NA
"156","Measles",2015,28,0.133333333333333,"IL",NA,NA,NA,NA
"157","Measles",2015,29,0.0666666666666667,"IL",NA,NA,NA,NA
"158","Measles",2015,30,0,"IL",NA,NA,NA,NA
"159","Measles",2015,31,0.2,"IL",NA,NA,NA,NA
"160","Measles",2015,32,0,"IL",NA,NA,NA,NA
"161","Measles",2015,33,0,"IL",NA,NA,NA,NA
"162","Measles",2015,34,0,"IL",NA,NA,NA,NA
"163","Measles",2015,35,0.0666666666666667,"IL",NA,NA,NA,NA
"164","Measles",2015,36,0.0666666666666667,"IL",NA,NA,NA,NA
"165","Measles",2015,37,0,"IL",NA,NA,NA,NA
"166","Measles",2015,38,0,"IL",NA,NA,NA,NA
"167","Measles",2015,39,0.133333333333333,"IL",NA,NA,NA,NA
"168","Measles",2015,40,0.0666666666666667,"IL",NA,NA,NA,NA
"169","Measles",2015,41,0,"IL",NA,NA,NA,NA
"170","Measles",2015,42,0,"IL",NA,NA,NA,NA
"171","Measles",2015,43,0,"IL",NA,NA,NA,NA
"172","Measles",2015,44,0,"IL",NA,NA,NA,NA
"173","Measles",2015,45,0,"IL",NA,NA,NA,NA
"174","Measles",2015,46,0,"IL",NA,NA,NA,NA
"175","Measles",2015,47,0,"IL",NA,NA,NA,NA
"176","Measles",2015,48,0,"IL",NA,NA,NA,NA
"177","Measles",2015,49,0,"IL",NA,NA,NA,NA
"178","Measles",2015,50,0,"IL",NA,NA,NA,NA
"179","Measles",2015,51,0,"IL",NA,NA,NA,NA
"180","Measles",2015,52,0,"IL",NA,NA,NA,NA
"181","Measles",2016,1,0,"IL",NA,NA,NA,NA
"182","Measles",2016,2,0,"IL",NA,NA,NA,NA
"183","Measles",2016,3,0,"IL",NA,NA,NA,NA
"184","Measles",2016,4,0,"IL",NA,NA,NA,NA
"185","Measles",2016,5,0,"IL",NA,NA,NA,NA
"186","Measles",2016,6,0,"IL",NA,NA,NA,NA
"187","Measles",2016,7,0,"IL",NA,NA,NA,NA
"188","Measles",2016,8,0,"IL",NA,NA,NA,NA
"189","Measles",2016,9,0.133333333333333,"IL",NA,NA,NA,NA
"190","Measles",2016,10,0,"IL",NA,NA,NA,NA
"191","Measles",2016,11,0,"IL",NA,NA,NA,NA
"192","Measles",2016,12,0.0666666666666667,"IL",NA,NA,NA,NA
"193","Measles",2016,13,0,"IL",NA,NA,NA,NA
"194","Measles",2016,14,0,"IL",NA,NA,NA,NA
"195","Measles",2016,15,0,"IL",NA,NA,NA,NA
"196","Measles",2016,16,0,"IL",NA,NA,NA,NA
"197","Measles",2016,17,0,"IL",NA,NA,NA,NA
"198","Measles",2016,18,0,"IL",NA,NA,NA,NA
"199","Measles",2016,19,0,"IL",NA,NA,NA,NA
"200","Measles",2016,20,0,"IL",NA,NA,NA,NA
"201","Measles",2016,21,0,"IL",NA,NA,NA,NA
"202","Measles",2016,22,0,"IL",NA,NA,NA,NA
"203","Measles",2016,23,0,"IL",NA,NA,NA,NA
"204","Measles",2016,24,0,"IL",NA,NA,NA,NA
"205","Measles",2016,25,0.0666666666666667,"IL",NA,NA,NA,NA
"206","Measles",2016,26,0,"IL",NA,NA,NA,NA
"207","Measles",2016,27,0,"IL",NA,NA,NA,NA
"208","Measles",2016,28,0,"IL",NA,NA,NA,NA
"209","Measles",2016,29,0,"IL",NA,NA,NA,NA
"210","Measles",2016,30,0,"IL",NA,NA,NA,NA
"211","Measles",2016,31,0,"IL",NA,NA,NA,NA
"212","Measles",2016,32,0,"IL",NA,NA,NA,NA
"213","Measles",2016,33,0,"IL",NA,NA,NA,NA
"214","Measles",2016,34,0,"IL",NA,NA,NA,NA
"215","Measles",2016,35,0,"IL",NA,NA,NA,NA
"216","Measles",2016,36,0,"IL",NA,NA,NA,NA
"217","Measles",2016,37,0.333333333333333,"IL",NA,NA,NA,NA
"218","Measles",2016,38,0.0666666666666667,"IL",NA,NA,NA,NA
"219","Measles",2016,39,0.0666666666666667,"IL",NA,NA,NA,NA
"220","Measles",2016,40,0,"IL",NA,NA,NA,NA
"221","Measles",2016,41,0,"IL",NA,NA,NA,NA
"222","Measles",2016,42,0,"IL",NA,NA,NA,NA
"223","Measles",2016,43,0,"IL",NA,NA,NA,NA
"224","Measles",2016,44,0,"IL",NA,NA,NA,NA
"225","Measles",2016,45,0,"IL",NA,NA,NA,NA
"226","Measles",2016,46,0,"IL",NA,NA,NA,NA
"227","Measles",2016,47,0,"IL",NA,NA,NA,NA
"228","Measles",2016,48,0,"IL",NA,NA,NA,NA
"229","Measles",2016,49,0,"IL",NA,NA,NA,NA
"230","Measles",2016,50,0,"IL",NA,NA,NA,NA
"231","Measles",2016,51,0,"IL",NA,NA,NA,NA
"232","Measles",2016,52,0,"IL",NA,NA,NA,NA
"233","Measles",2017,1,0,"IL",NA,NA,NA,NA
"234","Measles",2017,2,0,"IL",NA,NA,NA,NA
"235","Measles",2017,3,0,"IL",NA,NA,NA,NA
"236","Measles",2017,4,0.0666666666666667,"IL",NA,NA,NA,NA
"237","Measles",2017,5,0,"IL",NA,NA,NA,NA
"238","Measles",2017,6,0,"IL",NA,NA,NA,NA
"239","Measles",2017,7,0,"IL",NA,NA,NA,NA
"240","Measles",2017,8,0,"IL",NA,NA,NA,NA
"241","Measles",2017,9,0,"IL",NA,NA,NA,NA
"242","Measles",2017,10,0,"IL",NA,NA,NA,NA
"243","Measles",2017,11,0,"IL",NA,NA,NA,NA
"244","Measles",2017,12,0,"IL",NA,NA,NA,NA
"245","Measles",2017,13,0,"IL",NA,NA,NA,NA
"246","Measles",2017,14,0,"IL",NA,NA,NA,NA
"247","Measles",2017,15,0,"IL",NA,NA,NA,NA
"248","Measles",2017,16,0,"IL",NA,NA,NA,NA
"249","Measles",2017,17,0,"IL",NA,NA,NA,NA
"250","Measles",2017,18,0,"IL",NA,NA,NA,NA
"251","Measles",2017,19,0,"IL",NA,NA,NA,NA
"252","Measles",2017,20,0,"IL",NA,NA,NA,NA
"253","Measles",2017,21,0,"IL",NA,NA,NA,NA
"254","Measles",2017,22,0.2,"IL",NA,NA,NA,NA
"255","Measles",2017,23,0.2,"IL",NA,NA,NA,NA
"256","Measles",2017,24,0.2,"IL",NA,NA,NA,NA
"257","Measles",2017,25,0,"IL",NA,NA,NA,NA
"258","Measles",2017,26,0.4,"IL",NA,NA,NA,NA
"259","Measles",2017,27,0,"IL",NA,NA,NA,NA
"260","Measles",2017,28,0,"IL",NA,NA,NA,NA
"261","Measles",2017,29,0,"IL",NA,NA,NA,NA
"262","Measles",2017,30,0,"IL",NA,NA,NA,NA
"263","Measles",2017,31,0,"IL",NA,NA,NA,NA
"264","Measles",2017,32,0,"IL",NA,NA,NA,NA
"265","Measles",2017,33,0.333333333333333,"IL",NA,NA,NA,NA
"266","Measles",2017,34,0.133333333333333,"IL",NA,NA,NA,NA
"267","Measles",2017,35,0.133333333333333,"IL",NA,NA,NA,NA
"268","Measles",2017,36,0.0666666666666667,"IL",NA,NA,NA,NA
"269","Measles",2017,37,0.133333333333333,"IL",NA,NA,NA,NA
"270","Measles",2017,38,0,"IL",NA,NA,NA,NA
"271","Measles",2017,39,0.133333333333333,"IL",NA,NA,NA,NA
"272","Measles",2017,40,0,"IL",NA,NA,NA,NA
"273","Measles",2017,41,0,"IL",NA,NA,NA,NA
"274","Measles",2017,42,0,"IL",NA,NA,NA,NA
"275","Measles",2017,43,0,"IL",NA,NA,NA,NA
"276","Measles",2017,44,0,"IL",NA,NA,NA,NA
"277","Measles",2017,45,0.0666666666666667,"IL",NA,NA,NA,NA
"278","Measles",2017,46,0,"IL",NA,NA,NA,NA
"279","Measles",2017,47,0,"IL",NA,NA,NA,NA
"280","Measles",2017,48,0,"IL",NA,NA,NA,NA
"281","Measles",2017,49,0,"IL",NA,NA,NA,NA
"282","Measles",2017,50,0,"IL",NA,NA,NA,NA
"283","Measles",2017,51,0,"IL",NA,NA,NA,NA
"284","Measles",2017,52,0,"IL",NA,NA,NA,NA
"285","Measles",2018,1,0.0666666666666667,"IL",NA,NA,NA,NA
"286","Measles",2018,2,0,"IL",NA,NA,NA,NA
"287","Measles",2018,3,0,"IL",NA,NA,NA,NA
"288","Measles",2018,4,0,"IL",NA,NA,NA,NA
"289","Measles",2018,5,0,"IL",NA,NA,NA,NA
"290","Measles",2018,6,0,"IL",NA,NA,NA,NA
"291","Measles",2018,7,0,"IL",NA,NA,NA,NA
"292","Measles",2018,8,0,"IL",NA,NA,NA,NA
"293","Measles",2018,9,0,"IL",NA,NA,NA,NA
"294","Measles",2018,10,0,"IL",NA,NA,NA,NA
"295","Measles",2018,11,0,"IL",NA,NA,NA,NA
"296","Measles",2018,12,0,"IL",NA,NA,NA,NA
"297","Measles",2018,13,0.0666666666666667,"IL",NA,NA,NA,NA
"298","Measles",2018,14,0,"IL",NA,NA,NA,NA
"299","Measles",2018,15,0.133333333333333,"IL",NA,NA,NA,NA
"300","Measles",2018,16,0.733333333333333,"IL",NA,NA,NA,NA
"301","Measles",2018,17,0.266666666666667,"IL",NA,NA,NA,NA
"302","Measles",2018,18,0.266666666666667,"IL",NA,NA,NA,NA
"303","Measles",2018,19,1,"IL",NA,NA,NA,NA
"304","Measles",2018,20,0.2,"IL",NA,NA,NA,NA
"305","Measles",2018,21,0.133333333333333,"IL",NA,NA,NA,NA
"306","Measles",2018,22,1.46666666666667,"IL",NA,NA,NA,NA
"307","Measles",2018,23,0.866666666666667,"IL",NA,NA,NA,NA
"308","Measles",2018,24,0.333333333333333,"IL",NA,NA,NA,NA
"309","Measles",2018,25,1.06666666666667,"IL",NA,NA,NA,NA
"310","Measles",2018,26,1.33333333333333,"IL",NA,NA,NA,NA
"311","Measles",2018,27,0.866666666666667,"IL",NA,NA,NA,NA
"312","Measles",2018,28,1.26666666666667,"IL",NA,NA,NA,NA
"313","Measles",2018,29,2.33333333333333,"IL",NA,NA,NA,NA
"314","Measles",2018,30,1.13333333333333,"IL",NA,NA,NA,NA
"315","Measles",2018,31,0.133333333333333,"IL",NA,NA,NA,NA
"316","Measles",2018,32,2.13333333333333,"IL",NA,NA,NA,NA
"317","Measles",2018,33,0.266666666666667,"IL",NA,NA,NA,NA
"318","Measles",2018,34,1.46666666666667,"IL",NA,NA,NA,NA
"319","Measles",2018,35,2.33333333333333,"IL",NA,NA,NA,NA
"320","Measles",2018,36,3.06666666666667,"IL",NA,NA,NA,NA
"321","Measles",2018,37,2.06666666666667,"IL",NA,NA,NA,NA
"322","Measles",2018,38,4.6,"IL",NA,NA,NA,NA
"323","Measles",2018,39,0.266666666666667,"IL",NA,NA,NA,NA
"324","Measles",2018,40,8.26666666666667,"IL",NA,NA,NA,NA
"325","Measles",2018,41,6.8,"IL",NA,NA,NA,NA
"326","Measles",2018,42,11.4,"IL",NA,NA,NA,NA
"327","Measles",2018,43,6.86666666666667,"IL",NA,NA,NA,NA
"328","Measles",2018,44,15,"IL",NA,NA,NA,NA
"329","Measles",2018,45,19.8666666666667,"IL",NA,NA,NA,NA
"330","Measles",2018,46,20.8666666666667,"IL",NA,NA,NA,NA
"331","Measles",2018,47,16.1333333333333,"IL",NA,NA,NA,NA
"332","Measles",2018,48,15.1333333333333,"IL",NA,NA,NA,NA
"333","Measles",2018,49,10.3333333333333,"IL",NA,NA,NA,NA
"334","Measles",2018,50,3.13333333333333,"IL",NA,NA,NA,NA
"335","Measles",2018,51,15.4666666666667,"IL",NA,NA,NA,NA
"336","Measles",2018,52,12.3333333333333,"IL",NA,NA,NA,NA
"337","Measles",2019,1,6.06666666666667,"IL",NA,NA,NA,NA
"338","Measles",2019,2,8,"IL",NA,NA,NA,NA
"339","Measles",2019,3,7.53333333333333,"IL",NA,NA,NA,NA
"340","Measles",2019,4,5.73333333333333,"IL",NA,NA,NA,NA
"341","Measles",2019,5,5.33333333333333,"IL",NA,NA,NA,NA
"342","Measles",2019,6,2.06666666666667,"IL",NA,NA,NA,NA
"343","Measles",2019,7,3.86666666666667,"IL",NA,NA,NA,NA
"344","Measles",2019,8,3.53333333333333,"IL",NA,NA,NA,NA
"345","Measles",2019,9,2.53333333333333,"IL",NA,NA,NA,NA
"346","Measles",2019,10,2.8,"IL",NA,NA,NA,NA
"347","Measles",2019,11,2.73333333333333,"IL",NA,NA,NA,NA
"348","Measles",2019,12,5.93333333333333,"IL",NA,NA,NA,NA
"349","Measles",2020,10,0,"IL",NA,NA,NA,NA
