"","Disease","EpiYear","EpiWeek","Incidence","ADM0","ADM1","ADM2","NA","NA"
"1","Leprosy",2012,23,0,"IL",NA,NA,NA,NA
"2","Leprosy",2012,24,0,"IL",NA,NA,NA,NA
"3","Leprosy",2012,25,0,"IL",NA,NA,NA,NA
"4","Leprosy",2012,26,0,"IL",NA,NA,NA,NA
"5","Leprosy",2012,27,0,"IL",NA,NA,NA,NA
"6","Leprosy",2012,28,0,"IL",NA,NA,NA,NA
"7","Leprosy",2012,29,0,"IL",NA,NA,NA,NA
"8","Leprosy",2012,30,0,"IL",NA,NA,NA,NA
"9","Leprosy",2012,31,0,"IL",NA,NA,NA,NA
"10","Leprosy",2012,32,0,"IL",NA,NA,NA,NA
"11","Leprosy",2012,33,0,"IL",NA,NA,NA,NA
"12","Leprosy",2012,34,0,"IL",NA,NA,NA,NA
"13","Leprosy",2012,35,0,"IL",NA,NA,NA,NA
"14","Leprosy",2012,36,0,"IL",NA,NA,NA,NA
"15","Leprosy",2012,37,0.0666666666666667,"IL",NA,NA,NA,NA
"16","Leprosy",2012,38,0,"IL",NA,NA,NA,NA
"17","Leprosy",2012,39,0,"IL",NA,NA,NA,NA
"18","Leprosy",2012,40,0,"IL",NA,NA,NA,NA
"19","Leprosy",2012,41,0,"IL",NA,NA,NA,NA
"20","Leprosy",2012,42,0,"IL",NA,NA,NA,NA
"21","Leprosy",2012,43,0,"IL",NA,NA,NA,NA
"22","Leprosy",2012,44,0,"IL",NA,NA,NA,NA
"23","Leprosy",2012,45,0,"IL",NA,NA,NA,NA
"24","Leprosy",2012,46,0,"IL",NA,NA,NA,NA
"25","Leprosy",2012,47,0,"IL",NA,NA,NA,NA
"26","Leprosy",2012,48,0,"IL",NA,NA,NA,NA
"27","Leprosy",2012,49,0,"IL",NA,NA,NA,NA
"28","Leprosy",2012,50,0.0666666666666667,"IL",NA,NA,NA,NA
"29","Leprosy",2012,51,0,"IL",NA,NA,NA,NA
"30","Leprosy",2012,52,0,"IL",NA,NA,NA,NA
"31","Leprosy",2013,1,0,"IL",NA,NA,NA,NA
"32","Leprosy",2013,2,0,"IL",NA,NA,NA,NA
"33","Leprosy",2013,3,0,"IL",NA,NA,NA,NA
"34","Leprosy",2013,5,0,"IL",NA,NA,NA,NA
"35","Leprosy",2013,6,0,"IL",NA,NA,NA,NA
"36","Leprosy",2013,7,0,"IL",NA,NA,NA,NA
"37","Leprosy",2013,8,0,"IL",NA,NA,NA,NA
"38","Leprosy",2013,9,0,"IL",NA,NA,NA,NA
"39","Leprosy",2013,10,0,"IL",NA,NA,NA,NA
"40","Leprosy",2013,11,0,"IL",NA,NA,NA,NA
"41","Leprosy",2013,12,0,"IL",NA,NA,NA,NA
"42","Leprosy",2013,13,0,"IL",NA,NA,NA,NA
"43","Leprosy",2013,14,0,"IL",NA,NA,NA,NA
"44","Leprosy",2013,15,0,"IL",NA,NA,NA,NA
"45","Leprosy",2013,16,0,"IL",NA,NA,NA,NA
"46","Leprosy",2013,17,0,"IL",NA,NA,NA,NA
"47","Leprosy",2013,18,0,"IL",NA,NA,NA,NA
"48","Leprosy",2013,19,0,"IL",NA,NA,NA,NA
"49","Leprosy",2013,20,0,"IL",NA,NA,NA,NA
"50","Leprosy",2013,21,0,"IL",NA,NA,NA,NA
"51","Leprosy",2013,22,0,"IL",NA,NA,NA,NA
"52","Leprosy",2013,23,0,"IL",NA,NA,NA,NA
"53","Leprosy",2013,24,0.133333333333333,"IL",NA,NA,NA,NA
"54","Leprosy",2013,25,0,"IL",NA,NA,NA,NA
"55","Leprosy",2013,26,0,"IL",NA,NA,NA,NA
"56","Leprosy",2013,27,0,"IL",NA,NA,NA,NA
"57","Leprosy",2013,28,0,"IL",NA,NA,NA,NA
"58","Leprosy",2013,29,0,"IL",NA,NA,NA,NA
"59","Leprosy",2013,30,0,"IL",NA,NA,NA,NA
"60","Leprosy",2013,31,0,"IL",NA,NA,NA,NA
"61","Leprosy",2013,33,0,"IL",NA,NA,NA,NA
"62","Leprosy",2013,34,0,"IL",NA,NA,NA,NA
"63","Leprosy",2013,35,0,"IL",NA,NA,NA,NA
"64","Leprosy",2013,36,0,"IL",NA,NA,NA,NA
"65","Leprosy",2013,37,0,"IL",NA,NA,NA,NA
"66","Leprosy",2013,38,0,"IL",NA,NA,NA,NA
"67","Leprosy",2013,40,0,"IL",NA,NA,NA,NA
"68","Leprosy",2013,41,0,"IL",NA,NA,NA,NA
"69","Leprosy",2013,42,0,"IL",NA,NA,NA,NA
"70","Leprosy",2013,43,0,"IL",NA,NA,NA,NA
"71","Leprosy",2013,44,0,"IL",NA,NA,NA,NA
"72","Leprosy",2013,45,0,"IL",NA,NA,NA,NA
"73","Leprosy",2013,46,0,"IL",NA,NA,NA,NA
"74","Leprosy",2013,47,0,"IL",NA,NA,NA,NA
"75","Leprosy",2013,48,0,"IL",NA,NA,NA,NA
"76","Leprosy",2013,49,0,"IL",NA,NA,NA,NA
"77","Leprosy",2013,50,0,"IL",NA,NA,NA,NA
"78","Leprosy",2013,51,0,"IL",NA,NA,NA,NA
"79","Leprosy",2013,52,0,"IL",NA,NA,NA,NA
"80","Leprosy",2014,1,0,"IL",NA,NA,NA,NA
"81","Leprosy",2014,2,0,"IL",NA,NA,NA,NA
"82","Leprosy",2014,3,0,"IL",NA,NA,NA,NA
"83","Leprosy",2014,5,0,"IL",NA,NA,NA,NA
"84","Leprosy",2014,6,0,"IL",NA,NA,NA,NA
"85","Leprosy",2014,7,0,"IL",NA,NA,NA,NA
"86","Leprosy",2014,8,0,"IL",NA,NA,NA,NA
"87","Leprosy",2014,9,0,"IL",NA,NA,NA,NA
"88","Leprosy",2014,10,0,"IL",NA,NA,NA,NA
"89","Leprosy",2014,11,0,"IL",NA,NA,NA,NA
"90","Leprosy",2014,12,0.0666666666666667,"IL",NA,NA,NA,NA
"91","Leprosy",2014,13,0,"IL",NA,NA,NA,NA
"92","Leprosy",2014,14,0,"IL",NA,NA,NA,NA
"93","Leprosy",2014,16,0,"IL",NA,NA,NA,NA
"94","Leprosy",2014,17,0,"IL",NA,NA,NA,NA
"95","Leprosy",2014,18,0,"IL",NA,NA,NA,NA
"96","Leprosy",2014,19,0,"IL",NA,NA,NA,NA
"97","Leprosy",2014,20,0,"IL",NA,NA,NA,NA
"98","Leprosy",2014,21,0,"IL",NA,NA,NA,NA
"99","Leprosy",2014,22,0,"IL",NA,NA,NA,NA
"100","Leprosy",2014,23,0,"IL",NA,NA,NA,NA
"101","Leprosy",2014,24,0.0666666666666667,"IL",NA,NA,NA,NA
"102","Leprosy",2014,25,0,"IL",NA,NA,NA,NA
"103","Leprosy",2014,26,0,"IL",NA,NA,NA,NA
"104","Leprosy",2014,27,0,"IL",NA,NA,NA,NA
"105","Leprosy",2014,28,0,"IL",NA,NA,NA,NA
"106","Leprosy",2014,29,0,"IL",NA,NA,NA,NA
"107","Leprosy",2014,30,0,"IL",NA,NA,NA,NA
"108","Leprosy",2014,31,0,"IL",NA,NA,NA,NA
"109","Leprosy",2014,32,0,"IL",NA,NA,NA,NA
"110","Leprosy",2014,33,0,"IL",NA,NA,NA,NA
"111","Leprosy",2014,34,0,"IL",NA,NA,NA,NA
"112","Leprosy",2014,35,0,"IL",NA,NA,NA,NA
"113","Leprosy",2014,36,0,"IL",NA,NA,NA,NA
"114","Leprosy",2014,37,0,"IL",NA,NA,NA,NA
"115","Leprosy",2014,38,0,"IL",NA,NA,NA,NA
"116","Leprosy",2014,39,0,"IL",NA,NA,NA,NA
"117","Leprosy",2014,40,0,"IL",NA,NA,NA,NA
"118","Leprosy",2014,41,0,"IL",NA,NA,NA,NA
"119","Leprosy",2014,42,0,"IL",NA,NA,NA,NA
"120","Leprosy",2014,43,0,"IL",NA,NA,NA,NA
"121","Leprosy",2014,44,0,"IL",NA,NA,NA,NA
"122","Leprosy",2014,45,0,"IL",NA,NA,NA,NA
"123","Leprosy",2014,46,0,"IL",NA,NA,NA,NA
"124","Leprosy",2014,47,0,"IL",NA,NA,NA,NA
"125","Leprosy",2014,48,0,"IL",NA,NA,NA,NA
"126","Leprosy",2014,49,0,"IL",NA,NA,NA,NA
"127","Leprosy",2014,50,0,"IL",NA,NA,NA,NA
"128","Leprosy",2014,51,0,"IL",NA,NA,NA,NA
"129","Leprosy",2014,52,0,"IL",NA,NA,NA,NA
"130","Leprosy",2014,53,0,"IL",NA,NA,NA,NA
"131","Leprosy",2015,1,0,"IL",NA,NA,NA,NA
"132","Leprosy",2015,2,0,"IL",NA,NA,NA,NA
"133","Leprosy",2015,3,0,"IL",NA,NA,NA,NA
"134","Leprosy",2015,5,0,"IL",NA,NA,NA,NA
"135","Leprosy",2015,6,0,"IL",NA,NA,NA,NA
"136","Leprosy",2015,7,0,"IL",NA,NA,NA,NA
"137","Leprosy",2015,8,0,"IL",NA,NA,NA,NA
"138","Leprosy",2015,9,0,"IL",NA,NA,NA,NA
"139","Leprosy",2015,10,0,"IL",NA,NA,NA,NA
"140","Leprosy",2015,11,0,"IL",NA,NA,NA,NA
"141","Leprosy",2015,12,0,"IL",NA,NA,NA,NA
"142","Leprosy",2015,13,0,"IL",NA,NA,NA,NA
"143","Leprosy",2015,15,0,"IL",NA,NA,NA,NA
"144","Leprosy",2015,16,0,"IL",NA,NA,NA,NA
"145","Leprosy",2015,17,0,"IL",NA,NA,NA,NA
"146","Leprosy",2015,18,0,"IL",NA,NA,NA,NA
"147","Leprosy",2015,19,0,"IL",NA,NA,NA,NA
"148","Leprosy",2015,20,0,"IL",NA,NA,NA,NA
"149","Leprosy",2015,21,0,"IL",NA,NA,NA,NA
"150","Leprosy",2015,22,0,"IL",NA,NA,NA,NA
"151","Leprosy",2015,23,0,"IL",NA,NA,NA,NA
"152","Leprosy",2015,24,0,"IL",NA,NA,NA,NA
"153","Leprosy",2015,25,0,"IL",NA,NA,NA,NA
"154","Leprosy",2015,26,0,"IL",NA,NA,NA,NA
"155","Leprosy",2015,27,0,"IL",NA,NA,NA,NA
"156","Leprosy",2015,28,0,"IL",NA,NA,NA,NA
"157","Leprosy",2015,29,0,"IL",NA,NA,NA,NA
"158","Leprosy",2015,30,0,"IL",NA,NA,NA,NA
"159","Leprosy",2015,31,0,"IL",NA,NA,NA,NA
"160","Leprosy",2015,32,0,"IL",NA,NA,NA,NA
"161","Leprosy",2015,33,0,"IL",NA,NA,NA,NA
"162","Leprosy",2015,34,0,"IL",NA,NA,NA,NA
"163","Leprosy",2015,35,0,"IL",NA,NA,NA,NA
"164","Leprosy",2015,36,0,"IL",NA,NA,NA,NA
"165","Leprosy",2015,37,0,"IL",NA,NA,NA,NA
"166","Leprosy",2015,38,0,"IL",NA,NA,NA,NA
"167","Leprosy",2015,39,0,"IL",NA,NA,NA,NA
"168","Leprosy",2015,40,0,"IL",NA,NA,NA,NA
"169","Leprosy",2015,41,0,"IL",NA,NA,NA,NA
"170","Leprosy",2015,42,0,"IL",NA,NA,NA,NA
"171","Leprosy",2015,43,0,"IL",NA,NA,NA,NA
"172","Leprosy",2015,44,0,"IL",NA,NA,NA,NA
"173","Leprosy",2015,45,0,"IL",NA,NA,NA,NA
"174","Leprosy",2015,46,0,"IL",NA,NA,NA,NA
"175","Leprosy",2015,47,0,"IL",NA,NA,NA,NA
"176","Leprosy",2015,48,0,"IL",NA,NA,NA,NA
"177","Leprosy",2015,49,0,"IL",NA,NA,NA,NA
"178","Leprosy",2015,50,0,"IL",NA,NA,NA,NA
"179","Leprosy",2015,51,0,"IL",NA,NA,NA,NA
"180","Leprosy",2015,52,0,"IL",NA,NA,NA,NA
"181","Leprosy",2016,1,0,"IL",NA,NA,NA,NA
"182","Leprosy",2016,2,0,"IL",NA,NA,NA,NA
"183","Leprosy",2016,3,0,"IL",NA,NA,NA,NA
"184","Leprosy",2016,4,0,"IL",NA,NA,NA,NA
"185","Leprosy",2016,5,0,"IL",NA,NA,NA,NA
"186","Leprosy",2016,6,0,"IL",NA,NA,NA,NA
"187","Leprosy",2016,7,0,"IL",NA,NA,NA,NA
"188","Leprosy",2016,8,0,"IL",NA,NA,NA,NA
"189","Leprosy",2016,9,0,"IL",NA,NA,NA,NA
"190","Leprosy",2016,10,0,"IL",NA,NA,NA,NA
"191","Leprosy",2016,11,0,"IL",NA,NA,NA,NA
"192","Leprosy",2016,12,0,"IL",NA,NA,NA,NA
"193","Leprosy",2016,13,0,"IL",NA,NA,NA,NA
"194","Leprosy",2016,14,0,"IL",NA,NA,NA,NA
"195","Leprosy",2016,15,0,"IL",NA,NA,NA,NA
"196","Leprosy",2016,16,0,"IL",NA,NA,NA,NA
"197","Leprosy",2016,17,0,"IL",NA,NA,NA,NA
"198","Leprosy",2016,18,0,"IL",NA,NA,NA,NA
"199","Leprosy",2016,19,0,"IL",NA,NA,NA,NA
"200","Leprosy",2016,20,0,"IL",NA,NA,NA,NA
"201","Leprosy",2016,21,0,"IL",NA,NA,NA,NA
"202","Leprosy",2016,22,0,"IL",NA,NA,NA,NA
"203","Leprosy",2016,23,0,"IL",NA,NA,NA,NA
"204","Leprosy",2016,24,0,"IL",NA,NA,NA,NA
"205","Leprosy",2016,25,0,"IL",NA,NA,NA,NA
"206","Leprosy",2016,26,0,"IL",NA,NA,NA,NA
"207","Leprosy",2016,27,0,"IL",NA,NA,NA,NA
"208","Leprosy",2016,28,0,"IL",NA,NA,NA,NA
"209","Leprosy",2016,29,0,"IL",NA,NA,NA,NA
"210","Leprosy",2016,30,0.0666666666666667,"IL",NA,NA,NA,NA
"211","Leprosy",2016,31,0,"IL",NA,NA,NA,NA
"212","Leprosy",2016,32,0,"IL",NA,NA,NA,NA
"213","Leprosy",2016,33,0,"IL",NA,NA,NA,NA
"214","Leprosy",2016,34,0,"IL",NA,NA,NA,NA
"215","Leprosy",2016,35,0,"IL",NA,NA,NA,NA
"216","Leprosy",2016,36,0,"IL",NA,NA,NA,NA
"217","Leprosy",2016,37,0,"IL",NA,NA,NA,NA
"218","Leprosy",2016,38,0,"IL",NA,NA,NA,NA
"219","Leprosy",2016,39,0,"IL",NA,NA,NA,NA
"220","Leprosy",2016,40,0,"IL",NA,NA,NA,NA
"221","Leprosy",2016,41,0,"IL",NA,NA,NA,NA
"222","Leprosy",2016,42,0,"IL",NA,NA,NA,NA
"223","Leprosy",2016,43,0,"IL",NA,NA,NA,NA
"224","Leprosy",2016,44,0,"IL",NA,NA,NA,NA
"225","Leprosy",2016,45,0,"IL",NA,NA,NA,NA
"226","Leprosy",2016,46,0,"IL",NA,NA,NA,NA
"227","Leprosy",2016,47,0,"IL",NA,NA,NA,NA
"228","Leprosy",2016,48,0,"IL",NA,NA,NA,NA
"229","Leprosy",2016,49,0,"IL",NA,NA,NA,NA
"230","Leprosy",2016,50,0,"IL",NA,NA,NA,NA
"231","Leprosy",2016,51,0,"IL",NA,NA,NA,NA
"232","Leprosy",2016,52,0,"IL",NA,NA,NA,NA
"233","Leprosy",2017,1,0,"IL",NA,NA,NA,NA
"234","Leprosy",2017,2,0,"IL",NA,NA,NA,NA
"235","Leprosy",2017,3,0,"IL",NA,NA,NA,NA
"236","Leprosy",2017,4,0,"IL",NA,NA,NA,NA
"237","Leprosy",2017,5,0,"IL",NA,NA,NA,NA
"238","Leprosy",2017,6,0,"IL",NA,NA,NA,NA
"239","Leprosy",2017,7,0,"IL",NA,NA,NA,NA
"240","Leprosy",2017,8,0,"IL",NA,NA,NA,NA
"241","Leprosy",2017,9,0,"IL",NA,NA,NA,NA
"242","Leprosy",2017,10,0,"IL",NA,NA,NA,NA
"243","Leprosy",2017,11,0,"IL",NA,NA,NA,NA
"244","Leprosy",2017,12,0,"IL",NA,NA,NA,NA
"245","Leprosy",2017,13,0,"IL",NA,NA,NA,NA
"246","Leprosy",2017,14,0,"IL",NA,NA,NA,NA
"247","Leprosy",2017,15,0,"IL",NA,NA,NA,NA
"248","Leprosy",2017,16,0,"IL",NA,NA,NA,NA
"249","Leprosy",2017,17,0,"IL",NA,NA,NA,NA
"250","Leprosy",2017,18,0,"IL",NA,NA,NA,NA
"251","Leprosy",2017,19,0,"IL",NA,NA,NA,NA
"252","Leprosy",2017,20,0,"IL",NA,NA,NA,NA
"253","Leprosy",2017,21,0,"IL",NA,NA,NA,NA
"254","Leprosy",2017,22,0,"IL",NA,NA,NA,NA
"255","Leprosy",2017,23,0,"IL",NA,NA,NA,NA
"256","Leprosy",2017,24,0,"IL",NA,NA,NA,NA
"257","Leprosy",2017,25,0,"IL",NA,NA,NA,NA
"258","Leprosy",2017,26,0,"IL",NA,NA,NA,NA
"259","Leprosy",2017,27,0,"IL",NA,NA,NA,NA
"260","Leprosy",2017,28,0,"IL",NA,NA,NA,NA
"261","Leprosy",2017,29,0,"IL",NA,NA,NA,NA
"262","Leprosy",2017,30,0,"IL",NA,NA,NA,NA
"263","Leprosy",2017,31,0,"IL",NA,NA,NA,NA
"264","Leprosy",2017,32,0,"IL",NA,NA,NA,NA
"265","Leprosy",2017,33,0,"IL",NA,NA,NA,NA
"266","Leprosy",2017,34,0,"IL",NA,NA,NA,NA
"267","Leprosy",2017,35,0,"IL",NA,NA,NA,NA
"268","Leprosy",2017,36,0,"IL",NA,NA,NA,NA
"269","Leprosy",2017,37,0,"IL",NA,NA,NA,NA
"270","Leprosy",2017,38,0,"IL",NA,NA,NA,NA
"271","Leprosy",2017,39,0,"IL",NA,NA,NA,NA
"272","Leprosy",2017,40,0,"IL",NA,NA,NA,NA
"273","Leprosy",2017,41,0,"IL",NA,NA,NA,NA
"274","Leprosy",2017,42,0,"IL",NA,NA,NA,NA
"275","Leprosy",2017,43,0,"IL",NA,NA,NA,NA
"276","Leprosy",2017,44,0,"IL",NA,NA,NA,NA
"277","Leprosy",2017,45,0,"IL",NA,NA,NA,NA
"278","Leprosy",2017,46,0,"IL",NA,NA,NA,NA
"279","Leprosy",2017,47,0,"IL",NA,NA,NA,NA
"280","Leprosy",2017,48,0,"IL",NA,NA,NA,NA
"281","Leprosy",2017,49,0,"IL",NA,NA,NA,NA
"282","Leprosy",2017,50,0,"IL",NA,NA,NA,NA
"283","Leprosy",2017,51,0,"IL",NA,NA,NA,NA
"284","Leprosy",2017,52,0,"IL",NA,NA,NA,NA
"285","Leprosy",2018,1,0,"IL",NA,NA,NA,NA
"286","Leprosy",2018,2,0,"IL",NA,NA,NA,NA
"287","Leprosy",2018,3,0,"IL",NA,NA,NA,NA
"288","Leprosy",2018,4,0,"IL",NA,NA,NA,NA
"289","Leprosy",2018,5,0,"IL",NA,NA,NA,NA
"290","Leprosy",2018,6,0,"IL",NA,NA,NA,NA
"291","Leprosy",2018,7,0,"IL",NA,NA,NA,NA
"292","Leprosy",2018,8,0,"IL",NA,NA,NA,NA
"293","Leprosy",2018,9,0,"IL",NA,NA,NA,NA
"294","Leprosy",2018,10,0,"IL",NA,NA,NA,NA
"295","Leprosy",2018,11,0,"IL",NA,NA,NA,NA
"296","Leprosy",2018,12,0,"IL",NA,NA,NA,NA
"297","Leprosy",2018,13,0,"IL",NA,NA,NA,NA
"298","Leprosy",2018,14,0,"IL",NA,NA,NA,NA
"299","Leprosy",2018,15,0,"IL",NA,NA,NA,NA
"300","Leprosy",2018,16,0,"IL",NA,NA,NA,NA
"301","Leprosy",2018,17,0,"IL",NA,NA,NA,NA
"302","Leprosy",2018,18,0,"IL",NA,NA,NA,NA
"303","Leprosy",2018,19,0,"IL",NA,NA,NA,NA
"304","Leprosy",2018,20,0,"IL",NA,NA,NA,NA
"305","Leprosy",2018,21,0,"IL",NA,NA,NA,NA
"306","Leprosy",2018,22,0,"IL",NA,NA,NA,NA
"307","Leprosy",2018,23,0,"IL",NA,NA,NA,NA
"308","Leprosy",2018,24,0,"IL",NA,NA,NA,NA
"309","Leprosy",2018,25,0,"IL",NA,NA,NA,NA
"310","Leprosy",2018,26,0,"IL",NA,NA,NA,NA
"311","Leprosy",2018,27,0,"IL",NA,NA,NA,NA
"312","Leprosy",2018,28,0,"IL",NA,NA,NA,NA
"313","Leprosy",2018,29,0,"IL",NA,NA,NA,NA
"314","Leprosy",2018,30,0,"IL",NA,NA,NA,NA
"315","Leprosy",2018,31,0,"IL",NA,NA,NA,NA
"316","Leprosy",2018,32,0,"IL",NA,NA,NA,NA
"317","Leprosy",2018,33,0,"IL",NA,NA,NA,NA
"318","Leprosy",2018,34,0,"IL",NA,NA,NA,NA
"319","Leprosy",2018,35,0,"IL",NA,NA,NA,NA
"320","Leprosy",2018,36,0,"IL",NA,NA,NA,NA
"321","Leprosy",2018,37,0,"IL",NA,NA,NA,NA
"322","Leprosy",2018,38,0,"IL",NA,NA,NA,NA
"323","Leprosy",2018,39,0,"IL",NA,NA,NA,NA
"324","Leprosy",2018,40,0,"IL",NA,NA,NA,NA
"325","Leprosy",2018,41,0,"IL",NA,NA,NA,NA
"326","Leprosy",2018,42,0,"IL",NA,NA,NA,NA
"327","Leprosy",2018,43,0,"IL",NA,NA,NA,NA
"328","Leprosy",2018,44,0,"IL",NA,NA,NA,NA
"329","Leprosy",2018,45,0,"IL",NA,NA,NA,NA
"330","Leprosy",2018,46,0,"IL",NA,NA,NA,NA
"331","Leprosy",2018,47,0,"IL",NA,NA,NA,NA
"332","Leprosy",2018,48,0,"IL",NA,NA,NA,NA
"333","Leprosy",2018,49,0,"IL",NA,NA,NA,NA
"334","Leprosy",2018,50,0,"IL",NA,NA,NA,NA
"335","Leprosy",2018,51,0,"IL",NA,NA,NA,NA
"336","Leprosy",2018,52,0,"IL",NA,NA,NA,NA
"337","Leprosy",2019,1,0,"IL",NA,NA,NA,NA
"338","Leprosy",2019,2,0,"IL",NA,NA,NA,NA
"339","Leprosy",2019,3,0,"IL",NA,NA,NA,NA
"340","Leprosy",2019,4,0,"IL",NA,NA,NA,NA
"341","Leprosy",2019,5,0,"IL",NA,NA,NA,NA
"342","Leprosy",2019,6,0,"IL",NA,NA,NA,NA
"343","Leprosy",2019,7,0,"IL",NA,NA,NA,NA
"344","Leprosy",2019,8,0,"IL",NA,NA,NA,NA
"345","Leprosy",2019,9,0,"IL",NA,NA,NA,NA
"346","Leprosy",2019,10,0,"IL",NA,NA,NA,NA
"347","Leprosy",2019,11,0,"IL",NA,NA,NA,NA
"348","Leprosy",2019,12,0,"IL",NA,NA,NA,NA
"349","Leprosy",2020,10,0,"IL",NA,NA,NA,NA
