"","Disease","EpiYear","EpiWeek","Incidence","ADM0","ADM1","ADM2","NA","NA"
"1","Leptospirosis",2012,23,0,"IL",NA,NA,NA,NA
"2","Leptospirosis",2012,24,0,"IL",NA,NA,NA,NA
"3","Leptospirosis",2012,25,0.0666666666666667,"IL",NA,NA,NA,NA
"4","Leptospirosis",2012,26,0,"IL",NA,NA,NA,NA
"5","Leptospirosis",2012,27,0,"IL",NA,NA,NA,NA
"6","Leptospirosis",2012,28,0,"IL",NA,NA,NA,NA
"7","Leptospirosis",2012,29,0,"IL",NA,NA,NA,NA
"8","Leptospirosis",2012,30,0,"IL",NA,NA,NA,NA
"9","Leptospirosis",2012,31,0,"IL",NA,NA,NA,NA
"10","Leptospirosis",2012,32,0,"IL",NA,NA,NA,NA
"11","Leptospirosis",2012,33,0,"IL",NA,NA,NA,NA
"12","Leptospirosis",2012,34,0,"IL",NA,NA,NA,NA
"13","Leptospirosis",2012,35,0,"IL",NA,NA,NA,NA
"14","Leptospirosis",2012,36,0,"IL",NA,NA,NA,NA
"15","Leptospirosis",2012,37,0,"IL",NA,NA,NA,NA
"16","Leptospirosis",2012,38,0,"IL",NA,NA,NA,NA
"17","Leptospirosis",2012,39,0,"IL",NA,NA,NA,NA
"18","Leptospirosis",2012,40,0,"IL",NA,NA,NA,NA
"19","Leptospirosis",2012,41,0,"IL",NA,NA,NA,NA
"20","Leptospirosis",2012,42,0,"IL",NA,NA,NA,NA
"21","Leptospirosis",2012,43,0,"IL",NA,NA,NA,NA
"22","Leptospirosis",2012,44,0,"IL",NA,NA,NA,NA
"23","Leptospirosis",2012,45,0,"IL",NA,NA,NA,NA
"24","Leptospirosis",2012,46,0,"IL",NA,NA,NA,NA
"25","Leptospirosis",2012,47,0,"IL",NA,NA,NA,NA
"26","Leptospirosis",2012,48,0,"IL",NA,NA,NA,NA
"27","Leptospirosis",2012,49,0,"IL",NA,NA,NA,NA
"28","Leptospirosis",2012,50,0,"IL",NA,NA,NA,NA
"29","Leptospirosis",2012,51,0,"IL",NA,NA,NA,NA
"30","Leptospirosis",2012,52,0,"IL",NA,NA,NA,NA
"31","Leptospirosis",2013,1,0.133333333333333,"IL",NA,NA,NA,NA
"32","Leptospirosis",2013,2,0,"IL",NA,NA,NA,NA
"33","Leptospirosis",2013,3,0,"IL",NA,NA,NA,NA
"34","Leptospirosis",2013,5,0,"IL",NA,NA,NA,NA
"35","Leptospirosis",2013,6,0,"IL",NA,NA,NA,NA
"36","Leptospirosis",2013,7,0,"IL",NA,NA,NA,NA
"37","Leptospirosis",2013,8,0,"IL",NA,NA,NA,NA
"38","Leptospirosis",2013,9,0,"IL",NA,NA,NA,NA
"39","Leptospirosis",2013,10,0,"IL",NA,NA,NA,NA
"40","Leptospirosis",2013,11,0,"IL",NA,NA,NA,NA
"41","Leptospirosis",2013,12,0,"IL",NA,NA,NA,NA
"42","Leptospirosis",2013,13,0,"IL",NA,NA,NA,NA
"43","Leptospirosis",2013,14,0,"IL",NA,NA,NA,NA
"44","Leptospirosis",2013,15,0,"IL",NA,NA,NA,NA
"45","Leptospirosis",2013,16,0,"IL",NA,NA,NA,NA
"46","Leptospirosis",2013,17,0,"IL",NA,NA,NA,NA
"47","Leptospirosis",2013,18,0,"IL",NA,NA,NA,NA
"48","Leptospirosis",2013,19,0,"IL",NA,NA,NA,NA
"49","Leptospirosis",2013,20,0,"IL",NA,NA,NA,NA
"50","Leptospirosis",2013,21,0,"IL",NA,NA,NA,NA
"51","Leptospirosis",2013,22,0,"IL",NA,NA,NA,NA
"52","Leptospirosis",2013,23,0,"IL",NA,NA,NA,NA
"53","Leptospirosis",2013,24,0,"IL",NA,NA,NA,NA
"54","Leptospirosis",2013,25,0,"IL",NA,NA,NA,NA
"55","Leptospirosis",2013,26,0,"IL",NA,NA,NA,NA
"56","Leptospirosis",2013,27,0,"IL",NA,NA,NA,NA
"57","Leptospirosis",2013,28,0,"IL",NA,NA,NA,NA
"58","Leptospirosis",2013,29,0,"IL",NA,NA,NA,NA
"59","Leptospirosis",2013,30,0,"IL",NA,NA,NA,NA
"60","Leptospirosis",2013,31,0,"IL",NA,NA,NA,NA
"61","Leptospirosis",2013,33,0,"IL",NA,NA,NA,NA
"62","Leptospirosis",2013,34,0,"IL",NA,NA,NA,NA
"63","Leptospirosis",2013,35,0.0666666666666667,"IL",NA,NA,NA,NA
"64","Leptospirosis",2013,36,0,"IL",NA,NA,NA,NA
"65","Leptospirosis",2013,37,0,"IL",NA,NA,NA,NA
"66","Leptospirosis",2013,38,0,"IL",NA,NA,NA,NA
"67","Leptospirosis",2013,40,0,"IL",NA,NA,NA,NA
"68","Leptospirosis",2013,41,0,"IL",NA,NA,NA,NA
"69","Leptospirosis",2013,42,0,"IL",NA,NA,NA,NA
"70","Leptospirosis",2013,43,0,"IL",NA,NA,NA,NA
"71","Leptospirosis",2013,44,0,"IL",NA,NA,NA,NA
"72","Leptospirosis",2013,45,0,"IL",NA,NA,NA,NA
"73","Leptospirosis",2013,46,0.133333333333333,"IL",NA,NA,NA,NA
"74","Leptospirosis",2013,47,0,"IL",NA,NA,NA,NA
"75","Leptospirosis",2013,48,0,"IL",NA,NA,NA,NA
"76","Leptospirosis",2013,49,0,"IL",NA,NA,NA,NA
"77","Leptospirosis",2013,50,0.0666666666666667,"IL",NA,NA,NA,NA
"78","Leptospirosis",2013,51,0,"IL",NA,NA,NA,NA
"79","Leptospirosis",2013,52,0,"IL",NA,NA,NA,NA
"80","Leptospirosis",2014,1,0,"IL",NA,NA,NA,NA
"81","Leptospirosis",2014,2,0,"IL",NA,NA,NA,NA
"82","Leptospirosis",2014,3,0,"IL",NA,NA,NA,NA
"83","Leptospirosis",2014,5,0,"IL",NA,NA,NA,NA
"84","Leptospirosis",2014,6,0.0666666666666667,"IL",NA,NA,NA,NA
"85","Leptospirosis",2014,7,0,"IL",NA,NA,NA,NA
"86","Leptospirosis",2014,8,0,"IL",NA,NA,NA,NA
"87","Leptospirosis",2014,9,0,"IL",NA,NA,NA,NA
"88","Leptospirosis",2014,10,0,"IL",NA,NA,NA,NA
"89","Leptospirosis",2014,11,0,"IL",NA,NA,NA,NA
"90","Leptospirosis",2014,12,0,"IL",NA,NA,NA,NA
"91","Leptospirosis",2014,13,0,"IL",NA,NA,NA,NA
"92","Leptospirosis",2014,14,0,"IL",NA,NA,NA,NA
"93","Leptospirosis",2014,16,0,"IL",NA,NA,NA,NA
"94","Leptospirosis",2014,17,0,"IL",NA,NA,NA,NA
"95","Leptospirosis",2014,18,0,"IL",NA,NA,NA,NA
"96","Leptospirosis",2014,19,0,"IL",NA,NA,NA,NA
"97","Leptospirosis",2014,20,0,"IL",NA,NA,NA,NA
"98","Leptospirosis",2014,21,0,"IL",NA,NA,NA,NA
"99","Leptospirosis",2014,22,0,"IL",NA,NA,NA,NA
"100","Leptospirosis",2014,23,0,"IL",NA,NA,NA,NA
"101","Leptospirosis",2014,24,0,"IL",NA,NA,NA,NA
"102","Leptospirosis",2014,25,0,"IL",NA,NA,NA,NA
"103","Leptospirosis",2014,26,0,"IL",NA,NA,NA,NA
"104","Leptospirosis",2014,27,0,"IL",NA,NA,NA,NA
"105","Leptospirosis",2014,28,0,"IL",NA,NA,NA,NA
"106","Leptospirosis",2014,29,0,"IL",NA,NA,NA,NA
"107","Leptospirosis",2014,30,0,"IL",NA,NA,NA,NA
"108","Leptospirosis",2014,31,0,"IL",NA,NA,NA,NA
"109","Leptospirosis",2014,32,0,"IL",NA,NA,NA,NA
"110","Leptospirosis",2014,33,0,"IL",NA,NA,NA,NA
"111","Leptospirosis",2014,34,0,"IL",NA,NA,NA,NA
"112","Leptospirosis",2014,35,0,"IL",NA,NA,NA,NA
"113","Leptospirosis",2014,36,0,"IL",NA,NA,NA,NA
"114","Leptospirosis",2014,37,0,"IL",NA,NA,NA,NA
"115","Leptospirosis",2014,38,0,"IL",NA,NA,NA,NA
"116","Leptospirosis",2014,39,0,"IL",NA,NA,NA,NA
"117","Leptospirosis",2014,40,0,"IL",NA,NA,NA,NA
"118","Leptospirosis",2014,41,0,"IL",NA,NA,NA,NA
"119","Leptospirosis",2014,42,0,"IL",NA,NA,NA,NA
"120","Leptospirosis",2014,43,0,"IL",NA,NA,NA,NA
"121","Leptospirosis",2014,44,0,"IL",NA,NA,NA,NA
"122","Leptospirosis",2014,45,0,"IL",NA,NA,NA,NA
"123","Leptospirosis",2014,46,0,"IL",NA,NA,NA,NA
"124","Leptospirosis",2014,47,0,"IL",NA,NA,NA,NA
"125","Leptospirosis",2014,48,0,"IL",NA,NA,NA,NA
"126","Leptospirosis",2014,49,0,"IL",NA,NA,NA,NA
"127","Leptospirosis",2014,50,0,"IL",NA,NA,NA,NA
"128","Leptospirosis",2014,51,0,"IL",NA,NA,NA,NA
"129","Leptospirosis",2014,52,0,"IL",NA,NA,NA,NA
"130","Leptospirosis",2014,53,0,"IL",NA,NA,NA,NA
"131","Leptospirosis",2015,1,0,"IL",NA,NA,NA,NA
"132","Leptospirosis",2015,2,0,"IL",NA,NA,NA,NA
"133","Leptospirosis",2015,3,0,"IL",NA,NA,NA,NA
"134","Leptospirosis",2015,5,0.0666666666666667,"IL",NA,NA,NA,NA
"135","Leptospirosis",2015,6,0,"IL",NA,NA,NA,NA
"136","Leptospirosis",2015,7,0,"IL",NA,NA,NA,NA
"137","Leptospirosis",2015,8,0,"IL",NA,NA,NA,NA
"138","Leptospirosis",2015,9,0,"IL",NA,NA,NA,NA
"139","Leptospirosis",2015,10,0,"IL",NA,NA,NA,NA
"140","Leptospirosis",2015,11,0,"IL",NA,NA,NA,NA
"141","Leptospirosis",2015,12,0,"IL",NA,NA,NA,NA
"142","Leptospirosis",2015,13,0,"IL",NA,NA,NA,NA
"143","Leptospirosis",2015,15,0,"IL",NA,NA,NA,NA
"144","Leptospirosis",2015,16,0,"IL",NA,NA,NA,NA
"145","Leptospirosis",2015,17,0,"IL",NA,NA,NA,NA
"146","Leptospirosis",2015,18,0,"IL",NA,NA,NA,NA
"147","Leptospirosis",2015,19,0,"IL",NA,NA,NA,NA
"148","Leptospirosis",2015,20,0,"IL",NA,NA,NA,NA
"149","Leptospirosis",2015,21,0,"IL",NA,NA,NA,NA
"150","Leptospirosis",2015,22,0,"IL",NA,NA,NA,NA
"151","Leptospirosis",2015,23,0,"IL",NA,NA,NA,NA
"152","Leptospirosis",2015,24,0,"IL",NA,NA,NA,NA
"153","Leptospirosis",2015,25,0,"IL",NA,NA,NA,NA
"154","Leptospirosis",2015,26,0,"IL",NA,NA,NA,NA
"155","Leptospirosis",2015,27,0,"IL",NA,NA,NA,NA
"156","Leptospirosis",2015,28,0,"IL",NA,NA,NA,NA
"157","Leptospirosis",2015,29,0,"IL",NA,NA,NA,NA
"158","Leptospirosis",2015,30,0,"IL",NA,NA,NA,NA
"159","Leptospirosis",2015,31,0,"IL",NA,NA,NA,NA
"160","Leptospirosis",2015,32,0,"IL",NA,NA,NA,NA
"161","Leptospirosis",2015,33,0,"IL",NA,NA,NA,NA
"162","Leptospirosis",2015,34,0,"IL",NA,NA,NA,NA
"163","Leptospirosis",2015,35,0.0666666666666667,"IL",NA,NA,NA,NA
"164","Leptospirosis",2015,36,0,"IL",NA,NA,NA,NA
"165","Leptospirosis",2015,37,0,"IL",NA,NA,NA,NA
"166","Leptospirosis",2015,38,0,"IL",NA,NA,NA,NA
"167","Leptospirosis",2015,39,0,"IL",NA,NA,NA,NA
"168","Leptospirosis",2015,40,0,"IL",NA,NA,NA,NA
"169","Leptospirosis",2015,41,0,"IL",NA,NA,NA,NA
"170","Leptospirosis",2015,42,0.0666666666666667,"IL",NA,NA,NA,NA
"171","Leptospirosis",2015,43,0,"IL",NA,NA,NA,NA
"172","Leptospirosis",2015,44,0.0666666666666667,"IL",NA,NA,NA,NA
"173","Leptospirosis",2015,45,0,"IL",NA,NA,NA,NA
"174","Leptospirosis",2015,46,0.133333333333333,"IL",NA,NA,NA,NA
"175","Leptospirosis",2015,47,0,"IL",NA,NA,NA,NA
"176","Leptospirosis",2015,48,0,"IL",NA,NA,NA,NA
"177","Leptospirosis",2015,49,0,"IL",NA,NA,NA,NA
"178","Leptospirosis",2015,50,0.0666666666666667,"IL",NA,NA,NA,NA
"179","Leptospirosis",2015,51,0,"IL",NA,NA,NA,NA
"180","Leptospirosis",2015,52,0,"IL",NA,NA,NA,NA
"181","Leptospirosis",2016,1,0,"IL",NA,NA,NA,NA
"182","Leptospirosis",2016,2,0,"IL",NA,NA,NA,NA
"183","Leptospirosis",2016,3,0,"IL",NA,NA,NA,NA
"184","Leptospirosis",2016,4,0,"IL",NA,NA,NA,NA
"185","Leptospirosis",2016,5,0,"IL",NA,NA,NA,NA
"186","Leptospirosis",2016,6,0,"IL",NA,NA,NA,NA
"187","Leptospirosis",2016,7,0,"IL",NA,NA,NA,NA
"188","Leptospirosis",2016,8,0,"IL",NA,NA,NA,NA
"189","Leptospirosis",2016,9,0,"IL",NA,NA,NA,NA
"190","Leptospirosis",2016,10,0,"IL",NA,NA,NA,NA
"191","Leptospirosis",2016,11,0,"IL",NA,NA,NA,NA
"192","Leptospirosis",2016,12,0,"IL",NA,NA,NA,NA
"193","Leptospirosis",2016,13,0.133333333333333,"IL",NA,NA,NA,NA
"194","Leptospirosis",2016,14,0,"IL",NA,NA,NA,NA
"195","Leptospirosis",2016,15,0,"IL",NA,NA,NA,NA
"196","Leptospirosis",2016,16,0,"IL",NA,NA,NA,NA
"197","Leptospirosis",2016,17,0,"IL",NA,NA,NA,NA
"198","Leptospirosis",2016,18,0,"IL",NA,NA,NA,NA
"199","Leptospirosis",2016,19,0,"IL",NA,NA,NA,NA
"200","Leptospirosis",2016,20,0,"IL",NA,NA,NA,NA
"201","Leptospirosis",2016,21,0.0666666666666667,"IL",NA,NA,NA,NA
"202","Leptospirosis",2016,22,0,"IL",NA,NA,NA,NA
"203","Leptospirosis",2016,23,0,"IL",NA,NA,NA,NA
"204","Leptospirosis",2016,24,0,"IL",NA,NA,NA,NA
"205","Leptospirosis",2016,25,0,"IL",NA,NA,NA,NA
"206","Leptospirosis",2016,26,0,"IL",NA,NA,NA,NA
"207","Leptospirosis",2016,27,0.0666666666666667,"IL",NA,NA,NA,NA
"208","Leptospirosis",2016,28,0.0666666666666667,"IL",NA,NA,NA,NA
"209","Leptospirosis",2016,29,0,"IL",NA,NA,NA,NA
"210","Leptospirosis",2016,30,0,"IL",NA,NA,NA,NA
"211","Leptospirosis",2016,31,0,"IL",NA,NA,NA,NA
"212","Leptospirosis",2016,32,0,"IL",NA,NA,NA,NA
"213","Leptospirosis",2016,33,0,"IL",NA,NA,NA,NA
"214","Leptospirosis",2016,34,0,"IL",NA,NA,NA,NA
"215","Leptospirosis",2016,35,0,"IL",NA,NA,NA,NA
"216","Leptospirosis",2016,36,0.0666666666666667,"IL",NA,NA,NA,NA
"217","Leptospirosis",2016,37,0,"IL",NA,NA,NA,NA
"218","Leptospirosis",2016,38,0,"IL",NA,NA,NA,NA
"219","Leptospirosis",2016,39,0,"IL",NA,NA,NA,NA
"220","Leptospirosis",2016,40,0,"IL",NA,NA,NA,NA
"221","Leptospirosis",2016,41,0,"IL",NA,NA,NA,NA
"222","Leptospirosis",2016,42,0,"IL",NA,NA,NA,NA
"223","Leptospirosis",2016,43,0,"IL",NA,NA,NA,NA
"224","Leptospirosis",2016,44,0,"IL",NA,NA,NA,NA
"225","Leptospirosis",2016,45,0,"IL",NA,NA,NA,NA
"226","Leptospirosis",2016,46,0,"IL",NA,NA,NA,NA
"227","Leptospirosis",2016,47,0,"IL",NA,NA,NA,NA
"228","Leptospirosis",2016,48,0,"IL",NA,NA,NA,NA
"229","Leptospirosis",2016,49,0,"IL",NA,NA,NA,NA
"230","Leptospirosis",2016,50,0,"IL",NA,NA,NA,NA
"231","Leptospirosis",2016,51,0.0666666666666667,"IL",NA,NA,NA,NA
"232","Leptospirosis",2016,52,0,"IL",NA,NA,NA,NA
"233","Leptospirosis",2017,1,0,"IL",NA,NA,NA,NA
"234","Leptospirosis",2017,2,0,"IL",NA,NA,NA,NA
"235","Leptospirosis",2017,3,0,"IL",NA,NA,NA,NA
"236","Leptospirosis",2017,4,0.133333333333333,"IL",NA,NA,NA,NA
"237","Leptospirosis",2017,5,0,"IL",NA,NA,NA,NA
"238","Leptospirosis",2017,6,0,"IL",NA,NA,NA,NA
"239","Leptospirosis",2017,7,0,"IL",NA,NA,NA,NA
"240","Leptospirosis",2017,8,0,"IL",NA,NA,NA,NA
"241","Leptospirosis",2017,9,0,"IL",NA,NA,NA,NA
"242","Leptospirosis",2017,10,0,"IL",NA,NA,NA,NA
"243","Leptospirosis",2017,11,0,"IL",NA,NA,NA,NA
"244","Leptospirosis",2017,12,0,"IL",NA,NA,NA,NA
"245","Leptospirosis",2017,13,0,"IL",NA,NA,NA,NA
"246","Leptospirosis",2017,14,0,"IL",NA,NA,NA,NA
"247","Leptospirosis",2017,15,0,"IL",NA,NA,NA,NA
"248","Leptospirosis",2017,16,0,"IL",NA,NA,NA,NA
"249","Leptospirosis",2017,17,0,"IL",NA,NA,NA,NA
"250","Leptospirosis",2017,18,0.0666666666666667,"IL",NA,NA,NA,NA
"251","Leptospirosis",2017,19,0,"IL",NA,NA,NA,NA
"252","Leptospirosis",2017,20,0,"IL",NA,NA,NA,NA
"253","Leptospirosis",2017,21,0,"IL",NA,NA,NA,NA
"254","Leptospirosis",2017,22,0,"IL",NA,NA,NA,NA
"255","Leptospirosis",2017,23,0,"IL",NA,NA,NA,NA
"256","Leptospirosis",2017,24,0,"IL",NA,NA,NA,NA
"257","Leptospirosis",2017,25,0,"IL",NA,NA,NA,NA
"258","Leptospirosis",2017,26,0,"IL",NA,NA,NA,NA
"259","Leptospirosis",2017,27,0,"IL",NA,NA,NA,NA
"260","Leptospirosis",2017,28,0.0666666666666667,"IL",NA,NA,NA,NA
"261","Leptospirosis",2017,29,0,"IL",NA,NA,NA,NA
"262","Leptospirosis",2017,30,0.0666666666666667,"IL",NA,NA,NA,NA
"263","Leptospirosis",2017,31,0,"IL",NA,NA,NA,NA
"264","Leptospirosis",2017,32,0,"IL",NA,NA,NA,NA
"265","Leptospirosis",2017,33,0,"IL",NA,NA,NA,NA
"266","Leptospirosis",2017,34,0,"IL",NA,NA,NA,NA
"267","Leptospirosis",2017,35,0.0666666666666667,"IL",NA,NA,NA,NA
"268","Leptospirosis",2017,36,0,"IL",NA,NA,NA,NA
"269","Leptospirosis",2017,37,0,"IL",NA,NA,NA,NA
"270","Leptospirosis",2017,38,0,"IL",NA,NA,NA,NA
"271","Leptospirosis",2017,39,0,"IL",NA,NA,NA,NA
"272","Leptospirosis",2017,40,0,"IL",NA,NA,NA,NA
"273","Leptospirosis",2017,41,0,"IL",NA,NA,NA,NA
"274","Leptospirosis",2017,42,0,"IL",NA,NA,NA,NA
"275","Leptospirosis",2017,43,0.0666666666666667,"IL",NA,NA,NA,NA
"276","Leptospirosis",2017,44,0,"IL",NA,NA,NA,NA
"277","Leptospirosis",2017,45,0,"IL",NA,NA,NA,NA
"278","Leptospirosis",2017,46,0,"IL",NA,NA,NA,NA
"279","Leptospirosis",2017,47,0,"IL",NA,NA,NA,NA
"280","Leptospirosis",2017,48,0,"IL",NA,NA,NA,NA
"281","Leptospirosis",2017,49,0,"IL",NA,NA,NA,NA
"282","Leptospirosis",2017,50,0.0666666666666667,"IL",NA,NA,NA,NA
"283","Leptospirosis",2017,51,0.0666666666666667,"IL",NA,NA,NA,NA
"284","Leptospirosis",2017,52,0.0666666666666667,"IL",NA,NA,NA,NA
"285","Leptospirosis",2018,1,0,"IL",NA,NA,NA,NA
"286","Leptospirosis",2018,2,0,"IL",NA,NA,NA,NA
"287","Leptospirosis",2018,3,0,"IL",NA,NA,NA,NA
"288","Leptospirosis",2018,4,0,"IL",NA,NA,NA,NA
"289","Leptospirosis",2018,5,0.133333333333333,"IL",NA,NA,NA,NA
"290","Leptospirosis",2018,6,0,"IL",NA,NA,NA,NA
"291","Leptospirosis",2018,7,0,"IL",NA,NA,NA,NA
"292","Leptospirosis",2018,8,0,"IL",NA,NA,NA,NA
"293","Leptospirosis",2018,9,0,"IL",NA,NA,NA,NA
"294","Leptospirosis",2018,10,0,"IL",NA,NA,NA,NA
"295","Leptospirosis",2018,11,0,"IL",NA,NA,NA,NA
"296","Leptospirosis",2018,12,0,"IL",NA,NA,NA,NA
"297","Leptospirosis",2018,13,0,"IL",NA,NA,NA,NA
"298","Leptospirosis",2018,14,0,"IL",NA,NA,NA,NA
"299","Leptospirosis",2018,15,0,"IL",NA,NA,NA,NA
"300","Leptospirosis",2018,16,0.0666666666666667,"IL",NA,NA,NA,NA
"301","Leptospirosis",2018,17,0,"IL",NA,NA,NA,NA
"302","Leptospirosis",2018,18,0,"IL",NA,NA,NA,NA
"303","Leptospirosis",2018,19,0,"IL",NA,NA,NA,NA
"304","Leptospirosis",2018,20,0,"IL",NA,NA,NA,NA
"305","Leptospirosis",2018,21,0,"IL",NA,NA,NA,NA
"306","Leptospirosis",2018,22,0,"IL",NA,NA,NA,NA
"307","Leptospirosis",2018,23,0,"IL",NA,NA,NA,NA
"308","Leptospirosis",2018,24,0,"IL",NA,NA,NA,NA
"309","Leptospirosis",2018,25,0,"IL",NA,NA,NA,NA
"310","Leptospirosis",2018,26,0,"IL",NA,NA,NA,NA
"311","Leptospirosis",2018,27,0,"IL",NA,NA,NA,NA
"312","Leptospirosis",2018,28,0,"IL",NA,NA,NA,NA
"313","Leptospirosis",2018,29,0,"IL",NA,NA,NA,NA
"314","Leptospirosis",2018,30,0.0666666666666667,"IL",NA,NA,NA,NA
"315","Leptospirosis",2018,31,0,"IL",NA,NA,NA,NA
"316","Leptospirosis",2018,32,0.0666666666666667,"IL",NA,NA,NA,NA
"317","Leptospirosis",2018,33,6.06666666666667,"IL",NA,NA,NA,NA
"318","Leptospirosis",2018,34,13.4666666666667,"IL",NA,NA,NA,NA
"319","Leptospirosis",2018,35,6.46666666666667,"IL",NA,NA,NA,NA
"320","Leptospirosis",2018,36,1.93333333333333,"IL",NA,NA,NA,NA
"321","Leptospirosis",2018,37,0.4,"IL",NA,NA,NA,NA
"322","Leptospirosis",2018,38,0.0666666666666667,"IL",NA,NA,NA,NA
"323","Leptospirosis",2018,39,0,"IL",NA,NA,NA,NA
"324","Leptospirosis",2018,40,0.266666666666667,"IL",NA,NA,NA,NA
"325","Leptospirosis",2018,41,0.2,"IL",NA,NA,NA,NA
"326","Leptospirosis",2018,42,0.4,"IL",NA,NA,NA,NA
"327","Leptospirosis",2018,43,2.2,"IL",NA,NA,NA,NA
"328","Leptospirosis",2018,44,0.133333333333333,"IL",NA,NA,NA,NA
"329","Leptospirosis",2018,45,0,"IL",NA,NA,NA,NA
"330","Leptospirosis",2018,46,0.133333333333333,"IL",NA,NA,NA,NA
"331","Leptospirosis",2018,47,0.0666666666666667,"IL",NA,NA,NA,NA
"332","Leptospirosis",2018,48,0,"IL",NA,NA,NA,NA
"333","Leptospirosis",2018,49,1.2,"IL",NA,NA,NA,NA
"334","Leptospirosis",2018,50,0,"IL",NA,NA,NA,NA
"335","Leptospirosis",2018,51,0,"IL",NA,NA,NA,NA
"336","Leptospirosis",2018,52,0,"IL",NA,NA,NA,NA
"337","Leptospirosis",2019,1,0,"IL",NA,NA,NA,NA
"338","Leptospirosis",2019,2,0,"IL",NA,NA,NA,NA
"339","Leptospirosis",2019,3,0.133333333333333,"IL",NA,NA,NA,NA
"340","Leptospirosis",2019,4,0,"IL",NA,NA,NA,NA
"341","Leptospirosis",2019,5,0.0666666666666667,"IL",NA,NA,NA,NA
"342","Leptospirosis",2019,6,0,"IL",NA,NA,NA,NA
"343","Leptospirosis",2019,7,0.0666666666666667,"IL",NA,NA,NA,NA
"344","Leptospirosis",2019,8,0,"IL",NA,NA,NA,NA
"345","Leptospirosis",2019,9,0,"IL",NA,NA,NA,NA
"346","Leptospirosis",2019,10,0,"IL",NA,NA,NA,NA
"347","Leptospirosis",2019,11,0,"IL",NA,NA,NA,NA
"348","Leptospirosis",2019,12,0,"IL",NA,NA,NA,NA
"349","Leptospirosis",2020,10,0,"IL",NA,NA,NA,NA
