"","Disease","EpiYear","EpiWeek","Incidence","ADM0","ADM1","ADM2","NA","NA"
"1","Rift Valley Fever",2012,23,0,"IL",NA,NA,NA,NA
"2","Rift Valley Fever",2012,24,0,"IL",NA,NA,NA,NA
"3","Rift Valley Fever",2012,25,0,"IL",NA,NA,NA,NA
"4","Rift Valley Fever",2012,26,0,"IL",NA,NA,NA,NA
"5","Rift Valley Fever",2012,27,0,"IL",NA,NA,NA,NA
"6","Rift Valley Fever",2012,28,0,"IL",NA,NA,NA,NA
"7","Rift Valley Fever",2012,29,0,"IL",NA,NA,NA,NA
"8","Rift Valley Fever",2012,30,0,"IL",NA,NA,NA,NA
"9","Rift Valley Fever",2012,31,0,"IL",NA,NA,NA,NA
"10","Rift Valley Fever",2012,32,0,"IL",NA,NA,NA,NA
"11","Rift Valley Fever",2012,33,0,"IL",NA,NA,NA,NA
"12","Rift Valley Fever",2012,34,0,"IL",NA,NA,NA,NA
"13","Rift Valley Fever",2012,35,0,"IL",NA,NA,NA,NA
"14","Rift Valley Fever",2012,36,0,"IL",NA,NA,NA,NA
"15","Rift Valley Fever",2012,37,0,"IL",NA,NA,NA,NA
"16","Rift Valley Fever",2012,38,0,"IL",NA,NA,NA,NA
"17","Rift Valley Fever",2012,39,0,"IL",NA,NA,NA,NA
"18","Rift Valley Fever",2012,40,0,"IL",NA,NA,NA,NA
"19","Rift Valley Fever",2012,41,0,"IL",NA,NA,NA,NA
"20","Rift Valley Fever",2012,42,0,"IL",NA,NA,NA,NA
"21","Rift Valley Fever",2012,43,0,"IL",NA,NA,NA,NA
"22","Rift Valley Fever",2012,44,0,"IL",NA,NA,NA,NA
"23","Rift Valley Fever",2012,45,0,"IL",NA,NA,NA,NA
"24","Rift Valley Fever",2012,46,0,"IL",NA,NA,NA,NA
"25","Rift Valley Fever",2012,47,0,"IL",NA,NA,NA,NA
"26","Rift Valley Fever",2012,48,0,"IL",NA,NA,NA,NA
"27","Rift Valley Fever",2012,49,0,"IL",NA,NA,NA,NA
"28","Rift Valley Fever",2012,50,0,"IL",NA,NA,NA,NA
"29","Rift Valley Fever",2012,51,0,"IL",NA,NA,NA,NA
"30","Rift Valley Fever",2012,52,0,"IL",NA,NA,NA,NA
"31","Rift Valley Fever",2013,1,0,"IL",NA,NA,NA,NA
"32","Rift Valley Fever",2013,2,0,"IL",NA,NA,NA,NA
"33","Rift Valley Fever",2013,3,0,"IL",NA,NA,NA,NA
"34","Rift Valley Fever",2013,5,0,"IL",NA,NA,NA,NA
"35","Rift Valley Fever",2013,6,0,"IL",NA,NA,NA,NA
"36","Rift Valley Fever",2013,7,0,"IL",NA,NA,NA,NA
"37","Rift Valley Fever",2013,8,0,"IL",NA,NA,NA,NA
"38","Rift Valley Fever",2013,9,0,"IL",NA,NA,NA,NA
"39","Rift Valley Fever",2013,10,0,"IL",NA,NA,NA,NA
"40","Rift Valley Fever",2013,11,0,"IL",NA,NA,NA,NA
"41","Rift Valley Fever",2013,12,0,"IL",NA,NA,NA,NA
"42","Rift Valley Fever",2013,13,0,"IL",NA,NA,NA,NA
"43","Rift Valley Fever",2013,14,0,"IL",NA,NA,NA,NA
"44","Rift Valley Fever",2013,15,0,"IL",NA,NA,NA,NA
"45","Rift Valley Fever",2013,16,0,"IL",NA,NA,NA,NA
"46","Rift Valley Fever",2013,17,0,"IL",NA,NA,NA,NA
"47","Rift Valley Fever",2013,18,0,"IL",NA,NA,NA,NA
"48","Rift Valley Fever",2013,19,0,"IL",NA,NA,NA,NA
"49","Rift Valley Fever",2013,20,0,"IL",NA,NA,NA,NA
"50","Rift Valley Fever",2013,21,0,"IL",NA,NA,NA,NA
"51","Rift Valley Fever",2013,22,0,"IL",NA,NA,NA,NA
"52","Rift Valley Fever",2013,23,0,"IL",NA,NA,NA,NA
"53","Rift Valley Fever",2013,24,0,"IL",NA,NA,NA,NA
"54","Rift Valley Fever",2013,25,0,"IL",NA,NA,NA,NA
"55","Rift Valley Fever",2013,26,0,"IL",NA,NA,NA,NA
"56","Rift Valley Fever",2013,27,0,"IL",NA,NA,NA,NA
"57","Rift Valley Fever",2013,28,0,"IL",NA,NA,NA,NA
"58","Rift Valley Fever",2013,29,0,"IL",NA,NA,NA,NA
"59","Rift Valley Fever",2013,30,0,"IL",NA,NA,NA,NA
"60","Rift Valley Fever",2013,31,0,"IL",NA,NA,NA,NA
"61","Rift Valley Fever",2013,33,0,"IL",NA,NA,NA,NA
"62","Rift Valley Fever",2013,34,0,"IL",NA,NA,NA,NA
"63","Rift Valley Fever",2013,35,0,"IL",NA,NA,NA,NA
"64","Rift Valley Fever",2013,36,0,"IL",NA,NA,NA,NA
"65","Rift Valley Fever",2013,37,0,"IL",NA,NA,NA,NA
"66","Rift Valley Fever",2013,38,0,"IL",NA,NA,NA,NA
"67","Rift Valley Fever",2013,40,0,"IL",NA,NA,NA,NA
"68","Rift Valley Fever",2013,41,0,"IL",NA,NA,NA,NA
"69","Rift Valley Fever",2013,42,0,"IL",NA,NA,NA,NA
"70","Rift Valley Fever",2013,43,0,"IL",NA,NA,NA,NA
"71","Rift Valley Fever",2013,44,0,"IL",NA,NA,NA,NA
"72","Rift Valley Fever",2013,45,0,"IL",NA,NA,NA,NA
"73","Rift Valley Fever",2013,46,0,"IL",NA,NA,NA,NA
"74","Rift Valley Fever",2013,47,0,"IL",NA,NA,NA,NA
"75","Rift Valley Fever",2013,48,0,"IL",NA,NA,NA,NA
"76","Rift Valley Fever",2013,49,0,"IL",NA,NA,NA,NA
"77","Rift Valley Fever",2013,50,0,"IL",NA,NA,NA,NA
"78","Rift Valley Fever",2013,51,0,"IL",NA,NA,NA,NA
"79","Rift Valley Fever",2013,52,0,"IL",NA,NA,NA,NA
"80","Rift Valley Fever",2014,1,0,"IL",NA,NA,NA,NA
"81","Rift Valley Fever",2014,2,0,"IL",NA,NA,NA,NA
"82","Rift Valley Fever",2014,3,0,"IL",NA,NA,NA,NA
"83","Rift Valley Fever",2014,5,0,"IL",NA,NA,NA,NA
"84","Rift Valley Fever",2014,6,0,"IL",NA,NA,NA,NA
"85","Rift Valley Fever",2014,7,0,"IL",NA,NA,NA,NA
"86","Rift Valley Fever",2014,8,0,"IL",NA,NA,NA,NA
"87","Rift Valley Fever",2014,9,0,"IL",NA,NA,NA,NA
"88","Rift Valley Fever",2014,10,0,"IL",NA,NA,NA,NA
"89","Rift Valley Fever",2014,11,0,"IL",NA,NA,NA,NA
"90","Rift Valley Fever",2014,12,0,"IL",NA,NA,NA,NA
"91","Rift Valley Fever",2014,13,0,"IL",NA,NA,NA,NA
"92","Rift Valley Fever",2014,14,0,"IL",NA,NA,NA,NA
"93","Rift Valley Fever",2014,16,0,"IL",NA,NA,NA,NA
"94","Rift Valley Fever",2014,17,0,"IL",NA,NA,NA,NA
"95","Rift Valley Fever",2014,18,0,"IL",NA,NA,NA,NA
"96","Rift Valley Fever",2014,19,0,"IL",NA,NA,NA,NA
"97","Rift Valley Fever",2014,20,0,"IL",NA,NA,NA,NA
"98","Rift Valley Fever",2014,21,0,"IL",NA,NA,NA,NA
"99","Rift Valley Fever",2014,22,0,"IL",NA,NA,NA,NA
"100","Rift Valley Fever",2014,23,0,"IL",NA,NA,NA,NA
"101","Rift Valley Fever",2014,24,0,"IL",NA,NA,NA,NA
"102","Rift Valley Fever",2014,25,0,"IL",NA,NA,NA,NA
"103","Rift Valley Fever",2014,26,0,"IL",NA,NA,NA,NA
"104","Rift Valley Fever",2014,27,0,"IL",NA,NA,NA,NA
"105","Rift Valley Fever",2014,28,0,"IL",NA,NA,NA,NA
"106","Rift Valley Fever",2014,29,0,"IL",NA,NA,NA,NA
"107","Rift Valley Fever",2014,30,0,"IL",NA,NA,NA,NA
"108","Rift Valley Fever",2014,31,0,"IL",NA,NA,NA,NA
"109","Rift Valley Fever",2014,32,0,"IL",NA,NA,NA,NA
"110","Rift Valley Fever",2014,33,0,"IL",NA,NA,NA,NA
"111","Rift Valley Fever",2014,34,0,"IL",NA,NA,NA,NA
"112","Rift Valley Fever",2014,35,0,"IL",NA,NA,NA,NA
"113","Rift Valley Fever",2014,36,0,"IL",NA,NA,NA,NA
"114","Rift Valley Fever",2014,37,0,"IL",NA,NA,NA,NA
"115","Rift Valley Fever",2014,38,0,"IL",NA,NA,NA,NA
"116","Rift Valley Fever",2014,39,0,"IL",NA,NA,NA,NA
"117","Rift Valley Fever",2014,40,0,"IL",NA,NA,NA,NA
"118","Rift Valley Fever",2014,41,0,"IL",NA,NA,NA,NA
"119","Rift Valley Fever",2014,42,0,"IL",NA,NA,NA,NA
"120","Rift Valley Fever",2014,43,0,"IL",NA,NA,NA,NA
"121","Rift Valley Fever",2014,44,0,"IL",NA,NA,NA,NA
"122","Rift Valley Fever",2014,45,0,"IL",NA,NA,NA,NA
"123","Rift Valley Fever",2014,46,0,"IL",NA,NA,NA,NA
"124","Rift Valley Fever",2014,47,0,"IL",NA,NA,NA,NA
"125","Rift Valley Fever",2014,48,0,"IL",NA,NA,NA,NA
"126","Rift Valley Fever",2014,49,0,"IL",NA,NA,NA,NA
"127","Rift Valley Fever",2014,50,0,"IL",NA,NA,NA,NA
"128","Rift Valley Fever",2014,51,0,"IL",NA,NA,NA,NA
"129","Rift Valley Fever",2014,52,0,"IL",NA,NA,NA,NA
"130","Rift Valley Fever",2014,53,0,"IL",NA,NA,NA,NA
"131","Rift Valley Fever",2015,1,0,"IL",NA,NA,NA,NA
"132","Rift Valley Fever",2015,2,0,"IL",NA,NA,NA,NA
"133","Rift Valley Fever",2015,3,0,"IL",NA,NA,NA,NA
"134","Rift Valley Fever",2015,5,0,"IL",NA,NA,NA,NA
"135","Rift Valley Fever",2015,6,0,"IL",NA,NA,NA,NA
"136","Rift Valley Fever",2015,7,0,"IL",NA,NA,NA,NA
"137","Rift Valley Fever",2015,8,0,"IL",NA,NA,NA,NA
"138","Rift Valley Fever",2015,9,0,"IL",NA,NA,NA,NA
"139","Rift Valley Fever",2015,10,0,"IL",NA,NA,NA,NA
"140","Rift Valley Fever",2015,11,0,"IL",NA,NA,NA,NA
"141","Rift Valley Fever",2015,12,0,"IL",NA,NA,NA,NA
"142","Rift Valley Fever",2015,13,0,"IL",NA,NA,NA,NA
"143","Rift Valley Fever",2015,15,0,"IL",NA,NA,NA,NA
"144","Rift Valley Fever",2015,16,0,"IL",NA,NA,NA,NA
"145","Rift Valley Fever",2015,17,0,"IL",NA,NA,NA,NA
"146","Rift Valley Fever",2015,18,0,"IL",NA,NA,NA,NA
"147","Rift Valley Fever",2015,19,0,"IL",NA,NA,NA,NA
"148","Rift Valley Fever",2015,20,0,"IL",NA,NA,NA,NA
"149","Rift Valley Fever",2015,21,0,"IL",NA,NA,NA,NA
"150","Rift Valley Fever",2015,22,0,"IL",NA,NA,NA,NA
"151","Rift Valley Fever",2015,23,0,"IL",NA,NA,NA,NA
"152","Rift Valley Fever",2015,24,0,"IL",NA,NA,NA,NA
"153","Rift Valley Fever",2015,25,0,"IL",NA,NA,NA,NA
"154","Rift Valley Fever",2015,26,0,"IL",NA,NA,NA,NA
"155","Rift Valley Fever",2015,27,0,"IL",NA,NA,NA,NA
"156","Rift Valley Fever",2015,28,0,"IL",NA,NA,NA,NA
"157","Rift Valley Fever",2015,29,0,"IL",NA,NA,NA,NA
"158","Rift Valley Fever",2015,30,0,"IL",NA,NA,NA,NA
"159","Rift Valley Fever",2015,31,0,"IL",NA,NA,NA,NA
"160","Rift Valley Fever",2015,32,0,"IL",NA,NA,NA,NA
"161","Rift Valley Fever",2015,33,0,"IL",NA,NA,NA,NA
"162","Rift Valley Fever",2015,34,0,"IL",NA,NA,NA,NA
"163","Rift Valley Fever",2015,35,0,"IL",NA,NA,NA,NA
"164","Rift Valley Fever",2015,36,0,"IL",NA,NA,NA,NA
"165","Rift Valley Fever",2015,37,0,"IL",NA,NA,NA,NA
"166","Rift Valley Fever",2015,38,0,"IL",NA,NA,NA,NA
"167","Rift Valley Fever",2015,39,0,"IL",NA,NA,NA,NA
"168","Rift Valley Fever",2015,40,0,"IL",NA,NA,NA,NA
"169","Rift Valley Fever",2015,41,0,"IL",NA,NA,NA,NA
"170","Rift Valley Fever",2015,42,0,"IL",NA,NA,NA,NA
"171","Rift Valley Fever",2015,43,0,"IL",NA,NA,NA,NA
"172","Rift Valley Fever",2015,44,0,"IL",NA,NA,NA,NA
"173","Rift Valley Fever",2015,45,0,"IL",NA,NA,NA,NA
"174","Rift Valley Fever",2015,46,0,"IL",NA,NA,NA,NA
"175","Rift Valley Fever",2015,47,0,"IL",NA,NA,NA,NA
"176","Rift Valley Fever",2015,48,0,"IL",NA,NA,NA,NA
"177","Rift Valley Fever",2015,49,0,"IL",NA,NA,NA,NA
"178","Rift Valley Fever",2015,50,0,"IL",NA,NA,NA,NA
"179","Rift Valley Fever",2015,51,0,"IL",NA,NA,NA,NA
"180","Rift Valley Fever",2015,52,0,"IL",NA,NA,NA,NA
"181","Rift Valley Fever",2016,1,0,"IL",NA,NA,NA,NA
"182","Rift Valley Fever",2016,2,0,"IL",NA,NA,NA,NA
"183","Rift Valley Fever",2016,3,0,"IL",NA,NA,NA,NA
"184","Rift Valley Fever",2016,4,0,"IL",NA,NA,NA,NA
"185","Rift Valley Fever",2016,5,0,"IL",NA,NA,NA,NA
"186","Rift Valley Fever",2016,6,0,"IL",NA,NA,NA,NA
"187","Rift Valley Fever",2016,7,0,"IL",NA,NA,NA,NA
"188","Rift Valley Fever",2016,8,0,"IL",NA,NA,NA,NA
"189","Rift Valley Fever",2016,9,0,"IL",NA,NA,NA,NA
"190","Rift Valley Fever",2016,10,0,"IL",NA,NA,NA,NA
"191","Rift Valley Fever",2016,11,0,"IL",NA,NA,NA,NA
"192","Rift Valley Fever",2016,12,0,"IL",NA,NA,NA,NA
"193","Rift Valley Fever",2016,13,0,"IL",NA,NA,NA,NA
"194","Rift Valley Fever",2016,14,0,"IL",NA,NA,NA,NA
"195","Rift Valley Fever",2016,15,0,"IL",NA,NA,NA,NA
"196","Rift Valley Fever",2016,16,0,"IL",NA,NA,NA,NA
"197","Rift Valley Fever",2016,17,0,"IL",NA,NA,NA,NA
"198","Rift Valley Fever",2016,18,0,"IL",NA,NA,NA,NA
"199","Rift Valley Fever",2016,19,0,"IL",NA,NA,NA,NA
"200","Rift Valley Fever",2016,20,0,"IL",NA,NA,NA,NA
"201","Rift Valley Fever",2016,21,0,"IL",NA,NA,NA,NA
"202","Rift Valley Fever",2016,22,0,"IL",NA,NA,NA,NA
"203","Rift Valley Fever",2016,23,0,"IL",NA,NA,NA,NA
"204","Rift Valley Fever",2016,24,0,"IL",NA,NA,NA,NA
"205","Rift Valley Fever",2016,25,0,"IL",NA,NA,NA,NA
"206","Rift Valley Fever",2016,26,0,"IL",NA,NA,NA,NA
"207","Rift Valley Fever",2016,27,0,"IL",NA,NA,NA,NA
"208","Rift Valley Fever",2016,28,0,"IL",NA,NA,NA,NA
"209","Rift Valley Fever",2016,29,0,"IL",NA,NA,NA,NA
"210","Rift Valley Fever",2016,30,0,"IL",NA,NA,NA,NA
"211","Rift Valley Fever",2016,31,0,"IL",NA,NA,NA,NA
"212","Rift Valley Fever",2016,32,0,"IL",NA,NA,NA,NA
"213","Rift Valley Fever",2016,33,0,"IL",NA,NA,NA,NA
"214","Rift Valley Fever",2016,34,0,"IL",NA,NA,NA,NA
"215","Rift Valley Fever",2016,35,0,"IL",NA,NA,NA,NA
"216","Rift Valley Fever",2016,36,0,"IL",NA,NA,NA,NA
"217","Rift Valley Fever",2016,37,0,"IL",NA,NA,NA,NA
"218","Rift Valley Fever",2016,38,0,"IL",NA,NA,NA,NA
"219","Rift Valley Fever",2016,39,0,"IL",NA,NA,NA,NA
"220","Rift Valley Fever",2016,40,0,"IL",NA,NA,NA,NA
"221","Rift Valley Fever",2016,41,0,"IL",NA,NA,NA,NA
"222","Rift Valley Fever",2016,42,0,"IL",NA,NA,NA,NA
"223","Rift Valley Fever",2016,43,0,"IL",NA,NA,NA,NA
"224","Rift Valley Fever",2016,44,0,"IL",NA,NA,NA,NA
"225","Rift Valley Fever",2016,45,0,"IL",NA,NA,NA,NA
"226","Rift Valley Fever",2016,46,0,"IL",NA,NA,NA,NA
"227","Rift Valley Fever",2016,47,0,"IL",NA,NA,NA,NA
"228","Rift Valley Fever",2016,48,0,"IL",NA,NA,NA,NA
"229","Rift Valley Fever",2016,49,0,"IL",NA,NA,NA,NA
"230","Rift Valley Fever",2016,50,0,"IL",NA,NA,NA,NA
"231","Rift Valley Fever",2016,51,0,"IL",NA,NA,NA,NA
"232","Rift Valley Fever",2016,52,0,"IL",NA,NA,NA,NA
"233","Rift Valley Fever",2017,1,0,"IL",NA,NA,NA,NA
"234","Rift Valley Fever",2017,2,0,"IL",NA,NA,NA,NA
"235","Rift Valley Fever",2017,3,0,"IL",NA,NA,NA,NA
"236","Rift Valley Fever",2017,4,0,"IL",NA,NA,NA,NA
"237","Rift Valley Fever",2017,5,0,"IL",NA,NA,NA,NA
"238","Rift Valley Fever",2017,6,0,"IL",NA,NA,NA,NA
"239","Rift Valley Fever",2017,7,0,"IL",NA,NA,NA,NA
"240","Rift Valley Fever",2017,8,0,"IL",NA,NA,NA,NA
"241","Rift Valley Fever",2017,9,0,"IL",NA,NA,NA,NA
"242","Rift Valley Fever",2017,10,0,"IL",NA,NA,NA,NA
"243","Rift Valley Fever",2017,11,0,"IL",NA,NA,NA,NA
"244","Rift Valley Fever",2017,12,0,"IL",NA,NA,NA,NA
"245","Rift Valley Fever",2017,13,0,"IL",NA,NA,NA,NA
"246","Rift Valley Fever",2017,14,0,"IL",NA,NA,NA,NA
"247","Rift Valley Fever",2017,15,0,"IL",NA,NA,NA,NA
"248","Rift Valley Fever",2017,16,0,"IL",NA,NA,NA,NA
"249","Rift Valley Fever",2017,17,0,"IL",NA,NA,NA,NA
"250","Rift Valley Fever",2017,18,0,"IL",NA,NA,NA,NA
"251","Rift Valley Fever",2017,19,0,"IL",NA,NA,NA,NA
"252","Rift Valley Fever",2017,20,0,"IL",NA,NA,NA,NA
"253","Rift Valley Fever",2017,21,0,"IL",NA,NA,NA,NA
"254","Rift Valley Fever",2017,22,0,"IL",NA,NA,NA,NA
"255","Rift Valley Fever",2017,23,0,"IL",NA,NA,NA,NA
"256","Rift Valley Fever",2017,24,0,"IL",NA,NA,NA,NA
"257","Rift Valley Fever",2017,25,0,"IL",NA,NA,NA,NA
"258","Rift Valley Fever",2017,26,0,"IL",NA,NA,NA,NA
"259","Rift Valley Fever",2017,27,0,"IL",NA,NA,NA,NA
"260","Rift Valley Fever",2017,28,0,"IL",NA,NA,NA,NA
"261","Rift Valley Fever",2017,29,0,"IL",NA,NA,NA,NA
"262","Rift Valley Fever",2017,30,0,"IL",NA,NA,NA,NA
"263","Rift Valley Fever",2017,31,0,"IL",NA,NA,NA,NA
"264","Rift Valley Fever",2017,32,0,"IL",NA,NA,NA,NA
"265","Rift Valley Fever",2017,33,0,"IL",NA,NA,NA,NA
"266","Rift Valley Fever",2017,34,0,"IL",NA,NA,NA,NA
"267","Rift Valley Fever",2017,35,0,"IL",NA,NA,NA,NA
"268","Rift Valley Fever",2017,36,0,"IL",NA,NA,NA,NA
"269","Rift Valley Fever",2017,37,0,"IL",NA,NA,NA,NA
"270","Rift Valley Fever",2017,38,0,"IL",NA,NA,NA,NA
"271","Rift Valley Fever",2017,39,0,"IL",NA,NA,NA,NA
"272","Rift Valley Fever",2017,40,0,"IL",NA,NA,NA,NA
"273","Rift Valley Fever",2017,41,0,"IL",NA,NA,NA,NA
"274","Rift Valley Fever",2017,42,0,"IL",NA,NA,NA,NA
"275","Rift Valley Fever",2017,43,0,"IL",NA,NA,NA,NA
"276","Rift Valley Fever",2017,44,0,"IL",NA,NA,NA,NA
"277","Rift Valley Fever",2017,45,0,"IL",NA,NA,NA,NA
"278","Rift Valley Fever",2017,46,0,"IL",NA,NA,NA,NA
"279","Rift Valley Fever",2017,47,0,"IL",NA,NA,NA,NA
"280","Rift Valley Fever",2017,48,0,"IL",NA,NA,NA,NA
"281","Rift Valley Fever",2017,49,0,"IL",NA,NA,NA,NA
"282","Rift Valley Fever",2017,50,0,"IL",NA,NA,NA,NA
"283","Rift Valley Fever",2017,51,0,"IL",NA,NA,NA,NA
"284","Rift Valley Fever",2017,52,0,"IL",NA,NA,NA,NA
"285","Rift Valley Fever",2018,1,0,"IL",NA,NA,NA,NA
"286","Rift Valley Fever",2018,2,0,"IL",NA,NA,NA,NA
"287","Rift Valley Fever",2018,3,0,"IL",NA,NA,NA,NA
"288","Rift Valley Fever",2018,4,0,"IL",NA,NA,NA,NA
"289","Rift Valley Fever",2018,5,0,"IL",NA,NA,NA,NA
"290","Rift Valley Fever",2018,6,0,"IL",NA,NA,NA,NA
"291","Rift Valley Fever",2018,7,0,"IL",NA,NA,NA,NA
"292","Rift Valley Fever",2018,8,0,"IL",NA,NA,NA,NA
"293","Rift Valley Fever",2018,9,0,"IL",NA,NA,NA,NA
"294","Rift Valley Fever",2018,10,0,"IL",NA,NA,NA,NA
"295","Rift Valley Fever",2018,11,0,"IL",NA,NA,NA,NA
"296","Rift Valley Fever",2018,12,0,"IL",NA,NA,NA,NA
"297","Rift Valley Fever",2018,13,0,"IL",NA,NA,NA,NA
"298","Rift Valley Fever",2018,14,0,"IL",NA,NA,NA,NA
"299","Rift Valley Fever",2018,15,0,"IL",NA,NA,NA,NA
"300","Rift Valley Fever",2018,16,0,"IL",NA,NA,NA,NA
"301","Rift Valley Fever",2018,17,0,"IL",NA,NA,NA,NA
"302","Rift Valley Fever",2018,18,0,"IL",NA,NA,NA,NA
"303","Rift Valley Fever",2018,19,0,"IL",NA,NA,NA,NA
"304","Rift Valley Fever",2018,20,0,"IL",NA,NA,NA,NA
"305","Rift Valley Fever",2018,21,0,"IL",NA,NA,NA,NA
"306","Rift Valley Fever",2018,22,0,"IL",NA,NA,NA,NA
"307","Rift Valley Fever",2018,23,0,"IL",NA,NA,NA,NA
"308","Rift Valley Fever",2018,24,0,"IL",NA,NA,NA,NA
"309","Rift Valley Fever",2018,25,0,"IL",NA,NA,NA,NA
"310","Rift Valley Fever",2018,26,0,"IL",NA,NA,NA,NA
"311","Rift Valley Fever",2018,27,0,"IL",NA,NA,NA,NA
"312","Rift Valley Fever",2018,28,0,"IL",NA,NA,NA,NA
"313","Rift Valley Fever",2018,29,0,"IL",NA,NA,NA,NA
"314","Rift Valley Fever",2018,30,0,"IL",NA,NA,NA,NA
"315","Rift Valley Fever",2018,31,0,"IL",NA,NA,NA,NA
"316","Rift Valley Fever",2018,32,0,"IL",NA,NA,NA,NA
"317","Rift Valley Fever",2018,33,0,"IL",NA,NA,NA,NA
"318","Rift Valley Fever",2018,34,0,"IL",NA,NA,NA,NA
"319","Rift Valley Fever",2018,35,0,"IL",NA,NA,NA,NA
"320","Rift Valley Fever",2018,36,0,"IL",NA,NA,NA,NA
"321","Rift Valley Fever",2018,37,0,"IL",NA,NA,NA,NA
"322","Rift Valley Fever",2018,38,0,"IL",NA,NA,NA,NA
"323","Rift Valley Fever",2018,39,0,"IL",NA,NA,NA,NA
"324","Rift Valley Fever",2018,40,0,"IL",NA,NA,NA,NA
"325","Rift Valley Fever",2018,41,0,"IL",NA,NA,NA,NA
"326","Rift Valley Fever",2018,42,0,"IL",NA,NA,NA,NA
"327","Rift Valley Fever",2018,43,0,"IL",NA,NA,NA,NA
"328","Rift Valley Fever",2018,44,0,"IL",NA,NA,NA,NA
"329","Rift Valley Fever",2018,45,0,"IL",NA,NA,NA,NA
"330","Rift Valley Fever",2018,46,0,"IL",NA,NA,NA,NA
"331","Rift Valley Fever",2018,47,0,"IL",NA,NA,NA,NA
"332","Rift Valley Fever",2018,48,0,"IL",NA,NA,NA,NA
"333","Rift Valley Fever",2018,49,0,"IL",NA,NA,NA,NA
"334","Rift Valley Fever",2018,50,0,"IL",NA,NA,NA,NA
"335","Rift Valley Fever",2018,51,0,"IL",NA,NA,NA,NA
"336","Rift Valley Fever",2018,52,0,"IL",NA,NA,NA,NA
"337","Rift Valley Fever",2019,1,0,"IL",NA,NA,NA,NA
"338","Rift Valley Fever",2019,2,0,"IL",NA,NA,NA,NA
"339","Rift Valley Fever",2019,3,0,"IL",NA,NA,NA,NA
"340","Rift Valley Fever",2019,4,0,"IL",NA,NA,NA,NA
"341","Rift Valley Fever",2019,5,0,"IL",NA,NA,NA,NA
"342","Rift Valley Fever",2019,6,0,"IL",NA,NA,NA,NA
"343","Rift Valley Fever",2019,7,0,"IL",NA,NA,NA,NA
"344","Rift Valley Fever",2019,8,0,"IL",NA,NA,NA,NA
"345","Rift Valley Fever",2019,9,0,"IL",NA,NA,NA,NA
"346","Rift Valley Fever",2019,10,0,"IL",NA,NA,NA,NA
"347","Rift Valley Fever",2019,11,0,"IL",NA,NA,NA,NA
"348","Rift Valley Fever",2019,12,0,"IL",NA,NA,NA,NA
"349","Rift Valley Fever",2020,10,0,"IL",NA,NA,NA,NA
