"","Disease","EpiYear","EpiWeek","Incidence","ADM0","ADM1","ADM2","NA","NA"
"1","Non-pneumonic Plague",2012,23,0,"IL",NA,NA,NA,NA
"2","Non-pneumonic Plague",2012,24,0,"IL",NA,NA,NA,NA
"3","Non-pneumonic Plague",2012,25,0,"IL",NA,NA,NA,NA
"4","Non-pneumonic Plague",2012,26,0,"IL",NA,NA,NA,NA
"5","Non-pneumonic Plague",2012,27,0,"IL",NA,NA,NA,NA
"6","Non-pneumonic Plague",2012,28,0,"IL",NA,NA,NA,NA
"7","Non-pneumonic Plague",2012,29,0,"IL",NA,NA,NA,NA
"8","Non-pneumonic Plague",2012,30,0,"IL",NA,NA,NA,NA
"9","Non-pneumonic Plague",2012,31,0,"IL",NA,NA,NA,NA
"10","Non-pneumonic Plague",2012,32,0,"IL",NA,NA,NA,NA
"11","Non-pneumonic Plague",2012,33,0,"IL",NA,NA,NA,NA
"12","Non-pneumonic Plague",2012,34,0,"IL",NA,NA,NA,NA
"13","Non-pneumonic Plague",2012,35,0,"IL",NA,NA,NA,NA
"14","Non-pneumonic Plague",2012,36,0,"IL",NA,NA,NA,NA
"15","Non-pneumonic Plague",2012,37,0,"IL",NA,NA,NA,NA
"16","Non-pneumonic Plague",2012,38,0,"IL",NA,NA,NA,NA
"17","Non-pneumonic Plague",2012,39,0,"IL",NA,NA,NA,NA
"18","Non-pneumonic Plague",2012,40,0,"IL",NA,NA,NA,NA
"19","Non-pneumonic Plague",2012,41,0,"IL",NA,NA,NA,NA
"20","Non-pneumonic Plague",2012,42,0,"IL",NA,NA,NA,NA
"21","Non-pneumonic Plague",2012,43,0,"IL",NA,NA,NA,NA
"22","Non-pneumonic Plague",2012,44,0,"IL",NA,NA,NA,NA
"23","Non-pneumonic Plague",2012,45,0,"IL",NA,NA,NA,NA
"24","Non-pneumonic Plague",2012,46,0,"IL",NA,NA,NA,NA
"25","Non-pneumonic Plague",2012,47,0,"IL",NA,NA,NA,NA
"26","Non-pneumonic Plague",2012,48,0,"IL",NA,NA,NA,NA
"27","Non-pneumonic Plague",2012,49,0,"IL",NA,NA,NA,NA
"28","Non-pneumonic Plague",2012,50,0,"IL",NA,NA,NA,NA
"29","Non-pneumonic Plague",2012,51,0,"IL",NA,NA,NA,NA
"30","Non-pneumonic Plague",2012,52,0,"IL",NA,NA,NA,NA
"31","Non-pneumonic Plague",2013,1,0,"IL",NA,NA,NA,NA
"32","Non-pneumonic Plague",2013,2,0,"IL",NA,NA,NA,NA
"33","Non-pneumonic Plague",2013,3,0,"IL",NA,NA,NA,NA
"34","Non-pneumonic Plague",2013,5,0,"IL",NA,NA,NA,NA
"35","Non-pneumonic Plague",2013,6,0,"IL",NA,NA,NA,NA
"36","Non-pneumonic Plague",2013,7,0,"IL",NA,NA,NA,NA
"37","Non-pneumonic Plague",2013,8,0,"IL",NA,NA,NA,NA
"38","Non-pneumonic Plague",2013,9,0,"IL",NA,NA,NA,NA
"39","Non-pneumonic Plague",2013,10,0,"IL",NA,NA,NA,NA
"40","Non-pneumonic Plague",2013,11,0,"IL",NA,NA,NA,NA
"41","Non-pneumonic Plague",2013,12,0,"IL",NA,NA,NA,NA
"42","Non-pneumonic Plague",2013,13,0,"IL",NA,NA,NA,NA
"43","Non-pneumonic Plague",2013,14,0,"IL",NA,NA,NA,NA
"44","Non-pneumonic Plague",2013,15,0,"IL",NA,NA,NA,NA
"45","Non-pneumonic Plague",2013,16,0,"IL",NA,NA,NA,NA
"46","Non-pneumonic Plague",2013,17,0,"IL",NA,NA,NA,NA
"47","Non-pneumonic Plague",2013,18,0,"IL",NA,NA,NA,NA
"48","Non-pneumonic Plague",2013,19,0,"IL",NA,NA,NA,NA
"49","Non-pneumonic Plague",2013,20,0,"IL",NA,NA,NA,NA
"50","Non-pneumonic Plague",2013,21,0,"IL",NA,NA,NA,NA
"51","Non-pneumonic Plague",2013,22,0,"IL",NA,NA,NA,NA
"52","Non-pneumonic Plague",2013,23,0,"IL",NA,NA,NA,NA
"53","Non-pneumonic Plague",2013,24,0,"IL",NA,NA,NA,NA
"54","Non-pneumonic Plague",2013,25,0,"IL",NA,NA,NA,NA
"55","Non-pneumonic Plague",2013,26,0,"IL",NA,NA,NA,NA
"56","Non-pneumonic Plague",2013,27,0,"IL",NA,NA,NA,NA
"57","Non-pneumonic Plague",2013,28,0,"IL",NA,NA,NA,NA
"58","Non-pneumonic Plague",2013,29,0,"IL",NA,NA,NA,NA
"59","Non-pneumonic Plague",2013,30,0,"IL",NA,NA,NA,NA
"60","Non-pneumonic Plague",2013,31,0,"IL",NA,NA,NA,NA
"61","Non-pneumonic Plague",2013,33,0,"IL",NA,NA,NA,NA
"62","Non-pneumonic Plague",2013,34,0,"IL",NA,NA,NA,NA
"63","Non-pneumonic Plague",2013,35,0,"IL",NA,NA,NA,NA
"64","Non-pneumonic Plague",2013,36,0,"IL",NA,NA,NA,NA
"65","Non-pneumonic Plague",2013,37,0,"IL",NA,NA,NA,NA
"66","Non-pneumonic Plague",2013,38,0,"IL",NA,NA,NA,NA
"67","Non-pneumonic Plague",2013,40,0,"IL",NA,NA,NA,NA
"68","Non-pneumonic Plague",2013,41,0,"IL",NA,NA,NA,NA
"69","Non-pneumonic Plague",2013,42,0,"IL",NA,NA,NA,NA
"70","Non-pneumonic Plague",2013,43,0,"IL",NA,NA,NA,NA
"71","Non-pneumonic Plague",2013,44,0,"IL",NA,NA,NA,NA
"72","Non-pneumonic Plague",2013,45,0,"IL",NA,NA,NA,NA
"73","Non-pneumonic Plague",2013,46,0,"IL",NA,NA,NA,NA
"74","Non-pneumonic Plague",2013,47,0,"IL",NA,NA,NA,NA
"75","Non-pneumonic Plague",2013,48,0,"IL",NA,NA,NA,NA
"76","Non-pneumonic Plague",2013,49,0,"IL",NA,NA,NA,NA
"77","Non-pneumonic Plague",2013,50,0,"IL",NA,NA,NA,NA
"78","Non-pneumonic Plague",2013,51,0,"IL",NA,NA,NA,NA
"79","Non-pneumonic Plague",2013,52,0,"IL",NA,NA,NA,NA
"80","Non-pneumonic Plague",2014,1,0,"IL",NA,NA,NA,NA
"81","Non-pneumonic Plague",2014,2,0,"IL",NA,NA,NA,NA
"82","Non-pneumonic Plague",2014,3,0,"IL",NA,NA,NA,NA
"83","Non-pneumonic Plague",2014,5,0,"IL",NA,NA,NA,NA
"84","Non-pneumonic Plague",2014,6,0,"IL",NA,NA,NA,NA
"85","Non-pneumonic Plague",2014,7,0,"IL",NA,NA,NA,NA
"86","Non-pneumonic Plague",2014,8,0,"IL",NA,NA,NA,NA
"87","Non-pneumonic Plague",2014,9,0,"IL",NA,NA,NA,NA
"88","Non-pneumonic Plague",2014,10,0,"IL",NA,NA,NA,NA
"89","Non-pneumonic Plague",2014,11,0,"IL",NA,NA,NA,NA
"90","Non-pneumonic Plague",2014,12,0,"IL",NA,NA,NA,NA
"91","Non-pneumonic Plague",2014,13,0,"IL",NA,NA,NA,NA
"92","Non-pneumonic Plague",2014,14,0,"IL",NA,NA,NA,NA
"93","Non-pneumonic Plague",2014,16,0,"IL",NA,NA,NA,NA
"94","Non-pneumonic Plague",2014,17,0,"IL",NA,NA,NA,NA
"95","Non-pneumonic Plague",2014,18,0,"IL",NA,NA,NA,NA
"96","Non-pneumonic Plague",2014,19,0,"IL",NA,NA,NA,NA
"97","Non-pneumonic Plague",2014,20,0,"IL",NA,NA,NA,NA
"98","Non-pneumonic Plague",2014,21,0,"IL",NA,NA,NA,NA
"99","Non-pneumonic Plague",2014,22,0,"IL",NA,NA,NA,NA
"100","Non-pneumonic Plague",2014,23,0,"IL",NA,NA,NA,NA
"101","Non-pneumonic Plague",2014,24,0,"IL",NA,NA,NA,NA
"102","Non-pneumonic Plague",2014,25,0,"IL",NA,NA,NA,NA
"103","Non-pneumonic Plague",2014,26,0,"IL",NA,NA,NA,NA
"104","Non-pneumonic Plague",2014,27,0,"IL",NA,NA,NA,NA
"105","Non-pneumonic Plague",2014,28,0,"IL",NA,NA,NA,NA
"106","Non-pneumonic Plague",2014,29,0,"IL",NA,NA,NA,NA
"107","Non-pneumonic Plague",2014,30,0,"IL",NA,NA,NA,NA
"108","Non-pneumonic Plague",2014,31,0,"IL",NA,NA,NA,NA
"109","Non-pneumonic Plague",2014,32,0,"IL",NA,NA,NA,NA
"110","Non-pneumonic Plague",2014,33,0,"IL",NA,NA,NA,NA
"111","Non-pneumonic Plague",2014,34,0,"IL",NA,NA,NA,NA
"112","Non-pneumonic Plague",2014,35,0,"IL",NA,NA,NA,NA
"113","Non-pneumonic Plague",2014,36,0,"IL",NA,NA,NA,NA
"114","Non-pneumonic Plague",2014,37,0,"IL",NA,NA,NA,NA
"115","Non-pneumonic Plague",2014,38,0,"IL",NA,NA,NA,NA
"116","Non-pneumonic Plague",2014,39,0,"IL",NA,NA,NA,NA
"117","Non-pneumonic Plague",2014,40,0,"IL",NA,NA,NA,NA
"118","Non-pneumonic Plague",2014,41,0,"IL",NA,NA,NA,NA
"119","Non-pneumonic Plague",2014,42,0,"IL",NA,NA,NA,NA
"120","Non-pneumonic Plague",2014,43,0,"IL",NA,NA,NA,NA
"121","Non-pneumonic Plague",2014,44,0,"IL",NA,NA,NA,NA
"122","Non-pneumonic Plague",2014,45,0,"IL",NA,NA,NA,NA
"123","Non-pneumonic Plague",2014,46,0,"IL",NA,NA,NA,NA
"124","Non-pneumonic Plague",2014,47,0,"IL",NA,NA,NA,NA
"125","Non-pneumonic Plague",2014,48,0,"IL",NA,NA,NA,NA
"126","Non-pneumonic Plague",2014,49,0,"IL",NA,NA,NA,NA
"127","Non-pneumonic Plague",2014,50,0,"IL",NA,NA,NA,NA
"128","Non-pneumonic Plague",2014,51,0,"IL",NA,NA,NA,NA
"129","Non-pneumonic Plague",2014,52,0,"IL",NA,NA,NA,NA
"130","Non-pneumonic Plague",2014,53,0,"IL",NA,NA,NA,NA
"131","Non-pneumonic Plague",2015,1,0,"IL",NA,NA,NA,NA
"132","Non-pneumonic Plague",2015,2,0,"IL",NA,NA,NA,NA
"133","Non-pneumonic Plague",2015,3,0,"IL",NA,NA,NA,NA
"134","Non-pneumonic Plague",2015,5,0,"IL",NA,NA,NA,NA
"135","Non-pneumonic Plague",2015,6,0,"IL",NA,NA,NA,NA
"136","Non-pneumonic Plague",2015,7,0,"IL",NA,NA,NA,NA
"137","Non-pneumonic Plague",2015,8,0,"IL",NA,NA,NA,NA
"138","Non-pneumonic Plague",2015,9,0,"IL",NA,NA,NA,NA
"139","Non-pneumonic Plague",2015,10,0,"IL",NA,NA,NA,NA
"140","Non-pneumonic Plague",2015,11,0,"IL",NA,NA,NA,NA
"141","Non-pneumonic Plague",2015,12,0,"IL",NA,NA,NA,NA
"142","Non-pneumonic Plague",2015,13,0,"IL",NA,NA,NA,NA
"143","Non-pneumonic Plague",2015,15,0,"IL",NA,NA,NA,NA
"144","Non-pneumonic Plague",2015,16,0,"IL",NA,NA,NA,NA
"145","Non-pneumonic Plague",2015,17,0,"IL",NA,NA,NA,NA
"146","Non-pneumonic Plague",2015,18,0,"IL",NA,NA,NA,NA
"147","Non-pneumonic Plague",2015,19,0,"IL",NA,NA,NA,NA
"148","Non-pneumonic Plague",2015,20,0,"IL",NA,NA,NA,NA
"149","Non-pneumonic Plague",2015,21,0,"IL",NA,NA,NA,NA
"150","Non-pneumonic Plague",2015,22,0,"IL",NA,NA,NA,NA
"151","Non-pneumonic Plague",2015,23,0,"IL",NA,NA,NA,NA
"152","Non-pneumonic Plague",2015,24,0,"IL",NA,NA,NA,NA
"153","Non-pneumonic Plague",2015,25,0,"IL",NA,NA,NA,NA
"154","Non-pneumonic Plague",2015,26,0,"IL",NA,NA,NA,NA
"155","Non-pneumonic Plague",2015,27,0,"IL",NA,NA,NA,NA
"156","Non-pneumonic Plague",2015,28,0,"IL",NA,NA,NA,NA
"157","Non-pneumonic Plague",2015,29,0,"IL",NA,NA,NA,NA
"158","Non-pneumonic Plague",2015,30,0,"IL",NA,NA,NA,NA
"159","Non-pneumonic Plague",2015,31,0,"IL",NA,NA,NA,NA
"160","Non-pneumonic Plague",2015,32,0,"IL",NA,NA,NA,NA
"161","Non-pneumonic Plague",2015,33,0,"IL",NA,NA,NA,NA
"162","Non-pneumonic Plague",2015,34,0,"IL",NA,NA,NA,NA
"163","Non-pneumonic Plague",2015,35,0,"IL",NA,NA,NA,NA
"164","Non-pneumonic Plague",2015,36,0,"IL",NA,NA,NA,NA
"165","Non-pneumonic Plague",2015,37,0,"IL",NA,NA,NA,NA
"166","Non-pneumonic Plague",2015,38,0,"IL",NA,NA,NA,NA
"167","Non-pneumonic Plague",2015,39,0,"IL",NA,NA,NA,NA
"168","Non-pneumonic Plague",2015,40,0,"IL",NA,NA,NA,NA
"169","Non-pneumonic Plague",2015,41,0,"IL",NA,NA,NA,NA
"170","Non-pneumonic Plague",2015,42,0,"IL",NA,NA,NA,NA
"171","Non-pneumonic Plague",2015,43,0,"IL",NA,NA,NA,NA
"172","Non-pneumonic Plague",2015,44,0,"IL",NA,NA,NA,NA
"173","Non-pneumonic Plague",2015,45,0,"IL",NA,NA,NA,NA
"174","Non-pneumonic Plague",2015,46,0,"IL",NA,NA,NA,NA
"175","Non-pneumonic Plague",2015,47,0,"IL",NA,NA,NA,NA
"176","Non-pneumonic Plague",2015,48,0,"IL",NA,NA,NA,NA
"177","Non-pneumonic Plague",2015,49,0,"IL",NA,NA,NA,NA
"178","Non-pneumonic Plague",2015,50,0,"IL",NA,NA,NA,NA
"179","Non-pneumonic Plague",2015,51,0,"IL",NA,NA,NA,NA
"180","Non-pneumonic Plague",2015,52,0,"IL",NA,NA,NA,NA
"181","Non-pneumonic Plague",2016,1,0,"IL",NA,NA,NA,NA
"182","Non-pneumonic Plague",2016,2,0,"IL",NA,NA,NA,NA
"183","Non-pneumonic Plague",2016,3,0,"IL",NA,NA,NA,NA
"184","Non-pneumonic Plague",2016,4,0,"IL",NA,NA,NA,NA
"185","Non-pneumonic Plague",2016,5,0,"IL",NA,NA,NA,NA
"186","Non-pneumonic Plague",2016,6,0,"IL",NA,NA,NA,NA
"187","Non-pneumonic Plague",2016,7,0,"IL",NA,NA,NA,NA
"188","Non-pneumonic Plague",2016,8,0,"IL",NA,NA,NA,NA
"189","Non-pneumonic Plague",2016,9,0,"IL",NA,NA,NA,NA
"190","Non-pneumonic Plague",2016,10,0,"IL",NA,NA,NA,NA
"191","Non-pneumonic Plague",2016,11,0,"IL",NA,NA,NA,NA
"192","Non-pneumonic Plague",2016,12,0,"IL",NA,NA,NA,NA
"193","Non-pneumonic Plague",2016,13,0,"IL",NA,NA,NA,NA
"194","Non-pneumonic Plague",2016,14,0,"IL",NA,NA,NA,NA
"195","Non-pneumonic Plague",2016,15,0,"IL",NA,NA,NA,NA
"196","Non-pneumonic Plague",2016,16,0,"IL",NA,NA,NA,NA
"197","Non-pneumonic Plague",2016,17,0,"IL",NA,NA,NA,NA
"198","Non-pneumonic Plague",2016,18,0,"IL",NA,NA,NA,NA
"199","Non-pneumonic Plague",2016,19,0,"IL",NA,NA,NA,NA
"200","Non-pneumonic Plague",2016,20,0,"IL",NA,NA,NA,NA
"201","Non-pneumonic Plague",2016,21,0,"IL",NA,NA,NA,NA
"202","Non-pneumonic Plague",2016,22,0,"IL",NA,NA,NA,NA
"203","Non-pneumonic Plague",2016,23,0,"IL",NA,NA,NA,NA
"204","Non-pneumonic Plague",2016,24,0,"IL",NA,NA,NA,NA
"205","Non-pneumonic Plague",2016,25,0,"IL",NA,NA,NA,NA
"206","Non-pneumonic Plague",2016,26,0,"IL",NA,NA,NA,NA
"207","Non-pneumonic Plague",2016,27,0,"IL",NA,NA,NA,NA
"208","Non-pneumonic Plague",2016,28,0,"IL",NA,NA,NA,NA
"209","Non-pneumonic Plague",2016,29,0,"IL",NA,NA,NA,NA
"210","Non-pneumonic Plague",2016,30,0,"IL",NA,NA,NA,NA
"211","Non-pneumonic Plague",2016,31,0,"IL",NA,NA,NA,NA
"212","Non-pneumonic Plague",2016,32,0,"IL",NA,NA,NA,NA
"213","Non-pneumonic Plague",2016,33,0,"IL",NA,NA,NA,NA
"214","Non-pneumonic Plague",2016,34,0,"IL",NA,NA,NA,NA
"215","Non-pneumonic Plague",2016,35,0,"IL",NA,NA,NA,NA
"216","Non-pneumonic Plague",2016,36,0,"IL",NA,NA,NA,NA
"217","Non-pneumonic Plague",2016,37,0,"IL",NA,NA,NA,NA
"218","Non-pneumonic Plague",2016,38,0,"IL",NA,NA,NA,NA
"219","Non-pneumonic Plague",2016,39,0,"IL",NA,NA,NA,NA
"220","Non-pneumonic Plague",2016,40,0,"IL",NA,NA,NA,NA
"221","Non-pneumonic Plague",2016,41,0,"IL",NA,NA,NA,NA
"222","Non-pneumonic Plague",2016,42,0,"IL",NA,NA,NA,NA
"223","Non-pneumonic Plague",2016,43,0,"IL",NA,NA,NA,NA
"224","Non-pneumonic Plague",2016,44,0,"IL",NA,NA,NA,NA
"225","Non-pneumonic Plague",2016,45,0,"IL",NA,NA,NA,NA
"226","Non-pneumonic Plague",2016,46,0,"IL",NA,NA,NA,NA
"227","Non-pneumonic Plague",2016,47,0,"IL",NA,NA,NA,NA
"228","Non-pneumonic Plague",2016,48,0,"IL",NA,NA,NA,NA
"229","Non-pneumonic Plague",2016,49,0,"IL",NA,NA,NA,NA
"230","Non-pneumonic Plague",2016,50,0,"IL",NA,NA,NA,NA
"231","Non-pneumonic Plague",2016,51,0,"IL",NA,NA,NA,NA
"232","Non-pneumonic Plague",2016,52,0,"IL",NA,NA,NA,NA
"233","Non-pneumonic Plague",2017,1,0,"IL",NA,NA,NA,NA
"234","Non-pneumonic Plague",2017,2,0,"IL",NA,NA,NA,NA
"235","Non-pneumonic Plague",2017,3,0,"IL",NA,NA,NA,NA
"236","Non-pneumonic Plague",2017,4,0,"IL",NA,NA,NA,NA
"237","Non-pneumonic Plague",2017,5,0,"IL",NA,NA,NA,NA
"238","Non-pneumonic Plague",2017,6,0,"IL",NA,NA,NA,NA
"239","Non-pneumonic Plague",2017,7,0,"IL",NA,NA,NA,NA
"240","Non-pneumonic Plague",2017,8,0,"IL",NA,NA,NA,NA
"241","Non-pneumonic Plague",2017,9,0,"IL",NA,NA,NA,NA
"242","Non-pneumonic Plague",2017,10,0,"IL",NA,NA,NA,NA
"243","Non-pneumonic Plague",2017,11,0,"IL",NA,NA,NA,NA
"244","Non-pneumonic Plague",2017,12,0,"IL",NA,NA,NA,NA
"245","Non-pneumonic Plague",2017,13,0,"IL",NA,NA,NA,NA
"246","Non-pneumonic Plague",2017,14,0,"IL",NA,NA,NA,NA
"247","Non-pneumonic Plague",2017,15,0,"IL",NA,NA,NA,NA
"248","Non-pneumonic Plague",2017,16,0,"IL",NA,NA,NA,NA
"249","Non-pneumonic Plague",2017,17,0,"IL",NA,NA,NA,NA
"250","Non-pneumonic Plague",2017,18,0,"IL",NA,NA,NA,NA
"251","Non-pneumonic Plague",2017,19,0,"IL",NA,NA,NA,NA
"252","Non-pneumonic Plague",2017,20,0,"IL",NA,NA,NA,NA
"253","Non-pneumonic Plague",2017,21,0,"IL",NA,NA,NA,NA
"254","Non-pneumonic Plague",2017,22,0,"IL",NA,NA,NA,NA
"255","Non-pneumonic Plague",2017,23,0,"IL",NA,NA,NA,NA
"256","Non-pneumonic Plague",2017,24,0,"IL",NA,NA,NA,NA
"257","Non-pneumonic Plague",2017,25,0,"IL",NA,NA,NA,NA
"258","Non-pneumonic Plague",2017,26,0,"IL",NA,NA,NA,NA
"259","Non-pneumonic Plague",2017,27,0,"IL",NA,NA,NA,NA
"260","Non-pneumonic Plague",2017,28,0,"IL",NA,NA,NA,NA
"261","Non-pneumonic Plague",2017,29,0,"IL",NA,NA,NA,NA
"262","Non-pneumonic Plague",2017,30,0,"IL",NA,NA,NA,NA
"263","Non-pneumonic Plague",2017,31,0,"IL",NA,NA,NA,NA
"264","Non-pneumonic Plague",2017,32,0,"IL",NA,NA,NA,NA
"265","Non-pneumonic Plague",2017,33,0,"IL",NA,NA,NA,NA
"266","Non-pneumonic Plague",2017,34,0,"IL",NA,NA,NA,NA
"267","Non-pneumonic Plague",2017,35,0,"IL",NA,NA,NA,NA
"268","Non-pneumonic Plague",2017,36,0,"IL",NA,NA,NA,NA
"269","Non-pneumonic Plague",2017,37,0,"IL",NA,NA,NA,NA
"270","Non-pneumonic Plague",2017,38,0,"IL",NA,NA,NA,NA
"271","Non-pneumonic Plague",2017,39,0,"IL",NA,NA,NA,NA
"272","Non-pneumonic Plague",2017,40,0,"IL",NA,NA,NA,NA
"273","Non-pneumonic Plague",2017,41,0,"IL",NA,NA,NA,NA
"274","Non-pneumonic Plague",2017,42,0,"IL",NA,NA,NA,NA
"275","Non-pneumonic Plague",2017,43,0,"IL",NA,NA,NA,NA
"276","Non-pneumonic Plague",2017,44,0,"IL",NA,NA,NA,NA
"277","Non-pneumonic Plague",2017,45,0,"IL",NA,NA,NA,NA
"278","Non-pneumonic Plague",2017,46,0,"IL",NA,NA,NA,NA
"279","Non-pneumonic Plague",2017,47,0,"IL",NA,NA,NA,NA
"280","Non-pneumonic Plague",2017,48,0,"IL",NA,NA,NA,NA
"281","Non-pneumonic Plague",2017,49,0,"IL",NA,NA,NA,NA
"282","Non-pneumonic Plague",2017,50,0,"IL",NA,NA,NA,NA
"283","Non-pneumonic Plague",2017,51,0,"IL",NA,NA,NA,NA
"284","Non-pneumonic Plague",2017,52,0,"IL",NA,NA,NA,NA
"285","Non-pneumonic Plague",2018,1,0,"IL",NA,NA,NA,NA
"286","Non-pneumonic Plague",2018,2,0,"IL",NA,NA,NA,NA
"287","Non-pneumonic Plague",2018,3,0,"IL",NA,NA,NA,NA
"288","Non-pneumonic Plague",2018,4,0,"IL",NA,NA,NA,NA
"289","Non-pneumonic Plague",2018,5,0,"IL",NA,NA,NA,NA
"290","Non-pneumonic Plague",2018,6,0,"IL",NA,NA,NA,NA
"291","Non-pneumonic Plague",2018,7,0,"IL",NA,NA,NA,NA
"292","Non-pneumonic Plague",2018,8,0,"IL",NA,NA,NA,NA
"293","Non-pneumonic Plague",2018,9,0,"IL",NA,NA,NA,NA
"294","Non-pneumonic Plague",2018,10,0,"IL",NA,NA,NA,NA
"295","Non-pneumonic Plague",2018,11,0,"IL",NA,NA,NA,NA
"296","Non-pneumonic Plague",2018,12,0,"IL",NA,NA,NA,NA
"297","Non-pneumonic Plague",2018,13,0,"IL",NA,NA,NA,NA
"298","Non-pneumonic Plague",2018,14,0,"IL",NA,NA,NA,NA
"299","Non-pneumonic Plague",2018,15,0,"IL",NA,NA,NA,NA
"300","Non-pneumonic Plague",2018,16,0,"IL",NA,NA,NA,NA
"301","Non-pneumonic Plague",2018,17,0,"IL",NA,NA,NA,NA
"302","Non-pneumonic Plague",2018,18,0,"IL",NA,NA,NA,NA
"303","Non-pneumonic Plague",2018,19,0,"IL",NA,NA,NA,NA
"304","Non-pneumonic Plague",2018,20,0,"IL",NA,NA,NA,NA
"305","Non-pneumonic Plague",2018,21,0,"IL",NA,NA,NA,NA
"306","Non-pneumonic Plague",2018,22,0,"IL",NA,NA,NA,NA
"307","Non-pneumonic Plague",2018,23,0,"IL",NA,NA,NA,NA
"308","Non-pneumonic Plague",2018,24,0,"IL",NA,NA,NA,NA
"309","Non-pneumonic Plague",2018,25,0,"IL",NA,NA,NA,NA
"310","Non-pneumonic Plague",2018,26,0,"IL",NA,NA,NA,NA
"311","Non-pneumonic Plague",2018,27,0,"IL",NA,NA,NA,NA
"312","Non-pneumonic Plague",2018,28,0,"IL",NA,NA,NA,NA
"313","Non-pneumonic Plague",2018,29,0,"IL",NA,NA,NA,NA
"314","Non-pneumonic Plague",2018,30,0,"IL",NA,NA,NA,NA
"315","Non-pneumonic Plague",2018,31,0,"IL",NA,NA,NA,NA
"316","Non-pneumonic Plague",2018,32,0,"IL",NA,NA,NA,NA
"317","Non-pneumonic Plague",2018,33,0,"IL",NA,NA,NA,NA
"318","Non-pneumonic Plague",2018,34,0,"IL",NA,NA,NA,NA
"319","Non-pneumonic Plague",2018,35,0,"IL",NA,NA,NA,NA
"320","Non-pneumonic Plague",2018,36,0,"IL",NA,NA,NA,NA
"321","Non-pneumonic Plague",2018,37,0,"IL",NA,NA,NA,NA
"322","Non-pneumonic Plague",2018,38,0,"IL",NA,NA,NA,NA
"323","Non-pneumonic Plague",2018,39,0,"IL",NA,NA,NA,NA
"324","Non-pneumonic Plague",2018,40,0,"IL",NA,NA,NA,NA
"325","Non-pneumonic Plague",2018,41,0,"IL",NA,NA,NA,NA
"326","Non-pneumonic Plague",2018,42,0,"IL",NA,NA,NA,NA
"327","Non-pneumonic Plague",2018,43,0,"IL",NA,NA,NA,NA
"328","Non-pneumonic Plague",2018,44,0,"IL",NA,NA,NA,NA
"329","Non-pneumonic Plague",2018,45,0,"IL",NA,NA,NA,NA
"330","Non-pneumonic Plague",2018,46,0,"IL",NA,NA,NA,NA
"331","Non-pneumonic Plague",2018,47,0,"IL",NA,NA,NA,NA
"332","Non-pneumonic Plague",2018,48,0,"IL",NA,NA,NA,NA
"333","Non-pneumonic Plague",2018,49,0,"IL",NA,NA,NA,NA
"334","Non-pneumonic Plague",2018,50,0,"IL",NA,NA,NA,NA
"335","Non-pneumonic Plague",2018,51,0,"IL",NA,NA,NA,NA
"336","Non-pneumonic Plague",2018,52,0,"IL",NA,NA,NA,NA
"337","Non-pneumonic Plague",2019,1,0,"IL",NA,NA,NA,NA
"338","Non-pneumonic Plague",2019,2,0,"IL",NA,NA,NA,NA
"339","Non-pneumonic Plague",2019,3,0,"IL",NA,NA,NA,NA
"340","Non-pneumonic Plague",2019,4,0,"IL",NA,NA,NA,NA
"341","Non-pneumonic Plague",2019,5,0,"IL",NA,NA,NA,NA
"342","Non-pneumonic Plague",2019,6,0,"IL",NA,NA,NA,NA
"343","Non-pneumonic Plague",2019,7,0,"IL",NA,NA,NA,NA
"344","Non-pneumonic Plague",2019,8,0,"IL",NA,NA,NA,NA
"345","Non-pneumonic Plague",2019,9,0,"IL",NA,NA,NA,NA
"346","Non-pneumonic Plague",2019,10,0,"IL",NA,NA,NA,NA
"347","Non-pneumonic Plague",2019,11,0,"IL",NA,NA,NA,NA
"348","Non-pneumonic Plague",2019,12,0,"IL",NA,NA,NA,NA
"349","Non-pneumonic Plague",2020,10,0,"IL",NA,NA,NA,NA
