"","Disease","EpiYear","EpiWeek","Incidence","ADM0","ADM1","ADM2","NA","NA"
"1","Spotted Fever",2012,23,0,"IL",NA,NA,NA,NA
"2","Spotted Fever",2012,24,0,"IL",NA,NA,NA,NA
"3","Spotted Fever",2012,25,0,"IL",NA,NA,NA,NA
"4","Spotted Fever",2012,26,0,"IL",NA,NA,NA,NA
"5","Spotted Fever",2012,27,0,"IL",NA,NA,NA,NA
"6","Spotted Fever",2012,28,0.266666666666667,"IL",NA,NA,NA,NA
"7","Spotted Fever",2012,29,0.0666666666666667,"IL",NA,NA,NA,NA
"8","Spotted Fever",2012,30,0,"IL",NA,NA,NA,NA
"9","Spotted Fever",2012,31,0.0666666666666667,"IL",NA,NA,NA,NA
"10","Spotted Fever",2012,32,0,"IL",NA,NA,NA,NA
"11","Spotted Fever",2012,33,0.0666666666666667,"IL",NA,NA,NA,NA
"12","Spotted Fever",2012,34,0,"IL",NA,NA,NA,NA
"13","Spotted Fever",2012,35,0,"IL",NA,NA,NA,NA
"14","Spotted Fever",2012,36,0,"IL",NA,NA,NA,NA
"15","Spotted Fever",2012,37,0.266666666666667,"IL",NA,NA,NA,NA
"16","Spotted Fever",2012,38,0.0666666666666667,"IL",NA,NA,NA,NA
"17","Spotted Fever",2012,39,0,"IL",NA,NA,NA,NA
"18","Spotted Fever",2012,40,0,"IL",NA,NA,NA,NA
"19","Spotted Fever",2012,41,0.133333333333333,"IL",NA,NA,NA,NA
"20","Spotted Fever",2012,42,0.0666666666666667,"IL",NA,NA,NA,NA
"21","Spotted Fever",2012,43,0,"IL",NA,NA,NA,NA
"22","Spotted Fever",2012,44,0.0666666666666667,"IL",NA,NA,NA,NA
"23","Spotted Fever",2012,45,0,"IL",NA,NA,NA,NA
"24","Spotted Fever",2012,46,0,"IL",NA,NA,NA,NA
"25","Spotted Fever",2012,47,0,"IL",NA,NA,NA,NA
"26","Spotted Fever",2012,48,0,"IL",NA,NA,NA,NA
"27","Spotted Fever",2012,49,0.0666666666666667,"IL",NA,NA,NA,NA
"28","Spotted Fever",2012,50,0,"IL",NA,NA,NA,NA
"29","Spotted Fever",2012,51,0.0666666666666667,"IL",NA,NA,NA,NA
"30","Spotted Fever",2012,52,0,"IL",NA,NA,NA,NA
"31","Spotted Fever",2013,1,0,"IL",NA,NA,NA,NA
"32","Spotted Fever",2013,2,0,"IL",NA,NA,NA,NA
"33","Spotted Fever",2013,3,0.133333333333333,"IL",NA,NA,NA,NA
"34","Spotted Fever",2013,5,0,"IL",NA,NA,NA,NA
"35","Spotted Fever",2013,6,0,"IL",NA,NA,NA,NA
"36","Spotted Fever",2013,7,0.0666666666666667,"IL",NA,NA,NA,NA
"37","Spotted Fever",2013,8,0,"IL",NA,NA,NA,NA
"38","Spotted Fever",2013,9,0,"IL",NA,NA,NA,NA
"39","Spotted Fever",2013,10,0.0666666666666667,"IL",NA,NA,NA,NA
"40","Spotted Fever",2013,11,0,"IL",NA,NA,NA,NA
"41","Spotted Fever",2013,12,0.0666666666666667,"IL",NA,NA,NA,NA
"42","Spotted Fever",2013,13,0,"IL",NA,NA,NA,NA
"43","Spotted Fever",2013,14,0,"IL",NA,NA,NA,NA
"44","Spotted Fever",2013,15,0,"IL",NA,NA,NA,NA
"45","Spotted Fever",2013,16,0,"IL",NA,NA,NA,NA
"46","Spotted Fever",2013,17,0,"IL",NA,NA,NA,NA
"47","Spotted Fever",2013,18,0,"IL",NA,NA,NA,NA
"48","Spotted Fever",2013,19,0,"IL",NA,NA,NA,NA
"49","Spotted Fever",2013,20,0,"IL",NA,NA,NA,NA
"50","Spotted Fever",2013,21,0.133333333333333,"IL",NA,NA,NA,NA
"51","Spotted Fever",2013,22,0,"IL",NA,NA,NA,NA
"52","Spotted Fever",2013,23,0,"IL",NA,NA,NA,NA
"53","Spotted Fever",2013,24,0.0666666666666667,"IL",NA,NA,NA,NA
"54","Spotted Fever",2013,25,0,"IL",NA,NA,NA,NA
"55","Spotted Fever",2013,26,0.133333333333333,"IL",NA,NA,NA,NA
"56","Spotted Fever",2013,27,0,"IL",NA,NA,NA,NA
"57","Spotted Fever",2013,28,0,"IL",NA,NA,NA,NA
"58","Spotted Fever",2013,29,0.2,"IL",NA,NA,NA,NA
"59","Spotted Fever",2013,30,0,"IL",NA,NA,NA,NA
"60","Spotted Fever",2013,31,0.0666666666666667,"IL",NA,NA,NA,NA
"61","Spotted Fever",2013,33,0,"IL",NA,NA,NA,NA
"62","Spotted Fever",2013,34,0.0666666666666667,"IL",NA,NA,NA,NA
"63","Spotted Fever",2013,35,0,"IL",NA,NA,NA,NA
"64","Spotted Fever",2013,36,0.0666666666666667,"IL",NA,NA,NA,NA
"65","Spotted Fever",2013,37,0,"IL",NA,NA,NA,NA
"66","Spotted Fever",2013,38,0,"IL",NA,NA,NA,NA
"67","Spotted Fever",2013,40,0.133333333333333,"IL",NA,NA,NA,NA
"68","Spotted Fever",2013,41,0.266666666666667,"IL",NA,NA,NA,NA
"69","Spotted Fever",2013,42,0,"IL",NA,NA,NA,NA
"70","Spotted Fever",2013,43,0.133333333333333,"IL",NA,NA,NA,NA
"71","Spotted Fever",2013,44,0.4,"IL",NA,NA,NA,NA
"72","Spotted Fever",2013,45,0.266666666666667,"IL",NA,NA,NA,NA
"73","Spotted Fever",2013,46,0.0666666666666667,"IL",NA,NA,NA,NA
"74","Spotted Fever",2013,47,0.2,"IL",NA,NA,NA,NA
"75","Spotted Fever",2013,48,0,"IL",NA,NA,NA,NA
"76","Spotted Fever",2013,49,0,"IL",NA,NA,NA,NA
"77","Spotted Fever",2013,50,0.133333333333333,"IL",NA,NA,NA,NA
"78","Spotted Fever",2013,51,0.133333333333333,"IL",NA,NA,NA,NA
"79","Spotted Fever",2013,52,0,"IL",NA,NA,NA,NA
"80","Spotted Fever",2014,1,0.2,"IL",NA,NA,NA,NA
"81","Spotted Fever",2014,2,0,"IL",NA,NA,NA,NA
"82","Spotted Fever",2014,3,0,"IL",NA,NA,NA,NA
"83","Spotted Fever",2014,5,0,"IL",NA,NA,NA,NA
"84","Spotted Fever",2014,6,0,"IL",NA,NA,NA,NA
"85","Spotted Fever",2014,7,0,"IL",NA,NA,NA,NA
"86","Spotted Fever",2014,8,0,"IL",NA,NA,NA,NA
"87","Spotted Fever",2014,9,0.0666666666666667,"IL",NA,NA,NA,NA
"88","Spotted Fever",2014,10,0,"IL",NA,NA,NA,NA
"89","Spotted Fever",2014,11,0,"IL",NA,NA,NA,NA
"90","Spotted Fever",2014,12,0,"IL",NA,NA,NA,NA
"91","Spotted Fever",2014,13,0,"IL",NA,NA,NA,NA
"92","Spotted Fever",2014,14,0,"IL",NA,NA,NA,NA
"93","Spotted Fever",2014,16,0,"IL",NA,NA,NA,NA
"94","Spotted Fever",2014,17,0,"IL",NA,NA,NA,NA
"95","Spotted Fever",2014,18,0,"IL",NA,NA,NA,NA
"96","Spotted Fever",2014,19,0.0666666666666667,"IL",NA,NA,NA,NA
"97","Spotted Fever",2014,20,0,"IL",NA,NA,NA,NA
"98","Spotted Fever",2014,21,0,"IL",NA,NA,NA,NA
"99","Spotted Fever",2014,22,0,"IL",NA,NA,NA,NA
"100","Spotted Fever",2014,23,0,"IL",NA,NA,NA,NA
"101","Spotted Fever",2014,24,0,"IL",NA,NA,NA,NA
"102","Spotted Fever",2014,25,0.133333333333333,"IL",NA,NA,NA,NA
"103","Spotted Fever",2014,26,0,"IL",NA,NA,NA,NA
"104","Spotted Fever",2014,27,0,"IL",NA,NA,NA,NA
"105","Spotted Fever",2014,28,0.0666666666666667,"IL",NA,NA,NA,NA
"106","Spotted Fever",2014,29,0,"IL",NA,NA,NA,NA
"107","Spotted Fever",2014,30,0,"IL",NA,NA,NA,NA
"108","Spotted Fever",2014,31,0.0666666666666667,"IL",NA,NA,NA,NA
"109","Spotted Fever",2014,32,0,"IL",NA,NA,NA,NA
"110","Spotted Fever",2014,33,0,"IL",NA,NA,NA,NA
"111","Spotted Fever",2014,34,0.133333333333333,"IL",NA,NA,NA,NA
"112","Spotted Fever",2014,35,0,"IL",NA,NA,NA,NA
"113","Spotted Fever",2014,36,0,"IL",NA,NA,NA,NA
"114","Spotted Fever",2014,37,0.0666666666666667,"IL",NA,NA,NA,NA
"115","Spotted Fever",2014,38,0.0666666666666667,"IL",NA,NA,NA,NA
"116","Spotted Fever",2014,39,0.0666666666666667,"IL",NA,NA,NA,NA
"117","Spotted Fever",2014,40,0,"IL",NA,NA,NA,NA
"118","Spotted Fever",2014,41,0,"IL",NA,NA,NA,NA
"119","Spotted Fever",2014,42,0,"IL",NA,NA,NA,NA
"120","Spotted Fever",2014,43,0.133333333333333,"IL",NA,NA,NA,NA
"121","Spotted Fever",2014,44,0,"IL",NA,NA,NA,NA
"122","Spotted Fever",2014,45,0.0666666666666667,"IL",NA,NA,NA,NA
"123","Spotted Fever",2014,46,0,"IL",NA,NA,NA,NA
"124","Spotted Fever",2014,47,0,"IL",NA,NA,NA,NA
"125","Spotted Fever",2014,48,0.0666666666666667,"IL",NA,NA,NA,NA
"126","Spotted Fever",2014,49,0,"IL",NA,NA,NA,NA
"127","Spotted Fever",2014,50,0,"IL",NA,NA,NA,NA
"128","Spotted Fever",2014,51,0.133333333333333,"IL",NA,NA,NA,NA
"129","Spotted Fever",2014,52,0,"IL",NA,NA,NA,NA
"130","Spotted Fever",2014,53,0.0666666666666667,"IL",NA,NA,NA,NA
"131","Spotted Fever",2015,1,0,"IL",NA,NA,NA,NA
"132","Spotted Fever",2015,2,0,"IL",NA,NA,NA,NA
"133","Spotted Fever",2015,3,0,"IL",NA,NA,NA,NA
"134","Spotted Fever",2015,5,0,"IL",NA,NA,NA,NA
"135","Spotted Fever",2015,6,0,"IL",NA,NA,NA,NA
"136","Spotted Fever",2015,7,0.0666666666666667,"IL",NA,NA,NA,NA
"137","Spotted Fever",2015,8,0.0666666666666667,"IL",NA,NA,NA,NA
"138","Spotted Fever",2015,9,0.0666666666666667,"IL",NA,NA,NA,NA
"139","Spotted Fever",2015,10,0,"IL",NA,NA,NA,NA
"140","Spotted Fever",2015,11,0,"IL",NA,NA,NA,NA
"141","Spotted Fever",2015,12,0,"IL",NA,NA,NA,NA
"142","Spotted Fever",2015,13,0,"IL",NA,NA,NA,NA
"143","Spotted Fever",2015,15,0,"IL",NA,NA,NA,NA
"144","Spotted Fever",2015,16,0.0666666666666667,"IL",NA,NA,NA,NA
"145","Spotted Fever",2015,17,0,"IL",NA,NA,NA,NA
"146","Spotted Fever",2015,18,0,"IL",NA,NA,NA,NA
"147","Spotted Fever",2015,19,0,"IL",NA,NA,NA,NA
"148","Spotted Fever",2015,20,0,"IL",NA,NA,NA,NA
"149","Spotted Fever",2015,21,0,"IL",NA,NA,NA,NA
"150","Spotted Fever",2015,22,0,"IL",NA,NA,NA,NA
"151","Spotted Fever",2015,23,0,"IL",NA,NA,NA,NA
"152","Spotted Fever",2015,24,0.0666666666666667,"IL",NA,NA,NA,NA
"153","Spotted Fever",2015,25,0,"IL",NA,NA,NA,NA
"154","Spotted Fever",2015,26,0.133333333333333,"IL",NA,NA,NA,NA
"155","Spotted Fever",2015,27,0,"IL",NA,NA,NA,NA
"156","Spotted Fever",2015,28,0,"IL",NA,NA,NA,NA
"157","Spotted Fever",2015,29,0.0666666666666667,"IL",NA,NA,NA,NA
"158","Spotted Fever",2015,30,0,"IL",NA,NA,NA,NA
"159","Spotted Fever",2015,31,0.0666666666666667,"IL",NA,NA,NA,NA
"160","Spotted Fever",2015,32,0.0666666666666667,"IL",NA,NA,NA,NA
"161","Spotted Fever",2015,33,0.0666666666666667,"IL",NA,NA,NA,NA
"162","Spotted Fever",2015,34,0.0666666666666667,"IL",NA,NA,NA,NA
"163","Spotted Fever",2015,35,0,"IL",NA,NA,NA,NA
"164","Spotted Fever",2015,36,0,"IL",NA,NA,NA,NA
"165","Spotted Fever",2015,37,0,"IL",NA,NA,NA,NA
"166","Spotted Fever",2015,38,0.133333333333333,"IL",NA,NA,NA,NA
"167","Spotted Fever",2015,39,0,"IL",NA,NA,NA,NA
"168","Spotted Fever",2015,40,0,"IL",NA,NA,NA,NA
"169","Spotted Fever",2015,41,0.133333333333333,"IL",NA,NA,NA,NA
"170","Spotted Fever",2015,42,0.133333333333333,"IL",NA,NA,NA,NA
"171","Spotted Fever",2015,43,0,"IL",NA,NA,NA,NA
"172","Spotted Fever",2015,44,0.0666666666666667,"IL",NA,NA,NA,NA
"173","Spotted Fever",2015,45,0.0666666666666667,"IL",NA,NA,NA,NA
"174","Spotted Fever",2015,46,0,"IL",NA,NA,NA,NA
"175","Spotted Fever",2015,47,0.133333333333333,"IL",NA,NA,NA,NA
"176","Spotted Fever",2015,48,0,"IL",NA,NA,NA,NA
"177","Spotted Fever",2015,49,0.133333333333333,"IL",NA,NA,NA,NA
"178","Spotted Fever",2015,50,0,"IL",NA,NA,NA,NA
"179","Spotted Fever",2015,51,0,"IL",NA,NA,NA,NA
"180","Spotted Fever",2015,52,0.266666666666667,"IL",NA,NA,NA,NA
"181","Spotted Fever",2016,1,0,"IL",NA,NA,NA,NA
"182","Spotted Fever",2016,2,0.0666666666666667,"IL",NA,NA,NA,NA
"183","Spotted Fever",2016,3,0.133333333333333,"IL",NA,NA,NA,NA
"184","Spotted Fever",2016,4,0,"IL",NA,NA,NA,NA
"185","Spotted Fever",2016,5,0,"IL",NA,NA,NA,NA
"186","Spotted Fever",2016,6,0.2,"IL",NA,NA,NA,NA
"187","Spotted Fever",2016,7,0,"IL",NA,NA,NA,NA
"188","Spotted Fever",2016,8,0,"IL",NA,NA,NA,NA
"189","Spotted Fever",2016,9,0,"IL",NA,NA,NA,NA
"190","Spotted Fever",2016,10,0,"IL",NA,NA,NA,NA
"191","Spotted Fever",2016,11,0.0666666666666667,"IL",NA,NA,NA,NA
"192","Spotted Fever",2016,12,0.0666666666666667,"IL",NA,NA,NA,NA
"193","Spotted Fever",2016,13,0,"IL",NA,NA,NA,NA
"194","Spotted Fever",2016,14,0,"IL",NA,NA,NA,NA
"195","Spotted Fever",2016,15,0,"IL",NA,NA,NA,NA
"196","Spotted Fever",2016,16,0.0666666666666667,"IL",NA,NA,NA,NA
"197","Spotted Fever",2016,17,0,"IL",NA,NA,NA,NA
"198","Spotted Fever",2016,18,0,"IL",NA,NA,NA,NA
"199","Spotted Fever",2016,19,0,"IL",NA,NA,NA,NA
"200","Spotted Fever",2016,20,0,"IL",NA,NA,NA,NA
"201","Spotted Fever",2016,21,0,"IL",NA,NA,NA,NA
"202","Spotted Fever",2016,22,0,"IL",NA,NA,NA,NA
"203","Spotted Fever",2016,23,0,"IL",NA,NA,NA,NA
"204","Spotted Fever",2016,24,0,"IL",NA,NA,NA,NA
"205","Spotted Fever",2016,25,0,"IL",NA,NA,NA,NA
"206","Spotted Fever",2016,26,0,"IL",NA,NA,NA,NA
"207","Spotted Fever",2016,27,0.0666666666666667,"IL",NA,NA,NA,NA
"208","Spotted Fever",2016,28,0.0666666666666667,"IL",NA,NA,NA,NA
"209","Spotted Fever",2016,29,0.2,"IL",NA,NA,NA,NA
"210","Spotted Fever",2016,30,0,"IL",NA,NA,NA,NA
"211","Spotted Fever",2016,31,0,"IL",NA,NA,NA,NA
"212","Spotted Fever",2016,32,0.133333333333333,"IL",NA,NA,NA,NA
"213","Spotted Fever",2016,33,0.0666666666666667,"IL",NA,NA,NA,NA
"214","Spotted Fever",2016,34,0.2,"IL",NA,NA,NA,NA
"215","Spotted Fever",2016,35,0,"IL",NA,NA,NA,NA
"216","Spotted Fever",2016,36,0,"IL",NA,NA,NA,NA
"217","Spotted Fever",2016,37,0,"IL",NA,NA,NA,NA
"218","Spotted Fever",2016,38,0,"IL",NA,NA,NA,NA
"219","Spotted Fever",2016,39,0,"IL",NA,NA,NA,NA
"220","Spotted Fever",2016,40,0,"IL",NA,NA,NA,NA
"221","Spotted Fever",2016,41,0,"IL",NA,NA,NA,NA
"222","Spotted Fever",2016,42,0,"IL",NA,NA,NA,NA
"223","Spotted Fever",2016,43,0,"IL",NA,NA,NA,NA
"224","Spotted Fever",2016,44,0.133333333333333,"IL",NA,NA,NA,NA
"225","Spotted Fever",2016,45,0.133333333333333,"IL",NA,NA,NA,NA
"226","Spotted Fever",2016,46,0.2,"IL",NA,NA,NA,NA
"227","Spotted Fever",2016,47,0.133333333333333,"IL",NA,NA,NA,NA
"228","Spotted Fever",2016,48,0,"IL",NA,NA,NA,NA
"229","Spotted Fever",2016,49,0.0666666666666667,"IL",NA,NA,NA,NA
"230","Spotted Fever",2016,50,0,"IL",NA,NA,NA,NA
"231","Spotted Fever",2016,51,0.0666666666666667,"IL",NA,NA,NA,NA
"232","Spotted Fever",2016,52,0,"IL",NA,NA,NA,NA
"233","Spotted Fever",2017,1,0,"IL",NA,NA,NA,NA
"234","Spotted Fever",2017,2,0,"IL",NA,NA,NA,NA
"235","Spotted Fever",2017,3,0,"IL",NA,NA,NA,NA
"236","Spotted Fever",2017,4,0,"IL",NA,NA,NA,NA
"237","Spotted Fever",2017,5,0,"IL",NA,NA,NA,NA
"238","Spotted Fever",2017,6,0,"IL",NA,NA,NA,NA
"239","Spotted Fever",2017,7,0.0666666666666667,"IL",NA,NA,NA,NA
"240","Spotted Fever",2017,8,0.266666666666667,"IL",NA,NA,NA,NA
"241","Spotted Fever",2017,9,0,"IL",NA,NA,NA,NA
"242","Spotted Fever",2017,10,0.0666666666666667,"IL",NA,NA,NA,NA
"243","Spotted Fever",2017,11,0,"IL",NA,NA,NA,NA
"244","Spotted Fever",2017,12,0.0666666666666667,"IL",NA,NA,NA,NA
"245","Spotted Fever",2017,13,0,"IL",NA,NA,NA,NA
"246","Spotted Fever",2017,14,0.0666666666666667,"IL",NA,NA,NA,NA
"247","Spotted Fever",2017,15,0,"IL",NA,NA,NA,NA
"248","Spotted Fever",2017,16,0.0666666666666667,"IL",NA,NA,NA,NA
"249","Spotted Fever",2017,17,0.133333333333333,"IL",NA,NA,NA,NA
"250","Spotted Fever",2017,18,0,"IL",NA,NA,NA,NA
"251","Spotted Fever",2017,19,0,"IL",NA,NA,NA,NA
"252","Spotted Fever",2017,20,0,"IL",NA,NA,NA,NA
"253","Spotted Fever",2017,21,0.0666666666666667,"IL",NA,NA,NA,NA
"254","Spotted Fever",2017,22,0.2,"IL",NA,NA,NA,NA
"255","Spotted Fever",2017,23,0,"IL",NA,NA,NA,NA
"256","Spotted Fever",2017,24,0,"IL",NA,NA,NA,NA
"257","Spotted Fever",2017,25,0.133333333333333,"IL",NA,NA,NA,NA
"258","Spotted Fever",2017,26,0,"IL",NA,NA,NA,NA
"259","Spotted Fever",2017,27,0.333333333333333,"IL",NA,NA,NA,NA
"260","Spotted Fever",2017,28,0.0666666666666667,"IL",NA,NA,NA,NA
"261","Spotted Fever",2017,29,0,"IL",NA,NA,NA,NA
"262","Spotted Fever",2017,30,0,"IL",NA,NA,NA,NA
"263","Spotted Fever",2017,31,0.2,"IL",NA,NA,NA,NA
"264","Spotted Fever",2017,32,0,"IL",NA,NA,NA,NA
"265","Spotted Fever",2017,33,0.2,"IL",NA,NA,NA,NA
"266","Spotted Fever",2017,34,0,"IL",NA,NA,NA,NA
"267","Spotted Fever",2017,35,0,"IL",NA,NA,NA,NA
"268","Spotted Fever",2017,36,0.0666666666666667,"IL",NA,NA,NA,NA
"269","Spotted Fever",2017,37,0.2,"IL",NA,NA,NA,NA
"270","Spotted Fever",2017,38,0,"IL",NA,NA,NA,NA
"271","Spotted Fever",2017,39,0.266666666666667,"IL",NA,NA,NA,NA
"272","Spotted Fever",2017,40,0.133333333333333,"IL",NA,NA,NA,NA
"273","Spotted Fever",2017,41,0,"IL",NA,NA,NA,NA
"274","Spotted Fever",2017,42,0,"IL",NA,NA,NA,NA
"275","Spotted Fever",2017,43,0.266666666666667,"IL",NA,NA,NA,NA
"276","Spotted Fever",2017,44,0.266666666666667,"IL",NA,NA,NA,NA
"277","Spotted Fever",2017,45,0,"IL",NA,NA,NA,NA
"278","Spotted Fever",2017,46,0,"IL",NA,NA,NA,NA
"279","Spotted Fever",2017,47,0,"IL",NA,NA,NA,NA
"280","Spotted Fever",2017,48,0,"IL",NA,NA,NA,NA
"281","Spotted Fever",2017,49,0,"IL",NA,NA,NA,NA
"282","Spotted Fever",2017,50,0,"IL",NA,NA,NA,NA
"283","Spotted Fever",2017,51,0.2,"IL",NA,NA,NA,NA
"284","Spotted Fever",2017,52,0.0666666666666667,"IL",NA,NA,NA,NA
"285","Spotted Fever",2018,1,0.133333333333333,"IL",NA,NA,NA,NA
"286","Spotted Fever",2018,2,0,"IL",NA,NA,NA,NA
"287","Spotted Fever",2018,3,0,"IL",NA,NA,NA,NA
"288","Spotted Fever",2018,4,0.133333333333333,"IL",NA,NA,NA,NA
"289","Spotted Fever",2018,5,0.133333333333333,"IL",NA,NA,NA,NA
"290","Spotted Fever",2018,6,0,"IL",NA,NA,NA,NA
"291","Spotted Fever",2018,7,0.0666666666666667,"IL",NA,NA,NA,NA
"292","Spotted Fever",2018,8,0,"IL",NA,NA,NA,NA
"293","Spotted Fever",2018,9,0,"IL",NA,NA,NA,NA
"294","Spotted Fever",2018,10,0,"IL",NA,NA,NA,NA
"295","Spotted Fever",2018,11,0,"IL",NA,NA,NA,NA
"296","Spotted Fever",2018,12,0,"IL",NA,NA,NA,NA
"297","Spotted Fever",2018,13,0,"IL",NA,NA,NA,NA
"298","Spotted Fever",2018,14,0,"IL",NA,NA,NA,NA
"299","Spotted Fever",2018,15,0,"IL",NA,NA,NA,NA
"300","Spotted Fever",2018,16,0,"IL",NA,NA,NA,NA
"301","Spotted Fever",2018,17,0,"IL",NA,NA,NA,NA
"302","Spotted Fever",2018,18,0,"IL",NA,NA,NA,NA
"303","Spotted Fever",2018,19,0.0666666666666667,"IL",NA,NA,NA,NA
"304","Spotted Fever",2018,20,0,"IL",NA,NA,NA,NA
"305","Spotted Fever",2018,21,0,"IL",NA,NA,NA,NA
"306","Spotted Fever",2018,22,0,"IL",NA,NA,NA,NA
"307","Spotted Fever",2018,23,0,"IL",NA,NA,NA,NA
"308","Spotted Fever",2018,24,0.0666666666666667,"IL",NA,NA,NA,NA
"309","Spotted Fever",2018,25,0,"IL",NA,NA,NA,NA
"310","Spotted Fever",2018,26,0,"IL",NA,NA,NA,NA
"311","Spotted Fever",2018,27,0,"IL",NA,NA,NA,NA
"312","Spotted Fever",2018,28,0.266666666666667,"IL",NA,NA,NA,NA
"313","Spotted Fever",2018,29,0,"IL",NA,NA,NA,NA
"314","Spotted Fever",2018,30,0.133333333333333,"IL",NA,NA,NA,NA
"315","Spotted Fever",2018,31,0,"IL",NA,NA,NA,NA
"316","Spotted Fever",2018,32,0.0666666666666667,"IL",NA,NA,NA,NA
"317","Spotted Fever",2018,33,0,"IL",NA,NA,NA,NA
"318","Spotted Fever",2018,34,0,"IL",NA,NA,NA,NA
"319","Spotted Fever",2018,35,0,"IL",NA,NA,NA,NA
"320","Spotted Fever",2018,36,0.0666666666666667,"IL",NA,NA,NA,NA
"321","Spotted Fever",2018,37,0,"IL",NA,NA,NA,NA
"322","Spotted Fever",2018,38,0.133333333333333,"IL",NA,NA,NA,NA
"323","Spotted Fever",2018,39,0,"IL",NA,NA,NA,NA
"324","Spotted Fever",2018,40,0,"IL",NA,NA,NA,NA
"325","Spotted Fever",2018,41,0,"IL",NA,NA,NA,NA
"326","Spotted Fever",2018,42,0.133333333333333,"IL",NA,NA,NA,NA
"327","Spotted Fever",2018,43,0,"IL",NA,NA,NA,NA
"328","Spotted Fever",2018,44,0,"IL",NA,NA,NA,NA
"329","Spotted Fever",2018,45,0.0666666666666667,"IL",NA,NA,NA,NA
"330","Spotted Fever",2018,46,0.0666666666666667,"IL",NA,NA,NA,NA
"331","Spotted Fever",2018,47,0,"IL",NA,NA,NA,NA
"332","Spotted Fever",2018,48,0.0666666666666667,"IL",NA,NA,NA,NA
"333","Spotted Fever",2018,49,0.133333333333333,"IL",NA,NA,NA,NA
"334","Spotted Fever",2018,50,0,"IL",NA,NA,NA,NA
"335","Spotted Fever",2018,51,0,"IL",NA,NA,NA,NA
"336","Spotted Fever",2018,52,0.0666666666666667,"IL",NA,NA,NA,NA
"337","Spotted Fever",2019,1,0,"IL",NA,NA,NA,NA
"338","Spotted Fever",2019,2,0,"IL",NA,NA,NA,NA
"339","Spotted Fever",2019,3,0,"IL",NA,NA,NA,NA
"340","Spotted Fever",2019,4,0.266666666666667,"IL",NA,NA,NA,NA
"341","Spotted Fever",2019,5,0.2,"IL",NA,NA,NA,NA
"342","Spotted Fever",2019,6,0,"IL",NA,NA,NA,NA
"343","Spotted Fever",2019,7,0,"IL",NA,NA,NA,NA
"344","Spotted Fever",2019,8,0,"IL",NA,NA,NA,NA
"345","Spotted Fever",2019,9,0,"IL",NA,NA,NA,NA
"346","Spotted Fever",2019,10,0.0666666666666667,"IL",NA,NA,NA,NA
"347","Spotted Fever",2019,11,0,"IL",NA,NA,NA,NA
"348","Spotted Fever",2019,12,0.0666666666666667,"IL",NA,NA,NA,NA
"349","Spotted Fever",2020,10,0,"IL",NA,NA,NA,NA
