"","Disease","EpiYear","EpiWeek","Incidence","ADM0","ADM1","ADM2","NA","NA"
"1","Hepatitis B",2012,23,0.0666666666666667,"IL",NA,NA,NA,NA
"2","Hepatitis B",2012,24,0,"IL",NA,NA,NA,NA
"3","Hepatitis B",2012,25,0,"IL",NA,NA,NA,NA
"4","Hepatitis B",2012,26,0,"IL",NA,NA,NA,NA
"5","Hepatitis B",2012,27,0.0666666666666667,"IL",NA,NA,NA,NA
"6","Hepatitis B",2012,28,0,"IL",NA,NA,NA,NA
"7","Hepatitis B",2012,29,0,"IL",NA,NA,NA,NA
"8","Hepatitis B",2012,30,0.133333333333333,"IL",NA,NA,NA,NA
"9","Hepatitis B",2012,31,0.0666666666666667,"IL",NA,NA,NA,NA
"10","Hepatitis B",2012,32,0.0666666666666667,"IL",NA,NA,NA,NA
"11","Hepatitis B",2012,33,0,"IL",NA,NA,NA,NA
"12","Hepatitis B",2012,34,0,"IL",NA,NA,NA,NA
"13","Hepatitis B",2012,35,0.133333333333333,"IL",NA,NA,NA,NA
"14","Hepatitis B",2012,36,0.0666666666666667,"IL",NA,NA,NA,NA
"15","Hepatitis B",2012,37,0,"IL",NA,NA,NA,NA
"16","Hepatitis B",2012,38,0,"IL",NA,NA,NA,NA
"17","Hepatitis B",2012,39,0.0666666666666667,"IL",NA,NA,NA,NA
"18","Hepatitis B",2012,40,0,"IL",NA,NA,NA,NA
"19","Hepatitis B",2012,41,0,"IL",NA,NA,NA,NA
"20","Hepatitis B",2012,42,0,"IL",NA,NA,NA,NA
"21","Hepatitis B",2012,43,0.0666666666666667,"IL",NA,NA,NA,NA
"22","Hepatitis B",2012,44,0.0666666666666667,"IL",NA,NA,NA,NA
"23","Hepatitis B",2012,45,0,"IL",NA,NA,NA,NA
"24","Hepatitis B",2012,46,0.0666666666666667,"IL",NA,NA,NA,NA
"25","Hepatitis B",2012,47,0.0666666666666667,"IL",NA,NA,NA,NA
"26","Hepatitis B",2012,48,0,"IL",NA,NA,NA,NA
"27","Hepatitis B",2012,49,0,"IL",NA,NA,NA,NA
"28","Hepatitis B",2012,50,0.2,"IL",NA,NA,NA,NA
"29","Hepatitis B",2012,51,0,"IL",NA,NA,NA,NA
"30","Hepatitis B",2012,52,0.0666666666666667,"IL",NA,NA,NA,NA
"31","Hepatitis B",2013,1,0.2,"IL",NA,NA,NA,NA
"32","Hepatitis B",2013,2,0.4,"IL",NA,NA,NA,NA
"33","Hepatitis B",2013,3,0.333333333333333,"IL",NA,NA,NA,NA
"34","Hepatitis B",2013,5,0,"IL",NA,NA,NA,NA
"35","Hepatitis B",2013,6,0.0666666666666667,"IL",NA,NA,NA,NA
"36","Hepatitis B",2013,7,0.133333333333333,"IL",NA,NA,NA,NA
"37","Hepatitis B",2013,8,0.2,"IL",NA,NA,NA,NA
"38","Hepatitis B",2013,9,0,"IL",NA,NA,NA,NA
"39","Hepatitis B",2013,10,0.0666666666666667,"IL",NA,NA,NA,NA
"40","Hepatitis B",2013,11,0,"IL",NA,NA,NA,NA
"41","Hepatitis B",2013,12,0,"IL",NA,NA,NA,NA
"42","Hepatitis B",2013,13,0,"IL",NA,NA,NA,NA
"43","Hepatitis B",2013,14,0.0666666666666667,"IL",NA,NA,NA,NA
"44","Hepatitis B",2013,15,0.0666666666666667,"IL",NA,NA,NA,NA
"45","Hepatitis B",2013,16,0,"IL",NA,NA,NA,NA
"46","Hepatitis B",2013,17,0.0666666666666667,"IL",NA,NA,NA,NA
"47","Hepatitis B",2013,18,0.0666666666666667,"IL",NA,NA,NA,NA
"48","Hepatitis B",2013,19,0,"IL",NA,NA,NA,NA
"49","Hepatitis B",2013,20,0,"IL",NA,NA,NA,NA
"50","Hepatitis B",2013,21,0.0666666666666667,"IL",NA,NA,NA,NA
"51","Hepatitis B",2013,22,0.133333333333333,"IL",NA,NA,NA,NA
"52","Hepatitis B",2013,23,0,"IL",NA,NA,NA,NA
"53","Hepatitis B",2013,24,0.133333333333333,"IL",NA,NA,NA,NA
"54","Hepatitis B",2013,25,0.0666666666666667,"IL",NA,NA,NA,NA
"55","Hepatitis B",2013,26,0.2,"IL",NA,NA,NA,NA
"56","Hepatitis B",2013,27,0.0666666666666667,"IL",NA,NA,NA,NA
"57","Hepatitis B",2013,28,0.133333333333333,"IL",NA,NA,NA,NA
"58","Hepatitis B",2013,29,0.0666666666666667,"IL",NA,NA,NA,NA
"59","Hepatitis B",2013,30,0.2,"IL",NA,NA,NA,NA
"60","Hepatitis B",2013,31,0.0666666666666667,"IL",NA,NA,NA,NA
"61","Hepatitis B",2013,33,0,"IL",NA,NA,NA,NA
"62","Hepatitis B",2013,34,0.0666666666666667,"IL",NA,NA,NA,NA
"63","Hepatitis B",2013,35,0.0666666666666667,"IL",NA,NA,NA,NA
"64","Hepatitis B",2013,36,0,"IL",NA,NA,NA,NA
"65","Hepatitis B",2013,37,0,"IL",NA,NA,NA,NA
"66","Hepatitis B",2013,38,0,"IL",NA,NA,NA,NA
"67","Hepatitis B",2013,40,0.133333333333333,"IL",NA,NA,NA,NA
"68","Hepatitis B",2013,41,0,"IL",NA,NA,NA,NA
"69","Hepatitis B",2013,42,0.0666666666666667,"IL",NA,NA,NA,NA
"70","Hepatitis B",2013,43,0,"IL",NA,NA,NA,NA
"71","Hepatitis B",2013,44,0.0666666666666667,"IL",NA,NA,NA,NA
"72","Hepatitis B",2013,45,0.133333333333333,"IL",NA,NA,NA,NA
"73","Hepatitis B",2013,46,0,"IL",NA,NA,NA,NA
"74","Hepatitis B",2013,47,0,"IL",NA,NA,NA,NA
"75","Hepatitis B",2013,48,0.2,"IL",NA,NA,NA,NA
"76","Hepatitis B",2013,49,0.0666666666666667,"IL",NA,NA,NA,NA
"77","Hepatitis B",2013,50,0.133333333333333,"IL",NA,NA,NA,NA
"78","Hepatitis B",2013,51,0,"IL",NA,NA,NA,NA
"79","Hepatitis B",2013,52,0.2,"IL",NA,NA,NA,NA
"80","Hepatitis B",2014,1,0.133333333333333,"IL",NA,NA,NA,NA
"81","Hepatitis B",2014,2,0,"IL",NA,NA,NA,NA
"82","Hepatitis B",2014,3,0,"IL",NA,NA,NA,NA
"83","Hepatitis B",2014,5,0,"IL",NA,NA,NA,NA
"84","Hepatitis B",2014,6,0.333333333333333,"IL",NA,NA,NA,NA
"85","Hepatitis B",2014,7,0,"IL",NA,NA,NA,NA
"86","Hepatitis B",2014,8,0,"IL",NA,NA,NA,NA
"87","Hepatitis B",2014,9,0,"IL",NA,NA,NA,NA
"88","Hepatitis B",2014,10,0,"IL",NA,NA,NA,NA
"89","Hepatitis B",2014,11,0,"IL",NA,NA,NA,NA
"90","Hepatitis B",2014,12,0.133333333333333,"IL",NA,NA,NA,NA
"91","Hepatitis B",2014,13,0,"IL",NA,NA,NA,NA
"92","Hepatitis B",2014,14,0,"IL",NA,NA,NA,NA
"93","Hepatitis B",2014,16,0,"IL",NA,NA,NA,NA
"94","Hepatitis B",2014,17,0.0666666666666667,"IL",NA,NA,NA,NA
"95","Hepatitis B",2014,18,0,"IL",NA,NA,NA,NA
"96","Hepatitis B",2014,19,0.133333333333333,"IL",NA,NA,NA,NA
"97","Hepatitis B",2014,20,0.133333333333333,"IL",NA,NA,NA,NA
"98","Hepatitis B",2014,21,0,"IL",NA,NA,NA,NA
"99","Hepatitis B",2014,22,0,"IL",NA,NA,NA,NA
"100","Hepatitis B",2014,23,0,"IL",NA,NA,NA,NA
"101","Hepatitis B",2014,24,0.133333333333333,"IL",NA,NA,NA,NA
"102","Hepatitis B",2014,25,0.0666666666666667,"IL",NA,NA,NA,NA
"103","Hepatitis B",2014,26,0,"IL",NA,NA,NA,NA
"104","Hepatitis B",2014,27,0.133333333333333,"IL",NA,NA,NA,NA
"105","Hepatitis B",2014,28,0,"IL",NA,NA,NA,NA
"106","Hepatitis B",2014,29,0.0666666666666667,"IL",NA,NA,NA,NA
"107","Hepatitis B",2014,30,0,"IL",NA,NA,NA,NA
"108","Hepatitis B",2014,31,0.0666666666666667,"IL",NA,NA,NA,NA
"109","Hepatitis B",2014,32,0,"IL",NA,NA,NA,NA
"110","Hepatitis B",2014,33,0,"IL",NA,NA,NA,NA
"111","Hepatitis B",2014,34,0,"IL",NA,NA,NA,NA
"112","Hepatitis B",2014,35,0,"IL",NA,NA,NA,NA
"113","Hepatitis B",2014,36,0,"IL",NA,NA,NA,NA
"114","Hepatitis B",2014,37,0,"IL",NA,NA,NA,NA
"115","Hepatitis B",2014,38,0,"IL",NA,NA,NA,NA
"116","Hepatitis B",2014,39,0,"IL",NA,NA,NA,NA
"117","Hepatitis B",2014,40,0,"IL",NA,NA,NA,NA
"118","Hepatitis B",2014,41,0,"IL",NA,NA,NA,NA
"119","Hepatitis B",2014,42,0,"IL",NA,NA,NA,NA
"120","Hepatitis B",2014,43,0.0666666666666667,"IL",NA,NA,NA,NA
"121","Hepatitis B",2014,44,0.0666666666666667,"IL",NA,NA,NA,NA
"122","Hepatitis B",2014,45,0,"IL",NA,NA,NA,NA
"123","Hepatitis B",2014,46,0.2,"IL",NA,NA,NA,NA
"124","Hepatitis B",2014,47,0.2,"IL",NA,NA,NA,NA
"125","Hepatitis B",2014,48,0.133333333333333,"IL",NA,NA,NA,NA
"126","Hepatitis B",2014,49,0,"IL",NA,NA,NA,NA
"127","Hepatitis B",2014,50,0,"IL",NA,NA,NA,NA
"128","Hepatitis B",2014,51,0.0666666666666667,"IL",NA,NA,NA,NA
"129","Hepatitis B",2014,52,0,"IL",NA,NA,NA,NA
"130","Hepatitis B",2014,53,0.0666666666666667,"IL",NA,NA,NA,NA
"131","Hepatitis B",2015,1,0,"IL",NA,NA,NA,NA
"132","Hepatitis B",2015,2,0.133333333333333,"IL",NA,NA,NA,NA
"133","Hepatitis B",2015,3,0.133333333333333,"IL",NA,NA,NA,NA
"134","Hepatitis B",2015,5,0.0666666666666667,"IL",NA,NA,NA,NA
"135","Hepatitis B",2015,6,0,"IL",NA,NA,NA,NA
"136","Hepatitis B",2015,7,0.0666666666666667,"IL",NA,NA,NA,NA
"137","Hepatitis B",2015,8,0.0666666666666667,"IL",NA,NA,NA,NA
"138","Hepatitis B",2015,9,0,"IL",NA,NA,NA,NA
"139","Hepatitis B",2015,10,0,"IL",NA,NA,NA,NA
"140","Hepatitis B",2015,11,0.133333333333333,"IL",NA,NA,NA,NA
"141","Hepatitis B",2015,12,0.0666666666666667,"IL",NA,NA,NA,NA
"142","Hepatitis B",2015,13,0,"IL",NA,NA,NA,NA
"143","Hepatitis B",2015,15,0.0666666666666667,"IL",NA,NA,NA,NA
"144","Hepatitis B",2015,16,0,"IL",NA,NA,NA,NA
"145","Hepatitis B",2015,17,0,"IL",NA,NA,NA,NA
"146","Hepatitis B",2015,18,0,"IL",NA,NA,NA,NA
"147","Hepatitis B",2015,19,0.0666666666666667,"IL",NA,NA,NA,NA
"148","Hepatitis B",2015,20,0,"IL",NA,NA,NA,NA
"149","Hepatitis B",2015,21,0,"IL",NA,NA,NA,NA
"150","Hepatitis B",2015,22,0,"IL",NA,NA,NA,NA
"151","Hepatitis B",2015,23,0.0666666666666667,"IL",NA,NA,NA,NA
"152","Hepatitis B",2015,24,0,"IL",NA,NA,NA,NA
"153","Hepatitis B",2015,25,0.0666666666666667,"IL",NA,NA,NA,NA
"154","Hepatitis B",2015,26,0.2,"IL",NA,NA,NA,NA
"155","Hepatitis B",2015,27,0,"IL",NA,NA,NA,NA
"156","Hepatitis B",2015,28,0.0666666666666667,"IL",NA,NA,NA,NA
"157","Hepatitis B",2015,29,0,"IL",NA,NA,NA,NA
"158","Hepatitis B",2015,30,0,"IL",NA,NA,NA,NA
"159","Hepatitis B",2015,31,0.133333333333333,"IL",NA,NA,NA,NA
"160","Hepatitis B",2015,32,0,"IL",NA,NA,NA,NA
"161","Hepatitis B",2015,33,0,"IL",NA,NA,NA,NA
"162","Hepatitis B",2015,34,0.0666666666666667,"IL",NA,NA,NA,NA
"163","Hepatitis B",2015,35,0,"IL",NA,NA,NA,NA
"164","Hepatitis B",2015,36,0,"IL",NA,NA,NA,NA
"165","Hepatitis B",2015,37,0.0666666666666667,"IL",NA,NA,NA,NA
"166","Hepatitis B",2015,38,0,"IL",NA,NA,NA,NA
"167","Hepatitis B",2015,39,0,"IL",NA,NA,NA,NA
"168","Hepatitis B",2015,40,0,"IL",NA,NA,NA,NA
"169","Hepatitis B",2015,41,0.0666666666666667,"IL",NA,NA,NA,NA
"170","Hepatitis B",2015,42,0,"IL",NA,NA,NA,NA
"171","Hepatitis B",2015,43,0,"IL",NA,NA,NA,NA
"172","Hepatitis B",2015,44,0.133333333333333,"IL",NA,NA,NA,NA
"173","Hepatitis B",2015,45,0,"IL",NA,NA,NA,NA
"174","Hepatitis B",2015,46,0,"IL",NA,NA,NA,NA
"175","Hepatitis B",2015,47,0.266666666666667,"IL",NA,NA,NA,NA
"176","Hepatitis B",2015,48,0,"IL",NA,NA,NA,NA
"177","Hepatitis B",2015,49,0,"IL",NA,NA,NA,NA
"178","Hepatitis B",2015,50,0.0666666666666667,"IL",NA,NA,NA,NA
"179","Hepatitis B",2015,51,0.2,"IL",NA,NA,NA,NA
"180","Hepatitis B",2015,52,0,"IL",NA,NA,NA,NA
"181","Hepatitis B",2016,1,0,"IL",NA,NA,NA,NA
"182","Hepatitis B",2016,2,0.133333333333333,"IL",NA,NA,NA,NA
"183","Hepatitis B",2016,3,0,"IL",NA,NA,NA,NA
"184","Hepatitis B",2016,4,0.0666666666666667,"IL",NA,NA,NA,NA
"185","Hepatitis B",2016,5,0.0666666666666667,"IL",NA,NA,NA,NA
"186","Hepatitis B",2016,6,0,"IL",NA,NA,NA,NA
"187","Hepatitis B",2016,7,0,"IL",NA,NA,NA,NA
"188","Hepatitis B",2016,8,0,"IL",NA,NA,NA,NA
"189","Hepatitis B",2016,9,0.0666666666666667,"IL",NA,NA,NA,NA
"190","Hepatitis B",2016,10,0,"IL",NA,NA,NA,NA
"191","Hepatitis B",2016,11,0.0666666666666667,"IL",NA,NA,NA,NA
"192","Hepatitis B",2016,12,0,"IL",NA,NA,NA,NA
"193","Hepatitis B",2016,13,0.0666666666666667,"IL",NA,NA,NA,NA
"194","Hepatitis B",2016,14,0.0666666666666667,"IL",NA,NA,NA,NA
"195","Hepatitis B",2016,15,0,"IL",NA,NA,NA,NA
"196","Hepatitis B",2016,16,0,"IL",NA,NA,NA,NA
"197","Hepatitis B",2016,17,0,"IL",NA,NA,NA,NA
"198","Hepatitis B",2016,18,0.0666666666666667,"IL",NA,NA,NA,NA
"199","Hepatitis B",2016,19,0,"IL",NA,NA,NA,NA
"200","Hepatitis B",2016,20,0.0666666666666667,"IL",NA,NA,NA,NA
"201","Hepatitis B",2016,21,0.0666666666666667,"IL",NA,NA,NA,NA
"202","Hepatitis B",2016,22,0,"IL",NA,NA,NA,NA
"203","Hepatitis B",2016,23,0,"IL",NA,NA,NA,NA
"204","Hepatitis B",2016,24,0.0666666666666667,"IL",NA,NA,NA,NA
"205","Hepatitis B",2016,25,0,"IL",NA,NA,NA,NA
"206","Hepatitis B",2016,26,0.0666666666666667,"IL",NA,NA,NA,NA
"207","Hepatitis B",2016,27,0,"IL",NA,NA,NA,NA
"208","Hepatitis B",2016,28,0,"IL",NA,NA,NA,NA
"209","Hepatitis B",2016,29,0.0666666666666667,"IL",NA,NA,NA,NA
"210","Hepatitis B",2016,30,0.0666666666666667,"IL",NA,NA,NA,NA
"211","Hepatitis B",2016,31,0,"IL",NA,NA,NA,NA
"212","Hepatitis B",2016,32,0.133333333333333,"IL",NA,NA,NA,NA
"213","Hepatitis B",2016,33,0.0666666666666667,"IL",NA,NA,NA,NA
"214","Hepatitis B",2016,34,0,"IL",NA,NA,NA,NA
"215","Hepatitis B",2016,35,0.0666666666666667,"IL",NA,NA,NA,NA
"216","Hepatitis B",2016,36,0.0666666666666667,"IL",NA,NA,NA,NA
"217","Hepatitis B",2016,37,0,"IL",NA,NA,NA,NA
"218","Hepatitis B",2016,38,0,"IL",NA,NA,NA,NA
"219","Hepatitis B",2016,39,0,"IL",NA,NA,NA,NA
"220","Hepatitis B",2016,40,0,"IL",NA,NA,NA,NA
"221","Hepatitis B",2016,41,0,"IL",NA,NA,NA,NA
"222","Hepatitis B",2016,42,0,"IL",NA,NA,NA,NA
"223","Hepatitis B",2016,43,0,"IL",NA,NA,NA,NA
"224","Hepatitis B",2016,44,0,"IL",NA,NA,NA,NA
"225","Hepatitis B",2016,45,0,"IL",NA,NA,NA,NA
"226","Hepatitis B",2016,46,0,"IL",NA,NA,NA,NA
"227","Hepatitis B",2016,47,0,"IL",NA,NA,NA,NA
"228","Hepatitis B",2016,48,0,"IL",NA,NA,NA,NA
"229","Hepatitis B",2016,49,0,"IL",NA,NA,NA,NA
"230","Hepatitis B",2016,50,0,"IL",NA,NA,NA,NA
"231","Hepatitis B",2016,51,0,"IL",NA,NA,NA,NA
"232","Hepatitis B",2016,52,0,"IL",NA,NA,NA,NA
"233","Hepatitis B",2017,1,0,"IL",NA,NA,NA,NA
"234","Hepatitis B",2017,2,0,"IL",NA,NA,NA,NA
"235","Hepatitis B",2017,3,0,"IL",NA,NA,NA,NA
"236","Hepatitis B",2017,4,0.2,"IL",NA,NA,NA,NA
"237","Hepatitis B",2017,5,0,"IL",NA,NA,NA,NA
"238","Hepatitis B",2017,6,0.0666666666666667,"IL",NA,NA,NA,NA
"239","Hepatitis B",2017,7,0,"IL",NA,NA,NA,NA
"240","Hepatitis B",2017,8,0,"IL",NA,NA,NA,NA
"241","Hepatitis B",2017,9,0.0666666666666667,"IL",NA,NA,NA,NA
"242","Hepatitis B",2017,10,0.0666666666666667,"IL",NA,NA,NA,NA
"243","Hepatitis B",2017,11,0,"IL",NA,NA,NA,NA
"244","Hepatitis B",2017,12,0.133333333333333,"IL",NA,NA,NA,NA
"245","Hepatitis B",2017,13,0,"IL",NA,NA,NA,NA
"246","Hepatitis B",2017,14,0,"IL",NA,NA,NA,NA
"247","Hepatitis B",2017,15,0,"IL",NA,NA,NA,NA
"248","Hepatitis B",2017,16,0,"IL",NA,NA,NA,NA
"249","Hepatitis B",2017,17,0,"IL",NA,NA,NA,NA
"250","Hepatitis B",2017,18,0.0666666666666667,"IL",NA,NA,NA,NA
"251","Hepatitis B",2017,19,0,"IL",NA,NA,NA,NA
"252","Hepatitis B",2017,20,0,"IL",NA,NA,NA,NA
"253","Hepatitis B",2017,21,0.0666666666666667,"IL",NA,NA,NA,NA
"254","Hepatitis B",2017,22,0,"IL",NA,NA,NA,NA
"255","Hepatitis B",2017,23,0,"IL",NA,NA,NA,NA
"256","Hepatitis B",2017,24,0,"IL",NA,NA,NA,NA
"257","Hepatitis B",2017,25,0,"IL",NA,NA,NA,NA
"258","Hepatitis B",2017,26,0.0666666666666667,"IL",NA,NA,NA,NA
"259","Hepatitis B",2017,27,0,"IL",NA,NA,NA,NA
"260","Hepatitis B",2017,28,0,"IL",NA,NA,NA,NA
"261","Hepatitis B",2017,29,0.0666666666666667,"IL",NA,NA,NA,NA
"262","Hepatitis B",2017,30,0,"IL",NA,NA,NA,NA
"263","Hepatitis B",2017,31,0,"IL",NA,NA,NA,NA
"264","Hepatitis B",2017,32,0,"IL",NA,NA,NA,NA
"265","Hepatitis B",2017,33,0.2,"IL",NA,NA,NA,NA
"266","Hepatitis B",2017,34,0.0666666666666667,"IL",NA,NA,NA,NA
"267","Hepatitis B",2017,35,0,"IL",NA,NA,NA,NA
"268","Hepatitis B",2017,36,0.0666666666666667,"IL",NA,NA,NA,NA
"269","Hepatitis B",2017,37,0.0666666666666667,"IL",NA,NA,NA,NA
"270","Hepatitis B",2017,38,0.0666666666666667,"IL",NA,NA,NA,NA
"271","Hepatitis B",2017,39,0,"IL",NA,NA,NA,NA
"272","Hepatitis B",2017,40,0,"IL",NA,NA,NA,NA
"273","Hepatitis B",2017,41,0,"IL",NA,NA,NA,NA
"274","Hepatitis B",2017,42,0.133333333333333,"IL",NA,NA,NA,NA
"275","Hepatitis B",2017,43,0.133333333333333,"IL",NA,NA,NA,NA
"276","Hepatitis B",2017,44,0,"IL",NA,NA,NA,NA
"277","Hepatitis B",2017,45,0,"IL",NA,NA,NA,NA
"278","Hepatitis B",2017,46,0,"IL",NA,NA,NA,NA
"279","Hepatitis B",2017,47,0,"IL",NA,NA,NA,NA
"280","Hepatitis B",2017,48,0.133333333333333,"IL",NA,NA,NA,NA
"281","Hepatitis B",2017,49,0.0666666666666667,"IL",NA,NA,NA,NA
"282","Hepatitis B",2017,50,0,"IL",NA,NA,NA,NA
"283","Hepatitis B",2017,51,0,"IL",NA,NA,NA,NA
"284","Hepatitis B",2017,52,0.0666666666666667,"IL",NA,NA,NA,NA
"285","Hepatitis B",2018,1,0,"IL",NA,NA,NA,NA
"286","Hepatitis B",2018,2,0,"IL",NA,NA,NA,NA
"287","Hepatitis B",2018,3,0,"IL",NA,NA,NA,NA
"288","Hepatitis B",2018,4,0.0666666666666667,"IL",NA,NA,NA,NA
"289","Hepatitis B",2018,5,0,"IL",NA,NA,NA,NA
"290","Hepatitis B",2018,6,0.0666666666666667,"IL",NA,NA,NA,NA
"291","Hepatitis B",2018,7,0.0666666666666667,"IL",NA,NA,NA,NA
"292","Hepatitis B",2018,8,0,"IL",NA,NA,NA,NA
"293","Hepatitis B",2018,9,0.0666666666666667,"IL",NA,NA,NA,NA
"294","Hepatitis B",2018,10,0.0666666666666667,"IL",NA,NA,NA,NA
"295","Hepatitis B",2018,11,0,"IL",NA,NA,NA,NA
"296","Hepatitis B",2018,12,0,"IL",NA,NA,NA,NA
"297","Hepatitis B",2018,13,0,"IL",NA,NA,NA,NA
"298","Hepatitis B",2018,14,0,"IL",NA,NA,NA,NA
"299","Hepatitis B",2018,15,0,"IL",NA,NA,NA,NA
"300","Hepatitis B",2018,16,0.133333333333333,"IL",NA,NA,NA,NA
"301","Hepatitis B",2018,17,0.133333333333333,"IL",NA,NA,NA,NA
"302","Hepatitis B",2018,18,0,"IL",NA,NA,NA,NA
"303","Hepatitis B",2018,19,0,"IL",NA,NA,NA,NA
"304","Hepatitis B",2018,20,0,"IL",NA,NA,NA,NA
"305","Hepatitis B",2018,21,0.0666666666666667,"IL",NA,NA,NA,NA
"306","Hepatitis B",2018,22,0,"IL",NA,NA,NA,NA
"307","Hepatitis B",2018,23,0,"IL",NA,NA,NA,NA
"308","Hepatitis B",2018,24,0,"IL",NA,NA,NA,NA
"309","Hepatitis B",2018,25,0.2,"IL",NA,NA,NA,NA
"310","Hepatitis B",2018,26,0.0666666666666667,"IL",NA,NA,NA,NA
"311","Hepatitis B",2018,27,0.0666666666666667,"IL",NA,NA,NA,NA
"312","Hepatitis B",2018,28,0,"IL",NA,NA,NA,NA
"313","Hepatitis B",2018,29,0,"IL",NA,NA,NA,NA
"314","Hepatitis B",2018,30,0.0666666666666667,"IL",NA,NA,NA,NA
"315","Hepatitis B",2018,31,0.0666666666666667,"IL",NA,NA,NA,NA
"316","Hepatitis B",2018,32,0,"IL",NA,NA,NA,NA
"317","Hepatitis B",2018,33,0.0666666666666667,"IL",NA,NA,NA,NA
"318","Hepatitis B",2018,34,0,"IL",NA,NA,NA,NA
"319","Hepatitis B",2018,35,0.133333333333333,"IL",NA,NA,NA,NA
"320","Hepatitis B",2018,36,0.0666666666666667,"IL",NA,NA,NA,NA
"321","Hepatitis B",2018,37,0,"IL",NA,NA,NA,NA
"322","Hepatitis B",2018,38,0,"IL",NA,NA,NA,NA
"323","Hepatitis B",2018,39,0,"IL",NA,NA,NA,NA
"324","Hepatitis B",2018,40,0,"IL",NA,NA,NA,NA
"325","Hepatitis B",2018,41,0,"IL",NA,NA,NA,NA
"326","Hepatitis B",2018,42,0,"IL",NA,NA,NA,NA
"327","Hepatitis B",2018,43,0,"IL",NA,NA,NA,NA
"328","Hepatitis B",2018,44,0,"IL",NA,NA,NA,NA
"329","Hepatitis B",2018,45,0,"IL",NA,NA,NA,NA
"330","Hepatitis B",2018,46,0.133333333333333,"IL",NA,NA,NA,NA
"331","Hepatitis B",2018,47,0,"IL",NA,NA,NA,NA
"332","Hepatitis B",2018,48,0.133333333333333,"IL",NA,NA,NA,NA
"333","Hepatitis B",2018,49,0.0666666666666667,"IL",NA,NA,NA,NA
"334","Hepatitis B",2018,50,0,"IL",NA,NA,NA,NA
"335","Hepatitis B",2018,51,0.0666666666666667,"IL",NA,NA,NA,NA
"336","Hepatitis B",2018,52,0.0666666666666667,"IL",NA,NA,NA,NA
"337","Hepatitis B",2019,1,0,"IL",NA,NA,NA,NA
"338","Hepatitis B",2019,2,0.133333333333333,"IL",NA,NA,NA,NA
"339","Hepatitis B",2019,3,0.133333333333333,"IL",NA,NA,NA,NA
"340","Hepatitis B",2019,4,0.2,"IL",NA,NA,NA,NA
"341","Hepatitis B",2019,5,0,"IL",NA,NA,NA,NA
"342","Hepatitis B",2019,6,0,"IL",NA,NA,NA,NA
"343","Hepatitis B",2019,7,0.0666666666666667,"IL",NA,NA,NA,NA
"344","Hepatitis B",2019,8,0.0666666666666667,"IL",NA,NA,NA,NA
"345","Hepatitis B",2019,9,0,"IL",NA,NA,NA,NA
"346","Hepatitis B",2019,10,0.0666666666666667,"IL",NA,NA,NA,NA
"347","Hepatitis B",2019,11,0,"IL",NA,NA,NA,NA
"348","Hepatitis B",2019,12,0,"IL",NA,NA,NA,NA
"349","Hepatitis B",2020,10,0.0666666666666667,"IL",NA,NA,NA,NA
