"","Disease","EpiYear","EpiWeek","Incidence","ADM0","ADM1","ADM2","NA","NA"
"1","Echinococcosis",2012,23,0,"IL",NA,NA,NA,NA
"2","Echinococcosis",2012,24,0,"IL",NA,NA,NA,NA
"3","Echinococcosis",2012,25,0,"IL",NA,NA,NA,NA
"4","Echinococcosis",2012,26,0,"IL",NA,NA,NA,NA
"5","Echinococcosis",2012,27,0,"IL",NA,NA,NA,NA
"6","Echinococcosis",2012,28,0,"IL",NA,NA,NA,NA
"7","Echinococcosis",2012,29,0,"IL",NA,NA,NA,NA
"8","Echinococcosis",2012,30,0,"IL",NA,NA,NA,NA
"9","Echinococcosis",2012,31,0,"IL",NA,NA,NA,NA
"10","Echinococcosis",2012,32,0,"IL",NA,NA,NA,NA
"11","Echinococcosis",2012,33,0,"IL",NA,NA,NA,NA
"12","Echinococcosis",2012,34,0,"IL",NA,NA,NA,NA
"13","Echinococcosis",2012,35,0,"IL",NA,NA,NA,NA
"14","Echinococcosis",2012,36,0,"IL",NA,NA,NA,NA
"15","Echinococcosis",2012,37,0,"IL",NA,NA,NA,NA
"16","Echinococcosis",2012,38,0.0666666666666667,"IL",NA,NA,NA,NA
"17","Echinococcosis",2012,39,0,"IL",NA,NA,NA,NA
"18","Echinococcosis",2012,40,0,"IL",NA,NA,NA,NA
"19","Echinococcosis",2012,41,0,"IL",NA,NA,NA,NA
"20","Echinococcosis",2012,42,0,"IL",NA,NA,NA,NA
"21","Echinococcosis",2012,43,0.0666666666666667,"IL",NA,NA,NA,NA
"22","Echinococcosis",2012,44,0,"IL",NA,NA,NA,NA
"23","Echinococcosis",2012,45,0.0666666666666667,"IL",NA,NA,NA,NA
"24","Echinococcosis",2012,46,0,"IL",NA,NA,NA,NA
"25","Echinococcosis",2012,47,0,"IL",NA,NA,NA,NA
"26","Echinococcosis",2012,48,0,"IL",NA,NA,NA,NA
"27","Echinococcosis",2012,49,0,"IL",NA,NA,NA,NA
"28","Echinococcosis",2012,50,0,"IL",NA,NA,NA,NA
"29","Echinococcosis",2012,51,0.0666666666666667,"IL",NA,NA,NA,NA
"30","Echinococcosis",2012,52,0,"IL",NA,NA,NA,NA
"31","Echinococcosis",2013,1,0,"IL",NA,NA,NA,NA
"32","Echinococcosis",2013,2,0,"IL",NA,NA,NA,NA
"33","Echinococcosis",2013,3,0,"IL",NA,NA,NA,NA
"34","Echinococcosis",2013,5,0,"IL",NA,NA,NA,NA
"35","Echinococcosis",2013,6,0,"IL",NA,NA,NA,NA
"36","Echinococcosis",2013,7,0,"IL",NA,NA,NA,NA
"37","Echinococcosis",2013,8,0,"IL",NA,NA,NA,NA
"38","Echinococcosis",2013,9,0,"IL",NA,NA,NA,NA
"39","Echinococcosis",2013,10,0,"IL",NA,NA,NA,NA
"40","Echinococcosis",2013,11,0,"IL",NA,NA,NA,NA
"41","Echinococcosis",2013,12,0,"IL",NA,NA,NA,NA
"42","Echinococcosis",2013,13,0,"IL",NA,NA,NA,NA
"43","Echinococcosis",2013,14,0,"IL",NA,NA,NA,NA
"44","Echinococcosis",2013,15,0,"IL",NA,NA,NA,NA
"45","Echinococcosis",2013,16,0,"IL",NA,NA,NA,NA
"46","Echinococcosis",2013,17,0,"IL",NA,NA,NA,NA
"47","Echinococcosis",2013,18,0,"IL",NA,NA,NA,NA
"48","Echinococcosis",2013,19,0,"IL",NA,NA,NA,NA
"49","Echinococcosis",2013,20,0,"IL",NA,NA,NA,NA
"50","Echinococcosis",2013,21,0,"IL",NA,NA,NA,NA
"51","Echinococcosis",2013,22,0,"IL",NA,NA,NA,NA
"52","Echinococcosis",2013,23,0,"IL",NA,NA,NA,NA
"53","Echinococcosis",2013,24,0,"IL",NA,NA,NA,NA
"54","Echinococcosis",2013,25,0,"IL",NA,NA,NA,NA
"55","Echinococcosis",2013,26,0,"IL",NA,NA,NA,NA
"56","Echinococcosis",2013,27,0,"IL",NA,NA,NA,NA
"57","Echinococcosis",2013,28,0,"IL",NA,NA,NA,NA
"58","Echinococcosis",2013,29,0,"IL",NA,NA,NA,NA
"59","Echinococcosis",2013,30,0,"IL",NA,NA,NA,NA
"60","Echinococcosis",2013,31,0,"IL",NA,NA,NA,NA
"61","Echinococcosis",2013,33,0,"IL",NA,NA,NA,NA
"62","Echinococcosis",2013,34,0,"IL",NA,NA,NA,NA
"63","Echinococcosis",2013,35,0,"IL",NA,NA,NA,NA
"64","Echinococcosis",2013,36,0,"IL",NA,NA,NA,NA
"65","Echinococcosis",2013,37,0,"IL",NA,NA,NA,NA
"66","Echinococcosis",2013,38,0.0666666666666667,"IL",NA,NA,NA,NA
"67","Echinococcosis",2013,40,0,"IL",NA,NA,NA,NA
"68","Echinococcosis",2013,41,0,"IL",NA,NA,NA,NA
"69","Echinococcosis",2013,42,0,"IL",NA,NA,NA,NA
"70","Echinococcosis",2013,43,0,"IL",NA,NA,NA,NA
"71","Echinococcosis",2013,44,0,"IL",NA,NA,NA,NA
"72","Echinococcosis",2013,45,0,"IL",NA,NA,NA,NA
"73","Echinococcosis",2013,46,0,"IL",NA,NA,NA,NA
"74","Echinococcosis",2013,47,0,"IL",NA,NA,NA,NA
"75","Echinococcosis",2013,48,0.0666666666666667,"IL",NA,NA,NA,NA
"76","Echinococcosis",2013,49,0,"IL",NA,NA,NA,NA
"77","Echinococcosis",2013,50,0,"IL",NA,NA,NA,NA
"78","Echinococcosis",2013,51,0,"IL",NA,NA,NA,NA
"79","Echinococcosis",2013,52,0,"IL",NA,NA,NA,NA
"80","Echinococcosis",2014,1,0,"IL",NA,NA,NA,NA
"81","Echinococcosis",2014,2,0,"IL",NA,NA,NA,NA
"82","Echinococcosis",2014,3,0,"IL",NA,NA,NA,NA
"83","Echinococcosis",2014,5,0,"IL",NA,NA,NA,NA
"84","Echinococcosis",2014,6,0,"IL",NA,NA,NA,NA
"85","Echinococcosis",2014,7,0,"IL",NA,NA,NA,NA
"86","Echinococcosis",2014,8,0,"IL",NA,NA,NA,NA
"87","Echinococcosis",2014,9,0,"IL",NA,NA,NA,NA
"88","Echinococcosis",2014,10,0,"IL",NA,NA,NA,NA
"89","Echinococcosis",2014,11,0,"IL",NA,NA,NA,NA
"90","Echinococcosis",2014,12,0,"IL",NA,NA,NA,NA
"91","Echinococcosis",2014,13,0,"IL",NA,NA,NA,NA
"92","Echinococcosis",2014,14,0,"IL",NA,NA,NA,NA
"93","Echinococcosis",2014,16,0,"IL",NA,NA,NA,NA
"94","Echinococcosis",2014,17,0,"IL",NA,NA,NA,NA
"95","Echinococcosis",2014,18,0,"IL",NA,NA,NA,NA
"96","Echinococcosis",2014,19,0,"IL",NA,NA,NA,NA
"97","Echinococcosis",2014,20,0,"IL",NA,NA,NA,NA
"98","Echinococcosis",2014,21,0,"IL",NA,NA,NA,NA
"99","Echinococcosis",2014,22,0,"IL",NA,NA,NA,NA
"100","Echinococcosis",2014,23,0,"IL",NA,NA,NA,NA
"101","Echinococcosis",2014,24,0,"IL",NA,NA,NA,NA
"102","Echinococcosis",2014,25,0,"IL",NA,NA,NA,NA
"103","Echinococcosis",2014,26,0,"IL",NA,NA,NA,NA
"104","Echinococcosis",2014,27,0,"IL",NA,NA,NA,NA
"105","Echinococcosis",2014,28,0,"IL",NA,NA,NA,NA
"106","Echinococcosis",2014,29,0,"IL",NA,NA,NA,NA
"107","Echinococcosis",2014,30,0,"IL",NA,NA,NA,NA
"108","Echinococcosis",2014,31,0,"IL",NA,NA,NA,NA
"109","Echinococcosis",2014,32,0,"IL",NA,NA,NA,NA
"110","Echinococcosis",2014,33,0,"IL",NA,NA,NA,NA
"111","Echinococcosis",2014,34,0.0666666666666667,"IL",NA,NA,NA,NA
"112","Echinococcosis",2014,35,0,"IL",NA,NA,NA,NA
"113","Echinococcosis",2014,36,0.0666666666666667,"IL",NA,NA,NA,NA
"114","Echinococcosis",2014,37,0,"IL",NA,NA,NA,NA
"115","Echinococcosis",2014,38,0,"IL",NA,NA,NA,NA
"116","Echinococcosis",2014,39,0,"IL",NA,NA,NA,NA
"117","Echinococcosis",2014,40,0,"IL",NA,NA,NA,NA
"118","Echinococcosis",2014,41,0,"IL",NA,NA,NA,NA
"119","Echinococcosis",2014,42,0,"IL",NA,NA,NA,NA
"120","Echinococcosis",2014,43,0,"IL",NA,NA,NA,NA
"121","Echinococcosis",2014,44,0,"IL",NA,NA,NA,NA
"122","Echinococcosis",2014,45,0,"IL",NA,NA,NA,NA
"123","Echinococcosis",2014,46,0,"IL",NA,NA,NA,NA
"124","Echinococcosis",2014,47,0,"IL",NA,NA,NA,NA
"125","Echinococcosis",2014,48,0.0666666666666667,"IL",NA,NA,NA,NA
"126","Echinococcosis",2014,49,0,"IL",NA,NA,NA,NA
"127","Echinococcosis",2014,50,0,"IL",NA,NA,NA,NA
"128","Echinococcosis",2014,51,0,"IL",NA,NA,NA,NA
"129","Echinococcosis",2014,52,0,"IL",NA,NA,NA,NA
"130","Echinococcosis",2014,53,0,"IL",NA,NA,NA,NA
"131","Echinococcosis",2015,1,0,"IL",NA,NA,NA,NA
"132","Echinococcosis",2015,2,0,"IL",NA,NA,NA,NA
"133","Echinococcosis",2015,3,0,"IL",NA,NA,NA,NA
"134","Echinococcosis",2015,5,0,"IL",NA,NA,NA,NA
"135","Echinococcosis",2015,6,0,"IL",NA,NA,NA,NA
"136","Echinococcosis",2015,7,0.0666666666666667,"IL",NA,NA,NA,NA
"137","Echinococcosis",2015,8,0,"IL",NA,NA,NA,NA
"138","Echinococcosis",2015,9,0,"IL",NA,NA,NA,NA
"139","Echinococcosis",2015,10,0,"IL",NA,NA,NA,NA
"140","Echinococcosis",2015,11,0,"IL",NA,NA,NA,NA
"141","Echinococcosis",2015,12,0,"IL",NA,NA,NA,NA
"142","Echinococcosis",2015,13,0,"IL",NA,NA,NA,NA
"143","Echinococcosis",2015,15,0,"IL",NA,NA,NA,NA
"144","Echinococcosis",2015,16,0,"IL",NA,NA,NA,NA
"145","Echinococcosis",2015,17,0,"IL",NA,NA,NA,NA
"146","Echinococcosis",2015,18,0,"IL",NA,NA,NA,NA
"147","Echinococcosis",2015,19,0,"IL",NA,NA,NA,NA
"148","Echinococcosis",2015,20,0,"IL",NA,NA,NA,NA
"149","Echinococcosis",2015,21,0,"IL",NA,NA,NA,NA
"150","Echinococcosis",2015,22,0,"IL",NA,NA,NA,NA
"151","Echinococcosis",2015,23,0,"IL",NA,NA,NA,NA
"152","Echinococcosis",2015,24,0,"IL",NA,NA,NA,NA
"153","Echinococcosis",2015,25,0,"IL",NA,NA,NA,NA
"154","Echinococcosis",2015,26,0,"IL",NA,NA,NA,NA
"155","Echinococcosis",2015,27,0,"IL",NA,NA,NA,NA
"156","Echinococcosis",2015,28,0,"IL",NA,NA,NA,NA
"157","Echinococcosis",2015,29,0,"IL",NA,NA,NA,NA
"158","Echinococcosis",2015,30,0,"IL",NA,NA,NA,NA
"159","Echinococcosis",2015,31,0,"IL",NA,NA,NA,NA
"160","Echinococcosis",2015,32,0,"IL",NA,NA,NA,NA
"161","Echinococcosis",2015,33,0,"IL",NA,NA,NA,NA
"162","Echinococcosis",2015,34,0,"IL",NA,NA,NA,NA
"163","Echinococcosis",2015,35,0,"IL",NA,NA,NA,NA
"164","Echinococcosis",2015,36,0,"IL",NA,NA,NA,NA
"165","Echinococcosis",2015,37,0,"IL",NA,NA,NA,NA
"166","Echinococcosis",2015,38,0,"IL",NA,NA,NA,NA
"167","Echinococcosis",2015,39,0,"IL",NA,NA,NA,NA
"168","Echinococcosis",2015,40,0,"IL",NA,NA,NA,NA
"169","Echinococcosis",2015,41,0,"IL",NA,NA,NA,NA
"170","Echinococcosis",2015,42,0,"IL",NA,NA,NA,NA
"171","Echinococcosis",2015,43,0,"IL",NA,NA,NA,NA
"172","Echinococcosis",2015,44,0,"IL",NA,NA,NA,NA
"173","Echinococcosis",2015,45,0,"IL",NA,NA,NA,NA
"174","Echinococcosis",2015,46,0,"IL",NA,NA,NA,NA
"175","Echinococcosis",2015,47,0,"IL",NA,NA,NA,NA
"176","Echinococcosis",2015,48,0,"IL",NA,NA,NA,NA
"177","Echinococcosis",2015,49,0,"IL",NA,NA,NA,NA
"178","Echinococcosis",2015,50,0,"IL",NA,NA,NA,NA
"179","Echinococcosis",2015,51,0,"IL",NA,NA,NA,NA
"180","Echinococcosis",2015,52,0,"IL",NA,NA,NA,NA
"181","Echinococcosis",2016,1,0,"IL",NA,NA,NA,NA
"182","Echinococcosis",2016,2,0,"IL",NA,NA,NA,NA
"183","Echinococcosis",2016,3,0,"IL",NA,NA,NA,NA
"184","Echinococcosis",2016,4,0,"IL",NA,NA,NA,NA
"185","Echinococcosis",2016,5,0,"IL",NA,NA,NA,NA
"186","Echinococcosis",2016,6,0,"IL",NA,NA,NA,NA
"187","Echinococcosis",2016,7,0,"IL",NA,NA,NA,NA
"188","Echinococcosis",2016,8,0,"IL",NA,NA,NA,NA
"189","Echinococcosis",2016,9,0,"IL",NA,NA,NA,NA
"190","Echinococcosis",2016,10,0,"IL",NA,NA,NA,NA
"191","Echinococcosis",2016,11,0,"IL",NA,NA,NA,NA
"192","Echinococcosis",2016,12,0,"IL",NA,NA,NA,NA
"193","Echinococcosis",2016,13,0,"IL",NA,NA,NA,NA
"194","Echinococcosis",2016,14,0,"IL",NA,NA,NA,NA
"195","Echinococcosis",2016,15,0,"IL",NA,NA,NA,NA
"196","Echinococcosis",2016,16,0,"IL",NA,NA,NA,NA
"197","Echinococcosis",2016,17,0,"IL",NA,NA,NA,NA
"198","Echinococcosis",2016,18,0,"IL",NA,NA,NA,NA
"199","Echinococcosis",2016,19,0,"IL",NA,NA,NA,NA
"200","Echinococcosis",2016,20,0,"IL",NA,NA,NA,NA
"201","Echinococcosis",2016,21,0,"IL",NA,NA,NA,NA
"202","Echinococcosis",2016,22,0,"IL",NA,NA,NA,NA
"203","Echinococcosis",2016,23,0,"IL",NA,NA,NA,NA
"204","Echinococcosis",2016,24,0,"IL",NA,NA,NA,NA
"205","Echinococcosis",2016,25,0,"IL",NA,NA,NA,NA
"206","Echinococcosis",2016,26,0,"IL",NA,NA,NA,NA
"207","Echinococcosis",2016,27,0,"IL",NA,NA,NA,NA
"208","Echinococcosis",2016,28,0,"IL",NA,NA,NA,NA
"209","Echinococcosis",2016,29,0,"IL",NA,NA,NA,NA
"210","Echinococcosis",2016,30,0,"IL",NA,NA,NA,NA
"211","Echinococcosis",2016,31,0,"IL",NA,NA,NA,NA
"212","Echinococcosis",2016,32,0,"IL",NA,NA,NA,NA
"213","Echinococcosis",2016,33,0,"IL",NA,NA,NA,NA
"214","Echinococcosis",2016,34,0,"IL",NA,NA,NA,NA
"215","Echinococcosis",2016,35,0,"IL",NA,NA,NA,NA
"216","Echinococcosis",2016,36,0,"IL",NA,NA,NA,NA
"217","Echinococcosis",2016,37,0,"IL",NA,NA,NA,NA
"218","Echinococcosis",2016,38,0,"IL",NA,NA,NA,NA
"219","Echinococcosis",2016,39,0,"IL",NA,NA,NA,NA
"220","Echinococcosis",2016,40,0,"IL",NA,NA,NA,NA
"221","Echinococcosis",2016,41,0,"IL",NA,NA,NA,NA
"222","Echinococcosis",2016,42,0,"IL",NA,NA,NA,NA
"223","Echinococcosis",2016,43,0,"IL",NA,NA,NA,NA
"224","Echinococcosis",2016,44,0,"IL",NA,NA,NA,NA
"225","Echinococcosis",2016,45,0,"IL",NA,NA,NA,NA
"226","Echinococcosis",2016,46,0,"IL",NA,NA,NA,NA
"227","Echinococcosis",2016,47,0,"IL",NA,NA,NA,NA
"228","Echinococcosis",2016,48,0,"IL",NA,NA,NA,NA
"229","Echinococcosis",2016,49,0,"IL",NA,NA,NA,NA
"230","Echinococcosis",2016,50,0,"IL",NA,NA,NA,NA
"231","Echinococcosis",2016,51,0,"IL",NA,NA,NA,NA
"232","Echinococcosis",2016,52,0,"IL",NA,NA,NA,NA
"233","Echinococcosis",2017,1,0,"IL",NA,NA,NA,NA
"234","Echinococcosis",2017,2,0,"IL",NA,NA,NA,NA
"235","Echinococcosis",2017,3,0,"IL",NA,NA,NA,NA
"236","Echinococcosis",2017,4,0,"IL",NA,NA,NA,NA
"237","Echinococcosis",2017,5,0.0666666666666667,"IL",NA,NA,NA,NA
"238","Echinococcosis",2017,6,0,"IL",NA,NA,NA,NA
"239","Echinococcosis",2017,7,0,"IL",NA,NA,NA,NA
"240","Echinococcosis",2017,8,0,"IL",NA,NA,NA,NA
"241","Echinococcosis",2017,9,0,"IL",NA,NA,NA,NA
"242","Echinococcosis",2017,10,0,"IL",NA,NA,NA,NA
"243","Echinococcosis",2017,11,0,"IL",NA,NA,NA,NA
"244","Echinococcosis",2017,12,0,"IL",NA,NA,NA,NA
"245","Echinococcosis",2017,13,0.0666666666666667,"IL",NA,NA,NA,NA
"246","Echinococcosis",2017,14,0,"IL",NA,NA,NA,NA
"247","Echinococcosis",2017,15,0,"IL",NA,NA,NA,NA
"248","Echinococcosis",2017,16,0.0666666666666667,"IL",NA,NA,NA,NA
"249","Echinococcosis",2017,17,0,"IL",NA,NA,NA,NA
"250","Echinococcosis",2017,18,0,"IL",NA,NA,NA,NA
"251","Echinococcosis",2017,19,0.0666666666666667,"IL",NA,NA,NA,NA
"252","Echinococcosis",2017,20,0,"IL",NA,NA,NA,NA
"253","Echinococcosis",2017,21,0,"IL",NA,NA,NA,NA
"254","Echinococcosis",2017,22,0,"IL",NA,NA,NA,NA
"255","Echinococcosis",2017,23,0,"IL",NA,NA,NA,NA
"256","Echinococcosis",2017,24,0,"IL",NA,NA,NA,NA
"257","Echinococcosis",2017,25,0,"IL",NA,NA,NA,NA
"258","Echinococcosis",2017,26,0,"IL",NA,NA,NA,NA
"259","Echinococcosis",2017,27,0,"IL",NA,NA,NA,NA
"260","Echinococcosis",2017,28,0,"IL",NA,NA,NA,NA
"261","Echinococcosis",2017,29,0,"IL",NA,NA,NA,NA
"262","Echinococcosis",2017,30,0,"IL",NA,NA,NA,NA
"263","Echinococcosis",2017,31,0,"IL",NA,NA,NA,NA
"264","Echinococcosis",2017,32,0,"IL",NA,NA,NA,NA
"265","Echinococcosis",2017,33,0,"IL",NA,NA,NA,NA
"266","Echinococcosis",2017,34,0,"IL",NA,NA,NA,NA
"267","Echinococcosis",2017,35,0,"IL",NA,NA,NA,NA
"268","Echinococcosis",2017,36,0,"IL",NA,NA,NA,NA
"269","Echinococcosis",2017,37,0,"IL",NA,NA,NA,NA
"270","Echinococcosis",2017,38,0,"IL",NA,NA,NA,NA
"271","Echinococcosis",2017,39,0,"IL",NA,NA,NA,NA
"272","Echinococcosis",2017,40,0,"IL",NA,NA,NA,NA
"273","Echinococcosis",2017,41,0,"IL",NA,NA,NA,NA
"274","Echinococcosis",2017,42,0,"IL",NA,NA,NA,NA
"275","Echinococcosis",2017,43,0,"IL",NA,NA,NA,NA
"276","Echinococcosis",2017,44,0.0666666666666667,"IL",NA,NA,NA,NA
"277","Echinococcosis",2017,45,0,"IL",NA,NA,NA,NA
"278","Echinococcosis",2017,46,0,"IL",NA,NA,NA,NA
"279","Echinococcosis",2017,47,0.0666666666666667,"IL",NA,NA,NA,NA
"280","Echinococcosis",2017,48,0,"IL",NA,NA,NA,NA
"281","Echinococcosis",2017,49,0,"IL",NA,NA,NA,NA
"282","Echinococcosis",2017,50,0,"IL",NA,NA,NA,NA
"283","Echinococcosis",2017,51,0,"IL",NA,NA,NA,NA
"284","Echinococcosis",2017,52,0,"IL",NA,NA,NA,NA
"285","Echinococcosis",2018,1,0,"IL",NA,NA,NA,NA
"286","Echinococcosis",2018,2,0,"IL",NA,NA,NA,NA
"287","Echinococcosis",2018,3,0,"IL",NA,NA,NA,NA
"288","Echinococcosis",2018,4,0,"IL",NA,NA,NA,NA
"289","Echinococcosis",2018,5,0,"IL",NA,NA,NA,NA
"290","Echinococcosis",2018,6,0,"IL",NA,NA,NA,NA
"291","Echinococcosis",2018,7,0,"IL",NA,NA,NA,NA
"292","Echinococcosis",2018,8,0.0666666666666667,"IL",NA,NA,NA,NA
"293","Echinococcosis",2018,9,0,"IL",NA,NA,NA,NA
"294","Echinococcosis",2018,10,0,"IL",NA,NA,NA,NA
"295","Echinococcosis",2018,11,0,"IL",NA,NA,NA,NA
"296","Echinococcosis",2018,12,0,"IL",NA,NA,NA,NA
"297","Echinococcosis",2018,13,0,"IL",NA,NA,NA,NA
"298","Echinococcosis",2018,14,0,"IL",NA,NA,NA,NA
"299","Echinococcosis",2018,15,0,"IL",NA,NA,NA,NA
"300","Echinococcosis",2018,16,0,"IL",NA,NA,NA,NA
"301","Echinococcosis",2018,17,0,"IL",NA,NA,NA,NA
"302","Echinococcosis",2018,18,0.0666666666666667,"IL",NA,NA,NA,NA
"303","Echinococcosis",2018,19,0,"IL",NA,NA,NA,NA
"304","Echinococcosis",2018,20,0.0666666666666667,"IL",NA,NA,NA,NA
"305","Echinococcosis",2018,21,0,"IL",NA,NA,NA,NA
"306","Echinococcosis",2018,22,0,"IL",NA,NA,NA,NA
"307","Echinococcosis",2018,23,0.0666666666666667,"IL",NA,NA,NA,NA
"308","Echinococcosis",2018,24,0,"IL",NA,NA,NA,NA
"309","Echinococcosis",2018,25,0,"IL",NA,NA,NA,NA
"310","Echinococcosis",2018,26,0,"IL",NA,NA,NA,NA
"311","Echinococcosis",2018,27,0,"IL",NA,NA,NA,NA
"312","Echinococcosis",2018,28,0,"IL",NA,NA,NA,NA
"313","Echinococcosis",2018,29,0,"IL",NA,NA,NA,NA
"314","Echinococcosis",2018,30,0,"IL",NA,NA,NA,NA
"315","Echinococcosis",2018,31,0,"IL",NA,NA,NA,NA
"316","Echinococcosis",2018,32,0.0666666666666667,"IL",NA,NA,NA,NA
"317","Echinococcosis",2018,33,0,"IL",NA,NA,NA,NA
"318","Echinococcosis",2018,34,0,"IL",NA,NA,NA,NA
"319","Echinococcosis",2018,35,0,"IL",NA,NA,NA,NA
"320","Echinococcosis",2018,36,0.0666666666666667,"IL",NA,NA,NA,NA
"321","Echinococcosis",2018,37,0,"IL",NA,NA,NA,NA
"322","Echinococcosis",2018,38,0,"IL",NA,NA,NA,NA
"323","Echinococcosis",2018,39,0,"IL",NA,NA,NA,NA
"324","Echinococcosis",2018,40,0,"IL",NA,NA,NA,NA
"325","Echinococcosis",2018,41,0,"IL",NA,NA,NA,NA
"326","Echinococcosis",2018,42,0,"IL",NA,NA,NA,NA
"327","Echinococcosis",2018,43,0,"IL",NA,NA,NA,NA
"328","Echinococcosis",2018,44,0,"IL",NA,NA,NA,NA
"329","Echinococcosis",2018,45,0,"IL",NA,NA,NA,NA
"330","Echinococcosis",2018,46,0,"IL",NA,NA,NA,NA
"331","Echinococcosis",2018,47,0,"IL",NA,NA,NA,NA
"332","Echinococcosis",2018,48,0,"IL",NA,NA,NA,NA
"333","Echinococcosis",2018,49,0,"IL",NA,NA,NA,NA
"334","Echinococcosis",2018,50,0,"IL",NA,NA,NA,NA
"335","Echinococcosis",2018,51,0,"IL",NA,NA,NA,NA
"336","Echinococcosis",2018,52,0,"IL",NA,NA,NA,NA
"337","Echinococcosis",2019,1,0,"IL",NA,NA,NA,NA
"338","Echinococcosis",2019,2,0,"IL",NA,NA,NA,NA
"339","Echinococcosis",2019,3,0,"IL",NA,NA,NA,NA
"340","Echinococcosis",2019,4,0.0666666666666667,"IL",NA,NA,NA,NA
"341","Echinococcosis",2019,5,0,"IL",NA,NA,NA,NA
"342","Echinococcosis",2019,6,0,"IL",NA,NA,NA,NA
"343","Echinococcosis",2019,7,0,"IL",NA,NA,NA,NA
"344","Echinococcosis",2019,8,0,"IL",NA,NA,NA,NA
"345","Echinococcosis",2019,9,0,"IL",NA,NA,NA,NA
"346","Echinococcosis",2019,10,0,"IL",NA,NA,NA,NA
"347","Echinococcosis",2019,11,0,"IL",NA,NA,NA,NA
"348","Echinococcosis",2019,12,0,"IL",NA,NA,NA,NA
"349","Echinococcosis",2020,10,0,"IL",NA,NA,NA,NA
