"","Disease","EpiYear","EpiWeek","Incidence","ADM0","ADM1","ADM2","NA","NA"
"1","Tuberculosis",2012,23,0.0666666666666667,"IL",NA,NA,NA,NA
"2","Tuberculosis",2012,24,0.133333333333333,"IL",NA,NA,NA,NA
"3","Tuberculosis",2012,25,0.8,"IL",NA,NA,NA,NA
"4","Tuberculosis",2012,26,0.266666666666667,"IL",NA,NA,NA,NA
"5","Tuberculosis",2012,27,0.733333333333333,"IL",NA,NA,NA,NA
"6","Tuberculosis",2012,28,0.433333333333333,"IL",NA,NA,NA,NA
"7","Tuberculosis",2012,29,0.0333333333333333,"IL",NA,NA,NA,NA
"8","Tuberculosis",2012,30,1.33333333333333,"IL",NA,NA,NA,NA
"9","Tuberculosis",2012,31,0.566666666666667,"IL",NA,NA,NA,NA
"10","Tuberculosis",2012,32,0.233333333333333,"IL",NA,NA,NA,NA
"11","Tuberculosis",2012,33,0.0666666666666667,"IL",NA,NA,NA,NA
"12","Tuberculosis",2012,34,0.3,"IL",NA,NA,NA,NA
"13","Tuberculosis",2012,35,0.1,"IL",NA,NA,NA,NA
"14","Tuberculosis",2012,36,0,"IL",NA,NA,NA,NA
"15","Tuberculosis",2012,37,0.833333333333333,"IL",NA,NA,NA,NA
"16","Tuberculosis",2012,38,0.0666666666666667,"IL",NA,NA,NA,NA
"17","Tuberculosis",2012,39,0.133333333333333,"IL",NA,NA,NA,NA
"18","Tuberculosis",2012,40,0,"IL",NA,NA,NA,NA
"19","Tuberculosis",2012,41,0.1,"IL",NA,NA,NA,NA
"20","Tuberculosis",2012,42,0.366666666666667,"IL",NA,NA,NA,NA
"21","Tuberculosis",2012,43,0.5,"IL",NA,NA,NA,NA
"22","Tuberculosis",2012,44,0.166666666666667,"IL",NA,NA,NA,NA
"23","Tuberculosis",2012,45,0.133333333333333,"IL",NA,NA,NA,NA
"24","Tuberculosis",2012,46,0.166666666666667,"IL",NA,NA,NA,NA
"25","Tuberculosis",2012,47,0.266666666666667,"IL",NA,NA,NA,NA
"26","Tuberculosis",2012,48,0.1,"IL",NA,NA,NA,NA
"27","Tuberculosis",2012,49,0.166666666666667,"IL",NA,NA,NA,NA
"28","Tuberculosis",2012,50,0.166666666666667,"IL",NA,NA,NA,NA
"29","Tuberculosis",2012,51,0.266666666666667,"IL",NA,NA,NA,NA
"30","Tuberculosis",2012,52,0.466666666666667,"IL",NA,NA,NA,NA
"31","Tuberculosis",2013,1,0.433333333333333,"IL",NA,NA,NA,NA
"32","Tuberculosis",2013,2,1.26666666666667,"IL",NA,NA,NA,NA
"33","Tuberculosis",2013,3,0.933333333333333,"IL",NA,NA,NA,NA
"34","Tuberculosis",2013,5,1.2,"IL",NA,NA,NA,NA
"35","Tuberculosis",2013,6,0.333333333333333,"IL",NA,NA,NA,NA
"36","Tuberculosis",2013,7,0.366666666666667,"IL",NA,NA,NA,NA
"37","Tuberculosis",2013,8,0.366666666666667,"IL",NA,NA,NA,NA
"38","Tuberculosis",2013,9,0.1,"IL",NA,NA,NA,NA
"39","Tuberculosis",2013,10,0.3,"IL",NA,NA,NA,NA
"40","Tuberculosis",2013,11,0.0666666666666667,"IL",NA,NA,NA,NA
"41","Tuberculosis",2013,12,0.133333333333333,"IL",NA,NA,NA,NA
"42","Tuberculosis",2013,13,0.0666666666666667,"IL",NA,NA,NA,NA
"43","Tuberculosis",2013,14,0.0333333333333333,"IL",NA,NA,NA,NA
"44","Tuberculosis",2013,15,0.133333333333333,"IL",NA,NA,NA,NA
"45","Tuberculosis",2013,16,0.533333333333333,"IL",NA,NA,NA,NA
"46","Tuberculosis",2013,17,0.133333333333333,"IL",NA,NA,NA,NA
"47","Tuberculosis",2013,18,0.4,"IL",NA,NA,NA,NA
"48","Tuberculosis",2013,19,0.166666666666667,"IL",NA,NA,NA,NA
"49","Tuberculosis",2013,20,0.1,"IL",NA,NA,NA,NA
"50","Tuberculosis",2013,21,0.0333333333333333,"IL",NA,NA,NA,NA
"51","Tuberculosis",2013,22,0.3,"IL",NA,NA,NA,NA
"52","Tuberculosis",2013,23,0.0666666666666667,"IL",NA,NA,NA,NA
"53","Tuberculosis",2013,24,0.3,"IL",NA,NA,NA,NA
"54","Tuberculosis",2013,25,0.2,"IL",NA,NA,NA,NA
"55","Tuberculosis",2013,26,0.166666666666667,"IL",NA,NA,NA,NA
"56","Tuberculosis",2013,27,0.1,"IL",NA,NA,NA,NA
"57","Tuberculosis",2013,28,0.0333333333333333,"IL",NA,NA,NA,NA
"58","Tuberculosis",2013,29,0.0333333333333333,"IL",NA,NA,NA,NA
"59","Tuberculosis",2013,30,0.633333333333333,"IL",NA,NA,NA,NA
"60","Tuberculosis",2013,31,0.0666666666666667,"IL",NA,NA,NA,NA
"61","Tuberculosis",2013,33,0.333333333333333,"IL",NA,NA,NA,NA
"62","Tuberculosis",2013,34,0.0333333333333333,"IL",NA,NA,NA,NA
"63","Tuberculosis",2013,35,0.0666666666666667,"IL",NA,NA,NA,NA
"64","Tuberculosis",2013,36,0.133333333333333,"IL",NA,NA,NA,NA
"65","Tuberculosis",2013,37,0.133333333333333,"IL",NA,NA,NA,NA
"66","Tuberculosis",2013,38,0.166666666666667,"IL",NA,NA,NA,NA
"67","Tuberculosis",2013,40,0.0666666666666667,"IL",NA,NA,NA,NA
"68","Tuberculosis",2013,41,0.433333333333333,"IL",NA,NA,NA,NA
"69","Tuberculosis",2013,42,0.366666666666667,"IL",NA,NA,NA,NA
"70","Tuberculosis",2013,43,0.6,"IL",NA,NA,NA,NA
"71","Tuberculosis",2013,44,0.133333333333333,"IL",NA,NA,NA,NA
"72","Tuberculosis",2013,45,0.333333333333333,"IL",NA,NA,NA,NA
"73","Tuberculosis",2013,46,0.1,"IL",NA,NA,NA,NA
"74","Tuberculosis",2013,47,0.1,"IL",NA,NA,NA,NA
"75","Tuberculosis",2013,48,0.3,"IL",NA,NA,NA,NA
"76","Tuberculosis",2013,49,0.833333333333333,"IL",NA,NA,NA,NA
"77","Tuberculosis",2013,50,0.566666666666667,"IL",NA,NA,NA,NA
"78","Tuberculosis",2013,51,0.266666666666667,"IL",NA,NA,NA,NA
"79","Tuberculosis",2013,52,0.1,"IL",NA,NA,NA,NA
"80","Tuberculosis",2014,1,0.2,"IL",NA,NA,NA,NA
"81","Tuberculosis",2014,2,0.3,"IL",NA,NA,NA,NA
"82","Tuberculosis",2014,3,0.166666666666667,"IL",NA,NA,NA,NA
"83","Tuberculosis",2014,5,0.233333333333333,"IL",NA,NA,NA,NA
"84","Tuberculosis",2014,6,0.133333333333333,"IL",NA,NA,NA,NA
"85","Tuberculosis",2014,7,0.266666666666667,"IL",NA,NA,NA,NA
"86","Tuberculosis",2014,8,0.0333333333333333,"IL",NA,NA,NA,NA
"87","Tuberculosis",2014,9,0.233333333333333,"IL",NA,NA,NA,NA
"88","Tuberculosis",2014,10,0.1,"IL",NA,NA,NA,NA
"89","Tuberculosis",2014,11,0,"IL",NA,NA,NA,NA
"90","Tuberculosis",2014,12,0.0666666666666667,"IL",NA,NA,NA,NA
"91","Tuberculosis",2014,13,0.166666666666667,"IL",NA,NA,NA,NA
"92","Tuberculosis",2014,14,0.4,"IL",NA,NA,NA,NA
"93","Tuberculosis",2014,16,0.1,"IL",NA,NA,NA,NA
"94","Tuberculosis",2014,17,0.1,"IL",NA,NA,NA,NA
"95","Tuberculosis",2014,18,0.1,"IL",NA,NA,NA,NA
"96","Tuberculosis",2014,19,0.133333333333333,"IL",NA,NA,NA,NA
"97","Tuberculosis",2014,20,0.566666666666667,"IL",NA,NA,NA,NA
"98","Tuberculosis",2014,21,0.233333333333333,"IL",NA,NA,NA,NA
"99","Tuberculosis",2014,22,0.366666666666667,"IL",NA,NA,NA,NA
"100","Tuberculosis",2014,23,0.0666666666666667,"IL",NA,NA,NA,NA
"101","Tuberculosis",2014,24,0.3,"IL",NA,NA,NA,NA
"102","Tuberculosis",2014,25,0.2,"IL",NA,NA,NA,NA
"103","Tuberculosis",2014,26,0.3,"IL",NA,NA,NA,NA
"104","Tuberculosis",2014,27,0.566666666666667,"IL",NA,NA,NA,NA
"105","Tuberculosis",2014,28,0.266666666666667,"IL",NA,NA,NA,NA
"106","Tuberculosis",2014,29,0.333333333333333,"IL",NA,NA,NA,NA
"107","Tuberculosis",2014,30,0.5,"IL",NA,NA,NA,NA
"108","Tuberculosis",2014,31,0.1,"IL",NA,NA,NA,NA
"109","Tuberculosis",2014,32,0.166666666666667,"IL",NA,NA,NA,NA
"110","Tuberculosis",2014,33,0.2,"IL",NA,NA,NA,NA
"111","Tuberculosis",2014,34,0.6,"IL",NA,NA,NA,NA
"112","Tuberculosis",2014,35,0.166666666666667,"IL",NA,NA,NA,NA
"113","Tuberculosis",2014,36,0,"IL",NA,NA,NA,NA
"114","Tuberculosis",2014,37,0.266666666666667,"IL",NA,NA,NA,NA
"115","Tuberculosis",2014,38,0,"IL",NA,NA,NA,NA
"116","Tuberculosis",2014,39,0.2,"IL",NA,NA,NA,NA
"117","Tuberculosis",2014,40,0.166666666666667,"IL",NA,NA,NA,NA
"118","Tuberculosis",2014,41,0.133333333333333,"IL",NA,NA,NA,NA
"119","Tuberculosis",2014,42,0,"IL",NA,NA,NA,NA
"120","Tuberculosis",2014,43,0.3,"IL",NA,NA,NA,NA
"121","Tuberculosis",2014,44,0.4,"IL",NA,NA,NA,NA
"122","Tuberculosis",2014,45,0.1,"IL",NA,NA,NA,NA
"123","Tuberculosis",2014,46,0.366666666666667,"IL",NA,NA,NA,NA
"124","Tuberculosis",2014,47,0.366666666666667,"IL",NA,NA,NA,NA
"125","Tuberculosis",2014,48,0.0666666666666667,"IL",NA,NA,NA,NA
"126","Tuberculosis",2014,49,0.133333333333333,"IL",NA,NA,NA,NA
"127","Tuberculosis",2014,50,0.366666666666667,"IL",NA,NA,NA,NA
"128","Tuberculosis",2014,51,0.0666666666666667,"IL",NA,NA,NA,NA
"129","Tuberculosis",2014,52,0.0333333333333333,"IL",NA,NA,NA,NA
"130","Tuberculosis",2014,53,0.1,"IL",NA,NA,NA,NA
"131","Tuberculosis",2015,1,0.6,"IL",NA,NA,NA,NA
"132","Tuberculosis",2015,2,0.666666666666667,"IL",NA,NA,NA,NA
"133","Tuberculosis",2015,3,0.1,"IL",NA,NA,NA,NA
"134","Tuberculosis",2015,5,0.133333333333333,"IL",NA,NA,NA,NA
"135","Tuberculosis",2015,6,0,"IL",NA,NA,NA,NA
"136","Tuberculosis",2015,7,0.8,"IL",NA,NA,NA,NA
"137","Tuberculosis",2015,8,0.366666666666667,"IL",NA,NA,NA,NA
"138","Tuberculosis",2015,9,0.8,"IL",NA,NA,NA,NA
"139","Tuberculosis",2015,10,0.133333333333333,"IL",NA,NA,NA,NA
"140","Tuberculosis",2015,11,0.0333333333333333,"IL",NA,NA,NA,NA
"141","Tuberculosis",2015,12,0.266666666666667,"IL",NA,NA,NA,NA
"142","Tuberculosis",2015,13,0.233333333333333,"IL",NA,NA,NA,NA
"143","Tuberculosis",2015,15,0.3,"IL",NA,NA,NA,NA
"144","Tuberculosis",2015,16,0.133333333333333,"IL",NA,NA,NA,NA
"145","Tuberculosis",2015,17,0.566666666666667,"IL",NA,NA,NA,NA
"146","Tuberculosis",2015,18,0.233333333333333,"IL",NA,NA,NA,NA
"147","Tuberculosis",2015,19,0.166666666666667,"IL",NA,NA,NA,NA
"148","Tuberculosis",2015,20,0.233333333333333,"IL",NA,NA,NA,NA
"149","Tuberculosis",2015,21,0.366666666666667,"IL",NA,NA,NA,NA
"150","Tuberculosis",2015,22,0.1,"IL",NA,NA,NA,NA
"151","Tuberculosis",2015,23,0.166666666666667,"IL",NA,NA,NA,NA
"152","Tuberculosis",2015,24,0.2,"IL",NA,NA,NA,NA
"153","Tuberculosis",2015,25,0.0666666666666667,"IL",NA,NA,NA,NA
"154","Tuberculosis",2015,26,0.166666666666667,"IL",NA,NA,NA,NA
"155","Tuberculosis",2015,27,0.266666666666667,"IL",NA,NA,NA,NA
"156","Tuberculosis",2015,28,0.5,"IL",NA,NA,NA,NA
"157","Tuberculosis",2015,29,0.166666666666667,"IL",NA,NA,NA,NA
"158","Tuberculosis",2015,30,0.2,"IL",NA,NA,NA,NA
"159","Tuberculosis",2015,31,0.166666666666667,"IL",NA,NA,NA,NA
"160","Tuberculosis",2015,32,0.233333333333333,"IL",NA,NA,NA,NA
"161","Tuberculosis",2015,33,0.0333333333333333,"IL",NA,NA,NA,NA
"162","Tuberculosis",2015,34,0,"IL",NA,NA,NA,NA
"163","Tuberculosis",2015,35,0.0666666666666667,"IL",NA,NA,NA,NA
"164","Tuberculosis",2015,36,0.566666666666667,"IL",NA,NA,NA,NA
"165","Tuberculosis",2015,37,0.2,"IL",NA,NA,NA,NA
"166","Tuberculosis",2015,38,0.4,"IL",NA,NA,NA,NA
"167","Tuberculosis",2015,39,0,"IL",NA,NA,NA,NA
"168","Tuberculosis",2015,40,0.133333333333333,"IL",NA,NA,NA,NA
"169","Tuberculosis",2015,41,0.1,"IL",NA,NA,NA,NA
"170","Tuberculosis",2015,42,0.166666666666667,"IL",NA,NA,NA,NA
"171","Tuberculosis",2015,43,0.266666666666667,"IL",NA,NA,NA,NA
"172","Tuberculosis",2015,44,0.0666666666666667,"IL",NA,NA,NA,NA
"173","Tuberculosis",2015,45,0.466666666666667,"IL",NA,NA,NA,NA
"174","Tuberculosis",2015,46,0.166666666666667,"IL",NA,NA,NA,NA
"175","Tuberculosis",2015,47,0.1,"IL",NA,NA,NA,NA
"176","Tuberculosis",2015,48,0.0333333333333333,"IL",NA,NA,NA,NA
"177","Tuberculosis",2015,49,0,"IL",NA,NA,NA,NA
"178","Tuberculosis",2015,50,0.533333333333333,"IL",NA,NA,NA,NA
"179","Tuberculosis",2015,51,0.1,"IL",NA,NA,NA,NA
"180","Tuberculosis",2015,52,0.133333333333333,"IL",NA,NA,NA,NA
"181","Tuberculosis",2016,1,0.2,"IL",NA,NA,NA,NA
"182","Tuberculosis",2016,2,0.2,"IL",NA,NA,NA,NA
"183","Tuberculosis",2016,3,0.133333333333333,"IL",NA,NA,NA,NA
"184","Tuberculosis",2016,4,0.166666666666667,"IL",NA,NA,NA,NA
"185","Tuberculosis",2016,5,0.166666666666667,"IL",NA,NA,NA,NA
"186","Tuberculosis",2016,6,0.3,"IL",NA,NA,NA,NA
"187","Tuberculosis",2016,7,0.166666666666667,"IL",NA,NA,NA,NA
"188","Tuberculosis",2016,8,0.266666666666667,"IL",NA,NA,NA,NA
"189","Tuberculosis",2016,9,0.266666666666667,"IL",NA,NA,NA,NA
"190","Tuberculosis",2016,10,0.0666666666666667,"IL",NA,NA,NA,NA
"191","Tuberculosis",2016,11,0.233333333333333,"IL",NA,NA,NA,NA
"192","Tuberculosis",2016,12,0.0666666666666667,"IL",NA,NA,NA,NA
"193","Tuberculosis",2016,13,0.166666666666667,"IL",NA,NA,NA,NA
"194","Tuberculosis",2016,14,0.0333333333333333,"IL",NA,NA,NA,NA
"195","Tuberculosis",2016,15,0.333333333333333,"IL",NA,NA,NA,NA
"196","Tuberculosis",2016,16,0.0333333333333333,"IL",NA,NA,NA,NA
"197","Tuberculosis",2016,17,0,"IL",NA,NA,NA,NA
"198","Tuberculosis",2016,18,0.0666666666666667,"IL",NA,NA,NA,NA
"199","Tuberculosis",2016,19,0.5,"IL",NA,NA,NA,NA
"200","Tuberculosis",2016,20,0.166666666666667,"IL",NA,NA,NA,NA
"201","Tuberculosis",2016,21,0.0333333333333333,"IL",NA,NA,NA,NA
"202","Tuberculosis",2016,22,0,"IL",NA,NA,NA,NA
"203","Tuberculosis",2016,23,0.433333333333333,"IL",NA,NA,NA,NA
"204","Tuberculosis",2016,24,0,"IL",NA,NA,NA,NA
"205","Tuberculosis",2016,25,0.366666666666667,"IL",NA,NA,NA,NA
"206","Tuberculosis",2016,26,0.133333333333333,"IL",NA,NA,NA,NA
"207","Tuberculosis",2016,27,0.366666666666667,"IL",NA,NA,NA,NA
"208","Tuberculosis",2016,28,0.1,"IL",NA,NA,NA,NA
"209","Tuberculosis",2016,29,0,"IL",NA,NA,NA,NA
"210","Tuberculosis",2016,30,0.0666666666666667,"IL",NA,NA,NA,NA
"211","Tuberculosis",2016,31,0.0666666666666667,"IL",NA,NA,NA,NA
"212","Tuberculosis",2016,32,0,"IL",NA,NA,NA,NA
"213","Tuberculosis",2016,33,0.533333333333333,"IL",NA,NA,NA,NA
"214","Tuberculosis",2016,34,0,"IL",NA,NA,NA,NA
"215","Tuberculosis",2016,35,0.533333333333333,"IL",NA,NA,NA,NA
"216","Tuberculosis",2016,36,0.0333333333333333,"IL",NA,NA,NA,NA
"217","Tuberculosis",2016,37,0.0333333333333333,"IL",NA,NA,NA,NA
"218","Tuberculosis",2016,38,0.0333333333333333,"IL",NA,NA,NA,NA
"219","Tuberculosis",2016,39,0.266666666666667,"IL",NA,NA,NA,NA
"220","Tuberculosis",2016,40,0.4,"IL",NA,NA,NA,NA
"221","Tuberculosis",2016,41,0.1,"IL",NA,NA,NA,NA
"222","Tuberculosis",2016,42,0,"IL",NA,NA,NA,NA
"223","Tuberculosis",2016,43,0.366666666666667,"IL",NA,NA,NA,NA
"224","Tuberculosis",2016,44,0.466666666666667,"IL",NA,NA,NA,NA
"225","Tuberculosis",2016,45,0.0666666666666667,"IL",NA,NA,NA,NA
"226","Tuberculosis",2016,46,0.166666666666667,"IL",NA,NA,NA,NA
"227","Tuberculosis",2016,47,0.233333333333333,"IL",NA,NA,NA,NA
"228","Tuberculosis",2016,48,0.1,"IL",NA,NA,NA,NA
"229","Tuberculosis",2016,49,0.333333333333333,"IL",NA,NA,NA,NA
"230","Tuberculosis",2016,50,0.133333333333333,"IL",NA,NA,NA,NA
"231","Tuberculosis",2016,51,0.233333333333333,"IL",NA,NA,NA,NA
"232","Tuberculosis",2016,52,0.1,"IL",NA,NA,NA,NA
"233","Tuberculosis",2017,1,0.0666666666666667,"IL",NA,NA,NA,NA
"234","Tuberculosis",2017,2,0.0666666666666667,"IL",NA,NA,NA,NA
"235","Tuberculosis",2017,3,0,"IL",NA,NA,NA,NA
"236","Tuberculosis",2017,4,0.233333333333333,"IL",NA,NA,NA,NA
"237","Tuberculosis",2017,5,0,"IL",NA,NA,NA,NA
"238","Tuberculosis",2017,6,0.133333333333333,"IL",NA,NA,NA,NA
"239","Tuberculosis",2017,7,0.433333333333333,"IL",NA,NA,NA,NA
"240","Tuberculosis",2017,8,0.6,"IL",NA,NA,NA,NA
"241","Tuberculosis",2017,9,0.166666666666667,"IL",NA,NA,NA,NA
"242","Tuberculosis",2017,10,0.1,"IL",NA,NA,NA,NA
"243","Tuberculosis",2017,11,0.1,"IL",NA,NA,NA,NA
"244","Tuberculosis",2017,12,0,"IL",NA,NA,NA,NA
"245","Tuberculosis",2017,13,0,"IL",NA,NA,NA,NA
"246","Tuberculosis",2017,14,0.233333333333333,"IL",NA,NA,NA,NA
"247","Tuberculosis",2017,15,0,"IL",NA,NA,NA,NA
"248","Tuberculosis",2017,16,0.166666666666667,"IL",NA,NA,NA,NA
"249","Tuberculosis",2017,17,0.1,"IL",NA,NA,NA,NA
"250","Tuberculosis",2017,18,0.1,"IL",NA,NA,NA,NA
"251","Tuberculosis",2017,19,0.266666666666667,"IL",NA,NA,NA,NA
"252","Tuberculosis",2017,20,0.133333333333333,"IL",NA,NA,NA,NA
"253","Tuberculosis",2017,21,0.3,"IL",NA,NA,NA,NA
"254","Tuberculosis",2017,22,0.1,"IL",NA,NA,NA,NA
"255","Tuberculosis",2017,23,0.266666666666667,"IL",NA,NA,NA,NA
"256","Tuberculosis",2017,24,0.233333333333333,"IL",NA,NA,NA,NA
"257","Tuberculosis",2017,25,0.0333333333333333,"IL",NA,NA,NA,NA
"258","Tuberculosis",2017,26,0.0333333333333333,"IL",NA,NA,NA,NA
"259","Tuberculosis",2017,27,0.2,"IL",NA,NA,NA,NA
"260","Tuberculosis",2017,28,0.233333333333333,"IL",NA,NA,NA,NA
"261","Tuberculosis",2017,29,0.266666666666667,"IL",NA,NA,NA,NA
"262","Tuberculosis",2017,30,0.0333333333333333,"IL",NA,NA,NA,NA
"263","Tuberculosis",2017,31,0,"IL",NA,NA,NA,NA
"264","Tuberculosis",2017,32,0.0333333333333333,"IL",NA,NA,NA,NA
"265","Tuberculosis",2017,33,0.0333333333333333,"IL",NA,NA,NA,NA
"266","Tuberculosis",2017,34,0.0333333333333333,"IL",NA,NA,NA,NA
"267","Tuberculosis",2017,35,0.4,"IL",NA,NA,NA,NA
"268","Tuberculosis",2017,36,0,"IL",NA,NA,NA,NA
"269","Tuberculosis",2017,37,0.166666666666667,"IL",NA,NA,NA,NA
"270","Tuberculosis",2017,38,0.133333333333333,"IL",NA,NA,NA,NA
"271","Tuberculosis",2017,39,0.133333333333333,"IL",NA,NA,NA,NA
"272","Tuberculosis",2017,40,0.0333333333333333,"IL",NA,NA,NA,NA
"273","Tuberculosis",2017,41,0,"IL",NA,NA,NA,NA
"274","Tuberculosis",2017,42,0,"IL",NA,NA,NA,NA
"275","Tuberculosis",2017,43,0.333333333333333,"IL",NA,NA,NA,NA
"276","Tuberculosis",2017,44,0.1,"IL",NA,NA,NA,NA
"277","Tuberculosis",2017,45,0,"IL",NA,NA,NA,NA
"278","Tuberculosis",2017,46,0,"IL",NA,NA,NA,NA
"279","Tuberculosis",2017,47,0,"IL",NA,NA,NA,NA
"280","Tuberculosis",2017,48,0.333333333333333,"IL",NA,NA,NA,NA
"281","Tuberculosis",2017,49,0.3,"IL",NA,NA,NA,NA
"282","Tuberculosis",2017,50,0.0666666666666667,"IL",NA,NA,NA,NA
"283","Tuberculosis",2017,51,0.4,"IL",NA,NA,NA,NA
"284","Tuberculosis",2017,52,0.266666666666667,"IL",NA,NA,NA,NA
"285","Tuberculosis",2018,1,0.1,"IL",NA,NA,NA,NA
"286","Tuberculosis",2018,2,0.0666666666666667,"IL",NA,NA,NA,NA
"287","Tuberculosis",2018,3,0.533333333333333,"IL",NA,NA,NA,NA
"288","Tuberculosis",2018,4,0.266666666666667,"IL",NA,NA,NA,NA
"289","Tuberculosis",2018,5,0,"IL",NA,NA,NA,NA
"290","Tuberculosis",2018,6,0.133333333333333,"IL",NA,NA,NA,NA
"291","Tuberculosis",2018,7,0.5,"IL",NA,NA,NA,NA
"292","Tuberculosis",2018,8,0.3,"IL",NA,NA,NA,NA
"293","Tuberculosis",2018,9,0.233333333333333,"IL",NA,NA,NA,NA
"294","Tuberculosis",2018,10,0.133333333333333,"IL",NA,NA,NA,NA
"295","Tuberculosis",2018,11,0.1,"IL",NA,NA,NA,NA
"296","Tuberculosis",2018,12,0,"IL",NA,NA,NA,NA
"297","Tuberculosis",2018,13,0,"IL",NA,NA,NA,NA
"298","Tuberculosis",2018,14,0,"IL",NA,NA,NA,NA
"299","Tuberculosis",2018,15,0.0333333333333333,"IL",NA,NA,NA,NA
"300","Tuberculosis",2018,16,0.0666666666666667,"IL",NA,NA,NA,NA
"301","Tuberculosis",2018,17,0.366666666666667,"IL",NA,NA,NA,NA
"302","Tuberculosis",2018,18,1.1,"IL",NA,NA,NA,NA
"303","Tuberculosis",2018,19,0.1,"IL",NA,NA,NA,NA
"304","Tuberculosis",2018,20,0.133333333333333,"IL",NA,NA,NA,NA
"305","Tuberculosis",2018,21,0.233333333333333,"IL",NA,NA,NA,NA
"306","Tuberculosis",2018,22,0.166666666666667,"IL",NA,NA,NA,NA
"307","Tuberculosis",2018,23,0.266666666666667,"IL",NA,NA,NA,NA
"308","Tuberculosis",2018,24,0.266666666666667,"IL",NA,NA,NA,NA
"309","Tuberculosis",2018,25,0.566666666666667,"IL",NA,NA,NA,NA
"310","Tuberculosis",2018,26,0.166666666666667,"IL",NA,NA,NA,NA
"311","Tuberculosis",2018,27,0.1,"IL",NA,NA,NA,NA
"312","Tuberculosis",2018,28,0.1,"IL",NA,NA,NA,NA
"313","Tuberculosis",2018,29,0.4,"IL",NA,NA,NA,NA
"314","Tuberculosis",2018,30,0.166666666666667,"IL",NA,NA,NA,NA
"315","Tuberculosis",2018,31,0.433333333333333,"IL",NA,NA,NA,NA
"316","Tuberculosis",2018,32,0.0666666666666667,"IL",NA,NA,NA,NA
"317","Tuberculosis",2018,33,0.166666666666667,"IL",NA,NA,NA,NA
"318","Tuberculosis",2018,34,0.233333333333333,"IL",NA,NA,NA,NA
"319","Tuberculosis",2018,35,0.0333333333333333,"IL",NA,NA,NA,NA
"320","Tuberculosis",2018,36,0.266666666666667,"IL",NA,NA,NA,NA
"321","Tuberculosis",2018,37,0.0333333333333333,"IL",NA,NA,NA,NA
"322","Tuberculosis",2018,38,0.2,"IL",NA,NA,NA,NA
"323","Tuberculosis",2018,39,0,"IL",NA,NA,NA,NA
"324","Tuberculosis",2018,40,0,"IL",NA,NA,NA,NA
"325","Tuberculosis",2018,41,0.1,"IL",NA,NA,NA,NA
"326","Tuberculosis",2018,42,0.0666666666666667,"IL",NA,NA,NA,NA
"327","Tuberculosis",2018,43,0.0333333333333333,"IL",NA,NA,NA,NA
"328","Tuberculosis",2018,44,0,"IL",NA,NA,NA,NA
"329","Tuberculosis",2018,45,0.166666666666667,"IL",NA,NA,NA,NA
"330","Tuberculosis",2018,46,0.3,"IL",NA,NA,NA,NA
"331","Tuberculosis",2018,47,0,"IL",NA,NA,NA,NA
"332","Tuberculosis",2018,48,0.4,"IL",NA,NA,NA,NA
"333","Tuberculosis",2018,49,0,"IL",NA,NA,NA,NA
"334","Tuberculosis",2018,50,0.3,"IL",NA,NA,NA,NA
"335","Tuberculosis",2018,51,0.266666666666667,"IL",NA,NA,NA,NA
"336","Tuberculosis",2018,52,0.0333333333333333,"IL",NA,NA,NA,NA
"337","Tuberculosis",2019,1,0.6,"IL",NA,NA,NA,NA
"338","Tuberculosis",2019,2,0.333333333333333,"IL",NA,NA,NA,NA
"339","Tuberculosis",2019,3,0.3,"IL",NA,NA,NA,NA
"340","Tuberculosis",2019,4,0.0666666666666667,"IL",NA,NA,NA,NA
"341","Tuberculosis",2019,5,0.0333333333333333,"IL",NA,NA,NA,NA
"342","Tuberculosis",2019,6,0.166666666666667,"IL",NA,NA,NA,NA
"343","Tuberculosis",2019,7,0.566666666666667,"IL",NA,NA,NA,NA
"344","Tuberculosis",2019,8,0.6,"IL",NA,NA,NA,NA
"345","Tuberculosis",2019,9,0.133333333333333,"IL",NA,NA,NA,NA
"346","Tuberculosis",2019,10,0.166666666666667,"IL",NA,NA,NA,NA
"347","Tuberculosis",2019,11,0.233333333333333,"IL",NA,NA,NA,NA
"348","Tuberculosis",2019,12,0.0666666666666667,"IL",NA,NA,NA,NA
"349","Tuberculosis",2020,10,0,"IL",NA,NA,NA,NA
