"","Disease","EpiYear","EpiWeek","Incidence","ADM0","ADM1","ADM2","NA","NA"
"1","Avian influenza",2012,23,0,"IL",NA,NA,NA,NA
"2","Avian influenza",2012,24,0,"IL",NA,NA,NA,NA
"3","Avian influenza",2012,25,0,"IL",NA,NA,NA,NA
"4","Avian influenza",2012,26,0,"IL",NA,NA,NA,NA
"5","Avian influenza",2012,27,0,"IL",NA,NA,NA,NA
"6","Avian influenza",2012,28,0,"IL",NA,NA,NA,NA
"7","Avian influenza",2012,29,0,"IL",NA,NA,NA,NA
"8","Avian influenza",2012,30,0,"IL",NA,NA,NA,NA
"9","Avian influenza",2012,31,0,"IL",NA,NA,NA,NA
"10","Avian influenza",2012,32,0,"IL",NA,NA,NA,NA
"11","Avian influenza",2012,33,0,"IL",NA,NA,NA,NA
"12","Avian influenza",2012,34,0,"IL",NA,NA,NA,NA
"13","Avian influenza",2012,35,0,"IL",NA,NA,NA,NA
"14","Avian influenza",2012,36,0,"IL",NA,NA,NA,NA
"15","Avian influenza",2012,37,0,"IL",NA,NA,NA,NA
"16","Avian influenza",2012,38,0,"IL",NA,NA,NA,NA
"17","Avian influenza",2012,39,0,"IL",NA,NA,NA,NA
"18","Avian influenza",2012,40,0,"IL",NA,NA,NA,NA
"19","Avian influenza",2012,41,0,"IL",NA,NA,NA,NA
"20","Avian influenza",2012,42,0,"IL",NA,NA,NA,NA
"21","Avian influenza",2012,43,0,"IL",NA,NA,NA,NA
"22","Avian influenza",2012,44,0,"IL",NA,NA,NA,NA
"23","Avian influenza",2012,45,0,"IL",NA,NA,NA,NA
"24","Avian influenza",2012,46,0,"IL",NA,NA,NA,NA
"25","Avian influenza",2012,47,0,"IL",NA,NA,NA,NA
"26","Avian influenza",2012,48,0,"IL",NA,NA,NA,NA
"27","Avian influenza",2012,49,0,"IL",NA,NA,NA,NA
"28","Avian influenza",2012,50,0,"IL",NA,NA,NA,NA
"29","Avian influenza",2012,51,0,"IL",NA,NA,NA,NA
"30","Avian influenza",2012,52,0,"IL",NA,NA,NA,NA
"31","Avian influenza",2013,1,0,"IL",NA,NA,NA,NA
"32","Avian influenza",2013,2,0,"IL",NA,NA,NA,NA
"33","Avian influenza",2013,3,0,"IL",NA,NA,NA,NA
"34","Avian influenza",2013,5,0,"IL",NA,NA,NA,NA
"35","Avian influenza",2013,6,0,"IL",NA,NA,NA,NA
"36","Avian influenza",2013,7,0,"IL",NA,NA,NA,NA
"37","Avian influenza",2013,8,0,"IL",NA,NA,NA,NA
"38","Avian influenza",2013,9,0,"IL",NA,NA,NA,NA
"39","Avian influenza",2013,10,0,"IL",NA,NA,NA,NA
"40","Avian influenza",2013,11,0,"IL",NA,NA,NA,NA
"41","Avian influenza",2013,12,0,"IL",NA,NA,NA,NA
"42","Avian influenza",2013,13,0,"IL",NA,NA,NA,NA
"43","Avian influenza",2013,14,0,"IL",NA,NA,NA,NA
"44","Avian influenza",2013,15,0,"IL",NA,NA,NA,NA
"45","Avian influenza",2013,16,0,"IL",NA,NA,NA,NA
"46","Avian influenza",2013,17,0,"IL",NA,NA,NA,NA
"47","Avian influenza",2013,18,0,"IL",NA,NA,NA,NA
"48","Avian influenza",2013,19,0,"IL",NA,NA,NA,NA
"49","Avian influenza",2013,20,0,"IL",NA,NA,NA,NA
"50","Avian influenza",2013,21,0,"IL",NA,NA,NA,NA
"51","Avian influenza",2013,22,0,"IL",NA,NA,NA,NA
"52","Avian influenza",2013,23,0,"IL",NA,NA,NA,NA
"53","Avian influenza",2013,24,0,"IL",NA,NA,NA,NA
"54","Avian influenza",2013,25,0,"IL",NA,NA,NA,NA
"55","Avian influenza",2013,26,0,"IL",NA,NA,NA,NA
"56","Avian influenza",2013,27,0,"IL",NA,NA,NA,NA
"57","Avian influenza",2013,28,0,"IL",NA,NA,NA,NA
"58","Avian influenza",2013,29,0,"IL",NA,NA,NA,NA
"59","Avian influenza",2013,30,0,"IL",NA,NA,NA,NA
"60","Avian influenza",2013,31,0,"IL",NA,NA,NA,NA
"61","Avian influenza",2013,33,0,"IL",NA,NA,NA,NA
"62","Avian influenza",2013,34,0,"IL",NA,NA,NA,NA
"63","Avian influenza",2013,35,0,"IL",NA,NA,NA,NA
"64","Avian influenza",2013,36,0,"IL",NA,NA,NA,NA
"65","Avian influenza",2013,37,0,"IL",NA,NA,NA,NA
"66","Avian influenza",2013,38,0,"IL",NA,NA,NA,NA
"67","Avian influenza",2013,40,0,"IL",NA,NA,NA,NA
"68","Avian influenza",2013,41,0,"IL",NA,NA,NA,NA
"69","Avian influenza",2013,42,0,"IL",NA,NA,NA,NA
"70","Avian influenza",2013,43,0,"IL",NA,NA,NA,NA
"71","Avian influenza",2013,44,0,"IL",NA,NA,NA,NA
"72","Avian influenza",2013,45,0,"IL",NA,NA,NA,NA
"73","Avian influenza",2013,46,0,"IL",NA,NA,NA,NA
"74","Avian influenza",2013,47,0,"IL",NA,NA,NA,NA
"75","Avian influenza",2013,48,0,"IL",NA,NA,NA,NA
"76","Avian influenza",2013,49,0,"IL",NA,NA,NA,NA
"77","Avian influenza",2013,50,0,"IL",NA,NA,NA,NA
"78","Avian influenza",2013,51,0,"IL",NA,NA,NA,NA
"79","Avian influenza",2013,52,0,"IL",NA,NA,NA,NA
"80","Avian influenza",2014,1,0,"IL",NA,NA,NA,NA
"81","Avian influenza",2014,2,0,"IL",NA,NA,NA,NA
"82","Avian influenza",2014,3,0,"IL",NA,NA,NA,NA
"83","Avian influenza",2014,5,0,"IL",NA,NA,NA,NA
"84","Avian influenza",2014,6,0,"IL",NA,NA,NA,NA
"85","Avian influenza",2014,7,0,"IL",NA,NA,NA,NA
"86","Avian influenza",2014,8,0,"IL",NA,NA,NA,NA
"87","Avian influenza",2014,9,0,"IL",NA,NA,NA,NA
"88","Avian influenza",2014,10,0,"IL",NA,NA,NA,NA
"89","Avian influenza",2014,11,0,"IL",NA,NA,NA,NA
"90","Avian influenza",2014,12,0,"IL",NA,NA,NA,NA
"91","Avian influenza",2014,13,0,"IL",NA,NA,NA,NA
"92","Avian influenza",2014,14,0,"IL",NA,NA,NA,NA
"93","Avian influenza",2014,16,0,"IL",NA,NA,NA,NA
"94","Avian influenza",2014,17,0,"IL",NA,NA,NA,NA
"95","Avian influenza",2014,18,0,"IL",NA,NA,NA,NA
"96","Avian influenza",2014,19,0,"IL",NA,NA,NA,NA
"97","Avian influenza",2014,20,0,"IL",NA,NA,NA,NA
"98","Avian influenza",2014,21,0,"IL",NA,NA,NA,NA
"99","Avian influenza",2014,22,0,"IL",NA,NA,NA,NA
"100","Avian influenza",2014,23,0,"IL",NA,NA,NA,NA
"101","Avian influenza",2014,24,0,"IL",NA,NA,NA,NA
"102","Avian influenza",2014,25,0,"IL",NA,NA,NA,NA
"103","Avian influenza",2014,26,0,"IL",NA,NA,NA,NA
"104","Avian influenza",2014,27,0,"IL",NA,NA,NA,NA
"105","Avian influenza",2014,28,0,"IL",NA,NA,NA,NA
"106","Avian influenza",2014,29,0,"IL",NA,NA,NA,NA
"107","Avian influenza",2014,30,0,"IL",NA,NA,NA,NA
"108","Avian influenza",2014,31,0,"IL",NA,NA,NA,NA
"109","Avian influenza",2014,32,0,"IL",NA,NA,NA,NA
"110","Avian influenza",2014,33,0,"IL",NA,NA,NA,NA
"111","Avian influenza",2014,34,0,"IL",NA,NA,NA,NA
"112","Avian influenza",2014,35,0,"IL",NA,NA,NA,NA
"113","Avian influenza",2014,36,0,"IL",NA,NA,NA,NA
"114","Avian influenza",2014,37,0,"IL",NA,NA,NA,NA
"115","Avian influenza",2014,38,0,"IL",NA,NA,NA,NA
"116","Avian influenza",2014,39,0,"IL",NA,NA,NA,NA
"117","Avian influenza",2014,40,0,"IL",NA,NA,NA,NA
"118","Avian influenza",2014,41,0,"IL",NA,NA,NA,NA
"119","Avian influenza",2014,42,0,"IL",NA,NA,NA,NA
"120","Avian influenza",2014,43,0,"IL",NA,NA,NA,NA
"121","Avian influenza",2014,44,0,"IL",NA,NA,NA,NA
"122","Avian influenza",2014,45,0,"IL",NA,NA,NA,NA
"123","Avian influenza",2014,46,0,"IL",NA,NA,NA,NA
"124","Avian influenza",2014,47,0,"IL",NA,NA,NA,NA
"125","Avian influenza",2014,48,0,"IL",NA,NA,NA,NA
"126","Avian influenza",2014,49,0,"IL",NA,NA,NA,NA
"127","Avian influenza",2014,50,0,"IL",NA,NA,NA,NA
"128","Avian influenza",2014,51,0,"IL",NA,NA,NA,NA
"129","Avian influenza",2014,52,0,"IL",NA,NA,NA,NA
"130","Avian influenza",2014,53,0,"IL",NA,NA,NA,NA
"131","Avian influenza",2015,1,0,"IL",NA,NA,NA,NA
"132","Avian influenza",2015,2,0,"IL",NA,NA,NA,NA
"133","Avian influenza",2015,3,0,"IL",NA,NA,NA,NA
"134","Avian influenza",2015,5,0,"IL",NA,NA,NA,NA
"135","Avian influenza",2015,6,0,"IL",NA,NA,NA,NA
"136","Avian influenza",2015,7,0,"IL",NA,NA,NA,NA
"137","Avian influenza",2015,8,0,"IL",NA,NA,NA,NA
"138","Avian influenza",2015,9,0,"IL",NA,NA,NA,NA
"139","Avian influenza",2015,10,0,"IL",NA,NA,NA,NA
"140","Avian influenza",2015,11,0,"IL",NA,NA,NA,NA
"141","Avian influenza",2015,12,0,"IL",NA,NA,NA,NA
"142","Avian influenza",2015,13,0,"IL",NA,NA,NA,NA
"143","Avian influenza",2015,15,0,"IL",NA,NA,NA,NA
"144","Avian influenza",2015,16,0,"IL",NA,NA,NA,NA
"145","Avian influenza",2015,17,0,"IL",NA,NA,NA,NA
"146","Avian influenza",2015,18,0,"IL",NA,NA,NA,NA
"147","Avian influenza",2015,19,0,"IL",NA,NA,NA,NA
"148","Avian influenza",2015,20,0,"IL",NA,NA,NA,NA
"149","Avian influenza",2015,21,0,"IL",NA,NA,NA,NA
"150","Avian influenza",2015,22,0,"IL",NA,NA,NA,NA
"151","Avian influenza",2015,23,0,"IL",NA,NA,NA,NA
"152","Avian influenza",2015,24,0,"IL",NA,NA,NA,NA
"153","Avian influenza",2015,25,0,"IL",NA,NA,NA,NA
"154","Avian influenza",2015,26,0,"IL",NA,NA,NA,NA
"155","Avian influenza",2015,27,0,"IL",NA,NA,NA,NA
"156","Avian influenza",2015,28,0,"IL",NA,NA,NA,NA
"157","Avian influenza",2015,29,0,"IL",NA,NA,NA,NA
"158","Avian influenza",2015,30,0,"IL",NA,NA,NA,NA
"159","Avian influenza",2015,31,0,"IL",NA,NA,NA,NA
"160","Avian influenza",2015,32,0,"IL",NA,NA,NA,NA
"161","Avian influenza",2015,33,0,"IL",NA,NA,NA,NA
"162","Avian influenza",2015,34,0,"IL",NA,NA,NA,NA
"163","Avian influenza",2015,35,0,"IL",NA,NA,NA,NA
"164","Avian influenza",2015,36,0,"IL",NA,NA,NA,NA
"165","Avian influenza",2015,37,0,"IL",NA,NA,NA,NA
"166","Avian influenza",2015,38,0,"IL",NA,NA,NA,NA
"167","Avian influenza",2015,39,0,"IL",NA,NA,NA,NA
"168","Avian influenza",2015,40,0,"IL",NA,NA,NA,NA
"169","Avian influenza",2015,41,0,"IL",NA,NA,NA,NA
"170","Avian influenza",2015,42,0,"IL",NA,NA,NA,NA
"171","Avian influenza",2015,43,0,"IL",NA,NA,NA,NA
"172","Avian influenza",2015,44,0,"IL",NA,NA,NA,NA
"173","Avian influenza",2015,45,0,"IL",NA,NA,NA,NA
"174","Avian influenza",2015,46,0,"IL",NA,NA,NA,NA
"175","Avian influenza",2015,47,0,"IL",NA,NA,NA,NA
"176","Avian influenza",2015,48,0,"IL",NA,NA,NA,NA
"177","Avian influenza",2015,49,0,"IL",NA,NA,NA,NA
"178","Avian influenza",2015,50,0,"IL",NA,NA,NA,NA
"179","Avian influenza",2015,51,0,"IL",NA,NA,NA,NA
"180","Avian influenza",2015,52,0,"IL",NA,NA,NA,NA
"181","Avian influenza",2016,1,0,"IL",NA,NA,NA,NA
"182","Avian influenza",2016,2,0,"IL",NA,NA,NA,NA
"183","Avian influenza",2016,3,0,"IL",NA,NA,NA,NA
"184","Avian influenza",2016,4,0,"IL",NA,NA,NA,NA
"185","Avian influenza",2016,5,0,"IL",NA,NA,NA,NA
"186","Avian influenza",2016,6,0,"IL",NA,NA,NA,NA
"187","Avian influenza",2016,7,0,"IL",NA,NA,NA,NA
"188","Avian influenza",2016,8,0,"IL",NA,NA,NA,NA
"189","Avian influenza",2016,9,0,"IL",NA,NA,NA,NA
"190","Avian influenza",2016,10,0,"IL",NA,NA,NA,NA
"191","Avian influenza",2016,11,0,"IL",NA,NA,NA,NA
"192","Avian influenza",2016,12,0,"IL",NA,NA,NA,NA
"193","Avian influenza",2016,13,0,"IL",NA,NA,NA,NA
"194","Avian influenza",2016,14,0,"IL",NA,NA,NA,NA
"195","Avian influenza",2016,15,0,"IL",NA,NA,NA,NA
"196","Avian influenza",2016,16,0,"IL",NA,NA,NA,NA
"197","Avian influenza",2016,17,0,"IL",NA,NA,NA,NA
"198","Avian influenza",2016,18,0,"IL",NA,NA,NA,NA
"199","Avian influenza",2016,19,0,"IL",NA,NA,NA,NA
"200","Avian influenza",2016,20,0,"IL",NA,NA,NA,NA
"201","Avian influenza",2016,21,0,"IL",NA,NA,NA,NA
"202","Avian influenza",2016,22,0,"IL",NA,NA,NA,NA
"203","Avian influenza",2016,23,0,"IL",NA,NA,NA,NA
"204","Avian influenza",2016,24,0,"IL",NA,NA,NA,NA
"205","Avian influenza",2016,25,0,"IL",NA,NA,NA,NA
"206","Avian influenza",2016,26,0,"IL",NA,NA,NA,NA
"207","Avian influenza",2016,27,0,"IL",NA,NA,NA,NA
"208","Avian influenza",2016,28,0,"IL",NA,NA,NA,NA
"209","Avian influenza",2016,29,0,"IL",NA,NA,NA,NA
"210","Avian influenza",2016,30,0,"IL",NA,NA,NA,NA
"211","Avian influenza",2016,31,0,"IL",NA,NA,NA,NA
"212","Avian influenza",2016,32,0,"IL",NA,NA,NA,NA
"213","Avian influenza",2016,33,0,"IL",NA,NA,NA,NA
"214","Avian influenza",2016,34,0,"IL",NA,NA,NA,NA
"215","Avian influenza",2016,35,0,"IL",NA,NA,NA,NA
"216","Avian influenza",2016,36,0,"IL",NA,NA,NA,NA
"217","Avian influenza",2016,37,0,"IL",NA,NA,NA,NA
"218","Avian influenza",2016,38,0,"IL",NA,NA,NA,NA
"219","Avian influenza",2016,39,0,"IL",NA,NA,NA,NA
"220","Avian influenza",2016,40,0,"IL",NA,NA,NA,NA
"221","Avian influenza",2016,41,0,"IL",NA,NA,NA,NA
"222","Avian influenza",2016,42,0,"IL",NA,NA,NA,NA
"223","Avian influenza",2016,43,0,"IL",NA,NA,NA,NA
"224","Avian influenza",2016,44,0,"IL",NA,NA,NA,NA
"225","Avian influenza",2016,45,0,"IL",NA,NA,NA,NA
"226","Avian influenza",2016,46,0,"IL",NA,NA,NA,NA
"227","Avian influenza",2016,47,0,"IL",NA,NA,NA,NA
"228","Avian influenza",2016,48,0,"IL",NA,NA,NA,NA
"229","Avian influenza",2016,49,0,"IL",NA,NA,NA,NA
"230","Avian influenza",2016,50,0,"IL",NA,NA,NA,NA
"231","Avian influenza",2016,51,0,"IL",NA,NA,NA,NA
"232","Avian influenza",2016,52,0,"IL",NA,NA,NA,NA
"233","Avian influenza",2017,1,0,"IL",NA,NA,NA,NA
"234","Avian influenza",2017,2,0,"IL",NA,NA,NA,NA
"235","Avian influenza",2017,3,0,"IL",NA,NA,NA,NA
"236","Avian influenza",2017,4,0,"IL",NA,NA,NA,NA
"237","Avian influenza",2017,5,0,"IL",NA,NA,NA,NA
"238","Avian influenza",2017,6,0,"IL",NA,NA,NA,NA
"239","Avian influenza",2017,7,0,"IL",NA,NA,NA,NA
"240","Avian influenza",2017,8,0,"IL",NA,NA,NA,NA
"241","Avian influenza",2017,9,0,"IL",NA,NA,NA,NA
"242","Avian influenza",2017,10,0,"IL",NA,NA,NA,NA
"243","Avian influenza",2017,11,0,"IL",NA,NA,NA,NA
"244","Avian influenza",2017,12,0,"IL",NA,NA,NA,NA
"245","Avian influenza",2017,13,0,"IL",NA,NA,NA,NA
"246","Avian influenza",2017,14,0,"IL",NA,NA,NA,NA
"247","Avian influenza",2017,15,0,"IL",NA,NA,NA,NA
"248","Avian influenza",2017,16,0,"IL",NA,NA,NA,NA
"249","Avian influenza",2017,17,0,"IL",NA,NA,NA,NA
"250","Avian influenza",2017,18,0,"IL",NA,NA,NA,NA
"251","Avian influenza",2017,19,0,"IL",NA,NA,NA,NA
"252","Avian influenza",2017,20,0,"IL",NA,NA,NA,NA
"253","Avian influenza",2017,21,0,"IL",NA,NA,NA,NA
"254","Avian influenza",2017,22,0,"IL",NA,NA,NA,NA
"255","Avian influenza",2017,23,0,"IL",NA,NA,NA,NA
"256","Avian influenza",2017,24,0,"IL",NA,NA,NA,NA
"257","Avian influenza",2017,25,0,"IL",NA,NA,NA,NA
"258","Avian influenza",2017,26,0,"IL",NA,NA,NA,NA
"259","Avian influenza",2017,27,0,"IL",NA,NA,NA,NA
"260","Avian influenza",2017,28,0,"IL",NA,NA,NA,NA
"261","Avian influenza",2017,29,0,"IL",NA,NA,NA,NA
"262","Avian influenza",2017,30,0,"IL",NA,NA,NA,NA
"263","Avian influenza",2017,31,0,"IL",NA,NA,NA,NA
"264","Avian influenza",2017,32,0,"IL",NA,NA,NA,NA
"265","Avian influenza",2017,33,0,"IL",NA,NA,NA,NA
"266","Avian influenza",2017,34,0,"IL",NA,NA,NA,NA
"267","Avian influenza",2017,35,0,"IL",NA,NA,NA,NA
"268","Avian influenza",2017,36,0,"IL",NA,NA,NA,NA
"269","Avian influenza",2017,37,0,"IL",NA,NA,NA,NA
"270","Avian influenza",2017,38,0,"IL",NA,NA,NA,NA
"271","Avian influenza",2017,39,0,"IL",NA,NA,NA,NA
"272","Avian influenza",2017,40,0,"IL",NA,NA,NA,NA
"273","Avian influenza",2017,41,0,"IL",NA,NA,NA,NA
"274","Avian influenza",2017,42,0,"IL",NA,NA,NA,NA
"275","Avian influenza",2017,43,0,"IL",NA,NA,NA,NA
"276","Avian influenza",2017,44,0,"IL",NA,NA,NA,NA
"277","Avian influenza",2017,45,0,"IL",NA,NA,NA,NA
"278","Avian influenza",2017,46,0,"IL",NA,NA,NA,NA
"279","Avian influenza",2017,47,0,"IL",NA,NA,NA,NA
"280","Avian influenza",2017,48,0,"IL",NA,NA,NA,NA
"281","Avian influenza",2017,49,0,"IL",NA,NA,NA,NA
"282","Avian influenza",2017,50,0,"IL",NA,NA,NA,NA
"283","Avian influenza",2017,51,0,"IL",NA,NA,NA,NA
"284","Avian influenza",2017,52,0,"IL",NA,NA,NA,NA
"285","Avian influenza",2018,1,0,"IL",NA,NA,NA,NA
"286","Avian influenza",2018,2,0,"IL",NA,NA,NA,NA
"287","Avian influenza",2018,3,0,"IL",NA,NA,NA,NA
"288","Avian influenza",2018,4,0,"IL",NA,NA,NA,NA
"289","Avian influenza",2018,5,0,"IL",NA,NA,NA,NA
"290","Avian influenza",2018,6,0,"IL",NA,NA,NA,NA
"291","Avian influenza",2018,7,0,"IL",NA,NA,NA,NA
"292","Avian influenza",2018,8,0,"IL",NA,NA,NA,NA
"293","Avian influenza",2018,9,0,"IL",NA,NA,NA,NA
"294","Avian influenza",2018,10,0,"IL",NA,NA,NA,NA
"295","Avian influenza",2018,11,0,"IL",NA,NA,NA,NA
"296","Avian influenza",2018,12,0,"IL",NA,NA,NA,NA
"297","Avian influenza",2018,13,0,"IL",NA,NA,NA,NA
"298","Avian influenza",2018,14,0,"IL",NA,NA,NA,NA
"299","Avian influenza",2018,15,0,"IL",NA,NA,NA,NA
"300","Avian influenza",2018,16,0,"IL",NA,NA,NA,NA
"301","Avian influenza",2018,17,0,"IL",NA,NA,NA,NA
"302","Avian influenza",2018,18,0,"IL",NA,NA,NA,NA
"303","Avian influenza",2018,19,0,"IL",NA,NA,NA,NA
"304","Avian influenza",2018,20,0,"IL",NA,NA,NA,NA
"305","Avian influenza",2018,21,0,"IL",NA,NA,NA,NA
"306","Avian influenza",2018,22,0,"IL",NA,NA,NA,NA
"307","Avian influenza",2018,23,0,"IL",NA,NA,NA,NA
"308","Avian influenza",2018,24,0,"IL",NA,NA,NA,NA
"309","Avian influenza",2018,25,0,"IL",NA,NA,NA,NA
"310","Avian influenza",2018,26,0,"IL",NA,NA,NA,NA
"311","Avian influenza",2018,27,0,"IL",NA,NA,NA,NA
"312","Avian influenza",2018,28,0,"IL",NA,NA,NA,NA
"313","Avian influenza",2018,29,0,"IL",NA,NA,NA,NA
"314","Avian influenza",2018,30,0,"IL",NA,NA,NA,NA
"315","Avian influenza",2018,31,0,"IL",NA,NA,NA,NA
"316","Avian influenza",2018,32,0,"IL",NA,NA,NA,NA
"317","Avian influenza",2018,33,0,"IL",NA,NA,NA,NA
"318","Avian influenza",2018,34,0,"IL",NA,NA,NA,NA
"319","Avian influenza",2018,35,0,"IL",NA,NA,NA,NA
"320","Avian influenza",2018,36,0,"IL",NA,NA,NA,NA
"321","Avian influenza",2018,37,0,"IL",NA,NA,NA,NA
"322","Avian influenza",2018,38,0,"IL",NA,NA,NA,NA
"323","Avian influenza",2018,39,0,"IL",NA,NA,NA,NA
"324","Avian influenza",2018,40,0,"IL",NA,NA,NA,NA
"325","Avian influenza",2018,41,0,"IL",NA,NA,NA,NA
"326","Avian influenza",2018,42,0,"IL",NA,NA,NA,NA
"327","Avian influenza",2018,43,0,"IL",NA,NA,NA,NA
"328","Avian influenza",2018,44,0,"IL",NA,NA,NA,NA
"329","Avian influenza",2018,45,0,"IL",NA,NA,NA,NA
"330","Avian influenza",2018,46,0,"IL",NA,NA,NA,NA
"331","Avian influenza",2018,47,0,"IL",NA,NA,NA,NA
"332","Avian influenza",2018,48,0,"IL",NA,NA,NA,NA
"333","Avian influenza",2018,49,0,"IL",NA,NA,NA,NA
"334","Avian influenza",2018,50,0,"IL",NA,NA,NA,NA
"335","Avian influenza",2018,51,0,"IL",NA,NA,NA,NA
"336","Avian influenza",2018,52,0,"IL",NA,NA,NA,NA
