"","Disease","EpiYear","EpiWeek","Incidence","ADM0","ADM1","ADM2","NA","NA"
"1","Giardiasis",2012,23,1.06666666666667,"IL",NA,NA,NA,NA
"2","Giardiasis",2012,24,2.26666666666667,"IL",NA,NA,NA,NA
"3","Giardiasis",2012,25,3,"IL",NA,NA,NA,NA
"4","Giardiasis",2012,26,1.73333333333333,"IL",NA,NA,NA,NA
"5","Giardiasis",2012,27,4.06666666666667,"IL",NA,NA,NA,NA
"6","Giardiasis",2012,28,2.13333333333333,"IL",NA,NA,NA,NA
"7","Giardiasis",2012,29,2.73333333333333,"IL",NA,NA,NA,NA
"8","Giardiasis",2012,30,1.93333333333333,"IL",NA,NA,NA,NA
"9","Giardiasis",2012,31,1.2,"IL",NA,NA,NA,NA
"10","Giardiasis",2012,32,0.733333333333333,"IL",NA,NA,NA,NA
"11","Giardiasis",2012,33,0.6,"IL",NA,NA,NA,NA
"12","Giardiasis",2012,34,0.733333333333333,"IL",NA,NA,NA,NA
"13","Giardiasis",2012,35,0.2,"IL",NA,NA,NA,NA
"14","Giardiasis",2012,36,2.13333333333333,"IL",NA,NA,NA,NA
"15","Giardiasis",2012,37,2.73333333333333,"IL",NA,NA,NA,NA
"16","Giardiasis",2012,38,3.4,"IL",NA,NA,NA,NA
"17","Giardiasis",2012,39,2.73333333333333,"IL",NA,NA,NA,NA
"18","Giardiasis",2012,40,0,"IL",NA,NA,NA,NA
"19","Giardiasis",2012,41,0.333333333333333,"IL",NA,NA,NA,NA
"20","Giardiasis",2012,42,3.6,"IL",NA,NA,NA,NA
"21","Giardiasis",2012,43,5.06666666666667,"IL",NA,NA,NA,NA
"22","Giardiasis",2012,44,4.13333333333333,"IL",NA,NA,NA,NA
"23","Giardiasis",2012,45,3.13333333333333,"IL",NA,NA,NA,NA
"24","Giardiasis",2012,46,6.6,"IL",NA,NA,NA,NA
"25","Giardiasis",2012,47,2.8,"IL",NA,NA,NA,NA
"26","Giardiasis",2012,48,1.4,"IL",NA,NA,NA,NA
"27","Giardiasis",2012,49,1.66666666666667,"IL",NA,NA,NA,NA
"28","Giardiasis",2012,50,4.4,"IL",NA,NA,NA,NA
"29","Giardiasis",2012,51,2.86666666666667,"IL",NA,NA,NA,NA
"30","Giardiasis",2012,52,6.33333333333333,"IL",NA,NA,NA,NA
"31","Giardiasis",2013,1,2.53333333333333,"IL",NA,NA,NA,NA
"32","Giardiasis",2013,2,5.8,"IL",NA,NA,NA,NA
"33","Giardiasis",2013,3,7.8,"IL",NA,NA,NA,NA
"34","Giardiasis",2013,5,3.73333333333333,"IL",NA,NA,NA,NA
"35","Giardiasis",2013,6,1.26666666666667,"IL",NA,NA,NA,NA
"36","Giardiasis",2013,7,0.866666666666667,"IL",NA,NA,NA,NA
"37","Giardiasis",2013,8,1.4,"IL",NA,NA,NA,NA
"38","Giardiasis",2013,9,1.73333333333333,"IL",NA,NA,NA,NA
"39","Giardiasis",2013,10,1.73333333333333,"IL",NA,NA,NA,NA
"40","Giardiasis",2013,11,1.53333333333333,"IL",NA,NA,NA,NA
"41","Giardiasis",2013,12,2.26666666666667,"IL",NA,NA,NA,NA
"42","Giardiasis",2013,13,0.0666666666666667,"IL",NA,NA,NA,NA
"43","Giardiasis",2013,14,0.266666666666667,"IL",NA,NA,NA,NA
"44","Giardiasis",2013,15,0.4,"IL",NA,NA,NA,NA
"45","Giardiasis",2013,16,1.13333333333333,"IL",NA,NA,NA,NA
"46","Giardiasis",2013,17,2.4,"IL",NA,NA,NA,NA
"47","Giardiasis",2013,18,1.93333333333333,"IL",NA,NA,NA,NA
"48","Giardiasis",2013,19,1.93333333333333,"IL",NA,NA,NA,NA
"49","Giardiasis",2013,20,4.2,"IL",NA,NA,NA,NA
"50","Giardiasis",2013,21,3.86666666666667,"IL",NA,NA,NA,NA
"51","Giardiasis",2013,22,0.533333333333333,"IL",NA,NA,NA,NA
"52","Giardiasis",2013,23,0.666666666666667,"IL",NA,NA,NA,NA
"53","Giardiasis",2013,24,1.26666666666667,"IL",NA,NA,NA,NA
"54","Giardiasis",2013,25,2.46666666666667,"IL",NA,NA,NA,NA
"55","Giardiasis",2013,26,2.2,"IL",NA,NA,NA,NA
"56","Giardiasis",2013,27,0.933333333333333,"IL",NA,NA,NA,NA
"57","Giardiasis",2013,28,1.8,"IL",NA,NA,NA,NA
"58","Giardiasis",2013,29,3.33333333333333,"IL",NA,NA,NA,NA
"59","Giardiasis",2013,30,1,"IL",NA,NA,NA,NA
"60","Giardiasis",2013,31,1.8,"IL",NA,NA,NA,NA
"61","Giardiasis",2013,33,2.4,"IL",NA,NA,NA,NA
"62","Giardiasis",2013,34,0.0666666666666667,"IL",NA,NA,NA,NA
"63","Giardiasis",2013,35,1.6,"IL",NA,NA,NA,NA
"64","Giardiasis",2013,36,0.666666666666667,"IL",NA,NA,NA,NA
"65","Giardiasis",2013,37,0.666666666666667,"IL",NA,NA,NA,NA
"66","Giardiasis",2013,38,3.26666666666667,"IL",NA,NA,NA,NA
"67","Giardiasis",2013,40,0.666666666666667,"IL",NA,NA,NA,NA
"68","Giardiasis",2013,41,4.46666666666667,"IL",NA,NA,NA,NA
"69","Giardiasis",2013,42,4.66666666666667,"IL",NA,NA,NA,NA
"70","Giardiasis",2013,43,1.46666666666667,"IL",NA,NA,NA,NA
"71","Giardiasis",2013,44,1.86666666666667,"IL",NA,NA,NA,NA
"72","Giardiasis",2013,45,1.93333333333333,"IL",NA,NA,NA,NA
"73","Giardiasis",2013,46,1.8,"IL",NA,NA,NA,NA
"74","Giardiasis",2013,47,5,"IL",NA,NA,NA,NA
"75","Giardiasis",2013,48,2.06666666666667,"IL",NA,NA,NA,NA
"76","Giardiasis",2013,49,2.66666666666667,"IL",NA,NA,NA,NA
"77","Giardiasis",2013,50,4.93333333333333,"IL",NA,NA,NA,NA
"78","Giardiasis",2013,51,2.26666666666667,"IL",NA,NA,NA,NA
"79","Giardiasis",2013,52,1.4,"IL",NA,NA,NA,NA
"80","Giardiasis",2014,1,4,"IL",NA,NA,NA,NA
"81","Giardiasis",2014,2,0.733333333333333,"IL",NA,NA,NA,NA
"82","Giardiasis",2014,3,3.86666666666667,"IL",NA,NA,NA,NA
"83","Giardiasis",2014,5,1.86666666666667,"IL",NA,NA,NA,NA
"84","Giardiasis",2014,6,1.8,"IL",NA,NA,NA,NA
"85","Giardiasis",2014,7,0.933333333333333,"IL",NA,NA,NA,NA
"86","Giardiasis",2014,8,2.2,"IL",NA,NA,NA,NA
"87","Giardiasis",2014,9,1.33333333333333,"IL",NA,NA,NA,NA
"88","Giardiasis",2014,10,1.53333333333333,"IL",NA,NA,NA,NA
"89","Giardiasis",2014,11,0,"IL",NA,NA,NA,NA
"90","Giardiasis",2014,12,3,"IL",NA,NA,NA,NA
"91","Giardiasis",2014,13,4.46666666666667,"IL",NA,NA,NA,NA
"92","Giardiasis",2014,14,0.666666666666667,"IL",NA,NA,NA,NA
"93","Giardiasis",2014,16,0.2,"IL",NA,NA,NA,NA
"94","Giardiasis",2014,17,2.4,"IL",NA,NA,NA,NA
"95","Giardiasis",2014,18,2.6,"IL",NA,NA,NA,NA
"96","Giardiasis",2014,19,0.866666666666667,"IL",NA,NA,NA,NA
"97","Giardiasis",2014,20,2.26666666666667,"IL",NA,NA,NA,NA
"98","Giardiasis",2014,21,2.8,"IL",NA,NA,NA,NA
"99","Giardiasis",2014,22,3.4,"IL",NA,NA,NA,NA
"100","Giardiasis",2014,23,0.6,"IL",NA,NA,NA,NA
"101","Giardiasis",2014,24,2.46666666666667,"IL",NA,NA,NA,NA
"102","Giardiasis",2014,25,1.33333333333333,"IL",NA,NA,NA,NA
"103","Giardiasis",2014,26,0.4,"IL",NA,NA,NA,NA
"104","Giardiasis",2014,27,1.6,"IL",NA,NA,NA,NA
"105","Giardiasis",2014,28,2.33333333333333,"IL",NA,NA,NA,NA
"106","Giardiasis",2014,29,2.53333333333333,"IL",NA,NA,NA,NA
"107","Giardiasis",2014,30,0.666666666666667,"IL",NA,NA,NA,NA
"108","Giardiasis",2014,31,2.8,"IL",NA,NA,NA,NA
"109","Giardiasis",2014,32,5.13333333333333,"IL",NA,NA,NA,NA
"110","Giardiasis",2014,33,1.4,"IL",NA,NA,NA,NA
"111","Giardiasis",2014,34,1.53333333333333,"IL",NA,NA,NA,NA
"112","Giardiasis",2014,35,3.53333333333333,"IL",NA,NA,NA,NA
"113","Giardiasis",2014,36,1.73333333333333,"IL",NA,NA,NA,NA
"114","Giardiasis",2014,37,2.4,"IL",NA,NA,NA,NA
"115","Giardiasis",2014,38,1.73333333333333,"IL",NA,NA,NA,NA
"116","Giardiasis",2014,39,2,"IL",NA,NA,NA,NA
"117","Giardiasis",2014,40,0.733333333333333,"IL",NA,NA,NA,NA
"118","Giardiasis",2014,41,1.33333333333333,"IL",NA,NA,NA,NA
"119","Giardiasis",2014,42,0.133333333333333,"IL",NA,NA,NA,NA
"120","Giardiasis",2014,43,1.73333333333333,"IL",NA,NA,NA,NA
"121","Giardiasis",2014,44,3.73333333333333,"IL",NA,NA,NA,NA
"122","Giardiasis",2014,45,3.4,"IL",NA,NA,NA,NA
"123","Giardiasis",2014,46,4,"IL",NA,NA,NA,NA
"124","Giardiasis",2014,47,2.4,"IL",NA,NA,NA,NA
"125","Giardiasis",2014,48,3.53333333333333,"IL",NA,NA,NA,NA
"126","Giardiasis",2014,49,0.466666666666667,"IL",NA,NA,NA,NA
"127","Giardiasis",2014,50,4.53333333333333,"IL",NA,NA,NA,NA
"128","Giardiasis",2014,51,1.2,"IL",NA,NA,NA,NA
"129","Giardiasis",2014,52,1,"IL",NA,NA,NA,NA
"130","Giardiasis",2014,53,1.06666666666667,"IL",NA,NA,NA,NA
"131","Giardiasis",2015,1,4.46666666666667,"IL",NA,NA,NA,NA
"132","Giardiasis",2015,2,1.53333333333333,"IL",NA,NA,NA,NA
"133","Giardiasis",2015,3,8.13333333333333,"IL",NA,NA,NA,NA
"134","Giardiasis",2015,5,3.33333333333333,"IL",NA,NA,NA,NA
"135","Giardiasis",2015,6,6.4,"IL",NA,NA,NA,NA
"136","Giardiasis",2015,7,3.06666666666667,"IL",NA,NA,NA,NA
"137","Giardiasis",2015,8,2.66666666666667,"IL",NA,NA,NA,NA
"138","Giardiasis",2015,9,0.466666666666667,"IL",NA,NA,NA,NA
"139","Giardiasis",2015,10,1.33333333333333,"IL",NA,NA,NA,NA
"140","Giardiasis",2015,11,1,"IL",NA,NA,NA,NA
"141","Giardiasis",2015,12,1.53333333333333,"IL",NA,NA,NA,NA
"142","Giardiasis",2015,13,1.8,"IL",NA,NA,NA,NA
"143","Giardiasis",2015,15,1.13333333333333,"IL",NA,NA,NA,NA
"144","Giardiasis",2015,16,1.4,"IL",NA,NA,NA,NA
"145","Giardiasis",2015,17,1.6,"IL",NA,NA,NA,NA
"146","Giardiasis",2015,18,1.13333333333333,"IL",NA,NA,NA,NA
"147","Giardiasis",2015,19,1.13333333333333,"IL",NA,NA,NA,NA
"148","Giardiasis",2015,20,2,"IL",NA,NA,NA,NA
"149","Giardiasis",2015,21,0.933333333333333,"IL",NA,NA,NA,NA
"150","Giardiasis",2015,22,0.866666666666667,"IL",NA,NA,NA,NA
"151","Giardiasis",2015,23,0.8,"IL",NA,NA,NA,NA
"152","Giardiasis",2015,24,0.866666666666667,"IL",NA,NA,NA,NA
"153","Giardiasis",2015,25,2.46666666666667,"IL",NA,NA,NA,NA
"154","Giardiasis",2015,26,1.53333333333333,"IL",NA,NA,NA,NA
"155","Giardiasis",2015,27,0.666666666666667,"IL",NA,NA,NA,NA
"156","Giardiasis",2015,28,0.733333333333333,"IL",NA,NA,NA,NA
"157","Giardiasis",2015,29,0.933333333333333,"IL",NA,NA,NA,NA
"158","Giardiasis",2015,30,1.26666666666667,"IL",NA,NA,NA,NA
"159","Giardiasis",2015,31,1.13333333333333,"IL",NA,NA,NA,NA
"160","Giardiasis",2015,32,0.333333333333333,"IL",NA,NA,NA,NA
"161","Giardiasis",2015,33,1.4,"IL",NA,NA,NA,NA
"162","Giardiasis",2015,34,2.73333333333333,"IL",NA,NA,NA,NA
"163","Giardiasis",2015,35,2.2,"IL",NA,NA,NA,NA
"164","Giardiasis",2015,36,2.06666666666667,"IL",NA,NA,NA,NA
"165","Giardiasis",2015,37,0,"IL",NA,NA,NA,NA
"166","Giardiasis",2015,38,0.533333333333333,"IL",NA,NA,NA,NA
"167","Giardiasis",2015,39,0.0666666666666667,"IL",NA,NA,NA,NA
"168","Giardiasis",2015,40,0.266666666666667,"IL",NA,NA,NA,NA
"169","Giardiasis",2015,41,2.13333333333333,"IL",NA,NA,NA,NA
"170","Giardiasis",2015,42,0.0666666666666667,"IL",NA,NA,NA,NA
"171","Giardiasis",2015,43,4,"IL",NA,NA,NA,NA
"172","Giardiasis",2015,44,3.4,"IL",NA,NA,NA,NA
"173","Giardiasis",2015,45,6.6,"IL",NA,NA,NA,NA
"174","Giardiasis",2015,46,2.26666666666667,"IL",NA,NA,NA,NA
"175","Giardiasis",2015,47,0.2,"IL",NA,NA,NA,NA
"176","Giardiasis",2015,48,1.4,"IL",NA,NA,NA,NA
"177","Giardiasis",2015,49,1.13333333333333,"IL",NA,NA,NA,NA
"178","Giardiasis",2015,50,2.33333333333333,"IL",NA,NA,NA,NA
"179","Giardiasis",2015,51,1.53333333333333,"IL",NA,NA,NA,NA
"180","Giardiasis",2015,52,1.13333333333333,"IL",NA,NA,NA,NA
"181","Giardiasis",2016,1,4.33333333333333,"IL",NA,NA,NA,NA
"182","Giardiasis",2016,2,2.13333333333333,"IL",NA,NA,NA,NA
"183","Giardiasis",2016,3,1.26666666666667,"IL",NA,NA,NA,NA
"184","Giardiasis",2016,4,2.2,"IL",NA,NA,NA,NA
"185","Giardiasis",2016,5,0.733333333333333,"IL",NA,NA,NA,NA
"186","Giardiasis",2016,6,0.533333333333333,"IL",NA,NA,NA,NA
"187","Giardiasis",2016,7,1.6,"IL",NA,NA,NA,NA
"188","Giardiasis",2016,8,2.53333333333333,"IL",NA,NA,NA,NA
"189","Giardiasis",2016,9,1.06666666666667,"IL",NA,NA,NA,NA
"190","Giardiasis",2016,10,0.933333333333333,"IL",NA,NA,NA,NA
"191","Giardiasis",2016,11,3.8,"IL",NA,NA,NA,NA
"192","Giardiasis",2016,12,1.53333333333333,"IL",NA,NA,NA,NA
"193","Giardiasis",2016,13,1.66666666666667,"IL",NA,NA,NA,NA
"194","Giardiasis",2016,14,1.8,"IL",NA,NA,NA,NA
"195","Giardiasis",2016,15,3.46666666666667,"IL",NA,NA,NA,NA
"196","Giardiasis",2016,16,1.26666666666667,"IL",NA,NA,NA,NA
"197","Giardiasis",2016,17,0,"IL",NA,NA,NA,NA
"198","Giardiasis",2016,18,1,"IL",NA,NA,NA,NA
"199","Giardiasis",2016,19,1.2,"IL",NA,NA,NA,NA
"200","Giardiasis",2016,20,1.86666666666667,"IL",NA,NA,NA,NA
"201","Giardiasis",2016,21,2.33333333333333,"IL",NA,NA,NA,NA
"202","Giardiasis",2016,22,2.73333333333333,"IL",NA,NA,NA,NA
"203","Giardiasis",2016,23,2.13333333333333,"IL",NA,NA,NA,NA
"204","Giardiasis",2016,24,1.06666666666667,"IL",NA,NA,NA,NA
"205","Giardiasis",2016,25,1.8,"IL",NA,NA,NA,NA
"206","Giardiasis",2016,26,0.733333333333333,"IL",NA,NA,NA,NA
"207","Giardiasis",2016,27,1.73333333333333,"IL",NA,NA,NA,NA
"208","Giardiasis",2016,28,1.06666666666667,"IL",NA,NA,NA,NA
"209","Giardiasis",2016,29,3,"IL",NA,NA,NA,NA
"210","Giardiasis",2016,30,1.4,"IL",NA,NA,NA,NA
"211","Giardiasis",2016,31,2.2,"IL",NA,NA,NA,NA
"212","Giardiasis",2016,32,1.46666666666667,"IL",NA,NA,NA,NA
"213","Giardiasis",2016,33,1.93333333333333,"IL",NA,NA,NA,NA
"214","Giardiasis",2016,34,0.0666666666666667,"IL",NA,NA,NA,NA
"215","Giardiasis",2016,35,3.33333333333333,"IL",NA,NA,NA,NA
"216","Giardiasis",2016,36,2.2,"IL",NA,NA,NA,NA
"217","Giardiasis",2016,37,2.4,"IL",NA,NA,NA,NA
"218","Giardiasis",2016,38,3.06666666666667,"IL",NA,NA,NA,NA
"219","Giardiasis",2016,39,2.73333333333333,"IL",NA,NA,NA,NA
"220","Giardiasis",2016,40,0.0666666666666667,"IL",NA,NA,NA,NA
"221","Giardiasis",2016,41,0.733333333333333,"IL",NA,NA,NA,NA
"222","Giardiasis",2016,42,0,"IL",NA,NA,NA,NA
"223","Giardiasis",2016,43,0.6,"IL",NA,NA,NA,NA
"224","Giardiasis",2016,44,2.2,"IL",NA,NA,NA,NA
"225","Giardiasis",2016,45,1.4,"IL",NA,NA,NA,NA
"226","Giardiasis",2016,46,2.86666666666667,"IL",NA,NA,NA,NA
"227","Giardiasis",2016,47,2.2,"IL",NA,NA,NA,NA
"228","Giardiasis",2016,48,3.46666666666667,"IL",NA,NA,NA,NA
"229","Giardiasis",2016,49,1.6,"IL",NA,NA,NA,NA
"230","Giardiasis",2016,50,3.2,"IL",NA,NA,NA,NA
"231","Giardiasis",2016,51,7.2,"IL",NA,NA,NA,NA
"232","Giardiasis",2016,52,1.6,"IL",NA,NA,NA,NA
"233","Giardiasis",2017,1,2.2,"IL",NA,NA,NA,NA
"234","Giardiasis",2017,2,1.06666666666667,"IL",NA,NA,NA,NA
"235","Giardiasis",2017,3,4.13333333333333,"IL",NA,NA,NA,NA
"236","Giardiasis",2017,4,3.26666666666667,"IL",NA,NA,NA,NA
"237","Giardiasis",2017,5,1.93333333333333,"IL",NA,NA,NA,NA
"238","Giardiasis",2017,6,2.2,"IL",NA,NA,NA,NA
"239","Giardiasis",2017,7,2.73333333333333,"IL",NA,NA,NA,NA
"240","Giardiasis",2017,8,4.86666666666667,"IL",NA,NA,NA,NA
"241","Giardiasis",2017,9,2.53333333333333,"IL",NA,NA,NA,NA
"242","Giardiasis",2017,10,2.26666666666667,"IL",NA,NA,NA,NA
"243","Giardiasis",2017,11,2.93333333333333,"IL",NA,NA,NA,NA
"244","Giardiasis",2017,12,1.46666666666667,"IL",NA,NA,NA,NA
"245","Giardiasis",2017,13,0.2,"IL",NA,NA,NA,NA
"246","Giardiasis",2017,14,2.13333333333333,"IL",NA,NA,NA,NA
"247","Giardiasis",2017,15,0.266666666666667,"IL",NA,NA,NA,NA
"248","Giardiasis",2017,16,0.733333333333333,"IL",NA,NA,NA,NA
"249","Giardiasis",2017,17,3.13333333333333,"IL",NA,NA,NA,NA
"250","Giardiasis",2017,18,0.866666666666667,"IL",NA,NA,NA,NA
"251","Giardiasis",2017,19,1.73333333333333,"IL",NA,NA,NA,NA
"252","Giardiasis",2017,20,2.2,"IL",NA,NA,NA,NA
"253","Giardiasis",2017,21,2.73333333333333,"IL",NA,NA,NA,NA
"254","Giardiasis",2017,22,0.333333333333333,"IL",NA,NA,NA,NA
"255","Giardiasis",2017,23,0.866666666666667,"IL",NA,NA,NA,NA
"256","Giardiasis",2017,24,2.73333333333333,"IL",NA,NA,NA,NA
"257","Giardiasis",2017,25,0.866666666666667,"IL",NA,NA,NA,NA
"258","Giardiasis",2017,26,1.8,"IL",NA,NA,NA,NA
"259","Giardiasis",2017,27,2.66666666666667,"IL",NA,NA,NA,NA
"260","Giardiasis",2017,28,1.2,"IL",NA,NA,NA,NA
"261","Giardiasis",2017,29,1.8,"IL",NA,NA,NA,NA
"262","Giardiasis",2017,30,2.86666666666667,"IL",NA,NA,NA,NA
"263","Giardiasis",2017,31,1.73333333333333,"IL",NA,NA,NA,NA
"264","Giardiasis",2017,32,1.66666666666667,"IL",NA,NA,NA,NA
"265","Giardiasis",2017,33,2.8,"IL",NA,NA,NA,NA
"266","Giardiasis",2017,34,3.73333333333333,"IL",NA,NA,NA,NA
"267","Giardiasis",2017,35,0.666666666666667,"IL",NA,NA,NA,NA
"268","Giardiasis",2017,36,3.73333333333333,"IL",NA,NA,NA,NA
"269","Giardiasis",2017,37,1.66666666666667,"IL",NA,NA,NA,NA
"270","Giardiasis",2017,38,1.06666666666667,"IL",NA,NA,NA,NA
"271","Giardiasis",2017,39,4.06666666666667,"IL",NA,NA,NA,NA
"272","Giardiasis",2017,40,2.86666666666667,"IL",NA,NA,NA,NA
"273","Giardiasis",2017,41,0.733333333333333,"IL",NA,NA,NA,NA
"274","Giardiasis",2017,42,2.93333333333333,"IL",NA,NA,NA,NA
"275","Giardiasis",2017,43,1.6,"IL",NA,NA,NA,NA
"276","Giardiasis",2017,44,3.93333333333333,"IL",NA,NA,NA,NA
"277","Giardiasis",2017,45,1.93333333333333,"IL",NA,NA,NA,NA
"278","Giardiasis",2017,46,0,"IL",NA,NA,NA,NA
"279","Giardiasis",2017,47,4.2,"IL",NA,NA,NA,NA
"280","Giardiasis",2017,48,3.93333333333333,"IL",NA,NA,NA,NA
"281","Giardiasis",2017,49,0.533333333333333,"IL",NA,NA,NA,NA
"282","Giardiasis",2017,50,3.86666666666667,"IL",NA,NA,NA,NA
"283","Giardiasis",2017,51,2,"IL",NA,NA,NA,NA
"284","Giardiasis",2017,52,4.13333333333333,"IL",NA,NA,NA,NA
"285","Giardiasis",2018,1,0.6,"IL",NA,NA,NA,NA
"286","Giardiasis",2018,2,1.86666666666667,"IL",NA,NA,NA,NA
"287","Giardiasis",2018,3,4.46666666666667,"IL",NA,NA,NA,NA
"288","Giardiasis",2018,4,2.8,"IL",NA,NA,NA,NA
"289","Giardiasis",2018,5,3.66666666666667,"IL",NA,NA,NA,NA
"290","Giardiasis",2018,6,3.53333333333333,"IL",NA,NA,NA,NA
"291","Giardiasis",2018,7,2.66666666666667,"IL",NA,NA,NA,NA
"292","Giardiasis",2018,8,2.86666666666667,"IL",NA,NA,NA,NA
"293","Giardiasis",2018,9,1,"IL",NA,NA,NA,NA
"294","Giardiasis",2018,10,1.2,"IL",NA,NA,NA,NA
"295","Giardiasis",2018,11,2.13333333333333,"IL",NA,NA,NA,NA
"296","Giardiasis",2018,12,1.2,"IL",NA,NA,NA,NA
"297","Giardiasis",2018,13,2.46666666666667,"IL",NA,NA,NA,NA
"298","Giardiasis",2018,14,1.06666666666667,"IL",NA,NA,NA,NA
"299","Giardiasis",2018,15,0.266666666666667,"IL",NA,NA,NA,NA
"300","Giardiasis",2018,16,1.13333333333333,"IL",NA,NA,NA,NA
"301","Giardiasis",2018,17,3.33333333333333,"IL",NA,NA,NA,NA
"302","Giardiasis",2018,18,0.266666666666667,"IL",NA,NA,NA,NA
"303","Giardiasis",2018,19,2.06666666666667,"IL",NA,NA,NA,NA
"304","Giardiasis",2018,20,2.2,"IL",NA,NA,NA,NA
"305","Giardiasis",2018,21,1.26666666666667,"IL",NA,NA,NA,NA
"306","Giardiasis",2018,22,1.6,"IL",NA,NA,NA,NA
"307","Giardiasis",2018,23,2.26666666666667,"IL",NA,NA,NA,NA
"308","Giardiasis",2018,24,1.46666666666667,"IL",NA,NA,NA,NA
"309","Giardiasis",2018,25,0.933333333333333,"IL",NA,NA,NA,NA
"310","Giardiasis",2018,26,1.26666666666667,"IL",NA,NA,NA,NA
"311","Giardiasis",2018,27,1.93333333333333,"IL",NA,NA,NA,NA
"312","Giardiasis",2018,28,1,"IL",NA,NA,NA,NA
"313","Giardiasis",2018,29,3.33333333333333,"IL",NA,NA,NA,NA
"314","Giardiasis",2018,30,1.6,"IL",NA,NA,NA,NA
"315","Giardiasis",2018,31,1.4,"IL",NA,NA,NA,NA
"316","Giardiasis",2018,32,4.6,"IL",NA,NA,NA,NA
"317","Giardiasis",2018,33,2.4,"IL",NA,NA,NA,NA
"318","Giardiasis",2018,34,0.333333333333333,"IL",NA,NA,NA,NA
"319","Giardiasis",2018,35,1.46666666666667,"IL",NA,NA,NA,NA
"320","Giardiasis",2018,36,1.2,"IL",NA,NA,NA,NA
"321","Giardiasis",2018,37,0.4,"IL",NA,NA,NA,NA
"322","Giardiasis",2018,38,0.333333333333333,"IL",NA,NA,NA,NA
"323","Giardiasis",2018,39,0.4,"IL",NA,NA,NA,NA
"324","Giardiasis",2018,40,1.53333333333333,"IL",NA,NA,NA,NA
"325","Giardiasis",2018,41,3.26666666666667,"IL",NA,NA,NA,NA
"326","Giardiasis",2018,42,0.733333333333333,"IL",NA,NA,NA,NA
"327","Giardiasis",2018,43,0.0666666666666667,"IL",NA,NA,NA,NA
"328","Giardiasis",2018,44,0.666666666666667,"IL",NA,NA,NA,NA
"329","Giardiasis",2018,45,3.86666666666667,"IL",NA,NA,NA,NA
"330","Giardiasis",2018,46,5,"IL",NA,NA,NA,NA
"331","Giardiasis",2018,47,2.33333333333333,"IL",NA,NA,NA,NA
"332","Giardiasis",2018,48,3.13333333333333,"IL",NA,NA,NA,NA
"333","Giardiasis",2018,49,1.4,"IL",NA,NA,NA,NA
"334","Giardiasis",2018,50,0.466666666666667,"IL",NA,NA,NA,NA
"335","Giardiasis",2018,51,6.06666666666667,"IL",NA,NA,NA,NA
"336","Giardiasis",2018,52,3.26666666666667,"IL",NA,NA,NA,NA
"337","Giardiasis",2019,1,3.73333333333333,"IL",NA,NA,NA,NA
"338","Giardiasis",2019,2,1.46666666666667,"IL",NA,NA,NA,NA
"339","Giardiasis",2019,3,1.4,"IL",NA,NA,NA,NA
"340","Giardiasis",2019,4,1.66666666666667,"IL",NA,NA,NA,NA
"341","Giardiasis",2019,5,3.46666666666667,"IL",NA,NA,NA,NA
"342","Giardiasis",2019,6,2.73333333333333,"IL",NA,NA,NA,NA
"343","Giardiasis",2019,7,3.6,"IL",NA,NA,NA,NA
"344","Giardiasis",2019,8,3.6,"IL",NA,NA,NA,NA
"345","Giardiasis",2019,9,1.66666666666667,"IL",NA,NA,NA,NA
"346","Giardiasis",2019,10,1.06666666666667,"IL",NA,NA,NA,NA
"347","Giardiasis",2019,11,2.4,"IL",NA,NA,NA,NA
"348","Giardiasis",2019,12,0.2,"IL",NA,NA,NA,NA
"349","Giardiasis",2020,10,0.6,"IL",NA,NA,NA,NA
