"","Disease","EpiYear","EpiWeek","Incidence","ADM0","ADM1","ADM2","NA","NA"
"1","Leishmaniasis",2012,23,0.1,"IL",NA,NA,NA,NA
"2","Leishmaniasis",2012,24,0.166666666666667,"IL",NA,NA,NA,NA
"3","Leishmaniasis",2012,25,0.533333333333333,"IL",NA,NA,NA,NA
"4","Leishmaniasis",2012,26,0.3,"IL",NA,NA,NA,NA
"5","Leishmaniasis",2012,27,0.1,"IL",NA,NA,NA,NA
"6","Leishmaniasis",2012,28,0.2,"IL",NA,NA,NA,NA
"7","Leishmaniasis",2012,29,0,"IL",NA,NA,NA,NA
"8","Leishmaniasis",2012,30,0.1,"IL",NA,NA,NA,NA
"9","Leishmaniasis",2012,31,0.133333333333333,"IL",NA,NA,NA,NA
"10","Leishmaniasis",2012,32,0.1,"IL",NA,NA,NA,NA
"11","Leishmaniasis",2012,33,0.166666666666667,"IL",NA,NA,NA,NA
"12","Leishmaniasis",2012,34,0.0666666666666667,"IL",NA,NA,NA,NA
"13","Leishmaniasis",2012,35,0,"IL",NA,NA,NA,NA
"14","Leishmaniasis",2012,36,0.2,"IL",NA,NA,NA,NA
"15","Leishmaniasis",2012,37,0.0333333333333333,"IL",NA,NA,NA,NA
"16","Leishmaniasis",2012,38,0.1,"IL",NA,NA,NA,NA
"17","Leishmaniasis",2012,39,0.0333333333333333,"IL",NA,NA,NA,NA
"18","Leishmaniasis",2012,40,0,"IL",NA,NA,NA,NA
"19","Leishmaniasis",2012,41,0.0666666666666667,"IL",NA,NA,NA,NA
"20","Leishmaniasis",2012,42,0.1,"IL",NA,NA,NA,NA
"21","Leishmaniasis",2012,43,0.133333333333333,"IL",NA,NA,NA,NA
"22","Leishmaniasis",2012,44,0.0666666666666667,"IL",NA,NA,NA,NA
"23","Leishmaniasis",2012,45,0.1,"IL",NA,NA,NA,NA
"24","Leishmaniasis",2012,46,0.0666666666666667,"IL",NA,NA,NA,NA
"25","Leishmaniasis",2012,47,0.166666666666667,"IL",NA,NA,NA,NA
"26","Leishmaniasis",2012,48,0.0666666666666667,"IL",NA,NA,NA,NA
"27","Leishmaniasis",2012,49,0.0666666666666667,"IL",NA,NA,NA,NA
"28","Leishmaniasis",2012,50,0.0333333333333333,"IL",NA,NA,NA,NA
"29","Leishmaniasis",2012,51,0.366666666666667,"IL",NA,NA,NA,NA
"30","Leishmaniasis",2012,52,0.5,"IL",NA,NA,NA,NA
"31","Leishmaniasis",2013,1,0.0666666666666667,"IL",NA,NA,NA,NA
"32","Leishmaniasis",2013,2,0.333333333333333,"IL",NA,NA,NA,NA
"33","Leishmaniasis",2013,3,0.5,"IL",NA,NA,NA,NA
"34","Leishmaniasis",2013,5,0.633333333333333,"IL",NA,NA,NA,NA
"35","Leishmaniasis",2013,6,0.433333333333333,"IL",NA,NA,NA,NA
"36","Leishmaniasis",2013,7,0.8,"IL",NA,NA,NA,NA
"37","Leishmaniasis",2013,8,0.2,"IL",NA,NA,NA,NA
"38","Leishmaniasis",2013,9,0.466666666666667,"IL",NA,NA,NA,NA
"39","Leishmaniasis",2013,10,0.1,"IL",NA,NA,NA,NA
"40","Leishmaniasis",2013,11,0.166666666666667,"IL",NA,NA,NA,NA
"41","Leishmaniasis",2013,12,0.0333333333333333,"IL",NA,NA,NA,NA
"42","Leishmaniasis",2013,13,0,"IL",NA,NA,NA,NA
"43","Leishmaniasis",2013,14,0.4,"IL",NA,NA,NA,NA
"44","Leishmaniasis",2013,15,0.433333333333333,"IL",NA,NA,NA,NA
"45","Leishmaniasis",2013,16,0.266666666666667,"IL",NA,NA,NA,NA
"46","Leishmaniasis",2013,17,0.2,"IL",NA,NA,NA,NA
"47","Leishmaniasis",2013,18,0,"IL",NA,NA,NA,NA
"48","Leishmaniasis",2013,19,0.333333333333333,"IL",NA,NA,NA,NA
"49","Leishmaniasis",2013,20,0.0666666666666667,"IL",NA,NA,NA,NA
"50","Leishmaniasis",2013,21,0.466666666666667,"IL",NA,NA,NA,NA
"51","Leishmaniasis",2013,22,0.266666666666667,"IL",NA,NA,NA,NA
"52","Leishmaniasis",2013,23,0.233333333333333,"IL",NA,NA,NA,NA
"53","Leishmaniasis",2013,24,0.133333333333333,"IL",NA,NA,NA,NA
"54","Leishmaniasis",2013,25,0.2,"IL",NA,NA,NA,NA
"55","Leishmaniasis",2013,26,0.4,"IL",NA,NA,NA,NA
"56","Leishmaniasis",2013,27,0.133333333333333,"IL",NA,NA,NA,NA
"57","Leishmaniasis",2013,28,0.3,"IL",NA,NA,NA,NA
"58","Leishmaniasis",2013,29,0.0333333333333333,"IL",NA,NA,NA,NA
"59","Leishmaniasis",2013,30,0.2,"IL",NA,NA,NA,NA
"60","Leishmaniasis",2013,31,0,"IL",NA,NA,NA,NA
"61","Leishmaniasis",2013,33,0.1,"IL",NA,NA,NA,NA
"62","Leishmaniasis",2013,34,0.0333333333333333,"IL",NA,NA,NA,NA
"63","Leishmaniasis",2013,35,0,"IL",NA,NA,NA,NA
"64","Leishmaniasis",2013,36,0.1,"IL",NA,NA,NA,NA
"65","Leishmaniasis",2013,37,0.0333333333333333,"IL",NA,NA,NA,NA
"66","Leishmaniasis",2013,38,0.133333333333333,"IL",NA,NA,NA,NA
"67","Leishmaniasis",2013,40,0.0666666666666667,"IL",NA,NA,NA,NA
"68","Leishmaniasis",2013,41,0.3,"IL",NA,NA,NA,NA
"69","Leishmaniasis",2013,42,0.2,"IL",NA,NA,NA,NA
"70","Leishmaniasis",2013,43,0.133333333333333,"IL",NA,NA,NA,NA
"71","Leishmaniasis",2013,44,0.3,"IL",NA,NA,NA,NA
"72","Leishmaniasis",2013,45,0.133333333333333,"IL",NA,NA,NA,NA
"73","Leishmaniasis",2013,46,0.4,"IL",NA,NA,NA,NA
"74","Leishmaniasis",2013,47,0.333333333333333,"IL",NA,NA,NA,NA
"75","Leishmaniasis",2013,48,0.0666666666666667,"IL",NA,NA,NA,NA
"76","Leishmaniasis",2013,49,0.0333333333333333,"IL",NA,NA,NA,NA
"77","Leishmaniasis",2013,50,0.8,"IL",NA,NA,NA,NA
"78","Leishmaniasis",2013,51,0.266666666666667,"IL",NA,NA,NA,NA
"79","Leishmaniasis",2013,52,0.6,"IL",NA,NA,NA,NA
"80","Leishmaniasis",2014,1,0.266666666666667,"IL",NA,NA,NA,NA
"81","Leishmaniasis",2014,2,0.533333333333333,"IL",NA,NA,NA,NA
"82","Leishmaniasis",2014,3,0.2,"IL",NA,NA,NA,NA
"83","Leishmaniasis",2014,5,0.133333333333333,"IL",NA,NA,NA,NA
"84","Leishmaniasis",2014,6,0.533333333333333,"IL",NA,NA,NA,NA
"85","Leishmaniasis",2014,7,0.133333333333333,"IL",NA,NA,NA,NA
"86","Leishmaniasis",2014,8,0,"IL",NA,NA,NA,NA
"87","Leishmaniasis",2014,9,0.766666666666667,"IL",NA,NA,NA,NA
"88","Leishmaniasis",2014,10,0.533333333333333,"IL",NA,NA,NA,NA
"89","Leishmaniasis",2014,11,0,"IL",NA,NA,NA,NA
"90","Leishmaniasis",2014,12,0.466666666666667,"IL",NA,NA,NA,NA
"91","Leishmaniasis",2014,13,0.8,"IL",NA,NA,NA,NA
"92","Leishmaniasis",2014,14,0.9,"IL",NA,NA,NA,NA
"93","Leishmaniasis",2014,16,0.0333333333333333,"IL",NA,NA,NA,NA
"94","Leishmaniasis",2014,17,0.1,"IL",NA,NA,NA,NA
"95","Leishmaniasis",2014,18,0.166666666666667,"IL",NA,NA,NA,NA
"96","Leishmaniasis",2014,19,0.133333333333333,"IL",NA,NA,NA,NA
"97","Leishmaniasis",2014,20,0.466666666666667,"IL",NA,NA,NA,NA
"98","Leishmaniasis",2014,21,0.366666666666667,"IL",NA,NA,NA,NA
"99","Leishmaniasis",2014,22,0.233333333333333,"IL",NA,NA,NA,NA
"100","Leishmaniasis",2014,23,0.0666666666666667,"IL",NA,NA,NA,NA
"101","Leishmaniasis",2014,24,0.366666666666667,"IL",NA,NA,NA,NA
"102","Leishmaniasis",2014,25,0.166666666666667,"IL",NA,NA,NA,NA
"103","Leishmaniasis",2014,26,0.0333333333333333,"IL",NA,NA,NA,NA
"104","Leishmaniasis",2014,27,0.0666666666666667,"IL",NA,NA,NA,NA
"105","Leishmaniasis",2014,28,0.166666666666667,"IL",NA,NA,NA,NA
"106","Leishmaniasis",2014,29,0.2,"IL",NA,NA,NA,NA
"107","Leishmaniasis",2014,30,0.333333333333333,"IL",NA,NA,NA,NA
"108","Leishmaniasis",2014,31,0.1,"IL",NA,NA,NA,NA
"109","Leishmaniasis",2014,32,0.1,"IL",NA,NA,NA,NA
"110","Leishmaniasis",2014,33,0.133333333333333,"IL",NA,NA,NA,NA
"111","Leishmaniasis",2014,34,0.2,"IL",NA,NA,NA,NA
"112","Leishmaniasis",2014,35,0.0333333333333333,"IL",NA,NA,NA,NA
"113","Leishmaniasis",2014,36,0.133333333333333,"IL",NA,NA,NA,NA
"114","Leishmaniasis",2014,37,0.0333333333333333,"IL",NA,NA,NA,NA
"115","Leishmaniasis",2014,38,0.1,"IL",NA,NA,NA,NA
"116","Leishmaniasis",2014,39,0.1,"IL",NA,NA,NA,NA
"117","Leishmaniasis",2014,40,0,"IL",NA,NA,NA,NA
"118","Leishmaniasis",2014,41,0.233333333333333,"IL",NA,NA,NA,NA
"119","Leishmaniasis",2014,42,0,"IL",NA,NA,NA,NA
"120","Leishmaniasis",2014,43,0.0666666666666667,"IL",NA,NA,NA,NA
"121","Leishmaniasis",2014,44,0.433333333333333,"IL",NA,NA,NA,NA
"122","Leishmaniasis",2014,45,0.266666666666667,"IL",NA,NA,NA,NA
"123","Leishmaniasis",2014,46,0.166666666666667,"IL",NA,NA,NA,NA
"124","Leishmaniasis",2014,47,0.233333333333333,"IL",NA,NA,NA,NA
"125","Leishmaniasis",2014,48,0.2,"IL",NA,NA,NA,NA
"126","Leishmaniasis",2014,49,0.0666666666666667,"IL",NA,NA,NA,NA
"127","Leishmaniasis",2014,50,0.4,"IL",NA,NA,NA,NA
"128","Leishmaniasis",2014,51,0.4,"IL",NA,NA,NA,NA
"129","Leishmaniasis",2014,52,0.1,"IL",NA,NA,NA,NA
"130","Leishmaniasis",2014,53,0.133333333333333,"IL",NA,NA,NA,NA
"131","Leishmaniasis",2015,1,0.0333333333333333,"IL",NA,NA,NA,NA
"132","Leishmaniasis",2015,2,0.266666666666667,"IL",NA,NA,NA,NA
"133","Leishmaniasis",2015,3,0.3,"IL",NA,NA,NA,NA
"134","Leishmaniasis",2015,5,0.266666666666667,"IL",NA,NA,NA,NA
"135","Leishmaniasis",2015,6,0.0333333333333333,"IL",NA,NA,NA,NA
"136","Leishmaniasis",2015,7,0.266666666666667,"IL",NA,NA,NA,NA
"137","Leishmaniasis",2015,8,0.0666666666666667,"IL",NA,NA,NA,NA
"138","Leishmaniasis",2015,9,0.2,"IL",NA,NA,NA,NA
"139","Leishmaniasis",2015,10,0.233333333333333,"IL",NA,NA,NA,NA
"140","Leishmaniasis",2015,11,0.1,"IL",NA,NA,NA,NA
"141","Leishmaniasis",2015,12,0.5,"IL",NA,NA,NA,NA
"142","Leishmaniasis",2015,13,0.2,"IL",NA,NA,NA,NA
"143","Leishmaniasis",2015,15,0.5,"IL",NA,NA,NA,NA
"144","Leishmaniasis",2015,16,0.133333333333333,"IL",NA,NA,NA,NA
"145","Leishmaniasis",2015,17,0.4,"IL",NA,NA,NA,NA
"146","Leishmaniasis",2015,18,0.266666666666667,"IL",NA,NA,NA,NA
"147","Leishmaniasis",2015,19,0,"IL",NA,NA,NA,NA
"148","Leishmaniasis",2015,20,0.0666666666666667,"IL",NA,NA,NA,NA
"149","Leishmaniasis",2015,21,0.1,"IL",NA,NA,NA,NA
"150","Leishmaniasis",2015,22,0.2,"IL",NA,NA,NA,NA
"151","Leishmaniasis",2015,23,0.0333333333333333,"IL",NA,NA,NA,NA
"152","Leishmaniasis",2015,24,0,"IL",NA,NA,NA,NA
"153","Leishmaniasis",2015,25,0.2,"IL",NA,NA,NA,NA
"154","Leishmaniasis",2015,26,0.0666666666666667,"IL",NA,NA,NA,NA
"155","Leishmaniasis",2015,27,0.266666666666667,"IL",NA,NA,NA,NA
"156","Leishmaniasis",2015,28,0.0666666666666667,"IL",NA,NA,NA,NA
"157","Leishmaniasis",2015,29,0.1,"IL",NA,NA,NA,NA
"158","Leishmaniasis",2015,30,0.133333333333333,"IL",NA,NA,NA,NA
"159","Leishmaniasis",2015,31,0.133333333333333,"IL",NA,NA,NA,NA
"160","Leishmaniasis",2015,32,0.0333333333333333,"IL",NA,NA,NA,NA
"161","Leishmaniasis",2015,33,0.2,"IL",NA,NA,NA,NA
"162","Leishmaniasis",2015,34,0,"IL",NA,NA,NA,NA
"163","Leishmaniasis",2015,35,0.166666666666667,"IL",NA,NA,NA,NA
"164","Leishmaniasis",2015,36,0.0333333333333333,"IL",NA,NA,NA,NA
"165","Leishmaniasis",2015,37,0.0333333333333333,"IL",NA,NA,NA,NA
"166","Leishmaniasis",2015,38,0.1,"IL",NA,NA,NA,NA
"167","Leishmaniasis",2015,39,0,"IL",NA,NA,NA,NA
"168","Leishmaniasis",2015,40,0.133333333333333,"IL",NA,NA,NA,NA
"169","Leishmaniasis",2015,41,0.2,"IL",NA,NA,NA,NA
"170","Leishmaniasis",2015,42,0.133333333333333,"IL",NA,NA,NA,NA
"171","Leishmaniasis",2015,43,0.133333333333333,"IL",NA,NA,NA,NA
"172","Leishmaniasis",2015,44,0.0666666666666667,"IL",NA,NA,NA,NA
"173","Leishmaniasis",2015,45,0.133333333333333,"IL",NA,NA,NA,NA
"174","Leishmaniasis",2015,46,0,"IL",NA,NA,NA,NA
"175","Leishmaniasis",2015,47,0.1,"IL",NA,NA,NA,NA
"176","Leishmaniasis",2015,48,0.0666666666666667,"IL",NA,NA,NA,NA
"177","Leishmaniasis",2015,49,0.0666666666666667,"IL",NA,NA,NA,NA
"178","Leishmaniasis",2015,50,0.0666666666666667,"IL",NA,NA,NA,NA
"179","Leishmaniasis",2015,51,0,"IL",NA,NA,NA,NA
"180","Leishmaniasis",2015,52,0.133333333333333,"IL",NA,NA,NA,NA
"181","Leishmaniasis",2016,1,0.533333333333333,"IL",NA,NA,NA,NA
"182","Leishmaniasis",2016,2,1.16666666666667,"IL",NA,NA,NA,NA
"183","Leishmaniasis",2016,3,0.333333333333333,"IL",NA,NA,NA,NA
"184","Leishmaniasis",2016,4,0.233333333333333,"IL",NA,NA,NA,NA
"185","Leishmaniasis",2016,5,0.1,"IL",NA,NA,NA,NA
"186","Leishmaniasis",2016,6,0.133333333333333,"IL",NA,NA,NA,NA
"187","Leishmaniasis",2016,7,0.166666666666667,"IL",NA,NA,NA,NA
"188","Leishmaniasis",2016,8,0.0666666666666667,"IL",NA,NA,NA,NA
"189","Leishmaniasis",2016,9,0.2,"IL",NA,NA,NA,NA
"190","Leishmaniasis",2016,10,0.233333333333333,"IL",NA,NA,NA,NA
"191","Leishmaniasis",2016,11,0.233333333333333,"IL",NA,NA,NA,NA
"192","Leishmaniasis",2016,12,0.166666666666667,"IL",NA,NA,NA,NA
"193","Leishmaniasis",2016,13,0.0666666666666667,"IL",NA,NA,NA,NA
"194","Leishmaniasis",2016,14,0.0333333333333333,"IL",NA,NA,NA,NA
"195","Leishmaniasis",2016,15,0.3,"IL",NA,NA,NA,NA
"196","Leishmaniasis",2016,16,0.0333333333333333,"IL",NA,NA,NA,NA
"197","Leishmaniasis",2016,17,0,"IL",NA,NA,NA,NA
"198","Leishmaniasis",2016,18,0.0333333333333333,"IL",NA,NA,NA,NA
"199","Leishmaniasis",2016,19,0.0333333333333333,"IL",NA,NA,NA,NA
"200","Leishmaniasis",2016,20,0.0333333333333333,"IL",NA,NA,NA,NA
"201","Leishmaniasis",2016,21,0.166666666666667,"IL",NA,NA,NA,NA
"202","Leishmaniasis",2016,22,0.1,"IL",NA,NA,NA,NA
"203","Leishmaniasis",2016,23,0.0333333333333333,"IL",NA,NA,NA,NA
"204","Leishmaniasis",2016,24,0,"IL",NA,NA,NA,NA
"205","Leishmaniasis",2016,25,0.2,"IL",NA,NA,NA,NA
"206","Leishmaniasis",2016,26,0.1,"IL",NA,NA,NA,NA
"207","Leishmaniasis",2016,27,0,"IL",NA,NA,NA,NA
"208","Leishmaniasis",2016,28,0.0666666666666667,"IL",NA,NA,NA,NA
"209","Leishmaniasis",2016,29,0.4,"IL",NA,NA,NA,NA
"210","Leishmaniasis",2016,30,0.166666666666667,"IL",NA,NA,NA,NA
"211","Leishmaniasis",2016,31,0.0333333333333333,"IL",NA,NA,NA,NA
"212","Leishmaniasis",2016,32,0.366666666666667,"IL",NA,NA,NA,NA
"213","Leishmaniasis",2016,33,0.0333333333333333,"IL",NA,NA,NA,NA
"214","Leishmaniasis",2016,34,0,"IL",NA,NA,NA,NA
"215","Leishmaniasis",2016,35,0.133333333333333,"IL",NA,NA,NA,NA
"216","Leishmaniasis",2016,36,0.0666666666666667,"IL",NA,NA,NA,NA
"217","Leishmaniasis",2016,37,0.0333333333333333,"IL",NA,NA,NA,NA
"218","Leishmaniasis",2016,38,0.233333333333333,"IL",NA,NA,NA,NA
"219","Leishmaniasis",2016,39,0.1,"IL",NA,NA,NA,NA
"220","Leishmaniasis",2016,40,0.0666666666666667,"IL",NA,NA,NA,NA
"221","Leishmaniasis",2016,41,0.0666666666666667,"IL",NA,NA,NA,NA
"222","Leishmaniasis",2016,42,0.0333333333333333,"IL",NA,NA,NA,NA
"223","Leishmaniasis",2016,43,0.266666666666667,"IL",NA,NA,NA,NA
"224","Leishmaniasis",2016,44,0.366666666666667,"IL",NA,NA,NA,NA
"225","Leishmaniasis",2016,45,0.333333333333333,"IL",NA,NA,NA,NA
"226","Leishmaniasis",2016,46,0.366666666666667,"IL",NA,NA,NA,NA
"227","Leishmaniasis",2016,47,0.233333333333333,"IL",NA,NA,NA,NA
"228","Leishmaniasis",2016,48,0.133333333333333,"IL",NA,NA,NA,NA
"229","Leishmaniasis",2016,49,0.3,"IL",NA,NA,NA,NA
"230","Leishmaniasis",2016,50,0.0666666666666667,"IL",NA,NA,NA,NA
"231","Leishmaniasis",2016,51,0.1,"IL",NA,NA,NA,NA
"232","Leishmaniasis",2016,52,0.0666666666666667,"IL",NA,NA,NA,NA
"233","Leishmaniasis",2017,1,0.166666666666667,"IL",NA,NA,NA,NA
"234","Leishmaniasis",2017,2,0,"IL",NA,NA,NA,NA
"235","Leishmaniasis",2017,3,0.133333333333333,"IL",NA,NA,NA,NA
"236","Leishmaniasis",2017,4,0.0666666666666667,"IL",NA,NA,NA,NA
"237","Leishmaniasis",2017,5,0.166666666666667,"IL",NA,NA,NA,NA
"238","Leishmaniasis",2017,6,0.366666666666667,"IL",NA,NA,NA,NA
"239","Leishmaniasis",2017,7,0.6,"IL",NA,NA,NA,NA
"240","Leishmaniasis",2017,8,0.2,"IL",NA,NA,NA,NA
"241","Leishmaniasis",2017,9,0.266666666666667,"IL",NA,NA,NA,NA
"242","Leishmaniasis",2017,10,0.366666666666667,"IL",NA,NA,NA,NA
"243","Leishmaniasis",2017,11,0.0666666666666667,"IL",NA,NA,NA,NA
"244","Leishmaniasis",2017,12,0.366666666666667,"IL",NA,NA,NA,NA
"245","Leishmaniasis",2017,13,0,"IL",NA,NA,NA,NA
"246","Leishmaniasis",2017,14,0.166666666666667,"IL",NA,NA,NA,NA
"247","Leishmaniasis",2017,15,0.0333333333333333,"IL",NA,NA,NA,NA
"248","Leishmaniasis",2017,16,0.2,"IL",NA,NA,NA,NA
"249","Leishmaniasis",2017,17,0.333333333333333,"IL",NA,NA,NA,NA
"250","Leishmaniasis",2017,18,0.1,"IL",NA,NA,NA,NA
"251","Leishmaniasis",2017,19,0.3,"IL",NA,NA,NA,NA
"252","Leishmaniasis",2017,20,0.2,"IL",NA,NA,NA,NA
"253","Leishmaniasis",2017,21,0.233333333333333,"IL",NA,NA,NA,NA
"254","Leishmaniasis",2017,22,0.333333333333333,"IL",NA,NA,NA,NA
"255","Leishmaniasis",2017,23,0.0333333333333333,"IL",NA,NA,NA,NA
"256","Leishmaniasis",2017,24,0,"IL",NA,NA,NA,NA
"257","Leishmaniasis",2017,25,0.0666666666666667,"IL",NA,NA,NA,NA
"258","Leishmaniasis",2017,26,0.0666666666666667,"IL",NA,NA,NA,NA
"259","Leishmaniasis",2017,27,0.0666666666666667,"IL",NA,NA,NA,NA
"260","Leishmaniasis",2017,28,0.3,"IL",NA,NA,NA,NA
"261","Leishmaniasis",2017,29,0.0333333333333333,"IL",NA,NA,NA,NA
"262","Leishmaniasis",2017,30,0.0333333333333333,"IL",NA,NA,NA,NA
"263","Leishmaniasis",2017,31,0.1,"IL",NA,NA,NA,NA
"264","Leishmaniasis",2017,32,0.133333333333333,"IL",NA,NA,NA,NA
"265","Leishmaniasis",2017,33,0.0333333333333333,"IL",NA,NA,NA,NA
"266","Leishmaniasis",2017,34,0.0333333333333333,"IL",NA,NA,NA,NA
"267","Leishmaniasis",2017,35,0.0666666666666667,"IL",NA,NA,NA,NA
"268","Leishmaniasis",2017,36,0,"IL",NA,NA,NA,NA
"269","Leishmaniasis",2017,37,0.133333333333333,"IL",NA,NA,NA,NA
"270","Leishmaniasis",2017,38,0.0333333333333333,"IL",NA,NA,NA,NA
"271","Leishmaniasis",2017,39,0.533333333333333,"IL",NA,NA,NA,NA
"272","Leishmaniasis",2017,40,0,"IL",NA,NA,NA,NA
"273","Leishmaniasis",2017,41,0,"IL",NA,NA,NA,NA
"274","Leishmaniasis",2017,42,0.166666666666667,"IL",NA,NA,NA,NA
"275","Leishmaniasis",2017,43,0.166666666666667,"IL",NA,NA,NA,NA
"276","Leishmaniasis",2017,44,0.166666666666667,"IL",NA,NA,NA,NA
"277","Leishmaniasis",2017,45,0,"IL",NA,NA,NA,NA
"278","Leishmaniasis",2017,46,0,"IL",NA,NA,NA,NA
"279","Leishmaniasis",2017,47,0.2,"IL",NA,NA,NA,NA
"280","Leishmaniasis",2017,48,0,"IL",NA,NA,NA,NA
"281","Leishmaniasis",2017,49,0.766666666666667,"IL",NA,NA,NA,NA
"282","Leishmaniasis",2017,50,0,"IL",NA,NA,NA,NA
"283","Leishmaniasis",2017,51,0.166666666666667,"IL",NA,NA,NA,NA
"284","Leishmaniasis",2017,52,0.0666666666666667,"IL",NA,NA,NA,NA
"285","Leishmaniasis",2018,1,0.133333333333333,"IL",NA,NA,NA,NA
"286","Leishmaniasis",2018,2,0.3,"IL",NA,NA,NA,NA
"287","Leishmaniasis",2018,3,0.266666666666667,"IL",NA,NA,NA,NA
"288","Leishmaniasis",2018,4,0.2,"IL",NA,NA,NA,NA
"289","Leishmaniasis",2018,5,0.0333333333333333,"IL",NA,NA,NA,NA
"290","Leishmaniasis",2018,6,0.0666666666666667,"IL",NA,NA,NA,NA
"291","Leishmaniasis",2018,7,0.366666666666667,"IL",NA,NA,NA,NA
"292","Leishmaniasis",2018,8,0.233333333333333,"IL",NA,NA,NA,NA
"293","Leishmaniasis",2018,9,0.0333333333333333,"IL",NA,NA,NA,NA
"294","Leishmaniasis",2018,10,0.133333333333333,"IL",NA,NA,NA,NA
"295","Leishmaniasis",2018,11,0.0333333333333333,"IL",NA,NA,NA,NA
"296","Leishmaniasis",2018,12,0.0333333333333333,"IL",NA,NA,NA,NA
"297","Leishmaniasis",2018,13,0.1,"IL",NA,NA,NA,NA
"298","Leishmaniasis",2018,14,0.0333333333333333,"IL",NA,NA,NA,NA
"299","Leishmaniasis",2018,15,0.0666666666666667,"IL",NA,NA,NA,NA
"300","Leishmaniasis",2018,16,0.0666666666666667,"IL",NA,NA,NA,NA
"301","Leishmaniasis",2018,17,0.533333333333333,"IL",NA,NA,NA,NA
"302","Leishmaniasis",2018,18,0.166666666666667,"IL",NA,NA,NA,NA
"303","Leishmaniasis",2018,19,0.366666666666667,"IL",NA,NA,NA,NA
"304","Leishmaniasis",2018,20,0.1,"IL",NA,NA,NA,NA
"305","Leishmaniasis",2018,21,0.1,"IL",NA,NA,NA,NA
"306","Leishmaniasis",2018,22,0.0666666666666667,"IL",NA,NA,NA,NA
"307","Leishmaniasis",2018,23,0.166666666666667,"IL",NA,NA,NA,NA
"308","Leishmaniasis",2018,24,0.1,"IL",NA,NA,NA,NA
"309","Leishmaniasis",2018,25,0.0333333333333333,"IL",NA,NA,NA,NA
"310","Leishmaniasis",2018,26,0.1,"IL",NA,NA,NA,NA
"311","Leishmaniasis",2018,27,0.166666666666667,"IL",NA,NA,NA,NA
"312","Leishmaniasis",2018,28,0,"IL",NA,NA,NA,NA
"313","Leishmaniasis",2018,29,0.1,"IL",NA,NA,NA,NA
"314","Leishmaniasis",2018,30,0.0666666666666667,"IL",NA,NA,NA,NA
"315","Leishmaniasis",2018,31,0,"IL",NA,NA,NA,NA
"316","Leishmaniasis",2018,32,0.633333333333333,"IL",NA,NA,NA,NA
"317","Leishmaniasis",2018,33,0.133333333333333,"IL",NA,NA,NA,NA
"318","Leishmaniasis",2018,34,0,"IL",NA,NA,NA,NA
"319","Leishmaniasis",2018,35,0.366666666666667,"IL",NA,NA,NA,NA
"320","Leishmaniasis",2018,36,0.0666666666666667,"IL",NA,NA,NA,NA
"321","Leishmaniasis",2018,37,0.0333333333333333,"IL",NA,NA,NA,NA
"322","Leishmaniasis",2018,38,0.133333333333333,"IL",NA,NA,NA,NA
"323","Leishmaniasis",2018,39,0.0333333333333333,"IL",NA,NA,NA,NA
"324","Leishmaniasis",2018,40,0,"IL",NA,NA,NA,NA
"325","Leishmaniasis",2018,41,0.0333333333333333,"IL",NA,NA,NA,NA
"326","Leishmaniasis",2018,42,0.0666666666666667,"IL",NA,NA,NA,NA
"327","Leishmaniasis",2018,43,0.266666666666667,"IL",NA,NA,NA,NA
"328","Leishmaniasis",2018,44,0.1,"IL",NA,NA,NA,NA
"329","Leishmaniasis",2018,45,0.1,"IL",NA,NA,NA,NA
"330","Leishmaniasis",2018,46,0.333333333333333,"IL",NA,NA,NA,NA
"331","Leishmaniasis",2018,47,0.333333333333333,"IL",NA,NA,NA,NA
"332","Leishmaniasis",2018,48,0.233333333333333,"IL",NA,NA,NA,NA
"333","Leishmaniasis",2018,49,0.333333333333333,"IL",NA,NA,NA,NA
"334","Leishmaniasis",2018,50,0,"IL",NA,NA,NA,NA
"335","Leishmaniasis",2018,51,0.233333333333333,"IL",NA,NA,NA,NA
"336","Leishmaniasis",2018,52,0.2,"IL",NA,NA,NA,NA
"337","Leishmaniasis",2019,1,0.0333333333333333,"IL",NA,NA,NA,NA
"338","Leishmaniasis",2019,2,0.433333333333333,"IL",NA,NA,NA,NA
"339","Leishmaniasis",2019,3,0.166666666666667,"IL",NA,NA,NA,NA
"340","Leishmaniasis",2019,4,0.0666666666666667,"IL",NA,NA,NA,NA
"341","Leishmaniasis",2019,5,0.733333333333333,"IL",NA,NA,NA,NA
"342","Leishmaniasis",2019,6,0.333333333333333,"IL",NA,NA,NA,NA
"343","Leishmaniasis",2019,7,0.3,"IL",NA,NA,NA,NA
"344","Leishmaniasis",2019,8,0.1,"IL",NA,NA,NA,NA
"345","Leishmaniasis",2019,9,0.4,"IL",NA,NA,NA,NA
"346","Leishmaniasis",2019,10,0.466666666666667,"IL",NA,NA,NA,NA
"347","Leishmaniasis",2019,11,0.1,"IL",NA,NA,NA,NA
"348","Leishmaniasis",2019,12,0.166666666666667,"IL",NA,NA,NA,NA
"349","Leishmaniasis",2020,10,0.166666666666667,"IL",NA,NA,NA,NA
