"","Disease","EpiYear","EpiWeek","Incidence","ADM0","ADM1","ADM2","NA","NA"
"1","Smallpox",2012,23,0,"IL",NA,NA,NA,NA
"2","Smallpox",2012,24,0,"IL",NA,NA,NA,NA
"3","Smallpox",2012,25,0,"IL",NA,NA,NA,NA
"4","Smallpox",2012,26,0,"IL",NA,NA,NA,NA
"5","Smallpox",2012,27,0,"IL",NA,NA,NA,NA
"6","Smallpox",2012,28,0,"IL",NA,NA,NA,NA
"7","Smallpox",2012,29,0,"IL",NA,NA,NA,NA
"8","Smallpox",2012,30,0,"IL",NA,NA,NA,NA
"9","Smallpox",2012,31,0,"IL",NA,NA,NA,NA
"10","Smallpox",2012,32,0,"IL",NA,NA,NA,NA
"11","Smallpox",2012,33,0,"IL",NA,NA,NA,NA
"12","Smallpox",2012,34,0,"IL",NA,NA,NA,NA
"13","Smallpox",2012,35,0,"IL",NA,NA,NA,NA
"14","Smallpox",2012,36,0,"IL",NA,NA,NA,NA
"15","Smallpox",2012,37,0,"IL",NA,NA,NA,NA
"16","Smallpox",2012,38,0,"IL",NA,NA,NA,NA
"17","Smallpox",2012,39,0,"IL",NA,NA,NA,NA
"18","Smallpox",2012,40,0,"IL",NA,NA,NA,NA
"19","Smallpox",2012,41,0,"IL",NA,NA,NA,NA
"20","Smallpox",2012,42,0,"IL",NA,NA,NA,NA
"21","Smallpox",2012,43,0,"IL",NA,NA,NA,NA
"22","Smallpox",2012,44,0,"IL",NA,NA,NA,NA
"23","Smallpox",2012,45,0,"IL",NA,NA,NA,NA
"24","Smallpox",2012,46,0,"IL",NA,NA,NA,NA
"25","Smallpox",2012,47,0,"IL",NA,NA,NA,NA
"26","Smallpox",2012,48,0,"IL",NA,NA,NA,NA
"27","Smallpox",2012,49,0,"IL",NA,NA,NA,NA
"28","Smallpox",2012,50,0,"IL",NA,NA,NA,NA
"29","Smallpox",2012,51,0,"IL",NA,NA,NA,NA
"30","Smallpox",2012,52,0,"IL",NA,NA,NA,NA
"31","Smallpox",2013,1,0,"IL",NA,NA,NA,NA
"32","Smallpox",2013,2,0,"IL",NA,NA,NA,NA
"33","Smallpox",2013,3,0,"IL",NA,NA,NA,NA
"34","Smallpox",2013,5,0,"IL",NA,NA,NA,NA
"35","Smallpox",2013,6,0,"IL",NA,NA,NA,NA
"36","Smallpox",2013,7,0,"IL",NA,NA,NA,NA
"37","Smallpox",2013,8,0,"IL",NA,NA,NA,NA
"38","Smallpox",2013,9,0,"IL",NA,NA,NA,NA
"39","Smallpox",2013,10,0,"IL",NA,NA,NA,NA
"40","Smallpox",2013,11,0,"IL",NA,NA,NA,NA
"41","Smallpox",2013,12,0,"IL",NA,NA,NA,NA
"42","Smallpox",2013,13,0,"IL",NA,NA,NA,NA
"43","Smallpox",2013,14,0,"IL",NA,NA,NA,NA
"44","Smallpox",2013,15,0,"IL",NA,NA,NA,NA
"45","Smallpox",2013,16,0,"IL",NA,NA,NA,NA
"46","Smallpox",2013,17,0,"IL",NA,NA,NA,NA
"47","Smallpox",2013,18,0,"IL",NA,NA,NA,NA
"48","Smallpox",2013,19,0,"IL",NA,NA,NA,NA
"49","Smallpox",2013,20,0,"IL",NA,NA,NA,NA
"50","Smallpox",2013,21,0,"IL",NA,NA,NA,NA
"51","Smallpox",2013,22,0,"IL",NA,NA,NA,NA
"52","Smallpox",2013,23,0,"IL",NA,NA,NA,NA
"53","Smallpox",2013,24,0,"IL",NA,NA,NA,NA
"54","Smallpox",2013,25,0,"IL",NA,NA,NA,NA
"55","Smallpox",2013,26,0,"IL",NA,NA,NA,NA
"56","Smallpox",2013,27,0,"IL",NA,NA,NA,NA
"57","Smallpox",2013,28,0,"IL",NA,NA,NA,NA
"58","Smallpox",2013,29,0,"IL",NA,NA,NA,NA
"59","Smallpox",2013,30,0,"IL",NA,NA,NA,NA
"60","Smallpox",2013,31,0,"IL",NA,NA,NA,NA
"61","Smallpox",2013,33,0,"IL",NA,NA,NA,NA
"62","Smallpox",2013,34,0,"IL",NA,NA,NA,NA
"63","Smallpox",2013,35,0,"IL",NA,NA,NA,NA
"64","Smallpox",2013,36,0,"IL",NA,NA,NA,NA
"65","Smallpox",2013,37,0,"IL",NA,NA,NA,NA
"66","Smallpox",2013,38,0,"IL",NA,NA,NA,NA
"67","Smallpox",2013,40,0,"IL",NA,NA,NA,NA
"68","Smallpox",2013,41,0,"IL",NA,NA,NA,NA
"69","Smallpox",2013,42,0,"IL",NA,NA,NA,NA
"70","Smallpox",2013,43,0,"IL",NA,NA,NA,NA
"71","Smallpox",2013,44,0,"IL",NA,NA,NA,NA
"72","Smallpox",2013,45,0,"IL",NA,NA,NA,NA
"73","Smallpox",2013,46,0,"IL",NA,NA,NA,NA
"74","Smallpox",2013,47,0,"IL",NA,NA,NA,NA
"75","Smallpox",2013,48,0,"IL",NA,NA,NA,NA
"76","Smallpox",2013,49,0,"IL",NA,NA,NA,NA
"77","Smallpox",2013,50,0,"IL",NA,NA,NA,NA
"78","Smallpox",2013,51,0,"IL",NA,NA,NA,NA
"79","Smallpox",2013,52,0,"IL",NA,NA,NA,NA
"80","Smallpox",2014,1,0,"IL",NA,NA,NA,NA
"81","Smallpox",2014,2,0,"IL",NA,NA,NA,NA
"82","Smallpox",2014,3,0,"IL",NA,NA,NA,NA
"83","Smallpox",2014,5,0,"IL",NA,NA,NA,NA
"84","Smallpox",2014,6,0,"IL",NA,NA,NA,NA
"85","Smallpox",2014,7,0,"IL",NA,NA,NA,NA
"86","Smallpox",2014,8,0,"IL",NA,NA,NA,NA
"87","Smallpox",2014,9,0,"IL",NA,NA,NA,NA
"88","Smallpox",2014,10,0,"IL",NA,NA,NA,NA
"89","Smallpox",2014,11,0,"IL",NA,NA,NA,NA
"90","Smallpox",2014,12,0,"IL",NA,NA,NA,NA
"91","Smallpox",2014,13,0,"IL",NA,NA,NA,NA
"92","Smallpox",2014,14,0,"IL",NA,NA,NA,NA
"93","Smallpox",2014,16,0,"IL",NA,NA,NA,NA
"94","Smallpox",2014,17,0,"IL",NA,NA,NA,NA
"95","Smallpox",2014,18,0,"IL",NA,NA,NA,NA
"96","Smallpox",2014,19,0,"IL",NA,NA,NA,NA
"97","Smallpox",2014,20,0,"IL",NA,NA,NA,NA
"98","Smallpox",2014,21,0,"IL",NA,NA,NA,NA
"99","Smallpox",2014,22,0,"IL",NA,NA,NA,NA
"100","Smallpox",2014,23,0,"IL",NA,NA,NA,NA
"101","Smallpox",2014,24,0,"IL",NA,NA,NA,NA
"102","Smallpox",2014,25,0,"IL",NA,NA,NA,NA
"103","Smallpox",2014,26,0,"IL",NA,NA,NA,NA
"104","Smallpox",2014,27,0,"IL",NA,NA,NA,NA
"105","Smallpox",2014,28,0,"IL",NA,NA,NA,NA
"106","Smallpox",2014,29,0,"IL",NA,NA,NA,NA
"107","Smallpox",2014,30,0,"IL",NA,NA,NA,NA
"108","Smallpox",2014,31,0,"IL",NA,NA,NA,NA
"109","Smallpox",2014,32,0,"IL",NA,NA,NA,NA
"110","Smallpox",2014,33,0,"IL",NA,NA,NA,NA
"111","Smallpox",2014,34,0,"IL",NA,NA,NA,NA
"112","Smallpox",2014,35,0,"IL",NA,NA,NA,NA
"113","Smallpox",2014,36,0,"IL",NA,NA,NA,NA
"114","Smallpox",2014,37,0,"IL",NA,NA,NA,NA
"115","Smallpox",2014,38,0,"IL",NA,NA,NA,NA
"116","Smallpox",2014,39,0,"IL",NA,NA,NA,NA
"117","Smallpox",2014,40,0,"IL",NA,NA,NA,NA
"118","Smallpox",2014,41,0,"IL",NA,NA,NA,NA
"119","Smallpox",2014,42,0,"IL",NA,NA,NA,NA
"120","Smallpox",2014,43,0,"IL",NA,NA,NA,NA
"121","Smallpox",2014,44,0,"IL",NA,NA,NA,NA
"122","Smallpox",2014,45,0,"IL",NA,NA,NA,NA
"123","Smallpox",2014,46,0,"IL",NA,NA,NA,NA
"124","Smallpox",2014,47,0,"IL",NA,NA,NA,NA
"125","Smallpox",2014,48,0,"IL",NA,NA,NA,NA
"126","Smallpox",2014,49,0,"IL",NA,NA,NA,NA
"127","Smallpox",2014,50,0,"IL",NA,NA,NA,NA
"128","Smallpox",2014,51,0,"IL",NA,NA,NA,NA
"129","Smallpox",2014,52,0,"IL",NA,NA,NA,NA
"130","Smallpox",2014,53,0,"IL",NA,NA,NA,NA
"131","Smallpox",2015,1,0,"IL",NA,NA,NA,NA
"132","Smallpox",2015,2,0,"IL",NA,NA,NA,NA
"133","Smallpox",2015,3,0,"IL",NA,NA,NA,NA
"134","Smallpox",2015,5,0,"IL",NA,NA,NA,NA
"135","Smallpox",2015,6,0,"IL",NA,NA,NA,NA
"136","Smallpox",2015,7,0,"IL",NA,NA,NA,NA
"137","Smallpox",2015,8,0,"IL",NA,NA,NA,NA
"138","Smallpox",2015,9,0,"IL",NA,NA,NA,NA
"139","Smallpox",2015,10,0,"IL",NA,NA,NA,NA
"140","Smallpox",2015,11,0,"IL",NA,NA,NA,NA
"141","Smallpox",2015,12,0,"IL",NA,NA,NA,NA
"142","Smallpox",2015,13,0,"IL",NA,NA,NA,NA
"143","Smallpox",2015,15,0,"IL",NA,NA,NA,NA
"144","Smallpox",2015,16,0,"IL",NA,NA,NA,NA
"145","Smallpox",2015,17,0,"IL",NA,NA,NA,NA
"146","Smallpox",2015,18,0,"IL",NA,NA,NA,NA
"147","Smallpox",2015,19,0,"IL",NA,NA,NA,NA
"148","Smallpox",2015,20,0,"IL",NA,NA,NA,NA
"149","Smallpox",2015,21,0,"IL",NA,NA,NA,NA
"150","Smallpox",2015,22,0,"IL",NA,NA,NA,NA
"151","Smallpox",2015,23,0,"IL",NA,NA,NA,NA
"152","Smallpox",2015,24,0,"IL",NA,NA,NA,NA
"153","Smallpox",2015,25,0,"IL",NA,NA,NA,NA
"154","Smallpox",2015,26,0,"IL",NA,NA,NA,NA
"155","Smallpox",2015,27,0,"IL",NA,NA,NA,NA
"156","Smallpox",2015,28,0,"IL",NA,NA,NA,NA
"157","Smallpox",2015,29,0,"IL",NA,NA,NA,NA
"158","Smallpox",2015,30,0,"IL",NA,NA,NA,NA
"159","Smallpox",2015,31,0,"IL",NA,NA,NA,NA
"160","Smallpox",2015,32,0,"IL",NA,NA,NA,NA
"161","Smallpox",2015,33,0,"IL",NA,NA,NA,NA
"162","Smallpox",2015,34,0,"IL",NA,NA,NA,NA
"163","Smallpox",2015,35,0,"IL",NA,NA,NA,NA
"164","Smallpox",2015,36,0,"IL",NA,NA,NA,NA
"165","Smallpox",2015,37,0,"IL",NA,NA,NA,NA
"166","Smallpox",2015,38,0,"IL",NA,NA,NA,NA
"167","Smallpox",2015,39,0,"IL",NA,NA,NA,NA
"168","Smallpox",2015,40,0,"IL",NA,NA,NA,NA
"169","Smallpox",2015,41,0,"IL",NA,NA,NA,NA
"170","Smallpox",2015,42,0,"IL",NA,NA,NA,NA
"171","Smallpox",2015,43,0,"IL",NA,NA,NA,NA
"172","Smallpox",2015,44,0,"IL",NA,NA,NA,NA
"173","Smallpox",2015,45,0,"IL",NA,NA,NA,NA
"174","Smallpox",2015,46,0,"IL",NA,NA,NA,NA
"175","Smallpox",2015,47,0,"IL",NA,NA,NA,NA
"176","Smallpox",2015,48,0,"IL",NA,NA,NA,NA
"177","Smallpox",2015,49,0,"IL",NA,NA,NA,NA
"178","Smallpox",2015,50,0,"IL",NA,NA,NA,NA
"179","Smallpox",2015,51,0,"IL",NA,NA,NA,NA
"180","Smallpox",2015,52,0,"IL",NA,NA,NA,NA
"181","Smallpox",2016,1,0,"IL",NA,NA,NA,NA
"182","Smallpox",2016,2,0,"IL",NA,NA,NA,NA
"183","Smallpox",2016,3,0,"IL",NA,NA,NA,NA
"184","Smallpox",2016,4,0,"IL",NA,NA,NA,NA
"185","Smallpox",2016,5,0,"IL",NA,NA,NA,NA
"186","Smallpox",2016,6,0,"IL",NA,NA,NA,NA
"187","Smallpox",2016,7,0,"IL",NA,NA,NA,NA
"188","Smallpox",2016,8,0,"IL",NA,NA,NA,NA
"189","Smallpox",2016,9,0,"IL",NA,NA,NA,NA
"190","Smallpox",2016,10,0,"IL",NA,NA,NA,NA
"191","Smallpox",2016,11,0,"IL",NA,NA,NA,NA
"192","Smallpox",2016,12,0,"IL",NA,NA,NA,NA
"193","Smallpox",2016,13,0,"IL",NA,NA,NA,NA
"194","Smallpox",2016,14,0,"IL",NA,NA,NA,NA
"195","Smallpox",2016,15,0,"IL",NA,NA,NA,NA
"196","Smallpox",2016,16,0,"IL",NA,NA,NA,NA
"197","Smallpox",2016,17,0,"IL",NA,NA,NA,NA
"198","Smallpox",2016,18,0,"IL",NA,NA,NA,NA
"199","Smallpox",2016,19,0,"IL",NA,NA,NA,NA
"200","Smallpox",2016,20,0,"IL",NA,NA,NA,NA
"201","Smallpox",2016,21,0,"IL",NA,NA,NA,NA
"202","Smallpox",2016,22,0,"IL",NA,NA,NA,NA
"203","Smallpox",2016,23,0,"IL",NA,NA,NA,NA
"204","Smallpox",2016,24,0,"IL",NA,NA,NA,NA
"205","Smallpox",2016,25,0,"IL",NA,NA,NA,NA
"206","Smallpox",2016,26,0,"IL",NA,NA,NA,NA
"207","Smallpox",2016,27,0,"IL",NA,NA,NA,NA
"208","Smallpox",2016,28,0,"IL",NA,NA,NA,NA
"209","Smallpox",2016,29,0,"IL",NA,NA,NA,NA
"210","Smallpox",2016,30,0,"IL",NA,NA,NA,NA
"211","Smallpox",2016,31,0,"IL",NA,NA,NA,NA
"212","Smallpox",2016,32,0,"IL",NA,NA,NA,NA
"213","Smallpox",2016,33,0,"IL",NA,NA,NA,NA
"214","Smallpox",2016,34,0,"IL",NA,NA,NA,NA
"215","Smallpox",2016,35,0,"IL",NA,NA,NA,NA
"216","Smallpox",2016,36,0,"IL",NA,NA,NA,NA
"217","Smallpox",2016,37,0,"IL",NA,NA,NA,NA
"218","Smallpox",2016,38,0,"IL",NA,NA,NA,NA
"219","Smallpox",2016,39,0,"IL",NA,NA,NA,NA
"220","Smallpox",2016,40,0,"IL",NA,NA,NA,NA
"221","Smallpox",2016,41,0,"IL",NA,NA,NA,NA
"222","Smallpox",2016,42,0,"IL",NA,NA,NA,NA
"223","Smallpox",2016,43,0,"IL",NA,NA,NA,NA
"224","Smallpox",2016,44,0,"IL",NA,NA,NA,NA
"225","Smallpox",2016,45,0,"IL",NA,NA,NA,NA
"226","Smallpox",2016,46,0,"IL",NA,NA,NA,NA
"227","Smallpox",2016,47,0,"IL",NA,NA,NA,NA
"228","Smallpox",2016,48,0,"IL",NA,NA,NA,NA
"229","Smallpox",2016,49,0,"IL",NA,NA,NA,NA
"230","Smallpox",2016,50,0,"IL",NA,NA,NA,NA
"231","Smallpox",2016,51,0,"IL",NA,NA,NA,NA
"232","Smallpox",2016,52,0,"IL",NA,NA,NA,NA
"233","Smallpox",2017,1,0,"IL",NA,NA,NA,NA
"234","Smallpox",2017,2,0,"IL",NA,NA,NA,NA
"235","Smallpox",2017,3,0,"IL",NA,NA,NA,NA
"236","Smallpox",2017,4,0,"IL",NA,NA,NA,NA
"237","Smallpox",2017,5,0,"IL",NA,NA,NA,NA
"238","Smallpox",2017,6,0,"IL",NA,NA,NA,NA
"239","Smallpox",2017,7,0,"IL",NA,NA,NA,NA
"240","Smallpox",2017,8,0,"IL",NA,NA,NA,NA
"241","Smallpox",2017,9,0,"IL",NA,NA,NA,NA
"242","Smallpox",2017,10,0,"IL",NA,NA,NA,NA
"243","Smallpox",2017,11,0,"IL",NA,NA,NA,NA
"244","Smallpox",2017,12,0,"IL",NA,NA,NA,NA
"245","Smallpox",2017,13,0,"IL",NA,NA,NA,NA
"246","Smallpox",2017,14,0,"IL",NA,NA,NA,NA
"247","Smallpox",2017,15,0,"IL",NA,NA,NA,NA
"248","Smallpox",2017,16,0,"IL",NA,NA,NA,NA
"249","Smallpox",2017,17,0,"IL",NA,NA,NA,NA
"250","Smallpox",2017,18,0,"IL",NA,NA,NA,NA
"251","Smallpox",2017,19,0,"IL",NA,NA,NA,NA
"252","Smallpox",2017,20,0,"IL",NA,NA,NA,NA
"253","Smallpox",2017,21,0,"IL",NA,NA,NA,NA
"254","Smallpox",2017,22,0,"IL",NA,NA,NA,NA
"255","Smallpox",2017,23,0,"IL",NA,NA,NA,NA
"256","Smallpox",2017,24,0,"IL",NA,NA,NA,NA
"257","Smallpox",2017,25,0,"IL",NA,NA,NA,NA
"258","Smallpox",2017,26,0,"IL",NA,NA,NA,NA
"259","Smallpox",2017,27,0,"IL",NA,NA,NA,NA
"260","Smallpox",2017,28,0,"IL",NA,NA,NA,NA
"261","Smallpox",2017,29,0,"IL",NA,NA,NA,NA
"262","Smallpox",2017,30,0,"IL",NA,NA,NA,NA
"263","Smallpox",2017,31,0,"IL",NA,NA,NA,NA
"264","Smallpox",2017,32,0,"IL",NA,NA,NA,NA
"265","Smallpox",2017,33,0,"IL",NA,NA,NA,NA
"266","Smallpox",2017,34,0,"IL",NA,NA,NA,NA
"267","Smallpox",2017,35,0,"IL",NA,NA,NA,NA
"268","Smallpox",2017,36,0,"IL",NA,NA,NA,NA
"269","Smallpox",2017,37,0,"IL",NA,NA,NA,NA
"270","Smallpox",2017,38,0,"IL",NA,NA,NA,NA
"271","Smallpox",2017,39,0,"IL",NA,NA,NA,NA
"272","Smallpox",2017,40,0,"IL",NA,NA,NA,NA
"273","Smallpox",2017,41,0,"IL",NA,NA,NA,NA
"274","Smallpox",2017,42,0,"IL",NA,NA,NA,NA
"275","Smallpox",2017,43,0,"IL",NA,NA,NA,NA
"276","Smallpox",2017,44,0,"IL",NA,NA,NA,NA
"277","Smallpox",2017,45,0,"IL",NA,NA,NA,NA
"278","Smallpox",2017,46,0,"IL",NA,NA,NA,NA
"279","Smallpox",2017,47,0,"IL",NA,NA,NA,NA
"280","Smallpox",2017,48,0,"IL",NA,NA,NA,NA
"281","Smallpox",2017,49,0,"IL",NA,NA,NA,NA
"282","Smallpox",2017,50,0,"IL",NA,NA,NA,NA
"283","Smallpox",2017,51,0,"IL",NA,NA,NA,NA
"284","Smallpox",2017,52,0,"IL",NA,NA,NA,NA
"285","Smallpox",2018,1,0,"IL",NA,NA,NA,NA
"286","Smallpox",2018,2,0,"IL",NA,NA,NA,NA
"287","Smallpox",2018,3,0,"IL",NA,NA,NA,NA
"288","Smallpox",2018,4,0,"IL",NA,NA,NA,NA
"289","Smallpox",2018,5,0,"IL",NA,NA,NA,NA
"290","Smallpox",2018,6,0,"IL",NA,NA,NA,NA
"291","Smallpox",2018,7,0,"IL",NA,NA,NA,NA
"292","Smallpox",2018,8,0,"IL",NA,NA,NA,NA
"293","Smallpox",2018,9,0,"IL",NA,NA,NA,NA
"294","Smallpox",2018,10,0,"IL",NA,NA,NA,NA
"295","Smallpox",2018,11,0,"IL",NA,NA,NA,NA
"296","Smallpox",2018,12,0,"IL",NA,NA,NA,NA
"297","Smallpox",2018,13,0,"IL",NA,NA,NA,NA
"298","Smallpox",2018,14,0,"IL",NA,NA,NA,NA
"299","Smallpox",2018,15,0,"IL",NA,NA,NA,NA
"300","Smallpox",2018,16,0,"IL",NA,NA,NA,NA
"301","Smallpox",2018,17,0,"IL",NA,NA,NA,NA
"302","Smallpox",2018,18,0,"IL",NA,NA,NA,NA
"303","Smallpox",2018,19,0,"IL",NA,NA,NA,NA
"304","Smallpox",2018,20,0,"IL",NA,NA,NA,NA
"305","Smallpox",2018,21,0,"IL",NA,NA,NA,NA
"306","Smallpox",2018,22,0,"IL",NA,NA,NA,NA
"307","Smallpox",2018,23,0,"IL",NA,NA,NA,NA
"308","Smallpox",2018,24,0,"IL",NA,NA,NA,NA
"309","Smallpox",2018,25,0,"IL",NA,NA,NA,NA
"310","Smallpox",2018,26,0,"IL",NA,NA,NA,NA
"311","Smallpox",2018,27,0,"IL",NA,NA,NA,NA
"312","Smallpox",2018,28,0,"IL",NA,NA,NA,NA
"313","Smallpox",2018,29,0,"IL",NA,NA,NA,NA
"314","Smallpox",2018,30,0,"IL",NA,NA,NA,NA
"315","Smallpox",2018,31,0,"IL",NA,NA,NA,NA
"316","Smallpox",2018,32,0,"IL",NA,NA,NA,NA
"317","Smallpox",2018,33,0,"IL",NA,NA,NA,NA
"318","Smallpox",2018,34,0,"IL",NA,NA,NA,NA
"319","Smallpox",2018,35,0,"IL",NA,NA,NA,NA
"320","Smallpox",2018,36,0,"IL",NA,NA,NA,NA
"321","Smallpox",2018,37,0,"IL",NA,NA,NA,NA
"322","Smallpox",2018,38,0,"IL",NA,NA,NA,NA
"323","Smallpox",2018,39,0,"IL",NA,NA,NA,NA
"324","Smallpox",2018,40,0,"IL",NA,NA,NA,NA
"325","Smallpox",2018,41,0,"IL",NA,NA,NA,NA
"326","Smallpox",2018,42,0,"IL",NA,NA,NA,NA
"327","Smallpox",2018,43,0,"IL",NA,NA,NA,NA
"328","Smallpox",2018,44,0,"IL",NA,NA,NA,NA
"329","Smallpox",2018,45,0,"IL",NA,NA,NA,NA
"330","Smallpox",2018,46,0,"IL",NA,NA,NA,NA
"331","Smallpox",2018,47,0,"IL",NA,NA,NA,NA
"332","Smallpox",2018,48,0,"IL",NA,NA,NA,NA
"333","Smallpox",2018,49,0,"IL",NA,NA,NA,NA
"334","Smallpox",2018,50,0,"IL",NA,NA,NA,NA
"335","Smallpox",2018,51,0,"IL",NA,NA,NA,NA
"336","Smallpox",2018,52,0,"IL",NA,NA,NA,NA
"337","Smallpox",2019,1,0,"IL",NA,NA,NA,NA
"338","Smallpox",2019,2,0,"IL",NA,NA,NA,NA
"339","Smallpox",2019,3,0,"IL",NA,NA,NA,NA
"340","Smallpox",2019,4,0,"IL",NA,NA,NA,NA
"341","Smallpox",2019,5,0,"IL",NA,NA,NA,NA
"342","Smallpox",2019,6,0,"IL",NA,NA,NA,NA
"343","Smallpox",2019,7,0,"IL",NA,NA,NA,NA
"344","Smallpox",2019,8,0,"IL",NA,NA,NA,NA
"345","Smallpox",2019,9,0,"IL",NA,NA,NA,NA
"346","Smallpox",2019,10,0,"IL",NA,NA,NA,NA
"347","Smallpox",2019,11,0,"IL",NA,NA,NA,NA
"348","Smallpox",2019,12,0,"IL",NA,NA,NA,NA
"349","Smallpox",2020,10,0,"IL",NA,NA,NA,NA
