"","Disease","EpiYear","EpiWeek","Incidence","ADM0","ADM1","ADM2","NA","NA"
"1","Tularemia",2012,23,0,"IL",NA,NA,NA,NA
"2","Tularemia",2012,24,0,"IL",NA,NA,NA,NA
"3","Tularemia",2012,25,0,"IL",NA,NA,NA,NA
"4","Tularemia",2012,26,0,"IL",NA,NA,NA,NA
"5","Tularemia",2012,27,0,"IL",NA,NA,NA,NA
"6","Tularemia",2012,28,0,"IL",NA,NA,NA,NA
"7","Tularemia",2012,29,0,"IL",NA,NA,NA,NA
"8","Tularemia",2012,30,0,"IL",NA,NA,NA,NA
"9","Tularemia",2012,31,0,"IL",NA,NA,NA,NA
"10","Tularemia",2012,32,0,"IL",NA,NA,NA,NA
"11","Tularemia",2012,33,0,"IL",NA,NA,NA,NA
"12","Tularemia",2012,34,0,"IL",NA,NA,NA,NA
"13","Tularemia",2012,35,0,"IL",NA,NA,NA,NA
"14","Tularemia",2012,36,0,"IL",NA,NA,NA,NA
"15","Tularemia",2012,37,0,"IL",NA,NA,NA,NA
"16","Tularemia",2012,38,0,"IL",NA,NA,NA,NA
"17","Tularemia",2012,39,0,"IL",NA,NA,NA,NA
"18","Tularemia",2012,40,0,"IL",NA,NA,NA,NA
"19","Tularemia",2012,41,0,"IL",NA,NA,NA,NA
"20","Tularemia",2012,42,0,"IL",NA,NA,NA,NA
"21","Tularemia",2012,43,0,"IL",NA,NA,NA,NA
"22","Tularemia",2012,44,0,"IL",NA,NA,NA,NA
"23","Tularemia",2012,45,0,"IL",NA,NA,NA,NA
"24","Tularemia",2012,46,0,"IL",NA,NA,NA,NA
"25","Tularemia",2012,47,0,"IL",NA,NA,NA,NA
"26","Tularemia",2012,48,0,"IL",NA,NA,NA,NA
"27","Tularemia",2012,49,0,"IL",NA,NA,NA,NA
"28","Tularemia",2012,50,0,"IL",NA,NA,NA,NA
"29","Tularemia",2012,51,0,"IL",NA,NA,NA,NA
"30","Tularemia",2012,52,0,"IL",NA,NA,NA,NA
"31","Tularemia",2013,1,0,"IL",NA,NA,NA,NA
"32","Tularemia",2013,2,0,"IL",NA,NA,NA,NA
"33","Tularemia",2013,3,0,"IL",NA,NA,NA,NA
"34","Tularemia",2013,5,0,"IL",NA,NA,NA,NA
"35","Tularemia",2013,6,0,"IL",NA,NA,NA,NA
"36","Tularemia",2013,7,0,"IL",NA,NA,NA,NA
"37","Tularemia",2013,8,0,"IL",NA,NA,NA,NA
"38","Tularemia",2013,9,0,"IL",NA,NA,NA,NA
"39","Tularemia",2013,10,0,"IL",NA,NA,NA,NA
"40","Tularemia",2013,11,0,"IL",NA,NA,NA,NA
"41","Tularemia",2013,12,0,"IL",NA,NA,NA,NA
"42","Tularemia",2013,13,0,"IL",NA,NA,NA,NA
"43","Tularemia",2013,14,0,"IL",NA,NA,NA,NA
"44","Tularemia",2013,15,0,"IL",NA,NA,NA,NA
"45","Tularemia",2013,16,0,"IL",NA,NA,NA,NA
"46","Tularemia",2013,17,0,"IL",NA,NA,NA,NA
"47","Tularemia",2013,18,0,"IL",NA,NA,NA,NA
"48","Tularemia",2013,19,0,"IL",NA,NA,NA,NA
"49","Tularemia",2013,20,0,"IL",NA,NA,NA,NA
"50","Tularemia",2013,21,0,"IL",NA,NA,NA,NA
"51","Tularemia",2013,22,0,"IL",NA,NA,NA,NA
"52","Tularemia",2013,23,0,"IL",NA,NA,NA,NA
"53","Tularemia",2013,24,0,"IL",NA,NA,NA,NA
"54","Tularemia",2013,25,0,"IL",NA,NA,NA,NA
"55","Tularemia",2013,26,0,"IL",NA,NA,NA,NA
"56","Tularemia",2013,27,0,"IL",NA,NA,NA,NA
"57","Tularemia",2013,28,0,"IL",NA,NA,NA,NA
"58","Tularemia",2013,29,0,"IL",NA,NA,NA,NA
"59","Tularemia",2013,30,0,"IL",NA,NA,NA,NA
"60","Tularemia",2013,31,0,"IL",NA,NA,NA,NA
"61","Tularemia",2013,33,0,"IL",NA,NA,NA,NA
"62","Tularemia",2013,34,0,"IL",NA,NA,NA,NA
"63","Tularemia",2013,35,0,"IL",NA,NA,NA,NA
"64","Tularemia",2013,36,0,"IL",NA,NA,NA,NA
"65","Tularemia",2013,37,0,"IL",NA,NA,NA,NA
"66","Tularemia",2013,38,0,"IL",NA,NA,NA,NA
"67","Tularemia",2013,40,0,"IL",NA,NA,NA,NA
"68","Tularemia",2013,41,0,"IL",NA,NA,NA,NA
"69","Tularemia",2013,42,0,"IL",NA,NA,NA,NA
"70","Tularemia",2013,43,0,"IL",NA,NA,NA,NA
"71","Tularemia",2013,44,0,"IL",NA,NA,NA,NA
"72","Tularemia",2013,45,0,"IL",NA,NA,NA,NA
"73","Tularemia",2013,46,0,"IL",NA,NA,NA,NA
"74","Tularemia",2013,47,0,"IL",NA,NA,NA,NA
"75","Tularemia",2013,48,0,"IL",NA,NA,NA,NA
"76","Tularemia",2013,49,0,"IL",NA,NA,NA,NA
"77","Tularemia",2013,50,0,"IL",NA,NA,NA,NA
"78","Tularemia",2013,51,0,"IL",NA,NA,NA,NA
"79","Tularemia",2013,52,0,"IL",NA,NA,NA,NA
"80","Tularemia",2014,1,0,"IL",NA,NA,NA,NA
"81","Tularemia",2014,2,0,"IL",NA,NA,NA,NA
"82","Tularemia",2014,3,0,"IL",NA,NA,NA,NA
"83","Tularemia",2014,5,0,"IL",NA,NA,NA,NA
"84","Tularemia",2014,6,0,"IL",NA,NA,NA,NA
"85","Tularemia",2014,7,0,"IL",NA,NA,NA,NA
"86","Tularemia",2014,8,0,"IL",NA,NA,NA,NA
"87","Tularemia",2014,9,0,"IL",NA,NA,NA,NA
"88","Tularemia",2014,10,0,"IL",NA,NA,NA,NA
"89","Tularemia",2014,11,0,"IL",NA,NA,NA,NA
"90","Tularemia",2014,12,0,"IL",NA,NA,NA,NA
"91","Tularemia",2014,13,0,"IL",NA,NA,NA,NA
"92","Tularemia",2014,14,0,"IL",NA,NA,NA,NA
"93","Tularemia",2014,16,0,"IL",NA,NA,NA,NA
"94","Tularemia",2014,17,0,"IL",NA,NA,NA,NA
"95","Tularemia",2014,18,0,"IL",NA,NA,NA,NA
"96","Tularemia",2014,19,0,"IL",NA,NA,NA,NA
"97","Tularemia",2014,20,0,"IL",NA,NA,NA,NA
"98","Tularemia",2014,21,0,"IL",NA,NA,NA,NA
"99","Tularemia",2014,22,0,"IL",NA,NA,NA,NA
"100","Tularemia",2014,23,0,"IL",NA,NA,NA,NA
"101","Tularemia",2014,24,0,"IL",NA,NA,NA,NA
"102","Tularemia",2014,25,0,"IL",NA,NA,NA,NA
"103","Tularemia",2014,26,0,"IL",NA,NA,NA,NA
"104","Tularemia",2014,27,0,"IL",NA,NA,NA,NA
"105","Tularemia",2014,28,0,"IL",NA,NA,NA,NA
"106","Tularemia",2014,29,0,"IL",NA,NA,NA,NA
"107","Tularemia",2014,30,0,"IL",NA,NA,NA,NA
"108","Tularemia",2014,31,0,"IL",NA,NA,NA,NA
"109","Tularemia",2014,32,0,"IL",NA,NA,NA,NA
"110","Tularemia",2014,33,0,"IL",NA,NA,NA,NA
"111","Tularemia",2014,34,0,"IL",NA,NA,NA,NA
"112","Tularemia",2014,35,0,"IL",NA,NA,NA,NA
"113","Tularemia",2014,36,0,"IL",NA,NA,NA,NA
"114","Tularemia",2014,37,0,"IL",NA,NA,NA,NA
"115","Tularemia",2014,38,0,"IL",NA,NA,NA,NA
"116","Tularemia",2014,39,0,"IL",NA,NA,NA,NA
"117","Tularemia",2014,40,0,"IL",NA,NA,NA,NA
"118","Tularemia",2014,41,0,"IL",NA,NA,NA,NA
"119","Tularemia",2014,42,0,"IL",NA,NA,NA,NA
"120","Tularemia",2014,43,0,"IL",NA,NA,NA,NA
"121","Tularemia",2014,44,0,"IL",NA,NA,NA,NA
"122","Tularemia",2014,45,0,"IL",NA,NA,NA,NA
"123","Tularemia",2014,46,0,"IL",NA,NA,NA,NA
"124","Tularemia",2014,47,0,"IL",NA,NA,NA,NA
"125","Tularemia",2014,48,0,"IL",NA,NA,NA,NA
"126","Tularemia",2014,49,0,"IL",NA,NA,NA,NA
"127","Tularemia",2014,50,0,"IL",NA,NA,NA,NA
"128","Tularemia",2014,51,0,"IL",NA,NA,NA,NA
"129","Tularemia",2014,52,0,"IL",NA,NA,NA,NA
"130","Tularemia",2014,53,0,"IL",NA,NA,NA,NA
"131","Tularemia",2015,1,0,"IL",NA,NA,NA,NA
"132","Tularemia",2015,2,0,"IL",NA,NA,NA,NA
"133","Tularemia",2015,3,0,"IL",NA,NA,NA,NA
"134","Tularemia",2015,5,0,"IL",NA,NA,NA,NA
"135","Tularemia",2015,6,0,"IL",NA,NA,NA,NA
"136","Tularemia",2015,7,0,"IL",NA,NA,NA,NA
"137","Tularemia",2015,8,0,"IL",NA,NA,NA,NA
"138","Tularemia",2015,9,0,"IL",NA,NA,NA,NA
"139","Tularemia",2015,10,0,"IL",NA,NA,NA,NA
"140","Tularemia",2015,11,0,"IL",NA,NA,NA,NA
"141","Tularemia",2015,12,0,"IL",NA,NA,NA,NA
"142","Tularemia",2015,13,0,"IL",NA,NA,NA,NA
"143","Tularemia",2015,15,0,"IL",NA,NA,NA,NA
"144","Tularemia",2015,16,0,"IL",NA,NA,NA,NA
"145","Tularemia",2015,17,0,"IL",NA,NA,NA,NA
"146","Tularemia",2015,18,0,"IL",NA,NA,NA,NA
"147","Tularemia",2015,19,0,"IL",NA,NA,NA,NA
"148","Tularemia",2015,20,0,"IL",NA,NA,NA,NA
"149","Tularemia",2015,21,0,"IL",NA,NA,NA,NA
"150","Tularemia",2015,22,0,"IL",NA,NA,NA,NA
"151","Tularemia",2015,23,0,"IL",NA,NA,NA,NA
"152","Tularemia",2015,24,0,"IL",NA,NA,NA,NA
"153","Tularemia",2015,25,0,"IL",NA,NA,NA,NA
"154","Tularemia",2015,26,0,"IL",NA,NA,NA,NA
"155","Tularemia",2015,27,0,"IL",NA,NA,NA,NA
"156","Tularemia",2015,28,0,"IL",NA,NA,NA,NA
"157","Tularemia",2015,29,0,"IL",NA,NA,NA,NA
"158","Tularemia",2015,30,0,"IL",NA,NA,NA,NA
"159","Tularemia",2015,31,0,"IL",NA,NA,NA,NA
"160","Tularemia",2015,32,0,"IL",NA,NA,NA,NA
"161","Tularemia",2015,33,0,"IL",NA,NA,NA,NA
"162","Tularemia",2015,34,0,"IL",NA,NA,NA,NA
"163","Tularemia",2015,35,0,"IL",NA,NA,NA,NA
"164","Tularemia",2015,36,0,"IL",NA,NA,NA,NA
"165","Tularemia",2015,37,0,"IL",NA,NA,NA,NA
"166","Tularemia",2015,38,0,"IL",NA,NA,NA,NA
"167","Tularemia",2015,39,0,"IL",NA,NA,NA,NA
"168","Tularemia",2015,40,0,"IL",NA,NA,NA,NA
"169","Tularemia",2015,41,0,"IL",NA,NA,NA,NA
"170","Tularemia",2015,42,0,"IL",NA,NA,NA,NA
"171","Tularemia",2015,43,0,"IL",NA,NA,NA,NA
"172","Tularemia",2015,44,0,"IL",NA,NA,NA,NA
"173","Tularemia",2015,45,0,"IL",NA,NA,NA,NA
"174","Tularemia",2015,46,0,"IL",NA,NA,NA,NA
"175","Tularemia",2015,47,0,"IL",NA,NA,NA,NA
"176","Tularemia",2015,48,0,"IL",NA,NA,NA,NA
"177","Tularemia",2015,49,0,"IL",NA,NA,NA,NA
"178","Tularemia",2015,50,0,"IL",NA,NA,NA,NA
"179","Tularemia",2015,51,0,"IL",NA,NA,NA,NA
"180","Tularemia",2015,52,0,"IL",NA,NA,NA,NA
"181","Tularemia",2016,1,0,"IL",NA,NA,NA,NA
"182","Tularemia",2016,2,0,"IL",NA,NA,NA,NA
"183","Tularemia",2016,3,0,"IL",NA,NA,NA,NA
"184","Tularemia",2016,4,0,"IL",NA,NA,NA,NA
"185","Tularemia",2016,5,0,"IL",NA,NA,NA,NA
"186","Tularemia",2016,6,0,"IL",NA,NA,NA,NA
"187","Tularemia",2016,7,0,"IL",NA,NA,NA,NA
"188","Tularemia",2016,8,0,"IL",NA,NA,NA,NA
"189","Tularemia",2016,9,0,"IL",NA,NA,NA,NA
"190","Tularemia",2016,10,0,"IL",NA,NA,NA,NA
"191","Tularemia",2016,11,0,"IL",NA,NA,NA,NA
"192","Tularemia",2016,12,0,"IL",NA,NA,NA,NA
"193","Tularemia",2016,13,0,"IL",NA,NA,NA,NA
"194","Tularemia",2016,14,0,"IL",NA,NA,NA,NA
"195","Tularemia",2016,15,0,"IL",NA,NA,NA,NA
"196","Tularemia",2016,16,0,"IL",NA,NA,NA,NA
"197","Tularemia",2016,17,0,"IL",NA,NA,NA,NA
"198","Tularemia",2016,18,0,"IL",NA,NA,NA,NA
"199","Tularemia",2016,19,0,"IL",NA,NA,NA,NA
"200","Tularemia",2016,20,0,"IL",NA,NA,NA,NA
"201","Tularemia",2016,21,0,"IL",NA,NA,NA,NA
"202","Tularemia",2016,22,0,"IL",NA,NA,NA,NA
"203","Tularemia",2016,23,0,"IL",NA,NA,NA,NA
"204","Tularemia",2016,24,0,"IL",NA,NA,NA,NA
"205","Tularemia",2016,25,0,"IL",NA,NA,NA,NA
"206","Tularemia",2016,26,0,"IL",NA,NA,NA,NA
"207","Tularemia",2016,27,0,"IL",NA,NA,NA,NA
"208","Tularemia",2016,28,0,"IL",NA,NA,NA,NA
"209","Tularemia",2016,29,0,"IL",NA,NA,NA,NA
"210","Tularemia",2016,30,0,"IL",NA,NA,NA,NA
"211","Tularemia",2016,31,0,"IL",NA,NA,NA,NA
"212","Tularemia",2016,32,0,"IL",NA,NA,NA,NA
"213","Tularemia",2016,33,0,"IL",NA,NA,NA,NA
"214","Tularemia",2016,34,0,"IL",NA,NA,NA,NA
"215","Tularemia",2016,35,0,"IL",NA,NA,NA,NA
"216","Tularemia",2016,36,0,"IL",NA,NA,NA,NA
"217","Tularemia",2016,37,0,"IL",NA,NA,NA,NA
"218","Tularemia",2016,38,0,"IL",NA,NA,NA,NA
"219","Tularemia",2016,39,0,"IL",NA,NA,NA,NA
"220","Tularemia",2016,40,0,"IL",NA,NA,NA,NA
"221","Tularemia",2016,41,0,"IL",NA,NA,NA,NA
"222","Tularemia",2016,42,0,"IL",NA,NA,NA,NA
"223","Tularemia",2016,43,0,"IL",NA,NA,NA,NA
"224","Tularemia",2016,44,0,"IL",NA,NA,NA,NA
"225","Tularemia",2016,45,0,"IL",NA,NA,NA,NA
"226","Tularemia",2016,46,0,"IL",NA,NA,NA,NA
"227","Tularemia",2016,47,0,"IL",NA,NA,NA,NA
"228","Tularemia",2016,48,0,"IL",NA,NA,NA,NA
"229","Tularemia",2016,49,0,"IL",NA,NA,NA,NA
"230","Tularemia",2016,50,0,"IL",NA,NA,NA,NA
"231","Tularemia",2016,51,0,"IL",NA,NA,NA,NA
"232","Tularemia",2016,52,0,"IL",NA,NA,NA,NA
"233","Tularemia",2017,1,0,"IL",NA,NA,NA,NA
"234","Tularemia",2017,2,0,"IL",NA,NA,NA,NA
"235","Tularemia",2017,3,0,"IL",NA,NA,NA,NA
"236","Tularemia",2017,4,0,"IL",NA,NA,NA,NA
"237","Tularemia",2017,5,0,"IL",NA,NA,NA,NA
"238","Tularemia",2017,6,0,"IL",NA,NA,NA,NA
"239","Tularemia",2017,7,0,"IL",NA,NA,NA,NA
"240","Tularemia",2017,8,0,"IL",NA,NA,NA,NA
"241","Tularemia",2017,9,0,"IL",NA,NA,NA,NA
"242","Tularemia",2017,10,0,"IL",NA,NA,NA,NA
"243","Tularemia",2017,11,0,"IL",NA,NA,NA,NA
"244","Tularemia",2017,12,0,"IL",NA,NA,NA,NA
"245","Tularemia",2017,13,0,"IL",NA,NA,NA,NA
"246","Tularemia",2017,14,0,"IL",NA,NA,NA,NA
"247","Tularemia",2017,15,0,"IL",NA,NA,NA,NA
"248","Tularemia",2017,16,0,"IL",NA,NA,NA,NA
"249","Tularemia",2017,17,0,"IL",NA,NA,NA,NA
"250","Tularemia",2017,18,0,"IL",NA,NA,NA,NA
"251","Tularemia",2017,19,0,"IL",NA,NA,NA,NA
"252","Tularemia",2017,20,0,"IL",NA,NA,NA,NA
"253","Tularemia",2017,21,0,"IL",NA,NA,NA,NA
"254","Tularemia",2017,22,0,"IL",NA,NA,NA,NA
"255","Tularemia",2017,23,0,"IL",NA,NA,NA,NA
"256","Tularemia",2017,24,0,"IL",NA,NA,NA,NA
"257","Tularemia",2017,25,0,"IL",NA,NA,NA,NA
"258","Tularemia",2017,26,0,"IL",NA,NA,NA,NA
"259","Tularemia",2017,27,0,"IL",NA,NA,NA,NA
"260","Tularemia",2017,28,0,"IL",NA,NA,NA,NA
"261","Tularemia",2017,29,0,"IL",NA,NA,NA,NA
"262","Tularemia",2017,30,0,"IL",NA,NA,NA,NA
"263","Tularemia",2017,31,0,"IL",NA,NA,NA,NA
"264","Tularemia",2017,32,0,"IL",NA,NA,NA,NA
"265","Tularemia",2017,33,0,"IL",NA,NA,NA,NA
"266","Tularemia",2017,34,0,"IL",NA,NA,NA,NA
"267","Tularemia",2017,35,0,"IL",NA,NA,NA,NA
"268","Tularemia",2017,36,0,"IL",NA,NA,NA,NA
"269","Tularemia",2017,37,0,"IL",NA,NA,NA,NA
"270","Tularemia",2017,38,0,"IL",NA,NA,NA,NA
"271","Tularemia",2017,39,0,"IL",NA,NA,NA,NA
"272","Tularemia",2017,40,0,"IL",NA,NA,NA,NA
"273","Tularemia",2017,41,0,"IL",NA,NA,NA,NA
"274","Tularemia",2017,42,0,"IL",NA,NA,NA,NA
"275","Tularemia",2017,43,0,"IL",NA,NA,NA,NA
"276","Tularemia",2017,44,0,"IL",NA,NA,NA,NA
"277","Tularemia",2017,45,0,"IL",NA,NA,NA,NA
"278","Tularemia",2017,46,0,"IL",NA,NA,NA,NA
"279","Tularemia",2017,47,0,"IL",NA,NA,NA,NA
"280","Tularemia",2017,48,0,"IL",NA,NA,NA,NA
"281","Tularemia",2017,49,0,"IL",NA,NA,NA,NA
"282","Tularemia",2017,50,0,"IL",NA,NA,NA,NA
"283","Tularemia",2017,51,0,"IL",NA,NA,NA,NA
"284","Tularemia",2017,52,0,"IL",NA,NA,NA,NA
"285","Tularemia",2018,1,0,"IL",NA,NA,NA,NA
"286","Tularemia",2018,2,0,"IL",NA,NA,NA,NA
"287","Tularemia",2018,3,0,"IL",NA,NA,NA,NA
"288","Tularemia",2018,4,0,"IL",NA,NA,NA,NA
"289","Tularemia",2018,5,0,"IL",NA,NA,NA,NA
"290","Tularemia",2018,6,0,"IL",NA,NA,NA,NA
"291","Tularemia",2018,7,0,"IL",NA,NA,NA,NA
"292","Tularemia",2018,8,0,"IL",NA,NA,NA,NA
"293","Tularemia",2018,9,0,"IL",NA,NA,NA,NA
"294","Tularemia",2018,10,0,"IL",NA,NA,NA,NA
"295","Tularemia",2018,11,0,"IL",NA,NA,NA,NA
"296","Tularemia",2018,12,0,"IL",NA,NA,NA,NA
"297","Tularemia",2018,13,0,"IL",NA,NA,NA,NA
"298","Tularemia",2018,14,0,"IL",NA,NA,NA,NA
"299","Tularemia",2018,15,0,"IL",NA,NA,NA,NA
"300","Tularemia",2018,16,0,"IL",NA,NA,NA,NA
"301","Tularemia",2018,17,0,"IL",NA,NA,NA,NA
"302","Tularemia",2018,18,0,"IL",NA,NA,NA,NA
"303","Tularemia",2018,19,0,"IL",NA,NA,NA,NA
"304","Tularemia",2018,20,0,"IL",NA,NA,NA,NA
"305","Tularemia",2018,21,0,"IL",NA,NA,NA,NA
"306","Tularemia",2018,22,0,"IL",NA,NA,NA,NA
"307","Tularemia",2018,23,0,"IL",NA,NA,NA,NA
"308","Tularemia",2018,24,0,"IL",NA,NA,NA,NA
"309","Tularemia",2018,25,0,"IL",NA,NA,NA,NA
"310","Tularemia",2018,26,0,"IL",NA,NA,NA,NA
"311","Tularemia",2018,27,0,"IL",NA,NA,NA,NA
"312","Tularemia",2018,28,0,"IL",NA,NA,NA,NA
"313","Tularemia",2018,29,0,"IL",NA,NA,NA,NA
"314","Tularemia",2018,30,0,"IL",NA,NA,NA,NA
"315","Tularemia",2018,31,0,"IL",NA,NA,NA,NA
"316","Tularemia",2018,32,0,"IL",NA,NA,NA,NA
"317","Tularemia",2018,33,0,"IL",NA,NA,NA,NA
"318","Tularemia",2018,34,0,"IL",NA,NA,NA,NA
"319","Tularemia",2018,35,0,"IL",NA,NA,NA,NA
"320","Tularemia",2018,36,0,"IL",NA,NA,NA,NA
"321","Tularemia",2018,37,0,"IL",NA,NA,NA,NA
"322","Tularemia",2018,38,0,"IL",NA,NA,NA,NA
"323","Tularemia",2018,39,0,"IL",NA,NA,NA,NA
"324","Tularemia",2018,40,0,"IL",NA,NA,NA,NA
"325","Tularemia",2018,41,0,"IL",NA,NA,NA,NA
"326","Tularemia",2018,42,0,"IL",NA,NA,NA,NA
"327","Tularemia",2018,43,0,"IL",NA,NA,NA,NA
"328","Tularemia",2018,44,0,"IL",NA,NA,NA,NA
"329","Tularemia",2018,45,0,"IL",NA,NA,NA,NA
"330","Tularemia",2018,46,0,"IL",NA,NA,NA,NA
"331","Tularemia",2018,47,0,"IL",NA,NA,NA,NA
"332","Tularemia",2018,48,0,"IL",NA,NA,NA,NA
"333","Tularemia",2018,49,0,"IL",NA,NA,NA,NA
"334","Tularemia",2018,50,0,"IL",NA,NA,NA,NA
"335","Tularemia",2018,51,0,"IL",NA,NA,NA,NA
"336","Tularemia",2018,52,0,"IL",NA,NA,NA,NA
"337","Tularemia",2019,1,0,"IL",NA,NA,NA,NA
"338","Tularemia",2019,2,0,"IL",NA,NA,NA,NA
"339","Tularemia",2019,3,0,"IL",NA,NA,NA,NA
"340","Tularemia",2019,4,0,"IL",NA,NA,NA,NA
"341","Tularemia",2019,5,0,"IL",NA,NA,NA,NA
"342","Tularemia",2019,6,0,"IL",NA,NA,NA,NA
"343","Tularemia",2019,7,0,"IL",NA,NA,NA,NA
"344","Tularemia",2019,8,0,"IL",NA,NA,NA,NA
"345","Tularemia",2019,9,0,"IL",NA,NA,NA,NA
"346","Tularemia",2019,10,0,"IL",NA,NA,NA,NA
"347","Tularemia",2019,11,0,"IL",NA,NA,NA,NA
"348","Tularemia",2019,12,0,"IL",NA,NA,NA,NA
"349","Tularemia",2020,10,0,"IL",NA,NA,NA,NA
