"","Disease","EpiYear","EpiWeek","Incidence","ADM0","ADM1","ADM2","NA","NA"
"1","Pneumonic Plague",2012,23,0,"IL",NA,NA,NA,NA
"2","Pneumonic Plague",2012,24,0,"IL",NA,NA,NA,NA
"3","Pneumonic Plague",2012,25,0,"IL",NA,NA,NA,NA
"4","Pneumonic Plague",2012,26,0,"IL",NA,NA,NA,NA
"5","Pneumonic Plague",2012,27,0,"IL",NA,NA,NA,NA
"6","Pneumonic Plague",2012,28,0,"IL",NA,NA,NA,NA
"7","Pneumonic Plague",2012,29,0,"IL",NA,NA,NA,NA
"8","Pneumonic Plague",2012,30,0,"IL",NA,NA,NA,NA
"9","Pneumonic Plague",2012,31,0,"IL",NA,NA,NA,NA
"10","Pneumonic Plague",2012,32,0,"IL",NA,NA,NA,NA
"11","Pneumonic Plague",2012,33,0,"IL",NA,NA,NA,NA
"12","Pneumonic Plague",2012,34,0,"IL",NA,NA,NA,NA
"13","Pneumonic Plague",2012,35,0,"IL",NA,NA,NA,NA
"14","Pneumonic Plague",2012,36,0,"IL",NA,NA,NA,NA
"15","Pneumonic Plague",2012,37,0,"IL",NA,NA,NA,NA
"16","Pneumonic Plague",2012,38,0,"IL",NA,NA,NA,NA
"17","Pneumonic Plague",2012,39,0,"IL",NA,NA,NA,NA
"18","Pneumonic Plague",2012,40,0,"IL",NA,NA,NA,NA
"19","Pneumonic Plague",2012,41,0,"IL",NA,NA,NA,NA
"20","Pneumonic Plague",2012,42,0,"IL",NA,NA,NA,NA
"21","Pneumonic Plague",2012,43,0,"IL",NA,NA,NA,NA
"22","Pneumonic Plague",2012,44,0,"IL",NA,NA,NA,NA
"23","Pneumonic Plague",2012,45,0,"IL",NA,NA,NA,NA
"24","Pneumonic Plague",2012,46,0,"IL",NA,NA,NA,NA
"25","Pneumonic Plague",2012,47,0,"IL",NA,NA,NA,NA
"26","Pneumonic Plague",2012,48,0,"IL",NA,NA,NA,NA
"27","Pneumonic Plague",2012,49,0,"IL",NA,NA,NA,NA
"28","Pneumonic Plague",2012,50,0,"IL",NA,NA,NA,NA
"29","Pneumonic Plague",2012,51,0,"IL",NA,NA,NA,NA
"30","Pneumonic Plague",2012,52,0,"IL",NA,NA,NA,NA
"31","Pneumonic Plague",2013,1,0,"IL",NA,NA,NA,NA
"32","Pneumonic Plague",2013,2,0,"IL",NA,NA,NA,NA
"33","Pneumonic Plague",2013,3,0,"IL",NA,NA,NA,NA
"34","Pneumonic Plague",2013,5,0,"IL",NA,NA,NA,NA
"35","Pneumonic Plague",2013,6,0,"IL",NA,NA,NA,NA
"36","Pneumonic Plague",2013,7,0,"IL",NA,NA,NA,NA
"37","Pneumonic Plague",2013,8,0,"IL",NA,NA,NA,NA
"38","Pneumonic Plague",2013,9,0,"IL",NA,NA,NA,NA
"39","Pneumonic Plague",2013,10,0,"IL",NA,NA,NA,NA
"40","Pneumonic Plague",2013,11,0,"IL",NA,NA,NA,NA
"41","Pneumonic Plague",2013,12,0,"IL",NA,NA,NA,NA
"42","Pneumonic Plague",2013,13,0,"IL",NA,NA,NA,NA
"43","Pneumonic Plague",2013,14,0,"IL",NA,NA,NA,NA
"44","Pneumonic Plague",2013,15,0,"IL",NA,NA,NA,NA
"45","Pneumonic Plague",2013,16,0,"IL",NA,NA,NA,NA
"46","Pneumonic Plague",2013,17,0,"IL",NA,NA,NA,NA
"47","Pneumonic Plague",2013,18,0,"IL",NA,NA,NA,NA
"48","Pneumonic Plague",2013,19,0,"IL",NA,NA,NA,NA
"49","Pneumonic Plague",2013,20,0,"IL",NA,NA,NA,NA
"50","Pneumonic Plague",2013,21,0,"IL",NA,NA,NA,NA
"51","Pneumonic Plague",2013,22,0,"IL",NA,NA,NA,NA
"52","Pneumonic Plague",2013,23,0,"IL",NA,NA,NA,NA
"53","Pneumonic Plague",2013,24,0,"IL",NA,NA,NA,NA
"54","Pneumonic Plague",2013,25,0,"IL",NA,NA,NA,NA
"55","Pneumonic Plague",2013,26,0,"IL",NA,NA,NA,NA
"56","Pneumonic Plague",2013,27,0,"IL",NA,NA,NA,NA
"57","Pneumonic Plague",2013,28,0,"IL",NA,NA,NA,NA
"58","Pneumonic Plague",2013,29,0,"IL",NA,NA,NA,NA
"59","Pneumonic Plague",2013,30,0,"IL",NA,NA,NA,NA
"60","Pneumonic Plague",2013,31,0,"IL",NA,NA,NA,NA
"61","Pneumonic Plague",2013,33,0,"IL",NA,NA,NA,NA
"62","Pneumonic Plague",2013,34,0,"IL",NA,NA,NA,NA
"63","Pneumonic Plague",2013,35,0,"IL",NA,NA,NA,NA
"64","Pneumonic Plague",2013,36,0,"IL",NA,NA,NA,NA
"65","Pneumonic Plague",2013,37,0,"IL",NA,NA,NA,NA
"66","Pneumonic Plague",2013,38,0,"IL",NA,NA,NA,NA
"67","Pneumonic Plague",2013,40,0,"IL",NA,NA,NA,NA
"68","Pneumonic Plague",2013,41,0,"IL",NA,NA,NA,NA
"69","Pneumonic Plague",2013,42,0,"IL",NA,NA,NA,NA
"70","Pneumonic Plague",2013,43,0,"IL",NA,NA,NA,NA
"71","Pneumonic Plague",2013,44,0,"IL",NA,NA,NA,NA
"72","Pneumonic Plague",2013,45,0,"IL",NA,NA,NA,NA
"73","Pneumonic Plague",2013,46,0,"IL",NA,NA,NA,NA
"74","Pneumonic Plague",2013,47,0,"IL",NA,NA,NA,NA
"75","Pneumonic Plague",2013,48,0,"IL",NA,NA,NA,NA
"76","Pneumonic Plague",2013,49,0,"IL",NA,NA,NA,NA
"77","Pneumonic Plague",2013,50,0,"IL",NA,NA,NA,NA
"78","Pneumonic Plague",2013,51,0,"IL",NA,NA,NA,NA
"79","Pneumonic Plague",2013,52,0,"IL",NA,NA,NA,NA
"80","Pneumonic Plague",2014,1,0,"IL",NA,NA,NA,NA
"81","Pneumonic Plague",2014,2,0,"IL",NA,NA,NA,NA
"82","Pneumonic Plague",2014,3,0,"IL",NA,NA,NA,NA
"83","Pneumonic Plague",2014,5,0,"IL",NA,NA,NA,NA
"84","Pneumonic Plague",2014,6,0,"IL",NA,NA,NA,NA
"85","Pneumonic Plague",2014,7,0,"IL",NA,NA,NA,NA
"86","Pneumonic Plague",2014,8,0,"IL",NA,NA,NA,NA
"87","Pneumonic Plague",2014,9,0,"IL",NA,NA,NA,NA
"88","Pneumonic Plague",2014,10,0,"IL",NA,NA,NA,NA
"89","Pneumonic Plague",2014,11,0,"IL",NA,NA,NA,NA
"90","Pneumonic Plague",2014,12,0,"IL",NA,NA,NA,NA
"91","Pneumonic Plague",2014,13,0,"IL",NA,NA,NA,NA
"92","Pneumonic Plague",2014,14,0,"IL",NA,NA,NA,NA
"93","Pneumonic Plague",2014,16,0,"IL",NA,NA,NA,NA
"94","Pneumonic Plague",2014,17,0,"IL",NA,NA,NA,NA
"95","Pneumonic Plague",2014,18,0,"IL",NA,NA,NA,NA
"96","Pneumonic Plague",2014,19,0,"IL",NA,NA,NA,NA
"97","Pneumonic Plague",2014,20,0,"IL",NA,NA,NA,NA
"98","Pneumonic Plague",2014,21,0,"IL",NA,NA,NA,NA
"99","Pneumonic Plague",2014,22,0,"IL",NA,NA,NA,NA
"100","Pneumonic Plague",2014,23,0,"IL",NA,NA,NA,NA
"101","Pneumonic Plague",2014,24,0,"IL",NA,NA,NA,NA
"102","Pneumonic Plague",2014,25,0,"IL",NA,NA,NA,NA
"103","Pneumonic Plague",2014,26,0,"IL",NA,NA,NA,NA
"104","Pneumonic Plague",2014,27,0,"IL",NA,NA,NA,NA
"105","Pneumonic Plague",2014,28,0,"IL",NA,NA,NA,NA
"106","Pneumonic Plague",2014,29,0,"IL",NA,NA,NA,NA
"107","Pneumonic Plague",2014,30,0,"IL",NA,NA,NA,NA
"108","Pneumonic Plague",2014,31,0,"IL",NA,NA,NA,NA
"109","Pneumonic Plague",2014,32,0,"IL",NA,NA,NA,NA
"110","Pneumonic Plague",2014,33,0,"IL",NA,NA,NA,NA
"111","Pneumonic Plague",2014,34,0,"IL",NA,NA,NA,NA
"112","Pneumonic Plague",2014,35,0,"IL",NA,NA,NA,NA
"113","Pneumonic Plague",2014,36,0,"IL",NA,NA,NA,NA
"114","Pneumonic Plague",2014,37,0,"IL",NA,NA,NA,NA
"115","Pneumonic Plague",2014,38,0,"IL",NA,NA,NA,NA
"116","Pneumonic Plague",2014,39,0,"IL",NA,NA,NA,NA
"117","Pneumonic Plague",2014,40,0,"IL",NA,NA,NA,NA
"118","Pneumonic Plague",2014,41,0,"IL",NA,NA,NA,NA
"119","Pneumonic Plague",2014,42,0,"IL",NA,NA,NA,NA
"120","Pneumonic Plague",2014,43,0,"IL",NA,NA,NA,NA
"121","Pneumonic Plague",2014,44,0,"IL",NA,NA,NA,NA
"122","Pneumonic Plague",2014,45,0,"IL",NA,NA,NA,NA
"123","Pneumonic Plague",2014,46,0,"IL",NA,NA,NA,NA
"124","Pneumonic Plague",2014,47,0,"IL",NA,NA,NA,NA
"125","Pneumonic Plague",2014,48,0,"IL",NA,NA,NA,NA
"126","Pneumonic Plague",2014,49,0,"IL",NA,NA,NA,NA
"127","Pneumonic Plague",2014,50,0,"IL",NA,NA,NA,NA
"128","Pneumonic Plague",2014,51,0,"IL",NA,NA,NA,NA
"129","Pneumonic Plague",2014,52,0,"IL",NA,NA,NA,NA
"130","Pneumonic Plague",2014,53,0,"IL",NA,NA,NA,NA
"131","Pneumonic Plague",2015,1,0,"IL",NA,NA,NA,NA
"132","Pneumonic Plague",2015,2,0,"IL",NA,NA,NA,NA
"133","Pneumonic Plague",2015,3,0,"IL",NA,NA,NA,NA
"134","Pneumonic Plague",2015,5,0,"IL",NA,NA,NA,NA
"135","Pneumonic Plague",2015,6,0,"IL",NA,NA,NA,NA
"136","Pneumonic Plague",2015,7,0,"IL",NA,NA,NA,NA
"137","Pneumonic Plague",2015,8,0,"IL",NA,NA,NA,NA
"138","Pneumonic Plague",2015,9,0,"IL",NA,NA,NA,NA
"139","Pneumonic Plague",2015,10,0,"IL",NA,NA,NA,NA
"140","Pneumonic Plague",2015,11,0,"IL",NA,NA,NA,NA
"141","Pneumonic Plague",2015,12,0,"IL",NA,NA,NA,NA
"142","Pneumonic Plague",2015,13,0,"IL",NA,NA,NA,NA
"143","Pneumonic Plague",2015,15,0,"IL",NA,NA,NA,NA
"144","Pneumonic Plague",2015,16,0,"IL",NA,NA,NA,NA
"145","Pneumonic Plague",2015,17,0,"IL",NA,NA,NA,NA
"146","Pneumonic Plague",2015,18,0,"IL",NA,NA,NA,NA
"147","Pneumonic Plague",2015,19,0,"IL",NA,NA,NA,NA
"148","Pneumonic Plague",2015,20,0,"IL",NA,NA,NA,NA
"149","Pneumonic Plague",2015,21,0,"IL",NA,NA,NA,NA
"150","Pneumonic Plague",2015,22,0,"IL",NA,NA,NA,NA
"151","Pneumonic Plague",2015,23,0,"IL",NA,NA,NA,NA
"152","Pneumonic Plague",2015,24,0,"IL",NA,NA,NA,NA
"153","Pneumonic Plague",2015,25,0,"IL",NA,NA,NA,NA
"154","Pneumonic Plague",2015,26,0,"IL",NA,NA,NA,NA
"155","Pneumonic Plague",2015,27,0,"IL",NA,NA,NA,NA
"156","Pneumonic Plague",2015,28,0,"IL",NA,NA,NA,NA
"157","Pneumonic Plague",2015,29,0,"IL",NA,NA,NA,NA
"158","Pneumonic Plague",2015,30,0,"IL",NA,NA,NA,NA
"159","Pneumonic Plague",2015,31,0,"IL",NA,NA,NA,NA
"160","Pneumonic Plague",2015,32,0,"IL",NA,NA,NA,NA
"161","Pneumonic Plague",2015,33,0,"IL",NA,NA,NA,NA
"162","Pneumonic Plague",2015,34,0,"IL",NA,NA,NA,NA
"163","Pneumonic Plague",2015,35,0,"IL",NA,NA,NA,NA
"164","Pneumonic Plague",2015,36,0,"IL",NA,NA,NA,NA
"165","Pneumonic Plague",2015,37,0,"IL",NA,NA,NA,NA
"166","Pneumonic Plague",2015,38,0,"IL",NA,NA,NA,NA
"167","Pneumonic Plague",2015,39,0,"IL",NA,NA,NA,NA
"168","Pneumonic Plague",2015,40,0,"IL",NA,NA,NA,NA
"169","Pneumonic Plague",2015,41,0,"IL",NA,NA,NA,NA
"170","Pneumonic Plague",2015,42,0,"IL",NA,NA,NA,NA
"171","Pneumonic Plague",2015,43,0,"IL",NA,NA,NA,NA
"172","Pneumonic Plague",2015,44,0,"IL",NA,NA,NA,NA
"173","Pneumonic Plague",2015,45,0,"IL",NA,NA,NA,NA
"174","Pneumonic Plague",2015,46,0,"IL",NA,NA,NA,NA
"175","Pneumonic Plague",2015,47,0,"IL",NA,NA,NA,NA
"176","Pneumonic Plague",2015,48,0,"IL",NA,NA,NA,NA
"177","Pneumonic Plague",2015,49,0,"IL",NA,NA,NA,NA
"178","Pneumonic Plague",2015,50,0,"IL",NA,NA,NA,NA
"179","Pneumonic Plague",2015,51,0,"IL",NA,NA,NA,NA
"180","Pneumonic Plague",2015,52,0,"IL",NA,NA,NA,NA
"181","Pneumonic Plague",2016,1,0,"IL",NA,NA,NA,NA
"182","Pneumonic Plague",2016,2,0,"IL",NA,NA,NA,NA
"183","Pneumonic Plague",2016,3,0,"IL",NA,NA,NA,NA
"184","Pneumonic Plague",2016,4,0,"IL",NA,NA,NA,NA
"185","Pneumonic Plague",2016,5,0,"IL",NA,NA,NA,NA
"186","Pneumonic Plague",2016,6,0,"IL",NA,NA,NA,NA
"187","Pneumonic Plague",2016,7,0,"IL",NA,NA,NA,NA
"188","Pneumonic Plague",2016,8,0,"IL",NA,NA,NA,NA
"189","Pneumonic Plague",2016,9,0,"IL",NA,NA,NA,NA
"190","Pneumonic Plague",2016,10,0,"IL",NA,NA,NA,NA
"191","Pneumonic Plague",2016,11,0,"IL",NA,NA,NA,NA
"192","Pneumonic Plague",2016,12,0,"IL",NA,NA,NA,NA
"193","Pneumonic Plague",2016,13,0,"IL",NA,NA,NA,NA
"194","Pneumonic Plague",2016,14,0,"IL",NA,NA,NA,NA
"195","Pneumonic Plague",2016,15,0,"IL",NA,NA,NA,NA
"196","Pneumonic Plague",2016,16,0,"IL",NA,NA,NA,NA
"197","Pneumonic Plague",2016,17,0,"IL",NA,NA,NA,NA
"198","Pneumonic Plague",2016,18,0,"IL",NA,NA,NA,NA
"199","Pneumonic Plague",2016,19,0,"IL",NA,NA,NA,NA
"200","Pneumonic Plague",2016,20,0,"IL",NA,NA,NA,NA
"201","Pneumonic Plague",2016,21,0,"IL",NA,NA,NA,NA
"202","Pneumonic Plague",2016,22,0,"IL",NA,NA,NA,NA
"203","Pneumonic Plague",2016,23,0,"IL",NA,NA,NA,NA
"204","Pneumonic Plague",2016,24,0,"IL",NA,NA,NA,NA
"205","Pneumonic Plague",2016,25,0,"IL",NA,NA,NA,NA
"206","Pneumonic Plague",2016,26,0,"IL",NA,NA,NA,NA
"207","Pneumonic Plague",2016,27,0,"IL",NA,NA,NA,NA
"208","Pneumonic Plague",2016,28,0,"IL",NA,NA,NA,NA
"209","Pneumonic Plague",2016,29,0,"IL",NA,NA,NA,NA
"210","Pneumonic Plague",2016,30,0,"IL",NA,NA,NA,NA
"211","Pneumonic Plague",2016,31,0,"IL",NA,NA,NA,NA
"212","Pneumonic Plague",2016,32,0,"IL",NA,NA,NA,NA
"213","Pneumonic Plague",2016,33,0,"IL",NA,NA,NA,NA
"214","Pneumonic Plague",2016,34,0,"IL",NA,NA,NA,NA
"215","Pneumonic Plague",2016,35,0,"IL",NA,NA,NA,NA
"216","Pneumonic Plague",2016,36,0,"IL",NA,NA,NA,NA
"217","Pneumonic Plague",2016,37,0,"IL",NA,NA,NA,NA
"218","Pneumonic Plague",2016,38,0,"IL",NA,NA,NA,NA
"219","Pneumonic Plague",2016,39,0,"IL",NA,NA,NA,NA
"220","Pneumonic Plague",2016,40,0,"IL",NA,NA,NA,NA
"221","Pneumonic Plague",2016,41,0,"IL",NA,NA,NA,NA
"222","Pneumonic Plague",2016,42,0,"IL",NA,NA,NA,NA
"223","Pneumonic Plague",2016,43,0,"IL",NA,NA,NA,NA
"224","Pneumonic Plague",2016,44,0,"IL",NA,NA,NA,NA
"225","Pneumonic Plague",2016,45,0,"IL",NA,NA,NA,NA
"226","Pneumonic Plague",2016,46,0,"IL",NA,NA,NA,NA
"227","Pneumonic Plague",2016,47,0,"IL",NA,NA,NA,NA
"228","Pneumonic Plague",2016,48,0,"IL",NA,NA,NA,NA
"229","Pneumonic Plague",2016,49,0,"IL",NA,NA,NA,NA
"230","Pneumonic Plague",2016,50,0,"IL",NA,NA,NA,NA
"231","Pneumonic Plague",2016,51,0,"IL",NA,NA,NA,NA
"232","Pneumonic Plague",2016,52,0,"IL",NA,NA,NA,NA
"233","Pneumonic Plague",2017,1,0,"IL",NA,NA,NA,NA
"234","Pneumonic Plague",2017,2,0,"IL",NA,NA,NA,NA
"235","Pneumonic Plague",2017,3,0,"IL",NA,NA,NA,NA
"236","Pneumonic Plague",2017,4,0,"IL",NA,NA,NA,NA
"237","Pneumonic Plague",2017,5,0,"IL",NA,NA,NA,NA
"238","Pneumonic Plague",2017,6,0,"IL",NA,NA,NA,NA
"239","Pneumonic Plague",2017,7,0,"IL",NA,NA,NA,NA
"240","Pneumonic Plague",2017,8,0,"IL",NA,NA,NA,NA
"241","Pneumonic Plague",2017,9,0,"IL",NA,NA,NA,NA
"242","Pneumonic Plague",2017,10,0,"IL",NA,NA,NA,NA
"243","Pneumonic Plague",2017,11,0,"IL",NA,NA,NA,NA
"244","Pneumonic Plague",2017,12,0,"IL",NA,NA,NA,NA
"245","Pneumonic Plague",2017,13,0,"IL",NA,NA,NA,NA
"246","Pneumonic Plague",2017,14,0,"IL",NA,NA,NA,NA
"247","Pneumonic Plague",2017,15,0,"IL",NA,NA,NA,NA
"248","Pneumonic Plague",2017,16,0,"IL",NA,NA,NA,NA
"249","Pneumonic Plague",2017,17,0,"IL",NA,NA,NA,NA
"250","Pneumonic Plague",2017,18,0,"IL",NA,NA,NA,NA
"251","Pneumonic Plague",2017,19,0,"IL",NA,NA,NA,NA
"252","Pneumonic Plague",2017,20,0,"IL",NA,NA,NA,NA
"253","Pneumonic Plague",2017,21,0,"IL",NA,NA,NA,NA
"254","Pneumonic Plague",2017,22,0,"IL",NA,NA,NA,NA
"255","Pneumonic Plague",2017,23,0,"IL",NA,NA,NA,NA
"256","Pneumonic Plague",2017,24,0,"IL",NA,NA,NA,NA
"257","Pneumonic Plague",2017,25,0,"IL",NA,NA,NA,NA
"258","Pneumonic Plague",2017,26,0,"IL",NA,NA,NA,NA
"259","Pneumonic Plague",2017,27,0,"IL",NA,NA,NA,NA
"260","Pneumonic Plague",2017,28,0,"IL",NA,NA,NA,NA
"261","Pneumonic Plague",2017,29,0,"IL",NA,NA,NA,NA
"262","Pneumonic Plague",2017,30,0,"IL",NA,NA,NA,NA
"263","Pneumonic Plague",2017,31,0,"IL",NA,NA,NA,NA
"264","Pneumonic Plague",2017,32,0,"IL",NA,NA,NA,NA
"265","Pneumonic Plague",2017,33,0,"IL",NA,NA,NA,NA
"266","Pneumonic Plague",2017,34,0,"IL",NA,NA,NA,NA
"267","Pneumonic Plague",2017,35,0,"IL",NA,NA,NA,NA
"268","Pneumonic Plague",2017,36,0,"IL",NA,NA,NA,NA
"269","Pneumonic Plague",2017,37,0,"IL",NA,NA,NA,NA
"270","Pneumonic Plague",2017,38,0,"IL",NA,NA,NA,NA
"271","Pneumonic Plague",2017,39,0,"IL",NA,NA,NA,NA
"272","Pneumonic Plague",2017,40,0,"IL",NA,NA,NA,NA
"273","Pneumonic Plague",2017,41,0,"IL",NA,NA,NA,NA
"274","Pneumonic Plague",2017,42,0,"IL",NA,NA,NA,NA
"275","Pneumonic Plague",2017,43,0,"IL",NA,NA,NA,NA
"276","Pneumonic Plague",2017,44,0,"IL",NA,NA,NA,NA
"277","Pneumonic Plague",2017,45,0,"IL",NA,NA,NA,NA
"278","Pneumonic Plague",2017,46,0,"IL",NA,NA,NA,NA
"279","Pneumonic Plague",2017,47,0,"IL",NA,NA,NA,NA
"280","Pneumonic Plague",2017,48,0,"IL",NA,NA,NA,NA
"281","Pneumonic Plague",2017,49,0,"IL",NA,NA,NA,NA
"282","Pneumonic Plague",2017,50,0,"IL",NA,NA,NA,NA
"283","Pneumonic Plague",2017,51,0,"IL",NA,NA,NA,NA
"284","Pneumonic Plague",2017,52,0,"IL",NA,NA,NA,NA
"285","Pneumonic Plague",2018,1,0,"IL",NA,NA,NA,NA
"286","Pneumonic Plague",2018,2,0,"IL",NA,NA,NA,NA
"287","Pneumonic Plague",2018,3,0,"IL",NA,NA,NA,NA
"288","Pneumonic Plague",2018,4,0,"IL",NA,NA,NA,NA
"289","Pneumonic Plague",2018,5,0,"IL",NA,NA,NA,NA
"290","Pneumonic Plague",2018,6,0,"IL",NA,NA,NA,NA
"291","Pneumonic Plague",2018,7,0,"IL",NA,NA,NA,NA
"292","Pneumonic Plague",2018,8,0,"IL",NA,NA,NA,NA
"293","Pneumonic Plague",2018,9,0,"IL",NA,NA,NA,NA
"294","Pneumonic Plague",2018,10,0,"IL",NA,NA,NA,NA
"295","Pneumonic Plague",2018,11,0,"IL",NA,NA,NA,NA
"296","Pneumonic Plague",2018,12,0,"IL",NA,NA,NA,NA
"297","Pneumonic Plague",2018,13,0,"IL",NA,NA,NA,NA
"298","Pneumonic Plague",2018,14,0,"IL",NA,NA,NA,NA
"299","Pneumonic Plague",2018,15,0,"IL",NA,NA,NA,NA
"300","Pneumonic Plague",2018,16,0,"IL",NA,NA,NA,NA
"301","Pneumonic Plague",2018,17,0,"IL",NA,NA,NA,NA
"302","Pneumonic Plague",2018,18,0,"IL",NA,NA,NA,NA
"303","Pneumonic Plague",2018,19,0,"IL",NA,NA,NA,NA
"304","Pneumonic Plague",2018,20,0,"IL",NA,NA,NA,NA
"305","Pneumonic Plague",2018,21,0,"IL",NA,NA,NA,NA
"306","Pneumonic Plague",2018,22,0,"IL",NA,NA,NA,NA
"307","Pneumonic Plague",2018,23,0,"IL",NA,NA,NA,NA
"308","Pneumonic Plague",2018,24,0,"IL",NA,NA,NA,NA
"309","Pneumonic Plague",2018,25,0,"IL",NA,NA,NA,NA
"310","Pneumonic Plague",2018,26,0,"IL",NA,NA,NA,NA
"311","Pneumonic Plague",2018,27,0,"IL",NA,NA,NA,NA
"312","Pneumonic Plague",2018,28,0,"IL",NA,NA,NA,NA
"313","Pneumonic Plague",2018,29,0,"IL",NA,NA,NA,NA
"314","Pneumonic Plague",2018,30,0,"IL",NA,NA,NA,NA
"315","Pneumonic Plague",2018,31,0,"IL",NA,NA,NA,NA
"316","Pneumonic Plague",2018,32,0,"IL",NA,NA,NA,NA
"317","Pneumonic Plague",2018,33,0,"IL",NA,NA,NA,NA
"318","Pneumonic Plague",2018,34,0,"IL",NA,NA,NA,NA
"319","Pneumonic Plague",2018,35,0,"IL",NA,NA,NA,NA
"320","Pneumonic Plague",2018,36,0,"IL",NA,NA,NA,NA
"321","Pneumonic Plague",2018,37,0,"IL",NA,NA,NA,NA
"322","Pneumonic Plague",2018,38,0,"IL",NA,NA,NA,NA
"323","Pneumonic Plague",2018,39,0,"IL",NA,NA,NA,NA
"324","Pneumonic Plague",2018,40,0,"IL",NA,NA,NA,NA
"325","Pneumonic Plague",2018,41,0,"IL",NA,NA,NA,NA
"326","Pneumonic Plague",2018,42,0,"IL",NA,NA,NA,NA
"327","Pneumonic Plague",2018,43,0,"IL",NA,NA,NA,NA
"328","Pneumonic Plague",2018,44,0,"IL",NA,NA,NA,NA
"329","Pneumonic Plague",2018,45,0,"IL",NA,NA,NA,NA
"330","Pneumonic Plague",2018,46,0,"IL",NA,NA,NA,NA
"331","Pneumonic Plague",2018,47,0,"IL",NA,NA,NA,NA
"332","Pneumonic Plague",2018,48,0,"IL",NA,NA,NA,NA
"333","Pneumonic Plague",2018,49,0,"IL",NA,NA,NA,NA
"334","Pneumonic Plague",2018,50,0,"IL",NA,NA,NA,NA
"335","Pneumonic Plague",2018,51,0,"IL",NA,NA,NA,NA
"336","Pneumonic Plague",2018,52,0,"IL",NA,NA,NA,NA
"337","Pneumonic Plague",2019,1,0,"IL",NA,NA,NA,NA
"338","Pneumonic Plague",2019,2,0,"IL",NA,NA,NA,NA
"339","Pneumonic Plague",2019,3,0,"IL",NA,NA,NA,NA
"340","Pneumonic Plague",2019,4,0,"IL",NA,NA,NA,NA
"341","Pneumonic Plague",2019,5,0,"IL",NA,NA,NA,NA
"342","Pneumonic Plague",2019,6,0,"IL",NA,NA,NA,NA
"343","Pneumonic Plague",2019,7,0,"IL",NA,NA,NA,NA
"344","Pneumonic Plague",2019,8,0,"IL",NA,NA,NA,NA
"345","Pneumonic Plague",2019,9,0,"IL",NA,NA,NA,NA
"346","Pneumonic Plague",2019,10,0,"IL",NA,NA,NA,NA
"347","Pneumonic Plague",2019,11,0,"IL",NA,NA,NA,NA
"348","Pneumonic Plague",2019,12,0,"IL",NA,NA,NA,NA
"349","Pneumonic Plague",2020,10,0,"IL",NA,NA,NA,NA
