"","Disease","EpiYear","EpiWeek","Incidence","ADM0","ADM1","ADM2","NA","NA"
"1","Yellow Fever",2012,23,0,"IL",NA,NA,NA,NA
"2","Yellow Fever",2012,24,0,"IL",NA,NA,NA,NA
"3","Yellow Fever",2012,25,0,"IL",NA,NA,NA,NA
"4","Yellow Fever",2012,26,0,"IL",NA,NA,NA,NA
"5","Yellow Fever",2012,27,0,"IL",NA,NA,NA,NA
"6","Yellow Fever",2012,28,0,"IL",NA,NA,NA,NA
"7","Yellow Fever",2012,29,0,"IL",NA,NA,NA,NA
"8","Yellow Fever",2012,30,0,"IL",NA,NA,NA,NA
"9","Yellow Fever",2012,31,0,"IL",NA,NA,NA,NA
"10","Yellow Fever",2012,32,0,"IL",NA,NA,NA,NA
"11","Yellow Fever",2012,33,0,"IL",NA,NA,NA,NA
"12","Yellow Fever",2012,34,0,"IL",NA,NA,NA,NA
"13","Yellow Fever",2012,35,0,"IL",NA,NA,NA,NA
"14","Yellow Fever",2012,36,0,"IL",NA,NA,NA,NA
"15","Yellow Fever",2012,37,0,"IL",NA,NA,NA,NA
"16","Yellow Fever",2012,38,0,"IL",NA,NA,NA,NA
"17","Yellow Fever",2012,39,0,"IL",NA,NA,NA,NA
"18","Yellow Fever",2012,40,0,"IL",NA,NA,NA,NA
"19","Yellow Fever",2012,41,0,"IL",NA,NA,NA,NA
"20","Yellow Fever",2012,42,0,"IL",NA,NA,NA,NA
"21","Yellow Fever",2012,43,0,"IL",NA,NA,NA,NA
"22","Yellow Fever",2012,44,0,"IL",NA,NA,NA,NA
"23","Yellow Fever",2012,45,0,"IL",NA,NA,NA,NA
"24","Yellow Fever",2012,46,0,"IL",NA,NA,NA,NA
"25","Yellow Fever",2012,47,0,"IL",NA,NA,NA,NA
"26","Yellow Fever",2012,48,0,"IL",NA,NA,NA,NA
"27","Yellow Fever",2012,49,0,"IL",NA,NA,NA,NA
"28","Yellow Fever",2012,50,0,"IL",NA,NA,NA,NA
"29","Yellow Fever",2012,51,0,"IL",NA,NA,NA,NA
"30","Yellow Fever",2012,52,0,"IL",NA,NA,NA,NA
"31","Yellow Fever",2013,1,0,"IL",NA,NA,NA,NA
"32","Yellow Fever",2013,2,0,"IL",NA,NA,NA,NA
"33","Yellow Fever",2013,3,0,"IL",NA,NA,NA,NA
"34","Yellow Fever",2013,5,0,"IL",NA,NA,NA,NA
"35","Yellow Fever",2013,6,0,"IL",NA,NA,NA,NA
"36","Yellow Fever",2013,7,0,"IL",NA,NA,NA,NA
"37","Yellow Fever",2013,8,0,"IL",NA,NA,NA,NA
"38","Yellow Fever",2013,9,0,"IL",NA,NA,NA,NA
"39","Yellow Fever",2013,10,0,"IL",NA,NA,NA,NA
"40","Yellow Fever",2013,11,0,"IL",NA,NA,NA,NA
"41","Yellow Fever",2013,12,0,"IL",NA,NA,NA,NA
"42","Yellow Fever",2013,13,0,"IL",NA,NA,NA,NA
"43","Yellow Fever",2013,14,0,"IL",NA,NA,NA,NA
"44","Yellow Fever",2013,15,0,"IL",NA,NA,NA,NA
"45","Yellow Fever",2013,16,0,"IL",NA,NA,NA,NA
"46","Yellow Fever",2013,17,0,"IL",NA,NA,NA,NA
"47","Yellow Fever",2013,18,0,"IL",NA,NA,NA,NA
"48","Yellow Fever",2013,19,0,"IL",NA,NA,NA,NA
"49","Yellow Fever",2013,20,0,"IL",NA,NA,NA,NA
"50","Yellow Fever",2013,21,0,"IL",NA,NA,NA,NA
"51","Yellow Fever",2013,22,0,"IL",NA,NA,NA,NA
"52","Yellow Fever",2013,23,0,"IL",NA,NA,NA,NA
"53","Yellow Fever",2013,24,0,"IL",NA,NA,NA,NA
"54","Yellow Fever",2013,25,0,"IL",NA,NA,NA,NA
"55","Yellow Fever",2013,26,0,"IL",NA,NA,NA,NA
"56","Yellow Fever",2013,27,0,"IL",NA,NA,NA,NA
"57","Yellow Fever",2013,28,0,"IL",NA,NA,NA,NA
"58","Yellow Fever",2013,29,0,"IL",NA,NA,NA,NA
"59","Yellow Fever",2013,30,0,"IL",NA,NA,NA,NA
"60","Yellow Fever",2013,31,0,"IL",NA,NA,NA,NA
"61","Yellow Fever",2013,33,0,"IL",NA,NA,NA,NA
"62","Yellow Fever",2013,34,0,"IL",NA,NA,NA,NA
"63","Yellow Fever",2013,35,0,"IL",NA,NA,NA,NA
"64","Yellow Fever",2013,36,0,"IL",NA,NA,NA,NA
"65","Yellow Fever",2013,37,0,"IL",NA,NA,NA,NA
"66","Yellow Fever",2013,38,0,"IL",NA,NA,NA,NA
"67","Yellow Fever",2013,40,0,"IL",NA,NA,NA,NA
"68","Yellow Fever",2013,41,0,"IL",NA,NA,NA,NA
"69","Yellow Fever",2013,42,0,"IL",NA,NA,NA,NA
"70","Yellow Fever",2013,43,0,"IL",NA,NA,NA,NA
"71","Yellow Fever",2013,44,0,"IL",NA,NA,NA,NA
"72","Yellow Fever",2013,45,0,"IL",NA,NA,NA,NA
"73","Yellow Fever",2013,46,0,"IL",NA,NA,NA,NA
"74","Yellow Fever",2013,47,0,"IL",NA,NA,NA,NA
"75","Yellow Fever",2013,48,0,"IL",NA,NA,NA,NA
"76","Yellow Fever",2013,49,0,"IL",NA,NA,NA,NA
"77","Yellow Fever",2013,50,0,"IL",NA,NA,NA,NA
"78","Yellow Fever",2013,51,0,"IL",NA,NA,NA,NA
"79","Yellow Fever",2013,52,0,"IL",NA,NA,NA,NA
"80","Yellow Fever",2014,1,0,"IL",NA,NA,NA,NA
"81","Yellow Fever",2014,2,0,"IL",NA,NA,NA,NA
"82","Yellow Fever",2014,3,0,"IL",NA,NA,NA,NA
"83","Yellow Fever",2014,5,0,"IL",NA,NA,NA,NA
"84","Yellow Fever",2014,6,0,"IL",NA,NA,NA,NA
"85","Yellow Fever",2014,7,0,"IL",NA,NA,NA,NA
"86","Yellow Fever",2014,8,0,"IL",NA,NA,NA,NA
"87","Yellow Fever",2014,9,0,"IL",NA,NA,NA,NA
"88","Yellow Fever",2014,10,0,"IL",NA,NA,NA,NA
"89","Yellow Fever",2014,11,0,"IL",NA,NA,NA,NA
"90","Yellow Fever",2014,12,0,"IL",NA,NA,NA,NA
"91","Yellow Fever",2014,13,0,"IL",NA,NA,NA,NA
"92","Yellow Fever",2014,14,0,"IL",NA,NA,NA,NA
"93","Yellow Fever",2014,16,0,"IL",NA,NA,NA,NA
"94","Yellow Fever",2014,17,0,"IL",NA,NA,NA,NA
"95","Yellow Fever",2014,18,0,"IL",NA,NA,NA,NA
"96","Yellow Fever",2014,19,0,"IL",NA,NA,NA,NA
"97","Yellow Fever",2014,20,0,"IL",NA,NA,NA,NA
"98","Yellow Fever",2014,21,0,"IL",NA,NA,NA,NA
"99","Yellow Fever",2014,22,0,"IL",NA,NA,NA,NA
"100","Yellow Fever",2014,23,0,"IL",NA,NA,NA,NA
"101","Yellow Fever",2014,24,0,"IL",NA,NA,NA,NA
"102","Yellow Fever",2014,25,0,"IL",NA,NA,NA,NA
"103","Yellow Fever",2014,26,0,"IL",NA,NA,NA,NA
"104","Yellow Fever",2014,27,0,"IL",NA,NA,NA,NA
"105","Yellow Fever",2014,28,0,"IL",NA,NA,NA,NA
"106","Yellow Fever",2014,29,0,"IL",NA,NA,NA,NA
"107","Yellow Fever",2014,30,0,"IL",NA,NA,NA,NA
"108","Yellow Fever",2014,31,0,"IL",NA,NA,NA,NA
"109","Yellow Fever",2014,32,0,"IL",NA,NA,NA,NA
"110","Yellow Fever",2014,33,0,"IL",NA,NA,NA,NA
"111","Yellow Fever",2014,34,0,"IL",NA,NA,NA,NA
"112","Yellow Fever",2014,35,0,"IL",NA,NA,NA,NA
"113","Yellow Fever",2014,36,0,"IL",NA,NA,NA,NA
"114","Yellow Fever",2014,37,0,"IL",NA,NA,NA,NA
"115","Yellow Fever",2014,38,0,"IL",NA,NA,NA,NA
"116","Yellow Fever",2014,39,0,"IL",NA,NA,NA,NA
"117","Yellow Fever",2014,40,0,"IL",NA,NA,NA,NA
"118","Yellow Fever",2014,41,0,"IL",NA,NA,NA,NA
"119","Yellow Fever",2014,42,0,"IL",NA,NA,NA,NA
"120","Yellow Fever",2014,43,0,"IL",NA,NA,NA,NA
"121","Yellow Fever",2014,44,0,"IL",NA,NA,NA,NA
"122","Yellow Fever",2014,45,0,"IL",NA,NA,NA,NA
"123","Yellow Fever",2014,46,0,"IL",NA,NA,NA,NA
"124","Yellow Fever",2014,47,0,"IL",NA,NA,NA,NA
"125","Yellow Fever",2014,48,0,"IL",NA,NA,NA,NA
"126","Yellow Fever",2014,49,0,"IL",NA,NA,NA,NA
"127","Yellow Fever",2014,50,0,"IL",NA,NA,NA,NA
"128","Yellow Fever",2014,51,0,"IL",NA,NA,NA,NA
"129","Yellow Fever",2014,52,0,"IL",NA,NA,NA,NA
"130","Yellow Fever",2014,53,0,"IL",NA,NA,NA,NA
"131","Yellow Fever",2015,1,0,"IL",NA,NA,NA,NA
"132","Yellow Fever",2015,2,0,"IL",NA,NA,NA,NA
"133","Yellow Fever",2015,3,0,"IL",NA,NA,NA,NA
"134","Yellow Fever",2015,5,0,"IL",NA,NA,NA,NA
"135","Yellow Fever",2015,6,0,"IL",NA,NA,NA,NA
"136","Yellow Fever",2015,7,0,"IL",NA,NA,NA,NA
"137","Yellow Fever",2015,8,0,"IL",NA,NA,NA,NA
"138","Yellow Fever",2015,9,0,"IL",NA,NA,NA,NA
"139","Yellow Fever",2015,10,0,"IL",NA,NA,NA,NA
"140","Yellow Fever",2015,11,0,"IL",NA,NA,NA,NA
"141","Yellow Fever",2015,12,0,"IL",NA,NA,NA,NA
"142","Yellow Fever",2015,13,0,"IL",NA,NA,NA,NA
"143","Yellow Fever",2015,15,0,"IL",NA,NA,NA,NA
"144","Yellow Fever",2015,16,0,"IL",NA,NA,NA,NA
"145","Yellow Fever",2015,17,0,"IL",NA,NA,NA,NA
"146","Yellow Fever",2015,18,0,"IL",NA,NA,NA,NA
"147","Yellow Fever",2015,19,0,"IL",NA,NA,NA,NA
"148","Yellow Fever",2015,20,0,"IL",NA,NA,NA,NA
"149","Yellow Fever",2015,21,0,"IL",NA,NA,NA,NA
"150","Yellow Fever",2015,22,0,"IL",NA,NA,NA,NA
"151","Yellow Fever",2015,23,0,"IL",NA,NA,NA,NA
"152","Yellow Fever",2015,24,0,"IL",NA,NA,NA,NA
"153","Yellow Fever",2015,25,0,"IL",NA,NA,NA,NA
"154","Yellow Fever",2015,26,0,"IL",NA,NA,NA,NA
"155","Yellow Fever",2015,27,0,"IL",NA,NA,NA,NA
"156","Yellow Fever",2015,28,0,"IL",NA,NA,NA,NA
"157","Yellow Fever",2015,29,0,"IL",NA,NA,NA,NA
"158","Yellow Fever",2015,30,0,"IL",NA,NA,NA,NA
"159","Yellow Fever",2015,31,0,"IL",NA,NA,NA,NA
"160","Yellow Fever",2015,32,0,"IL",NA,NA,NA,NA
"161","Yellow Fever",2015,33,0,"IL",NA,NA,NA,NA
"162","Yellow Fever",2015,34,0,"IL",NA,NA,NA,NA
"163","Yellow Fever",2015,35,0,"IL",NA,NA,NA,NA
"164","Yellow Fever",2015,36,0,"IL",NA,NA,NA,NA
"165","Yellow Fever",2015,37,0,"IL",NA,NA,NA,NA
"166","Yellow Fever",2015,38,0,"IL",NA,NA,NA,NA
"167","Yellow Fever",2015,39,0,"IL",NA,NA,NA,NA
"168","Yellow Fever",2015,40,0,"IL",NA,NA,NA,NA
"169","Yellow Fever",2015,41,0,"IL",NA,NA,NA,NA
"170","Yellow Fever",2015,42,0,"IL",NA,NA,NA,NA
"171","Yellow Fever",2015,43,0,"IL",NA,NA,NA,NA
"172","Yellow Fever",2015,44,0,"IL",NA,NA,NA,NA
"173","Yellow Fever",2015,45,0,"IL",NA,NA,NA,NA
"174","Yellow Fever",2015,46,0,"IL",NA,NA,NA,NA
"175","Yellow Fever",2015,47,0,"IL",NA,NA,NA,NA
"176","Yellow Fever",2015,48,0,"IL",NA,NA,NA,NA
"177","Yellow Fever",2015,49,0,"IL",NA,NA,NA,NA
"178","Yellow Fever",2015,50,0,"IL",NA,NA,NA,NA
"179","Yellow Fever",2015,51,0,"IL",NA,NA,NA,NA
"180","Yellow Fever",2015,52,0,"IL",NA,NA,NA,NA
"181","Yellow Fever",2016,1,0,"IL",NA,NA,NA,NA
"182","Yellow Fever",2016,2,0,"IL",NA,NA,NA,NA
"183","Yellow Fever",2016,3,0,"IL",NA,NA,NA,NA
"184","Yellow Fever",2016,4,0,"IL",NA,NA,NA,NA
"185","Yellow Fever",2016,5,0,"IL",NA,NA,NA,NA
"186","Yellow Fever",2016,6,0,"IL",NA,NA,NA,NA
"187","Yellow Fever",2016,7,0,"IL",NA,NA,NA,NA
"188","Yellow Fever",2016,8,0,"IL",NA,NA,NA,NA
"189","Yellow Fever",2016,9,0,"IL",NA,NA,NA,NA
"190","Yellow Fever",2016,10,0,"IL",NA,NA,NA,NA
"191","Yellow Fever",2016,11,0,"IL",NA,NA,NA,NA
"192","Yellow Fever",2016,12,0,"IL",NA,NA,NA,NA
"193","Yellow Fever",2016,13,0,"IL",NA,NA,NA,NA
"194","Yellow Fever",2016,14,0,"IL",NA,NA,NA,NA
"195","Yellow Fever",2016,15,0,"IL",NA,NA,NA,NA
"196","Yellow Fever",2016,16,0,"IL",NA,NA,NA,NA
"197","Yellow Fever",2016,17,0,"IL",NA,NA,NA,NA
"198","Yellow Fever",2016,18,0,"IL",NA,NA,NA,NA
"199","Yellow Fever",2016,19,0,"IL",NA,NA,NA,NA
"200","Yellow Fever",2016,20,0,"IL",NA,NA,NA,NA
"201","Yellow Fever",2016,21,0,"IL",NA,NA,NA,NA
"202","Yellow Fever",2016,22,0,"IL",NA,NA,NA,NA
"203","Yellow Fever",2016,23,0,"IL",NA,NA,NA,NA
"204","Yellow Fever",2016,24,0,"IL",NA,NA,NA,NA
"205","Yellow Fever",2016,25,0,"IL",NA,NA,NA,NA
"206","Yellow Fever",2016,26,0,"IL",NA,NA,NA,NA
"207","Yellow Fever",2016,27,0,"IL",NA,NA,NA,NA
"208","Yellow Fever",2016,28,0,"IL",NA,NA,NA,NA
"209","Yellow Fever",2016,29,0,"IL",NA,NA,NA,NA
"210","Yellow Fever",2016,30,0,"IL",NA,NA,NA,NA
"211","Yellow Fever",2016,31,0,"IL",NA,NA,NA,NA
"212","Yellow Fever",2016,32,0,"IL",NA,NA,NA,NA
"213","Yellow Fever",2016,33,0.0666666666666667,"IL",NA,NA,NA,NA
"214","Yellow Fever",2016,34,0,"IL",NA,NA,NA,NA
"215","Yellow Fever",2016,35,0,"IL",NA,NA,NA,NA
"216","Yellow Fever",2016,36,0,"IL",NA,NA,NA,NA
"217","Yellow Fever",2016,37,0,"IL",NA,NA,NA,NA
"218","Yellow Fever",2016,38,0,"IL",NA,NA,NA,NA
"219","Yellow Fever",2016,39,0,"IL",NA,NA,NA,NA
"220","Yellow Fever",2016,40,0,"IL",NA,NA,NA,NA
"221","Yellow Fever",2016,41,0,"IL",NA,NA,NA,NA
"222","Yellow Fever",2016,42,0,"IL",NA,NA,NA,NA
"223","Yellow Fever",2016,43,0,"IL",NA,NA,NA,NA
"224","Yellow Fever",2016,44,0,"IL",NA,NA,NA,NA
"225","Yellow Fever",2016,45,0,"IL",NA,NA,NA,NA
"226","Yellow Fever",2016,46,0,"IL",NA,NA,NA,NA
"227","Yellow Fever",2016,47,0,"IL",NA,NA,NA,NA
"228","Yellow Fever",2016,48,0,"IL",NA,NA,NA,NA
"229","Yellow Fever",2016,49,0,"IL",NA,NA,NA,NA
"230","Yellow Fever",2016,50,0,"IL",NA,NA,NA,NA
"231","Yellow Fever",2016,51,0,"IL",NA,NA,NA,NA
"232","Yellow Fever",2016,52,0,"IL",NA,NA,NA,NA
"233","Yellow Fever",2017,1,0,"IL",NA,NA,NA,NA
"234","Yellow Fever",2017,2,0,"IL",NA,NA,NA,NA
"235","Yellow Fever",2017,3,0,"IL",NA,NA,NA,NA
"236","Yellow Fever",2017,4,0,"IL",NA,NA,NA,NA
"237","Yellow Fever",2017,5,0,"IL",NA,NA,NA,NA
"238","Yellow Fever",2017,6,0,"IL",NA,NA,NA,NA
"239","Yellow Fever",2017,7,0,"IL",NA,NA,NA,NA
"240","Yellow Fever",2017,8,0,"IL",NA,NA,NA,NA
"241","Yellow Fever",2017,9,0,"IL",NA,NA,NA,NA
"242","Yellow Fever",2017,10,0,"IL",NA,NA,NA,NA
"243","Yellow Fever",2017,11,0,"IL",NA,NA,NA,NA
"244","Yellow Fever",2017,12,0,"IL",NA,NA,NA,NA
"245","Yellow Fever",2017,13,0,"IL",NA,NA,NA,NA
"246","Yellow Fever",2017,14,0,"IL",NA,NA,NA,NA
"247","Yellow Fever",2017,15,0,"IL",NA,NA,NA,NA
"248","Yellow Fever",2017,16,0,"IL",NA,NA,NA,NA
"249","Yellow Fever",2017,17,0,"IL",NA,NA,NA,NA
"250","Yellow Fever",2017,18,0,"IL",NA,NA,NA,NA
"251","Yellow Fever",2017,19,0,"IL",NA,NA,NA,NA
"252","Yellow Fever",2017,20,0,"IL",NA,NA,NA,NA
"253","Yellow Fever",2017,21,0,"IL",NA,NA,NA,NA
"254","Yellow Fever",2017,22,0,"IL",NA,NA,NA,NA
"255","Yellow Fever",2017,23,0,"IL",NA,NA,NA,NA
"256","Yellow Fever",2017,24,0,"IL",NA,NA,NA,NA
"257","Yellow Fever",2017,25,0,"IL",NA,NA,NA,NA
"258","Yellow Fever",2017,26,0,"IL",NA,NA,NA,NA
"259","Yellow Fever",2017,27,0,"IL",NA,NA,NA,NA
"260","Yellow Fever",2017,28,0,"IL",NA,NA,NA,NA
"261","Yellow Fever",2017,29,0,"IL",NA,NA,NA,NA
"262","Yellow Fever",2017,30,0,"IL",NA,NA,NA,NA
"263","Yellow Fever",2017,31,0,"IL",NA,NA,NA,NA
"264","Yellow Fever",2017,32,0,"IL",NA,NA,NA,NA
"265","Yellow Fever",2017,33,0,"IL",NA,NA,NA,NA
"266","Yellow Fever",2017,34,0,"IL",NA,NA,NA,NA
"267","Yellow Fever",2017,35,0,"IL",NA,NA,NA,NA
"268","Yellow Fever",2017,36,0,"IL",NA,NA,NA,NA
"269","Yellow Fever",2017,37,0,"IL",NA,NA,NA,NA
"270","Yellow Fever",2017,38,0,"IL",NA,NA,NA,NA
"271","Yellow Fever",2017,39,0,"IL",NA,NA,NA,NA
"272","Yellow Fever",2017,40,0,"IL",NA,NA,NA,NA
"273","Yellow Fever",2017,41,0,"IL",NA,NA,NA,NA
"274","Yellow Fever",2017,42,0,"IL",NA,NA,NA,NA
"275","Yellow Fever",2017,43,0,"IL",NA,NA,NA,NA
"276","Yellow Fever",2017,44,0,"IL",NA,NA,NA,NA
"277","Yellow Fever",2017,45,0,"IL",NA,NA,NA,NA
"278","Yellow Fever",2017,46,0,"IL",NA,NA,NA,NA
"279","Yellow Fever",2017,47,0,"IL",NA,NA,NA,NA
"280","Yellow Fever",2017,48,0,"IL",NA,NA,NA,NA
"281","Yellow Fever",2017,49,0,"IL",NA,NA,NA,NA
"282","Yellow Fever",2017,50,0,"IL",NA,NA,NA,NA
"283","Yellow Fever",2017,51,0,"IL",NA,NA,NA,NA
"284","Yellow Fever",2017,52,0,"IL",NA,NA,NA,NA
"285","Yellow Fever",2018,1,0,"IL",NA,NA,NA,NA
"286","Yellow Fever",2018,2,0,"IL",NA,NA,NA,NA
"287","Yellow Fever",2018,3,0,"IL",NA,NA,NA,NA
"288","Yellow Fever",2018,4,0,"IL",NA,NA,NA,NA
"289","Yellow Fever",2018,5,0,"IL",NA,NA,NA,NA
"290","Yellow Fever",2018,6,0,"IL",NA,NA,NA,NA
"291","Yellow Fever",2018,7,0,"IL",NA,NA,NA,NA
"292","Yellow Fever",2018,8,0,"IL",NA,NA,NA,NA
"293","Yellow Fever",2018,9,0,"IL",NA,NA,NA,NA
"294","Yellow Fever",2018,10,0,"IL",NA,NA,NA,NA
"295","Yellow Fever",2018,11,0,"IL",NA,NA,NA,NA
"296","Yellow Fever",2018,12,0,"IL",NA,NA,NA,NA
"297","Yellow Fever",2018,13,0,"IL",NA,NA,NA,NA
"298","Yellow Fever",2018,14,0,"IL",NA,NA,NA,NA
"299","Yellow Fever",2018,15,0,"IL",NA,NA,NA,NA
"300","Yellow Fever",2018,16,0,"IL",NA,NA,NA,NA
"301","Yellow Fever",2018,17,0,"IL",NA,NA,NA,NA
"302","Yellow Fever",2018,18,0,"IL",NA,NA,NA,NA
"303","Yellow Fever",2018,19,0,"IL",NA,NA,NA,NA
"304","Yellow Fever",2018,20,0,"IL",NA,NA,NA,NA
"305","Yellow Fever",2018,21,0,"IL",NA,NA,NA,NA
"306","Yellow Fever",2018,22,0,"IL",NA,NA,NA,NA
"307","Yellow Fever",2018,23,0,"IL",NA,NA,NA,NA
"308","Yellow Fever",2018,24,0,"IL",NA,NA,NA,NA
"309","Yellow Fever",2018,25,0,"IL",NA,NA,NA,NA
"310","Yellow Fever",2018,26,0,"IL",NA,NA,NA,NA
"311","Yellow Fever",2018,27,0,"IL",NA,NA,NA,NA
"312","Yellow Fever",2018,28,0,"IL",NA,NA,NA,NA
"313","Yellow Fever",2018,29,0,"IL",NA,NA,NA,NA
"314","Yellow Fever",2018,30,0,"IL",NA,NA,NA,NA
"315","Yellow Fever",2018,31,0,"IL",NA,NA,NA,NA
"316","Yellow Fever",2018,32,0,"IL",NA,NA,NA,NA
"317","Yellow Fever",2018,33,0,"IL",NA,NA,NA,NA
"318","Yellow Fever",2018,34,0,"IL",NA,NA,NA,NA
"319","Yellow Fever",2018,35,0,"IL",NA,NA,NA,NA
"320","Yellow Fever",2018,36,0,"IL",NA,NA,NA,NA
"321","Yellow Fever",2018,37,0,"IL",NA,NA,NA,NA
"322","Yellow Fever",2018,38,0,"IL",NA,NA,NA,NA
"323","Yellow Fever",2018,39,0,"IL",NA,NA,NA,NA
"324","Yellow Fever",2018,40,0,"IL",NA,NA,NA,NA
"325","Yellow Fever",2018,41,0,"IL",NA,NA,NA,NA
"326","Yellow Fever",2018,42,0,"IL",NA,NA,NA,NA
"327","Yellow Fever",2018,43,0,"IL",NA,NA,NA,NA
"328","Yellow Fever",2018,44,0,"IL",NA,NA,NA,NA
"329","Yellow Fever",2018,45,0,"IL",NA,NA,NA,NA
"330","Yellow Fever",2018,46,0,"IL",NA,NA,NA,NA
"331","Yellow Fever",2018,47,0,"IL",NA,NA,NA,NA
"332","Yellow Fever",2018,48,0,"IL",NA,NA,NA,NA
"333","Yellow Fever",2018,49,0,"IL",NA,NA,NA,NA
"334","Yellow Fever",2018,50,0,"IL",NA,NA,NA,NA
"335","Yellow Fever",2018,51,0,"IL",NA,NA,NA,NA
"336","Yellow Fever",2018,52,0,"IL",NA,NA,NA,NA
"337","Yellow Fever",2019,1,0,"IL",NA,NA,NA,NA
"338","Yellow Fever",2019,2,0,"IL",NA,NA,NA,NA
"339","Yellow Fever",2019,3,0,"IL",NA,NA,NA,NA
"340","Yellow Fever",2019,4,0,"IL",NA,NA,NA,NA
"341","Yellow Fever",2019,5,0,"IL",NA,NA,NA,NA
"342","Yellow Fever",2019,6,0,"IL",NA,NA,NA,NA
"343","Yellow Fever",2019,7,0,"IL",NA,NA,NA,NA
"344","Yellow Fever",2019,8,0,"IL",NA,NA,NA,NA
"345","Yellow Fever",2019,9,0,"IL",NA,NA,NA,NA
"346","Yellow Fever",2019,10,0,"IL",NA,NA,NA,NA
"347","Yellow Fever",2019,11,0,"IL",NA,NA,NA,NA
"348","Yellow Fever",2019,12,0,"IL",NA,NA,NA,NA
"349","Yellow Fever",2020,10,0,"IL",NA,NA,NA,NA
