"","Disease","EpiYear","EpiWeek","Incidence","ADM0","ADM1","ADM2","NA","NA"
"1","Influenza",2015,17,0,"JAM",NA,NA,NA,NA
"2","Influenza",2015,22,0,"JAM",NA,NA,NA,NA
"3","Influenza",2015,23,0,"JAM",NA,NA,NA,NA
"4","Influenza",2015,24,0,"JAM",NA,NA,NA,NA
"5","Influenza",2015,25,0,"JAM",NA,NA,NA,NA
"6","Influenza",2015,26,0,"JAM",NA,NA,NA,NA
"7","Influenza",2015,27,0,"JAM",NA,NA,NA,NA
"8","Influenza",2015,28,0,"JAM",NA,NA,NA,NA
"9","Influenza",2015,29,0,"JAM",NA,NA,NA,NA
"10","Influenza",2015,30,0,"JAM",NA,NA,NA,NA
"11","Influenza",2015,31,0,"JAM",NA,NA,NA,NA
"12","Influenza",2015,32,0,"JAM",NA,NA,NA,NA
"13","Influenza",2015,33,0,"JAM",NA,NA,NA,NA
"14","Influenza",2015,34,0,"JAM",NA,NA,NA,NA
"15","Influenza",2015,35,0,"JAM",NA,NA,NA,NA
"16","Influenza",2015,36,0,"JAM",NA,NA,NA,NA
"17","Influenza",2015,37,0,"JAM",NA,NA,NA,NA
"18","Influenza",2015,38,0,"JAM",NA,NA,NA,NA
"19","Influenza",2015,40,0,"JAM",NA,NA,NA,NA
"20","Influenza",2016,1,0.5,"JAM",NA,NA,NA,NA
"21","Influenza",2016,2,0,"JAM",NA,NA,NA,NA
"22","Influenza",2016,3,2,"JAM",NA,NA,NA,NA
"23","Influenza",2016,4,4,"JAM",NA,NA,NA,NA
"24","Influenza",2016,5,4,"JAM",NA,NA,NA,NA
"25","Influenza",2016,6,4,"JAM",NA,NA,NA,NA
"26","Influenza",2016,7,11,"JAM",NA,NA,NA,NA
"27","Influenza",2016,8,10,"JAM",NA,NA,NA,NA
"28","Influenza",2016,9,12,"JAM",NA,NA,NA,NA
"29","Influenza",2016,10,9.5,"JAM",NA,NA,NA,NA
"30","Influenza",2016,11,9.5,"JAM",NA,NA,NA,NA
"31","Influenza",2016,12,0,"JAM",NA,NA,NA,NA
"32","Influenza",2016,13,0,"JAM",NA,NA,NA,NA
"33","Influenza",2016,14,0,"JAM",NA,NA,NA,NA
"34","Influenza",2016,15,1,"JAM",NA,NA,NA,NA
"35","Influenza",2016,16,1,"JAM",NA,NA,NA,NA
"36","Influenza",2016,17,0,"JAM",NA,NA,NA,NA
"37","Influenza",2016,18,0,"JAM",NA,NA,NA,NA
"38","Influenza",2016,19,0,"JAM",NA,NA,NA,NA
"39","Influenza",2016,20,0,"JAM",NA,NA,NA,NA
"40","Influenza",2016,21,0,"JAM",NA,NA,NA,NA
"41","Influenza",2016,22,0,"JAM",NA,NA,NA,NA
"42","Influenza",2016,23,0,"JAM",NA,NA,NA,NA
"43","Influenza",2016,24,0,"JAM",NA,NA,NA,NA
"44","Influenza",2016,25,0,"JAM",NA,NA,NA,NA
"45","Influenza",2016,26,0,"JAM",NA,NA,NA,NA
"46","Influenza",2016,30,0,"JAM",NA,NA,NA,NA
"47","Influenza",2016,31,0,"JAM",NA,NA,NA,NA
"48","Influenza",2016,32,0,"JAM",NA,NA,NA,NA
"49","Influenza",2016,33,0,"JAM",NA,NA,NA,NA
"50","Influenza",2016,34,0,"JAM",NA,NA,NA,NA
"51","Influenza",2016,35,0,"JAM",NA,NA,NA,NA
"52","Influenza",2016,36,0,"JAM",NA,NA,NA,NA
"53","Influenza",2016,37,0,"JAM",NA,NA,NA,NA
"54","Influenza",2016,38,0,"JAM",NA,NA,NA,NA
"55","Influenza",2016,39,0.5,"JAM",NA,NA,NA,NA
"56","Influenza",2016,41,0.5,"JAM",NA,NA,NA,NA
"57","Influenza",2016,42,0.5,"JAM",NA,NA,NA,NA
"58","Influenza",2016,43,0.5,"JAM",NA,NA,NA,NA
"59","Influenza",2016,44,0.5,"JAM",NA,NA,NA,NA
"60","Influenza",2016,45,0.5,"JAM",NA,NA,NA,NA
"61","Influenza",2016,46,0,"JAM",NA,NA,NA,NA
"62","Influenza",2016,47,0,"JAM",NA,NA,NA,NA
"63","Influenza",2016,48,0,"JAM",NA,NA,NA,NA
"64","Influenza",2016,49,0,"JAM",NA,NA,NA,NA
"65","Influenza",2016,50,0,"JAM",NA,NA,NA,NA
"66","Influenza",2016,51,0,"JAM",NA,NA,NA,NA
"67","Influenza",2016,52,0,"JAM",NA,NA,NA,NA
"68","Influenza",2017,1,0,"JAM",NA,NA,NA,NA
"69","Influenza",2017,2,0,"JAM",NA,NA,NA,NA
"70","Influenza",2017,3,0,"JAM",NA,NA,NA,NA
"71","Influenza",2017,4,0,"JAM",NA,NA,NA,NA
"72","Influenza",2017,5,0,"JAM",NA,NA,NA,NA
"73","Influenza",2017,6,0,"JAM",NA,NA,NA,NA
"74","Influenza",2017,7,0,"JAM",NA,NA,NA,NA
"75","Influenza",2017,8,0,"JAM",NA,NA,NA,NA
"76","Influenza",2017,9,0,"JAM",NA,NA,NA,NA
"77","Influenza",2017,10,0,"JAM",NA,NA,NA,NA
"78","Influenza",2017,11,0,"JAM",NA,NA,NA,NA
"79","Influenza",2017,12,0,"JAM",NA,NA,NA,NA
"80","Influenza",2017,13,0,"JAM",NA,NA,NA,NA
"81","Influenza",2017,14,0,"JAM",NA,NA,NA,NA
"82","Influenza",2017,15,0,"JAM",NA,NA,NA,NA
"83","Influenza",2017,16,0,"JAM",NA,NA,NA,NA
"84","Influenza",2017,17,0,"JAM",NA,NA,NA,NA
"85","Influenza",2017,18,0,"JAM",NA,NA,NA,NA
"86","Influenza",2017,19,0,"JAM",NA,NA,NA,NA
"87","Influenza",2017,20,0,"JAM",NA,NA,NA,NA
"88","Influenza",2017,21,0,"JAM",NA,NA,NA,NA
"89","Influenza",2017,22,0,"JAM",NA,NA,NA,NA
"90","Influenza",2017,23,0,"JAM",NA,NA,NA,NA
"91","Influenza",2017,24,0,"JAM",NA,NA,NA,NA
"92","Influenza",2017,25,0,"JAM",NA,NA,NA,NA
"93","Influenza",2017,26,0,"JAM",NA,NA,NA,NA
"94","Influenza",2017,27,0,"JAM",NA,NA,NA,NA
"95","Influenza",2017,28,0,"JAM",NA,NA,NA,NA
"96","Influenza",2017,29,0,"JAM",NA,NA,NA,NA
"97","Influenza",2017,30,0,"JAM",NA,NA,NA,NA
"98","Influenza",2017,31,0,"JAM",NA,NA,NA,NA
"99","Influenza",2017,32,0,"JAM",NA,NA,NA,NA
"100","Influenza",2017,33,0,"JAM",NA,NA,NA,NA
"101","Influenza",2017,42,0,"JAM",NA,NA,NA,NA
"102","Influenza",2017,45,0,"JAM",NA,NA,NA,NA
"103","Influenza",2018,17,0,"JAM",NA,NA,NA,NA
"104","Influenza",2018,18,0,"JAM",NA,NA,NA,NA
"105","Influenza",2018,32,0,"JAM",NA,NA,NA,NA
"106","Influenza",2018,35,0,"JAM",NA,NA,NA,NA
"107","Influenza",2018,36,0,"JAM",NA,NA,NA,NA
"108","Influenza",2018,37,0,"JAM",NA,NA,NA,NA
"109","Influenza",2018,38,0,"JAM",NA,NA,NA,NA
"110","Influenza",2018,39,0,"JAM",NA,NA,NA,NA
"111","Influenza",2018,40,0,"JAM",NA,NA,NA,NA
"112","Influenza",2018,42,0,"JAM",NA,NA,NA,NA
"113","Influenza",2018,44,0,"JAM",NA,NA,NA,NA
"114","Influenza",2018,45,0,"JAM",NA,NA,NA,NA
"115","Influenza",2018,46,0,"JAM",NA,NA,NA,NA
"116","Influenza",2018,47,0,"JAM",NA,NA,NA,NA
"117","Influenza",2018,48,0,"JAM",NA,NA,NA,NA
"118","Influenza",2018,49,0,"JAM",NA,NA,NA,NA
"119","Influenza",2018,50,0,"JAM",NA,NA,NA,NA
"120","Influenza",2018,51,0,"JAM",NA,NA,NA,NA
"121","Influenza",2018,52,0,"JAM",NA,NA,NA,NA
"122","Influenza",2019,1,1,"JAM",NA,NA,NA,NA
"123","Influenza",2019,2,1,"JAM",NA,NA,NA,NA
"124","Influenza",2019,3,0.5,"JAM",NA,NA,NA,NA
"125","Influenza",2019,4,0,"JAM",NA,NA,NA,NA
"126","Influenza",2019,5,1.5,"JAM",NA,NA,NA,NA
"127","Influenza",2019,6,0.5,"JAM",NA,NA,NA,NA
"128","Influenza",2019,7,0,"JAM",NA,NA,NA,NA
"129","Influenza",2019,8,0,"JAM",NA,NA,NA,NA
"130","Influenza",2019,9,0,"JAM",NA,NA,NA,NA
"131","Influenza",2019,10,0,"JAM",NA,NA,NA,NA
"132","Influenza",2019,11,0,"JAM",NA,NA,NA,NA
"133","Influenza",2019,12,0.5,"JAM",NA,NA,NA,NA
"134","Influenza",2019,13,0.5,"JAM",NA,NA,NA,NA
"135","Influenza",2019,14,1,"JAM",NA,NA,NA,NA
"136","Influenza",2019,15,0,"JAM",NA,NA,NA,NA
"137","Influenza",2019,16,1.5,"JAM",NA,NA,NA,NA
"138","Influenza",2019,17,2,"JAM",NA,NA,NA,NA
"139","Influenza",2019,18,0,"JAM",NA,NA,NA,NA
"140","Influenza",2019,19,0,"JAM",NA,NA,NA,NA
"141","Influenza",2019,20,0,"JAM",NA,NA,NA,NA
"142","Influenza",2019,21,0,"JAM",NA,NA,NA,NA
"143","Influenza",2019,22,0,"JAM",NA,NA,NA,NA
"144","Influenza",2019,23,0,"JAM",NA,NA,NA,NA
"145","Influenza",2019,24,0,"JAM",NA,NA,NA,NA
"146","Influenza",2019,25,0,"JAM",NA,NA,NA,NA
"147","Influenza",2019,26,0,"JAM",NA,NA,NA,NA
"148","Influenza",2019,28,0,"JAM",NA,NA,NA,NA
"149","Influenza",2019,29,0,"JAM",NA,NA,NA,NA
"150","Influenza",2019,30,0,"JAM",NA,NA,NA,NA
"151","Influenza",2019,31,0,"JAM",NA,NA,NA,NA
"152","Influenza",2019,32,0,"JAM",NA,NA,NA,NA
"153","Influenza",2019,33,0.5,"JAM",NA,NA,NA,NA
"154","Influenza",2019,34,0.5,"JAM",NA,NA,NA,NA
"155","Influenza",2019,35,0,"JAM",NA,NA,NA,NA
"156","Influenza",2019,36,0,"JAM",NA,NA,NA,NA
"157","Influenza",2019,37,0,"JAM",NA,NA,NA,NA
"158","Influenza",2019,38,0,"JAM",NA,NA,NA,NA
"159","Influenza",2019,39,0,"JAM",NA,NA,NA,NA
"160","Influenza",2019,40,1.5,"JAM",NA,NA,NA,NA
"161","Influenza",2019,41,7.5,"JAM",NA,NA,NA,NA
"162","Influenza",2019,42,1.5,"JAM",NA,NA,NA,NA
"163","Influenza",2019,43,4,"JAM",NA,NA,NA,NA
"164","Influenza",2019,44,3,"JAM",NA,NA,NA,NA
"165","Influenza",2019,45,2,"JAM",NA,NA,NA,NA
"166","Influenza",2019,46,2.5,"JAM",NA,NA,NA,NA
"167","Influenza",2019,47,5,"JAM",NA,NA,NA,NA
"168","Influenza",2019,48,2.5,"JAM",NA,NA,NA,NA
"169","Influenza",2019,49,0,"JAM",NA,NA,NA,NA
"170","Influenza",2019,50,0,"JAM",NA,NA,NA,NA
"171","Influenza",2019,51,0,"JAM",NA,NA,NA,NA
"172","Influenza",2019,52,0,"JAM",NA,NA,NA,NA
"173","Influenza",2020,1,0,"JAM",NA,NA,NA,NA
"174","Influenza",2020,2,0,"JAM",NA,NA,NA,NA
"175","Influenza",2020,3,0,"JAM",NA,NA,NA,NA
"176","Influenza",2020,4,0,"JAM",NA,NA,NA,NA
"177","Influenza",2020,5,0,"JAM",NA,NA,NA,NA
"178","Influenza",2020,6,0,"JAM",NA,NA,NA,NA
"179","Influenza",2020,7,0.5,"JAM",NA,NA,NA,NA
