"","Disease","EpiYear","EpiWeek","Incidence","ADM0","ADM1","ADM2","NA","NA"
"1","Dengue",2015,17,0,"JAM",NA,NA,NA,NA
"2","Dengue",2015,22,0,"JAM",NA,NA,NA,NA
"3","Dengue",2015,23,0,"JAM",NA,NA,NA,NA
"4","Dengue",2015,24,0,"JAM",NA,NA,NA,NA
"5","Dengue",2015,25,0,"JAM",NA,NA,NA,NA
"6","Dengue",2015,26,0,"JAM",NA,NA,NA,NA
"7","Dengue",2015,27,0,"JAM",NA,NA,NA,NA
"8","Dengue",2015,28,0,"JAM",NA,NA,NA,NA
"9","Dengue",2015,29,0,"JAM",NA,NA,NA,NA
"10","Dengue",2015,30,0,"JAM",NA,NA,NA,NA
"11","Dengue",2015,31,0,"JAM",NA,NA,NA,NA
"12","Dengue",2015,32,0,"JAM",NA,NA,NA,NA
"13","Dengue",2015,33,0,"JAM",NA,NA,NA,NA
"14","Dengue",2015,34,0,"JAM",NA,NA,NA,NA
"15","Dengue",2015,35,0,"JAM",NA,NA,NA,NA
"16","Dengue",2015,36,0,"JAM",NA,NA,NA,NA
"17","Dengue",2015,37,0,"JAM",NA,NA,NA,NA
"18","Dengue",2015,38,0,"JAM",NA,NA,NA,NA
"19","Dengue",2015,40,0,"JAM",NA,NA,NA,NA
"20","Dengue",2016,1,3,"JAM",NA,NA,NA,NA
"21","Dengue",2016,2,2,"JAM",NA,NA,NA,NA
"22","Dengue",2016,3,7,"JAM",NA,NA,NA,NA
"23","Dengue",2016,4,8,"JAM",NA,NA,NA,NA
"24","Dengue",2016,5,55,"JAM",NA,NA,NA,NA
"25","Dengue",2016,6,38,"JAM",NA,NA,NA,NA
"26","Dengue",2016,7,40,"JAM",NA,NA,NA,NA
"27","Dengue",2016,8,49,"JAM",NA,NA,NA,NA
"28","Dengue",2016,9,38,"JAM",NA,NA,NA,NA
"29","Dengue",2016,10,16,"JAM",NA,NA,NA,NA
"30","Dengue",2016,11,15,"JAM",NA,NA,NA,NA
"31","Dengue",2016,12,7,"JAM",NA,NA,NA,NA
"32","Dengue",2016,13,2,"JAM",NA,NA,NA,NA
"33","Dengue",2016,14,0,"JAM",NA,NA,NA,NA
"34","Dengue",2016,15,1,"JAM",NA,NA,NA,NA
"35","Dengue",2016,16,5,"JAM",NA,NA,NA,NA
"36","Dengue",2016,17,1,"JAM",NA,NA,NA,NA
"37","Dengue",2016,18,4,"JAM",NA,NA,NA,NA
"38","Dengue",2016,19,6,"JAM",NA,NA,NA,NA
"39","Dengue",2016,20,6,"JAM",NA,NA,NA,NA
"40","Dengue",2016,21,9,"JAM",NA,NA,NA,NA
"41","Dengue",2016,22,10,"JAM",NA,NA,NA,NA
"42","Dengue",2016,23,7,"JAM",NA,NA,NA,NA
"43","Dengue",2016,24,7,"JAM",NA,NA,NA,NA
"44","Dengue",2016,25,4,"JAM",NA,NA,NA,NA
"45","Dengue",2016,26,4,"JAM",NA,NA,NA,NA
"46","Dengue",2016,30,12,"JAM",NA,NA,NA,NA
"47","Dengue",2016,31,8,"JAM",NA,NA,NA,NA
"48","Dengue",2016,32,8,"JAM",NA,NA,NA,NA
"49","Dengue",2016,33,8,"JAM",NA,NA,NA,NA
"50","Dengue",2016,34,8,"JAM",NA,NA,NA,NA
"51","Dengue",2016,35,8,"JAM",NA,NA,NA,NA
"52","Dengue",2016,36,1,"JAM",NA,NA,NA,NA
"53","Dengue",2016,37,1,"JAM",NA,NA,NA,NA
"54","Dengue",2016,38,1,"JAM",NA,NA,NA,NA
"55","Dengue",2016,39,1,"JAM",NA,NA,NA,NA
"56","Dengue",2016,41,1,"JAM",NA,NA,NA,NA
"57","Dengue",2016,42,1,"JAM",NA,NA,NA,NA
"58","Dengue",2016,43,1,"JAM",NA,NA,NA,NA
"59","Dengue",2016,44,1,"JAM",NA,NA,NA,NA
"60","Dengue",2016,45,3,"JAM",NA,NA,NA,NA
"61","Dengue",2016,46,3,"JAM",NA,NA,NA,NA
"62","Dengue",2016,47,3,"JAM",NA,NA,NA,NA
"63","Dengue",2016,48,3,"JAM",NA,NA,NA,NA
"64","Dengue",2016,49,3,"JAM",NA,NA,NA,NA
"65","Dengue",2016,50,3,"JAM",NA,NA,NA,NA
"66","Dengue",2016,51,3,"JAM",NA,NA,NA,NA
"67","Dengue",2016,52,0,"JAM",NA,NA,NA,NA
"68","Dengue",2017,1,1,"JAM",NA,NA,NA,NA
"69","Dengue",2017,2,1,"JAM",NA,NA,NA,NA
"70","Dengue",2017,3,1,"JAM",NA,NA,NA,NA
"71","Dengue",2017,4,4,"JAM",NA,NA,NA,NA
"72","Dengue",2017,5,4,"JAM",NA,NA,NA,NA
"73","Dengue",2017,6,4,"JAM",NA,NA,NA,NA
"74","Dengue",2017,7,3,"JAM",NA,NA,NA,NA
"75","Dengue",2017,8,4,"JAM",NA,NA,NA,NA
"76","Dengue",2017,9,0,"JAM",NA,NA,NA,NA
"77","Dengue",2017,10,0,"JAM",NA,NA,NA,NA
"78","Dengue",2017,11,0,"JAM",NA,NA,NA,NA
"79","Dengue",2017,12,0,"JAM",NA,NA,NA,NA
"80","Dengue",2017,13,0,"JAM",NA,NA,NA,NA
"81","Dengue",2017,14,1,"JAM",NA,NA,NA,NA
"82","Dengue",2017,15,1,"JAM",NA,NA,NA,NA
"83","Dengue",2017,16,4,"JAM",NA,NA,NA,NA
"84","Dengue",2017,17,2,"JAM",NA,NA,NA,NA
"85","Dengue",2017,18,2,"JAM",NA,NA,NA,NA
"86","Dengue",2017,19,0,"JAM",NA,NA,NA,NA
"87","Dengue",2017,20,0,"JAM",NA,NA,NA,NA
"88","Dengue",2017,21,0,"JAM",NA,NA,NA,NA
"89","Dengue",2017,22,0,"JAM",NA,NA,NA,NA
"90","Dengue",2017,23,0,"JAM",NA,NA,NA,NA
"91","Dengue",2017,24,0,"JAM",NA,NA,NA,NA
"92","Dengue",2017,25,0,"JAM",NA,NA,NA,NA
"93","Dengue",2017,26,0,"JAM",NA,NA,NA,NA
"94","Dengue",2017,27,2,"JAM",NA,NA,NA,NA
"95","Dengue",2017,28,6,"JAM",NA,NA,NA,NA
"96","Dengue",2017,29,1,"JAM",NA,NA,NA,NA
"97","Dengue",2017,30,3,"JAM",NA,NA,NA,NA
"98","Dengue",2017,31,2,"JAM",NA,NA,NA,NA
"99","Dengue",2017,32,2,"JAM",NA,NA,NA,NA
"100","Dengue",2017,33,0,"JAM",NA,NA,NA,NA
"101","Dengue",2017,42,0,"JAM",NA,NA,NA,NA
"102","Dengue",2017,45,0,"JAM",NA,NA,NA,NA
"103","Dengue",2018,17,1,"JAM",NA,NA,NA,NA
"104","Dengue",2018,18,2,"JAM",NA,NA,NA,NA
"105","Dengue",2018,32,6,"JAM",NA,NA,NA,NA
"106","Dengue",2018,35,3,"JAM",NA,NA,NA,NA
"107","Dengue",2018,36,1,"JAM",NA,NA,NA,NA
"108","Dengue",2018,37,10,"JAM",NA,NA,NA,NA
"109","Dengue",2018,38,1,"JAM",NA,NA,NA,NA
"110","Dengue",2018,39,7,"JAM",NA,NA,NA,NA
"111","Dengue",2018,40,0,"JAM",NA,NA,NA,NA
"112","Dengue",2018,42,0,"JAM",NA,NA,NA,NA
"113","Dengue",2018,44,0,"JAM",NA,NA,NA,NA
"114","Dengue",2018,45,3,"JAM",NA,NA,NA,NA
"115","Dengue",2018,46,0,"JAM",NA,NA,NA,NA
"116","Dengue",2018,47,4,"JAM",NA,NA,NA,NA
"117","Dengue",2018,48,7,"JAM",NA,NA,NA,NA
"118","Dengue",2018,49,27,"JAM",NA,NA,NA,NA
"119","Dengue",2018,50,17,"JAM",NA,NA,NA,NA
"120","Dengue",2018,51,9,"JAM",NA,NA,NA,NA
"121","Dengue",2018,52,15,"JAM",NA,NA,NA,NA
"122","Dengue",2019,1,165,"JAM",NA,NA,NA,NA
"123","Dengue",2019,2,377,"JAM",NA,NA,NA,NA
"124","Dengue",2019,3,230,"JAM",NA,NA,NA,NA
"125","Dengue",2019,4,22,"JAM",NA,NA,NA,NA
"126","Dengue",2019,5,8,"JAM",NA,NA,NA,NA
"127","Dengue",2019,6,3,"JAM",NA,NA,NA,NA
"128","Dengue",2019,7,3,"JAM",NA,NA,NA,NA
"129","Dengue",2019,8,6,"JAM",NA,NA,NA,NA
"130","Dengue",2019,9,150,"JAM",NA,NA,NA,NA
"131","Dengue",2019,10,116,"JAM",NA,NA,NA,NA
"132","Dengue",2019,11,8,"JAM",NA,NA,NA,NA
"133","Dengue",2019,12,1,"JAM",NA,NA,NA,NA
"134","Dengue",2019,13,1,"JAM",NA,NA,NA,NA
"135","Dengue",2019,14,9,"JAM",NA,NA,NA,NA
"136","Dengue",2019,15,0,"JAM",NA,NA,NA,NA
"137","Dengue",2019,16,0,"JAM",NA,NA,NA,NA
"138","Dengue",2019,17,0,"JAM",NA,NA,NA,NA
"139","Dengue",2019,18,0,"JAM",NA,NA,NA,NA
"140","Dengue",2019,19,0,"JAM",NA,NA,NA,NA
"141","Dengue",2019,20,0,"JAM",NA,NA,NA,NA
"142","Dengue",2019,21,0,"JAM",NA,NA,NA,NA
"143","Dengue",2019,22,1,"JAM",NA,NA,NA,NA
"144","Dengue",2019,23,0,"JAM",NA,NA,NA,NA
"145","Dengue",2019,24,0,"JAM",NA,NA,NA,NA
"146","Dengue",2019,25,0,"JAM",NA,NA,NA,NA
"147","Dengue",2019,26,0,"JAM",NA,NA,NA,NA
"148","Dengue",2019,28,11,"JAM",NA,NA,NA,NA
"149","Dengue",2019,29,3,"JAM",NA,NA,NA,NA
"150","Dengue",2019,30,0,"JAM",NA,NA,NA,NA
"151","Dengue",2019,31,8,"JAM",NA,NA,NA,NA
"152","Dengue",2019,32,16,"JAM",NA,NA,NA,NA
"153","Dengue",2019,33,1,"JAM",NA,NA,NA,NA
"154","Dengue",2019,34,4,"JAM",NA,NA,NA,NA
"155","Dengue",2019,35,17,"JAM",NA,NA,NA,NA
"156","Dengue",2019,36,24,"JAM",NA,NA,NA,NA
"157","Dengue",2019,37,5,"JAM",NA,NA,NA,NA
"158","Dengue",2019,38,3,"JAM",NA,NA,NA,NA
"159","Dengue",2019,39,14,"JAM",NA,NA,NA,NA
"160","Dengue",2019,40,7,"JAM",NA,NA,NA,NA
"161","Dengue",2019,41,9,"JAM",NA,NA,NA,NA
"162","Dengue",2019,42,4,"JAM",NA,NA,NA,NA
"163","Dengue",2019,43,10,"JAM",NA,NA,NA,NA
"164","Dengue",2019,44,8,"JAM",NA,NA,NA,NA
"165","Dengue",2019,45,8,"JAM",NA,NA,NA,NA
"166","Dengue",2019,46,0,"JAM",NA,NA,NA,NA
"167","Dengue",2019,47,0,"JAM",NA,NA,NA,NA
"168","Dengue",2019,48,0,"JAM",NA,NA,NA,NA
"169","Dengue",2019,49,0,"JAM",NA,NA,NA,NA
"170","Dengue",2019,50,0,"JAM",NA,NA,NA,NA
"171","Dengue",2019,51,1,"JAM",NA,NA,NA,NA
"172","Dengue",2019,52,0,"JAM",NA,NA,NA,NA
"173","Dengue",2020,1,0,"JAM",NA,NA,NA,NA
"174","Dengue",2020,2,0,"JAM",NA,NA,NA,NA
"175","Dengue",2020,3,2,"JAM",NA,NA,NA,NA
"176","Dengue",2020,4,3,"JAM",NA,NA,NA,NA
"177","Dengue",2020,5,1,"JAM",NA,NA,NA,NA
"178","Dengue",2020,6,0,"JAM",NA,NA,NA,NA
"179","Dengue",2020,7,0,"JAM",NA,NA,NA,NA
