"Disease","EpiYear","EpiWeek","Incidence","ADM0","ADM1","ADM2"
"Dengue",2015,17,0,"JAM",NA,NA
"Dengue",2015,22,0,"JAM",NA,NA
"Dengue",2015,23,0,"JAM",NA,NA
"Dengue",2015,24,0,"JAM",NA,NA
"Dengue",2015,25,0,"JAM",NA,NA
"Dengue",2015,26,0,"JAM",NA,NA
"Dengue",2015,27,0,"JAM",NA,NA
"Dengue",2015,28,0,"JAM",NA,NA
"Dengue",2015,29,0,"JAM",NA,NA
"Dengue",2015,30,0,"JAM",NA,NA
"Dengue",2015,31,0,"JAM",NA,NA
"Dengue",2015,32,0,"JAM",NA,NA
"Dengue",2015,33,0,"JAM",NA,NA
"Dengue",2015,34,0,"JAM",NA,NA
"Dengue",2015,35,0,"JAM",NA,NA
"Dengue",2015,36,0,"JAM",NA,NA
"Dengue",2015,37,0,"JAM",NA,NA
"Dengue",2015,38,0,"JAM",NA,NA
"Dengue",2015,40,0,"JAM",NA,NA
"Dengue",2016,1,3,"JAM",NA,NA
"Dengue",2016,2,2,"JAM",NA,NA
"Dengue",2016,3,7,"JAM",NA,NA
"Dengue",2016,4,8,"JAM",NA,NA
"Dengue",2016,5,55,"JAM",NA,NA
"Dengue",2016,6,38,"JAM",NA,NA
"Dengue",2016,7,40,"JAM",NA,NA
"Dengue",2016,8,49,"JAM",NA,NA
"Dengue",2016,9,38,"JAM",NA,NA
"Dengue",2016,10,16,"JAM",NA,NA
"Dengue",2016,11,15,"JAM",NA,NA
"Dengue",2016,12,7,"JAM",NA,NA
"Dengue",2016,13,2,"JAM",NA,NA
"Dengue",2016,14,0,"JAM",NA,NA
"Dengue",2016,15,1,"JAM",NA,NA
"Dengue",2016,16,5,"JAM",NA,NA
"Dengue",2016,17,1,"JAM",NA,NA
"Dengue",2016,18,4,"JAM",NA,NA
"Dengue",2016,19,6,"JAM",NA,NA
"Dengue",2016,20,6,"JAM",NA,NA
"Dengue",2016,21,9,"JAM",NA,NA
"Dengue",2016,22,10,"JAM",NA,NA
"Dengue",2016,23,7,"JAM",NA,NA
"Dengue",2016,24,7,"JAM",NA,NA
"Dengue",2016,25,4,"JAM",NA,NA
"Dengue",2016,26,4,"JAM",NA,NA
"Dengue",2016,30,12,"JAM",NA,NA
"Dengue",2016,31,8,"JAM",NA,NA
"Dengue",2016,32,8,"JAM",NA,NA
"Dengue",2016,33,8,"JAM",NA,NA
"Dengue",2016,34,8,"JAM",NA,NA
"Dengue",2016,35,8,"JAM",NA,NA
"Dengue",2016,36,1,"JAM",NA,NA
"Dengue",2016,37,1,"JAM",NA,NA
"Dengue",2016,38,1,"JAM",NA,NA
"Dengue",2016,39,1,"JAM",NA,NA
"Dengue",2016,41,1,"JAM",NA,NA
"Dengue",2016,42,1,"JAM",NA,NA
"Dengue",2016,43,1,"JAM",NA,NA
"Dengue",2016,44,1,"JAM",NA,NA
"Dengue",2016,45,3,"JAM",NA,NA
"Dengue",2016,46,3,"JAM",NA,NA
"Dengue",2016,47,3,"JAM",NA,NA
"Dengue",2016,48,3,"JAM",NA,NA
"Dengue",2016,49,3,"JAM",NA,NA
"Dengue",2016,50,3,"JAM",NA,NA
"Dengue",2016,51,3,"JAM",NA,NA
"Dengue",2016,52,0,"JAM",NA,NA
"Dengue",2017,1,1,"JAM",NA,NA
"Dengue",2017,2,1,"JAM",NA,NA
"Dengue",2017,3,1,"JAM",NA,NA
"Dengue",2017,4,4,"JAM",NA,NA
"Dengue",2017,5,4,"JAM",NA,NA
"Dengue",2017,6,4,"JAM",NA,NA
"Dengue",2017,7,3,"JAM",NA,NA
"Dengue",2017,8,4,"JAM",NA,NA
"Dengue",2017,9,0,"JAM",NA,NA
"Dengue",2017,10,0,"JAM",NA,NA
"Dengue",2017,11,0,"JAM",NA,NA
"Dengue",2017,12,0,"JAM",NA,NA
"Dengue",2017,13,0,"JAM",NA,NA
"Dengue",2017,14,1,"JAM",NA,NA
"Dengue",2017,15,1,"JAM",NA,NA
"Dengue",2017,16,4,"JAM",NA,NA
"Dengue",2017,17,2,"JAM",NA,NA
"Dengue",2017,18,2,"JAM",NA,NA
"Dengue",2017,19,0,"JAM",NA,NA
"Dengue",2017,20,0,"JAM",NA,NA
"Dengue",2017,21,0,"JAM",NA,NA
"Dengue",2017,22,0,"JAM",NA,NA
"Dengue",2017,23,0,"JAM",NA,NA
"Dengue",2017,24,0,"JAM",NA,NA
"Dengue",2017,25,0,"JAM",NA,NA
"Dengue",2017,26,0,"JAM",NA,NA
"Dengue",2017,27,2,"JAM",NA,NA
"Dengue",2017,28,6,"JAM",NA,NA
"Dengue",2017,29,1,"JAM",NA,NA
"Dengue",2017,30,3,"JAM",NA,NA
"Dengue",2017,31,2,"JAM",NA,NA
"Dengue",2017,32,2,"JAM",NA,NA
"Dengue",2017,33,0,"JAM",NA,NA
"Dengue",2017,42,0,"JAM",NA,NA
"Dengue",2017,45,0,"JAM",NA,NA
"Dengue",2018,17,1,"JAM",NA,NA
"Dengue",2018,18,2,"JAM",NA,NA
"Dengue",2018,32,6,"JAM",NA,NA
"Dengue",2018,35,3,"JAM",NA,NA
"Dengue",2018,36,1,"JAM",NA,NA
"Dengue",2018,37,10,"JAM",NA,NA
"Dengue",2018,38,1,"JAM",NA,NA
"Dengue",2018,39,7,"JAM",NA,NA
"Dengue",2018,40,0,"JAM",NA,NA
"Dengue",2018,42,0,"JAM",NA,NA
"Dengue",2018,44,0,"JAM",NA,NA
"Dengue",2018,45,3,"JAM",NA,NA
"Dengue",2018,46,0,"JAM",NA,NA
"Dengue",2018,47,4,"JAM",NA,NA
"Dengue",2018,48,7,"JAM",NA,NA
"Dengue",2018,49,27,"JAM",NA,NA
"Dengue",2018,50,17,"JAM",NA,NA
"Dengue",2018,51,9,"JAM",NA,NA
"Dengue",2018,52,15,"JAM",NA,NA
"Dengue",2019,1,165,"JAM",NA,NA
"Dengue",2019,2,377,"JAM",NA,NA
"Dengue",2019,3,230,"JAM",NA,NA
"Dengue",2019,4,22,"JAM",NA,NA
"Dengue",2019,5,8,"JAM",NA,NA
"Dengue",2019,6,3,"JAM",NA,NA
"Dengue",2019,7,3,"JAM",NA,NA
"Dengue",2019,8,6,"JAM",NA,NA
"Dengue",2019,9,150,"JAM",NA,NA
"Dengue",2019,10,116,"JAM",NA,NA
"Dengue",2019,11,8,"JAM",NA,NA
"Dengue",2019,12,1,"JAM",NA,NA
"Dengue",2019,13,1,"JAM",NA,NA
"Dengue",2019,14,9,"JAM",NA,NA
"Dengue",2019,15,0,"JAM",NA,NA
"Dengue",2019,16,0,"JAM",NA,NA
"Dengue",2019,17,0,"JAM",NA,NA
"Dengue",2019,18,0,"JAM",NA,NA
"Dengue",2019,19,0,"JAM",NA,NA
"Dengue",2019,20,0,"JAM",NA,NA
"Dengue",2019,21,0,"JAM",NA,NA
"Dengue",2019,22,1,"JAM",NA,NA
"Dengue",2019,23,0,"JAM",NA,NA
"Dengue",2019,24,0,"JAM",NA,NA
"Dengue",2019,25,0,"JAM",NA,NA
"Dengue",2019,26,0,"JAM",NA,NA
"Dengue",2019,28,11,"JAM",NA,NA
"Dengue",2019,29,3,"JAM",NA,NA
"Dengue",2019,30,0,"JAM",NA,NA
"Dengue",2019,31,8,"JAM",NA,NA
"Dengue",2019,32,16,"JAM",NA,NA
"Dengue",2019,33,1,"JAM",NA,NA
"Dengue",2019,34,4,"JAM",NA,NA
"Dengue",2019,35,17,"JAM",NA,NA
"Dengue",2019,36,24,"JAM",NA,NA
"Dengue",2019,37,5,"JAM",NA,NA
"Dengue",2019,38,3,"JAM",NA,NA
"Dengue",2019,39,14,"JAM",NA,NA
"Dengue",2019,40,7,"JAM",NA,NA
"Dengue",2019,41,9,"JAM",NA,NA
"Dengue",2019,42,4,"JAM",NA,NA
"Dengue",2019,43,10,"JAM",NA,NA
"Dengue",2019,44,8,"JAM",NA,NA
"Dengue",2019,45,8,"JAM",NA,NA
"Dengue",2019,46,0,"JAM",NA,NA
"Dengue",2019,47,0,"JAM",NA,NA
"Dengue",2019,48,0,"JAM",NA,NA
"Dengue",2019,49,0,"JAM",NA,NA
"Dengue",2019,50,0,"JAM",NA,NA
"Dengue",2019,51,1,"JAM",NA,NA
"Dengue",2019,52,0,"JAM",NA,NA
"Dengue",2020,1,0,"JAM",NA,NA
"Dengue",2020,2,0,"JAM",NA,NA
"Dengue",2020,3,2,"JAM",NA,NA
"Dengue",2020,4,3,"JAM",NA,NA
"Dengue",2020,5,1,"JAM",NA,NA
"Dengue",2020,6,0,"JAM",NA,NA
"Dengue",2020,7,0,"JAM",NA,NA
"Influenza",2015,17,0,"JAM",NA,NA
"Influenza",2015,17,0,"JAM",NA,NA
"Influenza",2015,22,0,"JAM",NA,NA
"Influenza",2015,22,0,"JAM",NA,NA
"Influenza",2015,23,0,"JAM",NA,NA
"Influenza",2015,23,0,"JAM",NA,NA
"Influenza",2015,24,0,"JAM",NA,NA
"Influenza",2015,24,0,"JAM",NA,NA
"Influenza",2015,25,0,"JAM",NA,NA
"Influenza",2015,25,0,"JAM",NA,NA
"Influenza",2015,26,0,"JAM",NA,NA
"Influenza",2015,26,0,"JAM",NA,NA
"Influenza",2015,27,0,"JAM",NA,NA
"Influenza",2015,27,0,"JAM",NA,NA
"Influenza",2015,28,0,"JAM",NA,NA
"Influenza",2015,28,0,"JAM",NA,NA
"Influenza",2015,29,0,"JAM",NA,NA
"Influenza",2015,29,0,"JAM",NA,NA
"Influenza",2015,30,0,"JAM",NA,NA
"Influenza",2015,30,0,"JAM",NA,NA
"Influenza",2015,31,0,"JAM",NA,NA
"Influenza",2015,31,0,"JAM",NA,NA
"Influenza",2015,32,0,"JAM",NA,NA
"Influenza",2015,32,0,"JAM",NA,NA
"Influenza",2015,33,0,"JAM",NA,NA
"Influenza",2015,33,0,"JAM",NA,NA
"Influenza",2015,34,0,"JAM",NA,NA
"Influenza",2015,34,0,"JAM",NA,NA
"Influenza",2015,35,0,"JAM",NA,NA
"Influenza",2015,35,0,"JAM",NA,NA
"Influenza",2015,36,0,"JAM",NA,NA
"Influenza",2015,36,0,"JAM",NA,NA
"Influenza",2015,37,0,"JAM",NA,NA
"Influenza",2015,37,0,"JAM",NA,NA
"Influenza",2015,38,0,"JAM",NA,NA
"Influenza",2015,38,0,"JAM",NA,NA
"Influenza",2015,40,0,"JAM",NA,NA
"Influenza",2015,40,0,"JAM",NA,NA
"Influenza",2016,1,0,"JAM",NA,NA
"Influenza",2016,1,1,"JAM",NA,NA
"Influenza",2016,2,0,"JAM",NA,NA
"Influenza",2016,2,0,"JAM",NA,NA
"Influenza",2016,3,2,"JAM",NA,NA
"Influenza",2016,3,2,"JAM",NA,NA
"Influenza",2016,4,4,"JAM",NA,NA
"Influenza",2016,4,4,"JAM",NA,NA
"Influenza",2016,5,4,"JAM",NA,NA
"Influenza",2016,5,4,"JAM",NA,NA
"Influenza",2016,6,4,"JAM",NA,NA
"Influenza",2016,6,4,"JAM",NA,NA
"Influenza",2016,7,11,"JAM",NA,NA
"Influenza",2016,7,11,"JAM",NA,NA
"Influenza",2016,8,10,"JAM",NA,NA
"Influenza",2016,8,10,"JAM",NA,NA
"Influenza",2016,9,12,"JAM",NA,NA
"Influenza",2016,9,12,"JAM",NA,NA
"Influenza",2016,10,8,"JAM",NA,NA
"Influenza",2016,10,11,"JAM",NA,NA
"Influenza",2016,11,8,"JAM",NA,NA
"Influenza",2016,11,11,"JAM",NA,NA
"Influenza",2016,12,0,"JAM",NA,NA
"Influenza",2016,12,0,"JAM",NA,NA
"Influenza",2016,13,0,"JAM",NA,NA
"Influenza",2016,13,0,"JAM",NA,NA
"Influenza",2016,14,0,"JAM",NA,NA
"Influenza",2016,14,0,"JAM",NA,NA
"Influenza",2016,15,1,"JAM",NA,NA
"Influenza",2016,15,1,"JAM",NA,NA
"Influenza",2016,16,1,"JAM",NA,NA
"Influenza",2016,16,1,"JAM",NA,NA
"Influenza",2016,17,0,"JAM",NA,NA
"Influenza",2016,17,0,"JAM",NA,NA
"Influenza",2016,18,0,"JAM",NA,NA
"Influenza",2016,18,0,"JAM",NA,NA
"Influenza",2016,19,0,"JAM",NA,NA
"Influenza",2016,19,0,"JAM",NA,NA
"Influenza",2016,20,0,"JAM",NA,NA
"Influenza",2016,20,0,"JAM",NA,NA
"Influenza",2016,21,0,"JAM",NA,NA
"Influenza",2016,21,0,"JAM",NA,NA
"Influenza",2016,22,0,"JAM",NA,NA
"Influenza",2016,22,0,"JAM",NA,NA
"Influenza",2016,23,0,"JAM",NA,NA
"Influenza",2016,23,0,"JAM",NA,NA
"Influenza",2016,24,0,"JAM",NA,NA
"Influenza",2016,24,0,"JAM",NA,NA
"Influenza",2016,25,0,"JAM",NA,NA
"Influenza",2016,25,0,"JAM",NA,NA
"Influenza",2016,26,0,"JAM",NA,NA
"Influenza",2016,26,0,"JAM",NA,NA
"Influenza",2016,30,0,"JAM",NA,NA
"Influenza",2016,30,0,"JAM",NA,NA
"Influenza",2016,31,0,"JAM",NA,NA
"Influenza",2016,31,0,"JAM",NA,NA
"Influenza",2016,32,0,"JAM",NA,NA
"Influenza",2016,32,0,"JAM",NA,NA
"Influenza",2016,33,0,"JAM",NA,NA
"Influenza",2016,33,0,"JAM",NA,NA
"Influenza",2016,34,0,"JAM",NA,NA
"Influenza",2016,34,0,"JAM",NA,NA
"Influenza",2016,35,0,"JAM",NA,NA
"Influenza",2016,35,0,"JAM",NA,NA
"Influenza",2016,36,0,"JAM",NA,NA
"Influenza",2016,36,0,"JAM",NA,NA
"Influenza",2016,37,0,"JAM",NA,NA
"Influenza",2016,37,0,"JAM",NA,NA
"Influenza",2016,38,0,"JAM",NA,NA
"Influenza",2016,38,0,"JAM",NA,NA
"Influenza",2016,39,0,"JAM",NA,NA
"Influenza",2016,39,1,"JAM",NA,NA
"Influenza",2016,41,0,"JAM",NA,NA
"Influenza",2016,41,1,"JAM",NA,NA
"Influenza",2016,42,0,"JAM",NA,NA
"Influenza",2016,42,1,"JAM",NA,NA
"Influenza",2016,43,0,"JAM",NA,NA
"Influenza",2016,43,1,"JAM",NA,NA
"Influenza",2016,44,0,"JAM",NA,NA
"Influenza",2016,44,1,"JAM",NA,NA
"Influenza",2016,45,0,"JAM",NA,NA
"Influenza",2016,45,1,"JAM",NA,NA
"Influenza",2016,46,0,"JAM",NA,NA
"Influenza",2016,46,0,"JAM",NA,NA
"Influenza",2016,47,0,"JAM",NA,NA
"Influenza",2016,47,0,"JAM",NA,NA
"Influenza",2016,48,0,"JAM",NA,NA
"Influenza",2016,48,0,"JAM",NA,NA
"Influenza",2016,49,0,"JAM",NA,NA
"Influenza",2016,49,0,"JAM",NA,NA
"Influenza",2016,50,0,"JAM",NA,NA
"Influenza",2016,50,0,"JAM",NA,NA
"Influenza",2016,51,0,"JAM",NA,NA
"Influenza",2016,51,0,"JAM",NA,NA
"Influenza",2016,52,0,"JAM",NA,NA
"Influenza",2016,52,0,"JAM",NA,NA
"Influenza",2017,1,0,"JAM",NA,NA
"Influenza",2017,1,0,"JAM",NA,NA
"Influenza",2017,2,0,"JAM",NA,NA
"Influenza",2017,2,0,"JAM",NA,NA
"Influenza",2017,3,0,"JAM",NA,NA
"Influenza",2017,3,0,"JAM",NA,NA
"Influenza",2017,4,0,"JAM",NA,NA
"Influenza",2017,4,0,"JAM",NA,NA
"Influenza",2017,5,0,"JAM",NA,NA
"Influenza",2017,5,0,"JAM",NA,NA
"Influenza",2017,6,0,"JAM",NA,NA
"Influenza",2017,6,0,"JAM",NA,NA
"Influenza",2017,7,0,"JAM",NA,NA
"Influenza",2017,7,0,"JAM",NA,NA
"Influenza",2017,8,0,"JAM",NA,NA
"Influenza",2017,8,0,"JAM",NA,NA
"Influenza",2017,9,0,"JAM",NA,NA
"Influenza",2017,9,0,"JAM",NA,NA
"Influenza",2017,10,0,"JAM",NA,NA
"Influenza",2017,10,0,"JAM",NA,NA
"Influenza",2017,11,0,"JAM",NA,NA
"Influenza",2017,11,0,"JAM",NA,NA
"Influenza",2017,12,0,"JAM",NA,NA
"Influenza",2017,12,0,"JAM",NA,NA
"Influenza",2017,13,0,"JAM",NA,NA
"Influenza",2017,13,0,"JAM",NA,NA
"Influenza",2017,14,0,"JAM",NA,NA
"Influenza",2017,14,0,"JAM",NA,NA
"Influenza",2017,15,0,"JAM",NA,NA
"Influenza",2017,15,0,"JAM",NA,NA
"Influenza",2017,16,0,"JAM",NA,NA
"Influenza",2017,16,0,"JAM",NA,NA
"Influenza",2017,17,0,"JAM",NA,NA
"Influenza",2017,17,0,"JAM",NA,NA
"Influenza",2017,18,0,"JAM",NA,NA
"Influenza",2017,18,0,"JAM",NA,NA
"Influenza",2017,19,0,"JAM",NA,NA
"Influenza",2017,19,0,"JAM",NA,NA
"Influenza",2017,20,0,"JAM",NA,NA
"Influenza",2017,20,0,"JAM",NA,NA
"Influenza",2017,21,0,"JAM",NA,NA
"Influenza",2017,21,0,"JAM",NA,NA
"Influenza",2017,22,0,"JAM",NA,NA
"Influenza",2017,22,0,"JAM",NA,NA
"Influenza",2017,23,0,"JAM",NA,NA
"Influenza",2017,23,0,"JAM",NA,NA
"Influenza",2017,24,0,"JAM",NA,NA
"Influenza",2017,24,0,"JAM",NA,NA
"Influenza",2017,25,0,"JAM",NA,NA
"Influenza",2017,25,0,"JAM",NA,NA
"Influenza",2017,26,0,"JAM",NA,NA
"Influenza",2017,26,0,"JAM",NA,NA
"Influenza",2017,27,0,"JAM",NA,NA
"Influenza",2017,27,0,"JAM",NA,NA
"Influenza",2017,28,0,"JAM",NA,NA
"Influenza",2017,28,0,"JAM",NA,NA
"Influenza",2017,29,0,"JAM",NA,NA
"Influenza",2017,29,0,"JAM",NA,NA
"Influenza",2017,30,0,"JAM",NA,NA
"Influenza",2017,30,0,"JAM",NA,NA
"Influenza",2017,31,0,"JAM",NA,NA
"Influenza",2017,31,0,"JAM",NA,NA
"Influenza",2017,32,0,"JAM",NA,NA
"Influenza",2017,32,0,"JAM",NA,NA
"Influenza",2017,33,0,"JAM",NA,NA
"Influenza",2017,33,0,"JAM",NA,NA
"Influenza",2017,42,0,"JAM",NA,NA
"Influenza",2017,42,0,"JAM",NA,NA
"Influenza",2017,45,0,"JAM",NA,NA
"Influenza",2017,45,0,"JAM",NA,NA
"Influenza",2018,17,0,"JAM",NA,NA
"Influenza",2018,17,0,"JAM",NA,NA
"Influenza",2018,18,0,"JAM",NA,NA
"Influenza",2018,18,0,"JAM",NA,NA
"Influenza",2018,32,0,"JAM",NA,NA
"Influenza",2018,32,0,"JAM",NA,NA
"Influenza",2018,35,0,"JAM",NA,NA
"Influenza",2018,35,0,"JAM",NA,NA
"Influenza",2018,36,0,"JAM",NA,NA
"Influenza",2018,36,0,"JAM",NA,NA
"Influenza",2018,37,0,"JAM",NA,NA
"Influenza",2018,37,0,"JAM",NA,NA
"Influenza",2018,38,0,"JAM",NA,NA
"Influenza",2018,38,0,"JAM",NA,NA
"Influenza",2018,39,0,"JAM",NA,NA
"Influenza",2018,39,0,"JAM",NA,NA
"Influenza",2018,40,0,"JAM",NA,NA
"Influenza",2018,40,0,"JAM",NA,NA
"Influenza",2018,42,0,"JAM",NA,NA
"Influenza",2018,42,0,"JAM",NA,NA
"Influenza",2018,44,0,"JAM",NA,NA
"Influenza",2018,44,0,"JAM",NA,NA
"Influenza",2018,45,0,"JAM",NA,NA
"Influenza",2018,45,0,"JAM",NA,NA
"Influenza",2018,46,0,"JAM",NA,NA
"Influenza",2018,46,0,"JAM",NA,NA
"Influenza",2018,47,0,"JAM",NA,NA
"Influenza",2018,47,0,"JAM",NA,NA
"Influenza",2018,48,0,"JAM",NA,NA
"Influenza",2018,48,0,"JAM",NA,NA
"Influenza",2018,49,0,"JAM",NA,NA
"Influenza",2018,49,0,"JAM",NA,NA
"Influenza",2018,50,0,"JAM",NA,NA
"Influenza",2018,50,0,"JAM",NA,NA
"Influenza",2018,51,0,"JAM",NA,NA
"Influenza",2018,51,0,"JAM",NA,NA
"Influenza",2018,52,0,"JAM",NA,NA
"Influenza",2018,52,0,"JAM",NA,NA
"Influenza",2019,1,0,"JAM",NA,NA
"Influenza",2019,1,2,"JAM",NA,NA
"Influenza",2019,2,0,"JAM",NA,NA
"Influenza",2019,2,2,"JAM",NA,NA
"Influenza",2019,3,0,"JAM",NA,NA
"Influenza",2019,3,1,"JAM",NA,NA
"Influenza",2019,4,0,"JAM",NA,NA
"Influenza",2019,4,0,"JAM",NA,NA
"Influenza",2019,5,1,"JAM",NA,NA
"Influenza",2019,5,2,"JAM",NA,NA
"Influenza",2019,6,0,"JAM",NA,NA
"Influenza",2019,6,1,"JAM",NA,NA
"Influenza",2019,7,0,"JAM",NA,NA
"Influenza",2019,7,0,"JAM",NA,NA
"Influenza",2019,8,0,"JAM",NA,NA
"Influenza",2019,8,0,"JAM",NA,NA
"Influenza",2019,9,0,"JAM",NA,NA
"Influenza",2019,9,0,"JAM",NA,NA
"Influenza",2019,10,0,"JAM",NA,NA
"Influenza",2019,10,0,"JAM",NA,NA
"Influenza",2019,11,0,"JAM",NA,NA
"Influenza",2019,11,0,"JAM",NA,NA
"Influenza",2019,12,0,"JAM",NA,NA
"Influenza",2019,12,1,"JAM",NA,NA
"Influenza",2019,13,0,"JAM",NA,NA
"Influenza",2019,13,1,"JAM",NA,NA
"Influenza",2019,14,1,"JAM",NA,NA
"Influenza",2019,14,1,"JAM",NA,NA
"Influenza",2019,15,0,"JAM",NA,NA
"Influenza",2019,15,0,"JAM",NA,NA
"Influenza",2019,16,1,"JAM",NA,NA
"Influenza",2019,16,2,"JAM",NA,NA
"Influenza",2019,17,0,"JAM",NA,NA
"Influenza",2019,17,4,"JAM",NA,NA
"Influenza",2019,18,0,"JAM",NA,NA
"Influenza",2019,18,0,"JAM",NA,NA
"Influenza",2019,19,0,"JAM",NA,NA
"Influenza",2019,19,0,"JAM",NA,NA
"Influenza",2019,20,0,"JAM",NA,NA
"Influenza",2019,20,0,"JAM",NA,NA
"Influenza",2019,21,0,"JAM",NA,NA
"Influenza",2019,21,0,"JAM",NA,NA
"Influenza",2019,22,0,"JAM",NA,NA
"Influenza",2019,22,0,"JAM",NA,NA
"Influenza",2019,23,0,"JAM",NA,NA
"Influenza",2019,23,0,"JAM",NA,NA
"Influenza",2019,24,0,"JAM",NA,NA
"Influenza",2019,24,0,"JAM",NA,NA
"Influenza",2019,25,0,"JAM",NA,NA
"Influenza",2019,25,0,"JAM",NA,NA
"Influenza",2019,26,0,"JAM",NA,NA
"Influenza",2019,26,0,"JAM",NA,NA
"Influenza",2019,28,0,"JAM",NA,NA
"Influenza",2019,28,0,"JAM",NA,NA
"Influenza",2019,29,0,"JAM",NA,NA
"Influenza",2019,29,0,"JAM",NA,NA
"Influenza",2019,30,0,"JAM",NA,NA
"Influenza",2019,30,0,"JAM",NA,NA
"Influenza",2019,31,0,"JAM",NA,NA
"Influenza",2019,31,0,"JAM",NA,NA
"Influenza",2019,32,0,"JAM",NA,NA
"Influenza",2019,32,0,"JAM",NA,NA
"Influenza",2019,33,0,"JAM",NA,NA
"Influenza",2019,33,1,"JAM",NA,NA
"Influenza",2019,34,0,"JAM",NA,NA
"Influenza",2019,34,1,"JAM",NA,NA
"Influenza",2019,35,0,"JAM",NA,NA
"Influenza",2019,35,0,"JAM",NA,NA
"Influenza",2019,36,0,"JAM",NA,NA
"Influenza",2019,36,0,"JAM",NA,NA
"Influenza",2019,37,0,"JAM",NA,NA
"Influenza",2019,37,0,"JAM",NA,NA
"Influenza",2019,38,0,"JAM",NA,NA
"Influenza",2019,38,0,"JAM",NA,NA
"Influenza",2019,39,0,"JAM",NA,NA
"Influenza",2019,39,0,"JAM",NA,NA
"Influenza",2019,40,0,"JAM",NA,NA
"Influenza",2019,40,3,"JAM",NA,NA
"Influenza",2019,41,0,"JAM",NA,NA
"Influenza",2019,41,15,"JAM",NA,NA
"Influenza",2019,42,0,"JAM",NA,NA
"Influenza",2019,42,3,"JAM",NA,NA
"Influenza",2019,43,0,"JAM",NA,NA
"Influenza",2019,43,8,"JAM",NA,NA
"Influenza",2019,44,0,"JAM",NA,NA
"Influenza",2019,44,6,"JAM",NA,NA
"Influenza",2019,45,0,"JAM",NA,NA
"Influenza",2019,45,4,"JAM",NA,NA
"Influenza",2019,46,0,"JAM",NA,NA
"Influenza",2019,46,5,"JAM",NA,NA
"Influenza",2019,47,0,"JAM",NA,NA
"Influenza",2019,47,10,"JAM",NA,NA
"Influenza",2019,48,0,"JAM",NA,NA
"Influenza",2019,48,5,"JAM",NA,NA
"Influenza",2019,49,0,"JAM",NA,NA
"Influenza",2019,49,0,"JAM",NA,NA
"Influenza",2019,50,0,"JAM",NA,NA
"Influenza",2019,50,0,"JAM",NA,NA
"Influenza",2019,51,0,"JAM",NA,NA
"Influenza",2019,51,0,"JAM",NA,NA
"Influenza",2019,52,0,"JAM",NA,NA
"Influenza",2019,52,0,"JAM",NA,NA
"Influenza",2020,1,0,"JAM",NA,NA
"Influenza",2020,1,0,"JAM",NA,NA
"Influenza",2020,2,0,"JAM",NA,NA
"Influenza",2020,2,0,"JAM",NA,NA
"Influenza",2020,3,0,"JAM",NA,NA
"Influenza",2020,3,0,"JAM",NA,NA
"Influenza",2020,4,0,"JAM",NA,NA
"Influenza",2020,4,0,"JAM",NA,NA
"Influenza",2020,5,0,"JAM",NA,NA
"Influenza",2020,5,0,"JAM",NA,NA
"Influenza",2020,6,0,"JAM",NA,NA
"Influenza",2020,6,0,"JAM",NA,NA
"Influenza",2020,7,0,"JAM",NA,NA
"Influenza",2020,7,1,"JAM",NA,NA
