"","Disease","EpiYear","EpiWeek","Incidence","ADM0","ADM1","ADM2","NA","NA"
"1","Hepatitis E",2012,31,0.0740740740740741,"JPN","AICHI",NA,NA,NA
"2","Hepatitis E",2012,32,0,"JPN","AICHI",NA,NA,NA
"3","Hepatitis E",2012,34,0,"JPN","AICHI",NA,NA,NA
"4","Hepatitis E",2012,35,0.037037037037037,"JPN","AICHI",NA,NA,NA
"5","Hepatitis E",2012,36,0.0740740740740741,"JPN","AICHI",NA,NA,NA
"6","Hepatitis E",2012,37,0.037037037037037,"JPN","AICHI",NA,NA,NA
"7","Hepatitis E",2012,38,0,"JPN","AICHI",NA,NA,NA
"8","Hepatitis E",2012,39,0,"JPN","AICHI",NA,NA,NA
"9","Hepatitis E",2012,40,0.037037037037037,"JPN","AICHI",NA,NA,NA
"10","Hepatitis E",2012,41,0.037037037037037,"JPN","AICHI",NA,NA,NA
"11","Hepatitis E",2012,42,0,"JPN","AICHI",NA,NA,NA
"12","Hepatitis E",2012,43,0.037037037037037,"JPN","AICHI",NA,NA,NA
"13","Hepatitis E",2012,44,0,"JPN","AICHI",NA,NA,NA
"14","Hepatitis E",2012,45,0.0740740740740741,"JPN","AICHI",NA,NA,NA
"15","Hepatitis E",2012,46,0,"JPN","AICHI",NA,NA,NA
"16","Hepatitis E",2012,47,0.111111111111111,"JPN","AICHI",NA,NA,NA
"17","Hepatitis E",2012,48,0.0740740740740741,"JPN","AICHI",NA,NA,NA
"18","Hepatitis E",2012,49,0.0740740740740741,"JPN","AICHI",NA,NA,NA
"19","Hepatitis E",2012,50,0.037037037037037,"JPN","AICHI",NA,NA,NA
"20","Hepatitis E",2012,51,0.037037037037037,"JPN","AICHI",NA,NA,NA
"21","Hepatitis E",2012,52,0,"JPN","AICHI",NA,NA,NA
"22","Hepatitis E",2013,1,0.037037037037037,"JPN","AICHI",NA,NA,NA
"23","Hepatitis E",2013,2,0.0740740740740741,"JPN","AICHI",NA,NA,NA
"24","Hepatitis E",2013,3,0,"JPN","AICHI",NA,NA,NA
"25","Hepatitis E",2013,4,0,"JPN","AICHI",NA,NA,NA
"26","Hepatitis E",2013,5,0.037037037037037,"JPN","AICHI",NA,NA,NA
"27","Hepatitis E",2013,6,0.0740740740740741,"JPN","AICHI",NA,NA,NA
"28","Hepatitis E",2013,7,0.037037037037037,"JPN","AICHI",NA,NA,NA
"29","Hepatitis E",2013,8,0.0740740740740741,"JPN","AICHI",NA,NA,NA
"30","Hepatitis E",2013,9,0.111111111111111,"JPN","AICHI",NA,NA,NA
"31","Hepatitis E",2013,10,0.037037037037037,"JPN","AICHI",NA,NA,NA
"32","Hepatitis E",2013,11,0.222222222222222,"JPN","AICHI",NA,NA,NA
"33","Hepatitis E",2013,12,0.148148148148148,"JPN","AICHI",NA,NA,NA
"34","Hepatitis E",2013,13,0.037037037037037,"JPN","AICHI",NA,NA,NA
"35","Hepatitis E",2013,14,0.037037037037037,"JPN","AICHI",NA,NA,NA
"36","Hepatitis E",2013,15,0.037037037037037,"JPN","AICHI",NA,NA,NA
"37","Hepatitis E",2013,16,0.185185185185185,"JPN","AICHI",NA,NA,NA
"38","Hepatitis E",2013,17,0,"JPN","AICHI",NA,NA,NA
"39","Hepatitis E",2013,18,0,"JPN","AICHI",NA,NA,NA
"40","Hepatitis E",2013,19,0,"JPN","AICHI",NA,NA,NA
"41","Hepatitis E",2013,20,0.037037037037037,"JPN","AICHI",NA,NA,NA
"42","Hepatitis E",2013,21,0.0740740740740741,"JPN","AICHI",NA,NA,NA
"43","Hepatitis E",2013,22,0.037037037037037,"JPN","AICHI",NA,NA,NA
"44","Hepatitis E",2013,23,0.0740740740740741,"JPN","AICHI",NA,NA,NA
"45","Hepatitis E",2013,24,0.111111111111111,"JPN","AICHI",NA,NA,NA
"46","Hepatitis E",2013,25,0.148148148148148,"JPN","AICHI",NA,NA,NA
"47","Hepatitis E",2013,26,0,"JPN","AICHI",NA,NA,NA
"48","Hepatitis E",2013,27,0.037037037037037,"JPN","AICHI",NA,NA,NA
"49","Hepatitis E",2013,28,0.037037037037037,"JPN","AICHI",NA,NA,NA
"50","Hepatitis E",2013,29,0.0740740740740741,"JPN","AICHI",NA,NA,NA
"51","Hepatitis E",2013,30,0,"JPN","AICHI",NA,NA,NA
"52","Hepatitis E",2013,31,0,"JPN","AICHI",NA,NA,NA
"53","Hepatitis E",2013,32,0.037037037037037,"JPN","AICHI",NA,NA,NA
"54","Hepatitis E",2013,33,0.037037037037037,"JPN","AICHI",NA,NA,NA
"55","Hepatitis E",2013,34,0,"JPN","AICHI",NA,NA,NA
"56","Hepatitis E",2013,35,0.037037037037037,"JPN","AICHI",NA,NA,NA
"57","Hepatitis E",2013,36,0,"JPN","AICHI",NA,NA,NA
"58","Hepatitis E",2013,37,0.037037037037037,"JPN","AICHI",NA,NA,NA
"59","Hepatitis E",2013,38,0.0740740740740741,"JPN","AICHI",NA,NA,NA
"60","Hepatitis E",2013,39,0.037037037037037,"JPN","AICHI",NA,NA,NA
"61","Hepatitis E",2013,40,0.0740740740740741,"JPN","AICHI",NA,NA,NA
"62","Hepatitis E",2013,41,0.037037037037037,"JPN","AICHI",NA,NA,NA
"63","Hepatitis E",2013,42,0.111111111111111,"JPN","AICHI",NA,NA,NA
"64","Hepatitis E",2013,43,0.037037037037037,"JPN","AICHI",NA,NA,NA
"65","Hepatitis E",2013,44,0.0740740740740741,"JPN","AICHI",NA,NA,NA
"66","Hepatitis E",2013,45,0.037037037037037,"JPN","AICHI",NA,NA,NA
"67","Hepatitis E",2013,46,0.037037037037037,"JPN","AICHI",NA,NA,NA
"68","Hepatitis E",2013,47,0.111111111111111,"JPN","AICHI",NA,NA,NA
"69","Hepatitis E",2013,48,0.037037037037037,"JPN","AICHI",NA,NA,NA
"70","Hepatitis E",2013,49,0,"JPN","AICHI",NA,NA,NA
"71","Hepatitis E",2013,50,0.037037037037037,"JPN","AICHI",NA,NA,NA
"72","Hepatitis E",2013,51,0.148148148148148,"JPN","AICHI",NA,NA,NA
"73","Hepatitis E",2013,52,0.148148148148148,"JPN","AICHI",NA,NA,NA
"74","Hepatitis E",2014,1,0,"JPN","AICHI",NA,NA,NA
"75","Hepatitis E",2014,2,0.037037037037037,"JPN","AICHI",NA,NA,NA
"76","Hepatitis E",2014,3,0,"JPN","AICHI",NA,NA,NA
"77","Hepatitis E",2014,4,0.148148148148148,"JPN","AICHI",NA,NA,NA
"78","Hepatitis E",2014,5,0,"JPN","AICHI",NA,NA,NA
"79","Hepatitis E",2014,6,0.037037037037037,"JPN","AICHI",NA,NA,NA
"80","Hepatitis E",2014,7,0.111111111111111,"JPN","AICHI",NA,NA,NA
"81","Hepatitis E",2014,8,0.0740740740740741,"JPN","AICHI",NA,NA,NA
"82","Hepatitis E",2014,9,0.0740740740740741,"JPN","AICHI",NA,NA,NA
"83","Hepatitis E",2014,10,0.111111111111111,"JPN","AICHI",NA,NA,NA
"84","Hepatitis E",2014,11,0,"JPN","AICHI",NA,NA,NA
"85","Hepatitis E",2014,12,0,"JPN","AICHI",NA,NA,NA
"86","Hepatitis E",2014,13,0.185185185185185,"JPN","AICHI",NA,NA,NA
"87","Hepatitis E",2014,14,0.037037037037037,"JPN","AICHI",NA,NA,NA
"88","Hepatitis E",2014,15,0.0740740740740741,"JPN","AICHI",NA,NA,NA
"89","Hepatitis E",2014,16,0.0740740740740741,"JPN","AICHI",NA,NA,NA
"90","Hepatitis E",2014,17,0.0740740740740741,"JPN","AICHI",NA,NA,NA
"91","Hepatitis E",2014,18,0.037037037037037,"JPN","AICHI",NA,NA,NA
"92","Hepatitis E",2014,19,0.0740740740740741,"JPN","AICHI",NA,NA,NA
"93","Hepatitis E",2014,20,0.0740740740740741,"JPN","AICHI",NA,NA,NA
"94","Hepatitis E",2014,21,0.111111111111111,"JPN","AICHI",NA,NA,NA
"95","Hepatitis E",2014,22,0.037037037037037,"JPN","AICHI",NA,NA,NA
"96","Hepatitis E",2014,23,0.0740740740740741,"JPN","AICHI",NA,NA,NA
"97","Hepatitis E",2014,24,0.037037037037037,"JPN","AICHI",NA,NA,NA
"98","Hepatitis E",2014,25,0.037037037037037,"JPN","AICHI",NA,NA,NA
"99","Hepatitis E",2014,26,0,"JPN","AICHI",NA,NA,NA
"100","Hepatitis E",2014,27,0.037037037037037,"JPN","AICHI",NA,NA,NA
"101","Hepatitis E",2014,28,0.037037037037037,"JPN","AICHI",NA,NA,NA
"102","Hepatitis E",2014,29,0.222222222222222,"JPN","AICHI",NA,NA,NA
"103","Hepatitis E",2014,30,0.037037037037037,"JPN","AICHI",NA,NA,NA
"104","Hepatitis E",2014,31,0.111111111111111,"JPN","AICHI",NA,NA,NA
"105","Hepatitis E",2014,32,0.0740740740740741,"JPN","AICHI",NA,NA,NA
"106","Hepatitis E",2014,33,0.037037037037037,"JPN","AICHI",NA,NA,NA
"107","Hepatitis E",2014,34,0.0740740740740741,"JPN","AICHI",NA,NA,NA
"108","Hepatitis E",2014,35,0,"JPN","AICHI",NA,NA,NA
"109","Hepatitis E",2014,36,0.037037037037037,"JPN","AICHI",NA,NA,NA
"110","Hepatitis E",2014,37,0.037037037037037,"JPN","AICHI",NA,NA,NA
"111","Hepatitis E",2014,38,0,"JPN","AICHI",NA,NA,NA
"112","Hepatitis E",2014,39,0.037037037037037,"JPN","AICHI",NA,NA,NA
"113","Hepatitis E",2014,40,0.037037037037037,"JPN","AICHI",NA,NA,NA
"114","Hepatitis E",2014,41,0.037037037037037,"JPN","AICHI",NA,NA,NA
"115","Hepatitis E",2014,42,0,"JPN","AICHI",NA,NA,NA
"116","Hepatitis E",2014,43,0.111111111111111,"JPN","AICHI",NA,NA,NA
"117","Hepatitis E",2014,44,0,"JPN","AICHI",NA,NA,NA
"118","Hepatitis E",2014,45,0,"JPN","AICHI",NA,NA,NA
"119","Hepatitis E",2014,46,0,"JPN","AICHI",NA,NA,NA
"120","Hepatitis E",2014,47,0,"JPN","AICHI",NA,NA,NA
"121","Hepatitis E",2014,48,0,"JPN","AICHI",NA,NA,NA
"122","Hepatitis E",2014,49,0.111111111111111,"JPN","AICHI",NA,NA,NA
"123","Hepatitis E",2014,50,0.111111111111111,"JPN","AICHI",NA,NA,NA
"124","Hepatitis E",2014,51,0.185185185185185,"JPN","AICHI",NA,NA,NA
"125","Hepatitis E",2014,52,0.222222222222222,"JPN","AICHI",NA,NA,NA
"126","Hepatitis E",2015,1,0,"JPN","AICHI",NA,NA,NA
"127","Hepatitis E",2015,2,0,"JPN","AICHI",NA,NA,NA
"128","Hepatitis E",2015,3,0.037037037037037,"JPN","AICHI",NA,NA,NA
"129","Hepatitis E",2015,4,0,"JPN","AICHI",NA,NA,NA
"130","Hepatitis E",2015,5,0.185185185185185,"JPN","AICHI",NA,NA,NA
"131","Hepatitis E",2015,6,0.0740740740740741,"JPN","AICHI",NA,NA,NA
"132","Hepatitis E",2015,7,0.037037037037037,"JPN","AICHI",NA,NA,NA
"133","Hepatitis E",2015,8,0.037037037037037,"JPN","AICHI",NA,NA,NA
"134","Hepatitis E",2015,9,0.111111111111111,"JPN","AICHI",NA,NA,NA
"135","Hepatitis E",2015,10,0.111111111111111,"JPN","AICHI",NA,NA,NA
"136","Hepatitis E",2015,11,0.148148148148148,"JPN","AICHI",NA,NA,NA
"137","Hepatitis E",2015,12,0.0740740740740741,"JPN","AICHI",NA,NA,NA
"138","Hepatitis E",2015,13,0.111111111111111,"JPN","AICHI",NA,NA,NA
"139","Hepatitis E",2015,14,0.111111111111111,"JPN","AICHI",NA,NA,NA
"140","Hepatitis E",2015,15,0.0740740740740741,"JPN","AICHI",NA,NA,NA
"141","Hepatitis E",2015,16,0.148148148148148,"JPN","AICHI",NA,NA,NA
"142","Hepatitis E",2015,17,0.111111111111111,"JPN","AICHI",NA,NA,NA
"143","Hepatitis E",2015,18,0.148148148148148,"JPN","AICHI",NA,NA,NA
"144","Hepatitis E",2015,19,0.037037037037037,"JPN","AICHI",NA,NA,NA
"145","Hepatitis E",2015,20,0.037037037037037,"JPN","AICHI",NA,NA,NA
"146","Hepatitis E",2015,21,0.037037037037037,"JPN","AICHI",NA,NA,NA
"147","Hepatitis E",2015,22,0.037037037037037,"JPN","AICHI",NA,NA,NA
"148","Hepatitis E",2015,23,0.037037037037037,"JPN","AICHI",NA,NA,NA
"149","Hepatitis E",2015,24,0,"JPN","AICHI",NA,NA,NA
"150","Hepatitis E",2015,25,0.148148148148148,"JPN","AICHI",NA,NA,NA
"151","Hepatitis E",2015,26,0.037037037037037,"JPN","AICHI",NA,NA,NA
"152","Hepatitis E",2015,27,0.111111111111111,"JPN","AICHI",NA,NA,NA
"153","Hepatitis E",2015,28,0.148148148148148,"JPN","AICHI",NA,NA,NA
"154","Hepatitis E",2015,29,0.037037037037037,"JPN","AICHI",NA,NA,NA
"155","Hepatitis E",2015,30,0.148148148148148,"JPN","AICHI",NA,NA,NA
"156","Hepatitis E",2015,31,0.0740740740740741,"JPN","AICHI",NA,NA,NA
"157","Hepatitis E",2015,32,0.037037037037037,"JPN","AICHI",NA,NA,NA
"158","Hepatitis E",2015,33,0.0740740740740741,"JPN","AICHI",NA,NA,NA
"159","Hepatitis E",2015,34,0.0740740740740741,"JPN","AICHI",NA,NA,NA
"160","Hepatitis E",2015,35,0,"JPN","AICHI",NA,NA,NA
"161","Hepatitis E",2015,36,0.111111111111111,"JPN","AICHI",NA,NA,NA
"162","Hepatitis E",2015,37,0.0740740740740741,"JPN","AICHI",NA,NA,NA
"163","Hepatitis E",2015,38,0.111111111111111,"JPN","AICHI",NA,NA,NA
"164","Hepatitis E",2015,39,0.037037037037037,"JPN","AICHI",NA,NA,NA
"165","Hepatitis E",2015,40,0.037037037037037,"JPN","AICHI",NA,NA,NA
"166","Hepatitis E",2015,41,0.0740740740740741,"JPN","AICHI",NA,NA,NA
"167","Hepatitis E",2015,42,0.037037037037037,"JPN","AICHI",NA,NA,NA
"168","Hepatitis E",2015,43,0.148148148148148,"JPN","AICHI",NA,NA,NA
"169","Hepatitis E",2015,44,0.037037037037037,"JPN","AICHI",NA,NA,NA
"170","Hepatitis E",2015,45,0.185185185185185,"JPN","AICHI",NA,NA,NA
"171","Hepatitis E",2015,46,0.111111111111111,"JPN","AICHI",NA,NA,NA
"172","Hepatitis E",2015,47,0.185185185185185,"JPN","AICHI",NA,NA,NA
"173","Hepatitis E",2015,48,0.0740740740740741,"JPN","AICHI",NA,NA,NA
"174","Hepatitis E",2015,49,0.0740740740740741,"JPN","AICHI",NA,NA,NA
"175","Hepatitis E",2015,50,0.111111111111111,"JPN","AICHI",NA,NA,NA
"176","Hepatitis E",2015,51,0.37037037037037,"JPN","AICHI",NA,NA,NA
"177","Hepatitis E",2015,52,0.37037037037037,"JPN","AICHI",NA,NA,NA
"178","Hepatitis E",2015,53,0.037037037037037,"JPN","AICHI",NA,NA,NA
"179","Hepatitis E",2016,1,0.333333333333333,"JPN","AICHI",NA,NA,NA
"180","Hepatitis E",2016,2,0.148148148148148,"JPN","AICHI",NA,NA,NA
"181","Hepatitis E",2016,3,0.148148148148148,"JPN","AICHI",NA,NA,NA
"182","Hepatitis E",2016,4,0.148148148148148,"JPN","AICHI",NA,NA,NA
"183","Hepatitis E",2016,5,0.259259259259259,"JPN","AICHI",NA,NA,NA
"184","Hepatitis E",2016,6,0.185185185185185,"JPN","AICHI",NA,NA,NA
"185","Hepatitis E",2016,7,0.333333333333333,"JPN","AICHI",NA,NA,NA
"186","Hepatitis E",2016,8,0.222222222222222,"JPN","AICHI",NA,NA,NA
"187","Hepatitis E",2016,9,0.333333333333333,"JPN","AICHI",NA,NA,NA
"188","Hepatitis E",2016,10,0.185185185185185,"JPN","AICHI",NA,NA,NA
"189","Hepatitis E",2016,11,0.0740740740740741,"JPN","AICHI",NA,NA,NA
"190","Hepatitis E",2016,12,0.111111111111111,"JPN","AKITA",NA,NA,NA
"191","Hepatitis E",2016,13,0.296296296296296,"JPN","AKITA",NA,NA,NA
"192","Hepatitis E",2016,14,0.296296296296296,"JPN","AKITA",NA,NA,NA
"193","Hepatitis E",2016,15,0.148148148148148,"JPN","AKITA",NA,NA,NA
"194","Hepatitis E",2016,16,0.296296296296296,"JPN","AKITA",NA,NA,NA
"195","Hepatitis E",2016,17,0.148148148148148,"JPN","AKITA",NA,NA,NA
"196","Hepatitis E",2016,18,0.148148148148148,"JPN","AKITA",NA,NA,NA
"197","Hepatitis E",2016,19,0.222222222222222,"JPN","AKITA",NA,NA,NA
"198","Hepatitis E",2016,20,0.296296296296296,"JPN","AKITA",NA,NA,NA
"199","Hepatitis E",2016,21,0.148148148148148,"JPN","AKITA",NA,NA,NA
"200","Hepatitis E",2016,22,0.148148148148148,"JPN","AKITA",NA,NA,NA
"201","Hepatitis E",2016,23,0.185185185185185,"JPN","AKITA",NA,NA,NA
"202","Hepatitis E",2016,24,0.111111111111111,"JPN","AKITA",NA,NA,NA
"203","Hepatitis E",2016,25,0.148148148148148,"JPN","AKITA",NA,NA,NA
"204","Hepatitis E",2016,26,0.111111111111111,"JPN","AKITA",NA,NA,NA
"205","Hepatitis E",2016,27,0.333333333333333,"JPN","AKITA",NA,NA,NA
"206","Hepatitis E",2016,28,0.185185185185185,"JPN","AKITA",NA,NA,NA
"207","Hepatitis E",2016,29,0.148148148148148,"JPN","AKITA",NA,NA,NA
"208","Hepatitis E",2016,30,0.0740740740740741,"JPN","AKITA",NA,NA,NA
"209","Hepatitis E",2016,31,0.148148148148148,"JPN","AKITA",NA,NA,NA
"210","Hepatitis E",2016,32,0.333333333333333,"JPN","AKITA",NA,NA,NA
"211","Hepatitis E",2016,33,0.185185185185185,"JPN","AKITA",NA,NA,NA
"212","Hepatitis E",2016,34,0.111111111111111,"JPN","AKITA",NA,NA,NA
"213","Hepatitis E",2016,35,0.0740740740740741,"JPN","AKITA",NA,NA,NA
"214","Hepatitis E",2016,36,0.259259259259259,"JPN","AKITA",NA,NA,NA
"215","Hepatitis E",2016,37,0.185185185185185,"JPN","AKITA",NA,NA,NA
"216","Hepatitis E",2016,38,0,"JPN","AKITA",NA,NA,NA
"217","Hepatitis E",2016,39,0.111111111111111,"JPN","AKITA",NA,NA,NA
"218","Hepatitis E",2016,40,0.148148148148148,"JPN","AKITA",NA,NA,NA
"219","Hepatitis E",2016,41,0.148148148148148,"JPN","AKITA",NA,NA,NA
"220","Hepatitis E",2016,42,0.222222222222222,"JPN","AKITA",NA,NA,NA
"221","Hepatitis E",2016,43,0.037037037037037,"JPN","AKITA",NA,NA,NA
"222","Hepatitis E",2016,44,0,"JPN","AKITA",NA,NA,NA
"223","Hepatitis E",2016,45,0.037037037037037,"JPN","AKITA",NA,NA,NA
"224","Hepatitis E",2016,46,0.037037037037037,"JPN","AKITA",NA,NA,NA
"225","Hepatitis E",2016,47,0.037037037037037,"JPN","AKITA",NA,NA,NA
"226","Hepatitis E",2016,48,0.185185185185185,"JPN","AKITA",NA,NA,NA
"227","Hepatitis E",2016,49,0.111111111111111,"JPN","AKITA",NA,NA,NA
"228","Hepatitis E",2016,50,0.111111111111111,"JPN","AKITA",NA,NA,NA
"229","Hepatitis E",2016,51,0.111111111111111,"JPN","AKITA",NA,NA,NA
"230","Hepatitis E",2016,52,0.185185185185185,"JPN","AKITA",NA,NA,NA
"231","Hepatitis E",2017,1,0.0740740740740741,"JPN","AKITA",NA,NA,NA
"232","Hepatitis E",2017,2,0.222222222222222,"JPN","AKITA",NA,NA,NA
"233","Hepatitis E",2017,3,0.037037037037037,"JPN","AKITA",NA,NA,NA
"234","Hepatitis E",2017,4,0.148148148148148,"JPN","AKITA",NA,NA,NA
"235","Hepatitis E",2017,5,0.148148148148148,"JPN","AKITA",NA,NA,NA
"236","Hepatitis E",2017,6,0.296296296296296,"JPN","AKITA",NA,NA,NA
"237","Hepatitis E",2017,7,0.185185185185185,"JPN","AKITA",NA,NA,NA
"238","Hepatitis E",2017,8,0.333333333333333,"JPN","AKITA",NA,NA,NA
"239","Hepatitis E",2017,9,0.333333333333333,"JPN","AKITA",NA,NA,NA
"240","Hepatitis E",2017,10,0.222222222222222,"JPN","AKITA",NA,NA,NA
"241","Hepatitis E",2017,11,0.259259259259259,"JPN","AKITA",NA,NA,NA
"242","Hepatitis E",2017,12,0.222222222222222,"JPN","AKITA",NA,NA,NA
"243","Hepatitis E",2017,13,0.148148148148148,"JPN","AKITA",NA,NA,NA
"244","Hepatitis E",2017,14,0.185185185185185,"JPN","AKITA",NA,NA,NA
"245","Hepatitis E",2017,15,0.259259259259259,"JPN","AKITA",NA,NA,NA
"246","Hepatitis E",2017,16,0.111111111111111,"JPN","AKITA",NA,NA,NA
"247","Hepatitis E",2017,17,0.222222222222222,"JPN","AKITA",NA,NA,NA
"248","Hepatitis E",2017,18,0.185185185185185,"JPN","AKITA",NA,NA,NA
"249","Hepatitis E",2017,19,0.407407407407407,"JPN","AKITA",NA,NA,NA
"250","Hepatitis E",2017,20,0.0740740740740741,"JPN","AKITA",NA,NA,NA
"251","Hepatitis E",2017,21,0.0740740740740741,"JPN","AKITA",NA,NA,NA
"252","Hepatitis E",2017,22,0.148148148148148,"JPN","AKITA",NA,NA,NA
"253","Hepatitis E",2017,23,0.0740740740740741,"JPN","AKITA",NA,NA,NA
"254","Hepatitis E",2017,24,0.148148148148148,"JPN","AKITA",NA,NA,NA
"255","Hepatitis E",2017,25,0.259259259259259,"JPN","AKITA",NA,NA,NA
"256","Hepatitis E",2017,26,0.111111111111111,"JPN","AKITA",NA,NA,NA
"257","Hepatitis E",2017,27,0.0740740740740741,"JPN","AKITA",NA,NA,NA
"258","Hepatitis E",2017,28,0.037037037037037,"JPN","AKITA",NA,NA,NA
"259","Hepatitis E",2017,29,0.0740740740740741,"JPN","AKITA",NA,NA,NA
"260","Hepatitis E",2017,30,0.185185185185185,"JPN","AKITA",NA,NA,NA
"261","Hepatitis E",2017,31,0.222222222222222,"JPN","AKITA",NA,NA,NA
"262","Hepatitis E",2017,32,0.185185185185185,"JPN","AKITA",NA,NA,NA
"263","Hepatitis E",2017,33,0.111111111111111,"JPN","AKITA",NA,NA,NA
"264","Hepatitis E",2017,34,0.222222222222222,"JPN","AKITA",NA,NA,NA
"265","Hepatitis E",2017,35,0.259259259259259,"JPN","AKITA",NA,NA,NA
"266","Hepatitis E",2017,36,0.222222222222222,"JPN","AKITA",NA,NA,NA
"267","Hepatitis E",2017,37,0.0740740740740741,"JPN","AKITA",NA,NA,NA
"268","Hepatitis E",2017,38,0.0740740740740741,"JPN","AKITA",NA,NA,NA
"269","Hepatitis E",2017,39,0.111111111111111,"JPN","AKITA",NA,NA,NA
"270","Hepatitis E",2017,40,0.111111111111111,"JPN","AKITA",NA,NA,NA
"271","Hepatitis E",2017,41,0.148148148148148,"JPN","AKITA",NA,NA,NA
"272","Hepatitis E",2017,42,0.148148148148148,"JPN","AKITA",NA,NA,NA
"273","Hepatitis E",2017,43,0.148148148148148,"JPN","AKITA",NA,NA,NA
"274","Hepatitis E",2017,44,0.0740740740740741,"JPN","AOMORI",NA,NA,NA
"275","Hepatitis E",2017,45,0.259259259259259,"JPN","AOMORI",NA,NA,NA
"276","Hepatitis E",2017,46,0.148148148148148,"JPN","AOMORI",NA,NA,NA
"277","Hepatitis E",2017,47,0.185185185185185,"JPN","AOMORI",NA,NA,NA
"278","Hepatitis E",2017,48,0.037037037037037,"JPN","AOMORI",NA,NA,NA
"279","Hepatitis E",2017,49,0.0740740740740741,"JPN","AOMORI",NA,NA,NA
"280","Hepatitis E",2017,50,0.148148148148148,"JPN","AOMORI",NA,NA,NA
"281","Hepatitis E",2017,51,0.111111111111111,"JPN","AOMORI",NA,NA,NA
"282","Hepatitis E",2017,52,0.0740740740740741,"JPN","AOMORI",NA,NA,NA
"283","Hepatitis E",2018,1,0,"JPN","AOMORI",NA,NA,NA
"284","Hepatitis E",2018,2,0.037037037037037,"JPN","AOMORI",NA,NA,NA
"285","Hepatitis E",2018,3,0.148148148148148,"JPN","AOMORI",NA,NA,NA
"286","Hepatitis E",2018,4,0.148148148148148,"JPN","AOMORI",NA,NA,NA
"287","Hepatitis E",2018,5,0.148148148148148,"JPN","AOMORI",NA,NA,NA
"288","Hepatitis E",2018,6,0.222222222222222,"JPN","AOMORI",NA,NA,NA
"289","Hepatitis E",2018,7,0.185185185185185,"JPN","AOMORI",NA,NA,NA
"290","Hepatitis E",2018,8,0.148148148148148,"JPN","AOMORI",NA,NA,NA
"291","Hepatitis E",2018,9,0.148148148148148,"JPN","AOMORI",NA,NA,NA
"292","Hepatitis E",2018,10,0.222222222222222,"JPN","AOMORI",NA,NA,NA
"293","Hepatitis E",2018,11,0.37037037037037,"JPN","AOMORI",NA,NA,NA
"294","Hepatitis E",2018,12,0.148148148148148,"JPN","AOMORI",NA,NA,NA
"295","Hepatitis E",2018,13,0.111111111111111,"JPN","AOMORI",NA,NA,NA
"296","Hepatitis E",2018,14,0.333333333333333,"JPN","AOMORI",NA,NA,NA
"297","Hepatitis E",2018,15,0.407407407407407,"JPN","AOMORI",NA,NA,NA
"298","Hepatitis E",2018,16,0.444444444444444,"JPN","AOMORI",NA,NA,NA
"299","Hepatitis E",2018,17,0.185185185185185,"JPN","AOMORI",NA,NA,NA
"300","Hepatitis E",2018,18,0.0740740740740741,"JPN","AOMORI",NA,NA,NA
"301","Hepatitis E",2018,19,0.444444444444444,"JPN","AOMORI",NA,NA,NA
"302","Hepatitis E",2018,20,0.222222222222222,"JPN","AOMORI",NA,NA,NA
"303","Hepatitis E",2018,21,0.296296296296296,"JPN","AOMORI",NA,NA,NA
"304","Hepatitis E",2018,22,0.259259259259259,"JPN","AOMORI",NA,NA,NA
"305","Hepatitis E",2018,23,0.148148148148148,"JPN","AOMORI",NA,NA,NA
"306","Hepatitis E",2018,24,0.185185185185185,"JPN","AOMORI",NA,NA,NA
"307","Hepatitis E",2018,25,0.37037037037037,"JPN","AOMORI",NA,NA,NA
"308","Hepatitis E",2018,26,0.259259259259259,"JPN","AOMORI",NA,NA,NA
"309","Hepatitis E",2018,27,0.444444444444444,"JPN","AOMORI",NA,NA,NA
"310","Hepatitis E",2018,28,0.333333333333333,"JPN","AOMORI",NA,NA,NA
"311","Hepatitis E",2018,29,0.259259259259259,"JPN","AOMORI",NA,NA,NA
"312","Hepatitis E",2018,30,0.296296296296296,"JPN","AOMORI",NA,NA,NA
"313","Hepatitis E",2018,31,0.333333333333333,"JPN","AOMORI",NA,NA,NA
"314","Hepatitis E",2018,32,0.185185185185185,"JPN","AOMORI",NA,NA,NA
"315","Hepatitis E",2018,33,0.148148148148148,"JPN","AOMORI",NA,NA,NA
"316","Hepatitis E",2018,34,0.222222222222222,"JPN","AOMORI",NA,NA,NA
"317","Hepatitis E",2018,35,0.222222222222222,"JPN","AOMORI",NA,NA,NA
"318","Hepatitis E",2018,36,0.333333333333333,"JPN","AOMORI",NA,NA,NA
"319","Hepatitis E",2018,37,0.481481481481481,"JPN","AOMORI",NA,NA,NA
"320","Hepatitis E",2018,38,0.37037037037037,"JPN","AOMORI",NA,NA,NA
"321","Hepatitis E",2018,39,0.259259259259259,"JPN","AOMORI",NA,NA,NA
"322","Hepatitis E",2018,40,0.185185185185185,"JPN","AOMORI",NA,NA,NA
"323","Hepatitis E",2018,41,0.444444444444444,"JPN","AOMORI",NA,NA,NA
"324","Hepatitis E",2018,42,0.259259259259259,"JPN","AOMORI",NA,NA,NA
"325","Hepatitis E",2018,43,0.222222222222222,"JPN","AOMORI",NA,NA,NA
"326","Hepatitis E",2018,44,0.333333333333333,"JPN","AOMORI",NA,NA,NA
"327","Hepatitis E",2018,45,0.296296296296296,"JPN","AOMORI",NA,NA,NA
"328","Hepatitis E",2018,46,0.259259259259259,"JPN","AOMORI",NA,NA,NA
"329","Hepatitis E",2018,47,0.296296296296296,"JPN","AOMORI",NA,NA,NA
"330","Hepatitis E",2018,48,0.222222222222222,"JPN","AOMORI",NA,NA,NA
"331","Hepatitis E",2018,49,0.0740740740740741,"JPN","AOMORI",NA,NA,NA
"332","Hepatitis E",2018,50,0.37037037037037,"JPN","AOMORI",NA,NA,NA
"333","Hepatitis E",2018,51,0.148148148148148,"JPN","AOMORI",NA,NA,NA
"334","Hepatitis E",2018,52,0.185185185185185,"JPN","AOMORI",NA,NA,NA
"335","Hepatitis E",2019,1,0.037037037037037,"JPN","AOMORI",NA,NA,NA
"336","Hepatitis E",2019,2,0.37037037037037,"JPN","AOMORI",NA,NA,NA
"337","Hepatitis E",2019,3,0.148148148148148,"JPN","CHIBA",NA,NA,NA
"338","Hepatitis E",2019,4,0.185185185185185,"JPN","CHIBA",NA,NA,NA
"339","Hepatitis E",2019,5,0.37037037037037,"JPN","CHIBA",NA,NA,NA
"340","Hepatitis E",2019,6,0.259259259259259,"JPN","CHIBA",NA,NA,NA
"341","Hepatitis E",2019,7,0.148148148148148,"JPN","CHIBA",NA,NA,NA
"342","Hepatitis E",2019,8,0.296296296296296,"JPN","CHIBA",NA,NA,NA
"343","Hepatitis E",2019,9,0.296296296296296,"JPN","CHIBA",NA,NA,NA
"344","Hepatitis E",2019,10,0.407407407407407,"JPN","CHIBA",NA,NA,NA
"345","Hepatitis E",2019,11,0.37037037037037,"JPN","CHIBA",NA,NA,NA
"346","Hepatitis E",2019,12,0.333333333333333,"JPN","CHIBA",NA,NA,NA
"347","Hepatitis E",2019,13,0.407407407407407,"JPN","CHIBA",NA,NA,NA
"348","Hepatitis E",2019,14,0.296296296296296,"JPN","CHIBA",NA,NA,NA
"349","Hepatitis E",2019,15,0.111111111111111,"JPN","CHIBA",NA,NA,NA
"350","Hepatitis E",2019,16,0.592592592592593,"JPN","CHIBA",NA,NA,NA
"351","Hepatitis E",2019,17,0.444444444444444,"JPN","CHIBA",NA,NA,NA
"352","Hepatitis E",2019,18,0.0740740740740741,"JPN","CHIBA",NA,NA,NA
"353","Hepatitis E",2019,19,0.222222222222222,"JPN","CHIBA",NA,NA,NA
"354","Hepatitis E",2019,20,0.185185185185185,"JPN","CHIBA",NA,NA,NA
"355","Hepatitis E",2019,21,0.333333333333333,"JPN","CHIBA",NA,NA,NA
"356","Hepatitis E",2019,22,0.518518518518518,"JPN","CHIBA",NA,NA,NA
"357","Hepatitis E",2019,23,0.296296296296296,"JPN","CHIBA",NA,NA,NA
"358","Hepatitis E",2019,24,0.259259259259259,"JPN","CHIBA",NA,NA,NA
"359","Hepatitis E",2019,25,0.444444444444444,"JPN","CHIBA",NA,NA,NA
"360","Hepatitis E",2019,26,0.37037037037037,"JPN","CHIBA",NA,NA,NA
"361","Hepatitis E",2019,27,0.185185185185185,"JPN","CHIBA",NA,NA,NA
"362","Hepatitis E",2019,28,0.518518518518518,"JPN","CHIBA",NA,NA,NA
"363","Hepatitis E",2019,29,0.555555555555556,"JPN","CHIBA",NA,NA,NA
"364","Hepatitis E",2019,30,0.185185185185185,"JPN","CHIBA",NA,NA,NA
"365","Hepatitis E",2019,31,0.222222222222222,"JPN","CHIBA",NA,NA,NA
"366","Hepatitis E",2019,32,0.37037037037037,"JPN","CHIBA",NA,NA,NA
"367","Hepatitis E",2019,33,0.222222222222222,"JPN","CHIBA",NA,NA,NA
"368","Hepatitis E",2019,34,0.296296296296296,"JPN","CHIBA",NA,NA,NA
"369","Hepatitis E",2019,35,0.296296296296296,"JPN","CHIBA",NA,NA,NA
"370","Hepatitis E",2019,36,0.259259259259259,"JPN","CHIBA",NA,NA,NA
"371","Hepatitis E",2019,37,0.259259259259259,"JPN","CHIBA",NA,NA,NA
"372","Hepatitis E",2019,38,0.111111111111111,"JPN","CHIBA",NA,NA,NA
"373","Hepatitis E",2019,39,0.148148148148148,"JPN","CHIBA",NA,NA,NA
"374","Hepatitis E",2019,40,0.333333333333333,"JPN","CHIBA",NA,NA,NA
"375","Hepatitis E",2019,41,0.148148148148148,"JPN","CHIBA",NA,NA,NA
"376","Hepatitis E",2019,42,0.185185185185185,"JPN","CHIBA",NA,NA,NA
"377","Hepatitis E",2019,43,0.259259259259259,"JPN","CHIBA",NA,NA,NA
"378","Hepatitis E",2019,44,0.259259259259259,"JPN","CHIBA",NA,NA,NA
"379","Hepatitis E",2019,45,0.222222222222222,"JPN","CHIBA",NA,NA,NA
"380","Hepatitis E",2019,46,0.148148148148148,"JPN","CHIBA",NA,NA,NA
"381","Hepatitis E",2019,47,0.185185185185185,"JPN","CHIBA",NA,NA,NA
"382","Hepatitis E",2019,48,0.259259259259259,"JPN","CHIBA",NA,NA,NA
"383","Hepatitis E",2019,49,0.259259259259259,"JPN","CHIBA",NA,NA,NA
"384","Hepatitis E",2019,50,0.333333333333333,"JPN","CHIBA",NA,NA,NA
"385","Hepatitis E",2019,51,0.296296296296296,"JPN","CHIBA",NA,NA,NA
"386","Hepatitis E",2019,52,0.37037037037037,"JPN","CHIBA",NA,NA,NA
"387","Hepatitis E",2020,1,0.037037037037037,"JPN","CHIBA",NA,NA,NA
"388","Hepatitis E",2020,2,0.296296296296296,"JPN","CHIBA",NA,NA,NA
"389","Hepatitis E",2020,3,0.37037037037037,"JPN","CHIBA",NA,NA,NA
"390","Hepatitis E",2020,4,0.333333333333333,"JPN","CHIBA",NA,NA,NA
"391","Hepatitis E",2020,5,0.222222222222222,"JPN","CHIBA",NA,NA,NA
"392","Hepatitis E",2020,6,0.444444444444444,"JPN","CHIBA",NA,NA,NA
"393","Hepatitis E",2020,7,0.407407407407407,"JPN","CHIBA",NA,NA,NA
"394","Hepatitis E",2020,8,0.37037037037037,"JPN","CHIBA",NA,NA,NA
"395","Hepatitis E",2020,9,0.481481481481481,"JPN","CHIBA",NA,NA,NA
"396","Hepatitis E",2020,10,0.444444444444444,"JPN","CHIBA",NA,NA,NA
"397","Hepatitis E",2020,11,0.222222222222222,"JPN","CHIBA",NA,NA,NA
