"","Disease","EpiYear","EpiWeek","Incidence","ADM0","ADM1","ADM2","NA","NA"
"1","Hepatitis A",2012,31,0.0294117647058824,"JPN","AICHI",NA,NA,NA
"2","Hepatitis A",2012,32,0,"JPN","AICHI",NA,NA,NA
"3","Hepatitis A",2012,34,0,"JPN","AICHI",NA,NA,NA
"4","Hepatitis A",2012,35,0,"JPN","AICHI",NA,NA,NA
"5","Hepatitis A",2012,36,0.0294117647058824,"JPN","AICHI",NA,NA,NA
"6","Hepatitis A",2012,37,0,"JPN","AICHI",NA,NA,NA
"7","Hepatitis A",2012,38,0,"JPN","AICHI",NA,NA,NA
"8","Hepatitis A",2012,39,0.117647058823529,"JPN","AICHI",NA,NA,NA
"9","Hepatitis A",2012,40,0.0294117647058824,"JPN","AICHI",NA,NA,NA
"10","Hepatitis A",2012,41,0.0294117647058824,"JPN","AICHI",NA,NA,NA
"11","Hepatitis A",2012,42,0.117647058823529,"JPN","AICHI",NA,NA,NA
"12","Hepatitis A",2012,43,0,"JPN","AICHI",NA,NA,NA
"13","Hepatitis A",2012,44,0.0882352941176471,"JPN","AICHI",NA,NA,NA
"14","Hepatitis A",2012,45,0.0882352941176471,"JPN","AICHI",NA,NA,NA
"15","Hepatitis A",2012,46,0.0588235294117647,"JPN","AICHI",NA,NA,NA
"16","Hepatitis A",2012,47,0.0588235294117647,"JPN","AICHI",NA,NA,NA
"17","Hepatitis A",2012,48,0.0294117647058824,"JPN","AICHI",NA,NA,NA
"18","Hepatitis A",2012,49,0,"JPN","AICHI",NA,NA,NA
"19","Hepatitis A",2012,50,0,"JPN","AICHI",NA,NA,NA
"20","Hepatitis A",2012,51,0,"JPN","AICHI",NA,NA,NA
"21","Hepatitis A",2012,52,0.0294117647058824,"JPN","AICHI",NA,NA,NA
"22","Hepatitis A",2013,1,0,"JPN","AICHI",NA,NA,NA
"23","Hepatitis A",2013,2,0.0294117647058824,"JPN","AICHI",NA,NA,NA
"24","Hepatitis A",2013,3,0.0294117647058824,"JPN","AICHI",NA,NA,NA
"25","Hepatitis A",2013,4,0.0588235294117647,"JPN","AICHI",NA,NA,NA
"26","Hepatitis A",2013,5,0,"JPN","AICHI",NA,NA,NA
"27","Hepatitis A",2013,6,0.0882352941176471,"JPN","AICHI",NA,NA,NA
"28","Hepatitis A",2013,7,0.0294117647058824,"JPN","AICHI",NA,NA,NA
"29","Hepatitis A",2013,8,0.0882352941176471,"JPN","AICHI",NA,NA,NA
"30","Hepatitis A",2013,9,0.0588235294117647,"JPN","AICHI",NA,NA,NA
"31","Hepatitis A",2013,10,0,"JPN","AICHI",NA,NA,NA
"32","Hepatitis A",2013,11,0.235294117647059,"JPN","AICHI",NA,NA,NA
"33","Hepatitis A",2013,12,0.0882352941176471,"JPN","AICHI",NA,NA,NA
"34","Hepatitis A",2013,13,0.0588235294117647,"JPN","AICHI",NA,NA,NA
"35","Hepatitis A",2013,14,0.117647058823529,"JPN","AICHI",NA,NA,NA
"36","Hepatitis A",2013,15,0.0882352941176471,"JPN","AICHI",NA,NA,NA
"37","Hepatitis A",2013,16,0.0588235294117647,"JPN","AICHI",NA,NA,NA
"38","Hepatitis A",2013,17,0.0882352941176471,"JPN","AICHI",NA,NA,NA
"39","Hepatitis A",2013,18,0.0294117647058824,"JPN","AICHI",NA,NA,NA
"40","Hepatitis A",2013,19,0.0294117647058824,"JPN","AICHI",NA,NA,NA
"41","Hepatitis A",2013,20,0.0588235294117647,"JPN","AICHI",NA,NA,NA
"42","Hepatitis A",2013,21,0.0588235294117647,"JPN","AICHI",NA,NA,NA
"43","Hepatitis A",2013,22,0.0294117647058824,"JPN","AICHI",NA,NA,NA
"44","Hepatitis A",2013,23,0.0588235294117647,"JPN","AICHI",NA,NA,NA
"45","Hepatitis A",2013,24,0.0882352941176471,"JPN","AICHI",NA,NA,NA
"46","Hepatitis A",2013,25,0.117647058823529,"JPN","AICHI",NA,NA,NA
"47","Hepatitis A",2013,26,0.0588235294117647,"JPN","AICHI",NA,NA,NA
"48","Hepatitis A",2013,27,0.0294117647058824,"JPN","AICHI",NA,NA,NA
"49","Hepatitis A",2013,28,0.0294117647058824,"JPN","AICHI",NA,NA,NA
"50","Hepatitis A",2013,29,0.0588235294117647,"JPN","AICHI",NA,NA,NA
"51","Hepatitis A",2013,30,0,"JPN","AICHI",NA,NA,NA
"52","Hepatitis A",2013,31,0.0294117647058824,"JPN","AICHI",NA,NA,NA
"53","Hepatitis A",2013,32,0.0294117647058824,"JPN","AICHI",NA,NA,NA
"54","Hepatitis A",2013,33,0.0294117647058824,"JPN","AICHI",NA,NA,NA
"55","Hepatitis A",2013,34,0,"JPN","AICHI",NA,NA,NA
"56","Hepatitis A",2013,35,0.0588235294117647,"JPN","AICHI",NA,NA,NA
"57","Hepatitis A",2013,36,0.0588235294117647,"JPN","AICHI",NA,NA,NA
"58","Hepatitis A",2013,37,0,"JPN","AICHI",NA,NA,NA
"59","Hepatitis A",2013,38,0.0294117647058824,"JPN","AICHI",NA,NA,NA
"60","Hepatitis A",2013,39,0.0882352941176471,"JPN","AICHI",NA,NA,NA
"61","Hepatitis A",2013,40,0.0588235294117647,"JPN","AICHI",NA,NA,NA
"62","Hepatitis A",2013,41,0.0294117647058824,"JPN","AICHI",NA,NA,NA
"63","Hepatitis A",2013,42,0.0294117647058824,"JPN","AICHI",NA,NA,NA
"64","Hepatitis A",2013,43,0.0882352941176471,"JPN","AICHI",NA,NA,NA
"65","Hepatitis A",2013,44,0.0294117647058824,"JPN","AICHI",NA,NA,NA
"66","Hepatitis A",2013,45,0,"JPN","AICHI",NA,NA,NA
"67","Hepatitis A",2013,46,0,"JPN","AICHI",NA,NA,NA
"68","Hepatitis A",2013,47,0.0588235294117647,"JPN","AICHI",NA,NA,NA
"69","Hepatitis A",2013,48,0.0588235294117647,"JPN","AICHI",NA,NA,NA
"70","Hepatitis A",2013,49,0,"JPN","AICHI",NA,NA,NA
"71","Hepatitis A",2013,50,0.117647058823529,"JPN","AICHI",NA,NA,NA
"72","Hepatitis A",2013,51,0.0294117647058824,"JPN","AICHI",NA,NA,NA
"73","Hepatitis A",2013,52,0,"JPN","AICHI",NA,NA,NA
"74","Hepatitis A",2014,1,0,"JPN","AICHI",NA,NA,NA
"75","Hepatitis A",2014,2,0.0588235294117647,"JPN","AICHI",NA,NA,NA
"76","Hepatitis A",2014,3,0.117647058823529,"JPN","AICHI",NA,NA,NA
"77","Hepatitis A",2014,4,0.0294117647058824,"JPN","AICHI",NA,NA,NA
"78","Hepatitis A",2014,5,0.0882352941176471,"JPN","AICHI",NA,NA,NA
"79","Hepatitis A",2014,6,0.323529411764706,"JPN","AICHI",NA,NA,NA
"80","Hepatitis A",2014,7,0.176470588235294,"JPN","AICHI",NA,NA,NA
"81","Hepatitis A",2014,8,0.352941176470588,"JPN","AICHI",NA,NA,NA
"82","Hepatitis A",2014,9,1.14705882352941,"JPN","AICHI",NA,NA,NA
"83","Hepatitis A",2014,10,1.41176470588235,"JPN","AICHI",NA,NA,NA
"84","Hepatitis A",2014,11,0.852941176470588,"JPN","AICHI",NA,NA,NA
"85","Hepatitis A",2014,12,0.352941176470588,"JPN","AICHI",NA,NA,NA
"86","Hepatitis A",2014,13,0.117647058823529,"JPN","AICHI",NA,NA,NA
"87","Hepatitis A",2014,14,0.352941176470588,"JPN","AICHI",NA,NA,NA
"88","Hepatitis A",2014,15,0.294117647058824,"JPN","AICHI",NA,NA,NA
"89","Hepatitis A",2014,16,0.117647058823529,"JPN","AICHI",NA,NA,NA
"90","Hepatitis A",2014,17,0.205882352941176,"JPN","AICHI",NA,NA,NA
"91","Hepatitis A",2014,18,0.117647058823529,"JPN","AICHI",NA,NA,NA
"92","Hepatitis A",2014,19,0.176470588235294,"JPN","AICHI",NA,NA,NA
"93","Hepatitis A",2014,20,0.294117647058824,"JPN","AICHI",NA,NA,NA
"94","Hepatitis A",2014,21,0.235294117647059,"JPN","AICHI",NA,NA,NA
"95","Hepatitis A",2014,22,0.0294117647058824,"JPN","AICHI",NA,NA,NA
"96","Hepatitis A",2014,23,0.117647058823529,"JPN","AICHI",NA,NA,NA
"97","Hepatitis A",2014,24,0.205882352941176,"JPN","AICHI",NA,NA,NA
"98","Hepatitis A",2014,25,0.0882352941176471,"JPN","AICHI",NA,NA,NA
"99","Hepatitis A",2014,26,0.0294117647058824,"JPN","AICHI",NA,NA,NA
"100","Hepatitis A",2014,27,0.0294117647058824,"JPN","AICHI",NA,NA,NA
"101","Hepatitis A",2014,28,0.0294117647058824,"JPN","AICHI",NA,NA,NA
"102","Hepatitis A",2014,29,0.0882352941176471,"JPN","AICHI",NA,NA,NA
"103","Hepatitis A",2014,30,0.0294117647058824,"JPN","AICHI",NA,NA,NA
"104","Hepatitis A",2014,31,0.0882352941176471,"JPN","AICHI",NA,NA,NA
"105","Hepatitis A",2014,32,0.0588235294117647,"JPN","AICHI",NA,NA,NA
"106","Hepatitis A",2014,33,0.0294117647058824,"JPN","AICHI",NA,NA,NA
"107","Hepatitis A",2014,34,0.0588235294117647,"JPN","AICHI",NA,NA,NA
"108","Hepatitis A",2014,35,0.0882352941176471,"JPN","AICHI",NA,NA,NA
"109","Hepatitis A",2014,36,0.0294117647058824,"JPN","AICHI",NA,NA,NA
"110","Hepatitis A",2014,37,0.0882352941176471,"JPN","AICHI",NA,NA,NA
"111","Hepatitis A",2014,38,0,"JPN","AICHI",NA,NA,NA
"112","Hepatitis A",2014,39,0,"JPN","AICHI",NA,NA,NA
"113","Hepatitis A",2014,40,0.0588235294117647,"JPN","AICHI",NA,NA,NA
"114","Hepatitis A",2014,41,0.147058823529412,"JPN","AICHI",NA,NA,NA
"115","Hepatitis A",2014,42,0,"JPN","AICHI",NA,NA,NA
"116","Hepatitis A",2014,43,0.147058823529412,"JPN","AICHI",NA,NA,NA
"117","Hepatitis A",2014,44,0.0588235294117647,"JPN","AICHI",NA,NA,NA
"118","Hepatitis A",2014,45,0.0294117647058824,"JPN","AICHI",NA,NA,NA
"119","Hepatitis A",2014,46,0.0294117647058824,"JPN","AICHI",NA,NA,NA
"120","Hepatitis A",2014,47,0,"JPN","AICHI",NA,NA,NA
"121","Hepatitis A",2014,48,0.0294117647058824,"JPN","AICHI",NA,NA,NA
"122","Hepatitis A",2014,49,0,"JPN","AICHI",NA,NA,NA
"123","Hepatitis A",2014,50,0.0294117647058824,"JPN","AICHI",NA,NA,NA
"124","Hepatitis A",2014,51,0.0882352941176471,"JPN","AICHI",NA,NA,NA
"125","Hepatitis A",2014,52,0.0882352941176471,"JPN","AICHI",NA,NA,NA
"126","Hepatitis A",2015,1,0.0294117647058824,"JPN","AICHI",NA,NA,NA
"127","Hepatitis A",2015,2,0.147058823529412,"JPN","AICHI",NA,NA,NA
"128","Hepatitis A",2015,3,0.0588235294117647,"JPN","AICHI",NA,NA,NA
"129","Hepatitis A",2015,4,0.176470588235294,"JPN","AICHI",NA,NA,NA
"130","Hepatitis A",2015,5,0.147058823529412,"JPN","AICHI",NA,NA,NA
"131","Hepatitis A",2015,6,0.205882352941176,"JPN","AICHI",NA,NA,NA
"132","Hepatitis A",2015,7,0.117647058823529,"JPN","AICHI",NA,NA,NA
"133","Hepatitis A",2015,8,0.147058823529412,"JPN","AICHI",NA,NA,NA
"134","Hepatitis A",2015,9,0.176470588235294,"JPN","AICHI",NA,NA,NA
"135","Hepatitis A",2015,10,0.176470588235294,"JPN","AICHI",NA,NA,NA
"136","Hepatitis A",2015,11,0,"JPN","AICHI",NA,NA,NA
"137","Hepatitis A",2015,12,0.147058823529412,"JPN","AICHI",NA,NA,NA
"138","Hepatitis A",2015,13,0.117647058823529,"JPN","AICHI",NA,NA,NA
"139","Hepatitis A",2015,14,0.117647058823529,"JPN","AICHI",NA,NA,NA
"140","Hepatitis A",2015,15,0.0882352941176471,"JPN","AICHI",NA,NA,NA
"141","Hepatitis A",2015,16,0.0882352941176471,"JPN","AICHI",NA,NA,NA
"142","Hepatitis A",2015,17,0.0588235294117647,"JPN","AICHI",NA,NA,NA
"143","Hepatitis A",2015,18,0.0588235294117647,"JPN","AICHI",NA,NA,NA
"144","Hepatitis A",2015,19,0.117647058823529,"JPN","AICHI",NA,NA,NA
"145","Hepatitis A",2015,20,0.147058823529412,"JPN","AICHI",NA,NA,NA
"146","Hepatitis A",2015,21,0.0588235294117647,"JPN","AICHI",NA,NA,NA
"147","Hepatitis A",2015,22,0.0588235294117647,"JPN","AICHI",NA,NA,NA
"148","Hepatitis A",2015,23,0.147058823529412,"JPN","AICHI",NA,NA,NA
"149","Hepatitis A",2015,24,0.0882352941176471,"JPN","AICHI",NA,NA,NA
"150","Hepatitis A",2015,25,0.117647058823529,"JPN","AICHI",NA,NA,NA
"151","Hepatitis A",2015,26,0.176470588235294,"JPN","AICHI",NA,NA,NA
"152","Hepatitis A",2015,27,0.0294117647058824,"JPN","AICHI",NA,NA,NA
"153","Hepatitis A",2015,28,0.147058823529412,"JPN","AICHI",NA,NA,NA
"154","Hepatitis A",2015,29,0.0882352941176471,"JPN","AICHI",NA,NA,NA
"155","Hepatitis A",2015,30,0.0294117647058824,"JPN","AICHI",NA,NA,NA
"156","Hepatitis A",2015,31,0.0588235294117647,"JPN","AICHI",NA,NA,NA
"157","Hepatitis A",2015,32,0.0882352941176471,"JPN","AICHI",NA,NA,NA
"158","Hepatitis A",2015,33,0.0588235294117647,"JPN","AICHI",NA,NA,NA
"159","Hepatitis A",2015,34,0.0294117647058824,"JPN","AICHI",NA,NA,NA
"160","Hepatitis A",2015,35,0.147058823529412,"JPN","AICHI",NA,NA,NA
"161","Hepatitis A",2015,36,0.0294117647058824,"JPN","AICHI",NA,NA,NA
"162","Hepatitis A",2015,37,0,"JPN","AICHI",NA,NA,NA
"163","Hepatitis A",2015,38,0.117647058823529,"JPN","AICHI",NA,NA,NA
"164","Hepatitis A",2015,39,0.117647058823529,"JPN","AICHI",NA,NA,NA
"165","Hepatitis A",2015,40,0.176470588235294,"JPN","AICHI",NA,NA,NA
"166","Hepatitis A",2015,41,0.0882352941176471,"JPN","AICHI",NA,NA,NA
"167","Hepatitis A",2015,42,0.117647058823529,"JPN","AICHI",NA,NA,NA
"168","Hepatitis A",2015,43,0.0588235294117647,"JPN","AICHI",NA,NA,NA
"169","Hepatitis A",2015,44,0.0882352941176471,"JPN","AICHI",NA,NA,NA
"170","Hepatitis A",2015,45,0.0882352941176471,"JPN","AICHI",NA,NA,NA
"171","Hepatitis A",2015,46,0.0294117647058824,"JPN","AICHI",NA,NA,NA
"172","Hepatitis A",2015,47,0.0588235294117647,"JPN","AICHI",NA,NA,NA
"173","Hepatitis A",2015,48,0.0588235294117647,"JPN","AICHI",NA,NA,NA
"174","Hepatitis A",2015,49,0.117647058823529,"JPN","AICHI",NA,NA,NA
"175","Hepatitis A",2015,50,0.117647058823529,"JPN","AICHI",NA,NA,NA
"176","Hepatitis A",2015,51,0.0882352941176471,"JPN","AICHI",NA,NA,NA
"177","Hepatitis A",2015,52,0,"JPN","AICHI",NA,NA,NA
"178","Hepatitis A",2015,53,0.0588235294117647,"JPN","AICHI",NA,NA,NA
"179","Hepatitis A",2016,1,0.0588235294117647,"JPN","AICHI",NA,NA,NA
"180","Hepatitis A",2016,2,0.0588235294117647,"JPN","AICHI",NA,NA,NA
"181","Hepatitis A",2016,3,0.0882352941176471,"JPN","AICHI",NA,NA,NA
"182","Hepatitis A",2016,4,0.264705882352941,"JPN","AICHI",NA,NA,NA
"183","Hepatitis A",2016,5,0.147058823529412,"JPN","AICHI",NA,NA,NA
"184","Hepatitis A",2016,6,0.176470588235294,"JPN","AICHI",NA,NA,NA
"185","Hepatitis A",2016,7,0.264705882352941,"JPN","AICHI",NA,NA,NA
"186","Hepatitis A",2016,8,0.147058823529412,"JPN","AICHI",NA,NA,NA
"187","Hepatitis A",2016,9,0.0294117647058824,"JPN","AICHI",NA,NA,NA
"188","Hepatitis A",2016,10,0.352941176470588,"JPN","AICHI",NA,NA,NA
"189","Hepatitis A",2016,11,0.323529411764706,"JPN","AICHI",NA,NA,NA
"190","Hepatitis A",2016,12,0.264705882352941,"JPN","AKITA",NA,NA,NA
"191","Hepatitis A",2016,13,0.235294117647059,"JPN","AKITA",NA,NA,NA
"192","Hepatitis A",2016,14,0.205882352941176,"JPN","AKITA",NA,NA,NA
"193","Hepatitis A",2016,15,0.176470588235294,"JPN","AKITA",NA,NA,NA
"194","Hepatitis A",2016,16,0.0882352941176471,"JPN","AKITA",NA,NA,NA
"195","Hepatitis A",2016,17,0.0588235294117647,"JPN","AKITA",NA,NA,NA
"196","Hepatitis A",2016,18,0,"JPN","AKITA",NA,NA,NA
"197","Hepatitis A",2016,19,0.205882352941176,"JPN","AKITA",NA,NA,NA
"198","Hepatitis A",2016,20,0.0294117647058824,"JPN","AKITA",NA,NA,NA
"199","Hepatitis A",2016,21,0.176470588235294,"JPN","AKITA",NA,NA,NA
"200","Hepatitis A",2016,22,0.117647058823529,"JPN","AKITA",NA,NA,NA
"201","Hepatitis A",2016,23,0.0882352941176471,"JPN","AKITA",NA,NA,NA
"202","Hepatitis A",2016,24,0.176470588235294,"JPN","AKITA",NA,NA,NA
"203","Hepatitis A",2016,25,0.147058823529412,"JPN","AKITA",NA,NA,NA
"204","Hepatitis A",2016,26,0.147058823529412,"JPN","AKITA",NA,NA,NA
"205","Hepatitis A",2016,27,0.0882352941176471,"JPN","AKITA",NA,NA,NA
"206","Hepatitis A",2016,28,0.117647058823529,"JPN","AKITA",NA,NA,NA
"207","Hepatitis A",2016,29,0.147058823529412,"JPN","AKITA",NA,NA,NA
"208","Hepatitis A",2016,30,0.0588235294117647,"JPN","AKITA",NA,NA,NA
"209","Hepatitis A",2016,31,0.176470588235294,"JPN","AKITA",NA,NA,NA
"210","Hepatitis A",2016,32,0.0294117647058824,"JPN","AKITA",NA,NA,NA
"211","Hepatitis A",2016,33,0,"JPN","AKITA",NA,NA,NA
"212","Hepatitis A",2016,34,0.147058823529412,"JPN","AKITA",NA,NA,NA
"213","Hepatitis A",2016,35,0.0294117647058824,"JPN","AKITA",NA,NA,NA
"214","Hepatitis A",2016,36,0.0588235294117647,"JPN","AKITA",NA,NA,NA
"215","Hepatitis A",2016,37,0.0882352941176471,"JPN","AKITA",NA,NA,NA
"216","Hepatitis A",2016,38,0.0588235294117647,"JPN","AKITA",NA,NA,NA
"217","Hepatitis A",2016,39,0.0882352941176471,"JPN","AKITA",NA,NA,NA
"218","Hepatitis A",2016,40,0.117647058823529,"JPN","AKITA",NA,NA,NA
"219","Hepatitis A",2016,41,0.117647058823529,"JPN","AKITA",NA,NA,NA
"220","Hepatitis A",2016,42,0.117647058823529,"JPN","AKITA",NA,NA,NA
"221","Hepatitis A",2016,43,0.147058823529412,"JPN","AKITA",NA,NA,NA
"222","Hepatitis A",2016,44,0.0588235294117647,"JPN","AKITA",NA,NA,NA
"223","Hepatitis A",2016,45,0.0588235294117647,"JPN","AKITA",NA,NA,NA
"224","Hepatitis A",2016,46,0.0588235294117647,"JPN","AKITA",NA,NA,NA
"225","Hepatitis A",2016,47,0.0588235294117647,"JPN","AKITA",NA,NA,NA
"226","Hepatitis A",2016,48,0.0588235294117647,"JPN","AKITA",NA,NA,NA
"227","Hepatitis A",2016,49,0.0294117647058824,"JPN","AKITA",NA,NA,NA
"228","Hepatitis A",2016,50,0,"JPN","AKITA",NA,NA,NA
"229","Hepatitis A",2016,51,0.0588235294117647,"JPN","AKITA",NA,NA,NA
"230","Hepatitis A",2016,52,0.0588235294117647,"JPN","AKITA",NA,NA,NA
"231","Hepatitis A",2017,1,0.0294117647058824,"JPN","AKITA",NA,NA,NA
"232","Hepatitis A",2017,2,0.0294117647058824,"JPN","AKITA",NA,NA,NA
"233","Hepatitis A",2017,3,0.117647058823529,"JPN","AKITA",NA,NA,NA
"234","Hepatitis A",2017,4,0.0882352941176471,"JPN","AKITA",NA,NA,NA
"235","Hepatitis A",2017,5,0.0882352941176471,"JPN","AKITA",NA,NA,NA
"236","Hepatitis A",2017,6,0.117647058823529,"JPN","AKITA",NA,NA,NA
"237","Hepatitis A",2017,7,0.117647058823529,"JPN","AKITA",NA,NA,NA
"238","Hepatitis A",2017,8,0.147058823529412,"JPN","AKITA",NA,NA,NA
"239","Hepatitis A",2017,9,0.147058823529412,"JPN","AKITA",NA,NA,NA
"240","Hepatitis A",2017,10,0.235294117647059,"JPN","AKITA",NA,NA,NA
"241","Hepatitis A",2017,11,0.147058823529412,"JPN","AKITA",NA,NA,NA
"242","Hepatitis A",2017,12,0.0882352941176471,"JPN","AKITA",NA,NA,NA
"243","Hepatitis A",2017,13,0.176470588235294,"JPN","AKITA",NA,NA,NA
"244","Hepatitis A",2017,14,0.117647058823529,"JPN","AKITA",NA,NA,NA
"245","Hepatitis A",2017,15,0.147058823529412,"JPN","AKITA",NA,NA,NA
"246","Hepatitis A",2017,16,0.235294117647059,"JPN","AKITA",NA,NA,NA
"247","Hepatitis A",2017,17,0.176470588235294,"JPN","AKITA",NA,NA,NA
"248","Hepatitis A",2017,18,0.0294117647058824,"JPN","AKITA",NA,NA,NA
"249","Hepatitis A",2017,19,0.323529411764706,"JPN","AKITA",NA,NA,NA
"250","Hepatitis A",2017,20,0.147058823529412,"JPN","AKITA",NA,NA,NA
"251","Hepatitis A",2017,21,0.117647058823529,"JPN","AKITA",NA,NA,NA
"252","Hepatitis A",2017,22,0.205882352941176,"JPN","AKITA",NA,NA,NA
"253","Hepatitis A",2017,23,0.0882352941176471,"JPN","AKITA",NA,NA,NA
"254","Hepatitis A",2017,24,0.235294117647059,"JPN","AKITA",NA,NA,NA
"255","Hepatitis A",2017,25,0.117647058823529,"JPN","AKITA",NA,NA,NA
"256","Hepatitis A",2017,26,0.117647058823529,"JPN","AKITA",NA,NA,NA
"257","Hepatitis A",2017,27,0.0882352941176471,"JPN","AKITA",NA,NA,NA
"258","Hepatitis A",2017,28,0.117647058823529,"JPN","AKITA",NA,NA,NA
"259","Hepatitis A",2017,29,0.117647058823529,"JPN","AKITA",NA,NA,NA
"260","Hepatitis A",2017,30,0.176470588235294,"JPN","AKITA",NA,NA,NA
"261","Hepatitis A",2017,31,0.147058823529412,"JPN","AKITA",NA,NA,NA
"262","Hepatitis A",2017,32,0,"JPN","AKITA",NA,NA,NA
"263","Hepatitis A",2017,33,0.117647058823529,"JPN","AKITA",NA,NA,NA
"264","Hepatitis A",2017,34,0.0882352941176471,"JPN","AKITA",NA,NA,NA
"265","Hepatitis A",2017,35,0.0882352941176471,"JPN","AKITA",NA,NA,NA
"266","Hepatitis A",2017,36,0.117647058823529,"JPN","AKITA",NA,NA,NA
"267","Hepatitis A",2017,37,0.0588235294117647,"JPN","AKITA",NA,NA,NA
"268","Hepatitis A",2017,38,0.176470588235294,"JPN","AKITA",NA,NA,NA
"269","Hepatitis A",2017,39,0.0588235294117647,"JPN","AKITA",NA,NA,NA
"270","Hepatitis A",2017,40,0.117647058823529,"JPN","AKITA",NA,NA,NA
"271","Hepatitis A",2017,41,0.0588235294117647,"JPN","AKITA",NA,NA,NA
"272","Hepatitis A",2017,42,0.147058823529412,"JPN","AKITA",NA,NA,NA
"273","Hepatitis A",2017,43,0.176470588235294,"JPN","AKITA",NA,NA,NA
"274","Hepatitis A",2017,44,0.0588235294117647,"JPN","AOMORI",NA,NA,NA
"275","Hepatitis A",2017,45,0.0294117647058824,"JPN","AOMORI",NA,NA,NA
"276","Hepatitis A",2017,46,0,"JPN","AOMORI",NA,NA,NA
"277","Hepatitis A",2017,47,0.0588235294117647,"JPN","AOMORI",NA,NA,NA
"278","Hepatitis A",2017,48,0.147058823529412,"JPN","AOMORI",NA,NA,NA
"279","Hepatitis A",2017,49,0.0588235294117647,"JPN","AOMORI",NA,NA,NA
"280","Hepatitis A",2017,50,0.0882352941176471,"JPN","AOMORI",NA,NA,NA
"281","Hepatitis A",2017,51,0.235294117647059,"JPN","AOMORI",NA,NA,NA
"282","Hepatitis A",2017,52,0.205882352941176,"JPN","AOMORI",NA,NA,NA
"283","Hepatitis A",2018,1,0.0294117647058824,"JPN","AOMORI",NA,NA,NA
"284","Hepatitis A",2018,2,0.205882352941176,"JPN","AOMORI",NA,NA,NA
"285","Hepatitis A",2018,3,0.205882352941176,"JPN","AOMORI",NA,NA,NA
"286","Hepatitis A",2018,4,0.0882352941176471,"JPN","AOMORI",NA,NA,NA
"287","Hepatitis A",2018,5,0.117647058823529,"JPN","AOMORI",NA,NA,NA
"288","Hepatitis A",2018,6,0.294117647058824,"JPN","AOMORI",NA,NA,NA
"289","Hepatitis A",2018,7,0.294117647058824,"JPN","AOMORI",NA,NA,NA
"290","Hepatitis A",2018,8,0.352941176470588,"JPN","AOMORI",NA,NA,NA
"291","Hepatitis A",2018,9,0.264705882352941,"JPN","AOMORI",NA,NA,NA
"292","Hepatitis A",2018,10,0.323529411764706,"JPN","AOMORI",NA,NA,NA
"293","Hepatitis A",2018,11,0.470588235294118,"JPN","AOMORI",NA,NA,NA
"294","Hepatitis A",2018,12,0.441176470588235,"JPN","AOMORI",NA,NA,NA
"295","Hepatitis A",2018,13,0.235294117647059,"JPN","AOMORI",NA,NA,NA
"296","Hepatitis A",2018,14,0.352941176470588,"JPN","AOMORI",NA,NA,NA
"297","Hepatitis A",2018,15,0.411764705882353,"JPN","AOMORI",NA,NA,NA
"298","Hepatitis A",2018,16,0.5,"JPN","AOMORI",NA,NA,NA
"299","Hepatitis A",2018,17,0.470588235294118,"JPN","AOMORI",NA,NA,NA
"300","Hepatitis A",2018,18,0.176470588235294,"JPN","AOMORI",NA,NA,NA
"301","Hepatitis A",2018,19,0.676470588235294,"JPN","AOMORI",NA,NA,NA
"302","Hepatitis A",2018,20,0.823529411764706,"JPN","AOMORI",NA,NA,NA
"303","Hepatitis A",2018,21,0.735294117647059,"JPN","AOMORI",NA,NA,NA
"304","Hepatitis A",2018,22,0.5,"JPN","AOMORI",NA,NA,NA
"305","Hepatitis A",2018,23,0.647058823529412,"JPN","AOMORI",NA,NA,NA
"306","Hepatitis A",2018,24,0.764705882352941,"JPN","AOMORI",NA,NA,NA
"307","Hepatitis A",2018,25,0.882352941176471,"JPN","AOMORI",NA,NA,NA
"308","Hepatitis A",2018,26,0.558823529411765,"JPN","AOMORI",NA,NA,NA
"309","Hepatitis A",2018,27,0.941176470588235,"JPN","AOMORI",NA,NA,NA
"310","Hepatitis A",2018,28,0.617647058823529,"JPN","AOMORI",NA,NA,NA
"311","Hepatitis A",2018,29,0.529411764705882,"JPN","AOMORI",NA,NA,NA
"312","Hepatitis A",2018,30,0.382352941176471,"JPN","AOMORI",NA,NA,NA
"313","Hepatitis A",2018,31,0.647058823529412,"JPN","AOMORI",NA,NA,NA
"314","Hepatitis A",2018,32,0.676470588235294,"JPN","AOMORI",NA,NA,NA
"315","Hepatitis A",2018,33,0.529411764705882,"JPN","AOMORI",NA,NA,NA
"316","Hepatitis A",2018,34,0.588235294117647,"JPN","AOMORI",NA,NA,NA
"317","Hepatitis A",2018,35,0.352941176470588,"JPN","AOMORI",NA,NA,NA
"318","Hepatitis A",2018,36,0.382352941176471,"JPN","AOMORI",NA,NA,NA
"319","Hepatitis A",2018,37,0.5,"JPN","AOMORI",NA,NA,NA
"320","Hepatitis A",2018,38,0.382352941176471,"JPN","AOMORI",NA,NA,NA
"321","Hepatitis A",2018,39,0.441176470588235,"JPN","AOMORI",NA,NA,NA
"322","Hepatitis A",2018,40,0.352941176470588,"JPN","AOMORI",NA,NA,NA
"323","Hepatitis A",2018,41,0.264705882352941,"JPN","AOMORI",NA,NA,NA
"324","Hepatitis A",2018,42,0.176470588235294,"JPN","AOMORI",NA,NA,NA
"325","Hepatitis A",2018,43,0.176470588235294,"JPN","AOMORI",NA,NA,NA
"326","Hepatitis A",2018,44,0.470588235294118,"JPN","AOMORI",NA,NA,NA
"327","Hepatitis A",2018,45,0.176470588235294,"JPN","AOMORI",NA,NA,NA
"328","Hepatitis A",2018,46,0.352941176470588,"JPN","AOMORI",NA,NA,NA
"329","Hepatitis A",2018,47,0.176470588235294,"JPN","AOMORI",NA,NA,NA
"330","Hepatitis A",2018,48,0.205882352941176,"JPN","AOMORI",NA,NA,NA
"331","Hepatitis A",2018,49,0.176470588235294,"JPN","AOMORI",NA,NA,NA
"332","Hepatitis A",2018,50,0.235294117647059,"JPN","AOMORI",NA,NA,NA
"333","Hepatitis A",2018,51,0.235294117647059,"JPN","AOMORI",NA,NA,NA
"334","Hepatitis A",2018,52,0.176470588235294,"JPN","AOMORI",NA,NA,NA
"335","Hepatitis A",2019,1,0.176470588235294,"JPN","AOMORI",NA,NA,NA
"336","Hepatitis A",2019,2,0.647058823529412,"JPN","AOMORI",NA,NA,NA
"337","Hepatitis A",2019,3,0.352941176470588,"JPN","CHIBA",NA,NA,NA
"338","Hepatitis A",2019,4,0.264705882352941,"JPN","CHIBA",NA,NA,NA
"339","Hepatitis A",2019,5,0.117647058823529,"JPN","CHIBA",NA,NA,NA
"340","Hepatitis A",2019,6,0.294117647058824,"JPN","CHIBA",NA,NA,NA
"341","Hepatitis A",2019,7,0.205882352941176,"JPN","CHIBA",NA,NA,NA
"342","Hepatitis A",2019,8,0.0588235294117647,"JPN","CHIBA",NA,NA,NA
"343","Hepatitis A",2019,9,0.205882352941176,"JPN","CHIBA",NA,NA,NA
"344","Hepatitis A",2019,10,0.147058823529412,"JPN","CHIBA",NA,NA,NA
"345","Hepatitis A",2019,11,0.147058823529412,"JPN","CHIBA",NA,NA,NA
"346","Hepatitis A",2019,12,0.117647058823529,"JPN","CHIBA",NA,NA,NA
"347","Hepatitis A",2019,13,0.176470588235294,"JPN","CHIBA",NA,NA,NA
"348","Hepatitis A",2019,14,0.176470588235294,"JPN","CHIBA",NA,NA,NA
"349","Hepatitis A",2019,15,0.294117647058824,"JPN","CHIBA",NA,NA,NA
"350","Hepatitis A",2019,16,0.235294117647059,"JPN","CHIBA",NA,NA,NA
"351","Hepatitis A",2019,17,0.205882352941176,"JPN","CHIBA",NA,NA,NA
"352","Hepatitis A",2019,18,0.147058823529412,"JPN","CHIBA",NA,NA,NA
"353","Hepatitis A",2019,19,0.147058823529412,"JPN","CHIBA",NA,NA,NA
"354","Hepatitis A",2019,20,0.294117647058824,"JPN","CHIBA",NA,NA,NA
"355","Hepatitis A",2019,21,0.147058823529412,"JPN","CHIBA",NA,NA,NA
"356","Hepatitis A",2019,22,0.323529411764706,"JPN","CHIBA",NA,NA,NA
"357","Hepatitis A",2019,23,0.176470588235294,"JPN","CHIBA",NA,NA,NA
"358","Hepatitis A",2019,24,0.294117647058824,"JPN","CHIBA",NA,NA,NA
"359","Hepatitis A",2019,25,0.294117647058824,"JPN","CHIBA",NA,NA,NA
"360","Hepatitis A",2019,26,0.147058823529412,"JPN","CHIBA",NA,NA,NA
"361","Hepatitis A",2019,27,0.147058823529412,"JPN","CHIBA",NA,NA,NA
"362","Hepatitis A",2019,28,0.147058823529412,"JPN","CHIBA",NA,NA,NA
"363","Hepatitis A",2019,29,0.117647058823529,"JPN","CHIBA",NA,NA,NA
"364","Hepatitis A",2019,30,0.235294117647059,"JPN","CHIBA",NA,NA,NA
"365","Hepatitis A",2019,31,0.323529411764706,"JPN","CHIBA",NA,NA,NA
"366","Hepatitis A",2019,32,0.264705882352941,"JPN","CHIBA",NA,NA,NA
"367","Hepatitis A",2019,33,0.176470588235294,"JPN","CHIBA",NA,NA,NA
"368","Hepatitis A",2019,34,0.323529411764706,"JPN","CHIBA",NA,NA,NA
"369","Hepatitis A",2019,35,0.235294117647059,"JPN","CHIBA",NA,NA,NA
"370","Hepatitis A",2019,36,0.147058823529412,"JPN","CHIBA",NA,NA,NA
"371","Hepatitis A",2019,37,0.176470588235294,"JPN","CHIBA",NA,NA,NA
"372","Hepatitis A",2019,38,0.264705882352941,"JPN","CHIBA",NA,NA,NA
"373","Hepatitis A",2019,39,0.176470588235294,"JPN","CHIBA",NA,NA,NA
"374","Hepatitis A",2019,40,0.117647058823529,"JPN","CHIBA",NA,NA,NA
"375","Hepatitis A",2019,41,0.147058823529412,"JPN","CHIBA",NA,NA,NA
"376","Hepatitis A",2019,42,0.0882352941176471,"JPN","CHIBA",NA,NA,NA
"377","Hepatitis A",2019,43,0.205882352941176,"JPN","CHIBA",NA,NA,NA
"378","Hepatitis A",2019,44,0.0588235294117647,"JPN","CHIBA",NA,NA,NA
"379","Hepatitis A",2019,45,0.117647058823529,"JPN","CHIBA",NA,NA,NA
"380","Hepatitis A",2019,46,0.176470588235294,"JPN","CHIBA",NA,NA,NA
"381","Hepatitis A",2019,47,0.205882352941176,"JPN","CHIBA",NA,NA,NA
"382","Hepatitis A",2019,48,0.117647058823529,"JPN","CHIBA",NA,NA,NA
"383","Hepatitis A",2019,49,0.147058823529412,"JPN","CHIBA",NA,NA,NA
"384","Hepatitis A",2019,50,0.0588235294117647,"JPN","CHIBA",NA,NA,NA
"385","Hepatitis A",2019,51,0,"JPN","CHIBA",NA,NA,NA
"386","Hepatitis A",2019,52,0.117647058823529,"JPN","CHIBA",NA,NA,NA
"387","Hepatitis A",2020,1,0.0588235294117647,"JPN","CHIBA",NA,NA,NA
"388","Hepatitis A",2020,2,0.147058823529412,"JPN","CHIBA",NA,NA,NA
"389","Hepatitis A",2020,3,0,"JPN","CHIBA",NA,NA,NA
"390","Hepatitis A",2020,4,0.205882352941176,"JPN","CHIBA",NA,NA,NA
"391","Hepatitis A",2020,5,0.0588235294117647,"JPN","CHIBA",NA,NA,NA
"392","Hepatitis A",2020,6,0.0588235294117647,"JPN","CHIBA",NA,NA,NA
"393","Hepatitis A",2020,7,0.0882352941176471,"JPN","CHIBA",NA,NA,NA
"394","Hepatitis A",2020,8,0.117647058823529,"JPN","CHIBA",NA,NA,NA
"395","Hepatitis A",2020,9,0.0588235294117647,"JPN","CHIBA",NA,NA,NA
"396","Hepatitis A",2020,10,0.0882352941176471,"JPN","CHIBA",NA,NA,NA
"397","Hepatitis A",2020,11,0.0294117647058824,"JPN","CHIBA",NA,NA,NA
