"","Disease","EpiYear","EpiWeek","Incidence","ADM0","ADM1","ADM2","NA","NA"
"1","Dengue",2012,31,0.161290322580645,"JPN","AICHI",NA,NA,NA
"2","Dengue",2012,32,0.032258064516129,"JPN","AICHI",NA,NA,NA
"3","Dengue",2012,34,0.258064516129032,"JPN","AICHI",NA,NA,NA
"4","Dengue",2012,35,0.258064516129032,"JPN","AICHI",NA,NA,NA
"5","Dengue",2012,36,0.387096774193548,"JPN","AICHI",NA,NA,NA
"6","Dengue",2012,37,0.225806451612903,"JPN","AICHI",NA,NA,NA
"7","Dengue",2012,38,0.161290322580645,"JPN","AICHI",NA,NA,NA
"8","Dengue",2012,39,0.225806451612903,"JPN","AICHI",NA,NA,NA
"9","Dengue",2012,40,0.290322580645161,"JPN","AICHI",NA,NA,NA
"10","Dengue",2012,41,0.161290322580645,"JPN","AICHI",NA,NA,NA
"11","Dengue",2012,42,0.161290322580645,"JPN","AICHI",NA,NA,NA
"12","Dengue",2012,43,0.129032258064516,"JPN","AICHI",NA,NA,NA
"13","Dengue",2012,44,0.129032258064516,"JPN","AICHI",NA,NA,NA
"14","Dengue",2012,45,0.0967741935483871,"JPN","AICHI",NA,NA,NA
"15","Dengue",2012,46,0.129032258064516,"JPN","AICHI",NA,NA,NA
"16","Dengue",2012,47,0.0645161290322581,"JPN","AICHI",NA,NA,NA
"17","Dengue",2012,48,0.161290322580645,"JPN","AICHI",NA,NA,NA
"18","Dengue",2012,49,0.0967741935483871,"JPN","AICHI",NA,NA,NA
"19","Dengue",2012,50,0.032258064516129,"JPN","AICHI",NA,NA,NA
"20","Dengue",2012,51,0.0645161290322581,"JPN","AICHI",NA,NA,NA
"21","Dengue",2012,52,0.0645161290322581,"JPN","AICHI",NA,NA,NA
"22","Dengue",2013,1,0.032258064516129,"JPN","AICHI",NA,NA,NA
"23","Dengue",2013,2,0.0967741935483871,"JPN","AICHI",NA,NA,NA
"24","Dengue",2013,3,0.129032258064516,"JPN","AICHI",NA,NA,NA
"25","Dengue",2013,4,0,"JPN","AICHI",NA,NA,NA
"26","Dengue",2013,5,0,"JPN","AICHI",NA,NA,NA
"27","Dengue",2013,6,0,"JPN","AICHI",NA,NA,NA
"28","Dengue",2013,7,0.032258064516129,"JPN","AICHI",NA,NA,NA
"29","Dengue",2013,8,0.032258064516129,"JPN","AICHI",NA,NA,NA
"30","Dengue",2013,9,0.129032258064516,"JPN","AICHI",NA,NA,NA
"31","Dengue",2013,10,0.129032258064516,"JPN","AICHI",NA,NA,NA
"32","Dengue",2013,11,0.0967741935483871,"JPN","AICHI",NA,NA,NA
"33","Dengue",2013,12,0.032258064516129,"JPN","AICHI",NA,NA,NA
"34","Dengue",2013,13,0.129032258064516,"JPN","AICHI",NA,NA,NA
"35","Dengue",2013,14,0.0967741935483871,"JPN","AICHI",NA,NA,NA
"36","Dengue",2013,15,0.0645161290322581,"JPN","AICHI",NA,NA,NA
"37","Dengue",2013,16,0.129032258064516,"JPN","AICHI",NA,NA,NA
"38","Dengue",2013,17,0.0645161290322581,"JPN","AICHI",NA,NA,NA
"39","Dengue",2013,18,0,"JPN","AICHI",NA,NA,NA
"40","Dengue",2013,19,0.0645161290322581,"JPN","AICHI",NA,NA,NA
"41","Dengue",2013,20,0.161290322580645,"JPN","AICHI",NA,NA,NA
"42","Dengue",2013,21,0.161290322580645,"JPN","AICHI",NA,NA,NA
"43","Dengue",2013,22,0,"JPN","AICHI",NA,NA,NA
"44","Dengue",2013,23,0.0645161290322581,"JPN","AICHI",NA,NA,NA
"45","Dengue",2013,24,0.032258064516129,"JPN","AICHI",NA,NA,NA
"46","Dengue",2013,25,0.193548387096774,"JPN","AICHI",NA,NA,NA
"47","Dengue",2013,26,0.129032258064516,"JPN","AICHI",NA,NA,NA
"48","Dengue",2013,27,0.129032258064516,"JPN","AICHI",NA,NA,NA
"49","Dengue",2013,28,0.129032258064516,"JPN","AICHI",NA,NA,NA
"50","Dengue",2013,29,0.161290322580645,"JPN","AICHI",NA,NA,NA
"51","Dengue",2013,30,0.129032258064516,"JPN","AICHI",NA,NA,NA
"52","Dengue",2013,31,0.161290322580645,"JPN","AICHI",NA,NA,NA
"53","Dengue",2013,32,0.193548387096774,"JPN","AICHI",NA,NA,NA
"54","Dengue",2013,33,0.354838709677419,"JPN","AICHI",NA,NA,NA
"55","Dengue",2013,34,0.225806451612903,"JPN","AICHI",NA,NA,NA
"56","Dengue",2013,35,0.354838709677419,"JPN","AICHI",NA,NA,NA
"57","Dengue",2013,36,0.0645161290322581,"JPN","AICHI",NA,NA,NA
"58","Dengue",2013,37,0.161290322580645,"JPN","AICHI",NA,NA,NA
"59","Dengue",2013,38,0.290322580645161,"JPN","AICHI",NA,NA,NA
"60","Dengue",2013,39,0.161290322580645,"JPN","AICHI",NA,NA,NA
"61","Dengue",2013,40,0.225806451612903,"JPN","AICHI",NA,NA,NA
"62","Dengue",2013,41,0.32258064516129,"JPN","AICHI",NA,NA,NA
"63","Dengue",2013,42,0.161290322580645,"JPN","AICHI",NA,NA,NA
"64","Dengue",2013,43,0.0967741935483871,"JPN","AICHI",NA,NA,NA
"65","Dengue",2013,44,0.0967741935483871,"JPN","AICHI",NA,NA,NA
"66","Dengue",2013,45,0.032258064516129,"JPN","AICHI",NA,NA,NA
"67","Dengue",2013,46,0.032258064516129,"JPN","AICHI",NA,NA,NA
"68","Dengue",2013,47,0.129032258064516,"JPN","AICHI",NA,NA,NA
"69","Dengue",2013,48,0.193548387096774,"JPN","AICHI",NA,NA,NA
"70","Dengue",2013,49,0.032258064516129,"JPN","AICHI",NA,NA,NA
"71","Dengue",2013,50,0.0967741935483871,"JPN","AICHI",NA,NA,NA
"72","Dengue",2013,51,0.0645161290322581,"JPN","AICHI",NA,NA,NA
"73","Dengue",2013,52,0.129032258064516,"JPN","AICHI",NA,NA,NA
"74","Dengue",2014,1,0.032258064516129,"JPN","AICHI",NA,NA,NA
"75","Dengue",2014,2,0.0645161290322581,"JPN","AICHI",NA,NA,NA
"76","Dengue",2014,3,0.0645161290322581,"JPN","AICHI",NA,NA,NA
"77","Dengue",2014,4,0.0967741935483871,"JPN","AICHI",NA,NA,NA
"78","Dengue",2014,5,0,"JPN","AICHI",NA,NA,NA
"79","Dengue",2014,6,0.032258064516129,"JPN","AICHI",NA,NA,NA
"80","Dengue",2014,7,0.129032258064516,"JPN","AICHI",NA,NA,NA
"81","Dengue",2014,8,0.0967741935483871,"JPN","AICHI",NA,NA,NA
"82","Dengue",2014,9,0,"JPN","AICHI",NA,NA,NA
"83","Dengue",2014,10,0,"JPN","AICHI",NA,NA,NA
"84","Dengue",2014,11,0.0967741935483871,"JPN","AICHI",NA,NA,NA
"85","Dengue",2014,12,0.161290322580645,"JPN","AICHI",NA,NA,NA
"86","Dengue",2014,13,0.129032258064516,"JPN","AICHI",NA,NA,NA
"87","Dengue",2014,14,0.129032258064516,"JPN","AICHI",NA,NA,NA
"88","Dengue",2014,15,0.225806451612903,"JPN","AICHI",NA,NA,NA
"89","Dengue",2014,16,0.032258064516129,"JPN","AICHI",NA,NA,NA
"90","Dengue",2014,17,0.0645161290322581,"JPN","AICHI",NA,NA,NA
"91","Dengue",2014,18,0.0967741935483871,"JPN","AICHI",NA,NA,NA
"92","Dengue",2014,19,0.032258064516129,"JPN","AICHI",NA,NA,NA
"93","Dengue",2014,20,0.161290322580645,"JPN","AICHI",NA,NA,NA
"94","Dengue",2014,21,0.161290322580645,"JPN","AICHI",NA,NA,NA
"95","Dengue",2014,22,0.0967741935483871,"JPN","AICHI",NA,NA,NA
"96","Dengue",2014,23,0.032258064516129,"JPN","AICHI",NA,NA,NA
"97","Dengue",2014,24,0.032258064516129,"JPN","AICHI",NA,NA,NA
"98","Dengue",2014,25,0.225806451612903,"JPN","AICHI",NA,NA,NA
"99","Dengue",2014,26,0.0645161290322581,"JPN","AICHI",NA,NA,NA
"100","Dengue",2014,27,0.0967741935483871,"JPN","AICHI",NA,NA,NA
"101","Dengue",2014,28,0,"JPN","AICHI",NA,NA,NA
"102","Dengue",2014,29,0.0967741935483871,"JPN","AICHI",NA,NA,NA
"103","Dengue",2014,30,0.0645161290322581,"JPN","AICHI",NA,NA,NA
"104","Dengue",2014,31,0.0967741935483871,"JPN","AICHI",NA,NA,NA
"105","Dengue",2014,32,0.0645161290322581,"JPN","AICHI",NA,NA,NA
"106","Dengue",2014,33,0.032258064516129,"JPN","AICHI",NA,NA,NA
"107","Dengue",2014,34,0.161290322580645,"JPN","AICHI",NA,NA,NA
"108","Dengue",2014,35,0.935483870967742,"JPN","AICHI",NA,NA,NA
"109","Dengue",2014,36,1.87096774193548,"JPN","AICHI",NA,NA,NA
"110","Dengue",2014,37,1.25806451612903,"JPN","AICHI",NA,NA,NA
"111","Dengue",2014,38,0.709677419354839,"JPN","AICHI",NA,NA,NA
"112","Dengue",2014,39,0.354838709677419,"JPN","AICHI",NA,NA,NA
"113","Dengue",2014,40,0.290322580645161,"JPN","AICHI",NA,NA,NA
"114","Dengue",2014,41,0.161290322580645,"JPN","AICHI",NA,NA,NA
"115","Dengue",2014,42,0.0967741935483871,"JPN","AICHI",NA,NA,NA
"116","Dengue",2014,43,0.0645161290322581,"JPN","AICHI",NA,NA,NA
"117","Dengue",2014,44,0.0645161290322581,"JPN","AICHI",NA,NA,NA
"118","Dengue",2014,45,0.0645161290322581,"JPN","AICHI",NA,NA,NA
"119","Dengue",2014,46,0.0967741935483871,"JPN","AICHI",NA,NA,NA
"120","Dengue",2014,47,0,"JPN","AICHI",NA,NA,NA
"121","Dengue",2014,48,0.0645161290322581,"JPN","AICHI",NA,NA,NA
"122","Dengue",2014,49,0.0645161290322581,"JPN","AICHI",NA,NA,NA
"123","Dengue",2014,50,0.0967741935483871,"JPN","AICHI",NA,NA,NA
"124","Dengue",2014,51,0.032258064516129,"JPN","AICHI",NA,NA,NA
"125","Dengue",2014,52,0.0967741935483871,"JPN","AICHI",NA,NA,NA
"126","Dengue",2015,1,0.032258064516129,"JPN","AICHI",NA,NA,NA
"127","Dengue",2015,2,0.225806451612903,"JPN","AICHI",NA,NA,NA
"128","Dengue",2015,3,0.193548387096774,"JPN","AICHI",NA,NA,NA
"129","Dengue",2015,4,0.032258064516129,"JPN","AICHI",NA,NA,NA
"130","Dengue",2015,5,0.0645161290322581,"JPN","AICHI",NA,NA,NA
"131","Dengue",2015,6,0.0967741935483871,"JPN","AICHI",NA,NA,NA
"132","Dengue",2015,7,0.0645161290322581,"JPN","AICHI",NA,NA,NA
"133","Dengue",2015,8,0.0967741935483871,"JPN","AICHI",NA,NA,NA
"134","Dengue",2015,9,0.0967741935483871,"JPN","AICHI",NA,NA,NA
"135","Dengue",2015,10,0.0645161290322581,"JPN","AICHI",NA,NA,NA
"136","Dengue",2015,11,0.0645161290322581,"JPN","AICHI",NA,NA,NA
"137","Dengue",2015,12,0.161290322580645,"JPN","AICHI",NA,NA,NA
"138","Dengue",2015,13,0.161290322580645,"JPN","AICHI",NA,NA,NA
"139","Dengue",2015,14,0.258064516129032,"JPN","AICHI",NA,NA,NA
"140","Dengue",2015,15,0.129032258064516,"JPN","AICHI",NA,NA,NA
"141","Dengue",2015,16,0.129032258064516,"JPN","AICHI",NA,NA,NA
"142","Dengue",2015,17,0.0645161290322581,"JPN","AICHI",NA,NA,NA
"143","Dengue",2015,18,0.0967741935483871,"JPN","AICHI",NA,NA,NA
"144","Dengue",2015,19,0.032258064516129,"JPN","AICHI",NA,NA,NA
"145","Dengue",2015,20,0.032258064516129,"JPN","AICHI",NA,NA,NA
"146","Dengue",2015,21,0.225806451612903,"JPN","AICHI",NA,NA,NA
"147","Dengue",2015,22,0.0645161290322581,"JPN","AICHI",NA,NA,NA
"148","Dengue",2015,23,0.193548387096774,"JPN","AICHI",NA,NA,NA
"149","Dengue",2015,24,0.161290322580645,"JPN","AICHI",NA,NA,NA
"150","Dengue",2015,25,0.0967741935483871,"JPN","AICHI",NA,NA,NA
"151","Dengue",2015,26,0.032258064516129,"JPN","AICHI",NA,NA,NA
"152","Dengue",2015,27,0.258064516129032,"JPN","AICHI",NA,NA,NA
"153","Dengue",2015,28,0.193548387096774,"JPN","AICHI",NA,NA,NA
"154","Dengue",2015,29,0.129032258064516,"JPN","AICHI",NA,NA,NA
"155","Dengue",2015,30,0.0967741935483871,"JPN","AICHI",NA,NA,NA
"156","Dengue",2015,31,0.0645161290322581,"JPN","AICHI",NA,NA,NA
"157","Dengue",2015,32,0.161290322580645,"JPN","AICHI",NA,NA,NA
"158","Dengue",2015,33,0.193548387096774,"JPN","AICHI",NA,NA,NA
"159","Dengue",2015,34,0.290322580645161,"JPN","AICHI",NA,NA,NA
"160","Dengue",2015,35,0.387096774193548,"JPN","AICHI",NA,NA,NA
"161","Dengue",2015,36,0.451612903225806,"JPN","AICHI",NA,NA,NA
"162","Dengue",2015,37,0.290322580645161,"JPN","AICHI",NA,NA,NA
"163","Dengue",2015,38,0.32258064516129,"JPN","AICHI",NA,NA,NA
"164","Dengue",2015,39,0.225806451612903,"JPN","AICHI",NA,NA,NA
"165","Dengue",2015,40,0.354838709677419,"JPN","AICHI",NA,NA,NA
"166","Dengue",2015,41,0.258064516129032,"JPN","AICHI",NA,NA,NA
"167","Dengue",2015,42,0.129032258064516,"JPN","AICHI",NA,NA,NA
"168","Dengue",2015,43,0.193548387096774,"JPN","AICHI",NA,NA,NA
"169","Dengue",2015,44,0.0645161290322581,"JPN","AICHI",NA,NA,NA
"170","Dengue",2015,45,0.129032258064516,"JPN","AICHI",NA,NA,NA
"171","Dengue",2015,46,0.129032258064516,"JPN","AICHI",NA,NA,NA
"172","Dengue",2015,47,0.0967741935483871,"JPN","AICHI",NA,NA,NA
"173","Dengue",2015,48,0.129032258064516,"JPN","AICHI",NA,NA,NA
"174","Dengue",2015,49,0,"JPN","AICHI",NA,NA,NA
"175","Dengue",2015,50,0.0967741935483871,"JPN","AICHI",NA,NA,NA
"176","Dengue",2015,51,0.225806451612903,"JPN","AICHI",NA,NA,NA
"177","Dengue",2015,52,0.0967741935483871,"JPN","AICHI",NA,NA,NA
"178","Dengue",2015,53,0.0967741935483871,"JPN","AICHI",NA,NA,NA
"179","Dengue",2016,1,0.258064516129032,"JPN","AICHI",NA,NA,NA
"180","Dengue",2016,2,0.193548387096774,"JPN","AICHI",NA,NA,NA
"181","Dengue",2016,3,0.0645161290322581,"JPN","AICHI",NA,NA,NA
"182","Dengue",2016,4,0.0645161290322581,"JPN","AICHI",NA,NA,NA
"183","Dengue",2016,5,0.193548387096774,"JPN","AICHI",NA,NA,NA
"184","Dengue",2016,6,0.032258064516129,"JPN","AICHI",NA,NA,NA
"185","Dengue",2016,7,0.0967741935483871,"JPN","AICHI",NA,NA,NA
"186","Dengue",2016,8,0.032258064516129,"JPN","AICHI",NA,NA,NA
"187","Dengue",2016,9,0.193548387096774,"JPN","AICHI",NA,NA,NA
"188","Dengue",2016,10,0.225806451612903,"JPN","AICHI",NA,NA,NA
"189","Dengue",2016,11,0.129032258064516,"JPN","AICHI",NA,NA,NA
"190","Dengue",2016,12,0.419354838709677,"JPN","AKITA",NA,NA,NA
"191","Dengue",2016,13,0.387096774193548,"JPN","AKITA",NA,NA,NA
"192","Dengue",2016,14,0.290322580645161,"JPN","AKITA",NA,NA,NA
"193","Dengue",2016,15,0.032258064516129,"JPN","AKITA",NA,NA,NA
"194","Dengue",2016,16,0.225806451612903,"JPN","AKITA",NA,NA,NA
"195","Dengue",2016,17,0.129032258064516,"JPN","AKITA",NA,NA,NA
"196","Dengue",2016,18,0.161290322580645,"JPN","AKITA",NA,NA,NA
"197","Dengue",2016,19,0.290322580645161,"JPN","AKITA",NA,NA,NA
"198","Dengue",2016,20,0.161290322580645,"JPN","AKITA",NA,NA,NA
"199","Dengue",2016,21,0.129032258064516,"JPN","AKITA",NA,NA,NA
"200","Dengue",2016,22,0.0645161290322581,"JPN","AKITA",NA,NA,NA
"201","Dengue",2016,23,0.193548387096774,"JPN","AKITA",NA,NA,NA
"202","Dengue",2016,24,0.193548387096774,"JPN","AKITA",NA,NA,NA
"203","Dengue",2016,25,0.032258064516129,"JPN","AKITA",NA,NA,NA
"204","Dengue",2016,26,0.258064516129032,"JPN","AKITA",NA,NA,NA
"205","Dengue",2016,27,0.129032258064516,"JPN","AKITA",NA,NA,NA
"206","Dengue",2016,28,0.258064516129032,"JPN","AKITA",NA,NA,NA
"207","Dengue",2016,29,0.129032258064516,"JPN","AKITA",NA,NA,NA
"208","Dengue",2016,30,0.193548387096774,"JPN","AKITA",NA,NA,NA
"209","Dengue",2016,31,0.225806451612903,"JPN","AKITA",NA,NA,NA
"210","Dengue",2016,32,0.0967741935483871,"JPN","AKITA",NA,NA,NA
"211","Dengue",2016,33,0.290322580645161,"JPN","AKITA",NA,NA,NA
"212","Dengue",2016,34,0.419354838709677,"JPN","AKITA",NA,NA,NA
"213","Dengue",2016,35,0.387096774193548,"JPN","AKITA",NA,NA,NA
"214","Dengue",2016,36,0.225806451612903,"JPN","AKITA",NA,NA,NA
"215","Dengue",2016,37,0.32258064516129,"JPN","AKITA",NA,NA,NA
"216","Dengue",2016,38,0.258064516129032,"JPN","AKITA",NA,NA,NA
"217","Dengue",2016,39,0.32258064516129,"JPN","AKITA",NA,NA,NA
"218","Dengue",2016,40,0.290322580645161,"JPN","AKITA",NA,NA,NA
"219","Dengue",2016,41,0.129032258064516,"JPN","AKITA",NA,NA,NA
"220","Dengue",2016,42,0.225806451612903,"JPN","AKITA",NA,NA,NA
"221","Dengue",2016,43,0.225806451612903,"JPN","AKITA",NA,NA,NA
"222","Dengue",2016,44,0.0967741935483871,"JPN","AKITA",NA,NA,NA
"223","Dengue",2016,45,0.0967741935483871,"JPN","AKITA",NA,NA,NA
"224","Dengue",2016,46,0.0645161290322581,"JPN","AKITA",NA,NA,NA
"225","Dengue",2016,47,0.0967741935483871,"JPN","AKITA",NA,NA,NA
"226","Dengue",2016,48,0.0967741935483871,"JPN","AKITA",NA,NA,NA
"227","Dengue",2016,49,0.0645161290322581,"JPN","AKITA",NA,NA,NA
"228","Dengue",2016,50,0.0645161290322581,"JPN","AKITA",NA,NA,NA
"229","Dengue",2016,51,0.0967741935483871,"JPN","AKITA",NA,NA,NA
"230","Dengue",2016,52,0.0967741935483871,"JPN","AKITA",NA,NA,NA
"231","Dengue",2017,1,0.0967741935483871,"JPN","AKITA",NA,NA,NA
"232","Dengue",2017,2,0.129032258064516,"JPN","AKITA",NA,NA,NA
"233","Dengue",2017,3,0.290322580645161,"JPN","AKITA",NA,NA,NA
"234","Dengue",2017,4,0.0967741935483871,"JPN","AKITA",NA,NA,NA
"235","Dengue",2017,5,0.032258064516129,"JPN","AKITA",NA,NA,NA
"236","Dengue",2017,6,0.0645161290322581,"JPN","AKITA",NA,NA,NA
"237","Dengue",2017,7,0.0645161290322581,"JPN","AKITA",NA,NA,NA
"238","Dengue",2017,8,0.032258064516129,"JPN","AKITA",NA,NA,NA
"239","Dengue",2017,9,0,"JPN","AKITA",NA,NA,NA
"240","Dengue",2017,10,0.032258064516129,"JPN","AKITA",NA,NA,NA
"241","Dengue",2017,11,0.225806451612903,"JPN","AKITA",NA,NA,NA
"242","Dengue",2017,12,0.193548387096774,"JPN","AKITA",NA,NA,NA
"243","Dengue",2017,13,0.258064516129032,"JPN","AKITA",NA,NA,NA
"244","Dengue",2017,14,0.225806451612903,"JPN","AKITA",NA,NA,NA
"245","Dengue",2017,15,0.032258064516129,"JPN","AKITA",NA,NA,NA
"246","Dengue",2017,16,0,"JPN","AKITA",NA,NA,NA
"247","Dengue",2017,17,0.032258064516129,"JPN","AKITA",NA,NA,NA
"248","Dengue",2017,18,0.032258064516129,"JPN","AKITA",NA,NA,NA
"249","Dengue",2017,19,0.0967741935483871,"JPN","AKITA",NA,NA,NA
"250","Dengue",2017,20,0.0967741935483871,"JPN","AKITA",NA,NA,NA
"251","Dengue",2017,21,0.0967741935483871,"JPN","AKITA",NA,NA,NA
"252","Dengue",2017,22,0.0645161290322581,"JPN","AKITA",NA,NA,NA
"253","Dengue",2017,23,0.0967741935483871,"JPN","AKITA",NA,NA,NA
"254","Dengue",2017,24,0.0967741935483871,"JPN","AKITA",NA,NA,NA
"255","Dengue",2017,25,0.0967741935483871,"JPN","AKITA",NA,NA,NA
"256","Dengue",2017,26,0.161290322580645,"JPN","AKITA",NA,NA,NA
"257","Dengue",2017,27,0.129032258064516,"JPN","AKITA",NA,NA,NA
"258","Dengue",2017,28,0.161290322580645,"JPN","AKITA",NA,NA,NA
"259","Dengue",2017,29,0.161290322580645,"JPN","AKITA",NA,NA,NA
"260","Dengue",2017,30,0.129032258064516,"JPN","AKITA",NA,NA,NA
"261","Dengue",2017,31,0.193548387096774,"JPN","AKITA",NA,NA,NA
"262","Dengue",2017,32,0.225806451612903,"JPN","AKITA",NA,NA,NA
"263","Dengue",2017,33,0.0967741935483871,"JPN","AKITA",NA,NA,NA
"264","Dengue",2017,34,0.451612903225806,"JPN","AKITA",NA,NA,NA
"265","Dengue",2017,35,0.32258064516129,"JPN","AKITA",NA,NA,NA
"266","Dengue",2017,36,0.258064516129032,"JPN","AKITA",NA,NA,NA
"267","Dengue",2017,37,0.161290322580645,"JPN","AKITA",NA,NA,NA
"268","Dengue",2017,38,0.290322580645161,"JPN","AKITA",NA,NA,NA
"269","Dengue",2017,39,0.193548387096774,"JPN","AKITA",NA,NA,NA
"270","Dengue",2017,40,0.225806451612903,"JPN","AKITA",NA,NA,NA
"271","Dengue",2017,41,0.0967741935483871,"JPN","AKITA",NA,NA,NA
"272","Dengue",2017,42,0.258064516129032,"JPN","AKITA",NA,NA,NA
"273","Dengue",2017,43,0.193548387096774,"JPN","AKITA",NA,NA,NA
"274","Dengue",2017,44,0.032258064516129,"JPN","AOMORI",NA,NA,NA
"275","Dengue",2017,45,0.193548387096774,"JPN","AOMORI",NA,NA,NA
"276","Dengue",2017,46,0,"JPN","AOMORI",NA,NA,NA
"277","Dengue",2017,47,0.129032258064516,"JPN","AOMORI",NA,NA,NA
"278","Dengue",2017,48,0.032258064516129,"JPN","AOMORI",NA,NA,NA
"279","Dengue",2017,49,0.0645161290322581,"JPN","AOMORI",NA,NA,NA
"280","Dengue",2017,50,0.0645161290322581,"JPN","AOMORI",NA,NA,NA
"281","Dengue",2017,51,0.032258064516129,"JPN","AOMORI",NA,NA,NA
"282","Dengue",2017,52,0.032258064516129,"JPN","AOMORI",NA,NA,NA
"283","Dengue",2018,1,0.0645161290322581,"JPN","AOMORI",NA,NA,NA
"284","Dengue",2018,2,0.032258064516129,"JPN","AOMORI",NA,NA,NA
"285","Dengue",2018,3,0,"JPN","AOMORI",NA,NA,NA
"286","Dengue",2018,4,0.032258064516129,"JPN","AOMORI",NA,NA,NA
"287","Dengue",2018,5,0,"JPN","AOMORI",NA,NA,NA
"288","Dengue",2018,6,0.129032258064516,"JPN","AOMORI",NA,NA,NA
"289","Dengue",2018,7,0.032258064516129,"JPN","AOMORI",NA,NA,NA
"290","Dengue",2018,8,0.032258064516129,"JPN","AOMORI",NA,NA,NA
"291","Dengue",2018,9,0.129032258064516,"JPN","AOMORI",NA,NA,NA
"292","Dengue",2018,10,0.0967741935483871,"JPN","AOMORI",NA,NA,NA
"293","Dengue",2018,11,0.0645161290322581,"JPN","AOMORI",NA,NA,NA
"294","Dengue",2018,12,0,"JPN","AOMORI",NA,NA,NA
"295","Dengue",2018,13,0.0645161290322581,"JPN","AOMORI",NA,NA,NA
"296","Dengue",2018,14,0,"JPN","AOMORI",NA,NA,NA
"297","Dengue",2018,15,0,"JPN","AOMORI",NA,NA,NA
"298","Dengue",2018,16,0.0645161290322581,"JPN","AOMORI",NA,NA,NA
"299","Dengue",2018,17,0.0645161290322581,"JPN","AOMORI",NA,NA,NA
"300","Dengue",2018,18,0.032258064516129,"JPN","AOMORI",NA,NA,NA
"301","Dengue",2018,19,0.032258064516129,"JPN","AOMORI",NA,NA,NA
"302","Dengue",2018,20,0.193548387096774,"JPN","AOMORI",NA,NA,NA
"303","Dengue",2018,21,0.0967741935483871,"JPN","AOMORI",NA,NA,NA
"304","Dengue",2018,22,0.0645161290322581,"JPN","AOMORI",NA,NA,NA
"305","Dengue",2018,23,0.0645161290322581,"JPN","AOMORI",NA,NA,NA
"306","Dengue",2018,24,0.0967741935483871,"JPN","AOMORI",NA,NA,NA
"307","Dengue",2018,25,0.0645161290322581,"JPN","AOMORI",NA,NA,NA
"308","Dengue",2018,26,0.032258064516129,"JPN","AOMORI",NA,NA,NA
"309","Dengue",2018,27,0.0967741935483871,"JPN","AOMORI",NA,NA,NA
"310","Dengue",2018,28,0.032258064516129,"JPN","AOMORI",NA,NA,NA
"311","Dengue",2018,29,0.0967741935483871,"JPN","AOMORI",NA,NA,NA
"312","Dengue",2018,30,0.0645161290322581,"JPN","AOMORI",NA,NA,NA
"313","Dengue",2018,31,0.032258064516129,"JPN","AOMORI",NA,NA,NA
"314","Dengue",2018,32,0.161290322580645,"JPN","AOMORI",NA,NA,NA
"315","Dengue",2018,33,0.161290322580645,"JPN","AOMORI",NA,NA,NA
"316","Dengue",2018,34,0.290322580645161,"JPN","AOMORI",NA,NA,NA
"317","Dengue",2018,35,0.258064516129032,"JPN","AOMORI",NA,NA,NA
"318","Dengue",2018,36,0.258064516129032,"JPN","AOMORI",NA,NA,NA
"319","Dengue",2018,37,0.225806451612903,"JPN","AOMORI",NA,NA,NA
"320","Dengue",2018,38,0.129032258064516,"JPN","AOMORI",NA,NA,NA
"321","Dengue",2018,39,0.258064516129032,"JPN","AOMORI",NA,NA,NA
"322","Dengue",2018,40,0.0645161290322581,"JPN","AOMORI",NA,NA,NA
"323","Dengue",2018,41,0.0967741935483871,"JPN","AOMORI",NA,NA,NA
"324","Dengue",2018,42,0.0967741935483871,"JPN","AOMORI",NA,NA,NA
"325","Dengue",2018,43,0.0645161290322581,"JPN","AOMORI",NA,NA,NA
"326","Dengue",2018,44,0.161290322580645,"JPN","AOMORI",NA,NA,NA
"327","Dengue",2018,45,0.258064516129032,"JPN","AOMORI",NA,NA,NA
"328","Dengue",2018,46,0.0645161290322581,"JPN","AOMORI",NA,NA,NA
"329","Dengue",2018,47,0.0967741935483871,"JPN","AOMORI",NA,NA,NA
"330","Dengue",2018,48,0.0967741935483871,"JPN","AOMORI",NA,NA,NA
"331","Dengue",2018,49,0.0967741935483871,"JPN","AOMORI",NA,NA,NA
"332","Dengue",2018,50,0.129032258064516,"JPN","AOMORI",NA,NA,NA
"333","Dengue",2018,51,0.0967741935483871,"JPN","AOMORI",NA,NA,NA
"334","Dengue",2018,52,0.0645161290322581,"JPN","AOMORI",NA,NA,NA
"335","Dengue",2019,1,0.0967741935483871,"JPN","AOMORI",NA,NA,NA
"336","Dengue",2019,2,0.354838709677419,"JPN","AOMORI",NA,NA,NA
"337","Dengue",2019,3,0.225806451612903,"JPN","CHIBA",NA,NA,NA
"338","Dengue",2019,4,0.032258064516129,"JPN","CHIBA",NA,NA,NA
"339","Dengue",2019,5,0.161290322580645,"JPN","CHIBA",NA,NA,NA
"340","Dengue",2019,6,0,"JPN","CHIBA",NA,NA,NA
"341","Dengue",2019,7,0.129032258064516,"JPN","CHIBA",NA,NA,NA
"342","Dengue",2019,8,0.161290322580645,"JPN","CHIBA",NA,NA,NA
"343","Dengue",2019,9,0.193548387096774,"JPN","CHIBA",NA,NA,NA
"344","Dengue",2019,10,0.258064516129032,"JPN","CHIBA",NA,NA,NA
"345","Dengue",2019,11,0.129032258064516,"JPN","CHIBA",NA,NA,NA
"346","Dengue",2019,12,0.0967741935483871,"JPN","CHIBA",NA,NA,NA
"347","Dengue",2019,13,0.161290322580645,"JPN","CHIBA",NA,NA,NA
"348","Dengue",2019,14,0.193548387096774,"JPN","CHIBA",NA,NA,NA
"349","Dengue",2019,15,0.193548387096774,"JPN","CHIBA",NA,NA,NA
"350","Dengue",2019,16,0.193548387096774,"JPN","CHIBA",NA,NA,NA
"351","Dengue",2019,17,0.0967741935483871,"JPN","CHIBA",NA,NA,NA
"352","Dengue",2019,18,0.0967741935483871,"JPN","CHIBA",NA,NA,NA
"353","Dengue",2019,19,0.225806451612903,"JPN","CHIBA",NA,NA,NA
"354","Dengue",2019,20,0.225806451612903,"JPN","CHIBA",NA,NA,NA
"355","Dengue",2019,21,0.161290322580645,"JPN","CHIBA",NA,NA,NA
"356","Dengue",2019,22,0.129032258064516,"JPN","CHIBA",NA,NA,NA
"357","Dengue",2019,23,0.032258064516129,"JPN","CHIBA",NA,NA,NA
"358","Dengue",2019,24,0.0645161290322581,"JPN","CHIBA",NA,NA,NA
"359","Dengue",2019,25,0.161290322580645,"JPN","CHIBA",NA,NA,NA
"360","Dengue",2019,26,0.193548387096774,"JPN","CHIBA",NA,NA,NA
"361","Dengue",2019,27,0.290322580645161,"JPN","CHIBA",NA,NA,NA
"362","Dengue",2019,28,0.0967741935483871,"JPN","CHIBA",NA,NA,NA
"363","Dengue",2019,29,0.0967741935483871,"JPN","CHIBA",NA,NA,NA
"364","Dengue",2019,30,0.161290322580645,"JPN","CHIBA",NA,NA,NA
"365","Dengue",2019,31,0.225806451612903,"JPN","CHIBA",NA,NA,NA
"366","Dengue",2019,32,0.161290322580645,"JPN","CHIBA",NA,NA,NA
"367","Dengue",2019,33,0.741935483870968,"JPN","CHIBA",NA,NA,NA
"368","Dengue",2019,34,1.06451612903226,"JPN","CHIBA",NA,NA,NA
"369","Dengue",2019,35,0.645161290322581,"JPN","CHIBA",NA,NA,NA
"370","Dengue",2019,36,0.67741935483871,"JPN","CHIBA",NA,NA,NA
"371","Dengue",2019,37,0.193548387096774,"JPN","CHIBA",NA,NA,NA
"372","Dengue",2019,38,0.354838709677419,"JPN","CHIBA",NA,NA,NA
"373","Dengue",2019,39,0.548387096774194,"JPN","CHIBA",NA,NA,NA
"374","Dengue",2019,40,0.580645161290323,"JPN","CHIBA",NA,NA,NA
"375","Dengue",2019,41,0.387096774193548,"JPN","CHIBA",NA,NA,NA
"376","Dengue",2019,42,0.0645161290322581,"JPN","CHIBA",NA,NA,NA
"377","Dengue",2019,43,0.258064516129032,"JPN","CHIBA",NA,NA,NA
"378","Dengue",2019,44,0.193548387096774,"JPN","CHIBA",NA,NA,NA
"379","Dengue",2019,45,0.161290322580645,"JPN","CHIBA",NA,NA,NA
"380","Dengue",2019,46,0.225806451612903,"JPN","CHIBA",NA,NA,NA
"381","Dengue",2019,47,0.225806451612903,"JPN","CHIBA",NA,NA,NA
"382","Dengue",2019,48,0.0967741935483871,"JPN","CHIBA",NA,NA,NA
"383","Dengue",2019,49,0.129032258064516,"JPN","CHIBA",NA,NA,NA
"384","Dengue",2019,50,0.0967741935483871,"JPN","CHIBA",NA,NA,NA
"385","Dengue",2019,51,0.161290322580645,"JPN","CHIBA",NA,NA,NA
"386","Dengue",2019,52,0.129032258064516,"JPN","CHIBA",NA,NA,NA
"387","Dengue",2020,1,0.0645161290322581,"JPN","CHIBA",NA,NA,NA
"388","Dengue",2020,2,0.0645161290322581,"JPN","CHIBA",NA,NA,NA
"389","Dengue",2020,3,0.129032258064516,"JPN","CHIBA",NA,NA,NA
"390","Dengue",2020,4,0.129032258064516,"JPN","CHIBA",NA,NA,NA
"391","Dengue",2020,5,0.129032258064516,"JPN","CHIBA",NA,NA,NA
"392","Dengue",2020,6,0.0645161290322581,"JPN","CHIBA",NA,NA,NA
"393","Dengue",2020,7,0,"JPN","CHIBA",NA,NA,NA
"394","Dengue",2020,8,0.0645161290322581,"JPN","CHIBA",NA,NA,NA
"395","Dengue",2020,9,0.0645161290322581,"JPN","CHIBA",NA,NA,NA
"396","Dengue",2020,10,0.0645161290322581,"JPN","CHIBA",NA,NA,NA
"397","Dengue",2020,11,0.032258064516129,"JPN","CHIBA",NA,NA,NA
