"","Disease","EpiYear","EpiWeek","Incidence","ADM0","ADM1","ADM2","NA","NA"
"1","Pertussis",2018,1,0.170212765957447,"JPN","AICHI",NA,NA,NA
"2","Pertussis",2018,2,0.574468085106383,"JPN","AICHI",NA,NA,NA
"3","Pertussis",2018,3,0.808510638297872,"JPN","AICHI",NA,NA,NA
"4","Pertussis",2018,4,0.851063829787234,"JPN","AICHI",NA,NA,NA
"5","Pertussis",2018,5,0.765957446808511,"JPN","AICHI",NA,NA,NA
"6","Pertussis",2018,6,1.02127659574468,"JPN","AICHI",NA,NA,NA
"7","Pertussis",2018,7,0.574468085106383,"JPN","AICHI",NA,NA,NA
"8","Pertussis",2018,8,1.08510638297872,"JPN","AICHI",NA,NA,NA
"9","Pertussis",2018,9,0.851063829787234,"JPN","AICHI",NA,NA,NA
"10","Pertussis",2018,10,1.04255319148936,"JPN","AICHI",NA,NA,NA
"11","Pertussis",2018,11,1.14893617021277,"JPN","AICHI",NA,NA,NA
"12","Pertussis",2018,12,0.851063829787234,"JPN","AICHI",NA,NA,NA
"13","Pertussis",2018,13,0.978723404255319,"JPN","AICHI",NA,NA,NA
"14","Pertussis",2018,14,1.31914893617021,"JPN","AICHI",NA,NA,NA
"15","Pertussis",2018,15,0.851063829787234,"JPN","AICHI",NA,NA,NA
"16","Pertussis",2018,16,1.53191489361702,"JPN","AICHI",NA,NA,NA
"17","Pertussis",2018,17,1.65957446808511,"JPN","AICHI",NA,NA,NA
"18","Pertussis",2018,18,1.1063829787234,"JPN","AICHI",NA,NA,NA
"19","Pertussis",2018,19,1.97872340425532,"JPN","AICHI",NA,NA,NA
"20","Pertussis",2018,20,2.85106382978723,"JPN","AICHI",NA,NA,NA
"21","Pertussis",2018,21,2.78723404255319,"JPN","AICHI",NA,NA,NA
"22","Pertussis",2018,22,2.80851063829787,"JPN","AICHI",NA,NA,NA
"23","Pertussis",2018,23,2.95744680851064,"JPN","AICHI",NA,NA,NA
"24","Pertussis",2018,24,3.04255319148936,"JPN","AICHI",NA,NA,NA
"25","Pertussis",2018,25,3.23404255319149,"JPN","AICHI",NA,NA,NA
"26","Pertussis",2018,26,4,"JPN","AICHI",NA,NA,NA
"27","Pertussis",2018,27,2.8936170212766,"JPN","AICHI",NA,NA,NA
"28","Pertussis",2018,28,3,"JPN","AICHI",NA,NA,NA
"29","Pertussis",2018,29,2.87234042553191,"JPN","AICHI",NA,NA,NA
"30","Pertussis",2018,30,4.59574468085106,"JPN","AICHI",NA,NA,NA
"31","Pertussis",2018,31,4.27659574468085,"JPN","AICHI",NA,NA,NA
"32","Pertussis",2018,32,5.12765957446809,"JPN","AICHI",NA,NA,NA
"33","Pertussis",2018,33,3.27659574468085,"JPN","AICHI",NA,NA,NA
"34","Pertussis",2018,34,5.53191489361702,"JPN","AICHI",NA,NA,NA
"35","Pertussis",2018,35,5.17021276595745,"JPN","AICHI",NA,NA,NA
"36","Pertussis",2018,36,4.82978723404255,"JPN","AICHI",NA,NA,NA
"37","Pertussis",2018,37,5.14893617021277,"JPN","AICHI",NA,NA,NA
"38","Pertussis",2018,38,3.72340425531915,"JPN","AICHI",NA,NA,NA
"39","Pertussis",2018,39,4.5531914893617,"JPN","AICHI",NA,NA,NA
"40","Pertussis",2018,40,4.57446808510638,"JPN","AICHI",NA,NA,NA
"41","Pertussis",2018,41,3.65957446808511,"JPN","AICHI",NA,NA,NA
"42","Pertussis",2018,42,5.36170212765957,"JPN","AICHI",NA,NA,NA
"43","Pertussis",2018,43,5.57446808510638,"JPN","AICHI",NA,NA,NA
"44","Pertussis",2018,44,6.72340425531915,"JPN","AICHI",NA,NA,NA
"45","Pertussis",2018,45,5.51063829787234,"JPN","AICHI",NA,NA,NA
"46","Pertussis",2018,46,6.17021276595745,"JPN","AICHI",NA,NA,NA
"47","Pertussis",2018,47,5.8936170212766,"JPN","AICHI",NA,NA,NA
"48","Pertussis",2018,48,6.06382978723404,"JPN","AICHI",NA,NA,NA
"49","Pertussis",2018,49,6.80851063829787,"JPN","AICHI",NA,NA,NA
"50","Pertussis",2018,50,6.1063829787234,"JPN","AICHI",NA,NA,NA
"51","Pertussis",2018,51,5.31914893617021,"JPN","AICHI",NA,NA,NA
"52","Pertussis",2018,52,4.97872340425532,"JPN","AICHI",NA,NA,NA
"53","Pertussis",2019,1,1.29787234042553,"JPN","AICHI",NA,NA,NA
"54","Pertussis",2019,2,5.08510638297872,"JPN","AICHI",NA,NA,NA
"55","Pertussis",2019,3,4.72340425531915,"JPN","AICHI",NA,NA,NA
"56","Pertussis",2019,4,5.04255319148936,"JPN","AICHI",NA,NA,NA
"57","Pertussis",2019,5,5.02127659574468,"JPN","AICHI",NA,NA,NA
"58","Pertussis",2019,6,5.29787234042553,"JPN","AICHI",NA,NA,NA
"59","Pertussis",2019,7,4.12765957446809,"JPN","AICHI",NA,NA,NA
"60","Pertussis",2019,8,5.14893617021277,"JPN","AICHI",NA,NA,NA
"61","Pertussis",2019,9,5.04255319148936,"JPN","AICHI",NA,NA,NA
"62","Pertussis",2019,10,5.51063829787234,"JPN","AICHI",NA,NA,NA
"63","Pertussis",2019,11,5.68085106382979,"JPN","AICHI",NA,NA,NA
"64","Pertussis",2019,12,4.02127659574468,"JPN","AICHI",NA,NA,NA
"65","Pertussis",2019,13,5.14893617021277,"JPN","AICHI",NA,NA,NA
"66","Pertussis",2019,14,4.80851063829787,"JPN","AICHI",NA,NA,NA
"67","Pertussis",2019,15,4.06382978723404,"JPN","AICHI",NA,NA,NA
"68","Pertussis",2019,16,4.21276595744681,"JPN","AICHI",NA,NA,NA
"69","Pertussis",2019,17,4.51063829787234,"JPN","AICHI",NA,NA,NA
"70","Pertussis",2019,18,1.04255319148936,"JPN","AICHI",NA,NA,NA
"71","Pertussis",2019,19,3.48936170212766,"JPN","AICHI",NA,NA,NA
"72","Pertussis",2019,20,5.14893617021277,"JPN","AICHI",NA,NA,NA
"73","Pertussis",2019,21,4.95744680851064,"JPN","AICHI",NA,NA,NA
"74","Pertussis",2019,22,4.74468085106383,"JPN","AICHI",NA,NA,NA
"75","Pertussis",2019,23,4.74468085106383,"JPN","AICHI",NA,NA,NA
"76","Pertussis",2019,24,5.38297872340426,"JPN","AICHI",NA,NA,NA
"77","Pertussis",2019,25,6,"JPN","AICHI",NA,NA,NA
"78","Pertussis",2019,26,6.91489361702128,"JPN","AICHI",NA,NA,NA
"79","Pertussis",2019,27,6.80851063829787,"JPN","AICHI",NA,NA,NA
"80","Pertussis",2019,28,6.27659574468085,"JPN","AICHI",NA,NA,NA
"81","Pertussis",2019,29,5.78723404255319,"JPN","AICHI",NA,NA,NA
"82","Pertussis",2019,30,5.76595744680851,"JPN","AICHI",NA,NA,NA
"83","Pertussis",2019,31,4.91489361702128,"JPN","AICHI",NA,NA,NA
"84","Pertussis",2019,32,5.36170212765957,"JPN","AICHI",NA,NA,NA
"85","Pertussis",2019,33,3.17021276595745,"JPN","AICHI",NA,NA,NA
"86","Pertussis",2019,34,6.04255319148936,"JPN","AICHI",NA,NA,NA
"87","Pertussis",2019,35,7.51063829787234,"JPN","AICHI",NA,NA,NA
"88","Pertussis",2019,36,5.5531914893617,"JPN","AICHI",NA,NA,NA
"89","Pertussis",2019,37,5.61702127659574,"JPN","AICHI",NA,NA,NA
"90","Pertussis",2019,38,4.63829787234043,"JPN","AICHI",NA,NA,NA
"91","Pertussis",2019,39,4.48936170212766,"JPN","AICHI",NA,NA,NA
"92","Pertussis",2019,40,6.14893617021277,"JPN","AICHI",NA,NA,NA
"93","Pertussis",2019,41,5.23404255319149,"JPN","AICHI",NA,NA,NA
"94","Pertussis",2019,42,4.34042553191489,"JPN","AICHI",NA,NA,NA
"95","Pertussis",2019,43,5.21276595744681,"JPN","AICHI",NA,NA,NA
"96","Pertussis",2019,44,5,"JPN","AICHI",NA,NA,NA
"97","Pertussis",2019,45,3.5531914893617,"JPN","AICHI",NA,NA,NA
"98","Pertussis",2019,46,4.8936170212766,"JPN","AICHI",NA,NA,NA
"99","Pertussis",2019,47,4.53191489361702,"JPN","AICHI",NA,NA,NA
"100","Pertussis",2019,48,4.74468085106383,"JPN","AICHI",NA,NA,NA
"101","Pertussis",2019,49,4.23404255319149,"JPN","AICHI",NA,NA,NA
"102","Pertussis",2019,50,3.5531914893617,"JPN","AICHI",NA,NA,NA
"103","Pertussis",2019,51,3.40425531914894,"JPN","AICHI",NA,NA,NA
"104","Pertussis",2019,52,3.80851063829787,"JPN","AICHI",NA,NA,NA
"105","Pertussis",2020,1,0.297872340425532,"JPN","AICHI",NA,NA,NA
"106","Pertussis",2020,2,2.95744680851064,"JPN","AICHI",NA,NA,NA
"107","Pertussis",2020,3,2.65957446808511,"JPN","AICHI",NA,NA,NA
"108","Pertussis",2020,4,3.08510638297872,"JPN","AICHI",NA,NA,NA
"109","Pertussis",2020,5,2.68085106382979,"JPN","AICHI",NA,NA,NA
"110","Pertussis",2020,6,3.08510638297872,"JPN","AICHI",NA,NA,NA
"111","Pertussis",2020,7,2.06382978723404,"JPN","AICHI",NA,NA,NA
"112","Pertussis",2020,8,2.29787234042553,"JPN","AICHI",NA,NA,NA
"113","Pertussis",2020,9,2.19148936170213,"JPN","AICHI",NA,NA,NA
"114","Pertussis",2020,10,2.85106382978723,"JPN","AICHI",NA,NA,NA
"115","Pertussis",2020,11,2.36170212765957,"JPN","AICHI",NA,NA,NA
