"","Disease","EpiYear","EpiWeek","Incidence","ADM0","ADM1","ADM2","NA","NA"
"1","Tuberculosis",2012,31,7.46808510638298,"JPN","AICHI",NA,NA,NA
"2","Tuberculosis",2012,32,8.25531914893617,"JPN","AICHI",NA,NA,NA
"3","Tuberculosis",2012,34,7.48936170212766,"JPN","AICHI",NA,NA,NA
"4","Tuberculosis",2012,35,7.61702127659574,"JPN","AICHI",NA,NA,NA
"5","Tuberculosis",2012,36,8.59574468085106,"JPN","AICHI",NA,NA,NA
"6","Tuberculosis",2012,37,7.68085106382979,"JPN","AICHI",NA,NA,NA
"7","Tuberculosis",2012,38,6.06382978723404,"JPN","AICHI",NA,NA,NA
"8","Tuberculosis",2012,39,7.12765957446809,"JPN","AICHI",NA,NA,NA
"9","Tuberculosis",2012,40,7,"JPN","AICHI",NA,NA,NA
"10","Tuberculosis",2012,41,6.85106382978723,"JPN","AICHI",NA,NA,NA
"11","Tuberculosis",2012,42,7.95744680851064,"JPN","AICHI",NA,NA,NA
"12","Tuberculosis",2012,43,7.31914893617021,"JPN","AICHI",NA,NA,NA
"13","Tuberculosis",2012,44,7.78723404255319,"JPN","AICHI",NA,NA,NA
"14","Tuberculosis",2012,45,7.42553191489362,"JPN","AICHI",NA,NA,NA
"15","Tuberculosis",2012,46,7.40425531914894,"JPN","AICHI",NA,NA,NA
"16","Tuberculosis",2012,47,6.31914893617021,"JPN","AICHI",NA,NA,NA
"17","Tuberculosis",2012,48,7,"JPN","AICHI",NA,NA,NA
"18","Tuberculosis",2012,49,6.4468085106383,"JPN","AICHI",NA,NA,NA
"19","Tuberculosis",2012,50,7.40425531914894,"JPN","AICHI",NA,NA,NA
"20","Tuberculosis",2012,51,7.57446808510638,"JPN","AICHI",NA,NA,NA
"21","Tuberculosis",2012,52,8.78723404255319,"JPN","AICHI",NA,NA,NA
"22","Tuberculosis",2013,1,1.78723404255319,"JPN","AICHI",NA,NA,NA
"23","Tuberculosis",2013,2,6.57446808510638,"JPN","AICHI",NA,NA,NA
"24","Tuberculosis",2013,3,5.87234042553191,"JPN","AICHI",NA,NA,NA
"25","Tuberculosis",2013,4,7.51063829787234,"JPN","AICHI",NA,NA,NA
"26","Tuberculosis",2013,5,6.85106382978723,"JPN","AICHI",NA,NA,NA
"27","Tuberculosis",2013,6,6.70212765957447,"JPN","AICHI",NA,NA,NA
"28","Tuberculosis",2013,7,5.53191489361702,"JPN","AICHI",NA,NA,NA
"29","Tuberculosis",2013,8,7.63829787234043,"JPN","AICHI",NA,NA,NA
"30","Tuberculosis",2013,9,7.40425531914894,"JPN","AICHI",NA,NA,NA
"31","Tuberculosis",2013,10,7.12765957446809,"JPN","AICHI",NA,NA,NA
"32","Tuberculosis",2013,11,7.31914893617021,"JPN","AICHI",NA,NA,NA
"33","Tuberculosis",2013,12,6.36170212765957,"JPN","AICHI",NA,NA,NA
"34","Tuberculosis",2013,13,7.70212765957447,"JPN","AICHI",NA,NA,NA
"35","Tuberculosis",2013,14,7.08510638297872,"JPN","AICHI",NA,NA,NA
"36","Tuberculosis",2013,15,7.68085106382979,"JPN","AICHI",NA,NA,NA
"37","Tuberculosis",2013,16,7.53191489361702,"JPN","AICHI",NA,NA,NA
"38","Tuberculosis",2013,17,6.95744680851064,"JPN","AICHI",NA,NA,NA
"39","Tuberculosis",2013,18,4.12765957446809,"JPN","AICHI",NA,NA,NA
"40","Tuberculosis",2013,19,6.72340425531915,"JPN","AICHI",NA,NA,NA
"41","Tuberculosis",2013,20,6.68085106382979,"JPN","AICHI",NA,NA,NA
"42","Tuberculosis",2013,21,7.78723404255319,"JPN","AICHI",NA,NA,NA
"43","Tuberculosis",2013,22,7.46808510638298,"JPN","AICHI",NA,NA,NA
"44","Tuberculosis",2013,23,8.38297872340426,"JPN","AICHI",NA,NA,NA
"45","Tuberculosis",2013,24,8.14893617021277,"JPN","AICHI",NA,NA,NA
"46","Tuberculosis",2013,25,9.36170212765957,"JPN","AICHI",NA,NA,NA
"47","Tuberculosis",2013,26,9.53191489361702,"JPN","AICHI",NA,NA,NA
"48","Tuberculosis",2013,27,9.34042553191489,"JPN","AICHI",NA,NA,NA
"49","Tuberculosis",2013,28,8.14893617021277,"JPN","AICHI",NA,NA,NA
"50","Tuberculosis",2013,29,7.06382978723404,"JPN","AICHI",NA,NA,NA
"51","Tuberculosis",2013,30,8.25531914893617,"JPN","AICHI",NA,NA,NA
"52","Tuberculosis",2013,31,9.17021276595745,"JPN","AICHI",NA,NA,NA
"53","Tuberculosis",2013,32,8.19148936170213,"JPN","AICHI",NA,NA,NA
"54","Tuberculosis",2013,33,7.17021276595745,"JPN","AICHI",NA,NA,NA
"55","Tuberculosis",2013,34,8.17021276595745,"JPN","AICHI",NA,NA,NA
"56","Tuberculosis",2013,35,8.1063829787234,"JPN","AICHI",NA,NA,NA
"57","Tuberculosis",2013,36,8.63829787234043,"JPN","AICHI",NA,NA,NA
"58","Tuberculosis",2013,37,7.68085106382979,"JPN","AICHI",NA,NA,NA
"59","Tuberculosis",2013,38,6.74468085106383,"JPN","AICHI",NA,NA,NA
"60","Tuberculosis",2013,39,6.4468085106383,"JPN","AICHI",NA,NA,NA
"61","Tuberculosis",2013,40,8.12765957446809,"JPN","AICHI",NA,NA,NA
"62","Tuberculosis",2013,41,8.23404255319149,"JPN","AICHI",NA,NA,NA
"63","Tuberculosis",2013,42,7.23404255319149,"JPN","AICHI",NA,NA,NA
"64","Tuberculosis",2013,43,8.38297872340426,"JPN","AICHI",NA,NA,NA
"65","Tuberculosis",2013,44,8.17021276595745,"JPN","AICHI",NA,NA,NA
"66","Tuberculosis",2013,45,6.76595744680851,"JPN","AICHI",NA,NA,NA
"67","Tuberculosis",2013,46,8.1063829787234,"JPN","AICHI",NA,NA,NA
"68","Tuberculosis",2013,47,7.57446808510638,"JPN","AICHI",NA,NA,NA
"69","Tuberculosis",2013,48,8.12765957446809,"JPN","AICHI",NA,NA,NA
"70","Tuberculosis",2013,49,7.46808510638298,"JPN","AICHI",NA,NA,NA
"71","Tuberculosis",2013,50,7.04255319148936,"JPN","AICHI",NA,NA,NA
"72","Tuberculosis",2013,51,7.53191489361702,"JPN","AICHI",NA,NA,NA
"73","Tuberculosis",2013,52,7.51063829787234,"JPN","AICHI",NA,NA,NA
"74","Tuberculosis",2014,1,0.74468085106383,"JPN","AICHI",NA,NA,NA
"75","Tuberculosis",2014,2,7.57446808510638,"JPN","AICHI",NA,NA,NA
"76","Tuberculosis",2014,3,5.59574468085106,"JPN","AICHI",NA,NA,NA
"77","Tuberculosis",2014,4,6.70212765957447,"JPN","AICHI",NA,NA,NA
"78","Tuberculosis",2014,5,6.57446808510638,"JPN","AICHI",NA,NA,NA
"79","Tuberculosis",2014,6,6.31914893617021,"JPN","AICHI",NA,NA,NA
"80","Tuberculosis",2014,7,6.21276595744681,"JPN","AICHI",NA,NA,NA
"81","Tuberculosis",2014,8,7.5531914893617,"JPN","AICHI",NA,NA,NA
"82","Tuberculosis",2014,9,6.65957446808511,"JPN","AICHI",NA,NA,NA
"83","Tuberculosis",2014,10,7.80851063829787,"JPN","AICHI",NA,NA,NA
"84","Tuberculosis",2014,11,7.53191489361702,"JPN","AICHI",NA,NA,NA
"85","Tuberculosis",2014,12,5.85106382978723,"JPN","AICHI",NA,NA,NA
"86","Tuberculosis",2014,13,8.17021276595745,"JPN","AICHI",NA,NA,NA
"87","Tuberculosis",2014,14,8.76595744680851,"JPN","AICHI",NA,NA,NA
"88","Tuberculosis",2014,15,7.38297872340426,"JPN","AICHI",NA,NA,NA
"89","Tuberculosis",2014,16,8.21276595744681,"JPN","AICHI",NA,NA,NA
"90","Tuberculosis",2014,17,7.04255319148936,"JPN","AICHI",NA,NA,NA
"91","Tuberculosis",2014,18,6.57446808510638,"JPN","AICHI",NA,NA,NA
"92","Tuberculosis",2014,19,4.31914893617021,"JPN","AICHI",NA,NA,NA
"93","Tuberculosis",2014,20,8.63829787234043,"JPN","AICHI",NA,NA,NA
"94","Tuberculosis",2014,21,8.80851063829787,"JPN","AICHI",NA,NA,NA
"95","Tuberculosis",2014,22,9.38297872340426,"JPN","AICHI",NA,NA,NA
"96","Tuberculosis",2014,23,9.93617021276596,"JPN","AICHI",NA,NA,NA
"97","Tuberculosis",2014,24,8.78723404255319,"JPN","AICHI",NA,NA,NA
"98","Tuberculosis",2014,25,8.61702127659574,"JPN","AICHI",NA,NA,NA
"99","Tuberculosis",2014,26,9.12765957446809,"JPN","AICHI",NA,NA,NA
"100","Tuberculosis",2014,27,9.02127659574468,"JPN","AICHI",NA,NA,NA
"101","Tuberculosis",2014,28,8.78723404255319,"JPN","AICHI",NA,NA,NA
"102","Tuberculosis",2014,29,8.14893617021277,"JPN","AICHI",NA,NA,NA
"103","Tuberculosis",2014,30,7.23404255319149,"JPN","AICHI",NA,NA,NA
"104","Tuberculosis",2014,31,8.70212765957447,"JPN","AICHI",NA,NA,NA
"105","Tuberculosis",2014,32,7.8936170212766,"JPN","AICHI",NA,NA,NA
"106","Tuberculosis",2014,33,8.25531914893617,"JPN","AICHI",NA,NA,NA
"107","Tuberculosis",2014,34,8.93617021276596,"JPN","AICHI",NA,NA,NA
"108","Tuberculosis",2014,35,8.95744680851064,"JPN","AICHI",NA,NA,NA
"109","Tuberculosis",2014,36,9.48936170212766,"JPN","AICHI",NA,NA,NA
"110","Tuberculosis",2014,37,8.36170212765957,"JPN","AICHI",NA,NA,NA
"111","Tuberculosis",2014,38,5.31914893617021,"JPN","AICHI",NA,NA,NA
"112","Tuberculosis",2014,39,7.21276595744681,"JPN","AICHI",NA,NA,NA
"113","Tuberculosis",2014,40,8.04255319148936,"JPN","AICHI",NA,NA,NA
"114","Tuberculosis",2014,41,7.63829787234043,"JPN","AICHI",NA,NA,NA
"115","Tuberculosis",2014,42,6.57446808510638,"JPN","AICHI",NA,NA,NA
"116","Tuberculosis",2014,43,8.34042553191489,"JPN","AICHI",NA,NA,NA
"117","Tuberculosis",2014,44,6.72340425531915,"JPN","AICHI",NA,NA,NA
"118","Tuberculosis",2014,45,6.91489361702128,"JPN","AICHI",NA,NA,NA
"119","Tuberculosis",2014,46,8.78723404255319,"JPN","AICHI",NA,NA,NA
"120","Tuberculosis",2014,47,6.34042553191489,"JPN","AICHI",NA,NA,NA
"121","Tuberculosis",2014,48,5.70212765957447,"JPN","AICHI",NA,NA,NA
"122","Tuberculosis",2014,49,6.65957446808511,"JPN","AICHI",NA,NA,NA
"123","Tuberculosis",2014,50,7.25531914893617,"JPN","AICHI",NA,NA,NA
"124","Tuberculosis",2014,51,6.80851063829787,"JPN","AICHI",NA,NA,NA
"125","Tuberculosis",2014,52,7.1063829787234,"JPN","AICHI",NA,NA,NA
"126","Tuberculosis",2015,1,1.12765957446809,"JPN","AICHI",NA,NA,NA
"127","Tuberculosis",2015,2,6.25531914893617,"JPN","AICHI",NA,NA,NA
"128","Tuberculosis",2015,3,5.4468085106383,"JPN","AICHI",NA,NA,NA
"129","Tuberculosis",2015,4,7.36170212765957,"JPN","AICHI",NA,NA,NA
"130","Tuberculosis",2015,5,6.57446808510638,"JPN","AICHI",NA,NA,NA
"131","Tuberculosis",2015,6,7.97872340425532,"JPN","AICHI",NA,NA,NA
"132","Tuberculosis",2015,7,6.17021276595745,"JPN","AICHI",NA,NA,NA
"133","Tuberculosis",2015,8,7.59574468085106,"JPN","AICHI",NA,NA,NA
"134","Tuberculosis",2015,9,8.42553191489362,"JPN","AICHI",NA,NA,NA
"135","Tuberculosis",2015,10,7.80851063829787,"JPN","AICHI",NA,NA,NA
"136","Tuberculosis",2015,11,7.34042553191489,"JPN","AICHI",NA,NA,NA
"137","Tuberculosis",2015,12,7.06382978723404,"JPN","AICHI",NA,NA,NA
"138","Tuberculosis",2015,13,6.23404255319149,"JPN","AICHI",NA,NA,NA
"139","Tuberculosis",2015,14,6,"JPN","AICHI",NA,NA,NA
"140","Tuberculosis",2015,15,6.74468085106383,"JPN","AICHI",NA,NA,NA
"141","Tuberculosis",2015,16,6.74468085106383,"JPN","AICHI",NA,NA,NA
"142","Tuberculosis",2015,17,6.85106382978723,"JPN","AICHI",NA,NA,NA
"143","Tuberculosis",2015,18,6.76595744680851,"JPN","AICHI",NA,NA,NA
"144","Tuberculosis",2015,19,3.76595744680851,"JPN","AICHI",NA,NA,NA
"145","Tuberculosis",2015,20,7.80851063829787,"JPN","AICHI",NA,NA,NA
"146","Tuberculosis",2015,21,7.5531914893617,"JPN","AICHI",NA,NA,NA
"147","Tuberculosis",2015,22,8.23404255319149,"JPN","AICHI",NA,NA,NA
"148","Tuberculosis",2015,23,8.68085106382979,"JPN","AICHI",NA,NA,NA
"149","Tuberculosis",2015,24,8.46808510638298,"JPN","AICHI",NA,NA,NA
"150","Tuberculosis",2015,25,8.04255319148936,"JPN","AICHI",NA,NA,NA
"151","Tuberculosis",2015,26,8.63829787234043,"JPN","AICHI",NA,NA,NA
"152","Tuberculosis",2015,27,7.82978723404255,"JPN","AICHI",NA,NA,NA
"153","Tuberculosis",2015,28,7.48936170212766,"JPN","AICHI",NA,NA,NA
"154","Tuberculosis",2015,29,7.40425531914894,"JPN","AICHI",NA,NA,NA
"155","Tuberculosis",2015,30,6.17021276595745,"JPN","AICHI",NA,NA,NA
"156","Tuberculosis",2015,31,8.8936170212766,"JPN","AICHI",NA,NA,NA
"157","Tuberculosis",2015,32,7.63829787234043,"JPN","AICHI",NA,NA,NA
"158","Tuberculosis",2015,33,7.27659574468085,"JPN","AICHI",NA,NA,NA
"159","Tuberculosis",2015,34,7.08510638297872,"JPN","AICHI",NA,NA,NA
"160","Tuberculosis",2015,35,7.87234042553191,"JPN","AICHI",NA,NA,NA
"161","Tuberculosis",2015,36,8.40425531914894,"JPN","AICHI",NA,NA,NA
"162","Tuberculosis",2015,37,7.87234042553191,"JPN","AICHI",NA,NA,NA
"163","Tuberculosis",2015,38,7.91489361702128,"JPN","AICHI",NA,NA,NA
"164","Tuberculosis",2015,39,2.97872340425532,"JPN","AICHI",NA,NA,NA
"165","Tuberculosis",2015,40,8.78723404255319,"JPN","AICHI",NA,NA,NA
"166","Tuberculosis",2015,41,6.5531914893617,"JPN","AICHI",NA,NA,NA
"167","Tuberculosis",2015,42,5.5531914893617,"JPN","AICHI",NA,NA,NA
"168","Tuberculosis",2015,43,7.80851063829787,"JPN","AICHI",NA,NA,NA
"169","Tuberculosis",2015,44,6.5531914893617,"JPN","AICHI",NA,NA,NA
"170","Tuberculosis",2015,45,6.02127659574468,"JPN","AICHI",NA,NA,NA
"171","Tuberculosis",2015,46,7.91489361702128,"JPN","AICHI",NA,NA,NA
"172","Tuberculosis",2015,47,6.38297872340426,"JPN","AICHI",NA,NA,NA
"173","Tuberculosis",2015,48,6.1063829787234,"JPN","AICHI",NA,NA,NA
"174","Tuberculosis",2015,49,7.25531914893617,"JPN","AICHI",NA,NA,NA
"175","Tuberculosis",2015,50,7.25531914893617,"JPN","AICHI",NA,NA,NA
"176","Tuberculosis",2015,51,6.97872340425532,"JPN","AICHI",NA,NA,NA
"177","Tuberculosis",2015,52,7.91489361702128,"JPN","AICHI",NA,NA,NA
"178","Tuberculosis",2015,53,3.19148936170213,"JPN","AICHI",NA,NA,NA
"179","Tuberculosis",2016,1,6.59574468085106,"JPN","AICHI",NA,NA,NA
"180","Tuberculosis",2016,2,5.46808510638298,"JPN","AICHI",NA,NA,NA
"181","Tuberculosis",2016,3,6.12765957446809,"JPN","AICHI",NA,NA,NA
"182","Tuberculosis",2016,4,6.95744680851064,"JPN","AICHI",NA,NA,NA
"183","Tuberculosis",2016,5,7.14893617021277,"JPN","AICHI",NA,NA,NA
"184","Tuberculosis",2016,6,5.42553191489362,"JPN","AICHI",NA,NA,NA
"185","Tuberculosis",2016,7,6.74468085106383,"JPN","AICHI",NA,NA,NA
"186","Tuberculosis",2016,8,7.23404255319149,"JPN","AICHI",NA,NA,NA
"187","Tuberculosis",2016,9,6.72340425531915,"JPN","AICHI",NA,NA,NA
"188","Tuberculosis",2016,10,7.80851063829787,"JPN","AICHI",NA,NA,NA
"189","Tuberculosis",2016,11,7.17021276595745,"JPN","AICHI",NA,NA,NA
"190","Tuberculosis",2016,12,5.95744680851064,"JPN","AKITA",NA,NA,NA
"191","Tuberculosis",2016,13,7.63829787234043,"JPN","AKITA",NA,NA,NA
"192","Tuberculosis",2016,14,6.78723404255319,"JPN","AKITA",NA,NA,NA
"193","Tuberculosis",2016,15,8.74468085106383,"JPN","AKITA",NA,NA,NA
"194","Tuberculosis",2016,16,7.97872340425532,"JPN","AKITA",NA,NA,NA
"195","Tuberculosis",2016,17,7.12765957446809,"JPN","AKITA",NA,NA,NA
"196","Tuberculosis",2016,18,4.61702127659574,"JPN","AKITA",NA,NA,NA
"197","Tuberculosis",2016,19,8.42553191489362,"JPN","AKITA",NA,NA,NA
"198","Tuberculosis",2016,20,8.40425531914894,"JPN","AKITA",NA,NA,NA
"199","Tuberculosis",2016,21,9.34042553191489,"JPN","AKITA",NA,NA,NA
"200","Tuberculosis",2016,22,8.78723404255319,"JPN","AKITA",NA,NA,NA
"201","Tuberculosis",2016,23,8.42553191489362,"JPN","AKITA",NA,NA,NA
"202","Tuberculosis",2016,24,7.59574468085106,"JPN","AKITA",NA,NA,NA
"203","Tuberculosis",2016,25,8.1063829787234,"JPN","AKITA",NA,NA,NA
"204","Tuberculosis",2016,26,8.80851063829787,"JPN","AKITA",NA,NA,NA
"205","Tuberculosis",2016,27,7.06382978723404,"JPN","AKITA",NA,NA,NA
"206","Tuberculosis",2016,28,7.59574468085106,"JPN","AKITA",NA,NA,NA
"207","Tuberculosis",2016,29,6.93617021276596,"JPN","AKITA",NA,NA,NA
"208","Tuberculosis",2016,30,8,"JPN","AKITA",NA,NA,NA
"209","Tuberculosis",2016,31,7.5531914893617,"JPN","AKITA",NA,NA,NA
"210","Tuberculosis",2016,32,6.82978723404255,"JPN","AKITA",NA,NA,NA
"211","Tuberculosis",2016,33,7.34042553191489,"JPN","AKITA",NA,NA,NA
"212","Tuberculosis",2016,34,7.53191489361702,"JPN","AKITA",NA,NA,NA
"213","Tuberculosis",2016,35,9.06382978723404,"JPN","AKITA",NA,NA,NA
"214","Tuberculosis",2016,36,8.02127659574468,"JPN","AKITA",NA,NA,NA
"215","Tuberculosis",2016,37,7.57446808510638,"JPN","AKITA",NA,NA,NA
"216","Tuberculosis",2016,38,5.78723404255319,"JPN","AKITA",NA,NA,NA
"217","Tuberculosis",2016,39,8.36170212765957,"JPN","AKITA",NA,NA,NA
"218","Tuberculosis",2016,40,7.5531914893617,"JPN","AKITA",NA,NA,NA
"219","Tuberculosis",2016,41,5.95744680851064,"JPN","AKITA",NA,NA,NA
"220","Tuberculosis",2016,42,7.48936170212766,"JPN","AKITA",NA,NA,NA
"221","Tuberculosis",2016,43,7.57446808510638,"JPN","AKITA",NA,NA,NA
"222","Tuberculosis",2016,44,6.70212765957447,"JPN","AKITA",NA,NA,NA
"223","Tuberculosis",2016,45,7.25531914893617,"JPN","AKITA",NA,NA,NA
"224","Tuberculosis",2016,46,7.40425531914894,"JPN","AKITA",NA,NA,NA
"225","Tuberculosis",2016,47,5.1063829787234,"JPN","AKITA",NA,NA,NA
"226","Tuberculosis",2016,48,6.74468085106383,"JPN","AKITA",NA,NA,NA
"227","Tuberculosis",2016,49,7.29787234042553,"JPN","AKITA",NA,NA,NA
"228","Tuberculosis",2016,50,7.59574468085106,"JPN","AKITA",NA,NA,NA
"229","Tuberculosis",2016,51,6.95744680851064,"JPN","AKITA",NA,NA,NA
"230","Tuberculosis",2016,52,7.23404255319149,"JPN","AKITA",NA,NA,NA
"231","Tuberculosis",2017,1,3.97872340425532,"JPN","AKITA",NA,NA,NA
"232","Tuberculosis",2017,2,6.42553191489362,"JPN","AKITA",NA,NA,NA
"233","Tuberculosis",2017,3,6.48936170212766,"JPN","AKITA",NA,NA,NA
"234","Tuberculosis",2017,4,6.21276595744681,"JPN","AKITA",NA,NA,NA
"235","Tuberculosis",2017,5,6.8936170212766,"JPN","AKITA",NA,NA,NA
"236","Tuberculosis",2017,6,6.63829787234043,"JPN","AKITA",NA,NA,NA
"237","Tuberculosis",2017,7,6.25531914893617,"JPN","AKITA",NA,NA,NA
"238","Tuberculosis",2017,8,7.27659574468085,"JPN","AKITA",NA,NA,NA
"239","Tuberculosis",2017,9,7.59574468085106,"JPN","AKITA",NA,NA,NA
"240","Tuberculosis",2017,10,6.12765957446809,"JPN","AKITA",NA,NA,NA
"241","Tuberculosis",2017,11,6.65957446808511,"JPN","AKITA",NA,NA,NA
"242","Tuberculosis",2017,12,5.80851063829787,"JPN","AKITA",NA,NA,NA
"243","Tuberculosis",2017,13,6.76595744680851,"JPN","AKITA",NA,NA,NA
"244","Tuberculosis",2017,14,5.68085106382979,"JPN","AKITA",NA,NA,NA
"245","Tuberculosis",2017,15,7.59574468085106,"JPN","AKITA",NA,NA,NA
"246","Tuberculosis",2017,16,7.42553191489362,"JPN","AKITA",NA,NA,NA
"247","Tuberculosis",2017,17,7.61702127659574,"JPN","AKITA",NA,NA,NA
"248","Tuberculosis",2017,18,3.80851063829787,"JPN","AKITA",NA,NA,NA
"249","Tuberculosis",2017,19,7.5531914893617,"JPN","AKITA",NA,NA,NA
"250","Tuberculosis",2017,20,7.63829787234043,"JPN","AKITA",NA,NA,NA
"251","Tuberculosis",2017,21,7.31914893617021,"JPN","AKITA",NA,NA,NA
"252","Tuberculosis",2017,22,7.82978723404255,"JPN","AKITA",NA,NA,NA
"253","Tuberculosis",2017,23,8.91489361702128,"JPN","AKITA",NA,NA,NA
"254","Tuberculosis",2017,24,7.14893617021277,"JPN","AKITA",NA,NA,NA
"255","Tuberculosis",2017,25,9.27659574468085,"JPN","AKITA",NA,NA,NA
"256","Tuberculosis",2017,26,7.78723404255319,"JPN","AKITA",NA,NA,NA
"257","Tuberculosis",2017,27,6.80851063829787,"JPN","AKITA",NA,NA,NA
"258","Tuberculosis",2017,28,7.51063829787234,"JPN","AKITA",NA,NA,NA
"259","Tuberculosis",2017,29,5.91489361702128,"JPN","AKITA",NA,NA,NA
"260","Tuberculosis",2017,30,8.27659574468085,"JPN","AKITA",NA,NA,NA
"261","Tuberculosis",2017,31,7.80851063829787,"JPN","AKITA",NA,NA,NA
"262","Tuberculosis",2017,32,6.48936170212766,"JPN","AKITA",NA,NA,NA
"263","Tuberculosis",2017,33,6.63829787234043,"JPN","AKITA",NA,NA,NA
"264","Tuberculosis",2017,34,7.21276595744681,"JPN","AKITA",NA,NA,NA
"265","Tuberculosis",2017,35,7.8936170212766,"JPN","AKITA",NA,NA,NA
"266","Tuberculosis",2017,36,7.70212765957447,"JPN","AKITA",NA,NA,NA
"267","Tuberculosis",2017,37,7.61702127659574,"JPN","AKITA",NA,NA,NA
"268","Tuberculosis",2017,38,6.80851063829787,"JPN","AKITA",NA,NA,NA
"269","Tuberculosis",2017,39,7.82978723404255,"JPN","AKITA",NA,NA,NA
"270","Tuberculosis",2017,40,6.8936170212766,"JPN","AKITA",NA,NA,NA
"271","Tuberculosis",2017,41,6.63829787234043,"JPN","AKITA",NA,NA,NA
"272","Tuberculosis",2017,42,8.51063829787234,"JPN","AKITA",NA,NA,NA
"273","Tuberculosis",2017,43,7.48936170212766,"JPN","AKITA",NA,NA,NA
"274","Tuberculosis",2017,44,6.34042553191489,"JPN","AOMORI",NA,NA,NA
"275","Tuberculosis",2017,45,7.19148936170213,"JPN","AOMORI",NA,NA,NA
"276","Tuberculosis",2017,46,7.5531914893617,"JPN","AOMORI",NA,NA,NA
"277","Tuberculosis",2017,47,6.53191489361702,"JPN","AOMORI",NA,NA,NA
"278","Tuberculosis",2017,48,7.36170212765957,"JPN","AOMORI",NA,NA,NA
"279","Tuberculosis",2017,49,7.34042553191489,"JPN","AOMORI",NA,NA,NA
"280","Tuberculosis",2017,50,6.74468085106383,"JPN","AOMORI",NA,NA,NA
"281","Tuberculosis",2017,51,7.23404255319149,"JPN","AOMORI",NA,NA,NA
"282","Tuberculosis",2017,52,7.25531914893617,"JPN","AOMORI",NA,NA,NA
"283","Tuberculosis",2018,1,2.80851063829787,"JPN","AOMORI",NA,NA,NA
"284","Tuberculosis",2018,2,5.80851063829787,"JPN","AOMORI",NA,NA,NA
"285","Tuberculosis",2018,3,6.57446808510638,"JPN","AOMORI",NA,NA,NA
"286","Tuberculosis",2018,4,6.46808510638298,"JPN","AOMORI",NA,NA,NA
"287","Tuberculosis",2018,5,6.91489361702128,"JPN","AOMORI",NA,NA,NA
"288","Tuberculosis",2018,6,6.27659574468085,"JPN","AOMORI",NA,NA,NA
"289","Tuberculosis",2018,7,5.74468085106383,"JPN","AOMORI",NA,NA,NA
"290","Tuberculosis",2018,8,6.14893617021277,"JPN","AOMORI",NA,NA,NA
"291","Tuberculosis",2018,9,6.91489361702128,"JPN","AOMORI",NA,NA,NA
"292","Tuberculosis",2018,10,7.53191489361702,"JPN","AOMORI",NA,NA,NA
"293","Tuberculosis",2018,11,7.29787234042553,"JPN","AOMORI",NA,NA,NA
"294","Tuberculosis",2018,12,5.42553191489362,"JPN","AOMORI",NA,NA,NA
"295","Tuberculosis",2018,13,6.61702127659574,"JPN","AOMORI",NA,NA,NA
"296","Tuberculosis",2018,14,7.08510638297872,"JPN","AOMORI",NA,NA,NA
"297","Tuberculosis",2018,15,6.29787234042553,"JPN","AOMORI",NA,NA,NA
"298","Tuberculosis",2018,16,7.21276595744681,"JPN","AOMORI",NA,NA,NA
"299","Tuberculosis",2018,17,7.31914893617021,"JPN","AOMORI",NA,NA,NA
"300","Tuberculosis",2018,18,3.27659574468085,"JPN","AOMORI",NA,NA,NA
"301","Tuberculosis",2018,19,7.8936170212766,"JPN","AOMORI",NA,NA,NA
"302","Tuberculosis",2018,20,7.12765957446809,"JPN","AOMORI",NA,NA,NA
"303","Tuberculosis",2018,21,6.57446808510638,"JPN","AOMORI",NA,NA,NA
"304","Tuberculosis",2018,22,7.08510638297872,"JPN","AOMORI",NA,NA,NA
"305","Tuberculosis",2018,23,7.1063829787234,"JPN","AOMORI",NA,NA,NA
"306","Tuberculosis",2018,24,6.70212765957447,"JPN","AOMORI",NA,NA,NA
"307","Tuberculosis",2018,25,7.57446808510638,"JPN","AOMORI",NA,NA,NA
"308","Tuberculosis",2018,26,7.82978723404255,"JPN","AOMORI",NA,NA,NA
"309","Tuberculosis",2018,27,7.61702127659574,"JPN","AOMORI",NA,NA,NA
"310","Tuberculosis",2018,28,6.65957446808511,"JPN","AOMORI",NA,NA,NA
"311","Tuberculosis",2018,29,6.48936170212766,"JPN","AOMORI",NA,NA,NA
"312","Tuberculosis",2018,30,7.31914893617021,"JPN","AOMORI",NA,NA,NA
"313","Tuberculosis",2018,31,7.19148936170213,"JPN","AOMORI",NA,NA,NA
"314","Tuberculosis",2018,32,7.02127659574468,"JPN","AOMORI",NA,NA,NA
"315","Tuberculosis",2018,33,6.63829787234043,"JPN","AOMORI",NA,NA,NA
"316","Tuberculosis",2018,34,7.06382978723404,"JPN","AOMORI",NA,NA,NA
"317","Tuberculosis",2018,35,6.53191489361702,"JPN","AOMORI",NA,NA,NA
"318","Tuberculosis",2018,36,6.80851063829787,"JPN","AOMORI",NA,NA,NA
"319","Tuberculosis",2018,37,7,"JPN","AOMORI",NA,NA,NA
"320","Tuberculosis",2018,38,6.21276595744681,"JPN","AOMORI",NA,NA,NA
"321","Tuberculosis",2018,39,6.27659574468085,"JPN","AOMORI",NA,NA,NA
"322","Tuberculosis",2018,40,6.76595744680851,"JPN","AOMORI",NA,NA,NA
"323","Tuberculosis",2018,41,6,"JPN","AOMORI",NA,NA,NA
"324","Tuberculosis",2018,42,7.80851063829787,"JPN","AOMORI",NA,NA,NA
"325","Tuberculosis",2018,43,7.19148936170213,"JPN","AOMORI",NA,NA,NA
"326","Tuberculosis",2018,44,6.97872340425532,"JPN","AOMORI",NA,NA,NA
"327","Tuberculosis",2018,45,8.31914893617021,"JPN","AOMORI",NA,NA,NA
"328","Tuberculosis",2018,46,7.59574468085106,"JPN","AOMORI",NA,NA,NA
"329","Tuberculosis",2018,47,5.72340425531915,"JPN","AOMORI",NA,NA,NA
"330","Tuberculosis",2018,48,7.74468085106383,"JPN","AOMORI",NA,NA,NA
"331","Tuberculosis",2018,49,7.29787234042553,"JPN","AOMORI",NA,NA,NA
"332","Tuberculosis",2018,50,7.19148936170213,"JPN","AOMORI",NA,NA,NA
"333","Tuberculosis",2018,51,7.42553191489362,"JPN","AOMORI",NA,NA,NA
"334","Tuberculosis",2018,52,8,"JPN","AOMORI",NA,NA,NA
"335","Tuberculosis",2019,1,1.5531914893617,"JPN","AOMORI",NA,NA,NA
"336","Tuberculosis",2019,2,6.70212765957447,"JPN","AOMORI",NA,NA,NA
"337","Tuberculosis",2019,3,5.5531914893617,"JPN","CHIBA",NA,NA,NA
"338","Tuberculosis",2019,4,7.08510638297872,"JPN","CHIBA",NA,NA,NA
"339","Tuberculosis",2019,5,6.29787234042553,"JPN","CHIBA",NA,NA,NA
"340","Tuberculosis",2019,6,6.74468085106383,"JPN","CHIBA",NA,NA,NA
"341","Tuberculosis",2019,7,6.12765957446809,"JPN","CHIBA",NA,NA,NA
"342","Tuberculosis",2019,8,7.48936170212766,"JPN","CHIBA",NA,NA,NA
"343","Tuberculosis",2019,9,7.48936170212766,"JPN","CHIBA",NA,NA,NA
"344","Tuberculosis",2019,10,7.12765957446809,"JPN","CHIBA",NA,NA,NA
"345","Tuberculosis",2019,11,7.02127659574468,"JPN","CHIBA",NA,NA,NA
"346","Tuberculosis",2019,12,6.12765957446809,"JPN","CHIBA",NA,NA,NA
"347","Tuberculosis",2019,13,7.76595744680851,"JPN","CHIBA",NA,NA,NA
"348","Tuberculosis",2019,14,6.8936170212766,"JPN","CHIBA",NA,NA,NA
"349","Tuberculosis",2019,15,7.36170212765957,"JPN","CHIBA",NA,NA,NA
"350","Tuberculosis",2019,16,7.80851063829787,"JPN","CHIBA",NA,NA,NA
"351","Tuberculosis",2019,17,6.74468085106383,"JPN","CHIBA",NA,NA,NA
"352","Tuberculosis",2019,18,1.82978723404255,"JPN","CHIBA",NA,NA,NA
"353","Tuberculosis",2019,19,6,"JPN","CHIBA",NA,NA,NA
"354","Tuberculosis",2019,20,7.53191489361702,"JPN","CHIBA",NA,NA,NA
"355","Tuberculosis",2019,21,7,"JPN","CHIBA",NA,NA,NA
"356","Tuberculosis",2019,22,7.27659574468085,"JPN","CHIBA",NA,NA,NA
"357","Tuberculosis",2019,23,6.82978723404255,"JPN","CHIBA",NA,NA,NA
"358","Tuberculosis",2019,24,7.59574468085106,"JPN","CHIBA",NA,NA,NA
"359","Tuberculosis",2019,25,7.48936170212766,"JPN","CHIBA",NA,NA,NA
"360","Tuberculosis",2019,26,7.91489361702128,"JPN","CHIBA",NA,NA,NA
"361","Tuberculosis",2019,27,8.27659574468085,"JPN","CHIBA",NA,NA,NA
"362","Tuberculosis",2019,28,7.72340425531915,"JPN","CHIBA",NA,NA,NA
"363","Tuberculosis",2019,29,5.65957446808511,"JPN","CHIBA",NA,NA,NA
"364","Tuberculosis",2019,30,8.31914893617021,"JPN","CHIBA",NA,NA,NA
"365","Tuberculosis",2019,31,7.68085106382979,"JPN","CHIBA",NA,NA,NA
"366","Tuberculosis",2019,32,6.82978723404255,"JPN","CHIBA",NA,NA,NA
"367","Tuberculosis",2019,33,5.80851063829787,"JPN","CHIBA",NA,NA,NA
"368","Tuberculosis",2019,34,8.25531914893617,"JPN","CHIBA",NA,NA,NA
"369","Tuberculosis",2019,35,7.93617021276596,"JPN","CHIBA",NA,NA,NA
"370","Tuberculosis",2019,36,6.93617021276596,"JPN","CHIBA",NA,NA,NA
"371","Tuberculosis",2019,37,6.53191489361702,"JPN","CHIBA",NA,NA,NA
"372","Tuberculosis",2019,38,6.61702127659574,"JPN","CHIBA",NA,NA,NA
"373","Tuberculosis",2019,39,5.63829787234043,"JPN","CHIBA",NA,NA,NA
"374","Tuberculosis",2019,40,6.51063829787234,"JPN","CHIBA",NA,NA,NA
"375","Tuberculosis",2019,41,6.61702127659574,"JPN","CHIBA",NA,NA,NA
"376","Tuberculosis",2019,42,5.36170212765957,"JPN","CHIBA",NA,NA,NA
"377","Tuberculosis",2019,43,5.38297872340426,"JPN","CHIBA",NA,NA,NA
"378","Tuberculosis",2019,44,6.85106382978723,"JPN","CHIBA",NA,NA,NA
"379","Tuberculosis",2019,45,5.14893617021277,"JPN","CHIBA",NA,NA,NA
"380","Tuberculosis",2019,46,6.38297872340426,"JPN","CHIBA",NA,NA,NA
"381","Tuberculosis",2019,47,6.74468085106383,"JPN","CHIBA",NA,NA,NA
"382","Tuberculosis",2019,48,7.38297872340426,"JPN","CHIBA",NA,NA,NA
"383","Tuberculosis",2019,49,6.74468085106383,"JPN","CHIBA",NA,NA,NA
"384","Tuberculosis",2019,50,6.65957446808511,"JPN","CHIBA",NA,NA,NA
"385","Tuberculosis",2019,51,5.78723404255319,"JPN","CHIBA",NA,NA,NA
"386","Tuberculosis",2019,52,9.70212765957447,"JPN","CHIBA",NA,NA,NA
"387","Tuberculosis",2020,1,0.659574468085106,"JPN","CHIBA",NA,NA,NA
"388","Tuberculosis",2020,2,7.48936170212766,"JPN","CHIBA",NA,NA,NA
"389","Tuberculosis",2020,3,6.08510638297872,"JPN","CHIBA",NA,NA,NA
"390","Tuberculosis",2020,4,6.25531914893617,"JPN","CHIBA",NA,NA,NA
"391","Tuberculosis",2020,5,6.48936170212766,"JPN","CHIBA",NA,NA,NA
"392","Tuberculosis",2020,6,5.70212765957447,"JPN","CHIBA",NA,NA,NA
"393","Tuberculosis",2020,7,4.65957446808511,"JPN","CHIBA",NA,NA,NA
"394","Tuberculosis",2020,8,5.82978723404255,"JPN","CHIBA",NA,NA,NA
"395","Tuberculosis",2020,9,5.51063829787234,"JPN","CHIBA",NA,NA,NA
"396","Tuberculosis",2020,10,5.97872340425532,"JPN","CHIBA",NA,NA,NA
"397","Tuberculosis",2020,11,6.19148936170213,"JPN","CHIBA",NA,NA,NA
