"","Disease","EpiYear","EpiWeek","Incidence","ADM0","ADM1","ADM2","NA","NA"
"1","Shigellosis",2012,31,0.291666666666667,"JPN","AICHI",NA,NA,NA
"2","Shigellosis",2012,32,0.208333333333333,"JPN","AICHI",NA,NA,NA
"3","Shigellosis",2012,34,0.166666666666667,"JPN","AICHI",NA,NA,NA
"4","Shigellosis",2012,35,0.291666666666667,"JPN","AICHI",NA,NA,NA
"5","Shigellosis",2012,36,0.125,"JPN","AICHI",NA,NA,NA
"6","Shigellosis",2012,37,0.25,"JPN","AICHI",NA,NA,NA
"7","Shigellosis",2012,38,0.208333333333333,"JPN","AICHI",NA,NA,NA
"8","Shigellosis",2012,39,0.0833333333333333,"JPN","AICHI",NA,NA,NA
"9","Shigellosis",2012,40,0.166666666666667,"JPN","AICHI",NA,NA,NA
"10","Shigellosis",2012,41,0.125,"JPN","AICHI",NA,NA,NA
"11","Shigellosis",2012,42,0.25,"JPN","AICHI",NA,NA,NA
"12","Shigellosis",2012,43,0.0833333333333333,"JPN","AICHI",NA,NA,NA
"13","Shigellosis",2012,44,0.125,"JPN","AICHI",NA,NA,NA
"14","Shigellosis",2012,45,0.0833333333333333,"JPN","AICHI",NA,NA,NA
"15","Shigellosis",2012,46,0.0416666666666667,"JPN","AICHI",NA,NA,NA
"16","Shigellosis",2012,47,0.125,"JPN","AICHI",NA,NA,NA
"17","Shigellosis",2012,48,0.0833333333333333,"JPN","AICHI",NA,NA,NA
"18","Shigellosis",2012,49,0.125,"JPN","AICHI",NA,NA,NA
"19","Shigellosis",2012,50,0.125,"JPN","AICHI",NA,NA,NA
"20","Shigellosis",2012,51,0.0833333333333333,"JPN","AICHI",NA,NA,NA
"21","Shigellosis",2012,52,0,"JPN","AICHI",NA,NA,NA
"22","Shigellosis",2013,1,0.0833333333333333,"JPN","AICHI",NA,NA,NA
"23","Shigellosis",2013,2,0,"JPN","AICHI",NA,NA,NA
"24","Shigellosis",2013,3,0.125,"JPN","AICHI",NA,NA,NA
"25","Shigellosis",2013,4,0,"JPN","AICHI",NA,NA,NA
"26","Shigellosis",2013,5,0.0833333333333333,"JPN","AICHI",NA,NA,NA
"27","Shigellosis",2013,6,0,"JPN","AICHI",NA,NA,NA
"28","Shigellosis",2013,7,0,"JPN","AICHI",NA,NA,NA
"29","Shigellosis",2013,8,0.0416666666666667,"JPN","AICHI",NA,NA,NA
"30","Shigellosis",2013,9,0.0833333333333333,"JPN","AICHI",NA,NA,NA
"31","Shigellosis",2013,10,0.166666666666667,"JPN","AICHI",NA,NA,NA
"32","Shigellosis",2013,11,0.166666666666667,"JPN","AICHI",NA,NA,NA
"33","Shigellosis",2013,12,0.166666666666667,"JPN","AICHI",NA,NA,NA
"34","Shigellosis",2013,13,0,"JPN","AICHI",NA,NA,NA
"35","Shigellosis",2013,14,0.0833333333333333,"JPN","AICHI",NA,NA,NA
"36","Shigellosis",2013,15,0.125,"JPN","AICHI",NA,NA,NA
"37","Shigellosis",2013,16,0.0833333333333333,"JPN","AICHI",NA,NA,NA
"38","Shigellosis",2013,17,0.0416666666666667,"JPN","AICHI",NA,NA,NA
"39","Shigellosis",2013,18,0,"JPN","AICHI",NA,NA,NA
"40","Shigellosis",2013,19,0.125,"JPN","AICHI",NA,NA,NA
"41","Shigellosis",2013,20,0.125,"JPN","AICHI",NA,NA,NA
"42","Shigellosis",2013,21,0.125,"JPN","AICHI",NA,NA,NA
"43","Shigellosis",2013,22,0.125,"JPN","AICHI",NA,NA,NA
"44","Shigellosis",2013,23,0.125,"JPN","AICHI",NA,NA,NA
"45","Shigellosis",2013,24,0.166666666666667,"JPN","AICHI",NA,NA,NA
"46","Shigellosis",2013,25,0.125,"JPN","AICHI",NA,NA,NA
"47","Shigellosis",2013,26,0.208333333333333,"JPN","AICHI",NA,NA,NA
"48","Shigellosis",2013,27,0.0833333333333333,"JPN","AICHI",NA,NA,NA
"49","Shigellosis",2013,28,0.166666666666667,"JPN","AICHI",NA,NA,NA
"50","Shigellosis",2013,29,0.125,"JPN","AICHI",NA,NA,NA
"51","Shigellosis",2013,30,0.0833333333333333,"JPN","AICHI",NA,NA,NA
"52","Shigellosis",2013,31,0,"JPN","AICHI",NA,NA,NA
"53","Shigellosis",2013,32,0.166666666666667,"JPN","AICHI",NA,NA,NA
"54","Shigellosis",2013,33,0.125,"JPN","AICHI",NA,NA,NA
"55","Shigellosis",2013,34,0.125,"JPN","AICHI",NA,NA,NA
"56","Shigellosis",2013,35,0.291666666666667,"JPN","AICHI",NA,NA,NA
"57","Shigellosis",2013,36,0.125,"JPN","AICHI",NA,NA,NA
"58","Shigellosis",2013,37,0.125,"JPN","AICHI",NA,NA,NA
"59","Shigellosis",2013,38,0.125,"JPN","AICHI",NA,NA,NA
"60","Shigellosis",2013,39,0.0416666666666667,"JPN","AICHI",NA,NA,NA
"61","Shigellosis",2013,40,0.0833333333333333,"JPN","AICHI",NA,NA,NA
"62","Shigellosis",2013,41,0.0416666666666667,"JPN","AICHI",NA,NA,NA
"63","Shigellosis",2013,42,0,"JPN","AICHI",NA,NA,NA
"64","Shigellosis",2013,43,0.0416666666666667,"JPN","AICHI",NA,NA,NA
"65","Shigellosis",2013,44,0.0416666666666667,"JPN","AICHI",NA,NA,NA
"66","Shigellosis",2013,45,0.0833333333333333,"JPN","AICHI",NA,NA,NA
"67","Shigellosis",2013,46,0.166666666666667,"JPN","AICHI",NA,NA,NA
"68","Shigellosis",2013,47,0.0833333333333333,"JPN","AICHI",NA,NA,NA
"69","Shigellosis",2013,48,0.0416666666666667,"JPN","AICHI",NA,NA,NA
"70","Shigellosis",2013,49,0.0833333333333333,"JPN","AICHI",NA,NA,NA
"71","Shigellosis",2013,50,0.166666666666667,"JPN","AICHI",NA,NA,NA
"72","Shigellosis",2013,51,0,"JPN","AICHI",NA,NA,NA
"73","Shigellosis",2013,52,0.0416666666666667,"JPN","AICHI",NA,NA,NA
"74","Shigellosis",2014,1,0,"JPN","AICHI",NA,NA,NA
"75","Shigellosis",2014,2,0.0833333333333333,"JPN","AICHI",NA,NA,NA
"76","Shigellosis",2014,3,0,"JPN","AICHI",NA,NA,NA
"77","Shigellosis",2014,4,0.0833333333333333,"JPN","AICHI",NA,NA,NA
"78","Shigellosis",2014,5,0,"JPN","AICHI",NA,NA,NA
"79","Shigellosis",2014,6,0,"JPN","AICHI",NA,NA,NA
"80","Shigellosis",2014,7,0.125,"JPN","AICHI",NA,NA,NA
"81","Shigellosis",2014,8,0.0416666666666667,"JPN","AICHI",NA,NA,NA
"82","Shigellosis",2014,9,0.0833333333333333,"JPN","AICHI",NA,NA,NA
"83","Shigellosis",2014,10,0.0833333333333333,"JPN","AICHI",NA,NA,NA
"84","Shigellosis",2014,11,0.0833333333333333,"JPN","AICHI",NA,NA,NA
"85","Shigellosis",2014,12,0,"JPN","AICHI",NA,NA,NA
"86","Shigellosis",2014,13,0.0833333333333333,"JPN","AICHI",NA,NA,NA
"87","Shigellosis",2014,14,0.0833333333333333,"JPN","AICHI",NA,NA,NA
"88","Shigellosis",2014,15,0.0833333333333333,"JPN","AICHI",NA,NA,NA
"89","Shigellosis",2014,16,0.0833333333333333,"JPN","AICHI",NA,NA,NA
"90","Shigellosis",2014,17,0.0416666666666667,"JPN","AICHI",NA,NA,NA
"91","Shigellosis",2014,18,0,"JPN","AICHI",NA,NA,NA
"92","Shigellosis",2014,19,0.0416666666666667,"JPN","AICHI",NA,NA,NA
"93","Shigellosis",2014,20,0.25,"JPN","AICHI",NA,NA,NA
"94","Shigellosis",2014,21,0,"JPN","AICHI",NA,NA,NA
"95","Shigellosis",2014,22,0.0833333333333333,"JPN","AICHI",NA,NA,NA
"96","Shigellosis",2014,23,0,"JPN","AICHI",NA,NA,NA
"97","Shigellosis",2014,24,0.0833333333333333,"JPN","AICHI",NA,NA,NA
"98","Shigellosis",2014,25,0.125,"JPN","AICHI",NA,NA,NA
"99","Shigellosis",2014,26,0.0416666666666667,"JPN","AICHI",NA,NA,NA
"100","Shigellosis",2014,27,0.0833333333333333,"JPN","AICHI",NA,NA,NA
"101","Shigellosis",2014,28,0.125,"JPN","AICHI",NA,NA,NA
"102","Shigellosis",2014,29,0,"JPN","AICHI",NA,NA,NA
"103","Shigellosis",2014,30,0.0833333333333333,"JPN","AICHI",NA,NA,NA
"104","Shigellosis",2014,31,0.0833333333333333,"JPN","AICHI",NA,NA,NA
"105","Shigellosis",2014,32,0.125,"JPN","AICHI",NA,NA,NA
"106","Shigellosis",2014,33,0,"JPN","AICHI",NA,NA,NA
"107","Shigellosis",2014,34,0.0833333333333333,"JPN","AICHI",NA,NA,NA
"108","Shigellosis",2014,35,0.0833333333333333,"JPN","AICHI",NA,NA,NA
"109","Shigellosis",2014,36,0.208333333333333,"JPN","AICHI",NA,NA,NA
"110","Shigellosis",2014,37,0.0416666666666667,"JPN","AICHI",NA,NA,NA
"111","Shigellosis",2014,38,0.125,"JPN","AICHI",NA,NA,NA
"112","Shigellosis",2014,39,0.125,"JPN","AICHI",NA,NA,NA
"113","Shigellosis",2014,40,0.25,"JPN","AICHI",NA,NA,NA
"114","Shigellosis",2014,41,0.291666666666667,"JPN","AICHI",NA,NA,NA
"115","Shigellosis",2014,42,0.25,"JPN","AICHI",NA,NA,NA
"116","Shigellosis",2014,43,0.291666666666667,"JPN","AICHI",NA,NA,NA
"117","Shigellosis",2014,44,0.458333333333333,"JPN","AICHI",NA,NA,NA
"118","Shigellosis",2014,45,0.125,"JPN","AICHI",NA,NA,NA
"119","Shigellosis",2014,46,0.208333333333333,"JPN","AICHI",NA,NA,NA
"120","Shigellosis",2014,47,0.125,"JPN","AICHI",NA,NA,NA
"121","Shigellosis",2014,48,0.166666666666667,"JPN","AICHI",NA,NA,NA
"122","Shigellosis",2014,49,0.0416666666666667,"JPN","AICHI",NA,NA,NA
"123","Shigellosis",2014,50,0.208333333333333,"JPN","AICHI",NA,NA,NA
"124","Shigellosis",2014,51,0.166666666666667,"JPN","AICHI",NA,NA,NA
"125","Shigellosis",2014,52,0.166666666666667,"JPN","AICHI",NA,NA,NA
"126","Shigellosis",2015,1,0.0416666666666667,"JPN","AICHI",NA,NA,NA
"127","Shigellosis",2015,2,0.125,"JPN","AICHI",NA,NA,NA
"128","Shigellosis",2015,3,0,"JPN","AICHI",NA,NA,NA
"129","Shigellosis",2015,4,0.0416666666666667,"JPN","AICHI",NA,NA,NA
"130","Shigellosis",2015,5,0.0833333333333333,"JPN","AICHI",NA,NA,NA
"131","Shigellosis",2015,6,0.0416666666666667,"JPN","AICHI",NA,NA,NA
"132","Shigellosis",2015,7,0.125,"JPN","AICHI",NA,NA,NA
"133","Shigellosis",2015,8,0.166666666666667,"JPN","AICHI",NA,NA,NA
"134","Shigellosis",2015,9,0.166666666666667,"JPN","AICHI",NA,NA,NA
"135","Shigellosis",2015,10,0.0833333333333333,"JPN","AICHI",NA,NA,NA
"136","Shigellosis",2015,11,0.0833333333333333,"JPN","AICHI",NA,NA,NA
"137","Shigellosis",2015,12,0.125,"JPN","AICHI",NA,NA,NA
"138","Shigellosis",2015,13,0.0833333333333333,"JPN","AICHI",NA,NA,NA
"139","Shigellosis",2015,14,0,"JPN","AICHI",NA,NA,NA
"140","Shigellosis",2015,15,0.166666666666667,"JPN","AICHI",NA,NA,NA
"141","Shigellosis",2015,16,0,"JPN","AICHI",NA,NA,NA
"142","Shigellosis",2015,17,0.166666666666667,"JPN","AICHI",NA,NA,NA
"143","Shigellosis",2015,18,0.0416666666666667,"JPN","AICHI",NA,NA,NA
"144","Shigellosis",2015,19,0.125,"JPN","AICHI",NA,NA,NA
"145","Shigellosis",2015,20,0.0833333333333333,"JPN","AICHI",NA,NA,NA
"146","Shigellosis",2015,21,0.125,"JPN","AICHI",NA,NA,NA
"147","Shigellosis",2015,22,0.0833333333333333,"JPN","AICHI",NA,NA,NA
"148","Shigellosis",2015,23,0.25,"JPN","AICHI",NA,NA,NA
"149","Shigellosis",2015,24,0.125,"JPN","AICHI",NA,NA,NA
"150","Shigellosis",2015,25,0.0833333333333333,"JPN","AICHI",NA,NA,NA
"151","Shigellosis",2015,26,0.125,"JPN","AICHI",NA,NA,NA
"152","Shigellosis",2015,27,0.125,"JPN","AICHI",NA,NA,NA
"153","Shigellosis",2015,28,0.208333333333333,"JPN","AICHI",NA,NA,NA
"154","Shigellosis",2015,29,0.166666666666667,"JPN","AICHI",NA,NA,NA
"155","Shigellosis",2015,30,0.125,"JPN","AICHI",NA,NA,NA
"156","Shigellosis",2015,31,0.166666666666667,"JPN","AICHI",NA,NA,NA
"157","Shigellosis",2015,32,0.166666666666667,"JPN","AICHI",NA,NA,NA
"158","Shigellosis",2015,33,0.0833333333333333,"JPN","AICHI",NA,NA,NA
"159","Shigellosis",2015,34,0.208333333333333,"JPN","AICHI",NA,NA,NA
"160","Shigellosis",2015,35,0.0416666666666667,"JPN","AICHI",NA,NA,NA
"161","Shigellosis",2015,36,0.0833333333333333,"JPN","AICHI",NA,NA,NA
"162","Shigellosis",2015,37,0.0833333333333333,"JPN","AICHI",NA,NA,NA
"163","Shigellosis",2015,38,0.208333333333333,"JPN","AICHI",NA,NA,NA
"164","Shigellosis",2015,39,0.0833333333333333,"JPN","AICHI",NA,NA,NA
"165","Shigellosis",2015,40,0.125,"JPN","AICHI",NA,NA,NA
"166","Shigellosis",2015,41,0.25,"JPN","AICHI",NA,NA,NA
"167","Shigellosis",2015,42,0.125,"JPN","AICHI",NA,NA,NA
"168","Shigellosis",2015,43,0.125,"JPN","AICHI",NA,NA,NA
"169","Shigellosis",2015,44,0.125,"JPN","AICHI",NA,NA,NA
"170","Shigellosis",2015,45,0.0833333333333333,"JPN","AICHI",NA,NA,NA
"171","Shigellosis",2015,46,0.166666666666667,"JPN","AICHI",NA,NA,NA
"172","Shigellosis",2015,47,0.0833333333333333,"JPN","AICHI",NA,NA,NA
"173","Shigellosis",2015,48,0.0416666666666667,"JPN","AICHI",NA,NA,NA
"174","Shigellosis",2015,49,0,"JPN","AICHI",NA,NA,NA
"175","Shigellosis",2015,50,0.0416666666666667,"JPN","AICHI",NA,NA,NA
"176","Shigellosis",2015,51,0.0416666666666667,"JPN","AICHI",NA,NA,NA
"177","Shigellosis",2015,52,0.0833333333333333,"JPN","AICHI",NA,NA,NA
"178","Shigellosis",2015,53,0,"JPN","AICHI",NA,NA,NA
"179","Shigellosis",2016,1,0.0833333333333333,"JPN","AICHI",NA,NA,NA
"180","Shigellosis",2016,2,0.166666666666667,"JPN","AICHI",NA,NA,NA
"181","Shigellosis",2016,3,0,"JPN","AICHI",NA,NA,NA
"182","Shigellosis",2016,4,0.0833333333333333,"JPN","AICHI",NA,NA,NA
"183","Shigellosis",2016,5,0.125,"JPN","AICHI",NA,NA,NA
"184","Shigellosis",2016,6,0.25,"JPN","AICHI",NA,NA,NA
"185","Shigellosis",2016,7,0.0833333333333333,"JPN","AICHI",NA,NA,NA
"186","Shigellosis",2016,8,0.166666666666667,"JPN","AICHI",NA,NA,NA
"187","Shigellosis",2016,9,0.208333333333333,"JPN","AICHI",NA,NA,NA
"188","Shigellosis",2016,10,0.0416666666666667,"JPN","AICHI",NA,NA,NA
"189","Shigellosis",2016,11,0.0416666666666667,"JPN","AICHI",NA,NA,NA
"190","Shigellosis",2016,12,0.0416666666666667,"JPN","AKITA",NA,NA,NA
"191","Shigellosis",2016,13,0.0833333333333333,"JPN","AKITA",NA,NA,NA
"192","Shigellosis",2016,14,0.0416666666666667,"JPN","AKITA",NA,NA,NA
"193","Shigellosis",2016,15,0.0833333333333333,"JPN","AKITA",NA,NA,NA
"194","Shigellosis",2016,16,0.0833333333333333,"JPN","AKITA",NA,NA,NA
"195","Shigellosis",2016,17,0.0416666666666667,"JPN","AKITA",NA,NA,NA
"196","Shigellosis",2016,18,0,"JPN","AKITA",NA,NA,NA
"197","Shigellosis",2016,19,0.0416666666666667,"JPN","AKITA",NA,NA,NA
"198","Shigellosis",2016,20,0.0416666666666667,"JPN","AKITA",NA,NA,NA
"199","Shigellosis",2016,21,0.125,"JPN","AKITA",NA,NA,NA
"200","Shigellosis",2016,22,0.125,"JPN","AKITA",NA,NA,NA
"201","Shigellosis",2016,23,0.0833333333333333,"JPN","AKITA",NA,NA,NA
"202","Shigellosis",2016,24,0.0833333333333333,"JPN","AKITA",NA,NA,NA
"203","Shigellosis",2016,25,0.125,"JPN","AKITA",NA,NA,NA
"204","Shigellosis",2016,26,0.166666666666667,"JPN","AKITA",NA,NA,NA
"205","Shigellosis",2016,27,0.0833333333333333,"JPN","AKITA",NA,NA,NA
"206","Shigellosis",2016,28,0.0416666666666667,"JPN","AKITA",NA,NA,NA
"207","Shigellosis",2016,29,0.166666666666667,"JPN","AKITA",NA,NA,NA
"208","Shigellosis",2016,30,0.0833333333333333,"JPN","AKITA",NA,NA,NA
"209","Shigellosis",2016,31,0.166666666666667,"JPN","AKITA",NA,NA,NA
"210","Shigellosis",2016,32,0.125,"JPN","AKITA",NA,NA,NA
"211","Shigellosis",2016,33,0.208333333333333,"JPN","AKITA",NA,NA,NA
"212","Shigellosis",2016,34,0,"JPN","AKITA",NA,NA,NA
"213","Shigellosis",2016,35,0.0416666666666667,"JPN","AKITA",NA,NA,NA
"214","Shigellosis",2016,36,0.0416666666666667,"JPN","AKITA",NA,NA,NA
"215","Shigellosis",2016,37,0.125,"JPN","AKITA",NA,NA,NA
"216","Shigellosis",2016,38,0,"JPN","AKITA",NA,NA,NA
"217","Shigellosis",2016,39,0.0416666666666667,"JPN","AKITA",NA,NA,NA
"218","Shigellosis",2016,40,0.125,"JPN","AKITA",NA,NA,NA
"219","Shigellosis",2016,41,0.0416666666666667,"JPN","AKITA",NA,NA,NA
"220","Shigellosis",2016,42,0.0416666666666667,"JPN","AKITA",NA,NA,NA
"221","Shigellosis",2016,43,0.0833333333333333,"JPN","AKITA",NA,NA,NA
"222","Shigellosis",2016,44,0.0833333333333333,"JPN","AKITA",NA,NA,NA
"223","Shigellosis",2016,45,0.0416666666666667,"JPN","AKITA",NA,NA,NA
"224","Shigellosis",2016,46,0.0833333333333333,"JPN","AKITA",NA,NA,NA
"225","Shigellosis",2016,47,0.0833333333333333,"JPN","AKITA",NA,NA,NA
"226","Shigellosis",2016,48,0.0416666666666667,"JPN","AKITA",NA,NA,NA
"227","Shigellosis",2016,49,0.0833333333333333,"JPN","AKITA",NA,NA,NA
"228","Shigellosis",2016,50,0.0833333333333333,"JPN","AKITA",NA,NA,NA
"229","Shigellosis",2016,51,0,"JPN","AKITA",NA,NA,NA
"230","Shigellosis",2016,52,0.0416666666666667,"JPN","AKITA",NA,NA,NA
"231","Shigellosis",2017,1,0.125,"JPN","AKITA",NA,NA,NA
"232","Shigellosis",2017,2,0.125,"JPN","AKITA",NA,NA,NA
"233","Shigellosis",2017,3,0.25,"JPN","AKITA",NA,NA,NA
"234","Shigellosis",2017,4,0.25,"JPN","AKITA",NA,NA,NA
"235","Shigellosis",2017,5,0.0833333333333333,"JPN","AKITA",NA,NA,NA
"236","Shigellosis",2017,6,0.166666666666667,"JPN","AKITA",NA,NA,NA
"237","Shigellosis",2017,7,0.0833333333333333,"JPN","AKITA",NA,NA,NA
"238","Shigellosis",2017,8,0.0416666666666667,"JPN","AKITA",NA,NA,NA
"239","Shigellosis",2017,9,0.0833333333333333,"JPN","AKITA",NA,NA,NA
"240","Shigellosis",2017,10,0.0833333333333333,"JPN","AKITA",NA,NA,NA
"241","Shigellosis",2017,11,0,"JPN","AKITA",NA,NA,NA
"242","Shigellosis",2017,12,0.0416666666666667,"JPN","AKITA",NA,NA,NA
"243","Shigellosis",2017,13,0.0833333333333333,"JPN","AKITA",NA,NA,NA
"244","Shigellosis",2017,14,0.166666666666667,"JPN","AKITA",NA,NA,NA
"245","Shigellosis",2017,15,0.125,"JPN","AKITA",NA,NA,NA
"246","Shigellosis",2017,16,0.0833333333333333,"JPN","AKITA",NA,NA,NA
"247","Shigellosis",2017,17,0.125,"JPN","AKITA",NA,NA,NA
"248","Shigellosis",2017,18,0.0416666666666667,"JPN","AKITA",NA,NA,NA
"249","Shigellosis",2017,19,0,"JPN","AKITA",NA,NA,NA
"250","Shigellosis",2017,20,0.0833333333333333,"JPN","AKITA",NA,NA,NA
"251","Shigellosis",2017,21,0,"JPN","AKITA",NA,NA,NA
"252","Shigellosis",2017,22,0.125,"JPN","AKITA",NA,NA,NA
"253","Shigellosis",2017,23,0.0416666666666667,"JPN","AKITA",NA,NA,NA
"254","Shigellosis",2017,24,0.125,"JPN","AKITA",NA,NA,NA
"255","Shigellosis",2017,25,0.125,"JPN","AKITA",NA,NA,NA
"256","Shigellosis",2017,26,0.0416666666666667,"JPN","AKITA",NA,NA,NA
"257","Shigellosis",2017,27,0.0833333333333333,"JPN","AKITA",NA,NA,NA
"258","Shigellosis",2017,28,0.208333333333333,"JPN","AKITA",NA,NA,NA
"259","Shigellosis",2017,29,0.166666666666667,"JPN","AKITA",NA,NA,NA
"260","Shigellosis",2017,30,0.0833333333333333,"JPN","AKITA",NA,NA,NA
"261","Shigellosis",2017,31,0.166666666666667,"JPN","AKITA",NA,NA,NA
"262","Shigellosis",2017,32,0,"JPN","AKITA",NA,NA,NA
"263","Shigellosis",2017,33,0.0416666666666667,"JPN","AKITA",NA,NA,NA
"264","Shigellosis",2017,34,0.125,"JPN","AKITA",NA,NA,NA
"265","Shigellosis",2017,35,0.125,"JPN","AKITA",NA,NA,NA
"266","Shigellosis",2017,36,0.0833333333333333,"JPN","AKITA",NA,NA,NA
"267","Shigellosis",2017,37,0.125,"JPN","AKITA",NA,NA,NA
"268","Shigellosis",2017,38,0.166666666666667,"JPN","AKITA",NA,NA,NA
"269","Shigellosis",2017,39,0.0833333333333333,"JPN","AKITA",NA,NA,NA
"270","Shigellosis",2017,40,0.125,"JPN","AKITA",NA,NA,NA
"271","Shigellosis",2017,41,0.0416666666666667,"JPN","AKITA",NA,NA,NA
"272","Shigellosis",2017,42,0,"JPN","AKITA",NA,NA,NA
"273","Shigellosis",2017,43,0.0416666666666667,"JPN","AKITA",NA,NA,NA
"274","Shigellosis",2017,44,0.0416666666666667,"JPN","AOMORI",NA,NA,NA
"275","Shigellosis",2017,45,0,"JPN","AOMORI",NA,NA,NA
"276","Shigellosis",2017,46,0.166666666666667,"JPN","AOMORI",NA,NA,NA
"277","Shigellosis",2017,47,0.125,"JPN","AOMORI",NA,NA,NA
"278","Shigellosis",2017,48,0.125,"JPN","AOMORI",NA,NA,NA
"279","Shigellosis",2017,49,0.166666666666667,"JPN","AOMORI",NA,NA,NA
"280","Shigellosis",2017,50,0,"JPN","AOMORI",NA,NA,NA
"281","Shigellosis",2017,51,0.0833333333333333,"JPN","AOMORI",NA,NA,NA
"282","Shigellosis",2017,52,0,"JPN","AOMORI",NA,NA,NA
"283","Shigellosis",2018,1,0,"JPN","AOMORI",NA,NA,NA
"284","Shigellosis",2018,2,0.0833333333333333,"JPN","AOMORI",NA,NA,NA
"285","Shigellosis",2018,3,0.166666666666667,"JPN","AOMORI",NA,NA,NA
"286","Shigellosis",2018,4,0.0416666666666667,"JPN","AOMORI",NA,NA,NA
"287","Shigellosis",2018,5,0.166666666666667,"JPN","AOMORI",NA,NA,NA
"288","Shigellosis",2018,6,0.208333333333333,"JPN","AOMORI",NA,NA,NA
"289","Shigellosis",2018,7,0.333333333333333,"JPN","AOMORI",NA,NA,NA
"290","Shigellosis",2018,8,0.125,"JPN","AOMORI",NA,NA,NA
"291","Shigellosis",2018,9,0.208333333333333,"JPN","AOMORI",NA,NA,NA
"292","Shigellosis",2018,10,0.0833333333333333,"JPN","AOMORI",NA,NA,NA
"293","Shigellosis",2018,11,0.0833333333333333,"JPN","AOMORI",NA,NA,NA
"294","Shigellosis",2018,12,0.0416666666666667,"JPN","AOMORI",NA,NA,NA
"295","Shigellosis",2018,13,0.125,"JPN","AOMORI",NA,NA,NA
"296","Shigellosis",2018,14,0.0833333333333333,"JPN","AOMORI",NA,NA,NA
"297","Shigellosis",2018,15,0.125,"JPN","AOMORI",NA,NA,NA
"298","Shigellosis",2018,16,0.0416666666666667,"JPN","AOMORI",NA,NA,NA
"299","Shigellosis",2018,17,0,"JPN","AOMORI",NA,NA,NA
"300","Shigellosis",2018,18,0.0416666666666667,"JPN","AOMORI",NA,NA,NA
"301","Shigellosis",2018,19,0.375,"JPN","AOMORI",NA,NA,NA
"302","Shigellosis",2018,20,0.0833333333333333,"JPN","AOMORI",NA,NA,NA
"303","Shigellosis",2018,21,0.0416666666666667,"JPN","AOMORI",NA,NA,NA
"304","Shigellosis",2018,22,0.125,"JPN","AOMORI",NA,NA,NA
"305","Shigellosis",2018,23,0.375,"JPN","AOMORI",NA,NA,NA
"306","Shigellosis",2018,24,0,"JPN","AOMORI",NA,NA,NA
"307","Shigellosis",2018,25,0.0416666666666667,"JPN","AOMORI",NA,NA,NA
"308","Shigellosis",2018,26,0.0416666666666667,"JPN","AOMORI",NA,NA,NA
"309","Shigellosis",2018,27,0,"JPN","AOMORI",NA,NA,NA
"310","Shigellosis",2018,28,0.0416666666666667,"JPN","AOMORI",NA,NA,NA
"311","Shigellosis",2018,29,0,"JPN","AOMORI",NA,NA,NA
"312","Shigellosis",2018,30,0.0833333333333333,"JPN","AOMORI",NA,NA,NA
"313","Shigellosis",2018,31,0,"JPN","AOMORI",NA,NA,NA
"314","Shigellosis",2018,32,0.0416666666666667,"JPN","AOMORI",NA,NA,NA
"315","Shigellosis",2018,33,0,"JPN","AOMORI",NA,NA,NA
"316","Shigellosis",2018,34,0.291666666666667,"JPN","AOMORI",NA,NA,NA
"317","Shigellosis",2018,35,0.166666666666667,"JPN","AOMORI",NA,NA,NA
"318","Shigellosis",2018,36,0.0416666666666667,"JPN","AOMORI",NA,NA,NA
"319","Shigellosis",2018,37,0.0833333333333333,"JPN","AOMORI",NA,NA,NA
"320","Shigellosis",2018,38,0.0416666666666667,"JPN","AOMORI",NA,NA,NA
"321","Shigellosis",2018,39,0.0833333333333333,"JPN","AOMORI",NA,NA,NA
"322","Shigellosis",2018,40,0.166666666666667,"JPN","AOMORI",NA,NA,NA
"323","Shigellosis",2018,41,0.125,"JPN","AOMORI",NA,NA,NA
"324","Shigellosis",2018,42,0.791666666666667,"JPN","AOMORI",NA,NA,NA
"325","Shigellosis",2018,43,1.75,"JPN","AOMORI",NA,NA,NA
"326","Shigellosis",2018,44,0.458333333333333,"JPN","AOMORI",NA,NA,NA
"327","Shigellosis",2018,45,0.416666666666667,"JPN","AOMORI",NA,NA,NA
"328","Shigellosis",2018,46,0,"JPN","AOMORI",NA,NA,NA
"329","Shigellosis",2018,47,0.125,"JPN","AOMORI",NA,NA,NA
"330","Shigellosis",2018,48,0.166666666666667,"JPN","AOMORI",NA,NA,NA
"331","Shigellosis",2018,49,0.875,"JPN","AOMORI",NA,NA,NA
"332","Shigellosis",2018,50,0.458333333333333,"JPN","AOMORI",NA,NA,NA
"333","Shigellosis",2018,51,0.125,"JPN","AOMORI",NA,NA,NA
"334","Shigellosis",2018,52,0.0416666666666667,"JPN","AOMORI",NA,NA,NA
"335","Shigellosis",2019,1,0.0416666666666667,"JPN","AOMORI",NA,NA,NA
"336","Shigellosis",2019,2,0,"JPN","AOMORI",NA,NA,NA
"337","Shigellosis",2019,3,0.0416666666666667,"JPN","CHIBA",NA,NA,NA
"338","Shigellosis",2019,4,0.0416666666666667,"JPN","CHIBA",NA,NA,NA
"339","Shigellosis",2019,5,0.0416666666666667,"JPN","CHIBA",NA,NA,NA
"340","Shigellosis",2019,6,0.0416666666666667,"JPN","CHIBA",NA,NA,NA
"341","Shigellosis",2019,7,0,"JPN","CHIBA",NA,NA,NA
"342","Shigellosis",2019,8,0.0833333333333333,"JPN","CHIBA",NA,NA,NA
"343","Shigellosis",2019,9,0.125,"JPN","CHIBA",NA,NA,NA
"344","Shigellosis",2019,10,0.208333333333333,"JPN","CHIBA",NA,NA,NA
"345","Shigellosis",2019,11,0.291666666666667,"JPN","CHIBA",NA,NA,NA
"346","Shigellosis",2019,12,0,"JPN","CHIBA",NA,NA,NA
"347","Shigellosis",2019,13,0,"JPN","CHIBA",NA,NA,NA
"348","Shigellosis",2019,14,0.0416666666666667,"JPN","CHIBA",NA,NA,NA
"349","Shigellosis",2019,15,0,"JPN","CHIBA",NA,NA,NA
"350","Shigellosis",2019,16,0.0833333333333333,"JPN","CHIBA",NA,NA,NA
"351","Shigellosis",2019,17,0,"JPN","CHIBA",NA,NA,NA
"352","Shigellosis",2019,18,0,"JPN","CHIBA",NA,NA,NA
"353","Shigellosis",2019,19,0.0416666666666667,"JPN","CHIBA",NA,NA,NA
"354","Shigellosis",2019,20,0.0833333333333333,"JPN","CHIBA",NA,NA,NA
"355","Shigellosis",2019,21,0.0416666666666667,"JPN","CHIBA",NA,NA,NA
"356","Shigellosis",2019,22,0.0833333333333333,"JPN","CHIBA",NA,NA,NA
"357","Shigellosis",2019,23,0.125,"JPN","CHIBA",NA,NA,NA
"358","Shigellosis",2019,24,0.0416666666666667,"JPN","CHIBA",NA,NA,NA
"359","Shigellosis",2019,25,0.0833333333333333,"JPN","CHIBA",NA,NA,NA
"360","Shigellosis",2019,26,0.166666666666667,"JPN","CHIBA",NA,NA,NA
"361","Shigellosis",2019,27,0,"JPN","CHIBA",NA,NA,NA
"362","Shigellosis",2019,28,0.0416666666666667,"JPN","CHIBA",NA,NA,NA
"363","Shigellosis",2019,29,0.125,"JPN","CHIBA",NA,NA,NA
"364","Shigellosis",2019,30,0,"JPN","CHIBA",NA,NA,NA
"365","Shigellosis",2019,31,0,"JPN","CHIBA",NA,NA,NA
"366","Shigellosis",2019,32,0,"JPN","CHIBA",NA,NA,NA
"367","Shigellosis",2019,33,0.0416666666666667,"JPN","CHIBA",NA,NA,NA
"368","Shigellosis",2019,34,0.0833333333333333,"JPN","CHIBA",NA,NA,NA
"369","Shigellosis",2019,35,0.208333333333333,"JPN","CHIBA",NA,NA,NA
"370","Shigellosis",2019,36,0.166666666666667,"JPN","CHIBA",NA,NA,NA
"371","Shigellosis",2019,37,0.125,"JPN","CHIBA",NA,NA,NA
"372","Shigellosis",2019,38,0.0416666666666667,"JPN","CHIBA",NA,NA,NA
"373","Shigellosis",2019,39,0,"JPN","CHIBA",NA,NA,NA
"374","Shigellosis",2019,40,0.0416666666666667,"JPN","CHIBA",NA,NA,NA
"375","Shigellosis",2019,41,0.166666666666667,"JPN","CHIBA",NA,NA,NA
"376","Shigellosis",2019,42,0,"JPN","CHIBA",NA,NA,NA
"377","Shigellosis",2019,43,0.0833333333333333,"JPN","CHIBA",NA,NA,NA
"378","Shigellosis",2019,44,0.0833333333333333,"JPN","CHIBA",NA,NA,NA
"379","Shigellosis",2019,45,0.125,"JPN","CHIBA",NA,NA,NA
"380","Shigellosis",2019,46,0.0416666666666667,"JPN","CHIBA",NA,NA,NA
"381","Shigellosis",2019,47,0.333333333333333,"JPN","CHIBA",NA,NA,NA
"382","Shigellosis",2019,48,0.166666666666667,"JPN","CHIBA",NA,NA,NA
"383","Shigellosis",2019,49,0.583333333333333,"JPN","CHIBA",NA,NA,NA
"384","Shigellosis",2019,50,0.541666666666667,"JPN","CHIBA",NA,NA,NA
"385","Shigellosis",2019,51,0.166666666666667,"JPN","CHIBA",NA,NA,NA
"386","Shigellosis",2019,52,0.166666666666667,"JPN","CHIBA",NA,NA,NA
"387","Shigellosis",2020,1,0,"JPN","CHIBA",NA,NA,NA
"388","Shigellosis",2020,2,0.0416666666666667,"JPN","CHIBA",NA,NA,NA
"389","Shigellosis",2020,3,0.25,"JPN","CHIBA",NA,NA,NA
"390","Shigellosis",2020,4,0.166666666666667,"JPN","CHIBA",NA,NA,NA
"391","Shigellosis",2020,5,0.0416666666666667,"JPN","CHIBA",NA,NA,NA
"392","Shigellosis",2020,6,0,"JPN","CHIBA",NA,NA,NA
"393","Shigellosis",2020,7,0,"JPN","CHIBA",NA,NA,NA
"394","Shigellosis",2020,8,0,"JPN","CHIBA",NA,NA,NA
"395","Shigellosis",2020,9,0.0416666666666667,"JPN","CHIBA",NA,NA,NA
"396","Shigellosis",2020,10,0.0416666666666667,"JPN","CHIBA",NA,NA,NA
"397","Shigellosis",2020,11,0.541666666666667,"JPN","CHIBA",NA,NA,NA
