"","Disease","EpiYear","EpiWeek","Incidence","ADM0","ADM1","ADM2","NA","NA"
"1","Rubella",2012,31,1.82222222222222,"JPN","AICHI",NA,NA,NA
"2","Rubella",2012,32,1.46666666666667,"JPN","AICHI",NA,NA,NA
"3","Rubella",2012,34,1.62222222222222,"JPN","AICHI",NA,NA,NA
"4","Rubella",2012,35,1.44444444444444,"JPN","AICHI",NA,NA,NA
"5","Rubella",2012,36,1.6,"JPN","AICHI",NA,NA,NA
"6","Rubella",2012,37,1.2,"JPN","AICHI",NA,NA,NA
"7","Rubella",2012,38,1.11111111111111,"JPN","AICHI",NA,NA,NA
"8","Rubella",2012,39,1.15555555555556,"JPN","AICHI",NA,NA,NA
"9","Rubella",2012,40,0.933333333333333,"JPN","AICHI",NA,NA,NA
"10","Rubella",2012,41,0.666666666666667,"JPN","AICHI",NA,NA,NA
"11","Rubella",2012,42,0.777777777777778,"JPN","AICHI",NA,NA,NA
"12","Rubella",2012,43,0.444444444444444,"JPN","AICHI",NA,NA,NA
"13","Rubella",2012,44,0.377777777777778,"JPN","AICHI",NA,NA,NA
"14","Rubella",2012,45,0.733333333333333,"JPN","AICHI",NA,NA,NA
"15","Rubella",2012,46,0.666666666666667,"JPN","AICHI",NA,NA,NA
"16","Rubella",2012,47,0.955555555555556,"JPN","AICHI",NA,NA,NA
"17","Rubella",2012,48,0.755555555555556,"JPN","AICHI",NA,NA,NA
"18","Rubella",2012,49,1.04444444444444,"JPN","AICHI",NA,NA,NA
"19","Rubella",2012,50,0.555555555555556,"JPN","AICHI",NA,NA,NA
"20","Rubella",2012,51,1.13333333333333,"JPN","AICHI",NA,NA,NA
"21","Rubella",2012,52,1.02222222222222,"JPN","AICHI",NA,NA,NA
"22","Rubella",2013,1,0.311111111111111,"JPN","AICHI",NA,NA,NA
"23","Rubella",2013,2,1.31111111111111,"JPN","AICHI",NA,NA,NA
"24","Rubella",2013,3,0.977777777777778,"JPN","AICHI",NA,NA,NA
"25","Rubella",2013,4,1.68888888888889,"JPN","AICHI",NA,NA,NA
"26","Rubella",2013,5,1.31111111111111,"JPN","AICHI",NA,NA,NA
"27","Rubella",2013,6,3.06666666666667,"JPN","AICHI",NA,NA,NA
"28","Rubella",2013,7,3.26666666666667,"JPN","AICHI",NA,NA,NA
"29","Rubella",2013,8,4.86666666666667,"JPN","AICHI",NA,NA,NA
"30","Rubella",2013,9,4.42222222222222,"JPN","AICHI",NA,NA,NA
"31","Rubella",2013,10,5.35555555555556,"JPN","AICHI",NA,NA,NA
"32","Rubella",2013,11,6.35555555555556,"JPN","AICHI",NA,NA,NA
"33","Rubella",2013,12,6.48888888888889,"JPN","AICHI",NA,NA,NA
"34","Rubella",2013,13,8.33333333333333,"JPN","AICHI",NA,NA,NA
"35","Rubella",2013,14,10.2222222222222,"JPN","AICHI",NA,NA,NA
"36","Rubella",2013,15,11,"JPN","AICHI",NA,NA,NA
"37","Rubella",2013,16,11.8666666666667,"JPN","AICHI",NA,NA,NA
"38","Rubella",2013,17,11.6888888888889,"JPN","AICHI",NA,NA,NA
"39","Rubella",2013,18,8.13333333333333,"JPN","AICHI",NA,NA,NA
"40","Rubella",2013,19,13.0444444444444,"JPN","AICHI",NA,NA,NA
"41","Rubella",2013,20,12.6888888888889,"JPN","AICHI",NA,NA,NA
"42","Rubella",2013,21,14.9111111111111,"JPN","AICHI",NA,NA,NA
"43","Rubella",2013,22,15.1555555555556,"JPN","AICHI",NA,NA,NA
"44","Rubella",2013,23,11.4888888888889,"JPN","AICHI",NA,NA,NA
"45","Rubella",2013,24,12.2222222222222,"JPN","AICHI",NA,NA,NA
"46","Rubella",2013,25,11.2,"JPN","AICHI",NA,NA,NA
"47","Rubella",2013,26,7.97777777777778,"JPN","AICHI",NA,NA,NA
"48","Rubella",2013,27,8.06666666666667,"JPN","AICHI",NA,NA,NA
"49","Rubella",2013,28,6.44444444444444,"JPN","AICHI",NA,NA,NA
"50","Rubella",2013,29,4.08888888888889,"JPN","AICHI",NA,NA,NA
"51","Rubella",2013,30,3.42222222222222,"JPN","AICHI",NA,NA,NA
"52","Rubella",2013,31,2.77777777777778,"JPN","AICHI",NA,NA,NA
"53","Rubella",2013,32,2.33333333333333,"JPN","AICHI",NA,NA,NA
"54","Rubella",2013,33,1.35555555555556,"JPN","AICHI",NA,NA,NA
"55","Rubella",2013,34,1.51111111111111,"JPN","AICHI",NA,NA,NA
"56","Rubella",2013,35,1.22222222222222,"JPN","AICHI",NA,NA,NA
"57","Rubella",2013,36,0.822222222222222,"JPN","AICHI",NA,NA,NA
"58","Rubella",2013,37,0.822222222222222,"JPN","AICHI",NA,NA,NA
"59","Rubella",2013,38,0.622222222222222,"JPN","AICHI",NA,NA,NA
"60","Rubella",2013,39,0.422222222222222,"JPN","AICHI",NA,NA,NA
"61","Rubella",2013,40,0.555555555555556,"JPN","AICHI",NA,NA,NA
"62","Rubella",2013,41,0.377777777777778,"JPN","AICHI",NA,NA,NA
"63","Rubella",2013,42,0.444444444444444,"JPN","AICHI",NA,NA,NA
"64","Rubella",2013,43,0.311111111111111,"JPN","AICHI",NA,NA,NA
"65","Rubella",2013,44,0.355555555555556,"JPN","AICHI",NA,NA,NA
"66","Rubella",2013,45,0.222222222222222,"JPN","AICHI",NA,NA,NA
"67","Rubella",2013,46,0.266666666666667,"JPN","AICHI",NA,NA,NA
"68","Rubella",2013,47,0.133333333333333,"JPN","AICHI",NA,NA,NA
"69","Rubella",2013,48,0.155555555555556,"JPN","AICHI",NA,NA,NA
"70","Rubella",2013,49,0.177777777777778,"JPN","AICHI",NA,NA,NA
"71","Rubella",2013,50,0.333333333333333,"JPN","AICHI",NA,NA,NA
"72","Rubella",2013,51,0.333333333333333,"JPN","AICHI",NA,NA,NA
"73","Rubella",2013,52,0.288888888888889,"JPN","AICHI",NA,NA,NA
"74","Rubella",2014,1,0.0444444444444444,"JPN","AICHI",NA,NA,NA
"75","Rubella",2014,2,0.155555555555556,"JPN","AICHI",NA,NA,NA
"76","Rubella",2014,3,0.0666666666666667,"JPN","AICHI",NA,NA,NA
"77","Rubella",2014,4,0.2,"JPN","AICHI",NA,NA,NA
"78","Rubella",2014,5,0.155555555555556,"JPN","AICHI",NA,NA,NA
"79","Rubella",2014,6,0.155555555555556,"JPN","AICHI",NA,NA,NA
"80","Rubella",2014,7,0.133333333333333,"JPN","AICHI",NA,NA,NA
"81","Rubella",2014,8,0.266666666666667,"JPN","AICHI",NA,NA,NA
"82","Rubella",2014,9,0.133333333333333,"JPN","AICHI",NA,NA,NA
"83","Rubella",2014,10,0.133333333333333,"JPN","AICHI",NA,NA,NA
"84","Rubella",2014,11,0.155555555555556,"JPN","AICHI",NA,NA,NA
"85","Rubella",2014,12,0.177777777777778,"JPN","AICHI",NA,NA,NA
"86","Rubella",2014,13,0.155555555555556,"JPN","AICHI",NA,NA,NA
"87","Rubella",2014,14,0.0888888888888889,"JPN","AICHI",NA,NA,NA
"88","Rubella",2014,15,0.0666666666666667,"JPN","AICHI",NA,NA,NA
"89","Rubella",2014,16,0.155555555555556,"JPN","AICHI",NA,NA,NA
"90","Rubella",2014,17,0.222222222222222,"JPN","AICHI",NA,NA,NA
"91","Rubella",2014,18,0.222222222222222,"JPN","AICHI",NA,NA,NA
"92","Rubella",2014,19,0.155555555555556,"JPN","AICHI",NA,NA,NA
"93","Rubella",2014,20,0.0222222222222222,"JPN","AICHI",NA,NA,NA
"94","Rubella",2014,21,0.0666666666666667,"JPN","AICHI",NA,NA,NA
"95","Rubella",2014,22,0.0888888888888889,"JPN","AICHI",NA,NA,NA
"96","Rubella",2014,23,0.0444444444444444,"JPN","AICHI",NA,NA,NA
"97","Rubella",2014,24,0.2,"JPN","AICHI",NA,NA,NA
"98","Rubella",2014,25,0.0666666666666667,"JPN","AICHI",NA,NA,NA
"99","Rubella",2014,26,0.0888888888888889,"JPN","AICHI",NA,NA,NA
"100","Rubella",2014,27,0.0666666666666667,"JPN","AICHI",NA,NA,NA
"101","Rubella",2014,28,0.133333333333333,"JPN","AICHI",NA,NA,NA
"102","Rubella",2014,29,0.0666666666666667,"JPN","AICHI",NA,NA,NA
"103","Rubella",2014,30,0.0444444444444444,"JPN","AICHI",NA,NA,NA
"104","Rubella",2014,31,0.133333333333333,"JPN","AICHI",NA,NA,NA
"105","Rubella",2014,32,0,"JPN","AICHI",NA,NA,NA
"106","Rubella",2014,33,0.0222222222222222,"JPN","AICHI",NA,NA,NA
"107","Rubella",2014,34,0.0444444444444444,"JPN","AICHI",NA,NA,NA
"108","Rubella",2014,35,0.0222222222222222,"JPN","AICHI",NA,NA,NA
"109","Rubella",2014,36,0.155555555555556,"JPN","AICHI",NA,NA,NA
"110","Rubella",2014,37,0.111111111111111,"JPN","AICHI",NA,NA,NA
"111","Rubella",2014,38,0.0666666666666667,"JPN","AICHI",NA,NA,NA
"112","Rubella",2014,39,0,"JPN","AICHI",NA,NA,NA
"113","Rubella",2014,40,0.0888888888888889,"JPN","AICHI",NA,NA,NA
"114","Rubella",2014,41,0.0222222222222222,"JPN","AICHI",NA,NA,NA
"115","Rubella",2014,42,0.0888888888888889,"JPN","AICHI",NA,NA,NA
"116","Rubella",2014,43,0.0444444444444444,"JPN","AICHI",NA,NA,NA
"117","Rubella",2014,44,0.0666666666666667,"JPN","AICHI",NA,NA,NA
"118","Rubella",2014,45,0.0444444444444444,"JPN","AICHI",NA,NA,NA
"119","Rubella",2014,46,0.0888888888888889,"JPN","AICHI",NA,NA,NA
"120","Rubella",2014,47,0.0444444444444444,"JPN","AICHI",NA,NA,NA
"121","Rubella",2014,48,0.0444444444444444,"JPN","AICHI",NA,NA,NA
"122","Rubella",2014,49,0.0444444444444444,"JPN","AICHI",NA,NA,NA
"123","Rubella",2014,50,0.0444444444444444,"JPN","AICHI",NA,NA,NA
"124","Rubella",2014,51,0.0222222222222222,"JPN","AICHI",NA,NA,NA
"125","Rubella",2014,52,0.0444444444444444,"JPN","AICHI",NA,NA,NA
"126","Rubella",2015,1,0,"JPN","AICHI",NA,NA,NA
"127","Rubella",2015,2,0,"JPN","AICHI",NA,NA,NA
"128","Rubella",2015,3,0.0444444444444444,"JPN","AICHI",NA,NA,NA
"129","Rubella",2015,4,0.0222222222222222,"JPN","AICHI",NA,NA,NA
"130","Rubella",2015,5,0.0222222222222222,"JPN","AICHI",NA,NA,NA
"131","Rubella",2015,6,0.0222222222222222,"JPN","AICHI",NA,NA,NA
"132","Rubella",2015,7,0.244444444444444,"JPN","AICHI",NA,NA,NA
"133","Rubella",2015,8,0.0888888888888889,"JPN","AICHI",NA,NA,NA
"134","Rubella",2015,9,0.0888888888888889,"JPN","AICHI",NA,NA,NA
"135","Rubella",2015,10,0.0666666666666667,"JPN","AICHI",NA,NA,NA
"136","Rubella",2015,11,0.0666666666666667,"JPN","AICHI",NA,NA,NA
"137","Rubella",2015,12,0.111111111111111,"JPN","AICHI",NA,NA,NA
"138","Rubella",2015,13,0.0444444444444444,"JPN","AICHI",NA,NA,NA
"139","Rubella",2015,14,0.0222222222222222,"JPN","AICHI",NA,NA,NA
"140","Rubella",2015,15,0.0444444444444444,"JPN","AICHI",NA,NA,NA
"141","Rubella",2015,16,0.0666666666666667,"JPN","AICHI",NA,NA,NA
"142","Rubella",2015,17,0.155555555555556,"JPN","AICHI",NA,NA,NA
"143","Rubella",2015,18,0.0666666666666667,"JPN","AICHI",NA,NA,NA
"144","Rubella",2015,19,0.0444444444444444,"JPN","AICHI",NA,NA,NA
"145","Rubella",2015,20,0.0666666666666667,"JPN","AICHI",NA,NA,NA
"146","Rubella",2015,21,0.133333333333333,"JPN","AICHI",NA,NA,NA
"147","Rubella",2015,22,0.0444444444444444,"JPN","AICHI",NA,NA,NA
"148","Rubella",2015,23,0.133333333333333,"JPN","AICHI",NA,NA,NA
"149","Rubella",2015,24,0.0222222222222222,"JPN","AICHI",NA,NA,NA
"150","Rubella",2015,25,0.111111111111111,"JPN","AICHI",NA,NA,NA
"151","Rubella",2015,26,0.0444444444444444,"JPN","AICHI",NA,NA,NA
"152","Rubella",2015,27,0.133333333333333,"JPN","AICHI",NA,NA,NA
"153","Rubella",2015,28,0.0666666666666667,"JPN","AICHI",NA,NA,NA
"154","Rubella",2015,29,0.0222222222222222,"JPN","AICHI",NA,NA,NA
"155","Rubella",2015,30,0.0888888888888889,"JPN","AICHI",NA,NA,NA
"156","Rubella",2015,31,0.0444444444444444,"JPN","AICHI",NA,NA,NA
"157","Rubella",2015,32,0.0888888888888889,"JPN","AICHI",NA,NA,NA
"158","Rubella",2015,33,0.0888888888888889,"JPN","AICHI",NA,NA,NA
"159","Rubella",2015,34,0.0222222222222222,"JPN","AICHI",NA,NA,NA
"160","Rubella",2015,35,0.0666666666666667,"JPN","AICHI",NA,NA,NA
"161","Rubella",2015,36,0.0222222222222222,"JPN","AICHI",NA,NA,NA
"162","Rubella",2015,37,0.0444444444444444,"JPN","AICHI",NA,NA,NA
"163","Rubella",2015,38,0.0444444444444444,"JPN","AICHI",NA,NA,NA
"164","Rubella",2015,39,0.0444444444444444,"JPN","AICHI",NA,NA,NA
"165","Rubella",2015,40,0.0666666666666667,"JPN","AICHI",NA,NA,NA
"166","Rubella",2015,41,0.0222222222222222,"JPN","AICHI",NA,NA,NA
"167","Rubella",2015,42,0.0222222222222222,"JPN","AICHI",NA,NA,NA
"168","Rubella",2015,43,0.0222222222222222,"JPN","AICHI",NA,NA,NA
"169","Rubella",2015,44,0,"JPN","AICHI",NA,NA,NA
"170","Rubella",2015,45,0,"JPN","AICHI",NA,NA,NA
"171","Rubella",2015,46,0.0444444444444444,"JPN","AICHI",NA,NA,NA
"172","Rubella",2015,47,0,"JPN","AICHI",NA,NA,NA
"173","Rubella",2015,48,0.0444444444444444,"JPN","AICHI",NA,NA,NA
"174","Rubella",2015,49,0.0666666666666667,"JPN","AICHI",NA,NA,NA
"175","Rubella",2015,50,0.0222222222222222,"JPN","AICHI",NA,NA,NA
"176","Rubella",2015,51,0,"JPN","AICHI",NA,NA,NA
"177","Rubella",2015,52,0,"JPN","AICHI",NA,NA,NA
"178","Rubella",2015,53,0,"JPN","AICHI",NA,NA,NA
"179","Rubella",2016,1,0.0666666666666667,"JPN","AICHI",NA,NA,NA
"180","Rubella",2016,2,0.0222222222222222,"JPN","AICHI",NA,NA,NA
"181","Rubella",2016,3,0.0222222222222222,"JPN","AICHI",NA,NA,NA
"182","Rubella",2016,4,0.0666666666666667,"JPN","AICHI",NA,NA,NA
"183","Rubella",2016,5,0.0222222222222222,"JPN","AICHI",NA,NA,NA
"184","Rubella",2016,6,0,"JPN","AICHI",NA,NA,NA
"185","Rubella",2016,7,0.0222222222222222,"JPN","AICHI",NA,NA,NA
"186","Rubella",2016,8,0.0444444444444444,"JPN","AICHI",NA,NA,NA
"187","Rubella",2016,9,0.0444444444444444,"JPN","AICHI",NA,NA,NA
"188","Rubella",2016,10,0.0444444444444444,"JPN","AICHI",NA,NA,NA
"189","Rubella",2016,11,0.0222222222222222,"JPN","AICHI",NA,NA,NA
"190","Rubella",2016,12,0.0222222222222222,"JPN","AKITA",NA,NA,NA
"191","Rubella",2016,13,0,"JPN","AKITA",NA,NA,NA
"192","Rubella",2016,14,0.0444444444444444,"JPN","AKITA",NA,NA,NA
"193","Rubella",2016,15,0.0666666666666667,"JPN","AKITA",NA,NA,NA
"194","Rubella",2016,16,0.0222222222222222,"JPN","AKITA",NA,NA,NA
"195","Rubella",2016,17,0.0444444444444444,"JPN","AKITA",NA,NA,NA
"196","Rubella",2016,18,0.0444444444444444,"JPN","AKITA",NA,NA,NA
"197","Rubella",2016,19,0.0666666666666667,"JPN","AKITA",NA,NA,NA
"198","Rubella",2016,20,0.0444444444444444,"JPN","AKITA",NA,NA,NA
"199","Rubella",2016,21,0.155555555555556,"JPN","AKITA",NA,NA,NA
"200","Rubella",2016,22,0.0666666666666667,"JPN","AKITA",NA,NA,NA
"201","Rubella",2016,23,0.155555555555556,"JPN","AKITA",NA,NA,NA
"202","Rubella",2016,24,0.155555555555556,"JPN","AKITA",NA,NA,NA
"203","Rubella",2016,25,0.0666666666666667,"JPN","AKITA",NA,NA,NA
"204","Rubella",2016,26,0.0666666666666667,"JPN","AKITA",NA,NA,NA
"205","Rubella",2016,27,0.0666666666666667,"JPN","AKITA",NA,NA,NA
"206","Rubella",2016,28,0.111111111111111,"JPN","AKITA",NA,NA,NA
"207","Rubella",2016,29,0.0444444444444444,"JPN","AKITA",NA,NA,NA
"208","Rubella",2016,30,0,"JPN","AKITA",NA,NA,NA
"209","Rubella",2016,31,0,"JPN","AKITA",NA,NA,NA
"210","Rubella",2016,32,0,"JPN","AKITA",NA,NA,NA
"211","Rubella",2016,33,0,"JPN","AKITA",NA,NA,NA
"212","Rubella",2016,34,0.0222222222222222,"JPN","AKITA",NA,NA,NA
"213","Rubella",2016,35,0.0222222222222222,"JPN","AKITA",NA,NA,NA
"214","Rubella",2016,36,0.0444444444444444,"JPN","AKITA",NA,NA,NA
"215","Rubella",2016,37,0.0666666666666667,"JPN","AKITA",NA,NA,NA
"216","Rubella",2016,38,0.0444444444444444,"JPN","AKITA",NA,NA,NA
"217","Rubella",2016,39,0.0222222222222222,"JPN","AKITA",NA,NA,NA
"218","Rubella",2016,40,0.0888888888888889,"JPN","AKITA",NA,NA,NA
"219","Rubella",2016,41,0,"JPN","AKITA",NA,NA,NA
"220","Rubella",2016,42,0.0444444444444444,"JPN","AKITA",NA,NA,NA
"221","Rubella",2016,43,0.0444444444444444,"JPN","AKITA",NA,NA,NA
"222","Rubella",2016,44,0.0222222222222222,"JPN","AKITA",NA,NA,NA
"223","Rubella",2016,45,0.0888888888888889,"JPN","AKITA",NA,NA,NA
"224","Rubella",2016,46,0.0444444444444444,"JPN","AKITA",NA,NA,NA
"225","Rubella",2016,47,0.0444444444444444,"JPN","AKITA",NA,NA,NA
"226","Rubella",2016,48,0.0222222222222222,"JPN","AKITA",NA,NA,NA
"227","Rubella",2016,49,0.0222222222222222,"JPN","AKITA",NA,NA,NA
"228","Rubella",2016,50,0,"JPN","AKITA",NA,NA,NA
"229","Rubella",2016,51,0,"JPN","AKITA",NA,NA,NA
"230","Rubella",2016,52,0,"JPN","AKITA",NA,NA,NA
"231","Rubella",2017,1,0,"JPN","AKITA",NA,NA,NA
"232","Rubella",2017,2,0.0222222222222222,"JPN","AKITA",NA,NA,NA
"233","Rubella",2017,3,0.0444444444444444,"JPN","AKITA",NA,NA,NA
"234","Rubella",2017,4,0,"JPN","AKITA",NA,NA,NA
"235","Rubella",2017,5,0.0444444444444444,"JPN","AKITA",NA,NA,NA
"236","Rubella",2017,6,0.0222222222222222,"JPN","AKITA",NA,NA,NA
"237","Rubella",2017,7,0.0222222222222222,"JPN","AKITA",NA,NA,NA
"238","Rubella",2017,8,0,"JPN","AKITA",NA,NA,NA
"239","Rubella",2017,9,0.0666666666666667,"JPN","AKITA",NA,NA,NA
"240","Rubella",2017,10,0.0666666666666667,"JPN","AKITA",NA,NA,NA
"241","Rubella",2017,11,0.0444444444444444,"JPN","AKITA",NA,NA,NA
"242","Rubella",2017,12,0.0444444444444444,"JPN","AKITA",NA,NA,NA
"243","Rubella",2017,13,0,"JPN","AKITA",NA,NA,NA
"244","Rubella",2017,14,0.0444444444444444,"JPN","AKITA",NA,NA,NA
"245","Rubella",2017,15,0.0222222222222222,"JPN","AKITA",NA,NA,NA
"246","Rubella",2017,16,0.0888888888888889,"JPN","AKITA",NA,NA,NA
"247","Rubella",2017,17,0.133333333333333,"JPN","AKITA",NA,NA,NA
"248","Rubella",2017,18,0.0222222222222222,"JPN","AKITA",NA,NA,NA
"249","Rubella",2017,19,0,"JPN","AKITA",NA,NA,NA
"250","Rubella",2017,20,0.0222222222222222,"JPN","AKITA",NA,NA,NA
"251","Rubella",2017,21,0.0444444444444444,"JPN","AKITA",NA,NA,NA
"252","Rubella",2017,22,0.0888888888888889,"JPN","AKITA",NA,NA,NA
"253","Rubella",2017,23,0.0222222222222222,"JPN","AKITA",NA,NA,NA
"254","Rubella",2017,24,0.0444444444444444,"JPN","AKITA",NA,NA,NA
"255","Rubella",2017,25,0,"JPN","AKITA",NA,NA,NA
"256","Rubella",2017,26,0.0222222222222222,"JPN","AKITA",NA,NA,NA
"257","Rubella",2017,27,0.0444444444444444,"JPN","AKITA",NA,NA,NA
"258","Rubella",2017,28,0.0444444444444444,"JPN","AKITA",NA,NA,NA
"259","Rubella",2017,29,0,"JPN","AKITA",NA,NA,NA
"260","Rubella",2017,30,0.0222222222222222,"JPN","AKITA",NA,NA,NA
"261","Rubella",2017,31,0.0444444444444444,"JPN","AKITA",NA,NA,NA
"262","Rubella",2017,32,0.0222222222222222,"JPN","AKITA",NA,NA,NA
"263","Rubella",2017,33,0.0444444444444444,"JPN","AKITA",NA,NA,NA
"264","Rubella",2017,34,0.0222222222222222,"JPN","AKITA",NA,NA,NA
"265","Rubella",2017,35,0.0444444444444444,"JPN","AKITA",NA,NA,NA
"266","Rubella",2017,36,0.0444444444444444,"JPN","AKITA",NA,NA,NA
"267","Rubella",2017,37,0.0444444444444444,"JPN","AKITA",NA,NA,NA
"268","Rubella",2017,38,0.0444444444444444,"JPN","AKITA",NA,NA,NA
"269","Rubella",2017,39,0.0444444444444444,"JPN","AKITA",NA,NA,NA
"270","Rubella",2017,40,0.0222222222222222,"JPN","AKITA",NA,NA,NA
"271","Rubella",2017,41,0.0666666666666667,"JPN","AKITA",NA,NA,NA
"272","Rubella",2017,42,0,"JPN","AKITA",NA,NA,NA
"273","Rubella",2017,43,0.0888888888888889,"JPN","AKITA",NA,NA,NA
"274","Rubella",2017,44,0,"JPN","AOMORI",NA,NA,NA
"275","Rubella",2017,45,0.0222222222222222,"JPN","AOMORI",NA,NA,NA
"276","Rubella",2017,46,0.0222222222222222,"JPN","AOMORI",NA,NA,NA
"277","Rubella",2017,47,0.0222222222222222,"JPN","AOMORI",NA,NA,NA
"278","Rubella",2017,48,0.0444444444444444,"JPN","AOMORI",NA,NA,NA
"279","Rubella",2017,49,0,"JPN","AOMORI",NA,NA,NA
"280","Rubella",2017,50,0,"JPN","AOMORI",NA,NA,NA
"281","Rubella",2017,51,0.0888888888888889,"JPN","AOMORI",NA,NA,NA
"282","Rubella",2017,52,0.0444444444444444,"JPN","AOMORI",NA,NA,NA
"283","Rubella",2018,1,0,"JPN","AOMORI",NA,NA,NA
"284","Rubella",2018,2,0.0222222222222222,"JPN","AOMORI",NA,NA,NA
"285","Rubella",2018,3,0.0444444444444444,"JPN","AOMORI",NA,NA,NA
"286","Rubella",2018,4,0.0222222222222222,"JPN","AOMORI",NA,NA,NA
"287","Rubella",2018,5,0,"JPN","AOMORI",NA,NA,NA
"288","Rubella",2018,6,0,"JPN","AOMORI",NA,NA,NA
"289","Rubella",2018,7,0.0444444444444444,"JPN","AOMORI",NA,NA,NA
"290","Rubella",2018,8,0,"JPN","AOMORI",NA,NA,NA
"291","Rubella",2018,9,0,"JPN","AOMORI",NA,NA,NA
"292","Rubella",2018,10,0.0444444444444444,"JPN","AOMORI",NA,NA,NA
"293","Rubella",2018,11,0.0222222222222222,"JPN","AOMORI",NA,NA,NA
"294","Rubella",2018,12,0,"JPN","AOMORI",NA,NA,NA
"295","Rubella",2018,13,0,"JPN","AOMORI",NA,NA,NA
"296","Rubella",2018,14,0.0222222222222222,"JPN","AOMORI",NA,NA,NA
"297","Rubella",2018,15,0.0444444444444444,"JPN","AOMORI",NA,NA,NA
"298","Rubella",2018,16,0.0888888888888889,"JPN","AOMORI",NA,NA,NA
"299","Rubella",2018,17,0.0222222222222222,"JPN","AOMORI",NA,NA,NA
"300","Rubella",2018,18,0.0222222222222222,"JPN","AOMORI",NA,NA,NA
"301","Rubella",2018,19,0.0666666666666667,"JPN","AOMORI",NA,NA,NA
"302","Rubella",2018,20,0.111111111111111,"JPN","AOMORI",NA,NA,NA
"303","Rubella",2018,21,0.0888888888888889,"JPN","AOMORI",NA,NA,NA
"304","Rubella",2018,22,0.0444444444444444,"JPN","AOMORI",NA,NA,NA
"305","Rubella",2018,23,0.0222222222222222,"JPN","AOMORI",NA,NA,NA
"306","Rubella",2018,24,0.0222222222222222,"JPN","AOMORI",NA,NA,NA
"307","Rubella",2018,25,0.0888888888888889,"JPN","AOMORI",NA,NA,NA
"308","Rubella",2018,26,0.0666666666666667,"JPN","AOMORI",NA,NA,NA
"309","Rubella",2018,27,0.0444444444444444,"JPN","AOMORI",NA,NA,NA
"310","Rubella",2018,28,0.0666666666666667,"JPN","AOMORI",NA,NA,NA
"311","Rubella",2018,29,0.0888888888888889,"JPN","AOMORI",NA,NA,NA
"312","Rubella",2018,30,0.333333333333333,"JPN","AOMORI",NA,NA,NA
"313","Rubella",2018,31,0.422222222222222,"JPN","AOMORI",NA,NA,NA
"314","Rubella",2018,32,0.866666666666667,"JPN","AOMORI",NA,NA,NA
"315","Rubella",2018,33,0.955555555555556,"JPN","AOMORI",NA,NA,NA
"316","Rubella",2018,34,1.86666666666667,"JPN","AOMORI",NA,NA,NA
"317","Rubella",2018,35,1.66666666666667,"JPN","AOMORI",NA,NA,NA
"318","Rubella",2018,36,2.82222222222222,"JPN","AOMORI",NA,NA,NA
"319","Rubella",2018,37,2.82222222222222,"JPN","AOMORI",NA,NA,NA
"320","Rubella",2018,38,2.28888888888889,"JPN","AOMORI",NA,NA,NA
"321","Rubella",2018,39,2.97777777777778,"JPN","AOMORI",NA,NA,NA
"322","Rubella",2018,40,3,"JPN","AOMORI",NA,NA,NA
"323","Rubella",2018,41,3.13333333333333,"JPN","AOMORI",NA,NA,NA
"324","Rubella",2018,42,3.86666666666667,"JPN","AOMORI",NA,NA,NA
"325","Rubella",2018,43,3.77777777777778,"JPN","AOMORI",NA,NA,NA
"326","Rubella",2018,44,3.42222222222222,"JPN","AOMORI",NA,NA,NA
"327","Rubella",2018,45,3.08888888888889,"JPN","AOMORI",NA,NA,NA
"328","Rubella",2018,46,2.73333333333333,"JPN","AOMORI",NA,NA,NA
"329","Rubella",2018,47,2.51111111111111,"JPN","AOMORI",NA,NA,NA
"330","Rubella",2018,48,2.62222222222222,"JPN","AOMORI",NA,NA,NA
"331","Rubella",2018,49,2.68888888888889,"JPN","AOMORI",NA,NA,NA
"332","Rubella",2018,50,2.57777777777778,"JPN","AOMORI",NA,NA,NA
"333","Rubella",2018,51,1.86666666666667,"JPN","AOMORI",NA,NA,NA
"334","Rubella",2018,52,1.86666666666667,"JPN","AOMORI",NA,NA,NA
"335","Rubella",2019,1,1,"JPN","AOMORI",NA,NA,NA
"336","Rubella",2019,2,2.04444444444444,"JPN","AOMORI",NA,NA,NA
"337","Rubella",2019,3,1.33333333333333,"JPN","CHIBA",NA,NA,NA
"338","Rubella",2019,4,1.8,"JPN","CHIBA",NA,NA,NA
"339","Rubella",2019,5,1.48888888888889,"JPN","CHIBA",NA,NA,NA
"340","Rubella",2019,6,1.57777777777778,"JPN","CHIBA",NA,NA,NA
"341","Rubella",2019,7,1.44444444444444,"JPN","CHIBA",NA,NA,NA
"342","Rubella",2019,8,2.42222222222222,"JPN","CHIBA",NA,NA,NA
"343","Rubella",2019,9,2.51111111111111,"JPN","CHIBA",NA,NA,NA
"344","Rubella",2019,10,1.71111111111111,"JPN","CHIBA",NA,NA,NA
"345","Rubella",2019,11,1.64444444444444,"JPN","CHIBA",NA,NA,NA
"346","Rubella",2019,12,1.64444444444444,"JPN","CHIBA",NA,NA,NA
"347","Rubella",2019,13,1.44444444444444,"JPN","CHIBA",NA,NA,NA
"348","Rubella",2019,14,1.57777777777778,"JPN","CHIBA",NA,NA,NA
"349","Rubella",2019,15,1.42222222222222,"JPN","CHIBA",NA,NA,NA
"350","Rubella",2019,16,1.02222222222222,"JPN","CHIBA",NA,NA,NA
"351","Rubella",2019,17,0.755555555555556,"JPN","CHIBA",NA,NA,NA
"352","Rubella",2019,18,0.733333333333333,"JPN","CHIBA",NA,NA,NA
"353","Rubella",2019,19,1,"JPN","CHIBA",NA,NA,NA
"354","Rubella",2019,20,1.22222222222222,"JPN","CHIBA",NA,NA,NA
"355","Rubella",2019,21,0.977777777777778,"JPN","CHIBA",NA,NA,NA
"356","Rubella",2019,22,0.666666666666667,"JPN","CHIBA",NA,NA,NA
"357","Rubella",2019,23,1.04444444444444,"JPN","CHIBA",NA,NA,NA
"358","Rubella",2019,24,1.31111111111111,"JPN","CHIBA",NA,NA,NA
"359","Rubella",2019,25,1.11111111111111,"JPN","CHIBA",NA,NA,NA
"360","Rubella",2019,26,0.711111111111111,"JPN","CHIBA",NA,NA,NA
"361","Rubella",2019,27,0.622222222222222,"JPN","CHIBA",NA,NA,NA
"362","Rubella",2019,28,0.644444444444444,"JPN","CHIBA",NA,NA,NA
"363","Rubella",2019,29,0.488888888888889,"JPN","CHIBA",NA,NA,NA
"364","Rubella",2019,30,0.666666666666667,"JPN","CHIBA",NA,NA,NA
"365","Rubella",2019,31,0.422222222222222,"JPN","CHIBA",NA,NA,NA
"366","Rubella",2019,32,0.311111111111111,"JPN","CHIBA",NA,NA,NA
"367","Rubella",2019,33,0.555555555555556,"JPN","CHIBA",NA,NA,NA
"368","Rubella",2019,34,0.511111111111111,"JPN","CHIBA",NA,NA,NA
"369","Rubella",2019,35,0.466666666666667,"JPN","CHIBA",NA,NA,NA
"370","Rubella",2019,36,0.355555555555556,"JPN","CHIBA",NA,NA,NA
"371","Rubella",2019,37,0.222222222222222,"JPN","CHIBA",NA,NA,NA
"372","Rubella",2019,38,0.133333333333333,"JPN","CHIBA",NA,NA,NA
"373","Rubella",2019,39,0.288888888888889,"JPN","CHIBA",NA,NA,NA
"374","Rubella",2019,40,0.2,"JPN","CHIBA",NA,NA,NA
"375","Rubella",2019,41,0.155555555555556,"JPN","CHIBA",NA,NA,NA
"376","Rubella",2019,42,0.155555555555556,"JPN","CHIBA",NA,NA,NA
"377","Rubella",2019,43,0.155555555555556,"JPN","CHIBA",NA,NA,NA
"378","Rubella",2019,44,0.222222222222222,"JPN","CHIBA",NA,NA,NA
"379","Rubella",2019,45,0.0666666666666667,"JPN","CHIBA",NA,NA,NA
"380","Rubella",2019,46,0.0666666666666667,"JPN","CHIBA",NA,NA,NA
"381","Rubella",2019,47,0.0222222222222222,"JPN","CHIBA",NA,NA,NA
"382","Rubella",2019,48,0.177777777777778,"JPN","CHIBA",NA,NA,NA
"383","Rubella",2019,49,0.155555555555556,"JPN","CHIBA",NA,NA,NA
"384","Rubella",2019,50,0.111111111111111,"JPN","CHIBA",NA,NA,NA
"385","Rubella",2019,51,0.133333333333333,"JPN","CHIBA",NA,NA,NA
"386","Rubella",2019,52,0.266666666666667,"JPN","CHIBA",NA,NA,NA
"387","Rubella",2020,1,0.0222222222222222,"JPN","CHIBA",NA,NA,NA
"388","Rubella",2020,2,0.2,"JPN","CHIBA",NA,NA,NA
"389","Rubella",2020,3,0.177777777777778,"JPN","CHIBA",NA,NA,NA
"390","Rubella",2020,4,0.133333333333333,"JPN","CHIBA",NA,NA,NA
"391","Rubella",2020,5,0.0444444444444444,"JPN","CHIBA",NA,NA,NA
"392","Rubella",2020,6,0.0666666666666667,"JPN","CHIBA",NA,NA,NA
"393","Rubella",2020,7,0.111111111111111,"JPN","CHIBA",NA,NA,NA
"394","Rubella",2020,8,0.0888888888888889,"JPN","CHIBA",NA,NA,NA
"395","Rubella",2020,9,0.111111111111111,"JPN","CHIBA",NA,NA,NA
"396","Rubella",2020,10,0.155555555555556,"JPN","CHIBA",NA,NA,NA
"397","Rubella",2020,11,0.0888888888888889,"JPN","CHIBA",NA,NA,NA
