"","Disease","EpiYear","EpiWeek","Incidence","ADM0","ADM1","ADM2","NA","NA"
"1","Chikungunya",2012,31,0,"JPN","AICHI",NA,NA,NA
"2","Chikungunya",2012,32,0.333333333333333,"JPN","AICHI",NA,NA,NA
"3","Chikungunya",2012,34,0,"JPN","AICHI",NA,NA,NA
"4","Chikungunya",2012,35,0,"JPN","AICHI",NA,NA,NA
"5","Chikungunya",2012,36,0,"JPN","AICHI",NA,NA,NA
"6","Chikungunya",2012,37,0,"JPN","AICHI",NA,NA,NA
"7","Chikungunya",2012,38,0,"JPN","AICHI",NA,NA,NA
"8","Chikungunya",2012,39,0,"JPN","AICHI",NA,NA,NA
"9","Chikungunya",2012,40,0.333333333333333,"JPN","AICHI",NA,NA,NA
"10","Chikungunya",2012,41,0,"JPN","AICHI",NA,NA,NA
"11","Chikungunya",2012,42,0.333333333333333,"JPN","AICHI",NA,NA,NA
"12","Chikungunya",2012,43,0,"JPN","AICHI",NA,NA,NA
"13","Chikungunya",2012,44,0,"JPN","AICHI",NA,NA,NA
"14","Chikungunya",2012,45,0,"JPN","AICHI",NA,NA,NA
"15","Chikungunya",2012,46,0,"JPN","AICHI",NA,NA,NA
"16","Chikungunya",2012,47,0,"JPN","AICHI",NA,NA,NA
"17","Chikungunya",2012,48,0,"JPN","AICHI",NA,NA,NA
"18","Chikungunya",2012,49,0,"JPN","AICHI",NA,NA,NA
"19","Chikungunya",2012,50,0,"JPN","AICHI",NA,NA,NA
"20","Chikungunya",2012,51,0,"JPN","AICHI",NA,NA,NA
"21","Chikungunya",2012,52,0,"JPN","AICHI",NA,NA,NA
"22","Chikungunya",2013,1,0,"JPN","AICHI",NA,NA,NA
"23","Chikungunya",2013,2,0,"JPN","AICHI",NA,NA,NA
"24","Chikungunya",2013,3,0,"JPN","AICHI",NA,NA,NA
"25","Chikungunya",2013,4,0,"JPN","AICHI",NA,NA,NA
"26","Chikungunya",2013,5,0,"JPN","AICHI",NA,NA,NA
"27","Chikungunya",2013,6,0,"JPN","AICHI",NA,NA,NA
"28","Chikungunya",2013,7,0,"JPN","AICHI",NA,NA,NA
"29","Chikungunya",2013,8,0,"JPN","AICHI",NA,NA,NA
"30","Chikungunya",2013,9,0.333333333333333,"JPN","AICHI",NA,NA,NA
"31","Chikungunya",2013,10,0.333333333333333,"JPN","AICHI",NA,NA,NA
"32","Chikungunya",2013,11,0,"JPN","AICHI",NA,NA,NA
"33","Chikungunya",2013,12,0,"JPN","AICHI",NA,NA,NA
"34","Chikungunya",2013,13,0,"JPN","AICHI",NA,NA,NA
"35","Chikungunya",2013,14,0,"JPN","AICHI",NA,NA,NA
"36","Chikungunya",2013,15,0,"JPN","AICHI",NA,NA,NA
"37","Chikungunya",2013,16,0,"JPN","AICHI",NA,NA,NA
"38","Chikungunya",2013,17,0,"JPN","AICHI",NA,NA,NA
"39","Chikungunya",2013,18,0,"JPN","AICHI",NA,NA,NA
"40","Chikungunya",2013,19,0,"JPN","AICHI",NA,NA,NA
"41","Chikungunya",2013,20,0,"JPN","AICHI",NA,NA,NA
"42","Chikungunya",2013,21,0,"JPN","AICHI",NA,NA,NA
"43","Chikungunya",2013,22,0,"JPN","AICHI",NA,NA,NA
"44","Chikungunya",2013,23,0,"JPN","AICHI",NA,NA,NA
"45","Chikungunya",2013,24,0,"JPN","AICHI",NA,NA,NA
"46","Chikungunya",2013,25,0,"JPN","AICHI",NA,NA,NA
"47","Chikungunya",2013,26,0,"JPN","AICHI",NA,NA,NA
"48","Chikungunya",2013,27,0.333333333333333,"JPN","AICHI",NA,NA,NA
"49","Chikungunya",2013,28,0.333333333333333,"JPN","AICHI",NA,NA,NA
"50","Chikungunya",2013,29,0,"JPN","AICHI",NA,NA,NA
"51","Chikungunya",2013,30,0,"JPN","AICHI",NA,NA,NA
"52","Chikungunya",2013,31,0,"JPN","AICHI",NA,NA,NA
"53","Chikungunya",2013,32,0,"JPN","AICHI",NA,NA,NA
"54","Chikungunya",2013,33,0.333333333333333,"JPN","AICHI",NA,NA,NA
"55","Chikungunya",2013,34,0,"JPN","AICHI",NA,NA,NA
"56","Chikungunya",2013,35,0,"JPN","AICHI",NA,NA,NA
"57","Chikungunya",2013,36,0,"JPN","AICHI",NA,NA,NA
"58","Chikungunya",2013,37,0.333333333333333,"JPN","AICHI",NA,NA,NA
"59","Chikungunya",2013,38,0,"JPN","AICHI",NA,NA,NA
"60","Chikungunya",2013,39,0,"JPN","AICHI",NA,NA,NA
"61","Chikungunya",2013,40,0,"JPN","AICHI",NA,NA,NA
"62","Chikungunya",2013,41,0,"JPN","AICHI",NA,NA,NA
"63","Chikungunya",2013,42,0,"JPN","AICHI",NA,NA,NA
"64","Chikungunya",2013,43,0,"JPN","AICHI",NA,NA,NA
"65","Chikungunya",2013,44,0,"JPN","AICHI",NA,NA,NA
"66","Chikungunya",2013,45,0,"JPN","AICHI",NA,NA,NA
"67","Chikungunya",2013,46,0,"JPN","AICHI",NA,NA,NA
"68","Chikungunya",2013,47,0,"JPN","AICHI",NA,NA,NA
"69","Chikungunya",2013,48,0,"JPN","AICHI",NA,NA,NA
"70","Chikungunya",2013,49,0,"JPN","AICHI",NA,NA,NA
"71","Chikungunya",2013,50,0,"JPN","AICHI",NA,NA,NA
"72","Chikungunya",2013,51,0,"JPN","AICHI",NA,NA,NA
"73","Chikungunya",2013,52,0,"JPN","AICHI",NA,NA,NA
"74","Chikungunya",2014,1,0,"JPN","AICHI",NA,NA,NA
"75","Chikungunya",2014,2,0,"JPN","AICHI",NA,NA,NA
"76","Chikungunya",2014,3,0,"JPN","AICHI",NA,NA,NA
"77","Chikungunya",2014,4,0,"JPN","AICHI",NA,NA,NA
"78","Chikungunya",2014,5,0,"JPN","AICHI",NA,NA,NA
"79","Chikungunya",2014,6,0,"JPN","AICHI",NA,NA,NA
"80","Chikungunya",2014,7,0,"JPN","AICHI",NA,NA,NA
"81","Chikungunya",2014,8,0,"JPN","AICHI",NA,NA,NA
"82","Chikungunya",2014,9,0,"JPN","AICHI",NA,NA,NA
"83","Chikungunya",2014,10,0,"JPN","AICHI",NA,NA,NA
"84","Chikungunya",2014,11,0,"JPN","AICHI",NA,NA,NA
"85","Chikungunya",2014,12,0,"JPN","AICHI",NA,NA,NA
"86","Chikungunya",2014,13,0.333333333333333,"JPN","AICHI",NA,NA,NA
"87","Chikungunya",2014,14,0.333333333333333,"JPN","AICHI",NA,NA,NA
"88","Chikungunya",2014,15,0,"JPN","AICHI",NA,NA,NA
"89","Chikungunya",2014,16,0,"JPN","AICHI",NA,NA,NA
"90","Chikungunya",2014,17,0,"JPN","AICHI",NA,NA,NA
"91","Chikungunya",2014,18,0,"JPN","AICHI",NA,NA,NA
"92","Chikungunya",2014,19,0,"JPN","AICHI",NA,NA,NA
"93","Chikungunya",2014,20,0,"JPN","AICHI",NA,NA,NA
"94","Chikungunya",2014,21,0,"JPN","AICHI",NA,NA,NA
"95","Chikungunya",2014,22,0,"JPN","AICHI",NA,NA,NA
"96","Chikungunya",2014,23,0,"JPN","AICHI",NA,NA,NA
"97","Chikungunya",2014,24,0,"JPN","AICHI",NA,NA,NA
"98","Chikungunya",2014,25,0,"JPN","AICHI",NA,NA,NA
"99","Chikungunya",2014,26,0.333333333333333,"JPN","AICHI",NA,NA,NA
"100","Chikungunya",2014,27,0,"JPN","AICHI",NA,NA,NA
"101","Chikungunya",2014,28,0,"JPN","AICHI",NA,NA,NA
"102","Chikungunya",2014,29,0,"JPN","AICHI",NA,NA,NA
"103","Chikungunya",2014,30,0,"JPN","AICHI",NA,NA,NA
"104","Chikungunya",2014,31,0,"JPN","AICHI",NA,NA,NA
"105","Chikungunya",2014,32,0,"JPN","AICHI",NA,NA,NA
"106","Chikungunya",2014,33,0,"JPN","AICHI",NA,NA,NA
"107","Chikungunya",2014,34,0,"JPN","AICHI",NA,NA,NA
"108","Chikungunya",2014,35,0,"JPN","AICHI",NA,NA,NA
"109","Chikungunya",2014,36,0.333333333333333,"JPN","AICHI",NA,NA,NA
"110","Chikungunya",2014,37,0,"JPN","AICHI",NA,NA,NA
"111","Chikungunya",2014,38,0,"JPN","AICHI",NA,NA,NA
"112","Chikungunya",2014,39,0,"JPN","AICHI",NA,NA,NA
"113","Chikungunya",2014,40,0,"JPN","AICHI",NA,NA,NA
"114","Chikungunya",2014,41,0,"JPN","AICHI",NA,NA,NA
"115","Chikungunya",2014,42,0,"JPN","AICHI",NA,NA,NA
"116","Chikungunya",2014,43,0.333333333333333,"JPN","AICHI",NA,NA,NA
"117","Chikungunya",2014,44,0,"JPN","AICHI",NA,NA,NA
"118","Chikungunya",2014,45,0.333333333333333,"JPN","AICHI",NA,NA,NA
"119","Chikungunya",2014,46,0,"JPN","AICHI",NA,NA,NA
"120","Chikungunya",2014,47,0,"JPN","AICHI",NA,NA,NA
"121","Chikungunya",2014,48,0,"JPN","AICHI",NA,NA,NA
"122","Chikungunya",2014,49,0,"JPN","AICHI",NA,NA,NA
"123","Chikungunya",2014,50,0,"JPN","AICHI",NA,NA,NA
"124","Chikungunya",2014,51,0.666666666666667,"JPN","AICHI",NA,NA,NA
"125","Chikungunya",2014,52,0.333333333333333,"JPN","AICHI",NA,NA,NA
"126","Chikungunya",2015,1,0,"JPN","AICHI",NA,NA,NA
"127","Chikungunya",2015,2,0.333333333333333,"JPN","AICHI",NA,NA,NA
"128","Chikungunya",2015,3,0,"JPN","AICHI",NA,NA,NA
"129","Chikungunya",2015,4,0,"JPN","AICHI",NA,NA,NA
"130","Chikungunya",2015,5,0,"JPN","AICHI",NA,NA,NA
"131","Chikungunya",2015,6,0,"JPN","AICHI",NA,NA,NA
"132","Chikungunya",2015,7,0,"JPN","AICHI",NA,NA,NA
"133","Chikungunya",2015,8,0,"JPN","AICHI",NA,NA,NA
"134","Chikungunya",2015,9,0.333333333333333,"JPN","AICHI",NA,NA,NA
"135","Chikungunya",2015,10,0,"JPN","AICHI",NA,NA,NA
"136","Chikungunya",2015,11,0,"JPN","AICHI",NA,NA,NA
"137","Chikungunya",2015,12,0,"JPN","AICHI",NA,NA,NA
"138","Chikungunya",2015,13,0,"JPN","AICHI",NA,NA,NA
"139","Chikungunya",2015,14,0,"JPN","AICHI",NA,NA,NA
"140","Chikungunya",2015,15,0,"JPN","AICHI",NA,NA,NA
"141","Chikungunya",2015,16,0,"JPN","AICHI",NA,NA,NA
"142","Chikungunya",2015,17,0,"JPN","AICHI",NA,NA,NA
"143","Chikungunya",2015,18,0,"JPN","AICHI",NA,NA,NA
"144","Chikungunya",2015,19,0,"JPN","AICHI",NA,NA,NA
"145","Chikungunya",2015,20,0.333333333333333,"JPN","AICHI",NA,NA,NA
"146","Chikungunya",2015,21,0.333333333333333,"JPN","AICHI",NA,NA,NA
"147","Chikungunya",2015,22,0,"JPN","AICHI",NA,NA,NA
"148","Chikungunya",2015,23,0,"JPN","AICHI",NA,NA,NA
"149","Chikungunya",2015,24,0,"JPN","AICHI",NA,NA,NA
"150","Chikungunya",2015,25,0.333333333333333,"JPN","AICHI",NA,NA,NA
"151","Chikungunya",2015,26,0,"JPN","AICHI",NA,NA,NA
"152","Chikungunya",2015,27,0,"JPN","AICHI",NA,NA,NA
"153","Chikungunya",2015,28,0.333333333333333,"JPN","AICHI",NA,NA,NA
"154","Chikungunya",2015,29,0,"JPN","AICHI",NA,NA,NA
"155","Chikungunya",2015,30,0,"JPN","AICHI",NA,NA,NA
"156","Chikungunya",2015,31,0,"JPN","AICHI",NA,NA,NA
"157","Chikungunya",2015,32,0,"JPN","AICHI",NA,NA,NA
"158","Chikungunya",2015,33,0,"JPN","AICHI",NA,NA,NA
"159","Chikungunya",2015,34,0,"JPN","AICHI",NA,NA,NA
"160","Chikungunya",2015,35,0,"JPN","AICHI",NA,NA,NA
"161","Chikungunya",2015,36,0,"JPN","AICHI",NA,NA,NA
"162","Chikungunya",2015,37,0,"JPN","AICHI",NA,NA,NA
"163","Chikungunya",2015,38,0,"JPN","AICHI",NA,NA,NA
"164","Chikungunya",2015,39,0,"JPN","AICHI",NA,NA,NA
"165","Chikungunya",2015,40,0,"JPN","AICHI",NA,NA,NA
"166","Chikungunya",2015,41,0,"JPN","AICHI",NA,NA,NA
"167","Chikungunya",2015,42,0,"JPN","AICHI",NA,NA,NA
"168","Chikungunya",2015,43,0,"JPN","AICHI",NA,NA,NA
"169","Chikungunya",2015,44,0,"JPN","AICHI",NA,NA,NA
"170","Chikungunya",2015,45,0,"JPN","AICHI",NA,NA,NA
"171","Chikungunya",2015,46,0,"JPN","AICHI",NA,NA,NA
"172","Chikungunya",2015,47,0,"JPN","AICHI",NA,NA,NA
"173","Chikungunya",2015,48,0,"JPN","AICHI",NA,NA,NA
"174","Chikungunya",2015,49,0,"JPN","AICHI",NA,NA,NA
"175","Chikungunya",2015,50,0,"JPN","AICHI",NA,NA,NA
"176","Chikungunya",2015,51,0,"JPN","AICHI",NA,NA,NA
"177","Chikungunya",2015,52,0,"JPN","AICHI",NA,NA,NA
"178","Chikungunya",2015,53,0,"JPN","AICHI",NA,NA,NA
"179","Chikungunya",2016,1,0,"JPN","AICHI",NA,NA,NA
"180","Chikungunya",2016,2,0,"JPN","AICHI",NA,NA,NA
"181","Chikungunya",2016,3,0,"JPN","AICHI",NA,NA,NA
"182","Chikungunya",2016,4,0,"JPN","AICHI",NA,NA,NA
"183","Chikungunya",2016,5,0,"JPN","AICHI",NA,NA,NA
"184","Chikungunya",2016,6,0,"JPN","AICHI",NA,NA,NA
"185","Chikungunya",2016,7,0,"JPN","AICHI",NA,NA,NA
"186","Chikungunya",2016,8,0,"JPN","AICHI",NA,NA,NA
"187","Chikungunya",2016,9,0.333333333333333,"JPN","AICHI",NA,NA,NA
"188","Chikungunya",2016,10,0,"JPN","AICHI",NA,NA,NA
"189","Chikungunya",2016,11,0,"JPN","AICHI",NA,NA,NA
"190","Chikungunya",2016,12,0,"JPN","AKITA",NA,NA,NA
"191","Chikungunya",2016,13,0.333333333333333,"JPN","AKITA",NA,NA,NA
"192","Chikungunya",2016,14,0,"JPN","AKITA",NA,NA,NA
"193","Chikungunya",2016,15,0,"JPN","AKITA",NA,NA,NA
"194","Chikungunya",2016,16,0,"JPN","AKITA",NA,NA,NA
"195","Chikungunya",2016,17,0,"JPN","AKITA",NA,NA,NA
"196","Chikungunya",2016,18,0,"JPN","AKITA",NA,NA,NA
"197","Chikungunya",2016,19,0,"JPN","AKITA",NA,NA,NA
"198","Chikungunya",2016,20,0,"JPN","AKITA",NA,NA,NA
"199","Chikungunya",2016,21,0,"JPN","AKITA",NA,NA,NA
"200","Chikungunya",2016,22,0,"JPN","AKITA",NA,NA,NA
"201","Chikungunya",2016,23,0,"JPN","AKITA",NA,NA,NA
"202","Chikungunya",2016,24,0,"JPN","AKITA",NA,NA,NA
"203","Chikungunya",2016,25,0,"JPN","AKITA",NA,NA,NA
"204","Chikungunya",2016,26,0,"JPN","AKITA",NA,NA,NA
"205","Chikungunya",2016,27,0,"JPN","AKITA",NA,NA,NA
"206","Chikungunya",2016,28,0,"JPN","AKITA",NA,NA,NA
"207","Chikungunya",2016,29,0,"JPN","AKITA",NA,NA,NA
"208","Chikungunya",2016,30,0.333333333333333,"JPN","AKITA",NA,NA,NA
"209","Chikungunya",2016,31,0.333333333333333,"JPN","AKITA",NA,NA,NA
"210","Chikungunya",2016,32,0.333333333333333,"JPN","AKITA",NA,NA,NA
"211","Chikungunya",2016,33,0,"JPN","AKITA",NA,NA,NA
"212","Chikungunya",2016,34,0,"JPN","AKITA",NA,NA,NA
"213","Chikungunya",2016,35,0,"JPN","AKITA",NA,NA,NA
"214","Chikungunya",2016,36,0,"JPN","AKITA",NA,NA,NA
"215","Chikungunya",2016,37,0,"JPN","AKITA",NA,NA,NA
"216","Chikungunya",2016,38,0,"JPN","AKITA",NA,NA,NA
"217","Chikungunya",2016,39,0,"JPN","AKITA",NA,NA,NA
"218","Chikungunya",2016,40,0,"JPN","AKITA",NA,NA,NA
"219","Chikungunya",2016,41,0,"JPN","AKITA",NA,NA,NA
"220","Chikungunya",2016,42,0,"JPN","AKITA",NA,NA,NA
"221","Chikungunya",2016,43,0,"JPN","AKITA",NA,NA,NA
"222","Chikungunya",2016,44,0,"JPN","AKITA",NA,NA,NA
"223","Chikungunya",2016,45,0,"JPN","AKITA",NA,NA,NA
"224","Chikungunya",2016,46,0,"JPN","AKITA",NA,NA,NA
"225","Chikungunya",2016,47,0,"JPN","AKITA",NA,NA,NA
"226","Chikungunya",2016,48,0,"JPN","AKITA",NA,NA,NA
"227","Chikungunya",2016,49,0,"JPN","AKITA",NA,NA,NA
"228","Chikungunya",2016,50,0,"JPN","AKITA",NA,NA,NA
"229","Chikungunya",2016,51,0,"JPN","AKITA",NA,NA,NA
"230","Chikungunya",2016,52,0,"JPN","AKITA",NA,NA,NA
"231","Chikungunya",2017,1,0,"JPN","AKITA",NA,NA,NA
"232","Chikungunya",2017,2,0,"JPN","AKITA",NA,NA,NA
"233","Chikungunya",2017,3,0,"JPN","AKITA",NA,NA,NA
"234","Chikungunya",2017,4,0,"JPN","AKITA",NA,NA,NA
"235","Chikungunya",2017,5,0,"JPN","AKITA",NA,NA,NA
"236","Chikungunya",2017,6,0,"JPN","AKITA",NA,NA,NA
"237","Chikungunya",2017,7,0,"JPN","AKITA",NA,NA,NA
"238","Chikungunya",2017,8,0,"JPN","AKITA",NA,NA,NA
"239","Chikungunya",2017,9,0,"JPN","AKITA",NA,NA,NA
"240","Chikungunya",2017,10,0,"JPN","AKITA",NA,NA,NA
"241","Chikungunya",2017,11,0,"JPN","AKITA",NA,NA,NA
"242","Chikungunya",2017,12,0,"JPN","AKITA",NA,NA,NA
"243","Chikungunya",2017,13,0,"JPN","AKITA",NA,NA,NA
"244","Chikungunya",2017,14,0,"JPN","AKITA",NA,NA,NA
"245","Chikungunya",2017,15,0,"JPN","AKITA",NA,NA,NA
"246","Chikungunya",2017,16,0,"JPN","AKITA",NA,NA,NA
"247","Chikungunya",2017,17,0,"JPN","AKITA",NA,NA,NA
"248","Chikungunya",2017,18,0,"JPN","AKITA",NA,NA,NA
"249","Chikungunya",2017,19,0,"JPN","AKITA",NA,NA,NA
"250","Chikungunya",2017,20,0,"JPN","AKITA",NA,NA,NA
"251","Chikungunya",2017,21,0,"JPN","AKITA",NA,NA,NA
"252","Chikungunya",2017,22,0,"JPN","AKITA",NA,NA,NA
"253","Chikungunya",2017,23,0,"JPN","AKITA",NA,NA,NA
"254","Chikungunya",2017,24,0,"JPN","AKITA",NA,NA,NA
"255","Chikungunya",2017,25,0,"JPN","AKITA",NA,NA,NA
"256","Chikungunya",2017,26,0,"JPN","AKITA",NA,NA,NA
"257","Chikungunya",2017,27,0.333333333333333,"JPN","AKITA",NA,NA,NA
"258","Chikungunya",2017,28,0,"JPN","AKITA",NA,NA,NA
"259","Chikungunya",2017,29,0,"JPN","AKITA",NA,NA,NA
"260","Chikungunya",2017,30,0,"JPN","AKITA",NA,NA,NA
"261","Chikungunya",2017,31,0,"JPN","AKITA",NA,NA,NA
"262","Chikungunya",2017,32,0,"JPN","AKITA",NA,NA,NA
"263","Chikungunya",2017,33,0,"JPN","AKITA",NA,NA,NA
"264","Chikungunya",2017,34,0,"JPN","AKITA",NA,NA,NA
"265","Chikungunya",2017,35,0,"JPN","AKITA",NA,NA,NA
"266","Chikungunya",2017,36,0,"JPN","AKITA",NA,NA,NA
"267","Chikungunya",2017,37,0,"JPN","AKITA",NA,NA,NA
"268","Chikungunya",2017,38,0,"JPN","AKITA",NA,NA,NA
"269","Chikungunya",2017,39,0,"JPN","AKITA",NA,NA,NA
"270","Chikungunya",2017,40,0,"JPN","AKITA",NA,NA,NA
"271","Chikungunya",2017,41,0,"JPN","AKITA",NA,NA,NA
"272","Chikungunya",2017,42,0,"JPN","AKITA",NA,NA,NA
"273","Chikungunya",2017,43,0.333333333333333,"JPN","AKITA",NA,NA,NA
"274","Chikungunya",2017,44,0,"JPN","AOMORI",NA,NA,NA
"275","Chikungunya",2017,45,0,"JPN","AOMORI",NA,NA,NA
"276","Chikungunya",2017,46,0,"JPN","AOMORI",NA,NA,NA
"277","Chikungunya",2017,47,0,"JPN","AOMORI",NA,NA,NA
"278","Chikungunya",2017,48,0,"JPN","AOMORI",NA,NA,NA
"279","Chikungunya",2017,49,0,"JPN","AOMORI",NA,NA,NA
"280","Chikungunya",2017,50,0.333333333333333,"JPN","AOMORI",NA,NA,NA
"281","Chikungunya",2017,51,0,"JPN","AOMORI",NA,NA,NA
"282","Chikungunya",2017,52,0,"JPN","AOMORI",NA,NA,NA
"283","Chikungunya",2018,1,0,"JPN","AOMORI",NA,NA,NA
"284","Chikungunya",2018,2,0,"JPN","AOMORI",NA,NA,NA
"285","Chikungunya",2018,3,0,"JPN","AOMORI",NA,NA,NA
"286","Chikungunya",2018,4,0,"JPN","AOMORI",NA,NA,NA
"287","Chikungunya",2018,5,0,"JPN","AOMORI",NA,NA,NA
"288","Chikungunya",2018,6,0,"JPN","AOMORI",NA,NA,NA
"289","Chikungunya",2018,7,0,"JPN","AOMORI",NA,NA,NA
"290","Chikungunya",2018,8,0,"JPN","AOMORI",NA,NA,NA
"291","Chikungunya",2018,9,0,"JPN","AOMORI",NA,NA,NA
"292","Chikungunya",2018,10,0,"JPN","AOMORI",NA,NA,NA
"293","Chikungunya",2018,11,0,"JPN","AOMORI",NA,NA,NA
"294","Chikungunya",2018,12,0,"JPN","AOMORI",NA,NA,NA
"295","Chikungunya",2018,13,0,"JPN","AOMORI",NA,NA,NA
"296","Chikungunya",2018,14,0,"JPN","AOMORI",NA,NA,NA
"297","Chikungunya",2018,15,0,"JPN","AOMORI",NA,NA,NA
"298","Chikungunya",2018,16,0,"JPN","AOMORI",NA,NA,NA
"299","Chikungunya",2018,17,0,"JPN","AOMORI",NA,NA,NA
"300","Chikungunya",2018,18,0,"JPN","AOMORI",NA,NA,NA
"301","Chikungunya",2018,19,0,"JPN","AOMORI",NA,NA,NA
"302","Chikungunya",2018,20,0,"JPN","AOMORI",NA,NA,NA
"303","Chikungunya",2018,21,0,"JPN","AOMORI",NA,NA,NA
"304","Chikungunya",2018,22,0,"JPN","AOMORI",NA,NA,NA
"305","Chikungunya",2018,23,0,"JPN","AOMORI",NA,NA,NA
"306","Chikungunya",2018,24,0,"JPN","AOMORI",NA,NA,NA
"307","Chikungunya",2018,25,0,"JPN","AOMORI",NA,NA,NA
"308","Chikungunya",2018,26,0,"JPN","AOMORI",NA,NA,NA
"309","Chikungunya",2018,27,0,"JPN","AOMORI",NA,NA,NA
"310","Chikungunya",2018,28,0,"JPN","AOMORI",NA,NA,NA
"311","Chikungunya",2018,29,0,"JPN","AOMORI",NA,NA,NA
"312","Chikungunya",2018,30,0,"JPN","AOMORI",NA,NA,NA
"313","Chikungunya",2018,31,0,"JPN","AOMORI",NA,NA,NA
"314","Chikungunya",2018,32,0,"JPN","AOMORI",NA,NA,NA
"315","Chikungunya",2018,33,0,"JPN","AOMORI",NA,NA,NA
"316","Chikungunya",2018,34,0,"JPN","AOMORI",NA,NA,NA
"317","Chikungunya",2018,35,0.333333333333333,"JPN","AOMORI",NA,NA,NA
"318","Chikungunya",2018,36,0,"JPN","AOMORI",NA,NA,NA
"319","Chikungunya",2018,37,0,"JPN","AOMORI",NA,NA,NA
"320","Chikungunya",2018,38,0,"JPN","AOMORI",NA,NA,NA
"321","Chikungunya",2018,39,0,"JPN","AOMORI",NA,NA,NA
"322","Chikungunya",2018,40,0,"JPN","AOMORI",NA,NA,NA
"323","Chikungunya",2018,41,0,"JPN","AOMORI",NA,NA,NA
"324","Chikungunya",2018,42,0,"JPN","AOMORI",NA,NA,NA
"325","Chikungunya",2018,43,0,"JPN","AOMORI",NA,NA,NA
"326","Chikungunya",2018,44,0,"JPN","AOMORI",NA,NA,NA
"327","Chikungunya",2018,45,0,"JPN","AOMORI",NA,NA,NA
"328","Chikungunya",2018,46,0,"JPN","AOMORI",NA,NA,NA
"329","Chikungunya",2018,47,0,"JPN","AOMORI",NA,NA,NA
"330","Chikungunya",2018,48,0,"JPN","AOMORI",NA,NA,NA
"331","Chikungunya",2018,49,0,"JPN","AOMORI",NA,NA,NA
"332","Chikungunya",2018,50,0.333333333333333,"JPN","AOMORI",NA,NA,NA
"333","Chikungunya",2018,51,0,"JPN","AOMORI",NA,NA,NA
"334","Chikungunya",2018,52,0,"JPN","AOMORI",NA,NA,NA
"335","Chikungunya",2019,1,0,"JPN","AOMORI",NA,NA,NA
"336","Chikungunya",2019,2,0,"JPN","AOMORI",NA,NA,NA
"337","Chikungunya",2019,3,0,"JPN","CHIBA",NA,NA,NA
"338","Chikungunya",2019,4,0,"JPN","CHIBA",NA,NA,NA
"339","Chikungunya",2019,5,0,"JPN","CHIBA",NA,NA,NA
"340","Chikungunya",2019,6,0,"JPN","CHIBA",NA,NA,NA
"341","Chikungunya",2019,7,0,"JPN","CHIBA",NA,NA,NA
"342","Chikungunya",2019,8,0,"JPN","CHIBA",NA,NA,NA
"343","Chikungunya",2019,9,0,"JPN","CHIBA",NA,NA,NA
"344","Chikungunya",2019,10,0.333333333333333,"JPN","CHIBA",NA,NA,NA
"345","Chikungunya",2019,11,0,"JPN","CHIBA",NA,NA,NA
"346","Chikungunya",2019,12,0,"JPN","CHIBA",NA,NA,NA
"347","Chikungunya",2019,13,0,"JPN","CHIBA",NA,NA,NA
"348","Chikungunya",2019,14,0,"JPN","CHIBA",NA,NA,NA
"349","Chikungunya",2019,15,0,"JPN","CHIBA",NA,NA,NA
"350","Chikungunya",2019,16,0,"JPN","CHIBA",NA,NA,NA
"351","Chikungunya",2019,17,0,"JPN","CHIBA",NA,NA,NA
"352","Chikungunya",2019,18,0,"JPN","CHIBA",NA,NA,NA
"353","Chikungunya",2019,19,0,"JPN","CHIBA",NA,NA,NA
"354","Chikungunya",2019,20,0,"JPN","CHIBA",NA,NA,NA
"355","Chikungunya",2019,21,0.333333333333333,"JPN","CHIBA",NA,NA,NA
"356","Chikungunya",2019,22,0,"JPN","CHIBA",NA,NA,NA
"357","Chikungunya",2019,23,0,"JPN","CHIBA",NA,NA,NA
"358","Chikungunya",2019,24,0,"JPN","CHIBA",NA,NA,NA
"359","Chikungunya",2019,25,0,"JPN","CHIBA",NA,NA,NA
"360","Chikungunya",2019,26,0.666666666666667,"JPN","CHIBA",NA,NA,NA
"361","Chikungunya",2019,27,0,"JPN","CHIBA",NA,NA,NA
"362","Chikungunya",2019,28,0,"JPN","CHIBA",NA,NA,NA
"363","Chikungunya",2019,29,1,"JPN","CHIBA",NA,NA,NA
"364","Chikungunya",2019,30,0.333333333333333,"JPN","CHIBA",NA,NA,NA
"365","Chikungunya",2019,31,0,"JPN","CHIBA",NA,NA,NA
"366","Chikungunya",2019,32,0.333333333333333,"JPN","CHIBA",NA,NA,NA
"367","Chikungunya",2019,33,0.666666666666667,"JPN","CHIBA",NA,NA,NA
"368","Chikungunya",2019,34,0.333333333333333,"JPN","CHIBA",NA,NA,NA
"369","Chikungunya",2019,35,0.333333333333333,"JPN","CHIBA",NA,NA,NA
"370","Chikungunya",2019,36,0.666666666666667,"JPN","CHIBA",NA,NA,NA
"371","Chikungunya",2019,37,0.666666666666667,"JPN","CHIBA",NA,NA,NA
"372","Chikungunya",2019,38,0.666666666666667,"JPN","CHIBA",NA,NA,NA
"373","Chikungunya",2019,39,0.666666666666667,"JPN","CHIBA",NA,NA,NA
"374","Chikungunya",2019,40,0,"JPN","CHIBA",NA,NA,NA
"375","Chikungunya",2019,41,0.333333333333333,"JPN","CHIBA",NA,NA,NA
"376","Chikungunya",2019,42,0.666666666666667,"JPN","CHIBA",NA,NA,NA
"377","Chikungunya",2019,43,0,"JPN","CHIBA",NA,NA,NA
"378","Chikungunya",2019,44,0,"JPN","CHIBA",NA,NA,NA
"379","Chikungunya",2019,45,0.333333333333333,"JPN","CHIBA",NA,NA,NA
"380","Chikungunya",2019,46,0,"JPN","CHIBA",NA,NA,NA
"381","Chikungunya",2019,47,0,"JPN","CHIBA",NA,NA,NA
"382","Chikungunya",2019,48,0,"JPN","CHIBA",NA,NA,NA
"383","Chikungunya",2019,49,0,"JPN","CHIBA",NA,NA,NA
"384","Chikungunya",2019,50,0,"JPN","CHIBA",NA,NA,NA
"385","Chikungunya",2019,51,0.666666666666667,"JPN","CHIBA",NA,NA,NA
"386","Chikungunya",2019,52,0,"JPN","CHIBA",NA,NA,NA
"387","Chikungunya",2020,1,0,"JPN","CHIBA",NA,NA,NA
"388","Chikungunya",2020,2,0.333333333333333,"JPN","CHIBA",NA,NA,NA
"389","Chikungunya",2020,3,0,"JPN","CHIBA",NA,NA,NA
"390","Chikungunya",2020,4,0,"JPN","CHIBA",NA,NA,NA
"391","Chikungunya",2020,5,0,"JPN","CHIBA",NA,NA,NA
"392","Chikungunya",2020,6,0,"JPN","CHIBA",NA,NA,NA
"393","Chikungunya",2020,7,0,"JPN","CHIBA",NA,NA,NA
"394","Chikungunya",2020,8,0,"JPN","CHIBA",NA,NA,NA
"395","Chikungunya",2020,9,0,"JPN","CHIBA",NA,NA,NA
"396","Chikungunya",2020,10,0,"JPN","CHIBA",NA,NA,NA
"397","Chikungunya",2020,11,0,"JPN","CHIBA",NA,NA,NA
