"","Disease","EpiYear","EpiWeek","Incidence","ADM0","ADM1","ADM2","NA","NA"
"1","Rabies",2001,1,0,"MEX","AGUASCALIENTES",NA,NA,NA
"2","Rabies",2001,2,0.03125,"MEX","AGUASCALIENTES",NA,NA,NA
"3","Rabies",2001,3,0,"MEX","AGUASCALIENTES",NA,NA,NA
"4","Rabies",2001,4,0,"MEX","AGUASCALIENTES",NA,NA,NA
"5","Rabies",2001,5,0,"MEX","AGUASCALIENTES",NA,NA,NA
"6","Rabies",2001,6,0,"MEX","AGUASCALIENTES",NA,NA,NA
"7","Rabies",2001,7,0,"MEX","AGUASCALIENTES",NA,NA,NA
"8","Rabies",2001,8,0,"MEX","AGUASCALIENTES",NA,NA,NA
"9","Rabies",2001,9,0,"MEX","AGUASCALIENTES",NA,NA,NA
"10","Rabies",2001,10,0,"MEX","AGUASCALIENTES",NA,NA,NA
"11","Rabies",2001,11,0.03125,"MEX","AGUASCALIENTES",NA,NA,NA
"12","Rabies",2001,12,0,"MEX","AGUASCALIENTES",NA,NA,NA
"13","Rabies",2001,13,0,"MEX","AGUASCALIENTES",NA,NA,NA
"14","Rabies",2001,14,0,"MEX","AGUASCALIENTES",NA,NA,NA
"15","Rabies",2001,15,0,"MEX","AGUASCALIENTES",NA,NA,NA
"16","Rabies",2001,16,0,"MEX","AGUASCALIENTES",NA,NA,NA
"17","Rabies",2001,17,0,"MEX","AGUASCALIENTES",NA,NA,NA
"18","Rabies",2001,18,0,"MEX","AGUASCALIENTES",NA,NA,NA
"19","Rabies",2001,19,0,"MEX","AGUASCALIENTES",NA,NA,NA
"20","Rabies",2001,20,0,"MEX","AGUASCALIENTES",NA,NA,NA
"21","Rabies",2001,21,0,"MEX","AGUASCALIENTES",NA,NA,NA
"22","Rabies",2001,22,0,"MEX","AGUASCALIENTES",NA,NA,NA
"23","Rabies",2001,23,0,"MEX","AGUASCALIENTES",NA,NA,NA
"24","Rabies",2001,24,0,"MEX","AGUASCALIENTES",NA,NA,NA
"25","Rabies",2001,25,0,"MEX","AGUASCALIENTES",NA,NA,NA
"26","Rabies",2001,26,0,"MEX","AGUASCALIENTES",NA,NA,NA
"27","Rabies",2001,27,0,"MEX","AGUASCALIENTES",NA,NA,NA
"28","Rabies",2001,28,0,"MEX","AGUASCALIENTES",NA,NA,NA
"29","Rabies",2001,29,0,"MEX","AGUASCALIENTES",NA,NA,NA
"30","Rabies",2001,30,0,"MEX","AGUASCALIENTES",NA,NA,NA
"31","Rabies",2001,31,0,"MEX","AGUASCALIENTES",NA,NA,NA
"32","Rabies",2001,32,0,"MEX","AGUASCALIENTES",NA,NA,NA
"33","Rabies",2001,33,0,"MEX","AGUASCALIENTES",NA,NA,NA
"34","Rabies",2002,34,0,"MEX","AGUASCALIENTES",NA,NA,NA
"35","Rabies",2002,35,0,"MEX","AGUASCALIENTES",NA,NA,NA
"36","Rabies",2002,36,0,"MEX","AGUASCALIENTES",NA,NA,NA
"37","Rabies",2002,37,0,"MEX","AGUASCALIENTES",NA,NA,NA
"38","Rabies",2002,38,0,"MEX","AGUASCALIENTES",NA,NA,NA
"39","Rabies",2002,39,0,"MEX","AGUASCALIENTES",NA,NA,NA
"40","Rabies",2002,40,0,"MEX","AGUASCALIENTES",NA,NA,NA
"41","Rabies",2002,41,0,"MEX","AGUASCALIENTES",NA,NA,NA
"42","Rabies",2002,42,0,"MEX","AGUASCALIENTES",NA,NA,NA
"43","Rabies",2002,43,0,"MEX","AGUASCALIENTES",NA,NA,NA
"44","Rabies",2002,44,0,"MEX","AGUASCALIENTES",NA,NA,NA
"45","Rabies",2002,45,0,"MEX","AGUASCALIENTES",NA,NA,NA
"46","Rabies",2002,46,0,"MEX","AGUASCALIENTES",NA,NA,NA
"47","Rabies",2002,47,0,"MEX","AGUASCALIENTES",NA,NA,NA
"48","Rabies",2002,48,0,"MEX","AGUASCALIENTES",NA,NA,NA
"49","Rabies",2002,49,0,"MEX","AGUASCALIENTES",NA,NA,NA
"50","Rabies",2002,50,0,"MEX","AGUASCALIENTES",NA,NA,NA
"51","Rabies",2002,51,0,"MEX","AGUASCALIENTES",NA,NA,NA
"52","Rabies",2002,52,0,"MEX","AGUASCALIENTES",NA,NA,NA
"53","Rabies",2002,53,0,"MEX","AGUASCALIENTES",NA,NA,NA
"54","Rabies",2002,54,0,"MEX","AGUASCALIENTES",NA,NA,NA
"55","Rabies",2002,55,0,"MEX","AGUASCALIENTES",NA,NA,NA
"56","Rabies",2002,56,0,"MEX","AGUASCALIENTES",NA,NA,NA
"57","Rabies",2002,57,0,"MEX","AGUASCALIENTES",NA,NA,NA
"58","Rabies",2002,58,0,"MEX","AGUASCALIENTES",NA,NA,NA
"59","Rabies",2002,59,0,"MEX","AGUASCALIENTES",NA,NA,NA
"60","Rabies",2002,60,0,"MEX","AGUASCALIENTES",NA,NA,NA
"61","Rabies",2002,61,0,"MEX","AGUASCALIENTES",NA,NA,NA
"62","Rabies",2002,62,0,"MEX","AGUASCALIENTES",NA,NA,NA
"63","Rabies",2002,63,0,"MEX","AGUASCALIENTES",NA,NA,NA
"64","Rabies",2002,64,0,"MEX","AGUASCALIENTES",NA,NA,NA
"65","Rabies",2002,65,0,"MEX","AGUASCALIENTES",NA,NA,NA
"66","Rabies",2002,66,0,"MEX","AGUASCALIENTES",NA,NA,NA
"67","Rabies",2002,67,0,"MEX","AGUASCALIENTES",NA,NA,NA
"68","Rabies",2002,68,0,"MEX","AGUASCALIENTES",NA,NA,NA
"69","Rabies",2002,69,0,"MEX","AGUASCALIENTES",NA,NA,NA
"70","Rabies",2002,70,0,"MEX","AGUASCALIENTES",NA,NA,NA
"71","Rabies",2002,71,0,"MEX","AGUASCALIENTES",NA,NA,NA
"72","Rabies",2002,72,0,"MEX","AGUASCALIENTES",NA,NA,NA
"73","Rabies",2002,73,0,"MEX","AGUASCALIENTES",NA,NA,NA
"74","Rabies",2002,74,0.0625,"MEX","AGUASCALIENTES",NA,NA,NA
"75","Rabies",2002,75,0,"MEX","AGUASCALIENTES",NA,NA,NA
"76","Rabies",2002,76,0,"MEX","AGUASCALIENTES",NA,NA,NA
"77","Rabies",2002,77,0,"MEX","AGUASCALIENTES",NA,NA,NA
"78","Rabies",2002,78,0,"MEX","AGUASCALIENTES",NA,NA,NA
"79","Rabies",2002,79,0,"MEX","AGUASCALIENTES",NA,NA,NA
"80","Rabies",2002,80,0,"MEX","AGUASCALIENTES",NA,NA,NA
"81","Rabies",2002,81,0,"MEX","AGUASCALIENTES",NA,NA,NA
"82","Rabies",2002,82,0,"MEX","AGUASCALIENTES",NA,NA,NA
"83","Rabies",2002,83,0,"MEX","AGUASCALIENTES",NA,NA,NA
"84","Rabies",2002,84,0,"MEX","AGUASCALIENTES",NA,NA,NA
"85","Rabies",2002,85,0,"MEX","AGUASCALIENTES",NA,NA,NA
"86","Rabies",2003,86,0,"MEX","AGUASCALIENTES",NA,NA,NA
"87","Rabies",2003,87,0,"MEX","AGUASCALIENTES",NA,NA,NA
"88","Rabies",2003,88,0,"MEX","AGUASCALIENTES",NA,NA,NA
"89","Rabies",2003,89,0,"MEX","AGUASCALIENTES",NA,NA,NA
"90","Rabies",2003,90,0,"MEX","AGUASCALIENTES",NA,NA,NA
"91","Rabies",2003,91,0,"MEX","AGUASCALIENTES",NA,NA,NA
"92","Rabies",2003,92,0,"MEX","AGUASCALIENTES",NA,NA,NA
"93","Rabies",2003,93,0,"MEX","AGUASCALIENTES",NA,NA,NA
"94","Rabies",2003,94,0,"MEX","AGUASCALIENTES",NA,NA,NA
"95","Rabies",2003,95,0,"MEX","AGUASCALIENTES",NA,NA,NA
"96","Rabies",2003,96,0,"MEX","AGUASCALIENTES",NA,NA,NA
"97","Rabies",2003,97,0,"MEX","AGUASCALIENTES",NA,NA,NA
"98","Rabies",2003,98,0,"MEX","AGUASCALIENTES",NA,NA,NA
"99","Rabies",2003,99,0,"MEX","AGUASCALIENTES",NA,NA,NA
"100","Rabies",2003,100,0,"MEX","AGUASCALIENTES",NA,NA,NA
"101","Rabies",2003,101,0,"MEX","AGUASCALIENTES",NA,NA,NA
"102","Rabies",2003,102,0,"MEX","AGUASCALIENTES",NA,NA,NA
"103","Rabies",2003,103,0,"MEX","AGUASCALIENTES",NA,NA,NA
"104","Rabies",2003,104,0,"MEX","AGUASCALIENTES",NA,NA,NA
"105","Rabies",2003,105,0,"MEX","AGUASCALIENTES",NA,NA,NA
"106","Rabies",2003,106,0,"MEX","AGUASCALIENTES",NA,NA,NA
"107","Rabies",2003,107,0,"MEX","AGUASCALIENTES",NA,NA,NA
"108","Rabies",2003,108,0,"MEX","AGUASCALIENTES",NA,NA,NA
"109","Rabies",2003,109,0,"MEX","AGUASCALIENTES",NA,NA,NA
"110","Rabies",2003,110,0,"MEX","AGUASCALIENTES",NA,NA,NA
"111","Rabies",2003,111,0,"MEX","AGUASCALIENTES",NA,NA,NA
"112","Rabies",2003,112,0,"MEX","AGUASCALIENTES",NA,NA,NA
"113","Rabies",2003,113,0,"MEX","AGUASCALIENTES",NA,NA,NA
"114","Rabies",2003,114,0,"MEX","AGUASCALIENTES",NA,NA,NA
"115","Rabies",2003,115,0,"MEX","AGUASCALIENTES",NA,NA,NA
"116","Rabies",2003,116,0,"MEX","AGUASCALIENTES",NA,NA,NA
"117","Rabies",2003,117,0,"MEX","AGUASCALIENTES",NA,NA,NA
"118","Rabies",2003,118,0,"MEX","AGUASCALIENTES",NA,NA,NA
"119","Rabies",2003,119,0,"MEX","AGUASCALIENTES",NA,NA,NA
"120","Rabies",2003,120,0,"MEX","AGUASCALIENTES",NA,NA,NA
"121","Rabies",2003,121,0,"MEX","AGUASCALIENTES",NA,NA,NA
"122","Rabies",2003,122,0,"MEX","AGUASCALIENTES",NA,NA,NA
"123","Rabies",2003,123,0,"MEX","AGUASCALIENTES",NA,NA,NA
"124","Rabies",2003,124,0,"MEX","AGUASCALIENTES",NA,NA,NA
"125","Rabies",2003,125,0.03125,"MEX","AGUASCALIENTES",NA,NA,NA
"126","Rabies",2003,126,0,"MEX","AGUASCALIENTES",NA,NA,NA
"127","Rabies",2003,127,0,"MEX","AGUASCALIENTES",NA,NA,NA
"128","Rabies",2003,128,0,"MEX","AGUASCALIENTES",NA,NA,NA
"129","Rabies",2003,129,0,"MEX","AGUASCALIENTES",NA,NA,NA
"130","Rabies",2003,130,0,"MEX","AGUASCALIENTES",NA,NA,NA
"131","Rabies",2003,131,0,"MEX","AGUASCALIENTES",NA,NA,NA
"132","Rabies",2003,132,0,"MEX","AGUASCALIENTES",NA,NA,NA
"133","Rabies",2003,133,0,"MEX","AGUASCALIENTES",NA,NA,NA
"134","Rabies",2003,134,0,"MEX","AGUASCALIENTES",NA,NA,NA
"135","Rabies",2003,135,0,"MEX","AGUASCALIENTES",NA,NA,NA
"136","Rabies",2003,136,0,"MEX","AGUASCALIENTES",NA,NA,NA
"137","Rabies",2003,137,0,"MEX","AGUASCALIENTES",NA,NA,NA
"138","Rabies",2003,138,0,"MEX","AGUASCALIENTES",NA,NA,NA
"139","Rabies",2004,139,0,"MEX","AGUASCALIENTES",NA,NA,NA
"140","Rabies",2004,140,0,"MEX","AGUASCALIENTES",NA,NA,NA
"141","Rabies",2004,141,0,"MEX","AGUASCALIENTES",NA,NA,NA
"142","Rabies",2004,142,0,"MEX","AGUASCALIENTES",NA,NA,NA
"143","Rabies",2004,143,0,"MEX","AGUASCALIENTES",NA,NA,NA
"144","Rabies",2004,144,0,"MEX","AGUASCALIENTES",NA,NA,NA
"145","Rabies",2004,145,0,"MEX","AGUASCALIENTES",NA,NA,NA
"146","Rabies",2004,146,0,"MEX","AGUASCALIENTES",NA,NA,NA
"147","Rabies",2004,147,0,"MEX","AGUASCALIENTES",NA,NA,NA
"148","Rabies",2004,148,0,"MEX","AGUASCALIENTES",NA,NA,NA
"149","Rabies",2004,149,0,"MEX","AGUASCALIENTES",NA,NA,NA
"150","Rabies",2004,150,0,"MEX","AGUASCALIENTES",NA,NA,NA
"151","Rabies",2004,151,0,"MEX","AGUASCALIENTES",NA,NA,NA
"152","Rabies",2004,152,0,"MEX","AGUASCALIENTES",NA,NA,NA
"153","Rabies",2004,153,0,"MEX","AGUASCALIENTES",NA,NA,NA
"154","Rabies",2004,154,0,"MEX","AGUASCALIENTES",NA,NA,NA
"155","Rabies",2004,155,0,"MEX","AGUASCALIENTES",NA,NA,NA
"156","Rabies",2004,156,0,"MEX","AGUASCALIENTES",NA,NA,NA
"157","Rabies",2004,157,0,"MEX","AGUASCALIENTES",NA,NA,NA
"158","Rabies",2004,158,0,"MEX","AGUASCALIENTES",NA,NA,NA
"159","Rabies",2004,159,0,"MEX","AGUASCALIENTES",NA,NA,NA
"160","Rabies",2004,160,0,"MEX","AGUASCALIENTES",NA,NA,NA
"161","Rabies",2004,161,0,"MEX","AGUASCALIENTES",NA,NA,NA
"162","Rabies",2004,162,0,"MEX","AGUASCALIENTES",NA,NA,NA
"163","Rabies",2004,163,0,"MEX","AGUASCALIENTES",NA,NA,NA
"164","Rabies",2004,164,0,"MEX","AGUASCALIENTES",NA,NA,NA
"165","Rabies",2004,165,0,"MEX","AGUASCALIENTES",NA,NA,NA
"166","Rabies",2004,166,0,"MEX","AGUASCALIENTES",NA,NA,NA
"167","Rabies",2004,167,0,"MEX","AGUASCALIENTES",NA,NA,NA
"168","Rabies",2004,168,0,"MEX","AGUASCALIENTES",NA,NA,NA
"169","Rabies",2004,169,0,"MEX","AGUASCALIENTES",NA,NA,NA
"170","Rabies",2004,170,0,"MEX","AGUASCALIENTES",NA,NA,NA
"171","Rabies",2004,171,0,"MEX","AGUASCALIENTES",NA,NA,NA
"172","Rabies",2004,172,0,"MEX","AGUASCALIENTES",NA,NA,NA
"173","Rabies",2004,173,0,"MEX","AGUASCALIENTES",NA,NA,NA
"174","Rabies",2004,174,0,"MEX","AGUASCALIENTES",NA,NA,NA
"175","Rabies",2004,175,0,"MEX","AGUASCALIENTES",NA,NA,NA
"176","Rabies",2004,176,0,"MEX","AGUASCALIENTES",NA,NA,NA
"177","Rabies",2004,177,0,"MEX","AGUASCALIENTES",NA,NA,NA
"178","Rabies",2004,178,0,"MEX","AGUASCALIENTES",NA,NA,NA
"179","Rabies",2004,179,0,"MEX","AGUASCALIENTES",NA,NA,NA
"180","Rabies",2004,180,0,"MEX","AGUASCALIENTES",NA,NA,NA
"181","Rabies",2004,181,0,"MEX","AGUASCALIENTES",NA,NA,NA
"182","Rabies",2004,182,0,"MEX","AGUASCALIENTES",NA,NA,NA
"183","Rabies",2004,183,0,"MEX","AGUASCALIENTES",NA,NA,NA
"184","Rabies",2004,184,0.0625,"MEX","AGUASCALIENTES",NA,NA,NA
"185","Rabies",2004,185,0,"MEX","AGUASCALIENTES",NA,NA,NA
"186","Rabies",2004,186,0,"MEX","AGUASCALIENTES",NA,NA,NA
"187","Rabies",2004,187,0,"MEX","AGUASCALIENTES",NA,NA,NA
"188","Rabies",2004,188,0,"MEX","AGUASCALIENTES",NA,NA,NA
"189","Rabies",2004,189,0,"MEX","AGUASCALIENTES",NA,NA,NA
"190","Rabies",2004,190,0,"MEX","AGUASCALIENTES",NA,NA,NA
"191","Rabies",2005,191,0,"MEX","AGUASCALIENTES",NA,NA,NA
"192","Rabies",2005,192,0,"MEX","AGUASCALIENTES",NA,NA,NA
"193","Rabies",2005,193,0,"MEX","AGUASCALIENTES",NA,NA,NA
"194","Rabies",2005,194,0,"MEX","AGUASCALIENTES",NA,NA,NA
"195","Rabies",2005,195,0,"MEX","AGUASCALIENTES",NA,NA,NA
"196","Rabies",2005,196,0,"MEX","AGUASCALIENTES",NA,NA,NA
"197","Rabies",2005,197,0,"MEX","AGUASCALIENTES",NA,NA,NA
"198","Rabies",2005,198,0,"MEX","AGUASCALIENTES",NA,NA,NA
"199","Rabies",2005,199,0,"MEX","AGUASCALIENTES",NA,NA,NA
"200","Rabies",2005,200,0,"MEX","AGUASCALIENTES",NA,NA,NA
"201","Rabies",2005,201,0,"MEX","AGUASCALIENTES",NA,NA,NA
"202","Rabies",2005,202,0,"MEX","AGUASCALIENTES",NA,NA,NA
"203","Rabies",2005,203,0,"MEX","AGUASCALIENTES",NA,NA,NA
"204","Rabies",2005,204,0,"MEX","AGUASCALIENTES",NA,NA,NA
"205","Rabies",2005,205,0,"MEX","AGUASCALIENTES",NA,NA,NA
"206","Rabies",2005,206,0,"MEX","AGUASCALIENTES",NA,NA,NA
"207","Rabies",2005,207,0,"MEX","AGUASCALIENTES",NA,NA,NA
"208","Rabies",2005,208,0,"MEX","AGUASCALIENTES",NA,NA,NA
"209","Rabies",2005,209,0,"MEX","AGUASCALIENTES",NA,NA,NA
"210","Rabies",2005,210,0,"MEX","AGUASCALIENTES",NA,NA,NA
"211","Rabies",2005,211,0,"MEX","AGUASCALIENTES",NA,NA,NA
"212","Rabies",2005,212,0,"MEX","AGUASCALIENTES",NA,NA,NA
"213","Rabies",2005,213,0,"MEX","AGUASCALIENTES",NA,NA,NA
"214","Rabies",2005,214,0,"MEX","AGUASCALIENTES",NA,NA,NA
"215","Rabies",2005,215,0,"MEX","AGUASCALIENTES",NA,NA,NA
"216","Rabies",2005,216,0,"MEX","AGUASCALIENTES",NA,NA,NA
"217","Rabies",2005,217,0,"MEX","AGUASCALIENTES",NA,NA,NA
"218","Rabies",2005,218,0,"MEX","AGUASCALIENTES",NA,NA,NA
"219","Rabies",2005,219,0,"MEX","AGUASCALIENTES",NA,NA,NA
"220","Rabies",2005,220,0,"MEX","AGUASCALIENTES",NA,NA,NA
"221","Rabies",2005,221,0,"MEX","AGUASCALIENTES",NA,NA,NA
"222","Rabies",2005,222,0,"MEX","AGUASCALIENTES",NA,NA,NA
"223","Rabies",2005,223,0,"MEX","AGUASCALIENTES",NA,NA,NA
"224","Rabies",2005,224,0,"MEX","AGUASCALIENTES",NA,NA,NA
"225","Rabies",2005,225,0,"MEX","AGUASCALIENTES",NA,NA,NA
"226","Rabies",2005,226,0,"MEX","AGUASCALIENTES",NA,NA,NA
"227","Rabies",2005,227,0,"MEX","AGUASCALIENTES",NA,NA,NA
"228","Rabies",2005,228,0,"MEX","AGUASCALIENTES",NA,NA,NA
"229","Rabies",2005,229,0,"MEX","AGUASCALIENTES",NA,NA,NA
"230","Rabies",2005,230,0,"MEX","AGUASCALIENTES",NA,NA,NA
"231","Rabies",2005,231,0,"MEX","AGUASCALIENTES",NA,NA,NA
"232","Rabies",2005,232,0,"MEX","AGUASCALIENTES",NA,NA,NA
"233","Rabies",2005,233,0,"MEX","AGUASCALIENTES",NA,NA,NA
"234","Rabies",2005,234,0,"MEX","AGUASCALIENTES",NA,NA,NA
"235","Rabies",2005,235,0,"MEX","AGUASCALIENTES",NA,NA,NA
"236","Rabies",2005,236,0,"MEX","AGUASCALIENTES",NA,NA,NA
"237","Rabies",2005,237,0,"MEX","AGUASCALIENTES",NA,NA,NA
"238","Rabies",2005,238,0,"MEX","AGUASCALIENTES",NA,NA,NA
"239","Rabies",2005,239,0,"MEX","AGUASCALIENTES",NA,NA,NA
"240","Rabies",2005,240,0,"MEX","AGUASCALIENTES",NA,NA,NA
"241","Rabies",2005,241,0,"MEX","AGUASCALIENTES",NA,NA,NA
"242","Rabies",2005,242,0,"MEX","AGUASCALIENTES",NA,NA,NA
"243","Rabies",2006,243,0,"MEX","AGUASCALIENTES",NA,NA,NA
"244","Rabies",2006,244,0,"MEX","AGUASCALIENTES",NA,NA,NA
"245","Rabies",2006,245,0,"MEX","AGUASCALIENTES",NA,NA,NA
"246","Rabies",2006,246,0,"MEX","AGUASCALIENTES",NA,NA,NA
"247","Rabies",2006,247,0,"MEX","AGUASCALIENTES",NA,NA,NA
"248","Rabies",2006,248,0,"MEX","AGUASCALIENTES",NA,NA,NA
"249","Rabies",2006,249,0,"MEX","AGUASCALIENTES",NA,NA,NA
"250","Rabies",2006,250,0,"MEX","AGUASCALIENTES",NA,NA,NA
"251","Rabies",2006,251,0,"MEX","AGUASCALIENTES",NA,NA,NA
"252","Rabies",2006,252,0,"MEX","AGUASCALIENTES",NA,NA,NA
"253","Rabies",2006,253,0,"MEX","AGUASCALIENTES",NA,NA,NA
"254","Rabies",2006,254,0,"MEX","AGUASCALIENTES",NA,NA,NA
"255","Rabies",2006,255,0,"MEX","AGUASCALIENTES",NA,NA,NA
"256","Rabies",2006,256,0,"MEX","AGUASCALIENTES",NA,NA,NA
"257","Rabies",2006,257,0,"MEX","AGUASCALIENTES",NA,NA,NA
"258","Rabies",2006,258,0,"MEX","AGUASCALIENTES",NA,NA,NA
"259","Rabies",2006,259,0,"MEX","AGUASCALIENTES",NA,NA,NA
"260","Rabies",2006,260,0,"MEX","AGUASCALIENTES",NA,NA,NA
"261","Rabies",2006,261,0,"MEX","AGUASCALIENTES",NA,NA,NA
"262","Rabies",2006,262,0,"MEX","AGUASCALIENTES",NA,NA,NA
"263","Rabies",2006,263,0,"MEX","AGUASCALIENTES",NA,NA,NA
"264","Rabies",2006,264,0,"MEX","AGUASCALIENTES",NA,NA,NA
"265","Rabies",2006,265,0,"MEX","AGUASCALIENTES",NA,NA,NA
"266","Rabies",2006,266,0,"MEX","AGUASCALIENTES",NA,NA,NA
"267","Rabies",2006,267,0,"MEX","AGUASCALIENTES",NA,NA,NA
"268","Rabies",2006,268,0,"MEX","AGUASCALIENTES",NA,NA,NA
"269","Rabies",2006,269,0,"MEX","AGUASCALIENTES",NA,NA,NA
"270","Rabies",2006,270,0,"MEX","AGUASCALIENTES",NA,NA,NA
"271","Rabies",2006,271,0,"MEX","AGUASCALIENTES",NA,NA,NA
"272","Rabies",2006,272,0,"MEX","AGUASCALIENTES",NA,NA,NA
"273","Rabies",2006,273,0,"MEX","AGUASCALIENTES",NA,NA,NA
"274","Rabies",2006,274,0,"MEX","AGUASCALIENTES",NA,NA,NA
"275","Rabies",2006,275,0,"MEX","AGUASCALIENTES",NA,NA,NA
"276","Rabies",2006,276,0,"MEX","AGUASCALIENTES",NA,NA,NA
"277","Rabies",2006,277,0,"MEX","AGUASCALIENTES",NA,NA,NA
"278","Rabies",2006,278,0,"MEX","AGUASCALIENTES",NA,NA,NA
"279","Rabies",2006,279,0,"MEX","AGUASCALIENTES",NA,NA,NA
"280","Rabies",2006,280,0,"MEX","AGUASCALIENTES",NA,NA,NA
"281","Rabies",2006,281,0,"MEX","AGUASCALIENTES",NA,NA,NA
"282","Rabies",2006,282,0,"MEX","AGUASCALIENTES",NA,NA,NA
"283","Rabies",2006,283,0,"MEX","AGUASCALIENTES",NA,NA,NA
"284","Rabies",2006,284,0,"MEX","AGUASCALIENTES",NA,NA,NA
"285","Rabies",2006,285,0,"MEX","AGUASCALIENTES",NA,NA,NA
"286","Rabies",2006,286,0,"MEX","AGUASCALIENTES",NA,NA,NA
"287","Rabies",2006,287,0,"MEX","AGUASCALIENTES",NA,NA,NA
"288","Rabies",2006,288,0,"MEX","AGUASCALIENTES",NA,NA,NA
"289","Rabies",2006,289,0,"MEX","AGUASCALIENTES",NA,NA,NA
"290","Rabies",2006,290,0,"MEX","AGUASCALIENTES",NA,NA,NA
"291","Rabies",2006,291,0,"MEX","AGUASCALIENTES",NA,NA,NA
"292","Rabies",2006,292,0,"MEX","AGUASCALIENTES",NA,NA,NA
"293","Rabies",2006,293,0,"MEX","AGUASCALIENTES",NA,NA,NA
"294","Rabies",2006,294,0,"MEX","AGUASCALIENTES",NA,NA,NA
"295","Rabies",2007,295,0,"MEX","AGUASCALIENTES",NA,NA,NA
"296","Rabies",2007,296,0,"MEX","AGUASCALIENTES",NA,NA,NA
"297","Rabies",2007,297,0,"MEX","AGUASCALIENTES",NA,NA,NA
"298","Rabies",2007,298,0,"MEX","AGUASCALIENTES",NA,NA,NA
"299","Rabies",2007,299,0,"MEX","AGUASCALIENTES",NA,NA,NA
"300","Rabies",2007,300,0,"MEX","AGUASCALIENTES",NA,NA,NA
"301","Rabies",2007,301,0,"MEX","AGUASCALIENTES",NA,NA,NA
"302","Rabies",2007,302,0,"MEX","AGUASCALIENTES",NA,NA,NA
"303","Rabies",2007,303,0,"MEX","AGUASCALIENTES",NA,NA,NA
"304","Rabies",2007,304,0,"MEX","AGUASCALIENTES",NA,NA,NA
"305","Rabies",2007,305,0,"MEX","AGUASCALIENTES",NA,NA,NA
"306","Rabies",2007,306,0,"MEX","AGUASCALIENTES",NA,NA,NA
"307","Rabies",2007,307,0,"MEX","AGUASCALIENTES",NA,NA,NA
"308","Rabies",2007,308,0,"MEX","AGUASCALIENTES",NA,NA,NA
"309","Rabies",2007,309,0,"MEX","AGUASCALIENTES",NA,NA,NA
"310","Rabies",2007,310,0,"MEX","AGUASCALIENTES",NA,NA,NA
"311","Rabies",2007,311,0,"MEX","AGUASCALIENTES",NA,NA,NA
"312","Rabies",2007,312,0,"MEX","AGUASCALIENTES",NA,NA,NA
"313","Rabies",2007,313,0,"MEX","AGUASCALIENTES",NA,NA,NA
"314","Rabies",2007,314,0,"MEX","AGUASCALIENTES",NA,NA,NA
"315","Rabies",2007,315,0,"MEX","AGUASCALIENTES",NA,NA,NA
"316","Rabies",2007,316,0,"MEX","AGUASCALIENTES",NA,NA,NA
"317","Rabies",2007,317,0,"MEX","AGUASCALIENTES",NA,NA,NA
"318","Rabies",2007,318,0,"MEX","AGUASCALIENTES",NA,NA,NA
"319","Rabies",2007,319,0,"MEX","AGUASCALIENTES",NA,NA,NA
"320","Rabies",2007,320,0,"MEX","AGUASCALIENTES",NA,NA,NA
"321","Rabies",2007,321,0,"MEX","AGUASCALIENTES",NA,NA,NA
"322","Rabies",2007,322,0,"MEX","AGUASCALIENTES",NA,NA,NA
"323","Rabies",2007,323,0,"MEX","AGUASCALIENTES",NA,NA,NA
"324","Rabies",2007,324,0,"MEX","AGUASCALIENTES",NA,NA,NA
"325","Rabies",2007,325,0,"MEX","AGUASCALIENTES",NA,NA,NA
"326","Rabies",2007,326,0,"MEX","AGUASCALIENTES",NA,NA,NA
"327","Rabies",2007,327,0,"MEX","AGUASCALIENTES",NA,NA,NA
"328","Rabies",2007,328,0,"MEX","AGUASCALIENTES",NA,NA,NA
"329","Rabies",2007,329,0,"MEX","AGUASCALIENTES",NA,NA,NA
"330","Rabies",2007,330,0,"MEX","AGUASCALIENTES",NA,NA,NA
"331","Rabies",2007,331,0,"MEX","AGUASCALIENTES",NA,NA,NA
"332","Rabies",2007,332,0,"MEX","AGUASCALIENTES",NA,NA,NA
"333","Rabies",2007,333,0,"MEX","AGUASCALIENTES",NA,NA,NA
"334","Rabies",2007,334,0,"MEX","AGUASCALIENTES",NA,NA,NA
"335","Rabies",2007,335,0,"MEX","AGUASCALIENTES",NA,NA,NA
"336","Rabies",2007,336,0,"MEX","AGUASCALIENTES",NA,NA,NA
"337","Rabies",2007,337,0,"MEX","AGUASCALIENTES",NA,NA,NA
"338","Rabies",2007,338,0,"MEX","AGUASCALIENTES",NA,NA,NA
"339","Rabies",2007,339,0,"MEX","AGUASCALIENTES",NA,NA,NA
"340","Rabies",2007,340,0,"MEX","AGUASCALIENTES",NA,NA,NA
"341","Rabies",2007,341,0,"MEX","AGUASCALIENTES",NA,NA,NA
"342","Rabies",2007,342,0,"MEX","AGUASCALIENTES",NA,NA,NA
"343","Rabies",2007,343,0,"MEX","AGUASCALIENTES",NA,NA,NA
"344","Rabies",2007,344,0,"MEX","AGUASCALIENTES",NA,NA,NA
"345","Rabies",2007,345,0,"MEX","AGUASCALIENTES",NA,NA,NA
"346","Rabies",2007,346,0,"MEX","AGUASCALIENTES",NA,NA,NA
"347","Rabies",2008,347,0,"MEX","AGUASCALIENTES",NA,NA,NA
"348","Rabies",2008,348,0,"MEX","AGUASCALIENTES",NA,NA,NA
"349","Rabies",2008,349,0,"MEX","AGUASCALIENTES",NA,NA,NA
"350","Rabies",2008,350,0,"MEX","AGUASCALIENTES",NA,NA,NA
"351","Rabies",2008,351,0,"MEX","AGUASCALIENTES",NA,NA,NA
"352","Rabies",2008,352,0,"MEX","AGUASCALIENTES",NA,NA,NA
"353","Rabies",2008,353,0,"MEX","AGUASCALIENTES",NA,NA,NA
"354","Rabies",2008,354,0,"MEX","AGUASCALIENTES",NA,NA,NA
"355","Rabies",2008,355,0,"MEX","AGUASCALIENTES",NA,NA,NA
"356","Rabies",2008,356,0,"MEX","AGUASCALIENTES",NA,NA,NA
"357","Rabies",2008,357,0,"MEX","AGUASCALIENTES",NA,NA,NA
"358","Rabies",2008,358,0,"MEX","AGUASCALIENTES",NA,NA,NA
"359","Rabies",2008,359,0,"MEX","AGUASCALIENTES",NA,NA,NA
"360","Rabies",2008,360,0,"MEX","AGUASCALIENTES",NA,NA,NA
"361","Rabies",2008,361,0,"MEX","AGUASCALIENTES",NA,NA,NA
"362","Rabies",2008,362,0,"MEX","AGUASCALIENTES",NA,NA,NA
"363","Rabies",2008,363,0,"MEX","AGUASCALIENTES",NA,NA,NA
"364","Rabies",2008,364,0,"MEX","AGUASCALIENTES",NA,NA,NA
"365","Rabies",2008,365,0,"MEX","AGUASCALIENTES",NA,NA,NA
"366","Rabies",2008,366,0,"MEX","AGUASCALIENTES",NA,NA,NA
"367","Rabies",2008,367,0,"MEX","AGUASCALIENTES",NA,NA,NA
"368","Rabies",2008,368,0,"MEX","AGUASCALIENTES",NA,NA,NA
"369","Rabies",2008,369,0,"MEX","AGUASCALIENTES",NA,NA,NA
"370","Rabies",2008,370,0,"MEX","AGUASCALIENTES",NA,NA,NA
"371","Rabies",2008,371,0,"MEX","AGUASCALIENTES",NA,NA,NA
"372","Rabies",2008,372,0,"MEX","AGUASCALIENTES",NA,NA,NA
"373","Rabies",2008,373,0,"MEX","AGUASCALIENTES",NA,NA,NA
"374","Rabies",2008,374,0,"MEX","AGUASCALIENTES",NA,NA,NA
"375","Rabies",2008,375,0,"MEX","AGUASCALIENTES",NA,NA,NA
"376","Rabies",2008,376,0,"MEX","AGUASCALIENTES",NA,NA,NA
"377","Rabies",2008,377,0,"MEX","AGUASCALIENTES",NA,NA,NA
"378","Rabies",2008,378,0,"MEX","AGUASCALIENTES",NA,NA,NA
"379","Rabies",2008,379,0,"MEX","AGUASCALIENTES",NA,NA,NA
"380","Rabies",2008,380,0,"MEX","AGUASCALIENTES",NA,NA,NA
"381","Rabies",2008,381,0,"MEX","AGUASCALIENTES",NA,NA,NA
"382","Rabies",2008,382,0,"MEX","AGUASCALIENTES",NA,NA,NA
"383","Rabies",2008,383,0,"MEX","AGUASCALIENTES",NA,NA,NA
"384","Rabies",2008,384,0,"MEX","AGUASCALIENTES",NA,NA,NA
"385","Rabies",2008,385,0,"MEX","AGUASCALIENTES",NA,NA,NA
"386","Rabies",2008,386,0,"MEX","AGUASCALIENTES",NA,NA,NA
"387","Rabies",2008,387,0,"MEX","AGUASCALIENTES",NA,NA,NA
"388","Rabies",2008,388,0,"MEX","AGUASCALIENTES",NA,NA,NA
"389","Rabies",2008,389,0,"MEX","AGUASCALIENTES",NA,NA,NA
"390","Rabies",2008,390,0,"MEX","AGUASCALIENTES",NA,NA,NA
"391","Rabies",2008,391,0,"MEX","AGUASCALIENTES",NA,NA,NA
"392","Rabies",2008,392,0,"MEX","AGUASCALIENTES",NA,NA,NA
"393","Rabies",2008,393,0,"MEX","AGUASCALIENTES",NA,NA,NA
"394","Rabies",2008,394,0,"MEX","AGUASCALIENTES",NA,NA,NA
"395","Rabies",2008,395,0,"MEX","AGUASCALIENTES",NA,NA,NA
"396","Rabies",2008,396,0,"MEX","AGUASCALIENTES",NA,NA,NA
"397","Rabies",2008,397,0,"MEX","AGUASCALIENTES",NA,NA,NA
"398","Rabies",2008,398,0,"MEX","AGUASCALIENTES",NA,NA,NA
"399","Rabies",2008,399,0,"MEX","AGUASCALIENTES",NA,NA,NA
"400","Rabies",2009,400,0,"MEX","AGUASCALIENTES",NA,NA,NA
"401","Rabies",2009,401,0,"MEX","AGUASCALIENTES",NA,NA,NA
"402","Rabies",2009,402,0,"MEX","AGUASCALIENTES",NA,NA,NA
"403","Rabies",2009,403,0,"MEX","AGUASCALIENTES",NA,NA,NA
"404","Rabies",2009,404,0,"MEX","AGUASCALIENTES",NA,NA,NA
"405","Rabies",2009,405,0,"MEX","AGUASCALIENTES",NA,NA,NA
"406","Rabies",2009,406,0,"MEX","AGUASCALIENTES",NA,NA,NA
"407","Rabies",2009,407,0,"MEX","AGUASCALIENTES",NA,NA,NA
"408","Rabies",2009,408,0,"MEX","AGUASCALIENTES",NA,NA,NA
"409","Rabies",2009,409,0,"MEX","AGUASCALIENTES",NA,NA,NA
"410","Rabies",2009,410,0,"MEX","AGUASCALIENTES",NA,NA,NA
"411","Rabies",2009,411,0,"MEX","AGUASCALIENTES",NA,NA,NA
"412","Rabies",2009,412,0,"MEX","AGUASCALIENTES",NA,NA,NA
"413","Rabies",2009,413,0,"MEX","AGUASCALIENTES",NA,NA,NA
"414","Rabies",2009,414,0,"MEX","AGUASCALIENTES",NA,NA,NA
"415","Rabies",2009,415,0,"MEX","AGUASCALIENTES",NA,NA,NA
"416","Rabies",2009,416,0,"MEX","AGUASCALIENTES",NA,NA,NA
"417","Rabies",2009,417,0,"MEX","AGUASCALIENTES",NA,NA,NA
"418","Rabies",2009,418,0,"MEX","AGUASCALIENTES",NA,NA,NA
"419","Rabies",2009,419,0,"MEX","AGUASCALIENTES",NA,NA,NA
"420","Rabies",2009,420,0,"MEX","AGUASCALIENTES",NA,NA,NA
"421","Rabies",2009,421,0,"MEX","AGUASCALIENTES",NA,NA,NA
"422","Rabies",2009,422,0,"MEX","AGUASCALIENTES",NA,NA,NA
"423","Rabies",2009,423,0,"MEX","AGUASCALIENTES",NA,NA,NA
"424","Rabies",2009,424,0,"MEX","AGUASCALIENTES",NA,NA,NA
"425","Rabies",2009,425,0,"MEX","AGUASCALIENTES",NA,NA,NA
"426","Rabies",2009,426,0,"MEX","AGUASCALIENTES",NA,NA,NA
"427","Rabies",2009,427,0,"MEX","AGUASCALIENTES",NA,NA,NA
"428","Rabies",2009,428,0,"MEX","AGUASCALIENTES",NA,NA,NA
"429","Rabies",2009,429,0,"MEX","AGUASCALIENTES",NA,NA,NA
"430","Rabies",2009,430,0,"MEX","AGUASCALIENTES",NA,NA,NA
"431","Rabies",2009,431,0,"MEX","AGUASCALIENTES",NA,NA,NA
"432","Rabies",2009,432,0,"MEX","AGUASCALIENTES",NA,NA,NA
"433","Rabies",2009,433,0,"MEX","AGUASCALIENTES",NA,NA,NA
"434","Rabies",2009,434,0,"MEX","AGUASCALIENTES",NA,NA,NA
"435","Rabies",2009,435,0,"MEX","AGUASCALIENTES",NA,NA,NA
"436","Rabies",2009,436,0,"MEX","AGUASCALIENTES",NA,NA,NA
"437","Rabies",2009,437,0,"MEX","AGUASCALIENTES",NA,NA,NA
"438","Rabies",2009,438,0,"MEX","AGUASCALIENTES",NA,NA,NA
"439","Rabies",2009,439,0,"MEX","AGUASCALIENTES",NA,NA,NA
"440","Rabies",2009,440,0,"MEX","AGUASCALIENTES",NA,NA,NA
"441","Rabies",2009,441,0,"MEX","AGUASCALIENTES",NA,NA,NA
"442","Rabies",2009,442,0,"MEX","AGUASCALIENTES",NA,NA,NA
"443","Rabies",2009,443,0,"MEX","AGUASCALIENTES",NA,NA,NA
"444","Rabies",2009,444,0,"MEX","AGUASCALIENTES",NA,NA,NA
"445","Rabies",2009,445,0,"MEX","AGUASCALIENTES",NA,NA,NA
"446","Rabies",2009,446,0,"MEX","AGUASCALIENTES",NA,NA,NA
"447","Rabies",2009,447,0,"MEX","AGUASCALIENTES",NA,NA,NA
"448","Rabies",2009,448,0,"MEX","AGUASCALIENTES",NA,NA,NA
"449","Rabies",2009,449,0,"MEX","AGUASCALIENTES",NA,NA,NA
"450","Rabies",2009,450,0,"MEX","AGUASCALIENTES",NA,NA,NA
"451","Rabies",2009,451,0,"MEX","AGUASCALIENTES",NA,NA,NA
"452","Rabies",2010,452,0,"MEX","AGUASCALIENTES",NA,NA,NA
"453","Rabies",2010,453,0,"MEX","AGUASCALIENTES",NA,NA,NA
"454","Rabies",2010,454,0,"MEX","AGUASCALIENTES",NA,NA,NA
"455","Rabies",2010,455,0,"MEX","AGUASCALIENTES",NA,NA,NA
"456","Rabies",2010,456,0,"MEX","AGUASCALIENTES",NA,NA,NA
"457","Rabies",2010,457,0,"MEX","AGUASCALIENTES",NA,NA,NA
"458","Rabies",2010,458,0,"MEX","AGUASCALIENTES",NA,NA,NA
"459","Rabies",2010,459,0,"MEX","AGUASCALIENTES",NA,NA,NA
"460","Rabies",2010,460,0,"MEX","AGUASCALIENTES",NA,NA,NA
"461","Rabies",2010,461,0,"MEX","AGUASCALIENTES",NA,NA,NA
"462","Rabies",2010,462,0,"MEX","AGUASCALIENTES",NA,NA,NA
"463","Rabies",2010,463,0,"MEX","AGUASCALIENTES",NA,NA,NA
"464","Rabies",2010,464,0,"MEX","AGUASCALIENTES",NA,NA,NA
"465","Rabies",2010,465,0,"MEX","AGUASCALIENTES",NA,NA,NA
"466","Rabies",2010,466,0,"MEX","AGUASCALIENTES",NA,NA,NA
"467","Rabies",2010,467,0,"MEX","AGUASCALIENTES",NA,NA,NA
"468","Rabies",2010,468,0,"MEX","AGUASCALIENTES",NA,NA,NA
"469","Rabies",2010,469,0,"MEX","AGUASCALIENTES",NA,NA,NA
"470","Rabies",2010,470,0,"MEX","AGUASCALIENTES",NA,NA,NA
"471","Rabies",2010,471,0,"MEX","AGUASCALIENTES",NA,NA,NA
"472","Rabies",2010,472,0,"MEX","AGUASCALIENTES",NA,NA,NA
"473","Rabies",2010,473,0,"MEX","AGUASCALIENTES",NA,NA,NA
"474","Rabies",2010,474,0,"MEX","AGUASCALIENTES",NA,NA,NA
"475","Rabies",2010,475,0,"MEX","AGUASCALIENTES",NA,NA,NA
"476","Rabies",2010,476,0,"MEX","AGUASCALIENTES",NA,NA,NA
"477","Rabies",2010,477,0,"MEX","AGUASCALIENTES",NA,NA,NA
"478","Rabies",2010,478,0,"MEX","AGUASCALIENTES",NA,NA,NA
"479","Rabies",2010,479,0,"MEX","AGUASCALIENTES",NA,NA,NA
"480","Rabies",2010,480,0,"MEX","AGUASCALIENTES",NA,NA,NA
"481","Rabies",2010,481,0,"MEX","AGUASCALIENTES",NA,NA,NA
"482","Rabies",2010,482,0,"MEX","AGUASCALIENTES",NA,NA,NA
"483","Rabies",2010,483,0,"MEX","AGUASCALIENTES",NA,NA,NA
"484","Rabies",2010,484,0,"MEX","AGUASCALIENTES",NA,NA,NA
"485","Rabies",2010,485,0,"MEX","AGUASCALIENTES",NA,NA,NA
"486","Rabies",2010,486,0,"MEX","AGUASCALIENTES",NA,NA,NA
"487","Rabies",2010,487,0,"MEX","AGUASCALIENTES",NA,NA,NA
"488","Rabies",2010,488,0,"MEX","AGUASCALIENTES",NA,NA,NA
"489","Rabies",2010,489,0,"MEX","AGUASCALIENTES",NA,NA,NA
"490","Rabies",2010,490,0,"MEX","AGUASCALIENTES",NA,NA,NA
"491","Rabies",2010,491,0,"MEX","AGUASCALIENTES",NA,NA,NA
"492","Rabies",2010,492,0,"MEX","AGUASCALIENTES",NA,NA,NA
"493","Rabies",2010,493,0,"MEX","AGUASCALIENTES",NA,NA,NA
"494","Rabies",2010,494,0,"MEX","AGUASCALIENTES",NA,NA,NA
"495","Rabies",2010,495,0,"MEX","AGUASCALIENTES",NA,NA,NA
"496","Rabies",2010,496,0,"MEX","AGUASCALIENTES",NA,NA,NA
"497","Rabies",2010,497,0,"MEX","AGUASCALIENTES",NA,NA,NA
"498","Rabies",2010,498,0,"MEX","AGUASCALIENTES",NA,NA,NA
"499","Rabies",2010,499,0,"MEX","AGUASCALIENTES",NA,NA,NA
"500","Rabies",2010,500,0,"MEX","AGUASCALIENTES",NA,NA,NA
"501","Rabies",2010,501,0,"MEX","AGUASCALIENTES",NA,NA,NA
"502","Rabies",2010,502,0,"MEX","AGUASCALIENTES",NA,NA,NA
"503","Rabies",2010,503,0,"MEX","AGUASCALIENTES",NA,NA,NA
"504","Rabies",2011,504,0,"MEX","AGUASCALIENTES",NA,NA,NA
"505","Rabies",2011,505,0,"MEX","AGUASCALIENTES",NA,NA,NA
"506","Rabies",2011,506,0,"MEX","AGUASCALIENTES",NA,NA,NA
"507","Rabies",2011,507,0,"MEX","AGUASCALIENTES",NA,NA,NA
"508","Rabies",2011,508,0,"MEX","AGUASCALIENTES",NA,NA,NA
"509","Rabies",2011,509,0,"MEX","AGUASCALIENTES",NA,NA,NA
"510","Rabies",2011,510,0,"MEX","AGUASCALIENTES",NA,NA,NA
"511","Rabies",2011,511,0,"MEX","AGUASCALIENTES",NA,NA,NA
"512","Rabies",2011,512,0,"MEX","AGUASCALIENTES",NA,NA,NA
"513","Rabies",2011,513,0,"MEX","AGUASCALIENTES",NA,NA,NA
"514","Rabies",2011,514,0,"MEX","AGUASCALIENTES",NA,NA,NA
"515","Rabies",2011,515,0,"MEX","AGUASCALIENTES",NA,NA,NA
"516","Rabies",2011,516,0,"MEX","AGUASCALIENTES",NA,NA,NA
"517","Rabies",2011,517,0,"MEX","AGUASCALIENTES",NA,NA,NA
"518","Rabies",2011,518,0,"MEX","AGUASCALIENTES",NA,NA,NA
"519","Rabies",2011,519,0,"MEX","AGUASCALIENTES",NA,NA,NA
"520","Rabies",2011,520,0,"MEX","AGUASCALIENTES",NA,NA,NA
"521","Rabies",2011,521,0,"MEX","AGUASCALIENTES",NA,NA,NA
"522","Rabies",2011,522,0,"MEX","AGUASCALIENTES",NA,NA,NA
"523","Rabies",2011,523,0,"MEX","AGUASCALIENTES",NA,NA,NA
"524","Rabies",2011,524,0,"MEX","AGUASCALIENTES",NA,NA,NA
"525","Rabies",2011,525,0,"MEX","AGUASCALIENTES",NA,NA,NA
"526","Rabies",2011,526,0,"MEX","AGUASCALIENTES",NA,NA,NA
"527","Rabies",2011,527,0,"MEX","AGUASCALIENTES",NA,NA,NA
"528","Rabies",2011,528,0,"MEX","AGUASCALIENTES",NA,NA,NA
"529","Rabies",2011,529,0,"MEX","AGUASCALIENTES",NA,NA,NA
"530","Rabies",2011,530,0,"MEX","AGUASCALIENTES",NA,NA,NA
"531","Rabies",2011,531,0,"MEX","AGUASCALIENTES",NA,NA,NA
"532","Rabies",2011,532,0,"MEX","AGUASCALIENTES",NA,NA,NA
"533","Rabies",2011,533,0,"MEX","AGUASCALIENTES",NA,NA,NA
"534","Rabies",2011,534,0,"MEX","AGUASCALIENTES",NA,NA,NA
"535","Rabies",2011,535,0,"MEX","AGUASCALIENTES",NA,NA,NA
"536","Rabies",2011,536,0,"MEX","AGUASCALIENTES",NA,NA,NA
"537","Rabies",2011,537,0,"MEX","AGUASCALIENTES",NA,NA,NA
"538","Rabies",2011,538,0,"MEX","AGUASCALIENTES",NA,NA,NA
"539","Rabies",2011,539,0,"MEX","AGUASCALIENTES",NA,NA,NA
"540","Rabies",2011,540,0,"MEX","AGUASCALIENTES",NA,NA,NA
"541","Rabies",2011,541,0,"MEX","AGUASCALIENTES",NA,NA,NA
"542","Rabies",2011,542,0,"MEX","AGUASCALIENTES",NA,NA,NA
"543","Rabies",2011,543,0,"MEX","AGUASCALIENTES",NA,NA,NA
"544","Rabies",2011,544,0,"MEX","AGUASCALIENTES",NA,NA,NA
"545","Rabies",2011,545,0,"MEX","AGUASCALIENTES",NA,NA,NA
"546","Rabies",2011,546,0,"MEX","AGUASCALIENTES",NA,NA,NA
"547","Rabies",2011,547,0,"MEX","AGUASCALIENTES",NA,NA,NA
"548","Rabies",2011,548,0,"MEX","AGUASCALIENTES",NA,NA,NA
"549","Rabies",2011,549,0,"MEX","AGUASCALIENTES",NA,NA,NA
"550","Rabies",2011,550,0,"MEX","AGUASCALIENTES",NA,NA,NA
"551","Rabies",2011,551,0,"MEX","AGUASCALIENTES",NA,NA,NA
"552","Rabies",2011,552,0,"MEX","AGUASCALIENTES",NA,NA,NA
"553","Rabies",2011,553,0,"MEX","AGUASCALIENTES",NA,NA,NA
"554","Rabies",2011,554,0,"MEX","AGUASCALIENTES",NA,NA,NA
"555","Rabies",2011,555,0,"MEX","AGUASCALIENTES",NA,NA,NA
"556","Rabies",2012,556,0,"MEX","AGUASCALIENTES",NA,NA,NA
"557","Rabies",2012,557,0,"MEX","AGUASCALIENTES",NA,NA,NA
"558","Rabies",2012,558,0,"MEX","AGUASCALIENTES",NA,NA,NA
"559","Rabies",2012,559,0,"MEX","AGUASCALIENTES",NA,NA,NA
"560","Rabies",2012,560,0,"MEX","AGUASCALIENTES",NA,NA,NA
"561","Rabies",2012,561,0,"MEX","AGUASCALIENTES",NA,NA,NA
"562","Rabies",2012,562,0,"MEX","AGUASCALIENTES",NA,NA,NA
"563","Rabies",2012,563,0,"MEX","AGUASCALIENTES",NA,NA,NA
"564","Rabies",2012,564,0,"MEX","AGUASCALIENTES",NA,NA,NA
"565","Rabies",2012,565,0,"MEX","AGUASCALIENTES",NA,NA,NA
"566","Rabies",2012,566,0,"MEX","AGUASCALIENTES",NA,NA,NA
"567","Rabies",2012,567,0,"MEX","AGUASCALIENTES",NA,NA,NA
"568","Rabies",2012,568,0,"MEX","AGUASCALIENTES",NA,NA,NA
"569","Rabies",2012,569,0,"MEX","AGUASCALIENTES",NA,NA,NA
"570","Rabies",2012,570,0,"MEX","AGUASCALIENTES",NA,NA,NA
"571","Rabies",2012,571,0,"MEX","AGUASCALIENTES",NA,NA,NA
"572","Rabies",2012,572,0,"MEX","AGUASCALIENTES",NA,NA,NA
"573","Rabies",2012,573,0,"MEX","AGUASCALIENTES",NA,NA,NA
"574","Rabies",2012,574,0,"MEX","AGUASCALIENTES",NA,NA,NA
"575","Rabies",2012,575,0,"MEX","AGUASCALIENTES",NA,NA,NA
"576","Rabies",2012,576,0,"MEX","AGUASCALIENTES",NA,NA,NA
"577","Rabies",2012,577,0,"MEX","AGUASCALIENTES",NA,NA,NA
"578","Rabies",2012,578,0,"MEX","AGUASCALIENTES",NA,NA,NA
"579","Rabies",2012,579,0,"MEX","AGUASCALIENTES",NA,NA,NA
"580","Rabies",2012,580,0,"MEX","AGUASCALIENTES",NA,NA,NA
"581","Rabies",2012,581,0,"MEX","AGUASCALIENTES",NA,NA,NA
"582","Rabies",2012,582,0,"MEX","AGUASCALIENTES",NA,NA,NA
"583","Rabies",2012,583,0,"MEX","AGUASCALIENTES",NA,NA,NA
"584","Rabies",2012,584,0,"MEX","AGUASCALIENTES",NA,NA,NA
"585","Rabies",2012,585,0,"MEX","AGUASCALIENTES",NA,NA,NA
"586","Rabies",2012,586,0,"MEX","AGUASCALIENTES",NA,NA,NA
"587","Rabies",2012,587,0,"MEX","AGUASCALIENTES",NA,NA,NA
"588","Rabies",2012,588,0,"MEX","AGUASCALIENTES",NA,NA,NA
"589","Rabies",2012,589,0,"MEX","AGUASCALIENTES",NA,NA,NA
"590","Rabies",2012,590,0,"MEX","AGUASCALIENTES",NA,NA,NA
"591","Rabies",2012,591,0,"MEX","AGUASCALIENTES",NA,NA,NA
"592","Rabies",2012,592,0,"MEX","AGUASCALIENTES",NA,NA,NA
"593","Rabies",2012,593,0,"MEX","AGUASCALIENTES",NA,NA,NA
"594","Rabies",2012,594,0,"MEX","AGUASCALIENTES",NA,NA,NA
"595","Rabies",2012,595,0,"MEX","AGUASCALIENTES",NA,NA,NA
"596","Rabies",2012,596,0,"MEX","AGUASCALIENTES",NA,NA,NA
"597","Rabies",2012,597,0,"MEX","AGUASCALIENTES",NA,NA,NA
"598","Rabies",2012,598,0,"MEX","AGUASCALIENTES",NA,NA,NA
"599","Rabies",2012,599,0,"MEX","AGUASCALIENTES",NA,NA,NA
"600","Rabies",2012,600,0,"MEX","AGUASCALIENTES",NA,NA,NA
"601","Rabies",2012,601,0,"MEX","AGUASCALIENTES",NA,NA,NA
"602","Rabies",2012,602,0,"MEX","AGUASCALIENTES",NA,NA,NA
"603","Rabies",2012,603,0,"MEX","AGUASCALIENTES",NA,NA,NA
"604","Rabies",2012,604,0,"MEX","AGUASCALIENTES",NA,NA,NA
"605","Rabies",2012,605,0,"MEX","AGUASCALIENTES",NA,NA,NA
"606","Rabies",2012,606,0,"MEX","AGUASCALIENTES",NA,NA,NA
"607","Rabies",2012,607,0,"MEX","AGUASCALIENTES",NA,NA,NA
"608","Rabies",2013,608,0,"MEX","AGUASCALIENTES",NA,NA,NA
"609","Rabies",2013,609,0,"MEX","AGUASCALIENTES",NA,NA,NA
"610","Rabies",2013,610,0,"MEX","AGUASCALIENTES",NA,NA,NA
"611","Rabies",2013,611,0,"MEX","AGUASCALIENTES",NA,NA,NA
"612","Rabies",2013,612,0,"MEX","AGUASCALIENTES",NA,NA,NA
"613","Rabies",2013,613,0,"MEX","AGUASCALIENTES",NA,NA,NA
"614","Rabies",2013,614,0,"MEX","AGUASCALIENTES",NA,NA,NA
"615","Rabies",2013,615,0,"MEX","AGUASCALIENTES",NA,NA,NA
"616","Rabies",2013,616,0,"MEX","AGUASCALIENTES",NA,NA,NA
"617","Rabies",2013,617,0,"MEX","AGUASCALIENTES",NA,NA,NA
"618","Rabies",2013,618,0,"MEX","AGUASCALIENTES",NA,NA,NA
"619","Rabies",2013,619,0,"MEX","AGUASCALIENTES",NA,NA,NA
"620","Rabies",2013,620,0,"MEX","AGUASCALIENTES",NA,NA,NA
"621","Rabies",2013,621,0,"MEX","AGUASCALIENTES",NA,NA,NA
"622","Rabies",2013,622,0,"MEX","AGUASCALIENTES",NA,NA,NA
"623","Rabies",2013,623,0,"MEX","AGUASCALIENTES",NA,NA,NA
"624","Rabies",2013,624,0,"MEX","AGUASCALIENTES",NA,NA,NA
"625","Rabies",2013,625,0,"MEX","AGUASCALIENTES",NA,NA,NA
"626","Rabies",2013,626,0,"MEX","AGUASCALIENTES",NA,NA,NA
"627","Rabies",2013,627,0,"MEX","AGUASCALIENTES",NA,NA,NA
"628","Rabies",2013,628,0,"MEX","AGUASCALIENTES",NA,NA,NA
"629","Rabies",2013,629,0,"MEX","AGUASCALIENTES",NA,NA,NA
"630","Rabies",2013,630,0,"MEX","AGUASCALIENTES",NA,NA,NA
"631","Rabies",2013,631,0,"MEX","AGUASCALIENTES",NA,NA,NA
"632","Rabies",2013,632,0,"MEX","AGUASCALIENTES",NA,NA,NA
"633","Rabies",2013,633,0,"MEX","AGUASCALIENTES",NA,NA,NA
"634","Rabies",2013,634,0,"MEX","AGUASCALIENTES",NA,NA,NA
"635","Rabies",2013,635,0,"MEX","AGUASCALIENTES",NA,NA,NA
"636","Rabies",2013,636,0,"MEX","AGUASCALIENTES",NA,NA,NA
"637","Rabies",2013,637,0,"MEX","AGUASCALIENTES",NA,NA,NA
"638","Rabies",2013,638,0,"MEX","AGUASCALIENTES",NA,NA,NA
"639","Rabies",2013,639,0,"MEX","AGUASCALIENTES",NA,NA,NA
"640","Rabies",2013,640,0,"MEX","AGUASCALIENTES",NA,NA,NA
"641","Rabies",2013,641,0,"MEX","AGUASCALIENTES",NA,NA,NA
"642","Rabies",2013,642,0,"MEX","AGUASCALIENTES",NA,NA,NA
"643","Rabies",2013,643,0,"MEX","AGUASCALIENTES",NA,NA,NA
"644","Rabies",2013,644,0,"MEX","AGUASCALIENTES",NA,NA,NA
"645","Rabies",2013,645,0,"MEX","AGUASCALIENTES",NA,NA,NA
"646","Rabies",2013,646,0,"MEX","AGUASCALIENTES",NA,NA,NA
"647","Rabies",2013,647,0,"MEX","AGUASCALIENTES",NA,NA,NA
"648","Rabies",2013,648,0,"MEX","AGUASCALIENTES",NA,NA,NA
"649","Rabies",2013,649,0,"MEX","AGUASCALIENTES",NA,NA,NA
"650","Rabies",2013,650,0,"MEX","AGUASCALIENTES",NA,NA,NA
"651","Rabies",2013,651,0,"MEX","AGUASCALIENTES",NA,NA,NA
"652","Rabies",2013,652,0,"MEX","AGUASCALIENTES",NA,NA,NA
"653","Rabies",2013,653,0,"MEX","AGUASCALIENTES",NA,NA,NA
"654","Rabies",2013,654,0,"MEX","AGUASCALIENTES",NA,NA,NA
"655","Rabies",2013,655,0,"MEX","AGUASCALIENTES",NA,NA,NA
"656","Rabies",2013,656,0,"MEX","AGUASCALIENTES",NA,NA,NA
"657","Rabies",2013,657,0,"MEX","AGUASCALIENTES",NA,NA,NA
"658","Rabies",2013,658,0,"MEX","AGUASCALIENTES",NA,NA,NA
"659","Rabies",2013,659,0,"MEX","AGUASCALIENTES",NA,NA,NA
"660","Rabies",2014,660,0,"MEX","AGUASCALIENTES",NA,NA,NA
"661","Rabies",2014,661,0,"MEX","AGUASCALIENTES",NA,NA,NA
"662","Rabies",2014,662,0,"MEX","AGUASCALIENTES",NA,NA,NA
"663","Rabies",2014,663,0,"MEX","AGUASCALIENTES",NA,NA,NA
"664","Rabies",2014,664,0,"MEX","AGUASCALIENTES",NA,NA,NA
"665","Rabies",2014,665,0,"MEX","AGUASCALIENTES",NA,NA,NA
"666","Rabies",2014,666,0,"MEX","AGUASCALIENTES",NA,NA,NA
"667","Rabies",2014,667,0,"MEX","AGUASCALIENTES",NA,NA,NA
"668","Rabies",2014,668,0,"MEX","AGUASCALIENTES",NA,NA,NA
"669","Rabies",2014,669,0,"MEX","AGUASCALIENTES",NA,NA,NA
"670","Rabies",2014,670,0,"MEX","AGUASCALIENTES",NA,NA,NA
"671","Rabies",2014,671,0,"MEX","AGUASCALIENTES",NA,NA,NA
"672","Rabies",2014,672,0,"MEX","AGUASCALIENTES",NA,NA,NA
"673","Rabies",2014,673,0,"MEX","AGUASCALIENTES",NA,NA,NA
"674","Rabies",2014,674,0,"MEX","AGUASCALIENTES",NA,NA,NA
"675","Rabies",2014,675,0,"MEX","AGUASCALIENTES",NA,NA,NA
"676","Rabies",2014,676,0,"MEX","AGUASCALIENTES",NA,NA,NA
"677","Rabies",2014,677,0,"MEX","AGUASCALIENTES",NA,NA,NA
"678","Rabies",2014,678,0,"MEX","AGUASCALIENTES",NA,NA,NA
"679","Rabies",2014,679,0,"MEX","AGUASCALIENTES",NA,NA,NA
"680","Rabies",2014,680,0,"MEX","AGUASCALIENTES",NA,NA,NA
"681","Rabies",2014,681,0,"MEX","AGUASCALIENTES",NA,NA,NA
"682","Rabies",2014,682,0,"MEX","AGUASCALIENTES",NA,NA,NA
"683","Rabies",2014,683,0,"MEX","AGUASCALIENTES",NA,NA,NA
"684","Rabies",2014,684,0,"MEX","AGUASCALIENTES",NA,NA,NA
"685","Rabies",2014,685,0,"MEX","AGUASCALIENTES",NA,NA,NA
"686","Rabies",2014,686,0,"MEX","AGUASCALIENTES",NA,NA,NA
"687","Rabies",2014,687,0,"MEX","AGUASCALIENTES",NA,NA,NA
"688","Rabies",2014,688,0,"MEX","AGUASCALIENTES",NA,NA,NA
"689","Rabies",2014,689,0,"MEX","AGUASCALIENTES",NA,NA,NA
"690","Rabies",2014,690,0,"MEX","AGUASCALIENTES",NA,NA,NA
"691","Rabies",2014,691,0,"MEX","AGUASCALIENTES",NA,NA,NA
"692","Rabies",2014,692,0,"MEX","AGUASCALIENTES",NA,NA,NA
"693","Rabies",2014,693,0,"MEX","AGUASCALIENTES",NA,NA,NA
"694","Rabies",2014,694,0,"MEX","AGUASCALIENTES",NA,NA,NA
"695","Rabies",2014,695,0,"MEX","AGUASCALIENTES",NA,NA,NA
"696","Rabies",2014,696,0,"MEX","AGUASCALIENTES",NA,NA,NA
"697","Rabies",2014,697,0,"MEX","AGUASCALIENTES",NA,NA,NA
"698","Rabies",2014,698,0,"MEX","AGUASCALIENTES",NA,NA,NA
"699","Rabies",2014,699,0,"MEX","AGUASCALIENTES",NA,NA,NA
"700","Rabies",2014,700,0,"MEX","AGUASCALIENTES",NA,NA,NA
"701","Rabies",2014,701,0,"MEX","AGUASCALIENTES",NA,NA,NA
"702","Rabies",2014,702,0,"MEX","AGUASCALIENTES",NA,NA,NA
"703","Rabies",2014,703,0,"MEX","AGUASCALIENTES",NA,NA,NA
"704","Rabies",2014,704,0,"MEX","AGUASCALIENTES",NA,NA,NA
"705","Rabies",2014,705,0,"MEX","AGUASCALIENTES",NA,NA,NA
"706","Rabies",2014,706,0,"MEX","AGUASCALIENTES",NA,NA,NA
"707","Rabies",2014,707,0,"MEX","AGUASCALIENTES",NA,NA,NA
"708","Rabies",2014,708,0,"MEX","AGUASCALIENTES",NA,NA,NA
"709","Rabies",2014,709,0,"MEX","AGUASCALIENTES",NA,NA,NA
"710","Rabies",2014,710,0,"MEX","AGUASCALIENTES",NA,NA,NA
"711","Rabies",2014,711,0,"MEX","AGUASCALIENTES",NA,NA,NA
"712","Rabies",2014,712,0,"MEX","AGUASCALIENTES",NA,NA,NA
"713","Rabies",2015,713,0,"MEX","AGUASCALIENTES",NA,NA,NA
"714","Rabies",2015,714,0,"MEX","AGUASCALIENTES",NA,NA,NA
"715","Rabies",2015,715,0,"MEX","AGUASCALIENTES",NA,NA,NA
"716","Rabies",2015,716,0,"MEX","AGUASCALIENTES",NA,NA,NA
"717","Rabies",2015,717,0,"MEX","AGUASCALIENTES",NA,NA,NA
"718","Rabies",2015,718,0,"MEX","AGUASCALIENTES",NA,NA,NA
"719","Rabies",2015,719,0,"MEX","AGUASCALIENTES",NA,NA,NA
"720","Rabies",2015,720,0,"MEX","AGUASCALIENTES",NA,NA,NA
"721","Rabies",2015,721,0,"MEX","AGUASCALIENTES",NA,NA,NA
"722","Rabies",2015,722,0,"MEX","AGUASCALIENTES",NA,NA,NA
"723","Rabies",2015,723,0,"MEX","AGUASCALIENTES",NA,NA,NA
"724","Rabies",2015,724,0,"MEX","AGUASCALIENTES",NA,NA,NA
"725","Rabies",2015,725,0,"MEX","AGUASCALIENTES",NA,NA,NA
"726","Rabies",2015,726,0,"MEX","AGUASCALIENTES",NA,NA,NA
"727","Rabies",2015,727,0,"MEX","AGUASCALIENTES",NA,NA,NA
"728","Rabies",2015,728,0,"MEX","AGUASCALIENTES",NA,NA,NA
"729","Rabies",2015,729,0,"MEX","AGUASCALIENTES",NA,NA,NA
"730","Rabies",2015,730,0,"MEX","AGUASCALIENTES",NA,NA,NA
"731","Rabies",2015,731,0,"MEX","AGUASCALIENTES",NA,NA,NA
"732","Rabies",2015,732,0,"MEX","AGUASCALIENTES",NA,NA,NA
"733","Rabies",2015,733,0,"MEX","AGUASCALIENTES",NA,NA,NA
"734","Rabies",2015,734,0,"MEX","AGUASCALIENTES",NA,NA,NA
"735","Rabies",2015,735,0,"MEX","AGUASCALIENTES",NA,NA,NA
"736","Rabies",2015,736,0,"MEX","AGUASCALIENTES",NA,NA,NA
"737","Rabies",2015,737,0,"MEX","AGUASCALIENTES",NA,NA,NA
"738","Rabies",2015,738,0,"MEX","AGUASCALIENTES",NA,NA,NA
"739","Rabies",2015,739,0,"MEX","AGUASCALIENTES",NA,NA,NA
"740","Rabies",2015,740,0,"MEX","AGUASCALIENTES",NA,NA,NA
"741","Rabies",2015,741,0,"MEX","AGUASCALIENTES",NA,NA,NA
"742","Rabies",2015,742,0,"MEX","AGUASCALIENTES",NA,NA,NA
"743","Rabies",2015,743,0,"MEX","AGUASCALIENTES",NA,NA,NA
"744","Rabies",2015,744,0,"MEX","AGUASCALIENTES",NA,NA,NA
"745","Rabies",2015,745,0,"MEX","AGUASCALIENTES",NA,NA,NA
"746","Rabies",2015,746,0,"MEX","AGUASCALIENTES",NA,NA,NA
"747","Rabies",2015,747,0,"MEX","AGUASCALIENTES",NA,NA,NA
"748","Rabies",2015,748,0,"MEX","AGUASCALIENTES",NA,NA,NA
"749","Rabies",2015,749,0,"MEX","AGUASCALIENTES",NA,NA,NA
"750","Rabies",2015,750,0,"MEX","AGUASCALIENTES",NA,NA,NA
"751","Rabies",2015,751,0,"MEX","AGUASCALIENTES",NA,NA,NA
"752","Rabies",2015,752,0,"MEX","AGUASCALIENTES",NA,NA,NA
"753","Rabies",2015,753,0,"MEX","AGUASCALIENTES",NA,NA,NA
"754","Rabies",2015,754,0,"MEX","AGUASCALIENTES",NA,NA,NA
"755","Rabies",2015,755,0,"MEX","AGUASCALIENTES",NA,NA,NA
"756","Rabies",2015,756,0,"MEX","AGUASCALIENTES",NA,NA,NA
"757","Rabies",2015,757,0,"MEX","AGUASCALIENTES",NA,NA,NA
"758","Rabies",2015,758,0,"MEX","AGUASCALIENTES",NA,NA,NA
"759","Rabies",2015,759,0,"MEX","AGUASCALIENTES",NA,NA,NA
"760","Rabies",2015,760,0,"MEX","AGUASCALIENTES",NA,NA,NA
"761","Rabies",2015,761,0,"MEX","AGUASCALIENTES",NA,NA,NA
"762","Rabies",2015,762,0,"MEX","AGUASCALIENTES",NA,NA,NA
"763","Rabies",2015,763,0,"MEX","AGUASCALIENTES",NA,NA,NA
"764","Rabies",2015,764,0,"MEX","AGUASCALIENTES",NA,NA,NA
"765","Rabies",2016,765,0,"MEX","AGUASCALIENTES",NA,NA,NA
"766","Rabies",2016,766,0,"MEX","AGUASCALIENTES",NA,NA,NA
"767","Rabies",2016,767,0,"MEX","AGUASCALIENTES",NA,NA,NA
"768","Rabies",2016,768,0,"MEX","AGUASCALIENTES",NA,NA,NA
"769","Rabies",2016,769,0,"MEX","AGUASCALIENTES",NA,NA,NA
"770","Rabies",2016,770,0,"MEX","AGUASCALIENTES",NA,NA,NA
"771","Rabies",2016,771,0,"MEX","AGUASCALIENTES",NA,NA,NA
"772","Rabies",2016,772,0,"MEX","AGUASCALIENTES",NA,NA,NA
"773","Rabies",2016,773,0,"MEX","AGUASCALIENTES",NA,NA,NA
"774","Rabies",2016,774,0,"MEX","AGUASCALIENTES",NA,NA,NA
"775","Rabies",2016,775,0,"MEX","AGUASCALIENTES",NA,NA,NA
"776","Rabies",2016,776,0,"MEX","AGUASCALIENTES",NA,NA,NA
"777","Rabies",2016,777,0,"MEX","AGUASCALIENTES",NA,NA,NA
"778","Rabies",2016,778,0,"MEX","AGUASCALIENTES",NA,NA,NA
"779","Rabies",2016,779,0,"MEX","AGUASCALIENTES",NA,NA,NA
"780","Rabies",2016,780,0,"MEX","AGUASCALIENTES",NA,NA,NA
"781","Rabies",2016,781,0,"MEX","AGUASCALIENTES",NA,NA,NA
"782","Rabies",2016,782,0,"MEX","AGUASCALIENTES",NA,NA,NA
"783","Rabies",2016,783,0,"MEX","AGUASCALIENTES",NA,NA,NA
"784","Rabies",2016,784,0,"MEX","AGUASCALIENTES",NA,NA,NA
"785","Rabies",2016,785,0,"MEX","AGUASCALIENTES",NA,NA,NA
"786","Rabies",2016,786,0,"MEX","AGUASCALIENTES",NA,NA,NA
"787","Rabies",2016,787,0,"MEX","AGUASCALIENTES",NA,NA,NA
"788","Rabies",2016,788,0,"MEX","AGUASCALIENTES",NA,NA,NA
"789","Rabies",2016,789,0,"MEX","AGUASCALIENTES",NA,NA,NA
"790","Rabies",2016,790,0,"MEX","AGUASCALIENTES",NA,NA,NA
"791","Rabies",2016,791,0,"MEX","AGUASCALIENTES",NA,NA,NA
"792","Rabies",2016,792,0,"MEX","AGUASCALIENTES",NA,NA,NA
"793","Rabies",2016,793,0,"MEX","AGUASCALIENTES",NA,NA,NA
"794","Rabies",2016,794,0,"MEX","AGUASCALIENTES",NA,NA,NA
"795","Rabies",2016,795,0,"MEX","AGUASCALIENTES",NA,NA,NA
"796","Rabies",2016,796,0,"MEX","AGUASCALIENTES",NA,NA,NA
"797","Rabies",2016,797,0,"MEX","AGUASCALIENTES",NA,NA,NA
"798","Rabies",2016,798,0,"MEX","AGUASCALIENTES",NA,NA,NA
"799","Rabies",2016,799,0,"MEX","AGUASCALIENTES",NA,NA,NA
"800","Rabies",2016,800,0,"MEX","AGUASCALIENTES",NA,NA,NA
"801","Rabies",2016,801,0,"MEX","AGUASCALIENTES",NA,NA,NA
"802","Rabies",2016,802,0,"MEX","AGUASCALIENTES",NA,NA,NA
"803","Rabies",2016,803,0,"MEX","AGUASCALIENTES",NA,NA,NA
"804","Rabies",2016,804,0,"MEX","AGUASCALIENTES",NA,NA,NA
"805","Rabies",2016,805,0,"MEX","AGUASCALIENTES",NA,NA,NA
"806","Rabies",2016,806,0,"MEX","AGUASCALIENTES",NA,NA,NA
"807","Rabies",2016,807,0,"MEX","AGUASCALIENTES",NA,NA,NA
"808","Rabies",2016,808,0,"MEX","AGUASCALIENTES",NA,NA,NA
"809","Rabies",2016,809,0,"MEX","AGUASCALIENTES",NA,NA,NA
"810","Rabies",2016,810,0,"MEX","AGUASCALIENTES",NA,NA,NA
"811","Rabies",2016,811,0,"MEX","AGUASCALIENTES",NA,NA,NA
"812","Rabies",2016,812,0,"MEX","AGUASCALIENTES",NA,NA,NA
"813","Rabies",2016,813,0,"MEX","AGUASCALIENTES",NA,NA,NA
"814","Rabies",2016,814,0,"MEX","AGUASCALIENTES",NA,NA,NA
"815","Rabies",2016,815,0,"MEX","AGUASCALIENTES",NA,NA,NA
"816","Rabies",2016,816,0,"MEX","AGUASCALIENTES",NA,NA,NA
"817","Rabies",2017,817,0,"MEX","AGUASCALIENTES",NA,NA,NA
"818","Rabies",2017,818,0,"MEX","AGUASCALIENTES",NA,NA,NA
"819","Rabies",2017,819,0,"MEX","AGUASCALIENTES",NA,NA,NA
"820","Rabies",2017,820,0,"MEX","AGUASCALIENTES",NA,NA,NA
"821","Rabies",2017,821,0,"MEX","AGUASCALIENTES",NA,NA,NA
"822","Rabies",2017,822,0,"MEX","AGUASCALIENTES",NA,NA,NA
"823","Rabies",2017,823,0,"MEX","AGUASCALIENTES",NA,NA,NA
"824","Rabies",2017,824,0,"MEX","AGUASCALIENTES",NA,NA,NA
"825","Rabies",2017,825,0,"MEX","AGUASCALIENTES",NA,NA,NA
"826","Rabies",2017,826,0,"MEX","AGUASCALIENTES",NA,NA,NA
"827","Rabies",2017,827,0,"MEX","AGUASCALIENTES",NA,NA,NA
"828","Rabies",2017,828,0,"MEX","AGUASCALIENTES",NA,NA,NA
"829","Rabies",2017,829,0,"MEX","AGUASCALIENTES",NA,NA,NA
"830","Rabies",2017,830,0,"MEX","AGUASCALIENTES",NA,NA,NA
"831","Rabies",2017,831,0,"MEX","AGUASCALIENTES",NA,NA,NA
"832","Rabies",2017,832,0,"MEX","AGUASCALIENTES",NA,NA,NA
"833","Rabies",2017,833,0,"MEX","AGUASCALIENTES",NA,NA,NA
"834","Rabies",2017,834,0,"MEX","AGUASCALIENTES",NA,NA,NA
"835","Rabies",2017,835,0,"MEX","AGUASCALIENTES",NA,NA,NA
"836","Rabies",2017,836,0,"MEX","AGUASCALIENTES",NA,NA,NA
"837","Rabies",2017,837,0,"MEX","AGUASCALIENTES",NA,NA,NA
"838","Rabies",2017,838,0,"MEX","AGUASCALIENTES",NA,NA,NA
"839","Rabies",2017,839,0,"MEX","AGUASCALIENTES",NA,NA,NA
"840","Rabies",2017,840,0,"MEX","AGUASCALIENTES",NA,NA,NA
"841","Rabies",2017,841,0,"MEX","AGUASCALIENTES",NA,NA,NA
"842","Rabies",2017,842,0,"MEX","AGUASCALIENTES",NA,NA,NA
"843","Rabies",2017,843,0,"MEX","AGUASCALIENTES",NA,NA,NA
"844","Rabies",2017,844,0,"MEX","AGUASCALIENTES",NA,NA,NA
"845","Rabies",2017,845,0,"MEX","AGUASCALIENTES",NA,NA,NA
"846","Rabies",2017,846,0,"MEX","AGUASCALIENTES",NA,NA,NA
"847","Rabies",2017,847,0,"MEX","AGUASCALIENTES",NA,NA,NA
"848","Rabies",2017,848,0,"MEX","AGUASCALIENTES",NA,NA,NA
"849","Rabies",2017,849,0,"MEX","AGUASCALIENTES",NA,NA,NA
"850","Rabies",2017,850,0,"MEX","AGUASCALIENTES",NA,NA,NA
"851","Rabies",2017,851,0,"MEX","AGUASCALIENTES",NA,NA,NA
"852","Rabies",2017,852,0,"MEX","AGUASCALIENTES",NA,NA,NA
"853","Rabies",2017,853,0,"MEX","AGUASCALIENTES",NA,NA,NA
"854","Rabies",2017,854,0,"MEX","AGUASCALIENTES",NA,NA,NA
"855","Rabies",2017,855,0,"MEX","AGUASCALIENTES",NA,NA,NA
"856","Rabies",2017,856,0,"MEX","AGUASCALIENTES",NA,NA,NA
"857","Rabies",2017,857,0,"MEX","AGUASCALIENTES",NA,NA,NA
"858","Rabies",2017,858,0,"MEX","AGUASCALIENTES",NA,NA,NA
"859","Rabies",2017,859,0,"MEX","AGUASCALIENTES",NA,NA,NA
"860","Rabies",2017,860,0,"MEX","AGUASCALIENTES",NA,NA,NA
"861","Rabies",2017,861,0,"MEX","AGUASCALIENTES",NA,NA,NA
"862","Rabies",2017,862,0,"MEX","AGUASCALIENTES",NA,NA,NA
"863","Rabies",2017,863,0,"MEX","AGUASCALIENTES",NA,NA,NA
"864","Rabies",2017,864,0,"MEX","AGUASCALIENTES",NA,NA,NA
"865","Rabies",2017,865,0,"MEX","AGUASCALIENTES",NA,NA,NA
"866","Rabies",2017,866,0,"MEX","AGUASCALIENTES",NA,NA,NA
"867","Rabies",2017,867,0,"MEX","AGUASCALIENTES",NA,NA,NA
"868","Rabies",2017,868,0,"MEX","AGUASCALIENTES",NA,NA,NA
"869","Rabies",2018,869,0,"MEX","AGUASCALIENTES",NA,NA,NA
"870","Rabies",2018,870,0,"MEX","AGUASCALIENTES",NA,NA,NA
"871","Rabies",2018,871,0,"MEX","AGUASCALIENTES",NA,NA,NA
"872","Rabies",2018,872,0,"MEX","AGUASCALIENTES",NA,NA,NA
"873","Rabies",2018,873,0,"MEX","AGUASCALIENTES",NA,NA,NA
"874","Rabies",2018,874,0,"MEX","AGUASCALIENTES",NA,NA,NA
"875","Rabies",2018,875,0,"MEX","AGUASCALIENTES",NA,NA,NA
"876","Rabies",2018,876,0,"MEX","AGUASCALIENTES",NA,NA,NA
"877","Rabies",2018,877,0,"MEX","AGUASCALIENTES",NA,NA,NA
"878","Rabies",2018,878,0,"MEX","AGUASCALIENTES",NA,NA,NA
"879","Rabies",2018,879,0,"MEX","AGUASCALIENTES",NA,NA,NA
"880","Rabies",2018,880,0,"MEX","AGUASCALIENTES",NA,NA,NA
"881","Rabies",2018,881,0,"MEX","AGUASCALIENTES",NA,NA,NA
"882","Rabies",2018,882,0,"MEX","AGUASCALIENTES",NA,NA,NA
"883","Rabies",2018,883,0,"MEX","AGUASCALIENTES",NA,NA,NA
"884","Rabies",2018,884,0,"MEX","AGUASCALIENTES",NA,NA,NA
"885","Rabies",2018,885,0,"MEX","AGUASCALIENTES",NA,NA,NA
"886","Rabies",2018,886,0,"MEX","AGUASCALIENTES",NA,NA,NA
"887","Rabies",2018,887,0,"MEX","AGUASCALIENTES",NA,NA,NA
"888","Rabies",2018,888,0,"MEX","AGUASCALIENTES",NA,NA,NA
"889","Rabies",2018,889,0,"MEX","AGUASCALIENTES",NA,NA,NA
"890","Rabies",2018,890,0,"MEX","AGUASCALIENTES",NA,NA,NA
"891","Rabies",2018,891,0,"MEX","AGUASCALIENTES",NA,NA,NA
"892","Rabies",2018,892,0,"MEX","AGUASCALIENTES",NA,NA,NA
"893","Rabies",2018,893,0,"MEX","AGUASCALIENTES",NA,NA,NA
"894","Rabies",2018,894,0,"MEX","AGUASCALIENTES",NA,NA,NA
"895","Rabies",2018,895,0,"MEX","AGUASCALIENTES",NA,NA,NA
"896","Rabies",2018,896,0,"MEX","AGUASCALIENTES",NA,NA,NA
"897","Rabies",2018,897,0,"MEX","AGUASCALIENTES",NA,NA,NA
"898","Rabies",2018,898,0,"MEX","AGUASCALIENTES",NA,NA,NA
"899","Rabies",2018,899,0,"MEX","AGUASCALIENTES",NA,NA,NA
"900","Rabies",2018,900,0,"MEX","AGUASCALIENTES",NA,NA,NA
"901","Rabies",2018,901,0,"MEX","AGUASCALIENTES",NA,NA,NA
"902","Rabies",2018,902,0,"MEX","AGUASCALIENTES",NA,NA,NA
"903","Rabies",2018,903,0,"MEX","AGUASCALIENTES",NA,NA,NA
"904","Rabies",2018,904,0,"MEX","AGUASCALIENTES",NA,NA,NA
"905","Rabies",2018,905,0,"MEX","AGUASCALIENTES",NA,NA,NA
"906","Rabies",2018,906,0,"MEX","AGUASCALIENTES",NA,NA,NA
"907","Rabies",2018,907,0,"MEX","AGUASCALIENTES",NA,NA,NA
"908","Rabies",2018,908,0,"MEX","AGUASCALIENTES",NA,NA,NA
"909","Rabies",2018,909,0,"MEX","AGUASCALIENTES",NA,NA,NA
"910","Rabies",2018,910,0,"MEX","AGUASCALIENTES",NA,NA,NA
"911","Rabies",2018,911,0,"MEX","AGUASCALIENTES",NA,NA,NA
"912","Rabies",2018,912,0,"MEX","AGUASCALIENTES",NA,NA,NA
"913","Rabies",2018,913,0,"MEX","AGUASCALIENTES",NA,NA,NA
"914","Rabies",2018,914,0,"MEX","AGUASCALIENTES",NA,NA,NA
"915","Rabies",2018,915,0,"MEX","AGUASCALIENTES",NA,NA,NA
"916","Rabies",2018,916,0,"MEX","AGUASCALIENTES",NA,NA,NA
"917","Rabies",2018,917,0,"MEX","AGUASCALIENTES",NA,NA,NA
"918","Rabies",2018,918,0,"MEX","AGUASCALIENTES",NA,NA,NA
"919","Rabies",2018,919,0,"MEX","AGUASCALIENTES",NA,NA,NA
"920","Rabies",2018,920,0,"MEX","AGUASCALIENTES",NA,NA,NA
"921","Rabies",2019,921,0,"MEX","AGUASCALIENTES",NA,NA,NA
"922","Rabies",2019,922,0,"MEX","AGUASCALIENTES",NA,NA,NA
"923","Rabies",2019,923,0,"MEX","AGUASCALIENTES",NA,NA,NA
"924","Rabies",2019,924,0,"MEX","AGUASCALIENTES",NA,NA,NA
"925","Rabies",2019,925,0,"MEX","AGUASCALIENTES",NA,NA,NA
"926","Rabies",2019,926,0,"MEX","AGUASCALIENTES",NA,NA,NA
"927","Rabies",2019,927,0,"MEX","AGUASCALIENTES",NA,NA,NA
"928","Rabies",2019,928,0,"MEX","AGUASCALIENTES",NA,NA,NA
"929","Rabies",2019,929,0,"MEX","AGUASCALIENTES",NA,NA,NA
"930","Rabies",2019,930,0,"MEX","AGUASCALIENTES",NA,NA,NA
"931","Rabies",2019,931,0,"MEX","AGUASCALIENTES",NA,NA,NA
"932","Rabies",2019,932,0,"MEX","AGUASCALIENTES",NA,NA,NA
"933","Rabies",2019,933,0,"MEX","AGUASCALIENTES",NA,NA,NA
"934","Rabies",2019,934,0,"MEX","AGUASCALIENTES",NA,NA,NA
"935","Rabies",2019,935,0,"MEX","AGUASCALIENTES",NA,NA,NA
"936","Rabies",2019,936,0,"MEX","AGUASCALIENTES",NA,NA,NA
"937","Rabies",2019,937,0,"MEX","AGUASCALIENTES",NA,NA,NA
"938","Rabies",2019,938,0,"MEX","AGUASCALIENTES",NA,NA,NA
"939","Rabies",2019,939,0,"MEX","AGUASCALIENTES",NA,NA,NA
"940","Rabies",2019,940,0,"MEX","AGUASCALIENTES",NA,NA,NA
"941","Rabies",2019,941,0,"MEX","AGUASCALIENTES",NA,NA,NA
"942","Rabies",2019,942,0,"MEX","AGUASCALIENTES",NA,NA,NA
"943","Rabies",2019,943,0,"MEX","AGUASCALIENTES",NA,NA,NA
"944","Rabies",2019,944,0,"MEX","AGUASCALIENTES",NA,NA,NA
"945","Rabies",2019,945,0,"MEX","AGUASCALIENTES",NA,NA,NA
"946","Rabies",2019,946,0,"MEX","AGUASCALIENTES",NA,NA,NA
"947","Rabies",2019,947,0,"MEX","AGUASCALIENTES",NA,NA,NA
"948","Rabies",2019,948,0,"MEX","AGUASCALIENTES",NA,NA,NA
"949","Rabies",2019,949,0,"MEX","AGUASCALIENTES",NA,NA,NA
"950","Rabies",2019,950,0,"MEX","AGUASCALIENTES",NA,NA,NA
"951","Rabies",2019,951,0,"MEX","AGUASCALIENTES",NA,NA,NA
"952","Rabies",2019,952,0,"MEX","AGUASCALIENTES",NA,NA,NA
"953","Rabies",2019,953,0,"MEX","AGUASCALIENTES",NA,NA,NA
"954","Rabies",2019,954,0,"MEX","AGUASCALIENTES",NA,NA,NA
"955","Rabies",2019,955,0,"MEX","AGUASCALIENTES",NA,NA,NA
"956","Rabies",2019,956,0,"MEX","AGUASCALIENTES",NA,NA,NA
"957","Rabies",2019,957,0,"MEX","AGUASCALIENTES",NA,NA,NA
"958","Rabies",2019,958,0,"MEX","AGUASCALIENTES",NA,NA,NA
"959","Rabies",2019,959,0,"MEX","AGUASCALIENTES",NA,NA,NA
"960","Rabies",2019,960,0,"MEX","AGUASCALIENTES",NA,NA,NA
"961","Rabies",2019,961,0,"MEX","AGUASCALIENTES",NA,NA,NA
"962","Rabies",2019,962,0,"MEX","AGUASCALIENTES",NA,NA,NA
"963","Rabies",2019,963,0,"MEX","AGUASCALIENTES",NA,NA,NA
"964","Rabies",2019,964,0,"MEX","AGUASCALIENTES",NA,NA,NA
"965","Rabies",2019,965,0,"MEX","AGUASCALIENTES",NA,NA,NA
"966","Rabies",2019,966,0,"MEX","AGUASCALIENTES",NA,NA,NA
"967","Rabies",2019,967,0,"MEX","AGUASCALIENTES",NA,NA,NA
"968","Rabies",2019,968,0,"MEX","AGUASCALIENTES",NA,NA,NA
"969","Rabies",2019,969,0,"MEX","AGUASCALIENTES",NA,NA,NA
"970","Rabies",2019,970,0,"MEX","AGUASCALIENTES",NA,NA,NA
"971","Rabies",2019,971,0,"MEX","AGUASCALIENTES",NA,NA,NA
"972","Rabies",2019,972,0,"MEX","AGUASCALIENTES",NA,NA,NA
"973","Rabies",2020,973,0,"MEX","AGUASCALIENTES",NA,NA,NA
"974","Rabies",2020,974,0,"MEX","AGUASCALIENTES",NA,NA,NA
"975","Rabies",2020,975,0,"MEX","AGUASCALIENTES",NA,NA,NA
"976","Rabies",2020,976,0,"MEX","AGUASCALIENTES",NA,NA,NA
"977","Rabies",2020,977,0,"MEX","AGUASCALIENTES",NA,NA,NA
"978","Rabies",2020,978,0,"MEX","AGUASCALIENTES",NA,NA,NA
"979","Rabies",2020,979,0,"MEX","AGUASCALIENTES",NA,NA,NA
"980","Rabies",2020,980,0,"MEX","AGUASCALIENTES",NA,NA,NA
"981","Rabies",2020,981,0,"MEX","AGUASCALIENTES",NA,NA,NA
"982","Rabies",2020,982,0,"MEX","AGUASCALIENTES",NA,NA,NA
"983","Rabies",2020,983,0,"MEX","AGUASCALIENTES",NA,NA,NA
