"","Disease","EpiYear","EpiWeek","Incidence","ADM0","ADM1","ADM2","NA","NA"
"1","Pertussis",1995,1,0,"MEX","AGUASCALIENTES",NA,NA,NA
"2","Pertussis",1995,2,0,"MEX","AGUASCALIENTES",NA,NA,NA
"3","Pertussis",1995,3,0,"MEX","AGUASCALIENTES",NA,NA,NA
"4","Pertussis",1995,4,0,"MEX","AGUASCALIENTES",NA,NA,NA
"5","Pertussis",1995,5,0,"MEX","AGUASCALIENTES",NA,NA,NA
"6","Pertussis",1995,6,0,"MEX","AGUASCALIENTES",NA,NA,NA
"7","Pertussis",1995,7,0.09375,"MEX","AGUASCALIENTES",NA,NA,NA
"8","Pertussis",1995,8,0.0625,"MEX","AGUASCALIENTES",NA,NA,NA
"9","Pertussis",1995,9,0,"MEX","AGUASCALIENTES",NA,NA,NA
"10","Pertussis",1995,10,0,"MEX","AGUASCALIENTES",NA,NA,NA
"11","Pertussis",1995,11,0,"MEX","AGUASCALIENTES",NA,NA,NA
"12","Pertussis",1995,12,0,"MEX","AGUASCALIENTES",NA,NA,NA
"13","Pertussis",1995,13,0,"MEX","AGUASCALIENTES",NA,NA,NA
"14","Pertussis",1995,14,0.03125,"MEX","AGUASCALIENTES",NA,NA,NA
"15","Pertussis",1995,15,0,"MEX","AGUASCALIENTES",NA,NA,NA
"16","Pertussis",1995,16,0,"MEX","AGUASCALIENTES",NA,NA,NA
"17","Pertussis",1995,17,0,"MEX","AGUASCALIENTES",NA,NA,NA
"18","Pertussis",1995,18,0,"MEX","AGUASCALIENTES",NA,NA,NA
"19","Pertussis",1995,19,0.03125,"MEX","AGUASCALIENTES",NA,NA,NA
"20","Pertussis",1995,20,0,"MEX","AGUASCALIENTES",NA,NA,NA
"21","Pertussis",1995,21,0,"MEX","AGUASCALIENTES",NA,NA,NA
"22","Pertussis",1995,22,0,"MEX","AGUASCALIENTES",NA,NA,NA
"23","Pertussis",1995,23,0,"MEX","AGUASCALIENTES",NA,NA,NA
"24","Pertussis",1995,24,0,"MEX","AGUASCALIENTES",NA,NA,NA
"25","Pertussis",1995,25,0,"MEX","AGUASCALIENTES",NA,NA,NA
"26","Pertussis",1995,26,0,"MEX","AGUASCALIENTES",NA,NA,NA
"27","Pertussis",1995,27,0,"MEX","AGUASCALIENTES",NA,NA,NA
"28","Pertussis",1996,28,0,"MEX","AGUASCALIENTES",NA,NA,NA
"29","Pertussis",1996,29,0,"MEX","AGUASCALIENTES",NA,NA,NA
"30","Pertussis",1996,30,0,"MEX","AGUASCALIENTES",NA,NA,NA
"31","Pertussis",1996,31,0,"MEX","AGUASCALIENTES",NA,NA,NA
"32","Pertussis",1996,32,0,"MEX","AGUASCALIENTES",NA,NA,NA
"33","Pertussis",1996,33,0,"MEX","AGUASCALIENTES",NA,NA,NA
"34","Pertussis",1996,34,0,"MEX","AGUASCALIENTES",NA,NA,NA
"35","Pertussis",1996,35,0,"MEX","AGUASCALIENTES",NA,NA,NA
"36","Pertussis",1996,36,0,"MEX","AGUASCALIENTES",NA,NA,NA
"37","Pertussis",1996,37,0,"MEX","AGUASCALIENTES",NA,NA,NA
"38","Pertussis",1996,38,0,"MEX","AGUASCALIENTES",NA,NA,NA
"39","Pertussis",1996,39,0,"MEX","AGUASCALIENTES",NA,NA,NA
"40","Pertussis",1996,40,0,"MEX","AGUASCALIENTES",NA,NA,NA
"41","Pertussis",1996,41,0,"MEX","AGUASCALIENTES",NA,NA,NA
"42","Pertussis",1996,42,0,"MEX","AGUASCALIENTES",NA,NA,NA
"43","Pertussis",1996,43,0,"MEX","AGUASCALIENTES",NA,NA,NA
"44","Pertussis",1996,44,0,"MEX","AGUASCALIENTES",NA,NA,NA
"45","Pertussis",1996,45,0,"MEX","AGUASCALIENTES",NA,NA,NA
"46","Pertussis",1996,46,0,"MEX","AGUASCALIENTES",NA,NA,NA
"47","Pertussis",1996,47,0,"MEX","AGUASCALIENTES",NA,NA,NA
"48","Pertussis",1996,48,0,"MEX","AGUASCALIENTES",NA,NA,NA
"49","Pertussis",1996,49,0,"MEX","AGUASCALIENTES",NA,NA,NA
"50","Pertussis",1996,50,0,"MEX","AGUASCALIENTES",NA,NA,NA
"51","Pertussis",1996,51,0,"MEX","AGUASCALIENTES",NA,NA,NA
"52","Pertussis",1996,52,0,"MEX","AGUASCALIENTES",NA,NA,NA
"53","Pertussis",1996,53,0,"MEX","AGUASCALIENTES",NA,NA,NA
"54","Pertussis",1996,54,0,"MEX","AGUASCALIENTES",NA,NA,NA
"55","Pertussis",1996,55,0,"MEX","AGUASCALIENTES",NA,NA,NA
"56","Pertussis",1996,56,0,"MEX","AGUASCALIENTES",NA,NA,NA
"57","Pertussis",1996,57,0.03125,"MEX","AGUASCALIENTES",NA,NA,NA
"58","Pertussis",1996,58,0,"MEX","AGUASCALIENTES",NA,NA,NA
"59","Pertussis",1996,59,0,"MEX","AGUASCALIENTES",NA,NA,NA
"60","Pertussis",1996,60,0,"MEX","AGUASCALIENTES",NA,NA,NA
"61","Pertussis",1996,61,0,"MEX","AGUASCALIENTES",NA,NA,NA
"62","Pertussis",1996,62,0,"MEX","AGUASCALIENTES",NA,NA,NA
"63","Pertussis",1996,63,0,"MEX","AGUASCALIENTES",NA,NA,NA
"64","Pertussis",1996,64,0,"MEX","AGUASCALIENTES",NA,NA,NA
"65","Pertussis",1996,65,0,"MEX","AGUASCALIENTES",NA,NA,NA
"66","Pertussis",1996,66,0,"MEX","AGUASCALIENTES",NA,NA,NA
"67","Pertussis",1996,67,0.09375,"MEX","AGUASCALIENTES",NA,NA,NA
"68","Pertussis",1996,68,0,"MEX","AGUASCALIENTES",NA,NA,NA
"69","Pertussis",1996,69,0.03125,"MEX","AGUASCALIENTES",NA,NA,NA
"70","Pertussis",1996,70,0.03125,"MEX","AGUASCALIENTES",NA,NA,NA
"71","Pertussis",1996,71,0,"MEX","AGUASCALIENTES",NA,NA,NA
"72","Pertussis",1996,72,0.03125,"MEX","AGUASCALIENTES",NA,NA,NA
"73","Pertussis",1996,73,0.03125,"MEX","AGUASCALIENTES",NA,NA,NA
"74","Pertussis",1996,74,0.0625,"MEX","AGUASCALIENTES",NA,NA,NA
"75","Pertussis",1996,75,0,"MEX","AGUASCALIENTES",NA,NA,NA
"76","Pertussis",1996,76,0.15625,"MEX","AGUASCALIENTES",NA,NA,NA
"77","Pertussis",1996,77,0.0625,"MEX","AGUASCALIENTES",NA,NA,NA
"78","Pertussis",1996,78,0,"MEX","AGUASCALIENTES",NA,NA,NA
"79","Pertussis",1996,79,0,"MEX","AGUASCALIENTES",NA,NA,NA
"80","Pertussis",1997,80,0,"MEX","AGUASCALIENTES",NA,NA,NA
"81","Pertussis",1997,81,0,"MEX","AGUASCALIENTES",NA,NA,NA
"82","Pertussis",1997,82,0,"MEX","AGUASCALIENTES",NA,NA,NA
"83","Pertussis",1997,83,0,"MEX","AGUASCALIENTES",NA,NA,NA
"84","Pertussis",1997,84,0,"MEX","AGUASCALIENTES",NA,NA,NA
"85","Pertussis",1997,85,0,"MEX","AGUASCALIENTES",NA,NA,NA
"86","Pertussis",1997,86,0,"MEX","AGUASCALIENTES",NA,NA,NA
"87","Pertussis",1997,87,0,"MEX","AGUASCALIENTES",NA,NA,NA
"88","Pertussis",1997,88,0,"MEX","AGUASCALIENTES",NA,NA,NA
"89","Pertussis",1997,89,0,"MEX","AGUASCALIENTES",NA,NA,NA
"90","Pertussis",1997,90,0,"MEX","AGUASCALIENTES",NA,NA,NA
"91","Pertussis",1997,91,0,"MEX","AGUASCALIENTES",NA,NA,NA
"92","Pertussis",1997,92,0,"MEX","AGUASCALIENTES",NA,NA,NA
"93","Pertussis",1997,93,0,"MEX","AGUASCALIENTES",NA,NA,NA
"94","Pertussis",1997,94,0.03125,"MEX","AGUASCALIENTES",NA,NA,NA
"95","Pertussis",1997,95,0,"MEX","AGUASCALIENTES",NA,NA,NA
"96","Pertussis",1997,96,0.09375,"MEX","AGUASCALIENTES",NA,NA,NA
"97","Pertussis",1997,97,0,"MEX","AGUASCALIENTES",NA,NA,NA
"98","Pertussis",1997,98,0,"MEX","AGUASCALIENTES",NA,NA,NA
"99","Pertussis",1997,99,0,"MEX","AGUASCALIENTES",NA,NA,NA
"100","Pertussis",1997,100,0,"MEX","AGUASCALIENTES",NA,NA,NA
"101","Pertussis",1997,101,0.0625,"MEX","AGUASCALIENTES",NA,NA,NA
"102","Pertussis",1997,102,0,"MEX","AGUASCALIENTES",NA,NA,NA
"103","Pertussis",1997,103,0,"MEX","AGUASCALIENTES",NA,NA,NA
"104","Pertussis",1997,104,0.0625,"MEX","AGUASCALIENTES",NA,NA,NA
"105","Pertussis",1997,105,0,"MEX","AGUASCALIENTES",NA,NA,NA
"106","Pertussis",1997,106,0.0625,"MEX","AGUASCALIENTES",NA,NA,NA
"107","Pertussis",1997,107,0,"MEX","AGUASCALIENTES",NA,NA,NA
"108","Pertussis",1997,108,0.09375,"MEX","AGUASCALIENTES",NA,NA,NA
"109","Pertussis",1997,109,0.28125,"MEX","AGUASCALIENTES",NA,NA,NA
"110","Pertussis",1997,110,0.0625,"MEX","AGUASCALIENTES",NA,NA,NA
"111","Pertussis",1997,111,0,"MEX","AGUASCALIENTES",NA,NA,NA
"112","Pertussis",1997,112,0,"MEX","AGUASCALIENTES",NA,NA,NA
"113","Pertussis",1997,113,0,"MEX","AGUASCALIENTES",NA,NA,NA
"114","Pertussis",1997,114,0,"MEX","AGUASCALIENTES",NA,NA,NA
"115","Pertussis",1997,115,0.03125,"MEX","AGUASCALIENTES",NA,NA,NA
"116","Pertussis",1997,116,0.09375,"MEX","AGUASCALIENTES",NA,NA,NA
"117","Pertussis",1997,117,0.1875,"MEX","AGUASCALIENTES",NA,NA,NA
"118","Pertussis",1997,118,1.15625,"MEX","AGUASCALIENTES",NA,NA,NA
"119","Pertussis",1997,119,1.40625,"MEX","AGUASCALIENTES",NA,NA,NA
"120","Pertussis",1997,120,0.5625,"MEX","AGUASCALIENTES",NA,NA,NA
"121","Pertussis",1997,121,0.09375,"MEX","AGUASCALIENTES",NA,NA,NA
"122","Pertussis",1997,122,0.4375,"MEX","AGUASCALIENTES",NA,NA,NA
"123","Pertussis",1997,123,0.09375,"MEX","AGUASCALIENTES",NA,NA,NA
"124","Pertussis",1997,124,0.71875,"MEX","AGUASCALIENTES",NA,NA,NA
"125","Pertussis",1997,125,0,"MEX","AGUASCALIENTES",NA,NA,NA
"126","Pertussis",1997,126,0.15625,"MEX","AGUASCALIENTES",NA,NA,NA
"127","Pertussis",1997,127,0.09375,"MEX","AGUASCALIENTES",NA,NA,NA
"128","Pertussis",1997,128,0.15625,"MEX","AGUASCALIENTES",NA,NA,NA
"129","Pertussis",1997,129,0.09375,"MEX","AGUASCALIENTES",NA,NA,NA
"130","Pertussis",1997,130,0,"MEX","AGUASCALIENTES",NA,NA,NA
"131","Pertussis",1997,131,0,"MEX","AGUASCALIENTES",NA,NA,NA
"132","Pertussis",1997,132,0,"MEX","AGUASCALIENTES",NA,NA,NA
"133","Pertussis",1998,133,0,"MEX","AGUASCALIENTES",NA,NA,NA
"134","Pertussis",1998,134,0,"MEX","AGUASCALIENTES",NA,NA,NA
"135","Pertussis",1998,135,0,"MEX","AGUASCALIENTES",NA,NA,NA
"136","Pertussis",1998,136,0,"MEX","AGUASCALIENTES",NA,NA,NA
"137","Pertussis",1998,137,0,"MEX","AGUASCALIENTES",NA,NA,NA
"138","Pertussis",1998,138,0,"MEX","AGUASCALIENTES",NA,NA,NA
"139","Pertussis",1998,139,0,"MEX","AGUASCALIENTES",NA,NA,NA
"140","Pertussis",1998,140,0.03125,"MEX","AGUASCALIENTES",NA,NA,NA
"141","Pertussis",1998,141,0,"MEX","AGUASCALIENTES",NA,NA,NA
"142","Pertussis",1998,142,0.03125,"MEX","AGUASCALIENTES",NA,NA,NA
"143","Pertussis",1998,143,0.03125,"MEX","AGUASCALIENTES",NA,NA,NA
"144","Pertussis",1998,144,0.03125,"MEX","AGUASCALIENTES",NA,NA,NA
"145","Pertussis",1998,145,0.0625,"MEX","AGUASCALIENTES",NA,NA,NA
"146","Pertussis",1998,146,0.03125,"MEX","AGUASCALIENTES",NA,NA,NA
"147","Pertussis",1998,147,0.53125,"MEX","AGUASCALIENTES",NA,NA,NA
"148","Pertussis",1998,148,0.46875,"MEX","AGUASCALIENTES",NA,NA,NA
"149","Pertussis",1998,149,0,"MEX","AGUASCALIENTES",NA,NA,NA
"150","Pertussis",1998,150,0,"MEX","AGUASCALIENTES",NA,NA,NA
"151","Pertussis",1998,151,0.40625,"MEX","AGUASCALIENTES",NA,NA,NA
"152","Pertussis",1998,152,0.28125,"MEX","AGUASCALIENTES",NA,NA,NA
"153","Pertussis",1998,153,0.15625,"MEX","AGUASCALIENTES",NA,NA,NA
"154","Pertussis",1998,154,0.15625,"MEX","AGUASCALIENTES",NA,NA,NA
"155","Pertussis",1998,155,0,"MEX","AGUASCALIENTES",NA,NA,NA
"156","Pertussis",1998,156,0.1875,"MEX","AGUASCALIENTES",NA,NA,NA
"157","Pertussis",1998,157,0,"MEX","AGUASCALIENTES",NA,NA,NA
"158","Pertussis",1998,158,0,"MEX","AGUASCALIENTES",NA,NA,NA
"159","Pertussis",1998,159,0.1875,"MEX","AGUASCALIENTES",NA,NA,NA
"160","Pertussis",1998,160,0.09375,"MEX","AGUASCALIENTES",NA,NA,NA
"161","Pertussis",1998,161,0,"MEX","AGUASCALIENTES",NA,NA,NA
"162","Pertussis",1998,162,0.375,"MEX","AGUASCALIENTES",NA,NA,NA
"163","Pertussis",1998,163,0,"MEX","AGUASCALIENTES",NA,NA,NA
"164","Pertussis",1998,164,0.15625,"MEX","AGUASCALIENTES",NA,NA,NA
"165","Pertussis",1998,165,0.1875,"MEX","AGUASCALIENTES",NA,NA,NA
"166","Pertussis",1998,166,0,"MEX","AGUASCALIENTES",NA,NA,NA
"167","Pertussis",1998,167,0.21875,"MEX","AGUASCALIENTES",NA,NA,NA
"168","Pertussis",1998,168,0.09375,"MEX","AGUASCALIENTES",NA,NA,NA
"169","Pertussis",1998,169,0.09375,"MEX","AGUASCALIENTES",NA,NA,NA
"170","Pertussis",1998,170,0.3125,"MEX","AGUASCALIENTES",NA,NA,NA
"171","Pertussis",1998,171,0,"MEX","AGUASCALIENTES",NA,NA,NA
"172","Pertussis",1998,172,0,"MEX","AGUASCALIENTES",NA,NA,NA
"173","Pertussis",1998,173,0,"MEX","AGUASCALIENTES",NA,NA,NA
"174","Pertussis",1998,174,0.0625,"MEX","AGUASCALIENTES",NA,NA,NA
"175","Pertussis",1998,175,0,"MEX","AGUASCALIENTES",NA,NA,NA
"176","Pertussis",1998,176,0,"MEX","AGUASCALIENTES",NA,NA,NA
"177","Pertussis",1998,177,0.46875,"MEX","AGUASCALIENTES",NA,NA,NA
"178","Pertussis",1998,178,0.34375,"MEX","AGUASCALIENTES",NA,NA,NA
"179","Pertussis",1998,179,0,"MEX","AGUASCALIENTES",NA,NA,NA
"180","Pertussis",1998,180,0,"MEX","AGUASCALIENTES",NA,NA,NA
"181","Pertussis",1998,181,0.03125,"MEX","AGUASCALIENTES",NA,NA,NA
"182","Pertussis",1998,182,0.1875,"MEX","AGUASCALIENTES",NA,NA,NA
"183","Pertussis",1998,183,0,"MEX","AGUASCALIENTES",NA,NA,NA
"184","Pertussis",1998,184,0,"MEX","AGUASCALIENTES",NA,NA,NA
"185","Pertussis",1999,185,0,"MEX","AGUASCALIENTES",NA,NA,NA
"186","Pertussis",1999,186,0,"MEX","AGUASCALIENTES",NA,NA,NA
"187","Pertussis",1999,187,0,"MEX","AGUASCALIENTES",NA,NA,NA
"188","Pertussis",1999,188,0,"MEX","AGUASCALIENTES",NA,NA,NA
"189","Pertussis",1999,189,0,"MEX","AGUASCALIENTES",NA,NA,NA
"190","Pertussis",1999,190,0,"MEX","AGUASCALIENTES",NA,NA,NA
"191","Pertussis",1999,191,0,"MEX","AGUASCALIENTES",NA,NA,NA
"192","Pertussis",1999,192,0,"MEX","AGUASCALIENTES",NA,NA,NA
"193","Pertussis",1999,193,0,"MEX","AGUASCALIENTES",NA,NA,NA
"194","Pertussis",1999,194,0,"MEX","AGUASCALIENTES",NA,NA,NA
"195","Pertussis",1999,195,0.03125,"MEX","AGUASCALIENTES",NA,NA,NA
"196","Pertussis",1999,196,0.03125,"MEX","AGUASCALIENTES",NA,NA,NA
"197","Pertussis",1999,197,0,"MEX","AGUASCALIENTES",NA,NA,NA
"198","Pertussis",1999,198,0,"MEX","AGUASCALIENTES",NA,NA,NA
"199","Pertussis",1999,199,0.15625,"MEX","AGUASCALIENTES",NA,NA,NA
"200","Pertussis",1999,200,0.15625,"MEX","AGUASCALIENTES",NA,NA,NA
"201","Pertussis",1999,201,0,"MEX","AGUASCALIENTES",NA,NA,NA
"202","Pertussis",1999,202,0.125,"MEX","AGUASCALIENTES",NA,NA,NA
"203","Pertussis",1999,203,0,"MEX","AGUASCALIENTES",NA,NA,NA
"204","Pertussis",1999,204,0,"MEX","AGUASCALIENTES",NA,NA,NA
"205","Pertussis",1999,205,0.0625,"MEX","AGUASCALIENTES",NA,NA,NA
"206","Pertussis",1999,206,0,"MEX","AGUASCALIENTES",NA,NA,NA
"207","Pertussis",1999,207,0,"MEX","AGUASCALIENTES",NA,NA,NA
"208","Pertussis",1999,208,0.0625,"MEX","AGUASCALIENTES",NA,NA,NA
"209","Pertussis",1999,209,0,"MEX","AGUASCALIENTES",NA,NA,NA
"210","Pertussis",1999,210,0,"MEX","AGUASCALIENTES",NA,NA,NA
"211","Pertussis",1999,211,0,"MEX","AGUASCALIENTES",NA,NA,NA
"212","Pertussis",1999,212,0,"MEX","AGUASCALIENTES",NA,NA,NA
"213","Pertussis",1999,213,0,"MEX","AGUASCALIENTES",NA,NA,NA
"214","Pertussis",1999,214,0,"MEX","AGUASCALIENTES",NA,NA,NA
"215","Pertussis",1999,215,0,"MEX","AGUASCALIENTES",NA,NA,NA
"216","Pertussis",1999,216,0,"MEX","AGUASCALIENTES",NA,NA,NA
"217","Pertussis",1999,217,0,"MEX","AGUASCALIENTES",NA,NA,NA
"218","Pertussis",1999,218,0,"MEX","AGUASCALIENTES",NA,NA,NA
"219","Pertussis",1999,219,0.03125,"MEX","AGUASCALIENTES",NA,NA,NA
"220","Pertussis",1999,220,0.3125,"MEX","AGUASCALIENTES",NA,NA,NA
"221","Pertussis",1999,221,0.03125,"MEX","AGUASCALIENTES",NA,NA,NA
"222","Pertussis",1999,222,0.0625,"MEX","AGUASCALIENTES",NA,NA,NA
"223","Pertussis",1999,223,0.25,"MEX","AGUASCALIENTES",NA,NA,NA
"224","Pertussis",1999,224,0.03125,"MEX","AGUASCALIENTES",NA,NA,NA
"225","Pertussis",1999,225,0,"MEX","AGUASCALIENTES",NA,NA,NA
"226","Pertussis",1999,226,0.09375,"MEX","AGUASCALIENTES",NA,NA,NA
"227","Pertussis",1999,227,0.09375,"MEX","AGUASCALIENTES",NA,NA,NA
"228","Pertussis",1999,228,0,"MEX","AGUASCALIENTES",NA,NA,NA
"229","Pertussis",1999,229,0.03125,"MEX","AGUASCALIENTES",NA,NA,NA
"230","Pertussis",1999,230,0,"MEX","AGUASCALIENTES",NA,NA,NA
"231","Pertussis",1999,231,0,"MEX","AGUASCALIENTES",NA,NA,NA
"232","Pertussis",1999,232,0,"MEX","AGUASCALIENTES",NA,NA,NA
"233","Pertussis",1999,233,0,"MEX","AGUASCALIENTES",NA,NA,NA
"234","Pertussis",1999,234,0,"MEX","AGUASCALIENTES",NA,NA,NA
"235","Pertussis",1999,235,0,"MEX","AGUASCALIENTES",NA,NA,NA
"236","Pertussis",1999,236,0,"MEX","AGUASCALIENTES",NA,NA,NA
"237","Pertussis",2000,237,0,"MEX","AGUASCALIENTES",NA,NA,NA
"238","Pertussis",2000,238,0,"MEX","AGUASCALIENTES",NA,NA,NA
"239","Pertussis",2000,239,0,"MEX","AGUASCALIENTES",NA,NA,NA
"240","Pertussis",2000,240,0,"MEX","AGUASCALIENTES",NA,NA,NA
"241","Pertussis",2000,241,0,"MEX","AGUASCALIENTES",NA,NA,NA
"242","Pertussis",2000,242,0,"MEX","AGUASCALIENTES",NA,NA,NA
"243","Pertussis",2000,243,0.0625,"MEX","AGUASCALIENTES",NA,NA,NA
"244","Pertussis",2000,244,0.0625,"MEX","AGUASCALIENTES",NA,NA,NA
"245","Pertussis",2000,245,0,"MEX","AGUASCALIENTES",NA,NA,NA
"246","Pertussis",2000,246,0,"MEX","AGUASCALIENTES",NA,NA,NA
"247","Pertussis",2000,247,0.09375,"MEX","AGUASCALIENTES",NA,NA,NA
"248","Pertussis",2000,248,0.0625,"MEX","AGUASCALIENTES",NA,NA,NA
"249","Pertussis",2000,249,0,"MEX","AGUASCALIENTES",NA,NA,NA
"250","Pertussis",2000,250,0,"MEX","AGUASCALIENTES",NA,NA,NA
"251","Pertussis",2000,251,0,"MEX","AGUASCALIENTES",NA,NA,NA
"252","Pertussis",2000,252,0.0625,"MEX","AGUASCALIENTES",NA,NA,NA
"253","Pertussis",2000,253,0.03125,"MEX","AGUASCALIENTES",NA,NA,NA
"254","Pertussis",2000,254,0,"MEX","AGUASCALIENTES",NA,NA,NA
"255","Pertussis",2000,255,0,"MEX","AGUASCALIENTES",NA,NA,NA
"256","Pertussis",2000,256,0,"MEX","AGUASCALIENTES",NA,NA,NA
"257","Pertussis",2000,257,0,"MEX","AGUASCALIENTES",NA,NA,NA
"258","Pertussis",2000,258,0.03125,"MEX","AGUASCALIENTES",NA,NA,NA
"259","Pertussis",2000,259,0.125,"MEX","AGUASCALIENTES",NA,NA,NA
"260","Pertussis",2000,260,0.1875,"MEX","AGUASCALIENTES",NA,NA,NA
"261","Pertussis",2000,261,0,"MEX","AGUASCALIENTES",NA,NA,NA
"262","Pertussis",2000,262,0,"MEX","AGUASCALIENTES",NA,NA,NA
"263","Pertussis",2000,263,0,"MEX","AGUASCALIENTES",NA,NA,NA
"264","Pertussis",2000,264,0,"MEX","AGUASCALIENTES",NA,NA,NA
"265","Pertussis",2000,265,0.0625,"MEX","AGUASCALIENTES",NA,NA,NA
"266","Pertussis",2000,266,0.0625,"MEX","AGUASCALIENTES",NA,NA,NA
"267","Pertussis",2000,267,0,"MEX","AGUASCALIENTES",NA,NA,NA
"268","Pertussis",2000,268,0,"MEX","AGUASCALIENTES",NA,NA,NA
"269","Pertussis",2000,269,0.09375,"MEX","AGUASCALIENTES",NA,NA,NA
"270","Pertussis",2000,270,0.0625,"MEX","AGUASCALIENTES",NA,NA,NA
"271","Pertussis",2000,271,0.125,"MEX","AGUASCALIENTES",NA,NA,NA
"272","Pertussis",2000,272,0,"MEX","AGUASCALIENTES",NA,NA,NA
"273","Pertussis",2000,273,0,"MEX","AGUASCALIENTES",NA,NA,NA
"274","Pertussis",2000,274,0,"MEX","AGUASCALIENTES",NA,NA,NA
"275","Pertussis",2000,275,0.125,"MEX","AGUASCALIENTES",NA,NA,NA
"276","Pertussis",2000,276,0,"MEX","AGUASCALIENTES",NA,NA,NA
"277","Pertussis",2000,277,0,"MEX","AGUASCALIENTES",NA,NA,NA
"278","Pertussis",2000,278,0.125,"MEX","AGUASCALIENTES",NA,NA,NA
"279","Pertussis",2000,279,0,"MEX","AGUASCALIENTES",NA,NA,NA
"280","Pertussis",2000,280,0,"MEX","AGUASCALIENTES",NA,NA,NA
"281","Pertussis",2000,281,0,"MEX","AGUASCALIENTES",NA,NA,NA
"282","Pertussis",2000,282,0,"MEX","AGUASCALIENTES",NA,NA,NA
"283","Pertussis",2000,283,0,"MEX","AGUASCALIENTES",NA,NA,NA
"284","Pertussis",2000,284,0,"MEX","AGUASCALIENTES",NA,NA,NA
"285","Pertussis",2000,285,0,"MEX","AGUASCALIENTES",NA,NA,NA
"286","Pertussis",2000,286,0,"MEX","AGUASCALIENTES",NA,NA,NA
"287","Pertussis",2000,287,0,"MEX","AGUASCALIENTES",NA,NA,NA
"288","Pertussis",2000,288,0.03125,"MEX","AGUASCALIENTES",NA,NA,NA
"289","Pertussis",2001,289,0,"MEX","AGUASCALIENTES",NA,NA,NA
"290","Pertussis",2001,290,0,"MEX","AGUASCALIENTES",NA,NA,NA
"291","Pertussis",2001,291,0,"MEX","AGUASCALIENTES",NA,NA,NA
"292","Pertussis",2001,292,0,"MEX","AGUASCALIENTES",NA,NA,NA
"293","Pertussis",2001,293,0,"MEX","AGUASCALIENTES",NA,NA,NA
"294","Pertussis",2001,294,0,"MEX","AGUASCALIENTES",NA,NA,NA
"295","Pertussis",2001,295,0,"MEX","AGUASCALIENTES",NA,NA,NA
"296","Pertussis",2001,296,0,"MEX","AGUASCALIENTES",NA,NA,NA
"297","Pertussis",2001,297,0,"MEX","AGUASCALIENTES",NA,NA,NA
"298","Pertussis",2001,298,0,"MEX","AGUASCALIENTES",NA,NA,NA
"299","Pertussis",2001,299,0,"MEX","AGUASCALIENTES",NA,NA,NA
"300","Pertussis",2001,300,0,"MEX","AGUASCALIENTES",NA,NA,NA
"301","Pertussis",2001,301,0,"MEX","AGUASCALIENTES",NA,NA,NA
"302","Pertussis",2001,302,0,"MEX","AGUASCALIENTES",NA,NA,NA
"303","Pertussis",2001,303,0.0625,"MEX","AGUASCALIENTES",NA,NA,NA
"304","Pertussis",2001,304,0,"MEX","AGUASCALIENTES",NA,NA,NA
"305","Pertussis",2001,305,0,"MEX","AGUASCALIENTES",NA,NA,NA
"306","Pertussis",2001,306,0,"MEX","AGUASCALIENTES",NA,NA,NA
"307","Pertussis",2001,307,0.03125,"MEX","AGUASCALIENTES",NA,NA,NA
"308","Pertussis",2001,308,0.28125,"MEX","AGUASCALIENTES",NA,NA,NA
"309","Pertussis",2001,309,0,"MEX","AGUASCALIENTES",NA,NA,NA
"310","Pertussis",2001,310,0,"MEX","AGUASCALIENTES",NA,NA,NA
"311","Pertussis",2001,311,0,"MEX","AGUASCALIENTES",NA,NA,NA
"312","Pertussis",2001,312,0,"MEX","AGUASCALIENTES",NA,NA,NA
"313","Pertussis",2001,313,0.09375,"MEX","AGUASCALIENTES",NA,NA,NA
"314","Pertussis",2001,314,0.15625,"MEX","AGUASCALIENTES",NA,NA,NA
"315","Pertussis",2001,315,0.125,"MEX","AGUASCALIENTES",NA,NA,NA
"316","Pertussis",2001,316,0.0625,"MEX","AGUASCALIENTES",NA,NA,NA
"317","Pertussis",2001,317,0,"MEX","AGUASCALIENTES",NA,NA,NA
"318","Pertussis",2001,318,0.25,"MEX","AGUASCALIENTES",NA,NA,NA
"319","Pertussis",2001,319,0,"MEX","AGUASCALIENTES",NA,NA,NA
"320","Pertussis",2001,320,0.09375,"MEX","AGUASCALIENTES",NA,NA,NA
"321","Pertussis",2001,321,0.125,"MEX","AGUASCALIENTES",NA,NA,NA
"322","Pertussis",2001,322,0.21875,"MEX","AGUASCALIENTES",NA,NA,NA
"323","Pertussis",2001,323,0.03125,"MEX","AGUASCALIENTES",NA,NA,NA
"324","Pertussis",2001,324,0,"MEX","AGUASCALIENTES",NA,NA,NA
"325","Pertussis",2001,325,0,"MEX","AGUASCALIENTES",NA,NA,NA
"326","Pertussis",2001,326,0,"MEX","AGUASCALIENTES",NA,NA,NA
"327","Pertussis",2001,327,0,"MEX","AGUASCALIENTES",NA,NA,NA
"328","Pertussis",2001,328,0,"MEX","AGUASCALIENTES",NA,NA,NA
"329","Pertussis",2001,329,0,"MEX","AGUASCALIENTES",NA,NA,NA
"330","Pertussis",2001,330,0,"MEX","AGUASCALIENTES",NA,NA,NA
"331","Pertussis",2001,331,0.25,"MEX","AGUASCALIENTES",NA,NA,NA
"332","Pertussis",2001,332,0.0625,"MEX","AGUASCALIENTES",NA,NA,NA
"333","Pertussis",2001,333,0.78125,"MEX","AGUASCALIENTES",NA,NA,NA
"334","Pertussis",2001,334,0.28125,"MEX","AGUASCALIENTES",NA,NA,NA
"335","Pertussis",2001,335,0,"MEX","AGUASCALIENTES",NA,NA,NA
"336","Pertussis",2001,336,0,"MEX","AGUASCALIENTES",NA,NA,NA
"337","Pertussis",2001,337,0.03125,"MEX","AGUASCALIENTES",NA,NA,NA
"338","Pertussis",2001,338,0.03125,"MEX","AGUASCALIENTES",NA,NA,NA
"339","Pertussis",2001,339,0,"MEX","AGUASCALIENTES",NA,NA,NA
"340","Pertussis",2001,340,0,"MEX","AGUASCALIENTES",NA,NA,NA
"341","Pertussis",2002,341,0,"MEX","AGUASCALIENTES",NA,NA,NA
"342","Pertussis",2002,342,0.34375,"MEX","AGUASCALIENTES",NA,NA,NA
"343","Pertussis",2002,343,0,"MEX","AGUASCALIENTES",NA,NA,NA
"344","Pertussis",2002,344,0,"MEX","AGUASCALIENTES",NA,NA,NA
"345","Pertussis",2002,345,0,"MEX","AGUASCALIENTES",NA,NA,NA
"346","Pertussis",2002,346,0,"MEX","AGUASCALIENTES",NA,NA,NA
"347","Pertussis",2002,347,0,"MEX","AGUASCALIENTES",NA,NA,NA
"348","Pertussis",2002,348,0,"MEX","AGUASCALIENTES",NA,NA,NA
"349","Pertussis",2002,349,0,"MEX","AGUASCALIENTES",NA,NA,NA
"350","Pertussis",2002,350,0,"MEX","AGUASCALIENTES",NA,NA,NA
"351","Pertussis",2002,351,0,"MEX","AGUASCALIENTES",NA,NA,NA
"352","Pertussis",2002,352,0,"MEX","AGUASCALIENTES",NA,NA,NA
"353","Pertussis",2002,353,0,"MEX","AGUASCALIENTES",NA,NA,NA
"354","Pertussis",2002,354,0,"MEX","AGUASCALIENTES",NA,NA,NA
"355","Pertussis",2002,355,0,"MEX","AGUASCALIENTES",NA,NA,NA
"356","Pertussis",2002,356,0,"MEX","AGUASCALIENTES",NA,NA,NA
"357","Pertussis",2002,357,0.3125,"MEX","AGUASCALIENTES",NA,NA,NA
"358","Pertussis",2002,358,0,"MEX","AGUASCALIENTES",NA,NA,NA
"359","Pertussis",2002,359,0,"MEX","AGUASCALIENTES",NA,NA,NA
"360","Pertussis",2002,360,0.4375,"MEX","AGUASCALIENTES",NA,NA,NA
"361","Pertussis",2002,361,0.40625,"MEX","AGUASCALIENTES",NA,NA,NA
"362","Pertussis",2002,362,0,"MEX","AGUASCALIENTES",NA,NA,NA
"363","Pertussis",2002,363,0,"MEX","AGUASCALIENTES",NA,NA,NA
"364","Pertussis",2002,364,0,"MEX","AGUASCALIENTES",NA,NA,NA
"365","Pertussis",2002,365,0,"MEX","AGUASCALIENTES",NA,NA,NA
"366","Pertussis",2002,366,0,"MEX","AGUASCALIENTES",NA,NA,NA
"367","Pertussis",2002,367,0,"MEX","AGUASCALIENTES",NA,NA,NA
"368","Pertussis",2002,368,0,"MEX","AGUASCALIENTES",NA,NA,NA
"369","Pertussis",2002,369,0.03125,"MEX","AGUASCALIENTES",NA,NA,NA
"370","Pertussis",2002,370,0.15625,"MEX","AGUASCALIENTES",NA,NA,NA
"371","Pertussis",2002,371,0,"MEX","AGUASCALIENTES",NA,NA,NA
"372","Pertussis",2002,372,0,"MEX","AGUASCALIENTES",NA,NA,NA
"373","Pertussis",2002,373,0,"MEX","AGUASCALIENTES",NA,NA,NA
"374","Pertussis",2002,374,0.0625,"MEX","AGUASCALIENTES",NA,NA,NA
"375","Pertussis",2002,375,0.25,"MEX","AGUASCALIENTES",NA,NA,NA
"376","Pertussis",2002,376,0,"MEX","AGUASCALIENTES",NA,NA,NA
"377","Pertussis",2002,377,0.0625,"MEX","AGUASCALIENTES",NA,NA,NA
"378","Pertussis",2002,378,0,"MEX","AGUASCALIENTES",NA,NA,NA
"379","Pertussis",2002,379,0.0625,"MEX","AGUASCALIENTES",NA,NA,NA
"380","Pertussis",2002,380,0.625,"MEX","AGUASCALIENTES",NA,NA,NA
"381","Pertussis",2002,381,0.03125,"MEX","AGUASCALIENTES",NA,NA,NA
"382","Pertussis",2002,382,0.25,"MEX","AGUASCALIENTES",NA,NA,NA
"383","Pertussis",2002,383,0.5625,"MEX","AGUASCALIENTES",NA,NA,NA
"384","Pertussis",2002,384,0.21875,"MEX","AGUASCALIENTES",NA,NA,NA
"385","Pertussis",2002,385,0,"MEX","AGUASCALIENTES",NA,NA,NA
"386","Pertussis",2002,386,0,"MEX","AGUASCALIENTES",NA,NA,NA
"387","Pertussis",2002,387,0.03125,"MEX","AGUASCALIENTES",NA,NA,NA
"388","Pertussis",2002,388,0.09375,"MEX","AGUASCALIENTES",NA,NA,NA
"389","Pertussis",2002,389,0,"MEX","AGUASCALIENTES",NA,NA,NA
"390","Pertussis",2002,390,0.0625,"MEX","AGUASCALIENTES",NA,NA,NA
"391","Pertussis",2002,391,0,"MEX","AGUASCALIENTES",NA,NA,NA
"392","Pertussis",2002,392,0,"MEX","AGUASCALIENTES",NA,NA,NA
"393","Pertussis",2003,393,0,"MEX","AGUASCALIENTES",NA,NA,NA
"394","Pertussis",2003,394,0,"MEX","AGUASCALIENTES",NA,NA,NA
"395","Pertussis",2003,395,0,"MEX","AGUASCALIENTES",NA,NA,NA
"396","Pertussis",2003,396,0,"MEX","AGUASCALIENTES",NA,NA,NA
"397","Pertussis",2003,397,0,"MEX","AGUASCALIENTES",NA,NA,NA
"398","Pertussis",2003,398,0,"MEX","AGUASCALIENTES",NA,NA,NA
"399","Pertussis",2003,399,0,"MEX","AGUASCALIENTES",NA,NA,NA
"400","Pertussis",2003,400,0,"MEX","AGUASCALIENTES",NA,NA,NA
"401","Pertussis",2003,401,0,"MEX","AGUASCALIENTES",NA,NA,NA
"402","Pertussis",2003,402,0,"MEX","AGUASCALIENTES",NA,NA,NA
"403","Pertussis",2003,403,0,"MEX","AGUASCALIENTES",NA,NA,NA
"404","Pertussis",2003,404,0,"MEX","AGUASCALIENTES",NA,NA,NA
"405","Pertussis",2003,405,0.15625,"MEX","AGUASCALIENTES",NA,NA,NA
"406","Pertussis",2003,406,0,"MEX","AGUASCALIENTES",NA,NA,NA
"407","Pertussis",2003,407,0.0625,"MEX","AGUASCALIENTES",NA,NA,NA
"408","Pertussis",2003,408,0,"MEX","AGUASCALIENTES",NA,NA,NA
"409","Pertussis",2003,409,0.03125,"MEX","AGUASCALIENTES",NA,NA,NA
"410","Pertussis",2003,410,0.15625,"MEX","AGUASCALIENTES",NA,NA,NA
"411","Pertussis",2003,411,0.0625,"MEX","AGUASCALIENTES",NA,NA,NA
"412","Pertussis",2003,412,0,"MEX","AGUASCALIENTES",NA,NA,NA
"413","Pertussis",2003,413,0.0625,"MEX","AGUASCALIENTES",NA,NA,NA
"414","Pertussis",2003,414,0,"MEX","AGUASCALIENTES",NA,NA,NA
"415","Pertussis",2003,415,0,"MEX","AGUASCALIENTES",NA,NA,NA
"416","Pertussis",2003,416,0.0625,"MEX","AGUASCALIENTES",NA,NA,NA
"417","Pertussis",2003,417,0,"MEX","AGUASCALIENTES",NA,NA,NA
"418","Pertussis",2003,418,0,"MEX","AGUASCALIENTES",NA,NA,NA
"419","Pertussis",2003,419,0,"MEX","AGUASCALIENTES",NA,NA,NA
"420","Pertussis",2003,420,0,"MEX","AGUASCALIENTES",NA,NA,NA
"421","Pertussis",2003,421,0,"MEX","AGUASCALIENTES",NA,NA,NA
"422","Pertussis",2003,422,0,"MEX","AGUASCALIENTES",NA,NA,NA
"423","Pertussis",2003,423,0.03125,"MEX","AGUASCALIENTES",NA,NA,NA
"424","Pertussis",2003,424,0,"MEX","AGUASCALIENTES",NA,NA,NA
"425","Pertussis",2003,425,0,"MEX","AGUASCALIENTES",NA,NA,NA
"426","Pertussis",2003,426,0,"MEX","AGUASCALIENTES",NA,NA,NA
"427","Pertussis",2003,427,0,"MEX","AGUASCALIENTES",NA,NA,NA
"428","Pertussis",2003,428,0,"MEX","AGUASCALIENTES",NA,NA,NA
"429","Pertussis",2003,429,0,"MEX","AGUASCALIENTES",NA,NA,NA
"430","Pertussis",2003,430,0.03125,"MEX","AGUASCALIENTES",NA,NA,NA
"431","Pertussis",2003,431,0.09375,"MEX","AGUASCALIENTES",NA,NA,NA
"432","Pertussis",2003,432,0,"MEX","AGUASCALIENTES",NA,NA,NA
"433","Pertussis",2003,433,0,"MEX","AGUASCALIENTES",NA,NA,NA
"434","Pertussis",2003,434,0,"MEX","AGUASCALIENTES",NA,NA,NA
"435","Pertussis",2003,435,0.34375,"MEX","AGUASCALIENTES",NA,NA,NA
"436","Pertussis",2003,436,0.25,"MEX","AGUASCALIENTES",NA,NA,NA
"437","Pertussis",2003,437,0,"MEX","AGUASCALIENTES",NA,NA,NA
"438","Pertussis",2003,438,0,"MEX","AGUASCALIENTES",NA,NA,NA
"439","Pertussis",2003,439,0,"MEX","AGUASCALIENTES",NA,NA,NA
"440","Pertussis",2003,440,0,"MEX","AGUASCALIENTES",NA,NA,NA
"441","Pertussis",2003,441,0,"MEX","AGUASCALIENTES",NA,NA,NA
"442","Pertussis",2003,442,0,"MEX","AGUASCALIENTES",NA,NA,NA
"443","Pertussis",2003,443,0,"MEX","AGUASCALIENTES",NA,NA,NA
"444","Pertussis",2003,444,0,"MEX","AGUASCALIENTES",NA,NA,NA
"445","Pertussis",2003,445,0,"MEX","AGUASCALIENTES",NA,NA,NA
"446","Pertussis",2004,446,0,"MEX","AGUASCALIENTES",NA,NA,NA
"447","Pertussis",2004,447,0,"MEX","AGUASCALIENTES",NA,NA,NA
"448","Pertussis",2004,448,0,"MEX","AGUASCALIENTES",NA,NA,NA
"449","Pertussis",2004,449,0,"MEX","AGUASCALIENTES",NA,NA,NA
"450","Pertussis",2004,450,0,"MEX","AGUASCALIENTES",NA,NA,NA
"451","Pertussis",2004,451,0,"MEX","AGUASCALIENTES",NA,NA,NA
"452","Pertussis",2004,452,0,"MEX","AGUASCALIENTES",NA,NA,NA
"453","Pertussis",2004,453,0.03125,"MEX","AGUASCALIENTES",NA,NA,NA
"454","Pertussis",2004,454,0,"MEX","AGUASCALIENTES",NA,NA,NA
"455","Pertussis",2004,455,0,"MEX","AGUASCALIENTES",NA,NA,NA
"456","Pertussis",2004,456,0.03125,"MEX","AGUASCALIENTES",NA,NA,NA
"457","Pertussis",2004,457,0.0625,"MEX","AGUASCALIENTES",NA,NA,NA
"458","Pertussis",2004,458,0,"MEX","AGUASCALIENTES",NA,NA,NA
"459","Pertussis",2004,459,0,"MEX","AGUASCALIENTES",NA,NA,NA
"460","Pertussis",2004,460,0,"MEX","AGUASCALIENTES",NA,NA,NA
"461","Pertussis",2004,461,0.03125,"MEX","AGUASCALIENTES",NA,NA,NA
"462","Pertussis",2004,462,0,"MEX","AGUASCALIENTES",NA,NA,NA
"463","Pertussis",2004,463,0,"MEX","AGUASCALIENTES",NA,NA,NA
"464","Pertussis",2004,464,0,"MEX","AGUASCALIENTES",NA,NA,NA
"465","Pertussis",2004,465,0,"MEX","AGUASCALIENTES",NA,NA,NA
"466","Pertussis",2004,466,0.03125,"MEX","AGUASCALIENTES",NA,NA,NA
"467","Pertussis",2004,467,0,"MEX","AGUASCALIENTES",NA,NA,NA
"468","Pertussis",2004,468,0,"MEX","AGUASCALIENTES",NA,NA,NA
"469","Pertussis",2004,469,0.03125,"MEX","AGUASCALIENTES",NA,NA,NA
"470","Pertussis",2004,470,0.03125,"MEX","AGUASCALIENTES",NA,NA,NA
"471","Pertussis",2004,471,0,"MEX","AGUASCALIENTES",NA,NA,NA
"472","Pertussis",2004,472,0,"MEX","AGUASCALIENTES",NA,NA,NA
"473","Pertussis",2004,473,0.03125,"MEX","AGUASCALIENTES",NA,NA,NA
"474","Pertussis",2004,474,0,"MEX","AGUASCALIENTES",NA,NA,NA
"475","Pertussis",2004,475,0,"MEX","AGUASCALIENTES",NA,NA,NA
"476","Pertussis",2004,476,0,"MEX","AGUASCALIENTES",NA,NA,NA
"477","Pertussis",2004,477,0,"MEX","AGUASCALIENTES",NA,NA,NA
"478","Pertussis",2004,478,0,"MEX","AGUASCALIENTES",NA,NA,NA
"479","Pertussis",2004,479,0.3125,"MEX","AGUASCALIENTES",NA,NA,NA
"480","Pertussis",2004,480,0.0625,"MEX","AGUASCALIENTES",NA,NA,NA
"481","Pertussis",2004,481,0.1875,"MEX","AGUASCALIENTES",NA,NA,NA
"482","Pertussis",2004,482,0,"MEX","AGUASCALIENTES",NA,NA,NA
"483","Pertussis",2004,483,0,"MEX","AGUASCALIENTES",NA,NA,NA
"484","Pertussis",2004,484,0,"MEX","AGUASCALIENTES",NA,NA,NA
"485","Pertussis",2004,485,0,"MEX","AGUASCALIENTES",NA,NA,NA
"486","Pertussis",2004,486,0,"MEX","AGUASCALIENTES",NA,NA,NA
"487","Pertussis",2004,487,0.1875,"MEX","AGUASCALIENTES",NA,NA,NA
"488","Pertussis",2004,488,0,"MEX","AGUASCALIENTES",NA,NA,NA
"489","Pertussis",2004,489,0,"MEX","AGUASCALIENTES",NA,NA,NA
"490","Pertussis",2004,490,0,"MEX","AGUASCALIENTES",NA,NA,NA
"491","Pertussis",2004,491,0.09375,"MEX","AGUASCALIENTES",NA,NA,NA
"492","Pertussis",2004,492,0.53125,"MEX","AGUASCALIENTES",NA,NA,NA
"493","Pertussis",2004,493,0.1875,"MEX","AGUASCALIENTES",NA,NA,NA
"494","Pertussis",2004,494,0,"MEX","AGUASCALIENTES",NA,NA,NA
"495","Pertussis",2004,495,0.03125,"MEX","AGUASCALIENTES",NA,NA,NA
"496","Pertussis",2004,496,0,"MEX","AGUASCALIENTES",NA,NA,NA
"497","Pertussis",2004,497,0,"MEX","AGUASCALIENTES",NA,NA,NA
"498","Pertussis",2005,498,0,"MEX","AGUASCALIENTES",NA,NA,NA
"499","Pertussis",2005,499,0,"MEX","AGUASCALIENTES",NA,NA,NA
"500","Pertussis",2005,500,0,"MEX","AGUASCALIENTES",NA,NA,NA
"501","Pertussis",2005,501,0,"MEX","AGUASCALIENTES",NA,NA,NA
"502","Pertussis",2005,502,0,"MEX","AGUASCALIENTES",NA,NA,NA
"503","Pertussis",2005,503,0,"MEX","AGUASCALIENTES",NA,NA,NA
"504","Pertussis",2005,504,0,"MEX","AGUASCALIENTES",NA,NA,NA
"505","Pertussis",2005,505,0,"MEX","AGUASCALIENTES",NA,NA,NA
"506","Pertussis",2005,506,0,"MEX","AGUASCALIENTES",NA,NA,NA
"507","Pertussis",2005,507,0,"MEX","AGUASCALIENTES",NA,NA,NA
"508","Pertussis",2005,508,0,"MEX","AGUASCALIENTES",NA,NA,NA
"509","Pertussis",2005,509,0.5,"MEX","AGUASCALIENTES",NA,NA,NA
"510","Pertussis",2005,510,0,"MEX","AGUASCALIENTES",NA,NA,NA
"511","Pertussis",2005,511,0,"MEX","AGUASCALIENTES",NA,NA,NA
"512","Pertussis",2005,512,0.03125,"MEX","AGUASCALIENTES",NA,NA,NA
"513","Pertussis",2005,513,0.125,"MEX","AGUASCALIENTES",NA,NA,NA
"514","Pertussis",2005,514,0.0625,"MEX","AGUASCALIENTES",NA,NA,NA
"515","Pertussis",2005,515,0,"MEX","AGUASCALIENTES",NA,NA,NA
"516","Pertussis",2005,516,0,"MEX","AGUASCALIENTES",NA,NA,NA
"517","Pertussis",2005,517,0.1875,"MEX","AGUASCALIENTES",NA,NA,NA
"518","Pertussis",2005,518,0.03125,"MEX","AGUASCALIENTES",NA,NA,NA
"519","Pertussis",2005,519,0.09375,"MEX","AGUASCALIENTES",NA,NA,NA
"520","Pertussis",2005,520,0.28125,"MEX","AGUASCALIENTES",NA,NA,NA
"521","Pertussis",2005,521,0.375,"MEX","AGUASCALIENTES",NA,NA,NA
"522","Pertussis",2005,522,0.25,"MEX","AGUASCALIENTES",NA,NA,NA
"523","Pertussis",2005,523,1.46875,"MEX","AGUASCALIENTES",NA,NA,NA
"524","Pertussis",2005,524,0,"MEX","AGUASCALIENTES",NA,NA,NA
"525","Pertussis",2005,525,0,"MEX","AGUASCALIENTES",NA,NA,NA
"526","Pertussis",2005,526,0,"MEX","AGUASCALIENTES",NA,NA,NA
"527","Pertussis",2005,527,0,"MEX","AGUASCALIENTES",NA,NA,NA
"528","Pertussis",2005,528,0,"MEX","AGUASCALIENTES",NA,NA,NA
"529","Pertussis",2005,529,0,"MEX","AGUASCALIENTES",NA,NA,NA
"530","Pertussis",2005,530,0,"MEX","AGUASCALIENTES",NA,NA,NA
"531","Pertussis",2005,531,0,"MEX","AGUASCALIENTES",NA,NA,NA
"532","Pertussis",2005,532,0,"MEX","AGUASCALIENTES",NA,NA,NA
"533","Pertussis",2005,533,0,"MEX","AGUASCALIENTES",NA,NA,NA
"534","Pertussis",2005,534,0.0625,"MEX","AGUASCALIENTES",NA,NA,NA
"535","Pertussis",2005,535,0,"MEX","AGUASCALIENTES",NA,NA,NA
"536","Pertussis",2005,536,0,"MEX","AGUASCALIENTES",NA,NA,NA
"537","Pertussis",2005,537,0,"MEX","AGUASCALIENTES",NA,NA,NA
"538","Pertussis",2005,538,0.1875,"MEX","AGUASCALIENTES",NA,NA,NA
"539","Pertussis",2005,539,0,"MEX","AGUASCALIENTES",NA,NA,NA
"540","Pertussis",2005,540,0,"MEX","AGUASCALIENTES",NA,NA,NA
"541","Pertussis",2005,541,0.03125,"MEX","AGUASCALIENTES",NA,NA,NA
"542","Pertussis",2005,542,0.03125,"MEX","AGUASCALIENTES",NA,NA,NA
"543","Pertussis",2005,543,0.53125,"MEX","AGUASCALIENTES",NA,NA,NA
"544","Pertussis",2005,544,0,"MEX","AGUASCALIENTES",NA,NA,NA
"545","Pertussis",2005,545,0,"MEX","AGUASCALIENTES",NA,NA,NA
"546","Pertussis",2005,546,0,"MEX","AGUASCALIENTES",NA,NA,NA
"547","Pertussis",2005,547,0,"MEX","AGUASCALIENTES",NA,NA,NA
"548","Pertussis",2005,548,0,"MEX","AGUASCALIENTES",NA,NA,NA
"549","Pertussis",2005,549,0,"MEX","AGUASCALIENTES",NA,NA,NA
"550","Pertussis",2006,550,0,"MEX","AGUASCALIENTES",NA,NA,NA
"551","Pertussis",2006,551,0,"MEX","AGUASCALIENTES",NA,NA,NA
"552","Pertussis",2006,552,0,"MEX","AGUASCALIENTES",NA,NA,NA
"553","Pertussis",2006,553,0,"MEX","AGUASCALIENTES",NA,NA,NA
"554","Pertussis",2006,554,0,"MEX","AGUASCALIENTES",NA,NA,NA
"555","Pertussis",2006,555,0,"MEX","AGUASCALIENTES",NA,NA,NA
"556","Pertussis",2006,556,0,"MEX","AGUASCALIENTES",NA,NA,NA
"557","Pertussis",2006,557,0,"MEX","AGUASCALIENTES",NA,NA,NA
"558","Pertussis",2006,558,0,"MEX","AGUASCALIENTES",NA,NA,NA
"559","Pertussis",2006,559,0,"MEX","AGUASCALIENTES",NA,NA,NA
"560","Pertussis",2006,560,0,"MEX","AGUASCALIENTES",NA,NA,NA
"561","Pertussis",2006,561,0,"MEX","AGUASCALIENTES",NA,NA,NA
"562","Pertussis",2006,562,0,"MEX","AGUASCALIENTES",NA,NA,NA
"563","Pertussis",2006,563,0,"MEX","AGUASCALIENTES",NA,NA,NA
"564","Pertussis",2006,564,0,"MEX","AGUASCALIENTES",NA,NA,NA
"565","Pertussis",2006,565,0,"MEX","AGUASCALIENTES",NA,NA,NA
"566","Pertussis",2006,566,0.0625,"MEX","AGUASCALIENTES",NA,NA,NA
"567","Pertussis",2006,567,0,"MEX","AGUASCALIENTES",NA,NA,NA
"568","Pertussis",2006,568,0.0625,"MEX","AGUASCALIENTES",NA,NA,NA
"569","Pertussis",2006,569,0.03125,"MEX","AGUASCALIENTES",NA,NA,NA
"570","Pertussis",2006,570,0,"MEX","AGUASCALIENTES",NA,NA,NA
"571","Pertussis",2006,571,0,"MEX","AGUASCALIENTES",NA,NA,NA
"572","Pertussis",2006,572,0.1875,"MEX","AGUASCALIENTES",NA,NA,NA
"573","Pertussis",2006,573,0.125,"MEX","AGUASCALIENTES",NA,NA,NA
"574","Pertussis",2006,574,0.15625,"MEX","AGUASCALIENTES",NA,NA,NA
"575","Pertussis",2006,575,1.21875,"MEX","AGUASCALIENTES",NA,NA,NA
"576","Pertussis",2006,576,0,"MEX","AGUASCALIENTES",NA,NA,NA
"577","Pertussis",2006,577,0.03125,"MEX","AGUASCALIENTES",NA,NA,NA
"578","Pertussis",2006,578,0,"MEX","AGUASCALIENTES",NA,NA,NA
"579","Pertussis",2006,579,0,"MEX","AGUASCALIENTES",NA,NA,NA
"580","Pertussis",2006,580,0,"MEX","AGUASCALIENTES",NA,NA,NA
"581","Pertussis",2006,581,0,"MEX","AGUASCALIENTES",NA,NA,NA
"582","Pertussis",2006,582,0,"MEX","AGUASCALIENTES",NA,NA,NA
"583","Pertussis",2006,583,0.03125,"MEX","AGUASCALIENTES",NA,NA,NA
"584","Pertussis",2006,584,0.03125,"MEX","AGUASCALIENTES",NA,NA,NA
"585","Pertussis",2006,585,0,"MEX","AGUASCALIENTES",NA,NA,NA
"586","Pertussis",2006,586,0,"MEX","AGUASCALIENTES",NA,NA,NA
"587","Pertussis",2006,587,0,"MEX","AGUASCALIENTES",NA,NA,NA
"588","Pertussis",2006,588,0.65625,"MEX","AGUASCALIENTES",NA,NA,NA
"589","Pertussis",2006,589,0,"MEX","AGUASCALIENTES",NA,NA,NA
"590","Pertussis",2006,590,0,"MEX","AGUASCALIENTES",NA,NA,NA
"591","Pertussis",2006,591,0,"MEX","AGUASCALIENTES",NA,NA,NA
"592","Pertussis",2006,592,0,"MEX","AGUASCALIENTES",NA,NA,NA
"593","Pertussis",2006,593,0,"MEX","AGUASCALIENTES",NA,NA,NA
"594","Pertussis",2006,594,0,"MEX","AGUASCALIENTES",NA,NA,NA
"595","Pertussis",2006,595,0,"MEX","AGUASCALIENTES",NA,NA,NA
"596","Pertussis",2006,596,0,"MEX","AGUASCALIENTES",NA,NA,NA
"597","Pertussis",2006,597,0,"MEX","AGUASCALIENTES",NA,NA,NA
"598","Pertussis",2006,598,0,"MEX","AGUASCALIENTES",NA,NA,NA
"599","Pertussis",2006,599,0,"MEX","AGUASCALIENTES",NA,NA,NA
"600","Pertussis",2006,600,0,"MEX","AGUASCALIENTES",NA,NA,NA
"601","Pertussis",2006,601,0,"MEX","AGUASCALIENTES",NA,NA,NA
"602","Pertussis",2007,602,0,"MEX","AGUASCALIENTES",NA,NA,NA
"603","Pertussis",2007,603,0,"MEX","AGUASCALIENTES",NA,NA,NA
"604","Pertussis",2007,604,0,"MEX","AGUASCALIENTES",NA,NA,NA
"605","Pertussis",2007,605,0,"MEX","AGUASCALIENTES",NA,NA,NA
"606","Pertussis",2007,606,0,"MEX","AGUASCALIENTES",NA,NA,NA
"607","Pertussis",2007,607,0,"MEX","AGUASCALIENTES",NA,NA,NA
"608","Pertussis",2007,608,0,"MEX","AGUASCALIENTES",NA,NA,NA
"609","Pertussis",2007,609,0,"MEX","AGUASCALIENTES",NA,NA,NA
"610","Pertussis",2007,610,0,"MEX","AGUASCALIENTES",NA,NA,NA
"611","Pertussis",2007,611,0,"MEX","AGUASCALIENTES",NA,NA,NA
"612","Pertussis",2007,612,0,"MEX","AGUASCALIENTES",NA,NA,NA
"613","Pertussis",2007,613,0,"MEX","AGUASCALIENTES",NA,NA,NA
"614","Pertussis",2007,614,0,"MEX","AGUASCALIENTES",NA,NA,NA
"615","Pertussis",2007,615,0,"MEX","AGUASCALIENTES",NA,NA,NA
"616","Pertussis",2007,616,0,"MEX","AGUASCALIENTES",NA,NA,NA
"617","Pertussis",2007,617,0,"MEX","AGUASCALIENTES",NA,NA,NA
"618","Pertussis",2007,618,0,"MEX","AGUASCALIENTES",NA,NA,NA
"619","Pertussis",2007,619,0,"MEX","AGUASCALIENTES",NA,NA,NA
"620","Pertussis",2007,620,0.09375,"MEX","AGUASCALIENTES",NA,NA,NA
"621","Pertussis",2007,621,0,"MEX","AGUASCALIENTES",NA,NA,NA
"622","Pertussis",2007,622,0,"MEX","AGUASCALIENTES",NA,NA,NA
"623","Pertussis",2007,623,0.0625,"MEX","AGUASCALIENTES",NA,NA,NA
"624","Pertussis",2007,624,0,"MEX","AGUASCALIENTES",NA,NA,NA
"625","Pertussis",2007,625,0,"MEX","AGUASCALIENTES",NA,NA,NA
"626","Pertussis",2007,626,0,"MEX","AGUASCALIENTES",NA,NA,NA
"627","Pertussis",2007,627,0.1875,"MEX","AGUASCALIENTES",NA,NA,NA
"628","Pertussis",2007,628,0,"MEX","AGUASCALIENTES",NA,NA,NA
"629","Pertussis",2007,629,0.03125,"MEX","AGUASCALIENTES",NA,NA,NA
"630","Pertussis",2007,630,0.03125,"MEX","AGUASCALIENTES",NA,NA,NA
"631","Pertussis",2007,631,0,"MEX","AGUASCALIENTES",NA,NA,NA
"632","Pertussis",2007,632,0,"MEX","AGUASCALIENTES",NA,NA,NA
"633","Pertussis",2007,633,0,"MEX","AGUASCALIENTES",NA,NA,NA
"634","Pertussis",2007,634,0,"MEX","AGUASCALIENTES",NA,NA,NA
"635","Pertussis",2007,635,0.21875,"MEX","AGUASCALIENTES",NA,NA,NA
"636","Pertussis",2007,636,0.3125,"MEX","AGUASCALIENTES",NA,NA,NA
"637","Pertussis",2007,637,0,"MEX","AGUASCALIENTES",NA,NA,NA
"638","Pertussis",2007,638,0,"MEX","AGUASCALIENTES",NA,NA,NA
"639","Pertussis",2007,639,0.28125,"MEX","AGUASCALIENTES",NA,NA,NA
"640","Pertussis",2007,640,0,"MEX","AGUASCALIENTES",NA,NA,NA
"641","Pertussis",2007,641,0.0625,"MEX","AGUASCALIENTES",NA,NA,NA
"642","Pertussis",2007,642,0.0625,"MEX","AGUASCALIENTES",NA,NA,NA
"643","Pertussis",2007,643,0.0625,"MEX","AGUASCALIENTES",NA,NA,NA
"644","Pertussis",2007,644,0,"MEX","AGUASCALIENTES",NA,NA,NA
"645","Pertussis",2007,645,0,"MEX","AGUASCALIENTES",NA,NA,NA
"646","Pertussis",2007,646,0,"MEX","AGUASCALIENTES",NA,NA,NA
"647","Pertussis",2007,647,0,"MEX","AGUASCALIENTES",NA,NA,NA
"648","Pertussis",2007,648,0,"MEX","AGUASCALIENTES",NA,NA,NA
"649","Pertussis",2007,649,0,"MEX","AGUASCALIENTES",NA,NA,NA
"650","Pertussis",2007,650,0,"MEX","AGUASCALIENTES",NA,NA,NA
"651","Pertussis",2007,651,0,"MEX","AGUASCALIENTES",NA,NA,NA
"652","Pertussis",2007,652,0,"MEX","AGUASCALIENTES",NA,NA,NA
"653","Pertussis",2007,653,0,"MEX","AGUASCALIENTES",NA,NA,NA
"654","Pertussis",2008,654,0,"MEX","AGUASCALIENTES",NA,NA,NA
"655","Pertussis",2008,655,0,"MEX","AGUASCALIENTES",NA,NA,NA
"656","Pertussis",2008,656,0,"MEX","AGUASCALIENTES",NA,NA,NA
"657","Pertussis",2008,657,0,"MEX","AGUASCALIENTES",NA,NA,NA
"658","Pertussis",2008,658,0,"MEX","AGUASCALIENTES",NA,NA,NA
"659","Pertussis",2008,659,0,"MEX","AGUASCALIENTES",NA,NA,NA
"660","Pertussis",2008,660,0,"MEX","AGUASCALIENTES",NA,NA,NA
"661","Pertussis",2008,661,0,"MEX","AGUASCALIENTES",NA,NA,NA
"662","Pertussis",2008,662,0,"MEX","AGUASCALIENTES",NA,NA,NA
"663","Pertussis",2008,663,0,"MEX","AGUASCALIENTES",NA,NA,NA
"664","Pertussis",2008,664,0,"MEX","AGUASCALIENTES",NA,NA,NA
"665","Pertussis",2008,665,0,"MEX","AGUASCALIENTES",NA,NA,NA
"666","Pertussis",2008,666,0.0625,"MEX","AGUASCALIENTES",NA,NA,NA
"667","Pertussis",2008,667,0,"MEX","AGUASCALIENTES",NA,NA,NA
"668","Pertussis",2008,668,0,"MEX","AGUASCALIENTES",NA,NA,NA
"669","Pertussis",2008,669,0,"MEX","AGUASCALIENTES",NA,NA,NA
"670","Pertussis",2008,670,0,"MEX","AGUASCALIENTES",NA,NA,NA
"671","Pertussis",2008,671,0,"MEX","AGUASCALIENTES",NA,NA,NA
"672","Pertussis",2008,672,0.1875,"MEX","AGUASCALIENTES",NA,NA,NA
"673","Pertussis",2008,673,0.03125,"MEX","AGUASCALIENTES",NA,NA,NA
"674","Pertussis",2008,674,0,"MEX","AGUASCALIENTES",NA,NA,NA
"675","Pertussis",2008,675,0,"MEX","AGUASCALIENTES",NA,NA,NA
"676","Pertussis",2008,676,0.28125,"MEX","AGUASCALIENTES",NA,NA,NA
"677","Pertussis",2008,677,0.46875,"MEX","AGUASCALIENTES",NA,NA,NA
"678","Pertussis",2008,678,0.34375,"MEX","AGUASCALIENTES",NA,NA,NA
"679","Pertussis",2008,679,0.09375,"MEX","AGUASCALIENTES",NA,NA,NA
"680","Pertussis",2008,680,0,"MEX","AGUASCALIENTES",NA,NA,NA
"681","Pertussis",2008,681,0,"MEX","AGUASCALIENTES",NA,NA,NA
"682","Pertussis",2008,682,0,"MEX","AGUASCALIENTES",NA,NA,NA
"683","Pertussis",2008,683,0,"MEX","AGUASCALIENTES",NA,NA,NA
"684","Pertussis",2008,684,0,"MEX","AGUASCALIENTES",NA,NA,NA
"685","Pertussis",2008,685,0,"MEX","AGUASCALIENTES",NA,NA,NA
"686","Pertussis",2008,686,0,"MEX","AGUASCALIENTES",NA,NA,NA
"687","Pertussis",2008,687,0,"MEX","AGUASCALIENTES",NA,NA,NA
"688","Pertussis",2008,688,0,"MEX","AGUASCALIENTES",NA,NA,NA
"689","Pertussis",2008,689,0,"MEX","AGUASCALIENTES",NA,NA,NA
"690","Pertussis",2008,690,0,"MEX","AGUASCALIENTES",NA,NA,NA
"691","Pertussis",2008,691,0,"MEX","AGUASCALIENTES",NA,NA,NA
"692","Pertussis",2008,692,0.75,"MEX","AGUASCALIENTES",NA,NA,NA
"693","Pertussis",2008,693,0,"MEX","AGUASCALIENTES",NA,NA,NA
"694","Pertussis",2008,694,0,"MEX","AGUASCALIENTES",NA,NA,NA
"695","Pertussis",2008,695,0,"MEX","AGUASCALIENTES",NA,NA,NA
"696","Pertussis",2008,696,0,"MEX","AGUASCALIENTES",NA,NA,NA
"697","Pertussis",2008,697,0,"MEX","AGUASCALIENTES",NA,NA,NA
"698","Pertussis",2008,698,0,"MEX","AGUASCALIENTES",NA,NA,NA
"699","Pertussis",2008,699,0,"MEX","AGUASCALIENTES",NA,NA,NA
"700","Pertussis",2008,700,0,"MEX","AGUASCALIENTES",NA,NA,NA
"701","Pertussis",2008,701,0.40625,"MEX","AGUASCALIENTES",NA,NA,NA
"702","Pertussis",2008,702,0,"MEX","AGUASCALIENTES",NA,NA,NA
"703","Pertussis",2008,703,0.125,"MEX","AGUASCALIENTES",NA,NA,NA
"704","Pertussis",2008,704,0,"MEX","AGUASCALIENTES",NA,NA,NA
"705","Pertussis",2008,705,0,"MEX","AGUASCALIENTES",NA,NA,NA
"706","Pertussis",2008,706,0,"MEX","AGUASCALIENTES",NA,NA,NA
"707","Pertussis",2009,707,0,"MEX","AGUASCALIENTES",NA,NA,NA
"708","Pertussis",2009,708,0,"MEX","AGUASCALIENTES",NA,NA,NA
"709","Pertussis",2009,709,0,"MEX","AGUASCALIENTES",NA,NA,NA
"710","Pertussis",2009,710,0.125,"MEX","AGUASCALIENTES",NA,NA,NA
"711","Pertussis",2009,711,0,"MEX","AGUASCALIENTES",NA,NA,NA
"712","Pertussis",2009,712,0,"MEX","AGUASCALIENTES",NA,NA,NA
"713","Pertussis",2009,713,0,"MEX","AGUASCALIENTES",NA,NA,NA
"714","Pertussis",2009,714,0.65625,"MEX","AGUASCALIENTES",NA,NA,NA
"715","Pertussis",2009,715,0,"MEX","AGUASCALIENTES",NA,NA,NA
"716","Pertussis",2009,716,0,"MEX","AGUASCALIENTES",NA,NA,NA
"717","Pertussis",2009,717,0,"MEX","AGUASCALIENTES",NA,NA,NA
"718","Pertussis",2009,718,0,"MEX","AGUASCALIENTES",NA,NA,NA
"719","Pertussis",2009,719,0.40625,"MEX","AGUASCALIENTES",NA,NA,NA
"720","Pertussis",2009,720,5.15625,"MEX","AGUASCALIENTES",NA,NA,NA
"721","Pertussis",2009,721,0.6875,"MEX","AGUASCALIENTES",NA,NA,NA
"722","Pertussis",2009,722,0.03125,"MEX","AGUASCALIENTES",NA,NA,NA
"723","Pertussis",2009,723,0,"MEX","AGUASCALIENTES",NA,NA,NA
"724","Pertussis",2009,724,0,"MEX","AGUASCALIENTES",NA,NA,NA
"725","Pertussis",2009,725,0,"MEX","AGUASCALIENTES",NA,NA,NA
"726","Pertussis",2009,726,0,"MEX","AGUASCALIENTES",NA,NA,NA
"727","Pertussis",2009,727,0.09375,"MEX","AGUASCALIENTES",NA,NA,NA
"728","Pertussis",2009,728,0,"MEX","AGUASCALIENTES",NA,NA,NA
"729","Pertussis",2009,729,0,"MEX","AGUASCALIENTES",NA,NA,NA
"730","Pertussis",2009,730,0,"MEX","AGUASCALIENTES",NA,NA,NA
"731","Pertussis",2009,731,2,"MEX","AGUASCALIENTES",NA,NA,NA
"732","Pertussis",2009,732,5,"MEX","AGUASCALIENTES",NA,NA,NA
"733","Pertussis",2009,733,0,"MEX","AGUASCALIENTES",NA,NA,NA
"734","Pertussis",2009,734,0,"MEX","AGUASCALIENTES",NA,NA,NA
"735","Pertussis",2009,735,0,"MEX","AGUASCALIENTES",NA,NA,NA
"736","Pertussis",2009,736,0,"MEX","AGUASCALIENTES",NA,NA,NA
"737","Pertussis",2009,737,0.03125,"MEX","AGUASCALIENTES",NA,NA,NA
"738","Pertussis",2009,738,0,"MEX","AGUASCALIENTES",NA,NA,NA
"739","Pertussis",2009,739,0,"MEX","AGUASCALIENTES",NA,NA,NA
"740","Pertussis",2009,740,0,"MEX","AGUASCALIENTES",NA,NA,NA
"741","Pertussis",2009,741,0.25,"MEX","AGUASCALIENTES",NA,NA,NA
"742","Pertussis",2009,742,0.09375,"MEX","AGUASCALIENTES",NA,NA,NA
"743","Pertussis",2009,743,0,"MEX","AGUASCALIENTES",NA,NA,NA
"744","Pertussis",2009,744,1.53125,"MEX","AGUASCALIENTES",NA,NA,NA
"745","Pertussis",2009,745,0.125,"MEX","AGUASCALIENTES",NA,NA,NA
"746","Pertussis",2009,746,0,"MEX","AGUASCALIENTES",NA,NA,NA
"747","Pertussis",2009,747,0,"MEX","AGUASCALIENTES",NA,NA,NA
"748","Pertussis",2009,748,0,"MEX","AGUASCALIENTES",NA,NA,NA
"749","Pertussis",2009,749,0,"MEX","AGUASCALIENTES",NA,NA,NA
"750","Pertussis",2009,750,0.46875,"MEX","AGUASCALIENTES",NA,NA,NA
"751","Pertussis",2009,751,0,"MEX","AGUASCALIENTES",NA,NA,NA
"752","Pertussis",2009,752,0,"MEX","AGUASCALIENTES",NA,NA,NA
"753","Pertussis",2009,753,0,"MEX","AGUASCALIENTES",NA,NA,NA
"754","Pertussis",2009,754,0,"MEX","AGUASCALIENTES",NA,NA,NA
"755","Pertussis",2009,755,0,"MEX","AGUASCALIENTES",NA,NA,NA
"756","Pertussis",2009,756,0.625,"MEX","AGUASCALIENTES",NA,NA,NA
"757","Pertussis",2009,757,0,"MEX","AGUASCALIENTES",NA,NA,NA
"758","Pertussis",2009,758,2.8125,"MEX","AGUASCALIENTES",NA,NA,NA
"759","Pertussis",2010,759,0,"MEX","AGUASCALIENTES",NA,NA,NA
"760","Pertussis",2010,760,0,"MEX","AGUASCALIENTES",NA,NA,NA
"761","Pertussis",2010,761,0,"MEX","AGUASCALIENTES",NA,NA,NA
"762","Pertussis",2010,762,0,"MEX","AGUASCALIENTES",NA,NA,NA
"763","Pertussis",2010,763,0,"MEX","AGUASCALIENTES",NA,NA,NA
"764","Pertussis",2010,764,0,"MEX","AGUASCALIENTES",NA,NA,NA
"765","Pertussis",2010,765,0,"MEX","AGUASCALIENTES",NA,NA,NA
"766","Pertussis",2010,766,0,"MEX","AGUASCALIENTES",NA,NA,NA
"767","Pertussis",2010,767,0,"MEX","AGUASCALIENTES",NA,NA,NA
"768","Pertussis",2010,768,0,"MEX","AGUASCALIENTES",NA,NA,NA
"769","Pertussis",2010,769,0.3125,"MEX","AGUASCALIENTES",NA,NA,NA
"770","Pertussis",2010,770,0.03125,"MEX","AGUASCALIENTES",NA,NA,NA
"771","Pertussis",2010,771,0.28125,"MEX","AGUASCALIENTES",NA,NA,NA
"772","Pertussis",2010,772,0.28125,"MEX","AGUASCALIENTES",NA,NA,NA
"773","Pertussis",2010,773,0,"MEX","AGUASCALIENTES",NA,NA,NA
"774","Pertussis",2010,774,0,"MEX","AGUASCALIENTES",NA,NA,NA
"775","Pertussis",2010,775,0,"MEX","AGUASCALIENTES",NA,NA,NA
"776","Pertussis",2010,776,0.03125,"MEX","AGUASCALIENTES",NA,NA,NA
"777","Pertussis",2010,777,0.0625,"MEX","AGUASCALIENTES",NA,NA,NA
"778","Pertussis",2010,778,0.03125,"MEX","AGUASCALIENTES",NA,NA,NA
"779","Pertussis",2010,779,0.03125,"MEX","AGUASCALIENTES",NA,NA,NA
"780","Pertussis",2010,780,0,"MEX","AGUASCALIENTES",NA,NA,NA
"781","Pertussis",2010,781,0.625,"MEX","AGUASCALIENTES",NA,NA,NA
"782","Pertussis",2010,782,0.03125,"MEX","AGUASCALIENTES",NA,NA,NA
"783","Pertussis",2010,783,0,"MEX","AGUASCALIENTES",NA,NA,NA
"784","Pertussis",2010,784,2.03125,"MEX","AGUASCALIENTES",NA,NA,NA
"785","Pertussis",2010,785,0,"MEX","AGUASCALIENTES",NA,NA,NA
"786","Pertussis",2010,786,0,"MEX","AGUASCALIENTES",NA,NA,NA
"787","Pertussis",2010,787,0,"MEX","AGUASCALIENTES",NA,NA,NA
"788","Pertussis",2010,788,0,"MEX","AGUASCALIENTES",NA,NA,NA
"789","Pertussis",2010,789,0,"MEX","AGUASCALIENTES",NA,NA,NA
"790","Pertussis",2010,790,0,"MEX","AGUASCALIENTES",NA,NA,NA
"791","Pertussis",2010,791,0,"MEX","AGUASCALIENTES",NA,NA,NA
"792","Pertussis",2010,792,0,"MEX","AGUASCALIENTES",NA,NA,NA
"793","Pertussis",2010,793,0.09375,"MEX","AGUASCALIENTES",NA,NA,NA
"794","Pertussis",2010,794,0.09375,"MEX","AGUASCALIENTES",NA,NA,NA
"795","Pertussis",2010,795,0.21875,"MEX","AGUASCALIENTES",NA,NA,NA
"796","Pertussis",2010,796,0.25,"MEX","AGUASCALIENTES",NA,NA,NA
"797","Pertussis",2010,797,0.375,"MEX","AGUASCALIENTES",NA,NA,NA
"798","Pertussis",2010,798,0,"MEX","AGUASCALIENTES",NA,NA,NA
"799","Pertussis",2010,799,0.09375,"MEX","AGUASCALIENTES",NA,NA,NA
"800","Pertussis",2010,800,0.09375,"MEX","AGUASCALIENTES",NA,NA,NA
"801","Pertussis",2010,801,0.03125,"MEX","AGUASCALIENTES",NA,NA,NA
"802","Pertussis",2010,802,0.15625,"MEX","AGUASCALIENTES",NA,NA,NA
"803","Pertussis",2010,803,0,"MEX","AGUASCALIENTES",NA,NA,NA
"804","Pertussis",2010,804,0,"MEX","AGUASCALIENTES",NA,NA,NA
"805","Pertussis",2010,805,0,"MEX","AGUASCALIENTES",NA,NA,NA
"806","Pertussis",2010,806,0.09375,"MEX","AGUASCALIENTES",NA,NA,NA
"807","Pertussis",2010,807,0,"MEX","AGUASCALIENTES",NA,NA,NA
"808","Pertussis",2010,808,0,"MEX","AGUASCALIENTES",NA,NA,NA
"809","Pertussis",2010,809,0,"MEX","AGUASCALIENTES",NA,NA,NA
"810","Pertussis",2010,810,1.8125,"MEX","AGUASCALIENTES",NA,NA,NA
"811","Pertussis",2011,811,0,"MEX","AGUASCALIENTES",NA,NA,NA
"812","Pertussis",2011,812,0,"MEX","AGUASCALIENTES",NA,NA,NA
"813","Pertussis",2011,813,0,"MEX","AGUASCALIENTES",NA,NA,NA
"814","Pertussis",2011,814,0,"MEX","AGUASCALIENTES",NA,NA,NA
"815","Pertussis",2011,815,0,"MEX","AGUASCALIENTES",NA,NA,NA
"816","Pertussis",2011,816,0,"MEX","AGUASCALIENTES",NA,NA,NA
"817","Pertussis",2011,817,0,"MEX","AGUASCALIENTES",NA,NA,NA
"818","Pertussis",2011,818,0,"MEX","AGUASCALIENTES",NA,NA,NA
"819","Pertussis",2011,819,0,"MEX","AGUASCALIENTES",NA,NA,NA
"820","Pertussis",2011,820,0.0625,"MEX","AGUASCALIENTES",NA,NA,NA
"821","Pertussis",2011,821,0.75,"MEX","AGUASCALIENTES",NA,NA,NA
"822","Pertussis",2011,822,0.375,"MEX","AGUASCALIENTES",NA,NA,NA
"823","Pertussis",2011,823,0.71875,"MEX","AGUASCALIENTES",NA,NA,NA
"824","Pertussis",2011,824,0.03125,"MEX","AGUASCALIENTES",NA,NA,NA
"825","Pertussis",2011,825,0,"MEX","AGUASCALIENTES",NA,NA,NA
"826","Pertussis",2011,826,0,"MEX","AGUASCALIENTES",NA,NA,NA
"827","Pertussis",2011,827,0,"MEX","AGUASCALIENTES",NA,NA,NA
"828","Pertussis",2011,828,0.28125,"MEX","AGUASCALIENTES",NA,NA,NA
"829","Pertussis",2011,829,0,"MEX","AGUASCALIENTES",NA,NA,NA
"830","Pertussis",2011,830,0,"MEX","AGUASCALIENTES",NA,NA,NA
"831","Pertussis",2011,831,0,"MEX","AGUASCALIENTES",NA,NA,NA
"832","Pertussis",2011,832,0.03125,"MEX","AGUASCALIENTES",NA,NA,NA
"833","Pertussis",2011,833,0.53125,"MEX","AGUASCALIENTES",NA,NA,NA
"834","Pertussis",2011,834,0.75,"MEX","AGUASCALIENTES",NA,NA,NA
"835","Pertussis",2011,835,2.125,"MEX","AGUASCALIENTES",NA,NA,NA
"836","Pertussis",2011,836,0.4375,"MEX","AGUASCALIENTES",NA,NA,NA
"837","Pertussis",2011,837,0.125,"MEX","AGUASCALIENTES",NA,NA,NA
"838","Pertussis",2011,838,0.15625,"MEX","AGUASCALIENTES",NA,NA,NA
"839","Pertussis",2011,839,0,"MEX","AGUASCALIENTES",NA,NA,NA
"840","Pertussis",2011,840,0,"MEX","AGUASCALIENTES",NA,NA,NA
"841","Pertussis",2011,841,0,"MEX","AGUASCALIENTES",NA,NA,NA
"842","Pertussis",2011,842,0,"MEX","AGUASCALIENTES",NA,NA,NA
"843","Pertussis",2011,843,0,"MEX","AGUASCALIENTES",NA,NA,NA
"844","Pertussis",2011,844,0,"MEX","AGUASCALIENTES",NA,NA,NA
"845","Pertussis",2011,845,0,"MEX","AGUASCALIENTES",NA,NA,NA
"846","Pertussis",2011,846,0,"MEX","AGUASCALIENTES",NA,NA,NA
"847","Pertussis",2011,847,0,"MEX","AGUASCALIENTES",NA,NA,NA
"848","Pertussis",2011,848,0.0625,"MEX","AGUASCALIENTES",NA,NA,NA
"849","Pertussis",2011,849,0.4375,"MEX","AGUASCALIENTES",NA,NA,NA
"850","Pertussis",2011,850,0,"MEX","AGUASCALIENTES",NA,NA,NA
"851","Pertussis",2011,851,0,"MEX","AGUASCALIENTES",NA,NA,NA
"852","Pertussis",2011,852,0,"MEX","AGUASCALIENTES",NA,NA,NA
"853","Pertussis",2011,853,0,"MEX","AGUASCALIENTES",NA,NA,NA
"854","Pertussis",2011,854,0,"MEX","AGUASCALIENTES",NA,NA,NA
"855","Pertussis",2011,855,0,"MEX","AGUASCALIENTES",NA,NA,NA
"856","Pertussis",2011,856,0.125,"MEX","AGUASCALIENTES",NA,NA,NA
"857","Pertussis",2011,857,0.03125,"MEX","AGUASCALIENTES",NA,NA,NA
"858","Pertussis",2011,858,0.15625,"MEX","AGUASCALIENTES",NA,NA,NA
"859","Pertussis",2011,859,0,"MEX","AGUASCALIENTES",NA,NA,NA
"860","Pertussis",2011,860,0,"MEX","AGUASCALIENTES",NA,NA,NA
"861","Pertussis",2011,861,0,"MEX","AGUASCALIENTES",NA,NA,NA
"862","Pertussis",2011,862,0.6875,"MEX","AGUASCALIENTES",NA,NA,NA
"863","Pertussis",2012,863,0,"MEX","AGUASCALIENTES",NA,NA,NA
"864","Pertussis",2012,864,0.09375,"MEX","AGUASCALIENTES",NA,NA,NA
"865","Pertussis",2012,865,0,"MEX","AGUASCALIENTES",NA,NA,NA
"866","Pertussis",2012,866,0.0625,"MEX","AGUASCALIENTES",NA,NA,NA
"867","Pertussis",2012,867,0,"MEX","AGUASCALIENTES",NA,NA,NA
"868","Pertussis",2012,868,0,"MEX","AGUASCALIENTES",NA,NA,NA
"869","Pertussis",2012,869,0,"MEX","AGUASCALIENTES",NA,NA,NA
"870","Pertussis",2012,870,0.28125,"MEX","AGUASCALIENTES",NA,NA,NA
"871","Pertussis",2012,871,0,"MEX","AGUASCALIENTES",NA,NA,NA
"872","Pertussis",2012,872,0.0625,"MEX","AGUASCALIENTES",NA,NA,NA
"873","Pertussis",2012,873,0.0625,"MEX","AGUASCALIENTES",NA,NA,NA
"874","Pertussis",2012,874,0,"MEX","AGUASCALIENTES",NA,NA,NA
"875","Pertussis",2012,875,2.09375,"MEX","AGUASCALIENTES",NA,NA,NA
"876","Pertussis",2012,876,0,"MEX","AGUASCALIENTES",NA,NA,NA
"877","Pertussis",2012,877,0,"MEX","AGUASCALIENTES",NA,NA,NA
"878","Pertussis",2012,878,0,"MEX","AGUASCALIENTES",NA,NA,NA
"879","Pertussis",2012,879,0.5,"MEX","AGUASCALIENTES",NA,NA,NA
"880","Pertussis",2012,880,2.46875,"MEX","AGUASCALIENTES",NA,NA,NA
"881","Pertussis",2012,881,0.5,"MEX","AGUASCALIENTES",NA,NA,NA
"882","Pertussis",2012,882,0.625,"MEX","AGUASCALIENTES",NA,NA,NA
"883","Pertussis",2012,883,0.15625,"MEX","AGUASCALIENTES",NA,NA,NA
"884","Pertussis",2012,884,0.34375,"MEX","AGUASCALIENTES",NA,NA,NA
"885","Pertussis",2012,885,0.21875,"MEX","AGUASCALIENTES",NA,NA,NA
"886","Pertussis",2012,886,0.46875,"MEX","AGUASCALIENTES",NA,NA,NA
"887","Pertussis",2012,887,0,"MEX","AGUASCALIENTES",NA,NA,NA
"888","Pertussis",2012,888,0,"MEX","AGUASCALIENTES",NA,NA,NA
"889","Pertussis",2012,889,0,"MEX","AGUASCALIENTES",NA,NA,NA
"890","Pertussis",2012,890,0,"MEX","AGUASCALIENTES",NA,NA,NA
"891","Pertussis",2012,891,0,"MEX","AGUASCALIENTES",NA,NA,NA
"892","Pertussis",2012,892,0.3125,"MEX","AGUASCALIENTES",NA,NA,NA
"893","Pertussis",2012,893,3.59375,"MEX","AGUASCALIENTES",NA,NA,NA
"894","Pertussis",2012,894,0,"MEX","AGUASCALIENTES",NA,NA,NA
"895","Pertussis",2012,895,0.5,"MEX","AGUASCALIENTES",NA,NA,NA
"896","Pertussis",2012,896,0.59375,"MEX","AGUASCALIENTES",NA,NA,NA
"897","Pertussis",2012,897,0.40625,"MEX","AGUASCALIENTES",NA,NA,NA
"898","Pertussis",2012,898,0.3125,"MEX","AGUASCALIENTES",NA,NA,NA
"899","Pertussis",2012,899,0.1875,"MEX","AGUASCALIENTES",NA,NA,NA
"900","Pertussis",2012,900,0.125,"MEX","AGUASCALIENTES",NA,NA,NA
"901","Pertussis",2012,901,1.8125,"MEX","AGUASCALIENTES",NA,NA,NA
"902","Pertussis",2012,902,0.125,"MEX","AGUASCALIENTES",NA,NA,NA
"903","Pertussis",2012,903,0.15625,"MEX","AGUASCALIENTES",NA,NA,NA
"904","Pertussis",2012,904,0.125,"MEX","AGUASCALIENTES",NA,NA,NA
"905","Pertussis",2012,905,0.53125,"MEX","AGUASCALIENTES",NA,NA,NA
"906","Pertussis",2012,906,1.28125,"MEX","AGUASCALIENTES",NA,NA,NA
"907","Pertussis",2012,907,0.5625,"MEX","AGUASCALIENTES",NA,NA,NA
"908","Pertussis",2012,908,0.15625,"MEX","AGUASCALIENTES",NA,NA,NA
"909","Pertussis",2012,909,0,"MEX","AGUASCALIENTES",NA,NA,NA
"910","Pertussis",2012,910,1,"MEX","AGUASCALIENTES",NA,NA,NA
"911","Pertussis",2012,911,0.78125,"MEX","AGUASCALIENTES",NA,NA,NA
"912","Pertussis",2012,912,0.59375,"MEX","AGUASCALIENTES",NA,NA,NA
"913","Pertussis",2012,913,0,"MEX","AGUASCALIENTES",NA,NA,NA
"914","Pertussis",2012,914,0,"MEX","AGUASCALIENTES",NA,NA,NA
"915","Pertussis",2013,915,0,"MEX","AGUASCALIENTES",NA,NA,NA
"916","Pertussis",2013,916,0,"MEX","AGUASCALIENTES",NA,NA,NA
"917","Pertussis",2013,917,0,"MEX","AGUASCALIENTES",NA,NA,NA
"918","Pertussis",2013,918,0.03125,"MEX","AGUASCALIENTES",NA,NA,NA
"919","Pertussis",2013,919,0.125,"MEX","AGUASCALIENTES",NA,NA,NA
"920","Pertussis",2013,920,0.03125,"MEX","AGUASCALIENTES",NA,NA,NA
"921","Pertussis",2013,921,0.09375,"MEX","AGUASCALIENTES",NA,NA,NA
"922","Pertussis",2013,922,0.15625,"MEX","AGUASCALIENTES",NA,NA,NA
"923","Pertussis",2013,923,0,"MEX","AGUASCALIENTES",NA,NA,NA
"924","Pertussis",2013,924,0,"MEX","AGUASCALIENTES",NA,NA,NA
"925","Pertussis",2013,925,0.59375,"MEX","AGUASCALIENTES",NA,NA,NA
"926","Pertussis",2013,926,0,"MEX","AGUASCALIENTES",NA,NA,NA
"927","Pertussis",2013,927,1.40625,"MEX","AGUASCALIENTES",NA,NA,NA
"928","Pertussis",2013,928,0,"MEX","AGUASCALIENTES",NA,NA,NA
"929","Pertussis",2013,929,0.9375,"MEX","AGUASCALIENTES",NA,NA,NA
"930","Pertussis",2013,930,0,"MEX","AGUASCALIENTES",NA,NA,NA
"931","Pertussis",2013,931,1.125,"MEX","AGUASCALIENTES",NA,NA,NA
"932","Pertussis",2013,932,0.1875,"MEX","AGUASCALIENTES",NA,NA,NA
"933","Pertussis",2013,933,0.46875,"MEX","AGUASCALIENTES",NA,NA,NA
"934","Pertussis",2013,934,0.375,"MEX","AGUASCALIENTES",NA,NA,NA
"935","Pertussis",2013,935,1.84375,"MEX","AGUASCALIENTES",NA,NA,NA
"936","Pertussis",2013,936,0.5625,"MEX","AGUASCALIENTES",NA,NA,NA
"937","Pertussis",2013,937,0.375,"MEX","AGUASCALIENTES",NA,NA,NA
"938","Pertussis",2013,938,0.4375,"MEX","AGUASCALIENTES",NA,NA,NA
"939","Pertussis",2013,939,1.5625,"MEX","AGUASCALIENTES",NA,NA,NA
"940","Pertussis",2013,940,0.15625,"MEX","AGUASCALIENTES",NA,NA,NA
"941","Pertussis",2013,941,0.25,"MEX","AGUASCALIENTES",NA,NA,NA
"942","Pertussis",2013,942,0.5,"MEX","AGUASCALIENTES",NA,NA,NA
"943","Pertussis",2013,943,0.0625,"MEX","AGUASCALIENTES",NA,NA,NA
"944","Pertussis",2013,944,0.90625,"MEX","AGUASCALIENTES",NA,NA,NA
"945","Pertussis",2013,945,0.21875,"MEX","AGUASCALIENTES",NA,NA,NA
"946","Pertussis",2013,946,0,"MEX","AGUASCALIENTES",NA,NA,NA
"947","Pertussis",2013,947,0,"MEX","AGUASCALIENTES",NA,NA,NA
"948","Pertussis",2013,948,0.09375,"MEX","AGUASCALIENTES",NA,NA,NA
"949","Pertussis",2013,949,0.15625,"MEX","AGUASCALIENTES",NA,NA,NA
"950","Pertussis",2013,950,0.46875,"MEX","AGUASCALIENTES",NA,NA,NA
"951","Pertussis",2013,951,0.40625,"MEX","AGUASCALIENTES",NA,NA,NA
"952","Pertussis",2013,952,0.125,"MEX","AGUASCALIENTES",NA,NA,NA
"953","Pertussis",2013,953,1.8125,"MEX","AGUASCALIENTES",NA,NA,NA
"954","Pertussis",2013,954,0,"MEX","AGUASCALIENTES",NA,NA,NA
"955","Pertussis",2013,955,0.3125,"MEX","AGUASCALIENTES",NA,NA,NA
"956","Pertussis",2013,956,0,"MEX","AGUASCALIENTES",NA,NA,NA
"957","Pertussis",2013,957,0.34375,"MEX","AGUASCALIENTES",NA,NA,NA
"958","Pertussis",2013,958,0.1875,"MEX","AGUASCALIENTES",NA,NA,NA
"959","Pertussis",2013,959,0,"MEX","AGUASCALIENTES",NA,NA,NA
"960","Pertussis",2013,960,0.46875,"MEX","AGUASCALIENTES",NA,NA,NA
"961","Pertussis",2013,961,0,"MEX","AGUASCALIENTES",NA,NA,NA
"962","Pertussis",2013,962,0.1875,"MEX","AGUASCALIENTES",NA,NA,NA
"963","Pertussis",2013,963,0.25,"MEX","AGUASCALIENTES",NA,NA,NA
"964","Pertussis",2013,964,0,"MEX","AGUASCALIENTES",NA,NA,NA
"965","Pertussis",2013,965,0,"MEX","AGUASCALIENTES",NA,NA,NA
"966","Pertussis",2013,966,4.15625,"MEX","AGUASCALIENTES",NA,NA,NA
"967","Pertussis",2014,967,0,"MEX","AGUASCALIENTES",NA,NA,NA
"968","Pertussis",2014,968,0.03125,"MEX","AGUASCALIENTES",NA,NA,NA
"969","Pertussis",2014,969,0,"MEX","AGUASCALIENTES",NA,NA,NA
"970","Pertussis",2014,970,0,"MEX","AGUASCALIENTES",NA,NA,NA
"971","Pertussis",2014,971,0,"MEX","AGUASCALIENTES",NA,NA,NA
"972","Pertussis",2014,972,0.09375,"MEX","AGUASCALIENTES",NA,NA,NA
"973","Pertussis",2014,973,0.09375,"MEX","AGUASCALIENTES",NA,NA,NA
"974","Pertussis",2014,974,0.4375,"MEX","AGUASCALIENTES",NA,NA,NA
"975","Pertussis",2014,975,0.3125,"MEX","AGUASCALIENTES",NA,NA,NA
"976","Pertussis",2014,976,0.34375,"MEX","AGUASCALIENTES",NA,NA,NA
"977","Pertussis",2014,977,0.5,"MEX","AGUASCALIENTES",NA,NA,NA
"978","Pertussis",2014,978,0.5,"MEX","AGUASCALIENTES",NA,NA,NA
"979","Pertussis",2014,979,0.90625,"MEX","AGUASCALIENTES",NA,NA,NA
"980","Pertussis",2014,980,0.90625,"MEX","AGUASCALIENTES",NA,NA,NA
"981","Pertussis",2014,981,0.4375,"MEX","AGUASCALIENTES",NA,NA,NA
"982","Pertussis",2014,982,0.5625,"MEX","AGUASCALIENTES",NA,NA,NA
"983","Pertussis",2014,983,1.125,"MEX","AGUASCALIENTES",NA,NA,NA
"984","Pertussis",2014,984,0,"MEX","AGUASCALIENTES",NA,NA,NA
"985","Pertussis",2014,985,0.59375,"MEX","AGUASCALIENTES",NA,NA,NA
"986","Pertussis",2014,986,2.9375,"MEX","AGUASCALIENTES",NA,NA,NA
"987","Pertussis",2014,987,0.28125,"MEX","AGUASCALIENTES",NA,NA,NA
"988","Pertussis",2014,988,1.34375,"MEX","AGUASCALIENTES",NA,NA,NA
"989","Pertussis",2014,989,0.09375,"MEX","AGUASCALIENTES",NA,NA,NA
"990","Pertussis",2014,990,0.25,"MEX","AGUASCALIENTES",NA,NA,NA
"991","Pertussis",2014,991,0.03125,"MEX","AGUASCALIENTES",NA,NA,NA
"992","Pertussis",2014,992,0.28125,"MEX","AGUASCALIENTES",NA,NA,NA
"993","Pertussis",2014,993,0,"MEX","AGUASCALIENTES",NA,NA,NA
"994","Pertussis",2014,994,0,"MEX","AGUASCALIENTES",NA,NA,NA
"995","Pertussis",2014,995,0.0625,"MEX","AGUASCALIENTES",NA,NA,NA
"996","Pertussis",2014,996,0.34375,"MEX","AGUASCALIENTES",NA,NA,NA
"997","Pertussis",2014,997,0.1875,"MEX","AGUASCALIENTES",NA,NA,NA
"998","Pertussis",2014,998,0.375,"MEX","AGUASCALIENTES",NA,NA,NA
"999","Pertussis",2014,999,0.5625,"MEX","AGUASCALIENTES",NA,NA,NA
"1000","Pertussis",2014,1000,0.125,"MEX","AGUASCALIENTES",NA,NA,NA
"1001","Pertussis",2014,1001,0.09375,"MEX","AGUASCALIENTES",NA,NA,NA
"1002","Pertussis",2014,1002,0,"MEX","AGUASCALIENTES",NA,NA,NA
"1003","Pertussis",2014,1003,0,"MEX","AGUASCALIENTES",NA,NA,NA
"1004","Pertussis",2014,1004,0.75,"MEX","AGUASCALIENTES",NA,NA,NA
"1005","Pertussis",2014,1005,0.34375,"MEX","AGUASCALIENTES",NA,NA,NA
"1006","Pertussis",2014,1006,0,"MEX","AGUASCALIENTES",NA,NA,NA
"1007","Pertussis",2014,1007,0.25,"MEX","AGUASCALIENTES",NA,NA,NA
"1008","Pertussis",2014,1008,0.09375,"MEX","AGUASCALIENTES",NA,NA,NA
"1009","Pertussis",2014,1009,0.40625,"MEX","AGUASCALIENTES",NA,NA,NA
"1010","Pertussis",2014,1010,0.3125,"MEX","AGUASCALIENTES",NA,NA,NA
"1011","Pertussis",2014,1011,0.15625,"MEX","AGUASCALIENTES",NA,NA,NA
"1012","Pertussis",2014,1012,0,"MEX","AGUASCALIENTES",NA,NA,NA
"1013","Pertussis",2014,1013,0,"MEX","AGUASCALIENTES",NA,NA,NA
"1014","Pertussis",2014,1014,1.28125,"MEX","AGUASCALIENTES",NA,NA,NA
"1015","Pertussis",2014,1015,0,"MEX","AGUASCALIENTES",NA,NA,NA
"1016","Pertussis",2014,1016,0.21875,"MEX","AGUASCALIENTES",NA,NA,NA
"1017","Pertussis",2014,1017,0.46875,"MEX","AGUASCALIENTES",NA,NA,NA
"1018","Pertussis",2014,1018,0,"MEX","AGUASCALIENTES",NA,NA,NA
"1019","Pertussis",2014,1019,0,"MEX","AGUASCALIENTES",NA,NA,NA
"1020","Pertussis",2015,1020,0,"MEX","AGUASCALIENTES",NA,NA,NA
"1021","Pertussis",2015,1021,0.03125,"MEX","AGUASCALIENTES",NA,NA,NA
"1022","Pertussis",2015,1022,0.1875,"MEX","AGUASCALIENTES",NA,NA,NA
"1023","Pertussis",2015,1023,0.25,"MEX","AGUASCALIENTES",NA,NA,NA
"1024","Pertussis",2015,1024,0.375,"MEX","AGUASCALIENTES",NA,NA,NA
"1025","Pertussis",2015,1025,0,"MEX","AGUASCALIENTES",NA,NA,NA
"1026","Pertussis",2015,1026,0,"MEX","AGUASCALIENTES",NA,NA,NA
"1027","Pertussis",2015,1027,0.09375,"MEX","AGUASCALIENTES",NA,NA,NA
"1028","Pertussis",2015,1028,0,"MEX","AGUASCALIENTES",NA,NA,NA
"1029","Pertussis",2015,1029,0.59375,"MEX","AGUASCALIENTES",NA,NA,NA
"1030","Pertussis",2015,1030,2,"MEX","AGUASCALIENTES",NA,NA,NA
"1031","Pertussis",2015,1031,0.5625,"MEX","AGUASCALIENTES",NA,NA,NA
"1032","Pertussis",2015,1032,0.03125,"MEX","AGUASCALIENTES",NA,NA,NA
"1033","Pertussis",2015,1033,1,"MEX","AGUASCALIENTES",NA,NA,NA
"1034","Pertussis",2015,1034,0.6875,"MEX","AGUASCALIENTES",NA,NA,NA
"1035","Pertussis",2015,1035,0.71875,"MEX","AGUASCALIENTES",NA,NA,NA
"1036","Pertussis",2015,1036,0.1875,"MEX","AGUASCALIENTES",NA,NA,NA
"1037","Pertussis",2015,1037,1.1875,"MEX","AGUASCALIENTES",NA,NA,NA
"1038","Pertussis",2015,1038,0.46875,"MEX","AGUASCALIENTES",NA,NA,NA
"1039","Pertussis",2015,1039,0.9375,"MEX","AGUASCALIENTES",NA,NA,NA
"1040","Pertussis",2015,1040,0,"MEX","AGUASCALIENTES",NA,NA,NA
"1041","Pertussis",2015,1041,1.0625,"MEX","AGUASCALIENTES",NA,NA,NA
"1042","Pertussis",2015,1042,0.21875,"MEX","AGUASCALIENTES",NA,NA,NA
"1043","Pertussis",2015,1043,0.75,"MEX","AGUASCALIENTES",NA,NA,NA
"1044","Pertussis",2015,1044,1.1875,"MEX","AGUASCALIENTES",NA,NA,NA
"1045","Pertussis",2015,1045,0.3125,"MEX","AGUASCALIENTES",NA,NA,NA
"1046","Pertussis",2015,1046,0.3125,"MEX","AGUASCALIENTES",NA,NA,NA
"1047","Pertussis",2015,1047,0.625,"MEX","AGUASCALIENTES",NA,NA,NA
"1048","Pertussis",2015,1048,0.875,"MEX","AGUASCALIENTES",NA,NA,NA
"1049","Pertussis",2015,1049,0.46875,"MEX","AGUASCALIENTES",NA,NA,NA
"1050","Pertussis",2015,1050,0.59375,"MEX","AGUASCALIENTES",NA,NA,NA
"1051","Pertussis",2015,1051,1.4375,"MEX","AGUASCALIENTES",NA,NA,NA
"1052","Pertussis",2015,1052,0.09375,"MEX","AGUASCALIENTES",NA,NA,NA
"1053","Pertussis",2015,1053,0.25,"MEX","AGUASCALIENTES",NA,NA,NA
"1054","Pertussis",2015,1054,0.0625,"MEX","AGUASCALIENTES",NA,NA,NA
"1055","Pertussis",2015,1055,0.09375,"MEX","AGUASCALIENTES",NA,NA,NA
"1056","Pertussis",2015,1056,1.1875,"MEX","AGUASCALIENTES",NA,NA,NA
"1057","Pertussis",2015,1057,1.8125,"MEX","AGUASCALIENTES",NA,NA,NA
"1058","Pertussis",2015,1058,1.3125,"MEX","AGUASCALIENTES",NA,NA,NA
"1059","Pertussis",2015,1059,0.3125,"MEX","AGUASCALIENTES",NA,NA,NA
"1060","Pertussis",2015,1060,0.09375,"MEX","AGUASCALIENTES",NA,NA,NA
"1061","Pertussis",2015,1061,0.6875,"MEX","AGUASCALIENTES",NA,NA,NA
"1062","Pertussis",2015,1062,0.46875,"MEX","AGUASCALIENTES",NA,NA,NA
"1063","Pertussis",2015,1063,0,"MEX","AGUASCALIENTES",NA,NA,NA
"1064","Pertussis",2015,1064,0.59375,"MEX","AGUASCALIENTES",NA,NA,NA
"1065","Pertussis",2015,1065,0.1875,"MEX","AGUASCALIENTES",NA,NA,NA
"1066","Pertussis",2015,1066,0.21875,"MEX","AGUASCALIENTES",NA,NA,NA
"1067","Pertussis",2015,1067,0,"MEX","AGUASCALIENTES",NA,NA,NA
"1068","Pertussis",2015,1068,0.0625,"MEX","AGUASCALIENTES",NA,NA,NA
"1069","Pertussis",2015,1069,0,"MEX","AGUASCALIENTES",NA,NA,NA
"1070","Pertussis",2015,1070,0.46875,"MEX","AGUASCALIENTES",NA,NA,NA
"1071","Pertussis",2015,1071,0.0625,"MEX","AGUASCALIENTES",NA,NA,NA
"1072","Pertussis",2016,1072,0,"MEX","AGUASCALIENTES",NA,NA,NA
"1073","Pertussis",2016,1073,0,"MEX","AGUASCALIENTES",NA,NA,NA
"1074","Pertussis",2016,1074,0,"MEX","AGUASCALIENTES",NA,NA,NA
"1075","Pertussis",2016,1075,0.28125,"MEX","AGUASCALIENTES",NA,NA,NA
"1076","Pertussis",2016,1076,0,"MEX","AGUASCALIENTES",NA,NA,NA
"1077","Pertussis",2016,1077,0.46875,"MEX","AGUASCALIENTES",NA,NA,NA
"1078","Pertussis",2016,1078,0.625,"MEX","AGUASCALIENTES",NA,NA,NA
"1079","Pertussis",2016,1079,0.0625,"MEX","AGUASCALIENTES",NA,NA,NA
"1080","Pertussis",2016,1080,0.15625,"MEX","AGUASCALIENTES",NA,NA,NA
"1081","Pertussis",2016,1081,1.09375,"MEX","AGUASCALIENTES",NA,NA,NA
"1082","Pertussis",2016,1082,0,"MEX","AGUASCALIENTES",NA,NA,NA
"1083","Pertussis",2016,1083,0.53125,"MEX","AGUASCALIENTES",NA,NA,NA
"1084","Pertussis",2016,1084,1.375,"MEX","AGUASCALIENTES",NA,NA,NA
"1085","Pertussis",2016,1085,0,"MEX","AGUASCALIENTES",NA,NA,NA
"1086","Pertussis",2016,1086,0.25,"MEX","AGUASCALIENTES",NA,NA,NA
"1087","Pertussis",2016,1087,0.21875,"MEX","AGUASCALIENTES",NA,NA,NA
"1088","Pertussis",2016,1088,0.625,"MEX","AGUASCALIENTES",NA,NA,NA
"1089","Pertussis",2016,1089,0.375,"MEX","AGUASCALIENTES",NA,NA,NA
"1090","Pertussis",2016,1090,0.125,"MEX","AGUASCALIENTES",NA,NA,NA
"1091","Pertussis",2016,1091,0,"MEX","AGUASCALIENTES",NA,NA,NA
"1092","Pertussis",2016,1092,1.28125,"MEX","AGUASCALIENTES",NA,NA,NA
"1093","Pertussis",2016,1093,1.1875,"MEX","AGUASCALIENTES",NA,NA,NA
"1094","Pertussis",2016,1094,0.28125,"MEX","AGUASCALIENTES",NA,NA,NA
"1095","Pertussis",2016,1095,0.4375,"MEX","AGUASCALIENTES",NA,NA,NA
"1096","Pertussis",2016,1096,0.125,"MEX","AGUASCALIENTES",NA,NA,NA
"1097","Pertussis",2016,1097,0.90625,"MEX","AGUASCALIENTES",NA,NA,NA
"1098","Pertussis",2016,1098,0,"MEX","AGUASCALIENTES",NA,NA,NA
"1099","Pertussis",2016,1099,0.1875,"MEX","AGUASCALIENTES",NA,NA,NA
"1100","Pertussis",2016,1100,0.59375,"MEX","AGUASCALIENTES",NA,NA,NA
"1101","Pertussis",2016,1101,0.34375,"MEX","AGUASCALIENTES",NA,NA,NA
"1102","Pertussis",2016,1102,0,"MEX","AGUASCALIENTES",NA,NA,NA
"1103","Pertussis",2016,1103,0.625,"MEX","AGUASCALIENTES",NA,NA,NA
"1104","Pertussis",2016,1104,0.40625,"MEX","AGUASCALIENTES",NA,NA,NA
"1105","Pertussis",2016,1105,0.40625,"MEX","AGUASCALIENTES",NA,NA,NA
"1106","Pertussis",2016,1106,0.5625,"MEX","AGUASCALIENTES",NA,NA,NA
"1107","Pertussis",2016,1107,0,"MEX","AGUASCALIENTES",NA,NA,NA
"1108","Pertussis",2016,1108,1.125,"MEX","AGUASCALIENTES",NA,NA,NA
"1109","Pertussis",2016,1109,0.59375,"MEX","AGUASCALIENTES",NA,NA,NA
"1110","Pertussis",2016,1110,1.0625,"MEX","AGUASCALIENTES",NA,NA,NA
"1111","Pertussis",2016,1111,0,"MEX","AGUASCALIENTES",NA,NA,NA
"1112","Pertussis",2016,1112,1.03125,"MEX","AGUASCALIENTES",NA,NA,NA
"1113","Pertussis",2016,1113,0,"MEX","AGUASCALIENTES",NA,NA,NA
"1114","Pertussis",2016,1114,0,"MEX","AGUASCALIENTES",NA,NA,NA
"1115","Pertussis",2016,1115,0.46875,"MEX","AGUASCALIENTES",NA,NA,NA
"1116","Pertussis",2016,1116,0.03125,"MEX","AGUASCALIENTES",NA,NA,NA
"1117","Pertussis",2016,1117,0.1875,"MEX","AGUASCALIENTES",NA,NA,NA
"1118","Pertussis",2016,1118,0,"MEX","AGUASCALIENTES",NA,NA,NA
"1119","Pertussis",2016,1119,1.96875,"MEX","AGUASCALIENTES",NA,NA,NA
"1120","Pertussis",2016,1120,0.59375,"MEX","AGUASCALIENTES",NA,NA,NA
"1121","Pertussis",2016,1121,0.71875,"MEX","AGUASCALIENTES",NA,NA,NA
"1122","Pertussis",2016,1122,0.0625,"MEX","AGUASCALIENTES",NA,NA,NA
"1123","Pertussis",2016,1123,0.71875,"MEX","AGUASCALIENTES",NA,NA,NA
"1124","Pertussis",2017,1124,0,"MEX","AGUASCALIENTES",NA,NA,NA
"1125","Pertussis",2017,1125,0,"MEX","AGUASCALIENTES",NA,NA,NA
"1126","Pertussis",2017,1126,0.09375,"MEX","AGUASCALIENTES",NA,NA,NA
"1127","Pertussis",2017,1127,0.09375,"MEX","AGUASCALIENTES",NA,NA,NA
"1128","Pertussis",2017,1128,0.125,"MEX","AGUASCALIENTES",NA,NA,NA
"1129","Pertussis",2017,1129,0.0625,"MEX","AGUASCALIENTES",NA,NA,NA
"1130","Pertussis",2017,1130,0.125,"MEX","AGUASCALIENTES",NA,NA,NA
"1131","Pertussis",2017,1131,0.125,"MEX","AGUASCALIENTES",NA,NA,NA
"1132","Pertussis",2017,1132,0.78125,"MEX","AGUASCALIENTES",NA,NA,NA
"1133","Pertussis",2017,1133,1.3125,"MEX","AGUASCALIENTES",NA,NA,NA
"1134","Pertussis",2017,1134,0.5625,"MEX","AGUASCALIENTES",NA,NA,NA
"1135","Pertussis",2017,1135,0.5625,"MEX","AGUASCALIENTES",NA,NA,NA
"1136","Pertussis",2017,1136,0.28125,"MEX","AGUASCALIENTES",NA,NA,NA
"1137","Pertussis",2017,1137,0,"MEX","AGUASCALIENTES",NA,NA,NA
"1138","Pertussis",2017,1138,0.1875,"MEX","AGUASCALIENTES",NA,NA,NA
"1139","Pertussis",2017,1139,0.3125,"MEX","AGUASCALIENTES",NA,NA,NA
"1140","Pertussis",2017,1140,0.96875,"MEX","AGUASCALIENTES",NA,NA,NA
"1141","Pertussis",2017,1141,1.03125,"MEX","AGUASCALIENTES",NA,NA,NA
"1142","Pertussis",2017,1142,0.25,"MEX","AGUASCALIENTES",NA,NA,NA
"1143","Pertussis",2017,1143,0.25,"MEX","AGUASCALIENTES",NA,NA,NA
"1144","Pertussis",2017,1144,0.15625,"MEX","AGUASCALIENTES",NA,NA,NA
"1145","Pertussis",2017,1145,1.1875,"MEX","AGUASCALIENTES",NA,NA,NA
"1146","Pertussis",2017,1146,0.1875,"MEX","AGUASCALIENTES",NA,NA,NA
"1147","Pertussis",2017,1147,0.125,"MEX","AGUASCALIENTES",NA,NA,NA
"1148","Pertussis",2017,1148,0.1875,"MEX","AGUASCALIENTES",NA,NA,NA
"1149","Pertussis",2017,1149,1.6875,"MEX","AGUASCALIENTES",NA,NA,NA
"1150","Pertussis",2017,1150,0.125,"MEX","AGUASCALIENTES",NA,NA,NA
"1151","Pertussis",2017,1151,0.125,"MEX","AGUASCALIENTES",NA,NA,NA
"1152","Pertussis",2017,1152,0,"MEX","AGUASCALIENTES",NA,NA,NA
"1153","Pertussis",2017,1153,0,"MEX","AGUASCALIENTES",NA,NA,NA
"1154","Pertussis",2017,1154,0.03125,"MEX","AGUASCALIENTES",NA,NA,NA
"1155","Pertussis",2017,1155,0.15625,"MEX","AGUASCALIENTES",NA,NA,NA
"1156","Pertussis",2017,1156,0.5,"MEX","AGUASCALIENTES",NA,NA,NA
"1157","Pertussis",2017,1157,0.4375,"MEX","AGUASCALIENTES",NA,NA,NA
"1158","Pertussis",2017,1158,0.9375,"MEX","AGUASCALIENTES",NA,NA,NA
"1159","Pertussis",2017,1159,0.15625,"MEX","AGUASCALIENTES",NA,NA,NA
"1160","Pertussis",2017,1160,0,"MEX","AGUASCALIENTES",NA,NA,NA
"1161","Pertussis",2017,1161,0.40625,"MEX","AGUASCALIENTES",NA,NA,NA
"1162","Pertussis",2017,1162,1,"MEX","AGUASCALIENTES",NA,NA,NA
"1163","Pertussis",2017,1163,0.25,"MEX","AGUASCALIENTES",NA,NA,NA
"1164","Pertussis",2017,1164,0.3125,"MEX","AGUASCALIENTES",NA,NA,NA
"1165","Pertussis",2017,1165,0.34375,"MEX","AGUASCALIENTES",NA,NA,NA
"1166","Pertussis",2017,1166,0.65625,"MEX","AGUASCALIENTES",NA,NA,NA
"1167","Pertussis",2017,1167,0,"MEX","AGUASCALIENTES",NA,NA,NA
"1168","Pertussis",2017,1168,0.15625,"MEX","AGUASCALIENTES",NA,NA,NA
"1169","Pertussis",2017,1169,0.125,"MEX","AGUASCALIENTES",NA,NA,NA
"1170","Pertussis",2017,1170,0.375,"MEX","AGUASCALIENTES",NA,NA,NA
"1171","Pertussis",2017,1171,0.21875,"MEX","AGUASCALIENTES",NA,NA,NA
"1172","Pertussis",2017,1172,1.03125,"MEX","AGUASCALIENTES",NA,NA,NA
"1173","Pertussis",2017,1173,0.1875,"MEX","AGUASCALIENTES",NA,NA,NA
"1174","Pertussis",2017,1174,0.375,"MEX","AGUASCALIENTES",NA,NA,NA
"1175","Pertussis",2017,1175,1.09375,"MEX","AGUASCALIENTES",NA,NA,NA
"1176","Pertussis",2018,1176,0,"MEX","AGUASCALIENTES",NA,NA,NA
"1177","Pertussis",2018,1177,0,"MEX","AGUASCALIENTES",NA,NA,NA
"1178","Pertussis",2018,1178,0.09375,"MEX","AGUASCALIENTES",NA,NA,NA
"1179","Pertussis",2018,1179,0.125,"MEX","AGUASCALIENTES",NA,NA,NA
"1180","Pertussis",2018,1180,0.25,"MEX","AGUASCALIENTES",NA,NA,NA
"1181","Pertussis",2018,1181,0,"MEX","AGUASCALIENTES",NA,NA,NA
"1182","Pertussis",2018,1182,0.46875,"MEX","AGUASCALIENTES",NA,NA,NA
"1183","Pertussis",2018,1183,0.4375,"MEX","AGUASCALIENTES",NA,NA,NA
"1184","Pertussis",2018,1184,0.25,"MEX","AGUASCALIENTES",NA,NA,NA
"1185","Pertussis",2018,1185,0.28125,"MEX","AGUASCALIENTES",NA,NA,NA
"1186","Pertussis",2018,1186,0.40625,"MEX","AGUASCALIENTES",NA,NA,NA
"1187","Pertussis",2018,1187,0.125,"MEX","AGUASCALIENTES",NA,NA,NA
"1188","Pertussis",2018,1188,1.40625,"MEX","AGUASCALIENTES",NA,NA,NA
"1189","Pertussis",2018,1189,0.28125,"MEX","AGUASCALIENTES",NA,NA,NA
"1190","Pertussis",2018,1190,0.34375,"MEX","AGUASCALIENTES",NA,NA,NA
"1191","Pertussis",2018,1191,0.75,"MEX","AGUASCALIENTES",NA,NA,NA
"1192","Pertussis",2018,1192,0.8125,"MEX","AGUASCALIENTES",NA,NA,NA
"1193","Pertussis",2018,1193,0.34375,"MEX","AGUASCALIENTES",NA,NA,NA
"1194","Pertussis",2018,1194,0.3125,"MEX","AGUASCALIENTES",NA,NA,NA
"1195","Pertussis",2018,1195,0.5,"MEX","AGUASCALIENTES",NA,NA,NA
"1196","Pertussis",2018,1196,0.28125,"MEX","AGUASCALIENTES",NA,NA,NA
"1197","Pertussis",2018,1197,0.46875,"MEX","AGUASCALIENTES",NA,NA,NA
"1198","Pertussis",2018,1198,0.25,"MEX","AGUASCALIENTES",NA,NA,NA
"1199","Pertussis",2018,1199,0.09375,"MEX","AGUASCALIENTES",NA,NA,NA
"1200","Pertussis",2018,1200,0.59375,"MEX","AGUASCALIENTES",NA,NA,NA
"1201","Pertussis",2018,1201,0.84375,"MEX","AGUASCALIENTES",NA,NA,NA
"1202","Pertussis",2018,1202,0.28125,"MEX","AGUASCALIENTES",NA,NA,NA
"1203","Pertussis",2018,1203,0.09375,"MEX","AGUASCALIENTES",NA,NA,NA
"1204","Pertussis",2018,1204,0.71875,"MEX","AGUASCALIENTES",NA,NA,NA
"1205","Pertussis",2018,1205,0.9375,"MEX","AGUASCALIENTES",NA,NA,NA
"1206","Pertussis",2018,1206,0.3125,"MEX","AGUASCALIENTES",NA,NA,NA
"1207","Pertussis",2018,1207,0.40625,"MEX","AGUASCALIENTES",NA,NA,NA
"1208","Pertussis",2018,1208,0.6875,"MEX","AGUASCALIENTES",NA,NA,NA
"1209","Pertussis",2018,1209,0.3125,"MEX","AGUASCALIENTES",NA,NA,NA
"1210","Pertussis",2018,1210,0.71875,"MEX","AGUASCALIENTES",NA,NA,NA
"1211","Pertussis",2018,1211,0.15625,"MEX","AGUASCALIENTES",NA,NA,NA
"1212","Pertussis",2018,1212,0.28125,"MEX","AGUASCALIENTES",NA,NA,NA
"1213","Pertussis",2018,1213,0.1875,"MEX","AGUASCALIENTES",NA,NA,NA
"1214","Pertussis",2018,1214,1.34375,"MEX","AGUASCALIENTES",NA,NA,NA
"1215","Pertussis",2018,1215,0.1875,"MEX","AGUASCALIENTES",NA,NA,NA
"1216","Pertussis",2018,1216,0.125,"MEX","AGUASCALIENTES",NA,NA,NA
"1217","Pertussis",2018,1217,0.40625,"MEX","AGUASCALIENTES",NA,NA,NA
"1218","Pertussis",2018,1218,0.4375,"MEX","AGUASCALIENTES",NA,NA,NA
"1219","Pertussis",2018,1219,0.53125,"MEX","AGUASCALIENTES",NA,NA,NA
"1220","Pertussis",2018,1220,0.15625,"MEX","AGUASCALIENTES",NA,NA,NA
"1221","Pertussis",2018,1221,0.78125,"MEX","AGUASCALIENTES",NA,NA,NA
"1222","Pertussis",2018,1222,0.09375,"MEX","AGUASCALIENTES",NA,NA,NA
"1223","Pertussis",2018,1223,0.28125,"MEX","AGUASCALIENTES",NA,NA,NA
"1224","Pertussis",2018,1224,0.25,"MEX","AGUASCALIENTES",NA,NA,NA
"1225","Pertussis",2018,1225,0.46875,"MEX","AGUASCALIENTES",NA,NA,NA
"1226","Pertussis",2018,1226,0.6875,"MEX","AGUASCALIENTES",NA,NA,NA
"1227","Pertussis",2018,1227,0,"MEX","AGUASCALIENTES",NA,NA,NA
"1228","Pertussis",2019,1228,0,"MEX","AGUASCALIENTES",NA,NA,NA
"1229","Pertussis",2019,1229,0,"MEX","AGUASCALIENTES",NA,NA,NA
"1230","Pertussis",2019,1230,0.03125,"MEX","AGUASCALIENTES",NA,NA,NA
"1231","Pertussis",2019,1231,0.59375,"MEX","AGUASCALIENTES",NA,NA,NA
"1232","Pertussis",2019,1232,0.46875,"MEX","AGUASCALIENTES",NA,NA,NA
"1233","Pertussis",2019,1233,0.28125,"MEX","AGUASCALIENTES",NA,NA,NA
"1234","Pertussis",2019,1234,0.03125,"MEX","AGUASCALIENTES",NA,NA,NA
"1235","Pertussis",2019,1235,1.4375,"MEX","AGUASCALIENTES",NA,NA,NA
"1236","Pertussis",2019,1236,0.9375,"MEX","AGUASCALIENTES",NA,NA,NA
"1237","Pertussis",2019,1237,0.8125,"MEX","AGUASCALIENTES",NA,NA,NA
"1238","Pertussis",2019,1238,1,"MEX","AGUASCALIENTES",NA,NA,NA
"1239","Pertussis",2019,1239,0.46875,"MEX","AGUASCALIENTES",NA,NA,NA
"1240","Pertussis",2019,1240,0.78125,"MEX","AGUASCALIENTES",NA,NA,NA
"1241","Pertussis",2019,1241,0.5,"MEX","AGUASCALIENTES",NA,NA,NA
"1242","Pertussis",2019,1242,0.6875,"MEX","AGUASCALIENTES",NA,NA,NA
"1243","Pertussis",2019,1243,0.6875,"MEX","AGUASCALIENTES",NA,NA,NA
"1244","Pertussis",2019,1244,0.375,"MEX","AGUASCALIENTES",NA,NA,NA
"1245","Pertussis",2019,1245,0.75,"MEX","AGUASCALIENTES",NA,NA,NA
"1246","Pertussis",2019,1246,0.34375,"MEX","AGUASCALIENTES",NA,NA,NA
"1247","Pertussis",2019,1247,0.75,"MEX","AGUASCALIENTES",NA,NA,NA
"1248","Pertussis",2019,1248,0.53125,"MEX","AGUASCALIENTES",NA,NA,NA
"1249","Pertussis",2019,1249,0.375,"MEX","AGUASCALIENTES",NA,NA,NA
"1250","Pertussis",2019,1250,1.78125,"MEX","AGUASCALIENTES",NA,NA,NA
"1251","Pertussis",2019,1251,0.375,"MEX","AGUASCALIENTES",NA,NA,NA
"1252","Pertussis",2019,1252,0.21875,"MEX","AGUASCALIENTES",NA,NA,NA
"1253","Pertussis",2019,1253,0.5625,"MEX","AGUASCALIENTES",NA,NA,NA
"1254","Pertussis",2019,1254,0.28125,"MEX","AGUASCALIENTES",NA,NA,NA
"1255","Pertussis",2019,1255,0.53125,"MEX","AGUASCALIENTES",NA,NA,NA
"1256","Pertussis",2019,1256,0.34375,"MEX","AGUASCALIENTES",NA,NA,NA
"1257","Pertussis",2019,1257,0.1875,"MEX","AGUASCALIENTES",NA,NA,NA
"1258","Pertussis",2019,1258,0,"MEX","AGUASCALIENTES",NA,NA,NA
"1259","Pertussis",2019,1259,0.3125,"MEX","AGUASCALIENTES",NA,NA,NA
"1260","Pertussis",2019,1260,0.78125,"MEX","AGUASCALIENTES",NA,NA,NA
"1261","Pertussis",2019,1261,0.46875,"MEX","AGUASCALIENTES",NA,NA,NA
"1262","Pertussis",2019,1262,0.53125,"MEX","AGUASCALIENTES",NA,NA,NA
"1263","Pertussis",2019,1263,0.90625,"MEX","AGUASCALIENTES",NA,NA,NA
"1264","Pertussis",2019,1264,0.46875,"MEX","AGUASCALIENTES",NA,NA,NA
"1265","Pertussis",2019,1265,0.9375,"MEX","AGUASCALIENTES",NA,NA,NA
"1266","Pertussis",2019,1266,0.3125,"MEX","AGUASCALIENTES",NA,NA,NA
"1267","Pertussis",2019,1267,0.0625,"MEX","AGUASCALIENTES",NA,NA,NA
"1268","Pertussis",2019,1268,0.4375,"MEX","AGUASCALIENTES",NA,NA,NA
"1269","Pertussis",2019,1269,0.40625,"MEX","AGUASCALIENTES",NA,NA,NA
"1270","Pertussis",2019,1270,0.15625,"MEX","AGUASCALIENTES",NA,NA,NA
"1271","Pertussis",2019,1271,0.5,"MEX","AGUASCALIENTES",NA,NA,NA
"1272","Pertussis",2019,1272,0.3125,"MEX","AGUASCALIENTES",NA,NA,NA
"1273","Pertussis",2019,1273,0.40625,"MEX","AGUASCALIENTES",NA,NA,NA
"1274","Pertussis",2019,1274,0.0625,"MEX","AGUASCALIENTES",NA,NA,NA
"1275","Pertussis",2019,1275,0.65625,"MEX","AGUASCALIENTES",NA,NA,NA
"1276","Pertussis",2019,1276,0.28125,"MEX","AGUASCALIENTES",NA,NA,NA
"1277","Pertussis",2019,1277,0.34375,"MEX","AGUASCALIENTES",NA,NA,NA
"1278","Pertussis",2019,1278,0.25,"MEX","AGUASCALIENTES",NA,NA,NA
"1279","Pertussis",2019,1279,0.0625,"MEX","AGUASCALIENTES",NA,NA,NA
"1280","Pertussis",2020,1280,0,"MEX","AGUASCALIENTES",NA,NA,NA
"1281","Pertussis",2020,1281,0,"MEX","AGUASCALIENTES",NA,NA,NA
"1282","Pertussis",2020,1282,0,"MEX","AGUASCALIENTES",NA,NA,NA
"1283","Pertussis",2020,1283,0.03125,"MEX","AGUASCALIENTES",NA,NA,NA
"1284","Pertussis",2020,1284,0.15625,"MEX","AGUASCALIENTES",NA,NA,NA
"1285","Pertussis",2020,1285,0.1875,"MEX","AGUASCALIENTES",NA,NA,NA
"1286","Pertussis",2020,1286,0.34375,"MEX","AGUASCALIENTES",NA,NA,NA
"1287","Pertussis",2020,1287,0.34375,"MEX","AGUASCALIENTES",NA,NA,NA
"1288","Pertussis",2020,1288,0.3125,"MEX","AGUASCALIENTES",NA,NA,NA
"1289","Pertussis",2020,1289,0.21875,"MEX","AGUASCALIENTES",NA,NA,NA
"1290","Pertussis",2020,1290,0.53125,"MEX","AGUASCALIENTES",NA,NA,NA
