"","Disease","EpiYear","EpiWeek","Incidence","ADM0","ADM1","ADM2","NA","NA"
"1","Dengue",2009,1,1.90625,"MEX","AGUASCALIENTES",NA,NA,NA
"2","Dengue",2009,2,2.5625,"MEX","AGUASCALIENTES",NA,NA,NA
"3","Dengue",2009,3,6.90625,"MEX","AGUASCALIENTES",NA,NA,NA
"4","Dengue",2009,4,5.65625,"MEX","AGUASCALIENTES",NA,NA,NA
"5","Dengue",2009,5,6.6875,"MEX","AGUASCALIENTES",NA,NA,NA
"6","Dengue",2009,6,7.8125,"MEX","AGUASCALIENTES",NA,NA,NA
"7","Dengue",2009,7,4.21875,"MEX","AGUASCALIENTES",NA,NA,NA
"8","Dengue",2009,8,3.125,"MEX","AGUASCALIENTES",NA,NA,NA
"9","Dengue",2009,9,8.65625,"MEX","AGUASCALIENTES",NA,NA,NA
"10","Dengue",2009,10,6.21875,"MEX","AGUASCALIENTES",NA,NA,NA
"11","Dengue",2009,11,5.46875,"MEX","AGUASCALIENTES",NA,NA,NA
"12","Dengue",2009,12,6.125,"MEX","AGUASCALIENTES",NA,NA,NA
"13","Dengue",2009,13,8.96875,"MEX","AGUASCALIENTES",NA,NA,NA
"14","Dengue",2009,14,9.09375,"MEX","AGUASCALIENTES",NA,NA,NA
"15","Dengue",2009,15,7.1875,"MEX","AGUASCALIENTES",NA,NA,NA
"16","Dengue",2009,16,5.4375,"MEX","AGUASCALIENTES",NA,NA,NA
"17","Dengue",2009,17,6.53125,"MEX","AGUASCALIENTES",NA,NA,NA
"18","Dengue",2009,18,5.90625,"MEX","AGUASCALIENTES",NA,NA,NA
"19","Dengue",2009,19,11.9375,"MEX","AGUASCALIENTES",NA,NA,NA
"20","Dengue",2009,20,9.78125,"MEX","AGUASCALIENTES",NA,NA,NA
"21","Dengue",2009,21,6.6875,"MEX","AGUASCALIENTES",NA,NA,NA
"22","Dengue",2009,22,9.5625,"MEX","AGUASCALIENTES",NA,NA,NA
"23","Dengue",2009,23,7.875,"MEX","AGUASCALIENTES",NA,NA,NA
"24","Dengue",2009,24,8.53125,"MEX","AGUASCALIENTES",NA,NA,NA
"25","Dengue",2009,25,13.96875,"MEX","AGUASCALIENTES",NA,NA,NA
"26","Dengue",2009,26,10.53125,"MEX","AGUASCALIENTES",NA,NA,NA
"27","Dengue",2009,27,13.46875,"MEX","AGUASCALIENTES",NA,NA,NA
"28","Dengue",2009,28,10.84375,"MEX","AGUASCALIENTES",NA,NA,NA
"29","Dengue",2009,29,19.25,"MEX","AGUASCALIENTES",NA,NA,NA
"30","Dengue",2009,30,19.375,"MEX","AGUASCALIENTES",NA,NA,NA
"31","Dengue",2009,31,23.5,"MEX","AGUASCALIENTES",NA,NA,NA
"32","Dengue",2009,32,24.65625,"MEX","AGUASCALIENTES",NA,NA,NA
"33","Dengue",2009,33,34.875,"MEX","AGUASCALIENTES",NA,NA,NA
"34","Dengue",2009,34,39.625,"MEX","AGUASCALIENTES",NA,NA,NA
"35","Dengue",2009,35,45.65625,"MEX","AGUASCALIENTES",NA,NA,NA
"36","Dengue",2009,36,53.1875,"MEX","AGUASCALIENTES",NA,NA,NA
"37","Dengue",2009,37,36.59375,"MEX","AGUASCALIENTES",NA,NA,NA
"38","Dengue",2009,38,91.03125,"MEX","AGUASCALIENTES",NA,NA,NA
"39","Dengue",2009,39,79.28125,"MEX","AGUASCALIENTES",NA,NA,NA
"40","Dengue",2009,40,83.21875,"MEX","AGUASCALIENTES",NA,NA,NA
"41","Dengue",2009,41,50.78125,"MEX","AGUASCALIENTES",NA,NA,NA
"42","Dengue",2009,42,63.75,"MEX","AGUASCALIENTES",NA,NA,NA
"43","Dengue",2009,43,81.09375,"MEX","AGUASCALIENTES",NA,NA,NA
"44","Dengue",2009,44,58.5,"MEX","AGUASCALIENTES",NA,NA,NA
"45","Dengue",2009,45,42.46875,"MEX","AGUASCALIENTES",NA,NA,NA
"46","Dengue",2009,46,63.25,"MEX","AGUASCALIENTES",NA,NA,NA
"47","Dengue",2009,47,59.75,"MEX","AGUASCALIENTES",NA,NA,NA
"48","Dengue",2009,48,45.1875,"MEX","AGUASCALIENTES",NA,NA,NA
"49","Dengue",2009,49,52.9375,"MEX","AGUASCALIENTES",NA,NA,NA
"50","Dengue",2009,50,0,"MEX","AGUASCALIENTES",NA,NA,NA
"51","Dengue",2009,51,0,"MEX","AGUASCALIENTES",NA,NA,NA
"52","Dengue",2009,52,6.09375,"MEX","AGUASCALIENTES",NA,NA,NA
"53","Dengue",2010,53,0.75,"MEX","AGUASCALIENTES",NA,NA,NA
"54","Dengue",2010,54,5.90625,"MEX","AGUASCALIENTES",NA,NA,NA
"55","Dengue",2010,55,9.25,"MEX","AGUASCALIENTES",NA,NA,NA
"56","Dengue",2010,56,7.84375,"MEX","AGUASCALIENTES",NA,NA,NA
"57","Dengue",2010,57,10.75,"MEX","AGUASCALIENTES",NA,NA,NA
"58","Dengue",2010,58,9.59375,"MEX","AGUASCALIENTES",NA,NA,NA
"59","Dengue",2010,59,10.8125,"MEX","AGUASCALIENTES",NA,NA,NA
"60","Dengue",2010,60,9.875,"MEX","AGUASCALIENTES",NA,NA,NA
"61","Dengue",2010,61,9.75,"MEX","AGUASCALIENTES",NA,NA,NA
"62","Dengue",2010,62,7.40625,"MEX","AGUASCALIENTES",NA,NA,NA
"63","Dengue",2010,63,7.53125,"MEX","AGUASCALIENTES",NA,NA,NA
"64","Dengue",2010,64,6.65625,"MEX","AGUASCALIENTES",NA,NA,NA
"65","Dengue",2010,65,4.4375,"MEX","AGUASCALIENTES",NA,NA,NA
"66","Dengue",2010,66,6.09375,"MEX","AGUASCALIENTES",NA,NA,NA
"67","Dengue",2010,67,5.96875,"MEX","AGUASCALIENTES",NA,NA,NA
"68","Dengue",2010,68,6.53125,"MEX","AGUASCALIENTES",NA,NA,NA
"69","Dengue",2010,69,4.9375,"MEX","AGUASCALIENTES",NA,NA,NA
"70","Dengue",2010,70,8.5625,"MEX","AGUASCALIENTES",NA,NA,NA
"71","Dengue",2010,71,9.15625,"MEX","AGUASCALIENTES",NA,NA,NA
"72","Dengue",2010,72,6.75,"MEX","AGUASCALIENTES",NA,NA,NA
"73","Dengue",2010,73,8.09375,"MEX","AGUASCALIENTES",NA,NA,NA
"74","Dengue",2010,74,6.5625,"MEX","AGUASCALIENTES",NA,NA,NA
"75","Dengue",2010,75,12.78125,"MEX","AGUASCALIENTES",NA,NA,NA
"76","Dengue",2010,76,6.40625,"MEX","AGUASCALIENTES",NA,NA,NA
"77","Dengue",2010,77,10.375,"MEX","AGUASCALIENTES",NA,NA,NA
"78","Dengue",2010,78,13.1875,"MEX","AGUASCALIENTES",NA,NA,NA
"79","Dengue",2010,79,12.0625,"MEX","AGUASCALIENTES",NA,NA,NA
"80","Dengue",2010,80,13.625,"MEX","AGUASCALIENTES",NA,NA,NA
"81","Dengue",2010,81,15.75,"MEX","AGUASCALIENTES",NA,NA,NA
"82","Dengue",2010,82,17.125,"MEX","AGUASCALIENTES",NA,NA,NA
"83","Dengue",2010,83,19.3125,"MEX","AGUASCALIENTES",NA,NA,NA
"84","Dengue",2010,84,19.75,"MEX","AGUASCALIENTES",NA,NA,NA
"85","Dengue",2010,85,18.625,"MEX","AGUASCALIENTES",NA,NA,NA
"86","Dengue",2010,86,24.28125,"MEX","AGUASCALIENTES",NA,NA,NA
"87","Dengue",2010,87,23.5,"MEX","AGUASCALIENTES",NA,NA,NA
"88","Dengue",2010,88,28.46875,"MEX","AGUASCALIENTES",NA,NA,NA
"89","Dengue",2010,89,17.6875,"MEX","AGUASCALIENTES",NA,NA,NA
"90","Dengue",2010,90,22.5,"MEX","AGUASCALIENTES",NA,NA,NA
"91","Dengue",2010,91,20.1875,"MEX","AGUASCALIENTES",NA,NA,NA
"92","Dengue",2010,92,20.21875,"MEX","AGUASCALIENTES",NA,NA,NA
"93","Dengue",2010,93,25.0625,"MEX","AGUASCALIENTES",NA,NA,NA
"94","Dengue",2010,94,25.9375,"MEX","AGUASCALIENTES",NA,NA,NA
"95","Dengue",2010,95,23.96875,"MEX","AGUASCALIENTES",NA,NA,NA
"96","Dengue",2010,96,29.40625,"MEX","AGUASCALIENTES",NA,NA,NA
"97","Dengue",2010,97,23.21875,"MEX","AGUASCALIENTES",NA,NA,NA
"98","Dengue",2010,98,18.46875,"MEX","AGUASCALIENTES",NA,NA,NA
"99","Dengue",2010,99,22.0625,"MEX","AGUASCALIENTES",NA,NA,NA
"100","Dengue",2010,100,14.59375,"MEX","AGUASCALIENTES",NA,NA,NA
"101","Dengue",2010,101,16.03125,"MEX","AGUASCALIENTES",NA,NA,NA
"102","Dengue",2010,102,10.78125,"MEX","AGUASCALIENTES",NA,NA,NA
"103","Dengue",2010,103,0,"MEX","AGUASCALIENTES",NA,NA,NA
"104","Dengue",2010,104,4,"MEX","AGUASCALIENTES",NA,NA,NA
"105","Dengue",2011,105,0.21875,"MEX","AGUASCALIENTES",NA,NA,NA
"106","Dengue",2011,106,0.625,"MEX","AGUASCALIENTES",NA,NA,NA
"107","Dengue",2011,107,0.375,"MEX","AGUASCALIENTES",NA,NA,NA
"108","Dengue",2011,108,2.53125,"MEX","AGUASCALIENTES",NA,NA,NA
"109","Dengue",2011,109,1.46875,"MEX","AGUASCALIENTES",NA,NA,NA
"110","Dengue",2011,110,1.46875,"MEX","AGUASCALIENTES",NA,NA,NA
"111","Dengue",2011,111,1.3125,"MEX","AGUASCALIENTES",NA,NA,NA
"112","Dengue",2011,112,2.125,"MEX","AGUASCALIENTES",NA,NA,NA
"113","Dengue",2011,113,2.1875,"MEX","AGUASCALIENTES",NA,NA,NA
"114","Dengue",2011,114,1.78125,"MEX","AGUASCALIENTES",NA,NA,NA
"115","Dengue",2011,115,1.75,"MEX","AGUASCALIENTES",NA,NA,NA
"116","Dengue",2011,116,2.40625,"MEX","AGUASCALIENTES",NA,NA,NA
"117","Dengue",2011,117,1.78125,"MEX","AGUASCALIENTES",NA,NA,NA
"118","Dengue",2011,118,2,"MEX","AGUASCALIENTES",NA,NA,NA
"119","Dengue",2011,119,3.34375,"MEX","AGUASCALIENTES",NA,NA,NA
"120","Dengue",2011,120,1.1875,"MEX","AGUASCALIENTES",NA,NA,NA
"121","Dengue",2011,121,2.15625,"MEX","AGUASCALIENTES",NA,NA,NA
"122","Dengue",2011,122,2.15625,"MEX","AGUASCALIENTES",NA,NA,NA
"123","Dengue",2011,123,1.96875,"MEX","AGUASCALIENTES",NA,NA,NA
"124","Dengue",2011,124,2.96875,"MEX","AGUASCALIENTES",NA,NA,NA
"125","Dengue",2011,125,1.78125,"MEX","AGUASCALIENTES",NA,NA,NA
"126","Dengue",2011,126,3.28125,"MEX","AGUASCALIENTES",NA,NA,NA
"127","Dengue",2011,127,3.25,"MEX","AGUASCALIENTES",NA,NA,NA
"128","Dengue",2011,128,3,"MEX","AGUASCALIENTES",NA,NA,NA
"129","Dengue",2011,129,2.53125,"MEX","AGUASCALIENTES",NA,NA,NA
"130","Dengue",2011,130,4.65625,"MEX","AGUASCALIENTES",NA,NA,NA
"131","Dengue",2011,131,2.9375,"MEX","AGUASCALIENTES",NA,NA,NA
"132","Dengue",2011,132,4.0625,"MEX","AGUASCALIENTES",NA,NA,NA
"133","Dengue",2011,133,3.8125,"MEX","AGUASCALIENTES",NA,NA,NA
"134","Dengue",2011,134,4.71875,"MEX","AGUASCALIENTES",NA,NA,NA
"135","Dengue",2011,135,5.875,"MEX","AGUASCALIENTES",NA,NA,NA
"136","Dengue",2011,136,5.25,"MEX","AGUASCALIENTES",NA,NA,NA
"137","Dengue",2011,137,5.78125,"MEX","AGUASCALIENTES",NA,NA,NA
"138","Dengue",2011,138,6.71875,"MEX","AGUASCALIENTES",NA,NA,NA
"139","Dengue",2011,139,7.65625,"MEX","AGUASCALIENTES",NA,NA,NA
"140","Dengue",2011,140,9.375,"MEX","AGUASCALIENTES",NA,NA,NA
"141","Dengue",2011,141,8.8125,"MEX","AGUASCALIENTES",NA,NA,NA
"142","Dengue",2011,142,13.375,"MEX","AGUASCALIENTES",NA,NA,NA
"143","Dengue",2011,143,14.4375,"MEX","AGUASCALIENTES",NA,NA,NA
"144","Dengue",2011,144,18.90625,"MEX","AGUASCALIENTES",NA,NA,NA
"145","Dengue",2011,145,21.40625,"MEX","AGUASCALIENTES",NA,NA,NA
"146","Dengue",2011,146,21.75,"MEX","AGUASCALIENTES",NA,NA,NA
"147","Dengue",2011,147,26.34375,"MEX","AGUASCALIENTES",NA,NA,NA
"148","Dengue",2011,148,15.15625,"MEX","AGUASCALIENTES",NA,NA,NA
"149","Dengue",2011,149,19.25,"MEX","AGUASCALIENTES",NA,NA,NA
"150","Dengue",2011,150,18.4375,"MEX","AGUASCALIENTES",NA,NA,NA
"151","Dengue",2011,151,15.4375,"MEX","AGUASCALIENTES",NA,NA,NA
"152","Dengue",2011,152,11.90625,"MEX","AGUASCALIENTES",NA,NA,NA
"153","Dengue",2011,153,12.09375,"MEX","AGUASCALIENTES",NA,NA,NA
"154","Dengue",2011,154,7.46875,"MEX","AGUASCALIENTES",NA,NA,NA
"155","Dengue",2011,155,3.78125,"MEX","AGUASCALIENTES",NA,NA,NA
"156","Dengue",2011,156,3.59375,"MEX","AGUASCALIENTES",NA,NA,NA
"157","Dengue",2012,157,1.5,"MEX","AGUASCALIENTES",NA,NA,NA
"158","Dengue",2012,158,5.25,"MEX","AGUASCALIENTES",NA,NA,NA
"159","Dengue",2012,159,4.90625,"MEX","AGUASCALIENTES",NA,NA,NA
"160","Dengue",2012,160,5.3125,"MEX","AGUASCALIENTES",NA,NA,NA
"161","Dengue",2012,161,4.96875,"MEX","AGUASCALIENTES",NA,NA,NA
"162","Dengue",2012,162,4.28125,"MEX","AGUASCALIENTES",NA,NA,NA
"163","Dengue",2012,163,6.75,"MEX","AGUASCALIENTES",NA,NA,NA
"164","Dengue",2012,164,3.28125,"MEX","AGUASCALIENTES",NA,NA,NA
"165","Dengue",2012,165,5.15625,"MEX","AGUASCALIENTES",NA,NA,NA
"166","Dengue",2012,166,5.125,"MEX","AGUASCALIENTES",NA,NA,NA
"167","Dengue",2012,167,4.03125,"MEX","AGUASCALIENTES",NA,NA,NA
"168","Dengue",2012,168,3.84375,"MEX","AGUASCALIENTES",NA,NA,NA
"169","Dengue",2012,169,4.875,"MEX","AGUASCALIENTES",NA,NA,NA
"170","Dengue",2012,170,1.375,"MEX","AGUASCALIENTES",NA,NA,NA
"171","Dengue",2012,171,3.5625,"MEX","AGUASCALIENTES",NA,NA,NA
"172","Dengue",2012,172,4.625,"MEX","AGUASCALIENTES",NA,NA,NA
"173","Dengue",2012,173,4.0625,"MEX","AGUASCALIENTES",NA,NA,NA
"174","Dengue",2012,174,4.84375,"MEX","AGUASCALIENTES",NA,NA,NA
"175","Dengue",2012,175,4.5625,"MEX","AGUASCALIENTES",NA,NA,NA
"176","Dengue",2012,176,5.40625,"MEX","AGUASCALIENTES",NA,NA,NA
"177","Dengue",2012,177,6.40625,"MEX","AGUASCALIENTES",NA,NA,NA
"178","Dengue",2012,178,6.625,"MEX","AGUASCALIENTES",NA,NA,NA
"179","Dengue",2012,179,10.03125,"MEX","AGUASCALIENTES",NA,NA,NA
"180","Dengue",2012,180,11.1875,"MEX","AGUASCALIENTES",NA,NA,NA
"181","Dengue",2012,181,13.96875,"MEX","AGUASCALIENTES",NA,NA,NA
"182","Dengue",2012,182,12.40625,"MEX","AGUASCALIENTES",NA,NA,NA
"183","Dengue",2012,183,15.28125,"MEX","AGUASCALIENTES",NA,NA,NA
"184","Dengue",2012,184,32.28125,"MEX","AGUASCALIENTES",NA,NA,NA
"185","Dengue",2012,185,17,"MEX","AGUASCALIENTES",NA,NA,NA
"186","Dengue",2012,186,24.4375,"MEX","AGUASCALIENTES",NA,NA,NA
"187","Dengue",2012,187,27.1875,"MEX","AGUASCALIENTES",NA,NA,NA
"188","Dengue",2012,188,29.40625,"MEX","AGUASCALIENTES",NA,NA,NA
"189","Dengue",2012,189,36,"MEX","AGUASCALIENTES",NA,NA,NA
"190","Dengue",2012,190,41.375,"MEX","AGUASCALIENTES",NA,NA,NA
"191","Dengue",2012,191,42.90625,"MEX","AGUASCALIENTES",NA,NA,NA
"192","Dengue",2012,192,50.5,"MEX","AGUASCALIENTES",NA,NA,NA
"193","Dengue",2012,193,54.6875,"MEX","AGUASCALIENTES",NA,NA,NA
"194","Dengue",2012,194,0,"MEX","AGUASCALIENTES",NA,NA,NA
"195","Dengue",2012,195,51.28125,"MEX","AGUASCALIENTES",NA,NA,NA
"196","Dengue",2012,196,43.75,"MEX","AGUASCALIENTES",NA,NA,NA
"197","Dengue",2012,197,48.125,"MEX","AGUASCALIENTES",NA,NA,NA
"198","Dengue",2012,198,43.15625,"MEX","AGUASCALIENTES",NA,NA,NA
"199","Dengue",2012,199,50.625,"MEX","AGUASCALIENTES",NA,NA,NA
"200","Dengue",2012,200,55.15625,"MEX","AGUASCALIENTES",NA,NA,NA
"201","Dengue",2012,201,35.59375,"MEX","AGUASCALIENTES",NA,NA,NA
"202","Dengue",2012,202,37.78125,"MEX","AGUASCALIENTES",NA,NA,NA
"203","Dengue",2012,203,33.6875,"MEX","AGUASCALIENTES",NA,NA,NA
"204","Dengue",2012,204,15.09375,"MEX","AGUASCALIENTES",NA,NA,NA
"205","Dengue",2012,205,35.125,"MEX","AGUASCALIENTES",NA,NA,NA
"206","Dengue",2012,206,27.75,"MEX","AGUASCALIENTES",NA,NA,NA
"207","Dengue",2012,207,16.25,"MEX","AGUASCALIENTES",NA,NA,NA
"208","Dengue",2012,208,6.84375,"MEX","AGUASCALIENTES",NA,NA,NA
"209","Dengue",2013,209,0.03125,"MEX","AGUASCALIENTES",NA,NA,NA
"210","Dengue",2013,210,1.1875,"MEX","AGUASCALIENTES",NA,NA,NA
"211","Dengue",2013,211,5.3125,"MEX","AGUASCALIENTES",NA,NA,NA
"212","Dengue",2013,212,8.75,"MEX","AGUASCALIENTES",NA,NA,NA
"213","Dengue",2013,213,6.78125,"MEX","AGUASCALIENTES",NA,NA,NA
"214","Dengue",2013,214,7.3125,"MEX","AGUASCALIENTES",NA,NA,NA
"215","Dengue",2013,215,8.1875,"MEX","AGUASCALIENTES",NA,NA,NA
"216","Dengue",2013,216,7.46875,"MEX","AGUASCALIENTES",NA,NA,NA
"217","Dengue",2013,217,6.75,"MEX","AGUASCALIENTES",NA,NA,NA
"218","Dengue",2013,218,7.28125,"MEX","AGUASCALIENTES",NA,NA,NA
"219","Dengue",2013,219,8.625,"MEX","AGUASCALIENTES",NA,NA,NA
"220","Dengue",2013,220,6.6875,"MEX","AGUASCALIENTES",NA,NA,NA
"221","Dengue",2013,221,4.21875,"MEX","AGUASCALIENTES",NA,NA,NA
"222","Dengue",2013,222,7.71875,"MEX","AGUASCALIENTES",NA,NA,NA
"223","Dengue",2013,223,7.40625,"MEX","AGUASCALIENTES",NA,NA,NA
"224","Dengue",2013,224,7,"MEX","AGUASCALIENTES",NA,NA,NA
"225","Dengue",2013,225,8.0625,"MEX","AGUASCALIENTES",NA,NA,NA
"226","Dengue",2013,226,7.65625,"MEX","AGUASCALIENTES",NA,NA,NA
"227","Dengue",2013,227,7.78125,"MEX","AGUASCALIENTES",NA,NA,NA
"228","Dengue",2013,228,11.875,"MEX","AGUASCALIENTES",NA,NA,NA
"229","Dengue",2013,229,13.0625,"MEX","AGUASCALIENTES",NA,NA,NA
"230","Dengue",2013,230,14.59375,"MEX","AGUASCALIENTES",NA,NA,NA
"231","Dengue",2013,231,12.5625,"MEX","AGUASCALIENTES",NA,NA,NA
"232","Dengue",2013,232,14.6875,"MEX","AGUASCALIENTES",NA,NA,NA
"233","Dengue",2013,233,25.0625,"MEX","AGUASCALIENTES",NA,NA,NA
"234","Dengue",2013,234,21.15625,"MEX","AGUASCALIENTES",NA,NA,NA
"235","Dengue",2013,235,28.15625,"MEX","AGUASCALIENTES",NA,NA,NA
"236","Dengue",2013,236,33.1875,"MEX","AGUASCALIENTES",NA,NA,NA
"237","Dengue",2013,237,35.25,"MEX","AGUASCALIENTES",NA,NA,NA
"238","Dengue",2013,238,36.0625,"MEX","AGUASCALIENTES",NA,NA,NA
"239","Dengue",2013,239,38.65625,"MEX","AGUASCALIENTES",NA,NA,NA
"240","Dengue",2013,240,34.375,"MEX","AGUASCALIENTES",NA,NA,NA
"241","Dengue",2013,241,41.15625,"MEX","AGUASCALIENTES",NA,NA,NA
"242","Dengue",2013,242,42.28125,"MEX","AGUASCALIENTES",NA,NA,NA
"243","Dengue",2013,243,42.28125,"MEX","AGUASCALIENTES",NA,NA,NA
"244","Dengue",2013,244,42.125,"MEX","AGUASCALIENTES",NA,NA,NA
"245","Dengue",2013,245,61.78125,"MEX","AGUASCALIENTES",NA,NA,NA
"246","Dengue",2013,246,45.5,"MEX","AGUASCALIENTES",NA,NA,NA
"247","Dengue",2013,247,48.21875,"MEX","AGUASCALIENTES",NA,NA,NA
"248","Dengue",2013,248,55.09375,"MEX","AGUASCALIENTES",NA,NA,NA
"249","Dengue",2013,249,64.875,"MEX","AGUASCALIENTES",NA,NA,NA
"250","Dengue",2013,250,62.9375,"MEX","AGUASCALIENTES",NA,NA,NA
"251","Dengue",2013,251,53.03125,"MEX","AGUASCALIENTES",NA,NA,NA
"252","Dengue",2013,252,57.6875,"MEX","AGUASCALIENTES",NA,NA,NA
"253","Dengue",2013,253,65.75,"MEX","AGUASCALIENTES",NA,NA,NA
"254","Dengue",2013,254,48.03125,"MEX","AGUASCALIENTES",NA,NA,NA
"255","Dengue",2013,255,41.34375,"MEX","AGUASCALIENTES",NA,NA,NA
"256","Dengue",2013,256,49.5625,"MEX","AGUASCALIENTES",NA,NA,NA
"257","Dengue",2013,257,41.875,"MEX","AGUASCALIENTES",NA,NA,NA
"258","Dengue",2013,258,30.625,"MEX","AGUASCALIENTES",NA,NA,NA
"259","Dengue",2013,259,17.25,"MEX","AGUASCALIENTES",NA,NA,NA
"260","Dengue",2013,260,10.875,"MEX","AGUASCALIENTES",NA,NA,NA
"261","Dengue",2014,261,0.0625,"MEX","AGUASCALIENTES",NA,NA,NA
"262","Dengue",2014,262,0.9375,"MEX","AGUASCALIENTES",NA,NA,NA
"263","Dengue",2014,263,3.03125,"MEX","AGUASCALIENTES",NA,NA,NA
"264","Dengue",2014,264,5.96875,"MEX","AGUASCALIENTES",NA,NA,NA
"265","Dengue",2014,265,6.28125,"MEX","AGUASCALIENTES",NA,NA,NA
"266","Dengue",2014,266,3.5625,"MEX","AGUASCALIENTES",NA,NA,NA
"267","Dengue",2014,267,6.65625,"MEX","AGUASCALIENTES",NA,NA,NA
"268","Dengue",2014,268,6.15625,"MEX","AGUASCALIENTES",NA,NA,NA
"269","Dengue",2014,269,5.65625,"MEX","AGUASCALIENTES",NA,NA,NA
"270","Dengue",2014,270,5.53125,"MEX","AGUASCALIENTES",NA,NA,NA
"271","Dengue",2014,271,4.8125,"MEX","AGUASCALIENTES",NA,NA,NA
"272","Dengue",2014,272,4.96875,"MEX","AGUASCALIENTES",NA,NA,NA
"273","Dengue",2014,273,4.34375,"MEX","AGUASCALIENTES",NA,NA,NA
"274","Dengue",2014,274,5.8125,"MEX","AGUASCALIENTES",NA,NA,NA
"275","Dengue",2014,275,4.03125,"MEX","AGUASCALIENTES",NA,NA,NA
"276","Dengue",2014,276,3.34375,"MEX","AGUASCALIENTES",NA,NA,NA
"277","Dengue",2014,277,3.9375,"MEX","AGUASCALIENTES",NA,NA,NA
"278","Dengue",2014,278,3.90625,"MEX","AGUASCALIENTES",NA,NA,NA
"279","Dengue",2014,279,3.28125,"MEX","AGUASCALIENTES",NA,NA,NA
"280","Dengue",2014,280,4.5625,"MEX","AGUASCALIENTES",NA,NA,NA
"281","Dengue",2014,281,6.125,"MEX","AGUASCALIENTES",NA,NA,NA
"282","Dengue",2014,282,6.1875,"MEX","AGUASCALIENTES",NA,NA,NA
"283","Dengue",2014,283,7.03125,"MEX","AGUASCALIENTES",NA,NA,NA
"284","Dengue",2014,284,8.875,"MEX","AGUASCALIENTES",NA,NA,NA
"285","Dengue",2014,285,7.90625,"MEX","AGUASCALIENTES",NA,NA,NA
"286","Dengue",2014,286,9.90625,"MEX","AGUASCALIENTES",NA,NA,NA
"287","Dengue",2014,287,8.125,"MEX","AGUASCALIENTES",NA,NA,NA
"288","Dengue",2014,288,13.4375,"MEX","AGUASCALIENTES",NA,NA,NA
"289","Dengue",2014,289,12.0625,"MEX","AGUASCALIENTES",NA,NA,NA
"290","Dengue",2014,290,12.375,"MEX","AGUASCALIENTES",NA,NA,NA
"291","Dengue",2014,291,11.96875,"MEX","AGUASCALIENTES",NA,NA,NA
"292","Dengue",2014,292,14.0625,"MEX","AGUASCALIENTES",NA,NA,NA
"293","Dengue",2014,293,13.6875,"MEX","AGUASCALIENTES",NA,NA,NA
"294","Dengue",2014,294,20.65625,"MEX","AGUASCALIENTES",NA,NA,NA
"295","Dengue",2014,295,20.46875,"MEX","AGUASCALIENTES",NA,NA,NA
"296","Dengue",2014,296,25.03125,"MEX","AGUASCALIENTES",NA,NA,NA
"297","Dengue",2014,297,24.6875,"MEX","AGUASCALIENTES",NA,NA,NA
"298","Dengue",2014,298,18.15625,"MEX","AGUASCALIENTES",NA,NA,NA
"299","Dengue",2014,299,31.5625,"MEX","AGUASCALIENTES",NA,NA,NA
"300","Dengue",2014,300,28.75,"MEX","AGUASCALIENTES",NA,NA,NA
"301","Dengue",2014,301,30.6875,"MEX","AGUASCALIENTES",NA,NA,NA
"302","Dengue",2014,302,38.09375,"MEX","AGUASCALIENTES",NA,NA,NA
"303","Dengue",2014,303,38.75,"MEX","AGUASCALIENTES",NA,NA,NA
"304","Dengue",2014,304,39.9375,"MEX","AGUASCALIENTES",NA,NA,NA
"305","Dengue",2014,305,24.125,"MEX","AGUASCALIENTES",NA,NA,NA
"306","Dengue",2014,306,53.0625,"MEX","AGUASCALIENTES",NA,NA,NA
"307","Dengue",2014,307,29.21875,"MEX","AGUASCALIENTES",NA,NA,NA
"308","Dengue",2014,308,26.28125,"MEX","AGUASCALIENTES",NA,NA,NA
"309","Dengue",2014,309,25.84375,"MEX","AGUASCALIENTES",NA,NA,NA
"310","Dengue",2014,310,18.34375,"MEX","AGUASCALIENTES",NA,NA,NA
"311","Dengue",2014,311,14,"MEX","AGUASCALIENTES",NA,NA,NA
"312","Dengue",2014,312,5.40625,"MEX","AGUASCALIENTES",NA,NA,NA
"313","Dengue",2014,313,1.8125,"MEX","AGUASCALIENTES",NA,NA,NA
"314","Dengue",2015,314,0.375,"MEX","AGUASCALIENTES",NA,NA,NA
"315","Dengue",2015,315,3.03125,"MEX","AGUASCALIENTES",NA,NA,NA
"316","Dengue",2015,316,4.5,"MEX","AGUASCALIENTES",NA,NA,NA
"317","Dengue",2015,317,5.09375,"MEX","AGUASCALIENTES",NA,NA,NA
"318","Dengue",2015,318,3.40625,"MEX","AGUASCALIENTES",NA,NA,NA
"319","Dengue",2015,319,5.96875,"MEX","AGUASCALIENTES",NA,NA,NA
"320","Dengue",2015,320,4.65625,"MEX","AGUASCALIENTES",NA,NA,NA
"321","Dengue",2015,321,3.46875,"MEX","AGUASCALIENTES",NA,NA,NA
"322","Dengue",2015,322,5.28125,"MEX","AGUASCALIENTES",NA,NA,NA
"323","Dengue",2015,323,3.9375,"MEX","AGUASCALIENTES",NA,NA,NA
"324","Dengue",2015,324,3.71875,"MEX","AGUASCALIENTES",NA,NA,NA
"325","Dengue",2015,325,4.78125,"MEX","AGUASCALIENTES",NA,NA,NA
"326","Dengue",2015,326,3.65625,"MEX","AGUASCALIENTES",NA,NA,NA
"327","Dengue",2015,327,3.90625,"MEX","AGUASCALIENTES",NA,NA,NA
"328","Dengue",2015,328,6.125,"MEX","AGUASCALIENTES",NA,NA,NA
"329","Dengue",2015,329,6.125,"MEX","AGUASCALIENTES",NA,NA,NA
"330","Dengue",2015,330,6.9375,"MEX","AGUASCALIENTES",NA,NA,NA
"331","Dengue",2015,331,5,"MEX","AGUASCALIENTES",NA,NA,NA
"332","Dengue",2015,332,5.625,"MEX","AGUASCALIENTES",NA,NA,NA
"333","Dengue",2015,333,6.875,"MEX","AGUASCALIENTES",NA,NA,NA
"334","Dengue",2015,334,7.90625,"MEX","AGUASCALIENTES",NA,NA,NA
"335","Dengue",2015,335,9.875,"MEX","AGUASCALIENTES",NA,NA,NA
"336","Dengue",2015,336,9.625,"MEX","AGUASCALIENTES",NA,NA,NA
"337","Dengue",2015,337,10.15625,"MEX","AGUASCALIENTES",NA,NA,NA
"338","Dengue",2015,338,11.65625,"MEX","AGUASCALIENTES",NA,NA,NA
"339","Dengue",2015,339,13.03125,"MEX","AGUASCALIENTES",NA,NA,NA
"340","Dengue",2015,340,11.40625,"MEX","AGUASCALIENTES",NA,NA,NA
"341","Dengue",2015,341,12.9375,"MEX","AGUASCALIENTES",NA,NA,NA
"342","Dengue",2015,342,13.96875,"MEX","AGUASCALIENTES",NA,NA,NA
"343","Dengue",2015,343,14.59375,"MEX","AGUASCALIENTES",NA,NA,NA
"344","Dengue",2015,344,17,"MEX","AGUASCALIENTES",NA,NA,NA
"345","Dengue",2015,345,20.59375,"MEX","AGUASCALIENTES",NA,NA,NA
"346","Dengue",2015,346,18.0625,"MEX","AGUASCALIENTES",NA,NA,NA
"347","Dengue",2015,347,17.15625,"MEX","AGUASCALIENTES",NA,NA,NA
"348","Dengue",2015,348,35.9375,"MEX","AGUASCALIENTES",NA,NA,NA
"349","Dengue",2015,349,23,"MEX","AGUASCALIENTES",NA,NA,NA
"350","Dengue",2015,350,12.625,"MEX","AGUASCALIENTES",NA,NA,NA
"351","Dengue",2015,351,25.09375,"MEX","AGUASCALIENTES",NA,NA,NA
"352","Dengue",2015,352,19.6875,"MEX","AGUASCALIENTES",NA,NA,NA
"353","Dengue",2015,353,23.65625,"MEX","AGUASCALIENTES",NA,NA,NA
"354","Dengue",2015,354,24.375,"MEX","AGUASCALIENTES",NA,NA,NA
"355","Dengue",2015,355,20.5625,"MEX","AGUASCALIENTES",NA,NA,NA
"356","Dengue",2015,356,26.09375,"MEX","AGUASCALIENTES",NA,NA,NA
"357","Dengue",2015,357,19.59375,"MEX","AGUASCALIENTES",NA,NA,NA
"358","Dengue",2015,358,23.9375,"MEX","AGUASCALIENTES",NA,NA,NA
"359","Dengue",2015,359,28.75,"MEX","AGUASCALIENTES",NA,NA,NA
"360","Dengue",2015,360,27.25,"MEX","AGUASCALIENTES",NA,NA,NA
"361","Dengue",2015,361,25.0625,"MEX","AGUASCALIENTES",NA,NA,NA
"362","Dengue",2015,362,24.5,"MEX","AGUASCALIENTES",NA,NA,NA
"363","Dengue",2015,363,12.71875,"MEX","AGUASCALIENTES",NA,NA,NA
"364","Dengue",2015,364,6.65625,"MEX","AGUASCALIENTES",NA,NA,NA
"365","Dengue",2015,365,2.78125,"MEX","AGUASCALIENTES",NA,NA,NA
"366","Dengue",2016,366,0.125,"MEX","AGUASCALIENTES",NA,NA,NA
"367","Dengue",2016,367,2.75,"MEX","AGUASCALIENTES",NA,NA,NA
"368","Dengue",2016,368,5.21875,"MEX","AGUASCALIENTES",NA,NA,NA
"369","Dengue",2016,369,5.625,"MEX","AGUASCALIENTES",NA,NA,NA
"370","Dengue",2016,370,4.375,"MEX","AGUASCALIENTES",NA,NA,NA
"371","Dengue",2016,371,5.90625,"MEX","AGUASCALIENTES",NA,NA,NA
"372","Dengue",2016,372,7.3125,"MEX","AGUASCALIENTES",NA,NA,NA
"373","Dengue",2016,373,7.59375,"MEX","AGUASCALIENTES",NA,NA,NA
"374","Dengue",2016,374,7.46875,"MEX","AGUASCALIENTES",NA,NA,NA
"375","Dengue",2016,375,5.09375,"MEX","AGUASCALIENTES",NA,NA,NA
"376","Dengue",2016,376,6.03125,"MEX","AGUASCALIENTES",NA,NA,NA
"377","Dengue",2016,377,1.875,"MEX","AGUASCALIENTES",NA,NA,NA
"378","Dengue",2016,378,3.1875,"MEX","AGUASCALIENTES",NA,NA,NA
"379","Dengue",2016,379,3.34375,"MEX","AGUASCALIENTES",NA,NA,NA
"380","Dengue",2016,380,3.75,"MEX","AGUASCALIENTES",NA,NA,NA
"381","Dengue",2016,381,3.34375,"MEX","AGUASCALIENTES",NA,NA,NA
"382","Dengue",2016,382,3.625,"MEX","AGUASCALIENTES",NA,NA,NA
"383","Dengue",2016,383,3.53125,"MEX","AGUASCALIENTES",NA,NA,NA
"384","Dengue",2016,384,3.375,"MEX","AGUASCALIENTES",NA,NA,NA
"385","Dengue",2016,385,4.40625,"MEX","AGUASCALIENTES",NA,NA,NA
"386","Dengue",2016,386,3.84375,"MEX","AGUASCALIENTES",NA,NA,NA
"387","Dengue",2016,387,4.90625,"MEX","AGUASCALIENTES",NA,NA,NA
"388","Dengue",2016,388,5.25,"MEX","AGUASCALIENTES",NA,NA,NA
"389","Dengue",2016,389,5.40625,"MEX","AGUASCALIENTES",NA,NA,NA
"390","Dengue",2016,390,6.375,"MEX","AGUASCALIENTES",NA,NA,NA
"391","Dengue",2016,391,5.96875,"MEX","AGUASCALIENTES",NA,NA,NA
"392","Dengue",2016,392,5.28125,"MEX","AGUASCALIENTES",NA,NA,NA
"393","Dengue",2016,393,5.5,"MEX","AGUASCALIENTES",NA,NA,NA
"394","Dengue",2016,394,7.3125,"MEX","AGUASCALIENTES",NA,NA,NA
"395","Dengue",2016,395,6.4375,"MEX","AGUASCALIENTES",NA,NA,NA
"396","Dengue",2016,396,1.53125,"MEX","AGUASCALIENTES",NA,NA,NA
"397","Dengue",2016,397,11.0625,"MEX","AGUASCALIENTES",NA,NA,NA
"398","Dengue",2016,398,7.96875,"MEX","AGUASCALIENTES",NA,NA,NA
"399","Dengue",2016,399,12.625,"MEX","AGUASCALIENTES",NA,NA,NA
"400","Dengue",2016,400,21.34375,"MEX","AGUASCALIENTES",NA,NA,NA
"401","Dengue",2016,401,17.21875,"MEX","AGUASCALIENTES",NA,NA,NA
"402","Dengue",2016,402,12.5625,"MEX","AGUASCALIENTES",NA,NA,NA
"403","Dengue",2016,403,13.71875,"MEX","AGUASCALIENTES",NA,NA,NA
"404","Dengue",2016,404,15.71875,"MEX","AGUASCALIENTES",NA,NA,NA
"405","Dengue",2016,405,15.09375,"MEX","AGUASCALIENTES",NA,NA,NA
"406","Dengue",2016,406,22.625,"MEX","AGUASCALIENTES",NA,NA,NA
"407","Dengue",2016,407,21.46875,"MEX","AGUASCALIENTES",NA,NA,NA
"408","Dengue",2016,408,26.21875,"MEX","AGUASCALIENTES",NA,NA,NA
"409","Dengue",2016,409,10.25,"MEX","AGUASCALIENTES",NA,NA,NA
"410","Dengue",2016,410,19.0625,"MEX","AGUASCALIENTES",NA,NA,NA
"411","Dengue",2016,411,16.21875,"MEX","AGUASCALIENTES",NA,NA,NA
"412","Dengue",2016,412,17.65625,"MEX","AGUASCALIENTES",NA,NA,NA
"413","Dengue",2016,413,7.84375,"MEX","AGUASCALIENTES",NA,NA,NA
"414","Dengue",2016,414,14.625,"MEX","AGUASCALIENTES",NA,NA,NA
"415","Dengue",2016,415,5.625,"MEX","AGUASCALIENTES",NA,NA,NA
"416","Dengue",2016,416,2.8125,"MEX","AGUASCALIENTES",NA,NA,NA
"417","Dengue",2016,417,0.84375,"MEX","AGUASCALIENTES",NA,NA,NA
"418","Dengue",2017,418,0,"MEX","AGUASCALIENTES",NA,NA,NA
"419","Dengue",2017,419,0.65625,"MEX","AGUASCALIENTES",NA,NA,NA
"420","Dengue",2017,420,1.03125,"MEX","AGUASCALIENTES",NA,NA,NA
"421","Dengue",2017,421,1.78125,"MEX","AGUASCALIENTES",NA,NA,NA
"422","Dengue",2017,422,2.4375,"MEX","AGUASCALIENTES",NA,NA,NA
"423","Dengue",2017,423,1.3125,"MEX","AGUASCALIENTES",NA,NA,NA
"424","Dengue",2017,424,1.375,"MEX","AGUASCALIENTES",NA,NA,NA
"425","Dengue",2017,425,1.09375,"MEX","AGUASCALIENTES",NA,NA,NA
"426","Dengue",2017,426,1.40625,"MEX","AGUASCALIENTES",NA,NA,NA
"427","Dengue",2017,427,1.53125,"MEX","AGUASCALIENTES",NA,NA,NA
"428","Dengue",2017,428,1.28125,"MEX","AGUASCALIENTES",NA,NA,NA
"429","Dengue",2017,429,1.59375,"MEX","AGUASCALIENTES",NA,NA,NA
"430","Dengue",2017,430,1.78125,"MEX","AGUASCALIENTES",NA,NA,NA
"431","Dengue",2017,431,1.5625,"MEX","AGUASCALIENTES",NA,NA,NA
"432","Dengue",2017,432,0.875,"MEX","AGUASCALIENTES",NA,NA,NA
"433","Dengue",2017,433,1.15625,"MEX","AGUASCALIENTES",NA,NA,NA
"434","Dengue",2017,434,2.0625,"MEX","AGUASCALIENTES",NA,NA,NA
"435","Dengue",2017,435,1.25,"MEX","AGUASCALIENTES",NA,NA,NA
"436","Dengue",2017,436,1.9375,"MEX","AGUASCALIENTES",NA,NA,NA
"437","Dengue",2017,437,2.25,"MEX","AGUASCALIENTES",NA,NA,NA
"438","Dengue",2017,438,1.75,"MEX","AGUASCALIENTES",NA,NA,NA
"439","Dengue",2017,439,3.5,"MEX","AGUASCALIENTES",NA,NA,NA
"440","Dengue",2017,440,4.1875,"MEX","AGUASCALIENTES",NA,NA,NA
"441","Dengue",2017,441,3.15625,"MEX","AGUASCALIENTES",NA,NA,NA
"442","Dengue",2017,442,4.96875,"MEX","AGUASCALIENTES",NA,NA,NA
"443","Dengue",2017,443,3.65625,"MEX","AGUASCALIENTES",NA,NA,NA
"444","Dengue",2017,444,6.15625,"MEX","AGUASCALIENTES",NA,NA,NA
"445","Dengue",2017,445,4.625,"MEX","AGUASCALIENTES",NA,NA,NA
"446","Dengue",2017,446,4.78125,"MEX","AGUASCALIENTES",NA,NA,NA
"447","Dengue",2017,447,4,"MEX","AGUASCALIENTES",NA,NA,NA
"448","Dengue",2017,448,6.03125,"MEX","AGUASCALIENTES",NA,NA,NA
"449","Dengue",2017,449,5.625,"MEX","AGUASCALIENTES",NA,NA,NA
"450","Dengue",2017,450,11.75,"MEX","AGUASCALIENTES",NA,NA,NA
"451","Dengue",2017,451,12.21875,"MEX","AGUASCALIENTES",NA,NA,NA
"452","Dengue",2017,452,15.71875,"MEX","AGUASCALIENTES",NA,NA,NA
"453","Dengue",2017,453,17.5,"MEX","AGUASCALIENTES",NA,NA,NA
"454","Dengue",2017,454,15.21875,"MEX","AGUASCALIENTES",NA,NA,NA
"455","Dengue",2017,455,17.65625,"MEX","AGUASCALIENTES",NA,NA,NA
"456","Dengue",2017,456,16.125,"MEX","AGUASCALIENTES",NA,NA,NA
"457","Dengue",2017,457,24.09375,"MEX","AGUASCALIENTES",NA,NA,NA
"458","Dengue",2017,458,20.875,"MEX","AGUASCALIENTES",NA,NA,NA
"459","Dengue",2017,459,22.125,"MEX","AGUASCALIENTES",NA,NA,NA
"460","Dengue",2017,460,22.15625,"MEX","AGUASCALIENTES",NA,NA,NA
"461","Dengue",2017,461,10.9375,"MEX","AGUASCALIENTES",NA,NA,NA
"462","Dengue",2017,462,14.96875,"MEX","AGUASCALIENTES",NA,NA,NA
"463","Dengue",2017,463,11.90625,"MEX","AGUASCALIENTES",NA,NA,NA
"464","Dengue",2017,464,12.3125,"MEX","AGUASCALIENTES",NA,NA,NA
"465","Dengue",2017,465,8.5,"MEX","AGUASCALIENTES",NA,NA,NA
"466","Dengue",2017,466,10,"MEX","AGUASCALIENTES",NA,NA,NA
"467","Dengue",2017,467,8.0625,"MEX","AGUASCALIENTES",NA,NA,NA
"468","Dengue",2017,468,1.15625,"MEX","AGUASCALIENTES",NA,NA,NA
"469","Dengue",2017,469,0.25,"MEX","AGUASCALIENTES",NA,NA,NA
"470","Dengue",2018,470,0,"MEX","AGUASCALIENTES",NA,NA,NA
"471","Dengue",2018,471,0.125,"MEX","AGUASCALIENTES",NA,NA,NA
"472","Dengue",2018,472,0.125,"MEX","AGUASCALIENTES",NA,NA,NA
"473","Dengue",2018,473,0.3125,"MEX","AGUASCALIENTES",NA,NA,NA
"474","Dengue",2018,474,0.28125,"MEX","AGUASCALIENTES",NA,NA,NA
"475","Dengue",2018,475,0.1875,"MEX","AGUASCALIENTES",NA,NA,NA
"476","Dengue",2018,476,0.21875,"MEX","AGUASCALIENTES",NA,NA,NA
"477","Dengue",2018,477,0.3125,"MEX","AGUASCALIENTES",NA,NA,NA
"478","Dengue",2018,478,0.21875,"MEX","AGUASCALIENTES",NA,NA,NA
"479","Dengue",2018,479,0.1875,"MEX","AGUASCALIENTES",NA,NA,NA
"480","Dengue",2018,480,0.34375,"MEX","AGUASCALIENTES",NA,NA,NA
"481","Dengue",2018,481,0.1875,"MEX","AGUASCALIENTES",NA,NA,NA
"482","Dengue",2018,482,0.15625,"MEX","AGUASCALIENTES",NA,NA,NA
"483","Dengue",2018,483,0.25,"MEX","AGUASCALIENTES",NA,NA,NA
"484","Dengue",2018,484,0.09375,"MEX","AGUASCALIENTES",NA,NA,NA
"485","Dengue",2018,485,0.28125,"MEX","AGUASCALIENTES",NA,NA,NA
"486","Dengue",2018,486,0.53125,"MEX","AGUASCALIENTES",NA,NA,NA
"487","Dengue",2018,487,0.125,"MEX","AGUASCALIENTES",NA,NA,NA
"488","Dengue",2018,488,0.46875,"MEX","AGUASCALIENTES",NA,NA,NA
"489","Dengue",2018,489,0.84375,"MEX","AGUASCALIENTES",NA,NA,NA
"490","Dengue",2018,490,0.9375,"MEX","AGUASCALIENTES",NA,NA,NA
"491","Dengue",2018,491,1.40625,"MEX","AGUASCALIENTES",NA,NA,NA
"492","Dengue",2018,492,2.375,"MEX","AGUASCALIENTES",NA,NA,NA
"493","Dengue",2018,493,2.59375,"MEX","AGUASCALIENTES",NA,NA,NA
"494","Dengue",2018,494,3.21875,"MEX","AGUASCALIENTES",NA,NA,NA
"495","Dengue",2018,495,2.46875,"MEX","AGUASCALIENTES",NA,NA,NA
"496","Dengue",2018,496,4.21875,"MEX","AGUASCALIENTES",NA,NA,NA
"497","Dengue",2018,497,1.625,"MEX","AGUASCALIENTES",NA,NA,NA
"498","Dengue",2018,498,3.09375,"MEX","AGUASCALIENTES",NA,NA,NA
"499","Dengue",2018,499,3.25,"MEX","AGUASCALIENTES",NA,NA,NA
"500","Dengue",2018,500,4.625,"MEX","AGUASCALIENTES",NA,NA,NA
"501","Dengue",2018,501,3.375,"MEX","AGUASCALIENTES",NA,NA,NA
"502","Dengue",2018,502,5.53125,"MEX","AGUASCALIENTES",NA,NA,NA
"503","Dengue",2018,503,7.21875,"MEX","AGUASCALIENTES",NA,NA,NA
"504","Dengue",2018,504,6.625,"MEX","AGUASCALIENTES",NA,NA,NA
"505","Dengue",2018,505,8.65625,"MEX","AGUASCALIENTES",NA,NA,NA
"506","Dengue",2018,506,13.84375,"MEX","AGUASCALIENTES",NA,NA,NA
"507","Dengue",2018,507,11.71875,"MEX","AGUASCALIENTES",NA,NA,NA
"508","Dengue",2018,508,17.21875,"MEX","AGUASCALIENTES",NA,NA,NA
"509","Dengue",2018,509,18.40625,"MEX","AGUASCALIENTES",NA,NA,NA
"510","Dengue",2018,510,14.09375,"MEX","AGUASCALIENTES",NA,NA,NA
"511","Dengue",2018,511,13.875,"MEX","AGUASCALIENTES",NA,NA,NA
"512","Dengue",2018,512,16.5625,"MEX","AGUASCALIENTES",NA,NA,NA
"513","Dengue",2018,513,12.03125,"MEX","AGUASCALIENTES",NA,NA,NA
"514","Dengue",2018,514,18.03125,"MEX","AGUASCALIENTES",NA,NA,NA
"515","Dengue",2018,515,11.0625,"MEX","AGUASCALIENTES",NA,NA,NA
"516","Dengue",2018,516,12.875,"MEX","AGUASCALIENTES",NA,NA,NA
"517","Dengue",2018,517,8.5625,"MEX","AGUASCALIENTES",NA,NA,NA
"518","Dengue",2018,518,7.3125,"MEX","AGUASCALIENTES",NA,NA,NA
"519","Dengue",2018,519,7.75,"MEX","AGUASCALIENTES",NA,NA,NA
"520","Dengue",2018,520,3.28125,"MEX","AGUASCALIENTES",NA,NA,NA
"521","Dengue",2018,521,4.125,"MEX","AGUASCALIENTES",NA,NA,NA
"522","Dengue",2019,522,0,"MEX","AGUASCALIENTES",NA,NA,NA
"523","Dengue",2019,523,0.625,"MEX","AGUASCALIENTES",NA,NA,NA
"524","Dengue",2019,524,1.84375,"MEX","AGUASCALIENTES",NA,NA,NA
"525","Dengue",2019,525,2.34375,"MEX","AGUASCALIENTES",NA,NA,NA
"526","Dengue",2019,526,2.21875,"MEX","AGUASCALIENTES",NA,NA,NA
"527","Dengue",2019,527,2.90625,"MEX","AGUASCALIENTES",NA,NA,NA
"528","Dengue",2019,528,2.0625,"MEX","AGUASCALIENTES",NA,NA,NA
"529","Dengue",2019,529,1.625,"MEX","AGUASCALIENTES",NA,NA,NA
"530","Dengue",2019,530,1.78125,"MEX","AGUASCALIENTES",NA,NA,NA
"531","Dengue",2019,531,1.75,"MEX","AGUASCALIENTES",NA,NA,NA
"532","Dengue",2019,532,2.21875,"MEX","AGUASCALIENTES",NA,NA,NA
"533","Dengue",2019,533,1.375,"MEX","AGUASCALIENTES",NA,NA,NA
"534","Dengue",2019,534,1.90625,"MEX","AGUASCALIENTES",NA,NA,NA
"535","Dengue",2019,535,1.78125,"MEX","AGUASCALIENTES",NA,NA,NA
"536","Dengue",2019,536,1.9375,"MEX","AGUASCALIENTES",NA,NA,NA
"537","Dengue",2019,537,1.84375,"MEX","AGUASCALIENTES",NA,NA,NA
"538","Dengue",2019,538,2.25,"MEX","AGUASCALIENTES",NA,NA,NA
"539","Dengue",2019,539,1.3125,"MEX","AGUASCALIENTES",NA,NA,NA
"540","Dengue",2019,540,2.28125,"MEX","AGUASCALIENTES",NA,NA,NA
"541","Dengue",2019,541,3.375,"MEX","AGUASCALIENTES",NA,NA,NA
"542","Dengue",2019,542,3.0625,"MEX","AGUASCALIENTES",NA,NA,NA
"543","Dengue",2019,543,3.8125,"MEX","AGUASCALIENTES",NA,NA,NA
"544","Dengue",2019,544,4.28125,"MEX","AGUASCALIENTES",NA,NA,NA
"545","Dengue",2019,545,5.28125,"MEX","AGUASCALIENTES",NA,NA,NA
"546","Dengue",2019,546,6.15625,"MEX","AGUASCALIENTES",NA,NA,NA
"547","Dengue",2019,547,10,"MEX","AGUASCALIENTES",NA,NA,NA
"548","Dengue",2019,548,10.4375,"MEX","AGUASCALIENTES",NA,NA,NA
"549","Dengue",2019,549,10.0625,"MEX","AGUASCALIENTES",NA,NA,NA
"550","Dengue",2019,550,10.53125,"MEX","AGUASCALIENTES",NA,NA,NA
"551","Dengue",2019,551,11.25,"MEX","AGUASCALIENTES",NA,NA,NA
"552","Dengue",2019,552,25.34375,"MEX","AGUASCALIENTES",NA,NA,NA
"553","Dengue",2019,553,25.625,"MEX","AGUASCALIENTES",NA,NA,NA
"554","Dengue",2019,554,22.96875,"MEX","AGUASCALIENTES",NA,NA,NA
"555","Dengue",2019,555,31.1875,"MEX","AGUASCALIENTES",NA,NA,NA
"556","Dengue",2019,556,31.6875,"MEX","AGUASCALIENTES",NA,NA,NA
"557","Dengue",2019,557,59.40625,"MEX","AGUASCALIENTES",NA,NA,NA
"558","Dengue",2019,558,57.40625,"MEX","AGUASCALIENTES",NA,NA,NA
"559","Dengue",2019,559,45.9375,"MEX","AGUASCALIENTES",NA,NA,NA
"560","Dengue",2019,560,59.5,"MEX","AGUASCALIENTES",NA,NA,NA
"561","Dengue",2019,561,43.5625,"MEX","AGUASCALIENTES",NA,NA,NA
"562","Dengue",2019,562,43.875,"MEX","AGUASCALIENTES",NA,NA,NA
"563","Dengue",2019,563,35.0625,"MEX","AGUASCALIENTES",NA,NA,NA
"564","Dengue",2019,564,35.375,"MEX","AGUASCALIENTES",NA,NA,NA
"565","Dengue",2019,565,40.53125,"MEX","AGUASCALIENTES",NA,NA,NA
"566","Dengue",2019,566,36.90625,"MEX","AGUASCALIENTES",NA,NA,NA
"567","Dengue",2019,567,34.34375,"MEX","AGUASCALIENTES",NA,NA,NA
"568","Dengue",2019,568,18.84375,"MEX","AGUASCALIENTES",NA,NA,NA
"569","Dengue",2019,569,23.96875,"MEX","AGUASCALIENTES",NA,NA,NA
"570","Dengue",2019,570,34.5,"MEX","AGUASCALIENTES",NA,NA,NA
"571","Dengue",2019,571,23.25,"MEX","AGUASCALIENTES",NA,NA,NA
"572","Dengue",2019,572,27.5,"MEX","AGUASCALIENTES",NA,NA,NA
"573","Dengue",2019,573,2.28125,"MEX","AGUASCALIENTES",NA,NA,NA
"574","Dengue",2020,574,0,"MEX","AGUASCALIENTES",NA,NA,NA
"575","Dengue",2020,575,0.625,"MEX","AGUASCALIENTES",NA,NA,NA
"576","Dengue",2020,576,2.21875,"MEX","AGUASCALIENTES",NA,NA,NA
"577","Dengue",2020,577,3.65625,"MEX","AGUASCALIENTES",NA,NA,NA
"578","Dengue",2020,578,3.09375,"MEX","AGUASCALIENTES",NA,NA,NA
"579","Dengue",2020,579,4.8125,"MEX","AGUASCALIENTES",NA,NA,NA
"580","Dengue",2020,580,3.78125,"MEX","AGUASCALIENTES",NA,NA,NA
"581","Dengue",2020,581,3.75,"MEX","AGUASCALIENTES",NA,NA,NA
"582","Dengue",2020,582,2.84375,"MEX","AGUASCALIENTES",NA,NA,NA
"583","Dengue",2020,583,3.59375,"MEX","AGUASCALIENTES",NA,NA,NA
"584","Dengue",2020,584,2.28125,"MEX","AGUASCALIENTES",NA,NA,NA
