"","Disease","EpiYear","EpiWeek","Incidence","ADM0","ADM1","ADM2","NA","NA"
"1","Varicella",2001,1,112.34375,"MEX","AGUASCALIENTES",NA,NA,NA
"2","Varicella",2001,2,131.03125,"MEX","AGUASCALIENTES",NA,NA,NA
"3","Varicella",2001,3,125.28125,"MEX","AGUASCALIENTES",NA,NA,NA
"4","Varicella",2001,4,127.09375,"MEX","AGUASCALIENTES",NA,NA,NA
"5","Varicella",2001,5,127.8125,"MEX","AGUASCALIENTES",NA,NA,NA
"6","Varicella",2001,6,120.5625,"MEX","AGUASCALIENTES",NA,NA,NA
"7","Varicella",2001,7,115.1875,"MEX","AGUASCALIENTES",NA,NA,NA
"8","Varicella",2001,8,93.875,"MEX","AGUASCALIENTES",NA,NA,NA
"9","Varicella",2001,9,89,"MEX","AGUASCALIENTES",NA,NA,NA
"10","Varicella",2001,10,81.46875,"MEX","AGUASCALIENTES",NA,NA,NA
"11","Varicella",2001,11,78.71875,"MEX","AGUASCALIENTES",NA,NA,NA
"12","Varicella",2001,12,71.53125,"MEX","AGUASCALIENTES",NA,NA,NA
"13","Varicella",2001,13,62.5625,"MEX","AGUASCALIENTES",NA,NA,NA
"14","Varicella",2001,14,58.40625,"MEX","AGUASCALIENTES",NA,NA,NA
"15","Varicella",2001,15,61.21875,"MEX","AGUASCALIENTES",NA,NA,NA
"16","Varicella",2001,16,58.21875,"MEX","AGUASCALIENTES",NA,NA,NA
"17","Varicella",2001,17,61.5,"MEX","AGUASCALIENTES",NA,NA,NA
"18","Varicella",2001,18,54.8125,"MEX","AGUASCALIENTES",NA,NA,NA
"19","Varicella",2001,19,63.25,"MEX","AGUASCALIENTES",NA,NA,NA
"20","Varicella",2001,20,63.53125,"MEX","AGUASCALIENTES",NA,NA,NA
"21","Varicella",2001,21,63.5,"MEX","AGUASCALIENTES",NA,NA,NA
"22","Varicella",2001,22,66.53125,"MEX","AGUASCALIENTES",NA,NA,NA
"23","Varicella",2001,23,69.96875,"MEX","AGUASCALIENTES",NA,NA,NA
"24","Varicella",2001,24,90.21875,"MEX","AGUASCALIENTES",NA,NA,NA
"25","Varicella",2001,25,90.53125,"MEX","AGUASCALIENTES",NA,NA,NA
"26","Varicella",2001,26,78.84375,"MEX","AGUASCALIENTES",NA,NA,NA
"27","Varicella",2001,27,68.0625,"MEX","AGUASCALIENTES",NA,NA,NA
"28","Varicella",2001,28,104.28125,"MEX","AGUASCALIENTES",NA,NA,NA
"29","Varicella",2001,29,110.34375,"MEX","AGUASCALIENTES",NA,NA,NA
"30","Varicella",2001,30,112.34375,"MEX","AGUASCALIENTES",NA,NA,NA
"31","Varicella",2001,31,111.09375,"MEX","AGUASCALIENTES",NA,NA,NA
"32","Varicella",2001,32,105.875,"MEX","AGUASCALIENTES",NA,NA,NA
"33","Varicella",2001,33,63.4375,"MEX","AGUASCALIENTES",NA,NA,NA
"34","Varicella",2002,34,99.59375,"MEX","AGUASCALIENTES",NA,NA,NA
"35","Varicella",2002,35,70.34375,"MEX","AGUASCALIENTES",NA,NA,NA
"36","Varicella",2002,36,91.15625,"MEX","AGUASCALIENTES",NA,NA,NA
"37","Varicella",2002,37,144.75,"MEX","AGUASCALIENTES",NA,NA,NA
"38","Varicella",2002,38,146.75,"MEX","AGUASCALIENTES",NA,NA,NA
"39","Varicella",2002,39,153.125,"MEX","AGUASCALIENTES",NA,NA,NA
"40","Varicella",2002,40,155.8125,"MEX","AGUASCALIENTES",NA,NA,NA
"41","Varicella",2002,41,161.90625,"MEX","AGUASCALIENTES",NA,NA,NA
"42","Varicella",2002,42,178.75,"MEX","AGUASCALIENTES",NA,NA,NA
"43","Varicella",2002,43,212.53125,"MEX","AGUASCALIENTES",NA,NA,NA
"44","Varicella",2002,44,220.0625,"MEX","AGUASCALIENTES",NA,NA,NA
"45","Varicella",2002,45,175.78125,"MEX","AGUASCALIENTES",NA,NA,NA
"46","Varicella",2002,46,237.65625,"MEX","AGUASCALIENTES",NA,NA,NA
"47","Varicella",2002,47,215.40625,"MEX","AGUASCALIENTES",NA,NA,NA
"48","Varicella",2002,48,160.34375,"MEX","AGUASCALIENTES",NA,NA,NA
"49","Varicella",2002,49,200.8125,"MEX","AGUASCALIENTES",NA,NA,NA
"50","Varicella",2002,50,265.5625,"MEX","AGUASCALIENTES",NA,NA,NA
"51","Varicella",2002,51,241.53125,"MEX","AGUASCALIENTES",NA,NA,NA
"52","Varicella",2002,52,210.40625,"MEX","AGUASCALIENTES",NA,NA,NA
"53","Varicella",2002,53,191.84375,"MEX","AGUASCALIENTES",NA,NA,NA
"54","Varicella",2002,54,198.3125,"MEX","AGUASCALIENTES",NA,NA,NA
"55","Varicella",2002,55,222.3125,"MEX","AGUASCALIENTES",NA,NA,NA
"56","Varicella",2002,56,184.0625,"MEX","AGUASCALIENTES",NA,NA,NA
"57","Varicella",2002,57,190.96875,"MEX","AGUASCALIENTES",NA,NA,NA
"58","Varicella",2002,58,195.78125,"MEX","AGUASCALIENTES",NA,NA,NA
"59","Varicella",2002,59,197.875,"MEX","AGUASCALIENTES",NA,NA,NA
"60","Varicella",2002,60,183.4375,"MEX","AGUASCALIENTES",NA,NA,NA
"61","Varicella",2002,61,144.4375,"MEX","AGUASCALIENTES",NA,NA,NA
"62","Varicella",2002,62,124.8125,"MEX","AGUASCALIENTES",NA,NA,NA
"63","Varicella",2002,63,111.03125,"MEX","AGUASCALIENTES",NA,NA,NA
"64","Varicella",2002,64,82.0625,"MEX","AGUASCALIENTES",NA,NA,NA
"65","Varicella",2002,65,99.71875,"MEX","AGUASCALIENTES",NA,NA,NA
"66","Varicella",2002,66,72.9375,"MEX","AGUASCALIENTES",NA,NA,NA
"67","Varicella",2002,67,84.71875,"MEX","AGUASCALIENTES",NA,NA,NA
"68","Varicella",2002,68,81.71875,"MEX","AGUASCALIENTES",NA,NA,NA
"69","Varicella",2002,69,91.25,"MEX","AGUASCALIENTES",NA,NA,NA
"70","Varicella",2002,70,82.53125,"MEX","AGUASCALIENTES",NA,NA,NA
"71","Varicella",2002,71,81.6875,"MEX","AGUASCALIENTES",NA,NA,NA
"72","Varicella",2002,72,80.9375,"MEX","AGUASCALIENTES",NA,NA,NA
"73","Varicella",2002,73,82.5,"MEX","AGUASCALIENTES",NA,NA,NA
"74","Varicella",2002,74,81.5,"MEX","AGUASCALIENTES",NA,NA,NA
"75","Varicella",2002,75,76.75,"MEX","AGUASCALIENTES",NA,NA,NA
"76","Varicella",2002,76,82,"MEX","AGUASCALIENTES",NA,NA,NA
"77","Varicella",2002,77,97.4375,"MEX","AGUASCALIENTES",NA,NA,NA
"78","Varicella",2002,78,92.875,"MEX","AGUASCALIENTES",NA,NA,NA
"79","Varicella",2002,79,89.75,"MEX","AGUASCALIENTES",NA,NA,NA
"80","Varicella",2002,80,103.46875,"MEX","AGUASCALIENTES",NA,NA,NA
"81","Varicella",2002,81,86.75,"MEX","AGUASCALIENTES",NA,NA,NA
"82","Varicella",2002,82,94.03125,"MEX","AGUASCALIENTES",NA,NA,NA
"83","Varicella",2002,83,98.4375,"MEX","AGUASCALIENTES",NA,NA,NA
"84","Varicella",2002,84,95.71875,"MEX","AGUASCALIENTES",NA,NA,NA
"85","Varicella",2002,85,78.125,"MEX","AGUASCALIENTES",NA,NA,NA
"86","Varicella",2003,86,71.125,"MEX","AGUASCALIENTES",NA,NA,NA
"87","Varicella",2003,87,62.125,"MEX","AGUASCALIENTES",NA,NA,NA
"88","Varicella",2003,88,33.28125,"MEX","AGUASCALIENTES",NA,NA,NA
"89","Varicella",2003,89,77.59375,"MEX","AGUASCALIENTES",NA,NA,NA
"90","Varicella",2003,90,77.78125,"MEX","AGUASCALIENTES",NA,NA,NA
"91","Varicella",2003,91,89.34375,"MEX","AGUASCALIENTES",NA,NA,NA
"92","Varicella",2003,92,87.65625,"MEX","AGUASCALIENTES",NA,NA,NA
"93","Varicella",2003,93,94.4375,"MEX","AGUASCALIENTES",NA,NA,NA
"94","Varicella",2003,94,144.8125,"MEX","AGUASCALIENTES",NA,NA,NA
"95","Varicella",2003,95,158.625,"MEX","AGUASCALIENTES",NA,NA,NA
"96","Varicella",2003,96,143.78125,"MEX","AGUASCALIENTES",NA,NA,NA
"97","Varicella",2003,97,180.78125,"MEX","AGUASCALIENTES",NA,NA,NA
"98","Varicella",2003,98,175.75,"MEX","AGUASCALIENTES",NA,NA,NA
"99","Varicella",2003,99,184.8125,"MEX","AGUASCALIENTES",NA,NA,NA
"100","Varicella",2003,100,194.71875,"MEX","AGUASCALIENTES",NA,NA,NA
"101","Varicella",2003,101,192.8125,"MEX","AGUASCALIENTES",NA,NA,NA
"102","Varicella",2003,102,171.34375,"MEX","AGUASCALIENTES",NA,NA,NA
"103","Varicella",2003,103,140.75,"MEX","AGUASCALIENTES",NA,NA,NA
"104","Varicella",2003,104,198,"MEX","AGUASCALIENTES",NA,NA,NA
"105","Varicella",2003,105,190.5,"MEX","AGUASCALIENTES",NA,NA,NA
"106","Varicella",2003,106,191.8125,"MEX","AGUASCALIENTES",NA,NA,NA
"107","Varicella",2003,107,196.78125,"MEX","AGUASCALIENTES",NA,NA,NA
"108","Varicella",2003,108,141.1875,"MEX","AGUASCALIENTES",NA,NA,NA
"109","Varicella",2003,109,175.84375,"MEX","AGUASCALIENTES",NA,NA,NA
"110","Varicella",2003,110,164.3125,"MEX","AGUASCALIENTES",NA,NA,NA
"111","Varicella",2003,111,158.3125,"MEX","AGUASCALIENTES",NA,NA,NA
"112","Varicella",2003,112,150.0625,"MEX","AGUASCALIENTES",NA,NA,NA
"113","Varicella",2003,113,123.1875,"MEX","AGUASCALIENTES",NA,NA,NA
"114","Varicella",2003,114,119.65625,"MEX","AGUASCALIENTES",NA,NA,NA
"115","Varicella",2003,115,101.78125,"MEX","AGUASCALIENTES",NA,NA,NA
"116","Varicella",2003,116,103.625,"MEX","AGUASCALIENTES",NA,NA,NA
"117","Varicella",2003,117,82.0625,"MEX","AGUASCALIENTES",NA,NA,NA
"118","Varicella",2003,118,72.875,"MEX","AGUASCALIENTES",NA,NA,NA
"119","Varicella",2003,119,72.40625,"MEX","AGUASCALIENTES",NA,NA,NA
"120","Varicella",2003,120,76.40625,"MEX","AGUASCALIENTES",NA,NA,NA
"121","Varicella",2003,121,77.1875,"MEX","AGUASCALIENTES",NA,NA,NA
"122","Varicella",2003,122,57.90625,"MEX","AGUASCALIENTES",NA,NA,NA
"123","Varicella",2003,123,75.5625,"MEX","AGUASCALIENTES",NA,NA,NA
"124","Varicella",2003,124,71.90625,"MEX","AGUASCALIENTES",NA,NA,NA
"125","Varicella",2003,125,79,"MEX","AGUASCALIENTES",NA,NA,NA
"126","Varicella",2003,126,78.25,"MEX","AGUASCALIENTES",NA,NA,NA
"127","Varicella",2003,127,72.375,"MEX","AGUASCALIENTES",NA,NA,NA
"128","Varicella",2003,128,86.8125,"MEX","AGUASCALIENTES",NA,NA,NA
"129","Varicella",2003,129,86.90625,"MEX","AGUASCALIENTES",NA,NA,NA
"130","Varicella",2003,130,92.375,"MEX","AGUASCALIENTES",NA,NA,NA
"131","Varicella",2003,131,78.125,"MEX","AGUASCALIENTES",NA,NA,NA
"132","Varicella",2003,132,97.96875,"MEX","AGUASCALIENTES",NA,NA,NA
"133","Varicella",2003,133,89.125,"MEX","AGUASCALIENTES",NA,NA,NA
"134","Varicella",2003,134,109.25,"MEX","AGUASCALIENTES",NA,NA,NA
"135","Varicella",2003,135,107.25,"MEX","AGUASCALIENTES",NA,NA,NA
"136","Varicella",2003,136,96.59375,"MEX","AGUASCALIENTES",NA,NA,NA
"137","Varicella",2003,137,104.25,"MEX","AGUASCALIENTES",NA,NA,NA
"138","Varicella",2003,138,68.09375,"MEX","AGUASCALIENTES",NA,NA,NA
"139","Varicella",2004,139,70.96875,"MEX","AGUASCALIENTES",NA,NA,NA
"140","Varicella",2004,140,89.1875,"MEX","AGUASCALIENTES",NA,NA,NA
"141","Varicella",2004,141,123.96875,"MEX","AGUASCALIENTES",NA,NA,NA
"142","Varicella",2004,142,149.53125,"MEX","AGUASCALIENTES",NA,NA,NA
"143","Varicella",2004,143,164.78125,"MEX","AGUASCALIENTES",NA,NA,NA
"144","Varicella",2004,144,157.8125,"MEX","AGUASCALIENTES",NA,NA,NA
"145","Varicella",2004,145,161.34375,"MEX","AGUASCALIENTES",NA,NA,NA
"146","Varicella",2004,146,180.25,"MEX","AGUASCALIENTES",NA,NA,NA
"147","Varicella",2004,147,218.03125,"MEX","AGUASCALIENTES",NA,NA,NA
"148","Varicella",2004,148,202.53125,"MEX","AGUASCALIENTES",NA,NA,NA
"149","Varicella",2004,149,271.375,"MEX","AGUASCALIENTES",NA,NA,NA
"150","Varicella",2004,150,269.875,"MEX","AGUASCALIENTES",NA,NA,NA
"151","Varicella",2004,151,315.46875,"MEX","AGUASCALIENTES",NA,NA,NA
"152","Varicella",2004,152,279.71875,"MEX","AGUASCALIENTES",NA,NA,NA
"153","Varicella",2004,153,278.40625,"MEX","AGUASCALIENTES",NA,NA,NA
"154","Varicella",2004,154,227.9375,"MEX","AGUASCALIENTES",NA,NA,NA
"155","Varicella",2004,155,298.46875,"MEX","AGUASCALIENTES",NA,NA,NA
"156","Varicella",2004,156,296.96875,"MEX","AGUASCALIENTES",NA,NA,NA
"157","Varicella",2004,157,322.9375,"MEX","AGUASCALIENTES",NA,NA,NA
"158","Varicella",2004,158,330.21875,"MEX","AGUASCALIENTES",NA,NA,NA
"159","Varicella",2004,159,300.4375,"MEX","AGUASCALIENTES",NA,NA,NA
"160","Varicella",2004,160,412.59375,"MEX","AGUASCALIENTES",NA,NA,NA
"161","Varicella",2004,161,318.25,"MEX","AGUASCALIENTES",NA,NA,NA
"162","Varicella",2004,162,339.5,"MEX","AGUASCALIENTES",NA,NA,NA
"163","Varicella",2004,163,261.53125,"MEX","AGUASCALIENTES",NA,NA,NA
"164","Varicella",2004,164,250.65625,"MEX","AGUASCALIENTES",NA,NA,NA
"165","Varicella",2004,165,219.5625,"MEX","AGUASCALIENTES",NA,NA,NA
"166","Varicella",2004,166,159.84375,"MEX","AGUASCALIENTES",NA,NA,NA
"167","Varicella",2004,167,183.125,"MEX","AGUASCALIENTES",NA,NA,NA
"168","Varicella",2004,168,145.84375,"MEX","AGUASCALIENTES",NA,NA,NA
"169","Varicella",2004,169,146.75,"MEX","AGUASCALIENTES",NA,NA,NA
"170","Varicella",2004,170,120.9375,"MEX","AGUASCALIENTES",NA,NA,NA
"171","Varicella",2004,171,117.9375,"MEX","AGUASCALIENTES",NA,NA,NA
"172","Varicella",2004,172,111.09375,"MEX","AGUASCALIENTES",NA,NA,NA
"173","Varicella",2004,173,101.21875,"MEX","AGUASCALIENTES",NA,NA,NA
"174","Varicella",2004,174,96.0625,"MEX","AGUASCALIENTES",NA,NA,NA
"175","Varicella",2004,175,90,"MEX","AGUASCALIENTES",NA,NA,NA
"176","Varicella",2004,176,87.53125,"MEX","AGUASCALIENTES",NA,NA,NA
"177","Varicella",2004,177,80.46875,"MEX","AGUASCALIENTES",NA,NA,NA
"178","Varicella",2004,178,99.46875,"MEX","AGUASCALIENTES",NA,NA,NA
"179","Varicella",2004,179,87.03125,"MEX","AGUASCALIENTES",NA,NA,NA
"180","Varicella",2004,180,94.59375,"MEX","AGUASCALIENTES",NA,NA,NA
"181","Varicella",2004,181,101.21875,"MEX","AGUASCALIENTES",NA,NA,NA
"182","Varicella",2004,182,101.90625,"MEX","AGUASCALIENTES",NA,NA,NA
"183","Varicella",2004,183,105.125,"MEX","AGUASCALIENTES",NA,NA,NA
"184","Varicella",2004,184,89.4375,"MEX","AGUASCALIENTES",NA,NA,NA
"185","Varicella",2004,185,110.25,"MEX","AGUASCALIENTES",NA,NA,NA
"186","Varicella",2004,186,114.53125,"MEX","AGUASCALIENTES",NA,NA,NA
"187","Varicella",2004,187,130.3125,"MEX","AGUASCALIENTES",NA,NA,NA
"188","Varicella",2004,188,134.5,"MEX","AGUASCALIENTES",NA,NA,NA
"189","Varicella",2004,189,120.34375,"MEX","AGUASCALIENTES",NA,NA,NA
"190","Varicella",2004,190,116.78125,"MEX","AGUASCALIENTES",NA,NA,NA
"191","Varicella",2005,191,91.71875,"MEX","AGUASCALIENTES",NA,NA,NA
"192","Varicella",2005,192,127.28125,"MEX","AGUASCALIENTES",NA,NA,NA
"193","Varicella",2005,193,171.625,"MEX","AGUASCALIENTES",NA,NA,NA
"194","Varicella",2005,194,204,"MEX","AGUASCALIENTES",NA,NA,NA
"195","Varicella",2005,195,185.34375,"MEX","AGUASCALIENTES",NA,NA,NA
"196","Varicella",2005,196,210,"MEX","AGUASCALIENTES",NA,NA,NA
"197","Varicella",2005,197,248.5,"MEX","AGUASCALIENTES",NA,NA,NA
"198","Varicella",2005,198,263.84375,"MEX","AGUASCALIENTES",NA,NA,NA
"199","Varicella",2005,199,269.71875,"MEX","AGUASCALIENTES",NA,NA,NA
"200","Varicella",2005,200,279.09375,"MEX","AGUASCALIENTES",NA,NA,NA
"201","Varicella",2005,201,254.875,"MEX","AGUASCALIENTES",NA,NA,NA
"202","Varicella",2005,202,226.5,"MEX","AGUASCALIENTES",NA,NA,NA
"203","Varicella",2005,203,188.03125,"MEX","AGUASCALIENTES",NA,NA,NA
"204","Varicella",2005,204,258.9375,"MEX","AGUASCALIENTES",NA,NA,NA
"205","Varicella",2005,205,301.46875,"MEX","AGUASCALIENTES",NA,NA,NA
"206","Varicella",2005,206,294.53125,"MEX","AGUASCALIENTES",NA,NA,NA
"207","Varicella",2005,207,322.125,"MEX","AGUASCALIENTES",NA,NA,NA
"208","Varicella",2005,208,246.75,"MEX","AGUASCALIENTES",NA,NA,NA
"209","Varicella",2005,209,247.84375,"MEX","AGUASCALIENTES",NA,NA,NA
"210","Varicella",2005,210,253.15625,"MEX","AGUASCALIENTES",NA,NA,NA
"211","Varicella",2005,211,298,"MEX","AGUASCALIENTES",NA,NA,NA
"212","Varicella",2005,212,251.53125,"MEX","AGUASCALIENTES",NA,NA,NA
"213","Varicella",2005,213,273.21875,"MEX","AGUASCALIENTES",NA,NA,NA
"214","Varicella",2005,214,229.75,"MEX","AGUASCALIENTES",NA,NA,NA
"215","Varicella",2005,215,222.71875,"MEX","AGUASCALIENTES",NA,NA,NA
"216","Varicella",2005,216,182.3125,"MEX","AGUASCALIENTES",NA,NA,NA
"217","Varicella",2005,217,156.65625,"MEX","AGUASCALIENTES",NA,NA,NA
"218","Varicella",2005,218,142.65625,"MEX","AGUASCALIENTES",NA,NA,NA
"219","Varicella",2005,219,120.46875,"MEX","AGUASCALIENTES",NA,NA,NA
"220","Varicella",2005,220,109.875,"MEX","AGUASCALIENTES",NA,NA,NA
"221","Varicella",2005,221,93.09375,"MEX","AGUASCALIENTES",NA,NA,NA
"222","Varicella",2005,222,88.21875,"MEX","AGUASCALIENTES",NA,NA,NA
"223","Varicella",2005,223,77.5,"MEX","AGUASCALIENTES",NA,NA,NA
"224","Varicella",2005,224,78.1875,"MEX","AGUASCALIENTES",NA,NA,NA
"225","Varicella",2005,225,69.96875,"MEX","AGUASCALIENTES",NA,NA,NA
"226","Varicella",2005,226,67.65625,"MEX","AGUASCALIENTES",NA,NA,NA
"227","Varicella",2005,227,70.90625,"MEX","AGUASCALIENTES",NA,NA,NA
"228","Varicella",2005,228,61.125,"MEX","AGUASCALIENTES",NA,NA,NA
"229","Varicella",2005,229,74.1875,"MEX","AGUASCALIENTES",NA,NA,NA
"230","Varicella",2005,230,65.6875,"MEX","AGUASCALIENTES",NA,NA,NA
"231","Varicella",2005,231,76.0625,"MEX","AGUASCALIENTES",NA,NA,NA
"232","Varicella",2005,232,85.46875,"MEX","AGUASCALIENTES",NA,NA,NA
"233","Varicella",2005,233,78.0625,"MEX","AGUASCALIENTES",NA,NA,NA
"234","Varicella",2005,234,80.15625,"MEX","AGUASCALIENTES",NA,NA,NA
"235","Varicella",2005,235,74.53125,"MEX","AGUASCALIENTES",NA,NA,NA
"236","Varicella",2005,236,89.3125,"MEX","AGUASCALIENTES",NA,NA,NA
"237","Varicella",2005,237,83.34375,"MEX","AGUASCALIENTES",NA,NA,NA
"238","Varicella",2005,238,91,"MEX","AGUASCALIENTES",NA,NA,NA
"239","Varicella",2005,239,103.1875,"MEX","AGUASCALIENTES",NA,NA,NA
"240","Varicella",2005,240,105.25,"MEX","AGUASCALIENTES",NA,NA,NA
"241","Varicella",2005,241,76.34375,"MEX","AGUASCALIENTES",NA,NA,NA
"242","Varicella",2005,242,75.84375,"MEX","AGUASCALIENTES",NA,NA,NA
"243","Varicella",2006,243,84.6875,"MEX","AGUASCALIENTES",NA,NA,NA
"244","Varicella",2006,244,116.3125,"MEX","AGUASCALIENTES",NA,NA,NA
"245","Varicella",2006,245,152.5625,"MEX","AGUASCALIENTES",NA,NA,NA
"246","Varicella",2006,246,164.03125,"MEX","AGUASCALIENTES",NA,NA,NA
"247","Varicella",2006,247,170.03125,"MEX","AGUASCALIENTES",NA,NA,NA
"248","Varicella",2006,248,180,"MEX","AGUASCALIENTES",NA,NA,NA
"249","Varicella",2006,249,191.3125,"MEX","AGUASCALIENTES",NA,NA,NA
"250","Varicella",2006,250,233.21875,"MEX","AGUASCALIENTES",NA,NA,NA
"251","Varicella",2006,251,252.125,"MEX","AGUASCALIENTES",NA,NA,NA
"252","Varicella",2006,252,279.28125,"MEX","AGUASCALIENTES",NA,NA,NA
"253","Varicella",2006,253,287.5,"MEX","AGUASCALIENTES",NA,NA,NA
"254","Varicella",2006,254,305.875,"MEX","AGUASCALIENTES",NA,NA,NA
"255","Varicella",2006,255,294.90625,"MEX","AGUASCALIENTES",NA,NA,NA
"256","Varicella",2006,256,302.53125,"MEX","AGUASCALIENTES",NA,NA,NA
"257","Varicella",2006,257,276.9375,"MEX","AGUASCALIENTES",NA,NA,NA
"258","Varicella",2006,258,220.5,"MEX","AGUASCALIENTES",NA,NA,NA
"259","Varicella",2006,259,271.28125,"MEX","AGUASCALIENTES",NA,NA,NA
"260","Varicella",2006,260,274.0625,"MEX","AGUASCALIENTES",NA,NA,NA
"261","Varicella",2006,261,224.6875,"MEX","AGUASCALIENTES",NA,NA,NA
"262","Varicella",2006,262,243,"MEX","AGUASCALIENTES",NA,NA,NA
"263","Varicella",2006,263,244.84375,"MEX","AGUASCALIENTES",NA,NA,NA
"264","Varicella",2006,264,206.53125,"MEX","AGUASCALIENTES",NA,NA,NA
"265","Varicella",2006,265,232.90625,"MEX","AGUASCALIENTES",NA,NA,NA
"266","Varicella",2006,266,197.40625,"MEX","AGUASCALIENTES",NA,NA,NA
"267","Varicella",2006,267,190.78125,"MEX","AGUASCALIENTES",NA,NA,NA
"268","Varicella",2006,268,176.5,"MEX","AGUASCALIENTES",NA,NA,NA
"269","Varicella",2006,269,141.4375,"MEX","AGUASCALIENTES",NA,NA,NA
"270","Varicella",2006,270,128.78125,"MEX","AGUASCALIENTES",NA,NA,NA
"271","Varicella",2006,271,114.46875,"MEX","AGUASCALIENTES",NA,NA,NA
"272","Varicella",2006,272,103.75,"MEX","AGUASCALIENTES",NA,NA,NA
"273","Varicella",2006,273,84.90625,"MEX","AGUASCALIENTES",NA,NA,NA
"274","Varicella",2006,274,79.25,"MEX","AGUASCALIENTES",NA,NA,NA
"275","Varicella",2006,275,75.28125,"MEX","AGUASCALIENTES",NA,NA,NA
"276","Varicella",2006,276,70.5625,"MEX","AGUASCALIENTES",NA,NA,NA
"277","Varicella",2006,277,68.09375,"MEX","AGUASCALIENTES",NA,NA,NA
"278","Varicella",2006,278,65.5,"MEX","AGUASCALIENTES",NA,NA,NA
"279","Varicella",2006,279,68.65625,"MEX","AGUASCALIENTES",NA,NA,NA
"280","Varicella",2006,280,67.78125,"MEX","AGUASCALIENTES",NA,NA,NA
"281","Varicella",2006,281,72.5625,"MEX","AGUASCALIENTES",NA,NA,NA
"282","Varicella",2006,282,69.90625,"MEX","AGUASCALIENTES",NA,NA,NA
"283","Varicella",2006,283,72.3125,"MEX","AGUASCALIENTES",NA,NA,NA
"284","Varicella",2006,284,77.03125,"MEX","AGUASCALIENTES",NA,NA,NA
"285","Varicella",2006,285,81.0625,"MEX","AGUASCALIENTES",NA,NA,NA
"286","Varicella",2006,286,72.28125,"MEX","AGUASCALIENTES",NA,NA,NA
"287","Varicella",2006,287,70.90625,"MEX","AGUASCALIENTES",NA,NA,NA
"288","Varicella",2006,288,91.34375,"MEX","AGUASCALIENTES",NA,NA,NA
"289","Varicella",2006,289,89.5,"MEX","AGUASCALIENTES",NA,NA,NA
"290","Varicella",2006,290,82.8125,"MEX","AGUASCALIENTES",NA,NA,NA
"291","Varicella",2006,291,94.21875,"MEX","AGUASCALIENTES",NA,NA,NA
"292","Varicella",2006,292,109.25,"MEX","AGUASCALIENTES",NA,NA,NA
"293","Varicella",2006,293,94.40625,"MEX","AGUASCALIENTES",NA,NA,NA
"294","Varicella",2006,294,66.3125,"MEX","AGUASCALIENTES",NA,NA,NA
"295","Varicella",2007,295,74.5625,"MEX","AGUASCALIENTES",NA,NA,NA
"296","Varicella",2007,296,100.5625,"MEX","AGUASCALIENTES",NA,NA,NA
"297","Varicella",2007,297,159.6875,"MEX","AGUASCALIENTES",NA,NA,NA
"298","Varicella",2007,298,160.03125,"MEX","AGUASCALIENTES",NA,NA,NA
"299","Varicella",2007,299,160.53125,"MEX","AGUASCALIENTES",NA,NA,NA
"300","Varicella",2007,300,157.46875,"MEX","AGUASCALIENTES",NA,NA,NA
"301","Varicella",2007,301,182.09375,"MEX","AGUASCALIENTES",NA,NA,NA
"302","Varicella",2007,302,224.9375,"MEX","AGUASCALIENTES",NA,NA,NA
"303","Varicella",2007,303,220.6875,"MEX","AGUASCALIENTES",NA,NA,NA
"304","Varicella",2007,304,240.09375,"MEX","AGUASCALIENTES",NA,NA,NA
"305","Varicella",2007,305,249.03125,"MEX","AGUASCALIENTES",NA,NA,NA
"306","Varicella",2007,306,284.5,"MEX","AGUASCALIENTES",NA,NA,NA
"307","Varicella",2007,307,299.71875,"MEX","AGUASCALIENTES",NA,NA,NA
"308","Varicella",2007,308,262.40625,"MEX","AGUASCALIENTES",NA,NA,NA
"309","Varicella",2007,309,219.5625,"MEX","AGUASCALIENTES",NA,NA,NA
"310","Varicella",2007,310,290.25,"MEX","AGUASCALIENTES",NA,NA,NA
"311","Varicella",2007,311,308.90625,"MEX","AGUASCALIENTES",NA,NA,NA
"312","Varicella",2007,312,272.3125,"MEX","AGUASCALIENTES",NA,NA,NA
"313","Varicella",2007,313,269.625,"MEX","AGUASCALIENTES",NA,NA,NA
"314","Varicella",2007,314,232.5,"MEX","AGUASCALIENTES",NA,NA,NA
"315","Varicella",2007,315,276.875,"MEX","AGUASCALIENTES",NA,NA,NA
"316","Varicella",2007,316,270.53125,"MEX","AGUASCALIENTES",NA,NA,NA
"317","Varicella",2007,317,248.03125,"MEX","AGUASCALIENTES",NA,NA,NA
"318","Varicella",2007,318,263.8125,"MEX","AGUASCALIENTES",NA,NA,NA
"319","Varicella",2007,319,242.75,"MEX","AGUASCALIENTES",NA,NA,NA
"320","Varicella",2007,320,225.8125,"MEX","AGUASCALIENTES",NA,NA,NA
"321","Varicella",2007,321,189.40625,"MEX","AGUASCALIENTES",NA,NA,NA
"322","Varicella",2007,322,163.90625,"MEX","AGUASCALIENTES",NA,NA,NA
"323","Varicella",2007,323,151.84375,"MEX","AGUASCALIENTES",NA,NA,NA
"324","Varicella",2007,324,139.5625,"MEX","AGUASCALIENTES",NA,NA,NA
"325","Varicella",2007,325,110.375,"MEX","AGUASCALIENTES",NA,NA,NA
"326","Varicella",2007,326,112.875,"MEX","AGUASCALIENTES",NA,NA,NA
"327","Varicella",2007,327,101.03125,"MEX","AGUASCALIENTES",NA,NA,NA
"328","Varicella",2007,328,97.96875,"MEX","AGUASCALIENTES",NA,NA,NA
"329","Varicella",2007,329,95.21875,"MEX","AGUASCALIENTES",NA,NA,NA
"330","Varicella",2007,330,85.53125,"MEX","AGUASCALIENTES",NA,NA,NA
"331","Varicella",2007,331,94.375,"MEX","AGUASCALIENTES",NA,NA,NA
"332","Varicella",2007,332,87.65625,"MEX","AGUASCALIENTES",NA,NA,NA
"333","Varicella",2007,333,89.84375,"MEX","AGUASCALIENTES",NA,NA,NA
"334","Varicella",2007,334,88.0625,"MEX","AGUASCALIENTES",NA,NA,NA
"335","Varicella",2007,335,97.75,"MEX","AGUASCALIENTES",NA,NA,NA
"336","Varicella",2007,336,100.40625,"MEX","AGUASCALIENTES",NA,NA,NA
"337","Varicella",2007,337,101.21875,"MEX","AGUASCALIENTES",NA,NA,NA
"338","Varicella",2007,338,96.78125,"MEX","AGUASCALIENTES",NA,NA,NA
"339","Varicella",2007,339,78.9375,"MEX","AGUASCALIENTES",NA,NA,NA
"340","Varicella",2007,340,119.625,"MEX","AGUASCALIENTES",NA,NA,NA
"341","Varicella",2007,341,118.21875,"MEX","AGUASCALIENTES",NA,NA,NA
"342","Varicella",2007,342,120.96875,"MEX","AGUASCALIENTES",NA,NA,NA
"343","Varicella",2007,343,133.15625,"MEX","AGUASCALIENTES",NA,NA,NA
"344","Varicella",2007,344,136.65625,"MEX","AGUASCALIENTES",NA,NA,NA
"345","Varicella",2007,345,135.78125,"MEX","AGUASCALIENTES",NA,NA,NA
"346","Varicella",2007,346,98.53125,"MEX","AGUASCALIENTES",NA,NA,NA
"347","Varicella",2008,347,102.625,"MEX","AGUASCALIENTES",NA,NA,NA
"348","Varicella",2008,348,118.375,"MEX","AGUASCALIENTES",NA,NA,NA
"349","Varicella",2008,349,202.53125,"MEX","AGUASCALIENTES",NA,NA,NA
"350","Varicella",2008,350,193.3125,"MEX","AGUASCALIENTES",NA,NA,NA
"351","Varicella",2008,351,219.5625,"MEX","AGUASCALIENTES",NA,NA,NA
"352","Varicella",2008,352,210.875,"MEX","AGUASCALIENTES",NA,NA,NA
"353","Varicella",2008,353,232.5,"MEX","AGUASCALIENTES",NA,NA,NA
"354","Varicella",2008,354,267.84375,"MEX","AGUASCALIENTES",NA,NA,NA
"355","Varicella",2008,355,260.9375,"MEX","AGUASCALIENTES",NA,NA,NA
"356","Varicella",2008,356,320.15625,"MEX","AGUASCALIENTES",NA,NA,NA
"357","Varicella",2008,357,318.1875,"MEX","AGUASCALIENTES",NA,NA,NA
"358","Varicella",2008,358,303.9375,"MEX","AGUASCALIENTES",NA,NA,NA
"359","Varicella",2008,359,238.5,"MEX","AGUASCALIENTES",NA,NA,NA
"360","Varicella",2008,360,346.15625,"MEX","AGUASCALIENTES",NA,NA,NA
"361","Varicella",2008,361,395.46875,"MEX","AGUASCALIENTES",NA,NA,NA
"362","Varicella",2008,362,401.21875,"MEX","AGUASCALIENTES",NA,NA,NA
"363","Varicella",2008,363,332.625,"MEX","AGUASCALIENTES",NA,NA,NA
"364","Varicella",2008,364,320.1875,"MEX","AGUASCALIENTES",NA,NA,NA
"365","Varicella",2008,365,274.59375,"MEX","AGUASCALIENTES",NA,NA,NA
"366","Varicella",2008,366,252.5625,"MEX","AGUASCALIENTES",NA,NA,NA
"367","Varicella",2008,367,306.3125,"MEX","AGUASCALIENTES",NA,NA,NA
"368","Varicella",2008,368,272.25,"MEX","AGUASCALIENTES",NA,NA,NA
"369","Varicella",2008,369,245.8125,"MEX","AGUASCALIENTES",NA,NA,NA
"370","Varicella",2008,370,246.9375,"MEX","AGUASCALIENTES",NA,NA,NA
"371","Varicella",2008,371,207.5625,"MEX","AGUASCALIENTES",NA,NA,NA
"372","Varicella",2008,372,205.84375,"MEX","AGUASCALIENTES",NA,NA,NA
"373","Varicella",2008,373,166.5625,"MEX","AGUASCALIENTES",NA,NA,NA
"374","Varicella",2008,374,145.25,"MEX","AGUASCALIENTES",NA,NA,NA
"375","Varicella",2008,375,137.40625,"MEX","AGUASCALIENTES",NA,NA,NA
"376","Varicella",2008,376,131.25,"MEX","AGUASCALIENTES",NA,NA,NA
"377","Varicella",2008,377,105.1875,"MEX","AGUASCALIENTES",NA,NA,NA
"378","Varicella",2008,378,77.90625,"MEX","AGUASCALIENTES",NA,NA,NA
"379","Varicella",2008,379,79.15625,"MEX","AGUASCALIENTES",NA,NA,NA
"380","Varicella",2008,380,82.25,"MEX","AGUASCALIENTES",NA,NA,NA
"381","Varicella",2008,381,84.84375,"MEX","AGUASCALIENTES",NA,NA,NA
"382","Varicella",2008,382,68.46875,"MEX","AGUASCALIENTES",NA,NA,NA
"383","Varicella",2008,383,68.8125,"MEX","AGUASCALIENTES",NA,NA,NA
"384","Varicella",2008,384,67.3125,"MEX","AGUASCALIENTES",NA,NA,NA
"385","Varicella",2008,385,60.34375,"MEX","AGUASCALIENTES",NA,NA,NA
"386","Varicella",2008,386,71.625,"MEX","AGUASCALIENTES",NA,NA,NA
"387","Varicella",2008,387,68.78125,"MEX","AGUASCALIENTES",NA,NA,NA
"388","Varicella",2008,388,81.5625,"MEX","AGUASCALIENTES",NA,NA,NA
"389","Varicella",2008,389,77.0625,"MEX","AGUASCALIENTES",NA,NA,NA
"390","Varicella",2008,390,82.84375,"MEX","AGUASCALIENTES",NA,NA,NA
"391","Varicella",2008,391,71.21875,"MEX","AGUASCALIENTES",NA,NA,NA
"392","Varicella",2008,392,100.09375,"MEX","AGUASCALIENTES",NA,NA,NA
"393","Varicella",2008,393,97.4375,"MEX","AGUASCALIENTES",NA,NA,NA
"394","Varicella",2008,394,103.3125,"MEX","AGUASCALIENTES",NA,NA,NA
"395","Varicella",2008,395,114.375,"MEX","AGUASCALIENTES",NA,NA,NA
"396","Varicella",2008,396,125.15625,"MEX","AGUASCALIENTES",NA,NA,NA
"397","Varicella",2008,397,127.9375,"MEX","AGUASCALIENTES",NA,NA,NA
"398","Varicella",2008,398,107.125,"MEX","AGUASCALIENTES",NA,NA,NA
"399","Varicella",2008,399,101.9375,"MEX","AGUASCALIENTES",NA,NA,NA
"400","Varicella",2009,400,123.875,"MEX","AGUASCALIENTES",NA,NA,NA
"401","Varicella",2009,401,203.125,"MEX","AGUASCALIENTES",NA,NA,NA
"402","Varicella",2009,402,194.71875,"MEX","AGUASCALIENTES",NA,NA,NA
"403","Varicella",2009,403,225.0625,"MEX","AGUASCALIENTES",NA,NA,NA
"404","Varicella",2009,404,208.875,"MEX","AGUASCALIENTES",NA,NA,NA
"405","Varicella",2009,405,240.8125,"MEX","AGUASCALIENTES",NA,NA,NA
"406","Varicella",2009,406,279.0625,"MEX","AGUASCALIENTES",NA,NA,NA
"407","Varicella",2009,407,309.09375,"MEX","AGUASCALIENTES",NA,NA,NA
"408","Varicella",2009,408,311.90625,"MEX","AGUASCALIENTES",NA,NA,NA
"409","Varicella",2009,409,327.875,"MEX","AGUASCALIENTES",NA,NA,NA
"410","Varicella",2009,410,342.96875,"MEX","AGUASCALIENTES",NA,NA,NA
"411","Varicella",2009,411,346.625,"MEX","AGUASCALIENTES",NA,NA,NA
"412","Varicella",2009,412,336.5625,"MEX","AGUASCALIENTES",NA,NA,NA
"413","Varicella",2009,413,321.90625,"MEX","AGUASCALIENTES",NA,NA,NA
"414","Varicella",2009,414,245.40625,"MEX","AGUASCALIENTES",NA,NA,NA
"415","Varicella",2009,415,325.3125,"MEX","AGUASCALIENTES",NA,NA,NA
"416","Varicella",2009,416,318,"MEX","AGUASCALIENTES",NA,NA,NA
"417","Varicella",2009,417,242.90625,"MEX","AGUASCALIENTES",NA,NA,NA
"418","Varicella",2009,418,297.09375,"MEX","AGUASCALIENTES",NA,NA,NA
"419","Varicella",2009,419,249.53125,"MEX","AGUASCALIENTES",NA,NA,NA
"420","Varicella",2009,420,213.15625,"MEX","AGUASCALIENTES",NA,NA,NA
"421","Varicella",2009,421,184.84375,"MEX","AGUASCALIENTES",NA,NA,NA
"422","Varicella",2009,422,163.5625,"MEX","AGUASCALIENTES",NA,NA,NA
"423","Varicella",2009,423,157.8125,"MEX","AGUASCALIENTES",NA,NA,NA
"424","Varicella",2009,424,139.15625,"MEX","AGUASCALIENTES",NA,NA,NA
"425","Varicella",2009,425,122.5,"MEX","AGUASCALIENTES",NA,NA,NA
"426","Varicella",2009,426,111.875,"MEX","AGUASCALIENTES",NA,NA,NA
"427","Varicella",2009,427,103.46875,"MEX","AGUASCALIENTES",NA,NA,NA
"428","Varicella",2009,428,88.3125,"MEX","AGUASCALIENTES",NA,NA,NA
"429","Varicella",2009,429,77.90625,"MEX","AGUASCALIENTES",NA,NA,NA
"430","Varicella",2009,430,73.25,"MEX","AGUASCALIENTES",NA,NA,NA
"431","Varicella",2009,431,71.21875,"MEX","AGUASCALIENTES",NA,NA,NA
"432","Varicella",2009,432,64.46875,"MEX","AGUASCALIENTES",NA,NA,NA
"433","Varicella",2009,433,64.25,"MEX","AGUASCALIENTES",NA,NA,NA
"434","Varicella",2009,434,60.5625,"MEX","AGUASCALIENTES",NA,NA,NA
"435","Varicella",2009,435,58.5,"MEX","AGUASCALIENTES",NA,NA,NA
"436","Varicella",2009,436,66.1875,"MEX","AGUASCALIENTES",NA,NA,NA
"437","Varicella",2009,437,57.5625,"MEX","AGUASCALIENTES",NA,NA,NA
"438","Varicella",2009,438,64.3125,"MEX","AGUASCALIENTES",NA,NA,NA
"439","Varicella",2009,439,58.59375,"MEX","AGUASCALIENTES",NA,NA,NA
"440","Varicella",2009,440,72.46875,"MEX","AGUASCALIENTES",NA,NA,NA
"441","Varicella",2009,441,66.78125,"MEX","AGUASCALIENTES",NA,NA,NA
"442","Varicella",2009,442,62.15625,"MEX","AGUASCALIENTES",NA,NA,NA
"443","Varicella",2009,443,62.8125,"MEX","AGUASCALIENTES",NA,NA,NA
"444","Varicella",2009,444,62.15625,"MEX","AGUASCALIENTES",NA,NA,NA
"445","Varicella",2009,445,71,"MEX","AGUASCALIENTES",NA,NA,NA
"446","Varicella",2009,446,73.46875,"MEX","AGUASCALIENTES",NA,NA,NA
"447","Varicella",2009,447,81.0625,"MEX","AGUASCALIENTES",NA,NA,NA
"448","Varicella",2009,448,80.84375,"MEX","AGUASCALIENTES",NA,NA,NA
"449","Varicella",2009,449,123.09375,"MEX","AGUASCALIENTES",NA,NA,NA
"450","Varicella",2009,450,77.03125,"MEX","AGUASCALIENTES",NA,NA,NA
"451","Varicella",2009,451,58.53125,"MEX","AGUASCALIENTES",NA,NA,NA
"452","Varicella",2010,452,71.25,"MEX","AGUASCALIENTES",NA,NA,NA
"453","Varicella",2010,453,109.875,"MEX","AGUASCALIENTES",NA,NA,NA
"454","Varicella",2010,454,116.5,"MEX","AGUASCALIENTES",NA,NA,NA
"455","Varicella",2010,455,128.96875,"MEX","AGUASCALIENTES",NA,NA,NA
"456","Varicella",2010,456,126.21875,"MEX","AGUASCALIENTES",NA,NA,NA
"457","Varicella",2010,457,131.8125,"MEX","AGUASCALIENTES",NA,NA,NA
"458","Varicella",2010,458,152.65625,"MEX","AGUASCALIENTES",NA,NA,NA
"459","Varicella",2010,459,158.6875,"MEX","AGUASCALIENTES",NA,NA,NA
"460","Varicella",2010,460,169.3125,"MEX","AGUASCALIENTES",NA,NA,NA
"461","Varicella",2010,461,169.90625,"MEX","AGUASCALIENTES",NA,NA,NA
"462","Varicella",2010,462,189.125,"MEX","AGUASCALIENTES",NA,NA,NA
"463","Varicella",2010,463,210.125,"MEX","AGUASCALIENTES",NA,NA,NA
"464","Varicella",2010,464,189.8125,"MEX","AGUASCALIENTES",NA,NA,NA
"465","Varicella",2010,465,158.875,"MEX","AGUASCALIENTES",NA,NA,NA
"466","Varicella",2010,466,222.65625,"MEX","AGUASCALIENTES",NA,NA,NA
"467","Varicella",2010,467,235.53125,"MEX","AGUASCALIENTES",NA,NA,NA
"468","Varicella",2010,468,224.40625,"MEX","AGUASCALIENTES",NA,NA,NA
"469","Varicella",2010,469,210.125,"MEX","AGUASCALIENTES",NA,NA,NA
"470","Varicella",2010,470,188.40625,"MEX","AGUASCALIENTES",NA,NA,NA
"471","Varicella",2010,471,210.34375,"MEX","AGUASCALIENTES",NA,NA,NA
"472","Varicella",2010,472,211.75,"MEX","AGUASCALIENTES",NA,NA,NA
"473","Varicella",2010,473,203.34375,"MEX","AGUASCALIENTES",NA,NA,NA
"474","Varicella",2010,474,215,"MEX","AGUASCALIENTES",NA,NA,NA
"475","Varicella",2010,475,186.3125,"MEX","AGUASCALIENTES",NA,NA,NA
"476","Varicella",2010,476,199.75,"MEX","AGUASCALIENTES",NA,NA,NA
"477","Varicella",2010,477,159.09375,"MEX","AGUASCALIENTES",NA,NA,NA
"478","Varicella",2010,478,151.71875,"MEX","AGUASCALIENTES",NA,NA,NA
"479","Varicella",2010,479,130.8125,"MEX","AGUASCALIENTES",NA,NA,NA
"480","Varicella",2010,480,91.65625,"MEX","AGUASCALIENTES",NA,NA,NA
"481","Varicella",2010,481,102.8125,"MEX","AGUASCALIENTES",NA,NA,NA
"482","Varicella",2010,482,82.78125,"MEX","AGUASCALIENTES",NA,NA,NA
"483","Varicella",2010,483,89.25,"MEX","AGUASCALIENTES",NA,NA,NA
"484","Varicella",2010,484,80.25,"MEX","AGUASCALIENTES",NA,NA,NA
"485","Varicella",2010,485,80.8125,"MEX","AGUASCALIENTES",NA,NA,NA
"486","Varicella",2010,486,77.125,"MEX","AGUASCALIENTES",NA,NA,NA
"487","Varicella",2010,487,74.90625,"MEX","AGUASCALIENTES",NA,NA,NA
"488","Varicella",2010,488,78,"MEX","AGUASCALIENTES",NA,NA,NA
"489","Varicella",2010,489,62.71875,"MEX","AGUASCALIENTES",NA,NA,NA
"490","Varicella",2010,490,84.21875,"MEX","AGUASCALIENTES",NA,NA,NA
"491","Varicella",2010,491,76.53125,"MEX","AGUASCALIENTES",NA,NA,NA
"492","Varicella",2010,492,73.6875,"MEX","AGUASCALIENTES",NA,NA,NA
"493","Varicella",2010,493,84.0625,"MEX","AGUASCALIENTES",NA,NA,NA
"494","Varicella",2010,494,88.21875,"MEX","AGUASCALIENTES",NA,NA,NA
"495","Varicella",2010,495,97.59375,"MEX","AGUASCALIENTES",NA,NA,NA
"496","Varicella",2010,496,96.5625,"MEX","AGUASCALIENTES",NA,NA,NA
"497","Varicella",2010,497,116.9375,"MEX","AGUASCALIENTES",NA,NA,NA
"498","Varicella",2010,498,111.75,"MEX","AGUASCALIENTES",NA,NA,NA
"499","Varicella",2010,499,142.03125,"MEX","AGUASCALIENTES",NA,NA,NA
"500","Varicella",2010,500,130.78125,"MEX","AGUASCALIENTES",NA,NA,NA
"501","Varicella",2010,501,144.78125,"MEX","AGUASCALIENTES",NA,NA,NA
"502","Varicella",2010,502,121.8125,"MEX","AGUASCALIENTES",NA,NA,NA
"503","Varicella",2010,503,109.40625,"MEX","AGUASCALIENTES",NA,NA,NA
"504","Varicella",2011,504,126.03125,"MEX","AGUASCALIENTES",NA,NA,NA
"505","Varicella",2011,505,155.5,"MEX","AGUASCALIENTES",NA,NA,NA
"506","Varicella",2011,506,208.71875,"MEX","AGUASCALIENTES",NA,NA,NA
"507","Varicella",2011,507,227.46875,"MEX","AGUASCALIENTES",NA,NA,NA
"508","Varicella",2011,508,221.84375,"MEX","AGUASCALIENTES",NA,NA,NA
"509","Varicella",2011,509,216.53125,"MEX","AGUASCALIENTES",NA,NA,NA
"510","Varicella",2011,510,244.40625,"MEX","AGUASCALIENTES",NA,NA,NA
"511","Varicella",2011,511,286.46875,"MEX","AGUASCALIENTES",NA,NA,NA
"512","Varicella",2011,512,282.03125,"MEX","AGUASCALIENTES",NA,NA,NA
"513","Varicella",2011,513,335.53125,"MEX","AGUASCALIENTES",NA,NA,NA
"514","Varicella",2011,514,321,"MEX","AGUASCALIENTES",NA,NA,NA
"515","Varicella",2011,515,356.875,"MEX","AGUASCALIENTES",NA,NA,NA
"516","Varicella",2011,516,345.1875,"MEX","AGUASCALIENTES",NA,NA,NA
"517","Varicella",2011,517,378.125,"MEX","AGUASCALIENTES",NA,NA,NA
"518","Varicella",2011,518,368.0625,"MEX","AGUASCALIENTES",NA,NA,NA
"519","Varicella",2011,519,330.5625,"MEX","AGUASCALIENTES",NA,NA,NA
"520","Varicella",2011,520,251.46875,"MEX","AGUASCALIENTES",NA,NA,NA
"521","Varicella",2011,521,297.1875,"MEX","AGUASCALIENTES",NA,NA,NA
"522","Varicella",2011,522,306.03125,"MEX","AGUASCALIENTES",NA,NA,NA
"523","Varicella",2011,523,263.6875,"MEX","AGUASCALIENTES",NA,NA,NA
"524","Varicella",2011,524,303.65625,"MEX","AGUASCALIENTES",NA,NA,NA
"525","Varicella",2011,525,237.84375,"MEX","AGUASCALIENTES",NA,NA,NA
"526","Varicella",2011,526,250.96875,"MEX","AGUASCALIENTES",NA,NA,NA
"527","Varicella",2011,527,226.0625,"MEX","AGUASCALIENTES",NA,NA,NA
"528","Varicella",2011,528,205.125,"MEX","AGUASCALIENTES",NA,NA,NA
"529","Varicella",2011,529,193.53125,"MEX","AGUASCALIENTES",NA,NA,NA
"530","Varicella",2011,530,164.34375,"MEX","AGUASCALIENTES",NA,NA,NA
"531","Varicella",2011,531,150.71875,"MEX","AGUASCALIENTES",NA,NA,NA
"532","Varicella",2011,532,131.5625,"MEX","AGUASCALIENTES",NA,NA,NA
"533","Varicella",2011,533,122.03125,"MEX","AGUASCALIENTES",NA,NA,NA
"534","Varicella",2011,534,115.8125,"MEX","AGUASCALIENTES",NA,NA,NA
"535","Varicella",2011,535,105.3125,"MEX","AGUASCALIENTES",NA,NA,NA
"536","Varicella",2011,536,94.34375,"MEX","AGUASCALIENTES",NA,NA,NA
"537","Varicella",2011,537,91.71875,"MEX","AGUASCALIENTES",NA,NA,NA
"538","Varicella",2011,538,88.40625,"MEX","AGUASCALIENTES",NA,NA,NA
"539","Varicella",2011,539,70.5,"MEX","AGUASCALIENTES",NA,NA,NA
"540","Varicella",2011,540,82,"MEX","AGUASCALIENTES",NA,NA,NA
"541","Varicella",2011,541,0,"MEX","AGUASCALIENTES",NA,NA,NA
"542","Varicella",2011,542,0,"MEX","AGUASCALIENTES",NA,NA,NA
"543","Varicella",2011,543,77.96875,"MEX","AGUASCALIENTES",NA,NA,NA
"544","Varicella",2011,544,85.125,"MEX","AGUASCALIENTES",NA,NA,NA
"545","Varicella",2011,545,86.25,"MEX","AGUASCALIENTES",NA,NA,NA
"546","Varicella",2011,546,82.5,"MEX","AGUASCALIENTES",NA,NA,NA
"547","Varicella",2011,547,89.84375,"MEX","AGUASCALIENTES",NA,NA,NA
"548","Varicella",2011,548,93.34375,"MEX","AGUASCALIENTES",NA,NA,NA
"549","Varicella",2011,549,101.3125,"MEX","AGUASCALIENTES",NA,NA,NA
"550","Varicella",2011,550,112.90625,"MEX","AGUASCALIENTES",NA,NA,NA
"551","Varicella",2011,551,122.25,"MEX","AGUASCALIENTES",NA,NA,NA
"552","Varicella",2011,552,123.4375,"MEX","AGUASCALIENTES",NA,NA,NA
"553","Varicella",2011,553,133.65625,"MEX","AGUASCALIENTES",NA,NA,NA
"554","Varicella",2011,554,115.96875,"MEX","AGUASCALIENTES",NA,NA,NA
"555","Varicella",2011,555,103.5625,"MEX","AGUASCALIENTES",NA,NA,NA
"556","Varicella",2012,556,133.375,"MEX","AGUASCALIENTES",NA,NA,NA
"557","Varicella",2012,557,175.03125,"MEX","AGUASCALIENTES",NA,NA,NA
"558","Varicella",2012,558,191.59375,"MEX","AGUASCALIENTES",NA,NA,NA
"559","Varicella",2012,559,205.5,"MEX","AGUASCALIENTES",NA,NA,NA
"560","Varicella",2012,560,200.25,"MEX","AGUASCALIENTES",NA,NA,NA
"561","Varicella",2012,561,204.21875,"MEX","AGUASCALIENTES",NA,NA,NA
"562","Varicella",2012,562,212.15625,"MEX","AGUASCALIENTES",NA,NA,NA
"563","Varicella",2012,563,243.21875,"MEX","AGUASCALIENTES",NA,NA,NA
"564","Varicella",2012,564,257.09375,"MEX","AGUASCALIENTES",NA,NA,NA
"565","Varicella",2012,565,247.875,"MEX","AGUASCALIENTES",NA,NA,NA
"566","Varicella",2012,566,259.28125,"MEX","AGUASCALIENTES",NA,NA,NA
"567","Varicella",2012,567,264.3125,"MEX","AGUASCALIENTES",NA,NA,NA
"568","Varicella",2012,568,254.75,"MEX","AGUASCALIENTES",NA,NA,NA
"569","Varicella",2012,569,243.71875,"MEX","AGUASCALIENTES",NA,NA,NA
"570","Varicella",2012,570,175.5,"MEX","AGUASCALIENTES",NA,NA,NA
"571","Varicella",2012,571,231.78125,"MEX","AGUASCALIENTES",NA,NA,NA
"572","Varicella",2012,572,221.875,"MEX","AGUASCALIENTES",NA,NA,NA
"573","Varicella",2012,573,212.53125,"MEX","AGUASCALIENTES",NA,NA,NA
"574","Varicella",2012,574,216.15625,"MEX","AGUASCALIENTES",NA,NA,NA
"575","Varicella",2012,575,196.5625,"MEX","AGUASCALIENTES",NA,NA,NA
"576","Varicella",2012,576,214.875,"MEX","AGUASCALIENTES",NA,NA,NA
"577","Varicella",2012,577,202.78125,"MEX","AGUASCALIENTES",NA,NA,NA
"578","Varicella",2012,578,208.75,"MEX","AGUASCALIENTES",NA,NA,NA
"579","Varicella",2012,579,208,"MEX","AGUASCALIENTES",NA,NA,NA
"580","Varicella",2012,580,177.4375,"MEX","AGUASCALIENTES",NA,NA,NA
"581","Varicella",2012,581,176.03125,"MEX","AGUASCALIENTES",NA,NA,NA
"582","Varicella",2012,582,140,"MEX","AGUASCALIENTES",NA,NA,NA
"583","Varicella",2012,583,129.78125,"MEX","AGUASCALIENTES",NA,NA,NA
"584","Varicella",2012,584,118.3125,"MEX","AGUASCALIENTES",NA,NA,NA
"585","Varicella",2012,585,104.59375,"MEX","AGUASCALIENTES",NA,NA,NA
"586","Varicella",2012,586,99.84375,"MEX","AGUASCALIENTES",NA,NA,NA
"587","Varicella",2012,587,85.46875,"MEX","AGUASCALIENTES",NA,NA,NA
"588","Varicella",2012,588,78.53125,"MEX","AGUASCALIENTES",NA,NA,NA
"589","Varicella",2012,589,72.375,"MEX","AGUASCALIENTES",NA,NA,NA
"590","Varicella",2012,590,82.28125,"MEX","AGUASCALIENTES",NA,NA,NA
"591","Varicella",2012,591,78.21875,"MEX","AGUASCALIENTES",NA,NA,NA
"592","Varicella",2012,592,81.5,"MEX","AGUASCALIENTES",NA,NA,NA
"593","Varicella",2012,593,75.875,"MEX","AGUASCALIENTES",NA,NA,NA
"594","Varicella",2012,594,77.375,"MEX","AGUASCALIENTES",NA,NA,NA
"595","Varicella",2012,595,81.90625,"MEX","AGUASCALIENTES",NA,NA,NA
"596","Varicella",2012,596,85.53125,"MEX","AGUASCALIENTES",NA,NA,NA
"597","Varicella",2012,597,95.125,"MEX","AGUASCALIENTES",NA,NA,NA
"598","Varicella",2012,598,89.625,"MEX","AGUASCALIENTES",NA,NA,NA
"599","Varicella",2012,599,99.34375,"MEX","AGUASCALIENTES",NA,NA,NA
"600","Varicella",2012,600,81.4375,"MEX","AGUASCALIENTES",NA,NA,NA
"601","Varicella",2012,601,99.4375,"MEX","AGUASCALIENTES",NA,NA,NA
"602","Varicella",2012,602,97.34375,"MEX","AGUASCALIENTES",NA,NA,NA
"603","Varicella",2012,603,94,"MEX","AGUASCALIENTES",NA,NA,NA
"604","Varicella",2012,604,103.5625,"MEX","AGUASCALIENTES",NA,NA,NA
"605","Varicella",2012,605,105.40625,"MEX","AGUASCALIENTES",NA,NA,NA
"606","Varicella",2012,606,88.78125,"MEX","AGUASCALIENTES",NA,NA,NA
"607","Varicella",2012,607,69.5625,"MEX","AGUASCALIENTES",NA,NA,NA
"608","Varicella",2013,608,73.21875,"MEX","AGUASCALIENTES",NA,NA,NA
"609","Varicella",2013,609,86.6875,"MEX","AGUASCALIENTES",NA,NA,NA
"610","Varicella",2013,610,128.96875,"MEX","AGUASCALIENTES",NA,NA,NA
"611","Varicella",2013,611,123.53125,"MEX","AGUASCALIENTES",NA,NA,NA
"612","Varicella",2013,612,130.0625,"MEX","AGUASCALIENTES",NA,NA,NA
"613","Varicella",2013,613,133.28125,"MEX","AGUASCALIENTES",NA,NA,NA
"614","Varicella",2013,614,138.28125,"MEX","AGUASCALIENTES",NA,NA,NA
"615","Varicella",2013,615,159.8125,"MEX","AGUASCALIENTES",NA,NA,NA
"616","Varicella",2013,616,157.5625,"MEX","AGUASCALIENTES",NA,NA,NA
"617","Varicella",2013,617,170.03125,"MEX","AGUASCALIENTES",NA,NA,NA
"618","Varicella",2013,618,163.28125,"MEX","AGUASCALIENTES",NA,NA,NA
"619","Varicella",2013,619,174,"MEX","AGUASCALIENTES",NA,NA,NA
"620","Varicella",2013,620,167.4375,"MEX","AGUASCALIENTES",NA,NA,NA
"621","Varicella",2013,621,133.75,"MEX","AGUASCALIENTES",NA,NA,NA
"622","Varicella",2013,622,192,"MEX","AGUASCALIENTES",NA,NA,NA
"623","Varicella",2013,623,202.25,"MEX","AGUASCALIENTES",NA,NA,NA
"624","Varicella",2013,624,186.90625,"MEX","AGUASCALIENTES",NA,NA,NA
"625","Varicella",2013,625,181.875,"MEX","AGUASCALIENTES",NA,NA,NA
"626","Varicella",2013,626,154.625,"MEX","AGUASCALIENTES",NA,NA,NA
"627","Varicella",2013,627,155.21875,"MEX","AGUASCALIENTES",NA,NA,NA
"628","Varicella",2013,628,176.25,"MEX","AGUASCALIENTES",NA,NA,NA
"629","Varicella",2013,629,175.84375,"MEX","AGUASCALIENTES",NA,NA,NA
"630","Varicella",2013,630,185.03125,"MEX","AGUASCALIENTES",NA,NA,NA
"631","Varicella",2013,631,161.53125,"MEX","AGUASCALIENTES",NA,NA,NA
"632","Varicella",2013,632,159.6875,"MEX","AGUASCALIENTES",NA,NA,NA
"633","Varicella",2013,633,140.21875,"MEX","AGUASCALIENTES",NA,NA,NA
"634","Varicella",2013,634,130.6875,"MEX","AGUASCALIENTES",NA,NA,NA
"635","Varicella",2013,635,112.65625,"MEX","AGUASCALIENTES",NA,NA,NA
"636","Varicella",2013,636,96.71875,"MEX","AGUASCALIENTES",NA,NA,NA
"637","Varicella",2013,637,90.0625,"MEX","AGUASCALIENTES",NA,NA,NA
"638","Varicella",2013,638,79.40625,"MEX","AGUASCALIENTES",NA,NA,NA
"639","Varicella",2013,639,74.71875,"MEX","AGUASCALIENTES",NA,NA,NA
"640","Varicella",2013,640,67.40625,"MEX","AGUASCALIENTES",NA,NA,NA
"641","Varicella",2013,641,66.125,"MEX","AGUASCALIENTES",NA,NA,NA
"642","Varicella",2013,642,67.75,"MEX","AGUASCALIENTES",NA,NA,NA
"643","Varicella",2013,643,59.59375,"MEX","AGUASCALIENTES",NA,NA,NA
"644","Varicella",2013,644,63.96875,"MEX","AGUASCALIENTES",NA,NA,NA
"645","Varicella",2013,645,69.03125,"MEX","AGUASCALIENTES",NA,NA,NA
"646","Varicella",2013,646,68.40625,"MEX","AGUASCALIENTES",NA,NA,NA
"647","Varicella",2013,647,76.3125,"MEX","AGUASCALIENTES",NA,NA,NA
"648","Varicella",2013,648,76.84375,"MEX","AGUASCALIENTES",NA,NA,NA
"649","Varicella",2013,649,87.40625,"MEX","AGUASCALIENTES",NA,NA,NA
"650","Varicella",2013,650,82.90625,"MEX","AGUASCALIENTES",NA,NA,NA
"651","Varicella",2013,651,91.125,"MEX","AGUASCALIENTES",NA,NA,NA
"652","Varicella",2013,652,87.46875,"MEX","AGUASCALIENTES",NA,NA,NA
"653","Varicella",2013,653,101.15625,"MEX","AGUASCALIENTES",NA,NA,NA
"654","Varicella",2013,654,95.65625,"MEX","AGUASCALIENTES",NA,NA,NA
"655","Varicella",2013,655,105.0625,"MEX","AGUASCALIENTES",NA,NA,NA
"656","Varicella",2013,656,104.4375,"MEX","AGUASCALIENTES",NA,NA,NA
"657","Varicella",2013,657,106.5625,"MEX","AGUASCALIENTES",NA,NA,NA
"658","Varicella",2013,658,109.3125,"MEX","AGUASCALIENTES",NA,NA,NA
"659","Varicella",2013,659,89.125,"MEX","AGUASCALIENTES",NA,NA,NA
"660","Varicella",2014,660,78.90625,"MEX","AGUASCALIENTES",NA,NA,NA
"661","Varicella",2014,661,96.3125,"MEX","AGUASCALIENTES",NA,NA,NA
"662","Varicella",2014,662,135.21875,"MEX","AGUASCALIENTES",NA,NA,NA
"663","Varicella",2014,663,133.5625,"MEX","AGUASCALIENTES",NA,NA,NA
"664","Varicella",2014,664,128.59375,"MEX","AGUASCALIENTES",NA,NA,NA
"665","Varicella",2014,665,144.25,"MEX","AGUASCALIENTES",NA,NA,NA
"666","Varicella",2014,666,151.21875,"MEX","AGUASCALIENTES",NA,NA,NA
"667","Varicella",2014,667,184.375,"MEX","AGUASCALIENTES",NA,NA,NA
"668","Varicella",2014,668,181.125,"MEX","AGUASCALIENTES",NA,NA,NA
"669","Varicella",2014,669,204.34375,"MEX","AGUASCALIENTES",NA,NA,NA
"670","Varicella",2014,670,211.03125,"MEX","AGUASCALIENTES",NA,NA,NA
"671","Varicella",2014,671,217.8125,"MEX","AGUASCALIENTES",NA,NA,NA
"672","Varicella",2014,672,213.4375,"MEX","AGUASCALIENTES",NA,NA,NA
"673","Varicella",2014,673,251,"MEX","AGUASCALIENTES",NA,NA,NA
"674","Varicella",2014,674,248.6875,"MEX","AGUASCALIENTES",NA,NA,NA
"675","Varicella",2014,675,230.5625,"MEX","AGUASCALIENTES",NA,NA,NA
"676","Varicella",2014,676,162.0625,"MEX","AGUASCALIENTES",NA,NA,NA
"677","Varicella",2014,677,218.375,"MEX","AGUASCALIENTES",NA,NA,NA
"678","Varicella",2014,678,192.59375,"MEX","AGUASCALIENTES",NA,NA,NA
"679","Varicella",2014,679,194.625,"MEX","AGUASCALIENTES",NA,NA,NA
"680","Varicella",2014,680,210.28125,"MEX","AGUASCALIENTES",NA,NA,NA
"681","Varicella",2014,681,182.0625,"MEX","AGUASCALIENTES",NA,NA,NA
"682","Varicella",2014,682,192.75,"MEX","AGUASCALIENTES",NA,NA,NA
"683","Varicella",2014,683,189.46875,"MEX","AGUASCALIENTES",NA,NA,NA
"684","Varicella",2014,684,177.75,"MEX","AGUASCALIENTES",NA,NA,NA
"685","Varicella",2014,685,168.625,"MEX","AGUASCALIENTES",NA,NA,NA
"686","Varicella",2014,686,140.09375,"MEX","AGUASCALIENTES",NA,NA,NA
"687","Varicella",2014,687,135.9375,"MEX","AGUASCALIENTES",NA,NA,NA
"688","Varicella",2014,688,118.28125,"MEX","AGUASCALIENTES",NA,NA,NA
"689","Varicella",2014,689,103.78125,"MEX","AGUASCALIENTES",NA,NA,NA
"690","Varicella",2014,690,99.21875,"MEX","AGUASCALIENTES",NA,NA,NA
"691","Varicella",2014,691,86.8125,"MEX","AGUASCALIENTES",NA,NA,NA
"692","Varicella",2014,692,80.25,"MEX","AGUASCALIENTES",NA,NA,NA
"693","Varicella",2014,693,79.5625,"MEX","AGUASCALIENTES",NA,NA,NA
"694","Varicella",2014,694,81,"MEX","AGUASCALIENTES",NA,NA,NA
"695","Varicella",2014,695,71.8125,"MEX","AGUASCALIENTES",NA,NA,NA
"696","Varicella",2014,696,75.8125,"MEX","AGUASCALIENTES",NA,NA,NA
"697","Varicella",2014,697,74.625,"MEX","AGUASCALIENTES",NA,NA,NA
"698","Varicella",2014,698,77.15625,"MEX","AGUASCALIENTES",NA,NA,NA
"699","Varicella",2014,699,91,"MEX","AGUASCALIENTES",NA,NA,NA
"700","Varicella",2014,700,82.71875,"MEX","AGUASCALIENTES",NA,NA,NA
"701","Varicella",2014,701,97.84375,"MEX","AGUASCALIENTES",NA,NA,NA
"702","Varicella",2014,702,92.9375,"MEX","AGUASCALIENTES",NA,NA,NA
"703","Varicella",2014,703,93.84375,"MEX","AGUASCALIENTES",NA,NA,NA
"704","Varicella",2014,704,89.25,"MEX","AGUASCALIENTES",NA,NA,NA
"705","Varicella",2014,705,94.125,"MEX","AGUASCALIENTES",NA,NA,NA
"706","Varicella",2014,706,95.34375,"MEX","AGUASCALIENTES",NA,NA,NA
"707","Varicella",2014,707,92.03125,"MEX","AGUASCALIENTES",NA,NA,NA
"708","Varicella",2014,708,101.3125,"MEX","AGUASCALIENTES",NA,NA,NA
"709","Varicella",2014,709,102.625,"MEX","AGUASCALIENTES",NA,NA,NA
"710","Varicella",2014,710,102.09375,"MEX","AGUASCALIENTES",NA,NA,NA
"711","Varicella",2014,711,83.5625,"MEX","AGUASCALIENTES",NA,NA,NA
"712","Varicella",2014,712,69.65625,"MEX","AGUASCALIENTES",NA,NA,NA
"713","Varicella",2015,713,84.3125,"MEX","AGUASCALIENTES",NA,NA,NA
"714","Varicella",2015,714,124.1875,"MEX","AGUASCALIENTES",NA,NA,NA
"715","Varicella",2015,715,122.625,"MEX","AGUASCALIENTES",NA,NA,NA
"716","Varicella",2015,716,120.4375,"MEX","AGUASCALIENTES",NA,NA,NA
"717","Varicella",2015,717,125.3125,"MEX","AGUASCALIENTES",NA,NA,NA
"718","Varicella",2015,718,124.8125,"MEX","AGUASCALIENTES",NA,NA,NA
"719","Varicella",2015,719,145.5625,"MEX","AGUASCALIENTES",NA,NA,NA
"720","Varicella",2015,720,149.78125,"MEX","AGUASCALIENTES",NA,NA,NA
"721","Varicella",2015,721,180.40625,"MEX","AGUASCALIENTES",NA,NA,NA
"722","Varicella",2015,722,179.875,"MEX","AGUASCALIENTES",NA,NA,NA
"723","Varicella",2015,723,166.09375,"MEX","AGUASCALIENTES",NA,NA,NA
"724","Varicella",2015,724,173.6875,"MEX","AGUASCALIENTES",NA,NA,NA
"725","Varicella",2015,725,172.65625,"MEX","AGUASCALIENTES",NA,NA,NA
"726","Varicella",2015,726,117.8125,"MEX","AGUASCALIENTES",NA,NA,NA
"727","Varicella",2015,727,163.21875,"MEX","AGUASCALIENTES",NA,NA,NA
"728","Varicella",2015,728,184.28125,"MEX","AGUASCALIENTES",NA,NA,NA
"729","Varicella",2015,729,147.71875,"MEX","AGUASCALIENTES",NA,NA,NA
"730","Varicella",2015,730,128.25,"MEX","AGUASCALIENTES",NA,NA,NA
"731","Varicella",2015,731,125.8125,"MEX","AGUASCALIENTES",NA,NA,NA
"732","Varicella",2015,732,141.0625,"MEX","AGUASCALIENTES",NA,NA,NA
"733","Varicella",2015,733,141.40625,"MEX","AGUASCALIENTES",NA,NA,NA
"734","Varicella",2015,734,130.6875,"MEX","AGUASCALIENTES",NA,NA,NA
"735","Varicella",2015,735,130.28125,"MEX","AGUASCALIENTES",NA,NA,NA
"736","Varicella",2015,736,129.09375,"MEX","AGUASCALIENTES",NA,NA,NA
"737","Varicella",2015,737,126.34375,"MEX","AGUASCALIENTES",NA,NA,NA
"738","Varicella",2015,738,107.84375,"MEX","AGUASCALIENTES",NA,NA,NA
"739","Varicella",2015,739,99.5625,"MEX","AGUASCALIENTES",NA,NA,NA
"740","Varicella",2015,740,91.75,"MEX","AGUASCALIENTES",NA,NA,NA
"741","Varicella",2015,741,82.3125,"MEX","AGUASCALIENTES",NA,NA,NA
"742","Varicella",2015,742,76.46875,"MEX","AGUASCALIENTES",NA,NA,NA
"743","Varicella",2015,743,66.90625,"MEX","AGUASCALIENTES",NA,NA,NA
"744","Varicella",2015,744,59.40625,"MEX","AGUASCALIENTES",NA,NA,NA
"745","Varicella",2015,745,59.125,"MEX","AGUASCALIENTES",NA,NA,NA
"746","Varicella",2015,746,55.75,"MEX","AGUASCALIENTES",NA,NA,NA
"747","Varicella",2015,747,57.5,"MEX","AGUASCALIENTES",NA,NA,NA
"748","Varicella",2015,748,53.5,"MEX","AGUASCALIENTES",NA,NA,NA
"749","Varicella",2015,749,54.96875,"MEX","AGUASCALIENTES",NA,NA,NA
"750","Varicella",2015,750,51.8125,"MEX","AGUASCALIENTES",NA,NA,NA
"751","Varicella",2015,751,55.1875,"MEX","AGUASCALIENTES",NA,NA,NA
"752","Varicella",2015,752,62.34375,"MEX","AGUASCALIENTES",NA,NA,NA
"753","Varicella",2015,753,62.96875,"MEX","AGUASCALIENTES",NA,NA,NA
"754","Varicella",2015,754,70.5625,"MEX","AGUASCALIENTES",NA,NA,NA
"755","Varicella",2015,755,68.75,"MEX","AGUASCALIENTES",NA,NA,NA
"756","Varicella",2015,756,69.96875,"MEX","AGUASCALIENTES",NA,NA,NA
"757","Varicella",2015,757,74.375,"MEX","AGUASCALIENTES",NA,NA,NA
"758","Varicella",2015,758,78.28125,"MEX","AGUASCALIENTES",NA,NA,NA
"759","Varicella",2015,759,103.125,"MEX","AGUASCALIENTES",NA,NA,NA
"760","Varicella",2015,760,84.8125,"MEX","AGUASCALIENTES",NA,NA,NA
"761","Varicella",2015,761,82.21875,"MEX","AGUASCALIENTES",NA,NA,NA
"762","Varicella",2015,762,86.625,"MEX","AGUASCALIENTES",NA,NA,NA
"763","Varicella",2015,763,63.15625,"MEX","AGUASCALIENTES",NA,NA,NA
"764","Varicella",2015,764,57.09375,"MEX","AGUASCALIENTES",NA,NA,NA
"765","Varicella",2016,765,63.46875,"MEX","AGUASCALIENTES",NA,NA,NA
"766","Varicella",2016,766,98.25,"MEX","AGUASCALIENTES",NA,NA,NA
"767","Varicella",2016,767,102.5625,"MEX","AGUASCALIENTES",NA,NA,NA
"768","Varicella",2016,768,100.3125,"MEX","AGUASCALIENTES",NA,NA,NA
"769","Varicella",2016,769,95.84375,"MEX","AGUASCALIENTES",NA,NA,NA
"770","Varicella",2016,770,99.09375,"MEX","AGUASCALIENTES",NA,NA,NA
"771","Varicella",2016,771,116.8125,"MEX","AGUASCALIENTES",NA,NA,NA
"772","Varicella",2016,772,126.59375,"MEX","AGUASCALIENTES",NA,NA,NA
"773","Varicella",2016,773,144.59375,"MEX","AGUASCALIENTES",NA,NA,NA
"774","Varicella",2016,774,145.46875,"MEX","AGUASCALIENTES",NA,NA,NA
"775","Varicella",2016,775,150.25,"MEX","AGUASCALIENTES",NA,NA,NA
"776","Varicella",2016,776,135.90625,"MEX","AGUASCALIENTES",NA,NA,NA
"777","Varicella",2016,777,86.8125,"MEX","AGUASCALIENTES",NA,NA,NA
"778","Varicella",2016,778,136.28125,"MEX","AGUASCALIENTES",NA,NA,NA
"779","Varicella",2016,779,142.0625,"MEX","AGUASCALIENTES",NA,NA,NA
"780","Varicella",2016,780,136.15625,"MEX","AGUASCALIENTES",NA,NA,NA
"781","Varicella",2016,781,129.90625,"MEX","AGUASCALIENTES",NA,NA,NA
"782","Varicella",2016,782,105.90625,"MEX","AGUASCALIENTES",NA,NA,NA
"783","Varicella",2016,783,116.15625,"MEX","AGUASCALIENTES",NA,NA,NA
"784","Varicella",2016,784,0.03125,"MEX","AGUASCALIENTES",NA,NA,NA
"785","Varicella",2016,785,132.59375,"MEX","AGUASCALIENTES",NA,NA,NA
"786","Varicella",2016,786,130.21875,"MEX","AGUASCALIENTES",NA,NA,NA
"787","Varicella",2016,787,124.75,"MEX","AGUASCALIENTES",NA,NA,NA
"788","Varicella",2016,788,111.875,"MEX","AGUASCALIENTES",NA,NA,NA
"789","Varicella",2016,789,109.125,"MEX","AGUASCALIENTES",NA,NA,NA
"790","Varicella",2016,790,106.6875,"MEX","AGUASCALIENTES",NA,NA,NA
"791","Varicella",2016,791,88.71875,"MEX","AGUASCALIENTES",NA,NA,NA
"792","Varicella",2016,792,93.4375,"MEX","AGUASCALIENTES",NA,NA,NA
"793","Varicella",2016,793,76.4375,"MEX","AGUASCALIENTES",NA,NA,NA
"794","Varicella",2016,794,70.28125,"MEX","AGUASCALIENTES",NA,NA,NA
"795","Varicella",2016,795,60.1875,"MEX","AGUASCALIENTES",NA,NA,NA
"796","Varicella",2016,796,56.5625,"MEX","AGUASCALIENTES",NA,NA,NA
"797","Varicella",2016,797,54.0625,"MEX","AGUASCALIENTES",NA,NA,NA
"798","Varicella",2016,798,53.6875,"MEX","AGUASCALIENTES",NA,NA,NA
"799","Varicella",2016,799,54.75,"MEX","AGUASCALIENTES",NA,NA,NA
"800","Varicella",2016,800,52.875,"MEX","AGUASCALIENTES",NA,NA,NA
"801","Varicella",2016,801,56.96875,"MEX","AGUASCALIENTES",NA,NA,NA
"802","Varicella",2016,802,48.5,"MEX","AGUASCALIENTES",NA,NA,NA
"803","Varicella",2016,803,65,"MEX","AGUASCALIENTES",NA,NA,NA
"804","Varicella",2016,804,57.15625,"MEX","AGUASCALIENTES",NA,NA,NA
"805","Varicella",2016,805,65.40625,"MEX","AGUASCALIENTES",NA,NA,NA
"806","Varicella",2016,806,70.65625,"MEX","AGUASCALIENTES",NA,NA,NA
"807","Varicella",2016,807,63.21875,"MEX","AGUASCALIENTES",NA,NA,NA
"808","Varicella",2016,808,69.28125,"MEX","AGUASCALIENTES",NA,NA,NA
"809","Varicella",2016,809,64.5,"MEX","AGUASCALIENTES",NA,NA,NA
"810","Varicella",2016,810,81.75,"MEX","AGUASCALIENTES",NA,NA,NA
"811","Varicella",2016,811,69.90625,"MEX","AGUASCALIENTES",NA,NA,NA
"812","Varicella",2016,812,75.25,"MEX","AGUASCALIENTES",NA,NA,NA
"813","Varicella",2016,813,78.3125,"MEX","AGUASCALIENTES",NA,NA,NA
"814","Varicella",2016,814,76.28125,"MEX","AGUASCALIENTES",NA,NA,NA
"815","Varicella",2016,815,67.96875,"MEX","AGUASCALIENTES",NA,NA,NA
"816","Varicella",2016,816,59.65625,"MEX","AGUASCALIENTES",NA,NA,NA
"817","Varicella",2017,817,64.21875,"MEX","AGUASCALIENTES",NA,NA,NA
"818","Varicella",2017,818,87.4375,"MEX","AGUASCALIENTES",NA,NA,NA
"819","Varicella",2017,819,104.65625,"MEX","AGUASCALIENTES",NA,NA,NA
"820","Varicella",2017,820,108.96875,"MEX","AGUASCALIENTES",NA,NA,NA
"821","Varicella",2017,821,104.96875,"MEX","AGUASCALIENTES",NA,NA,NA
"822","Varicella",2017,822,102.5,"MEX","AGUASCALIENTES",NA,NA,NA
"823","Varicella",2017,823,122.3125,"MEX","AGUASCALIENTES",NA,NA,NA
"824","Varicella",2017,824,129.09375,"MEX","AGUASCALIENTES",NA,NA,NA
"825","Varicella",2017,825,139.71875,"MEX","AGUASCALIENTES",NA,NA,NA
"826","Varicella",2017,826,148.09375,"MEX","AGUASCALIENTES",NA,NA,NA
"827","Varicella",2017,827,158.03125,"MEX","AGUASCALIENTES",NA,NA,NA
"828","Varicella",2017,828,159.3125,"MEX","AGUASCALIENTES",NA,NA,NA
"829","Varicella",2017,829,159.1875,"MEX","AGUASCALIENTES",NA,NA,NA
"830","Varicella",2017,830,167.6875,"MEX","AGUASCALIENTES",NA,NA,NA
"831","Varicella",2017,831,141.4375,"MEX","AGUASCALIENTES",NA,NA,NA
"832","Varicella",2017,832,101.5625,"MEX","AGUASCALIENTES",NA,NA,NA
"833","Varicella",2017,833,140.21875,"MEX","AGUASCALIENTES",NA,NA,NA
"834","Varicella",2017,834,136.9375,"MEX","AGUASCALIENTES",NA,NA,NA
"835","Varicella",2017,835,108.53125,"MEX","AGUASCALIENTES",NA,NA,NA
"836","Varicella",2017,836,125.53125,"MEX","AGUASCALIENTES",NA,NA,NA
"837","Varicella",2017,837,124.9375,"MEX","AGUASCALIENTES",NA,NA,NA
"838","Varicella",2017,838,131.3125,"MEX","AGUASCALIENTES",NA,NA,NA
"839","Varicella",2017,839,112.625,"MEX","AGUASCALIENTES",NA,NA,NA
"840","Varicella",2017,840,107.6875,"MEX","AGUASCALIENTES",NA,NA,NA
"841","Varicella",2017,841,103.40625,"MEX","AGUASCALIENTES",NA,NA,NA
"842","Varicella",2017,842,93.71875,"MEX","AGUASCALIENTES",NA,NA,NA
"843","Varicella",2017,843,91.25,"MEX","AGUASCALIENTES",NA,NA,NA
"844","Varicella",2017,844,80.75,"MEX","AGUASCALIENTES",NA,NA,NA
"845","Varicella",2017,845,70.40625,"MEX","AGUASCALIENTES",NA,NA,NA
"846","Varicella",2017,846,59.3125,"MEX","AGUASCALIENTES",NA,NA,NA
"847","Varicella",2017,847,56.15625,"MEX","AGUASCALIENTES",NA,NA,NA
"848","Varicella",2017,848,50,"MEX","AGUASCALIENTES",NA,NA,NA
"849","Varicella",2017,849,51.65625,"MEX","AGUASCALIENTES",NA,NA,NA
"850","Varicella",2017,850,46,"MEX","AGUASCALIENTES",NA,NA,NA
"851","Varicella",2017,851,49.75,"MEX","AGUASCALIENTES",NA,NA,NA
"852","Varicella",2017,852,43.71875,"MEX","AGUASCALIENTES",NA,NA,NA
"853","Varicella",2017,853,44.5,"MEX","AGUASCALIENTES",NA,NA,NA
"854","Varicella",2017,854,42.34375,"MEX","AGUASCALIENTES",NA,NA,NA
"855","Varicella",2017,855,53.5,"MEX","AGUASCALIENTES",NA,NA,NA
"856","Varicella",2017,856,52.375,"MEX","AGUASCALIENTES",NA,NA,NA
"857","Varicella",2017,857,53.6875,"MEX","AGUASCALIENTES",NA,NA,NA
"858","Varicella",2017,858,52.65625,"MEX","AGUASCALIENTES",NA,NA,NA
"859","Varicella",2017,859,51.28125,"MEX","AGUASCALIENTES",NA,NA,NA
"860","Varicella",2017,860,49.5625,"MEX","AGUASCALIENTES",NA,NA,NA
"861","Varicella",2017,861,49.0625,"MEX","AGUASCALIENTES",NA,NA,NA
"862","Varicella",2017,862,60.8125,"MEX","AGUASCALIENTES",NA,NA,NA
"863","Varicella",2017,863,60.65625,"MEX","AGUASCALIENTES",NA,NA,NA
"864","Varicella",2017,864,58.09375,"MEX","AGUASCALIENTES",NA,NA,NA
"865","Varicella",2017,865,68.46875,"MEX","AGUASCALIENTES",NA,NA,NA
"866","Varicella",2017,866,63.8125,"MEX","AGUASCALIENTES",NA,NA,NA
"867","Varicella",2017,867,67.46875,"MEX","AGUASCALIENTES",NA,NA,NA
"868","Varicella",2017,868,49.4375,"MEX","AGUASCALIENTES",NA,NA,NA
"869","Varicella",2018,869,60.25,"MEX","AGUASCALIENTES",NA,NA,NA
"870","Varicella",2018,870,65.59375,"MEX","AGUASCALIENTES",NA,NA,NA
"871","Varicella",2018,871,95.21875,"MEX","AGUASCALIENTES",NA,NA,NA
"872","Varicella",2018,872,83.46875,"MEX","AGUASCALIENTES",NA,NA,NA
"873","Varicella",2018,873,91.9375,"MEX","AGUASCALIENTES",NA,NA,NA
"874","Varicella",2018,874,92.71875,"MEX","AGUASCALIENTES",NA,NA,NA
"875","Varicella",2018,875,93.375,"MEX","AGUASCALIENTES",NA,NA,NA
"876","Varicella",2018,876,107.34375,"MEX","AGUASCALIENTES",NA,NA,NA
"877","Varicella",2018,877,108.375,"MEX","AGUASCALIENTES",NA,NA,NA
"878","Varicella",2018,878,115.09375,"MEX","AGUASCALIENTES",NA,NA,NA
"879","Varicella",2018,879,122.25,"MEX","AGUASCALIENTES",NA,NA,NA
"880","Varicella",2018,880,121,"MEX","AGUASCALIENTES",NA,NA,NA
"881","Varicella",2018,881,110.96875,"MEX","AGUASCALIENTES",NA,NA,NA
"882","Varicella",2018,882,79.40625,"MEX","AGUASCALIENTES",NA,NA,NA
"883","Varicella",2018,883,103.5625,"MEX","AGUASCALIENTES",NA,NA,NA
"884","Varicella",2018,884,109.96875,"MEX","AGUASCALIENTES",NA,NA,NA
"885","Varicella",2018,885,105.1875,"MEX","AGUASCALIENTES",NA,NA,NA
"886","Varicella",2018,886,99.59375,"MEX","AGUASCALIENTES",NA,NA,NA
"887","Varicella",2018,887,90.875,"MEX","AGUASCALIENTES",NA,NA,NA
"888","Varicella",2018,888,95,"MEX","AGUASCALIENTES",NA,NA,NA
"889","Varicella",2018,889,109.78125,"MEX","AGUASCALIENTES",NA,NA,NA
"890","Varicella",2018,890,108.1875,"MEX","AGUASCALIENTES",NA,NA,NA
"891","Varicella",2018,891,103.9375,"MEX","AGUASCALIENTES",NA,NA,NA
"892","Varicella",2018,892,102,"MEX","AGUASCALIENTES",NA,NA,NA
"893","Varicella",2018,893,86.28125,"MEX","AGUASCALIENTES",NA,NA,NA
"894","Varicella",2018,894,85.375,"MEX","AGUASCALIENTES",NA,NA,NA
"895","Varicella",2018,895,73.65625,"MEX","AGUASCALIENTES",NA,NA,NA
"896","Varicella",2018,896,62.15625,"MEX","AGUASCALIENTES",NA,NA,NA
"897","Varicella",2018,897,60.9375,"MEX","AGUASCALIENTES",NA,NA,NA
"898","Varicella",2018,898,50.4375,"MEX","AGUASCALIENTES",NA,NA,NA
"899","Varicella",2018,899,53.5625,"MEX","AGUASCALIENTES",NA,NA,NA
"900","Varicella",2018,900,41.71875,"MEX","AGUASCALIENTES",NA,NA,NA
"901","Varicella",2018,901,38.125,"MEX","AGUASCALIENTES",NA,NA,NA
"902","Varicella",2018,902,39.53125,"MEX","AGUASCALIENTES",NA,NA,NA
"903","Varicella",2018,903,39.625,"MEX","AGUASCALIENTES",NA,NA,NA
"904","Varicella",2018,904,38.6875,"MEX","AGUASCALIENTES",NA,NA,NA
"905","Varicella",2018,905,44.4375,"MEX","AGUASCALIENTES",NA,NA,NA
"906","Varicella",2018,906,48.71875,"MEX","AGUASCALIENTES",NA,NA,NA
"907","Varicella",2018,907,52.1875,"MEX","AGUASCALIENTES",NA,NA,NA
"908","Varicella",2018,908,55.4375,"MEX","AGUASCALIENTES",NA,NA,NA
"909","Varicella",2018,909,58.46875,"MEX","AGUASCALIENTES",NA,NA,NA
"910","Varicella",2018,910,60.1875,"MEX","AGUASCALIENTES",NA,NA,NA
"911","Varicella",2018,911,59.6875,"MEX","AGUASCALIENTES",NA,NA,NA
"912","Varicella",2018,912,60.53125,"MEX","AGUASCALIENTES",NA,NA,NA
"913","Varicella",2018,913,57.1875,"MEX","AGUASCALIENTES",NA,NA,NA
"914","Varicella",2018,914,68.09375,"MEX","AGUASCALIENTES",NA,NA,NA
"915","Varicella",2018,915,59.90625,"MEX","AGUASCALIENTES",NA,NA,NA
"916","Varicella",2018,916,60.53125,"MEX","AGUASCALIENTES",NA,NA,NA
"917","Varicella",2018,917,64.4375,"MEX","AGUASCALIENTES",NA,NA,NA
"918","Varicella",2018,918,62.71875,"MEX","AGUASCALIENTES",NA,NA,NA
"919","Varicella",2018,919,59.09375,"MEX","AGUASCALIENTES",NA,NA,NA
"920","Varicella",2018,920,46.40625,"MEX","AGUASCALIENTES",NA,NA,NA
"921","Varicella",2019,921,45.0625,"MEX","AGUASCALIENTES",NA,NA,NA
"922","Varicella",2019,922,59.9375,"MEX","AGUASCALIENTES",NA,NA,NA
"923","Varicella",2019,923,77.3125,"MEX","AGUASCALIENTES",NA,NA,NA
"924","Varicella",2019,924,72,"MEX","AGUASCALIENTES",NA,NA,NA
"925","Varicella",2019,925,78.3125,"MEX","AGUASCALIENTES",NA,NA,NA
"926","Varicella",2019,926,80.59375,"MEX","AGUASCALIENTES",NA,NA,NA
"927","Varicella",2019,927,79.09375,"MEX","AGUASCALIENTES",NA,NA,NA
"928","Varicella",2019,928,90,"MEX","AGUASCALIENTES",NA,NA,NA
"929","Varicella",2019,929,94.1875,"MEX","AGUASCALIENTES",NA,NA,NA
"930","Varicella",2019,930,102.53125,"MEX","AGUASCALIENTES",NA,NA,NA
"931","Varicella",2019,931,101.25,"MEX","AGUASCALIENTES",NA,NA,NA
"932","Varicella",2019,932,106.625,"MEX","AGUASCALIENTES",NA,NA,NA
"933","Varicella",2019,933,101.5625,"MEX","AGUASCALIENTES",NA,NA,NA
"934","Varicella",2019,934,105.65625,"MEX","AGUASCALIENTES",NA,NA,NA
"935","Varicella",2019,935,101.59375,"MEX","AGUASCALIENTES",NA,NA,NA
"936","Varicella",2019,936,95.375,"MEX","AGUASCALIENTES",NA,NA,NA
"937","Varicella",2019,937,70.1875,"MEX","AGUASCALIENTES",NA,NA,NA
"938","Varicella",2019,938,94.9375,"MEX","AGUASCALIENTES",NA,NA,NA
"939","Varicella",2019,939,87.75,"MEX","AGUASCALIENTES",NA,NA,NA
"940","Varicella",2019,940,82.09375,"MEX","AGUASCALIENTES",NA,NA,NA
"941","Varicella",2019,941,97.5625,"MEX","AGUASCALIENTES",NA,NA,NA
"942","Varicella",2019,942,85.125,"MEX","AGUASCALIENTES",NA,NA,NA
"943","Varicella",2019,943,83.46875,"MEX","AGUASCALIENTES",NA,NA,NA
"944","Varicella",2019,944,72.59375,"MEX","AGUASCALIENTES",NA,NA,NA
"945","Varicella",2019,945,75.75,"MEX","AGUASCALIENTES",NA,NA,NA
"946","Varicella",2019,946,68.375,"MEX","AGUASCALIENTES",NA,NA,NA
"947","Varicella",2019,947,56.75,"MEX","AGUASCALIENTES",NA,NA,NA
"948","Varicella",2019,948,49.71875,"MEX","AGUASCALIENTES",NA,NA,NA
"949","Varicella",2019,949,49.125,"MEX","AGUASCALIENTES",NA,NA,NA
"950","Varicella",2019,950,45.59375,"MEX","AGUASCALIENTES",NA,NA,NA
"951","Varicella",2019,951,39.125,"MEX","AGUASCALIENTES",NA,NA,NA
"952","Varicella",2019,952,33.78125,"MEX","AGUASCALIENTES",NA,NA,NA
"953","Varicella",2019,953,37.53125,"MEX","AGUASCALIENTES",NA,NA,NA
"954","Varicella",2019,954,34.90625,"MEX","AGUASCALIENTES",NA,NA,NA
"955","Varicella",2019,955,36,"MEX","AGUASCALIENTES",NA,NA,NA
"956","Varicella",2019,956,36.40625,"MEX","AGUASCALIENTES",NA,NA,NA
"957","Varicella",2019,957,35.4375,"MEX","AGUASCALIENTES",NA,NA,NA
"958","Varicella",2019,958,35.5625,"MEX","AGUASCALIENTES",NA,NA,NA
"959","Varicella",2019,959,39.28125,"MEX","AGUASCALIENTES",NA,NA,NA
"960","Varicella",2019,960,42.875,"MEX","AGUASCALIENTES",NA,NA,NA
"961","Varicella",2019,961,44.625,"MEX","AGUASCALIENTES",NA,NA,NA
"962","Varicella",2019,962,46.9375,"MEX","AGUASCALIENTES",NA,NA,NA
"963","Varicella",2019,963,49.53125,"MEX","AGUASCALIENTES",NA,NA,NA
"964","Varicella",2019,964,46.1875,"MEX","AGUASCALIENTES",NA,NA,NA
"965","Varicella",2019,965,48,"MEX","AGUASCALIENTES",NA,NA,NA
"966","Varicella",2019,966,51.6875,"MEX","AGUASCALIENTES",NA,NA,NA
"967","Varicella",2019,967,50.96875,"MEX","AGUASCALIENTES",NA,NA,NA
"968","Varicella",2019,968,47.625,"MEX","AGUASCALIENTES",NA,NA,NA
"969","Varicella",2019,969,59.96875,"MEX","AGUASCALIENTES",NA,NA,NA
"970","Varicella",2019,970,52.3125,"MEX","AGUASCALIENTES",NA,NA,NA
"971","Varicella",2019,971,52.53125,"MEX","AGUASCALIENTES",NA,NA,NA
"972","Varicella",2019,972,39.21875,"MEX","AGUASCALIENTES",NA,NA,NA
"973","Varicella",2020,973,34.625,"MEX","AGUASCALIENTES",NA,NA,NA
"974","Varicella",2020,974,42,"MEX","AGUASCALIENTES",NA,NA,NA
"975","Varicella",2020,975,60.75,"MEX","AGUASCALIENTES",NA,NA,NA
"976","Varicella",2020,976,61,"MEX","AGUASCALIENTES",NA,NA,NA
"977","Varicella",2020,977,62.96875,"MEX","AGUASCALIENTES",NA,NA,NA
"978","Varicella",2020,978,62.21875,"MEX","AGUASCALIENTES",NA,NA,NA
"979","Varicella",2020,979,56.90625,"MEX","AGUASCALIENTES",NA,NA,NA
"980","Varicella",2020,980,72.21875,"MEX","AGUASCALIENTES",NA,NA,NA
"981","Varicella",2020,981,73.46875,"MEX","AGUASCALIENTES",NA,NA,NA
"982","Varicella",2020,982,72.1875,"MEX","AGUASCALIENTES",NA,NA,NA
"983","Varicella",2020,983,74.21875,"MEX","AGUASCALIENTES",NA,NA,NA
