"","Disease","EpiYear","EpiWeek","Incidence","ADM0","ADM1","ADM2","NA","NA"
"1","Measles",2014,1,5.88888888888889,"LKA",NA,NA,NA,NA
"2","Measles",2014,2,6.11111111111111,"LKA",NA,NA,NA,NA
"3","Measles",2014,3,8.44444444444444,"LKA",NA,NA,NA,NA
"4","Measles",2014,4,11,"LKA",NA,NA,NA,NA
"5","Measles",2014,5,8.22222222222222,"LKA",NA,NA,NA,NA
"6","Measles",2014,6,6.77777777777778,"LKA",NA,NA,NA,NA
"7","Measles",2014,7,7.33333333333333,"LKA",NA,NA,NA,NA
"8","Measles",2014,8,4.66666666666667,"LKA",NA,NA,NA,NA
"9","Measles",2014,9,8.77777777777778,"LKA",NA,NA,NA,NA
"10","Measles",2014,10,7.77777777777778,"LKA",NA,NA,NA,NA
"11","Measles",2014,11,9.22222222222222,"LKA",NA,NA,NA,NA
"12","Measles",2014,12,7.11111111111111,"LKA",NA,NA,NA,NA
"13","Measles",2014,13,10.6666666666667,"LKA",NA,NA,NA,NA
"14","Measles",2014,14,7.22222222222222,"LKA",NA,NA,NA,NA
"15","Measles",2014,15,7.44444444444444,"LKA",NA,NA,NA,NA
"16","Measles",2014,16,2.88888888888889,"LKA",NA,NA,NA,NA
"17","Measles",2014,17,2.77777777777778,"LKA",NA,NA,NA,NA
"18","Measles",2014,18,9,"LKA",NA,NA,NA,NA
"19","Measles",2014,19,5.11111111111111,"LKA",NA,NA,NA,NA
"20","Measles",2014,20,3.66666666666667,"LKA",NA,NA,NA,NA
"21","Measles",2014,21,2.77777777777778,"LKA",NA,NA,NA,NA
"22","Measles",2014,22,4.11111111111111,"LKA",NA,NA,NA,NA
"23","Measles",2014,23,4.77777777777778,"LKA",NA,NA,NA,NA
"24","Measles",2014,24,3.33333333333333,"LKA",NA,NA,NA,NA
"25","Measles",2014,25,2.33333333333333,"LKA",NA,NA,NA,NA
"26","Measles",2014,26,3.55555555555556,"LKA",NA,NA,NA,NA
"27","Measles",2014,27,4.11111111111111,"LKA",NA,NA,NA,NA
"28","Measles",2014,28,4,"LKA",NA,NA,NA,NA
"29","Measles",2014,29,4.11111111111111,"LKA",NA,NA,NA,NA
"30","Measles",2014,30,5.88888888888889,"LKA",NA,NA,NA,NA
"31","Measles",2014,31,4.77777777777778,"LKA",NA,NA,NA,NA
"32","Measles",2014,32,4.33333333333333,"LKA",NA,NA,NA,NA
"33","Measles",2014,33,4.33333333333333,"LKA",NA,NA,NA,NA
"34","Measles",2014,34,6.11111111111111,"LKA",NA,NA,NA,NA
"35","Measles",2014,35,3.88888888888889,"LKA",NA,NA,NA,NA
"36","Measles",2014,36,3.66666666666667,"LKA",NA,NA,NA,NA
"37","Measles",2014,37,2.22222222222222,"LKA",NA,NA,NA,NA
"38","Measles",2014,38,4.44444444444444,"LKA",NA,NA,NA,NA
"39","Measles",2014,39,4.55555555555556,"LKA",NA,NA,NA,NA
"40","Measles",2014,40,3.55555555555556,"LKA",NA,NA,NA,NA
"41","Measles",2014,41,3.77777777777778,"LKA",NA,NA,NA,NA
"42","Measles",2014,42,1.88888888888889,"LKA",NA,NA,NA,NA
"43","Measles",2014,43,2.66666666666667,"LKA",NA,NA,NA,NA
"44","Measles",2014,44,2,"LKA",NA,NA,NA,NA
"45","Measles",2014,45,2.55555555555556,"LKA",NA,NA,NA,NA
"46","Measles",2014,46,3.11111111111111,"LKA",NA,NA,NA,NA
"47","Measles",2014,47,3.77777777777778,"LKA",NA,NA,NA,NA
"48","Measles",2014,48,1.44444444444444,"LKA",NA,NA,NA,NA
"49","Measles",2014,49,2.66666666666667,"LKA",NA,NA,NA,NA
"50","Measles",2014,50,1.22222222222222,"LKA",NA,NA,NA,NA
"51","Measles",2014,51,1.44444444444444,"LKA",NA,NA,NA,NA
"52","Measles",2014,52,1.66666666666667,"LKA",NA,NA,NA,NA
"53","Measles",2015,1,1.11111111111111,"LKA",NA,NA,NA,NA
"54","Measles",2015,2,1.77777777777778,"LKA",NA,NA,NA,NA
"55","Measles",2015,3,1,"LKA",NA,NA,NA,NA
"56","Measles",2015,4,3.11111111111111,"LKA",NA,NA,NA,NA
"57","Measles",2015,5,3.55555555555556,"LKA",NA,NA,NA,NA
"58","Measles",2015,6,1.77777777777778,"LKA",NA,NA,NA,NA
"59","Measles",2015,7,2.22222222222222,"LKA",NA,NA,NA,NA
"60","Measles",2015,8,3.22222222222222,"LKA",NA,NA,NA,NA
"61","Measles",2015,9,2.77777777777778,"LKA",NA,NA,NA,NA
"62","Measles",2015,10,3.22222222222222,"LKA",NA,NA,NA,NA
"63","Measles",2015,11,4.22222222222222,"LKA",NA,NA,NA,NA
"64","Measles",2015,12,5.77777777777778,"LKA",NA,NA,NA,NA
"65","Measles",2015,13,5.77777777777778,"LKA",NA,NA,NA,NA
"66","Measles",2015,14,3,"LKA",NA,NA,NA,NA
"67","Measles",2015,15,4.11111111111111,"LKA",NA,NA,NA,NA
"68","Measles",2015,16,2.66666666666667,"LKA",NA,NA,NA,NA
"69","Measles",2015,17,3.33333333333333,"LKA",NA,NA,NA,NA
"70","Measles",2015,18,7.22222222222222,"LKA",NA,NA,NA,NA
"71","Measles",2015,19,4,"LKA",NA,NA,NA,NA
"72","Measles",2015,20,5.44444444444444,"LKA",NA,NA,NA,NA
"73","Measles",2015,21,7,"LKA",NA,NA,NA,NA
"74","Measles",2015,22,4.88888888888889,"LKA",NA,NA,NA,NA
"75","Measles",2015,23,4.22222222222222,"LKA",NA,NA,NA,NA
"76","Measles",2015,24,5.77777777777778,"LKA",NA,NA,NA,NA
"77","Measles",2015,25,5.22222222222222,"LKA",NA,NA,NA,NA
"78","Measles",2015,26,4.33333333333333,"LKA",NA,NA,NA,NA
"79","Measles",2015,27,4.55555555555556,"LKA",NA,NA,NA,NA
"80","Measles",2015,28,4.44444444444444,"LKA",NA,NA,NA,NA
"81","Measles",2015,29,9.11111111111111,"LKA",NA,NA,NA,NA
"82","Measles",2015,30,7.22222222222222,"LKA",NA,NA,NA,NA
"83","Measles",2015,31,8.66666666666667,"LKA",NA,NA,NA,NA
"84","Measles",2015,32,7.88888888888889,"LKA",NA,NA,NA,NA
"85","Measles",2015,33,8.22222222222222,"LKA",NA,NA,NA,NA
"86","Measles",2015,34,6.22222222222222,"LKA",NA,NA,NA,NA
"87","Measles",2015,35,7.11111111111111,"LKA",NA,NA,NA,NA
"88","Measles",2015,36,7.44444444444444,"LKA",NA,NA,NA,NA
"89","Measles",2015,37,5.88888888888889,"LKA",NA,NA,NA,NA
"90","Measles",2015,38,5.33333333333333,"LKA",NA,NA,NA,NA
"91","Measles",2015,39,3.77777777777778,"LKA",NA,NA,NA,NA
"92","Measles",2015,40,3,"LKA",NA,NA,NA,NA
"93","Measles",2015,41,3.22222222222222,"LKA",NA,NA,NA,NA
"94","Measles",2015,42,3,"LKA",NA,NA,NA,NA
"95","Measles",2015,43,4,"LKA",NA,NA,NA,NA
"96","Measles",2015,44,2,"LKA",NA,NA,NA,NA
"97","Measles",2015,45,2.55555555555556,"LKA",NA,NA,NA,NA
"98","Measles",2015,46,1.66666666666667,"LKA",NA,NA,NA,NA
"99","Measles",2015,47,2.11111111111111,"LKA",NA,NA,NA,NA
"100","Measles",2015,48,2.77777777777778,"LKA",NA,NA,NA,NA
"101","Measles",2015,49,1.11111111111111,"LKA",NA,NA,NA,NA
"102","Measles",2015,50,1.44444444444444,"LKA",NA,NA,NA,NA
"103","Measles",2015,51,1.88888888888889,"LKA",NA,NA,NA,NA
"104","Measles",2015,52,0.777777777777778,"LKA",NA,NA,NA,NA
"105","Measles",2016,1,0.555555555555556,"LKA",NA,NA,NA,NA
"106","Measles",2016,2,1,"LKA",NA,NA,NA,NA
"107","Measles",2016,3,0.777777777777778,"LKA",NA,NA,NA,NA
"108","Measles",2016,4,1,"LKA",NA,NA,NA,NA
"109","Measles",2016,5,1,"LKA",NA,NA,NA,NA
"110","Measles",2016,6,1.44444444444444,"LKA",NA,NA,NA,NA
"111","Measles",2016,7,1.22222222222222,"LKA",NA,NA,NA,NA
"112","Measles",2016,8,1.22222222222222,"LKA",NA,NA,NA,NA
"113","Measles",2016,9,0.666666666666667,"LKA",NA,NA,NA,NA
"114","Measles",2016,10,0.666666666666667,"LKA",NA,NA,NA,NA
"115","Measles",2016,11,0.222222222222222,"LKA",NA,NA,NA,NA
"116","Measles",2016,12,0.888888888888889,"LKA",NA,NA,NA,NA
"117","Measles",2016,13,1.22222222222222,"LKA",NA,NA,NA,NA
"118","Measles",2016,14,1.55555555555556,"LKA",NA,NA,NA,NA
"119","Measles",2016,15,0.555555555555556,"LKA",NA,NA,NA,NA
"120","Measles",2016,16,0.222222222222222,"LKA",NA,NA,NA,NA
"121","Measles",2016,17,0.222222222222222,"LKA",NA,NA,NA,NA
"122","Measles",2016,18,0.666666666666667,"LKA",NA,NA,NA,NA
"123","Measles",2016,19,0.888888888888889,"LKA",NA,NA,NA,NA
"124","Measles",2016,20,0.444444444444444,"LKA",NA,NA,NA,NA
"125","Measles",2016,21,0.333333333333333,"LKA",NA,NA,NA,NA
"126","Measles",2016,22,0.333333333333333,"LKA",NA,NA,NA,NA
"127","Measles",2016,23,0.444444444444444,"LKA",NA,NA,NA,NA
"128","Measles",2016,24,0.333333333333333,"LKA",NA,NA,NA,NA
"129","Measles",2016,25,0.111111111111111,"LKA",NA,NA,NA,NA
"130","Measles",2016,26,0.111111111111111,"LKA",NA,NA,NA,NA
"131","Measles",2016,27,0.333333333333333,"LKA",NA,NA,NA,NA
"132","Measles",2016,28,0.222222222222222,"LKA",NA,NA,NA,NA
"133","Measles",2016,29,0,"LKA",NA,NA,NA,NA
"134","Measles",2016,30,0.555555555555556,"LKA",NA,NA,NA,NA
"135","Measles",2016,31,0.333333333333333,"LKA",NA,NA,NA,NA
"136","Measles",2016,32,0.111111111111111,"LKA",NA,NA,NA,NA
"137","Measles",2016,33,0.333333333333333,"LKA",NA,NA,NA,NA
"138","Measles",2016,34,0.222222222222222,"LKA",NA,NA,NA,NA
"139","Measles",2016,35,0,"LKA",NA,NA,NA,NA
"140","Measles",2016,36,0.444444444444444,"LKA",NA,NA,NA,NA
"141","Measles",2016,37,0.222222222222222,"LKA",NA,NA,NA,NA
"142","Measles",2016,38,0.222222222222222,"LKA",NA,NA,NA,NA
"143","Measles",2016,39,0.111111111111111,"LKA",NA,NA,NA,NA
"144","Measles",2016,40,0.333333333333333,"LKA",NA,NA,NA,NA
"145","Measles",2016,41,1.11111111111111,"LKA",NA,NA,NA,NA
"146","Measles",2016,42,0.222222222222222,"LKA",NA,NA,NA,NA
"147","Measles",2016,43,0,"LKA",NA,NA,NA,NA
"148","Measles",2016,44,0.222222222222222,"LKA",NA,NA,NA,NA
"149","Measles",2016,45,0.555555555555556,"LKA",NA,NA,NA,NA
"150","Measles",2016,46,0,"LKA",NA,NA,NA,NA
"151","Measles",2016,47,0.111111111111111,"LKA",NA,NA,NA,NA
"152","Measles",2016,48,0.444444444444444,"LKA",NA,NA,NA,NA
"153","Measles",2016,49,0.222222222222222,"LKA",NA,NA,NA,NA
"154","Measles",2016,50,0.333333333333333,"LKA",NA,NA,NA,NA
"155","Measles",2016,51,0.444444444444444,"LKA",NA,NA,NA,NA
"156","Measles",2016,52,0.111111111111111,"LKA",NA,NA,NA,NA
"157","Measles",2016,53,0.333333333333333,"LKA",NA,NA,NA,NA
"158","Measles",2017,1,0.222222222222222,"LKA",NA,NA,NA,NA
"159","Measles",2017,2,0.555555555555556,"LKA",NA,NA,NA,NA
"160","Measles",2017,3,0.666666666666667,"LKA",NA,NA,NA,NA
"161","Measles",2017,4,1.22222222222222,"LKA",NA,NA,NA,NA
"162","Measles",2017,5,0.444444444444444,"LKA",NA,NA,NA,NA
"163","Measles",2017,6,0.222222222222222,"LKA",NA,NA,NA,NA
"164","Measles",2017,7,0.666666666666667,"LKA",NA,NA,NA,NA
"165","Measles",2017,8,0.333333333333333,"LKA",NA,NA,NA,NA
"166","Measles",2017,9,0.555555555555556,"LKA",NA,NA,NA,NA
"167","Measles",2017,10,0.222222222222222,"LKA",NA,NA,NA,NA
"168","Measles",2017,11,0.777777777777778,"LKA",NA,NA,NA,NA
"169","Measles",2017,12,0.333333333333333,"LKA",NA,NA,NA,NA
"170","Measles",2017,13,0.222222222222222,"LKA",NA,NA,NA,NA
"171","Measles",2017,14,0.222222222222222,"LKA",NA,NA,NA,NA
"172","Measles",2017,15,0.111111111111111,"LKA",NA,NA,NA,NA
"173","Measles",2017,16,0,"LKA",NA,NA,NA,NA
"174","Measles",2017,17,0.111111111111111,"LKA",NA,NA,NA,NA
"175","Measles",2017,18,0.222222222222222,"LKA",NA,NA,NA,NA
"176","Measles",2017,19,0.111111111111111,"LKA",NA,NA,NA,NA
"177","Measles",2017,20,0.111111111111111,"LKA",NA,NA,NA,NA
"178","Measles",2017,21,0.333333333333333,"LKA",NA,NA,NA,NA
"179","Measles",2017,22,0.555555555555556,"LKA",NA,NA,NA,NA
"180","Measles",2017,23,0.222222222222222,"LKA",NA,NA,NA,NA
"181","Measles",2017,24,0.222222222222222,"LKA",NA,NA,NA,NA
"182","Measles",2017,25,0.444444444444444,"LKA",NA,NA,NA,NA
"183","Measles",2017,26,0,"LKA",NA,NA,NA,NA
"184","Measles",2017,27,0.111111111111111,"LKA",NA,NA,NA,NA
"185","Measles",2017,28,0.777777777777778,"LKA",NA,NA,NA,NA
"186","Measles",2017,29,0.222222222222222,"LKA",NA,NA,NA,NA
"187","Measles",2017,30,0.777777777777778,"LKA",NA,NA,NA,NA
"188","Measles",2017,31,0.444444444444444,"LKA",NA,NA,NA,NA
"189","Measles",2017,32,0.666666666666667,"LKA",NA,NA,NA,NA
"190","Measles",2017,33,0.111111111111111,"LKA",NA,NA,NA,NA
"191","Measles",2017,34,0.888888888888889,"LKA",NA,NA,NA,NA
"192","Measles",2017,35,0.666666666666667,"LKA",NA,NA,NA,NA
"193","Measles",2017,36,0.444444444444444,"LKA",NA,NA,NA,NA
"194","Measles",2017,37,0.111111111111111,"LKA",NA,NA,NA,NA
"195","Measles",2017,38,0.222222222222222,"LKA",NA,NA,NA,NA
"196","Measles",2017,39,0.111111111111111,"LKA",NA,NA,NA,NA
"197","Measles",2017,40,0.222222222222222,"LKA",NA,NA,NA,NA
"198","Measles",2017,41,0.111111111111111,"LKA",NA,NA,NA,NA
"199","Measles",2017,42,0,"LKA",NA,NA,NA,NA
"200","Measles",2017,43,0.222222222222222,"LKA",NA,NA,NA,NA
"201","Measles",2017,44,0.333333333333333,"LKA",NA,NA,NA,NA
"202","Measles",2017,45,0,"LKA",NA,NA,NA,NA
"203","Measles",2017,46,0.222222222222222,"LKA",NA,NA,NA,NA
"204","Measles",2017,47,0.333333333333333,"LKA",NA,NA,NA,NA
"205","Measles",2017,48,0.333333333333333,"LKA",NA,NA,NA,NA
"206","Measles",2017,49,0,"LKA",NA,NA,NA,NA
"207","Measles",2017,50,0.222222222222222,"LKA",NA,NA,NA,NA
"208","Measles",2017,51,0.888888888888889,"LKA",NA,NA,NA,NA
"209","Measles",2017,52,0.333333333333333,"LKA",NA,NA,NA,NA
"210","Measles",2018,1,0,"LKA",NA,NA,NA,NA
"211","Measles",2018,2,0,"LKA",NA,NA,NA,NA
"212","Measles",2018,3,0.333333333333333,"LKA",NA,NA,NA,NA
"213","Measles",2018,4,0.333333333333333,"LKA",NA,NA,NA,NA
"214","Measles",2018,5,0.666666666666667,"LKA",NA,NA,NA,NA
"215","Measles",2018,6,0.111111111111111,"LKA",NA,NA,NA,NA
"216","Measles",2018,7,0.222222222222222,"LKA",NA,NA,NA,NA
"217","Measles",2018,8,0,"LKA",NA,NA,NA,NA
"218","Measles",2018,9,0.444444444444444,"LKA",NA,NA,NA,NA
"219","Measles",2018,10,0.222222222222222,"LKA",NA,NA,NA,NA
"220","Measles",2018,11,0.444444444444444,"LKA",NA,NA,NA,NA
"221","Measles",2018,12,0.111111111111111,"LKA",NA,NA,NA,NA
"222","Measles",2018,13,0.666666666666667,"LKA",NA,NA,NA,NA
"223","Measles",2018,14,0.555555555555556,"LKA",NA,NA,NA,NA
"224","Measles",2018,15,0.333333333333333,"LKA",NA,NA,NA,NA
"225","Measles",2018,16,0,"LKA",NA,NA,NA,NA
"226","Measles",2018,17,0.111111111111111,"LKA",NA,NA,NA,NA
"227","Measles",2018,18,0.888888888888889,"LKA",NA,NA,NA,NA
"228","Measles",2018,19,0.111111111111111,"LKA",NA,NA,NA,NA
"229","Measles",2018,20,0.444444444444444,"LKA",NA,NA,NA,NA
"230","Measles",2018,21,0.222222222222222,"LKA",NA,NA,NA,NA
"231","Measles",2018,22,0,"LKA",NA,NA,NA,NA
"232","Measles",2018,23,0.222222222222222,"LKA",NA,NA,NA,NA
"233","Measles",2018,24,0.222222222222222,"LKA",NA,NA,NA,NA
"234","Measles",2018,25,0.222222222222222,"LKA",NA,NA,NA,NA
"235","Measles",2018,26,0.222222222222222,"LKA",NA,NA,NA,NA
"236","Measles",2018,27,0.555555555555556,"LKA",NA,NA,NA,NA
"237","Measles",2018,28,0.555555555555556,"LKA",NA,NA,NA,NA
"238","Measles",2018,29,0.111111111111111,"LKA",NA,NA,NA,NA
"239","Measles",2018,30,0.444444444444444,"LKA",NA,NA,NA,NA
"240","Measles",2018,31,0,"LKA",NA,NA,NA,NA
"241","Measles",2018,32,0.444444444444444,"LKA",NA,NA,NA,NA
"242","Measles",2018,33,0,"LKA",NA,NA,NA,NA
"243","Measles",2018,34,0.333333333333333,"LKA",NA,NA,NA,NA
"244","Measles",2018,35,0.222222222222222,"LKA",NA,NA,NA,NA
"245","Measles",2018,36,0.111111111111111,"LKA",NA,NA,NA,NA
"246","Measles",2018,37,0.222222222222222,"LKA",NA,NA,NA,NA
"247","Measles",2018,38,0.222222222222222,"LKA",NA,NA,NA,NA
"248","Measles",2018,39,0.666666666666667,"LKA",NA,NA,NA,NA
"249","Measles",2018,40,0.111111111111111,"LKA",NA,NA,NA,NA
"250","Measles",2018,41,0.222222222222222,"LKA",NA,NA,NA,NA
"251","Measles",2018,42,0.222222222222222,"LKA",NA,NA,NA,NA
"252","Measles",2018,43,0.333333333333333,"LKA",NA,NA,NA,NA
"253","Measles",2018,44,0,"LKA",NA,NA,NA,NA
"254","Measles",2018,45,0,"LKA",NA,NA,NA,NA
"255","Measles",2018,46,0.444444444444444,"LKA",NA,NA,NA,NA
"256","Measles",2018,47,0,"LKA",NA,NA,NA,NA
"257","Measles",2018,48,0.222222222222222,"LKA",NA,NA,NA,NA
"258","Measles",2018,49,0.222222222222222,"LKA",NA,NA,NA,NA
"259","Measles",2018,50,0.444444444444444,"LKA",NA,NA,NA,NA
"260","Measles",2018,51,0.666666666666667,"LKA",NA,NA,NA,NA
"261","Measles",2018,52,0.555555555555556,"LKA",NA,NA,NA,NA
"262","Measles",2019,1,0.111111111111111,"LKA",NA,NA,NA,NA
"263","Measles",2019,2,0.222222222222222,"LKA",NA,NA,NA,NA
"264","Measles",2019,3,0.333333333333333,"LKA",NA,NA,NA,NA
"265","Measles",2019,4,0.333333333333333,"LKA",NA,NA,NA,NA
"266","Measles",2019,5,0.777777777777778,"LKA",NA,NA,NA,NA
"267","Measles",2019,6,0.777777777777778,"LKA",NA,NA,NA,NA
"268","Measles",2019,7,0.333333333333333,"LKA",NA,NA,NA,NA
"269","Measles",2019,8,0.333333333333333,"LKA",NA,NA,NA,NA
"270","Measles",2019,9,0.333333333333333,"LKA",NA,NA,NA,NA
"271","Measles",2019,10,0.111111111111111,"LKA",NA,NA,NA,NA
"272","Measles",2019,11,0.444444444444444,"LKA",NA,NA,NA,NA
"273","Measles",2019,12,0,"LKA",NA,NA,NA,NA
"274","Measles",2019,13,0.555555555555556,"LKA",NA,NA,NA,NA
"275","Measles",2019,14,0.555555555555556,"LKA",NA,NA,NA,NA
"276","Measles",2019,15,0.777777777777778,"LKA",NA,NA,NA,NA
"277","Measles",2019,16,0.888888888888889,"LKA",NA,NA,NA,NA
"278","Measles",2019,17,0.222222222222222,"LKA",NA,NA,NA,NA
"279","Measles",2019,18,0.666666666666667,"LKA",NA,NA,NA,NA
"280","Measles",2019,19,0.777777777777778,"LKA",NA,NA,NA,NA
"281","Measles",2019,20,0.888888888888889,"LKA",NA,NA,NA,NA
"282","Measles",2019,21,2.66666666666667,"LKA",NA,NA,NA,NA
"283","Measles",2019,22,1.44444444444444,"LKA",NA,NA,NA,NA
"284","Measles",2019,23,1.33333333333333,"LKA",NA,NA,NA,NA
"285","Measles",2019,24,1.11111111111111,"LKA",NA,NA,NA,NA
"286","Measles",2019,25,1.11111111111111,"LKA",NA,NA,NA,NA
"287","Measles",2019,26,0.555555555555556,"LKA",NA,NA,NA,NA
"288","Measles",2019,27,0.777777777777778,"LKA",NA,NA,NA,NA
"289","Measles",2019,28,0.888888888888889,"LKA",NA,NA,NA,NA
"290","Measles",2019,29,1,"LKA",NA,NA,NA,NA
"291","Measles",2019,30,0.333333333333333,"LKA",NA,NA,NA,NA
"292","Measles",2019,31,0.888888888888889,"LKA",NA,NA,NA,NA
"293","Measles",2019,32,0.555555555555556,"LKA",NA,NA,NA,NA
"294","Measles",2019,33,0.888888888888889,"LKA",NA,NA,NA,NA
"295","Measles",2019,34,0.222222222222222,"LKA",NA,NA,NA,NA
"296","Measles",2019,35,0.555555555555556,"LKA",NA,NA,NA,NA
"297","Measles",2019,36,0.666666666666667,"LKA",NA,NA,NA,NA
"298","Measles",2019,37,0.444444444444444,"LKA",NA,NA,NA,NA
"299","Measles",2019,38,0.222222222222222,"LKA",NA,NA,NA,NA
"300","Measles",2019,39,0.111111111111111,"LKA",NA,NA,NA,NA
"301","Measles",2019,40,0.222222222222222,"LKA",NA,NA,NA,NA
"302","Measles",2019,41,0.333333333333333,"LKA",NA,NA,NA,NA
"303","Measles",2019,42,0.111111111111111,"LKA",NA,NA,NA,NA
"304","Measles",2019,43,0.666666666666667,"LKA",NA,NA,NA,NA
"305","Measles",2019,44,0.222222222222222,"LKA",NA,NA,NA,NA
"306","Measles",2019,45,0.333333333333333,"LKA",NA,NA,NA,NA
"307","Measles",2019,46,0.666666666666667,"LKA",NA,NA,NA,NA
"308","Measles",2019,47,0.333333333333333,"LKA",NA,NA,NA,NA
"309","Measles",2019,48,0.444444444444444,"LKA",NA,NA,NA,NA
"310","Measles",2019,49,0.222222222222222,"LKA",NA,NA,NA,NA
"311","Measles",2019,50,0.222222222222222,"LKA",NA,NA,NA,NA
"312","Measles",2019,51,0.333333333333333,"LKA",NA,NA,NA,NA
"313","Measles",2019,52,0.777777777777778,"LKA",NA,NA,NA,NA
"314","Measles",2020,1,0.111111111111111,"LKA",NA,NA,NA,NA
"315","Measles",2020,2,0.333333333333333,"LKA",NA,NA,NA,NA
"316","Measles",2020,3,0,"LKA",NA,NA,NA,NA
"317","Measles",2020,4,0.111111111111111,"LKA",NA,NA,NA,NA
"318","Measles",2020,5,0.111111111111111,"LKA",NA,NA,NA,NA
"319","Measles",2020,6,0,"LKA",NA,NA,NA,NA
"320","Measles",2020,7,0.222222222222222,"LKA",NA,NA,NA,NA
