"","Disease","EpiYear","EpiWeek","Incidence","ADM0","ADM1","ADM2","NA","NA"
"1","Tuberculosis",2014,1,18.7777777777778,"LKA",NA,NA,NA,NA
"2","Tuberculosis",2014,2,36.3333333333333,"LKA",NA,NA,NA,NA
"3","Tuberculosis",2014,3,21.3333333333333,"LKA",NA,NA,NA,NA
"4","Tuberculosis",2014,4,18.4444444444444,"LKA",NA,NA,NA,NA
"5","Tuberculosis",2014,5,29,"LKA",NA,NA,NA,NA
"6","Tuberculosis",2014,6,19.5555555555556,"LKA",NA,NA,NA,NA
"7","Tuberculosis",2014,7,28.8888888888889,"LKA",NA,NA,NA,NA
"8","Tuberculosis",2014,8,16.6666666666667,"LKA",NA,NA,NA,NA
"9","Tuberculosis",2014,9,30.5555555555556,"LKA",NA,NA,NA,NA
"10","Tuberculosis",2014,10,27.6666666666667,"LKA",NA,NA,NA,NA
"11","Tuberculosis",2014,11,14.8888888888889,"LKA",NA,NA,NA,NA
"12","Tuberculosis",2014,12,19.1111111111111,"LKA",NA,NA,NA,NA
"13","Tuberculosis",2014,13,20,"LKA",NA,NA,NA,NA
"14","Tuberculosis",2014,14,23.7777777777778,"LKA",NA,NA,NA,NA
"15","Tuberculosis",2014,15,14.5555555555556,"LKA",NA,NA,NA,NA
"16","Tuberculosis",2014,16,22.7777777777778,"LKA",NA,NA,NA,NA
"17","Tuberculosis",2014,17,7.11111111111111,"LKA",NA,NA,NA,NA
"18","Tuberculosis",2014,18,18.8888888888889,"LKA",NA,NA,NA,NA
"19","Tuberculosis",2014,19,26,"LKA",NA,NA,NA,NA
"20","Tuberculosis",2014,20,12.5555555555556,"LKA",NA,NA,NA,NA
"21","Tuberculosis",2014,21,16.8888888888889,"LKA",NA,NA,NA,NA
"22","Tuberculosis",2014,22,15,"LKA",NA,NA,NA,NA
"23","Tuberculosis",2014,23,24,"LKA",NA,NA,NA,NA
"24","Tuberculosis",2014,24,29.4444444444444,"LKA",NA,NA,NA,NA
"25","Tuberculosis",2014,25,32.2222222222222,"LKA",NA,NA,NA,NA
"26","Tuberculosis",2014,26,12.3333333333333,"LKA",NA,NA,NA,NA
"27","Tuberculosis",2014,27,18.6666666666667,"LKA",NA,NA,NA,NA
"28","Tuberculosis",2014,28,13.5555555555556,"LKA",NA,NA,NA,NA
"29","Tuberculosis",2014,29,17.2222222222222,"LKA",NA,NA,NA,NA
"30","Tuberculosis",2014,30,17.4444444444444,"LKA",NA,NA,NA,NA
"31","Tuberculosis",2014,31,8.77777777777778,"LKA",NA,NA,NA,NA
"32","Tuberculosis",2014,32,23.3333333333333,"LKA",NA,NA,NA,NA
"33","Tuberculosis",2014,33,26.8888888888889,"LKA",NA,NA,NA,NA
"34","Tuberculosis",2014,34,18.3333333333333,"LKA",NA,NA,NA,NA
"35","Tuberculosis",2014,35,23,"LKA",NA,NA,NA,NA
"36","Tuberculosis",2014,36,32.3333333333333,"LKA",NA,NA,NA,NA
"37","Tuberculosis",2014,37,14.6666666666667,"LKA",NA,NA,NA,NA
"38","Tuberculosis",2014,38,15.7777777777778,"LKA",NA,NA,NA,NA
"39","Tuberculosis",2014,39,38.5555555555556,"LKA",NA,NA,NA,NA
"40","Tuberculosis",2014,40,20.5555555555556,"LKA",NA,NA,NA,NA
"41","Tuberculosis",2014,41,16.7777777777778,"LKA",NA,NA,NA,NA
"42","Tuberculosis",2014,42,17.3333333333333,"LKA",NA,NA,NA,NA
"43","Tuberculosis",2014,43,23.6666666666667,"LKA",NA,NA,NA,NA
"44","Tuberculosis",2014,44,11.1111111111111,"LKA",NA,NA,NA,NA
"45","Tuberculosis",2014,45,26.3333333333333,"LKA",NA,NA,NA,NA
"46","Tuberculosis",2014,46,24.1111111111111,"LKA",NA,NA,NA,NA
"47","Tuberculosis",2014,47,9.88888888888889,"LKA",NA,NA,NA,NA
"48","Tuberculosis",2014,48,26.1111111111111,"LKA",NA,NA,NA,NA
"49","Tuberculosis",2014,49,20.1111111111111,"LKA",NA,NA,NA,NA
"50","Tuberculosis",2014,50,17.4444444444444,"LKA",NA,NA,NA,NA
"51","Tuberculosis",2014,51,7.88888888888889,"LKA",NA,NA,NA,NA
"52","Tuberculosis",2014,52,22.2222222222222,"LKA",NA,NA,NA,NA
"53","Tuberculosis",2015,1,14.5555555555556,"LKA",NA,NA,NA,NA
"54","Tuberculosis",2015,2,16.8888888888889,"LKA",NA,NA,NA,NA
"55","Tuberculosis",2015,3,12.5555555555556,"LKA",NA,NA,NA,NA
"56","Tuberculosis",2015,4,11.2222222222222,"LKA",NA,NA,NA,NA
"57","Tuberculosis",2015,5,47.6666666666667,"LKA",NA,NA,NA,NA
"58","Tuberculosis",2015,6,20.6666666666667,"LKA",NA,NA,NA,NA
"59","Tuberculosis",2015,7,11.2222222222222,"LKA",NA,NA,NA,NA
"60","Tuberculosis",2015,8,17.6666666666667,"LKA",NA,NA,NA,NA
"61","Tuberculosis",2015,9,23,"LKA",NA,NA,NA,NA
"62","Tuberculosis",2015,10,27.8888888888889,"LKA",NA,NA,NA,NA
"63","Tuberculosis",2015,11,15.3333333333333,"LKA",NA,NA,NA,NA
"64","Tuberculosis",2015,12,15.6666666666667,"LKA",NA,NA,NA,NA
"65","Tuberculosis",2015,13,36.3333333333333,"LKA",NA,NA,NA,NA
"66","Tuberculosis",2015,14,13.5555555555556,"LKA",NA,NA,NA,NA
"67","Tuberculosis",2015,15,18.2222222222222,"LKA",NA,NA,NA,NA
"68","Tuberculosis",2015,16,10.7777777777778,"LKA",NA,NA,NA,NA
"69","Tuberculosis",2015,17,14.2222222222222,"LKA",NA,NA,NA,NA
"70","Tuberculosis",2015,18,42.7777777777778,"LKA",NA,NA,NA,NA
"71","Tuberculosis",2015,19,6.66666666666667,"LKA",NA,NA,NA,NA
"72","Tuberculosis",2015,20,9.33333333333333,"LKA",NA,NA,NA,NA
"73","Tuberculosis",2015,21,32.2222222222222,"LKA",NA,NA,NA,NA
"74","Tuberculosis",2015,22,23.3333333333333,"LKA",NA,NA,NA,NA
"75","Tuberculosis",2015,23,23.4444444444444,"LKA",NA,NA,NA,NA
"76","Tuberculosis",2015,24,11.1111111111111,"LKA",NA,NA,NA,NA
"77","Tuberculosis",2015,25,12.3333333333333,"LKA",NA,NA,NA,NA
"78","Tuberculosis",2015,26,23.1111111111111,"LKA",NA,NA,NA,NA
"79","Tuberculosis",2015,27,26.2222222222222,"LKA",NA,NA,NA,NA
"80","Tuberculosis",2015,28,38.4444444444444,"LKA",NA,NA,NA,NA
"81","Tuberculosis",2015,29,13.5555555555556,"LKA",NA,NA,NA,NA
"82","Tuberculosis",2015,30,15.4444444444444,"LKA",NA,NA,NA,NA
"83","Tuberculosis",2015,31,14.5555555555556,"LKA",NA,NA,NA,NA
"84","Tuberculosis",2015,32,23.5555555555556,"LKA",NA,NA,NA,NA
"85","Tuberculosis",2015,33,17,"LKA",NA,NA,NA,NA
"86","Tuberculosis",2015,34,34.3333333333333,"LKA",NA,NA,NA,NA
"87","Tuberculosis",2015,35,13.4444444444444,"LKA",NA,NA,NA,NA
"88","Tuberculosis",2015,36,23.6666666666667,"LKA",NA,NA,NA,NA
"89","Tuberculosis",2015,37,16,"LKA",NA,NA,NA,NA
"90","Tuberculosis",2015,38,16.5555555555556,"LKA",NA,NA,NA,NA
"91","Tuberculosis",2015,39,22.3333333333333,"LKA",NA,NA,NA,NA
"92","Tuberculosis",2015,40,8.66666666666667,"LKA",NA,NA,NA,NA
"93","Tuberculosis",2015,41,30.4444444444444,"LKA",NA,NA,NA,NA
"94","Tuberculosis",2015,42,17.1111111111111,"LKA",NA,NA,NA,NA
"95","Tuberculosis",2015,43,22.6666666666667,"LKA",NA,NA,NA,NA
"96","Tuberculosis",2015,44,28,"LKA",NA,NA,NA,NA
"97","Tuberculosis",2015,45,13.2222222222222,"LKA",NA,NA,NA,NA
"98","Tuberculosis",2015,46,18.1111111111111,"LKA",NA,NA,NA,NA
"99","Tuberculosis",2015,47,9.66666666666667,"LKA",NA,NA,NA,NA
"100","Tuberculosis",2015,48,33.4444444444444,"LKA",NA,NA,NA,NA
"101","Tuberculosis",2015,49,11.6666666666667,"LKA",NA,NA,NA,NA
"102","Tuberculosis",2015,50,20.7777777777778,"LKA",NA,NA,NA,NA
"103","Tuberculosis",2015,51,25.7777777777778,"LKA",NA,NA,NA,NA
"104","Tuberculosis",2015,52,9.55555555555556,"LKA",NA,NA,NA,NA
"105","Tuberculosis",2016,1,8.44444444444444,"LKA",NA,NA,NA,NA
"106","Tuberculosis",2016,2,14.4444444444444,"LKA",NA,NA,NA,NA
"107","Tuberculosis",2016,3,29.2222222222222,"LKA",NA,NA,NA,NA
"108","Tuberculosis",2016,4,12.3333333333333,"LKA",NA,NA,NA,NA
"109","Tuberculosis",2016,5,22.8888888888889,"LKA",NA,NA,NA,NA
"110","Tuberculosis",2016,6,17.4444444444444,"LKA",NA,NA,NA,NA
"111","Tuberculosis",2016,7,11.3333333333333,"LKA",NA,NA,NA,NA
"112","Tuberculosis",2016,8,28.4444444444444,"LKA",NA,NA,NA,NA
"113","Tuberculosis",2016,9,25.3333333333333,"LKA",NA,NA,NA,NA
"114","Tuberculosis",2016,10,7.44444444444444,"LKA",NA,NA,NA,NA
"115","Tuberculosis",2016,11,7.44444444444444,"LKA",NA,NA,NA,NA
"116","Tuberculosis",2016,12,27.1111111111111,"LKA",NA,NA,NA,NA
"117","Tuberculosis",2016,13,24.6666666666667,"LKA",NA,NA,NA,NA
"118","Tuberculosis",2016,14,17.3333333333333,"LKA",NA,NA,NA,NA
"119","Tuberculosis",2016,15,12.6666666666667,"LKA",NA,NA,NA,NA
"120","Tuberculosis",2016,16,32.1111111111111,"LKA",NA,NA,NA,NA
"121","Tuberculosis",2016,17,15.7777777777778,"LKA",NA,NA,NA,NA
"122","Tuberculosis",2016,18,18,"LKA",NA,NA,NA,NA
"123","Tuberculosis",2016,19,22.6666666666667,"LKA",NA,NA,NA,NA
"124","Tuberculosis",2016,20,23.2222222222222,"LKA",NA,NA,NA,NA
"125","Tuberculosis",2016,21,24.1111111111111,"LKA",NA,NA,NA,NA
"126","Tuberculosis",2016,22,20.4444444444444,"LKA",NA,NA,NA,NA
"127","Tuberculosis",2016,23,8.44444444444444,"LKA",NA,NA,NA,NA
"128","Tuberculosis",2016,24,29,"LKA",NA,NA,NA,NA
"129","Tuberculosis",2016,25,29.3333333333333,"LKA",NA,NA,NA,NA
"130","Tuberculosis",2016,26,9.77777777777778,"LKA",NA,NA,NA,NA
"131","Tuberculosis",2016,27,28.8888888888889,"LKA",NA,NA,NA,NA
"132","Tuberculosis",2016,28,22,"LKA",NA,NA,NA,NA
"133","Tuberculosis",2016,29,20.2222222222222,"LKA",NA,NA,NA,NA
"134","Tuberculosis",2016,30,22.3333333333333,"LKA",NA,NA,NA,NA
"135","Tuberculosis",2016,31,14.2222222222222,"LKA",NA,NA,NA,NA
"136","Tuberculosis",2016,32,21.8888888888889,"LKA",NA,NA,NA,NA
"137","Tuberculosis",2016,33,22.1111111111111,"LKA",NA,NA,NA,NA
"138","Tuberculosis",2016,34,24,"LKA",NA,NA,NA,NA
"139","Tuberculosis",2016,35,22.4444444444444,"LKA",NA,NA,NA,NA
"140","Tuberculosis",2016,36,21,"LKA",NA,NA,NA,NA
"141","Tuberculosis",2016,37,21,"LKA",NA,NA,NA,NA
"142","Tuberculosis",2016,38,15,"LKA",NA,NA,NA,NA
"143","Tuberculosis",2016,39,15.5555555555556,"LKA",NA,NA,NA,NA
"144","Tuberculosis",2016,40,11.8888888888889,"LKA",NA,NA,NA,NA
"145","Tuberculosis",2016,41,17.1111111111111,"LKA",NA,NA,NA,NA
"146","Tuberculosis",2016,42,16.4444444444444,"LKA",NA,NA,NA,NA
"147","Tuberculosis",2016,43,19.3333333333333,"LKA",NA,NA,NA,NA
"148","Tuberculosis",2016,44,24.4444444444444,"LKA",NA,NA,NA,NA
"149","Tuberculosis",2016,45,16.2222222222222,"LKA",NA,NA,NA,NA
"150","Tuberculosis",2016,46,13.7777777777778,"LKA",NA,NA,NA,NA
"151","Tuberculosis",2016,47,17.3333333333333,"LKA",NA,NA,NA,NA
"152","Tuberculosis",2016,48,21.4444444444444,"LKA",NA,NA,NA,NA
"153","Tuberculosis",2016,49,20,"LKA",NA,NA,NA,NA
"154","Tuberculosis",2016,50,17.7777777777778,"LKA",NA,NA,NA,NA
"155","Tuberculosis",2016,51,22.8888888888889,"LKA",NA,NA,NA,NA
"156","Tuberculosis",2016,52,11.8888888888889,"LKA",NA,NA,NA,NA
"157","Tuberculosis",2016,53,10.3333333333333,"LKA",NA,NA,NA,NA
"158","Tuberculosis",2017,1,25.6666666666667,"LKA",NA,NA,NA,NA
"159","Tuberculosis",2017,2,20.6666666666667,"LKA",NA,NA,NA,NA
"160","Tuberculosis",2017,3,11.4444444444444,"LKA",NA,NA,NA,NA
"161","Tuberculosis",2017,4,19,"LKA",NA,NA,NA,NA
"162","Tuberculosis",2017,5,21.4444444444444,"LKA",NA,NA,NA,NA
"163","Tuberculosis",2017,6,17.3333333333333,"LKA",NA,NA,NA,NA
"164","Tuberculosis",2017,7,18,"LKA",NA,NA,NA,NA
"165","Tuberculosis",2017,8,23.7777777777778,"LKA",NA,NA,NA,NA
"166","Tuberculosis",2017,9,13.6666666666667,"LKA",NA,NA,NA,NA
"167","Tuberculosis",2017,10,6.77777777777778,"LKA",NA,NA,NA,NA
"168","Tuberculosis",2017,11,19.1111111111111,"LKA",NA,NA,NA,NA
"169","Tuberculosis",2017,12,20.2222222222222,"LKA",NA,NA,NA,NA
"170","Tuberculosis",2017,13,13.2222222222222,"LKA",NA,NA,NA,NA
"171","Tuberculosis",2017,14,10.8888888888889,"LKA",NA,NA,NA,NA
"172","Tuberculosis",2017,15,21.2222222222222,"LKA",NA,NA,NA,NA
"173","Tuberculosis",2017,16,9.44444444444444,"LKA",NA,NA,NA,NA
"174","Tuberculosis",2017,17,28.6666666666667,"LKA",NA,NA,NA,NA
"175","Tuberculosis",2017,18,15.2222222222222,"LKA",NA,NA,NA,NA
"176","Tuberculosis",2017,19,14,"LKA",NA,NA,NA,NA
"177","Tuberculosis",2017,20,9.55555555555556,"LKA",NA,NA,NA,NA
"178","Tuberculosis",2017,21,34.6666666666667,"LKA",NA,NA,NA,NA
"179","Tuberculosis",2017,22,7.44444444444444,"LKA",NA,NA,NA,NA
"180","Tuberculosis",2017,23,23,"LKA",NA,NA,NA,NA
"181","Tuberculosis",2017,24,26.5555555555556,"LKA",NA,NA,NA,NA
"182","Tuberculosis",2017,25,8.66666666666667,"LKA",NA,NA,NA,NA
"183","Tuberculosis",2017,26,18.6666666666667,"LKA",NA,NA,NA,NA
"184","Tuberculosis",2017,27,5.66666666666667,"LKA",NA,NA,NA,NA
"185","Tuberculosis",2017,28,34.4444444444444,"LKA",NA,NA,NA,NA
"186","Tuberculosis",2017,29,18.8888888888889,"LKA",NA,NA,NA,NA
"187","Tuberculosis",2017,30,26,"LKA",NA,NA,NA,NA
"188","Tuberculosis",2017,31,30.3333333333333,"LKA",NA,NA,NA,NA
"189","Tuberculosis",2017,32,14.7777777777778,"LKA",NA,NA,NA,NA
"190","Tuberculosis",2017,33,11.3333333333333,"LKA",NA,NA,NA,NA
"191","Tuberculosis",2017,34,27.3333333333333,"LKA",NA,NA,NA,NA
"192","Tuberculosis",2017,35,12.1111111111111,"LKA",NA,NA,NA,NA
"193","Tuberculosis",2017,36,13.3333333333333,"LKA",NA,NA,NA,NA
"194","Tuberculosis",2017,37,17.6666666666667,"LKA",NA,NA,NA,NA
"195","Tuberculosis",2017,38,22.2222222222222,"LKA",NA,NA,NA,NA
"196","Tuberculosis",2017,39,12.8888888888889,"LKA",NA,NA,NA,NA
"197","Tuberculosis",2017,40,15.6666666666667,"LKA",NA,NA,NA,NA
"198","Tuberculosis",2017,41,25.7777777777778,"LKA",NA,NA,NA,NA
"199","Tuberculosis",2017,42,23.3333333333333,"LKA",NA,NA,NA,NA
"200","Tuberculosis",2017,43,19.3333333333333,"LKA",NA,NA,NA,NA
"201","Tuberculosis",2017,44,19.8888888888889,"LKA",NA,NA,NA,NA
"202","Tuberculosis",2017,45,15,"LKA",NA,NA,NA,NA
"203","Tuberculosis",2017,46,15.3333333333333,"LKA",NA,NA,NA,NA
"204","Tuberculosis",2017,47,16.8888888888889,"LKA",NA,NA,NA,NA
"205","Tuberculosis",2017,48,30.8888888888889,"LKA",NA,NA,NA,NA
"206","Tuberculosis",2017,49,10.5555555555556,"LKA",NA,NA,NA,NA
"207","Tuberculosis",2017,50,10.6666666666667,"LKA",NA,NA,NA,NA
"208","Tuberculosis",2017,51,30.3333333333333,"LKA",NA,NA,NA,NA
"209","Tuberculosis",2017,52,17.2222222222222,"LKA",NA,NA,NA,NA
"210","Tuberculosis",2018,1,16.4444444444444,"LKA",NA,NA,NA,NA
"211","Tuberculosis",2018,2,16.2222222222222,"LKA",NA,NA,NA,NA
"212","Tuberculosis",2018,3,15.4444444444444,"LKA",NA,NA,NA,NA
"213","Tuberculosis",2018,4,19.4444444444444,"LKA",NA,NA,NA,NA
"214","Tuberculosis",2018,5,18.7777777777778,"LKA",NA,NA,NA,NA
"215","Tuberculosis",2018,6,13.1111111111111,"LKA",NA,NA,NA,NA
"216","Tuberculosis",2018,7,30.2222222222222,"LKA",NA,NA,NA,NA
"217","Tuberculosis",2018,8,13.8888888888889,"LKA",NA,NA,NA,NA
"218","Tuberculosis",2018,9,19.6666666666667,"LKA",NA,NA,NA,NA
"219","Tuberculosis",2018,10,9.66666666666667,"LKA",NA,NA,NA,NA
"220","Tuberculosis",2018,11,16.6666666666667,"LKA",NA,NA,NA,NA
"221","Tuberculosis",2018,12,19.7777777777778,"LKA",NA,NA,NA,NA
"222","Tuberculosis",2018,13,14.7777777777778,"LKA",NA,NA,NA,NA
"223","Tuberculosis",2018,14,6.11111111111111,"LKA",NA,NA,NA,NA
"224","Tuberculosis",2018,15,24.3333333333333,"LKA",NA,NA,NA,NA
"225","Tuberculosis",2018,16,7.22222222222222,"LKA",NA,NA,NA,NA
"226","Tuberculosis",2018,17,25.5555555555556,"LKA",NA,NA,NA,NA
"227","Tuberculosis",2018,18,21.2222222222222,"LKA",NA,NA,NA,NA
"228","Tuberculosis",2018,19,6.11111111111111,"LKA",NA,NA,NA,NA
"229","Tuberculosis",2018,20,43.3333333333333,"LKA",NA,NA,NA,NA
"230","Tuberculosis",2018,21,22.8888888888889,"LKA",NA,NA,NA,NA
"231","Tuberculosis",2018,22,7.77777777777778,"LKA",NA,NA,NA,NA
"232","Tuberculosis",2018,23,36.5555555555556,"LKA",NA,NA,NA,NA
"233","Tuberculosis",2018,24,17.7777777777778,"LKA",NA,NA,NA,NA
"234","Tuberculosis",2018,25,9.33333333333333,"LKA",NA,NA,NA,NA
"235","Tuberculosis",2018,26,7.44444444444444,"LKA",NA,NA,NA,NA
"236","Tuberculosis",2018,27,10.6666666666667,"LKA",NA,NA,NA,NA
"237","Tuberculosis",2018,28,32.5555555555556,"LKA",NA,NA,NA,NA
"238","Tuberculosis",2018,29,20.6666666666667,"LKA",NA,NA,NA,NA
"239","Tuberculosis",2018,30,32.7777777777778,"LKA",NA,NA,NA,NA
"240","Tuberculosis",2018,31,9,"LKA",NA,NA,NA,NA
"241","Tuberculosis",2018,32,21.8888888888889,"LKA",NA,NA,NA,NA
"242","Tuberculosis",2018,33,16,"LKA",NA,NA,NA,NA
"243","Tuberculosis",2018,34,26.5555555555556,"LKA",NA,NA,NA,NA
"244","Tuberculosis",2018,35,7.33333333333333,"LKA",NA,NA,NA,NA
"245","Tuberculosis",2018,36,33.1111111111111,"LKA",NA,NA,NA,NA
"246","Tuberculosis",2018,37,17.6666666666667,"LKA",NA,NA,NA,NA
"247","Tuberculosis",2018,38,18,"LKA",NA,NA,NA,NA
"248","Tuberculosis",2018,39,15.2222222222222,"LKA",NA,NA,NA,NA
"249","Tuberculosis",2018,40,22.7777777777778,"LKA",NA,NA,NA,NA
"250","Tuberculosis",2018,41,17.5555555555556,"LKA",NA,NA,NA,NA
"251","Tuberculosis",2018,42,12.6666666666667,"LKA",NA,NA,NA,NA
"252","Tuberculosis",2018,43,39.3333333333333,"LKA",NA,NA,NA,NA
"253","Tuberculosis",2018,44,30.8888888888889,"LKA",NA,NA,NA,NA
"254","Tuberculosis",2018,45,16.4444444444444,"LKA",NA,NA,NA,NA
"255","Tuberculosis",2018,46,11.4444444444444,"LKA",NA,NA,NA,NA
"256","Tuberculosis",2018,47,27.6666666666667,"LKA",NA,NA,NA,NA
"257","Tuberculosis",2018,48,29.8888888888889,"LKA",NA,NA,NA,NA
"258","Tuberculosis",2018,49,13,"LKA",NA,NA,NA,NA
"259","Tuberculosis",2018,50,24.8888888888889,"LKA",NA,NA,NA,NA
"260","Tuberculosis",2018,51,14.2222222222222,"LKA",NA,NA,NA,NA
"261","Tuberculosis",2018,52,25,"LKA",NA,NA,NA,NA
"262","Tuberculosis",2019,1,20.6666666666667,"LKA",NA,NA,NA,NA
"263","Tuberculosis",2019,2,13.2222222222222,"LKA",NA,NA,NA,NA
"264","Tuberculosis",2019,3,22.4444444444444,"LKA",NA,NA,NA,NA
"265","Tuberculosis",2019,4,22,"LKA",NA,NA,NA,NA
"266","Tuberculosis",2019,5,10.6666666666667,"LKA",NA,NA,NA,NA
"267","Tuberculosis",2019,6,24.5555555555556,"LKA",NA,NA,NA,NA
"268","Tuberculosis",2019,7,19.4444444444444,"LKA",NA,NA,NA,NA
"269","Tuberculosis",2019,8,22.5555555555556,"LKA",NA,NA,NA,NA
"270","Tuberculosis",2019,9,8.88888888888889,"LKA",NA,NA,NA,NA
"271","Tuberculosis",2019,10,29.6666666666667,"LKA",NA,NA,NA,NA
"272","Tuberculosis",2019,11,18.7777777777778,"LKA",NA,NA,NA,NA
"273","Tuberculosis",2019,12,14,"LKA",NA,NA,NA,NA
"274","Tuberculosis",2019,13,13.1111111111111,"LKA",NA,NA,NA,NA
"275","Tuberculosis",2019,14,25.7777777777778,"LKA",NA,NA,NA,NA
"276","Tuberculosis",2019,15,20,"LKA",NA,NA,NA,NA
"277","Tuberculosis",2019,16,6.77777777777778,"LKA",NA,NA,NA,NA
"278","Tuberculosis",2019,17,5.66666666666667,"LKA",NA,NA,NA,NA
"279","Tuberculosis",2019,18,17.7777777777778,"LKA",NA,NA,NA,NA
"280","Tuberculosis",2019,19,16.6666666666667,"LKA",NA,NA,NA,NA
"281","Tuberculosis",2019,20,22.4444444444444,"LKA",NA,NA,NA,NA
"282","Tuberculosis",2019,21,20.2222222222222,"LKA",NA,NA,NA,NA
"283","Tuberculosis",2019,22,17.3333333333333,"LKA",NA,NA,NA,NA
"284","Tuberculosis",2019,23,26.3333333333333,"LKA",NA,NA,NA,NA
"285","Tuberculosis",2019,24,16,"LKA",NA,NA,NA,NA
"286","Tuberculosis",2019,25,15.6666666666667,"LKA",NA,NA,NA,NA
"287","Tuberculosis",2019,26,24.3333333333333,"LKA",NA,NA,NA,NA
"288","Tuberculosis",2019,27,22,"LKA",NA,NA,NA,NA
"289","Tuberculosis",2019,28,10.2222222222222,"LKA",NA,NA,NA,NA
"290","Tuberculosis",2019,29,27.1111111111111,"LKA",NA,NA,NA,NA
"291","Tuberculosis",2019,30,6.44444444444444,"LKA",NA,NA,NA,NA
"292","Tuberculosis",2019,31,18.4444444444444,"LKA",NA,NA,NA,NA
"293","Tuberculosis",2019,32,28.1111111111111,"LKA",NA,NA,NA,NA
"294","Tuberculosis",2019,33,15.3333333333333,"LKA",NA,NA,NA,NA
"295","Tuberculosis",2019,34,10,"LKA",NA,NA,NA,NA
"296","Tuberculosis",2019,35,21,"LKA",NA,NA,NA,NA
"297","Tuberculosis",2019,36,15.5555555555556,"LKA",NA,NA,NA,NA
"298","Tuberculosis",2019,37,19.4444444444444,"LKA",NA,NA,NA,NA
"299","Tuberculosis",2019,38,20.8888888888889,"LKA",NA,NA,NA,NA
"300","Tuberculosis",2019,39,27.1111111111111,"LKA",NA,NA,NA,NA
"301","Tuberculosis",2019,40,12,"LKA",NA,NA,NA,NA
"302","Tuberculosis",2019,41,14.2222222222222,"LKA",NA,NA,NA,NA
"303","Tuberculosis",2019,42,19.6666666666667,"LKA",NA,NA,NA,NA
"304","Tuberculosis",2019,43,24.2222222222222,"LKA",NA,NA,NA,NA
"305","Tuberculosis",2019,44,16.5555555555556,"LKA",NA,NA,NA,NA
"306","Tuberculosis",2019,45,13.7777777777778,"LKA",NA,NA,NA,NA
"307","Tuberculosis",2019,46,28,"LKA",NA,NA,NA,NA
"308","Tuberculosis",2019,47,6.44444444444444,"LKA",NA,NA,NA,NA
"309","Tuberculosis",2019,48,12.3333333333333,"LKA",NA,NA,NA,NA
"310","Tuberculosis",2019,49,17.7777777777778,"LKA",NA,NA,NA,NA
"311","Tuberculosis",2019,50,29.7777777777778,"LKA",NA,NA,NA,NA
"312","Tuberculosis",2019,51,6.88888888888889,"LKA",NA,NA,NA,NA
"313","Tuberculosis",2019,52,10,"LKA",NA,NA,NA,NA
"314","Tuberculosis",2020,1,24.8888888888889,"LKA",NA,NA,NA,NA
"315","Tuberculosis",2020,2,18.7777777777778,"LKA",NA,NA,NA,NA
"316","Tuberculosis",2020,3,19.1111111111111,"LKA",NA,NA,NA,NA
"317","Tuberculosis",2020,4,16.1111111111111,"LKA",NA,NA,NA,NA
"318","Tuberculosis",2020,5,18.6666666666667,"LKA",NA,NA,NA,NA
"319","Tuberculosis",2020,6,16,"LKA",NA,NA,NA,NA
"320","Tuberculosis",2020,7,11.5555555555556,"LKA",NA,NA,NA,NA
