"","Disease","EpiYear","EpiWeek","Incidence","ADM0","ADM1","ADM2","NA","NA"
"1","Rabies",2014,1,0,"LKA",NA,NA,NA,NA
"2","Rabies",2014,2,0,"LKA",NA,NA,NA,NA
"3","Rabies",2014,3,0,"LKA",NA,NA,NA,NA
"4","Rabies",2014,4,0,"LKA",NA,NA,NA,NA
"5","Rabies",2014,5,0,"LKA",NA,NA,NA,NA
"6","Rabies",2014,6,0,"LKA",NA,NA,NA,NA
"7","Rabies",2014,7,0,"LKA",NA,NA,NA,NA
"8","Rabies",2014,8,0,"LKA",NA,NA,NA,NA
"9","Rabies",2014,9,0,"LKA",NA,NA,NA,NA
"10","Rabies",2014,10,0,"LKA",NA,NA,NA,NA
"11","Rabies",2014,11,0,"LKA",NA,NA,NA,NA
"12","Rabies",2014,12,0,"LKA",NA,NA,NA,NA
"13","Rabies",2014,13,0,"LKA",NA,NA,NA,NA
"14","Rabies",2014,14,0,"LKA",NA,NA,NA,NA
"15","Rabies",2014,15,0,"LKA",NA,NA,NA,NA
"16","Rabies",2014,16,0,"LKA",NA,NA,NA,NA
"17","Rabies",2014,17,0.0384615384615385,"LKA",NA,NA,NA,NA
"18","Rabies",2014,18,0,"LKA",NA,NA,NA,NA
"19","Rabies",2014,19,0.0384615384615385,"LKA",NA,NA,NA,NA
"20","Rabies",2014,20,0.0769230769230769,"LKA",NA,NA,NA,NA
"21","Rabies",2014,21,0,"LKA",NA,NA,NA,NA
"22","Rabies",2014,22,0,"LKA",NA,NA,NA,NA
"23","Rabies",2014,23,0.0384615384615385,"LKA",NA,NA,NA,NA
"24","Rabies",2014,24,0.0384615384615385,"LKA",NA,NA,NA,NA
"25","Rabies",2014,25,0,"LKA",NA,NA,NA,NA
"26","Rabies",2014,26,0.0384615384615385,"LKA",NA,NA,NA,NA
"27","Rabies",2014,27,0,"LKA",NA,NA,NA,NA
"28","Rabies",2014,28,0,"LKA",NA,NA,NA,NA
"29","Rabies",2014,29,0,"LKA",NA,NA,NA,NA
"30","Rabies",2014,30,0,"LKA",NA,NA,NA,NA
"31","Rabies",2014,31,0,"LKA",NA,NA,NA,NA
"32","Rabies",2014,32,0,"LKA",NA,NA,NA,NA
"33","Rabies",2014,33,0,"LKA",NA,NA,NA,NA
"34","Rabies",2014,34,0,"LKA",NA,NA,NA,NA
"35","Rabies",2014,35,0,"LKA",NA,NA,NA,NA
"36","Rabies",2014,36,0.0769230769230769,"LKA",NA,NA,NA,NA
"37","Rabies",2014,37,0,"LKA",NA,NA,NA,NA
"38","Rabies",2014,38,0,"LKA",NA,NA,NA,NA
"39","Rabies",2014,39,0,"LKA",NA,NA,NA,NA
"40","Rabies",2014,40,0.0384615384615385,"LKA",NA,NA,NA,NA
"41","Rabies",2014,41,0,"LKA",NA,NA,NA,NA
"42","Rabies",2014,42,0,"LKA",NA,NA,NA,NA
"43","Rabies",2014,43,0,"LKA",NA,NA,NA,NA
"44","Rabies",2014,44,0,"LKA",NA,NA,NA,NA
"45","Rabies",2014,45,0.0384615384615385,"LKA",NA,NA,NA,NA
"46","Rabies",2014,46,0,"LKA",NA,NA,NA,NA
"47","Rabies",2014,47,0,"LKA",NA,NA,NA,NA
"48","Rabies",2014,48,0,"LKA",NA,NA,NA,NA
"49","Rabies",2014,49,0.0384615384615385,"LKA",NA,NA,NA,NA
"50","Rabies",2014,50,0,"LKA",NA,NA,NA,NA
"51","Rabies",2014,51,0,"LKA",NA,NA,NA,NA
"52","Rabies",2014,52,0.0384615384615385,"LKA",NA,NA,NA,NA
"53","Rabies",2015,1,0,"LKA",NA,NA,NA,NA
"54","Rabies",2015,2,0,"LKA",NA,NA,NA,NA
"55","Rabies",2015,3,0,"LKA",NA,NA,NA,NA
"56","Rabies",2015,4,0,"LKA",NA,NA,NA,NA
"57","Rabies",2015,5,0.0384615384615385,"LKA",NA,NA,NA,NA
"58","Rabies",2015,6,0,"LKA",NA,NA,NA,NA
"59","Rabies",2015,7,0.0384615384615385,"LKA",NA,NA,NA,NA
"60","Rabies",2015,8,0,"LKA",NA,NA,NA,NA
"61","Rabies",2015,9,0,"LKA",NA,NA,NA,NA
"62","Rabies",2015,10,0,"LKA",NA,NA,NA,NA
"63","Rabies",2015,11,0,"LKA",NA,NA,NA,NA
"64","Rabies",2015,12,0,"LKA",NA,NA,NA,NA
"65","Rabies",2015,13,0.0769230769230769,"LKA",NA,NA,NA,NA
"66","Rabies",2015,14,0.0769230769230769,"LKA",NA,NA,NA,NA
"67","Rabies",2015,15,0,"LKA",NA,NA,NA,NA
"68","Rabies",2015,16,0,"LKA",NA,NA,NA,NA
"69","Rabies",2015,17,0,"LKA",NA,NA,NA,NA
"70","Rabies",2015,18,0,"LKA",NA,NA,NA,NA
"71","Rabies",2015,19,0,"LKA",NA,NA,NA,NA
"72","Rabies",2015,20,0.0384615384615385,"LKA",NA,NA,NA,NA
"73","Rabies",2015,21,0,"LKA",NA,NA,NA,NA
"74","Rabies",2015,22,0.0384615384615385,"LKA",NA,NA,NA,NA
"75","Rabies",2015,23,0,"LKA",NA,NA,NA,NA
"76","Rabies",2015,24,0.0384615384615385,"LKA",NA,NA,NA,NA
"77","Rabies",2015,25,0,"LKA",NA,NA,NA,NA
"78","Rabies",2015,26,0,"LKA",NA,NA,NA,NA
"79","Rabies",2015,27,0.0384615384615385,"LKA",NA,NA,NA,NA
"80","Rabies",2015,28,0,"LKA",NA,NA,NA,NA
"81","Rabies",2015,29,0,"LKA",NA,NA,NA,NA
"82","Rabies",2015,30,0,"LKA",NA,NA,NA,NA
"83","Rabies",2015,31,0.0384615384615385,"LKA",NA,NA,NA,NA
"84","Rabies",2015,32,0,"LKA",NA,NA,NA,NA
"85","Rabies",2015,33,0,"LKA",NA,NA,NA,NA
"86","Rabies",2015,34,0.0769230769230769,"LKA",NA,NA,NA,NA
"87","Rabies",2015,35,0,"LKA",NA,NA,NA,NA
"88","Rabies",2015,36,0,"LKA",NA,NA,NA,NA
"89","Rabies",2015,37,0,"LKA",NA,NA,NA,NA
"90","Rabies",2015,38,0,"LKA",NA,NA,NA,NA
"91","Rabies",2015,39,0,"LKA",NA,NA,NA,NA
"92","Rabies",2015,40,0.0384615384615385,"LKA",NA,NA,NA,NA
"93","Rabies",2015,41,0,"LKA",NA,NA,NA,NA
"94","Rabies",2015,42,0.0384615384615385,"LKA",NA,NA,NA,NA
"95","Rabies",2015,43,0,"LKA",NA,NA,NA,NA
"96","Rabies",2015,44,0.0384615384615385,"LKA",NA,NA,NA,NA
"97","Rabies",2015,45,0,"LKA",NA,NA,NA,NA
"98","Rabies",2015,46,0.0384615384615385,"LKA",NA,NA,NA,NA
"99","Rabies",2015,47,0,"LKA",NA,NA,NA,NA
"100","Rabies",2015,48,0.0384615384615385,"LKA",NA,NA,NA,NA
"101","Rabies",2015,49,0,"LKA",NA,NA,NA,NA
"102","Rabies",2015,50,0.0769230769230769,"LKA",NA,NA,NA,NA
"103","Rabies",2015,51,0.0384615384615385,"LKA",NA,NA,NA,NA
"104","Rabies",2015,52,0,"LKA",NA,NA,NA,NA
"105","Rabies",2016,1,0,"LKA",NA,NA,NA,NA
"106","Rabies",2016,2,0,"LKA",NA,NA,NA,NA
"107","Rabies",2016,3,0,"LKA",NA,NA,NA,NA
"108","Rabies",2016,4,0,"LKA",NA,NA,NA,NA
"109","Rabies",2016,5,0,"LKA",NA,NA,NA,NA
"110","Rabies",2016,6,0.0384615384615385,"LKA",NA,NA,NA,NA
"111","Rabies",2016,7,0.0384615384615385,"LKA",NA,NA,NA,NA
"112","Rabies",2016,8,0.0769230769230769,"LKA",NA,NA,NA,NA
"113","Rabies",2016,9,0.0384615384615385,"LKA",NA,NA,NA,NA
"114","Rabies",2016,10,0,"LKA",NA,NA,NA,NA
"115","Rabies",2016,11,0,"LKA",NA,NA,NA,NA
"116","Rabies",2016,12,0,"LKA",NA,NA,NA,NA
"117","Rabies",2016,13,0,"LKA",NA,NA,NA,NA
"118","Rabies",2016,14,0,"LKA",NA,NA,NA,NA
"119","Rabies",2016,15,0,"LKA",NA,NA,NA,NA
"120","Rabies",2016,16,0,"LKA",NA,NA,NA,NA
"121","Rabies",2016,17,0.0384615384615385,"LKA",NA,NA,NA,NA
"122","Rabies",2016,18,0,"LKA",NA,NA,NA,NA
"123","Rabies",2016,19,0,"LKA",NA,NA,NA,NA
"124","Rabies",2016,20,0,"LKA",NA,NA,NA,NA
"125","Rabies",2016,21,0,"LKA",NA,NA,NA,NA
"126","Rabies",2016,22,0,"LKA",NA,NA,NA,NA
"127","Rabies",2016,23,0,"LKA",NA,NA,NA,NA
"128","Rabies",2016,24,0,"LKA",NA,NA,NA,NA
"129","Rabies",2016,25,0,"LKA",NA,NA,NA,NA
"130","Rabies",2016,26,0,"LKA",NA,NA,NA,NA
"131","Rabies",2016,27,0,"LKA",NA,NA,NA,NA
"132","Rabies",2016,28,0,"LKA",NA,NA,NA,NA
"133","Rabies",2016,29,0,"LKA",NA,NA,NA,NA
"134","Rabies",2016,30,0,"LKA",NA,NA,NA,NA
"135","Rabies",2016,31,0,"LKA",NA,NA,NA,NA
"136","Rabies",2016,32,0,"LKA",NA,NA,NA,NA
"137","Rabies",2016,33,0,"LKA",NA,NA,NA,NA
"138","Rabies",2016,34,0.0384615384615385,"LKA",NA,NA,NA,NA
"139","Rabies",2016,35,0,"LKA",NA,NA,NA,NA
"140","Rabies",2016,36,0.0384615384615385,"LKA",NA,NA,NA,NA
"141","Rabies",2016,37,0,"LKA",NA,NA,NA,NA
"142","Rabies",2016,38,0,"LKA",NA,NA,NA,NA
"143","Rabies",2016,39,0,"LKA",NA,NA,NA,NA
"144","Rabies",2016,40,0.0769230769230769,"LKA",NA,NA,NA,NA
"145","Rabies",2016,41,0,"LKA",NA,NA,NA,NA
"146","Rabies",2016,42,0,"LKA",NA,NA,NA,NA
"147","Rabies",2016,43,0,"LKA",NA,NA,NA,NA
"148","Rabies",2016,44,0.0384615384615385,"LKA",NA,NA,NA,NA
"149","Rabies",2016,45,0.0384615384615385,"LKA",NA,NA,NA,NA
"150","Rabies",2016,46,0,"LKA",NA,NA,NA,NA
"151","Rabies",2016,47,0.0384615384615385,"LKA",NA,NA,NA,NA
"152","Rabies",2016,48,0,"LKA",NA,NA,NA,NA
"153","Rabies",2016,49,0.0769230769230769,"LKA",NA,NA,NA,NA
"154","Rabies",2016,50,0.0384615384615385,"LKA",NA,NA,NA,NA
"155","Rabies",2016,51,0.0384615384615385,"LKA",NA,NA,NA,NA
"156","Rabies",2016,52,0,"LKA",NA,NA,NA,NA
"157","Rabies",2016,53,0,"LKA",NA,NA,NA,NA
"158","Rabies",2017,1,0.0384615384615385,"LKA",NA,NA,NA,NA
"159","Rabies",2017,2,0,"LKA",NA,NA,NA,NA
"160","Rabies",2017,3,0,"LKA",NA,NA,NA,NA
"161","Rabies",2017,4,0.0384615384615385,"LKA",NA,NA,NA,NA
"162","Rabies",2017,5,0,"LKA",NA,NA,NA,NA
"163","Rabies",2017,6,0,"LKA",NA,NA,NA,NA
"164","Rabies",2017,7,0.0384615384615385,"LKA",NA,NA,NA,NA
"165","Rabies",2017,8,0.0384615384615385,"LKA",NA,NA,NA,NA
"166","Rabies",2017,9,0.5,"LKA",NA,NA,NA,NA
"167","Rabies",2017,10,0,"LKA",NA,NA,NA,NA
"168","Rabies",2017,11,0.0384615384615385,"LKA",NA,NA,NA,NA
"169","Rabies",2017,12,0,"LKA",NA,NA,NA,NA
"170","Rabies",2017,13,0,"LKA",NA,NA,NA,NA
"171","Rabies",2017,14,0.0384615384615385,"LKA",NA,NA,NA,NA
"172","Rabies",2017,15,0.0384615384615385,"LKA",NA,NA,NA,NA
"173","Rabies",2017,16,0,"LKA",NA,NA,NA,NA
"174","Rabies",2017,17,0.0384615384615385,"LKA",NA,NA,NA,NA
"175","Rabies",2017,18,0,"LKA",NA,NA,NA,NA
"176","Rabies",2017,19,0,"LKA",NA,NA,NA,NA
"177","Rabies",2017,20,0,"LKA",NA,NA,NA,NA
"178","Rabies",2017,21,0.0384615384615385,"LKA",NA,NA,NA,NA
"179","Rabies",2017,22,0,"LKA",NA,NA,NA,NA
"180","Rabies",2017,23,0.0384615384615385,"LKA",NA,NA,NA,NA
"181","Rabies",2017,24,0,"LKA",NA,NA,NA,NA
"182","Rabies",2017,25,0,"LKA",NA,NA,NA,NA
"183","Rabies",2017,26,0,"LKA",NA,NA,NA,NA
"184","Rabies",2017,27,0,"LKA",NA,NA,NA,NA
"185","Rabies",2017,28,0,"LKA",NA,NA,NA,NA
"186","Rabies",2017,29,0.0384615384615385,"LKA",NA,NA,NA,NA
"187","Rabies",2017,30,0.0384615384615385,"LKA",NA,NA,NA,NA
"188","Rabies",2017,31,0,"LKA",NA,NA,NA,NA
"189","Rabies",2017,32,0,"LKA",NA,NA,NA,NA
"190","Rabies",2017,33,0.0384615384615385,"LKA",NA,NA,NA,NA
"191","Rabies",2017,34,0,"LKA",NA,NA,NA,NA
"192","Rabies",2017,35,0.0384615384615385,"LKA",NA,NA,NA,NA
"193","Rabies",2017,36,0,"LKA",NA,NA,NA,NA
"194","Rabies",2017,37,0,"LKA",NA,NA,NA,NA
"195","Rabies",2017,38,0,"LKA",NA,NA,NA,NA
"196","Rabies",2017,39,0,"LKA",NA,NA,NA,NA
"197","Rabies",2017,40,0.0384615384615385,"LKA",NA,NA,NA,NA
"198","Rabies",2017,41,0,"LKA",NA,NA,NA,NA
"199","Rabies",2017,42,0.0384615384615385,"LKA",NA,NA,NA,NA
"200","Rabies",2017,43,0.0384615384615385,"LKA",NA,NA,NA,NA
"201","Rabies",2017,44,0.0769230769230769,"LKA",NA,NA,NA,NA
"202","Rabies",2017,45,0,"LKA",NA,NA,NA,NA
"203","Rabies",2017,46,0.0384615384615385,"LKA",NA,NA,NA,NA
"204","Rabies",2017,47,0,"LKA",NA,NA,NA,NA
"205","Rabies",2017,48,0,"LKA",NA,NA,NA,NA
"206","Rabies",2017,49,0,"LKA",NA,NA,NA,NA
"207","Rabies",2017,50,0,"LKA",NA,NA,NA,NA
"208","Rabies",2017,51,0.0384615384615385,"LKA",NA,NA,NA,NA
"209","Rabies",2017,52,0,"LKA",NA,NA,NA,NA
"210","Rabies",2018,1,0.0384615384615385,"LKA",NA,NA,NA,NA
"211","Rabies",2018,2,0.0384615384615385,"LKA",NA,NA,NA,NA
"212","Rabies",2018,3,0,"LKA",NA,NA,NA,NA
"213","Rabies",2018,4,0.0384615384615385,"LKA",NA,NA,NA,NA
"214","Rabies",2018,5,0,"LKA",NA,NA,NA,NA
"215","Rabies",2018,6,0,"LKA",NA,NA,NA,NA
"216","Rabies",2018,7,0.0384615384615385,"LKA",NA,NA,NA,NA
"217","Rabies",2018,8,0,"LKA",NA,NA,NA,NA
"218","Rabies",2018,9,0.0769230769230769,"LKA",NA,NA,NA,NA
"219","Rabies",2018,10,0.0384615384615385,"LKA",NA,NA,NA,NA
"220","Rabies",2018,11,0,"LKA",NA,NA,NA,NA
"221","Rabies",2018,12,0,"LKA",NA,NA,NA,NA
"222","Rabies",2018,13,0,"LKA",NA,NA,NA,NA
"223","Rabies",2018,14,0,"LKA",NA,NA,NA,NA
"224","Rabies",2018,15,0,"LKA",NA,NA,NA,NA
"225","Rabies",2018,16,0,"LKA",NA,NA,NA,NA
"226","Rabies",2018,17,0,"LKA",NA,NA,NA,NA
"227","Rabies",2018,18,0,"LKA",NA,NA,NA,NA
"228","Rabies",2018,19,0.0384615384615385,"LKA",NA,NA,NA,NA
"229","Rabies",2018,20,0.0384615384615385,"LKA",NA,NA,NA,NA
"230","Rabies",2018,21,0,"LKA",NA,NA,NA,NA
"231","Rabies",2018,22,0.0384615384615385,"LKA",NA,NA,NA,NA
"232","Rabies",2018,23,0.0384615384615385,"LKA",NA,NA,NA,NA
"233","Rabies",2018,24,0.0769230769230769,"LKA",NA,NA,NA,NA
"234","Rabies",2018,25,0,"LKA",NA,NA,NA,NA
"235","Rabies",2018,26,0,"LKA",NA,NA,NA,NA
"236","Rabies",2018,27,0,"LKA",NA,NA,NA,NA
"237","Rabies",2018,28,0.0769230769230769,"LKA",NA,NA,NA,NA
"238","Rabies",2018,29,0,"LKA",NA,NA,NA,NA
"239","Rabies",2018,30,0,"LKA",NA,NA,NA,NA
"240","Rabies",2018,31,0,"LKA",NA,NA,NA,NA
"241","Rabies",2018,32,0,"LKA",NA,NA,NA,NA
"242","Rabies",2018,33,0,"LKA",NA,NA,NA,NA
"243","Rabies",2018,34,0,"LKA",NA,NA,NA,NA
"244","Rabies",2018,35,0.0769230769230769,"LKA",NA,NA,NA,NA
"245","Rabies",2018,36,0.0384615384615385,"LKA",NA,NA,NA,NA
"246","Rabies",2018,37,0,"LKA",NA,NA,NA,NA
"247","Rabies",2018,38,0.0384615384615385,"LKA",NA,NA,NA,NA
"248","Rabies",2018,39,0,"LKA",NA,NA,NA,NA
"249","Rabies",2018,40,0,"LKA",NA,NA,NA,NA
"250","Rabies",2018,41,0.0384615384615385,"LKA",NA,NA,NA,NA
"251","Rabies",2018,42,0,"LKA",NA,NA,NA,NA
"252","Rabies",2018,43,0,"LKA",NA,NA,NA,NA
"253","Rabies",2018,44,0,"LKA",NA,NA,NA,NA
"254","Rabies",2018,45,0,"LKA",NA,NA,NA,NA
"255","Rabies",2018,46,0,"LKA",NA,NA,NA,NA
"256","Rabies",2018,47,0,"LKA",NA,NA,NA,NA
"257","Rabies",2018,48,0,"LKA",NA,NA,NA,NA
"258","Rabies",2018,49,0.0384615384615385,"LKA",NA,NA,NA,NA
"259","Rabies",2018,50,0,"LKA",NA,NA,NA,NA
"260","Rabies",2018,51,0,"LKA",NA,NA,NA,NA
"261","Rabies",2018,52,0,"LKA",NA,NA,NA,NA
"262","Rabies",2019,1,0.0384615384615385,"LKA",NA,NA,NA,NA
"263","Rabies",2019,2,0.0769230769230769,"LKA",NA,NA,NA,NA
"264","Rabies",2019,3,0,"LKA",NA,NA,NA,NA
"265","Rabies",2019,4,0,"LKA",NA,NA,NA,NA
"266","Rabies",2019,5,0.0384615384615385,"LKA",NA,NA,NA,NA
"267","Rabies",2019,6,0,"LKA",NA,NA,NA,NA
"268","Rabies",2019,7,0,"LKA",NA,NA,NA,NA
"269","Rabies",2019,8,0.0384615384615385,"LKA",NA,NA,NA,NA
"270","Rabies",2019,9,0,"LKA",NA,NA,NA,NA
"271","Rabies",2019,10,0,"LKA",NA,NA,NA,NA
"272","Rabies",2019,11,0,"LKA",NA,NA,NA,NA
"273","Rabies",2019,12,0,"LKA",NA,NA,NA,NA
"274","Rabies",2019,13,0,"LKA",NA,NA,NA,NA
"275","Rabies",2019,14,0.0384615384615385,"LKA",NA,NA,NA,NA
"276","Rabies",2019,15,0,"LKA",NA,NA,NA,NA
"277","Rabies",2019,16,0.0384615384615385,"LKA",NA,NA,NA,NA
"278","Rabies",2019,17,0.0384615384615385,"LKA",NA,NA,NA,NA
"279","Rabies",2019,18,0.0384615384615385,"LKA",NA,NA,NA,NA
"280","Rabies",2019,19,0,"LKA",NA,NA,NA,NA
"281","Rabies",2019,20,0.0384615384615385,"LKA",NA,NA,NA,NA
"282","Rabies",2019,21,0.0384615384615385,"LKA",NA,NA,NA,NA
"283","Rabies",2019,22,0,"LKA",NA,NA,NA,NA
"284","Rabies",2019,24,0,"LKA",NA,NA,NA,NA
"285","Rabies",2019,25,0.115384615384615,"LKA",NA,NA,NA,NA
"286","Rabies",2019,26,0.0384615384615385,"LKA",NA,NA,NA,NA
"287","Rabies",2019,27,0,"LKA",NA,NA,NA,NA
"288","Rabies",2019,28,0,"LKA",NA,NA,NA,NA
"289","Rabies",2019,29,0,"LKA",NA,NA,NA,NA
"290","Rabies",2019,30,0.0384615384615385,"LKA",NA,NA,NA,NA
"291","Rabies",2019,31,0.0384615384615385,"LKA",NA,NA,NA,NA
"292","Rabies",2019,32,0.0384615384615385,"LKA",NA,NA,NA,NA
"293","Rabies",2019,33,0,"LKA",NA,NA,NA,NA
"294","Rabies",2019,34,0.0384615384615385,"LKA",NA,NA,NA,NA
"295","Rabies",2019,35,0,"LKA",NA,NA,NA,NA
"296","Rabies",2019,36,0,"LKA",NA,NA,NA,NA
"297","Rabies",2019,37,0,"LKA",NA,NA,NA,NA
"298","Rabies",2019,38,0,"LKA",NA,NA,NA,NA
"299","Rabies",2019,39,0.0384615384615385,"LKA",NA,NA,NA,NA
"300","Rabies",2019,40,0,"LKA",NA,NA,NA,NA
"301","Rabies",2019,41,0.0384615384615385,"LKA",NA,NA,NA,NA
"302","Rabies",2019,42,0.0384615384615385,"LKA",NA,NA,NA,NA
"303","Rabies",2019,43,0.0384615384615385,"LKA",NA,NA,NA,NA
"304","Rabies",2019,44,0.0384615384615385,"LKA",NA,NA,NA,NA
"305","Rabies",2019,45,0.0384615384615385,"LKA",NA,NA,NA,NA
"306","Rabies",2019,46,0,"LKA",NA,NA,NA,NA
"307","Rabies",2019,47,0.0384615384615385,"LKA",NA,NA,NA,NA
"308","Rabies",2019,48,0,"LKA",NA,NA,NA,NA
"309","Rabies",2019,49,0,"LKA",NA,NA,NA,NA
"310","Rabies",2019,50,0,"LKA",NA,NA,NA,NA
"311","Rabies",2019,51,0,"LKA",NA,NA,NA,NA
"312","Rabies",2019,52,0.0384615384615385,"LKA",NA,NA,NA,NA
"313","Rabies",2020,1,0.0384615384615385,"LKA",NA,NA,NA,NA
"314","Rabies",2020,2,0,"LKA",NA,NA,NA,NA
"315","Rabies",2020,3,0,"LKA",NA,NA,NA,NA
"316","Rabies",2020,4,0,"LKA",NA,NA,NA,NA
"317","Rabies",2020,5,0.0384615384615385,"LKA",NA,NA,NA,NA
"318","Rabies",2020,6,0.0384615384615385,"LKA",NA,NA,NA,NA
"319","Rabies",2020,7,0.0769230769230769,"LKA",NA,NA,NA,NA
