"","Disease","EpiYear","EpiWeek","Incidence","ADM0","ADM1","ADM2","NA","NA"
"1","Scrub Typhus",2015,1,4,"",NA,NA,NA,NA
"2","Scrub Typhus",2015,10,1,"",NA,NA,NA,NA
"3","Scrub Typhus",2015,11,3,"",NA,NA,NA,NA
"4","Scrub Typhus",2015,12,0,"",NA,NA,NA,NA
"5","Scrub Typhus",2015,13,2,"",NA,NA,NA,NA
"6","Scrub Typhus",2015,14,2,"",NA,NA,NA,NA
"7","Scrub Typhus",2015,15,3,"",NA,NA,NA,NA
"8","Scrub Typhus",2015,16,1,"",NA,NA,NA,NA
"9","Scrub Typhus",2015,17,3,"",NA,NA,NA,NA
"10","Scrub Typhus",2015,18,2,"",NA,NA,NA,NA
"11","Scrub Typhus",2015,19,3,"",NA,NA,NA,NA
"12","Scrub Typhus",2015,2,4,"",NA,NA,NA,NA
"13","Scrub Typhus",2015,20,7,"",NA,NA,NA,NA
"14","Scrub Typhus",2015,21,6,"",NA,NA,NA,NA
"15","Scrub Typhus",2015,22,4,"",NA,NA,NA,NA
"16","Scrub Typhus",2015,23,8,"",NA,NA,NA,NA
"17","Scrub Typhus",2015,24,8,"",NA,NA,NA,NA
"18","Scrub Typhus",2015,25,8,"",NA,NA,NA,NA
"19","Scrub Typhus",2015,26,8,"",NA,NA,NA,NA
"20","Scrub Typhus",2015,27,21,"",NA,NA,NA,NA
"21","Scrub Typhus",2015,28,15,"",NA,NA,NA,NA
"22","Scrub Typhus",2015,29,25,"",NA,NA,NA,NA
"23","Scrub Typhus",2015,3,11,"",NA,NA,NA,NA
"24","Scrub Typhus",2015,30,16,"",NA,NA,NA,NA
"25","Scrub Typhus",2015,31,15,"",NA,NA,NA,NA
"26","Scrub Typhus",2015,32,10,"",NA,NA,NA,NA
"27","Scrub Typhus",2015,33,7,"",NA,NA,NA,NA
"28","Scrub Typhus",2015,34,4,"",NA,NA,NA,NA
"29","Scrub Typhus",2015,35,13,"",NA,NA,NA,NA
"30","Scrub Typhus",2015,36,6,"",NA,NA,NA,NA
"31","Scrub Typhus",2015,37,0,"",NA,NA,NA,NA
"32","Scrub Typhus",2015,38,14,"",NA,NA,NA,NA
"33","Scrub Typhus",2015,39,8,"",NA,NA,NA,NA
"34","Scrub Typhus",2015,4,7,"",NA,NA,NA,NA
"35","Scrub Typhus",2015,40,6,"",NA,NA,NA,NA
"36","Scrub Typhus",2015,41,12,"",NA,NA,NA,NA
"37","Scrub Typhus",2015,42,19,"",NA,NA,NA,NA
"38","Scrub Typhus",2015,43,21,"",NA,NA,NA,NA
"39","Scrub Typhus",2015,44,17,"",NA,NA,NA,NA
"40","Scrub Typhus",2015,45,26,"",NA,NA,NA,NA
"41","Scrub Typhus",2015,46,18,"",NA,NA,NA,NA
"42","Scrub Typhus",2015,47,16,"",NA,NA,NA,NA
"43","Scrub Typhus",2015,48,19,"",NA,NA,NA,NA
"44","Scrub Typhus",2015,49,23,"",NA,NA,NA,NA
"45","Scrub Typhus",2015,5,7,"",NA,NA,NA,NA
"46","Scrub Typhus",2015,50,11,"",NA,NA,NA,NA
"47","Scrub Typhus",2015,51,13,"",NA,NA,NA,NA
"48","Scrub Typhus",2015,52,2,"",NA,NA,NA,NA
"49","Scrub Typhus",2015,6,9,"",NA,NA,NA,NA
"50","Scrub Typhus",2015,7,3,"",NA,NA,NA,NA
"51","Scrub Typhus",2015,8,0,"",NA,NA,NA,NA
"52","Scrub Typhus",2015,9,2,"",NA,NA,NA,NA
"53","Scrub Typhus",2016,1,12,"",NA,NA,NA,NA
"54","Scrub Typhus",2016,10,0,"",NA,NA,NA,NA
"55","Scrub Typhus",2016,11,0,"",NA,NA,NA,NA
"56","Scrub Typhus",2016,12,0,"",NA,NA,NA,NA
"57","Scrub Typhus",2016,13,1,"",NA,NA,NA,NA
"58","Scrub Typhus",2016,14,0,"",NA,NA,NA,NA
"59","Scrub Typhus",2016,15,0,"",NA,NA,NA,NA
"60","Scrub Typhus",2016,16,2,"",NA,NA,NA,NA
"61","Scrub Typhus",2016,17,2,"",NA,NA,NA,NA
"62","Scrub Typhus",2016,18,5,"",NA,NA,NA,NA
"63","Scrub Typhus",2016,19,11,"",NA,NA,NA,NA
"64","Scrub Typhus",2016,2,12,"",NA,NA,NA,NA
"65","Scrub Typhus",2016,20,14,"",NA,NA,NA,NA
"66","Scrub Typhus",2016,21,27,"",NA,NA,NA,NA
"67","Scrub Typhus",2016,22,19,"",NA,NA,NA,NA
"68","Scrub Typhus",2016,23,13,"",NA,NA,NA,NA
"69","Scrub Typhus",2016,24,20,"",NA,NA,NA,NA
"70","Scrub Typhus",2016,25,19,"",NA,NA,NA,NA
"71","Scrub Typhus",2016,26,23,"",NA,NA,NA,NA
"72","Scrub Typhus",2016,27,17,"",NA,NA,NA,NA
"73","Scrub Typhus",2016,28,12,"",NA,NA,NA,NA
"74","Scrub Typhus",2016,29,12,"",NA,NA,NA,NA
"75","Scrub Typhus",2016,3,14,"",NA,NA,NA,NA
"76","Scrub Typhus",2016,30,14,"",NA,NA,NA,NA
"77","Scrub Typhus",2016,31,9,"",NA,NA,NA,NA
"78","Scrub Typhus",2016,32,6,"",NA,NA,NA,NA
"79","Scrub Typhus",2016,33,8,"",NA,NA,NA,NA
"80","Scrub Typhus",2016,34,5,"",NA,NA,NA,NA
"81","Scrub Typhus",2016,35,5,"",NA,NA,NA,NA
"82","Scrub Typhus",2016,36,6,"",NA,NA,NA,NA
"83","Scrub Typhus",2016,37,2,"",NA,NA,NA,NA
"84","Scrub Typhus",2016,38,12,"",NA,NA,NA,NA
"85","Scrub Typhus",2016,39,7,"",NA,NA,NA,NA
"86","Scrub Typhus",2016,4,2,"",NA,NA,NA,NA
"87","Scrub Typhus",2016,40,9,"",NA,NA,NA,NA
"88","Scrub Typhus",2016,41,9,"",NA,NA,NA,NA
"89","Scrub Typhus",2016,42,22,"",NA,NA,NA,NA
"90","Scrub Typhus",2016,43,10,"",NA,NA,NA,NA
"91","Scrub Typhus",2016,44,14,"",NA,NA,NA,NA
"92","Scrub Typhus",2016,45,21,"",NA,NA,NA,NA
"93","Scrub Typhus",2016,46,15,"",NA,NA,NA,NA
"94","Scrub Typhus",2016,47,11,"",NA,NA,NA,NA
"95","Scrub Typhus",2016,48,10,"",NA,NA,NA,NA
"96","Scrub Typhus",2016,49,20,"",NA,NA,NA,NA
"97","Scrub Typhus",2016,5,6,"",NA,NA,NA,NA
"98","Scrub Typhus",2016,50,9,"",NA,NA,NA,NA
"99","Scrub Typhus",2016,51,5,"",NA,NA,NA,NA
"100","Scrub Typhus",2016,52,9,"",NA,NA,NA,NA
"101","Scrub Typhus",2016,6,1,"",NA,NA,NA,NA
"102","Scrub Typhus",2016,7,1,"",NA,NA,NA,NA
"103","Scrub Typhus",2016,8,2,"",NA,NA,NA,NA
"104","Scrub Typhus",2016,9,2,"",NA,NA,NA,NA
"105","Scrub Typhus",2017,1,6,"",NA,NA,NA,NA
"106","Scrub Typhus",2017,10,8,"",NA,NA,NA,NA
"107","Scrub Typhus",2017,11,3,"",NA,NA,NA,NA
"108","Scrub Typhus",2017,12,4,"",NA,NA,NA,NA
"109","Scrub Typhus",2017,13,0,"",NA,NA,NA,NA
"110","Scrub Typhus",2017,14,2,"",NA,NA,NA,NA
"111","Scrub Typhus",2017,15,5,"",NA,NA,NA,NA
"112","Scrub Typhus",2017,16,0,"",NA,NA,NA,NA
"113","Scrub Typhus",2017,17,4,"",NA,NA,NA,NA
"114","Scrub Typhus",2017,18,4,"",NA,NA,NA,NA
"115","Scrub Typhus",2017,19,4,"",NA,NA,NA,NA
"116","Scrub Typhus",2017,2,8,"",NA,NA,NA,NA
"117","Scrub Typhus",2017,20,6,"",NA,NA,NA,NA
"118","Scrub Typhus",2017,21,7,"",NA,NA,NA,NA
"119","Scrub Typhus",2017,22,4,"",NA,NA,NA,NA
"120","Scrub Typhus",2017,23,13,"",NA,NA,NA,NA
"121","Scrub Typhus",2017,24,12,"",NA,NA,NA,NA
"122","Scrub Typhus",2017,25,20,"",NA,NA,NA,NA
"123","Scrub Typhus",2017,26,14,"",NA,NA,NA,NA
"124","Scrub Typhus",2017,27,13,"",NA,NA,NA,NA
"125","Scrub Typhus",2017,28,10,"",NA,NA,NA,NA
"126","Scrub Typhus",2017,29,25,"",NA,NA,NA,NA
"127","Scrub Typhus",2017,3,9,"",NA,NA,NA,NA
"128","Scrub Typhus",2017,30,17,"",NA,NA,NA,NA
"129","Scrub Typhus",2017,31,14,"",NA,NA,NA,NA
"130","Scrub Typhus",2017,32,13,"",NA,NA,NA,NA
"131","Scrub Typhus",2017,33,9,"",NA,NA,NA,NA
"132","Scrub Typhus",2017,34,6,"",NA,NA,NA,NA
"133","Scrub Typhus",2017,35,15,"",NA,NA,NA,NA
"134","Scrub Typhus",2017,36,4,"",NA,NA,NA,NA
"135","Scrub Typhus",2017,37,12,"",NA,NA,NA,NA
"136","Scrub Typhus",2017,38,6,"",NA,NA,NA,NA
"137","Scrub Typhus",2017,39,12,"",NA,NA,NA,NA
"138","Scrub Typhus",2017,4,2,"",NA,NA,NA,NA
"139","Scrub Typhus",2017,40,6,"",NA,NA,NA,NA
"140","Scrub Typhus",2017,41,7,"",NA,NA,NA,NA
"141","Scrub Typhus",2017,42,14,"",NA,NA,NA,NA
"142","Scrub Typhus",2017,43,7,"",NA,NA,NA,NA
"143","Scrub Typhus",2017,44,9,"",NA,NA,NA,NA
"144","Scrub Typhus",2017,45,6,"",NA,NA,NA,NA
"145","Scrub Typhus",2017,46,3,"",NA,NA,NA,NA
"146","Scrub Typhus",2017,47,1,"",NA,NA,NA,NA
"147","Scrub Typhus",2017,48,7,"",NA,NA,NA,NA
"148","Scrub Typhus",2017,49,4,"",NA,NA,NA,NA
"149","Scrub Typhus",2017,5,3,"",NA,NA,NA,NA
"150","Scrub Typhus",2017,50,7,"",NA,NA,NA,NA
"151","Scrub Typhus",2017,51,7,"",NA,NA,NA,NA
"152","Scrub Typhus",2017,52,5,"",NA,NA,NA,NA
"153","Scrub Typhus",2017,6,0,"",NA,NA,NA,NA
"154","Scrub Typhus",2017,7,13,"",NA,NA,NA,NA
"155","Scrub Typhus",2017,8,12,"",NA,NA,NA,NA
"156","Scrub Typhus",2017,9,3,"",NA,NA,NA,NA
"157","Scrub Typhus",2018,1,5,"",NA,NA,NA,NA
"158","Scrub Typhus",2018,10,1,"",NA,NA,NA,NA
"159","Scrub Typhus",2018,11,1,"",NA,NA,NA,NA
"160","Scrub Typhus",2018,12,3,"",NA,NA,NA,NA
"161","Scrub Typhus",2018,13,1,"",NA,NA,NA,NA
"162","Scrub Typhus",2018,14,0,"",NA,NA,NA,NA
"163","Scrub Typhus",2018,15,2,"",NA,NA,NA,NA
"164","Scrub Typhus",2018,16,0,"",NA,NA,NA,NA
"165","Scrub Typhus",2018,17,4,"",NA,NA,NA,NA
"166","Scrub Typhus",2018,18,0,"",NA,NA,NA,NA
"167","Scrub Typhus",2018,19,0,"",NA,NA,NA,NA
"168","Scrub Typhus",2018,2,7,"",NA,NA,NA,NA
"169","Scrub Typhus",2018,20,7,"",NA,NA,NA,NA
"170","Scrub Typhus",2018,21,6,"",NA,NA,NA,NA
"171","Scrub Typhus",2018,22,9,"",NA,NA,NA,NA
"172","Scrub Typhus",2018,23,3,"",NA,NA,NA,NA
"173","Scrub Typhus",2018,24,12,"",NA,NA,NA,NA
"174","Scrub Typhus",2018,25,7,"",NA,NA,NA,NA
"175","Scrub Typhus",2018,26,5,"",NA,NA,NA,NA
"176","Scrub Typhus",2018,27,8,"",NA,NA,NA,NA
"177","Scrub Typhus",2018,28,6,"",NA,NA,NA,NA
"178","Scrub Typhus",2018,29,9,"",NA,NA,NA,NA
"179","Scrub Typhus",2018,3,9,"",NA,NA,NA,NA
"180","Scrub Typhus",2018,30,16,"",NA,NA,NA,NA
"181","Scrub Typhus",2018,31,14,"",NA,NA,NA,NA
"182","Scrub Typhus",2018,32,15,"",NA,NA,NA,NA
"183","Scrub Typhus",2018,33,10,"",NA,NA,NA,NA
"184","Scrub Typhus",2018,34,10,"",NA,NA,NA,NA
"185","Scrub Typhus",2018,35,9,"",NA,NA,NA,NA
"186","Scrub Typhus",2018,36,12,"",NA,NA,NA,NA
"187","Scrub Typhus",2018,37,5,"",NA,NA,NA,NA
"188","Scrub Typhus",2018,38,3,"",NA,NA,NA,NA
"189","Scrub Typhus",2018,39,3,"",NA,NA,NA,NA
"190","Scrub Typhus",2018,4,12,"",NA,NA,NA,NA
"191","Scrub Typhus",2018,40,4,"",NA,NA,NA,NA
"192","Scrub Typhus",2018,41,11,"",NA,NA,NA,NA
"193","Scrub Typhus",2018,42,11,"",NA,NA,NA,NA
"194","Scrub Typhus",2018,43,6,"",NA,NA,NA,NA
"195","Scrub Typhus",2018,44,19,"",NA,NA,NA,NA
"196","Scrub Typhus",2018,45,3,"",NA,NA,NA,NA
"197","Scrub Typhus",2018,46,9,"",NA,NA,NA,NA
"198","Scrub Typhus",2018,47,10,"",NA,NA,NA,NA
"199","Scrub Typhus",2018,48,5,"",NA,NA,NA,NA
"200","Scrub Typhus",2018,49,5,"",NA,NA,NA,NA
"201","Scrub Typhus",2018,5,19,"",NA,NA,NA,NA
"202","Scrub Typhus",2018,50,9,"",NA,NA,NA,NA
"203","Scrub Typhus",2018,51,7,"",NA,NA,NA,NA
"204","Scrub Typhus",2018,52,9,"",NA,NA,NA,NA
"205","Scrub Typhus",2018,6,0,"",NA,NA,NA,NA
"206","Scrub Typhus",2018,7,9,"",NA,NA,NA,NA
"207","Scrub Typhus",2018,8,5,"",NA,NA,NA,NA
"208","Scrub Typhus",2018,9,6,"",NA,NA,NA,NA
"209","Scrub Typhus",2019,1,6,"",NA,NA,NA,NA
"210","Scrub Typhus",2019,10,3,"",NA,NA,NA,NA
"211","Scrub Typhus",2019,11,2,"",NA,NA,NA,NA
"212","Scrub Typhus",2019,12,0,"",NA,NA,NA,NA
"213","Scrub Typhus",2019,13,0,"",NA,NA,NA,NA
"214","Scrub Typhus",2019,14,0,"",NA,NA,NA,NA
"215","Scrub Typhus",2019,15,2,"",NA,NA,NA,NA
"216","Scrub Typhus",2019,16,2,"",NA,NA,NA,NA
"217","Scrub Typhus",2019,17,1,"",NA,NA,NA,NA
"218","Scrub Typhus",2019,18,1,"",NA,NA,NA,NA
"219","Scrub Typhus",2019,19,0,"",NA,NA,NA,NA
"220","Scrub Typhus",2019,2,13,"",NA,NA,NA,NA
"221","Scrub Typhus",2019,20,0,"",NA,NA,NA,NA
"222","Scrub Typhus",2019,21,0,"",NA,NA,NA,NA
"223","Scrub Typhus",2019,22,6,"",NA,NA,NA,NA
"224","Scrub Typhus",2019,23,7,"",NA,NA,NA,NA
"225","Scrub Typhus",2019,24,5,"",NA,NA,NA,NA
"226","Scrub Typhus",2019,25,13,"",NA,NA,NA,NA
"227","Scrub Typhus",2019,26,22,"",NA,NA,NA,NA
"228","Scrub Typhus",2019,27,22,"",NA,NA,NA,NA
"229","Scrub Typhus",2019,28,15,"",NA,NA,NA,NA
"230","Scrub Typhus",2019,29,9,"",NA,NA,NA,NA
"231","Scrub Typhus",2019,3,7,"",NA,NA,NA,NA
"232","Scrub Typhus",2019,30,15,"",NA,NA,NA,NA
"233","Scrub Typhus",2019,31,13,"",NA,NA,NA,NA
"234","Scrub Typhus",2019,32,8,"",NA,NA,NA,NA
"235","Scrub Typhus",2019,33,14,"",NA,NA,NA,NA
"236","Scrub Typhus",2019,34,11,"",NA,NA,NA,NA
"237","Scrub Typhus",2019,35,12,"",NA,NA,NA,NA
"238","Scrub Typhus",2019,36,12,"",NA,NA,NA,NA
"239","Scrub Typhus",2019,37,5,"",NA,NA,NA,NA
"240","Scrub Typhus",2019,38,21,"",NA,NA,NA,NA
"241","Scrub Typhus",2019,39,72,"",NA,NA,NA,NA
"242","Scrub Typhus",2019,4,15,"",NA,NA,NA,NA
"243","Scrub Typhus",2019,40,12,"",NA,NA,NA,NA
"244","Scrub Typhus",2019,41,8,"",NA,NA,NA,NA
"245","Scrub Typhus",2019,42,14,"",NA,NA,NA,NA
"246","Scrub Typhus",2019,43,32,"",NA,NA,NA,NA
"247","Scrub Typhus",2019,44,9,"",NA,NA,NA,NA
"248","Scrub Typhus",2019,45,11,"",NA,NA,NA,NA
"249","Scrub Typhus",2019,46,7,"",NA,NA,NA,NA
"250","Scrub Typhus",2019,47,7,"",NA,NA,NA,NA
"251","Scrub Typhus",2019,48,0,"",NA,NA,NA,NA
"252","Scrub Typhus",2019,49,0,"",NA,NA,NA,NA
"253","Scrub Typhus",2019,5,5,"",NA,NA,NA,NA
"254","Scrub Typhus",2019,50,0,"",NA,NA,NA,NA
"255","Scrub Typhus",2019,51,0,"",NA,NA,NA,NA
"256","Scrub Typhus",2019,52,0,"",NA,NA,NA,NA
"257","Scrub Typhus",2019,6,0,"",NA,NA,NA,NA
"258","Scrub Typhus",2019,8,8,"",NA,NA,NA,NA
"259","Scrub Typhus",2019,9,4,"",NA,NA,NA,NA
"260","Scrub Typhus",2020,1,5,"",NA,NA,NA,NA
"261","Scrub Typhus",2020,10,3,"",NA,NA,NA,NA
"262","Scrub Typhus",2020,11,4,"",NA,NA,NA,NA
"263","Scrub Typhus",2020,12,3,"",NA,NA,NA,NA
"264","Scrub Typhus",2020,13,6,"",NA,NA,NA,NA
"265","Scrub Typhus",2020,14,1,"",NA,NA,NA,NA
"266","Scrub Typhus",2020,15,1,"",NA,NA,NA,NA
"267","Scrub Typhus",2020,16,0,"",NA,NA,NA,NA
"268","Scrub Typhus",2020,17,7,"",NA,NA,NA,NA
"269","Scrub Typhus",2020,18,2,"",NA,NA,NA,NA
"270","Scrub Typhus",2020,2,8,"",NA,NA,NA,NA
"271","Scrub Typhus",2020,3,9,"",NA,NA,NA,NA
"272","Scrub Typhus",2020,4,1,"",NA,NA,NA,NA
"273","Scrub Typhus",2020,5,0,"",NA,NA,NA,NA
"274","Scrub Typhus",2020,6,10,"",NA,NA,NA,NA
"275","Scrub Typhus",2020,7,4,"",NA,NA,NA,NA
"276","Scrub Typhus",2020,8,3,"",NA,NA,NA,NA
"277","Scrub Typhus",2020,9,2,"",NA,NA,NA,NA
