"","Disease","EpiYear","EpiWeek","Incidence","ADM0","ADM1","ADM2","NA","NA"
"1","Smallpox",2015,1,0,"",NA,NA,NA,NA
"2","Smallpox",2015,10,0,"",NA,NA,NA,NA
"3","Smallpox",2015,11,0,"",NA,NA,NA,NA
"4","Smallpox",2015,12,0,"",NA,NA,NA,NA
"5","Smallpox",2015,13,0,"",NA,NA,NA,NA
"6","Smallpox",2015,14,0,"",NA,NA,NA,NA
"7","Smallpox",2015,15,0,"",NA,NA,NA,NA
"8","Smallpox",2015,16,0,"",NA,NA,NA,NA
"9","Smallpox",2015,17,0,"",NA,NA,NA,NA
"10","Smallpox",2015,18,0,"",NA,NA,NA,NA
"11","Smallpox",2015,19,0,"",NA,NA,NA,NA
"12","Smallpox",2015,2,0,"",NA,NA,NA,NA
"13","Smallpox",2015,20,0,"",NA,NA,NA,NA
"14","Smallpox",2015,21,0,"",NA,NA,NA,NA
"15","Smallpox",2015,22,0,"",NA,NA,NA,NA
"16","Smallpox",2015,23,0,"",NA,NA,NA,NA
"17","Smallpox",2015,24,0,"",NA,NA,NA,NA
"18","Smallpox",2015,25,0,"",NA,NA,NA,NA
"19","Smallpox",2015,26,0,"",NA,NA,NA,NA
"20","Smallpox",2015,27,0,"",NA,NA,NA,NA
"21","Smallpox",2015,28,0,"",NA,NA,NA,NA
"22","Smallpox",2015,29,0,"",NA,NA,NA,NA
"23","Smallpox",2015,3,0,"",NA,NA,NA,NA
"24","Smallpox",2015,30,0,"",NA,NA,NA,NA
"25","Smallpox",2015,31,0,"",NA,NA,NA,NA
"26","Smallpox",2015,32,0,"",NA,NA,NA,NA
"27","Smallpox",2015,33,0,"",NA,NA,NA,NA
"28","Smallpox",2015,34,0,"",NA,NA,NA,NA
"29","Smallpox",2015,35,0,"",NA,NA,NA,NA
"30","Smallpox",2015,36,0,"",NA,NA,NA,NA
"31","Smallpox",2015,37,0,"",NA,NA,NA,NA
"32","Smallpox",2015,38,0,"",NA,NA,NA,NA
"33","Smallpox",2015,39,0,"",NA,NA,NA,NA
"34","Smallpox",2015,4,0,"",NA,NA,NA,NA
"35","Smallpox",2015,40,0,"",NA,NA,NA,NA
"36","Smallpox",2015,41,0,"",NA,NA,NA,NA
"37","Smallpox",2015,42,0,"",NA,NA,NA,NA
"38","Smallpox",2015,43,0,"",NA,NA,NA,NA
"39","Smallpox",2015,44,0,"",NA,NA,NA,NA
"40","Smallpox",2015,45,0,"",NA,NA,NA,NA
"41","Smallpox",2015,46,0,"",NA,NA,NA,NA
"42","Smallpox",2015,47,0,"",NA,NA,NA,NA
"43","Smallpox",2015,48,0,"",NA,NA,NA,NA
"44","Smallpox",2015,49,0,"",NA,NA,NA,NA
"45","Smallpox",2015,5,0,"",NA,NA,NA,NA
"46","Smallpox",2015,50,0,"",NA,NA,NA,NA
"47","Smallpox",2015,51,0,"",NA,NA,NA,NA
"48","Smallpox",2015,52,0,"",NA,NA,NA,NA
"49","Smallpox",2015,6,0,"",NA,NA,NA,NA
"50","Smallpox",2015,7,0,"",NA,NA,NA,NA
"51","Smallpox",2015,8,0,"",NA,NA,NA,NA
"52","Smallpox",2015,9,0,"",NA,NA,NA,NA
"53","Smallpox",2016,1,0,"",NA,NA,NA,NA
"54","Smallpox",2016,10,0,"",NA,NA,NA,NA
"55","Smallpox",2016,11,0,"",NA,NA,NA,NA
"56","Smallpox",2016,12,0,"",NA,NA,NA,NA
"57","Smallpox",2016,13,0,"",NA,NA,NA,NA
"58","Smallpox",2016,14,0,"",NA,NA,NA,NA
"59","Smallpox",2016,15,0,"",NA,NA,NA,NA
"60","Smallpox",2016,16,0,"",NA,NA,NA,NA
"61","Smallpox",2016,17,0,"",NA,NA,NA,NA
"62","Smallpox",2016,18,0,"",NA,NA,NA,NA
"63","Smallpox",2016,19,0,"",NA,NA,NA,NA
"64","Smallpox",2016,2,0,"",NA,NA,NA,NA
"65","Smallpox",2016,20,0,"",NA,NA,NA,NA
"66","Smallpox",2016,21,0,"",NA,NA,NA,NA
"67","Smallpox",2016,22,0,"",NA,NA,NA,NA
"68","Smallpox",2016,23,0,"",NA,NA,NA,NA
"69","Smallpox",2016,24,0,"",NA,NA,NA,NA
"70","Smallpox",2016,25,0,"",NA,NA,NA,NA
"71","Smallpox",2016,26,0,"",NA,NA,NA,NA
"72","Smallpox",2016,27,0,"",NA,NA,NA,NA
"73","Smallpox",2016,28,0,"",NA,NA,NA,NA
"74","Smallpox",2016,29,0,"",NA,NA,NA,NA
"75","Smallpox",2016,3,0,"",NA,NA,NA,NA
"76","Smallpox",2016,30,0,"",NA,NA,NA,NA
"77","Smallpox",2016,31,0,"",NA,NA,NA,NA
"78","Smallpox",2016,32,0,"",NA,NA,NA,NA
"79","Smallpox",2016,33,0,"",NA,NA,NA,NA
"80","Smallpox",2016,34,0,"",NA,NA,NA,NA
"81","Smallpox",2016,35,0,"",NA,NA,NA,NA
"82","Smallpox",2016,36,0,"",NA,NA,NA,NA
"83","Smallpox",2016,37,0,"",NA,NA,NA,NA
"84","Smallpox",2016,38,0,"",NA,NA,NA,NA
"85","Smallpox",2016,39,0,"",NA,NA,NA,NA
"86","Smallpox",2016,4,0,"",NA,NA,NA,NA
"87","Smallpox",2016,40,0,"",NA,NA,NA,NA
"88","Smallpox",2016,41,0,"",NA,NA,NA,NA
"89","Smallpox",2016,42,0,"",NA,NA,NA,NA
"90","Smallpox",2016,43,0,"",NA,NA,NA,NA
"91","Smallpox",2016,44,0,"",NA,NA,NA,NA
"92","Smallpox",2016,45,0,"",NA,NA,NA,NA
"93","Smallpox",2016,46,0,"",NA,NA,NA,NA
"94","Smallpox",2016,47,0,"",NA,NA,NA,NA
"95","Smallpox",2016,48,0,"",NA,NA,NA,NA
"96","Smallpox",2016,49,0,"",NA,NA,NA,NA
"97","Smallpox",2016,5,0,"",NA,NA,NA,NA
"98","Smallpox",2016,50,0,"",NA,NA,NA,NA
"99","Smallpox",2016,51,0,"",NA,NA,NA,NA
"100","Smallpox",2016,52,0,"",NA,NA,NA,NA
"101","Smallpox",2016,6,0,"",NA,NA,NA,NA
"102","Smallpox",2016,7,0,"",NA,NA,NA,NA
"103","Smallpox",2016,8,0,"",NA,NA,NA,NA
"104","Smallpox",2016,9,0,"",NA,NA,NA,NA
"105","Smallpox",2017,1,0,"",NA,NA,NA,NA
"106","Smallpox",2017,10,0,"",NA,NA,NA,NA
"107","Smallpox",2017,11,0,"",NA,NA,NA,NA
"108","Smallpox",2017,12,0,"",NA,NA,NA,NA
"109","Smallpox",2017,13,0,"",NA,NA,NA,NA
"110","Smallpox",2017,14,0,"",NA,NA,NA,NA
"111","Smallpox",2017,15,0,"",NA,NA,NA,NA
"112","Smallpox",2017,16,0,"",NA,NA,NA,NA
"113","Smallpox",2017,17,0,"",NA,NA,NA,NA
"114","Smallpox",2017,18,0,"",NA,NA,NA,NA
"115","Smallpox",2017,19,0,"",NA,NA,NA,NA
"116","Smallpox",2017,2,0,"",NA,NA,NA,NA
"117","Smallpox",2017,20,0,"",NA,NA,NA,NA
"118","Smallpox",2017,21,0,"",NA,NA,NA,NA
"119","Smallpox",2017,22,0,"",NA,NA,NA,NA
"120","Smallpox",2017,23,0,"",NA,NA,NA,NA
"121","Smallpox",2017,24,0,"",NA,NA,NA,NA
"122","Smallpox",2017,25,0,"",NA,NA,NA,NA
"123","Smallpox",2017,26,0,"",NA,NA,NA,NA
"124","Smallpox",2017,27,0,"",NA,NA,NA,NA
"125","Smallpox",2017,28,0,"",NA,NA,NA,NA
"126","Smallpox",2017,29,0,"",NA,NA,NA,NA
"127","Smallpox",2017,3,0,"",NA,NA,NA,NA
"128","Smallpox",2017,30,0,"",NA,NA,NA,NA
"129","Smallpox",2017,31,0,"",NA,NA,NA,NA
"130","Smallpox",2017,32,0,"",NA,NA,NA,NA
"131","Smallpox",2017,33,0,"",NA,NA,NA,NA
"132","Smallpox",2017,34,0,"",NA,NA,NA,NA
"133","Smallpox",2017,35,0,"",NA,NA,NA,NA
"134","Smallpox",2017,36,0,"",NA,NA,NA,NA
"135","Smallpox",2017,37,0,"",NA,NA,NA,NA
"136","Smallpox",2017,38,0,"",NA,NA,NA,NA
"137","Smallpox",2017,39,0,"",NA,NA,NA,NA
"138","Smallpox",2017,4,0,"",NA,NA,NA,NA
"139","Smallpox",2017,40,0,"",NA,NA,NA,NA
"140","Smallpox",2017,41,0,"",NA,NA,NA,NA
"141","Smallpox",2017,42,0,"",NA,NA,NA,NA
"142","Smallpox",2017,43,0,"",NA,NA,NA,NA
"143","Smallpox",2017,44,0,"",NA,NA,NA,NA
"144","Smallpox",2017,45,0,"",NA,NA,NA,NA
"145","Smallpox",2017,46,0,"",NA,NA,NA,NA
"146","Smallpox",2017,47,0,"",NA,NA,NA,NA
"147","Smallpox",2017,48,0,"",NA,NA,NA,NA
"148","Smallpox",2017,49,0,"",NA,NA,NA,NA
"149","Smallpox",2017,5,0,"",NA,NA,NA,NA
"150","Smallpox",2017,50,0,"",NA,NA,NA,NA
"151","Smallpox",2017,51,0,"",NA,NA,NA,NA
"152","Smallpox",2017,52,0,"",NA,NA,NA,NA
"153","Smallpox",2017,6,0,"",NA,NA,NA,NA
"154","Smallpox",2017,7,0,"",NA,NA,NA,NA
"155","Smallpox",2017,8,0,"",NA,NA,NA,NA
"156","Smallpox",2017,9,0,"",NA,NA,NA,NA
"157","Smallpox",2018,1,0,"",NA,NA,NA,NA
"158","Smallpox",2018,10,0,"",NA,NA,NA,NA
"159","Smallpox",2018,11,0,"",NA,NA,NA,NA
"160","Smallpox",2018,12,0,"",NA,NA,NA,NA
"161","Smallpox",2018,13,0,"",NA,NA,NA,NA
"162","Smallpox",2018,14,0,"",NA,NA,NA,NA
"163","Smallpox",2018,15,0,"",NA,NA,NA,NA
"164","Smallpox",2018,16,0,"",NA,NA,NA,NA
"165","Smallpox",2018,17,0,"",NA,NA,NA,NA
"166","Smallpox",2018,18,0,"",NA,NA,NA,NA
"167","Smallpox",2018,19,0,"",NA,NA,NA,NA
"168","Smallpox",2018,2,0,"",NA,NA,NA,NA
"169","Smallpox",2018,20,0,"",NA,NA,NA,NA
"170","Smallpox",2018,21,0,"",NA,NA,NA,NA
"171","Smallpox",2018,22,0,"",NA,NA,NA,NA
"172","Smallpox",2018,23,0,"",NA,NA,NA,NA
"173","Smallpox",2018,24,0,"",NA,NA,NA,NA
"174","Smallpox",2018,25,0,"",NA,NA,NA,NA
"175","Smallpox",2018,26,0,"",NA,NA,NA,NA
"176","Smallpox",2018,27,0,"",NA,NA,NA,NA
"177","Smallpox",2018,28,0,"",NA,NA,NA,NA
"178","Smallpox",2018,29,0,"",NA,NA,NA,NA
"179","Smallpox",2018,3,0,"",NA,NA,NA,NA
"180","Smallpox",2018,30,0,"",NA,NA,NA,NA
"181","Smallpox",2018,31,0,"",NA,NA,NA,NA
"182","Smallpox",2018,32,0,"",NA,NA,NA,NA
"183","Smallpox",2018,33,0,"",NA,NA,NA,NA
"184","Smallpox",2018,34,0,"",NA,NA,NA,NA
"185","Smallpox",2018,35,0,"",NA,NA,NA,NA
"186","Smallpox",2018,36,0,"",NA,NA,NA,NA
"187","Smallpox",2018,37,0,"",NA,NA,NA,NA
"188","Smallpox",2018,38,0,"",NA,NA,NA,NA
"189","Smallpox",2018,39,0,"",NA,NA,NA,NA
"190","Smallpox",2018,4,0,"",NA,NA,NA,NA
"191","Smallpox",2018,40,0,"",NA,NA,NA,NA
"192","Smallpox",2018,41,0,"",NA,NA,NA,NA
"193","Smallpox",2018,42,0,"",NA,NA,NA,NA
"194","Smallpox",2018,43,0,"",NA,NA,NA,NA
"195","Smallpox",2018,44,0,"",NA,NA,NA,NA
"196","Smallpox",2018,45,0,"",NA,NA,NA,NA
"197","Smallpox",2018,46,0,"",NA,NA,NA,NA
"198","Smallpox",2018,47,0,"",NA,NA,NA,NA
"199","Smallpox",2018,48,0,"",NA,NA,NA,NA
"200","Smallpox",2018,49,0,"",NA,NA,NA,NA
"201","Smallpox",2018,5,0,"",NA,NA,NA,NA
"202","Smallpox",2018,50,0,"",NA,NA,NA,NA
"203","Smallpox",2018,51,0,"",NA,NA,NA,NA
"204","Smallpox",2018,52,0,"",NA,NA,NA,NA
"205","Smallpox",2018,6,0,"",NA,NA,NA,NA
"206","Smallpox",2018,7,0,"",NA,NA,NA,NA
"207","Smallpox",2018,8,0,"",NA,NA,NA,NA
"208","Smallpox",2018,9,0,"",NA,NA,NA,NA
"209","Smallpox",2019,1,0,"",NA,NA,NA,NA
"210","Smallpox",2019,10,0,"",NA,NA,NA,NA
"211","Smallpox",2019,11,0,"",NA,NA,NA,NA
"212","Smallpox",2019,12,0,"",NA,NA,NA,NA
"213","Smallpox",2019,13,0,"",NA,NA,NA,NA
"214","Smallpox",2019,14,0,"",NA,NA,NA,NA
"215","Smallpox",2019,15,0,"",NA,NA,NA,NA
"216","Smallpox",2019,16,0,"",NA,NA,NA,NA
"217","Smallpox",2019,17,0,"",NA,NA,NA,NA
"218","Smallpox",2019,18,0,"",NA,NA,NA,NA
"219","Smallpox",2019,19,0,"",NA,NA,NA,NA
"220","Smallpox",2019,2,0,"",NA,NA,NA,NA
"221","Smallpox",2019,20,0,"",NA,NA,NA,NA
"222","Smallpox",2019,21,0,"",NA,NA,NA,NA
"223","Smallpox",2019,22,0,"",NA,NA,NA,NA
"224","Smallpox",2019,23,0,"",NA,NA,NA,NA
"225","Smallpox",2019,24,0,"",NA,NA,NA,NA
"226","Smallpox",2019,25,0,"",NA,NA,NA,NA
"227","Smallpox",2019,26,0,"",NA,NA,NA,NA
"228","Smallpox",2019,27,0,"",NA,NA,NA,NA
"229","Smallpox",2019,28,0,"",NA,NA,NA,NA
"230","Smallpox",2019,29,0,"",NA,NA,NA,NA
"231","Smallpox",2019,3,0,"",NA,NA,NA,NA
"232","Smallpox",2019,30,0,"",NA,NA,NA,NA
"233","Smallpox",2019,31,0,"",NA,NA,NA,NA
"234","Smallpox",2019,32,0,"",NA,NA,NA,NA
"235","Smallpox",2019,33,0,"",NA,NA,NA,NA
"236","Smallpox",2019,34,0,"",NA,NA,NA,NA
"237","Smallpox",2019,35,0,"",NA,NA,NA,NA
"238","Smallpox",2019,36,0,"",NA,NA,NA,NA
"239","Smallpox",2019,37,0,"",NA,NA,NA,NA
"240","Smallpox",2019,38,0,"",NA,NA,NA,NA
"241","Smallpox",2019,39,2,"",NA,NA,NA,NA
"242","Smallpox",2019,4,0,"",NA,NA,NA,NA
"243","Smallpox",2019,40,0,"",NA,NA,NA,NA
"244","Smallpox",2019,41,0,"",NA,NA,NA,NA
"245","Smallpox",2019,42,0,"",NA,NA,NA,NA
"246","Smallpox",2019,43,0,"",NA,NA,NA,NA
"247","Smallpox",2019,44,0,"",NA,NA,NA,NA
"248","Smallpox",2019,45,0,"",NA,NA,NA,NA
"249","Smallpox",2019,46,0,"",NA,NA,NA,NA
"250","Smallpox",2019,47,0,"",NA,NA,NA,NA
"251","Smallpox",2019,48,0,"",NA,NA,NA,NA
"252","Smallpox",2019,49,0,"",NA,NA,NA,NA
"253","Smallpox",2019,5,0,"",NA,NA,NA,NA
"254","Smallpox",2019,50,0,"",NA,NA,NA,NA
"255","Smallpox",2019,51,0,"",NA,NA,NA,NA
"256","Smallpox",2019,52,0,"",NA,NA,NA,NA
"257","Smallpox",2019,6,0,"",NA,NA,NA,NA
"258","Smallpox",2019,8,0,"",NA,NA,NA,NA
"259","Smallpox",2019,9,0,"",NA,NA,NA,NA
"260","Smallpox",2020,1,0,"",NA,NA,NA,NA
"261","Smallpox",2020,10,0,"",NA,NA,NA,NA
"262","Smallpox",2020,11,0,"",NA,NA,NA,NA
"263","Smallpox",2020,12,0,"",NA,NA,NA,NA
"264","Smallpox",2020,13,0,"",NA,NA,NA,NA
"265","Smallpox",2020,14,0,"",NA,NA,NA,NA
"266","Smallpox",2020,15,0,"",NA,NA,NA,NA
"267","Smallpox",2020,16,0,"",NA,NA,NA,NA
"268","Smallpox",2020,17,0,"",NA,NA,NA,NA
"269","Smallpox",2020,18,0,"",NA,NA,NA,NA
"270","Smallpox",2020,2,0,"",NA,NA,NA,NA
"271","Smallpox",2020,3,0,"",NA,NA,NA,NA
"272","Smallpox",2020,4,0,"",NA,NA,NA,NA
"273","Smallpox",2020,5,0,"",NA,NA,NA,NA
"274","Smallpox",2020,6,0,"",NA,NA,NA,NA
"275","Smallpox",2020,7,0,"",NA,NA,NA,NA
"276","Smallpox",2020,8,0,"",NA,NA,NA,NA
"277","Smallpox",2020,9,0,"",NA,NA,NA,NA
