"","Disease","EpiYear","EpiWeek","Incidence","ADM0","ADM1","ADM2","NA","NA"
"1","Toxoplasmosis",2015,1,0,"",NA,NA,NA,NA
"2","Toxoplasmosis",2015,10,0,"",NA,NA,NA,NA
"3","Toxoplasmosis",2015,11,0,"",NA,NA,NA,NA
"4","Toxoplasmosis",2015,12,0,"",NA,NA,NA,NA
"5","Toxoplasmosis",2015,13,0,"",NA,NA,NA,NA
"6","Toxoplasmosis",2015,14,1,"",NA,NA,NA,NA
"7","Toxoplasmosis",2015,15,0,"",NA,NA,NA,NA
"8","Toxoplasmosis",2015,16,0,"",NA,NA,NA,NA
"9","Toxoplasmosis",2015,17,2,"",NA,NA,NA,NA
"10","Toxoplasmosis",2015,18,0,"",NA,NA,NA,NA
"11","Toxoplasmosis",2015,19,0,"",NA,NA,NA,NA
"12","Toxoplasmosis",2015,2,0,"",NA,NA,NA,NA
"13","Toxoplasmosis",2015,20,2,"",NA,NA,NA,NA
"14","Toxoplasmosis",2015,21,0,"",NA,NA,NA,NA
"15","Toxoplasmosis",2015,22,1,"",NA,NA,NA,NA
"16","Toxoplasmosis",2015,23,0,"",NA,NA,NA,NA
"17","Toxoplasmosis",2015,24,0,"",NA,NA,NA,NA
"18","Toxoplasmosis",2015,25,0,"",NA,NA,NA,NA
"19","Toxoplasmosis",2015,26,0,"",NA,NA,NA,NA
"20","Toxoplasmosis",2015,27,0,"",NA,NA,NA,NA
"21","Toxoplasmosis",2015,28,0,"",NA,NA,NA,NA
"22","Toxoplasmosis",2015,29,0,"",NA,NA,NA,NA
"23","Toxoplasmosis",2015,3,0,"",NA,NA,NA,NA
"24","Toxoplasmosis",2015,30,0,"",NA,NA,NA,NA
"25","Toxoplasmosis",2015,31,0,"",NA,NA,NA,NA
"26","Toxoplasmosis",2015,32,0,"",NA,NA,NA,NA
"27","Toxoplasmosis",2015,33,2,"",NA,NA,NA,NA
"28","Toxoplasmosis",2015,34,0,"",NA,NA,NA,NA
"29","Toxoplasmosis",2015,35,0,"",NA,NA,NA,NA
"30","Toxoplasmosis",2015,36,0,"",NA,NA,NA,NA
"31","Toxoplasmosis",2015,37,1,"",NA,NA,NA,NA
"32","Toxoplasmosis",2015,38,0,"",NA,NA,NA,NA
"33","Toxoplasmosis",2015,39,0,"",NA,NA,NA,NA
"34","Toxoplasmosis",2015,4,0,"",NA,NA,NA,NA
"35","Toxoplasmosis",2015,40,0,"",NA,NA,NA,NA
"36","Toxoplasmosis",2015,41,0,"",NA,NA,NA,NA
"37","Toxoplasmosis",2015,42,1,"",NA,NA,NA,NA
"38","Toxoplasmosis",2015,43,1,"",NA,NA,NA,NA
"39","Toxoplasmosis",2015,44,0,"",NA,NA,NA,NA
"40","Toxoplasmosis",2015,45,0,"",NA,NA,NA,NA
"41","Toxoplasmosis",2015,46,0,"",NA,NA,NA,NA
"42","Toxoplasmosis",2015,47,0,"",NA,NA,NA,NA
"43","Toxoplasmosis",2015,48,0,"",NA,NA,NA,NA
"44","Toxoplasmosis",2015,49,2,"",NA,NA,NA,NA
"45","Toxoplasmosis",2015,5,0,"",NA,NA,NA,NA
"46","Toxoplasmosis",2015,50,0,"",NA,NA,NA,NA
"47","Toxoplasmosis",2015,51,0,"",NA,NA,NA,NA
"48","Toxoplasmosis",2015,52,0,"",NA,NA,NA,NA
"49","Toxoplasmosis",2015,6,0,"",NA,NA,NA,NA
"50","Toxoplasmosis",2015,7,0,"",NA,NA,NA,NA
"51","Toxoplasmosis",2015,8,0,"",NA,NA,NA,NA
"52","Toxoplasmosis",2015,9,0,"",NA,NA,NA,NA
"53","Toxoplasmosis",2016,1,0,"",NA,NA,NA,NA
"54","Toxoplasmosis",2016,10,0,"",NA,NA,NA,NA
"55","Toxoplasmosis",2016,11,1,"",NA,NA,NA,NA
"56","Toxoplasmosis",2016,12,1,"",NA,NA,NA,NA
"57","Toxoplasmosis",2016,13,0,"",NA,NA,NA,NA
"58","Toxoplasmosis",2016,14,0,"",NA,NA,NA,NA
"59","Toxoplasmosis",2016,15,2,"",NA,NA,NA,NA
"60","Toxoplasmosis",2016,16,0,"",NA,NA,NA,NA
"61","Toxoplasmosis",2016,17,0,"",NA,NA,NA,NA
"62","Toxoplasmosis",2016,18,0,"",NA,NA,NA,NA
"63","Toxoplasmosis",2016,19,0,"",NA,NA,NA,NA
"64","Toxoplasmosis",2016,2,0,"",NA,NA,NA,NA
"65","Toxoplasmosis",2016,20,0,"",NA,NA,NA,NA
"66","Toxoplasmosis",2016,21,0,"",NA,NA,NA,NA
"67","Toxoplasmosis",2016,22,0,"",NA,NA,NA,NA
"68","Toxoplasmosis",2016,23,0,"",NA,NA,NA,NA
"69","Toxoplasmosis",2016,24,0,"",NA,NA,NA,NA
"70","Toxoplasmosis",2016,25,0,"",NA,NA,NA,NA
"71","Toxoplasmosis",2016,26,0,"",NA,NA,NA,NA
"72","Toxoplasmosis",2016,27,0,"",NA,NA,NA,NA
"73","Toxoplasmosis",2016,28,2,"",NA,NA,NA,NA
"74","Toxoplasmosis",2016,29,0,"",NA,NA,NA,NA
"75","Toxoplasmosis",2016,3,1,"",NA,NA,NA,NA
"76","Toxoplasmosis",2016,30,0,"",NA,NA,NA,NA
"77","Toxoplasmosis",2016,31,0,"",NA,NA,NA,NA
"78","Toxoplasmosis",2016,32,0,"",NA,NA,NA,NA
"79","Toxoplasmosis",2016,33,0,"",NA,NA,NA,NA
"80","Toxoplasmosis",2016,34,0,"",NA,NA,NA,NA
"81","Toxoplasmosis",2016,35,0,"",NA,NA,NA,NA
"82","Toxoplasmosis",2016,36,1,"",NA,NA,NA,NA
"83","Toxoplasmosis",2016,37,0,"",NA,NA,NA,NA
"84","Toxoplasmosis",2016,38,0,"",NA,NA,NA,NA
"85","Toxoplasmosis",2016,39,0,"",NA,NA,NA,NA
"86","Toxoplasmosis",2016,4,19,"",NA,NA,NA,NA
"87","Toxoplasmosis",2016,40,0,"",NA,NA,NA,NA
"88","Toxoplasmosis",2016,41,0,"",NA,NA,NA,NA
"89","Toxoplasmosis",2016,42,0,"",NA,NA,NA,NA
"90","Toxoplasmosis",2016,43,0,"",NA,NA,NA,NA
"91","Toxoplasmosis",2016,44,0,"",NA,NA,NA,NA
"92","Toxoplasmosis",2016,45,0,"",NA,NA,NA,NA
"93","Toxoplasmosis",2016,46,0,"",NA,NA,NA,NA
"94","Toxoplasmosis",2016,47,2,"",NA,NA,NA,NA
"95","Toxoplasmosis",2016,48,0,"",NA,NA,NA,NA
"96","Toxoplasmosis",2016,49,0,"",NA,NA,NA,NA
"97","Toxoplasmosis",2016,5,0,"",NA,NA,NA,NA
"98","Toxoplasmosis",2016,50,0,"",NA,NA,NA,NA
"99","Toxoplasmosis",2016,51,1,"",NA,NA,NA,NA
"100","Toxoplasmosis",2016,52,0,"",NA,NA,NA,NA
"101","Toxoplasmosis",2016,6,0,"",NA,NA,NA,NA
"102","Toxoplasmosis",2016,7,0,"",NA,NA,NA,NA
"103","Toxoplasmosis",2016,8,0,"",NA,NA,NA,NA
"104","Toxoplasmosis",2016,9,0,"",NA,NA,NA,NA
"105","Toxoplasmosis",2017,1,0,"",NA,NA,NA,NA
"106","Toxoplasmosis",2017,10,1,"",NA,NA,NA,NA
"107","Toxoplasmosis",2017,11,11,"",NA,NA,NA,NA
"108","Toxoplasmosis",2017,12,9,"",NA,NA,NA,NA
"109","Toxoplasmosis",2017,13,14,"",NA,NA,NA,NA
"110","Toxoplasmosis",2017,14,9,"",NA,NA,NA,NA
"111","Toxoplasmosis",2017,15,10,"",NA,NA,NA,NA
"112","Toxoplasmosis",2017,16,9,"",NA,NA,NA,NA
"113","Toxoplasmosis",2017,17,10,"",NA,NA,NA,NA
"114","Toxoplasmosis",2017,18,0,"",NA,NA,NA,NA
"115","Toxoplasmosis",2017,19,0,"",NA,NA,NA,NA
"116","Toxoplasmosis",2017,2,0,"",NA,NA,NA,NA
"117","Toxoplasmosis",2017,20,24,"",NA,NA,NA,NA
"118","Toxoplasmosis",2017,21,35,"",NA,NA,NA,NA
"119","Toxoplasmosis",2017,22,29,"",NA,NA,NA,NA
"120","Toxoplasmosis",2017,23,53,"",NA,NA,NA,NA
"121","Toxoplasmosis",2017,24,66,"",NA,NA,NA,NA
"122","Toxoplasmosis",2017,25,81,"",NA,NA,NA,NA
"123","Toxoplasmosis",2017,26,101,"",NA,NA,NA,NA
"124","Toxoplasmosis",2017,27,124,"",NA,NA,NA,NA
"125","Toxoplasmosis",2017,28,106,"",NA,NA,NA,NA
"126","Toxoplasmosis",2017,29,104,"",NA,NA,NA,NA
"127","Toxoplasmosis",2017,3,0,"",NA,NA,NA,NA
"128","Toxoplasmosis",2017,30,56,"",NA,NA,NA,NA
"129","Toxoplasmosis",2017,31,59,"",NA,NA,NA,NA
"130","Toxoplasmosis",2017,32,39,"",NA,NA,NA,NA
"131","Toxoplasmosis",2017,33,45,"",NA,NA,NA,NA
"132","Toxoplasmosis",2017,34,25,"",NA,NA,NA,NA
"133","Toxoplasmosis",2017,35,20,"",NA,NA,NA,NA
"134","Toxoplasmosis",2017,36,11,"",NA,NA,NA,NA
"135","Toxoplasmosis",2017,37,0,"",NA,NA,NA,NA
"136","Toxoplasmosis",2017,38,1,"",NA,NA,NA,NA
"137","Toxoplasmosis",2017,39,1,"",NA,NA,NA,NA
"138","Toxoplasmosis",2017,4,0,"",NA,NA,NA,NA
"139","Toxoplasmosis",2017,40,0,"",NA,NA,NA,NA
"140","Toxoplasmosis",2017,41,1,"",NA,NA,NA,NA
"141","Toxoplasmosis",2017,42,0,"",NA,NA,NA,NA
"142","Toxoplasmosis",2017,43,0,"",NA,NA,NA,NA
"143","Toxoplasmosis",2017,44,0,"",NA,NA,NA,NA
"144","Toxoplasmosis",2017,45,0,"",NA,NA,NA,NA
"145","Toxoplasmosis",2017,46,1,"",NA,NA,NA,NA
"146","Toxoplasmosis",2017,47,1,"",NA,NA,NA,NA
"147","Toxoplasmosis",2017,48,0,"",NA,NA,NA,NA
"148","Toxoplasmosis",2017,49,1,"",NA,NA,NA,NA
"149","Toxoplasmosis",2017,5,0,"",NA,NA,NA,NA
"150","Toxoplasmosis",2017,50,0,"",NA,NA,NA,NA
"151","Toxoplasmosis",2017,51,1,"",NA,NA,NA,NA
"152","Toxoplasmosis",2017,52,1,"",NA,NA,NA,NA
"153","Toxoplasmosis",2017,6,15,"",NA,NA,NA,NA
"154","Toxoplasmosis",2017,7,12,"",NA,NA,NA,NA
"155","Toxoplasmosis",2017,8,11,"",NA,NA,NA,NA
"156","Toxoplasmosis",2017,9,0,"",NA,NA,NA,NA
"157","Toxoplasmosis",2018,1,1,"",NA,NA,NA,NA
"158","Toxoplasmosis",2018,10,0,"",NA,NA,NA,NA
"159","Toxoplasmosis",2018,11,25,"",NA,NA,NA,NA
"160","Toxoplasmosis",2018,12,35,"",NA,NA,NA,NA
"161","Toxoplasmosis",2018,13,19,"",NA,NA,NA,NA
"162","Toxoplasmosis",2018,14,6,"",NA,NA,NA,NA
"163","Toxoplasmosis",2018,15,22,"",NA,NA,NA,NA
"164","Toxoplasmosis",2018,16,9,"",NA,NA,NA,NA
"165","Toxoplasmosis",2018,17,6,"",NA,NA,NA,NA
"166","Toxoplasmosis",2018,18,5,"",NA,NA,NA,NA
"167","Toxoplasmosis",2018,19,14,"",NA,NA,NA,NA
"168","Toxoplasmosis",2018,2,1,"",NA,NA,NA,NA
"169","Toxoplasmosis",2018,20,4,"",NA,NA,NA,NA
"170","Toxoplasmosis",2018,21,10,"",NA,NA,NA,NA
"171","Toxoplasmosis",2018,22,7,"",NA,NA,NA,NA
"172","Toxoplasmosis",2018,23,15,"",NA,NA,NA,NA
"173","Toxoplasmosis",2018,24,10,"",NA,NA,NA,NA
"174","Toxoplasmosis",2018,25,11,"",NA,NA,NA,NA
"175","Toxoplasmosis",2018,26,10,"",NA,NA,NA,NA
"176","Toxoplasmosis",2018,27,11,"",NA,NA,NA,NA
"177","Toxoplasmosis",2018,28,24,"",NA,NA,NA,NA
"178","Toxoplasmosis",2018,29,24,"",NA,NA,NA,NA
"179","Toxoplasmosis",2018,3,1,"",NA,NA,NA,NA
"180","Toxoplasmosis",2018,30,24,"",NA,NA,NA,NA
"181","Toxoplasmosis",2018,31,24,"",NA,NA,NA,NA
"182","Toxoplasmosis",2018,32,20,"",NA,NA,NA,NA
"183","Toxoplasmosis",2018,33,33,"",NA,NA,NA,NA
"184","Toxoplasmosis",2018,34,21,"",NA,NA,NA,NA
"185","Toxoplasmosis",2018,35,21,"",NA,NA,NA,NA
"186","Toxoplasmosis",2018,36,19,"",NA,NA,NA,NA
"187","Toxoplasmosis",2018,37,0,"",NA,NA,NA,NA
"188","Toxoplasmosis",2018,38,0,"",NA,NA,NA,NA
"189","Toxoplasmosis",2018,39,0,"",NA,NA,NA,NA
"190","Toxoplasmosis",2018,4,0,"",NA,NA,NA,NA
"191","Toxoplasmosis",2018,40,0,"",NA,NA,NA,NA
"192","Toxoplasmosis",2018,41,0,"",NA,NA,NA,NA
"193","Toxoplasmosis",2018,42,2,"",NA,NA,NA,NA
"194","Toxoplasmosis",2018,43,0,"",NA,NA,NA,NA
"195","Toxoplasmosis",2018,44,0,"",NA,NA,NA,NA
"196","Toxoplasmosis",2018,45,0,"",NA,NA,NA,NA
"197","Toxoplasmosis",2018,46,0,"",NA,NA,NA,NA
"198","Toxoplasmosis",2018,47,0,"",NA,NA,NA,NA
"199","Toxoplasmosis",2018,48,0,"",NA,NA,NA,NA
"200","Toxoplasmosis",2018,49,0,"",NA,NA,NA,NA
"201","Toxoplasmosis",2018,5,0,"",NA,NA,NA,NA
"202","Toxoplasmosis",2018,50,1,"",NA,NA,NA,NA
"203","Toxoplasmosis",2018,51,1,"",NA,NA,NA,NA
"204","Toxoplasmosis",2018,52,0,"",NA,NA,NA,NA
"205","Toxoplasmosis",2018,6,6,"",NA,NA,NA,NA
"206","Toxoplasmosis",2018,7,47,"",NA,NA,NA,NA
"207","Toxoplasmosis",2018,8,67,"",NA,NA,NA,NA
"208","Toxoplasmosis",2018,9,0,"",NA,NA,NA,NA
"209","Toxoplasmosis",2019,1,1,"",NA,NA,NA,NA
"210","Toxoplasmosis",2019,10,1,"",NA,NA,NA,NA
"211","Toxoplasmosis",2019,11,0,"",NA,NA,NA,NA
"212","Toxoplasmosis",2019,12,0,"",NA,NA,NA,NA
"213","Toxoplasmosis",2019,13,23,"",NA,NA,NA,NA
"214","Toxoplasmosis",2019,14,23,"",NA,NA,NA,NA
"215","Toxoplasmosis",2019,15,35,"",NA,NA,NA,NA
"216","Toxoplasmosis",2019,16,22,"",NA,NA,NA,NA
"217","Toxoplasmosis",2019,17,35,"",NA,NA,NA,NA
"218","Toxoplasmosis",2019,18,37,"",NA,NA,NA,NA
"219","Toxoplasmosis",2019,19,30,"",NA,NA,NA,NA
"220","Toxoplasmosis",2019,2,0,"",NA,NA,NA,NA
"221","Toxoplasmosis",2019,20,23,"",NA,NA,NA,NA
"222","Toxoplasmosis",2019,21,27,"",NA,NA,NA,NA
"223","Toxoplasmosis",2019,22,0,"",NA,NA,NA,NA
"224","Toxoplasmosis",2019,23,0,"",NA,NA,NA,NA
"225","Toxoplasmosis",2019,24,0,"",NA,NA,NA,NA
"226","Toxoplasmosis",2019,25,0,"",NA,NA,NA,NA
"227","Toxoplasmosis",2019,26,0,"",NA,NA,NA,NA
"228","Toxoplasmosis",2019,27,0,"",NA,NA,NA,NA
"229","Toxoplasmosis",2019,28,1,"",NA,NA,NA,NA
"230","Toxoplasmosis",2019,29,0,"",NA,NA,NA,NA
"231","Toxoplasmosis",2019,3,0,"",NA,NA,NA,NA
"232","Toxoplasmosis",2019,30,0,"",NA,NA,NA,NA
"233","Toxoplasmosis",2019,31,0,"",NA,NA,NA,NA
"234","Toxoplasmosis",2019,32,1,"",NA,NA,NA,NA
"235","Toxoplasmosis",2019,33,0,"",NA,NA,NA,NA
"236","Toxoplasmosis",2019,34,0,"",NA,NA,NA,NA
"237","Toxoplasmosis",2019,35,3,"",NA,NA,NA,NA
"238","Toxoplasmosis",2019,36,0,"",NA,NA,NA,NA
"239","Toxoplasmosis",2019,37,0,"",NA,NA,NA,NA
"240","Toxoplasmosis",2019,38,0,"",NA,NA,NA,NA
"241","Toxoplasmosis",2019,39,0,"",NA,NA,NA,NA
"242","Toxoplasmosis",2019,4,0,"",NA,NA,NA,NA
"243","Toxoplasmosis",2019,40,1,"",NA,NA,NA,NA
"244","Toxoplasmosis",2019,41,0,"",NA,NA,NA,NA
"245","Toxoplasmosis",2019,42,0,"",NA,NA,NA,NA
"246","Toxoplasmosis",2019,43,0,"",NA,NA,NA,NA
"247","Toxoplasmosis",2019,44,0,"",NA,NA,NA,NA
"248","Toxoplasmosis",2019,45,0,"",NA,NA,NA,NA
"249","Toxoplasmosis",2019,46,0,"",NA,NA,NA,NA
"250","Toxoplasmosis",2019,47,2,"",NA,NA,NA,NA
"251","Toxoplasmosis",2019,48,1,"",NA,NA,NA,NA
"252","Toxoplasmosis",2019,49,1,"",NA,NA,NA,NA
"253","Toxoplasmosis",2019,5,0,"",NA,NA,NA,NA
"254","Toxoplasmosis",2019,50,0,"",NA,NA,NA,NA
"255","Toxoplasmosis",2019,51,1,"",NA,NA,NA,NA
"256","Toxoplasmosis",2019,52,1,"",NA,NA,NA,NA
"257","Toxoplasmosis",2019,6,0,"",NA,NA,NA,NA
"258","Toxoplasmosis",2019,8,1,"",NA,NA,NA,NA
"259","Toxoplasmosis",2019,9,0,"",NA,NA,NA,NA
"260","Toxoplasmosis",2020,1,0,"",NA,NA,NA,NA
"261","Toxoplasmosis",2020,10,0,"",NA,NA,NA,NA
"262","Toxoplasmosis",2020,11,0,"",NA,NA,NA,NA
"263","Toxoplasmosis",2020,12,0,"",NA,NA,NA,NA
"264","Toxoplasmosis",2020,13,0,"",NA,NA,NA,NA
"265","Toxoplasmosis",2020,14,0,"",NA,NA,NA,NA
"266","Toxoplasmosis",2020,15,0,"",NA,NA,NA,NA
"267","Toxoplasmosis",2020,16,0,"",NA,NA,NA,NA
"268","Toxoplasmosis",2020,17,0,"",NA,NA,NA,NA
"269","Toxoplasmosis",2020,18,0,"",NA,NA,NA,NA
"270","Toxoplasmosis",2020,2,0,"",NA,NA,NA,NA
"271","Toxoplasmosis",2020,3,0,"",NA,NA,NA,NA
"272","Toxoplasmosis",2020,4,0,"",NA,NA,NA,NA
"273","Toxoplasmosis",2020,5,0,"",NA,NA,NA,NA
"274","Toxoplasmosis",2020,6,0,"",NA,NA,NA,NA
"275","Toxoplasmosis",2020,7,0,"",NA,NA,NA,NA
"276","Toxoplasmosis",2020,8,0,"",NA,NA,NA,NA
"277","Toxoplasmosis",2020,9,0,"",NA,NA,NA,NA
