"","Disease","EpiYear","EpiWeek","Incidence","ADM0","ADM1","ADM2","NA","NA"
"1","Varicella",2015,1,1,"",NA,NA,NA,NA
"2","Varicella",2015,10,0,"",NA,NA,NA,NA
"3","Varicella",2015,11,2,"",NA,NA,NA,NA
"4","Varicella",2015,12,0,"",NA,NA,NA,NA
"5","Varicella",2015,13,1,"",NA,NA,NA,NA
"6","Varicella",2015,14,0,"",NA,NA,NA,NA
"7","Varicella",2015,15,1,"",NA,NA,NA,NA
"8","Varicella",2015,16,0,"",NA,NA,NA,NA
"9","Varicella",2015,17,1,"",NA,NA,NA,NA
"10","Varicella",2015,18,2,"",NA,NA,NA,NA
"11","Varicella",2015,19,0,"",NA,NA,NA,NA
"12","Varicella",2015,2,1,"",NA,NA,NA,NA
"13","Varicella",2015,20,1,"",NA,NA,NA,NA
"14","Varicella",2015,21,2,"",NA,NA,NA,NA
"15","Varicella",2015,22,3,"",NA,NA,NA,NA
"16","Varicella",2015,23,0,"",NA,NA,NA,NA
"17","Varicella",2015,24,0,"",NA,NA,NA,NA
"18","Varicella",2015,25,0,"",NA,NA,NA,NA
"19","Varicella",2015,26,0,"",NA,NA,NA,NA
"20","Varicella",2015,27,0,"",NA,NA,NA,NA
"21","Varicella",2015,28,1,"",NA,NA,NA,NA
"22","Varicella",2015,29,2,"",NA,NA,NA,NA
"23","Varicella",2015,3,3,"",NA,NA,NA,NA
"24","Varicella",2015,30,1,"",NA,NA,NA,NA
"25","Varicella",2015,31,0,"",NA,NA,NA,NA
"26","Varicella",2015,32,1,"",NA,NA,NA,NA
"27","Varicella",2015,33,2,"",NA,NA,NA,NA
"28","Varicella",2015,34,0,"",NA,NA,NA,NA
"29","Varicella",2015,35,0,"",NA,NA,NA,NA
"30","Varicella",2015,36,0,"",NA,NA,NA,NA
"31","Varicella",2015,37,0,"",NA,NA,NA,NA
"32","Varicella",2015,38,0,"",NA,NA,NA,NA
"33","Varicella",2015,39,2,"",NA,NA,NA,NA
"34","Varicella",2015,4,1,"",NA,NA,NA,NA
"35","Varicella",2015,40,1,"",NA,NA,NA,NA
"36","Varicella",2015,41,2,"",NA,NA,NA,NA
"37","Varicella",2015,42,0,"",NA,NA,NA,NA
"38","Varicella",2015,43,2,"",NA,NA,NA,NA
"39","Varicella",2015,44,1,"",NA,NA,NA,NA
"40","Varicella",2015,45,1,"",NA,NA,NA,NA
"41","Varicella",2015,46,0,"",NA,NA,NA,NA
"42","Varicella",2015,47,0,"",NA,NA,NA,NA
"43","Varicella",2015,48,0,"",NA,NA,NA,NA
"44","Varicella",2015,49,0,"",NA,NA,NA,NA
"45","Varicella",2015,5,1,"",NA,NA,NA,NA
"46","Varicella",2015,50,1,"",NA,NA,NA,NA
"47","Varicella",2015,51,0,"",NA,NA,NA,NA
"48","Varicella",2015,52,3,"",NA,NA,NA,NA
"49","Varicella",2015,6,1,"",NA,NA,NA,NA
"50","Varicella",2015,7,0,"",NA,NA,NA,NA
"51","Varicella",2015,8,3,"",NA,NA,NA,NA
"52","Varicella",2015,9,6,"",NA,NA,NA,NA
"53","Varicella",2016,1,0,"",NA,NA,NA,NA
"54","Varicella",2016,10,0,"",NA,NA,NA,NA
"55","Varicella",2016,11,1,"",NA,NA,NA,NA
"56","Varicella",2016,12,0,"",NA,NA,NA,NA
"57","Varicella",2016,13,1,"",NA,NA,NA,NA
"58","Varicella",2016,14,1,"",NA,NA,NA,NA
"59","Varicella",2016,15,1,"",NA,NA,NA,NA
"60","Varicella",2016,16,0,"",NA,NA,NA,NA
"61","Varicella",2016,17,2,"",NA,NA,NA,NA
"62","Varicella",2016,18,0,"",NA,NA,NA,NA
"63","Varicella",2016,19,0,"",NA,NA,NA,NA
"64","Varicella",2016,2,0,"",NA,NA,NA,NA
"65","Varicella",2016,20,0,"",NA,NA,NA,NA
"66","Varicella",2016,21,0,"",NA,NA,NA,NA
"67","Varicella",2016,22,4,"",NA,NA,NA,NA
"68","Varicella",2016,23,1,"",NA,NA,NA,NA
"69","Varicella",2016,24,0,"",NA,NA,NA,NA
"70","Varicella",2016,25,0,"",NA,NA,NA,NA
"71","Varicella",2016,26,0,"",NA,NA,NA,NA
"72","Varicella",2016,27,0,"",NA,NA,NA,NA
"73","Varicella",2016,28,4,"",NA,NA,NA,NA
"74","Varicella",2016,29,0,"",NA,NA,NA,NA
"75","Varicella",2016,3,5,"",NA,NA,NA,NA
"76","Varicella",2016,30,1,"",NA,NA,NA,NA
"77","Varicella",2016,31,0,"",NA,NA,NA,NA
"78","Varicella",2016,32,0,"",NA,NA,NA,NA
"79","Varicella",2016,33,0,"",NA,NA,NA,NA
"80","Varicella",2016,34,0,"",NA,NA,NA,NA
"81","Varicella",2016,35,5,"",NA,NA,NA,NA
"82","Varicella",2016,36,0,"",NA,NA,NA,NA
"83","Varicella",2016,37,0,"",NA,NA,NA,NA
"84","Varicella",2016,38,2,"",NA,NA,NA,NA
"85","Varicella",2016,39,0,"",NA,NA,NA,NA
"86","Varicella",2016,4,47,"",NA,NA,NA,NA
"87","Varicella",2016,40,0,"",NA,NA,NA,NA
"88","Varicella",2016,41,0,"",NA,NA,NA,NA
"89","Varicella",2016,42,0,"",NA,NA,NA,NA
"90","Varicella",2016,43,4,"",NA,NA,NA,NA
"91","Varicella",2016,44,2,"",NA,NA,NA,NA
"92","Varicella",2016,45,0,"",NA,NA,NA,NA
"93","Varicella",2016,46,0,"",NA,NA,NA,NA
"94","Varicella",2016,47,0,"",NA,NA,NA,NA
"95","Varicella",2016,48,5,"",NA,NA,NA,NA
"96","Varicella",2016,49,0,"",NA,NA,NA,NA
"97","Varicella",2016,5,0,"",NA,NA,NA,NA
"98","Varicella",2016,50,0,"",NA,NA,NA,NA
"99","Varicella",2016,51,0,"",NA,NA,NA,NA
"100","Varicella",2016,52,1,"",NA,NA,NA,NA
"101","Varicella",2016,6,0,"",NA,NA,NA,NA
"102","Varicella",2016,7,1,"",NA,NA,NA,NA
"103","Varicella",2016,8,0,"",NA,NA,NA,NA
"104","Varicella",2016,9,3,"",NA,NA,NA,NA
"105","Varicella",2017,1,0,"",NA,NA,NA,NA
"106","Varicella",2017,10,3,"",NA,NA,NA,NA
"107","Varicella",2017,11,2,"",NA,NA,NA,NA
"108","Varicella",2017,12,3,"",NA,NA,NA,NA
"109","Varicella",2017,13,0,"",NA,NA,NA,NA
"110","Varicella",2017,14,1,"",NA,NA,NA,NA
"111","Varicella",2017,15,0,"",NA,NA,NA,NA
"112","Varicella",2017,16,1,"",NA,NA,NA,NA
"113","Varicella",2017,17,0,"",NA,NA,NA,NA
"114","Varicella",2017,18,0,"",NA,NA,NA,NA
"115","Varicella",2017,19,0,"",NA,NA,NA,NA
"116","Varicella",2017,2,0,"",NA,NA,NA,NA
"117","Varicella",2017,20,0,"",NA,NA,NA,NA
"118","Varicella",2017,21,0,"",NA,NA,NA,NA
"119","Varicella",2017,22,2,"",NA,NA,NA,NA
"120","Varicella",2017,23,3,"",NA,NA,NA,NA
"121","Varicella",2017,24,1,"",NA,NA,NA,NA
"122","Varicella",2017,25,4,"",NA,NA,NA,NA
"123","Varicella",2017,26,1,"",NA,NA,NA,NA
"124","Varicella",2017,27,2,"",NA,NA,NA,NA
"125","Varicella",2017,28,1,"",NA,NA,NA,NA
"126","Varicella",2017,29,1,"",NA,NA,NA,NA
"127","Varicella",2017,3,0,"",NA,NA,NA,NA
"128","Varicella",2017,30,1,"",NA,NA,NA,NA
"129","Varicella",2017,31,1,"",NA,NA,NA,NA
"130","Varicella",2017,32,1,"",NA,NA,NA,NA
"131","Varicella",2017,33,0,"",NA,NA,NA,NA
"132","Varicella",2017,34,0,"",NA,NA,NA,NA
"133","Varicella",2017,35,1,"",NA,NA,NA,NA
"134","Varicella",2017,36,2,"",NA,NA,NA,NA
"135","Varicella",2017,37,0,"",NA,NA,NA,NA
"136","Varicella",2017,38,1,"",NA,NA,NA,NA
"137","Varicella",2017,39,1,"",NA,NA,NA,NA
"138","Varicella",2017,4,1,"",NA,NA,NA,NA
"139","Varicella",2017,40,0,"",NA,NA,NA,NA
"140","Varicella",2017,41,0,"",NA,NA,NA,NA
"141","Varicella",2017,42,2,"",NA,NA,NA,NA
"142","Varicella",2017,43,0,"",NA,NA,NA,NA
"143","Varicella",2017,44,2,"",NA,NA,NA,NA
"144","Varicella",2017,45,0,"",NA,NA,NA,NA
"145","Varicella",2017,46,2,"",NA,NA,NA,NA
"146","Varicella",2017,47,0,"",NA,NA,NA,NA
"147","Varicella",2017,48,0,"",NA,NA,NA,NA
"148","Varicella",2017,49,0,"",NA,NA,NA,NA
"149","Varicella",2017,5,0,"",NA,NA,NA,NA
"150","Varicella",2017,50,0,"",NA,NA,NA,NA
"151","Varicella",2017,51,3,"",NA,NA,NA,NA
"152","Varicella",2017,52,1,"",NA,NA,NA,NA
"153","Varicella",2017,6,0,"",NA,NA,NA,NA
"154","Varicella",2017,7,0,"",NA,NA,NA,NA
"155","Varicella",2017,8,0,"",NA,NA,NA,NA
"156","Varicella",2017,9,1,"",NA,NA,NA,NA
"157","Varicella",2018,1,1,"",NA,NA,NA,NA
"158","Varicella",2018,11,0,"",NA,NA,NA,NA
"159","Varicella",2018,12,0,"",NA,NA,NA,NA
"160","Varicella",2018,13,0,"",NA,NA,NA,NA
"161","Varicella",2018,14,1,"",NA,NA,NA,NA
"162","Varicella",2018,15,0,"",NA,NA,NA,NA
"163","Varicella",2018,16,0,"",NA,NA,NA,NA
"164","Varicella",2018,17,0,"",NA,NA,NA,NA
"165","Varicella",2018,18,1,"",NA,NA,NA,NA
"166","Varicella",2018,19,1,"",NA,NA,NA,NA
"167","Varicella",2018,2,0,"",NA,NA,NA,NA
"168","Varicella",2018,20,0,"",NA,NA,NA,NA
"169","Varicella",2018,21,1,"",NA,NA,NA,NA
"170","Varicella",2018,22,0,"",NA,NA,NA,NA
"171","Varicella",2018,23,1,"",NA,NA,NA,NA
"172","Varicella",2018,24,2,"",NA,NA,NA,NA
"173","Varicella",2018,25,2,"",NA,NA,NA,NA
"174","Varicella",2018,26,3,"",NA,NA,NA,NA
"175","Varicella",2018,27,1,"",NA,NA,NA,NA
"176","Varicella",2018,28,1,"",NA,NA,NA,NA
"177","Varicella",2018,29,1,"",NA,NA,NA,NA
"178","Varicella",2018,3,0,"",NA,NA,NA,NA
"179","Varicella",2018,30,1,"",NA,NA,NA,NA
"180","Varicella",2018,31,0,"",NA,NA,NA,NA
"181","Varicella",2018,32,0,"",NA,NA,NA,NA
"182","Varicella",2018,33,0,"",NA,NA,NA,NA
"183","Varicella",2018,34,1,"",NA,NA,NA,NA
"184","Varicella",2018,35,0,"",NA,NA,NA,NA
"185","Varicella",2018,36,9,"",NA,NA,NA,NA
"186","Varicella",2018,37,2,"",NA,NA,NA,NA
"187","Varicella",2018,38,0,"",NA,NA,NA,NA
"188","Varicella",2018,39,3,"",NA,NA,NA,NA
"189","Varicella",2018,4,1,"",NA,NA,NA,NA
"190","Varicella",2018,40,1,"",NA,NA,NA,NA
"191","Varicella",2018,41,3,"",NA,NA,NA,NA
"192","Varicella",2018,42,1,"",NA,NA,NA,NA
"193","Varicella",2018,43,3,"",NA,NA,NA,NA
"194","Varicella",2018,44,1,"",NA,NA,NA,NA
"195","Varicella",2018,45,0,"",NA,NA,NA,NA
"196","Varicella",2018,46,1,"",NA,NA,NA,NA
"197","Varicella",2018,47,0,"",NA,NA,NA,NA
"198","Varicella",2018,48,0,"",NA,NA,NA,NA
"199","Varicella",2018,49,0,"",NA,NA,NA,NA
"200","Varicella",2018,5,0,"",NA,NA,NA,NA
"201","Varicella",2018,50,1,"",NA,NA,NA,NA
"202","Varicella",2018,51,0,"",NA,NA,NA,NA
"203","Varicella",2018,52,1,"",NA,NA,NA,NA
"204","Varicella",2018,6,0,"",NA,NA,NA,NA
"205","Varicella",2018,7,0,"",NA,NA,NA,NA
"206","Varicella",2018,8,0,"",NA,NA,NA,NA
"207","Varicella",2019,1,0,"",NA,NA,NA,NA
"208","Varicella",2019,10,1,"",NA,NA,NA,NA
"209","Varicella",2019,11,2,"",NA,NA,NA,NA
"210","Varicella",2019,12,1,"",NA,NA,NA,NA
"211","Varicella",2019,13,0,"",NA,NA,NA,NA
"212","Varicella",2019,14,0,"",NA,NA,NA,NA
"213","Varicella",2019,15,0,"",NA,NA,NA,NA
"214","Varicella",2019,16,0,"",NA,NA,NA,NA
"215","Varicella",2019,17,0,"",NA,NA,NA,NA
"216","Varicella",2019,18,0,"",NA,NA,NA,NA
"217","Varicella",2019,19,0,"",NA,NA,NA,NA
"218","Varicella",2019,2,0,"",NA,NA,NA,NA
"219","Varicella",2019,20,0,"",NA,NA,NA,NA
"220","Varicella",2019,21,0,"",NA,NA,NA,NA
"221","Varicella",2019,22,0,"",NA,NA,NA,NA
"222","Varicella",2019,23,1,"",NA,NA,NA,NA
"223","Varicella",2019,24,0,"",NA,NA,NA,NA
"224","Varicella",2019,25,1,"",NA,NA,NA,NA
"225","Varicella",2019,26,0,"",NA,NA,NA,NA
"226","Varicella",2019,27,2,"",NA,NA,NA,NA
"227","Varicella",2019,28,2,"",NA,NA,NA,NA
"228","Varicella",2019,29,1,"",NA,NA,NA,NA
"229","Varicella",2019,3,4,"",NA,NA,NA,NA
"230","Varicella",2019,30,2,"",NA,NA,NA,NA
"231","Varicella",2019,31,4,"",NA,NA,NA,NA
"232","Varicella",2019,32,0,"",NA,NA,NA,NA
"233","Varicella",2019,33,1,"",NA,NA,NA,NA
"234","Varicella",2019,34,1,"",NA,NA,NA,NA
"235","Varicella",2019,35,0,"",NA,NA,NA,NA
"236","Varicella",2019,36,3,"",NA,NA,NA,NA
"237","Varicella",2019,37,1,"",NA,NA,NA,NA
"238","Varicella",2019,38,2,"",NA,NA,NA,NA
"239","Varicella",2019,39,3,"",NA,NA,NA,NA
"240","Varicella",2019,4,4,"",NA,NA,NA,NA
"241","Varicella",2019,40,1,"",NA,NA,NA,NA
"242","Varicella",2019,41,0,"",NA,NA,NA,NA
"243","Varicella",2019,42,1,"",NA,NA,NA,NA
"244","Varicella",2019,43,1,"",NA,NA,NA,NA
"245","Varicella",2019,44,0,"",NA,NA,NA,NA
"246","Varicella",2019,45,1,"",NA,NA,NA,NA
"247","Varicella",2019,46,2,"",NA,NA,NA,NA
"248","Varicella",2019,47,0,"",NA,NA,NA,NA
"249","Varicella",2019,48,0,"",NA,NA,NA,NA
"250","Varicella",2019,49,0,"",NA,NA,NA,NA
"251","Varicella",2019,5,1,"",NA,NA,NA,NA
"252","Varicella",2019,50,0,"",NA,NA,NA,NA
"253","Varicella",2019,51,0,"",NA,NA,NA,NA
"254","Varicella",2019,52,1,"",NA,NA,NA,NA
"255","Varicella",2019,6,0,"",NA,NA,NA,NA
"256","Varicella",2019,8,3,"",NA,NA,NA,NA
"257","Varicella",2019,9,2,"",NA,NA,NA,NA
"258","Varicella",2020,1,0,"",NA,NA,NA,NA
"259","Varicella",2020,10,0,"",NA,NA,NA,NA
"260","Varicella",2020,11,1,"",NA,NA,NA,NA
"261","Varicella",2020,12,3,"",NA,NA,NA,NA
"262","Varicella",2020,13,0,"",NA,NA,NA,NA
"263","Varicella",2020,14,0,"",NA,NA,NA,NA
"264","Varicella",2020,15,0,"",NA,NA,NA,NA
"265","Varicella",2020,16,0,"",NA,NA,NA,NA
"266","Varicella",2020,17,0,"",NA,NA,NA,NA
"267","Varicella",2020,18,0,"",NA,NA,NA,NA
"268","Varicella",2020,2,4,"",NA,NA,NA,NA
"269","Varicella",2020,3,2,"",NA,NA,NA,NA
"270","Varicella",2020,4,0,"",NA,NA,NA,NA
"271","Varicella",2020,5,0,"",NA,NA,NA,NA
"272","Varicella",2020,6,1,"",NA,NA,NA,NA
"273","Varicella",2020,7,5,"",NA,NA,NA,NA
"274","Varicella",2020,8,0,"",NA,NA,NA,NA
"275","Varicella",2020,9,0,"",NA,NA,NA,NA
