"","Disease","EpiYear","EpiWeek","Incidence","ADM0","ADM1","ADM2","NA","NA"
"1","Cholera",2015,1,0,"",NA,NA,NA,NA
"2","Cholera",2015,10,0,"",NA,NA,NA,NA
"3","Cholera",2015,11,0,"",NA,NA,NA,NA
"4","Cholera",2015,12,0,"",NA,NA,NA,NA
"5","Cholera",2015,13,0,"",NA,NA,NA,NA
"6","Cholera",2015,14,0,"",NA,NA,NA,NA
"7","Cholera",2015,15,0,"",NA,NA,NA,NA
"8","Cholera",2015,16,0,"",NA,NA,NA,NA
"9","Cholera",2015,17,0,"",NA,NA,NA,NA
"10","Cholera",2015,18,3,"",NA,NA,NA,NA
"11","Cholera",2015,19,1,"",NA,NA,NA,NA
"12","Cholera",2015,2,0,"",NA,NA,NA,NA
"13","Cholera",2015,20,0,"",NA,NA,NA,NA
"14","Cholera",2015,21,0,"",NA,NA,NA,NA
"15","Cholera",2015,22,0,"",NA,NA,NA,NA
"16","Cholera",2015,23,0,"",NA,NA,NA,NA
"17","Cholera",2015,24,0,"",NA,NA,NA,NA
"18","Cholera",2015,25,0,"",NA,NA,NA,NA
"19","Cholera",2015,26,0,"",NA,NA,NA,NA
"20","Cholera",2015,27,0,"",NA,NA,NA,NA
"21","Cholera",2015,28,0,"",NA,NA,NA,NA
"22","Cholera",2015,29,0,"",NA,NA,NA,NA
"23","Cholera",2015,3,0,"",NA,NA,NA,NA
"24","Cholera",2015,30,0,"",NA,NA,NA,NA
"25","Cholera",2015,31,0,"",NA,NA,NA,NA
"26","Cholera",2015,32,0,"",NA,NA,NA,NA
"27","Cholera",2015,33,1,"",NA,NA,NA,NA
"28","Cholera",2015,34,1,"",NA,NA,NA,NA
"29","Cholera",2015,35,0,"",NA,NA,NA,NA
"30","Cholera",2015,36,0,"",NA,NA,NA,NA
"31","Cholera",2015,37,1,"",NA,NA,NA,NA
"32","Cholera",2015,38,0,"",NA,NA,NA,NA
"33","Cholera",2015,39,1,"",NA,NA,NA,NA
"34","Cholera",2015,4,0,"",NA,NA,NA,NA
"35","Cholera",2015,40,0,"",NA,NA,NA,NA
"36","Cholera",2015,41,0,"",NA,NA,NA,NA
"37","Cholera",2015,42,2,"",NA,NA,NA,NA
"38","Cholera",2015,43,0,"",NA,NA,NA,NA
"39","Cholera",2015,44,0,"",NA,NA,NA,NA
"40","Cholera",2015,45,0,"",NA,NA,NA,NA
"41","Cholera",2015,46,0,"",NA,NA,NA,NA
"42","Cholera",2015,47,0,"",NA,NA,NA,NA
"43","Cholera",2015,48,0,"",NA,NA,NA,NA
"44","Cholera",2015,49,0,"",NA,NA,NA,NA
"45","Cholera",2015,5,0,"",NA,NA,NA,NA
"46","Cholera",2015,50,0,"",NA,NA,NA,NA
"47","Cholera",2015,51,0,"",NA,NA,NA,NA
"48","Cholera",2015,52,0,"",NA,NA,NA,NA
"49","Cholera",2015,6,0,"",NA,NA,NA,NA
"50","Cholera",2015,7,0,"",NA,NA,NA,NA
"51","Cholera",2015,8,0,"",NA,NA,NA,NA
"52","Cholera",2015,9,0,"",NA,NA,NA,NA
"53","Cholera",2016,1,0,"",NA,NA,NA,NA
"54","Cholera",2016,10,0,"",NA,NA,NA,NA
"55","Cholera",2016,11,0,"",NA,NA,NA,NA
"56","Cholera",2016,12,0,"",NA,NA,NA,NA
"57","Cholera",2016,13,0,"",NA,NA,NA,NA
"58","Cholera",2016,14,0,"",NA,NA,NA,NA
"59","Cholera",2016,15,0,"",NA,NA,NA,NA
"60","Cholera",2016,16,0,"",NA,NA,NA,NA
"61","Cholera",2016,17,0,"",NA,NA,NA,NA
"62","Cholera",2016,18,0,"",NA,NA,NA,NA
"63","Cholera",2016,19,0,"",NA,NA,NA,NA
"64","Cholera",2016,2,0,"",NA,NA,NA,NA
"65","Cholera",2016,20,0,"",NA,NA,NA,NA
"66","Cholera",2016,21,0,"",NA,NA,NA,NA
"67","Cholera",2016,22,0,"",NA,NA,NA,NA
"68","Cholera",2016,23,0,"",NA,NA,NA,NA
"69","Cholera",2016,24,0,"",NA,NA,NA,NA
"70","Cholera",2016,25,0,"",NA,NA,NA,NA
"71","Cholera",2016,26,0,"",NA,NA,NA,NA
"72","Cholera",2016,27,0,"",NA,NA,NA,NA
"73","Cholera",2016,28,0,"",NA,NA,NA,NA
"74","Cholera",2016,29,3,"",NA,NA,NA,NA
"75","Cholera",2016,3,0,"",NA,NA,NA,NA
"76","Cholera",2016,30,0,"",NA,NA,NA,NA
"77","Cholera",2016,31,0,"",NA,NA,NA,NA
"78","Cholera",2016,32,0,"",NA,NA,NA,NA
"79","Cholera",2016,33,1,"",NA,NA,NA,NA
"80","Cholera",2016,34,4,"",NA,NA,NA,NA
"81","Cholera",2016,35,1,"",NA,NA,NA,NA
"82","Cholera",2016,36,0,"",NA,NA,NA,NA
"83","Cholera",2016,37,0,"",NA,NA,NA,NA
"84","Cholera",2016,38,0,"",NA,NA,NA,NA
"85","Cholera",2016,39,0,"",NA,NA,NA,NA
"86","Cholera",2016,4,0,"",NA,NA,NA,NA
"87","Cholera",2016,40,1,"",NA,NA,NA,NA
"88","Cholera",2016,41,0,"",NA,NA,NA,NA
"89","Cholera",2016,42,0,"",NA,NA,NA,NA
"90","Cholera",2016,43,0,"",NA,NA,NA,NA
"91","Cholera",2016,44,0,"",NA,NA,NA,NA
"92","Cholera",2016,45,1,"",NA,NA,NA,NA
"93","Cholera",2016,46,0,"",NA,NA,NA,NA
"94","Cholera",2016,47,0,"",NA,NA,NA,NA
"95","Cholera",2016,48,0,"",NA,NA,NA,NA
"96","Cholera",2016,49,0,"",NA,NA,NA,NA
"97","Cholera",2016,5,0,"",NA,NA,NA,NA
"98","Cholera",2016,50,0,"",NA,NA,NA,NA
"99","Cholera",2016,51,0,"",NA,NA,NA,NA
"100","Cholera",2016,52,0,"",NA,NA,NA,NA
"101","Cholera",2016,6,0,"",NA,NA,NA,NA
"102","Cholera",2016,7,0,"",NA,NA,NA,NA
"103","Cholera",2016,8,0,"",NA,NA,NA,NA
"104","Cholera",2016,9,0,"",NA,NA,NA,NA
"105","Cholera",2017,1,0,"",NA,NA,NA,NA
"106","Cholera",2017,10,0,"",NA,NA,NA,NA
"107","Cholera",2017,11,0,"",NA,NA,NA,NA
"108","Cholera",2017,12,0,"",NA,NA,NA,NA
"109","Cholera",2017,13,0,"",NA,NA,NA,NA
"110","Cholera",2017,14,0,"",NA,NA,NA,NA
"111","Cholera",2017,15,0,"",NA,NA,NA,NA
"112","Cholera",2017,16,0,"",NA,NA,NA,NA
"113","Cholera",2017,17,0,"",NA,NA,NA,NA
"114","Cholera",2017,18,0,"",NA,NA,NA,NA
"115","Cholera",2017,19,0,"",NA,NA,NA,NA
"116","Cholera",2017,2,0,"",NA,NA,NA,NA
"117","Cholera",2017,20,0,"",NA,NA,NA,NA
"118","Cholera",2017,21,0,"",NA,NA,NA,NA
"119","Cholera",2017,22,0,"",NA,NA,NA,NA
"120","Cholera",2017,23,0,"",NA,NA,NA,NA
"121","Cholera",2017,24,0,"",NA,NA,NA,NA
"122","Cholera",2017,25,0,"",NA,NA,NA,NA
"123","Cholera",2017,26,0,"",NA,NA,NA,NA
"124","Cholera",2017,27,0,"",NA,NA,NA,NA
"125","Cholera",2017,28,0,"",NA,NA,NA,NA
"126","Cholera",2017,29,0,"",NA,NA,NA,NA
"127","Cholera",2017,3,0,"",NA,NA,NA,NA
"128","Cholera",2017,30,0,"",NA,NA,NA,NA
"129","Cholera",2017,31,0,"",NA,NA,NA,NA
"130","Cholera",2017,32,0,"",NA,NA,NA,NA
"131","Cholera",2017,33,0,"",NA,NA,NA,NA
"132","Cholera",2017,34,0,"",NA,NA,NA,NA
"133","Cholera",2017,35,0,"",NA,NA,NA,NA
"134","Cholera",2017,36,0,"",NA,NA,NA,NA
"135","Cholera",2017,37,0,"",NA,NA,NA,NA
"136","Cholera",2017,38,0,"",NA,NA,NA,NA
"137","Cholera",2017,39,1,"",NA,NA,NA,NA
"138","Cholera",2017,4,0,"",NA,NA,NA,NA
"139","Cholera",2017,40,0,"",NA,NA,NA,NA
"140","Cholera",2017,41,0,"",NA,NA,NA,NA
"141","Cholera",2017,42,0,"",NA,NA,NA,NA
"142","Cholera",2017,43,0,"",NA,NA,NA,NA
"143","Cholera",2017,44,1,"",NA,NA,NA,NA
"144","Cholera",2017,45,0,"",NA,NA,NA,NA
"145","Cholera",2017,46,0,"",NA,NA,NA,NA
"146","Cholera",2017,47,0,"",NA,NA,NA,NA
"147","Cholera",2017,48,0,"",NA,NA,NA,NA
"148","Cholera",2017,49,0,"",NA,NA,NA,NA
"149","Cholera",2017,5,0,"",NA,NA,NA,NA
"150","Cholera",2017,50,0,"",NA,NA,NA,NA
"151","Cholera",2017,51,0,"",NA,NA,NA,NA
"152","Cholera",2017,52,0,"",NA,NA,NA,NA
"153","Cholera",2017,6,0,"",NA,NA,NA,NA
"154","Cholera",2017,7,0,"",NA,NA,NA,NA
"155","Cholera",2017,8,0,"",NA,NA,NA,NA
"156","Cholera",2017,9,0,"",NA,NA,NA,NA
"157","Cholera",2018,1,0,"",NA,NA,NA,NA
"158","Cholera",2018,10,0,"",NA,NA,NA,NA
"159","Cholera",2018,11,0,"",NA,NA,NA,NA
"160","Cholera",2018,12,0,"",NA,NA,NA,NA
"161","Cholera",2018,13,0,"",NA,NA,NA,NA
"162","Cholera",2018,14,0,"",NA,NA,NA,NA
"163","Cholera",2018,15,0,"",NA,NA,NA,NA
"164","Cholera",2018,16,0,"",NA,NA,NA,NA
"165","Cholera",2018,17,0,"",NA,NA,NA,NA
"166","Cholera",2018,18,0,"",NA,NA,NA,NA
"167","Cholera",2018,19,0,"",NA,NA,NA,NA
"168","Cholera",2018,2,0,"",NA,NA,NA,NA
"169","Cholera",2018,20,0,"",NA,NA,NA,NA
"170","Cholera",2018,21,0,"",NA,NA,NA,NA
"171","Cholera",2018,22,0,"",NA,NA,NA,NA
"172","Cholera",2018,23,0,"",NA,NA,NA,NA
"173","Cholera",2018,24,0,"",NA,NA,NA,NA
"174","Cholera",2018,25,0,"",NA,NA,NA,NA
"175","Cholera",2018,26,0,"",NA,NA,NA,NA
"176","Cholera",2018,27,0,"",NA,NA,NA,NA
"177","Cholera",2018,28,0,"",NA,NA,NA,NA
"178","Cholera",2018,29,1,"",NA,NA,NA,NA
"179","Cholera",2018,3,0,"",NA,NA,NA,NA
"180","Cholera",2018,30,1,"",NA,NA,NA,NA
"181","Cholera",2018,31,0,"",NA,NA,NA,NA
"182","Cholera",2018,32,2,"",NA,NA,NA,NA
"183","Cholera",2018,33,0,"",NA,NA,NA,NA
"184","Cholera",2018,34,1,"",NA,NA,NA,NA
"185","Cholera",2018,35,0,"",NA,NA,NA,NA
"186","Cholera",2018,36,0,"",NA,NA,NA,NA
"187","Cholera",2018,37,1,"",NA,NA,NA,NA
"188","Cholera",2018,38,0,"",NA,NA,NA,NA
"189","Cholera",2018,39,0,"",NA,NA,NA,NA
"190","Cholera",2018,4,0,"",NA,NA,NA,NA
"191","Cholera",2018,40,1,"",NA,NA,NA,NA
"192","Cholera",2018,41,0,"",NA,NA,NA,NA
"193","Cholera",2018,42,0,"",NA,NA,NA,NA
"194","Cholera",2018,43,0,"",NA,NA,NA,NA
"195","Cholera",2018,44,0,"",NA,NA,NA,NA
"196","Cholera",2018,45,0,"",NA,NA,NA,NA
"197","Cholera",2018,46,0,"",NA,NA,NA,NA
"198","Cholera",2018,47,0,"",NA,NA,NA,NA
"199","Cholera",2018,48,0,"",NA,NA,NA,NA
"200","Cholera",2018,49,0,"",NA,NA,NA,NA
"201","Cholera",2018,5,0,"",NA,NA,NA,NA
"202","Cholera",2018,50,0,"",NA,NA,NA,NA
"203","Cholera",2018,51,0,"",NA,NA,NA,NA
"204","Cholera",2018,52,0,"",NA,NA,NA,NA
"205","Cholera",2018,6,0,"",NA,NA,NA,NA
"206","Cholera",2018,7,0,"",NA,NA,NA,NA
"207","Cholera",2018,8,0,"",NA,NA,NA,NA
"208","Cholera",2018,9,0,"",NA,NA,NA,NA
"209","Cholera",2019,1,0,"",NA,NA,NA,NA
"210","Cholera",2019,10,0,"",NA,NA,NA,NA
"211","Cholera",2019,11,0,"",NA,NA,NA,NA
"212","Cholera",2019,12,0,"",NA,NA,NA,NA
"213","Cholera",2019,13,0,"",NA,NA,NA,NA
"214","Cholera",2019,14,0,"",NA,NA,NA,NA
"215","Cholera",2019,15,0,"",NA,NA,NA,NA
"216","Cholera",2019,16,0,"",NA,NA,NA,NA
"217","Cholera",2019,17,0,"",NA,NA,NA,NA
"218","Cholera",2019,18,0,"",NA,NA,NA,NA
"219","Cholera",2019,19,0,"",NA,NA,NA,NA
"220","Cholera",2019,2,0,"",NA,NA,NA,NA
"221","Cholera",2019,20,0,"",NA,NA,NA,NA
"222","Cholera",2019,21,0,"",NA,NA,NA,NA
"223","Cholera",2019,22,0,"",NA,NA,NA,NA
"224","Cholera",2019,23,0,"",NA,NA,NA,NA
"225","Cholera",2019,24,0,"",NA,NA,NA,NA
"226","Cholera",2019,25,0,"",NA,NA,NA,NA
"227","Cholera",2019,26,0,"",NA,NA,NA,NA
"228","Cholera",2019,27,0,"",NA,NA,NA,NA
"229","Cholera",2019,28,0,"",NA,NA,NA,NA
"230","Cholera",2019,29,0,"",NA,NA,NA,NA
"231","Cholera",2019,3,0,"",NA,NA,NA,NA
"232","Cholera",2019,30,0,"",NA,NA,NA,NA
"233","Cholera",2019,31,0,"",NA,NA,NA,NA
"234","Cholera",2019,32,0,"",NA,NA,NA,NA
"235","Cholera",2019,33,0,"",NA,NA,NA,NA
"236","Cholera",2019,34,0,"",NA,NA,NA,NA
"237","Cholera",2019,35,0,"",NA,NA,NA,NA
"238","Cholera",2019,36,0,"",NA,NA,NA,NA
"239","Cholera",2019,37,0,"",NA,NA,NA,NA
"240","Cholera",2019,38,0,"",NA,NA,NA,NA
"241","Cholera",2019,39,11,"",NA,NA,NA,NA
"242","Cholera",2019,4,0,"",NA,NA,NA,NA
"243","Cholera",2019,40,0,"",NA,NA,NA,NA
"244","Cholera",2019,41,0,"",NA,NA,NA,NA
"245","Cholera",2019,42,0,"",NA,NA,NA,NA
"246","Cholera",2019,43,13,"",NA,NA,NA,NA
"247","Cholera",2019,44,0,"",NA,NA,NA,NA
"248","Cholera",2019,45,0,"",NA,NA,NA,NA
"249","Cholera",2019,46,0,"",NA,NA,NA,NA
"250","Cholera",2019,47,0,"",NA,NA,NA,NA
"251","Cholera",2019,48,0,"",NA,NA,NA,NA
"252","Cholera",2019,49,0,"",NA,NA,NA,NA
"253","Cholera",2019,5,0,"",NA,NA,NA,NA
"254","Cholera",2019,50,0,"",NA,NA,NA,NA
"255","Cholera",2019,51,0,"",NA,NA,NA,NA
"256","Cholera",2019,52,0,"",NA,NA,NA,NA
"257","Cholera",2019,6,0,"",NA,NA,NA,NA
"258","Cholera",2019,8,0,"",NA,NA,NA,NA
"259","Cholera",2019,9,0,"",NA,NA,NA,NA
"260","Cholera",2020,1,0,"",NA,NA,NA,NA
"261","Cholera",2020,10,0,"",NA,NA,NA,NA
"262","Cholera",2020,11,0,"",NA,NA,NA,NA
"263","Cholera",2020,12,0,"",NA,NA,NA,NA
"264","Cholera",2020,13,0,"",NA,NA,NA,NA
"265","Cholera",2020,14,0,"",NA,NA,NA,NA
"266","Cholera",2020,15,0,"",NA,NA,NA,NA
"267","Cholera",2020,16,0,"",NA,NA,NA,NA
"268","Cholera",2020,17,0,"",NA,NA,NA,NA
"269","Cholera",2020,18,0,"",NA,NA,NA,NA
"270","Cholera",2020,2,0,"",NA,NA,NA,NA
"271","Cholera",2020,3,0,"",NA,NA,NA,NA
"272","Cholera",2020,4,0,"",NA,NA,NA,NA
"273","Cholera",2020,5,0,"",NA,NA,NA,NA
"274","Cholera",2020,6,0,"",NA,NA,NA,NA
"275","Cholera",2020,7,0,"",NA,NA,NA,NA
"276","Cholera",2020,8,0,"",NA,NA,NA,NA
"277","Cholera",2020,9,0,"",NA,NA,NA,NA
