"","Disease","EpiYear","EpiWeek","Incidence","ADM0","ADM1","ADM2","NA","NA"
"1","Melioidosis",2015,1,2,"",NA,NA,NA,NA
"2","Melioidosis",2015,10,0,"",NA,NA,NA,NA
"3","Melioidosis",2015,11,0,"",NA,NA,NA,NA
"4","Melioidosis",2015,12,1,"",NA,NA,NA,NA
"5","Melioidosis",2015,13,1,"",NA,NA,NA,NA
"6","Melioidosis",2015,14,1,"",NA,NA,NA,NA
"7","Melioidosis",2015,15,0,"",NA,NA,NA,NA
"8","Melioidosis",2015,16,0,"",NA,NA,NA,NA
"9","Melioidosis",2015,17,1,"",NA,NA,NA,NA
"10","Melioidosis",2015,18,0,"",NA,NA,NA,NA
"11","Melioidosis",2015,19,0,"",NA,NA,NA,NA
"12","Melioidosis",2015,2,2,"",NA,NA,NA,NA
"13","Melioidosis",2015,20,0,"",NA,NA,NA,NA
"14","Melioidosis",2015,21,0,"",NA,NA,NA,NA
"15","Melioidosis",2015,22,1,"",NA,NA,NA,NA
"16","Melioidosis",2015,23,2,"",NA,NA,NA,NA
"17","Melioidosis",2015,24,0,"",NA,NA,NA,NA
"18","Melioidosis",2015,25,0,"",NA,NA,NA,NA
"19","Melioidosis",2015,26,2,"",NA,NA,NA,NA
"20","Melioidosis",2015,27,0,"",NA,NA,NA,NA
"21","Melioidosis",2015,28,3,"",NA,NA,NA,NA
"22","Melioidosis",2015,29,0,"",NA,NA,NA,NA
"23","Melioidosis",2015,3,1,"",NA,NA,NA,NA
"24","Melioidosis",2015,30,0,"",NA,NA,NA,NA
"25","Melioidosis",2015,31,1,"",NA,NA,NA,NA
"26","Melioidosis",2015,32,0,"",NA,NA,NA,NA
"27","Melioidosis",2015,33,3,"",NA,NA,NA,NA
"28","Melioidosis",2015,34,1,"",NA,NA,NA,NA
"29","Melioidosis",2015,35,1,"",NA,NA,NA,NA
"30","Melioidosis",2015,36,0,"",NA,NA,NA,NA
"31","Melioidosis",2015,37,1,"",NA,NA,NA,NA
"32","Melioidosis",2015,38,1,"",NA,NA,NA,NA
"33","Melioidosis",2015,39,1,"",NA,NA,NA,NA
"34","Melioidosis",2015,4,0,"",NA,NA,NA,NA
"35","Melioidosis",2015,40,1,"",NA,NA,NA,NA
"36","Melioidosis",2015,41,1,"",NA,NA,NA,NA
"37","Melioidosis",2015,42,1,"",NA,NA,NA,NA
"38","Melioidosis",2015,43,1,"",NA,NA,NA,NA
"39","Melioidosis",2015,44,2,"",NA,NA,NA,NA
"40","Melioidosis",2015,45,0,"",NA,NA,NA,NA
"41","Melioidosis",2015,46,2,"",NA,NA,NA,NA
"42","Melioidosis",2015,47,0,"",NA,NA,NA,NA
"43","Melioidosis",2015,48,0,"",NA,NA,NA,NA
"44","Melioidosis",2015,49,0,"",NA,NA,NA,NA
"45","Melioidosis",2015,5,0,"",NA,NA,NA,NA
"46","Melioidosis",2015,50,1,"",NA,NA,NA,NA
"47","Melioidosis",2015,51,1,"",NA,NA,NA,NA
"48","Melioidosis",2015,52,0,"",NA,NA,NA,NA
"49","Melioidosis",2015,6,0,"",NA,NA,NA,NA
"50","Melioidosis",2015,7,0,"",NA,NA,NA,NA
"51","Melioidosis",2015,8,0,"",NA,NA,NA,NA
"52","Melioidosis",2015,9,0,"",NA,NA,NA,NA
"53","Melioidosis",2016,1,0,"",NA,NA,NA,NA
"54","Melioidosis",2016,10,0,"",NA,NA,NA,NA
"55","Melioidosis",2016,11,0,"",NA,NA,NA,NA
"56","Melioidosis",2016,12,0,"",NA,NA,NA,NA
"57","Melioidosis",2016,13,1,"",NA,NA,NA,NA
"58","Melioidosis",2016,14,0,"",NA,NA,NA,NA
"59","Melioidosis",2016,15,1,"",NA,NA,NA,NA
"60","Melioidosis",2016,16,1,"",NA,NA,NA,NA
"61","Melioidosis",2016,17,0,"",NA,NA,NA,NA
"62","Melioidosis",2016,18,0,"",NA,NA,NA,NA
"63","Melioidosis",2016,19,0,"",NA,NA,NA,NA
"64","Melioidosis",2016,2,0,"",NA,NA,NA,NA
"65","Melioidosis",2016,20,0,"",NA,NA,NA,NA
"66","Melioidosis",2016,21,0,"",NA,NA,NA,NA
"67","Melioidosis",2016,22,0,"",NA,NA,NA,NA
"68","Melioidosis",2016,23,0,"",NA,NA,NA,NA
"69","Melioidosis",2016,24,1,"",NA,NA,NA,NA
"70","Melioidosis",2016,25,0,"",NA,NA,NA,NA
"71","Melioidosis",2016,26,1,"",NA,NA,NA,NA
"72","Melioidosis",2016,27,1,"",NA,NA,NA,NA
"73","Melioidosis",2016,28,0,"",NA,NA,NA,NA
"74","Melioidosis",2016,29,1,"",NA,NA,NA,NA
"75","Melioidosis",2016,3,0,"",NA,NA,NA,NA
"76","Melioidosis",2016,30,4,"",NA,NA,NA,NA
"77","Melioidosis",2016,31,0,"",NA,NA,NA,NA
"78","Melioidosis",2016,32,0,"",NA,NA,NA,NA
"79","Melioidosis",2016,33,1,"",NA,NA,NA,NA
"80","Melioidosis",2016,34,2,"",NA,NA,NA,NA
"81","Melioidosis",2016,35,2,"",NA,NA,NA,NA
"82","Melioidosis",2016,36,0,"",NA,NA,NA,NA
"83","Melioidosis",2016,37,0,"",NA,NA,NA,NA
"84","Melioidosis",2016,38,2,"",NA,NA,NA,NA
"85","Melioidosis",2016,39,3,"",NA,NA,NA,NA
"86","Melioidosis",2016,4,0,"",NA,NA,NA,NA
"87","Melioidosis",2016,40,4,"",NA,NA,NA,NA
"88","Melioidosis",2016,41,6,"",NA,NA,NA,NA
"89","Melioidosis",2016,42,3,"",NA,NA,NA,NA
"90","Melioidosis",2016,43,1,"",NA,NA,NA,NA
"91","Melioidosis",2016,44,2,"",NA,NA,NA,NA
"92","Melioidosis",2016,45,4,"",NA,NA,NA,NA
"93","Melioidosis",2016,46,0,"",NA,NA,NA,NA
"94","Melioidosis",2016,47,2,"",NA,NA,NA,NA
"95","Melioidosis",2016,48,1,"",NA,NA,NA,NA
"96","Melioidosis",2016,49,3,"",NA,NA,NA,NA
"97","Melioidosis",2016,5,0,"",NA,NA,NA,NA
"98","Melioidosis",2016,50,1,"",NA,NA,NA,NA
"99","Melioidosis",2016,51,1,"",NA,NA,NA,NA
"100","Melioidosis",2016,52,1,"",NA,NA,NA,NA
"101","Melioidosis",2016,6,0,"",NA,NA,NA,NA
"102","Melioidosis",2016,7,0,"",NA,NA,NA,NA
"103","Melioidosis",2016,8,0,"",NA,NA,NA,NA
"104","Melioidosis",2016,9,2,"",NA,NA,NA,NA
"105","Melioidosis",2017,1,0,"",NA,NA,NA,NA
"106","Melioidosis",2017,10,1,"",NA,NA,NA,NA
"107","Melioidosis",2017,11,0,"",NA,NA,NA,NA
"108","Melioidosis",2017,12,0,"",NA,NA,NA,NA
"109","Melioidosis",2017,13,0,"",NA,NA,NA,NA
"110","Melioidosis",2017,14,0,"",NA,NA,NA,NA
"111","Melioidosis",2017,15,1,"",NA,NA,NA,NA
"112","Melioidosis",2017,16,0,"",NA,NA,NA,NA
"113","Melioidosis",2017,17,0,"",NA,NA,NA,NA
"114","Melioidosis",2017,18,0,"",NA,NA,NA,NA
"115","Melioidosis",2017,19,0,"",NA,NA,NA,NA
"116","Melioidosis",2017,2,0,"",NA,NA,NA,NA
"117","Melioidosis",2017,20,1,"",NA,NA,NA,NA
"118","Melioidosis",2017,21,0,"",NA,NA,NA,NA
"119","Melioidosis",2017,22,0,"",NA,NA,NA,NA
"120","Melioidosis",2017,23,1,"",NA,NA,NA,NA
"121","Melioidosis",2017,24,0,"",NA,NA,NA,NA
"122","Melioidosis",2017,25,0,"",NA,NA,NA,NA
"123","Melioidosis",2017,26,0,"",NA,NA,NA,NA
"124","Melioidosis",2017,27,0,"",NA,NA,NA,NA
"125","Melioidosis",2017,28,2,"",NA,NA,NA,NA
"126","Melioidosis",2017,29,0,"",NA,NA,NA,NA
"127","Melioidosis",2017,3,1,"",NA,NA,NA,NA
"128","Melioidosis",2017,30,1,"",NA,NA,NA,NA
"129","Melioidosis",2017,31,0,"",NA,NA,NA,NA
"130","Melioidosis",2017,32,1,"",NA,NA,NA,NA
"131","Melioidosis",2017,33,1,"",NA,NA,NA,NA
"132","Melioidosis",2017,34,2,"",NA,NA,NA,NA
"133","Melioidosis",2017,35,2,"",NA,NA,NA,NA
"134","Melioidosis",2017,36,2,"",NA,NA,NA,NA
"135","Melioidosis",2017,37,0,"",NA,NA,NA,NA
"136","Melioidosis",2017,38,0,"",NA,NA,NA,NA
"137","Melioidosis",2017,39,1,"",NA,NA,NA,NA
"138","Melioidosis",2017,4,2,"",NA,NA,NA,NA
"139","Melioidosis",2017,40,0,"",NA,NA,NA,NA
"140","Melioidosis",2017,41,0,"",NA,NA,NA,NA
"141","Melioidosis",2017,42,0,"",NA,NA,NA,NA
"142","Melioidosis",2017,43,0,"",NA,NA,NA,NA
"143","Melioidosis",2017,44,0,"",NA,NA,NA,NA
"144","Melioidosis",2017,45,1,"",NA,NA,NA,NA
"145","Melioidosis",2017,46,1,"",NA,NA,NA,NA
"146","Melioidosis",2017,47,0,"",NA,NA,NA,NA
"147","Melioidosis",2017,48,1,"",NA,NA,NA,NA
"148","Melioidosis",2017,49,0,"",NA,NA,NA,NA
"149","Melioidosis",2017,5,0,"",NA,NA,NA,NA
"150","Melioidosis",2017,50,0,"",NA,NA,NA,NA
"151","Melioidosis",2017,51,0,"",NA,NA,NA,NA
"152","Melioidosis",2017,52,0,"",NA,NA,NA,NA
"153","Melioidosis",2017,6,0,"",NA,NA,NA,NA
"154","Melioidosis",2017,7,0,"",NA,NA,NA,NA
"155","Melioidosis",2017,8,0,"",NA,NA,NA,NA
"156","Melioidosis",2017,9,0,"",NA,NA,NA,NA
"157","Melioidosis",2018,1,0,"",NA,NA,NA,NA
"158","Melioidosis",2018,10,0,"",NA,NA,NA,NA
"159","Melioidosis",2018,11,1,"",NA,NA,NA,NA
"160","Melioidosis",2018,12,0,"",NA,NA,NA,NA
"161","Melioidosis",2018,13,0,"",NA,NA,NA,NA
"162","Melioidosis",2018,14,0,"",NA,NA,NA,NA
"163","Melioidosis",2018,15,0,"",NA,NA,NA,NA
"164","Melioidosis",2018,16,0,"",NA,NA,NA,NA
"165","Melioidosis",2018,17,1,"",NA,NA,NA,NA
"166","Melioidosis",2018,18,0,"",NA,NA,NA,NA
"167","Melioidosis",2018,19,0,"",NA,NA,NA,NA
"168","Melioidosis",2018,2,0,"",NA,NA,NA,NA
"169","Melioidosis",2018,20,0,"",NA,NA,NA,NA
"170","Melioidosis",2018,21,0,"",NA,NA,NA,NA
"171","Melioidosis",2018,22,0,"",NA,NA,NA,NA
"172","Melioidosis",2018,23,0,"",NA,NA,NA,NA
"173","Melioidosis",2018,24,0,"",NA,NA,NA,NA
"174","Melioidosis",2018,25,0,"",NA,NA,NA,NA
"175","Melioidosis",2018,26,0,"",NA,NA,NA,NA
"176","Melioidosis",2018,27,0,"",NA,NA,NA,NA
"177","Melioidosis",2018,28,2,"",NA,NA,NA,NA
"178","Melioidosis",2018,29,1,"",NA,NA,NA,NA
"179","Melioidosis",2018,3,2,"",NA,NA,NA,NA
"180","Melioidosis",2018,30,0,"",NA,NA,NA,NA
"181","Melioidosis",2018,31,0,"",NA,NA,NA,NA
"182","Melioidosis",2018,32,1,"",NA,NA,NA,NA
"183","Melioidosis",2018,33,1,"",NA,NA,NA,NA
"184","Melioidosis",2018,34,0,"",NA,NA,NA,NA
"185","Melioidosis",2018,35,1,"",NA,NA,NA,NA
"186","Melioidosis",2018,36,2,"",NA,NA,NA,NA
"187","Melioidosis",2018,37,4,"",NA,NA,NA,NA
"188","Melioidosis",2018,38,0,"",NA,NA,NA,NA
"189","Melioidosis",2018,39,2,"",NA,NA,NA,NA
"190","Melioidosis",2018,4,0,"",NA,NA,NA,NA
"191","Melioidosis",2018,40,2,"",NA,NA,NA,NA
"192","Melioidosis",2018,41,0,"",NA,NA,NA,NA
"193","Melioidosis",2018,42,1,"",NA,NA,NA,NA
"194","Melioidosis",2018,43,0,"",NA,NA,NA,NA
"195","Melioidosis",2018,44,0,"",NA,NA,NA,NA
"196","Melioidosis",2018,45,0,"",NA,NA,NA,NA
"197","Melioidosis",2018,46,0,"",NA,NA,NA,NA
"198","Melioidosis",2018,47,0,"",NA,NA,NA,NA
"199","Melioidosis",2018,48,1,"",NA,NA,NA,NA
"200","Melioidosis",2018,49,0,"",NA,NA,NA,NA
"201","Melioidosis",2018,5,1,"",NA,NA,NA,NA
"202","Melioidosis",2018,50,1,"",NA,NA,NA,NA
"203","Melioidosis",2018,51,0,"",NA,NA,NA,NA
"204","Melioidosis",2018,52,0,"",NA,NA,NA,NA
"205","Melioidosis",2018,6,0,"",NA,NA,NA,NA
"206","Melioidosis",2018,7,0,"",NA,NA,NA,NA
"207","Melioidosis",2018,8,0,"",NA,NA,NA,NA
"208","Melioidosis",2018,9,0,"",NA,NA,NA,NA
"209","Melioidosis",2019,1,1,"",NA,NA,NA,NA
"210","Melioidosis",2019,10,0,"",NA,NA,NA,NA
"211","Melioidosis",2019,11,0,"",NA,NA,NA,NA
"212","Melioidosis",2019,12,0,"",NA,NA,NA,NA
"213","Melioidosis",2019,13,0,"",NA,NA,NA,NA
"214","Melioidosis",2019,14,0,"",NA,NA,NA,NA
"215","Melioidosis",2019,15,0,"",NA,NA,NA,NA
"216","Melioidosis",2019,16,0,"",NA,NA,NA,NA
"217","Melioidosis",2019,17,0,"",NA,NA,NA,NA
"218","Melioidosis",2019,18,0,"",NA,NA,NA,NA
"219","Melioidosis",2019,19,0,"",NA,NA,NA,NA
"220","Melioidosis",2019,2,0,"",NA,NA,NA,NA
"221","Melioidosis",2019,20,0,"",NA,NA,NA,NA
"222","Melioidosis",2019,21,0,"",NA,NA,NA,NA
"223","Melioidosis",2019,22,0,"",NA,NA,NA,NA
"224","Melioidosis",2019,23,0,"",NA,NA,NA,NA
"225","Melioidosis",2019,24,0,"",NA,NA,NA,NA
"226","Melioidosis",2019,25,0,"",NA,NA,NA,NA
"227","Melioidosis",2019,26,0,"",NA,NA,NA,NA
"228","Melioidosis",2019,27,1,"",NA,NA,NA,NA
"229","Melioidosis",2019,28,1,"",NA,NA,NA,NA
"230","Melioidosis",2019,29,1,"",NA,NA,NA,NA
"231","Melioidosis",2019,3,0,"",NA,NA,NA,NA
"232","Melioidosis",2019,30,0,"",NA,NA,NA,NA
"233","Melioidosis",2019,31,5,"",NA,NA,NA,NA
"234","Melioidosis",2019,32,2,"",NA,NA,NA,NA
"235","Melioidosis",2019,33,1,"",NA,NA,NA,NA
"236","Melioidosis",2019,34,5,"",NA,NA,NA,NA
"237","Melioidosis",2019,35,4,"",NA,NA,NA,NA
"238","Melioidosis",2019,36,6,"",NA,NA,NA,NA
"239","Melioidosis",2019,37,1,"",NA,NA,NA,NA
"240","Melioidosis",2019,38,3,"",NA,NA,NA,NA
"241","Melioidosis",2019,39,1,"",NA,NA,NA,NA
"242","Melioidosis",2019,4,0,"",NA,NA,NA,NA
"243","Melioidosis",2019,40,2,"",NA,NA,NA,NA
"244","Melioidosis",2019,41,2,"",NA,NA,NA,NA
"245","Melioidosis",2019,42,1,"",NA,NA,NA,NA
"246","Melioidosis",2019,43,1,"",NA,NA,NA,NA
"247","Melioidosis",2019,44,0,"",NA,NA,NA,NA
"248","Melioidosis",2019,45,0,"",NA,NA,NA,NA
"249","Melioidosis",2019,46,0,"",NA,NA,NA,NA
"250","Melioidosis",2019,47,1,"",NA,NA,NA,NA
"251","Melioidosis",2019,48,0,"",NA,NA,NA,NA
"252","Melioidosis",2019,49,0,"",NA,NA,NA,NA
"253","Melioidosis",2019,5,0,"",NA,NA,NA,NA
"254","Melioidosis",2019,50,0,"",NA,NA,NA,NA
"255","Melioidosis",2019,51,0,"",NA,NA,NA,NA
"256","Melioidosis",2019,52,0,"",NA,NA,NA,NA
"257","Melioidosis",2019,6,0,"",NA,NA,NA,NA
"258","Melioidosis",2019,8,0,"",NA,NA,NA,NA
"259","Melioidosis",2019,9,0,"",NA,NA,NA,NA
"260","Melioidosis",2020,1,0,"",NA,NA,NA,NA
"261","Melioidosis",2020,10,0,"",NA,NA,NA,NA
"262","Melioidosis",2020,11,1,"",NA,NA,NA,NA
"263","Melioidosis",2020,12,0,"",NA,NA,NA,NA
"264","Melioidosis",2020,13,0,"",NA,NA,NA,NA
"265","Melioidosis",2020,14,0,"",NA,NA,NA,NA
"266","Melioidosis",2020,15,0,"",NA,NA,NA,NA
"267","Melioidosis",2020,16,1,"",NA,NA,NA,NA
"268","Melioidosis",2020,17,0,"",NA,NA,NA,NA
"269","Melioidosis",2020,18,1,"",NA,NA,NA,NA
"270","Melioidosis",2020,2,0,"",NA,NA,NA,NA
"271","Melioidosis",2020,3,0,"",NA,NA,NA,NA
"272","Melioidosis",2020,4,1,"",NA,NA,NA,NA
"273","Melioidosis",2020,5,0,"",NA,NA,NA,NA
"274","Melioidosis",2020,6,0,"",NA,NA,NA,NA
"275","Melioidosis",2020,7,0,"",NA,NA,NA,NA
"276","Melioidosis",2020,8,1,"",NA,NA,NA,NA
"277","Melioidosis",2020,9,0,"",NA,NA,NA,NA
