"","Disease","EpiYear","EpiWeek","Incidence","ADM0","ADM1","ADM2","NA","NA"
"1","Hepatitis D",2016,19,0,"",NA,NA,NA,NA
"2","Hepatitis D",2016,20,0,"",NA,NA,NA,NA
"3","Hepatitis D",2016,21,0,"",NA,NA,NA,NA
"4","Hepatitis D",2016,22,0,"",NA,NA,NA,NA
"5","Hepatitis D",2016,23,0,"",NA,NA,NA,NA
"6","Hepatitis D",2016,24,0,"",NA,NA,NA,NA
"7","Hepatitis D",2016,25,0,"",NA,NA,NA,NA
"8","Hepatitis D",2016,26,0,"",NA,NA,NA,NA
"9","Hepatitis D",2016,27,0,"",NA,NA,NA,NA
"10","Hepatitis D",2016,28,0,"",NA,NA,NA,NA
"11","Hepatitis D",2016,29,0,"",NA,NA,NA,NA
"12","Hepatitis D",2016,30,0,"",NA,NA,NA,NA
"13","Hepatitis D",2016,31,0,"",NA,NA,NA,NA
"14","Hepatitis D",2016,32,0,"",NA,NA,NA,NA
"15","Hepatitis D",2016,33,0,"",NA,NA,NA,NA
"16","Hepatitis D",2016,34,0,"",NA,NA,NA,NA
"17","Hepatitis D",2016,35,0,"",NA,NA,NA,NA
"18","Hepatitis D",2016,36,0,"",NA,NA,NA,NA
"19","Hepatitis D",2016,37,0,"",NA,NA,NA,NA
"20","Hepatitis D",2016,38,0,"",NA,NA,NA,NA
"21","Hepatitis D",2016,39,0,"",NA,NA,NA,NA
"22","Hepatitis D",2016,40,0,"",NA,NA,NA,NA
"23","Hepatitis D",2016,41,0,"",NA,NA,NA,NA
"24","Hepatitis D",2016,42,0,"",NA,NA,NA,NA
"25","Hepatitis D",2016,43,0,"",NA,NA,NA,NA
"26","Hepatitis D",2016,44,0,"",NA,NA,NA,NA
"27","Hepatitis D",2016,45,0,"",NA,NA,NA,NA
"28","Hepatitis D",2016,46,0,"",NA,NA,NA,NA
"29","Hepatitis D",2016,47,0,"",NA,NA,NA,NA
"30","Hepatitis D",2016,48,0,"",NA,NA,NA,NA
"31","Hepatitis D",2016,49,0,"",NA,NA,NA,NA
"32","Hepatitis D",2016,50,0,"",NA,NA,NA,NA
"33","Hepatitis D",2016,51,0,"",NA,NA,NA,NA
"34","Hepatitis D",2016,52,0,"",NA,NA,NA,NA
"35","Hepatitis D",2016,1,0,"",NA,NA,NA,NA
"36","Hepatitis D",2016,10,0,"",NA,NA,NA,NA
"37","Hepatitis D",2016,11,0,"",NA,NA,NA,NA
"38","Hepatitis D",2016,12,0,"",NA,NA,NA,NA
"39","Hepatitis D",2016,13,0,"",NA,NA,NA,NA
"40","Hepatitis D",2016,14,0,"",NA,NA,NA,NA
"41","Hepatitis D",2016,15,0,"",NA,NA,NA,NA
"42","Hepatitis D",2016,16,0,"",NA,NA,NA,NA
"43","Hepatitis D",2016,17,0,"",NA,NA,NA,NA
"44","Hepatitis D",2016,18,0,"",NA,NA,NA,NA
"45","Hepatitis D",2016,2,0,"",NA,NA,NA,NA
"46","Hepatitis D",2016,3,0,"",NA,NA,NA,NA
"47","Hepatitis D",2016,4,3,"",NA,NA,NA,NA
"48","Hepatitis D",2016,5,0,"",NA,NA,NA,NA
"49","Hepatitis D",2016,6,0,"",NA,NA,NA,NA
"50","Hepatitis D",2016,7,0,"",NA,NA,NA,NA
"51","Hepatitis D",2016,8,1,"",NA,NA,NA,NA
"52","Hepatitis D",2016,9,0,"",NA,NA,NA,NA
"53","Hepatitis D",2017,1,0,"",NA,NA,NA,NA
"54","Hepatitis D",2017,10,0,"",NA,NA,NA,NA
"55","Hepatitis D",2017,11,0,"",NA,NA,NA,NA
"56","Hepatitis D",2017,12,0,"",NA,NA,NA,NA
"57","Hepatitis D",2017,13,0,"",NA,NA,NA,NA
"58","Hepatitis D",2017,14,0,"",NA,NA,NA,NA
"59","Hepatitis D",2017,15,0,"",NA,NA,NA,NA
"60","Hepatitis D",2017,16,0,"",NA,NA,NA,NA
"61","Hepatitis D",2017,17,0,"",NA,NA,NA,NA
"62","Hepatitis D",2017,18,0,"",NA,NA,NA,NA
"63","Hepatitis D",2017,19,0,"",NA,NA,NA,NA
"64","Hepatitis D",2017,2,1,"",NA,NA,NA,NA
"65","Hepatitis D",2017,20,0,"",NA,NA,NA,NA
"66","Hepatitis D",2017,21,0,"",NA,NA,NA,NA
"67","Hepatitis D",2017,22,0,"",NA,NA,NA,NA
"68","Hepatitis D",2017,23,0,"",NA,NA,NA,NA
"69","Hepatitis D",2017,24,0,"",NA,NA,NA,NA
"70","Hepatitis D",2017,25,0,"",NA,NA,NA,NA
"71","Hepatitis D",2017,26,0,"",NA,NA,NA,NA
"72","Hepatitis D",2017,27,0,"",NA,NA,NA,NA
"73","Hepatitis D",2017,28,0,"",NA,NA,NA,NA
"74","Hepatitis D",2017,29,0,"",NA,NA,NA,NA
"75","Hepatitis D",2017,3,0,"",NA,NA,NA,NA
"76","Hepatitis D",2017,30,0,"",NA,NA,NA,NA
"77","Hepatitis D",2017,31,0,"",NA,NA,NA,NA
"78","Hepatitis D",2017,32,0,"",NA,NA,NA,NA
"79","Hepatitis D",2017,33,0,"",NA,NA,NA,NA
"80","Hepatitis D",2017,34,0,"",NA,NA,NA,NA
"81","Hepatitis D",2017,35,0,"",NA,NA,NA,NA
"82","Hepatitis D",2017,36,0,"",NA,NA,NA,NA
"83","Hepatitis D",2017,37,0,"",NA,NA,NA,NA
"84","Hepatitis D",2017,38,0,"",NA,NA,NA,NA
"85","Hepatitis D",2017,39,0,"",NA,NA,NA,NA
"86","Hepatitis D",2017,4,0,"",NA,NA,NA,NA
"87","Hepatitis D",2017,40,0,"",NA,NA,NA,NA
"88","Hepatitis D",2017,41,0,"",NA,NA,NA,NA
"89","Hepatitis D",2017,42,0,"",NA,NA,NA,NA
"90","Hepatitis D",2017,43,0,"",NA,NA,NA,NA
"91","Hepatitis D",2017,44,0,"",NA,NA,NA,NA
"92","Hepatitis D",2017,45,0,"",NA,NA,NA,NA
"93","Hepatitis D",2017,46,0,"",NA,NA,NA,NA
"94","Hepatitis D",2017,47,0,"",NA,NA,NA,NA
"95","Hepatitis D",2017,48,0,"",NA,NA,NA,NA
"96","Hepatitis D",2017,49,0,"",NA,NA,NA,NA
"97","Hepatitis D",2017,5,0,"",NA,NA,NA,NA
"98","Hepatitis D",2017,50,0,"",NA,NA,NA,NA
"99","Hepatitis D",2017,51,0,"",NA,NA,NA,NA
"100","Hepatitis D",2017,52,0,"",NA,NA,NA,NA
"101","Hepatitis D",2017,6,0,"",NA,NA,NA,NA
"102","Hepatitis D",2017,7,0,"",NA,NA,NA,NA
"103","Hepatitis D",2017,8,0,"",NA,NA,NA,NA
"104","Hepatitis D",2017,9,0,"",NA,NA,NA,NA
"105","Hepatitis D",2018,1,0,"",NA,NA,NA,NA
"106","Hepatitis D",2018,10,0,"",NA,NA,NA,NA
"107","Hepatitis D",2018,11,0,"",NA,NA,NA,NA
"108","Hepatitis D",2018,12,0,"",NA,NA,NA,NA
"109","Hepatitis D",2018,13,0,"",NA,NA,NA,NA
"110","Hepatitis D",2018,14,0,"",NA,NA,NA,NA
"111","Hepatitis D",2018,15,0,"",NA,NA,NA,NA
"112","Hepatitis D",2018,16,0,"",NA,NA,NA,NA
"113","Hepatitis D",2018,17,0,"",NA,NA,NA,NA
"114","Hepatitis D",2018,18,14,"",NA,NA,NA,NA
"115","Hepatitis D",2018,19,6,"",NA,NA,NA,NA
"116","Hepatitis D",2018,2,0,"",NA,NA,NA,NA
"117","Hepatitis D",2018,20,0,"",NA,NA,NA,NA
"118","Hepatitis D",2018,21,0,"",NA,NA,NA,NA
"119","Hepatitis D",2018,22,0,"",NA,NA,NA,NA
"120","Hepatitis D",2018,23,0,"",NA,NA,NA,NA
"121","Hepatitis D",2018,24,0,"",NA,NA,NA,NA
"122","Hepatitis D",2018,25,0,"",NA,NA,NA,NA
"123","Hepatitis D",2018,26,0,"",NA,NA,NA,NA
"124","Hepatitis D",2018,27,0,"",NA,NA,NA,NA
"125","Hepatitis D",2018,28,0,"",NA,NA,NA,NA
"126","Hepatitis D",2018,29,0,"",NA,NA,NA,NA
"127","Hepatitis D",2018,3,0,"",NA,NA,NA,NA
"128","Hepatitis D",2018,30,0,"",NA,NA,NA,NA
"129","Hepatitis D",2018,31,0,"",NA,NA,NA,NA
"130","Hepatitis D",2018,32,0,"",NA,NA,NA,NA
"131","Hepatitis D",2018,33,0,"",NA,NA,NA,NA
"132","Hepatitis D",2018,34,0,"",NA,NA,NA,NA
"133","Hepatitis D",2018,35,0,"",NA,NA,NA,NA
"134","Hepatitis D",2018,36,0,"",NA,NA,NA,NA
"135","Hepatitis D",2018,37,0,"",NA,NA,NA,NA
"136","Hepatitis D",2018,38,0,"",NA,NA,NA,NA
"137","Hepatitis D",2018,39,0,"",NA,NA,NA,NA
"138","Hepatitis D",2018,4,0,"",NA,NA,NA,NA
"139","Hepatitis D",2018,40,0,"",NA,NA,NA,NA
"140","Hepatitis D",2018,41,0,"",NA,NA,NA,NA
"141","Hepatitis D",2018,42,0,"",NA,NA,NA,NA
"142","Hepatitis D",2018,43,0,"",NA,NA,NA,NA
"143","Hepatitis D",2018,44,0,"",NA,NA,NA,NA
"144","Hepatitis D",2018,45,0,"",NA,NA,NA,NA
"145","Hepatitis D",2018,46,0,"",NA,NA,NA,NA
"146","Hepatitis D",2018,47,0,"",NA,NA,NA,NA
"147","Hepatitis D",2018,48,0,"",NA,NA,NA,NA
"148","Hepatitis D",2018,49,0,"",NA,NA,NA,NA
"149","Hepatitis D",2018,5,0,"",NA,NA,NA,NA
"150","Hepatitis D",2018,50,0,"",NA,NA,NA,NA
"151","Hepatitis D",2018,51,0,"",NA,NA,NA,NA
"152","Hepatitis D",2018,52,0,"",NA,NA,NA,NA
"153","Hepatitis D",2018,6,0,"",NA,NA,NA,NA
"154","Hepatitis D",2018,7,0,"",NA,NA,NA,NA
"155","Hepatitis D",2018,8,0,"",NA,NA,NA,NA
"156","Hepatitis D",2018,9,0,"",NA,NA,NA,NA
"157","Hepatitis D",2019,1,0,"",NA,NA,NA,NA
"158","Hepatitis D",2019,10,0,"",NA,NA,NA,NA
"159","Hepatitis D",2019,11,0,"",NA,NA,NA,NA
"160","Hepatitis D",2019,12,0,"",NA,NA,NA,NA
"161","Hepatitis D",2019,13,11,"",NA,NA,NA,NA
"162","Hepatitis D",2019,14,6,"",NA,NA,NA,NA
"163","Hepatitis D",2019,15,15,"",NA,NA,NA,NA
"164","Hepatitis D",2019,16,12,"",NA,NA,NA,NA
"165","Hepatitis D",2019,17,11,"",NA,NA,NA,NA
"166","Hepatitis D",2019,18,12,"",NA,NA,NA,NA
"167","Hepatitis D",2019,19,10,"",NA,NA,NA,NA
"168","Hepatitis D",2019,2,0,"",NA,NA,NA,NA
"169","Hepatitis D",2019,20,19,"",NA,NA,NA,NA
"170","Hepatitis D",2019,21,12,"",NA,NA,NA,NA
"171","Hepatitis D",2019,22,0,"",NA,NA,NA,NA
"172","Hepatitis D",2019,23,0,"",NA,NA,NA,NA
"173","Hepatitis D",2019,24,0,"",NA,NA,NA,NA
"174","Hepatitis D",2019,25,0,"",NA,NA,NA,NA
"175","Hepatitis D",2019,26,0,"",NA,NA,NA,NA
"176","Hepatitis D",2019,27,0,"",NA,NA,NA,NA
"177","Hepatitis D",2019,28,0,"",NA,NA,NA,NA
"178","Hepatitis D",2019,29,0,"",NA,NA,NA,NA
"179","Hepatitis D",2019,3,0,"",NA,NA,NA,NA
"180","Hepatitis D",2019,30,0,"",NA,NA,NA,NA
"181","Hepatitis D",2019,31,0,"",NA,NA,NA,NA
"182","Hepatitis D",2019,32,0,"",NA,NA,NA,NA
"183","Hepatitis D",2019,33,0,"",NA,NA,NA,NA
"184","Hepatitis D",2019,34,0,"",NA,NA,NA,NA
"185","Hepatitis D",2019,35,0,"",NA,NA,NA,NA
"186","Hepatitis D",2019,36,0,"",NA,NA,NA,NA
"187","Hepatitis D",2019,37,0,"",NA,NA,NA,NA
"188","Hepatitis D",2019,38,0,"",NA,NA,NA,NA
"189","Hepatitis D",2019,39,0,"",NA,NA,NA,NA
"190","Hepatitis D",2019,4,0,"",NA,NA,NA,NA
"191","Hepatitis D",2019,40,0,"",NA,NA,NA,NA
"192","Hepatitis D",2019,41,0,"",NA,NA,NA,NA
"193","Hepatitis D",2019,42,0,"",NA,NA,NA,NA
"194","Hepatitis D",2019,43,0,"",NA,NA,NA,NA
"195","Hepatitis D",2019,44,0,"",NA,NA,NA,NA
"196","Hepatitis D",2019,45,0,"",NA,NA,NA,NA
"197","Hepatitis D",2019,46,0,"",NA,NA,NA,NA
"198","Hepatitis D",2019,47,0,"",NA,NA,NA,NA
"199","Hepatitis D",2019,48,0,"",NA,NA,NA,NA
"200","Hepatitis D",2019,49,0,"",NA,NA,NA,NA
"201","Hepatitis D",2019,5,0,"",NA,NA,NA,NA
"202","Hepatitis D",2019,50,0,"",NA,NA,NA,NA
"203","Hepatitis D",2019,51,0,"",NA,NA,NA,NA
"204","Hepatitis D",2019,52,0,"",NA,NA,NA,NA
"205","Hepatitis D",2019,6,0,"",NA,NA,NA,NA
"206","Hepatitis D",2019,8,0,"",NA,NA,NA,NA
"207","Hepatitis D",2019,9,0,"",NA,NA,NA,NA
"208","Hepatitis D",2020,1,0,"",NA,NA,NA,NA
"209","Hepatitis D",2020,10,0,"",NA,NA,NA,NA
"210","Hepatitis D",2020,11,0,"",NA,NA,NA,NA
"211","Hepatitis D",2020,12,0,"",NA,NA,NA,NA
"212","Hepatitis D",2020,13,0,"",NA,NA,NA,NA
"213","Hepatitis D",2020,14,0,"",NA,NA,NA,NA
"214","Hepatitis D",2020,15,0,"",NA,NA,NA,NA
"215","Hepatitis D",2020,16,0,"",NA,NA,NA,NA
"216","Hepatitis D",2020,17,0,"",NA,NA,NA,NA
"217","Hepatitis D",2020,18,0,"",NA,NA,NA,NA
"218","Hepatitis D",2020,2,0,"",NA,NA,NA,NA
"219","Hepatitis D",2020,3,0,"",NA,NA,NA,NA
"220","Hepatitis D",2020,4,0,"",NA,NA,NA,NA
"221","Hepatitis D",2020,5,0,"",NA,NA,NA,NA
"222","Hepatitis D",2020,6,0,"",NA,NA,NA,NA
"223","Hepatitis D",2020,7,0,"",NA,NA,NA,NA
"224","Hepatitis D",2020,8,0,"",NA,NA,NA,NA
"225","Hepatitis D",2020,9,0,"",NA,NA,NA,NA
"226","Hepatitis D",2015,1,0,"",NA,NA,NA,NA
"227","Hepatitis D",2015,10,0,"",NA,NA,NA,NA
"228","Hepatitis D",2015,11,1,"",NA,NA,NA,NA
"229","Hepatitis D",2015,12,0,"",NA,NA,NA,NA
"230","Hepatitis D",2015,13,0,"",NA,NA,NA,NA
"231","Hepatitis D",2015,14,0,"",NA,NA,NA,NA
"232","Hepatitis D",2015,15,0,"",NA,NA,NA,NA
"233","Hepatitis D",2015,16,0,"",NA,NA,NA,NA
"234","Hepatitis D",2015,17,0,"",NA,NA,NA,NA
"235","Hepatitis D",2015,18,0,"",NA,NA,NA,NA
"236","Hepatitis D",2015,19,0,"",NA,NA,NA,NA
"237","Hepatitis D",2015,2,0,"",NA,NA,NA,NA
"238","Hepatitis D",2015,20,0,"",NA,NA,NA,NA
"239","Hepatitis D",2015,21,0,"",NA,NA,NA,NA
"240","Hepatitis D",2015,22,0,"",NA,NA,NA,NA
"241","Hepatitis D",2015,23,0,"",NA,NA,NA,NA
"242","Hepatitis D",2015,24,0,"",NA,NA,NA,NA
"243","Hepatitis D",2015,25,0,"",NA,NA,NA,NA
"244","Hepatitis D",2015,26,0,"",NA,NA,NA,NA
"245","Hepatitis D",2015,27,0,"",NA,NA,NA,NA
"246","Hepatitis D",2015,28,0,"",NA,NA,NA,NA
"247","Hepatitis D",2015,29,0,"",NA,NA,NA,NA
"248","Hepatitis D",2015,3,0,"",NA,NA,NA,NA
"249","Hepatitis D",2015,30,0,"",NA,NA,NA,NA
"250","Hepatitis D",2015,31,0,"",NA,NA,NA,NA
"251","Hepatitis D",2015,32,0,"",NA,NA,NA,NA
"252","Hepatitis D",2015,33,0,"",NA,NA,NA,NA
"253","Hepatitis D",2015,34,0,"",NA,NA,NA,NA
"254","Hepatitis D",2015,35,0,"",NA,NA,NA,NA
"255","Hepatitis D",2015,36,0,"",NA,NA,NA,NA
"256","Hepatitis D",2015,37,0,"",NA,NA,NA,NA
"257","Hepatitis D",2015,38,0,"",NA,NA,NA,NA
"258","Hepatitis D",2015,39,0,"",NA,NA,NA,NA
"259","Hepatitis D",2015,4,0,"",NA,NA,NA,NA
"260","Hepatitis D",2015,40,0,"",NA,NA,NA,NA
"261","Hepatitis D",2015,41,0,"",NA,NA,NA,NA
"262","Hepatitis D",2015,42,0,"",NA,NA,NA,NA
"263","Hepatitis D",2015,43,0,"",NA,NA,NA,NA
"264","Hepatitis D",2015,44,0,"",NA,NA,NA,NA
"265","Hepatitis D",2015,45,1,"",NA,NA,NA,NA
"266","Hepatitis D",2015,46,0,"",NA,NA,NA,NA
"267","Hepatitis D",2015,47,0,"",NA,NA,NA,NA
"268","Hepatitis D",2015,48,0,"",NA,NA,NA,NA
"269","Hepatitis D",2015,49,0,"",NA,NA,NA,NA
"270","Hepatitis D",2015,5,0,"",NA,NA,NA,NA
"271","Hepatitis D",2015,50,0,"",NA,NA,NA,NA
"272","Hepatitis D",2015,51,0,"",NA,NA,NA,NA
"273","Hepatitis D",2015,52,0,"",NA,NA,NA,NA
"274","Hepatitis D",2015,6,0,"",NA,NA,NA,NA
"275","Hepatitis D",2015,7,0,"",NA,NA,NA,NA
"276","Hepatitis D",2015,8,0,"",NA,NA,NA,NA
"277","Hepatitis D",2015,9,0,"",NA,NA,NA,NA
