"","Disease","EpiYear","EpiWeek","Incidence","ADM0","ADM1","ADM2","NA","NA"
"1","Hepatitis A",2015,1,1,"",NA,NA,NA,NA
"2","Hepatitis A",2015,10,0,"",NA,NA,NA,NA
"3","Hepatitis A",2015,11,0,"",NA,NA,NA,NA
"4","Hepatitis A",2015,12,5,"",NA,NA,NA,NA
"5","Hepatitis A",2015,13,0,"",NA,NA,NA,NA
"6","Hepatitis A",2015,14,1,"",NA,NA,NA,NA
"7","Hepatitis A",2015,15,0,"",NA,NA,NA,NA
"8","Hepatitis A",2015,16,2,"",NA,NA,NA,NA
"9","Hepatitis A",2015,17,0,"",NA,NA,NA,NA
"10","Hepatitis A",2015,18,1,"",NA,NA,NA,NA
"11","Hepatitis A",2015,19,1,"",NA,NA,NA,NA
"12","Hepatitis A",2015,2,1,"",NA,NA,NA,NA
"13","Hepatitis A",2015,20,3,"",NA,NA,NA,NA
"14","Hepatitis A",2015,21,4,"",NA,NA,NA,NA
"15","Hepatitis A",2015,22,1,"",NA,NA,NA,NA
"16","Hepatitis A",2015,23,1,"",NA,NA,NA,NA
"17","Hepatitis A",2015,24,1,"",NA,NA,NA,NA
"18","Hepatitis A",2015,25,1,"",NA,NA,NA,NA
"19","Hepatitis A",2015,26,4,"",NA,NA,NA,NA
"20","Hepatitis A",2015,27,1,"",NA,NA,NA,NA
"21","Hepatitis A",2015,28,2,"",NA,NA,NA,NA
"22","Hepatitis A",2015,29,5,"",NA,NA,NA,NA
"23","Hepatitis A",2015,3,1,"",NA,NA,NA,NA
"24","Hepatitis A",2015,30,4,"",NA,NA,NA,NA
"25","Hepatitis A",2015,31,5,"",NA,NA,NA,NA
"26","Hepatitis A",2015,32,2,"",NA,NA,NA,NA
"27","Hepatitis A",2015,33,1,"",NA,NA,NA,NA
"28","Hepatitis A",2015,34,3,"",NA,NA,NA,NA
"29","Hepatitis A",2015,35,5,"",NA,NA,NA,NA
"30","Hepatitis A",2015,36,8,"",NA,NA,NA,NA
"31","Hepatitis A",2015,37,7,"",NA,NA,NA,NA
"32","Hepatitis A",2015,38,3,"",NA,NA,NA,NA
"33","Hepatitis A",2015,39,5,"",NA,NA,NA,NA
"34","Hepatitis A",2015,4,4,"",NA,NA,NA,NA
"35","Hepatitis A",2015,40,5,"",NA,NA,NA,NA
"36","Hepatitis A",2015,41,6,"",NA,NA,NA,NA
"37","Hepatitis A",2015,42,4,"",NA,NA,NA,NA
"38","Hepatitis A",2015,43,5,"",NA,NA,NA,NA
"39","Hepatitis A",2015,44,5,"",NA,NA,NA,NA
"40","Hepatitis A",2015,45,3,"",NA,NA,NA,NA
"41","Hepatitis A",2015,46,2,"",NA,NA,NA,NA
"42","Hepatitis A",2015,47,3,"",NA,NA,NA,NA
"43","Hepatitis A",2015,48,6,"",NA,NA,NA,NA
"44","Hepatitis A",2015,49,4,"",NA,NA,NA,NA
"45","Hepatitis A",2015,5,2,"",NA,NA,NA,NA
"46","Hepatitis A",2015,50,6,"",NA,NA,NA,NA
"47","Hepatitis A",2015,51,13,"",NA,NA,NA,NA
"48","Hepatitis A",2015,52,5,"",NA,NA,NA,NA
"49","Hepatitis A",2015,6,0,"",NA,NA,NA,NA
"50","Hepatitis A",2015,7,1,"",NA,NA,NA,NA
"51","Hepatitis A",2015,8,4,"",NA,NA,NA,NA
"52","Hepatitis A",2015,9,1,"",NA,NA,NA,NA
"53","Hepatitis A",2016,1,2,"",NA,NA,NA,NA
"54","Hepatitis A",2016,10,10,"",NA,NA,NA,NA
"55","Hepatitis A",2016,11,23,"",NA,NA,NA,NA
"56","Hepatitis A",2016,12,22,"",NA,NA,NA,NA
"57","Hepatitis A",2016,13,21,"",NA,NA,NA,NA
"58","Hepatitis A",2016,14,18,"",NA,NA,NA,NA
"59","Hepatitis A",2016,15,24,"",NA,NA,NA,NA
"60","Hepatitis A",2016,16,10,"",NA,NA,NA,NA
"61","Hepatitis A",2016,17,14,"",NA,NA,NA,NA
"62","Hepatitis A",2016,18,26,"",NA,NA,NA,NA
"63","Hepatitis A",2016,19,37,"",NA,NA,NA,NA
"64","Hepatitis A",2016,2,7,"",NA,NA,NA,NA
"65","Hepatitis A",2016,20,24,"",NA,NA,NA,NA
"66","Hepatitis A",2016,21,29,"",NA,NA,NA,NA
"67","Hepatitis A",2016,22,41,"",NA,NA,NA,NA
"68","Hepatitis A",2016,23,34,"",NA,NA,NA,NA
"69","Hepatitis A",2016,24,29,"",NA,NA,NA,NA
"70","Hepatitis A",2016,25,37,"",NA,NA,NA,NA
"71","Hepatitis A",2016,26,34,"",NA,NA,NA,NA
"72","Hepatitis A",2016,27,30,"",NA,NA,NA,NA
"73","Hepatitis A",2016,28,42,"",NA,NA,NA,NA
"74","Hepatitis A",2016,29,38,"",NA,NA,NA,NA
"75","Hepatitis A",2016,3,5,"",NA,NA,NA,NA
"76","Hepatitis A",2016,30,33,"",NA,NA,NA,NA
"77","Hepatitis A",2016,31,28,"",NA,NA,NA,NA
"78","Hepatitis A",2016,32,29,"",NA,NA,NA,NA
"79","Hepatitis A",2016,33,20,"",NA,NA,NA,NA
"80","Hepatitis A",2016,34,25,"",NA,NA,NA,NA
"81","Hepatitis A",2016,35,17,"",NA,NA,NA,NA
"82","Hepatitis A",2016,36,22,"",NA,NA,NA,NA
"83","Hepatitis A",2016,37,19,"",NA,NA,NA,NA
"84","Hepatitis A",2016,38,28,"",NA,NA,NA,NA
"85","Hepatitis A",2016,39,18,"",NA,NA,NA,NA
"86","Hepatitis A",2016,4,13,"",NA,NA,NA,NA
"87","Hepatitis A",2016,40,23,"",NA,NA,NA,NA
"88","Hepatitis A",2016,41,21,"",NA,NA,NA,NA
"89","Hepatitis A",2016,42,18,"",NA,NA,NA,NA
"90","Hepatitis A",2016,43,24,"",NA,NA,NA,NA
"91","Hepatitis A",2016,44,24,"",NA,NA,NA,NA
"92","Hepatitis A",2016,45,24,"",NA,NA,NA,NA
"93","Hepatitis A",2016,46,24,"",NA,NA,NA,NA
"94","Hepatitis A",2016,47,23,"",NA,NA,NA,NA
"95","Hepatitis A",2016,48,16,"",NA,NA,NA,NA
"96","Hepatitis A",2016,49,32,"",NA,NA,NA,NA
"97","Hepatitis A",2016,5,10,"",NA,NA,NA,NA
"98","Hepatitis A",2016,50,13,"",NA,NA,NA,NA
"99","Hepatitis A",2016,51,16,"",NA,NA,NA,NA
"100","Hepatitis A",2016,52,16,"",NA,NA,NA,NA
"101","Hepatitis A",2016,6,5,"",NA,NA,NA,NA
"102","Hepatitis A",2016,7,14,"",NA,NA,NA,NA
"103","Hepatitis A",2016,8,7,"",NA,NA,NA,NA
"104","Hepatitis A",2016,9,11,"",NA,NA,NA,NA
"105","Hepatitis A",2017,1,13,"",NA,NA,NA,NA
"106","Hepatitis A",2017,10,8,"",NA,NA,NA,NA
"107","Hepatitis A",2017,11,16,"",NA,NA,NA,NA
"108","Hepatitis A",2017,12,14,"",NA,NA,NA,NA
"109","Hepatitis A",2017,13,12,"",NA,NA,NA,NA
"110","Hepatitis A",2017,14,12,"",NA,NA,NA,NA
"111","Hepatitis A",2017,15,14,"",NA,NA,NA,NA
"112","Hepatitis A",2017,16,7,"",NA,NA,NA,NA
"113","Hepatitis A",2017,17,6,"",NA,NA,NA,NA
"114","Hepatitis A",2017,18,2,"",NA,NA,NA,NA
"115","Hepatitis A",2017,19,9,"",NA,NA,NA,NA
"116","Hepatitis A",2017,2,14,"",NA,NA,NA,NA
"117","Hepatitis A",2017,20,9,"",NA,NA,NA,NA
"118","Hepatitis A",2017,21,9,"",NA,NA,NA,NA
"119","Hepatitis A",2017,22,9,"",NA,NA,NA,NA
"120","Hepatitis A",2017,23,8,"",NA,NA,NA,NA
"121","Hepatitis A",2017,24,6,"",NA,NA,NA,NA
"122","Hepatitis A",2017,25,6,"",NA,NA,NA,NA
"123","Hepatitis A",2017,26,7,"",NA,NA,NA,NA
"124","Hepatitis A",2017,27,3,"",NA,NA,NA,NA
"125","Hepatitis A",2017,28,7,"",NA,NA,NA,NA
"126","Hepatitis A",2017,29,3,"",NA,NA,NA,NA
"127","Hepatitis A",2017,3,19,"",NA,NA,NA,NA
"128","Hepatitis A",2017,30,4,"",NA,NA,NA,NA
"129","Hepatitis A",2017,31,2,"",NA,NA,NA,NA
"130","Hepatitis A",2017,32,3,"",NA,NA,NA,NA
"131","Hepatitis A",2017,33,5,"",NA,NA,NA,NA
"132","Hepatitis A",2017,34,7,"",NA,NA,NA,NA
"133","Hepatitis A",2017,35,2,"",NA,NA,NA,NA
"134","Hepatitis A",2017,36,2,"",NA,NA,NA,NA
"135","Hepatitis A",2017,37,4,"",NA,NA,NA,NA
"136","Hepatitis A",2017,38,3,"",NA,NA,NA,NA
"137","Hepatitis A",2017,39,3,"",NA,NA,NA,NA
"138","Hepatitis A",2017,4,16,"",NA,NA,NA,NA
"139","Hepatitis A",2017,40,1,"",NA,NA,NA,NA
"140","Hepatitis A",2017,41,2,"",NA,NA,NA,NA
"141","Hepatitis A",2017,42,2,"",NA,NA,NA,NA
"142","Hepatitis A",2017,43,3,"",NA,NA,NA,NA
"143","Hepatitis A",2017,44,1,"",NA,NA,NA,NA
"144","Hepatitis A",2017,45,2,"",NA,NA,NA,NA
"145","Hepatitis A",2017,46,5,"",NA,NA,NA,NA
"146","Hepatitis A",2017,47,8,"",NA,NA,NA,NA
"147","Hepatitis A",2017,48,5,"",NA,NA,NA,NA
"148","Hepatitis A",2017,49,3,"",NA,NA,NA,NA
"149","Hepatitis A",2017,5,8,"",NA,NA,NA,NA
"150","Hepatitis A",2017,50,4,"",NA,NA,NA,NA
"151","Hepatitis A",2017,51,2,"",NA,NA,NA,NA
"152","Hepatitis A",2017,52,3,"",NA,NA,NA,NA
"153","Hepatitis A",2017,6,16,"",NA,NA,NA,NA
"154","Hepatitis A",2017,7,19,"",NA,NA,NA,NA
"155","Hepatitis A",2017,8,14,"",NA,NA,NA,NA
"156","Hepatitis A",2017,9,17,"",NA,NA,NA,NA
"157","Hepatitis A",2018,1,3,"",NA,NA,NA,NA
"158","Hepatitis A",2018,10,1,"",NA,NA,NA,NA
"159","Hepatitis A",2018,11,1,"",NA,NA,NA,NA
"160","Hepatitis A",2018,12,0,"",NA,NA,NA,NA
"161","Hepatitis A",2018,13,5,"",NA,NA,NA,NA
"162","Hepatitis A",2018,14,2,"",NA,NA,NA,NA
"163","Hepatitis A",2018,15,0,"",NA,NA,NA,NA
"164","Hepatitis A",2018,16,2,"",NA,NA,NA,NA
"165","Hepatitis A",2018,17,4,"",NA,NA,NA,NA
"166","Hepatitis A",2018,18,2,"",NA,NA,NA,NA
"167","Hepatitis A",2018,19,3,"",NA,NA,NA,NA
"168","Hepatitis A",2018,2,2,"",NA,NA,NA,NA
"169","Hepatitis A",2018,20,4,"",NA,NA,NA,NA
"170","Hepatitis A",2018,21,2,"",NA,NA,NA,NA
"171","Hepatitis A",2018,22,3,"",NA,NA,NA,NA
"172","Hepatitis A",2018,23,0,"",NA,NA,NA,NA
"173","Hepatitis A",2018,24,2,"",NA,NA,NA,NA
"174","Hepatitis A",2018,25,0,"",NA,NA,NA,NA
"175","Hepatitis A",2018,26,3,"",NA,NA,NA,NA
"176","Hepatitis A",2018,27,1,"",NA,NA,NA,NA
"177","Hepatitis A",2018,28,2,"",NA,NA,NA,NA
"178","Hepatitis A",2018,29,2,"",NA,NA,NA,NA
"179","Hepatitis A",2018,3,3,"",NA,NA,NA,NA
"180","Hepatitis A",2018,30,2,"",NA,NA,NA,NA
"181","Hepatitis A",2018,31,5,"",NA,NA,NA,NA
"182","Hepatitis A",2018,32,2,"",NA,NA,NA,NA
"183","Hepatitis A",2018,33,3,"",NA,NA,NA,NA
"184","Hepatitis A",2018,34,2,"",NA,NA,NA,NA
"185","Hepatitis A",2018,35,1,"",NA,NA,NA,NA
"186","Hepatitis A",2018,36,1,"",NA,NA,NA,NA
"187","Hepatitis A",2018,37,1,"",NA,NA,NA,NA
"188","Hepatitis A",2018,38,1,"",NA,NA,NA,NA
"189","Hepatitis A",2018,39,0,"",NA,NA,NA,NA
"190","Hepatitis A",2018,4,0,"",NA,NA,NA,NA
"191","Hepatitis A",2018,40,1,"",NA,NA,NA,NA
"192","Hepatitis A",2018,41,0,"",NA,NA,NA,NA
"193","Hepatitis A",2018,42,2,"",NA,NA,NA,NA
"194","Hepatitis A",2018,43,2,"",NA,NA,NA,NA
"195","Hepatitis A",2018,44,1,"",NA,NA,NA,NA
"196","Hepatitis A",2018,45,1,"",NA,NA,NA,NA
"197","Hepatitis A",2018,46,1,"",NA,NA,NA,NA
"198","Hepatitis A",2018,47,2,"",NA,NA,NA,NA
"199","Hepatitis A",2018,48,1,"",NA,NA,NA,NA
"200","Hepatitis A",2018,49,3,"",NA,NA,NA,NA
"201","Hepatitis A",2018,5,1,"",NA,NA,NA,NA
"202","Hepatitis A",2018,50,3,"",NA,NA,NA,NA
"203","Hepatitis A",2018,51,1,"",NA,NA,NA,NA
"204","Hepatitis A",2018,52,0,"",NA,NA,NA,NA
"205","Hepatitis A",2018,6,1,"",NA,NA,NA,NA
"206","Hepatitis A",2018,7,1,"",NA,NA,NA,NA
"207","Hepatitis A",2018,8,0,"",NA,NA,NA,NA
"208","Hepatitis A",2018,9,2,"",NA,NA,NA,NA
"209","Hepatitis A",2019,1,5,"",NA,NA,NA,NA
"210","Hepatitis A",2019,10,2,"",NA,NA,NA,NA
"211","Hepatitis A",2019,11,4,"",NA,NA,NA,NA
"212","Hepatitis A",2019,12,4,"",NA,NA,NA,NA
"213","Hepatitis A",2019,13,4,"",NA,NA,NA,NA
"214","Hepatitis A",2019,14,2,"",NA,NA,NA,NA
"215","Hepatitis A",2019,15,2,"",NA,NA,NA,NA
"216","Hepatitis A",2019,16,1,"",NA,NA,NA,NA
"217","Hepatitis A",2019,17,3,"",NA,NA,NA,NA
"218","Hepatitis A",2019,18,0,"",NA,NA,NA,NA
"219","Hepatitis A",2019,19,2,"",NA,NA,NA,NA
"220","Hepatitis A",2019,2,0,"",NA,NA,NA,NA
"221","Hepatitis A",2019,20,0,"",NA,NA,NA,NA
"222","Hepatitis A",2019,21,2,"",NA,NA,NA,NA
"223","Hepatitis A",2019,22,2,"",NA,NA,NA,NA
"224","Hepatitis A",2019,23,1,"",NA,NA,NA,NA
"225","Hepatitis A",2019,24,0,"",NA,NA,NA,NA
"226","Hepatitis A",2019,25,2,"",NA,NA,NA,NA
"227","Hepatitis A",2019,26,3,"",NA,NA,NA,NA
"228","Hepatitis A",2019,27,0,"",NA,NA,NA,NA
"229","Hepatitis A",2019,28,4,"",NA,NA,NA,NA
"230","Hepatitis A",2019,29,2,"",NA,NA,NA,NA
"231","Hepatitis A",2019,3,3,"",NA,NA,NA,NA
"232","Hepatitis A",2019,30,1,"",NA,NA,NA,NA
"233","Hepatitis A",2019,31,1,"",NA,NA,NA,NA
"234","Hepatitis A",2019,32,3,"",NA,NA,NA,NA
"235","Hepatitis A",2019,33,5,"",NA,NA,NA,NA
"236","Hepatitis A",2019,34,3,"",NA,NA,NA,NA
"237","Hepatitis A",2019,35,0,"",NA,NA,NA,NA
"238","Hepatitis A",2019,36,3,"",NA,NA,NA,NA
"239","Hepatitis A",2019,37,1,"",NA,NA,NA,NA
"240","Hepatitis A",2019,38,1,"",NA,NA,NA,NA
"241","Hepatitis A",2019,39,4,"",NA,NA,NA,NA
"242","Hepatitis A",2019,4,2,"",NA,NA,NA,NA
"243","Hepatitis A",2019,40,2,"",NA,NA,NA,NA
"244","Hepatitis A",2019,41,3,"",NA,NA,NA,NA
"245","Hepatitis A",2019,42,5,"",NA,NA,NA,NA
"246","Hepatitis A",2019,43,8,"",NA,NA,NA,NA
"247","Hepatitis A",2019,44,4,"",NA,NA,NA,NA
"248","Hepatitis A",2019,45,4,"",NA,NA,NA,NA
"249","Hepatitis A",2019,46,1,"",NA,NA,NA,NA
"250","Hepatitis A",2019,47,4,"",NA,NA,NA,NA
"251","Hepatitis A",2019,48,6,"",NA,NA,NA,NA
"252","Hepatitis A",2019,49,0,"",NA,NA,NA,NA
"253","Hepatitis A",2019,5,1,"",NA,NA,NA,NA
"254","Hepatitis A",2019,50,5,"",NA,NA,NA,NA
"255","Hepatitis A",2019,51,0,"",NA,NA,NA,NA
"256","Hepatitis A",2019,52,1,"",NA,NA,NA,NA
"257","Hepatitis A",2019,6,1,"",NA,NA,NA,NA
"258","Hepatitis A",2019,8,3,"",NA,NA,NA,NA
"259","Hepatitis A",2019,9,2,"",NA,NA,NA,NA
"260","Hepatitis A",2020,1,1,"",NA,NA,NA,NA
"261","Hepatitis A",2020,10,3,"",NA,NA,NA,NA
"262","Hepatitis A",2020,11,2,"",NA,NA,NA,NA
"263","Hepatitis A",2020,12,1,"",NA,NA,NA,NA
"264","Hepatitis A",2020,13,2,"",NA,NA,NA,NA
"265","Hepatitis A",2020,14,1,"",NA,NA,NA,NA
"266","Hepatitis A",2020,15,0,"",NA,NA,NA,NA
"267","Hepatitis A",2020,16,0,"",NA,NA,NA,NA
"268","Hepatitis A",2020,17,0,"",NA,NA,NA,NA
"269","Hepatitis A",2020,18,1,"",NA,NA,NA,NA
"270","Hepatitis A",2020,2,4,"",NA,NA,NA,NA
"271","Hepatitis A",2020,3,1,"",NA,NA,NA,NA
"272","Hepatitis A",2020,4,4,"",NA,NA,NA,NA
"273","Hepatitis A",2020,5,2,"",NA,NA,NA,NA
"274","Hepatitis A",2020,6,3,"",NA,NA,NA,NA
"275","Hepatitis A",2020,7,2,"",NA,NA,NA,NA
"276","Hepatitis A",2020,8,1,"",NA,NA,NA,NA
"277","Hepatitis A",2020,9,2,"",NA,NA,NA,NA
