"","Disease","EpiYear","EpiWeek","Incidence","ADM0","ADM1","ADM2","NA","NA"
"1","Pertussis",2015,1,5,"",NA,NA,NA,NA
"2","Pertussis",2015,10,1,"",NA,NA,NA,NA
"3","Pertussis",2015,11,2,"",NA,NA,NA,NA
"4","Pertussis",2015,12,6,"",NA,NA,NA,NA
"5","Pertussis",2015,13,1,"",NA,NA,NA,NA
"6","Pertussis",2015,14,0,"",NA,NA,NA,NA
"7","Pertussis",2015,15,3,"",NA,NA,NA,NA
"8","Pertussis",2015,16,2,"",NA,NA,NA,NA
"9","Pertussis",2015,17,0,"",NA,NA,NA,NA
"10","Pertussis",2015,18,2,"",NA,NA,NA,NA
"11","Pertussis",2015,19,0,"",NA,NA,NA,NA
"12","Pertussis",2015,2,5,"",NA,NA,NA,NA
"13","Pertussis",2015,20,0,"",NA,NA,NA,NA
"14","Pertussis",2015,21,1,"",NA,NA,NA,NA
"15","Pertussis",2015,22,2,"",NA,NA,NA,NA
"16","Pertussis",2015,23,6,"",NA,NA,NA,NA
"17","Pertussis",2015,24,4,"",NA,NA,NA,NA
"18","Pertussis",2015,25,4,"",NA,NA,NA,NA
"19","Pertussis",2015,26,0,"",NA,NA,NA,NA
"20","Pertussis",2015,27,1,"",NA,NA,NA,NA
"21","Pertussis",2015,28,0,"",NA,NA,NA,NA
"22","Pertussis",2015,29,0,"",NA,NA,NA,NA
"23","Pertussis",2015,3,5,"",NA,NA,NA,NA
"24","Pertussis",2015,30,0,"",NA,NA,NA,NA
"25","Pertussis",2015,31,0,"",NA,NA,NA,NA
"26","Pertussis",2015,32,1,"",NA,NA,NA,NA
"27","Pertussis",2015,33,0,"",NA,NA,NA,NA
"28","Pertussis",2015,34,1,"",NA,NA,NA,NA
"29","Pertussis",2015,35,4,"",NA,NA,NA,NA
"30","Pertussis",2015,36,1,"",NA,NA,NA,NA
"31","Pertussis",2015,37,3,"",NA,NA,NA,NA
"32","Pertussis",2015,38,1,"",NA,NA,NA,NA
"33","Pertussis",2015,39,4,"",NA,NA,NA,NA
"34","Pertussis",2015,4,3,"",NA,NA,NA,NA
"35","Pertussis",2015,40,0,"",NA,NA,NA,NA
"36","Pertussis",2015,41,2,"",NA,NA,NA,NA
"37","Pertussis",2015,42,0,"",NA,NA,NA,NA
"38","Pertussis",2015,43,2,"",NA,NA,NA,NA
"39","Pertussis",2015,44,0,"",NA,NA,NA,NA
"40","Pertussis",2015,45,1,"",NA,NA,NA,NA
"41","Pertussis",2015,46,1,"",NA,NA,NA,NA
"42","Pertussis",2015,47,1,"",NA,NA,NA,NA
"43","Pertussis",2015,48,2,"",NA,NA,NA,NA
"44","Pertussis",2015,49,0,"",NA,NA,NA,NA
"45","Pertussis",2015,5,3,"",NA,NA,NA,NA
"46","Pertussis",2015,50,0,"",NA,NA,NA,NA
"47","Pertussis",2015,51,0,"",NA,NA,NA,NA
"48","Pertussis",2015,52,0,"",NA,NA,NA,NA
"49","Pertussis",2015,6,2,"",NA,NA,NA,NA
"50","Pertussis",2015,7,1,"",NA,NA,NA,NA
"51","Pertussis",2015,8,2,"",NA,NA,NA,NA
"52","Pertussis",2015,9,1,"",NA,NA,NA,NA
"53","Pertussis",2016,1,1,"",NA,NA,NA,NA
"54","Pertussis",2016,10,0,"",NA,NA,NA,NA
"55","Pertussis",2016,11,0,"",NA,NA,NA,NA
"56","Pertussis",2016,12,0,"",NA,NA,NA,NA
"57","Pertussis",2016,13,0,"",NA,NA,NA,NA
"58","Pertussis",2016,14,0,"",NA,NA,NA,NA
"59","Pertussis",2016,15,0,"",NA,NA,NA,NA
"60","Pertussis",2016,16,1,"",NA,NA,NA,NA
"61","Pertussis",2016,17,3,"",NA,NA,NA,NA
"62","Pertussis",2016,18,0,"",NA,NA,NA,NA
"63","Pertussis",2016,19,0,"",NA,NA,NA,NA
"64","Pertussis",2016,2,0,"",NA,NA,NA,NA
"65","Pertussis",2016,20,0,"",NA,NA,NA,NA
"66","Pertussis",2016,21,0,"",NA,NA,NA,NA
"67","Pertussis",2016,22,1,"",NA,NA,NA,NA
"68","Pertussis",2016,23,1,"",NA,NA,NA,NA
"69","Pertussis",2016,24,0,"",NA,NA,NA,NA
"70","Pertussis",2016,25,0,"",NA,NA,NA,NA
"71","Pertussis",2016,26,0,"",NA,NA,NA,NA
"72","Pertussis",2016,27,0,"",NA,NA,NA,NA
"73","Pertussis",2016,28,0,"",NA,NA,NA,NA
"74","Pertussis",2016,29,1,"",NA,NA,NA,NA
"75","Pertussis",2016,3,0,"",NA,NA,NA,NA
"76","Pertussis",2016,30,1,"",NA,NA,NA,NA
"77","Pertussis",2016,31,0,"",NA,NA,NA,NA
"78","Pertussis",2016,32,0,"",NA,NA,NA,NA
"79","Pertussis",2016,33,1,"",NA,NA,NA,NA
"80","Pertussis",2016,34,1,"",NA,NA,NA,NA
"81","Pertussis",2016,35,0,"",NA,NA,NA,NA
"82","Pertussis",2016,36,2,"",NA,NA,NA,NA
"83","Pertussis",2016,37,0,"",NA,NA,NA,NA
"84","Pertussis",2016,38,2,"",NA,NA,NA,NA
"85","Pertussis",2016,39,0,"",NA,NA,NA,NA
"86","Pertussis",2016,4,0,"",NA,NA,NA,NA
"87","Pertussis",2016,40,0,"",NA,NA,NA,NA
"88","Pertussis",2016,41,1,"",NA,NA,NA,NA
"89","Pertussis",2016,42,0,"",NA,NA,NA,NA
"90","Pertussis",2016,43,0,"",NA,NA,NA,NA
"91","Pertussis",2016,44,0,"",NA,NA,NA,NA
"92","Pertussis",2016,45,1,"",NA,NA,NA,NA
"93","Pertussis",2016,46,0,"",NA,NA,NA,NA
"94","Pertussis",2016,47,0,"",NA,NA,NA,NA
"95","Pertussis",2016,48,0,"",NA,NA,NA,NA
"96","Pertussis",2016,49,0,"",NA,NA,NA,NA
"97","Pertussis",2016,5,0,"",NA,NA,NA,NA
"98","Pertussis",2016,50,0,"",NA,NA,NA,NA
"99","Pertussis",2016,51,0,"",NA,NA,NA,NA
"100","Pertussis",2016,52,0,"",NA,NA,NA,NA
"101","Pertussis",2016,6,0,"",NA,NA,NA,NA
"102","Pertussis",2016,7,0,"",NA,NA,NA,NA
"103","Pertussis",2016,8,0,"",NA,NA,NA,NA
"104","Pertussis",2016,9,1,"",NA,NA,NA,NA
"105","Pertussis",2017,1,0,"",NA,NA,NA,NA
"106","Pertussis",2017,10,0,"",NA,NA,NA,NA
"107","Pertussis",2017,11,1,"",NA,NA,NA,NA
"108","Pertussis",2017,12,1,"",NA,NA,NA,NA
"109","Pertussis",2017,13,1,"",NA,NA,NA,NA
"110","Pertussis",2017,14,1,"",NA,NA,NA,NA
"111","Pertussis",2017,15,1,"",NA,NA,NA,NA
"112","Pertussis",2017,16,1,"",NA,NA,NA,NA
"113","Pertussis",2017,17,1,"",NA,NA,NA,NA
"114","Pertussis",2017,18,1,"",NA,NA,NA,NA
"115","Pertussis",2017,19,1,"",NA,NA,NA,NA
"116","Pertussis",2017,2,0,"",NA,NA,NA,NA
"117","Pertussis",2017,20,0,"",NA,NA,NA,NA
"118","Pertussis",2017,21,0,"",NA,NA,NA,NA
"119","Pertussis",2017,22,1,"",NA,NA,NA,NA
"120","Pertussis",2017,23,2,"",NA,NA,NA,NA
"121","Pertussis",2017,24,2,"",NA,NA,NA,NA
"122","Pertussis",2017,25,1,"",NA,NA,NA,NA
"123","Pertussis",2017,26,0,"",NA,NA,NA,NA
"124","Pertussis",2017,27,0,"",NA,NA,NA,NA
"125","Pertussis",2017,28,1,"",NA,NA,NA,NA
"126","Pertussis",2017,29,0,"",NA,NA,NA,NA
"127","Pertussis",2017,3,0,"",NA,NA,NA,NA
"128","Pertussis",2017,30,1,"",NA,NA,NA,NA
"129","Pertussis",2017,31,0,"",NA,NA,NA,NA
"130","Pertussis",2017,32,1,"",NA,NA,NA,NA
"131","Pertussis",2017,33,2,"",NA,NA,NA,NA
"132","Pertussis",2017,34,3,"",NA,NA,NA,NA
"133","Pertussis",2017,35,1,"",NA,NA,NA,NA
"134","Pertussis",2017,36,0,"",NA,NA,NA,NA
"135","Pertussis",2017,37,1,"",NA,NA,NA,NA
"136","Pertussis",2017,38,1,"",NA,NA,NA,NA
"137","Pertussis",2017,39,0,"",NA,NA,NA,NA
"138","Pertussis",2017,4,0,"",NA,NA,NA,NA
"139","Pertussis",2017,40,1,"",NA,NA,NA,NA
"140","Pertussis",2017,41,0,"",NA,NA,NA,NA
"141","Pertussis",2017,42,2,"",NA,NA,NA,NA
"142","Pertussis",2017,43,0,"",NA,NA,NA,NA
"143","Pertussis",2017,44,2,"",NA,NA,NA,NA
"144","Pertussis",2017,45,1,"",NA,NA,NA,NA
"145","Pertussis",2017,46,0,"",NA,NA,NA,NA
"146","Pertussis",2017,47,0,"",NA,NA,NA,NA
"147","Pertussis",2017,48,0,"",NA,NA,NA,NA
"148","Pertussis",2017,49,0,"",NA,NA,NA,NA
"149","Pertussis",2017,5,0,"",NA,NA,NA,NA
"150","Pertussis",2017,50,0,"",NA,NA,NA,NA
"151","Pertussis",2017,51,0,"",NA,NA,NA,NA
"152","Pertussis",2017,52,0,"",NA,NA,NA,NA
"153","Pertussis",2017,6,2,"",NA,NA,NA,NA
"154","Pertussis",2017,7,0,"",NA,NA,NA,NA
"155","Pertussis",2017,8,0,"",NA,NA,NA,NA
"156","Pertussis",2017,9,0,"",NA,NA,NA,NA
"157","Pertussis",2018,1,0,"",NA,NA,NA,NA
"158","Pertussis",2018,10,1,"",NA,NA,NA,NA
"159","Pertussis",2018,11,0,"",NA,NA,NA,NA
"160","Pertussis",2018,12,1,"",NA,NA,NA,NA
"161","Pertussis",2018,13,1,"",NA,NA,NA,NA
"162","Pertussis",2018,14,1,"",NA,NA,NA,NA
"163","Pertussis",2018,15,3,"",NA,NA,NA,NA
"164","Pertussis",2018,16,0,"",NA,NA,NA,NA
"165","Pertussis",2018,17,0,"",NA,NA,NA,NA
"166","Pertussis",2018,18,0,"",NA,NA,NA,NA
"167","Pertussis",2018,19,0,"",NA,NA,NA,NA
"168","Pertussis",2018,2,0,"",NA,NA,NA,NA
"169","Pertussis",2018,20,0,"",NA,NA,NA,NA
"170","Pertussis",2018,21,1,"",NA,NA,NA,NA
"171","Pertussis",2018,22,0,"",NA,NA,NA,NA
"172","Pertussis",2018,23,1,"",NA,NA,NA,NA
"173","Pertussis",2018,24,1,"",NA,NA,NA,NA
"174","Pertussis",2018,25,1,"",NA,NA,NA,NA
"175","Pertussis",2018,26,0,"",NA,NA,NA,NA
"176","Pertussis",2018,27,0,"",NA,NA,NA,NA
"177","Pertussis",2018,28,0,"",NA,NA,NA,NA
"178","Pertussis",2018,29,0,"",NA,NA,NA,NA
"179","Pertussis",2018,3,1,"",NA,NA,NA,NA
"180","Pertussis",2018,30,0,"",NA,NA,NA,NA
"181","Pertussis",2018,31,0,"",NA,NA,NA,NA
"182","Pertussis",2018,32,2,"",NA,NA,NA,NA
"183","Pertussis",2018,33,1,"",NA,NA,NA,NA
"184","Pertussis",2018,34,2,"",NA,NA,NA,NA
"185","Pertussis",2018,35,0,"",NA,NA,NA,NA
"186","Pertussis",2018,36,5,"",NA,NA,NA,NA
"187","Pertussis",2018,37,0,"",NA,NA,NA,NA
"188","Pertussis",2018,38,2,"",NA,NA,NA,NA
"189","Pertussis",2018,39,0,"",NA,NA,NA,NA
"190","Pertussis",2018,4,0,"",NA,NA,NA,NA
"191","Pertussis",2018,40,0,"",NA,NA,NA,NA
"192","Pertussis",2018,41,1,"",NA,NA,NA,NA
"193","Pertussis",2018,42,1,"",NA,NA,NA,NA
"194","Pertussis",2018,43,0,"",NA,NA,NA,NA
"195","Pertussis",2018,44,0,"",NA,NA,NA,NA
"196","Pertussis",2018,45,1,"",NA,NA,NA,NA
"197","Pertussis",2018,46,1,"",NA,NA,NA,NA
"198","Pertussis",2018,47,1,"",NA,NA,NA,NA
"199","Pertussis",2018,48,0,"",NA,NA,NA,NA
"200","Pertussis",2018,49,0,"",NA,NA,NA,NA
"201","Pertussis",2018,5,0,"",NA,NA,NA,NA
"202","Pertussis",2018,50,0,"",NA,NA,NA,NA
"203","Pertussis",2018,51,0,"",NA,NA,NA,NA
"204","Pertussis",2018,52,0,"",NA,NA,NA,NA
"205","Pertussis",2018,6,0,"",NA,NA,NA,NA
"206","Pertussis",2018,7,0,"",NA,NA,NA,NA
"207","Pertussis",2018,8,0,"",NA,NA,NA,NA
"208","Pertussis",2018,9,1,"",NA,NA,NA,NA
"209","Pertussis",2019,1,0,"",NA,NA,NA,NA
"210","Pertussis",2019,10,2,"",NA,NA,NA,NA
"211","Pertussis",2019,11,2,"",NA,NA,NA,NA
"212","Pertussis",2019,12,1,"",NA,NA,NA,NA
"213","Pertussis",2019,13,0,"",NA,NA,NA,NA
"214","Pertussis",2019,14,0,"",NA,NA,NA,NA
"215","Pertussis",2019,15,0,"",NA,NA,NA,NA
"216","Pertussis",2019,16,0,"",NA,NA,NA,NA
"217","Pertussis",2019,17,0,"",NA,NA,NA,NA
"218","Pertussis",2019,18,0,"",NA,NA,NA,NA
"219","Pertussis",2019,19,0,"",NA,NA,NA,NA
"220","Pertussis",2019,2,0,"",NA,NA,NA,NA
"221","Pertussis",2019,20,0,"",NA,NA,NA,NA
"222","Pertussis",2019,21,0,"",NA,NA,NA,NA
"223","Pertussis",2019,22,0,"",NA,NA,NA,NA
"224","Pertussis",2019,23,0,"",NA,NA,NA,NA
"225","Pertussis",2019,24,0,"",NA,NA,NA,NA
"226","Pertussis",2019,25,1,"",NA,NA,NA,NA
"227","Pertussis",2019,26,2,"",NA,NA,NA,NA
"228","Pertussis",2019,27,0,"",NA,NA,NA,NA
"229","Pertussis",2019,28,0,"",NA,NA,NA,NA
"230","Pertussis",2019,29,0,"",NA,NA,NA,NA
"231","Pertussis",2019,3,0,"",NA,NA,NA,NA
"232","Pertussis",2019,30,0,"",NA,NA,NA,NA
"233","Pertussis",2019,31,0,"",NA,NA,NA,NA
"234","Pertussis",2019,32,1,"",NA,NA,NA,NA
"235","Pertussis",2019,33,0,"",NA,NA,NA,NA
"236","Pertussis",2019,34,0,"",NA,NA,NA,NA
"237","Pertussis",2019,35,0,"",NA,NA,NA,NA
"238","Pertussis",2019,36,0,"",NA,NA,NA,NA
"239","Pertussis",2019,37,0,"",NA,NA,NA,NA
"240","Pertussis",2019,38,1,"",NA,NA,NA,NA
"241","Pertussis",2019,39,1,"",NA,NA,NA,NA
"242","Pertussis",2019,4,2,"",NA,NA,NA,NA
"243","Pertussis",2019,40,0,"",NA,NA,NA,NA
"244","Pertussis",2019,41,0,"",NA,NA,NA,NA
"245","Pertussis",2019,42,0,"",NA,NA,NA,NA
"246","Pertussis",2019,43,0,"",NA,NA,NA,NA
"247","Pertussis",2019,44,0,"",NA,NA,NA,NA
"248","Pertussis",2019,45,0,"",NA,NA,NA,NA
"249","Pertussis",2019,46,0,"",NA,NA,NA,NA
"250","Pertussis",2019,47,0,"",NA,NA,NA,NA
"251","Pertussis",2019,48,0,"",NA,NA,NA,NA
"252","Pertussis",2019,49,1,"",NA,NA,NA,NA
"253","Pertussis",2019,5,1,"",NA,NA,NA,NA
"254","Pertussis",2019,50,2,"",NA,NA,NA,NA
"255","Pertussis",2019,51,1,"",NA,NA,NA,NA
"256","Pertussis",2019,52,0,"",NA,NA,NA,NA
"257","Pertussis",2019,6,0,"",NA,NA,NA,NA
"258","Pertussis",2019,8,2,"",NA,NA,NA,NA
"259","Pertussis",2019,9,0,"",NA,NA,NA,NA
"260","Pertussis",2020,1,3,"",NA,NA,NA,NA
"261","Pertussis",2020,10,3,"",NA,NA,NA,NA
"262","Pertussis",2020,11,0,"",NA,NA,NA,NA
"263","Pertussis",2020,12,0,"",NA,NA,NA,NA
"264","Pertussis",2020,13,0,"",NA,NA,NA,NA
"265","Pertussis",2020,14,0,"",NA,NA,NA,NA
"266","Pertussis",2020,15,0,"",NA,NA,NA,NA
"267","Pertussis",2020,16,0,"",NA,NA,NA,NA
"268","Pertussis",2020,17,0,"",NA,NA,NA,NA
"269","Pertussis",2020,18,0,"",NA,NA,NA,NA
"270","Pertussis",2020,2,1,"",NA,NA,NA,NA
"271","Pertussis",2020,3,0,"",NA,NA,NA,NA
"272","Pertussis",2020,4,0,"",NA,NA,NA,NA
"273","Pertussis",2020,5,0,"",NA,NA,NA,NA
"274","Pertussis",2020,6,0,"",NA,NA,NA,NA
"275","Pertussis",2020,7,1,"",NA,NA,NA,NA
"276","Pertussis",2020,8,0,"",NA,NA,NA,NA
"277","Pertussis",2020,9,0,"",NA,NA,NA,NA
