"","Disease","EpiYear","EpiWeek","Incidence","ADM0","ADM1","ADM2","NA","NA"
"1","Influenza A",2015,1,0,"",NA,NA,NA,NA
"2","Influenza A",2015,10,0,"",NA,NA,NA,NA
"3","Influenza A",2015,11,0,"",NA,NA,NA,NA
"4","Influenza A",2015,12,0,"",NA,NA,NA,NA
"5","Influenza A",2015,13,0,"",NA,NA,NA,NA
"6","Influenza A",2015,14,0,"",NA,NA,NA,NA
"7","Influenza A",2015,15,0,"",NA,NA,NA,NA
"8","Influenza A",2015,16,0,"",NA,NA,NA,NA
"9","Influenza A",2015,17,0,"",NA,NA,NA,NA
"10","Influenza A",2015,18,0,"",NA,NA,NA,NA
"11","Influenza A",2015,19,0,"",NA,NA,NA,NA
"12","Influenza A",2015,2,0,"",NA,NA,NA,NA
"13","Influenza A",2015,20,0,"",NA,NA,NA,NA
"14","Influenza A",2015,21,0,"",NA,NA,NA,NA
"15","Influenza A",2015,22,0,"",NA,NA,NA,NA
"16","Influenza A",2015,23,0,"",NA,NA,NA,NA
"17","Influenza A",2015,24,0,"",NA,NA,NA,NA
"18","Influenza A",2015,25,0,"",NA,NA,NA,NA
"19","Influenza A",2015,26,0,"",NA,NA,NA,NA
"20","Influenza A",2015,27,0,"",NA,NA,NA,NA
"21","Influenza A",2015,28,0,"",NA,NA,NA,NA
"22","Influenza A",2015,29,0,"",NA,NA,NA,NA
"23","Influenza A",2015,3,0,"",NA,NA,NA,NA
"24","Influenza A",2015,30,0,"",NA,NA,NA,NA
"25","Influenza A",2015,31,0,"",NA,NA,NA,NA
"26","Influenza A",2015,32,0,"",NA,NA,NA,NA
"27","Influenza A",2015,33,0,"",NA,NA,NA,NA
"28","Influenza A",2015,34,0,"",NA,NA,NA,NA
"29","Influenza A",2015,35,0,"",NA,NA,NA,NA
"30","Influenza A",2015,36,0,"",NA,NA,NA,NA
"31","Influenza A",2015,37,0,"",NA,NA,NA,NA
"32","Influenza A",2015,38,0,"",NA,NA,NA,NA
"33","Influenza A",2015,39,0,"",NA,NA,NA,NA
"34","Influenza A",2015,4,0,"",NA,NA,NA,NA
"35","Influenza A",2015,40,0,"",NA,NA,NA,NA
"36","Influenza A",2015,41,0,"",NA,NA,NA,NA
"37","Influenza A",2015,42,0,"",NA,NA,NA,NA
"38","Influenza A",2015,43,0,"",NA,NA,NA,NA
"39","Influenza A",2015,44,0,"",NA,NA,NA,NA
"40","Influenza A",2015,45,0,"",NA,NA,NA,NA
"41","Influenza A",2015,46,0,"",NA,NA,NA,NA
"42","Influenza A",2015,47,0,"",NA,NA,NA,NA
"43","Influenza A",2015,48,0,"",NA,NA,NA,NA
"44","Influenza A",2015,49,0,"",NA,NA,NA,NA
"45","Influenza A",2015,5,0,"",NA,NA,NA,NA
"46","Influenza A",2015,50,0,"",NA,NA,NA,NA
"47","Influenza A",2015,51,0,"",NA,NA,NA,NA
"48","Influenza A",2015,52,0,"",NA,NA,NA,NA
"49","Influenza A",2015,6,0,"",NA,NA,NA,NA
"50","Influenza A",2015,7,0,"",NA,NA,NA,NA
"51","Influenza A",2015,8,0,"",NA,NA,NA,NA
"52","Influenza A",2015,9,0,"",NA,NA,NA,NA
"53","Influenza A",2016,1,0,"",NA,NA,NA,NA
"54","Influenza A",2016,10,0,"",NA,NA,NA,NA
"55","Influenza A",2016,11,0,"",NA,NA,NA,NA
"56","Influenza A",2016,12,0,"",NA,NA,NA,NA
"57","Influenza A",2016,13,0,"",NA,NA,NA,NA
"58","Influenza A",2016,14,0,"",NA,NA,NA,NA
"59","Influenza A",2016,15,0,"",NA,NA,NA,NA
"60","Influenza A",2016,16,0,"",NA,NA,NA,NA
"61","Influenza A",2016,17,0,"",NA,NA,NA,NA
"62","Influenza A",2016,18,0,"",NA,NA,NA,NA
"63","Influenza A",2016,19,0,"",NA,NA,NA,NA
"64","Influenza A",2016,2,0,"",NA,NA,NA,NA
"65","Influenza A",2016,20,0,"",NA,NA,NA,NA
"66","Influenza A",2016,21,0,"",NA,NA,NA,NA
"67","Influenza A",2016,22,0,"",NA,NA,NA,NA
"68","Influenza A",2016,23,0,"",NA,NA,NA,NA
"69","Influenza A",2016,24,0,"",NA,NA,NA,NA
"70","Influenza A",2016,25,0,"",NA,NA,NA,NA
"71","Influenza A",2016,26,0,"",NA,NA,NA,NA
"72","Influenza A",2016,27,0,"",NA,NA,NA,NA
"73","Influenza A",2016,28,0,"",NA,NA,NA,NA
"74","Influenza A",2016,29,0,"",NA,NA,NA,NA
"75","Influenza A",2016,3,0,"",NA,NA,NA,NA
"76","Influenza A",2016,30,0,"",NA,NA,NA,NA
"77","Influenza A",2016,31,0,"",NA,NA,NA,NA
"78","Influenza A",2016,32,0,"",NA,NA,NA,NA
"79","Influenza A",2016,33,0,"",NA,NA,NA,NA
"80","Influenza A",2016,34,0,"",NA,NA,NA,NA
"81","Influenza A",2016,35,0,"",NA,NA,NA,NA
"82","Influenza A",2016,36,0,"",NA,NA,NA,NA
"83","Influenza A",2016,37,0,"",NA,NA,NA,NA
"84","Influenza A",2016,38,0,"",NA,NA,NA,NA
"85","Influenza A",2016,39,0,"",NA,NA,NA,NA
"86","Influenza A",2016,4,0,"",NA,NA,NA,NA
"87","Influenza A",2016,40,0,"",NA,NA,NA,NA
"88","Influenza A",2016,41,0,"",NA,NA,NA,NA
"89","Influenza A",2016,42,0,"",NA,NA,NA,NA
"90","Influenza A",2016,43,0,"",NA,NA,NA,NA
"91","Influenza A",2016,44,0,"",NA,NA,NA,NA
"92","Influenza A",2016,45,0,"",NA,NA,NA,NA
"93","Influenza A",2016,46,0,"",NA,NA,NA,NA
"94","Influenza A",2016,47,0,"",NA,NA,NA,NA
"95","Influenza A",2016,48,0,"",NA,NA,NA,NA
"96","Influenza A",2016,49,0,"",NA,NA,NA,NA
"97","Influenza A",2016,5,0,"",NA,NA,NA,NA
"98","Influenza A",2016,50,0,"",NA,NA,NA,NA
"99","Influenza A",2016,51,0,"",NA,NA,NA,NA
"100","Influenza A",2016,52,0,"",NA,NA,NA,NA
"101","Influenza A",2016,6,0,"",NA,NA,NA,NA
"102","Influenza A",2016,7,0,"",NA,NA,NA,NA
"103","Influenza A",2016,8,0,"",NA,NA,NA,NA
"104","Influenza A",2016,9,0,"",NA,NA,NA,NA
"105","Influenza A",2017,1,0,"",NA,NA,NA,NA
"106","Influenza A",2017,10,0,"",NA,NA,NA,NA
"107","Influenza A",2017,11,0,"",NA,NA,NA,NA
"108","Influenza A",2017,12,0,"",NA,NA,NA,NA
"109","Influenza A",2017,13,0,"",NA,NA,NA,NA
"110","Influenza A",2017,14,0,"",NA,NA,NA,NA
"111","Influenza A",2017,15,0,"",NA,NA,NA,NA
"112","Influenza A",2017,16,0,"",NA,NA,NA,NA
"113","Influenza A",2017,17,0,"",NA,NA,NA,NA
"114","Influenza A",2017,18,0,"",NA,NA,NA,NA
"115","Influenza A",2017,19,0,"",NA,NA,NA,NA
"116","Influenza A",2017,2,0,"",NA,NA,NA,NA
"117","Influenza A",2017,20,0,"",NA,NA,NA,NA
"118","Influenza A",2017,21,0,"",NA,NA,NA,NA
"119","Influenza A",2017,22,0,"",NA,NA,NA,NA
"120","Influenza A",2017,23,0,"",NA,NA,NA,NA
"121","Influenza A",2017,24,0,"",NA,NA,NA,NA
"122","Influenza A",2017,25,0,"",NA,NA,NA,NA
"123","Influenza A",2017,26,0,"",NA,NA,NA,NA
"124","Influenza A",2017,27,0,"",NA,NA,NA,NA
"125","Influenza A",2017,28,0,"",NA,NA,NA,NA
"126","Influenza A",2017,29,0,"",NA,NA,NA,NA
"127","Influenza A",2017,3,0,"",NA,NA,NA,NA
"128","Influenza A",2017,30,0,"",NA,NA,NA,NA
"129","Influenza A",2017,31,0,"",NA,NA,NA,NA
"130","Influenza A",2017,32,0,"",NA,NA,NA,NA
"131","Influenza A",2017,33,0,"",NA,NA,NA,NA
"132","Influenza A",2017,34,0,"",NA,NA,NA,NA
"133","Influenza A",2017,35,0,"",NA,NA,NA,NA
"134","Influenza A",2017,36,0,"",NA,NA,NA,NA
"135","Influenza A",2017,37,0,"",NA,NA,NA,NA
"136","Influenza A",2017,38,0,"",NA,NA,NA,NA
"137","Influenza A",2017,39,0,"",NA,NA,NA,NA
"138","Influenza A",2017,4,0,"",NA,NA,NA,NA
"139","Influenza A",2017,40,0,"",NA,NA,NA,NA
"140","Influenza A",2017,41,0,"",NA,NA,NA,NA
"141","Influenza A",2017,42,0,"",NA,NA,NA,NA
"142","Influenza A",2017,43,0,"",NA,NA,NA,NA
"143","Influenza A",2017,44,0,"",NA,NA,NA,NA
"144","Influenza A",2017,45,0,"",NA,NA,NA,NA
"145","Influenza A",2017,46,0,"",NA,NA,NA,NA
"146","Influenza A",2017,47,0,"",NA,NA,NA,NA
"147","Influenza A",2017,48,0,"",NA,NA,NA,NA
"148","Influenza A",2017,49,0,"",NA,NA,NA,NA
"149","Influenza A",2017,5,0,"",NA,NA,NA,NA
"150","Influenza A",2017,50,0,"",NA,NA,NA,NA
"151","Influenza A",2017,51,0,"",NA,NA,NA,NA
"152","Influenza A",2017,52,0,"",NA,NA,NA,NA
"153","Influenza A",2017,6,0,"",NA,NA,NA,NA
"154","Influenza A",2017,7,0,"",NA,NA,NA,NA
"155","Influenza A",2017,8,0,"",NA,NA,NA,NA
"156","Influenza A",2017,9,0,"",NA,NA,NA,NA
"157","Influenza A",2018,1,0,"",NA,NA,NA,NA
"158","Influenza A",2018,10,0,"",NA,NA,NA,NA
"159","Influenza A",2018,11,0,"",NA,NA,NA,NA
"160","Influenza A",2018,12,0,"",NA,NA,NA,NA
"161","Influenza A",2018,13,0,"",NA,NA,NA,NA
"162","Influenza A",2018,14,0,"",NA,NA,NA,NA
"163","Influenza A",2018,15,0,"",NA,NA,NA,NA
"164","Influenza A",2018,16,0,"",NA,NA,NA,NA
"165","Influenza A",2018,17,0,"",NA,NA,NA,NA
"166","Influenza A",2018,18,0,"",NA,NA,NA,NA
"167","Influenza A",2018,19,0,"",NA,NA,NA,NA
"168","Influenza A",2018,2,0,"",NA,NA,NA,NA
"169","Influenza A",2018,20,0,"",NA,NA,NA,NA
"170","Influenza A",2018,21,0,"",NA,NA,NA,NA
"171","Influenza A",2018,22,0,"",NA,NA,NA,NA
"172","Influenza A",2018,23,0,"",NA,NA,NA,NA
"173","Influenza A",2018,24,0,"",NA,NA,NA,NA
"174","Influenza A",2018,25,0,"",NA,NA,NA,NA
"175","Influenza A",2018,26,0,"",NA,NA,NA,NA
"176","Influenza A",2018,27,0,"",NA,NA,NA,NA
"177","Influenza A",2018,28,0,"",NA,NA,NA,NA
"178","Influenza A",2018,29,0,"",NA,NA,NA,NA
"179","Influenza A",2018,3,0,"",NA,NA,NA,NA
"180","Influenza A",2018,30,0,"",NA,NA,NA,NA
"181","Influenza A",2018,31,0,"",NA,NA,NA,NA
"182","Influenza A",2018,32,0,"",NA,NA,NA,NA
"183","Influenza A",2018,33,0,"",NA,NA,NA,NA
"184","Influenza A",2018,34,0,"",NA,NA,NA,NA
"185","Influenza A",2018,35,0,"",NA,NA,NA,NA
"186","Influenza A",2018,36,0,"",NA,NA,NA,NA
"187","Influenza A",2018,37,0,"",NA,NA,NA,NA
"188","Influenza A",2018,38,0,"",NA,NA,NA,NA
"189","Influenza A",2018,39,0,"",NA,NA,NA,NA
"190","Influenza A",2018,4,0,"",NA,NA,NA,NA
"191","Influenza A",2018,40,0,"",NA,NA,NA,NA
"192","Influenza A",2018,41,0,"",NA,NA,NA,NA
"193","Influenza A",2018,42,0,"",NA,NA,NA,NA
"194","Influenza A",2018,43,0,"",NA,NA,NA,NA
"195","Influenza A",2018,44,0,"",NA,NA,NA,NA
"196","Influenza A",2018,45,0,"",NA,NA,NA,NA
"197","Influenza A",2018,46,0,"",NA,NA,NA,NA
"198","Influenza A",2018,47,0,"",NA,NA,NA,NA
"199","Influenza A",2018,48,0,"",NA,NA,NA,NA
"200","Influenza A",2018,49,0,"",NA,NA,NA,NA
"201","Influenza A",2018,5,0,"",NA,NA,NA,NA
"202","Influenza A",2018,50,0,"",NA,NA,NA,NA
"203","Influenza A",2018,51,0,"",NA,NA,NA,NA
"204","Influenza A",2018,52,0,"",NA,NA,NA,NA
"205","Influenza A",2018,6,0,"",NA,NA,NA,NA
"206","Influenza A",2018,7,0,"",NA,NA,NA,NA
"207","Influenza A",2018,8,0,"",NA,NA,NA,NA
"208","Influenza A",2018,9,0,"",NA,NA,NA,NA
"209","Influenza A",2019,1,0,"",NA,NA,NA,NA
"210","Influenza A",2019,10,0,"",NA,NA,NA,NA
"211","Influenza A",2019,11,0,"",NA,NA,NA,NA
"212","Influenza A",2019,12,0,"",NA,NA,NA,NA
"213","Influenza A",2019,13,0,"",NA,NA,NA,NA
"214","Influenza A",2019,14,0,"",NA,NA,NA,NA
"215","Influenza A",2019,15,0,"",NA,NA,NA,NA
"216","Influenza A",2019,16,0,"",NA,NA,NA,NA
"217","Influenza A",2019,17,0,"",NA,NA,NA,NA
"218","Influenza A",2019,18,0,"",NA,NA,NA,NA
"219","Influenza A",2019,19,0,"",NA,NA,NA,NA
"220","Influenza A",2019,2,0,"",NA,NA,NA,NA
"221","Influenza A",2019,20,0,"",NA,NA,NA,NA
"222","Influenza A",2019,21,0,"",NA,NA,NA,NA
"223","Influenza A",2019,22,0,"",NA,NA,NA,NA
"224","Influenza A",2019,23,0,"",NA,NA,NA,NA
"225","Influenza A",2019,24,0,"",NA,NA,NA,NA
"226","Influenza A",2019,25,0,"",NA,NA,NA,NA
"227","Influenza A",2019,26,0,"",NA,NA,NA,NA
"228","Influenza A",2019,27,0,"",NA,NA,NA,NA
"229","Influenza A",2019,28,0,"",NA,NA,NA,NA
"230","Influenza A",2019,29,0,"",NA,NA,NA,NA
"231","Influenza A",2019,3,0,"",NA,NA,NA,NA
"232","Influenza A",2019,30,0,"",NA,NA,NA,NA
"233","Influenza A",2019,31,0,"",NA,NA,NA,NA
"234","Influenza A",2019,32,0,"",NA,NA,NA,NA
"235","Influenza A",2019,33,0,"",NA,NA,NA,NA
"236","Influenza A",2019,34,0,"",NA,NA,NA,NA
"237","Influenza A",2019,35,0,"",NA,NA,NA,NA
"238","Influenza A",2019,36,0,"",NA,NA,NA,NA
"239","Influenza A",2019,37,0,"",NA,NA,NA,NA
"240","Influenza A",2019,38,0,"",NA,NA,NA,NA
"241","Influenza A",2019,39,0,"",NA,NA,NA,NA
"242","Influenza A",2019,4,0,"",NA,NA,NA,NA
"243","Influenza A",2019,40,0,"",NA,NA,NA,NA
"244","Influenza A",2019,41,0,"",NA,NA,NA,NA
"245","Influenza A",2019,42,0,"",NA,NA,NA,NA
"246","Influenza A",2019,43,0,"",NA,NA,NA,NA
"247","Influenza A",2019,44,0,"",NA,NA,NA,NA
"248","Influenza A",2019,45,0,"",NA,NA,NA,NA
"249","Influenza A",2019,46,0,"",NA,NA,NA,NA
"250","Influenza A",2019,47,0,"",NA,NA,NA,NA
"251","Influenza A",2019,48,0,"",NA,NA,NA,NA
"252","Influenza A",2019,49,0,"",NA,NA,NA,NA
"253","Influenza A",2019,5,0,"",NA,NA,NA,NA
"254","Influenza A",2019,50,0,"",NA,NA,NA,NA
"255","Influenza A",2019,51,0,"",NA,NA,NA,NA
"256","Influenza A",2019,52,0,"",NA,NA,NA,NA
"257","Influenza A",2019,6,0,"",NA,NA,NA,NA
"258","Influenza A",2019,8,0,"",NA,NA,NA,NA
"259","Influenza A",2019,9,0,"",NA,NA,NA,NA
"260","Influenza A",2020,1,0,"",NA,NA,NA,NA
"261","Influenza A",2020,10,0,"",NA,NA,NA,NA
"262","Influenza A",2020,11,0,"",NA,NA,NA,NA
"263","Influenza A",2020,12,0,"",NA,NA,NA,NA
"264","Influenza A",2020,13,0,"",NA,NA,NA,NA
"265","Influenza A",2020,14,0,"",NA,NA,NA,NA
"266","Influenza A",2020,15,0,"",NA,NA,NA,NA
"267","Influenza A",2020,16,0,"",NA,NA,NA,NA
"268","Influenza A",2020,17,0,"",NA,NA,NA,NA
"269","Influenza A",2020,18,0,"",NA,NA,NA,NA
"270","Influenza A",2020,2,0,"",NA,NA,NA,NA
"271","Influenza A",2020,3,0,"",NA,NA,NA,NA
"272","Influenza A",2020,4,0,"",NA,NA,NA,NA
"273","Influenza A",2020,5,0,"",NA,NA,NA,NA
"274","Influenza A",2020,6,0,"",NA,NA,NA,NA
"275","Influenza A",2020,7,0,"",NA,NA,NA,NA
"276","Influenza A",2020,8,0,"",NA,NA,NA,NA
"277","Influenza A",2020,9,0,"",NA,NA,NA,NA
