"","Disease","EpiYear","EpiWeek","Incidence","ADM0","ADM1","ADM2","NA","NA"
"1","Shigellosis",2015,1,5,"",NA,NA,NA,NA
"2","Shigellosis",2015,10,1,"",NA,NA,NA,NA
"3","Shigellosis",2015,11,5,"",NA,NA,NA,NA
"4","Shigellosis",2015,12,5,"",NA,NA,NA,NA
"5","Shigellosis",2015,13,1,"",NA,NA,NA,NA
"6","Shigellosis",2015,14,3,"",NA,NA,NA,NA
"7","Shigellosis",2015,15,3,"",NA,NA,NA,NA
"8","Shigellosis",2015,16,1,"",NA,NA,NA,NA
"9","Shigellosis",2015,17,1,"",NA,NA,NA,NA
"10","Shigellosis",2015,18,3,"",NA,NA,NA,NA
"11","Shigellosis",2015,19,4,"",NA,NA,NA,NA
"12","Shigellosis",2015,2,5,"",NA,NA,NA,NA
"13","Shigellosis",2015,20,2,"",NA,NA,NA,NA
"14","Shigellosis",2015,21,1,"",NA,NA,NA,NA
"15","Shigellosis",2015,22,2,"",NA,NA,NA,NA
"16","Shigellosis",2015,23,2,"",NA,NA,NA,NA
"17","Shigellosis",2015,24,5,"",NA,NA,NA,NA
"18","Shigellosis",2015,25,5,"",NA,NA,NA,NA
"19","Shigellosis",2015,26,1,"",NA,NA,NA,NA
"20","Shigellosis",2015,27,1,"",NA,NA,NA,NA
"21","Shigellosis",2015,28,1,"",NA,NA,NA,NA
"22","Shigellosis",2015,29,4,"",NA,NA,NA,NA
"23","Shigellosis",2015,3,4,"",NA,NA,NA,NA
"24","Shigellosis",2015,30,2,"",NA,NA,NA,NA
"25","Shigellosis",2015,31,2,"",NA,NA,NA,NA
"26","Shigellosis",2015,32,6,"",NA,NA,NA,NA
"27","Shigellosis",2015,33,6,"",NA,NA,NA,NA
"28","Shigellosis",2015,34,4,"",NA,NA,NA,NA
"29","Shigellosis",2015,35,3,"",NA,NA,NA,NA
"30","Shigellosis",2015,36,2,"",NA,NA,NA,NA
"31","Shigellosis",2015,37,3,"",NA,NA,NA,NA
"32","Shigellosis",2015,38,5,"",NA,NA,NA,NA
"33","Shigellosis",2015,39,4,"",NA,NA,NA,NA
"34","Shigellosis",2015,4,16,"",NA,NA,NA,NA
"35","Shigellosis",2015,40,5,"",NA,NA,NA,NA
"36","Shigellosis",2015,41,4,"",NA,NA,NA,NA
"37","Shigellosis",2015,42,3,"",NA,NA,NA,NA
"38","Shigellosis",2015,43,5,"",NA,NA,NA,NA
"39","Shigellosis",2015,44,4,"",NA,NA,NA,NA
"40","Shigellosis",2015,45,3,"",NA,NA,NA,NA
"41","Shigellosis",2015,46,2,"",NA,NA,NA,NA
"42","Shigellosis",2015,47,4,"",NA,NA,NA,NA
"43","Shigellosis",2015,48,3,"",NA,NA,NA,NA
"44","Shigellosis",2015,49,4,"",NA,NA,NA,NA
"45","Shigellosis",2015,5,5,"",NA,NA,NA,NA
"46","Shigellosis",2015,50,7,"",NA,NA,NA,NA
"47","Shigellosis",2015,51,3,"",NA,NA,NA,NA
"48","Shigellosis",2015,52,3,"",NA,NA,NA,NA
"49","Shigellosis",2015,6,5,"",NA,NA,NA,NA
"50","Shigellosis",2015,7,1,"",NA,NA,NA,NA
"51","Shigellosis",2015,8,1,"",NA,NA,NA,NA
"52","Shigellosis",2015,9,7,"",NA,NA,NA,NA
"53","Shigellosis",2016,1,2,"",NA,NA,NA,NA
"54","Shigellosis",2016,10,6,"",NA,NA,NA,NA
"55","Shigellosis",2016,11,4,"",NA,NA,NA,NA
"56","Shigellosis",2016,12,7,"",NA,NA,NA,NA
"57","Shigellosis",2016,13,4,"",NA,NA,NA,NA
"58","Shigellosis",2016,14,8,"",NA,NA,NA,NA
"59","Shigellosis",2016,15,3,"",NA,NA,NA,NA
"60","Shigellosis",2016,16,7,"",NA,NA,NA,NA
"61","Shigellosis",2016,17,8,"",NA,NA,NA,NA
"62","Shigellosis",2016,18,3,"",NA,NA,NA,NA
"63","Shigellosis",2016,19,5,"",NA,NA,NA,NA
"64","Shigellosis",2016,2,4,"",NA,NA,NA,NA
"65","Shigellosis",2016,20,2,"",NA,NA,NA,NA
"66","Shigellosis",2016,21,4,"",NA,NA,NA,NA
"67","Shigellosis",2016,22,3,"",NA,NA,NA,NA
"68","Shigellosis",2016,23,2,"",NA,NA,NA,NA
"69","Shigellosis",2016,24,5,"",NA,NA,NA,NA
"70","Shigellosis",2016,25,5,"",NA,NA,NA,NA
"71","Shigellosis",2016,26,2,"",NA,NA,NA,NA
"72","Shigellosis",2016,27,6,"",NA,NA,NA,NA
"73","Shigellosis",2016,28,2,"",NA,NA,NA,NA
"74","Shigellosis",2016,29,2,"",NA,NA,NA,NA
"75","Shigellosis",2016,3,2,"",NA,NA,NA,NA
"76","Shigellosis",2016,30,4,"",NA,NA,NA,NA
"77","Shigellosis",2016,31,5,"",NA,NA,NA,NA
"78","Shigellosis",2016,32,4,"",NA,NA,NA,NA
"79","Shigellosis",2016,33,6,"",NA,NA,NA,NA
"80","Shigellosis",2016,34,1,"",NA,NA,NA,NA
"81","Shigellosis",2016,35,6,"",NA,NA,NA,NA
"82","Shigellosis",2016,36,2,"",NA,NA,NA,NA
"83","Shigellosis",2016,37,2,"",NA,NA,NA,NA
"84","Shigellosis",2016,38,7,"",NA,NA,NA,NA
"85","Shigellosis",2016,39,5,"",NA,NA,NA,NA
"86","Shigellosis",2016,4,3,"",NA,NA,NA,NA
"87","Shigellosis",2016,40,1,"",NA,NA,NA,NA
"88","Shigellosis",2016,41,8,"",NA,NA,NA,NA
"89","Shigellosis",2016,42,8,"",NA,NA,NA,NA
"90","Shigellosis",2016,43,8,"",NA,NA,NA,NA
"91","Shigellosis",2016,44,5,"",NA,NA,NA,NA
"92","Shigellosis",2016,45,3,"",NA,NA,NA,NA
"93","Shigellosis",2016,46,4,"",NA,NA,NA,NA
"94","Shigellosis",2016,47,6,"",NA,NA,NA,NA
"95","Shigellosis",2016,48,4,"",NA,NA,NA,NA
"96","Shigellosis",2016,49,2,"",NA,NA,NA,NA
"97","Shigellosis",2016,5,2,"",NA,NA,NA,NA
"98","Shigellosis",2016,50,4,"",NA,NA,NA,NA
"99","Shigellosis",2016,51,3,"",NA,NA,NA,NA
"100","Shigellosis",2016,52,5,"",NA,NA,NA,NA
"101","Shigellosis",2016,6,3,"",NA,NA,NA,NA
"102","Shigellosis",2016,7,2,"",NA,NA,NA,NA
"103","Shigellosis",2016,8,6,"",NA,NA,NA,NA
"104","Shigellosis",2016,9,5,"",NA,NA,NA,NA
"105","Shigellosis",2017,1,6,"",NA,NA,NA,NA
"106","Shigellosis",2017,10,7,"",NA,NA,NA,NA
"107","Shigellosis",2017,11,1,"",NA,NA,NA,NA
"108","Shigellosis",2017,12,4,"",NA,NA,NA,NA
"109","Shigellosis",2017,13,4,"",NA,NA,NA,NA
"110","Shigellosis",2017,14,2,"",NA,NA,NA,NA
"111","Shigellosis",2017,15,7,"",NA,NA,NA,NA
"112","Shigellosis",2017,16,6,"",NA,NA,NA,NA
"113","Shigellosis",2017,17,3,"",NA,NA,NA,NA
"114","Shigellosis",2017,18,7,"",NA,NA,NA,NA
"115","Shigellosis",2017,19,5,"",NA,NA,NA,NA
"116","Shigellosis",2017,2,6,"",NA,NA,NA,NA
"117","Shigellosis",2017,20,1,"",NA,NA,NA,NA
"118","Shigellosis",2017,21,2,"",NA,NA,NA,NA
"119","Shigellosis",2017,22,2,"",NA,NA,NA,NA
"120","Shigellosis",2017,23,1,"",NA,NA,NA,NA
"121","Shigellosis",2017,24,2,"",NA,NA,NA,NA
"122","Shigellosis",2017,25,6,"",NA,NA,NA,NA
"123","Shigellosis",2017,26,2,"",NA,NA,NA,NA
"124","Shigellosis",2017,27,1,"",NA,NA,NA,NA
"125","Shigellosis",2017,28,2,"",NA,NA,NA,NA
"126","Shigellosis",2017,29,4,"",NA,NA,NA,NA
"127","Shigellosis",2017,3,4,"",NA,NA,NA,NA
"128","Shigellosis",2017,30,2,"",NA,NA,NA,NA
"129","Shigellosis",2017,31,1,"",NA,NA,NA,NA
"130","Shigellosis",2017,32,2,"",NA,NA,NA,NA
"131","Shigellosis",2017,33,2,"",NA,NA,NA,NA
"132","Shigellosis",2017,34,1,"",NA,NA,NA,NA
"133","Shigellosis",2017,35,1,"",NA,NA,NA,NA
"134","Shigellosis",2017,36,3,"",NA,NA,NA,NA
"135","Shigellosis",2017,37,4,"",NA,NA,NA,NA
"136","Shigellosis",2017,38,5,"",NA,NA,NA,NA
"137","Shigellosis",2017,39,1,"",NA,NA,NA,NA
"138","Shigellosis",2017,4,2,"",NA,NA,NA,NA
"139","Shigellosis",2017,40,0,"",NA,NA,NA,NA
"140","Shigellosis",2017,41,4,"",NA,NA,NA,NA
"141","Shigellosis",2017,42,1,"",NA,NA,NA,NA
"142","Shigellosis",2017,43,6,"",NA,NA,NA,NA
"143","Shigellosis",2017,44,2,"",NA,NA,NA,NA
"144","Shigellosis",2017,45,4,"",NA,NA,NA,NA
"145","Shigellosis",2017,46,7,"",NA,NA,NA,NA
"146","Shigellosis",2017,47,3,"",NA,NA,NA,NA
"147","Shigellosis",2017,48,2,"",NA,NA,NA,NA
"148","Shigellosis",2017,49,4,"",NA,NA,NA,NA
"149","Shigellosis",2017,5,1,"",NA,NA,NA,NA
"150","Shigellosis",2017,50,1,"",NA,NA,NA,NA
"151","Shigellosis",2017,51,1,"",NA,NA,NA,NA
"152","Shigellosis",2017,52,5,"",NA,NA,NA,NA
"153","Shigellosis",2017,6,4,"",NA,NA,NA,NA
"154","Shigellosis",2017,7,8,"",NA,NA,NA,NA
"155","Shigellosis",2017,8,3,"",NA,NA,NA,NA
"156","Shigellosis",2017,9,2,"",NA,NA,NA,NA
"157","Shigellosis",2018,1,5,"",NA,NA,NA,NA
"158","Shigellosis",2018,10,7,"",NA,NA,NA,NA
"159","Shigellosis",2018,11,2,"",NA,NA,NA,NA
"160","Shigellosis",2018,12,4,"",NA,NA,NA,NA
"161","Shigellosis",2018,13,2,"",NA,NA,NA,NA
"162","Shigellosis",2018,14,1,"",NA,NA,NA,NA
"163","Shigellosis",2018,15,2,"",NA,NA,NA,NA
"164","Shigellosis",2018,16,1,"",NA,NA,NA,NA
"165","Shigellosis",2018,17,5,"",NA,NA,NA,NA
"166","Shigellosis",2018,18,6,"",NA,NA,NA,NA
"167","Shigellosis",2018,19,1,"",NA,NA,NA,NA
"168","Shigellosis",2018,2,0,"",NA,NA,NA,NA
"169","Shigellosis",2018,20,1,"",NA,NA,NA,NA
"170","Shigellosis",2018,21,5,"",NA,NA,NA,NA
"171","Shigellosis",2018,22,5,"",NA,NA,NA,NA
"172","Shigellosis",2018,23,6,"",NA,NA,NA,NA
"173","Shigellosis",2018,24,7,"",NA,NA,NA,NA
"174","Shigellosis",2018,25,1,"",NA,NA,NA,NA
"175","Shigellosis",2018,26,0,"",NA,NA,NA,NA
"176","Shigellosis",2018,27,4,"",NA,NA,NA,NA
"177","Shigellosis",2018,28,3,"",NA,NA,NA,NA
"178","Shigellosis",2018,29,3,"",NA,NA,NA,NA
"179","Shigellosis",2018,3,1,"",NA,NA,NA,NA
"180","Shigellosis",2018,30,3,"",NA,NA,NA,NA
"181","Shigellosis",2018,31,3,"",NA,NA,NA,NA
"182","Shigellosis",2018,32,2,"",NA,NA,NA,NA
"183","Shigellosis",2018,33,4,"",NA,NA,NA,NA
"184","Shigellosis",2018,34,3,"",NA,NA,NA,NA
"185","Shigellosis",2018,35,3,"",NA,NA,NA,NA
"186","Shigellosis",2018,36,3,"",NA,NA,NA,NA
"187","Shigellosis",2018,37,5,"",NA,NA,NA,NA
"188","Shigellosis",2018,38,5,"",NA,NA,NA,NA
"189","Shigellosis",2018,39,5,"",NA,NA,NA,NA
"190","Shigellosis",2018,4,4,"",NA,NA,NA,NA
"191","Shigellosis",2018,40,4,"",NA,NA,NA,NA
"192","Shigellosis",2018,41,3,"",NA,NA,NA,NA
"193","Shigellosis",2018,42,5,"",NA,NA,NA,NA
"194","Shigellosis",2018,43,3,"",NA,NA,NA,NA
"195","Shigellosis",2018,44,5,"",NA,NA,NA,NA
"196","Shigellosis",2018,45,1,"",NA,NA,NA,NA
"197","Shigellosis",2018,46,3,"",NA,NA,NA,NA
"198","Shigellosis",2018,47,5,"",NA,NA,NA,NA
"199","Shigellosis",2018,48,0,"",NA,NA,NA,NA
"200","Shigellosis",2018,49,3,"",NA,NA,NA,NA
"201","Shigellosis",2018,5,5,"",NA,NA,NA,NA
"202","Shigellosis",2018,50,5,"",NA,NA,NA,NA
"203","Shigellosis",2018,51,6,"",NA,NA,NA,NA
"204","Shigellosis",2018,52,1,"",NA,NA,NA,NA
"205","Shigellosis",2018,6,1,"",NA,NA,NA,NA
"206","Shigellosis",2018,7,3,"",NA,NA,NA,NA
"207","Shigellosis",2018,8,3,"",NA,NA,NA,NA
"208","Shigellosis",2018,9,2,"",NA,NA,NA,NA
"209","Shigellosis",2019,1,4,"",NA,NA,NA,NA
"210","Shigellosis",2019,10,1,"",NA,NA,NA,NA
"211","Shigellosis",2019,11,3,"",NA,NA,NA,NA
"212","Shigellosis",2019,12,6,"",NA,NA,NA,NA
"213","Shigellosis",2019,13,4,"",NA,NA,NA,NA
"214","Shigellosis",2019,14,1,"",NA,NA,NA,NA
"215","Shigellosis",2019,15,1,"",NA,NA,NA,NA
"216","Shigellosis",2019,16,5,"",NA,NA,NA,NA
"217","Shigellosis",2019,17,7,"",NA,NA,NA,NA
"218","Shigellosis",2019,18,2,"",NA,NA,NA,NA
"219","Shigellosis",2019,19,3,"",NA,NA,NA,NA
"220","Shigellosis",2019,2,1,"",NA,NA,NA,NA
"221","Shigellosis",2019,20,2,"",NA,NA,NA,NA
"222","Shigellosis",2019,21,1,"",NA,NA,NA,NA
"223","Shigellosis",2019,22,3,"",NA,NA,NA,NA
"224","Shigellosis",2019,23,2,"",NA,NA,NA,NA
"225","Shigellosis",2019,24,2,"",NA,NA,NA,NA
"226","Shigellosis",2019,25,5,"",NA,NA,NA,NA
"227","Shigellosis",2019,26,4,"",NA,NA,NA,NA
"228","Shigellosis",2019,27,2,"",NA,NA,NA,NA
"229","Shigellosis",2019,28,2,"",NA,NA,NA,NA
"230","Shigellosis",2019,29,5,"",NA,NA,NA,NA
"231","Shigellosis",2019,3,1,"",NA,NA,NA,NA
"232","Shigellosis",2019,30,4,"",NA,NA,NA,NA
"233","Shigellosis",2019,31,4,"",NA,NA,NA,NA
"234","Shigellosis",2019,32,0,"",NA,NA,NA,NA
"235","Shigellosis",2019,33,2,"",NA,NA,NA,NA
"236","Shigellosis",2019,34,4,"",NA,NA,NA,NA
"237","Shigellosis",2019,35,1,"",NA,NA,NA,NA
"238","Shigellosis",2019,36,1,"",NA,NA,NA,NA
"239","Shigellosis",2019,37,0,"",NA,NA,NA,NA
"240","Shigellosis",2019,38,4,"",NA,NA,NA,NA
"241","Shigellosis",2019,39,0,"",NA,NA,NA,NA
"242","Shigellosis",2019,4,3,"",NA,NA,NA,NA
"243","Shigellosis",2019,40,1,"",NA,NA,NA,NA
"244","Shigellosis",2019,41,3,"",NA,NA,NA,NA
"245","Shigellosis",2019,42,2,"",NA,NA,NA,NA
"246","Shigellosis",2019,43,0,"",NA,NA,NA,NA
"247","Shigellosis",2019,44,2,"",NA,NA,NA,NA
"248","Shigellosis",2019,45,2,"",NA,NA,NA,NA
"249","Shigellosis",2019,46,0,"",NA,NA,NA,NA
"250","Shigellosis",2019,47,7,"",NA,NA,NA,NA
"251","Shigellosis",2019,48,4,"",NA,NA,NA,NA
"252","Shigellosis",2019,49,3,"",NA,NA,NA,NA
"253","Shigellosis",2019,5,5,"",NA,NA,NA,NA
"254","Shigellosis",2019,50,2,"",NA,NA,NA,NA
"255","Shigellosis",2019,51,3,"",NA,NA,NA,NA
"256","Shigellosis",2019,52,2,"",NA,NA,NA,NA
"257","Shigellosis",2019,6,0,"",NA,NA,NA,NA
"258","Shigellosis",2019,8,2,"",NA,NA,NA,NA
"259","Shigellosis",2019,9,3,"",NA,NA,NA,NA
"260","Shigellosis",2020,1,4,"",NA,NA,NA,NA
"261","Shigellosis",2020,10,3,"",NA,NA,NA,NA
"262","Shigellosis",2020,11,6,"",NA,NA,NA,NA
"263","Shigellosis",2020,12,3,"",NA,NA,NA,NA
"264","Shigellosis",2020,13,1,"",NA,NA,NA,NA
"265","Shigellosis",2020,14,2,"",NA,NA,NA,NA
"266","Shigellosis",2020,15,4,"",NA,NA,NA,NA
"267","Shigellosis",2020,16,3,"",NA,NA,NA,NA
"268","Shigellosis",2020,17,5,"",NA,NA,NA,NA
"269","Shigellosis",2020,18,4,"",NA,NA,NA,NA
"270","Shigellosis",2020,2,6,"",NA,NA,NA,NA
"271","Shigellosis",2020,3,1,"",NA,NA,NA,NA
"272","Shigellosis",2020,4,2,"",NA,NA,NA,NA
"273","Shigellosis",2020,5,1,"",NA,NA,NA,NA
"274","Shigellosis",2020,6,9,"",NA,NA,NA,NA
"275","Shigellosis",2020,7,3,"",NA,NA,NA,NA
"276","Shigellosis",2020,8,5,"",NA,NA,NA,NA
"277","Shigellosis",2020,9,2,"",NA,NA,NA,NA
