"","Disease","EpiYear","EpiWeek","Incidence","ADM0","ADM1","ADM2","NA","NA"
"1","Hantavirus",2015,1,0,"",NA,NA,NA,NA
"2","Hantavirus",2015,10,0,"",NA,NA,NA,NA
"3","Hantavirus",2015,11,0,"",NA,NA,NA,NA
"4","Hantavirus",2015,12,0,"",NA,NA,NA,NA
"5","Hantavirus",2015,13,0,"",NA,NA,NA,NA
"6","Hantavirus",2015,14,0,"",NA,NA,NA,NA
"7","Hantavirus",2015,15,0,"",NA,NA,NA,NA
"8","Hantavirus",2015,16,0,"",NA,NA,NA,NA
"9","Hantavirus",2015,17,0,"",NA,NA,NA,NA
"10","Hantavirus",2015,18,0,"",NA,NA,NA,NA
"11","Hantavirus",2015,19,0,"",NA,NA,NA,NA
"12","Hantavirus",2015,2,0,"",NA,NA,NA,NA
"13","Hantavirus",2015,20,0,"",NA,NA,NA,NA
"14","Hantavirus",2015,21,0,"",NA,NA,NA,NA
"15","Hantavirus",2015,22,0,"",NA,NA,NA,NA
"16","Hantavirus",2015,23,0,"",NA,NA,NA,NA
"17","Hantavirus",2015,24,0,"",NA,NA,NA,NA
"18","Hantavirus",2015,25,0,"",NA,NA,NA,NA
"19","Hantavirus",2015,26,0,"",NA,NA,NA,NA
"20","Hantavirus",2015,27,0,"",NA,NA,NA,NA
"21","Hantavirus",2015,28,0,"",NA,NA,NA,NA
"22","Hantavirus",2015,29,0,"",NA,NA,NA,NA
"23","Hantavirus",2015,3,0,"",NA,NA,NA,NA
"24","Hantavirus",2015,30,0,"",NA,NA,NA,NA
"25","Hantavirus",2015,31,0,"",NA,NA,NA,NA
"26","Hantavirus",2015,32,0,"",NA,NA,NA,NA
"27","Hantavirus",2015,33,0,"",NA,NA,NA,NA
"28","Hantavirus",2015,34,0,"",NA,NA,NA,NA
"29","Hantavirus",2015,35,0,"",NA,NA,NA,NA
"30","Hantavirus",2015,36,0,"",NA,NA,NA,NA
"31","Hantavirus",2015,37,0,"",NA,NA,NA,NA
"32","Hantavirus",2015,38,0,"",NA,NA,NA,NA
"33","Hantavirus",2015,39,0,"",NA,NA,NA,NA
"34","Hantavirus",2015,4,0,"",NA,NA,NA,NA
"35","Hantavirus",2015,40,0,"",NA,NA,NA,NA
"36","Hantavirus",2015,41,0,"",NA,NA,NA,NA
"37","Hantavirus",2015,42,0,"",NA,NA,NA,NA
"38","Hantavirus",2015,43,0,"",NA,NA,NA,NA
"39","Hantavirus",2015,44,0,"",NA,NA,NA,NA
"40","Hantavirus",2015,45,0,"",NA,NA,NA,NA
"41","Hantavirus",2015,46,0,"",NA,NA,NA,NA
"42","Hantavirus",2015,47,0,"",NA,NA,NA,NA
"43","Hantavirus",2015,48,0,"",NA,NA,NA,NA
"44","Hantavirus",2015,49,0,"",NA,NA,NA,NA
"45","Hantavirus",2015,5,0,"",NA,NA,NA,NA
"46","Hantavirus",2015,50,0,"",NA,NA,NA,NA
"47","Hantavirus",2015,51,0,"",NA,NA,NA,NA
"48","Hantavirus",2015,52,0,"",NA,NA,NA,NA
"49","Hantavirus",2015,6,0,"",NA,NA,NA,NA
"50","Hantavirus",2015,7,0,"",NA,NA,NA,NA
"51","Hantavirus",2015,8,0,"",NA,NA,NA,NA
"52","Hantavirus",2015,9,0,"",NA,NA,NA,NA
"53","Hantavirus",2016,1,0,"",NA,NA,NA,NA
"54","Hantavirus",2016,10,0,"",NA,NA,NA,NA
"55","Hantavirus",2016,11,0,"",NA,NA,NA,NA
"56","Hantavirus",2016,12,0,"",NA,NA,NA,NA
"57","Hantavirus",2016,13,0,"",NA,NA,NA,NA
"58","Hantavirus",2016,14,0,"",NA,NA,NA,NA
"59","Hantavirus",2016,15,0,"",NA,NA,NA,NA
"60","Hantavirus",2016,16,0,"",NA,NA,NA,NA
"61","Hantavirus",2016,17,0,"",NA,NA,NA,NA
"62","Hantavirus",2016,18,0,"",NA,NA,NA,NA
"63","Hantavirus",2016,19,0,"",NA,NA,NA,NA
"64","Hantavirus",2016,2,0,"",NA,NA,NA,NA
"65","Hantavirus",2016,20,0,"",NA,NA,NA,NA
"66","Hantavirus",2016,21,0,"",NA,NA,NA,NA
"67","Hantavirus",2016,22,0,"",NA,NA,NA,NA
"68","Hantavirus",2016,23,0,"",NA,NA,NA,NA
"69","Hantavirus",2016,24,0,"",NA,NA,NA,NA
"70","Hantavirus",2016,25,0,"",NA,NA,NA,NA
"71","Hantavirus",2016,26,0,"",NA,NA,NA,NA
"72","Hantavirus",2016,27,0,"",NA,NA,NA,NA
"73","Hantavirus",2016,28,0,"",NA,NA,NA,NA
"74","Hantavirus",2016,29,0,"",NA,NA,NA,NA
"75","Hantavirus",2016,3,0,"",NA,NA,NA,NA
"76","Hantavirus",2016,30,0,"",NA,NA,NA,NA
"77","Hantavirus",2016,31,0,"",NA,NA,NA,NA
"78","Hantavirus",2016,32,0,"",NA,NA,NA,NA
"79","Hantavirus",2016,33,0,"",NA,NA,NA,NA
"80","Hantavirus",2016,34,0,"",NA,NA,NA,NA
"81","Hantavirus",2016,35,0,"",NA,NA,NA,NA
"82","Hantavirus",2016,36,0,"",NA,NA,NA,NA
"83","Hantavirus",2016,37,0,"",NA,NA,NA,NA
"84","Hantavirus",2016,38,0,"",NA,NA,NA,NA
"85","Hantavirus",2016,39,0,"",NA,NA,NA,NA
"86","Hantavirus",2016,4,0,"",NA,NA,NA,NA
"87","Hantavirus",2016,40,0,"",NA,NA,NA,NA
"88","Hantavirus",2016,41,0,"",NA,NA,NA,NA
"89","Hantavirus",2016,42,0,"",NA,NA,NA,NA
"90","Hantavirus",2016,43,0,"",NA,NA,NA,NA
"91","Hantavirus",2016,44,0,"",NA,NA,NA,NA
"92","Hantavirus",2016,45,0,"",NA,NA,NA,NA
"93","Hantavirus",2016,46,0,"",NA,NA,NA,NA
"94","Hantavirus",2016,47,0,"",NA,NA,NA,NA
"95","Hantavirus",2016,48,0,"",NA,NA,NA,NA
"96","Hantavirus",2016,49,0,"",NA,NA,NA,NA
"97","Hantavirus",2016,5,0,"",NA,NA,NA,NA
"98","Hantavirus",2016,50,0,"",NA,NA,NA,NA
"99","Hantavirus",2016,51,0,"",NA,NA,NA,NA
"100","Hantavirus",2016,52,0,"",NA,NA,NA,NA
"101","Hantavirus",2016,6,0,"",NA,NA,NA,NA
"102","Hantavirus",2016,7,0,"",NA,NA,NA,NA
"103","Hantavirus",2016,8,0,"",NA,NA,NA,NA
"104","Hantavirus",2016,9,0,"",NA,NA,NA,NA
"105","Hantavirus",2017,1,0,"",NA,NA,NA,NA
"106","Hantavirus",2017,10,0,"",NA,NA,NA,NA
"107","Hantavirus",2017,11,0,"",NA,NA,NA,NA
"108","Hantavirus",2017,12,0,"",NA,NA,NA,NA
"109","Hantavirus",2017,13,0,"",NA,NA,NA,NA
"110","Hantavirus",2017,14,0,"",NA,NA,NA,NA
"111","Hantavirus",2017,15,0,"",NA,NA,NA,NA
"112","Hantavirus",2017,16,0,"",NA,NA,NA,NA
"113","Hantavirus",2017,17,0,"",NA,NA,NA,NA
"114","Hantavirus",2017,18,0,"",NA,NA,NA,NA
"115","Hantavirus",2017,19,0,"",NA,NA,NA,NA
"116","Hantavirus",2017,2,0,"",NA,NA,NA,NA
"117","Hantavirus",2017,20,0,"",NA,NA,NA,NA
"118","Hantavirus",2017,21,0,"",NA,NA,NA,NA
"119","Hantavirus",2017,22,0,"",NA,NA,NA,NA
"120","Hantavirus",2017,23,0,"",NA,NA,NA,NA
"121","Hantavirus",2017,24,0,"",NA,NA,NA,NA
"122","Hantavirus",2017,25,0,"",NA,NA,NA,NA
"123","Hantavirus",2017,26,0,"",NA,NA,NA,NA
"124","Hantavirus",2017,27,0,"",NA,NA,NA,NA
"125","Hantavirus",2017,28,0,"",NA,NA,NA,NA
"126","Hantavirus",2017,29,0,"",NA,NA,NA,NA
"127","Hantavirus",2017,3,0,"",NA,NA,NA,NA
"128","Hantavirus",2017,30,0,"",NA,NA,NA,NA
"129","Hantavirus",2017,31,0,"",NA,NA,NA,NA
"130","Hantavirus",2017,32,0,"",NA,NA,NA,NA
"131","Hantavirus",2017,33,0,"",NA,NA,NA,NA
"132","Hantavirus",2017,34,0,"",NA,NA,NA,NA
"133","Hantavirus",2017,35,0,"",NA,NA,NA,NA
"134","Hantavirus",2017,36,0,"",NA,NA,NA,NA
"135","Hantavirus",2017,37,0,"",NA,NA,NA,NA
"136","Hantavirus",2017,38,0,"",NA,NA,NA,NA
"137","Hantavirus",2017,39,0,"",NA,NA,NA,NA
"138","Hantavirus",2017,4,0,"",NA,NA,NA,NA
"139","Hantavirus",2017,40,0,"",NA,NA,NA,NA
"140","Hantavirus",2017,41,0,"",NA,NA,NA,NA
"141","Hantavirus",2017,42,0,"",NA,NA,NA,NA
"142","Hantavirus",2017,43,0,"",NA,NA,NA,NA
"143","Hantavirus",2017,44,0,"",NA,NA,NA,NA
"144","Hantavirus",2017,45,0,"",NA,NA,NA,NA
"145","Hantavirus",2017,46,0,"",NA,NA,NA,NA
"146","Hantavirus",2017,47,0,"",NA,NA,NA,NA
"147","Hantavirus",2017,48,0,"",NA,NA,NA,NA
"148","Hantavirus",2017,49,0,"",NA,NA,NA,NA
"149","Hantavirus",2017,5,0,"",NA,NA,NA,NA
"150","Hantavirus",2017,50,0,"",NA,NA,NA,NA
"151","Hantavirus",2017,51,0,"",NA,NA,NA,NA
"152","Hantavirus",2017,52,0,"",NA,NA,NA,NA
"153","Hantavirus",2017,6,0,"",NA,NA,NA,NA
"154","Hantavirus",2017,7,0,"",NA,NA,NA,NA
"155","Hantavirus",2017,8,0,"",NA,NA,NA,NA
"156","Hantavirus",2017,9,0,"",NA,NA,NA,NA
"157","Hantavirus",2018,1,0,"",NA,NA,NA,NA
"158","Hantavirus",2018,10,0,"",NA,NA,NA,NA
"159","Hantavirus",2018,11,0,"",NA,NA,NA,NA
"160","Hantavirus",2018,12,0,"",NA,NA,NA,NA
"161","Hantavirus",2018,13,0,"",NA,NA,NA,NA
"162","Hantavirus",2018,14,0,"",NA,NA,NA,NA
"163","Hantavirus",2018,15,0,"",NA,NA,NA,NA
"164","Hantavirus",2018,16,0,"",NA,NA,NA,NA
"165","Hantavirus",2018,17,0,"",NA,NA,NA,NA
"166","Hantavirus",2018,18,0,"",NA,NA,NA,NA
"167","Hantavirus",2018,19,0,"",NA,NA,NA,NA
"168","Hantavirus",2018,2,0,"",NA,NA,NA,NA
"169","Hantavirus",2018,20,0,"",NA,NA,NA,NA
"170","Hantavirus",2018,21,0,"",NA,NA,NA,NA
"171","Hantavirus",2018,22,0,"",NA,NA,NA,NA
"172","Hantavirus",2018,23,0,"",NA,NA,NA,NA
"173","Hantavirus",2018,24,0,"",NA,NA,NA,NA
"174","Hantavirus",2018,25,0,"",NA,NA,NA,NA
"175","Hantavirus",2018,26,0,"",NA,NA,NA,NA
"176","Hantavirus",2018,27,0,"",NA,NA,NA,NA
"177","Hantavirus",2018,28,0,"",NA,NA,NA,NA
"178","Hantavirus",2018,29,0,"",NA,NA,NA,NA
"179","Hantavirus",2018,3,0,"",NA,NA,NA,NA
"180","Hantavirus",2018,30,0,"",NA,NA,NA,NA
"181","Hantavirus",2018,31,0,"",NA,NA,NA,NA
"182","Hantavirus",2018,32,0,"",NA,NA,NA,NA
"183","Hantavirus",2018,33,0,"",NA,NA,NA,NA
"184","Hantavirus",2018,34,0,"",NA,NA,NA,NA
"185","Hantavirus",2018,35,0,"",NA,NA,NA,NA
"186","Hantavirus",2018,36,0,"",NA,NA,NA,NA
"187","Hantavirus",2018,37,0,"",NA,NA,NA,NA
"188","Hantavirus",2018,38,0,"",NA,NA,NA,NA
"189","Hantavirus",2018,39,0,"",NA,NA,NA,NA
"190","Hantavirus",2018,4,0,"",NA,NA,NA,NA
"191","Hantavirus",2018,40,0,"",NA,NA,NA,NA
"192","Hantavirus",2018,41,0,"",NA,NA,NA,NA
"193","Hantavirus",2018,42,0,"",NA,NA,NA,NA
"194","Hantavirus",2018,43,0,"",NA,NA,NA,NA
"195","Hantavirus",2018,44,0,"",NA,NA,NA,NA
"196","Hantavirus",2018,45,0,"",NA,NA,NA,NA
"197","Hantavirus",2018,46,0,"",NA,NA,NA,NA
"198","Hantavirus",2018,47,0,"",NA,NA,NA,NA
"199","Hantavirus",2018,48,0,"",NA,NA,NA,NA
"200","Hantavirus",2018,49,0,"",NA,NA,NA,NA
"201","Hantavirus",2018,5,0,"",NA,NA,NA,NA
"202","Hantavirus",2018,50,0,"",NA,NA,NA,NA
"203","Hantavirus",2018,51,0,"",NA,NA,NA,NA
"204","Hantavirus",2018,52,0,"",NA,NA,NA,NA
"205","Hantavirus",2018,6,0,"",NA,NA,NA,NA
"206","Hantavirus",2018,7,0,"",NA,NA,NA,NA
"207","Hantavirus",2018,8,0,"",NA,NA,NA,NA
"208","Hantavirus",2018,9,0,"",NA,NA,NA,NA
"209","Hantavirus",2019,1,0,"",NA,NA,NA,NA
"210","Hantavirus",2019,10,0,"",NA,NA,NA,NA
"211","Hantavirus",2019,11,0,"",NA,NA,NA,NA
"212","Hantavirus",2019,12,0,"",NA,NA,NA,NA
"213","Hantavirus",2019,13,0,"",NA,NA,NA,NA
"214","Hantavirus",2019,14,0,"",NA,NA,NA,NA
"215","Hantavirus",2019,15,0,"",NA,NA,NA,NA
"216","Hantavirus",2019,16,0,"",NA,NA,NA,NA
"217","Hantavirus",2019,17,0,"",NA,NA,NA,NA
"218","Hantavirus",2019,18,0,"",NA,NA,NA,NA
"219","Hantavirus",2019,19,0,"",NA,NA,NA,NA
"220","Hantavirus",2019,2,0,"",NA,NA,NA,NA
"221","Hantavirus",2019,20,0,"",NA,NA,NA,NA
"222","Hantavirus",2019,21,0,"",NA,NA,NA,NA
"223","Hantavirus",2019,22,0,"",NA,NA,NA,NA
"224","Hantavirus",2019,23,0,"",NA,NA,NA,NA
"225","Hantavirus",2019,24,0,"",NA,NA,NA,NA
"226","Hantavirus",2019,25,0,"",NA,NA,NA,NA
"227","Hantavirus",2019,26,0,"",NA,NA,NA,NA
"228","Hantavirus",2019,27,0,"",NA,NA,NA,NA
"229","Hantavirus",2019,28,0,"",NA,NA,NA,NA
"230","Hantavirus",2019,29,0,"",NA,NA,NA,NA
"231","Hantavirus",2019,3,0,"",NA,NA,NA,NA
"232","Hantavirus",2019,30,0,"",NA,NA,NA,NA
"233","Hantavirus",2019,31,0,"",NA,NA,NA,NA
"234","Hantavirus",2019,32,0,"",NA,NA,NA,NA
"235","Hantavirus",2019,33,0,"",NA,NA,NA,NA
"236","Hantavirus",2019,34,0,"",NA,NA,NA,NA
"237","Hantavirus",2019,35,0,"",NA,NA,NA,NA
"238","Hantavirus",2019,36,0,"",NA,NA,NA,NA
"239","Hantavirus",2019,37,0,"",NA,NA,NA,NA
"240","Hantavirus",2019,38,0,"",NA,NA,NA,NA
"241","Hantavirus",2019,39,0,"",NA,NA,NA,NA
"242","Hantavirus",2019,4,0,"",NA,NA,NA,NA
"243","Hantavirus",2019,40,0,"",NA,NA,NA,NA
"244","Hantavirus",2019,41,0,"",NA,NA,NA,NA
"245","Hantavirus",2019,42,0,"",NA,NA,NA,NA
"246","Hantavirus",2019,43,0,"",NA,NA,NA,NA
"247","Hantavirus",2019,44,0,"",NA,NA,NA,NA
"248","Hantavirus",2019,45,0,"",NA,NA,NA,NA
"249","Hantavirus",2019,46,0,"",NA,NA,NA,NA
"250","Hantavirus",2019,47,0,"",NA,NA,NA,NA
"251","Hantavirus",2019,48,0,"",NA,NA,NA,NA
"252","Hantavirus",2019,49,0,"",NA,NA,NA,NA
"253","Hantavirus",2019,5,0,"",NA,NA,NA,NA
"254","Hantavirus",2019,50,0,"",NA,NA,NA,NA
"255","Hantavirus",2019,51,0,"",NA,NA,NA,NA
"256","Hantavirus",2019,52,0,"",NA,NA,NA,NA
"257","Hantavirus",2019,6,0,"",NA,NA,NA,NA
"258","Hantavirus",2019,8,0,"",NA,NA,NA,NA
"259","Hantavirus",2019,9,0,"",NA,NA,NA,NA
"260","Hantavirus",2020,1,0,"",NA,NA,NA,NA
"261","Hantavirus",2020,10,0,"",NA,NA,NA,NA
"262","Hantavirus",2020,11,0,"",NA,NA,NA,NA
"263","Hantavirus",2020,12,0,"",NA,NA,NA,NA
"264","Hantavirus",2020,13,0,"",NA,NA,NA,NA
"265","Hantavirus",2020,14,0,"",NA,NA,NA,NA
"266","Hantavirus",2020,15,0,"",NA,NA,NA,NA
"267","Hantavirus",2020,16,0,"",NA,NA,NA,NA
"268","Hantavirus",2020,17,0,"",NA,NA,NA,NA
"269","Hantavirus",2020,18,0,"",NA,NA,NA,NA
"270","Hantavirus",2020,2,0,"",NA,NA,NA,NA
"271","Hantavirus",2020,3,0,"",NA,NA,NA,NA
"272","Hantavirus",2020,4,0,"",NA,NA,NA,NA
"273","Hantavirus",2020,5,0,"",NA,NA,NA,NA
"274","Hantavirus",2020,6,0,"",NA,NA,NA,NA
"275","Hantavirus",2020,7,0,"",NA,NA,NA,NA
"276","Hantavirus",2020,8,0,"",NA,NA,NA,NA
"277","Hantavirus",2020,9,0,"",NA,NA,NA,NA
