"","Disease","EpiYear","EpiWeek","Incidence","ADM0","ADM1","ADM2","NA","NA"
"1","Mumps",2015,1,16,"",NA,NA,NA,NA
"2","Mumps",2015,10,15,"",NA,NA,NA,NA
"3","Mumps",2015,11,20,"",NA,NA,NA,NA
"4","Mumps",2015,12,20,"",NA,NA,NA,NA
"5","Mumps",2015,13,11,"",NA,NA,NA,NA
"6","Mumps",2015,14,15,"",NA,NA,NA,NA
"7","Mumps",2015,15,21,"",NA,NA,NA,NA
"8","Mumps",2015,16,22,"",NA,NA,NA,NA
"9","Mumps",2015,17,20,"",NA,NA,NA,NA
"10","Mumps",2015,18,19,"",NA,NA,NA,NA
"11","Mumps",2015,19,11,"",NA,NA,NA,NA
"12","Mumps",2015,2,16,"",NA,NA,NA,NA
"13","Mumps",2015,20,16,"",NA,NA,NA,NA
"14","Mumps",2015,21,14,"",NA,NA,NA,NA
"15","Mumps",2015,22,16,"",NA,NA,NA,NA
"16","Mumps",2015,23,23,"",NA,NA,NA,NA
"17","Mumps",2015,24,17,"",NA,NA,NA,NA
"18","Mumps",2015,25,17,"",NA,NA,NA,NA
"19","Mumps",2015,26,19,"",NA,NA,NA,NA
"20","Mumps",2015,27,10,"",NA,NA,NA,NA
"21","Mumps",2015,28,10,"",NA,NA,NA,NA
"22","Mumps",2015,29,19,"",NA,NA,NA,NA
"23","Mumps",2015,3,16,"",NA,NA,NA,NA
"24","Mumps",2015,30,15,"",NA,NA,NA,NA
"25","Mumps",2015,31,26,"",NA,NA,NA,NA
"26","Mumps",2015,32,19,"",NA,NA,NA,NA
"27","Mumps",2015,33,14,"",NA,NA,NA,NA
"28","Mumps",2015,34,13,"",NA,NA,NA,NA
"29","Mumps",2015,35,14,"",NA,NA,NA,NA
"30","Mumps",2015,36,21,"",NA,NA,NA,NA
"31","Mumps",2015,37,6,"",NA,NA,NA,NA
"32","Mumps",2015,38,11,"",NA,NA,NA,NA
"33","Mumps",2015,39,11,"",NA,NA,NA,NA
"34","Mumps",2015,4,15,"",NA,NA,NA,NA
"35","Mumps",2015,40,11,"",NA,NA,NA,NA
"36","Mumps",2015,41,15,"",NA,NA,NA,NA
"37","Mumps",2015,42,15,"",NA,NA,NA,NA
"38","Mumps",2015,43,19,"",NA,NA,NA,NA
"39","Mumps",2015,44,15,"",NA,NA,NA,NA
"40","Mumps",2015,45,12,"",NA,NA,NA,NA
"41","Mumps",2015,46,7,"",NA,NA,NA,NA
"42","Mumps",2015,47,20,"",NA,NA,NA,NA
"43","Mumps",2015,48,8,"",NA,NA,NA,NA
"44","Mumps",2015,49,14,"",NA,NA,NA,NA
"45","Mumps",2015,5,16,"",NA,NA,NA,NA
"46","Mumps",2015,50,13,"",NA,NA,NA,NA
"47","Mumps",2015,51,11,"",NA,NA,NA,NA
"48","Mumps",2015,52,7,"",NA,NA,NA,NA
"49","Mumps",2015,6,13,"",NA,NA,NA,NA
"50","Mumps",2015,7,4,"",NA,NA,NA,NA
"51","Mumps",2015,8,10,"",NA,NA,NA,NA
"52","Mumps",2015,9,12,"",NA,NA,NA,NA
"53","Mumps",2016,1,18,"",NA,NA,NA,NA
"54","Mumps",2016,10,13,"",NA,NA,NA,NA
"55","Mumps",2016,11,9,"",NA,NA,NA,NA
"56","Mumps",2016,12,12,"",NA,NA,NA,NA
"57","Mumps",2016,13,16,"",NA,NA,NA,NA
"58","Mumps",2016,14,13,"",NA,NA,NA,NA
"59","Mumps",2016,15,5,"",NA,NA,NA,NA
"60","Mumps",2016,16,9,"",NA,NA,NA,NA
"61","Mumps",2016,17,9,"",NA,NA,NA,NA
"62","Mumps",2016,18,13,"",NA,NA,NA,NA
"63","Mumps",2016,19,11,"",NA,NA,NA,NA
"64","Mumps",2016,2,12,"",NA,NA,NA,NA
"65","Mumps",2016,20,15,"",NA,NA,NA,NA
"66","Mumps",2016,21,7,"",NA,NA,NA,NA
"67","Mumps",2016,22,22,"",NA,NA,NA,NA
"68","Mumps",2016,23,10,"",NA,NA,NA,NA
"69","Mumps",2016,24,9,"",NA,NA,NA,NA
"70","Mumps",2016,25,16,"",NA,NA,NA,NA
"71","Mumps",2016,26,13,"",NA,NA,NA,NA
"72","Mumps",2016,27,14,"",NA,NA,NA,NA
"73","Mumps",2016,28,13,"",NA,NA,NA,NA
"74","Mumps",2016,29,12,"",NA,NA,NA,NA
"75","Mumps",2016,3,12,"",NA,NA,NA,NA
"76","Mumps",2016,30,10,"",NA,NA,NA,NA
"77","Mumps",2016,31,12,"",NA,NA,NA,NA
"78","Mumps",2016,32,13,"",NA,NA,NA,NA
"79","Mumps",2016,33,10,"",NA,NA,NA,NA
"80","Mumps",2016,34,14,"",NA,NA,NA,NA
"81","Mumps",2016,35,8,"",NA,NA,NA,NA
"82","Mumps",2016,36,5,"",NA,NA,NA,NA
"83","Mumps",2016,37,9,"",NA,NA,NA,NA
"84","Mumps",2016,38,29,"",NA,NA,NA,NA
"85","Mumps",2016,39,15,"",NA,NA,NA,NA
"86","Mumps",2016,4,1,"",NA,NA,NA,NA
"87","Mumps",2016,40,14,"",NA,NA,NA,NA
"88","Mumps",2016,41,11,"",NA,NA,NA,NA
"89","Mumps",2016,42,21,"",NA,NA,NA,NA
"90","Mumps",2016,43,20,"",NA,NA,NA,NA
"91","Mumps",2016,44,12,"",NA,NA,NA,NA
"92","Mumps",2016,45,10,"",NA,NA,NA,NA
"93","Mumps",2016,46,13,"",NA,NA,NA,NA
"94","Mumps",2016,47,9,"",NA,NA,NA,NA
"95","Mumps",2016,48,8,"",NA,NA,NA,NA
"96","Mumps",2016,49,6,"",NA,NA,NA,NA
"97","Mumps",2016,5,9,"",NA,NA,NA,NA
"98","Mumps",2016,50,11,"",NA,NA,NA,NA
"99","Mumps",2016,51,10,"",NA,NA,NA,NA
"100","Mumps",2016,52,16,"",NA,NA,NA,NA
"101","Mumps",2016,6,5,"",NA,NA,NA,NA
"102","Mumps",2016,7,6,"",NA,NA,NA,NA
"103","Mumps",2016,8,8,"",NA,NA,NA,NA
"104","Mumps",2016,9,7,"",NA,NA,NA,NA
"105","Mumps",2017,1,9,"",NA,NA,NA,NA
"106","Mumps",2017,10,11,"",NA,NA,NA,NA
"107","Mumps",2017,11,13,"",NA,NA,NA,NA
"108","Mumps",2017,12,6,"",NA,NA,NA,NA
"109","Mumps",2017,13,11,"",NA,NA,NA,NA
"110","Mumps",2017,14,16,"",NA,NA,NA,NA
"111","Mumps",2017,15,15,"",NA,NA,NA,NA
"112","Mumps",2017,16,14,"",NA,NA,NA,NA
"113","Mumps",2017,17,14,"",NA,NA,NA,NA
"114","Mumps",2017,18,19,"",NA,NA,NA,NA
"115","Mumps",2017,19,16,"",NA,NA,NA,NA
"116","Mumps",2017,2,16,"",NA,NA,NA,NA
"117","Mumps",2017,20,18,"",NA,NA,NA,NA
"118","Mumps",2017,21,20,"",NA,NA,NA,NA
"119","Mumps",2017,22,14,"",NA,NA,NA,NA
"120","Mumps",2017,23,8,"",NA,NA,NA,NA
"121","Mumps",2017,24,12,"",NA,NA,NA,NA
"122","Mumps",2017,25,14,"",NA,NA,NA,NA
"123","Mumps",2017,26,12,"",NA,NA,NA,NA
"124","Mumps",2017,27,7,"",NA,NA,NA,NA
"125","Mumps",2017,28,18,"",NA,NA,NA,NA
"126","Mumps",2017,29,13,"",NA,NA,NA,NA
"127","Mumps",2017,3,11,"",NA,NA,NA,NA
"128","Mumps",2017,30,10,"",NA,NA,NA,NA
"129","Mumps",2017,31,14,"",NA,NA,NA,NA
"130","Mumps",2017,32,8,"",NA,NA,NA,NA
"131","Mumps",2017,33,16,"",NA,NA,NA,NA
"132","Mumps",2017,34,13,"",NA,NA,NA,NA
"133","Mumps",2017,35,11,"",NA,NA,NA,NA
"134","Mumps",2017,36,11,"",NA,NA,NA,NA
"135","Mumps",2017,37,11,"",NA,NA,NA,NA
"136","Mumps",2017,38,16,"",NA,NA,NA,NA
"137","Mumps",2017,39,16,"",NA,NA,NA,NA
"138","Mumps",2017,4,13,"",NA,NA,NA,NA
"139","Mumps",2017,40,11,"",NA,NA,NA,NA
"140","Mumps",2017,41,9,"",NA,NA,NA,NA
"141","Mumps",2017,42,14,"",NA,NA,NA,NA
"142","Mumps",2017,43,10,"",NA,NA,NA,NA
"143","Mumps",2017,44,12,"",NA,NA,NA,NA
"144","Mumps",2017,45,7,"",NA,NA,NA,NA
"145","Mumps",2017,46,14,"",NA,NA,NA,NA
"146","Mumps",2017,47,15,"",NA,NA,NA,NA
"147","Mumps",2017,48,9,"",NA,NA,NA,NA
"148","Mumps",2017,49,10,"",NA,NA,NA,NA
"149","Mumps",2017,5,10,"",NA,NA,NA,NA
"150","Mumps",2017,50,8,"",NA,NA,NA,NA
"151","Mumps",2017,51,7,"",NA,NA,NA,NA
"152","Mumps",2017,52,14,"",NA,NA,NA,NA
"153","Mumps",2017,6,15,"",NA,NA,NA,NA
"154","Mumps",2017,7,11,"",NA,NA,NA,NA
"155","Mumps",2017,8,12,"",NA,NA,NA,NA
"156","Mumps",2017,9,9,"",NA,NA,NA,NA
"157","Mumps",2018,1,14,"",NA,NA,NA,NA
"158","Mumps",2018,10,10,"",NA,NA,NA,NA
"159","Mumps",2018,11,13,"",NA,NA,NA,NA
"160","Mumps",2018,12,11,"",NA,NA,NA,NA
"161","Mumps",2018,13,10,"",NA,NA,NA,NA
"162","Mumps",2018,14,11,"",NA,NA,NA,NA
"163","Mumps",2018,15,21,"",NA,NA,NA,NA
"164","Mumps",2018,16,9,"",NA,NA,NA,NA
"165","Mumps",2018,17,12,"",NA,NA,NA,NA
"166","Mumps",2018,18,16,"",NA,NA,NA,NA
"167","Mumps",2018,19,12,"",NA,NA,NA,NA
"168","Mumps",2018,2,8,"",NA,NA,NA,NA
"169","Mumps",2018,20,17,"",NA,NA,NA,NA
"170","Mumps",2018,21,9,"",NA,NA,NA,NA
"171","Mumps",2018,22,10,"",NA,NA,NA,NA
"172","Mumps",2018,23,14,"",NA,NA,NA,NA
"173","Mumps",2018,24,8,"",NA,NA,NA,NA
"174","Mumps",2018,25,15,"",NA,NA,NA,NA
"175","Mumps",2018,26,1,"",NA,NA,NA,NA
"176","Mumps",2018,27,14,"",NA,NA,NA,NA
"177","Mumps",2018,28,6,"",NA,NA,NA,NA
"178","Mumps",2018,29,6,"",NA,NA,NA,NA
"179","Mumps",2018,3,12,"",NA,NA,NA,NA
"180","Mumps",2018,30,13,"",NA,NA,NA,NA
"181","Mumps",2018,31,11,"",NA,NA,NA,NA
"182","Mumps",2018,32,14,"",NA,NA,NA,NA
"183","Mumps",2018,33,10,"",NA,NA,NA,NA
"184","Mumps",2018,34,11,"",NA,NA,NA,NA
"185","Mumps",2018,35,11,"",NA,NA,NA,NA
"186","Mumps",2018,36,16,"",NA,NA,NA,NA
"187","Mumps",2018,37,15,"",NA,NA,NA,NA
"188","Mumps",2018,38,15,"",NA,NA,NA,NA
"189","Mumps",2018,39,16,"",NA,NA,NA,NA
"190","Mumps",2018,4,11,"",NA,NA,NA,NA
"191","Mumps",2018,40,16,"",NA,NA,NA,NA
"192","Mumps",2018,41,12,"",NA,NA,NA,NA
"193","Mumps",2018,42,14,"",NA,NA,NA,NA
"194","Mumps",2018,43,10,"",NA,NA,NA,NA
"195","Mumps",2018,44,13,"",NA,NA,NA,NA
"196","Mumps",2018,45,13,"",NA,NA,NA,NA
"197","Mumps",2018,46,11,"",NA,NA,NA,NA
"198","Mumps",2018,47,9,"",NA,NA,NA,NA
"199","Mumps",2018,48,9,"",NA,NA,NA,NA
"200","Mumps",2018,49,10,"",NA,NA,NA,NA
"201","Mumps",2018,5,5,"",NA,NA,NA,NA
"202","Mumps",2018,50,11,"",NA,NA,NA,NA
"203","Mumps",2018,51,9,"",NA,NA,NA,NA
"204","Mumps",2018,52,12,"",NA,NA,NA,NA
"205","Mumps",2018,6,7,"",NA,NA,NA,NA
"206","Mumps",2018,7,6,"",NA,NA,NA,NA
"207","Mumps",2018,8,7,"",NA,NA,NA,NA
"208","Mumps",2018,9,16,"",NA,NA,NA,NA
"209","Mumps",2019,1,10,"",NA,NA,NA,NA
"210","Mumps",2019,10,14,"",NA,NA,NA,NA
"211","Mumps",2019,11,16,"",NA,NA,NA,NA
"212","Mumps",2019,12,16,"",NA,NA,NA,NA
"213","Mumps",2019,13,8,"",NA,NA,NA,NA
"214","Mumps",2019,14,3,"",NA,NA,NA,NA
"215","Mumps",2019,15,6,"",NA,NA,NA,NA
"216","Mumps",2019,16,5,"",NA,NA,NA,NA
"217","Mumps",2019,17,7,"",NA,NA,NA,NA
"218","Mumps",2019,18,4,"",NA,NA,NA,NA
"219","Mumps",2019,19,16,"",NA,NA,NA,NA
"220","Mumps",2019,2,8,"",NA,NA,NA,NA
"221","Mumps",2019,20,6,"",NA,NA,NA,NA
"222","Mumps",2019,21,9,"",NA,NA,NA,NA
"223","Mumps",2019,22,8,"",NA,NA,NA,NA
"224","Mumps",2019,23,11,"",NA,NA,NA,NA
"225","Mumps",2019,24,14,"",NA,NA,NA,NA
"226","Mumps",2019,25,6,"",NA,NA,NA,NA
"227","Mumps",2019,26,9,"",NA,NA,NA,NA
"228","Mumps",2019,27,10,"",NA,NA,NA,NA
"229","Mumps",2019,28,11,"",NA,NA,NA,NA
"230","Mumps",2019,29,7,"",NA,NA,NA,NA
"231","Mumps",2019,3,15,"",NA,NA,NA,NA
"232","Mumps",2019,30,15,"",NA,NA,NA,NA
"233","Mumps",2019,31,11,"",NA,NA,NA,NA
"234","Mumps",2019,32,11,"",NA,NA,NA,NA
"235","Mumps",2019,33,8,"",NA,NA,NA,NA
"236","Mumps",2019,34,8,"",NA,NA,NA,NA
"237","Mumps",2019,35,12,"",NA,NA,NA,NA
"238","Mumps",2019,36,12,"",NA,NA,NA,NA
"239","Mumps",2019,37,11,"",NA,NA,NA,NA
"240","Mumps",2019,38,15,"",NA,NA,NA,NA
"241","Mumps",2019,39,0,"",NA,NA,NA,NA
"242","Mumps",2019,4,10,"",NA,NA,NA,NA
"243","Mumps",2019,40,19,"",NA,NA,NA,NA
"244","Mumps",2019,41,8,"",NA,NA,NA,NA
"245","Mumps",2019,42,8,"",NA,NA,NA,NA
"246","Mumps",2019,43,0,"",NA,NA,NA,NA
"247","Mumps",2019,44,10,"",NA,NA,NA,NA
"248","Mumps",2019,45,4,"",NA,NA,NA,NA
"249","Mumps",2019,46,17,"",NA,NA,NA,NA
"250","Mumps",2019,47,3,"",NA,NA,NA,NA
"251","Mumps",2019,48,8,"",NA,NA,NA,NA
"252","Mumps",2019,49,8,"",NA,NA,NA,NA
"253","Mumps",2019,5,8,"",NA,NA,NA,NA
"254","Mumps",2019,50,9,"",NA,NA,NA,NA
"255","Mumps",2019,51,8,"",NA,NA,NA,NA
"256","Mumps",2019,52,13,"",NA,NA,NA,NA
"257","Mumps",2019,6,5,"",NA,NA,NA,NA
"258","Mumps",2019,8,7,"",NA,NA,NA,NA
"259","Mumps",2019,9,11,"",NA,NA,NA,NA
"260","Mumps",2020,1,11,"",NA,NA,NA,NA
"261","Mumps",2020,10,8,"",NA,NA,NA,NA
"262","Mumps",2020,11,9,"",NA,NA,NA,NA
"263","Mumps",2020,12,11,"",NA,NA,NA,NA
"264","Mumps",2020,13,11,"",NA,NA,NA,NA
"265","Mumps",2020,14,10,"",NA,NA,NA,NA
"266","Mumps",2020,15,3,"",NA,NA,NA,NA
"267","Mumps",2020,16,4,"",NA,NA,NA,NA
"268","Mumps",2020,17,6,"",NA,NA,NA,NA
"269","Mumps",2020,18,11,"",NA,NA,NA,NA
"270","Mumps",2020,2,10,"",NA,NA,NA,NA
"271","Mumps",2020,3,7,"",NA,NA,NA,NA
"272","Mumps",2020,4,11,"",NA,NA,NA,NA
"273","Mumps",2020,5,7,"",NA,NA,NA,NA
"274","Mumps",2020,6,9,"",NA,NA,NA,NA
"275","Mumps",2020,7,11,"",NA,NA,NA,NA
"276","Mumps",2020,8,7,"",NA,NA,NA,NA
"277","Mumps",2020,9,9,"",NA,NA,NA,NA
