"","Disease","EpiYear","EpiWeek","Incidence","ADM0","ADM1","ADM2","NA","NA"
"1","Typhoid Fever",2015,1,1,"",NA,NA,NA,NA
"2","Typhoid Fever",2015,10,1,"",NA,NA,NA,NA
"3","Typhoid Fever",2015,11,2,"",NA,NA,NA,NA
"4","Typhoid Fever",2015,12,0,"",NA,NA,NA,NA
"5","Typhoid Fever",2015,13,1,"",NA,NA,NA,NA
"6","Typhoid Fever",2015,14,2,"",NA,NA,NA,NA
"7","Typhoid Fever",2015,15,0,"",NA,NA,NA,NA
"8","Typhoid Fever",2015,16,0,"",NA,NA,NA,NA
"9","Typhoid Fever",2015,17,0,"",NA,NA,NA,NA
"10","Typhoid Fever",2015,18,0,"",NA,NA,NA,NA
"11","Typhoid Fever",2015,19,1,"",NA,NA,NA,NA
"12","Typhoid Fever",2015,2,1,"",NA,NA,NA,NA
"13","Typhoid Fever",2015,20,0,"",NA,NA,NA,NA
"14","Typhoid Fever",2015,21,1,"",NA,NA,NA,NA
"15","Typhoid Fever",2015,22,0,"",NA,NA,NA,NA
"16","Typhoid Fever",2015,23,0,"",NA,NA,NA,NA
"17","Typhoid Fever",2015,24,1,"",NA,NA,NA,NA
"18","Typhoid Fever",2015,25,1,"",NA,NA,NA,NA
"19","Typhoid Fever",2015,26,0,"",NA,NA,NA,NA
"20","Typhoid Fever",2015,27,0,"",NA,NA,NA,NA
"21","Typhoid Fever",2015,28,0,"",NA,NA,NA,NA
"22","Typhoid Fever",2015,29,2,"",NA,NA,NA,NA
"23","Typhoid Fever",2015,3,0,"",NA,NA,NA,NA
"24","Typhoid Fever",2015,30,2,"",NA,NA,NA,NA
"25","Typhoid Fever",2015,31,0,"",NA,NA,NA,NA
"26","Typhoid Fever",2015,32,0,"",NA,NA,NA,NA
"27","Typhoid Fever",2015,33,0,"",NA,NA,NA,NA
"28","Typhoid Fever",2015,34,0,"",NA,NA,NA,NA
"29","Typhoid Fever",2015,35,0,"",NA,NA,NA,NA
"30","Typhoid Fever",2015,36,1,"",NA,NA,NA,NA
"31","Typhoid Fever",2015,37,0,"",NA,NA,NA,NA
"32","Typhoid Fever",2015,38,0,"",NA,NA,NA,NA
"33","Typhoid Fever",2015,39,1,"",NA,NA,NA,NA
"34","Typhoid Fever",2015,4,0,"",NA,NA,NA,NA
"35","Typhoid Fever",2015,40,0,"",NA,NA,NA,NA
"36","Typhoid Fever",2015,41,1,"",NA,NA,NA,NA
"37","Typhoid Fever",2015,42,0,"",NA,NA,NA,NA
"38","Typhoid Fever",2015,43,0,"",NA,NA,NA,NA
"39","Typhoid Fever",2015,44,1,"",NA,NA,NA,NA
"40","Typhoid Fever",2015,45,1,"",NA,NA,NA,NA
"41","Typhoid Fever",2015,46,1,"",NA,NA,NA,NA
"42","Typhoid Fever",2015,47,0,"",NA,NA,NA,NA
"43","Typhoid Fever",2015,48,0,"",NA,NA,NA,NA
"44","Typhoid Fever",2015,49,0,"",NA,NA,NA,NA
"45","Typhoid Fever",2015,5,0,"",NA,NA,NA,NA
"46","Typhoid Fever",2015,50,2,"",NA,NA,NA,NA
"47","Typhoid Fever",2015,51,0,"",NA,NA,NA,NA
"48","Typhoid Fever",2015,52,0,"",NA,NA,NA,NA
"49","Typhoid Fever",2015,6,0,"",NA,NA,NA,NA
"50","Typhoid Fever",2015,7,0,"",NA,NA,NA,NA
"51","Typhoid Fever",2015,8,1,"",NA,NA,NA,NA
"52","Typhoid Fever",2015,9,3,"",NA,NA,NA,NA
"53","Typhoid Fever",2016,1,0,"",NA,NA,NA,NA
"54","Typhoid Fever",2016,10,0,"",NA,NA,NA,NA
"55","Typhoid Fever",2016,11,0,"",NA,NA,NA,NA
"56","Typhoid Fever",2016,12,0,"",NA,NA,NA,NA
"57","Typhoid Fever",2016,13,0,"",NA,NA,NA,NA
"58","Typhoid Fever",2016,14,0,"",NA,NA,NA,NA
"59","Typhoid Fever",2016,15,0,"",NA,NA,NA,NA
"60","Typhoid Fever",2016,16,0,"",NA,NA,NA,NA
"61","Typhoid Fever",2016,17,0,"",NA,NA,NA,NA
"62","Typhoid Fever",2016,18,1,"",NA,NA,NA,NA
"63","Typhoid Fever",2016,19,0,"",NA,NA,NA,NA
"64","Typhoid Fever",2016,2,0,"",NA,NA,NA,NA
"65","Typhoid Fever",2016,20,0,"",NA,NA,NA,NA
"66","Typhoid Fever",2016,21,0,"",NA,NA,NA,NA
"67","Typhoid Fever",2016,22,0,"",NA,NA,NA,NA
"68","Typhoid Fever",2016,23,0,"",NA,NA,NA,NA
"69","Typhoid Fever",2016,24,0,"",NA,NA,NA,NA
"70","Typhoid Fever",2016,25,0,"",NA,NA,NA,NA
"71","Typhoid Fever",2016,26,0,"",NA,NA,NA,NA
"72","Typhoid Fever",2016,27,0,"",NA,NA,NA,NA
"73","Typhoid Fever",2016,28,0,"",NA,NA,NA,NA
"74","Typhoid Fever",2016,29,1,"",NA,NA,NA,NA
"75","Typhoid Fever",2016,3,1,"",NA,NA,NA,NA
"76","Typhoid Fever",2016,30,0,"",NA,NA,NA,NA
"77","Typhoid Fever",2016,31,0,"",NA,NA,NA,NA
"78","Typhoid Fever",2016,32,0,"",NA,NA,NA,NA
"79","Typhoid Fever",2016,33,0,"",NA,NA,NA,NA
"80","Typhoid Fever",2016,34,0,"",NA,NA,NA,NA
"81","Typhoid Fever",2016,35,0,"",NA,NA,NA,NA
"82","Typhoid Fever",2016,36,0,"",NA,NA,NA,NA
"83","Typhoid Fever",2016,37,0,"",NA,NA,NA,NA
"84","Typhoid Fever",2016,38,0,"",NA,NA,NA,NA
"85","Typhoid Fever",2016,39,1,"",NA,NA,NA,NA
"86","Typhoid Fever",2016,4,0,"",NA,NA,NA,NA
"87","Typhoid Fever",2016,40,0,"",NA,NA,NA,NA
"88","Typhoid Fever",2016,41,0,"",NA,NA,NA,NA
"89","Typhoid Fever",2016,42,2,"",NA,NA,NA,NA
"90","Typhoid Fever",2016,43,1,"",NA,NA,NA,NA
"91","Typhoid Fever",2016,44,0,"",NA,NA,NA,NA
"92","Typhoid Fever",2016,45,0,"",NA,NA,NA,NA
"93","Typhoid Fever",2016,46,0,"",NA,NA,NA,NA
"94","Typhoid Fever",2016,47,0,"",NA,NA,NA,NA
"95","Typhoid Fever",2016,48,1,"",NA,NA,NA,NA
"96","Typhoid Fever",2016,49,1,"",NA,NA,NA,NA
"97","Typhoid Fever",2016,5,0,"",NA,NA,NA,NA
"98","Typhoid Fever",2016,50,2,"",NA,NA,NA,NA
"99","Typhoid Fever",2016,51,2,"",NA,NA,NA,NA
"100","Typhoid Fever",2016,52,0,"",NA,NA,NA,NA
"101","Typhoid Fever",2016,6,0,"",NA,NA,NA,NA
"102","Typhoid Fever",2016,7,0,"",NA,NA,NA,NA
"103","Typhoid Fever",2016,8,0,"",NA,NA,NA,NA
"104","Typhoid Fever",2016,9,0,"",NA,NA,NA,NA
"105","Typhoid Fever",2017,1,0,"",NA,NA,NA,NA
"106","Typhoid Fever",2017,10,0,"",NA,NA,NA,NA
"107","Typhoid Fever",2017,11,1,"",NA,NA,NA,NA
"108","Typhoid Fever",2017,12,0,"",NA,NA,NA,NA
"109","Typhoid Fever",2017,13,0,"",NA,NA,NA,NA
"110","Typhoid Fever",2017,14,1,"",NA,NA,NA,NA
"111","Typhoid Fever",2017,15,0,"",NA,NA,NA,NA
"112","Typhoid Fever",2017,16,1,"",NA,NA,NA,NA
"113","Typhoid Fever",2017,17,0,"",NA,NA,NA,NA
"114","Typhoid Fever",2017,18,0,"",NA,NA,NA,NA
"115","Typhoid Fever",2017,19,1,"",NA,NA,NA,NA
"116","Typhoid Fever",2017,2,1,"",NA,NA,NA,NA
"117","Typhoid Fever",2017,20,0,"",NA,NA,NA,NA
"118","Typhoid Fever",2017,21,2,"",NA,NA,NA,NA
"119","Typhoid Fever",2017,22,1,"",NA,NA,NA,NA
"120","Typhoid Fever",2017,23,0,"",NA,NA,NA,NA
"121","Typhoid Fever",2017,24,0,"",NA,NA,NA,NA
"122","Typhoid Fever",2017,25,0,"",NA,NA,NA,NA
"123","Typhoid Fever",2017,26,0,"",NA,NA,NA,NA
"124","Typhoid Fever",2017,27,0,"",NA,NA,NA,NA
"125","Typhoid Fever",2017,28,0,"",NA,NA,NA,NA
"126","Typhoid Fever",2017,29,0,"",NA,NA,NA,NA
"127","Typhoid Fever",2017,3,1,"",NA,NA,NA,NA
"128","Typhoid Fever",2017,30,0,"",NA,NA,NA,NA
"129","Typhoid Fever",2017,31,0,"",NA,NA,NA,NA
"130","Typhoid Fever",2017,32,0,"",NA,NA,NA,NA
"131","Typhoid Fever",2017,33,2,"",NA,NA,NA,NA
"132","Typhoid Fever",2017,34,0,"",NA,NA,NA,NA
"133","Typhoid Fever",2017,35,1,"",NA,NA,NA,NA
"134","Typhoid Fever",2017,36,0,"",NA,NA,NA,NA
"135","Typhoid Fever",2017,37,0,"",NA,NA,NA,NA
"136","Typhoid Fever",2017,38,2,"",NA,NA,NA,NA
"137","Typhoid Fever",2017,39,0,"",NA,NA,NA,NA
"138","Typhoid Fever",2017,4,0,"",NA,NA,NA,NA
"139","Typhoid Fever",2017,40,0,"",NA,NA,NA,NA
"140","Typhoid Fever",2017,41,0,"",NA,NA,NA,NA
"141","Typhoid Fever",2017,42,1,"",NA,NA,NA,NA
"142","Typhoid Fever",2017,43,0,"",NA,NA,NA,NA
"143","Typhoid Fever",2017,44,0,"",NA,NA,NA,NA
"144","Typhoid Fever",2017,45,0,"",NA,NA,NA,NA
"145","Typhoid Fever",2017,46,0,"",NA,NA,NA,NA
"146","Typhoid Fever",2017,47,0,"",NA,NA,NA,NA
"147","Typhoid Fever",2017,48,0,"",NA,NA,NA,NA
"148","Typhoid Fever",2017,49,0,"",NA,NA,NA,NA
"149","Typhoid Fever",2017,5,0,"",NA,NA,NA,NA
"150","Typhoid Fever",2017,50,0,"",NA,NA,NA,NA
"151","Typhoid Fever",2017,51,0,"",NA,NA,NA,NA
"152","Typhoid Fever",2017,52,0,"",NA,NA,NA,NA
"153","Typhoid Fever",2017,6,0,"",NA,NA,NA,NA
"154","Typhoid Fever",2017,7,0,"",NA,NA,NA,NA
"155","Typhoid Fever",2017,8,1,"",NA,NA,NA,NA
"156","Typhoid Fever",2017,9,1,"",NA,NA,NA,NA
"157","Typhoid Fever",2018,1,0,"",NA,NA,NA,NA
"158","Typhoid Fever",2018,10,0,"",NA,NA,NA,NA
"159","Typhoid Fever",2018,11,0,"",NA,NA,NA,NA
"160","Typhoid Fever",2018,12,0,"",NA,NA,NA,NA
"161","Typhoid Fever",2018,13,0,"",NA,NA,NA,NA
"162","Typhoid Fever",2018,14,0,"",NA,NA,NA,NA
"163","Typhoid Fever",2018,15,1,"",NA,NA,NA,NA
"164","Typhoid Fever",2018,16,1,"",NA,NA,NA,NA
"165","Typhoid Fever",2018,17,0,"",NA,NA,NA,NA
"166","Typhoid Fever",2018,18,0,"",NA,NA,NA,NA
"167","Typhoid Fever",2018,19,1,"",NA,NA,NA,NA
"168","Typhoid Fever",2018,2,0,"",NA,NA,NA,NA
"169","Typhoid Fever",2018,20,0,"",NA,NA,NA,NA
"170","Typhoid Fever",2018,21,0,"",NA,NA,NA,NA
"171","Typhoid Fever",2018,22,0,"",NA,NA,NA,NA
"172","Typhoid Fever",2018,23,0,"",NA,NA,NA,NA
"173","Typhoid Fever",2018,24,0,"",NA,NA,NA,NA
"174","Typhoid Fever",2018,25,0,"",NA,NA,NA,NA
"175","Typhoid Fever",2018,26,0,"",NA,NA,NA,NA
"176","Typhoid Fever",2018,27,0,"",NA,NA,NA,NA
"177","Typhoid Fever",2018,28,0,"",NA,NA,NA,NA
"178","Typhoid Fever",2018,29,0,"",NA,NA,NA,NA
"179","Typhoid Fever",2018,3,1,"",NA,NA,NA,NA
"180","Typhoid Fever",2018,30,0,"",NA,NA,NA,NA
"181","Typhoid Fever",2018,31,0,"",NA,NA,NA,NA
"182","Typhoid Fever",2018,32,0,"",NA,NA,NA,NA
"183","Typhoid Fever",2018,33,0,"",NA,NA,NA,NA
"184","Typhoid Fever",2018,34,1,"",NA,NA,NA,NA
"185","Typhoid Fever",2018,35,0,"",NA,NA,NA,NA
"186","Typhoid Fever",2018,36,3,"",NA,NA,NA,NA
"187","Typhoid Fever",2018,37,1,"",NA,NA,NA,NA
"188","Typhoid Fever",2018,38,1,"",NA,NA,NA,NA
"189","Typhoid Fever",2018,39,0,"",NA,NA,NA,NA
"190","Typhoid Fever",2018,4,0,"",NA,NA,NA,NA
"191","Typhoid Fever",2018,40,0,"",NA,NA,NA,NA
"192","Typhoid Fever",2018,41,0,"",NA,NA,NA,NA
"193","Typhoid Fever",2018,42,0,"",NA,NA,NA,NA
"194","Typhoid Fever",2018,43,0,"",NA,NA,NA,NA
"195","Typhoid Fever",2018,44,0,"",NA,NA,NA,NA
"196","Typhoid Fever",2018,45,0,"",NA,NA,NA,NA
"197","Typhoid Fever",2018,46,0,"",NA,NA,NA,NA
"198","Typhoid Fever",2018,47,0,"",NA,NA,NA,NA
"199","Typhoid Fever",2018,48,1,"",NA,NA,NA,NA
"200","Typhoid Fever",2018,49,0,"",NA,NA,NA,NA
"201","Typhoid Fever",2018,5,0,"",NA,NA,NA,NA
"202","Typhoid Fever",2018,50,0,"",NA,NA,NA,NA
"203","Typhoid Fever",2018,51,0,"",NA,NA,NA,NA
"204","Typhoid Fever",2018,52,3,"",NA,NA,NA,NA
"205","Typhoid Fever",2018,6,1,"",NA,NA,NA,NA
"206","Typhoid Fever",2018,7,2,"",NA,NA,NA,NA
"207","Typhoid Fever",2018,8,0,"",NA,NA,NA,NA
"208","Typhoid Fever",2018,9,0,"",NA,NA,NA,NA
"209","Typhoid Fever",2019,1,0,"",NA,NA,NA,NA
"210","Typhoid Fever",2019,10,0,"",NA,NA,NA,NA
"211","Typhoid Fever",2019,11,0,"",NA,NA,NA,NA
"212","Typhoid Fever",2019,12,0,"",NA,NA,NA,NA
"213","Typhoid Fever",2019,13,0,"",NA,NA,NA,NA
"214","Typhoid Fever",2019,14,0,"",NA,NA,NA,NA
"215","Typhoid Fever",2019,15,1,"",NA,NA,NA,NA
"216","Typhoid Fever",2019,16,1,"",NA,NA,NA,NA
"217","Typhoid Fever",2019,17,2,"",NA,NA,NA,NA
"218","Typhoid Fever",2019,18,0,"",NA,NA,NA,NA
"219","Typhoid Fever",2019,19,0,"",NA,NA,NA,NA
"220","Typhoid Fever",2019,2,0,"",NA,NA,NA,NA
"221","Typhoid Fever",2019,20,1,"",NA,NA,NA,NA
"222","Typhoid Fever",2019,21,0,"",NA,NA,NA,NA
"223","Typhoid Fever",2019,22,0,"",NA,NA,NA,NA
"224","Typhoid Fever",2019,23,1,"",NA,NA,NA,NA
"225","Typhoid Fever",2019,24,1,"",NA,NA,NA,NA
"226","Typhoid Fever",2019,25,0,"",NA,NA,NA,NA
"227","Typhoid Fever",2019,26,1,"",NA,NA,NA,NA
"228","Typhoid Fever",2019,27,1,"",NA,NA,NA,NA
"229","Typhoid Fever",2019,28,4,"",NA,NA,NA,NA
"230","Typhoid Fever",2019,29,0,"",NA,NA,NA,NA
"231","Typhoid Fever",2019,3,0,"",NA,NA,NA,NA
"232","Typhoid Fever",2019,30,0,"",NA,NA,NA,NA
"233","Typhoid Fever",2019,31,1,"",NA,NA,NA,NA
"234","Typhoid Fever",2019,32,0,"",NA,NA,NA,NA
"235","Typhoid Fever",2019,33,0,"",NA,NA,NA,NA
"236","Typhoid Fever",2019,34,0,"",NA,NA,NA,NA
"237","Typhoid Fever",2019,35,0,"",NA,NA,NA,NA
"238","Typhoid Fever",2019,36,3,"",NA,NA,NA,NA
"239","Typhoid Fever",2019,37,0,"",NA,NA,NA,NA
"240","Typhoid Fever",2019,38,0,"",NA,NA,NA,NA
"241","Typhoid Fever",2019,39,0,"",NA,NA,NA,NA
"242","Typhoid Fever",2019,4,0,"",NA,NA,NA,NA
"243","Typhoid Fever",2019,40,2,"",NA,NA,NA,NA
"244","Typhoid Fever",2019,41,0,"",NA,NA,NA,NA
"245","Typhoid Fever",2019,42,0,"",NA,NA,NA,NA
"246","Typhoid Fever",2019,43,0,"",NA,NA,NA,NA
"247","Typhoid Fever",2019,44,0,"",NA,NA,NA,NA
"248","Typhoid Fever",2019,45,0,"",NA,NA,NA,NA
"249","Typhoid Fever",2019,46,0,"",NA,NA,NA,NA
"250","Typhoid Fever",2019,47,0,"",NA,NA,NA,NA
"251","Typhoid Fever",2019,48,1,"",NA,NA,NA,NA
"252","Typhoid Fever",2019,49,0,"",NA,NA,NA,NA
"253","Typhoid Fever",2019,5,0,"",NA,NA,NA,NA
"254","Typhoid Fever",2019,50,0,"",NA,NA,NA,NA
"255","Typhoid Fever",2019,51,0,"",NA,NA,NA,NA
"256","Typhoid Fever",2019,52,0,"",NA,NA,NA,NA
"257","Typhoid Fever",2019,6,0,"",NA,NA,NA,NA
"258","Typhoid Fever",2019,8,0,"",NA,NA,NA,NA
"259","Typhoid Fever",2019,9,0,"",NA,NA,NA,NA
"260","Typhoid Fever",2020,1,0,"",NA,NA,NA,NA
"261","Typhoid Fever",2020,10,1,"",NA,NA,NA,NA
"262","Typhoid Fever",2020,11,1,"",NA,NA,NA,NA
"263","Typhoid Fever",2020,12,0,"",NA,NA,NA,NA
"264","Typhoid Fever",2020,13,0,"",NA,NA,NA,NA
"265","Typhoid Fever",2020,14,0,"",NA,NA,NA,NA
"266","Typhoid Fever",2020,15,0,"",NA,NA,NA,NA
"267","Typhoid Fever",2020,16,0,"",NA,NA,NA,NA
"268","Typhoid Fever",2020,17,0,"",NA,NA,NA,NA
"269","Typhoid Fever",2020,18,0,"",NA,NA,NA,NA
"270","Typhoid Fever",2020,2,0,"",NA,NA,NA,NA
"271","Typhoid Fever",2020,3,0,"",NA,NA,NA,NA
"272","Typhoid Fever",2020,4,0,"",NA,NA,NA,NA
"273","Typhoid Fever",2020,5,0,"",NA,NA,NA,NA
"274","Typhoid Fever",2020,6,1,"",NA,NA,NA,NA
"275","Typhoid Fever",2020,7,1,"",NA,NA,NA,NA
"276","Typhoid Fever",2020,8,0,"",NA,NA,NA,NA
"277","Typhoid Fever",2020,9,1,"",NA,NA,NA,NA
