"","Disease","EpiYear","EpiWeek","Incidence","ADM0","ADM1","ADM2","NA","NA"
"1","Typhus",2015,1,0,"",NA,NA,NA,NA
"2","Typhus",2015,10,0,"",NA,NA,NA,NA
"3","Typhus",2015,11,0,"",NA,NA,NA,NA
"4","Typhus",2015,12,0,"",NA,NA,NA,NA
"5","Typhus",2015,13,0,"",NA,NA,NA,NA
"6","Typhus",2015,14,0,"",NA,NA,NA,NA
"7","Typhus",2015,15,0.5,"",NA,NA,NA,NA
"8","Typhus",2015,16,0,"",NA,NA,NA,NA
"9","Typhus",2015,17,0,"",NA,NA,NA,NA
"10","Typhus",2015,18,0.5,"",NA,NA,NA,NA
"11","Typhus",2015,19,0.5,"",NA,NA,NA,NA
"12","Typhus",2015,2,0,"",NA,NA,NA,NA
"13","Typhus",2015,20,1.5,"",NA,NA,NA,NA
"14","Typhus",2015,21,0.5,"",NA,NA,NA,NA
"15","Typhus",2015,22,0.5,"",NA,NA,NA,NA
"16","Typhus",2015,23,0,"",NA,NA,NA,NA
"17","Typhus",2015,24,0.5,"",NA,NA,NA,NA
"18","Typhus",2015,25,0.5,"",NA,NA,NA,NA
"19","Typhus",2015,26,1,"",NA,NA,NA,NA
"20","Typhus",2015,27,2,"",NA,NA,NA,NA
"21","Typhus",2015,28,0,"",NA,NA,NA,NA
"22","Typhus",2015,29,1,"",NA,NA,NA,NA
"23","Typhus",2015,3,0,"",NA,NA,NA,NA
"24","Typhus",2015,30,0.5,"",NA,NA,NA,NA
"25","Typhus",2015,31,0,"",NA,NA,NA,NA
"26","Typhus",2015,32,1,"",NA,NA,NA,NA
"27","Typhus",2015,33,0.5,"",NA,NA,NA,NA
"28","Typhus",2015,34,0,"",NA,NA,NA,NA
"29","Typhus",2015,35,0.5,"",NA,NA,NA,NA
"30","Typhus",2015,36,0.5,"",NA,NA,NA,NA
"31","Typhus",2015,37,0,"",NA,NA,NA,NA
"32","Typhus",2015,38,0.5,"",NA,NA,NA,NA
"33","Typhus",2015,39,0.5,"",NA,NA,NA,NA
"34","Typhus",2015,4,0,"",NA,NA,NA,NA
"35","Typhus",2015,40,1,"",NA,NA,NA,NA
"36","Typhus",2015,41,0.5,"",NA,NA,NA,NA
"37","Typhus",2015,42,0.5,"",NA,NA,NA,NA
"38","Typhus",2015,43,0,"",NA,NA,NA,NA
"39","Typhus",2015,44,0,"",NA,NA,NA,NA
"40","Typhus",2015,45,0,"",NA,NA,NA,NA
"41","Typhus",2015,46,0.5,"",NA,NA,NA,NA
"42","Typhus",2015,47,0.5,"",NA,NA,NA,NA
"43","Typhus",2015,48,0,"",NA,NA,NA,NA
"44","Typhus",2015,49,0.5,"",NA,NA,NA,NA
"45","Typhus",2015,5,0,"",NA,NA,NA,NA
"46","Typhus",2015,50,0,"",NA,NA,NA,NA
"47","Typhus",2015,51,0,"",NA,NA,NA,NA
"48","Typhus",2015,52,0,"",NA,NA,NA,NA
"49","Typhus",2015,6,0,"",NA,NA,NA,NA
"50","Typhus",2015,7,0,"",NA,NA,NA,NA
"51","Typhus",2015,8,0,"",NA,NA,NA,NA
"52","Typhus",2015,9,0,"",NA,NA,NA,NA
"53","Typhus",2016,1,0.5,"",NA,NA,NA,NA
"54","Typhus",2016,10,0,"",NA,NA,NA,NA
"55","Typhus",2016,11,0,"",NA,NA,NA,NA
"56","Typhus",2016,12,0,"",NA,NA,NA,NA
"57","Typhus",2016,13,0,"",NA,NA,NA,NA
"58","Typhus",2016,14,0,"",NA,NA,NA,NA
"59","Typhus",2016,15,0,"",NA,NA,NA,NA
"60","Typhus",2016,16,0,"",NA,NA,NA,NA
"61","Typhus",2016,17,0,"",NA,NA,NA,NA
"62","Typhus",2016,18,0,"",NA,NA,NA,NA
"63","Typhus",2016,19,0,"",NA,NA,NA,NA
"64","Typhus",2016,2,0.5,"",NA,NA,NA,NA
"65","Typhus",2016,20,0.5,"",NA,NA,NA,NA
"66","Typhus",2016,21,0,"",NA,NA,NA,NA
"67","Typhus",2016,22,0,"",NA,NA,NA,NA
"68","Typhus",2016,23,1,"",NA,NA,NA,NA
"69","Typhus",2016,24,0.5,"",NA,NA,NA,NA
"70","Typhus",2016,25,0,"",NA,NA,NA,NA
"71","Typhus",2016,26,1,"",NA,NA,NA,NA
"72","Typhus",2016,27,0.5,"",NA,NA,NA,NA
"73","Typhus",2016,28,0,"",NA,NA,NA,NA
"74","Typhus",2016,29,0.5,"",NA,NA,NA,NA
"75","Typhus",2016,3,0,"",NA,NA,NA,NA
"76","Typhus",2016,30,0,"",NA,NA,NA,NA
"77","Typhus",2016,31,0,"",NA,NA,NA,NA
"78","Typhus",2016,32,0,"",NA,NA,NA,NA
"79","Typhus",2016,33,0,"",NA,NA,NA,NA
"80","Typhus",2016,34,0,"",NA,NA,NA,NA
"81","Typhus",2016,35,0,"",NA,NA,NA,NA
"82","Typhus",2016,36,0.5,"",NA,NA,NA,NA
"83","Typhus",2016,37,0.5,"",NA,NA,NA,NA
"84","Typhus",2016,38,0,"",NA,NA,NA,NA
"85","Typhus",2016,39,0,"",NA,NA,NA,NA
"86","Typhus",2016,4,0,"",NA,NA,NA,NA
"87","Typhus",2016,40,0,"",NA,NA,NA,NA
"88","Typhus",2016,41,0,"",NA,NA,NA,NA
"89","Typhus",2016,42,0,"",NA,NA,NA,NA
"90","Typhus",2016,43,0,"",NA,NA,NA,NA
"91","Typhus",2016,44,0,"",NA,NA,NA,NA
"92","Typhus",2016,45,0,"",NA,NA,NA,NA
"93","Typhus",2016,46,0,"",NA,NA,NA,NA
"94","Typhus",2016,47,0.5,"",NA,NA,NA,NA
"95","Typhus",2016,48,0,"",NA,NA,NA,NA
"96","Typhus",2016,49,0,"",NA,NA,NA,NA
"97","Typhus",2016,5,0,"",NA,NA,NA,NA
"98","Typhus",2016,50,0,"",NA,NA,NA,NA
"99","Typhus",2016,51,0.5,"",NA,NA,NA,NA
"100","Typhus",2016,52,0,"",NA,NA,NA,NA
"101","Typhus",2016,6,0,"",NA,NA,NA,NA
"102","Typhus",2016,7,0,"",NA,NA,NA,NA
"103","Typhus",2016,8,0.5,"",NA,NA,NA,NA
"104","Typhus",2016,9,0,"",NA,NA,NA,NA
"105","Typhus",2017,1,0,"",NA,NA,NA,NA
"106","Typhus",2017,10,0,"",NA,NA,NA,NA
"107","Typhus",2017,11,0,"",NA,NA,NA,NA
"108","Typhus",2017,12,0,"",NA,NA,NA,NA
"109","Typhus",2017,13,0,"",NA,NA,NA,NA
"110","Typhus",2017,14,0,"",NA,NA,NA,NA
"111","Typhus",2017,15,0,"",NA,NA,NA,NA
"112","Typhus",2017,16,0,"",NA,NA,NA,NA
"113","Typhus",2017,17,0,"",NA,NA,NA,NA
"114","Typhus",2017,18,1.5,"",NA,NA,NA,NA
"115","Typhus",2017,19,0,"",NA,NA,NA,NA
"116","Typhus",2017,2,0,"",NA,NA,NA,NA
"117","Typhus",2017,20,0,"",NA,NA,NA,NA
"118","Typhus",2017,21,0,"",NA,NA,NA,NA
"119","Typhus",2017,22,0,"",NA,NA,NA,NA
"120","Typhus",2017,23,0,"",NA,NA,NA,NA
"121","Typhus",2017,24,0,"",NA,NA,NA,NA
"122","Typhus",2017,25,0,"",NA,NA,NA,NA
"123","Typhus",2017,26,0,"",NA,NA,NA,NA
"124","Typhus",2017,27,0,"",NA,NA,NA,NA
"125","Typhus",2017,28,0,"",NA,NA,NA,NA
"126","Typhus",2017,29,0,"",NA,NA,NA,NA
"127","Typhus",2017,3,0,"",NA,NA,NA,NA
"128","Typhus",2017,30,0,"",NA,NA,NA,NA
"129","Typhus",2017,31,0,"",NA,NA,NA,NA
"130","Typhus",2017,32,0,"",NA,NA,NA,NA
"131","Typhus",2017,33,0,"",NA,NA,NA,NA
"132","Typhus",2017,34,0,"",NA,NA,NA,NA
"133","Typhus",2017,35,0,"",NA,NA,NA,NA
"134","Typhus",2017,36,0,"",NA,NA,NA,NA
"135","Typhus",2017,37,0.5,"",NA,NA,NA,NA
"136","Typhus",2017,38,0.5,"",NA,NA,NA,NA
"137","Typhus",2017,39,0,"",NA,NA,NA,NA
"138","Typhus",2017,4,0,"",NA,NA,NA,NA
"139","Typhus",2017,40,0,"",NA,NA,NA,NA
"140","Typhus",2017,41,0,"",NA,NA,NA,NA
"141","Typhus",2017,42,0,"",NA,NA,NA,NA
"142","Typhus",2017,43,0,"",NA,NA,NA,NA
"143","Typhus",2017,44,0,"",NA,NA,NA,NA
"144","Typhus",2017,45,0.5,"",NA,NA,NA,NA
"145","Typhus",2017,46,0.5,"",NA,NA,NA,NA
"146","Typhus",2017,47,0,"",NA,NA,NA,NA
"147","Typhus",2017,48,0,"",NA,NA,NA,NA
"148","Typhus",2017,49,0,"",NA,NA,NA,NA
"149","Typhus",2017,5,0,"",NA,NA,NA,NA
"150","Typhus",2017,50,0.5,"",NA,NA,NA,NA
"151","Typhus",2017,51,0,"",NA,NA,NA,NA
"152","Typhus",2017,52,0,"",NA,NA,NA,NA
"153","Typhus",2017,6,0,"",NA,NA,NA,NA
"154","Typhus",2017,7,0,"",NA,NA,NA,NA
"155","Typhus",2017,8,0,"",NA,NA,NA,NA
"156","Typhus",2017,9,0,"",NA,NA,NA,NA
"157","Typhus",2018,1,0,"",NA,NA,NA,NA
"158","Typhus",2018,10,0.5,"",NA,NA,NA,NA
"159","Typhus",2018,11,0,"",NA,NA,NA,NA
"160","Typhus",2018,12,0,"",NA,NA,NA,NA
"161","Typhus",2018,13,0,"",NA,NA,NA,NA
"162","Typhus",2018,14,0,"",NA,NA,NA,NA
"163","Typhus",2018,15,0,"",NA,NA,NA,NA
"164","Typhus",2018,16,0,"",NA,NA,NA,NA
"165","Typhus",2018,17,0,"",NA,NA,NA,NA
"166","Typhus",2018,18,0,"",NA,NA,NA,NA
"167","Typhus",2018,19,0,"",NA,NA,NA,NA
"168","Typhus",2018,2,0.5,"",NA,NA,NA,NA
"169","Typhus",2018,20,0,"",NA,NA,NA,NA
"170","Typhus",2018,21,0,"",NA,NA,NA,NA
"171","Typhus",2018,22,0,"",NA,NA,NA,NA
"172","Typhus",2018,23,0,"",NA,NA,NA,NA
"173","Typhus",2018,24,0,"",NA,NA,NA,NA
"174","Typhus",2018,25,0,"",NA,NA,NA,NA
"175","Typhus",2018,26,0,"",NA,NA,NA,NA
"176","Typhus",2018,27,0,"",NA,NA,NA,NA
"177","Typhus",2018,28,0,"",NA,NA,NA,NA
"178","Typhus",2018,29,0,"",NA,NA,NA,NA
"179","Typhus",2018,3,0,"",NA,NA,NA,NA
"180","Typhus",2018,30,0,"",NA,NA,NA,NA
"181","Typhus",2018,31,0,"",NA,NA,NA,NA
"182","Typhus",2018,32,0,"",NA,NA,NA,NA
"183","Typhus",2018,33,0,"",NA,NA,NA,NA
"184","Typhus",2018,34,0,"",NA,NA,NA,NA
"185","Typhus",2018,35,0,"",NA,NA,NA,NA
"186","Typhus",2018,36,4.5,"",NA,NA,NA,NA
"187","Typhus",2018,37,0.5,"",NA,NA,NA,NA
"188","Typhus",2018,38,0,"",NA,NA,NA,NA
"189","Typhus",2018,39,0,"",NA,NA,NA,NA
"190","Typhus",2018,4,0,"",NA,NA,NA,NA
"191","Typhus",2018,40,0,"",NA,NA,NA,NA
"192","Typhus",2018,41,1,"",NA,NA,NA,NA
"193","Typhus",2018,42,0,"",NA,NA,NA,NA
"194","Typhus",2018,43,0,"",NA,NA,NA,NA
"195","Typhus",2018,44,0.5,"",NA,NA,NA,NA
"196","Typhus",2018,45,0,"",NA,NA,NA,NA
"197","Typhus",2018,46,0,"",NA,NA,NA,NA
"198","Typhus",2018,47,0,"",NA,NA,NA,NA
"199","Typhus",2018,48,0,"",NA,NA,NA,NA
"200","Typhus",2018,49,0,"",NA,NA,NA,NA
"201","Typhus",2018,5,0.5,"",NA,NA,NA,NA
"202","Typhus",2018,50,0,"",NA,NA,NA,NA
"203","Typhus",2018,51,0,"",NA,NA,NA,NA
"204","Typhus",2018,52,0,"",NA,NA,NA,NA
"205","Typhus",2018,6,0.5,"",NA,NA,NA,NA
"206","Typhus",2018,7,0,"",NA,NA,NA,NA
"207","Typhus",2018,8,0,"",NA,NA,NA,NA
"208","Typhus",2018,9,0,"",NA,NA,NA,NA
"209","Typhus",2019,1,0,"",NA,NA,NA,NA
"210","Typhus",2019,10,0,"",NA,NA,NA,NA
"211","Typhus",2019,11,0,"",NA,NA,NA,NA
"212","Typhus",2019,12,0,"",NA,NA,NA,NA
"213","Typhus",2019,13,0.5,"",NA,NA,NA,NA
"214","Typhus",2019,14,1,"",NA,NA,NA,NA
"215","Typhus",2019,15,0,"",NA,NA,NA,NA
"216","Typhus",2019,16,0,"",NA,NA,NA,NA
"217","Typhus",2019,17,0.5,"",NA,NA,NA,NA
"218","Typhus",2019,18,1,"",NA,NA,NA,NA
"219","Typhus",2019,19,0,"",NA,NA,NA,NA
"220","Typhus",2019,2,0,"",NA,NA,NA,NA
"221","Typhus",2019,20,0.5,"",NA,NA,NA,NA
"222","Typhus",2019,21,0.5,"",NA,NA,NA,NA
"223","Typhus",2019,22,0,"",NA,NA,NA,NA
"224","Typhus",2019,23,0,"",NA,NA,NA,NA
"225","Typhus",2019,24,0,"",NA,NA,NA,NA
"226","Typhus",2019,25,0,"",NA,NA,NA,NA
"227","Typhus",2019,26,0.5,"",NA,NA,NA,NA
"228","Typhus",2019,27,0.5,"",NA,NA,NA,NA
"229","Typhus",2019,28,1,"",NA,NA,NA,NA
"230","Typhus",2019,29,0.5,"",NA,NA,NA,NA
"231","Typhus",2019,3,0,"",NA,NA,NA,NA
"232","Typhus",2019,30,2,"",NA,NA,NA,NA
"233","Typhus",2019,31,0.5,"",NA,NA,NA,NA
"234","Typhus",2019,32,0.5,"",NA,NA,NA,NA
"235","Typhus",2019,33,0.5,"",NA,NA,NA,NA
"236","Typhus",2019,34,0,"",NA,NA,NA,NA
"237","Typhus",2019,35,0,"",NA,NA,NA,NA
"238","Typhus",2019,36,0.5,"",NA,NA,NA,NA
"239","Typhus",2019,37,0.5,"",NA,NA,NA,NA
"240","Typhus",2019,38,1.5,"",NA,NA,NA,NA
"241","Typhus",2019,39,0,"",NA,NA,NA,NA
"242","Typhus",2019,4,0,"",NA,NA,NA,NA
"243","Typhus",2019,40,0.5,"",NA,NA,NA,NA
"244","Typhus",2019,41,0,"",NA,NA,NA,NA
"245","Typhus",2019,42,0.5,"",NA,NA,NA,NA
"246","Typhus",2019,43,0,"",NA,NA,NA,NA
"247","Typhus",2019,44,0.5,"",NA,NA,NA,NA
"248","Typhus",2019,45,1,"",NA,NA,NA,NA
"249","Typhus",2019,46,0,"",NA,NA,NA,NA
"250","Typhus",2019,47,0,"",NA,NA,NA,NA
"251","Typhus",2019,48,0,"",NA,NA,NA,NA
"252","Typhus",2019,49,0,"",NA,NA,NA,NA
"253","Typhus",2019,5,0,"",NA,NA,NA,NA
"254","Typhus",2019,50,0.5,"",NA,NA,NA,NA
"255","Typhus",2019,51,0,"",NA,NA,NA,NA
"256","Typhus",2019,52,0,"",NA,NA,NA,NA
"257","Typhus",2019,6,0,"",NA,NA,NA,NA
"258","Typhus",2019,8,0,"",NA,NA,NA,NA
"259","Typhus",2019,9,0,"",NA,NA,NA,NA
"260","Typhus",2020,1,0,"",NA,NA,NA,NA
"261","Typhus",2020,10,0,"",NA,NA,NA,NA
"262","Typhus",2020,11,0.5,"",NA,NA,NA,NA
"263","Typhus",2020,12,0,"",NA,NA,NA,NA
"264","Typhus",2020,13,0.5,"",NA,NA,NA,NA
"265","Typhus",2020,14,0,"",NA,NA,NA,NA
"266","Typhus",2020,15,0.5,"",NA,NA,NA,NA
"267","Typhus",2020,16,0,"",NA,NA,NA,NA
"268","Typhus",2020,17,0,"",NA,NA,NA,NA
"269","Typhus",2020,18,0,"",NA,NA,NA,NA
"270","Typhus",2020,2,0,"",NA,NA,NA,NA
"271","Typhus",2020,3,0,"",NA,NA,NA,NA
"272","Typhus",2020,4,0,"",NA,NA,NA,NA
"273","Typhus",2020,5,0,"",NA,NA,NA,NA
"274","Typhus",2020,6,0,"",NA,NA,NA,NA
"275","Typhus",2020,7,0,"",NA,NA,NA,NA
"276","Typhus",2020,8,0,"",NA,NA,NA,NA
"277","Typhus",2020,9,0,"",NA,NA,NA,NA
