"","Disease","EpiYear","EpiWeek","Incidence","ADM0","ADM1","ADM2","NA","NA"
"1","Dengue",2015,1,39,"",NA,NA,NA,NA
"2","Dengue",2015,10,13,"",NA,NA,NA,NA
"3","Dengue",2015,11,7,"",NA,NA,NA,NA
"4","Dengue",2015,12,5,"",NA,NA,NA,NA
"5","Dengue",2015,13,2,"",NA,NA,NA,NA
"6","Dengue",2015,14,9,"",NA,NA,NA,NA
"7","Dengue",2015,15,4,"",NA,NA,NA,NA
"8","Dengue",2015,16,5,"",NA,NA,NA,NA
"9","Dengue",2015,17,4,"",NA,NA,NA,NA
"10","Dengue",2015,18,6,"",NA,NA,NA,NA
"11","Dengue",2015,19,8,"",NA,NA,NA,NA
"12","Dengue",2015,2,39,"",NA,NA,NA,NA
"13","Dengue",2015,20,8,"",NA,NA,NA,NA
"14","Dengue",2015,21,7,"",NA,NA,NA,NA
"15","Dengue",2015,22,16,"",NA,NA,NA,NA
"16","Dengue",2015,23,22,"",NA,NA,NA,NA
"17","Dengue",2015,24,9,"",NA,NA,NA,NA
"18","Dengue",2015,25,9,"",NA,NA,NA,NA
"19","Dengue",2015,26,15,"",NA,NA,NA,NA
"20","Dengue",2015,27,20,"",NA,NA,NA,NA
"21","Dengue",2015,28,40,"",NA,NA,NA,NA
"22","Dengue",2015,29,79,"",NA,NA,NA,NA
"23","Dengue",2015,3,22,"",NA,NA,NA,NA
"24","Dengue",2015,30,127,"",NA,NA,NA,NA
"25","Dengue",2015,31,231,"",NA,NA,NA,NA
"26","Dengue",2015,32,482,"",NA,NA,NA,NA
"27","Dengue",2015,33,919,"",NA,NA,NA,NA
"28","Dengue",2015,34,1387,"",NA,NA,NA,NA
"29","Dengue",2015,35,2255,"",NA,NA,NA,NA
"30","Dengue",2015,36,3575,"",NA,NA,NA,NA
"31","Dengue",2015,37,3689,"",NA,NA,NA,NA
"32","Dengue",2015,38,4389,"",NA,NA,NA,NA
"33","Dengue",2015,39,3174,"",NA,NA,NA,NA
"34","Dengue",2015,4,14,"",NA,NA,NA,NA
"35","Dengue",2015,40,2592,"",NA,NA,NA,NA
"36","Dengue",2015,41,2295,"",NA,NA,NA,NA
"37","Dengue",2015,42,2100,"",NA,NA,NA,NA
"38","Dengue",2015,43,2151,"",NA,NA,NA,NA
"39","Dengue",2015,44,2197,"",NA,NA,NA,NA
"40","Dengue",2015,45,2163,"",NA,NA,NA,NA
"41","Dengue",2015,46,1995,"",NA,NA,NA,NA
"42","Dengue",2015,47,2334,"",NA,NA,NA,NA
"43","Dengue",2015,48,1784,"",NA,NA,NA,NA
"44","Dengue",2015,49,1159,"",NA,NA,NA,NA
"45","Dengue",2015,5,13,"",NA,NA,NA,NA
"46","Dengue",2015,50,699,"",NA,NA,NA,NA
"47","Dengue",2015,51,560,"",NA,NA,NA,NA
"48","Dengue",2015,52,300,"",NA,NA,NA,NA
"49","Dengue",2015,6,14,"",NA,NA,NA,NA
"50","Dengue",2015,7,6,"",NA,NA,NA,NA
"51","Dengue",2015,8,4,"",NA,NA,NA,NA
"52","Dengue",2015,9,5,"",NA,NA,NA,NA
"53","Dengue",2016,1,205,"",NA,NA,NA,NA
"54","Dengue",2016,10,5,"",NA,NA,NA,NA
"55","Dengue",2016,11,1,"",NA,NA,NA,NA
"56","Dengue",2016,12,4,"",NA,NA,NA,NA
"57","Dengue",2016,13,8,"",NA,NA,NA,NA
"58","Dengue",2016,14,2,"",NA,NA,NA,NA
"59","Dengue",2016,15,7,"",NA,NA,NA,NA
"60","Dengue",2016,16,9,"",NA,NA,NA,NA
"61","Dengue",2016,17,4,"",NA,NA,NA,NA
"62","Dengue",2016,18,5,"",NA,NA,NA,NA
"63","Dengue",2016,19,4,"",NA,NA,NA,NA
"64","Dengue",2016,2,119,"",NA,NA,NA,NA
"65","Dengue",2016,20,7,"",NA,NA,NA,NA
"66","Dengue",2016,21,5,"",NA,NA,NA,NA
"67","Dengue",2016,22,4,"",NA,NA,NA,NA
"68","Dengue",2016,23,9,"",NA,NA,NA,NA
"69","Dengue",2016,24,5,"",NA,NA,NA,NA
"70","Dengue",2016,25,4,"",NA,NA,NA,NA
"71","Dengue",2016,26,4,"",NA,NA,NA,NA
"72","Dengue",2016,27,6,"",NA,NA,NA,NA
"73","Dengue",2016,28,10,"",NA,NA,NA,NA
"74","Dengue",2016,29,6,"",NA,NA,NA,NA
"75","Dengue",2016,3,74,"",NA,NA,NA,NA
"76","Dengue",2016,30,11,"",NA,NA,NA,NA
"77","Dengue",2016,31,13,"",NA,NA,NA,NA
"78","Dengue",2016,32,21,"",NA,NA,NA,NA
"79","Dengue",2016,33,17,"",NA,NA,NA,NA
"80","Dengue",2016,34,18,"",NA,NA,NA,NA
"81","Dengue",2016,35,15,"",NA,NA,NA,NA
"82","Dengue",2016,36,9,"",NA,NA,NA,NA
"83","Dengue",2016,37,4,"",NA,NA,NA,NA
"84","Dengue",2016,38,5,"",NA,NA,NA,NA
"85","Dengue",2016,39,3,"",NA,NA,NA,NA
"86","Dengue",2016,4,31,"",NA,NA,NA,NA
"87","Dengue",2016,40,10,"",NA,NA,NA,NA
"88","Dengue",2016,41,6,"",NA,NA,NA,NA
"89","Dengue",2016,42,11,"",NA,NA,NA,NA
"90","Dengue",2016,43,12,"",NA,NA,NA,NA
"91","Dengue",2016,44,10,"",NA,NA,NA,NA
"92","Dengue",2016,45,2,"",NA,NA,NA,NA
"93","Dengue",2016,46,9,"",NA,NA,NA,NA
"94","Dengue",2016,47,7,"",NA,NA,NA,NA
"95","Dengue",2016,48,6,"",NA,NA,NA,NA
"96","Dengue",2016,49,7,"",NA,NA,NA,NA
"97","Dengue",2016,5,31,"",NA,NA,NA,NA
"98","Dengue",2016,50,4,"",NA,NA,NA,NA
"99","Dengue",2016,51,5,"",NA,NA,NA,NA
"100","Dengue",2016,52,6,"",NA,NA,NA,NA
"101","Dengue",2016,6,9,"",NA,NA,NA,NA
"102","Dengue",2016,7,13,"",NA,NA,NA,NA
"103","Dengue",2016,8,5,"",NA,NA,NA,NA
"104","Dengue",2016,9,6,"",NA,NA,NA,NA
"105","Dengue",2017,1,6,"",NA,NA,NA,NA
"106","Dengue",2017,10,3,"",NA,NA,NA,NA
"107","Dengue",2017,11,2,"",NA,NA,NA,NA
"108","Dengue",2017,12,3,"",NA,NA,NA,NA
"109","Dengue",2017,13,5,"",NA,NA,NA,NA
"110","Dengue",2017,14,1,"",NA,NA,NA,NA
"111","Dengue",2017,15,2,"",NA,NA,NA,NA
"112","Dengue",2017,16,3,"",NA,NA,NA,NA
"113","Dengue",2017,17,1,"",NA,NA,NA,NA
"114","Dengue",2017,18,6,"",NA,NA,NA,NA
"115","Dengue",2017,19,1,"",NA,NA,NA,NA
"116","Dengue",2017,2,7,"",NA,NA,NA,NA
"117","Dengue",2017,20,7,"",NA,NA,NA,NA
"118","Dengue",2017,21,1,"",NA,NA,NA,NA
"119","Dengue",2017,22,1,"",NA,NA,NA,NA
"120","Dengue",2017,23,5,"",NA,NA,NA,NA
"121","Dengue",2017,24,4,"",NA,NA,NA,NA
"122","Dengue",2017,25,5,"",NA,NA,NA,NA
"123","Dengue",2017,26,8,"",NA,NA,NA,NA
"124","Dengue",2017,27,7,"",NA,NA,NA,NA
"125","Dengue",2017,28,9,"",NA,NA,NA,NA
"126","Dengue",2017,29,13,"",NA,NA,NA,NA
"127","Dengue",2017,3,7,"",NA,NA,NA,NA
"128","Dengue",2017,30,10,"",NA,NA,NA,NA
"129","Dengue",2017,31,11,"",NA,NA,NA,NA
"130","Dengue",2017,32,15,"",NA,NA,NA,NA
"131","Dengue",2017,33,15,"",NA,NA,NA,NA
"132","Dengue",2017,34,14,"",NA,NA,NA,NA
"133","Dengue",2017,35,8,"",NA,NA,NA,NA
"134","Dengue",2017,36,11,"",NA,NA,NA,NA
"135","Dengue",2017,37,4,"",NA,NA,NA,NA
"136","Dengue",2017,38,5,"",NA,NA,NA,NA
"137","Dengue",2017,39,10,"",NA,NA,NA,NA
"138","Dengue",2017,4,4,"",NA,NA,NA,NA
"139","Dengue",2017,40,11,"",NA,NA,NA,NA
"140","Dengue",2017,41,13,"",NA,NA,NA,NA
"141","Dengue",2017,42,11,"",NA,NA,NA,NA
"142","Dengue",2017,43,10,"",NA,NA,NA,NA
"143","Dengue",2017,44,12,"",NA,NA,NA,NA
"144","Dengue",2017,45,6,"",NA,NA,NA,NA
"145","Dengue",2017,46,4,"",NA,NA,NA,NA
"146","Dengue",2017,47,4,"",NA,NA,NA,NA
"147","Dengue",2017,48,5,"",NA,NA,NA,NA
"148","Dengue",2017,49,6,"",NA,NA,NA,NA
"149","Dengue",2017,5,9,"",NA,NA,NA,NA
"150","Dengue",2017,50,7,"",NA,NA,NA,NA
"151","Dengue",2017,51,4,"",NA,NA,NA,NA
"152","Dengue",2017,52,0,"",NA,NA,NA,NA
"153","Dengue",2017,6,6,"",NA,NA,NA,NA
"154","Dengue",2017,7,8,"",NA,NA,NA,NA
"155","Dengue",2017,8,6,"",NA,NA,NA,NA
"156","Dengue",2017,9,3,"",NA,NA,NA,NA
"157","Dengue",2018,1,0,"",NA,NA,NA,NA
"158","Dengue",2018,10,1,"",NA,NA,NA,NA
"159","Dengue",2018,11,2,"",NA,NA,NA,NA
"160","Dengue",2018,12,1,"",NA,NA,NA,NA
"161","Dengue",2018,13,1,"",NA,NA,NA,NA
"162","Dengue",2018,14,3,"",NA,NA,NA,NA
"163","Dengue",2018,15,3,"",NA,NA,NA,NA
"164","Dengue",2018,16,5,"",NA,NA,NA,NA
"165","Dengue",2018,17,4,"",NA,NA,NA,NA
"166","Dengue",2018,18,2,"",NA,NA,NA,NA
"167","Dengue",2018,19,3,"",NA,NA,NA,NA
"168","Dengue",2018,2,2,"",NA,NA,NA,NA
"169","Dengue",2018,20,6,"",NA,NA,NA,NA
"170","Dengue",2018,21,9,"",NA,NA,NA,NA
"171","Dengue",2018,22,5,"",NA,NA,NA,NA
"172","Dengue",2018,23,8,"",NA,NA,NA,NA
"173","Dengue",2018,24,6,"",NA,NA,NA,NA
"174","Dengue",2018,25,6,"",NA,NA,NA,NA
"175","Dengue",2018,26,10,"",NA,NA,NA,NA
"176","Dengue",2018,27,7,"",NA,NA,NA,NA
"177","Dengue",2018,28,8,"",NA,NA,NA,NA
"178","Dengue",2018,29,5,"",NA,NA,NA,NA
"179","Dengue",2018,3,0,"",NA,NA,NA,NA
"180","Dengue",2018,30,13,"",NA,NA,NA,NA
"181","Dengue",2018,31,16,"",NA,NA,NA,NA
"182","Dengue",2018,32,11,"",NA,NA,NA,NA
"183","Dengue",2018,33,13,"",NA,NA,NA,NA
"184","Dengue",2018,34,36,"",NA,NA,NA,NA
"185","Dengue",2018,35,33,"",NA,NA,NA,NA
"186","Dengue",2018,36,52,"",NA,NA,NA,NA
"187","Dengue",2018,37,18,"",NA,NA,NA,NA
"188","Dengue",2018,38,28,"",NA,NA,NA,NA
"189","Dengue",2018,39,19,"",NA,NA,NA,NA
"190","Dengue",2018,4,1,"",NA,NA,NA,NA
"191","Dengue",2018,40,20,"",NA,NA,NA,NA
"192","Dengue",2018,41,12,"",NA,NA,NA,NA
"193","Dengue",2018,42,8,"",NA,NA,NA,NA
"194","Dengue",2018,43,27,"",NA,NA,NA,NA
"195","Dengue",2018,44,14,"",NA,NA,NA,NA
"196","Dengue",2018,45,16,"",NA,NA,NA,NA
"197","Dengue",2018,46,11,"",NA,NA,NA,NA
"198","Dengue",2018,47,10,"",NA,NA,NA,NA
"199","Dengue",2018,48,11,"",NA,NA,NA,NA
"200","Dengue",2018,49,12,"",NA,NA,NA,NA
"201","Dengue",2018,5,3,"",NA,NA,NA,NA
"202","Dengue",2018,50,11,"",NA,NA,NA,NA
"203","Dengue",2018,51,9,"",NA,NA,NA,NA
"204","Dengue",2018,52,13,"",NA,NA,NA,NA
"205","Dengue",2018,6,2,"",NA,NA,NA,NA
"206","Dengue",2018,7,4,"",NA,NA,NA,NA
"207","Dengue",2018,8,2,"",NA,NA,NA,NA
"208","Dengue",2018,9,6,"",NA,NA,NA,NA
"209","Dengue",2019,1,11,"",NA,NA,NA,NA
"210","Dengue",2019,10,9,"",NA,NA,NA,NA
"211","Dengue",2019,11,5,"",NA,NA,NA,NA
"212","Dengue",2019,12,6,"",NA,NA,NA,NA
"213","Dengue",2019,13,6,"",NA,NA,NA,NA
"214","Dengue",2019,14,2,"",NA,NA,NA,NA
"215","Dengue",2019,15,9,"",NA,NA,NA,NA
"216","Dengue",2019,16,6,"",NA,NA,NA,NA
"217","Dengue",2019,17,9,"",NA,NA,NA,NA
"218","Dengue",2019,18,7,"",NA,NA,NA,NA
"219","Dengue",2019,19,8,"",NA,NA,NA,NA
"220","Dengue",2019,2,7,"",NA,NA,NA,NA
"221","Dengue",2019,20,5,"",NA,NA,NA,NA
"222","Dengue",2019,21,6,"",NA,NA,NA,NA
"223","Dengue",2019,22,14,"",NA,NA,NA,NA
"224","Dengue",2019,23,15,"",NA,NA,NA,NA
"225","Dengue",2019,24,12,"",NA,NA,NA,NA
"226","Dengue",2019,25,11,"",NA,NA,NA,NA
"227","Dengue",2019,26,16,"",NA,NA,NA,NA
"228","Dengue",2019,27,23,"",NA,NA,NA,NA
"229","Dengue",2019,28,22,"",NA,NA,NA,NA
"230","Dengue",2019,29,22,"",NA,NA,NA,NA
"231","Dengue",2019,3,10,"",NA,NA,NA,NA
"232","Dengue",2019,30,37,"",NA,NA,NA,NA
"233","Dengue",2019,31,30,"",NA,NA,NA,NA
"234","Dengue",2019,32,16,"",NA,NA,NA,NA
"235","Dengue",2019,33,24,"",NA,NA,NA,NA
"236","Dengue",2019,34,14,"",NA,NA,NA,NA
"237","Dengue",2019,35,24,"",NA,NA,NA,NA
"238","Dengue",2019,36,26,"",NA,NA,NA,NA
"239","Dengue",2019,37,12,"",NA,NA,NA,NA
"240","Dengue",2019,38,11,"",NA,NA,NA,NA
"241","Dengue",2019,39,0,"",NA,NA,NA,NA
"242","Dengue",2019,4,5,"",NA,NA,NA,NA
"243","Dengue",2019,40,13,"",NA,NA,NA,NA
"244","Dengue",2019,41,14,"",NA,NA,NA,NA
"245","Dengue",2019,42,24,"",NA,NA,NA,NA
"246","Dengue",2019,43,0,"",NA,NA,NA,NA
"247","Dengue",2019,44,18,"",NA,NA,NA,NA
"248","Dengue",2019,45,12,"",NA,NA,NA,NA
"249","Dengue",2019,46,13,"",NA,NA,NA,NA
"250","Dengue",2019,47,16,"",NA,NA,NA,NA
"251","Dengue",2019,48,6,"",NA,NA,NA,NA
"252","Dengue",2019,49,10,"",NA,NA,NA,NA
"253","Dengue",2019,5,8,"",NA,NA,NA,NA
"254","Dengue",2019,50,4,"",NA,NA,NA,NA
"255","Dengue",2019,51,10,"",NA,NA,NA,NA
"256","Dengue",2019,52,10,"",NA,NA,NA,NA
"257","Dengue",2019,6,7,"",NA,NA,NA,NA
"258","Dengue",2019,8,15,"",NA,NA,NA,NA
"259","Dengue",2019,9,5,"",NA,NA,NA,NA
"260","Dengue",2020,1,4,"",NA,NA,NA,NA
"261","Dengue",2020,10,4,"",NA,NA,NA,NA
"262","Dengue",2020,11,3,"",NA,NA,NA,NA
"263","Dengue",2020,12,3,"",NA,NA,NA,NA
"264","Dengue",2020,13,3,"",NA,NA,NA,NA
"265","Dengue",2020,14,1,"",NA,NA,NA,NA
"266","Dengue",2020,15,0,"",NA,NA,NA,NA
"267","Dengue",2020,16,0,"",NA,NA,NA,NA
"268","Dengue",2020,17,0,"",NA,NA,NA,NA
"269","Dengue",2020,18,1,"",NA,NA,NA,NA
"270","Dengue",2020,2,12,"",NA,NA,NA,NA
"271","Dengue",2020,3,4,"",NA,NA,NA,NA
"272","Dengue",2020,4,6,"",NA,NA,NA,NA
"273","Dengue",2020,5,2,"",NA,NA,NA,NA
"274","Dengue",2020,6,5,"",NA,NA,NA,NA
"275","Dengue",2020,7,4,"",NA,NA,NA,NA
"276","Dengue",2020,8,1,"",NA,NA,NA,NA
"277","Dengue",2020,9,3,"",NA,NA,NA,NA
