"","Disease","EpiYear","EpiWeek","Incidence","ADM0","ADM1","ADM2","NA","NA"
"1","Diphtheria",2015,1,0,"",NA,NA,NA,NA
"2","Diphtheria",2015,10,0,"",NA,NA,NA,NA
"3","Diphtheria",2015,11,0,"",NA,NA,NA,NA
"4","Diphtheria",2015,12,0,"",NA,NA,NA,NA
"5","Diphtheria",2015,13,0,"",NA,NA,NA,NA
"6","Diphtheria",2015,14,0,"",NA,NA,NA,NA
"7","Diphtheria",2015,15,0,"",NA,NA,NA,NA
"8","Diphtheria",2015,16,0,"",NA,NA,NA,NA
"9","Diphtheria",2015,17,0,"",NA,NA,NA,NA
"10","Diphtheria",2015,18,0,"",NA,NA,NA,NA
"11","Diphtheria",2015,19,0,"",NA,NA,NA,NA
"12","Diphtheria",2015,2,0,"",NA,NA,NA,NA
"13","Diphtheria",2015,20,0,"",NA,NA,NA,NA
"14","Diphtheria",2015,21,0,"",NA,NA,NA,NA
"15","Diphtheria",2015,22,0,"",NA,NA,NA,NA
"16","Diphtheria",2015,23,0,"",NA,NA,NA,NA
"17","Diphtheria",2015,24,0,"",NA,NA,NA,NA
"18","Diphtheria",2015,25,0,"",NA,NA,NA,NA
"19","Diphtheria",2015,26,0,"",NA,NA,NA,NA
"20","Diphtheria",2015,27,0,"",NA,NA,NA,NA
"21","Diphtheria",2015,28,0,"",NA,NA,NA,NA
"22","Diphtheria",2015,29,0,"",NA,NA,NA,NA
"23","Diphtheria",2015,3,0,"",NA,NA,NA,NA
"24","Diphtheria",2015,30,0,"",NA,NA,NA,NA
"25","Diphtheria",2015,31,0,"",NA,NA,NA,NA
"26","Diphtheria",2015,32,0,"",NA,NA,NA,NA
"27","Diphtheria",2015,33,0,"",NA,NA,NA,NA
"28","Diphtheria",2015,34,0,"",NA,NA,NA,NA
"29","Diphtheria",2015,35,0,"",NA,NA,NA,NA
"30","Diphtheria",2015,36,0,"",NA,NA,NA,NA
"31","Diphtheria",2015,37,0,"",NA,NA,NA,NA
"32","Diphtheria",2015,38,0,"",NA,NA,NA,NA
"33","Diphtheria",2015,39,0,"",NA,NA,NA,NA
"34","Diphtheria",2015,4,0,"",NA,NA,NA,NA
"35","Diphtheria",2015,40,0,"",NA,NA,NA,NA
"36","Diphtheria",2015,41,0,"",NA,NA,NA,NA
"37","Diphtheria",2015,42,0,"",NA,NA,NA,NA
"38","Diphtheria",2015,43,0,"",NA,NA,NA,NA
"39","Diphtheria",2015,44,0,"",NA,NA,NA,NA
"40","Diphtheria",2015,45,0,"",NA,NA,NA,NA
"41","Diphtheria",2015,46,0,"",NA,NA,NA,NA
"42","Diphtheria",2015,47,0,"",NA,NA,NA,NA
"43","Diphtheria",2015,48,0,"",NA,NA,NA,NA
"44","Diphtheria",2015,49,0,"",NA,NA,NA,NA
"45","Diphtheria",2015,5,0,"",NA,NA,NA,NA
"46","Diphtheria",2015,50,0,"",NA,NA,NA,NA
"47","Diphtheria",2015,51,0,"",NA,NA,NA,NA
"48","Diphtheria",2015,52,0,"",NA,NA,NA,NA
"49","Diphtheria",2015,6,0,"",NA,NA,NA,NA
"50","Diphtheria",2015,7,0,"",NA,NA,NA,NA
"51","Diphtheria",2015,8,0,"",NA,NA,NA,NA
"52","Diphtheria",2015,9,0,"",NA,NA,NA,NA
"53","Diphtheria",2016,1,0,"",NA,NA,NA,NA
"54","Diphtheria",2016,10,0,"",NA,NA,NA,NA
"55","Diphtheria",2016,11,0,"",NA,NA,NA,NA
"56","Diphtheria",2016,12,0,"",NA,NA,NA,NA
"57","Diphtheria",2016,13,0,"",NA,NA,NA,NA
"58","Diphtheria",2016,14,0,"",NA,NA,NA,NA
"59","Diphtheria",2016,15,0,"",NA,NA,NA,NA
"60","Diphtheria",2016,16,0,"",NA,NA,NA,NA
"61","Diphtheria",2016,17,0,"",NA,NA,NA,NA
"62","Diphtheria",2016,18,0,"",NA,NA,NA,NA
"63","Diphtheria",2016,19,0,"",NA,NA,NA,NA
"64","Diphtheria",2016,2,0,"",NA,NA,NA,NA
"65","Diphtheria",2016,20,0,"",NA,NA,NA,NA
"66","Diphtheria",2016,21,0,"",NA,NA,NA,NA
"67","Diphtheria",2016,22,0,"",NA,NA,NA,NA
"68","Diphtheria",2016,23,0,"",NA,NA,NA,NA
"69","Diphtheria",2016,24,0,"",NA,NA,NA,NA
"70","Diphtheria",2016,25,0,"",NA,NA,NA,NA
"71","Diphtheria",2016,26,0,"",NA,NA,NA,NA
"72","Diphtheria",2016,27,0,"",NA,NA,NA,NA
"73","Diphtheria",2016,28,0,"",NA,NA,NA,NA
"74","Diphtheria",2016,29,0,"",NA,NA,NA,NA
"75","Diphtheria",2016,3,0,"",NA,NA,NA,NA
"76","Diphtheria",2016,30,0,"",NA,NA,NA,NA
"77","Diphtheria",2016,31,0,"",NA,NA,NA,NA
"78","Diphtheria",2016,32,0,"",NA,NA,NA,NA
"79","Diphtheria",2016,33,0,"",NA,NA,NA,NA
"80","Diphtheria",2016,34,0,"",NA,NA,NA,NA
"81","Diphtheria",2016,35,0,"",NA,NA,NA,NA
"82","Diphtheria",2016,36,0,"",NA,NA,NA,NA
"83","Diphtheria",2016,37,0,"",NA,NA,NA,NA
"84","Diphtheria",2016,38,0,"",NA,NA,NA,NA
"85","Diphtheria",2016,39,0,"",NA,NA,NA,NA
"86","Diphtheria",2016,4,0,"",NA,NA,NA,NA
"87","Diphtheria",2016,40,0,"",NA,NA,NA,NA
"88","Diphtheria",2016,41,0,"",NA,NA,NA,NA
"89","Diphtheria",2016,42,0,"",NA,NA,NA,NA
"90","Diphtheria",2016,43,0,"",NA,NA,NA,NA
"91","Diphtheria",2016,44,0,"",NA,NA,NA,NA
"92","Diphtheria",2016,45,0,"",NA,NA,NA,NA
"93","Diphtheria",2016,46,0,"",NA,NA,NA,NA
"94","Diphtheria",2016,47,0,"",NA,NA,NA,NA
"95","Diphtheria",2016,48,0,"",NA,NA,NA,NA
"96","Diphtheria",2016,49,0,"",NA,NA,NA,NA
"97","Diphtheria",2016,5,0,"",NA,NA,NA,NA
"98","Diphtheria",2016,50,0,"",NA,NA,NA,NA
"99","Diphtheria",2016,51,0,"",NA,NA,NA,NA
"100","Diphtheria",2016,52,0,"",NA,NA,NA,NA
"101","Diphtheria",2016,6,0,"",NA,NA,NA,NA
"102","Diphtheria",2016,7,0,"",NA,NA,NA,NA
"103","Diphtheria",2016,8,0,"",NA,NA,NA,NA
"104","Diphtheria",2016,9,0,"",NA,NA,NA,NA
"105","Diphtheria",2017,1,0,"",NA,NA,NA,NA
"106","Diphtheria",2017,10,0,"",NA,NA,NA,NA
"107","Diphtheria",2017,11,0,"",NA,NA,NA,NA
"108","Diphtheria",2017,12,0,"",NA,NA,NA,NA
"109","Diphtheria",2017,13,0,"",NA,NA,NA,NA
"110","Diphtheria",2017,14,0,"",NA,NA,NA,NA
"111","Diphtheria",2017,15,0,"",NA,NA,NA,NA
"112","Diphtheria",2017,16,0,"",NA,NA,NA,NA
"113","Diphtheria",2017,17,0,"",NA,NA,NA,NA
"114","Diphtheria",2017,18,0,"",NA,NA,NA,NA
"115","Diphtheria",2017,19,0,"",NA,NA,NA,NA
"116","Diphtheria",2017,2,0,"",NA,NA,NA,NA
"117","Diphtheria",2017,20,0,"",NA,NA,NA,NA
"118","Diphtheria",2017,21,0,"",NA,NA,NA,NA
"119","Diphtheria",2017,22,0,"",NA,NA,NA,NA
"120","Diphtheria",2017,23,0,"",NA,NA,NA,NA
"121","Diphtheria",2017,24,0,"",NA,NA,NA,NA
"122","Diphtheria",2017,25,0,"",NA,NA,NA,NA
"123","Diphtheria",2017,26,0,"",NA,NA,NA,NA
"124","Diphtheria",2017,27,0,"",NA,NA,NA,NA
"125","Diphtheria",2017,28,0,"",NA,NA,NA,NA
"126","Diphtheria",2017,29,0,"",NA,NA,NA,NA
"127","Diphtheria",2017,3,0,"",NA,NA,NA,NA
"128","Diphtheria",2017,30,0,"",NA,NA,NA,NA
"129","Diphtheria",2017,31,0,"",NA,NA,NA,NA
"130","Diphtheria",2017,32,0,"",NA,NA,NA,NA
"131","Diphtheria",2017,33,0,"",NA,NA,NA,NA
"132","Diphtheria",2017,34,0,"",NA,NA,NA,NA
"133","Diphtheria",2017,35,0,"",NA,NA,NA,NA
"134","Diphtheria",2017,36,0,"",NA,NA,NA,NA
"135","Diphtheria",2017,37,0,"",NA,NA,NA,NA
"136","Diphtheria",2017,38,0,"",NA,NA,NA,NA
"137","Diphtheria",2017,39,0,"",NA,NA,NA,NA
"138","Diphtheria",2017,4,0,"",NA,NA,NA,NA
"139","Diphtheria",2017,40,0,"",NA,NA,NA,NA
"140","Diphtheria",2017,41,0,"",NA,NA,NA,NA
"141","Diphtheria",2017,42,0,"",NA,NA,NA,NA
"142","Diphtheria",2017,43,0,"",NA,NA,NA,NA
"143","Diphtheria",2017,44,0,"",NA,NA,NA,NA
"144","Diphtheria",2017,45,0,"",NA,NA,NA,NA
"145","Diphtheria",2017,46,0,"",NA,NA,NA,NA
"146","Diphtheria",2017,47,0,"",NA,NA,NA,NA
"147","Diphtheria",2017,48,0,"",NA,NA,NA,NA
"148","Diphtheria",2017,49,0,"",NA,NA,NA,NA
"149","Diphtheria",2017,5,0,"",NA,NA,NA,NA
"150","Diphtheria",2017,50,0,"",NA,NA,NA,NA
"151","Diphtheria",2017,51,0,"",NA,NA,NA,NA
"152","Diphtheria",2017,52,0,"",NA,NA,NA,NA
"153","Diphtheria",2017,6,0,"",NA,NA,NA,NA
"154","Diphtheria",2017,7,0,"",NA,NA,NA,NA
"155","Diphtheria",2017,8,0,"",NA,NA,NA,NA
"156","Diphtheria",2017,9,0,"",NA,NA,NA,NA
"157","Diphtheria",2018,1,0,"",NA,NA,NA,NA
"158","Diphtheria",2018,10,0,"",NA,NA,NA,NA
"159","Diphtheria",2018,11,0,"",NA,NA,NA,NA
"160","Diphtheria",2018,12,0,"",NA,NA,NA,NA
"161","Diphtheria",2018,13,0,"",NA,NA,NA,NA
"162","Diphtheria",2018,14,0,"",NA,NA,NA,NA
"163","Diphtheria",2018,15,0,"",NA,NA,NA,NA
"164","Diphtheria",2018,16,0,"",NA,NA,NA,NA
"165","Diphtheria",2018,17,0,"",NA,NA,NA,NA
"166","Diphtheria",2018,18,0,"",NA,NA,NA,NA
"167","Diphtheria",2018,19,0,"",NA,NA,NA,NA
"168","Diphtheria",2018,2,0,"",NA,NA,NA,NA
"169","Diphtheria",2018,20,0,"",NA,NA,NA,NA
"170","Diphtheria",2018,21,0,"",NA,NA,NA,NA
"171","Diphtheria",2018,22,0,"",NA,NA,NA,NA
"172","Diphtheria",2018,23,0,"",NA,NA,NA,NA
"173","Diphtheria",2018,24,0,"",NA,NA,NA,NA
"174","Diphtheria",2018,25,0,"",NA,NA,NA,NA
"175","Diphtheria",2018,26,0,"",NA,NA,NA,NA
"176","Diphtheria",2018,27,0,"",NA,NA,NA,NA
"177","Diphtheria",2018,28,0,"",NA,NA,NA,NA
"178","Diphtheria",2018,29,0,"",NA,NA,NA,NA
"179","Diphtheria",2018,3,0,"",NA,NA,NA,NA
"180","Diphtheria",2018,30,0,"",NA,NA,NA,NA
"181","Diphtheria",2018,31,0,"",NA,NA,NA,NA
"182","Diphtheria",2018,32,0,"",NA,NA,NA,NA
"183","Diphtheria",2018,33,0,"",NA,NA,NA,NA
"184","Diphtheria",2018,34,0,"",NA,NA,NA,NA
"185","Diphtheria",2018,35,0,"",NA,NA,NA,NA
"186","Diphtheria",2018,36,0,"",NA,NA,NA,NA
"187","Diphtheria",2018,37,0,"",NA,NA,NA,NA
"188","Diphtheria",2018,38,0,"",NA,NA,NA,NA
"189","Diphtheria",2018,39,0,"",NA,NA,NA,NA
"190","Diphtheria",2018,4,0,"",NA,NA,NA,NA
"191","Diphtheria",2018,40,0,"",NA,NA,NA,NA
"192","Diphtheria",2018,41,0,"",NA,NA,NA,NA
"193","Diphtheria",2018,42,0,"",NA,NA,NA,NA
"194","Diphtheria",2018,43,0,"",NA,NA,NA,NA
"195","Diphtheria",2018,44,0,"",NA,NA,NA,NA
"196","Diphtheria",2018,45,0,"",NA,NA,NA,NA
"197","Diphtheria",2018,46,0,"",NA,NA,NA,NA
"198","Diphtheria",2018,47,0,"",NA,NA,NA,NA
"199","Diphtheria",2018,48,0,"",NA,NA,NA,NA
"200","Diphtheria",2018,49,0,"",NA,NA,NA,NA
"201","Diphtheria",2018,5,0,"",NA,NA,NA,NA
"202","Diphtheria",2018,50,0,"",NA,NA,NA,NA
"203","Diphtheria",2018,51,0,"",NA,NA,NA,NA
"204","Diphtheria",2018,52,0,"",NA,NA,NA,NA
"205","Diphtheria",2018,6,0,"",NA,NA,NA,NA
"206","Diphtheria",2018,7,0,"",NA,NA,NA,NA
"207","Diphtheria",2018,8,0,"",NA,NA,NA,NA
"208","Diphtheria",2018,9,0,"",NA,NA,NA,NA
"209","Diphtheria",2019,1,0,"",NA,NA,NA,NA
"210","Diphtheria",2019,10,0,"",NA,NA,NA,NA
"211","Diphtheria",2019,11,0,"",NA,NA,NA,NA
"212","Diphtheria",2019,12,0,"",NA,NA,NA,NA
"213","Diphtheria",2019,13,0,"",NA,NA,NA,NA
"214","Diphtheria",2019,14,0,"",NA,NA,NA,NA
"215","Diphtheria",2019,15,0,"",NA,NA,NA,NA
"216","Diphtheria",2019,16,0,"",NA,NA,NA,NA
"217","Diphtheria",2019,17,0,"",NA,NA,NA,NA
"218","Diphtheria",2019,18,0,"",NA,NA,NA,NA
"219","Diphtheria",2019,19,0,"",NA,NA,NA,NA
"220","Diphtheria",2019,2,0,"",NA,NA,NA,NA
"221","Diphtheria",2019,20,0,"",NA,NA,NA,NA
"222","Diphtheria",2019,21,0,"",NA,NA,NA,NA
"223","Diphtheria",2019,22,0,"",NA,NA,NA,NA
"224","Diphtheria",2019,23,0,"",NA,NA,NA,NA
"225","Diphtheria",2019,24,0,"",NA,NA,NA,NA
"226","Diphtheria",2019,25,0,"",NA,NA,NA,NA
"227","Diphtheria",2019,26,0,"",NA,NA,NA,NA
"228","Diphtheria",2019,27,0,"",NA,NA,NA,NA
"229","Diphtheria",2019,28,0,"",NA,NA,NA,NA
"230","Diphtheria",2019,29,0,"",NA,NA,NA,NA
"231","Diphtheria",2019,3,0,"",NA,NA,NA,NA
"232","Diphtheria",2019,30,0,"",NA,NA,NA,NA
"233","Diphtheria",2019,31,0,"",NA,NA,NA,NA
"234","Diphtheria",2019,32,0,"",NA,NA,NA,NA
"235","Diphtheria",2019,33,0,"",NA,NA,NA,NA
"236","Diphtheria",2019,34,0,"",NA,NA,NA,NA
"237","Diphtheria",2019,35,0,"",NA,NA,NA,NA
"238","Diphtheria",2019,36,0,"",NA,NA,NA,NA
"239","Diphtheria",2019,37,0,"",NA,NA,NA,NA
"240","Diphtheria",2019,38,0,"",NA,NA,NA,NA
"241","Diphtheria",2019,39,0,"",NA,NA,NA,NA
"242","Diphtheria",2019,4,0,"",NA,NA,NA,NA
"243","Diphtheria",2019,40,0,"",NA,NA,NA,NA
"244","Diphtheria",2019,41,0,"",NA,NA,NA,NA
"245","Diphtheria",2019,42,0,"",NA,NA,NA,NA
"246","Diphtheria",2019,43,0,"",NA,NA,NA,NA
"247","Diphtheria",2019,44,0,"",NA,NA,NA,NA
"248","Diphtheria",2019,45,0,"",NA,NA,NA,NA
"249","Diphtheria",2019,46,0,"",NA,NA,NA,NA
"250","Diphtheria",2019,47,0,"",NA,NA,NA,NA
"251","Diphtheria",2019,48,0,"",NA,NA,NA,NA
"252","Diphtheria",2019,49,0,"",NA,NA,NA,NA
"253","Diphtheria",2019,5,0,"",NA,NA,NA,NA
"254","Diphtheria",2019,50,0,"",NA,NA,NA,NA
"255","Diphtheria",2019,51,0,"",NA,NA,NA,NA
"256","Diphtheria",2019,52,0,"",NA,NA,NA,NA
"257","Diphtheria",2019,6,0,"",NA,NA,NA,NA
"258","Diphtheria",2019,8,0,"",NA,NA,NA,NA
"259","Diphtheria",2019,9,0,"",NA,NA,NA,NA
"260","Diphtheria",2020,1,0,"",NA,NA,NA,NA
"261","Diphtheria",2020,10,0,"",NA,NA,NA,NA
"262","Diphtheria",2020,11,0,"",NA,NA,NA,NA
"263","Diphtheria",2020,12,0,"",NA,NA,NA,NA
"264","Diphtheria",2020,13,0,"",NA,NA,NA,NA
"265","Diphtheria",2020,14,0,"",NA,NA,NA,NA
"266","Diphtheria",2020,15,0,"",NA,NA,NA,NA
"267","Diphtheria",2020,16,0,"",NA,NA,NA,NA
"268","Diphtheria",2020,17,0,"",NA,NA,NA,NA
"269","Diphtheria",2020,18,0,"",NA,NA,NA,NA
"270","Diphtheria",2020,2,0,"",NA,NA,NA,NA
"271","Diphtheria",2020,3,0,"",NA,NA,NA,NA
"272","Diphtheria",2020,4,0,"",NA,NA,NA,NA
"273","Diphtheria",2020,5,0,"",NA,NA,NA,NA
"274","Diphtheria",2020,6,0,"",NA,NA,NA,NA
"275","Diphtheria",2020,7,0,"",NA,NA,NA,NA
"276","Diphtheria",2020,8,0,"",NA,NA,NA,NA
"277","Diphtheria",2020,9,0,"",NA,NA,NA,NA
