"","Disease","EpiYear","EpiWeek","Incidence","ADM0","ADM1","ADM2","NA","NA"
"1","Rubella",2015,1,0,"",NA,NA,NA,NA
"2","Rubella",2015,10,0,"",NA,NA,NA,NA
"3","Rubella",2015,11,1,"",NA,NA,NA,NA
"4","Rubella",2015,12,0,"",NA,NA,NA,NA
"5","Rubella",2015,13,0,"",NA,NA,NA,NA
"6","Rubella",2015,14,1,"",NA,NA,NA,NA
"7","Rubella",2015,15,0,"",NA,NA,NA,NA
"8","Rubella",2015,16,0,"",NA,NA,NA,NA
"9","Rubella",2015,17,1,"",NA,NA,NA,NA
"10","Rubella",2015,18,1,"",NA,NA,NA,NA
"11","Rubella",2015,19,1,"",NA,NA,NA,NA
"12","Rubella",2015,2,0,"",NA,NA,NA,NA
"13","Rubella",2015,20,0,"",NA,NA,NA,NA
"14","Rubella",2015,21,0,"",NA,NA,NA,NA
"15","Rubella",2015,22,0,"",NA,NA,NA,NA
"16","Rubella",2015,23,0,"",NA,NA,NA,NA
"17","Rubella",2015,24,0,"",NA,NA,NA,NA
"18","Rubella",2015,25,0,"",NA,NA,NA,NA
"19","Rubella",2015,26,0,"",NA,NA,NA,NA
"20","Rubella",2015,27,0,"",NA,NA,NA,NA
"21","Rubella",2015,28,0,"",NA,NA,NA,NA
"22","Rubella",2015,29,0,"",NA,NA,NA,NA
"23","Rubella",2015,3,0,"",NA,NA,NA,NA
"24","Rubella",2015,30,0,"",NA,NA,NA,NA
"25","Rubella",2015,31,0,"",NA,NA,NA,NA
"26","Rubella",2015,32,0,"",NA,NA,NA,NA
"27","Rubella",2015,33,0,"",NA,NA,NA,NA
"28","Rubella",2015,34,0,"",NA,NA,NA,NA
"29","Rubella",2015,35,0,"",NA,NA,NA,NA
"30","Rubella",2015,36,0,"",NA,NA,NA,NA
"31","Rubella",2015,37,0,"",NA,NA,NA,NA
"32","Rubella",2015,38,0,"",NA,NA,NA,NA
"33","Rubella",2015,39,0,"",NA,NA,NA,NA
"34","Rubella",2015,4,1,"",NA,NA,NA,NA
"35","Rubella",2015,40,0,"",NA,NA,NA,NA
"36","Rubella",2015,41,0,"",NA,NA,NA,NA
"37","Rubella",2015,42,0,"",NA,NA,NA,NA
"38","Rubella",2015,43,0,"",NA,NA,NA,NA
"39","Rubella",2015,44,0,"",NA,NA,NA,NA
"40","Rubella",2015,45,0,"",NA,NA,NA,NA
"41","Rubella",2015,46,0,"",NA,NA,NA,NA
"42","Rubella",2015,47,0,"",NA,NA,NA,NA
"43","Rubella",2015,48,0,"",NA,NA,NA,NA
"44","Rubella",2015,49,0,"",NA,NA,NA,NA
"45","Rubella",2015,5,0,"",NA,NA,NA,NA
"46","Rubella",2015,50,0,"",NA,NA,NA,NA
"47","Rubella",2015,51,0,"",NA,NA,NA,NA
"48","Rubella",2015,52,1,"",NA,NA,NA,NA
"49","Rubella",2015,6,0,"",NA,NA,NA,NA
"50","Rubella",2015,7,0,"",NA,NA,NA,NA
"51","Rubella",2015,8,0,"",NA,NA,NA,NA
"52","Rubella",2015,9,0,"",NA,NA,NA,NA
"53","Rubella",2016,1,0,"",NA,NA,NA,NA
"54","Rubella",2016,10,1,"",NA,NA,NA,NA
"55","Rubella",2016,11,0,"",NA,NA,NA,NA
"56","Rubella",2016,12,0,"",NA,NA,NA,NA
"57","Rubella",2016,13,0,"",NA,NA,NA,NA
"58","Rubella",2016,14,0,"",NA,NA,NA,NA
"59","Rubella",2016,15,0,"",NA,NA,NA,NA
"60","Rubella",2016,16,1,"",NA,NA,NA,NA
"61","Rubella",2016,17,0,"",NA,NA,NA,NA
"62","Rubella",2016,18,0,"",NA,NA,NA,NA
"63","Rubella",2016,19,0,"",NA,NA,NA,NA
"64","Rubella",2016,2,0,"",NA,NA,NA,NA
"65","Rubella",2016,20,0,"",NA,NA,NA,NA
"66","Rubella",2016,21,0,"",NA,NA,NA,NA
"67","Rubella",2016,22,0,"",NA,NA,NA,NA
"68","Rubella",2016,23,0,"",NA,NA,NA,NA
"69","Rubella",2016,24,0,"",NA,NA,NA,NA
"70","Rubella",2016,25,0,"",NA,NA,NA,NA
"71","Rubella",2016,26,0,"",NA,NA,NA,NA
"72","Rubella",2016,27,0,"",NA,NA,NA,NA
"73","Rubella",2016,28,0,"",NA,NA,NA,NA
"74","Rubella",2016,29,0,"",NA,NA,NA,NA
"75","Rubella",2016,3,0,"",NA,NA,NA,NA
"76","Rubella",2016,30,0,"",NA,NA,NA,NA
"77","Rubella",2016,31,0,"",NA,NA,NA,NA
"78","Rubella",2016,32,0,"",NA,NA,NA,NA
"79","Rubella",2016,33,0,"",NA,NA,NA,NA
"80","Rubella",2016,34,0,"",NA,NA,NA,NA
"81","Rubella",2016,35,0,"",NA,NA,NA,NA
"82","Rubella",2016,36,0,"",NA,NA,NA,NA
"83","Rubella",2016,37,0,"",NA,NA,NA,NA
"84","Rubella",2016,38,0,"",NA,NA,NA,NA
"85","Rubella",2016,39,0,"",NA,NA,NA,NA
"86","Rubella",2016,4,1,"",NA,NA,NA,NA
"87","Rubella",2016,40,0,"",NA,NA,NA,NA
"88","Rubella",2016,41,0,"",NA,NA,NA,NA
"89","Rubella",2016,42,0,"",NA,NA,NA,NA
"90","Rubella",2016,43,0,"",NA,NA,NA,NA
"91","Rubella",2016,44,0,"",NA,NA,NA,NA
"92","Rubella",2016,45,0,"",NA,NA,NA,NA
"93","Rubella",2016,46,0,"",NA,NA,NA,NA
"94","Rubella",2016,47,0,"",NA,NA,NA,NA
"95","Rubella",2016,48,0,"",NA,NA,NA,NA
"96","Rubella",2016,49,0,"",NA,NA,NA,NA
"97","Rubella",2016,5,0,"",NA,NA,NA,NA
"98","Rubella",2016,50,0,"",NA,NA,NA,NA
"99","Rubella",2016,51,0,"",NA,NA,NA,NA
"100","Rubella",2016,52,0,"",NA,NA,NA,NA
"101","Rubella",2016,6,0,"",NA,NA,NA,NA
"102","Rubella",2016,7,0,"",NA,NA,NA,NA
"103","Rubella",2016,8,1,"",NA,NA,NA,NA
"104","Rubella",2016,9,0,"",NA,NA,NA,NA
"105","Rubella",2017,1,0,"",NA,NA,NA,NA
"106","Rubella",2017,10,0,"",NA,NA,NA,NA
"107","Rubella",2017,11,0,"",NA,NA,NA,NA
"108","Rubella",2017,12,0,"",NA,NA,NA,NA
"109","Rubella",2017,13,0,"",NA,NA,NA,NA
"110","Rubella",2017,14,0,"",NA,NA,NA,NA
"111","Rubella",2017,15,0,"",NA,NA,NA,NA
"112","Rubella",2017,16,0,"",NA,NA,NA,NA
"113","Rubella",2017,17,0,"",NA,NA,NA,NA
"114","Rubella",2017,18,0,"",NA,NA,NA,NA
"115","Rubella",2017,19,0,"",NA,NA,NA,NA
"116","Rubella",2017,2,0,"",NA,NA,NA,NA
"117","Rubella",2017,20,0,"",NA,NA,NA,NA
"118","Rubella",2017,21,0,"",NA,NA,NA,NA
"119","Rubella",2017,22,0,"",NA,NA,NA,NA
"120","Rubella",2017,23,1,"",NA,NA,NA,NA
"121","Rubella",2017,24,0,"",NA,NA,NA,NA
"122","Rubella",2017,25,0,"",NA,NA,NA,NA
"123","Rubella",2017,26,0,"",NA,NA,NA,NA
"124","Rubella",2017,27,0,"",NA,NA,NA,NA
"125","Rubella",2017,28,0,"",NA,NA,NA,NA
"126","Rubella",2017,29,1,"",NA,NA,NA,NA
"127","Rubella",2017,3,0,"",NA,NA,NA,NA
"128","Rubella",2017,30,0,"",NA,NA,NA,NA
"129","Rubella",2017,31,0,"",NA,NA,NA,NA
"130","Rubella",2017,32,0,"",NA,NA,NA,NA
"131","Rubella",2017,33,0,"",NA,NA,NA,NA
"132","Rubella",2017,34,0,"",NA,NA,NA,NA
"133","Rubella",2017,35,1,"",NA,NA,NA,NA
"134","Rubella",2017,36,0,"",NA,NA,NA,NA
"135","Rubella",2017,37,0,"",NA,NA,NA,NA
"136","Rubella",2017,38,0,"",NA,NA,NA,NA
"137","Rubella",2017,39,0,"",NA,NA,NA,NA
"138","Rubella",2017,4,0,"",NA,NA,NA,NA
"139","Rubella",2017,40,0,"",NA,NA,NA,NA
"140","Rubella",2017,41,0,"",NA,NA,NA,NA
"141","Rubella",2017,42,0,"",NA,NA,NA,NA
"142","Rubella",2017,43,0,"",NA,NA,NA,NA
"143","Rubella",2017,44,0,"",NA,NA,NA,NA
"144","Rubella",2017,45,0,"",NA,NA,NA,NA
"145","Rubella",2017,46,0,"",NA,NA,NA,NA
"146","Rubella",2017,47,0,"",NA,NA,NA,NA
"147","Rubella",2017,48,0,"",NA,NA,NA,NA
"148","Rubella",2017,49,0,"",NA,NA,NA,NA
"149","Rubella",2017,5,0,"",NA,NA,NA,NA
"150","Rubella",2017,50,0,"",NA,NA,NA,NA
"151","Rubella",2017,51,0,"",NA,NA,NA,NA
"152","Rubella",2017,52,0,"",NA,NA,NA,NA
"153","Rubella",2017,6,0,"",NA,NA,NA,NA
"154","Rubella",2017,7,0,"",NA,NA,NA,NA
"155","Rubella",2017,8,0,"",NA,NA,NA,NA
"156","Rubella",2017,9,0,"",NA,NA,NA,NA
"157","Rubella",2018,1,0,"",NA,NA,NA,NA
"158","Rubella",2018,10,0,"",NA,NA,NA,NA
"159","Rubella",2018,11,0,"",NA,NA,NA,NA
"160","Rubella",2018,12,0,"",NA,NA,NA,NA
"161","Rubella",2018,13,0,"",NA,NA,NA,NA
"162","Rubella",2018,14,0,"",NA,NA,NA,NA
"163","Rubella",2018,15,1,"",NA,NA,NA,NA
"164","Rubella",2018,16,1,"",NA,NA,NA,NA
"165","Rubella",2018,17,0,"",NA,NA,NA,NA
"166","Rubella",2018,18,0,"",NA,NA,NA,NA
"167","Rubella",2018,19,1,"",NA,NA,NA,NA
"168","Rubella",2018,2,0,"",NA,NA,NA,NA
"169","Rubella",2018,20,1,"",NA,NA,NA,NA
"170","Rubella",2018,21,0,"",NA,NA,NA,NA
"171","Rubella",2018,22,0,"",NA,NA,NA,NA
"172","Rubella",2018,23,1,"",NA,NA,NA,NA
"173","Rubella",2018,24,0,"",NA,NA,NA,NA
"174","Rubella",2018,25,0,"",NA,NA,NA,NA
"175","Rubella",2018,26,0,"",NA,NA,NA,NA
"176","Rubella",2018,27,0,"",NA,NA,NA,NA
"177","Rubella",2018,28,0,"",NA,NA,NA,NA
"178","Rubella",2018,29,0,"",NA,NA,NA,NA
"179","Rubella",2018,3,0,"",NA,NA,NA,NA
"180","Rubella",2018,30,0,"",NA,NA,NA,NA
"181","Rubella",2018,31,1,"",NA,NA,NA,NA
"182","Rubella",2018,32,1,"",NA,NA,NA,NA
"183","Rubella",2018,33,1,"",NA,NA,NA,NA
"184","Rubella",2018,34,0,"",NA,NA,NA,NA
"185","Rubella",2018,35,1,"",NA,NA,NA,NA
"186","Rubella",2018,36,0,"",NA,NA,NA,NA
"187","Rubella",2018,37,0,"",NA,NA,NA,NA
"188","Rubella",2018,38,0,"",NA,NA,NA,NA
"189","Rubella",2018,39,0,"",NA,NA,NA,NA
"190","Rubella",2018,4,0,"",NA,NA,NA,NA
"191","Rubella",2018,40,0,"",NA,NA,NA,NA
"192","Rubella",2018,41,0,"",NA,NA,NA,NA
"193","Rubella",2018,42,0,"",NA,NA,NA,NA
"194","Rubella",2018,43,0,"",NA,NA,NA,NA
"195","Rubella",2018,44,0,"",NA,NA,NA,NA
"196","Rubella",2018,45,1,"",NA,NA,NA,NA
"197","Rubella",2018,46,0,"",NA,NA,NA,NA
"198","Rubella",2018,47,0,"",NA,NA,NA,NA
"199","Rubella",2018,48,0,"",NA,NA,NA,NA
"200","Rubella",2018,49,0,"",NA,NA,NA,NA
"201","Rubella",2018,5,0,"",NA,NA,NA,NA
"202","Rubella",2018,50,0,"",NA,NA,NA,NA
"203","Rubella",2018,51,0,"",NA,NA,NA,NA
"204","Rubella",2018,52,0,"",NA,NA,NA,NA
"205","Rubella",2018,6,0,"",NA,NA,NA,NA
"206","Rubella",2018,7,0,"",NA,NA,NA,NA
"207","Rubella",2018,8,0,"",NA,NA,NA,NA
"208","Rubella",2018,9,0,"",NA,NA,NA,NA
"209","Rubella",2019,1,0,"",NA,NA,NA,NA
"210","Rubella",2019,10,1,"",NA,NA,NA,NA
"211","Rubella",2019,11,1,"",NA,NA,NA,NA
"212","Rubella",2019,12,3,"",NA,NA,NA,NA
"213","Rubella",2019,13,0,"",NA,NA,NA,NA
"214","Rubella",2019,14,0,"",NA,NA,NA,NA
"215","Rubella",2019,15,2,"",NA,NA,NA,NA
"216","Rubella",2019,16,2,"",NA,NA,NA,NA
"217","Rubella",2019,17,0,"",NA,NA,NA,NA
"218","Rubella",2019,18,1,"",NA,NA,NA,NA
"219","Rubella",2019,19,2,"",NA,NA,NA,NA
"220","Rubella",2019,2,0,"",NA,NA,NA,NA
"221","Rubella",2019,20,0,"",NA,NA,NA,NA
"222","Rubella",2019,21,2,"",NA,NA,NA,NA
"223","Rubella",2019,22,1,"",NA,NA,NA,NA
"224","Rubella",2019,23,1,"",NA,NA,NA,NA
"225","Rubella",2019,24,0,"",NA,NA,NA,NA
"226","Rubella",2019,25,0,"",NA,NA,NA,NA
"227","Rubella",2019,26,0,"",NA,NA,NA,NA
"228","Rubella",2019,27,1,"",NA,NA,NA,NA
"229","Rubella",2019,28,1,"",NA,NA,NA,NA
"230","Rubella",2019,29,0,"",NA,NA,NA,NA
"231","Rubella",2019,3,0,"",NA,NA,NA,NA
"232","Rubella",2019,30,0,"",NA,NA,NA,NA
"233","Rubella",2019,31,0,"",NA,NA,NA,NA
"234","Rubella",2019,32,1,"",NA,NA,NA,NA
"235","Rubella",2019,33,0,"",NA,NA,NA,NA
"236","Rubella",2019,34,0,"",NA,NA,NA,NA
"237","Rubella",2019,35,0,"",NA,NA,NA,NA
"238","Rubella",2019,36,0,"",NA,NA,NA,NA
"239","Rubella",2019,37,1,"",NA,NA,NA,NA
"240","Rubella",2019,38,0,"",NA,NA,NA,NA
"241","Rubella",2019,39,4,"",NA,NA,NA,NA
"242","Rubella",2019,4,0,"",NA,NA,NA,NA
"243","Rubella",2019,40,0,"",NA,NA,NA,NA
"244","Rubella",2019,41,0,"",NA,NA,NA,NA
"245","Rubella",2019,42,0,"",NA,NA,NA,NA
"246","Rubella",2019,43,6,"",NA,NA,NA,NA
"247","Rubella",2019,44,0,"",NA,NA,NA,NA
"248","Rubella",2019,45,0,"",NA,NA,NA,NA
"249","Rubella",2019,46,1,"",NA,NA,NA,NA
"250","Rubella",2019,47,0,"",NA,NA,NA,NA
"251","Rubella",2019,48,1,"",NA,NA,NA,NA
"252","Rubella",2019,49,1,"",NA,NA,NA,NA
"253","Rubella",2019,5,0,"",NA,NA,NA,NA
"254","Rubella",2019,50,0,"",NA,NA,NA,NA
"255","Rubella",2019,51,1,"",NA,NA,NA,NA
"256","Rubella",2019,52,0,"",NA,NA,NA,NA
"257","Rubella",2019,6,0,"",NA,NA,NA,NA
"258","Rubella",2019,8,1,"",NA,NA,NA,NA
"259","Rubella",2019,9,0,"",NA,NA,NA,NA
"260","Rubella",2020,1,0,"",NA,NA,NA,NA
"261","Rubella",2020,10,0,"",NA,NA,NA,NA
"262","Rubella",2020,11,0,"",NA,NA,NA,NA
"263","Rubella",2020,12,0,"",NA,NA,NA,NA
"264","Rubella",2020,13,0,"",NA,NA,NA,NA
"265","Rubella",2020,14,0,"",NA,NA,NA,NA
"266","Rubella",2020,15,0,"",NA,NA,NA,NA
"267","Rubella",2020,16,0,"",NA,NA,NA,NA
"268","Rubella",2020,17,0,"",NA,NA,NA,NA
"269","Rubella",2020,18,0,"",NA,NA,NA,NA
"270","Rubella",2020,2,0,"",NA,NA,NA,NA
"271","Rubella",2020,3,0,"",NA,NA,NA,NA
"272","Rubella",2020,4,0,"",NA,NA,NA,NA
"273","Rubella",2020,5,0,"",NA,NA,NA,NA
"274","Rubella",2020,6,0,"",NA,NA,NA,NA
"275","Rubella",2020,7,0,"",NA,NA,NA,NA
"276","Rubella",2020,8,0,"",NA,NA,NA,NA
"277","Rubella",2020,9,0,"",NA,NA,NA,NA
