"","Disease","EpiYear","EpiWeek","Incidence","ADM0","ADM1","ADM2","NA","NA"
"1","Hepatitis C",2015,1,4,"",NA,NA,NA,NA
"2","Hepatitis C",2015,10,1,"",NA,NA,NA,NA
"3","Hepatitis C",2015,11,10,"",NA,NA,NA,NA
"4","Hepatitis C",2015,12,4,"",NA,NA,NA,NA
"5","Hepatitis C",2015,13,1,"",NA,NA,NA,NA
"6","Hepatitis C",2015,14,6,"",NA,NA,NA,NA
"7","Hepatitis C",2015,15,5,"",NA,NA,NA,NA
"8","Hepatitis C",2015,16,3,"",NA,NA,NA,NA
"9","Hepatitis C",2015,17,6,"",NA,NA,NA,NA
"10","Hepatitis C",2015,18,8,"",NA,NA,NA,NA
"11","Hepatitis C",2015,19,3,"",NA,NA,NA,NA
"12","Hepatitis C",2015,2,4,"",NA,NA,NA,NA
"13","Hepatitis C",2015,20,6,"",NA,NA,NA,NA
"14","Hepatitis C",2015,21,6,"",NA,NA,NA,NA
"15","Hepatitis C",2015,22,1,"",NA,NA,NA,NA
"16","Hepatitis C",2015,23,4,"",NA,NA,NA,NA
"17","Hepatitis C",2015,24,5,"",NA,NA,NA,NA
"18","Hepatitis C",2015,25,5,"",NA,NA,NA,NA
"19","Hepatitis C",2015,26,2,"",NA,NA,NA,NA
"20","Hepatitis C",2015,27,4,"",NA,NA,NA,NA
"21","Hepatitis C",2015,28,7,"",NA,NA,NA,NA
"22","Hepatitis C",2015,29,7,"",NA,NA,NA,NA
"23","Hepatitis C",2015,3,5,"",NA,NA,NA,NA
"24","Hepatitis C",2015,30,5,"",NA,NA,NA,NA
"25","Hepatitis C",2015,31,2,"",NA,NA,NA,NA
"26","Hepatitis C",2015,32,0,"",NA,NA,NA,NA
"27","Hepatitis C",2015,33,3,"",NA,NA,NA,NA
"28","Hepatitis C",2015,34,5,"",NA,NA,NA,NA
"29","Hepatitis C",2015,35,3,"",NA,NA,NA,NA
"30","Hepatitis C",2015,36,6,"",NA,NA,NA,NA
"31","Hepatitis C",2015,37,6,"",NA,NA,NA,NA
"32","Hepatitis C",2015,38,4,"",NA,NA,NA,NA
"33","Hepatitis C",2015,39,5,"",NA,NA,NA,NA
"34","Hepatitis C",2015,4,4,"",NA,NA,NA,NA
"35","Hepatitis C",2015,40,4,"",NA,NA,NA,NA
"36","Hepatitis C",2015,41,3,"",NA,NA,NA,NA
"37","Hepatitis C",2015,42,2,"",NA,NA,NA,NA
"38","Hepatitis C",2015,43,4,"",NA,NA,NA,NA
"39","Hepatitis C",2015,44,2,"",NA,NA,NA,NA
"40","Hepatitis C",2015,45,10,"",NA,NA,NA,NA
"41","Hepatitis C",2015,46,3,"",NA,NA,NA,NA
"42","Hepatitis C",2015,47,4,"",NA,NA,NA,NA
"43","Hepatitis C",2015,48,8,"",NA,NA,NA,NA
"44","Hepatitis C",2015,49,4,"",NA,NA,NA,NA
"45","Hepatitis C",2015,5,4,"",NA,NA,NA,NA
"46","Hepatitis C",2015,50,3,"",NA,NA,NA,NA
"47","Hepatitis C",2015,51,5,"",NA,NA,NA,NA
"48","Hepatitis C",2015,52,4,"",NA,NA,NA,NA
"49","Hepatitis C",2015,6,5,"",NA,NA,NA,NA
"50","Hepatitis C",2015,7,4,"",NA,NA,NA,NA
"51","Hepatitis C",2015,8,3,"",NA,NA,NA,NA
"52","Hepatitis C",2015,9,0,"",NA,NA,NA,NA
"53","Hepatitis C",2016,1,4,"",NA,NA,NA,NA
"54","Hepatitis C",2016,10,6,"",NA,NA,NA,NA
"55","Hepatitis C",2016,11,5,"",NA,NA,NA,NA
"56","Hepatitis C",2016,12,3,"",NA,NA,NA,NA
"57","Hepatitis C",2016,13,8,"",NA,NA,NA,NA
"58","Hepatitis C",2016,14,3,"",NA,NA,NA,NA
"59","Hepatitis C",2016,15,4,"",NA,NA,NA,NA
"60","Hepatitis C",2016,16,6,"",NA,NA,NA,NA
"61","Hepatitis C",2016,17,5,"",NA,NA,NA,NA
"62","Hepatitis C",2016,18,4,"",NA,NA,NA,NA
"63","Hepatitis C",2016,19,8,"",NA,NA,NA,NA
"64","Hepatitis C",2016,2,3,"",NA,NA,NA,NA
"65","Hepatitis C",2016,20,1,"",NA,NA,NA,NA
"66","Hepatitis C",2016,21,10,"",NA,NA,NA,NA
"67","Hepatitis C",2016,22,3,"",NA,NA,NA,NA
"68","Hepatitis C",2016,23,2,"",NA,NA,NA,NA
"69","Hepatitis C",2016,24,7,"",NA,NA,NA,NA
"70","Hepatitis C",2016,25,5,"",NA,NA,NA,NA
"71","Hepatitis C",2016,26,2,"",NA,NA,NA,NA
"72","Hepatitis C",2016,27,5,"",NA,NA,NA,NA
"73","Hepatitis C",2016,28,8,"",NA,NA,NA,NA
"74","Hepatitis C",2016,29,2,"",NA,NA,NA,NA
"75","Hepatitis C",2016,3,1,"",NA,NA,NA,NA
"76","Hepatitis C",2016,30,3,"",NA,NA,NA,NA
"77","Hepatitis C",2016,31,2,"",NA,NA,NA,NA
"78","Hepatitis C",2016,32,7,"",NA,NA,NA,NA
"79","Hepatitis C",2016,33,1,"",NA,NA,NA,NA
"80","Hepatitis C",2016,34,8,"",NA,NA,NA,NA
"81","Hepatitis C",2016,35,3,"",NA,NA,NA,NA
"82","Hepatitis C",2016,36,6,"",NA,NA,NA,NA
"83","Hepatitis C",2016,37,3,"",NA,NA,NA,NA
"84","Hepatitis C",2016,38,5,"",NA,NA,NA,NA
"85","Hepatitis C",2016,39,5,"",NA,NA,NA,NA
"86","Hepatitis C",2016,4,0,"",NA,NA,NA,NA
"87","Hepatitis C",2016,40,2,"",NA,NA,NA,NA
"88","Hepatitis C",2016,41,1,"",NA,NA,NA,NA
"89","Hepatitis C",2016,42,4,"",NA,NA,NA,NA
"90","Hepatitis C",2016,43,3,"",NA,NA,NA,NA
"91","Hepatitis C",2016,44,0,"",NA,NA,NA,NA
"92","Hepatitis C",2016,45,2,"",NA,NA,NA,NA
"93","Hepatitis C",2016,46,2,"",NA,NA,NA,NA
"94","Hepatitis C",2016,47,4,"",NA,NA,NA,NA
"95","Hepatitis C",2016,48,5,"",NA,NA,NA,NA
"96","Hepatitis C",2016,49,4,"",NA,NA,NA,NA
"97","Hepatitis C",2016,5,3,"",NA,NA,NA,NA
"98","Hepatitis C",2016,50,6,"",NA,NA,NA,NA
"99","Hepatitis C",2016,51,8,"",NA,NA,NA,NA
"100","Hepatitis C",2016,52,5,"",NA,NA,NA,NA
"101","Hepatitis C",2016,6,0,"",NA,NA,NA,NA
"102","Hepatitis C",2016,7,3,"",NA,NA,NA,NA
"103","Hepatitis C",2016,8,2,"",NA,NA,NA,NA
"104","Hepatitis C",2016,9,5,"",NA,NA,NA,NA
"105","Hepatitis C",2017,1,5,"",NA,NA,NA,NA
"106","Hepatitis C",2017,10,7,"",NA,NA,NA,NA
"107","Hepatitis C",2017,11,2,"",NA,NA,NA,NA
"108","Hepatitis C",2017,12,8,"",NA,NA,NA,NA
"109","Hepatitis C",2017,13,5,"",NA,NA,NA,NA
"110","Hepatitis C",2017,14,3,"",NA,NA,NA,NA
"111","Hepatitis C",2017,15,4,"",NA,NA,NA,NA
"112","Hepatitis C",2017,16,3,"",NA,NA,NA,NA
"113","Hepatitis C",2017,17,5,"",NA,NA,NA,NA
"114","Hepatitis C",2017,18,2,"",NA,NA,NA,NA
"115","Hepatitis C",2017,19,4,"",NA,NA,NA,NA
"116","Hepatitis C",2017,2,3,"",NA,NA,NA,NA
"117","Hepatitis C",2017,20,2,"",NA,NA,NA,NA
"118","Hepatitis C",2017,21,10,"",NA,NA,NA,NA
"119","Hepatitis C",2017,22,6,"",NA,NA,NA,NA
"120","Hepatitis C",2017,23,11,"",NA,NA,NA,NA
"121","Hepatitis C",2017,24,9,"",NA,NA,NA,NA
"122","Hepatitis C",2017,25,10,"",NA,NA,NA,NA
"123","Hepatitis C",2017,26,7,"",NA,NA,NA,NA
"124","Hepatitis C",2017,27,8,"",NA,NA,NA,NA
"125","Hepatitis C",2017,28,6,"",NA,NA,NA,NA
"126","Hepatitis C",2017,29,9,"",NA,NA,NA,NA
"127","Hepatitis C",2017,3,4,"",NA,NA,NA,NA
"128","Hepatitis C",2017,30,8,"",NA,NA,NA,NA
"129","Hepatitis C",2017,31,12,"",NA,NA,NA,NA
"130","Hepatitis C",2017,32,5,"",NA,NA,NA,NA
"131","Hepatitis C",2017,33,6,"",NA,NA,NA,NA
"132","Hepatitis C",2017,34,7,"",NA,NA,NA,NA
"133","Hepatitis C",2017,35,4,"",NA,NA,NA,NA
"134","Hepatitis C",2017,36,1,"",NA,NA,NA,NA
"135","Hepatitis C",2017,37,7,"",NA,NA,NA,NA
"136","Hepatitis C",2017,38,6,"",NA,NA,NA,NA
"137","Hepatitis C",2017,39,3,"",NA,NA,NA,NA
"138","Hepatitis C",2017,4,4,"",NA,NA,NA,NA
"139","Hepatitis C",2017,40,7,"",NA,NA,NA,NA
"140","Hepatitis C",2017,41,9,"",NA,NA,NA,NA
"141","Hepatitis C",2017,42,9,"",NA,NA,NA,NA
"142","Hepatitis C",2017,43,12,"",NA,NA,NA,NA
"143","Hepatitis C",2017,44,3,"",NA,NA,NA,NA
"144","Hepatitis C",2017,45,8,"",NA,NA,NA,NA
"145","Hepatitis C",2017,46,10,"",NA,NA,NA,NA
"146","Hepatitis C",2017,47,2,"",NA,NA,NA,NA
"147","Hepatitis C",2017,48,6,"",NA,NA,NA,NA
"148","Hepatitis C",2017,49,9,"",NA,NA,NA,NA
"149","Hepatitis C",2017,5,1,"",NA,NA,NA,NA
"150","Hepatitis C",2017,50,16,"",NA,NA,NA,NA
"151","Hepatitis C",2017,51,11,"",NA,NA,NA,NA
"152","Hepatitis C",2017,52,4,"",NA,NA,NA,NA
"153","Hepatitis C",2017,6,6,"",NA,NA,NA,NA
"154","Hepatitis C",2017,7,8,"",NA,NA,NA,NA
"155","Hepatitis C",2017,8,6,"",NA,NA,NA,NA
"156","Hepatitis C",2017,9,2,"",NA,NA,NA,NA
"157","Hepatitis C",2018,1,4,"",NA,NA,NA,NA
"158","Hepatitis C",2018,10,5,"",NA,NA,NA,NA
"159","Hepatitis C",2018,11,15,"",NA,NA,NA,NA
"160","Hepatitis C",2018,12,14,"",NA,NA,NA,NA
"161","Hepatitis C",2018,13,14,"",NA,NA,NA,NA
"162","Hepatitis C",2018,14,4,"",NA,NA,NA,NA
"163","Hepatitis C",2018,15,9,"",NA,NA,NA,NA
"164","Hepatitis C",2018,16,8,"",NA,NA,NA,NA
"165","Hepatitis C",2018,17,10,"",NA,NA,NA,NA
"166","Hepatitis C",2018,18,2,"",NA,NA,NA,NA
"167","Hepatitis C",2018,19,1,"",NA,NA,NA,NA
"168","Hepatitis C",2018,2,6,"",NA,NA,NA,NA
"169","Hepatitis C",2018,20,13,"",NA,NA,NA,NA
"170","Hepatitis C",2018,21,10,"",NA,NA,NA,NA
"171","Hepatitis C",2018,22,11,"",NA,NA,NA,NA
"172","Hepatitis C",2018,23,4,"",NA,NA,NA,NA
"173","Hepatitis C",2018,24,5,"",NA,NA,NA,NA
"174","Hepatitis C",2018,25,6,"",NA,NA,NA,NA
"175","Hepatitis C",2018,26,10,"",NA,NA,NA,NA
"176","Hepatitis C",2018,27,10,"",NA,NA,NA,NA
"177","Hepatitis C",2018,28,10,"",NA,NA,NA,NA
"178","Hepatitis C",2018,29,13,"",NA,NA,NA,NA
"179","Hepatitis C",2018,3,11,"",NA,NA,NA,NA
"180","Hepatitis C",2018,30,10,"",NA,NA,NA,NA
"181","Hepatitis C",2018,31,11,"",NA,NA,NA,NA
"182","Hepatitis C",2018,32,13,"",NA,NA,NA,NA
"183","Hepatitis C",2018,33,9,"",NA,NA,NA,NA
"184","Hepatitis C",2018,34,8,"",NA,NA,NA,NA
"185","Hepatitis C",2018,35,9,"",NA,NA,NA,NA
"186","Hepatitis C",2018,36,7,"",NA,NA,NA,NA
"187","Hepatitis C",2018,37,9,"",NA,NA,NA,NA
"188","Hepatitis C",2018,38,7,"",NA,NA,NA,NA
"189","Hepatitis C",2018,39,6,"",NA,NA,NA,NA
"190","Hepatitis C",2018,4,6,"",NA,NA,NA,NA
"191","Hepatitis C",2018,40,5,"",NA,NA,NA,NA
"192","Hepatitis C",2018,41,11,"",NA,NA,NA,NA
"193","Hepatitis C",2018,42,7,"",NA,NA,NA,NA
"194","Hepatitis C",2018,43,8,"",NA,NA,NA,NA
"195","Hepatitis C",2018,44,20,"",NA,NA,NA,NA
"196","Hepatitis C",2018,45,9,"",NA,NA,NA,NA
"197","Hepatitis C",2018,46,12,"",NA,NA,NA,NA
"198","Hepatitis C",2018,47,5,"",NA,NA,NA,NA
"199","Hepatitis C",2018,48,9,"",NA,NA,NA,NA
"200","Hepatitis C",2018,49,20,"",NA,NA,NA,NA
"201","Hepatitis C",2018,5,10,"",NA,NA,NA,NA
"202","Hepatitis C",2018,50,19,"",NA,NA,NA,NA
"203","Hepatitis C",2018,51,15,"",NA,NA,NA,NA
"204","Hepatitis C",2018,52,10,"",NA,NA,NA,NA
"205","Hepatitis C",2018,6,8,"",NA,NA,NA,NA
"206","Hepatitis C",2018,7,7,"",NA,NA,NA,NA
"207","Hepatitis C",2018,8,6,"",NA,NA,NA,NA
"208","Hepatitis C",2018,9,10,"",NA,NA,NA,NA
"209","Hepatitis C",2019,1,14,"",NA,NA,NA,NA
"210","Hepatitis C",2019,10,10,"",NA,NA,NA,NA
"211","Hepatitis C",2019,11,14,"",NA,NA,NA,NA
"212","Hepatitis C",2019,12,18,"",NA,NA,NA,NA
"213","Hepatitis C",2019,13,2,"",NA,NA,NA,NA
"214","Hepatitis C",2019,14,1,"",NA,NA,NA,NA
"215","Hepatitis C",2019,15,2,"",NA,NA,NA,NA
"216","Hepatitis C",2019,16,3,"",NA,NA,NA,NA
"217","Hepatitis C",2019,17,2,"",NA,NA,NA,NA
"218","Hepatitis C",2019,18,4,"",NA,NA,NA,NA
"219","Hepatitis C",2019,19,2,"",NA,NA,NA,NA
"220","Hepatitis C",2019,2,22,"",NA,NA,NA,NA
"221","Hepatitis C",2019,20,1,"",NA,NA,NA,NA
"222","Hepatitis C",2019,21,1,"",NA,NA,NA,NA
"223","Hepatitis C",2019,22,11,"",NA,NA,NA,NA
"224","Hepatitis C",2019,23,11,"",NA,NA,NA,NA
"225","Hepatitis C",2019,24,24,"",NA,NA,NA,NA
"226","Hepatitis C",2019,25,11,"",NA,NA,NA,NA
"227","Hepatitis C",2019,26,15,"",NA,NA,NA,NA
"228","Hepatitis C",2019,27,7,"",NA,NA,NA,NA
"229","Hepatitis C",2019,28,12,"",NA,NA,NA,NA
"230","Hepatitis C",2019,29,12,"",NA,NA,NA,NA
"231","Hepatitis C",2019,3,7,"",NA,NA,NA,NA
"232","Hepatitis C",2019,30,9,"",NA,NA,NA,NA
"233","Hepatitis C",2019,31,11,"",NA,NA,NA,NA
"234","Hepatitis C",2019,32,9,"",NA,NA,NA,NA
"235","Hepatitis C",2019,33,12,"",NA,NA,NA,NA
"236","Hepatitis C",2019,34,14,"",NA,NA,NA,NA
"237","Hepatitis C",2019,35,10,"",NA,NA,NA,NA
"238","Hepatitis C",2019,36,15,"",NA,NA,NA,NA
"239","Hepatitis C",2019,37,9,"",NA,NA,NA,NA
"240","Hepatitis C",2019,38,11,"",NA,NA,NA,NA
"241","Hepatitis C",2019,39,0,"",NA,NA,NA,NA
"242","Hepatitis C",2019,4,9,"",NA,NA,NA,NA
"243","Hepatitis C",2019,40,10,"",NA,NA,NA,NA
"244","Hepatitis C",2019,41,16,"",NA,NA,NA,NA
"245","Hepatitis C",2019,42,12,"",NA,NA,NA,NA
"246","Hepatitis C",2019,43,0,"",NA,NA,NA,NA
"247","Hepatitis C",2019,44,7,"",NA,NA,NA,NA
"248","Hepatitis C",2019,45,9,"",NA,NA,NA,NA
"249","Hepatitis C",2019,46,13,"",NA,NA,NA,NA
"250","Hepatitis C",2019,47,13,"",NA,NA,NA,NA
"251","Hepatitis C",2019,48,16,"",NA,NA,NA,NA
"252","Hepatitis C",2019,49,14,"",NA,NA,NA,NA
"253","Hepatitis C",2019,5,13,"",NA,NA,NA,NA
"254","Hepatitis C",2019,50,21,"",NA,NA,NA,NA
"255","Hepatitis C",2019,51,14,"",NA,NA,NA,NA
"256","Hepatitis C",2019,52,20,"",NA,NA,NA,NA
"257","Hepatitis C",2019,6,1,"",NA,NA,NA,NA
"258","Hepatitis C",2019,8,9,"",NA,NA,NA,NA
"259","Hepatitis C",2019,9,13,"",NA,NA,NA,NA
"260","Hepatitis C",2020,1,15,"",NA,NA,NA,NA
"261","Hepatitis C",2020,10,17,"",NA,NA,NA,NA
"262","Hepatitis C",2020,11,17,"",NA,NA,NA,NA
"263","Hepatitis C",2020,12,11,"",NA,NA,NA,NA
"264","Hepatitis C",2020,13,6,"",NA,NA,NA,NA
"265","Hepatitis C",2020,14,4,"",NA,NA,NA,NA
"266","Hepatitis C",2020,15,13,"",NA,NA,NA,NA
"267","Hepatitis C",2020,16,17,"",NA,NA,NA,NA
"268","Hepatitis C",2020,17,6,"",NA,NA,NA,NA
"269","Hepatitis C",2020,18,11,"",NA,NA,NA,NA
"270","Hepatitis C",2020,2,13,"",NA,NA,NA,NA
"271","Hepatitis C",2020,3,14,"",NA,NA,NA,NA
"272","Hepatitis C",2020,4,10,"",NA,NA,NA,NA
"273","Hepatitis C",2020,5,8,"",NA,NA,NA,NA
"274","Hepatitis C",2020,6,9,"",NA,NA,NA,NA
"275","Hepatitis C",2020,7,18,"",NA,NA,NA,NA
"276","Hepatitis C",2020,8,17,"",NA,NA,NA,NA
"277","Hepatitis C",2020,9,16,"",NA,NA,NA,NA
