"","Disease","EpiYear","EpiWeek","Incidence","ADM0","ADM1","ADM2","NA","NA"
"1","Leptospirosis",2015,1,1,"",NA,NA,NA,NA
"2","Leptospirosis",2015,10,0,"",NA,NA,NA,NA
"3","Leptospirosis",2015,11,1,"",NA,NA,NA,NA
"4","Leptospirosis",2015,12,0,"",NA,NA,NA,NA
"5","Leptospirosis",2015,13,0,"",NA,NA,NA,NA
"6","Leptospirosis",2015,14,0,"",NA,NA,NA,NA
"7","Leptospirosis",2015,15,1,"",NA,NA,NA,NA
"8","Leptospirosis",2015,16,0,"",NA,NA,NA,NA
"9","Leptospirosis",2015,17,2,"",NA,NA,NA,NA
"10","Leptospirosis",2015,18,0,"",NA,NA,NA,NA
"11","Leptospirosis",2015,19,3,"",NA,NA,NA,NA
"12","Leptospirosis",2015,2,1,"",NA,NA,NA,NA
"13","Leptospirosis",2015,20,1,"",NA,NA,NA,NA
"14","Leptospirosis",2015,21,0,"",NA,NA,NA,NA
"15","Leptospirosis",2015,22,2,"",NA,NA,NA,NA
"16","Leptospirosis",2015,23,2,"",NA,NA,NA,NA
"17","Leptospirosis",2015,24,0,"",NA,NA,NA,NA
"18","Leptospirosis",2015,25,0,"",NA,NA,NA,NA
"19","Leptospirosis",2015,26,1,"",NA,NA,NA,NA
"20","Leptospirosis",2015,27,0,"",NA,NA,NA,NA
"21","Leptospirosis",2015,28,4,"",NA,NA,NA,NA
"22","Leptospirosis",2015,29,2,"",NA,NA,NA,NA
"23","Leptospirosis",2015,3,1,"",NA,NA,NA,NA
"24","Leptospirosis",2015,30,2,"",NA,NA,NA,NA
"25","Leptospirosis",2015,31,0,"",NA,NA,NA,NA
"26","Leptospirosis",2015,32,3,"",NA,NA,NA,NA
"27","Leptospirosis",2015,33,6,"",NA,NA,NA,NA
"28","Leptospirosis",2015,34,1,"",NA,NA,NA,NA
"29","Leptospirosis",2015,35,5,"",NA,NA,NA,NA
"30","Leptospirosis",2015,36,3,"",NA,NA,NA,NA
"31","Leptospirosis",2015,37,3,"",NA,NA,NA,NA
"32","Leptospirosis",2015,38,3,"",NA,NA,NA,NA
"33","Leptospirosis",2015,39,3,"",NA,NA,NA,NA
"34","Leptospirosis",2015,4,1,"",NA,NA,NA,NA
"35","Leptospirosis",2015,40,5,"",NA,NA,NA,NA
"36","Leptospirosis",2015,41,0,"",NA,NA,NA,NA
"37","Leptospirosis",2015,42,5,"",NA,NA,NA,NA
"38","Leptospirosis",2015,43,2,"",NA,NA,NA,NA
"39","Leptospirosis",2015,44,1,"",NA,NA,NA,NA
"40","Leptospirosis",2015,45,1,"",NA,NA,NA,NA
"41","Leptospirosis",2015,46,0,"",NA,NA,NA,NA
"42","Leptospirosis",2015,47,2,"",NA,NA,NA,NA
"43","Leptospirosis",2015,48,1,"",NA,NA,NA,NA
"44","Leptospirosis",2015,49,3,"",NA,NA,NA,NA
"45","Leptospirosis",2015,5,0,"",NA,NA,NA,NA
"46","Leptospirosis",2015,50,1,"",NA,NA,NA,NA
"47","Leptospirosis",2015,51,2,"",NA,NA,NA,NA
"48","Leptospirosis",2015,52,3,"",NA,NA,NA,NA
"49","Leptospirosis",2015,6,1,"",NA,NA,NA,NA
"50","Leptospirosis",2015,7,0,"",NA,NA,NA,NA
"51","Leptospirosis",2015,8,3,"",NA,NA,NA,NA
"52","Leptospirosis",2015,9,1,"",NA,NA,NA,NA
"53","Leptospirosis",2016,1,1,"",NA,NA,NA,NA
"54","Leptospirosis",2016,10,2,"",NA,NA,NA,NA
"55","Leptospirosis",2016,11,2,"",NA,NA,NA,NA
"56","Leptospirosis",2016,12,0,"",NA,NA,NA,NA
"57","Leptospirosis",2016,13,0,"",NA,NA,NA,NA
"58","Leptospirosis",2016,14,1,"",NA,NA,NA,NA
"59","Leptospirosis",2016,15,0,"",NA,NA,NA,NA
"60","Leptospirosis",2016,16,1,"",NA,NA,NA,NA
"61","Leptospirosis",2016,17,1,"",NA,NA,NA,NA
"62","Leptospirosis",2016,18,0,"",NA,NA,NA,NA
"63","Leptospirosis",2016,19,2,"",NA,NA,NA,NA
"64","Leptospirosis",2016,2,0,"",NA,NA,NA,NA
"65","Leptospirosis",2016,20,3,"",NA,NA,NA,NA
"66","Leptospirosis",2016,21,1,"",NA,NA,NA,NA
"67","Leptospirosis",2016,22,5,"",NA,NA,NA,NA
"68","Leptospirosis",2016,23,1,"",NA,NA,NA,NA
"69","Leptospirosis",2016,24,2,"",NA,NA,NA,NA
"70","Leptospirosis",2016,25,2,"",NA,NA,NA,NA
"71","Leptospirosis",2016,26,1,"",NA,NA,NA,NA
"72","Leptospirosis",2016,27,1,"",NA,NA,NA,NA
"73","Leptospirosis",2016,28,3,"",NA,NA,NA,NA
"74","Leptospirosis",2016,29,3,"",NA,NA,NA,NA
"75","Leptospirosis",2016,3,0,"",NA,NA,NA,NA
"76","Leptospirosis",2016,30,1,"",NA,NA,NA,NA
"77","Leptospirosis",2016,31,6,"",NA,NA,NA,NA
"78","Leptospirosis",2016,32,6,"",NA,NA,NA,NA
"79","Leptospirosis",2016,33,1,"",NA,NA,NA,NA
"80","Leptospirosis",2016,34,3,"",NA,NA,NA,NA
"81","Leptospirosis",2016,35,1,"",NA,NA,NA,NA
"82","Leptospirosis",2016,36,5,"",NA,NA,NA,NA
"83","Leptospirosis",2016,37,8,"",NA,NA,NA,NA
"84","Leptospirosis",2016,38,5,"",NA,NA,NA,NA
"85","Leptospirosis",2016,39,6,"",NA,NA,NA,NA
"86","Leptospirosis",2016,4,16,"",NA,NA,NA,NA
"87","Leptospirosis",2016,40,0,"",NA,NA,NA,NA
"88","Leptospirosis",2016,41,3,"",NA,NA,NA,NA
"89","Leptospirosis",2016,42,11,"",NA,NA,NA,NA
"90","Leptospirosis",2016,43,6,"",NA,NA,NA,NA
"91","Leptospirosis",2016,44,4,"",NA,NA,NA,NA
"92","Leptospirosis",2016,45,3,"",NA,NA,NA,NA
"93","Leptospirosis",2016,46,6,"",NA,NA,NA,NA
"94","Leptospirosis",2016,47,2,"",NA,NA,NA,NA
"95","Leptospirosis",2016,48,2,"",NA,NA,NA,NA
"96","Leptospirosis",2016,49,0,"",NA,NA,NA,NA
"97","Leptospirosis",2016,5,1,"",NA,NA,NA,NA
"98","Leptospirosis",2016,50,1,"",NA,NA,NA,NA
"99","Leptospirosis",2016,51,2,"",NA,NA,NA,NA
"100","Leptospirosis",2016,52,2,"",NA,NA,NA,NA
"101","Leptospirosis",2016,6,2,"",NA,NA,NA,NA
"102","Leptospirosis",2016,7,0,"",NA,NA,NA,NA
"103","Leptospirosis",2016,8,0,"",NA,NA,NA,NA
"104","Leptospirosis",2016,9,1,"",NA,NA,NA,NA
"105","Leptospirosis",2017,1,3,"",NA,NA,NA,NA
"106","Leptospirosis",2017,10,1,"",NA,NA,NA,NA
"107","Leptospirosis",2017,11,0,"",NA,NA,NA,NA
"108","Leptospirosis",2017,12,0,"",NA,NA,NA,NA
"109","Leptospirosis",2017,13,0,"",NA,NA,NA,NA
"110","Leptospirosis",2017,14,0,"",NA,NA,NA,NA
"111","Leptospirosis",2017,15,0,"",NA,NA,NA,NA
"112","Leptospirosis",2017,16,0,"",NA,NA,NA,NA
"113","Leptospirosis",2017,17,0,"",NA,NA,NA,NA
"114","Leptospirosis",2017,18,0,"",NA,NA,NA,NA
"115","Leptospirosis",2017,19,0,"",NA,NA,NA,NA
"116","Leptospirosis",2017,2,4,"",NA,NA,NA,NA
"117","Leptospirosis",2017,20,0,"",NA,NA,NA,NA
"118","Leptospirosis",2017,21,0,"",NA,NA,NA,NA
"119","Leptospirosis",2017,22,0,"",NA,NA,NA,NA
"120","Leptospirosis",2017,23,0,"",NA,NA,NA,NA
"121","Leptospirosis",2017,24,0,"",NA,NA,NA,NA
"122","Leptospirosis",2017,25,0,"",NA,NA,NA,NA
"123","Leptospirosis",2017,26,0,"",NA,NA,NA,NA
"124","Leptospirosis",2017,27,0,"",NA,NA,NA,NA
"125","Leptospirosis",2017,28,0,"",NA,NA,NA,NA
"126","Leptospirosis",2017,29,0,"",NA,NA,NA,NA
"127","Leptospirosis",2017,3,2,"",NA,NA,NA,NA
"128","Leptospirosis",2017,30,0,"",NA,NA,NA,NA
"129","Leptospirosis",2017,31,0,"",NA,NA,NA,NA
"130","Leptospirosis",2017,32,0,"",NA,NA,NA,NA
"131","Leptospirosis",2017,33,0,"",NA,NA,NA,NA
"132","Leptospirosis",2017,34,0,"",NA,NA,NA,NA
"133","Leptospirosis",2017,35,0,"",NA,NA,NA,NA
"134","Leptospirosis",2017,36,0,"",NA,NA,NA,NA
"135","Leptospirosis",2017,37,4,"",NA,NA,NA,NA
"136","Leptospirosis",2017,38,5,"",NA,NA,NA,NA
"137","Leptospirosis",2017,39,0,"",NA,NA,NA,NA
"138","Leptospirosis",2017,4,2,"",NA,NA,NA,NA
"139","Leptospirosis",2017,40,3,"",NA,NA,NA,NA
"140","Leptospirosis",2017,41,2,"",NA,NA,NA,NA
"141","Leptospirosis",2017,42,0,"",NA,NA,NA,NA
"142","Leptospirosis",2017,43,1,"",NA,NA,NA,NA
"143","Leptospirosis",2017,44,5,"",NA,NA,NA,NA
"144","Leptospirosis",2017,45,3,"",NA,NA,NA,NA
"145","Leptospirosis",2017,46,7,"",NA,NA,NA,NA
"146","Leptospirosis",2017,47,4,"",NA,NA,NA,NA
"147","Leptospirosis",2017,48,2,"",NA,NA,NA,NA
"148","Leptospirosis",2017,49,1,"",NA,NA,NA,NA
"149","Leptospirosis",2017,5,0,"",NA,NA,NA,NA
"150","Leptospirosis",2017,50,2,"",NA,NA,NA,NA
"151","Leptospirosis",2017,51,0,"",NA,NA,NA,NA
"152","Leptospirosis",2017,52,1,"",NA,NA,NA,NA
"153","Leptospirosis",2017,6,1,"",NA,NA,NA,NA
"154","Leptospirosis",2017,7,0,"",NA,NA,NA,NA
"155","Leptospirosis",2017,8,0,"",NA,NA,NA,NA
"156","Leptospirosis",2017,9,2,"",NA,NA,NA,NA
"157","Leptospirosis",2018,1,1,"",NA,NA,NA,NA
"158","Leptospirosis",2018,10,0,"",NA,NA,NA,NA
"159","Leptospirosis",2018,11,0,"",NA,NA,NA,NA
"160","Leptospirosis",2018,12,4,"",NA,NA,NA,NA
"161","Leptospirosis",2018,13,10,"",NA,NA,NA,NA
"162","Leptospirosis",2018,14,0,"",NA,NA,NA,NA
"163","Leptospirosis",2018,15,11,"",NA,NA,NA,NA
"164","Leptospirosis",2018,16,2,"",NA,NA,NA,NA
"165","Leptospirosis",2018,17,0,"",NA,NA,NA,NA
"166","Leptospirosis",2018,18,0,"",NA,NA,NA,NA
"167","Leptospirosis",2018,19,1,"",NA,NA,NA,NA
"168","Leptospirosis",2018,2,0,"",NA,NA,NA,NA
"169","Leptospirosis",2018,20,0,"",NA,NA,NA,NA
"170","Leptospirosis",2018,21,3,"",NA,NA,NA,NA
"171","Leptospirosis",2018,22,4,"",NA,NA,NA,NA
"172","Leptospirosis",2018,23,10,"",NA,NA,NA,NA
"173","Leptospirosis",2018,24,7,"",NA,NA,NA,NA
"174","Leptospirosis",2018,25,5,"",NA,NA,NA,NA
"175","Leptospirosis",2018,26,2,"",NA,NA,NA,NA
"176","Leptospirosis",2018,27,5,"",NA,NA,NA,NA
"177","Leptospirosis",2018,28,4,"",NA,NA,NA,NA
"178","Leptospirosis",2018,29,1,"",NA,NA,NA,NA
"179","Leptospirosis",2018,3,1,"",NA,NA,NA,NA
"180","Leptospirosis",2018,30,9,"",NA,NA,NA,NA
"181","Leptospirosis",2018,31,6,"",NA,NA,NA,NA
"182","Leptospirosis",2018,32,3,"",NA,NA,NA,NA
"183","Leptospirosis",2018,33,0,"",NA,NA,NA,NA
"184","Leptospirosis",2018,34,5,"",NA,NA,NA,NA
"185","Leptospirosis",2018,35,0,"",NA,NA,NA,NA
"186","Leptospirosis",2018,36,6,"",NA,NA,NA,NA
"187","Leptospirosis",2018,37,1,"",NA,NA,NA,NA
"188","Leptospirosis",2018,38,5,"",NA,NA,NA,NA
"189","Leptospirosis",2018,39,10,"",NA,NA,NA,NA
"190","Leptospirosis",2018,4,3,"",NA,NA,NA,NA
"191","Leptospirosis",2018,40,6,"",NA,NA,NA,NA
"192","Leptospirosis",2018,41,9,"",NA,NA,NA,NA
"193","Leptospirosis",2018,42,2,"",NA,NA,NA,NA
"194","Leptospirosis",2018,43,3,"",NA,NA,NA,NA
"195","Leptospirosis",2018,44,4,"",NA,NA,NA,NA
"196","Leptospirosis",2018,45,2,"",NA,NA,NA,NA
"197","Leptospirosis",2018,46,3,"",NA,NA,NA,NA
"198","Leptospirosis",2018,47,0,"",NA,NA,NA,NA
"199","Leptospirosis",2018,48,2,"",NA,NA,NA,NA
"200","Leptospirosis",2018,49,2,"",NA,NA,NA,NA
"201","Leptospirosis",2018,5,2,"",NA,NA,NA,NA
"202","Leptospirosis",2018,50,2,"",NA,NA,NA,NA
"203","Leptospirosis",2018,51,0,"",NA,NA,NA,NA
"204","Leptospirosis",2018,52,2,"",NA,NA,NA,NA
"205","Leptospirosis",2018,6,1,"",NA,NA,NA,NA
"206","Leptospirosis",2018,7,0,"",NA,NA,NA,NA
"207","Leptospirosis",2018,8,1,"",NA,NA,NA,NA
"208","Leptospirosis",2018,9,0,"",NA,NA,NA,NA
"209","Leptospirosis",2019,1,0,"",NA,NA,NA,NA
"210","Leptospirosis",2019,10,1,"",NA,NA,NA,NA
"211","Leptospirosis",2019,11,0,"",NA,NA,NA,NA
"212","Leptospirosis",2019,12,1,"",NA,NA,NA,NA
"213","Leptospirosis",2019,13,8,"",NA,NA,NA,NA
"214","Leptospirosis",2019,14,6,"",NA,NA,NA,NA
"215","Leptospirosis",2019,15,11,"",NA,NA,NA,NA
"216","Leptospirosis",2019,16,13,"",NA,NA,NA,NA
"217","Leptospirosis",2019,17,12,"",NA,NA,NA,NA
"218","Leptospirosis",2019,18,5,"",NA,NA,NA,NA
"219","Leptospirosis",2019,19,0,"",NA,NA,NA,NA
"220","Leptospirosis",2019,2,1,"",NA,NA,NA,NA
"221","Leptospirosis",2019,20,8,"",NA,NA,NA,NA
"222","Leptospirosis",2019,21,7,"",NA,NA,NA,NA
"223","Leptospirosis",2019,22,1,"",NA,NA,NA,NA
"224","Leptospirosis",2019,23,3,"",NA,NA,NA,NA
"225","Leptospirosis",2019,24,0,"",NA,NA,NA,NA
"226","Leptospirosis",2019,25,2,"",NA,NA,NA,NA
"227","Leptospirosis",2019,26,3,"",NA,NA,NA,NA
"228","Leptospirosis",2019,27,2,"",NA,NA,NA,NA
"229","Leptospirosis",2019,28,2,"",NA,NA,NA,NA
"230","Leptospirosis",2019,29,6,"",NA,NA,NA,NA
"231","Leptospirosis",2019,3,1,"",NA,NA,NA,NA
"232","Leptospirosis",2019,30,0,"",NA,NA,NA,NA
"233","Leptospirosis",2019,31,6,"",NA,NA,NA,NA
"234","Leptospirosis",2019,32,3,"",NA,NA,NA,NA
"235","Leptospirosis",2019,33,3,"",NA,NA,NA,NA
"236","Leptospirosis",2019,34,6,"",NA,NA,NA,NA
"237","Leptospirosis",2019,35,1,"",NA,NA,NA,NA
"238","Leptospirosis",2019,36,3,"",NA,NA,NA,NA
"239","Leptospirosis",2019,37,6,"",NA,NA,NA,NA
"240","Leptospirosis",2019,38,7,"",NA,NA,NA,NA
"241","Leptospirosis",2019,39,6,"",NA,NA,NA,NA
"242","Leptospirosis",2019,4,3,"",NA,NA,NA,NA
"243","Leptospirosis",2019,40,6,"",NA,NA,NA,NA
"244","Leptospirosis",2019,41,4,"",NA,NA,NA,NA
"245","Leptospirosis",2019,42,3,"",NA,NA,NA,NA
"246","Leptospirosis",2019,43,5,"",NA,NA,NA,NA
"247","Leptospirosis",2019,44,2,"",NA,NA,NA,NA
"248","Leptospirosis",2019,45,1,"",NA,NA,NA,NA
"249","Leptospirosis",2019,46,3,"",NA,NA,NA,NA
"250","Leptospirosis",2019,47,0,"",NA,NA,NA,NA
"251","Leptospirosis",2019,48,11,"",NA,NA,NA,NA
"252","Leptospirosis",2019,49,6,"",NA,NA,NA,NA
"253","Leptospirosis",2019,5,3,"",NA,NA,NA,NA
"254","Leptospirosis",2019,50,13,"",NA,NA,NA,NA
"255","Leptospirosis",2019,51,6,"",NA,NA,NA,NA
"256","Leptospirosis",2019,52,15,"",NA,NA,NA,NA
"257","Leptospirosis",2019,6,0,"",NA,NA,NA,NA
"258","Leptospirosis",2019,8,0,"",NA,NA,NA,NA
"259","Leptospirosis",2019,9,1,"",NA,NA,NA,NA
"260","Leptospirosis",2020,1,0,"",NA,NA,NA,NA
"261","Leptospirosis",2020,10,0,"",NA,NA,NA,NA
"262","Leptospirosis",2020,11,1,"",NA,NA,NA,NA
"263","Leptospirosis",2020,12,1,"",NA,NA,NA,NA
"264","Leptospirosis",2020,13,0,"",NA,NA,NA,NA
"265","Leptospirosis",2020,14,2,"",NA,NA,NA,NA
"266","Leptospirosis",2020,15,1,"",NA,NA,NA,NA
"267","Leptospirosis",2020,16,1,"",NA,NA,NA,NA
"268","Leptospirosis",2020,17,2,"",NA,NA,NA,NA
"269","Leptospirosis",2020,18,1,"",NA,NA,NA,NA
"270","Leptospirosis",2020,2,0,"",NA,NA,NA,NA
"271","Leptospirosis",2020,3,2,"",NA,NA,NA,NA
"272","Leptospirosis",2020,4,0,"",NA,NA,NA,NA
"273","Leptospirosis",2020,5,3,"",NA,NA,NA,NA
"274","Leptospirosis",2020,6,0,"",NA,NA,NA,NA
"275","Leptospirosis",2020,7,0,"",NA,NA,NA,NA
"276","Leptospirosis",2020,8,1,"",NA,NA,NA,NA
"277","Leptospirosis",2020,9,1,"",NA,NA,NA,NA
