"","Disease","EpiYear","EpiWeek","Incidence","ADM0","ADM1","ADM2","NA","NA"
"1","Poliomyelitis",2015,1,0,"",NA,NA,NA,NA
"2","Poliomyelitis",2015,10,0,"",NA,NA,NA,NA
"3","Poliomyelitis",2015,11,0,"",NA,NA,NA,NA
"4","Poliomyelitis",2015,12,0,"",NA,NA,NA,NA
"5","Poliomyelitis",2015,13,0,"",NA,NA,NA,NA
"6","Poliomyelitis",2015,14,0,"",NA,NA,NA,NA
"7","Poliomyelitis",2015,15,0,"",NA,NA,NA,NA
"8","Poliomyelitis",2015,16,0,"",NA,NA,NA,NA
"9","Poliomyelitis",2015,17,0,"",NA,NA,NA,NA
"10","Poliomyelitis",2015,18,0,"",NA,NA,NA,NA
"11","Poliomyelitis",2015,19,0,"",NA,NA,NA,NA
"12","Poliomyelitis",2015,2,0,"",NA,NA,NA,NA
"13","Poliomyelitis",2015,20,0,"",NA,NA,NA,NA
"14","Poliomyelitis",2015,21,0,"",NA,NA,NA,NA
"15","Poliomyelitis",2015,22,0,"",NA,NA,NA,NA
"16","Poliomyelitis",2015,23,0,"",NA,NA,NA,NA
"17","Poliomyelitis",2015,24,0,"",NA,NA,NA,NA
"18","Poliomyelitis",2015,25,0,"",NA,NA,NA,NA
"19","Poliomyelitis",2015,26,0,"",NA,NA,NA,NA
"20","Poliomyelitis",2015,27,0,"",NA,NA,NA,NA
"21","Poliomyelitis",2015,28,0,"",NA,NA,NA,NA
"22","Poliomyelitis",2015,29,0,"",NA,NA,NA,NA
"23","Poliomyelitis",2015,3,0,"",NA,NA,NA,NA
"24","Poliomyelitis",2015,30,0,"",NA,NA,NA,NA
"25","Poliomyelitis",2015,31,0,"",NA,NA,NA,NA
"26","Poliomyelitis",2015,32,0,"",NA,NA,NA,NA
"27","Poliomyelitis",2015,33,0,"",NA,NA,NA,NA
"28","Poliomyelitis",2015,34,0,"",NA,NA,NA,NA
"29","Poliomyelitis",2015,35,0,"",NA,NA,NA,NA
"30","Poliomyelitis",2015,36,0,"",NA,NA,NA,NA
"31","Poliomyelitis",2015,37,0,"",NA,NA,NA,NA
"32","Poliomyelitis",2015,38,0,"",NA,NA,NA,NA
"33","Poliomyelitis",2015,39,0,"",NA,NA,NA,NA
"34","Poliomyelitis",2015,4,0,"",NA,NA,NA,NA
"35","Poliomyelitis",2015,40,0,"",NA,NA,NA,NA
"36","Poliomyelitis",2015,41,0,"",NA,NA,NA,NA
"37","Poliomyelitis",2015,42,0,"",NA,NA,NA,NA
"38","Poliomyelitis",2015,43,0,"",NA,NA,NA,NA
"39","Poliomyelitis",2015,44,0,"",NA,NA,NA,NA
"40","Poliomyelitis",2015,45,0,"",NA,NA,NA,NA
"41","Poliomyelitis",2015,46,0,"",NA,NA,NA,NA
"42","Poliomyelitis",2015,47,0,"",NA,NA,NA,NA
"43","Poliomyelitis",2015,48,0,"",NA,NA,NA,NA
"44","Poliomyelitis",2015,49,0,"",NA,NA,NA,NA
"45","Poliomyelitis",2015,5,0,"",NA,NA,NA,NA
"46","Poliomyelitis",2015,50,0,"",NA,NA,NA,NA
"47","Poliomyelitis",2015,51,0,"",NA,NA,NA,NA
"48","Poliomyelitis",2015,52,0,"",NA,NA,NA,NA
"49","Poliomyelitis",2015,6,0,"",NA,NA,NA,NA
"50","Poliomyelitis",2015,7,0,"",NA,NA,NA,NA
"51","Poliomyelitis",2015,8,0,"",NA,NA,NA,NA
"52","Poliomyelitis",2015,9,0,"",NA,NA,NA,NA
"53","Poliomyelitis",2016,1,0,"",NA,NA,NA,NA
"54","Poliomyelitis",2016,10,0,"",NA,NA,NA,NA
"55","Poliomyelitis",2016,11,0,"",NA,NA,NA,NA
"56","Poliomyelitis",2016,12,0,"",NA,NA,NA,NA
"57","Poliomyelitis",2016,13,0,"",NA,NA,NA,NA
"58","Poliomyelitis",2016,14,0,"",NA,NA,NA,NA
"59","Poliomyelitis",2016,15,0,"",NA,NA,NA,NA
"60","Poliomyelitis",2016,16,0,"",NA,NA,NA,NA
"61","Poliomyelitis",2016,17,0,"",NA,NA,NA,NA
"62","Poliomyelitis",2016,18,0,"",NA,NA,NA,NA
"63","Poliomyelitis",2016,19,0,"",NA,NA,NA,NA
"64","Poliomyelitis",2016,2,0,"",NA,NA,NA,NA
"65","Poliomyelitis",2016,20,0,"",NA,NA,NA,NA
"66","Poliomyelitis",2016,21,0,"",NA,NA,NA,NA
"67","Poliomyelitis",2016,22,0,"",NA,NA,NA,NA
"68","Poliomyelitis",2016,23,0,"",NA,NA,NA,NA
"69","Poliomyelitis",2016,24,0,"",NA,NA,NA,NA
"70","Poliomyelitis",2016,25,0,"",NA,NA,NA,NA
"71","Poliomyelitis",2016,26,0,"",NA,NA,NA,NA
"72","Poliomyelitis",2016,27,0,"",NA,NA,NA,NA
"73","Poliomyelitis",2016,28,0,"",NA,NA,NA,NA
"74","Poliomyelitis",2016,29,0,"",NA,NA,NA,NA
"75","Poliomyelitis",2016,3,0,"",NA,NA,NA,NA
"76","Poliomyelitis",2016,30,0,"",NA,NA,NA,NA
"77","Poliomyelitis",2016,31,0,"",NA,NA,NA,NA
"78","Poliomyelitis",2016,32,0,"",NA,NA,NA,NA
"79","Poliomyelitis",2016,33,0,"",NA,NA,NA,NA
"80","Poliomyelitis",2016,34,0,"",NA,NA,NA,NA
"81","Poliomyelitis",2016,35,0,"",NA,NA,NA,NA
"82","Poliomyelitis",2016,36,0,"",NA,NA,NA,NA
"83","Poliomyelitis",2016,37,0,"",NA,NA,NA,NA
"84","Poliomyelitis",2016,38,0,"",NA,NA,NA,NA
"85","Poliomyelitis",2016,39,0,"",NA,NA,NA,NA
"86","Poliomyelitis",2016,4,0,"",NA,NA,NA,NA
"87","Poliomyelitis",2016,40,0,"",NA,NA,NA,NA
"88","Poliomyelitis",2016,41,0,"",NA,NA,NA,NA
"89","Poliomyelitis",2016,42,0,"",NA,NA,NA,NA
"90","Poliomyelitis",2016,43,0,"",NA,NA,NA,NA
"91","Poliomyelitis",2016,44,0,"",NA,NA,NA,NA
"92","Poliomyelitis",2016,45,0,"",NA,NA,NA,NA
"93","Poliomyelitis",2016,46,0,"",NA,NA,NA,NA
"94","Poliomyelitis",2016,47,0,"",NA,NA,NA,NA
"95","Poliomyelitis",2016,48,0,"",NA,NA,NA,NA
"96","Poliomyelitis",2016,49,0,"",NA,NA,NA,NA
"97","Poliomyelitis",2016,5,0,"",NA,NA,NA,NA
"98","Poliomyelitis",2016,50,0,"",NA,NA,NA,NA
"99","Poliomyelitis",2016,51,0,"",NA,NA,NA,NA
"100","Poliomyelitis",2016,52,0,"",NA,NA,NA,NA
"101","Poliomyelitis",2016,6,0,"",NA,NA,NA,NA
"102","Poliomyelitis",2016,7,0,"",NA,NA,NA,NA
"103","Poliomyelitis",2016,8,0,"",NA,NA,NA,NA
"104","Poliomyelitis",2016,9,0,"",NA,NA,NA,NA
"105","Poliomyelitis",2017,1,0,"",NA,NA,NA,NA
"106","Poliomyelitis",2017,10,0,"",NA,NA,NA,NA
"107","Poliomyelitis",2017,11,0,"",NA,NA,NA,NA
"108","Poliomyelitis",2017,12,0,"",NA,NA,NA,NA
"109","Poliomyelitis",2017,13,0,"",NA,NA,NA,NA
"110","Poliomyelitis",2017,14,0,"",NA,NA,NA,NA
"111","Poliomyelitis",2017,15,0,"",NA,NA,NA,NA
"112","Poliomyelitis",2017,16,0,"",NA,NA,NA,NA
"113","Poliomyelitis",2017,17,0,"",NA,NA,NA,NA
"114","Poliomyelitis",2017,18,0,"",NA,NA,NA,NA
"115","Poliomyelitis",2017,19,0,"",NA,NA,NA,NA
"116","Poliomyelitis",2017,2,0,"",NA,NA,NA,NA
"117","Poliomyelitis",2017,20,0,"",NA,NA,NA,NA
"118","Poliomyelitis",2017,21,0,"",NA,NA,NA,NA
"119","Poliomyelitis",2017,22,0,"",NA,NA,NA,NA
"120","Poliomyelitis",2017,23,0,"",NA,NA,NA,NA
"121","Poliomyelitis",2017,24,0,"",NA,NA,NA,NA
"122","Poliomyelitis",2017,25,0,"",NA,NA,NA,NA
"123","Poliomyelitis",2017,26,0,"",NA,NA,NA,NA
"124","Poliomyelitis",2017,27,0,"",NA,NA,NA,NA
"125","Poliomyelitis",2017,28,0,"",NA,NA,NA,NA
"126","Poliomyelitis",2017,29,0,"",NA,NA,NA,NA
"127","Poliomyelitis",2017,3,0,"",NA,NA,NA,NA
"128","Poliomyelitis",2017,30,0,"",NA,NA,NA,NA
"129","Poliomyelitis",2017,31,0,"",NA,NA,NA,NA
"130","Poliomyelitis",2017,32,0,"",NA,NA,NA,NA
"131","Poliomyelitis",2017,33,0,"",NA,NA,NA,NA
"132","Poliomyelitis",2017,34,0,"",NA,NA,NA,NA
"133","Poliomyelitis",2017,35,0,"",NA,NA,NA,NA
"134","Poliomyelitis",2017,36,0,"",NA,NA,NA,NA
"135","Poliomyelitis",2017,37,0,"",NA,NA,NA,NA
"136","Poliomyelitis",2017,38,0,"",NA,NA,NA,NA
"137","Poliomyelitis",2017,39,0,"",NA,NA,NA,NA
"138","Poliomyelitis",2017,4,0,"",NA,NA,NA,NA
"139","Poliomyelitis",2017,40,0,"",NA,NA,NA,NA
"140","Poliomyelitis",2017,41,0,"",NA,NA,NA,NA
"141","Poliomyelitis",2017,42,0,"",NA,NA,NA,NA
"142","Poliomyelitis",2017,43,0,"",NA,NA,NA,NA
"143","Poliomyelitis",2017,44,0,"",NA,NA,NA,NA
"144","Poliomyelitis",2017,45,0,"",NA,NA,NA,NA
"145","Poliomyelitis",2017,46,0,"",NA,NA,NA,NA
"146","Poliomyelitis",2017,47,0,"",NA,NA,NA,NA
"147","Poliomyelitis",2017,48,0,"",NA,NA,NA,NA
"148","Poliomyelitis",2017,49,0,"",NA,NA,NA,NA
"149","Poliomyelitis",2017,5,0,"",NA,NA,NA,NA
"150","Poliomyelitis",2017,50,0,"",NA,NA,NA,NA
"151","Poliomyelitis",2017,51,0,"",NA,NA,NA,NA
"152","Poliomyelitis",2017,52,0,"",NA,NA,NA,NA
"153","Poliomyelitis",2017,6,0,"",NA,NA,NA,NA
"154","Poliomyelitis",2017,7,0,"",NA,NA,NA,NA
"155","Poliomyelitis",2017,8,0,"",NA,NA,NA,NA
"156","Poliomyelitis",2017,9,0,"",NA,NA,NA,NA
"157","Poliomyelitis",2018,1,0,"",NA,NA,NA,NA
"158","Poliomyelitis",2018,10,0,"",NA,NA,NA,NA
"159","Poliomyelitis",2018,11,0,"",NA,NA,NA,NA
"160","Poliomyelitis",2018,12,0,"",NA,NA,NA,NA
"161","Poliomyelitis",2018,13,0,"",NA,NA,NA,NA
"162","Poliomyelitis",2018,14,0,"",NA,NA,NA,NA
"163","Poliomyelitis",2018,15,0,"",NA,NA,NA,NA
"164","Poliomyelitis",2018,16,0,"",NA,NA,NA,NA
"165","Poliomyelitis",2018,17,0,"",NA,NA,NA,NA
"166","Poliomyelitis",2018,18,0,"",NA,NA,NA,NA
"167","Poliomyelitis",2018,19,0,"",NA,NA,NA,NA
"168","Poliomyelitis",2018,2,0,"",NA,NA,NA,NA
"169","Poliomyelitis",2018,20,0,"",NA,NA,NA,NA
"170","Poliomyelitis",2018,21,0,"",NA,NA,NA,NA
"171","Poliomyelitis",2018,22,0,"",NA,NA,NA,NA
"172","Poliomyelitis",2018,23,0,"",NA,NA,NA,NA
"173","Poliomyelitis",2018,24,0,"",NA,NA,NA,NA
"174","Poliomyelitis",2018,25,0,"",NA,NA,NA,NA
"175","Poliomyelitis",2018,26,0,"",NA,NA,NA,NA
"176","Poliomyelitis",2018,27,0,"",NA,NA,NA,NA
"177","Poliomyelitis",2018,28,0,"",NA,NA,NA,NA
"178","Poliomyelitis",2018,29,0,"",NA,NA,NA,NA
"179","Poliomyelitis",2018,3,0,"",NA,NA,NA,NA
"180","Poliomyelitis",2018,30,0,"",NA,NA,NA,NA
"181","Poliomyelitis",2018,31,0,"",NA,NA,NA,NA
"182","Poliomyelitis",2018,32,0,"",NA,NA,NA,NA
"183","Poliomyelitis",2018,33,0,"",NA,NA,NA,NA
"184","Poliomyelitis",2018,34,0,"",NA,NA,NA,NA
"185","Poliomyelitis",2018,35,0,"",NA,NA,NA,NA
"186","Poliomyelitis",2018,36,0,"",NA,NA,NA,NA
"187","Poliomyelitis",2018,37,0,"",NA,NA,NA,NA
"188","Poliomyelitis",2018,38,0,"",NA,NA,NA,NA
"189","Poliomyelitis",2018,39,0,"",NA,NA,NA,NA
"190","Poliomyelitis",2018,4,0,"",NA,NA,NA,NA
"191","Poliomyelitis",2018,40,0,"",NA,NA,NA,NA
"192","Poliomyelitis",2018,41,0,"",NA,NA,NA,NA
"193","Poliomyelitis",2018,42,0,"",NA,NA,NA,NA
"194","Poliomyelitis",2018,43,0,"",NA,NA,NA,NA
"195","Poliomyelitis",2018,44,0,"",NA,NA,NA,NA
"196","Poliomyelitis",2018,45,0,"",NA,NA,NA,NA
"197","Poliomyelitis",2018,46,0,"",NA,NA,NA,NA
"198","Poliomyelitis",2018,47,0,"",NA,NA,NA,NA
"199","Poliomyelitis",2018,48,0,"",NA,NA,NA,NA
"200","Poliomyelitis",2018,49,0,"",NA,NA,NA,NA
"201","Poliomyelitis",2018,5,0,"",NA,NA,NA,NA
"202","Poliomyelitis",2018,50,0,"",NA,NA,NA,NA
"203","Poliomyelitis",2018,51,0,"",NA,NA,NA,NA
"204","Poliomyelitis",2018,52,0,"",NA,NA,NA,NA
"205","Poliomyelitis",2018,6,0,"",NA,NA,NA,NA
"206","Poliomyelitis",2018,7,0,"",NA,NA,NA,NA
"207","Poliomyelitis",2018,8,0,"",NA,NA,NA,NA
"208","Poliomyelitis",2018,9,0,"",NA,NA,NA,NA
"209","Poliomyelitis",2019,1,0,"",NA,NA,NA,NA
"210","Poliomyelitis",2019,10,0,"",NA,NA,NA,NA
"211","Poliomyelitis",2019,11,0,"",NA,NA,NA,NA
"212","Poliomyelitis",2019,12,0,"",NA,NA,NA,NA
"213","Poliomyelitis",2019,13,0,"",NA,NA,NA,NA
"214","Poliomyelitis",2019,14,0,"",NA,NA,NA,NA
"215","Poliomyelitis",2019,15,0,"",NA,NA,NA,NA
"216","Poliomyelitis",2019,16,0,"",NA,NA,NA,NA
"217","Poliomyelitis",2019,17,0,"",NA,NA,NA,NA
"218","Poliomyelitis",2019,18,0,"",NA,NA,NA,NA
"219","Poliomyelitis",2019,19,0,"",NA,NA,NA,NA
"220","Poliomyelitis",2019,2,0,"",NA,NA,NA,NA
"221","Poliomyelitis",2019,20,0,"",NA,NA,NA,NA
"222","Poliomyelitis",2019,21,0,"",NA,NA,NA,NA
"223","Poliomyelitis",2019,22,0,"",NA,NA,NA,NA
"224","Poliomyelitis",2019,23,0,"",NA,NA,NA,NA
"225","Poliomyelitis",2019,24,0,"",NA,NA,NA,NA
"226","Poliomyelitis",2019,25,0,"",NA,NA,NA,NA
"227","Poliomyelitis",2019,26,0,"",NA,NA,NA,NA
"228","Poliomyelitis",2019,27,0,"",NA,NA,NA,NA
"229","Poliomyelitis",2019,28,0,"",NA,NA,NA,NA
"230","Poliomyelitis",2019,29,0,"",NA,NA,NA,NA
"231","Poliomyelitis",2019,3,0,"",NA,NA,NA,NA
"232","Poliomyelitis",2019,30,0,"",NA,NA,NA,NA
"233","Poliomyelitis",2019,31,0,"",NA,NA,NA,NA
"234","Poliomyelitis",2019,32,0,"",NA,NA,NA,NA
"235","Poliomyelitis",2019,33,0,"",NA,NA,NA,NA
"236","Poliomyelitis",2019,34,0,"",NA,NA,NA,NA
"237","Poliomyelitis",2019,35,0,"",NA,NA,NA,NA
"238","Poliomyelitis",2019,36,0,"",NA,NA,NA,NA
"239","Poliomyelitis",2019,37,0,"",NA,NA,NA,NA
"240","Poliomyelitis",2019,38,0,"",NA,NA,NA,NA
"241","Poliomyelitis",2019,39,0,"",NA,NA,NA,NA
"242","Poliomyelitis",2019,4,0,"",NA,NA,NA,NA
"243","Poliomyelitis",2019,40,0,"",NA,NA,NA,NA
"244","Poliomyelitis",2019,41,0,"",NA,NA,NA,NA
"245","Poliomyelitis",2019,42,0,"",NA,NA,NA,NA
"246","Poliomyelitis",2019,43,0,"",NA,NA,NA,NA
"247","Poliomyelitis",2019,44,0,"",NA,NA,NA,NA
"248","Poliomyelitis",2019,45,0,"",NA,NA,NA,NA
"249","Poliomyelitis",2019,46,0,"",NA,NA,NA,NA
"250","Poliomyelitis",2019,47,0,"",NA,NA,NA,NA
"251","Poliomyelitis",2019,48,0,"",NA,NA,NA,NA
"252","Poliomyelitis",2019,49,0,"",NA,NA,NA,NA
"253","Poliomyelitis",2019,5,0,"",NA,NA,NA,NA
"254","Poliomyelitis",2019,50,0,"",NA,NA,NA,NA
"255","Poliomyelitis",2019,51,0,"",NA,NA,NA,NA
"256","Poliomyelitis",2019,52,0,"",NA,NA,NA,NA
"257","Poliomyelitis",2019,6,0,"",NA,NA,NA,NA
"258","Poliomyelitis",2019,8,0,"",NA,NA,NA,NA
"259","Poliomyelitis",2019,9,0,"",NA,NA,NA,NA
"260","Poliomyelitis",2020,1,0,"",NA,NA,NA,NA
"261","Poliomyelitis",2020,10,0,"",NA,NA,NA,NA
"262","Poliomyelitis",2020,11,0,"",NA,NA,NA,NA
"263","Poliomyelitis",2020,12,0,"",NA,NA,NA,NA
"264","Poliomyelitis",2020,13,0,"",NA,NA,NA,NA
"265","Poliomyelitis",2020,14,0,"",NA,NA,NA,NA
"266","Poliomyelitis",2020,15,0,"",NA,NA,NA,NA
"267","Poliomyelitis",2020,16,0,"",NA,NA,NA,NA
"268","Poliomyelitis",2020,17,0,"",NA,NA,NA,NA
"269","Poliomyelitis",2020,18,0,"",NA,NA,NA,NA
"270","Poliomyelitis",2020,2,0,"",NA,NA,NA,NA
"271","Poliomyelitis",2020,3,0,"",NA,NA,NA,NA
"272","Poliomyelitis",2020,4,0,"",NA,NA,NA,NA
"273","Poliomyelitis",2020,5,0,"",NA,NA,NA,NA
"274","Poliomyelitis",2020,6,0,"",NA,NA,NA,NA
"275","Poliomyelitis",2020,7,0,"",NA,NA,NA,NA
"276","Poliomyelitis",2020,8,0,"",NA,NA,NA,NA
"277","Poliomyelitis",2020,9,0,"",NA,NA,NA,NA
