"","Disease","EpiYear","EpiWeek","Incidence","ADM0","ADM1","ADM2","NA","NA"
"1","Lassa Fever",2015,1,0,"",NA,NA,NA,NA
"2","Lassa Fever",2015,10,0,"",NA,NA,NA,NA
"3","Lassa Fever",2015,11,0,"",NA,NA,NA,NA
"4","Lassa Fever",2015,12,0,"",NA,NA,NA,NA
"5","Lassa Fever",2015,13,0,"",NA,NA,NA,NA
"6","Lassa Fever",2015,14,0,"",NA,NA,NA,NA
"7","Lassa Fever",2015,15,0,"",NA,NA,NA,NA
"8","Lassa Fever",2015,16,0,"",NA,NA,NA,NA
"9","Lassa Fever",2015,17,0,"",NA,NA,NA,NA
"10","Lassa Fever",2015,18,0,"",NA,NA,NA,NA
"11","Lassa Fever",2015,19,0,"",NA,NA,NA,NA
"12","Lassa Fever",2015,2,0,"",NA,NA,NA,NA
"13","Lassa Fever",2015,20,0,"",NA,NA,NA,NA
"14","Lassa Fever",2015,21,0,"",NA,NA,NA,NA
"15","Lassa Fever",2015,22,0,"",NA,NA,NA,NA
"16","Lassa Fever",2015,23,0,"",NA,NA,NA,NA
"17","Lassa Fever",2015,24,0,"",NA,NA,NA,NA
"18","Lassa Fever",2015,25,0,"",NA,NA,NA,NA
"19","Lassa Fever",2015,26,0,"",NA,NA,NA,NA
"20","Lassa Fever",2015,27,0,"",NA,NA,NA,NA
"21","Lassa Fever",2015,28,0,"",NA,NA,NA,NA
"22","Lassa Fever",2015,29,0,"",NA,NA,NA,NA
"23","Lassa Fever",2015,3,0,"",NA,NA,NA,NA
"24","Lassa Fever",2015,30,0,"",NA,NA,NA,NA
"25","Lassa Fever",2015,31,0,"",NA,NA,NA,NA
"26","Lassa Fever",2015,32,0,"",NA,NA,NA,NA
"27","Lassa Fever",2015,33,0,"",NA,NA,NA,NA
"28","Lassa Fever",2015,34,0,"",NA,NA,NA,NA
"29","Lassa Fever",2015,35,0,"",NA,NA,NA,NA
"30","Lassa Fever",2015,36,0,"",NA,NA,NA,NA
"31","Lassa Fever",2015,37,0,"",NA,NA,NA,NA
"32","Lassa Fever",2015,38,0,"",NA,NA,NA,NA
"33","Lassa Fever",2015,39,0,"",NA,NA,NA,NA
"34","Lassa Fever",2015,4,0,"",NA,NA,NA,NA
"35","Lassa Fever",2015,40,0,"",NA,NA,NA,NA
"36","Lassa Fever",2015,41,0,"",NA,NA,NA,NA
"37","Lassa Fever",2015,42,0,"",NA,NA,NA,NA
"38","Lassa Fever",2015,43,0,"",NA,NA,NA,NA
"39","Lassa Fever",2015,44,0,"",NA,NA,NA,NA
"40","Lassa Fever",2015,45,0,"",NA,NA,NA,NA
"41","Lassa Fever",2015,46,0,"",NA,NA,NA,NA
"42","Lassa Fever",2015,47,0,"",NA,NA,NA,NA
"43","Lassa Fever",2015,48,0,"",NA,NA,NA,NA
"44","Lassa Fever",2015,49,0,"",NA,NA,NA,NA
"45","Lassa Fever",2015,5,0,"",NA,NA,NA,NA
"46","Lassa Fever",2015,50,0,"",NA,NA,NA,NA
"47","Lassa Fever",2015,51,0,"",NA,NA,NA,NA
"48","Lassa Fever",2015,52,0,"",NA,NA,NA,NA
"49","Lassa Fever",2015,6,0,"",NA,NA,NA,NA
"50","Lassa Fever",2015,7,0,"",NA,NA,NA,NA
"51","Lassa Fever",2015,8,0,"",NA,NA,NA,NA
"52","Lassa Fever",2015,9,0,"",NA,NA,NA,NA
"53","Lassa Fever",2016,1,0,"",NA,NA,NA,NA
"54","Lassa Fever",2016,10,0,"",NA,NA,NA,NA
"55","Lassa Fever",2016,11,0,"",NA,NA,NA,NA
"56","Lassa Fever",2016,12,0,"",NA,NA,NA,NA
"57","Lassa Fever",2016,13,0,"",NA,NA,NA,NA
"58","Lassa Fever",2016,14,0,"",NA,NA,NA,NA
"59","Lassa Fever",2016,15,0,"",NA,NA,NA,NA
"60","Lassa Fever",2016,16,0,"",NA,NA,NA,NA
"61","Lassa Fever",2016,17,0,"",NA,NA,NA,NA
"62","Lassa Fever",2016,18,0,"",NA,NA,NA,NA
"63","Lassa Fever",2016,19,0,"",NA,NA,NA,NA
"64","Lassa Fever",2016,2,0,"",NA,NA,NA,NA
"65","Lassa Fever",2016,20,0,"",NA,NA,NA,NA
"66","Lassa Fever",2016,21,0,"",NA,NA,NA,NA
"67","Lassa Fever",2016,22,0,"",NA,NA,NA,NA
"68","Lassa Fever",2016,23,0,"",NA,NA,NA,NA
"69","Lassa Fever",2016,24,0,"",NA,NA,NA,NA
"70","Lassa Fever",2016,25,0,"",NA,NA,NA,NA
"71","Lassa Fever",2016,26,0,"",NA,NA,NA,NA
"72","Lassa Fever",2016,27,0,"",NA,NA,NA,NA
"73","Lassa Fever",2016,28,0,"",NA,NA,NA,NA
"74","Lassa Fever",2016,29,0,"",NA,NA,NA,NA
"75","Lassa Fever",2016,3,0,"",NA,NA,NA,NA
"76","Lassa Fever",2016,30,0,"",NA,NA,NA,NA
"77","Lassa Fever",2016,31,0,"",NA,NA,NA,NA
"78","Lassa Fever",2016,32,0,"",NA,NA,NA,NA
"79","Lassa Fever",2016,33,0,"",NA,NA,NA,NA
"80","Lassa Fever",2016,34,0,"",NA,NA,NA,NA
"81","Lassa Fever",2016,35,0,"",NA,NA,NA,NA
"82","Lassa Fever",2016,36,0,"",NA,NA,NA,NA
"83","Lassa Fever",2016,37,0,"",NA,NA,NA,NA
"84","Lassa Fever",2016,38,0,"",NA,NA,NA,NA
"85","Lassa Fever",2016,39,0,"",NA,NA,NA,NA
"86","Lassa Fever",2016,4,0,"",NA,NA,NA,NA
"87","Lassa Fever",2016,40,0,"",NA,NA,NA,NA
"88","Lassa Fever",2016,41,0,"",NA,NA,NA,NA
"89","Lassa Fever",2016,42,0,"",NA,NA,NA,NA
"90","Lassa Fever",2016,43,0,"",NA,NA,NA,NA
"91","Lassa Fever",2016,44,0,"",NA,NA,NA,NA
"92","Lassa Fever",2016,45,0,"",NA,NA,NA,NA
"93","Lassa Fever",2016,46,0,"",NA,NA,NA,NA
"94","Lassa Fever",2016,47,0,"",NA,NA,NA,NA
"95","Lassa Fever",2016,48,0,"",NA,NA,NA,NA
"96","Lassa Fever",2016,49,0,"",NA,NA,NA,NA
"97","Lassa Fever",2016,5,0,"",NA,NA,NA,NA
"98","Lassa Fever",2016,50,0,"",NA,NA,NA,NA
"99","Lassa Fever",2016,51,0,"",NA,NA,NA,NA
"100","Lassa Fever",2016,52,0,"",NA,NA,NA,NA
"101","Lassa Fever",2016,6,0,"",NA,NA,NA,NA
"102","Lassa Fever",2016,7,0,"",NA,NA,NA,NA
"103","Lassa Fever",2016,8,0,"",NA,NA,NA,NA
"104","Lassa Fever",2016,9,0,"",NA,NA,NA,NA
"105","Lassa Fever",2017,1,0,"",NA,NA,NA,NA
"106","Lassa Fever",2017,10,0,"",NA,NA,NA,NA
"107","Lassa Fever",2017,11,0,"",NA,NA,NA,NA
"108","Lassa Fever",2017,12,0,"",NA,NA,NA,NA
"109","Lassa Fever",2017,13,0,"",NA,NA,NA,NA
"110","Lassa Fever",2017,14,0,"",NA,NA,NA,NA
"111","Lassa Fever",2017,15,0,"",NA,NA,NA,NA
"112","Lassa Fever",2017,16,0,"",NA,NA,NA,NA
"113","Lassa Fever",2017,17,0,"",NA,NA,NA,NA
"114","Lassa Fever",2017,18,0,"",NA,NA,NA,NA
"115","Lassa Fever",2017,19,0,"",NA,NA,NA,NA
"116","Lassa Fever",2017,2,0,"",NA,NA,NA,NA
"117","Lassa Fever",2017,20,0,"",NA,NA,NA,NA
"118","Lassa Fever",2017,21,0,"",NA,NA,NA,NA
"119","Lassa Fever",2017,22,0,"",NA,NA,NA,NA
"120","Lassa Fever",2017,23,0,"",NA,NA,NA,NA
"121","Lassa Fever",2017,24,0,"",NA,NA,NA,NA
"122","Lassa Fever",2017,25,0,"",NA,NA,NA,NA
"123","Lassa Fever",2017,26,0,"",NA,NA,NA,NA
"124","Lassa Fever",2017,27,0,"",NA,NA,NA,NA
"125","Lassa Fever",2017,28,0,"",NA,NA,NA,NA
"126","Lassa Fever",2017,29,0,"",NA,NA,NA,NA
"127","Lassa Fever",2017,3,0,"",NA,NA,NA,NA
"128","Lassa Fever",2017,30,0,"",NA,NA,NA,NA
"129","Lassa Fever",2017,31,0,"",NA,NA,NA,NA
"130","Lassa Fever",2017,32,0,"",NA,NA,NA,NA
"131","Lassa Fever",2017,33,0,"",NA,NA,NA,NA
"132","Lassa Fever",2017,34,0,"",NA,NA,NA,NA
"133","Lassa Fever",2017,35,0,"",NA,NA,NA,NA
"134","Lassa Fever",2017,36,0,"",NA,NA,NA,NA
"135","Lassa Fever",2017,37,0,"",NA,NA,NA,NA
"136","Lassa Fever",2017,38,0,"",NA,NA,NA,NA
"137","Lassa Fever",2017,39,0,"",NA,NA,NA,NA
"138","Lassa Fever",2017,4,0,"",NA,NA,NA,NA
"139","Lassa Fever",2017,40,0,"",NA,NA,NA,NA
"140","Lassa Fever",2017,41,0,"",NA,NA,NA,NA
"141","Lassa Fever",2017,42,0,"",NA,NA,NA,NA
"142","Lassa Fever",2017,43,0,"",NA,NA,NA,NA
"143","Lassa Fever",2017,44,0,"",NA,NA,NA,NA
"144","Lassa Fever",2017,45,0,"",NA,NA,NA,NA
"145","Lassa Fever",2017,46,0,"",NA,NA,NA,NA
"146","Lassa Fever",2017,47,0,"",NA,NA,NA,NA
"147","Lassa Fever",2017,48,0,"",NA,NA,NA,NA
"148","Lassa Fever",2017,49,0,"",NA,NA,NA,NA
"149","Lassa Fever",2017,5,0,"",NA,NA,NA,NA
"150","Lassa Fever",2017,50,0,"",NA,NA,NA,NA
"151","Lassa Fever",2017,51,0,"",NA,NA,NA,NA
"152","Lassa Fever",2017,52,0,"",NA,NA,NA,NA
"153","Lassa Fever",2017,6,0,"",NA,NA,NA,NA
"154","Lassa Fever",2017,7,0,"",NA,NA,NA,NA
"155","Lassa Fever",2017,8,0,"",NA,NA,NA,NA
"156","Lassa Fever",2017,9,0,"",NA,NA,NA,NA
"157","Lassa Fever",2018,1,0,"",NA,NA,NA,NA
"158","Lassa Fever",2018,10,0,"",NA,NA,NA,NA
"159","Lassa Fever",2018,11,0,"",NA,NA,NA,NA
"160","Lassa Fever",2018,12,0,"",NA,NA,NA,NA
"161","Lassa Fever",2018,13,0,"",NA,NA,NA,NA
"162","Lassa Fever",2018,14,0,"",NA,NA,NA,NA
"163","Lassa Fever",2018,15,0,"",NA,NA,NA,NA
"164","Lassa Fever",2018,16,0,"",NA,NA,NA,NA
"165","Lassa Fever",2018,17,0,"",NA,NA,NA,NA
"166","Lassa Fever",2018,18,0,"",NA,NA,NA,NA
"167","Lassa Fever",2018,19,0,"",NA,NA,NA,NA
"168","Lassa Fever",2018,2,0,"",NA,NA,NA,NA
"169","Lassa Fever",2018,20,0,"",NA,NA,NA,NA
"170","Lassa Fever",2018,21,0,"",NA,NA,NA,NA
"171","Lassa Fever",2018,22,0,"",NA,NA,NA,NA
"172","Lassa Fever",2018,23,0,"",NA,NA,NA,NA
"173","Lassa Fever",2018,24,0,"",NA,NA,NA,NA
"174","Lassa Fever",2018,25,0,"",NA,NA,NA,NA
"175","Lassa Fever",2018,26,0,"",NA,NA,NA,NA
"176","Lassa Fever",2018,27,0,"",NA,NA,NA,NA
"177","Lassa Fever",2018,28,0,"",NA,NA,NA,NA
"178","Lassa Fever",2018,29,0,"",NA,NA,NA,NA
"179","Lassa Fever",2018,3,0,"",NA,NA,NA,NA
"180","Lassa Fever",2018,30,0,"",NA,NA,NA,NA
"181","Lassa Fever",2018,31,0,"",NA,NA,NA,NA
"182","Lassa Fever",2018,32,0,"",NA,NA,NA,NA
"183","Lassa Fever",2018,33,0,"",NA,NA,NA,NA
"184","Lassa Fever",2018,34,0,"",NA,NA,NA,NA
"185","Lassa Fever",2018,35,0,"",NA,NA,NA,NA
"186","Lassa Fever",2018,36,0,"",NA,NA,NA,NA
"187","Lassa Fever",2018,37,0,"",NA,NA,NA,NA
"188","Lassa Fever",2018,38,0,"",NA,NA,NA,NA
"189","Lassa Fever",2018,39,0,"",NA,NA,NA,NA
"190","Lassa Fever",2018,4,0,"",NA,NA,NA,NA
"191","Lassa Fever",2018,40,0,"",NA,NA,NA,NA
"192","Lassa Fever",2018,41,0,"",NA,NA,NA,NA
"193","Lassa Fever",2018,42,0,"",NA,NA,NA,NA
"194","Lassa Fever",2018,43,0,"",NA,NA,NA,NA
"195","Lassa Fever",2018,44,0,"",NA,NA,NA,NA
"196","Lassa Fever",2018,45,0,"",NA,NA,NA,NA
"197","Lassa Fever",2018,46,0,"",NA,NA,NA,NA
"198","Lassa Fever",2018,47,0,"",NA,NA,NA,NA
"199","Lassa Fever",2018,48,0,"",NA,NA,NA,NA
"200","Lassa Fever",2018,49,0,"",NA,NA,NA,NA
"201","Lassa Fever",2018,5,0,"",NA,NA,NA,NA
"202","Lassa Fever",2018,50,0,"",NA,NA,NA,NA
"203","Lassa Fever",2018,51,0,"",NA,NA,NA,NA
"204","Lassa Fever",2018,52,0,"",NA,NA,NA,NA
"205","Lassa Fever",2018,6,0,"",NA,NA,NA,NA
"206","Lassa Fever",2018,7,0,"",NA,NA,NA,NA
"207","Lassa Fever",2018,8,0,"",NA,NA,NA,NA
"208","Lassa Fever",2018,9,0,"",NA,NA,NA,NA
"209","Lassa Fever",2019,1,0,"",NA,NA,NA,NA
"210","Lassa Fever",2019,10,0,"",NA,NA,NA,NA
"211","Lassa Fever",2019,11,0,"",NA,NA,NA,NA
"212","Lassa Fever",2019,12,0,"",NA,NA,NA,NA
"213","Lassa Fever",2019,13,0,"",NA,NA,NA,NA
"214","Lassa Fever",2019,14,0,"",NA,NA,NA,NA
"215","Lassa Fever",2019,15,0,"",NA,NA,NA,NA
"216","Lassa Fever",2019,16,0,"",NA,NA,NA,NA
"217","Lassa Fever",2019,17,0,"",NA,NA,NA,NA
"218","Lassa Fever",2019,18,0,"",NA,NA,NA,NA
"219","Lassa Fever",2019,19,0,"",NA,NA,NA,NA
"220","Lassa Fever",2019,2,0,"",NA,NA,NA,NA
"221","Lassa Fever",2019,20,0,"",NA,NA,NA,NA
"222","Lassa Fever",2019,21,0,"",NA,NA,NA,NA
"223","Lassa Fever",2019,22,0,"",NA,NA,NA,NA
"224","Lassa Fever",2019,23,0,"",NA,NA,NA,NA
"225","Lassa Fever",2019,24,0,"",NA,NA,NA,NA
"226","Lassa Fever",2019,25,0,"",NA,NA,NA,NA
"227","Lassa Fever",2019,26,0,"",NA,NA,NA,NA
"228","Lassa Fever",2019,27,0,"",NA,NA,NA,NA
"229","Lassa Fever",2019,28,0,"",NA,NA,NA,NA
"230","Lassa Fever",2019,29,0,"",NA,NA,NA,NA
"231","Lassa Fever",2019,3,0,"",NA,NA,NA,NA
"232","Lassa Fever",2019,30,0,"",NA,NA,NA,NA
"233","Lassa Fever",2019,31,0,"",NA,NA,NA,NA
"234","Lassa Fever",2019,32,0,"",NA,NA,NA,NA
"235","Lassa Fever",2019,33,0,"",NA,NA,NA,NA
"236","Lassa Fever",2019,34,0,"",NA,NA,NA,NA
"237","Lassa Fever",2019,35,0,"",NA,NA,NA,NA
"238","Lassa Fever",2019,36,0,"",NA,NA,NA,NA
"239","Lassa Fever",2019,37,0,"",NA,NA,NA,NA
"240","Lassa Fever",2019,38,0,"",NA,NA,NA,NA
"241","Lassa Fever",2019,39,0,"",NA,NA,NA,NA
"242","Lassa Fever",2019,4,0,"",NA,NA,NA,NA
"243","Lassa Fever",2019,40,0,"",NA,NA,NA,NA
"244","Lassa Fever",2019,41,0,"",NA,NA,NA,NA
"245","Lassa Fever",2019,42,0,"",NA,NA,NA,NA
"246","Lassa Fever",2019,43,0,"",NA,NA,NA,NA
"247","Lassa Fever",2019,44,0,"",NA,NA,NA,NA
"248","Lassa Fever",2019,45,0,"",NA,NA,NA,NA
"249","Lassa Fever",2019,46,0,"",NA,NA,NA,NA
"250","Lassa Fever",2019,47,0,"",NA,NA,NA,NA
"251","Lassa Fever",2019,48,0,"",NA,NA,NA,NA
"252","Lassa Fever",2019,49,0,"",NA,NA,NA,NA
"253","Lassa Fever",2019,5,0,"",NA,NA,NA,NA
"254","Lassa Fever",2019,50,0,"",NA,NA,NA,NA
"255","Lassa Fever",2019,51,0,"",NA,NA,NA,NA
"256","Lassa Fever",2019,52,0,"",NA,NA,NA,NA
"257","Lassa Fever",2019,6,0,"",NA,NA,NA,NA
"258","Lassa Fever",2019,8,0,"",NA,NA,NA,NA
"259","Lassa Fever",2019,9,0,"",NA,NA,NA,NA
"260","Lassa Fever",2020,1,0,"",NA,NA,NA,NA
"261","Lassa Fever",2020,10,0,"",NA,NA,NA,NA
"262","Lassa Fever",2020,11,0,"",NA,NA,NA,NA
"263","Lassa Fever",2020,12,0,"",NA,NA,NA,NA
"264","Lassa Fever",2020,13,0,"",NA,NA,NA,NA
"265","Lassa Fever",2020,14,0,"",NA,NA,NA,NA
"266","Lassa Fever",2020,15,0,"",NA,NA,NA,NA
"267","Lassa Fever",2020,16,0,"",NA,NA,NA,NA
"268","Lassa Fever",2020,17,0,"",NA,NA,NA,NA
"269","Lassa Fever",2020,18,0,"",NA,NA,NA,NA
"270","Lassa Fever",2020,2,0,"",NA,NA,NA,NA
"271","Lassa Fever",2020,3,0,"",NA,NA,NA,NA
"272","Lassa Fever",2020,4,0,"",NA,NA,NA,NA
"273","Lassa Fever",2020,5,0,"",NA,NA,NA,NA
"274","Lassa Fever",2020,6,0,"",NA,NA,NA,NA
"275","Lassa Fever",2020,7,0,"",NA,NA,NA,NA
"276","Lassa Fever",2020,8,0,"",NA,NA,NA,NA
"277","Lassa Fever",2020,9,0,"",NA,NA,NA,NA
