"","Disease","EpiYear","EpiWeek","Incidence","ADM0","ADM1","ADM2","NA","NA"
"1","Malaria",2015,1,2,"",NA,NA,NA,NA
"2","Malaria",2015,10,0,"",NA,NA,NA,NA
"3","Malaria",2015,11,1,"",NA,NA,NA,NA
"4","Malaria",2015,12,0,"",NA,NA,NA,NA
"5","Malaria",2015,13,0,"",NA,NA,NA,NA
"6","Malaria",2015,14,0,"",NA,NA,NA,NA
"7","Malaria",2015,15,0,"",NA,NA,NA,NA
"8","Malaria",2015,16,0,"",NA,NA,NA,NA
"9","Malaria",2015,17,0,"",NA,NA,NA,NA
"10","Malaria",2015,18,1,"",NA,NA,NA,NA
"11","Malaria",2015,19,0,"",NA,NA,NA,NA
"12","Malaria",2015,2,2,"",NA,NA,NA,NA
"13","Malaria",2015,20,0,"",NA,NA,NA,NA
"14","Malaria",2015,21,0,"",NA,NA,NA,NA
"15","Malaria",2015,22,0,"",NA,NA,NA,NA
"16","Malaria",2015,23,0,"",NA,NA,NA,NA
"17","Malaria",2015,24,0,"",NA,NA,NA,NA
"18","Malaria",2015,25,0,"",NA,NA,NA,NA
"19","Malaria",2015,26,0,"",NA,NA,NA,NA
"20","Malaria",2015,27,2,"",NA,NA,NA,NA
"21","Malaria",2015,28,0,"",NA,NA,NA,NA
"22","Malaria",2015,29,1,"",NA,NA,NA,NA
"23","Malaria",2015,3,1,"",NA,NA,NA,NA
"24","Malaria",2015,30,0,"",NA,NA,NA,NA
"25","Malaria",2015,31,0,"",NA,NA,NA,NA
"26","Malaria",2015,32,0,"",NA,NA,NA,NA
"27","Malaria",2015,33,0,"",NA,NA,NA,NA
"28","Malaria",2015,34,0,"",NA,NA,NA,NA
"29","Malaria",2015,35,0,"",NA,NA,NA,NA
"30","Malaria",2015,36,0,"",NA,NA,NA,NA
"31","Malaria",2015,37,0,"",NA,NA,NA,NA
"32","Malaria",2015,38,0,"",NA,NA,NA,NA
"33","Malaria",2015,39,1,"",NA,NA,NA,NA
"34","Malaria",2015,4,0,"",NA,NA,NA,NA
"35","Malaria",2015,40,0,"",NA,NA,NA,NA
"36","Malaria",2015,41,0,"",NA,NA,NA,NA
"37","Malaria",2015,42,0,"",NA,NA,NA,NA
"38","Malaria",2015,43,0,"",NA,NA,NA,NA
"39","Malaria",2015,44,1,"",NA,NA,NA,NA
"40","Malaria",2015,45,0,"",NA,NA,NA,NA
"41","Malaria",2015,46,0,"",NA,NA,NA,NA
"42","Malaria",2015,47,0,"",NA,NA,NA,NA
"43","Malaria",2015,48,0,"",NA,NA,NA,NA
"44","Malaria",2015,49,0,"",NA,NA,NA,NA
"45","Malaria",2015,5,0,"",NA,NA,NA,NA
"46","Malaria",2015,50,0,"",NA,NA,NA,NA
"47","Malaria",2015,51,0,"",NA,NA,NA,NA
"48","Malaria",2015,52,0,"",NA,NA,NA,NA
"49","Malaria",2015,6,0,"",NA,NA,NA,NA
"50","Malaria",2015,7,0,"",NA,NA,NA,NA
"51","Malaria",2015,8,0,"",NA,NA,NA,NA
"52","Malaria",2015,9,0,"",NA,NA,NA,NA
"53","Malaria",2016,1,0,"",NA,NA,NA,NA
"54","Malaria",2016,10,0,"",NA,NA,NA,NA
"55","Malaria",2016,11,0,"",NA,NA,NA,NA
"56","Malaria",2016,12,0,"",NA,NA,NA,NA
"57","Malaria",2016,13,0,"",NA,NA,NA,NA
"58","Malaria",2016,14,1,"",NA,NA,NA,NA
"59","Malaria",2016,15,0,"",NA,NA,NA,NA
"60","Malaria",2016,16,0,"",NA,NA,NA,NA
"61","Malaria",2016,17,0,"",NA,NA,NA,NA
"62","Malaria",2016,18,1,"",NA,NA,NA,NA
"63","Malaria",2016,19,0,"",NA,NA,NA,NA
"64","Malaria",2016,2,2,"",NA,NA,NA,NA
"65","Malaria",2016,20,0,"",NA,NA,NA,NA
"66","Malaria",2016,21,0,"",NA,NA,NA,NA
"67","Malaria",2016,22,0,"",NA,NA,NA,NA
"68","Malaria",2016,23,0,"",NA,NA,NA,NA
"69","Malaria",2016,24,0,"",NA,NA,NA,NA
"70","Malaria",2016,25,1,"",NA,NA,NA,NA
"71","Malaria",2016,26,0,"",NA,NA,NA,NA
"72","Malaria",2016,27,0,"",NA,NA,NA,NA
"73","Malaria",2016,28,0,"",NA,NA,NA,NA
"74","Malaria",2016,29,0,"",NA,NA,NA,NA
"75","Malaria",2016,3,0,"",NA,NA,NA,NA
"76","Malaria",2016,30,0,"",NA,NA,NA,NA
"77","Malaria",2016,31,0,"",NA,NA,NA,NA
"78","Malaria",2016,32,0,"",NA,NA,NA,NA
"79","Malaria",2016,33,0,"",NA,NA,NA,NA
"80","Malaria",2016,34,0,"",NA,NA,NA,NA
"81","Malaria",2016,35,1,"",NA,NA,NA,NA
"82","Malaria",2016,36,0,"",NA,NA,NA,NA
"83","Malaria",2016,37,0,"",NA,NA,NA,NA
"84","Malaria",2016,38,4,"",NA,NA,NA,NA
"85","Malaria",2016,39,0,"",NA,NA,NA,NA
"86","Malaria",2016,4,0,"",NA,NA,NA,NA
"87","Malaria",2016,40,0,"",NA,NA,NA,NA
"88","Malaria",2016,41,1,"",NA,NA,NA,NA
"89","Malaria",2016,42,2,"",NA,NA,NA,NA
"90","Malaria",2016,43,0,"",NA,NA,NA,NA
"91","Malaria",2016,44,0,"",NA,NA,NA,NA
"92","Malaria",2016,45,1,"",NA,NA,NA,NA
"93","Malaria",2016,46,0,"",NA,NA,NA,NA
"94","Malaria",2016,47,0,"",NA,NA,NA,NA
"95","Malaria",2016,48,0,"",NA,NA,NA,NA
"96","Malaria",2016,49,0,"",NA,NA,NA,NA
"97","Malaria",2016,5,1,"",NA,NA,NA,NA
"98","Malaria",2016,50,0,"",NA,NA,NA,NA
"99","Malaria",2016,51,0,"",NA,NA,NA,NA
"100","Malaria",2016,52,0,"",NA,NA,NA,NA
"101","Malaria",2016,6,0,"",NA,NA,NA,NA
"102","Malaria",2016,7,0,"",NA,NA,NA,NA
"103","Malaria",2016,8,0,"",NA,NA,NA,NA
"104","Malaria",2016,9,0,"",NA,NA,NA,NA
"105","Malaria",2017,1,0,"",NA,NA,NA,NA
"106","Malaria",2017,10,0,"",NA,NA,NA,NA
"107","Malaria",2017,11,0,"",NA,NA,NA,NA
"108","Malaria",2017,12,0,"",NA,NA,NA,NA
"109","Malaria",2017,13,0,"",NA,NA,NA,NA
"110","Malaria",2017,14,0,"",NA,NA,NA,NA
"111","Malaria",2017,15,0,"",NA,NA,NA,NA
"112","Malaria",2017,16,0,"",NA,NA,NA,NA
"113","Malaria",2017,17,0,"",NA,NA,NA,NA
"114","Malaria",2017,18,1,"",NA,NA,NA,NA
"115","Malaria",2017,19,0,"",NA,NA,NA,NA
"116","Malaria",2017,2,0,"",NA,NA,NA,NA
"117","Malaria",2017,20,0,"",NA,NA,NA,NA
"118","Malaria",2017,21,0,"",NA,NA,NA,NA
"119","Malaria",2017,22,0,"",NA,NA,NA,NA
"120","Malaria",2017,23,1,"",NA,NA,NA,NA
"121","Malaria",2017,24,0,"",NA,NA,NA,NA
"122","Malaria",2017,25,0,"",NA,NA,NA,NA
"123","Malaria",2017,26,0,"",NA,NA,NA,NA
"124","Malaria",2017,27,1,"",NA,NA,NA,NA
"125","Malaria",2017,28,0,"",NA,NA,NA,NA
"126","Malaria",2017,29,0,"",NA,NA,NA,NA
"127","Malaria",2017,3,0,"",NA,NA,NA,NA
"128","Malaria",2017,30,0,"",NA,NA,NA,NA
"129","Malaria",2017,31,1,"",NA,NA,NA,NA
"130","Malaria",2017,32,0,"",NA,NA,NA,NA
"131","Malaria",2017,33,0,"",NA,NA,NA,NA
"132","Malaria",2017,34,0,"",NA,NA,NA,NA
"133","Malaria",2017,35,0,"",NA,NA,NA,NA
"134","Malaria",2017,36,0,"",NA,NA,NA,NA
"135","Malaria",2017,37,0,"",NA,NA,NA,NA
"136","Malaria",2017,38,2,"",NA,NA,NA,NA
"137","Malaria",2017,39,1,"",NA,NA,NA,NA
"138","Malaria",2017,4,0,"",NA,NA,NA,NA
"139","Malaria",2017,40,0,"",NA,NA,NA,NA
"140","Malaria",2017,41,0,"",NA,NA,NA,NA
"141","Malaria",2017,42,0,"",NA,NA,NA,NA
"142","Malaria",2017,43,0,"",NA,NA,NA,NA
"143","Malaria",2017,44,0,"",NA,NA,NA,NA
"144","Malaria",2017,45,0,"",NA,NA,NA,NA
"145","Malaria",2017,46,0,"",NA,NA,NA,NA
"146","Malaria",2017,47,0,"",NA,NA,NA,NA
"147","Malaria",2017,48,0,"",NA,NA,NA,NA
"148","Malaria",2017,49,0,"",NA,NA,NA,NA
"149","Malaria",2017,5,0,"",NA,NA,NA,NA
"150","Malaria",2017,50,0,"",NA,NA,NA,NA
"151","Malaria",2017,51,0,"",NA,NA,NA,NA
"152","Malaria",2017,52,0,"",NA,NA,NA,NA
"153","Malaria",2017,6,0,"",NA,NA,NA,NA
"154","Malaria",2017,7,0,"",NA,NA,NA,NA
"155","Malaria",2017,8,0,"",NA,NA,NA,NA
"156","Malaria",2017,9,0,"",NA,NA,NA,NA
"157","Malaria",2018,1,0,"",NA,NA,NA,NA
"158","Malaria",2018,10,0,"",NA,NA,NA,NA
"159","Malaria",2018,11,0,"",NA,NA,NA,NA
"160","Malaria",2018,12,0,"",NA,NA,NA,NA
"161","Malaria",2018,13,0,"",NA,NA,NA,NA
"162","Malaria",2018,14,0,"",NA,NA,NA,NA
"163","Malaria",2018,15,0,"",NA,NA,NA,NA
"164","Malaria",2018,16,0,"",NA,NA,NA,NA
"165","Malaria",2018,17,0,"",NA,NA,NA,NA
"166","Malaria",2018,18,0,"",NA,NA,NA,NA
"167","Malaria",2018,19,0,"",NA,NA,NA,NA
"168","Malaria",2018,2,0,"",NA,NA,NA,NA
"169","Malaria",2018,20,0,"",NA,NA,NA,NA
"170","Malaria",2018,21,0,"",NA,NA,NA,NA
"171","Malaria",2018,22,0,"",NA,NA,NA,NA
"172","Malaria",2018,23,0,"",NA,NA,NA,NA
"173","Malaria",2018,24,0,"",NA,NA,NA,NA
"174","Malaria",2018,25,0,"",NA,NA,NA,NA
"175","Malaria",2018,26,0,"",NA,NA,NA,NA
"176","Malaria",2018,27,1,"",NA,NA,NA,NA
"177","Malaria",2018,28,0,"",NA,NA,NA,NA
"178","Malaria",2018,29,0,"",NA,NA,NA,NA
"179","Malaria",2018,3,0,"",NA,NA,NA,NA
"180","Malaria",2018,30,0,"",NA,NA,NA,NA
"181","Malaria",2018,31,0,"",NA,NA,NA,NA
"182","Malaria",2018,32,0,"",NA,NA,NA,NA
"183","Malaria",2018,33,1,"",NA,NA,NA,NA
"184","Malaria",2018,34,0,"",NA,NA,NA,NA
"185","Malaria",2018,35,0,"",NA,NA,NA,NA
"186","Malaria",2018,36,1,"",NA,NA,NA,NA
"187","Malaria",2018,37,0,"",NA,NA,NA,NA
"188","Malaria",2018,38,0,"",NA,NA,NA,NA
"189","Malaria",2018,39,0,"",NA,NA,NA,NA
"190","Malaria",2018,4,0,"",NA,NA,NA,NA
"191","Malaria",2018,40,1,"",NA,NA,NA,NA
"192","Malaria",2018,41,1,"",NA,NA,NA,NA
"193","Malaria",2018,42,0,"",NA,NA,NA,NA
"194","Malaria",2018,43,0,"",NA,NA,NA,NA
"195","Malaria",2018,44,1,"",NA,NA,NA,NA
"196","Malaria",2018,45,0,"",NA,NA,NA,NA
"197","Malaria",2018,46,0,"",NA,NA,NA,NA
"198","Malaria",2018,47,0,"",NA,NA,NA,NA
"199","Malaria",2018,48,0,"",NA,NA,NA,NA
"200","Malaria",2018,49,0,"",NA,NA,NA,NA
"201","Malaria",2018,5,0,"",NA,NA,NA,NA
"202","Malaria",2018,50,0,"",NA,NA,NA,NA
"203","Malaria",2018,51,0,"",NA,NA,NA,NA
"204","Malaria",2018,52,1,"",NA,NA,NA,NA
"205","Malaria",2018,6,0,"",NA,NA,NA,NA
"206","Malaria",2018,7,0,"",NA,NA,NA,NA
"207","Malaria",2018,8,0,"",NA,NA,NA,NA
"208","Malaria",2018,9,0,"",NA,NA,NA,NA
"209","Malaria",2019,1,0,"",NA,NA,NA,NA
"210","Malaria",2019,10,0,"",NA,NA,NA,NA
"211","Malaria",2019,11,0,"",NA,NA,NA,NA
"212","Malaria",2019,12,0,"",NA,NA,NA,NA
"213","Malaria",2019,13,0,"",NA,NA,NA,NA
"214","Malaria",2019,14,0,"",NA,NA,NA,NA
"215","Malaria",2019,15,0,"",NA,NA,NA,NA
"216","Malaria",2019,16,0,"",NA,NA,NA,NA
"217","Malaria",2019,17,0,"",NA,NA,NA,NA
"218","Malaria",2019,18,0,"",NA,NA,NA,NA
"219","Malaria",2019,19,0,"",NA,NA,NA,NA
"220","Malaria",2019,2,0,"",NA,NA,NA,NA
"221","Malaria",2019,20,0,"",NA,NA,NA,NA
"222","Malaria",2019,21,0,"",NA,NA,NA,NA
"223","Malaria",2019,22,0,"",NA,NA,NA,NA
"224","Malaria",2019,23,0,"",NA,NA,NA,NA
"225","Malaria",2019,24,0,"",NA,NA,NA,NA
"226","Malaria",2019,25,0,"",NA,NA,NA,NA
"227","Malaria",2019,26,0,"",NA,NA,NA,NA
"228","Malaria",2019,27,0,"",NA,NA,NA,NA
"229","Malaria",2019,28,0,"",NA,NA,NA,NA
"230","Malaria",2019,29,1,"",NA,NA,NA,NA
"231","Malaria",2019,3,0,"",NA,NA,NA,NA
"232","Malaria",2019,30,0,"",NA,NA,NA,NA
"233","Malaria",2019,31,0,"",NA,NA,NA,NA
"234","Malaria",2019,32,0,"",NA,NA,NA,NA
"235","Malaria",2019,33,1,"",NA,NA,NA,NA
"236","Malaria",2019,34,0,"",NA,NA,NA,NA
"237","Malaria",2019,35,0,"",NA,NA,NA,NA
"238","Malaria",2019,36,0,"",NA,NA,NA,NA
"239","Malaria",2019,37,0,"",NA,NA,NA,NA
"240","Malaria",2019,38,1,"",NA,NA,NA,NA
"241","Malaria",2019,39,0,"",NA,NA,NA,NA
"242","Malaria",2019,4,0,"",NA,NA,NA,NA
"243","Malaria",2019,40,1,"",NA,NA,NA,NA
"244","Malaria",2019,41,0,"",NA,NA,NA,NA
"245","Malaria",2019,42,1,"",NA,NA,NA,NA
"246","Malaria",2019,43,0,"",NA,NA,NA,NA
"247","Malaria",2019,44,0,"",NA,NA,NA,NA
"248","Malaria",2019,45,1,"",NA,NA,NA,NA
"249","Malaria",2019,46,0,"",NA,NA,NA,NA
"250","Malaria",2019,47,0,"",NA,NA,NA,NA
"251","Malaria",2019,48,0,"",NA,NA,NA,NA
"252","Malaria",2019,49,0,"",NA,NA,NA,NA
"253","Malaria",2019,5,0,"",NA,NA,NA,NA
"254","Malaria",2019,50,1,"",NA,NA,NA,NA
"255","Malaria",2019,51,0,"",NA,NA,NA,NA
"256","Malaria",2019,52,0,"",NA,NA,NA,NA
"257","Malaria",2019,6,0,"",NA,NA,NA,NA
"258","Malaria",2019,8,0,"",NA,NA,NA,NA
"259","Malaria",2019,9,0,"",NA,NA,NA,NA
"260","Malaria",2020,1,0,"",NA,NA,NA,NA
"261","Malaria",2020,10,0,"",NA,NA,NA,NA
"262","Malaria",2020,11,0,"",NA,NA,NA,NA
"263","Malaria",2020,12,0,"",NA,NA,NA,NA
"264","Malaria",2020,13,0,"",NA,NA,NA,NA
"265","Malaria",2020,14,0,"",NA,NA,NA,NA
"266","Malaria",2020,15,0,"",NA,NA,NA,NA
"267","Malaria",2020,16,0,"",NA,NA,NA,NA
"268","Malaria",2020,17,0,"",NA,NA,NA,NA
"269","Malaria",2020,18,0,"",NA,NA,NA,NA
"270","Malaria",2020,2,0,"",NA,NA,NA,NA
"271","Malaria",2020,3,0,"",NA,NA,NA,NA
"272","Malaria",2020,4,1,"",NA,NA,NA,NA
"273","Malaria",2020,5,0,"",NA,NA,NA,NA
"274","Malaria",2020,6,0,"",NA,NA,NA,NA
"275","Malaria",2020,7,0,"",NA,NA,NA,NA
"276","Malaria",2020,8,0,"",NA,NA,NA,NA
"277","Malaria",2020,9,0,"",NA,NA,NA,NA
