"","Disease","EpiYear","EpiWeek","Incidence","ADM0","ADM1","ADM2","NA","NA"
"1","Lyme Disease",2015,1,0,"",NA,NA,NA,NA
"2","Lyme Disease",2015,10,0,"",NA,NA,NA,NA
"3","Lyme Disease",2015,11,0,"",NA,NA,NA,NA
"4","Lyme Disease",2015,12,0,"",NA,NA,NA,NA
"5","Lyme Disease",2015,13,0,"",NA,NA,NA,NA
"6","Lyme Disease",2015,14,0,"",NA,NA,NA,NA
"7","Lyme Disease",2015,15,0,"",NA,NA,NA,NA
"8","Lyme Disease",2015,16,0,"",NA,NA,NA,NA
"9","Lyme Disease",2015,17,0,"",NA,NA,NA,NA
"10","Lyme Disease",2015,18,0,"",NA,NA,NA,NA
"11","Lyme Disease",2015,19,0,"",NA,NA,NA,NA
"12","Lyme Disease",2015,2,0,"",NA,NA,NA,NA
"13","Lyme Disease",2015,20,0,"",NA,NA,NA,NA
"14","Lyme Disease",2015,21,0,"",NA,NA,NA,NA
"15","Lyme Disease",2015,22,0,"",NA,NA,NA,NA
"16","Lyme Disease",2015,23,0,"",NA,NA,NA,NA
"17","Lyme Disease",2015,24,0,"",NA,NA,NA,NA
"18","Lyme Disease",2015,25,0,"",NA,NA,NA,NA
"19","Lyme Disease",2015,26,0,"",NA,NA,NA,NA
"20","Lyme Disease",2015,27,0,"",NA,NA,NA,NA
"21","Lyme Disease",2015,28,0,"",NA,NA,NA,NA
"22","Lyme Disease",2015,29,1,"",NA,NA,NA,NA
"23","Lyme Disease",2015,3,0,"",NA,NA,NA,NA
"24","Lyme Disease",2015,30,0,"",NA,NA,NA,NA
"25","Lyme Disease",2015,31,1,"",NA,NA,NA,NA
"26","Lyme Disease",2015,32,0,"",NA,NA,NA,NA
"27","Lyme Disease",2015,33,0,"",NA,NA,NA,NA
"28","Lyme Disease",2015,34,0,"",NA,NA,NA,NA
"29","Lyme Disease",2015,35,0,"",NA,NA,NA,NA
"30","Lyme Disease",2015,36,0,"",NA,NA,NA,NA
"31","Lyme Disease",2015,37,0,"",NA,NA,NA,NA
"32","Lyme Disease",2015,38,0,"",NA,NA,NA,NA
"33","Lyme Disease",2015,39,0,"",NA,NA,NA,NA
"34","Lyme Disease",2015,4,0,"",NA,NA,NA,NA
"35","Lyme Disease",2015,40,0,"",NA,NA,NA,NA
"36","Lyme Disease",2015,41,0,"",NA,NA,NA,NA
"37","Lyme Disease",2015,42,0,"",NA,NA,NA,NA
"38","Lyme Disease",2015,43,0,"",NA,NA,NA,NA
"39","Lyme Disease",2015,44,0,"",NA,NA,NA,NA
"40","Lyme Disease",2015,45,0,"",NA,NA,NA,NA
"41","Lyme Disease",2015,46,0,"",NA,NA,NA,NA
"42","Lyme Disease",2015,47,0,"",NA,NA,NA,NA
"43","Lyme Disease",2015,48,0,"",NA,NA,NA,NA
"44","Lyme Disease",2015,49,0,"",NA,NA,NA,NA
"45","Lyme Disease",2015,5,0,"",NA,NA,NA,NA
"46","Lyme Disease",2015,50,0,"",NA,NA,NA,NA
"47","Lyme Disease",2015,51,0,"",NA,NA,NA,NA
"48","Lyme Disease",2015,6,0,"",NA,NA,NA,NA
"49","Lyme Disease",2015,7,0,"",NA,NA,NA,NA
"50","Lyme Disease",2015,8,0,"",NA,NA,NA,NA
"51","Lyme Disease",2015,9,0,"",NA,NA,NA,NA
"52","Lyme Disease",2015,52,0,"",NA,NA,NA,NA
"53","Lyme Disease",2016,1,0,"",NA,NA,NA,NA
"54","Lyme Disease",2016,15,0,"",NA,NA,NA,NA
"55","Lyme Disease",2016,16,0,"",NA,NA,NA,NA
"56","Lyme Disease",2016,17,0,"",NA,NA,NA,NA
"57","Lyme Disease",2016,18,0,"",NA,NA,NA,NA
"58","Lyme Disease",2016,19,0,"",NA,NA,NA,NA
"59","Lyme Disease",2016,20,0,"",NA,NA,NA,NA
"60","Lyme Disease",2016,21,0,"",NA,NA,NA,NA
"61","Lyme Disease",2016,22,0,"",NA,NA,NA,NA
"62","Lyme Disease",2016,23,0,"",NA,NA,NA,NA
"63","Lyme Disease",2016,24,0,"",NA,NA,NA,NA
"64","Lyme Disease",2016,25,0,"",NA,NA,NA,NA
"65","Lyme Disease",2016,26,0,"",NA,NA,NA,NA
"66","Lyme Disease",2016,27,0,"",NA,NA,NA,NA
"67","Lyme Disease",2016,28,0,"",NA,NA,NA,NA
"68","Lyme Disease",2016,29,0,"",NA,NA,NA,NA
"69","Lyme Disease",2016,30,0,"",NA,NA,NA,NA
"70","Lyme Disease",2016,31,0,"",NA,NA,NA,NA
"71","Lyme Disease",2016,32,0,"",NA,NA,NA,NA
"72","Lyme Disease",2016,33,0,"",NA,NA,NA,NA
"73","Lyme Disease",2016,34,1,"",NA,NA,NA,NA
"74","Lyme Disease",2016,35,0,"",NA,NA,NA,NA
"75","Lyme Disease",2016,36,0,"",NA,NA,NA,NA
"76","Lyme Disease",2016,37,0,"",NA,NA,NA,NA
"77","Lyme Disease",2016,38,0,"",NA,NA,NA,NA
"78","Lyme Disease",2016,39,1,"",NA,NA,NA,NA
"79","Lyme Disease",2016,40,0,"",NA,NA,NA,NA
"80","Lyme Disease",2016,41,0,"",NA,NA,NA,NA
"81","Lyme Disease",2016,42,0,"",NA,NA,NA,NA
"82","Lyme Disease",2016,43,0,"",NA,NA,NA,NA
"83","Lyme Disease",2016,44,0,"",NA,NA,NA,NA
"84","Lyme Disease",2016,45,0,"",NA,NA,NA,NA
"85","Lyme Disease",2016,46,0,"",NA,NA,NA,NA
"86","Lyme Disease",2016,47,0,"",NA,NA,NA,NA
"87","Lyme Disease",2016,48,0,"",NA,NA,NA,NA
"88","Lyme Disease",2016,49,0,"",NA,NA,NA,NA
"89","Lyme Disease",2016,50,0,"",NA,NA,NA,NA
"90","Lyme Disease",2016,51,0,"",NA,NA,NA,NA
"91","Lyme Disease",2016,52,0,"",NA,NA,NA,NA
"92","Lyme Disease",2016,10,0,"",NA,NA,NA,NA
"93","Lyme Disease",2016,11,0,"",NA,NA,NA,NA
"94","Lyme Disease",2016,12,0,"",NA,NA,NA,NA
"95","Lyme Disease",2016,13,0,"",NA,NA,NA,NA
"96","Lyme Disease",2016,14,0,"",NA,NA,NA,NA
"97","Lyme Disease",2016,2,0,"",NA,NA,NA,NA
"98","Lyme Disease",2016,3,0,"",NA,NA,NA,NA
"99","Lyme Disease",2016,4,2,"",NA,NA,NA,NA
"100","Lyme Disease",2016,5,0,"",NA,NA,NA,NA
"101","Lyme Disease",2016,6,0,"",NA,NA,NA,NA
"102","Lyme Disease",2016,7,0,"",NA,NA,NA,NA
"103","Lyme Disease",2016,8,0,"",NA,NA,NA,NA
"104","Lyme Disease",2016,9,0,"",NA,NA,NA,NA
"105","Lyme Disease",2017,1,0,"",NA,NA,NA,NA
"106","Lyme Disease",2017,10,0,"",NA,NA,NA,NA
"107","Lyme Disease",2017,11,0,"",NA,NA,NA,NA
"108","Lyme Disease",2017,12,0,"",NA,NA,NA,NA
"109","Lyme Disease",2017,13,0,"",NA,NA,NA,NA
"110","Lyme Disease",2017,14,0,"",NA,NA,NA,NA
"111","Lyme Disease",2017,15,0,"",NA,NA,NA,NA
"112","Lyme Disease",2017,16,0,"",NA,NA,NA,NA
"113","Lyme Disease",2017,17,0,"",NA,NA,NA,NA
"114","Lyme Disease",2017,18,0,"",NA,NA,NA,NA
"115","Lyme Disease",2017,19,0,"",NA,NA,NA,NA
"116","Lyme Disease",2017,2,0,"",NA,NA,NA,NA
"117","Lyme Disease",2017,20,0,"",NA,NA,NA,NA
"118","Lyme Disease",2017,21,0,"",NA,NA,NA,NA
"119","Lyme Disease",2017,22,0,"",NA,NA,NA,NA
"120","Lyme Disease",2017,23,0,"",NA,NA,NA,NA
"121","Lyme Disease",2017,24,0,"",NA,NA,NA,NA
"122","Lyme Disease",2017,25,0,"",NA,NA,NA,NA
"123","Lyme Disease",2017,26,0,"",NA,NA,NA,NA
"124","Lyme Disease",2017,27,0,"",NA,NA,NA,NA
"125","Lyme Disease",2017,28,0,"",NA,NA,NA,NA
"126","Lyme Disease",2017,29,0,"",NA,NA,NA,NA
"127","Lyme Disease",2017,3,0,"",NA,NA,NA,NA
"128","Lyme Disease",2017,30,0,"",NA,NA,NA,NA
"129","Lyme Disease",2017,31,0,"",NA,NA,NA,NA
"130","Lyme Disease",2017,32,0,"",NA,NA,NA,NA
"131","Lyme Disease",2017,33,0,"",NA,NA,NA,NA
"132","Lyme Disease",2017,34,0,"",NA,NA,NA,NA
"133","Lyme Disease",2017,35,0,"",NA,NA,NA,NA
"134","Lyme Disease",2017,36,0,"",NA,NA,NA,NA
"135","Lyme Disease",2017,37,0,"",NA,NA,NA,NA
"136","Lyme Disease",2017,38,0,"",NA,NA,NA,NA
"137","Lyme Disease",2017,39,0,"",NA,NA,NA,NA
"138","Lyme Disease",2017,4,0,"",NA,NA,NA,NA
"139","Lyme Disease",2017,40,1,"",NA,NA,NA,NA
"140","Lyme Disease",2017,41,0,"",NA,NA,NA,NA
"141","Lyme Disease",2017,42,0,"",NA,NA,NA,NA
"142","Lyme Disease",2017,43,1,"",NA,NA,NA,NA
"143","Lyme Disease",2017,44,0,"",NA,NA,NA,NA
"144","Lyme Disease",2017,45,0,"",NA,NA,NA,NA
"145","Lyme Disease",2017,46,0,"",NA,NA,NA,NA
"146","Lyme Disease",2017,47,0,"",NA,NA,NA,NA
"147","Lyme Disease",2017,48,0,"",NA,NA,NA,NA
"148","Lyme Disease",2017,49,0,"",NA,NA,NA,NA
"149","Lyme Disease",2017,5,0,"",NA,NA,NA,NA
"150","Lyme Disease",2017,50,0,"",NA,NA,NA,NA
"151","Lyme Disease",2017,51,0,"",NA,NA,NA,NA
"152","Lyme Disease",2017,52,0,"",NA,NA,NA,NA
"153","Lyme Disease",2017,6,0,"",NA,NA,NA,NA
"154","Lyme Disease",2017,7,0,"",NA,NA,NA,NA
"155","Lyme Disease",2017,8,0,"",NA,NA,NA,NA
"156","Lyme Disease",2017,9,0,"",NA,NA,NA,NA
"157","Lyme Disease",2018,1,0,"",NA,NA,NA,NA
"158","Lyme Disease",2018,10,0,"",NA,NA,NA,NA
"159","Lyme Disease",2018,11,0,"",NA,NA,NA,NA
"160","Lyme Disease",2018,12,0,"",NA,NA,NA,NA
"161","Lyme Disease",2018,13,0,"",NA,NA,NA,NA
"162","Lyme Disease",2018,14,0,"",NA,NA,NA,NA
"163","Lyme Disease",2018,15,0,"",NA,NA,NA,NA
"164","Lyme Disease",2018,16,0,"",NA,NA,NA,NA
"165","Lyme Disease",2018,17,0,"",NA,NA,NA,NA
"166","Lyme Disease",2018,18,8,"",NA,NA,NA,NA
"167","Lyme Disease",2018,19,4,"",NA,NA,NA,NA
"168","Lyme Disease",2018,2,0,"",NA,NA,NA,NA
"169","Lyme Disease",2018,20,0,"",NA,NA,NA,NA
"170","Lyme Disease",2018,21,0,"",NA,NA,NA,NA
"171","Lyme Disease",2018,22,0,"",NA,NA,NA,NA
"172","Lyme Disease",2018,23,0,"",NA,NA,NA,NA
"173","Lyme Disease",2018,24,0,"",NA,NA,NA,NA
"174","Lyme Disease",2018,25,0,"",NA,NA,NA,NA
"175","Lyme Disease",2018,26,0,"",NA,NA,NA,NA
"176","Lyme Disease",2018,27,0,"",NA,NA,NA,NA
"177","Lyme Disease",2018,28,0,"",NA,NA,NA,NA
"178","Lyme Disease",2018,29,0,"",NA,NA,NA,NA
"179","Lyme Disease",2018,3,0,"",NA,NA,NA,NA
"180","Lyme Disease",2018,30,0,"",NA,NA,NA,NA
"181","Lyme Disease",2018,31,0,"",NA,NA,NA,NA
"182","Lyme Disease",2018,32,0,"",NA,NA,NA,NA
"183","Lyme Disease",2018,33,1,"",NA,NA,NA,NA
"184","Lyme Disease",2018,34,0,"",NA,NA,NA,NA
"185","Lyme Disease",2018,35,0,"",NA,NA,NA,NA
"186","Lyme Disease",2018,36,0,"",NA,NA,NA,NA
"187","Lyme Disease",2018,37,0,"",NA,NA,NA,NA
"188","Lyme Disease",2018,38,0,"",NA,NA,NA,NA
"189","Lyme Disease",2018,39,0,"",NA,NA,NA,NA
"190","Lyme Disease",2018,4,0,"",NA,NA,NA,NA
"191","Lyme Disease",2018,40,1,"",NA,NA,NA,NA
"192","Lyme Disease",2018,41,0,"",NA,NA,NA,NA
"193","Lyme Disease",2018,42,0,"",NA,NA,NA,NA
"194","Lyme Disease",2018,43,0,"",NA,NA,NA,NA
"195","Lyme Disease",2018,44,0,"",NA,NA,NA,NA
"196","Lyme Disease",2018,45,0,"",NA,NA,NA,NA
"197","Lyme Disease",2018,46,0,"",NA,NA,NA,NA
"198","Lyme Disease",2018,47,0,"",NA,NA,NA,NA
"199","Lyme Disease",2018,48,0,"",NA,NA,NA,NA
"200","Lyme Disease",2018,49,0,"",NA,NA,NA,NA
"201","Lyme Disease",2018,5,0,"",NA,NA,NA,NA
"202","Lyme Disease",2018,50,0,"",NA,NA,NA,NA
"203","Lyme Disease",2018,51,0,"",NA,NA,NA,NA
"204","Lyme Disease",2018,52,0,"",NA,NA,NA,NA
"205","Lyme Disease",2018,6,2,"",NA,NA,NA,NA
"206","Lyme Disease",2018,7,0,"",NA,NA,NA,NA
"207","Lyme Disease",2018,8,0,"",NA,NA,NA,NA
"208","Lyme Disease",2018,9,0,"",NA,NA,NA,NA
"209","Lyme Disease",2019,1,0,"",NA,NA,NA,NA
"210","Lyme Disease",2019,10,0,"",NA,NA,NA,NA
"211","Lyme Disease",2019,11,1,"",NA,NA,NA,NA
"212","Lyme Disease",2019,12,0,"",NA,NA,NA,NA
"213","Lyme Disease",2019,13,0,"",NA,NA,NA,NA
"214","Lyme Disease",2019,14,6,"",NA,NA,NA,NA
"215","Lyme Disease",2019,15,5,"",NA,NA,NA,NA
"216","Lyme Disease",2019,16,0,"",NA,NA,NA,NA
"217","Lyme Disease",2019,17,4,"",NA,NA,NA,NA
"218","Lyme Disease",2019,18,7,"",NA,NA,NA,NA
"219","Lyme Disease",2019,19,6,"",NA,NA,NA,NA
"220","Lyme Disease",2019,2,0,"",NA,NA,NA,NA
"221","Lyme Disease",2019,20,1,"",NA,NA,NA,NA
"222","Lyme Disease",2019,21,7,"",NA,NA,NA,NA
"223","Lyme Disease",2019,22,0,"",NA,NA,NA,NA
"224","Lyme Disease",2019,23,0,"",NA,NA,NA,NA
"225","Lyme Disease",2019,24,0,"",NA,NA,NA,NA
"226","Lyme Disease",2019,25,0,"",NA,NA,NA,NA
"227","Lyme Disease",2019,26,0,"",NA,NA,NA,NA
"228","Lyme Disease",2019,27,0,"",NA,NA,NA,NA
"229","Lyme Disease",2019,28,0,"",NA,NA,NA,NA
"230","Lyme Disease",2019,29,0,"",NA,NA,NA,NA
"231","Lyme Disease",2019,3,0,"",NA,NA,NA,NA
"232","Lyme Disease",2019,30,0,"",NA,NA,NA,NA
"233","Lyme Disease",2019,31,0,"",NA,NA,NA,NA
"234","Lyme Disease",2019,32,0,"",NA,NA,NA,NA
"235","Lyme Disease",2019,33,0,"",NA,NA,NA,NA
"236","Lyme Disease",2019,34,0,"",NA,NA,NA,NA
"237","Lyme Disease",2019,35,0,"",NA,NA,NA,NA
"238","Lyme Disease",2019,36,0,"",NA,NA,NA,NA
"239","Lyme Disease",2019,37,0,"",NA,NA,NA,NA
"240","Lyme Disease",2019,38,0,"",NA,NA,NA,NA
"241","Lyme Disease",2019,39,3,"",NA,NA,NA,NA
"242","Lyme Disease",2019,4,0,"",NA,NA,NA,NA
"243","Lyme Disease",2019,40,0,"",NA,NA,NA,NA
"244","Lyme Disease",2019,41,0,"",NA,NA,NA,NA
"245","Lyme Disease",2019,42,0,"",NA,NA,NA,NA
"246","Lyme Disease",2019,43,2,"",NA,NA,NA,NA
"247","Lyme Disease",2019,44,0,"",NA,NA,NA,NA
"248","Lyme Disease",2019,45,0,"",NA,NA,NA,NA
"249","Lyme Disease",2019,46,0,"",NA,NA,NA,NA
"250","Lyme Disease",2019,47,0,"",NA,NA,NA,NA
"251","Lyme Disease",2019,48,0,"",NA,NA,NA,NA
"252","Lyme Disease",2019,49,3,"",NA,NA,NA,NA
"253","Lyme Disease",2019,5,0,"",NA,NA,NA,NA
"254","Lyme Disease",2019,50,1,"",NA,NA,NA,NA
"255","Lyme Disease",2019,51,3,"",NA,NA,NA,NA
"256","Lyme Disease",2019,52,0,"",NA,NA,NA,NA
"257","Lyme Disease",2019,6,0,"",NA,NA,NA,NA
"258","Lyme Disease",2019,8,0,"",NA,NA,NA,NA
"259","Lyme Disease",2019,9,0,"",NA,NA,NA,NA
"260","Lyme Disease",2020,1,0,"",NA,NA,NA,NA
"261","Lyme Disease",2020,10,0,"",NA,NA,NA,NA
"262","Lyme Disease",2020,11,0,"",NA,NA,NA,NA
"263","Lyme Disease",2020,12,0,"",NA,NA,NA,NA
"264","Lyme Disease",2020,13,0,"",NA,NA,NA,NA
"265","Lyme Disease",2020,14,0,"",NA,NA,NA,NA
"266","Lyme Disease",2020,15,0,"",NA,NA,NA,NA
"267","Lyme Disease",2020,16,0,"",NA,NA,NA,NA
"268","Lyme Disease",2020,17,0,"",NA,NA,NA,NA
"269","Lyme Disease",2020,18,0,"",NA,NA,NA,NA
"270","Lyme Disease",2020,2,0,"",NA,NA,NA,NA
"271","Lyme Disease",2020,3,0,"",NA,NA,NA,NA
"272","Lyme Disease",2020,4,0,"",NA,NA,NA,NA
"273","Lyme Disease",2020,5,0,"",NA,NA,NA,NA
"274","Lyme Disease",2020,6,0,"",NA,NA,NA,NA
"275","Lyme Disease",2020,7,0,"",NA,NA,NA,NA
"276","Lyme Disease",2020,8,0,"",NA,NA,NA,NA
"277","Lyme Disease",2020,9,0,"",NA,NA,NA,NA
