"","end","start","value","id","disease","location","duration","url","name","full_name","admin_level_name","parent","centroid_lat_long","longitude","latitude","disease_name"
"121277956.1",2010-12-07,2010-12-06,18,121277956,"59","121277956","P1D","http://aido.bsvgateway.org/api/locations/121277956/","Belgium","Belgium","Country","http://aido.bsvgateway.org/api/locations/216709393/",50.6374616364522,4.63996050326002,50.6374616364522,"Gastroenteritis"
"121277956.2",2010-12-08,2010-12-07,50,121277956,"59","121277956","P1D","http://aido.bsvgateway.org/api/locations/121277956/","Belgium","Belgium","Country","http://aido.bsvgateway.org/api/locations/216709393/",4.63996050326002,4.63996050326002,50.6374616364522,"Gastroenteritis"
"121277956.3",2010-12-09,2010-12-08,67,121277956,"59","121277956","P1D","http://aido.bsvgateway.org/api/locations/121277956/","Belgium","Belgium","Country","http://aido.bsvgateway.org/api/locations/216709393/",50.6374616364522,4.63996050326002,50.6374616364522,"Gastroenteritis"
"121277956.4",2010-12-10,2010-12-09,65,121277956,"59","121277956","P1D","http://aido.bsvgateway.org/api/locations/121277956/","Belgium","Belgium","Country","http://aido.bsvgateway.org/api/locations/216709393/",4.63996050326002,4.63996050326002,50.6374616364522,"Gastroenteritis"
"121277956.5",2010-12-11,2010-12-10,44,121277956,"59","121277956","P1D","http://aido.bsvgateway.org/api/locations/121277956/","Belgium","Belgium","Country","http://aido.bsvgateway.org/api/locations/216709393/",50.6374616364522,4.63996050326002,50.6374616364522,"Gastroenteritis"
"121277956.6",2010-12-12,2010-12-11,17,121277956,"59","121277956","P1D","http://aido.bsvgateway.org/api/locations/121277956/","Belgium","Belgium","Country","http://aido.bsvgateway.org/api/locations/216709393/",4.63996050326002,4.63996050326002,50.6374616364522,"Gastroenteritis"
"121277956.7",2010-12-13,2010-12-12,8,121277956,"59","121277956","P1D","http://aido.bsvgateway.org/api/locations/121277956/","Belgium","Belgium","Country","http://aido.bsvgateway.org/api/locations/216709393/",50.6374616364522,4.63996050326002,50.6374616364522,"Gastroenteritis"
"121277956.8",2010-12-14,2010-12-13,14,121277956,"59","121277956","P1D","http://aido.bsvgateway.org/api/locations/121277956/","Belgium","Belgium","Country","http://aido.bsvgateway.org/api/locations/216709393/",4.63996050326002,4.63996050326002,50.6374616364522,"Gastroenteritis"
"121277956.9",2010-12-15,2010-12-14,18,121277956,"59","121277956","P1D","http://aido.bsvgateway.org/api/locations/121277956/","Belgium","Belgium","Country","http://aido.bsvgateway.org/api/locations/216709393/",50.6374616364522,4.63996050326002,50.6374616364522,"Gastroenteritis"
"121277956.10",2010-12-16,2010-12-15,12,121277956,"59","121277956","P1D","http://aido.bsvgateway.org/api/locations/121277956/","Belgium","Belgium","Country","http://aido.bsvgateway.org/api/locations/216709393/",4.63996050326002,4.63996050326002,50.6374616364522,"Gastroenteritis"
"121277956.11",2010-12-17,2010-12-16,5,121277956,"59","121277956","P1D","http://aido.bsvgateway.org/api/locations/121277956/","Belgium","Belgium","Country","http://aido.bsvgateway.org/api/locations/216709393/",50.6374616364522,4.63996050326002,50.6374616364522,"Gastroenteritis"
"121277956.12",2010-12-18,2010-12-17,6,121277956,"59","121277956","P1D","http://aido.bsvgateway.org/api/locations/121277956/","Belgium","Belgium","Country","http://aido.bsvgateway.org/api/locations/216709393/",4.63996050326002,4.63996050326002,50.6374616364522,"Gastroenteritis"
"121277956.13",2010-12-19,2010-12-18,7,121277956,"59","121277956","P1D","http://aido.bsvgateway.org/api/locations/121277956/","Belgium","Belgium","Country","http://aido.bsvgateway.org/api/locations/216709393/",50.6374616364522,4.63996050326002,50.6374616364522,"Gastroenteritis"
"121277956.14",2010-12-20,2010-12-19,3,121277956,"59","121277956","P1D","http://aido.bsvgateway.org/api/locations/121277956/","Belgium","Belgium","Country","http://aido.bsvgateway.org/api/locations/216709393/",4.63996050326002,4.63996050326002,50.6374616364522,"Gastroenteritis"
"121277956.15",2010-12-21,2010-12-20,5,121277956,"59","121277956","P1D","http://aido.bsvgateway.org/api/locations/121277956/","Belgium","Belgium","Country","http://aido.bsvgateway.org/api/locations/216709393/",50.6374616364522,4.63996050326002,50.6374616364522,"Gastroenteritis"
"121277956.16",2010-12-22,2010-12-21,2,121277956,"59","121277956","P1D","http://aido.bsvgateway.org/api/locations/121277956/","Belgium","Belgium","Country","http://aido.bsvgateway.org/api/locations/216709393/",4.63996050326002,4.63996050326002,50.6374616364522,"Gastroenteritis"
"121277956.17",2010-12-23,2010-12-22,0,121277956,"59","121277956","P1D","http://aido.bsvgateway.org/api/locations/121277956/","Belgium","Belgium","Country","http://aido.bsvgateway.org/api/locations/216709393/",50.6374616364522,4.63996050326002,50.6374616364522,"Gastroenteritis"
"121277956.18",2010-12-24,2010-12-23,0,121277956,"59","121277956","P1D","http://aido.bsvgateway.org/api/locations/121277956/","Belgium","Belgium","Country","http://aido.bsvgateway.org/api/locations/216709393/",4.63996050326002,4.63996050326002,50.6374616364522,"Gastroenteritis"
"121277956.19",2010-12-25,2010-12-24,0,121277956,"59","121277956","P1D","http://aido.bsvgateway.org/api/locations/121277956/","Belgium","Belgium","Country","http://aido.bsvgateway.org/api/locations/216709393/",50.6374616364522,4.63996050326002,50.6374616364522,"Gastroenteritis"
"121277956.20",2010-12-26,2010-12-25,0,121277956,"59","121277956","P1D","http://aido.bsvgateway.org/api/locations/121277956/","Belgium","Belgium","Country","http://aido.bsvgateway.org/api/locations/216709393/",4.63996050326002,4.63996050326002,50.6374616364522,"Gastroenteritis"
"121277956.21",2010-12-27,2010-12-26,1,121277956,"59","121277956","P1D","http://aido.bsvgateway.org/api/locations/121277956/","Belgium","Belgium","Country","http://aido.bsvgateway.org/api/locations/216709393/",50.6374616364522,4.63996050326002,50.6374616364522,"Gastroenteritis"
"121277956.22",2010-12-28,2010-12-27,0,121277956,"59","121277956","P1D","http://aido.bsvgateway.org/api/locations/121277956/","Belgium","Belgium","Country","http://aido.bsvgateway.org/api/locations/216709393/",4.63996050326002,4.63996050326002,50.6374616364522,"Gastroenteritis"
"121277956.23",2010-12-29,2010-12-28,1,121277956,"59","121277956","P1D","http://aido.bsvgateway.org/api/locations/121277956/","Belgium","Belgium","Country","http://aido.bsvgateway.org/api/locations/216709393/",50.6374616364522,4.63996050326002,50.6374616364522,"Gastroenteritis"
"192176855.62",2012-07-06,2012-07-05,0,192176855,"59","192176855","P1D","http://aido.bsvgateway.org/api/locations/192176855/","Pisco","Pisco, Ica, Peru","City","http://aido.bsvgateway.org/api/locations/4404728/",-13.7100267581764,-76.2199802295841,-13.7100267581764,"Gastroenteritis"
"192176855.63",2012-07-07,2012-07-06,0,192176855,"59","192176855","P1D","http://aido.bsvgateway.org/api/locations/192176855/","Pisco","Pisco, Ica, Peru","City","http://aido.bsvgateway.org/api/locations/4404728/",-76.2199802295841,-76.2199802295841,-13.7100267581764,"Gastroenteritis"
"192176855.64",2012-07-08,2012-07-07,2,192176855,"59","192176855","P1D","http://aido.bsvgateway.org/api/locations/192176855/","Pisco","Pisco, Ica, Peru","City","http://aido.bsvgateway.org/api/locations/4404728/",-13.7100267581764,-76.2199802295841,-13.7100267581764,"Gastroenteritis"
"192176855.65",2012-07-09,2012-07-08,1,192176855,"59","192176855","P1D","http://aido.bsvgateway.org/api/locations/192176855/","Pisco","Pisco, Ica, Peru","City","http://aido.bsvgateway.org/api/locations/4404728/",-76.2199802295841,-76.2199802295841,-13.7100267581764,"Gastroenteritis"
"192176855.66",2012-07-10,2012-07-09,1,192176855,"59","192176855","P1D","http://aido.bsvgateway.org/api/locations/192176855/","Pisco","Pisco, Ica, Peru","City","http://aido.bsvgateway.org/api/locations/4404728/",-13.7100267581764,-76.2199802295841,-13.7100267581764,"Gastroenteritis"
"192176855.67",2012-07-11,2012-07-10,0,192176855,"59","192176855","P1D","http://aido.bsvgateway.org/api/locations/192176855/","Pisco","Pisco, Ica, Peru","City","http://aido.bsvgateway.org/api/locations/4404728/",-76.2199802295841,-76.2199802295841,-13.7100267581764,"Gastroenteritis"
"192176855.68",2012-07-12,2012-07-11,1,192176855,"59","192176855","P1D","http://aido.bsvgateway.org/api/locations/192176855/","Pisco","Pisco, Ica, Peru","City","http://aido.bsvgateway.org/api/locations/4404728/",-13.7100267581764,-76.2199802295841,-13.7100267581764,"Gastroenteritis"
"192176855.69",2012-07-13,2012-07-12,4,192176855,"59","192176855","P1D","http://aido.bsvgateway.org/api/locations/192176855/","Pisco","Pisco, Ica, Peru","City","http://aido.bsvgateway.org/api/locations/4404728/",-76.2199802295841,-76.2199802295841,-13.7100267581764,"Gastroenteritis"
"192176855.70",2012-07-14,2012-07-13,0,192176855,"59","192176855","P1D","http://aido.bsvgateway.org/api/locations/192176855/","Pisco","Pisco, Ica, Peru","City","http://aido.bsvgateway.org/api/locations/4404728/",-13.7100267581764,-76.2199802295841,-13.7100267581764,"Gastroenteritis"
"192176855.71",2012-07-15,2012-07-14,4,192176855,"59","192176855","P1D","http://aido.bsvgateway.org/api/locations/192176855/","Pisco","Pisco, Ica, Peru","City","http://aido.bsvgateway.org/api/locations/4404728/",-76.2199802295841,-76.2199802295841,-13.7100267581764,"Gastroenteritis"
"192176855.72",2012-07-16,2012-07-15,2,192176855,"59","192176855","P1D","http://aido.bsvgateway.org/api/locations/192176855/","Pisco","Pisco, Ica, Peru","City","http://aido.bsvgateway.org/api/locations/4404728/",-13.7100267581764,-76.2199802295841,-13.7100267581764,"Gastroenteritis"
"192176855.73",2012-07-17,2012-07-16,6,192176855,"59","192176855","P1D","http://aido.bsvgateway.org/api/locations/192176855/","Pisco","Pisco, Ica, Peru","City","http://aido.bsvgateway.org/api/locations/4404728/",-76.2199802295841,-76.2199802295841,-13.7100267581764,"Gastroenteritis"
"192176855.74",2012-07-18,2012-07-17,2,192176855,"59","192176855","P1D","http://aido.bsvgateway.org/api/locations/192176855/","Pisco","Pisco, Ica, Peru","City","http://aido.bsvgateway.org/api/locations/4404728/",-13.7100267581764,-76.2199802295841,-13.7100267581764,"Gastroenteritis"
"192176855.75",2012-07-19,2012-07-18,2,192176855,"59","192176855","P1D","http://aido.bsvgateway.org/api/locations/192176855/","Pisco","Pisco, Ica, Peru","City","http://aido.bsvgateway.org/api/locations/4404728/",-76.2199802295841,-76.2199802295841,-13.7100267581764,"Gastroenteritis"
"221478361.76",2011-03-19,2011-03-18,2,221478361,"59","221478361","P1D","http://aido.bsvgateway.org/api/locations/221478361/","San Vicente","San Vicente, San Vicente, El Salvador","City","http://aido.bsvgateway.org/api/locations/267105129/",13.6410063593734,-88.7849962749428,13.6410063593734,"Gastroenteritis"
"221478361.77",2011-03-20,2011-03-19,0,221478361,"59","221478361","P1D","http://aido.bsvgateway.org/api/locations/221478361/","San Vicente","San Vicente, San Vicente, El Salvador","City","http://aido.bsvgateway.org/api/locations/267105129/",-88.7849962749428,-88.7849962749428,13.6410063593734,"Gastroenteritis"
"221478361.78",2011-03-21,2011-03-20,1,221478361,"59","221478361","P1D","http://aido.bsvgateway.org/api/locations/221478361/","San Vicente","San Vicente, San Vicente, El Salvador","City","http://aido.bsvgateway.org/api/locations/267105129/",13.6410063593734,-88.7849962749428,13.6410063593734,"Gastroenteritis"
"221478361.79",2011-03-22,2011-03-21,0,221478361,"59","221478361","P1D","http://aido.bsvgateway.org/api/locations/221478361/","San Vicente","San Vicente, San Vicente, El Salvador","City","http://aido.bsvgateway.org/api/locations/267105129/",-88.7849962749428,-88.7849962749428,13.6410063593734,"Gastroenteritis"
"221478361.80",2011-03-23,2011-03-22,0,221478361,"59","221478361","P1D","http://aido.bsvgateway.org/api/locations/221478361/","San Vicente","San Vicente, San Vicente, El Salvador","City","http://aido.bsvgateway.org/api/locations/267105129/",13.6410063593734,-88.7849962749428,13.6410063593734,"Gastroenteritis"
"221478361.81",2011-03-24,2011-03-23,3,221478361,"59","221478361","P1D","http://aido.bsvgateway.org/api/locations/221478361/","San Vicente","San Vicente, San Vicente, El Salvador","City","http://aido.bsvgateway.org/api/locations/267105129/",-88.7849962749428,-88.7849962749428,13.6410063593734,"Gastroenteritis"
"221478361.82",2011-03-25,2011-03-24,0,221478361,"59","221478361","P1D","http://aido.bsvgateway.org/api/locations/221478361/","San Vicente","San Vicente, San Vicente, El Salvador","City","http://aido.bsvgateway.org/api/locations/267105129/",13.6410063593734,-88.7849962749428,13.6410063593734,"Gastroenteritis"
"221478361.83",2011-03-26,2011-03-25,0,221478361,"59","221478361","P1D","http://aido.bsvgateway.org/api/locations/221478361/","San Vicente","San Vicente, San Vicente, El Salvador","City","http://aido.bsvgateway.org/api/locations/267105129/",-88.7849962749428,-88.7849962749428,13.6410063593734,"Gastroenteritis"
"221478361.84",2011-03-27,2011-03-26,0,221478361,"59","221478361","P1D","http://aido.bsvgateway.org/api/locations/221478361/","San Vicente","San Vicente, San Vicente, El Salvador","City","http://aido.bsvgateway.org/api/locations/267105129/",13.6410063593734,-88.7849962749428,13.6410063593734,"Gastroenteritis"
"221478361.85",2011-03-28,2011-03-27,0,221478361,"59","221478361","P1D","http://aido.bsvgateway.org/api/locations/221478361/","San Vicente","San Vicente, San Vicente, El Salvador","City","http://aido.bsvgateway.org/api/locations/267105129/",-88.7849962749428,-88.7849962749428,13.6410063593734,"Gastroenteritis"
"221478361.86",2011-03-29,2011-03-28,0,221478361,"59","221478361","P1D","http://aido.bsvgateway.org/api/locations/221478361/","San Vicente","San Vicente, San Vicente, El Salvador","City","http://aido.bsvgateway.org/api/locations/267105129/",13.6410063593734,-88.7849962749428,13.6410063593734,"Gastroenteritis"
"221478361.87",2011-03-30,2011-03-29,0,221478361,"59","221478361","P1D","http://aido.bsvgateway.org/api/locations/221478361/","San Vicente","San Vicente, San Vicente, El Salvador","City","http://aido.bsvgateway.org/api/locations/267105129/",-88.7849962749428,-88.7849962749428,13.6410063593734,"Gastroenteritis"
"221478361.88",2011-03-31,2011-03-30,0,221478361,"59","221478361","P1D","http://aido.bsvgateway.org/api/locations/221478361/","San Vicente","San Vicente, San Vicente, El Salvador","City","http://aido.bsvgateway.org/api/locations/267105129/",13.6410063593734,-88.7849962749428,13.6410063593734,"Gastroenteritis"
"221478361.89",2011-04-01,2011-03-31,0,221478361,"59","221478361","P1D","http://aido.bsvgateway.org/api/locations/221478361/","San Vicente","San Vicente, San Vicente, El Salvador","City","http://aido.bsvgateway.org/api/locations/267105129/",-88.7849962749428,-88.7849962749428,13.6410063593734,"Gastroenteritis"
"221478361.90",2011-04-02,2011-04-01,0,221478361,"59","221478361","P1D","http://aido.bsvgateway.org/api/locations/221478361/","San Vicente","San Vicente, San Vicente, El Salvador","City","http://aido.bsvgateway.org/api/locations/267105129/",13.6410063593734,-88.7849962749428,13.6410063593734,"Gastroenteritis"
"221478361.91",2011-04-03,2011-04-02,0,221478361,"59","221478361","P1D","http://aido.bsvgateway.org/api/locations/221478361/","San Vicente","San Vicente, San Vicente, El Salvador","City","http://aido.bsvgateway.org/api/locations/267105129/",-88.7849962749428,-88.7849962749428,13.6410063593734,"Gastroenteritis"
"221478361.92",2011-04-04,2011-04-03,0,221478361,"59","221478361","P1D","http://aido.bsvgateway.org/api/locations/221478361/","San Vicente","San Vicente, San Vicente, El Salvador","City","http://aido.bsvgateway.org/api/locations/267105129/",13.6410063593734,-88.7849962749428,13.6410063593734,"Gastroenteritis"
"221478361.93",2011-04-05,2011-04-04,0,221478361,"59","221478361","P1D","http://aido.bsvgateway.org/api/locations/221478361/","San Vicente","San Vicente, San Vicente, El Salvador","City","http://aido.bsvgateway.org/api/locations/267105129/",-88.7849962749428,-88.7849962749428,13.6410063593734,"Gastroenteritis"
"221478361.94",2011-04-06,2011-04-05,0,221478361,"59","221478361","P1D","http://aido.bsvgateway.org/api/locations/221478361/","San Vicente","San Vicente, San Vicente, El Salvador","City","http://aido.bsvgateway.org/api/locations/267105129/",13.6410063593734,-88.7849962749428,13.6410063593734,"Gastroenteritis"
"221478361.95",2011-04-07,2011-04-06,0,221478361,"59","221478361","P1D","http://aido.bsvgateway.org/api/locations/221478361/","San Vicente","San Vicente, San Vicente, El Salvador","City","http://aido.bsvgateway.org/api/locations/267105129/",-88.7849962749428,-88.7849962749428,13.6410063593734,"Gastroenteritis"
"221478361.96",2011-04-08,2011-04-07,0,221478361,"59","221478361","P1D","http://aido.bsvgateway.org/api/locations/221478361/","San Vicente","San Vicente, San Vicente, El Salvador","City","http://aido.bsvgateway.org/api/locations/267105129/",13.6410063593734,-88.7849962749428,13.6410063593734,"Gastroenteritis"
"221478361.97",2011-04-09,2011-04-08,1,221478361,"59","221478361","P1D","http://aido.bsvgateway.org/api/locations/221478361/","San Vicente","San Vicente, San Vicente, El Salvador","City","http://aido.bsvgateway.org/api/locations/267105129/",-88.7849962749428,-88.7849962749428,13.6410063593734,"Gastroenteritis"
"221478361.98",2011-04-10,2011-04-09,0,221478361,"59","221478361","P1D","http://aido.bsvgateway.org/api/locations/221478361/","San Vicente","San Vicente, San Vicente, El Salvador","City","http://aido.bsvgateway.org/api/locations/267105129/",13.6410063593734,-88.7849962749428,13.6410063593734,"Gastroenteritis"
"221478361.99",2011-04-11,2011-04-10,0,221478361,"59","221478361","P1D","http://aido.bsvgateway.org/api/locations/221478361/","San Vicente","San Vicente, San Vicente, El Salvador","City","http://aido.bsvgateway.org/api/locations/267105129/",-88.7849962749428,-88.7849962749428,13.6410063593734,"Gastroenteritis"
"221478361.100",2011-04-12,2011-04-11,0,221478361,"59","221478361","P1D","http://aido.bsvgateway.org/api/locations/221478361/","San Vicente","San Vicente, San Vicente, El Salvador","City","http://aido.bsvgateway.org/api/locations/267105129/",13.6410063593734,-88.7849962749428,13.6410063593734,"Gastroenteritis"
"221478361.101",2011-04-13,2011-04-12,0,221478361,"59","221478361","P1D","http://aido.bsvgateway.org/api/locations/221478361/","San Vicente","San Vicente, San Vicente, El Salvador","City","http://aido.bsvgateway.org/api/locations/267105129/",-88.7849962749428,-88.7849962749428,13.6410063593734,"Gastroenteritis"
"221478361.102",2011-04-14,2011-04-13,0,221478361,"59","221478361","P1D","http://aido.bsvgateway.org/api/locations/221478361/","San Vicente","San Vicente, San Vicente, El Salvador","City","http://aido.bsvgateway.org/api/locations/267105129/",13.6410063593734,-88.7849962749428,13.6410063593734,"Gastroenteritis"
"221478361.103",2011-04-15,2011-04-14,0,221478361,"59","221478361","P1D","http://aido.bsvgateway.org/api/locations/221478361/","San Vicente","San Vicente, San Vicente, El Salvador","City","http://aido.bsvgateway.org/api/locations/267105129/",-88.7849962749428,-88.7849962749428,13.6410063593734,"Gastroenteritis"
"221478361.104",2011-04-16,2011-04-15,0,221478361,"59","221478361","P1D","http://aido.bsvgateway.org/api/locations/221478361/","San Vicente","San Vicente, San Vicente, El Salvador","City","http://aido.bsvgateway.org/api/locations/267105129/",13.6410063593734,-88.7849962749428,13.6410063593734,"Gastroenteritis"
"221478361.105",2011-04-17,2011-04-16,0,221478361,"59","221478361","P1D","http://aido.bsvgateway.org/api/locations/221478361/","San Vicente","San Vicente, San Vicente, El Salvador","City","http://aido.bsvgateway.org/api/locations/267105129/",-88.7849962749428,-88.7849962749428,13.6410063593734,"Gastroenteritis"
"221478361.106",2011-04-18,2011-04-17,0,221478361,"59","221478361","P1D","http://aido.bsvgateway.org/api/locations/221478361/","San Vicente","San Vicente, San Vicente, El Salvador","City","http://aido.bsvgateway.org/api/locations/267105129/",13.6410063593734,-88.7849962749428,13.6410063593734,"Gastroenteritis"
"221478361.107",2011-04-19,2011-04-18,0,221478361,"59","221478361","P1D","http://aido.bsvgateway.org/api/locations/221478361/","San Vicente","San Vicente, San Vicente, El Salvador","City","http://aido.bsvgateway.org/api/locations/267105129/",-88.7849962749428,-88.7849962749428,13.6410063593734,"Gastroenteritis"
"221478361.108",2011-04-20,2011-04-19,0,221478361,"59","221478361","P1D","http://aido.bsvgateway.org/api/locations/221478361/","San Vicente","San Vicente, San Vicente, El Salvador","City","http://aido.bsvgateway.org/api/locations/267105129/",13.6410063593734,-88.7849962749428,13.6410063593734,"Gastroenteritis"
"221478361.109",2011-04-21,2011-04-20,0,221478361,"59","221478361","P1D","http://aido.bsvgateway.org/api/locations/221478361/","San Vicente","San Vicente, San Vicente, El Salvador","City","http://aido.bsvgateway.org/api/locations/267105129/",-88.7849962749428,-88.7849962749428,13.6410063593734,"Gastroenteritis"
"221478361.110",2011-04-22,2011-04-21,0,221478361,"59","221478361","P1D","http://aido.bsvgateway.org/api/locations/221478361/","San Vicente","San Vicente, San Vicente, El Salvador","City","http://aido.bsvgateway.org/api/locations/267105129/",13.6410063593734,-88.7849962749428,13.6410063593734,"Gastroenteritis"
"221478361.111",2011-04-23,2011-04-22,0,221478361,"59","221478361","P1D","http://aido.bsvgateway.org/api/locations/221478361/","San Vicente","San Vicente, San Vicente, El Salvador","City","http://aido.bsvgateway.org/api/locations/267105129/",-88.7849962749428,-88.7849962749428,13.6410063593734,"Gastroenteritis"
"221478361.112",2011-04-24,2011-04-23,0,221478361,"59","221478361","P1D","http://aido.bsvgateway.org/api/locations/221478361/","San Vicente","San Vicente, San Vicente, El Salvador","City","http://aido.bsvgateway.org/api/locations/267105129/",13.6410063593734,-88.7849962749428,13.6410063593734,"Gastroenteritis"
"221478361.113",2011-04-25,2011-04-24,0,221478361,"59","221478361","P1D","http://aido.bsvgateway.org/api/locations/221478361/","San Vicente","San Vicente, San Vicente, El Salvador","City","http://aido.bsvgateway.org/api/locations/267105129/",-88.7849962749428,-88.7849962749428,13.6410063593734,"Gastroenteritis"
"221478361.114",2011-04-26,2011-04-25,1,221478361,"59","221478361","P1D","http://aido.bsvgateway.org/api/locations/221478361/","San Vicente","San Vicente, San Vicente, El Salvador","City","http://aido.bsvgateway.org/api/locations/267105129/",13.6410063593734,-88.7849962749428,13.6410063593734,"Gastroenteritis"
"221478361.115",2011-04-27,2011-04-26,0,221478361,"59","221478361","P1D","http://aido.bsvgateway.org/api/locations/221478361/","San Vicente","San Vicente, San Vicente, El Salvador","City","http://aido.bsvgateway.org/api/locations/267105129/",-88.7849962749428,-88.7849962749428,13.6410063593734,"Gastroenteritis"
"221478361.116",2011-04-28,2011-04-27,2,221478361,"59","221478361","P1D","http://aido.bsvgateway.org/api/locations/221478361/","San Vicente","San Vicente, San Vicente, El Salvador","City","http://aido.bsvgateway.org/api/locations/267105129/",13.6410063593734,-88.7849962749428,13.6410063593734,"Gastroenteritis"
"221478361.117",2011-04-29,2011-04-28,2,221478361,"59","221478361","P1D","http://aido.bsvgateway.org/api/locations/221478361/","San Vicente","San Vicente, San Vicente, El Salvador","City","http://aido.bsvgateway.org/api/locations/267105129/",-88.7849962749428,-88.7849962749428,13.6410063593734,"Gastroenteritis"
"221478361.118",2011-04-30,2011-04-29,1,221478361,"59","221478361","P1D","http://aido.bsvgateway.org/api/locations/221478361/","San Vicente","San Vicente, San Vicente, El Salvador","City","http://aido.bsvgateway.org/api/locations/267105129/",13.6410063593734,-88.7849962749428,13.6410063593734,"Gastroenteritis"
"221478361.119",2011-05-01,2011-04-30,0,221478361,"59","221478361","P1D","http://aido.bsvgateway.org/api/locations/221478361/","San Vicente","San Vicente, San Vicente, El Salvador","City","http://aido.bsvgateway.org/api/locations/267105129/",-88.7849962749428,-88.7849962749428,13.6410063593734,"Gastroenteritis"
"221478361.120",2011-05-02,2011-05-01,0,221478361,"59","221478361","P1D","http://aido.bsvgateway.org/api/locations/221478361/","San Vicente","San Vicente, San Vicente, El Salvador","City","http://aido.bsvgateway.org/api/locations/267105129/",13.6410063593734,-88.7849962749428,13.6410063593734,"Gastroenteritis"
"221478361.121",2011-05-03,2011-05-02,0,221478361,"59","221478361","P1D","http://aido.bsvgateway.org/api/locations/221478361/","San Vicente","San Vicente, San Vicente, El Salvador","City","http://aido.bsvgateway.org/api/locations/267105129/",-88.7849962749428,-88.7849962749428,13.6410063593734,"Gastroenteritis"
"221478361.122",2011-05-04,2011-05-03,0,221478361,"59","221478361","P1D","http://aido.bsvgateway.org/api/locations/221478361/","San Vicente","San Vicente, San Vicente, El Salvador","City","http://aido.bsvgateway.org/api/locations/267105129/",13.6410063593734,-88.7849962749428,13.6410063593734,"Gastroenteritis"
"221478361.123",2011-05-05,2011-05-04,1,221478361,"59","221478361","P1D","http://aido.bsvgateway.org/api/locations/221478361/","San Vicente","San Vicente, San Vicente, El Salvador","City","http://aido.bsvgateway.org/api/locations/267105129/",-88.7849962749428,-88.7849962749428,13.6410063593734,"Gastroenteritis"
"221478361.124",2011-05-06,2011-05-05,1,221478361,"59","221478361","P1D","http://aido.bsvgateway.org/api/locations/221478361/","San Vicente","San Vicente, San Vicente, El Salvador","City","http://aido.bsvgateway.org/api/locations/267105129/",13.6410063593734,-88.7849962749428,13.6410063593734,"Gastroenteritis"
"221478361.125",2011-05-07,2011-05-06,2,221478361,"59","221478361","P1D","http://aido.bsvgateway.org/api/locations/221478361/","San Vicente","San Vicente, San Vicente, El Salvador","City","http://aido.bsvgateway.org/api/locations/267105129/",-88.7849962749428,-88.7849962749428,13.6410063593734,"Gastroenteritis"
"221478361.126",2011-05-08,2011-05-07,2,221478361,"59","221478361","P1D","http://aido.bsvgateway.org/api/locations/221478361/","San Vicente","San Vicente, San Vicente, El Salvador","City","http://aido.bsvgateway.org/api/locations/267105129/",13.6410063593734,-88.7849962749428,13.6410063593734,"Gastroenteritis"
"221478361.127",2011-05-09,2011-05-08,2,221478361,"59","221478361","P1D","http://aido.bsvgateway.org/api/locations/221478361/","San Vicente","San Vicente, San Vicente, El Salvador","City","http://aido.bsvgateway.org/api/locations/267105129/",-88.7849962749428,-88.7849962749428,13.6410063593734,"Gastroenteritis"
"221478361.128",2011-05-10,2011-05-09,0,221478361,"59","221478361","P1D","http://aido.bsvgateway.org/api/locations/221478361/","San Vicente","San Vicente, San Vicente, El Salvador","City","http://aido.bsvgateway.org/api/locations/267105129/",13.6410063593734,-88.7849962749428,13.6410063593734,"Gastroenteritis"
"221478361.129",2011-05-11,2011-05-10,0,221478361,"59","221478361","P1D","http://aido.bsvgateway.org/api/locations/221478361/","San Vicente","San Vicente, San Vicente, El Salvador","City","http://aido.bsvgateway.org/api/locations/267105129/",-88.7849962749428,-88.7849962749428,13.6410063593734,"Gastroenteritis"
"221478361.130",2011-05-12,2011-05-11,0,221478361,"59","221478361","P1D","http://aido.bsvgateway.org/api/locations/221478361/","San Vicente","San Vicente, San Vicente, El Salvador","City","http://aido.bsvgateway.org/api/locations/267105129/",13.6410063593734,-88.7849962749428,13.6410063593734,"Gastroenteritis"
"221478361.131",2011-05-13,2011-05-12,2,221478361,"59","221478361","P1D","http://aido.bsvgateway.org/api/locations/221478361/","San Vicente","San Vicente, San Vicente, El Salvador","City","http://aido.bsvgateway.org/api/locations/267105129/",-88.7849962749428,-88.7849962749428,13.6410063593734,"Gastroenteritis"
"221478361.132",2011-05-14,2011-05-13,0,221478361,"59","221478361","P1D","http://aido.bsvgateway.org/api/locations/221478361/","San Vicente","San Vicente, San Vicente, El Salvador","City","http://aido.bsvgateway.org/api/locations/267105129/",13.6410063593734,-88.7849962749428,13.6410063593734,"Gastroenteritis"
"221478361.133",2011-05-15,2011-05-14,4,221478361,"59","221478361","P1D","http://aido.bsvgateway.org/api/locations/221478361/","San Vicente","San Vicente, San Vicente, El Salvador","City","http://aido.bsvgateway.org/api/locations/267105129/",-88.7849962749428,-88.7849962749428,13.6410063593734,"Gastroenteritis"
"221478361.134",2011-05-16,2011-05-15,1,221478361,"59","221478361","P1D","http://aido.bsvgateway.org/api/locations/221478361/","San Vicente","San Vicente, San Vicente, El Salvador","City","http://aido.bsvgateway.org/api/locations/267105129/",13.6410063593734,-88.7849962749428,13.6410063593734,"Gastroenteritis"
"221478361.135",2011-05-17,2011-05-16,0,221478361,"59","221478361","P1D","http://aido.bsvgateway.org/api/locations/221478361/","San Vicente","San Vicente, San Vicente, El Salvador","City","http://aido.bsvgateway.org/api/locations/267105129/",-88.7849962749428,-88.7849962749428,13.6410063593734,"Gastroenteritis"
"221478361.136",2011-05-18,2011-05-17,4,221478361,"59","221478361","P1D","http://aido.bsvgateway.org/api/locations/221478361/","San Vicente","San Vicente, San Vicente, El Salvador","City","http://aido.bsvgateway.org/api/locations/267105129/",13.6410063593734,-88.7849962749428,13.6410063593734,"Gastroenteritis"
"221478361.137",2011-05-19,2011-05-18,1,221478361,"59","221478361","P1D","http://aido.bsvgateway.org/api/locations/221478361/","San Vicente","San Vicente, San Vicente, El Salvador","City","http://aido.bsvgateway.org/api/locations/267105129/",-88.7849962749428,-88.7849962749428,13.6410063593734,"Gastroenteritis"
"221478361.138",2011-05-20,2011-05-19,4,221478361,"59","221478361","P1D","http://aido.bsvgateway.org/api/locations/221478361/","San Vicente","San Vicente, San Vicente, El Salvador","City","http://aido.bsvgateway.org/api/locations/267105129/",13.6410063593734,-88.7849962749428,13.6410063593734,"Gastroenteritis"
"221478361.139",2011-05-21,2011-05-20,5,221478361,"59","221478361","P1D","http://aido.bsvgateway.org/api/locations/221478361/","San Vicente","San Vicente, San Vicente, El Salvador","City","http://aido.bsvgateway.org/api/locations/267105129/",-88.7849962749428,-88.7849962749428,13.6410063593734,"Gastroenteritis"
"221478361.140",2011-05-22,2011-05-21,1,221478361,"59","221478361","P1D","http://aido.bsvgateway.org/api/locations/221478361/","San Vicente","San Vicente, San Vicente, El Salvador","City","http://aido.bsvgateway.org/api/locations/267105129/",13.6410063593734,-88.7849962749428,13.6410063593734,"Gastroenteritis"
"221478361.141",2011-05-23,2011-05-22,4,221478361,"59","221478361","P1D","http://aido.bsvgateway.org/api/locations/221478361/","San Vicente","San Vicente, San Vicente, El Salvador","City","http://aido.bsvgateway.org/api/locations/267105129/",-88.7849962749428,-88.7849962749428,13.6410063593734,"Gastroenteritis"
"221478361.142",2011-05-24,2011-05-23,0,221478361,"59","221478361","P1D","http://aido.bsvgateway.org/api/locations/221478361/","San Vicente","San Vicente, San Vicente, El Salvador","City","http://aido.bsvgateway.org/api/locations/267105129/",13.6410063593734,-88.7849962749428,13.6410063593734,"Gastroenteritis"
"221478361.143",2011-05-25,2011-05-24,0,221478361,"59","221478361","P1D","http://aido.bsvgateway.org/api/locations/221478361/","San Vicente","San Vicente, San Vicente, El Salvador","City","http://aido.bsvgateway.org/api/locations/267105129/",-88.7849962749428,-88.7849962749428,13.6410063593734,"Gastroenteritis"
"221478361.144",2011-05-26,2011-05-25,4,221478361,"59","221478361","P1D","http://aido.bsvgateway.org/api/locations/221478361/","San Vicente","San Vicente, San Vicente, El Salvador","City","http://aido.bsvgateway.org/api/locations/267105129/",13.6410063593734,-88.7849962749428,13.6410063593734,"Gastroenteritis"
"221478361.145",2011-05-27,2011-05-26,2,221478361,"59","221478361","P1D","http://aido.bsvgateway.org/api/locations/221478361/","San Vicente","San Vicente, San Vicente, El Salvador","City","http://aido.bsvgateway.org/api/locations/267105129/",-88.7849962749428,-88.7849962749428,13.6410063593734,"Gastroenteritis"
"221478361.146",2011-05-28,2011-05-27,4,221478361,"59","221478361","P1D","http://aido.bsvgateway.org/api/locations/221478361/","San Vicente","San Vicente, San Vicente, El Salvador","City","http://aido.bsvgateway.org/api/locations/267105129/",13.6410063593734,-88.7849962749428,13.6410063593734,"Gastroenteritis"
"221478361.147",2011-05-29,2011-05-28,18,221478361,"59","221478361","P1D","http://aido.bsvgateway.org/api/locations/221478361/","San Vicente","San Vicente, San Vicente, El Salvador","City","http://aido.bsvgateway.org/api/locations/267105129/",-88.7849962749428,-88.7849962749428,13.6410063593734,"Gastroenteritis"
"221478361.148",2011-05-30,2011-05-29,3,221478361,"59","221478361","P1D","http://aido.bsvgateway.org/api/locations/221478361/","San Vicente","San Vicente, San Vicente, El Salvador","City","http://aido.bsvgateway.org/api/locations/267105129/",13.6410063593734,-88.7849962749428,13.6410063593734,"Gastroenteritis"
"221478361.149",2011-05-31,2011-05-30,3,221478361,"59","221478361","P1D","http://aido.bsvgateway.org/api/locations/221478361/","San Vicente","San Vicente, San Vicente, El Salvador","City","http://aido.bsvgateway.org/api/locations/267105129/",-88.7849962749428,-88.7849962749428,13.6410063593734,"Gastroenteritis"
"221478361.150",2011-06-01,2011-05-31,5,221478361,"59","221478361","P1D","http://aido.bsvgateway.org/api/locations/221478361/","San Vicente","San Vicente, San Vicente, El Salvador","City","http://aido.bsvgateway.org/api/locations/267105129/",13.6410063593734,-88.7849962749428,13.6410063593734,"Gastroenteritis"
"222967840.24",2012-07-06,2012-07-05,1,222967840,"59","222967840","P1D","http://aido.bsvgateway.org/api/locations/222967840/","Finland","Finland","Country","http://aido.bsvgateway.org/api/locations/216709393/",64.4953589275114,26.2707950755949,64.4953589275114,"Gastroenteritis"
"222967840.25",2012-07-07,2012-07-06,2,222967840,"59","222967840","P1D","http://aido.bsvgateway.org/api/locations/222967840/","Finland","Finland","Country","http://aido.bsvgateway.org/api/locations/216709393/",26.2707950755949,26.2707950755949,64.4953589275114,"Gastroenteritis"
"222967840.26",2012-07-08,2012-07-07,11,222967840,"59","222967840","P1D","http://aido.bsvgateway.org/api/locations/222967840/","Finland","Finland","Country","http://aido.bsvgateway.org/api/locations/216709393/",64.4953589275114,26.2707950755949,64.4953589275114,"Gastroenteritis"
"222967840.27",2012-07-09,2012-07-08,33,222967840,"59","222967840","P1D","http://aido.bsvgateway.org/api/locations/222967840/","Finland","Finland","Country","http://aido.bsvgateway.org/api/locations/216709393/",26.2707950755949,26.2707950755949,64.4953589275114,"Gastroenteritis"
"222967840.28",2012-07-10,2012-07-09,32,222967840,"59","222967840","P1D","http://aido.bsvgateway.org/api/locations/222967840/","Finland","Finland","Country","http://aido.bsvgateway.org/api/locations/216709393/",64.4953589275114,26.2707950755949,64.4953589275114,"Gastroenteritis"
"222967840.29",2012-07-11,2012-07-10,19,222967840,"59","222967840","P1D","http://aido.bsvgateway.org/api/locations/222967840/","Finland","Finland","Country","http://aido.bsvgateway.org/api/locations/216709393/",26.2707950755949,26.2707950755949,64.4953589275114,"Gastroenteritis"
"222967840.30",2012-07-12,2012-07-11,23,222967840,"59","222967840","P1D","http://aido.bsvgateway.org/api/locations/222967840/","Finland","Finland","Country","http://aido.bsvgateway.org/api/locations/216709393/",64.4953589275114,26.2707950755949,64.4953589275114,"Gastroenteritis"
"222967840.31",2012-07-13,2012-07-12,22,222967840,"59","222967840","P1D","http://aido.bsvgateway.org/api/locations/222967840/","Finland","Finland","Country","http://aido.bsvgateway.org/api/locations/216709393/",26.2707950755949,26.2707950755949,64.4953589275114,"Gastroenteritis"
"222967840.32",2012-07-14,2012-07-13,14,222967840,"59","222967840","P1D","http://aido.bsvgateway.org/api/locations/222967840/","Finland","Finland","Country","http://aido.bsvgateway.org/api/locations/216709393/",64.4953589275114,26.2707950755949,64.4953589275114,"Gastroenteritis"
"222967840.33",2012-07-15,2012-07-14,13,222967840,"59","222967840","P1D","http://aido.bsvgateway.org/api/locations/222967840/","Finland","Finland","Country","http://aido.bsvgateway.org/api/locations/216709393/",26.2707950755949,26.2707950755949,64.4953589275114,"Gastroenteritis"
"222967840.34",2012-07-16,2012-07-15,14,222967840,"59","222967840","P1D","http://aido.bsvgateway.org/api/locations/222967840/","Finland","Finland","Country","http://aido.bsvgateway.org/api/locations/216709393/",64.4953589275114,26.2707950755949,64.4953589275114,"Gastroenteritis"
"222967840.35",2012-07-17,2012-07-16,17,222967840,"59","222967840","P1D","http://aido.bsvgateway.org/api/locations/222967840/","Finland","Finland","Country","http://aido.bsvgateway.org/api/locations/216709393/",26.2707950755949,26.2707950755949,64.4953589275114,"Gastroenteritis"
"222967840.36",2012-07-18,2012-07-17,6,222967840,"59","222967840","P1D","http://aido.bsvgateway.org/api/locations/222967840/","Finland","Finland","Country","http://aido.bsvgateway.org/api/locations/216709393/",64.4953589275114,26.2707950755949,64.4953589275114,"Gastroenteritis"
"222967840.37",2012-07-19,2012-07-18,10,222967840,"59","222967840","P1D","http://aido.bsvgateway.org/api/locations/222967840/","Finland","Finland","Country","http://aido.bsvgateway.org/api/locations/216709393/",26.2707950755949,26.2707950755949,64.4953589275114,"Gastroenteritis"
"222967840.38",2012-07-20,2012-07-19,6,222967840,"59","222967840","P1D","http://aido.bsvgateway.org/api/locations/222967840/","Finland","Finland","Country","http://aido.bsvgateway.org/api/locations/216709393/",64.4953589275114,26.2707950755949,64.4953589275114,"Gastroenteritis"
"222967840.39",2012-07-21,2012-07-20,4,222967840,"59","222967840","P1D","http://aido.bsvgateway.org/api/locations/222967840/","Finland","Finland","Country","http://aido.bsvgateway.org/api/locations/216709393/",26.2707950755949,26.2707950755949,64.4953589275114,"Gastroenteritis"
"67472780.40",2007-09-09,2007-09-02,24,67472780,"59","67472780","P7D","http://aido.bsvgateway.org/api/locations/67472780/","Ndjamena","Ndjamena, Hadjer-Lamis, Chad","City","http://aido.bsvgateway.org/api/locations/179382976/",12.115045728144,15.0472057887956,12.115045728144,"Gastroenteritis"
"67472780.41",2007-09-16,2007-09-09,24,67472780,"59","67472780","P7D","http://aido.bsvgateway.org/api/locations/67472780/","Ndjamena","Ndjamena, Hadjer-Lamis, Chad","City","http://aido.bsvgateway.org/api/locations/179382976/",15.0472057887956,15.0472057887956,12.115045728144,"Gastroenteritis"
"67472780.42",2007-09-23,2007-09-16,22,67472780,"59","67472780","P7D","http://aido.bsvgateway.org/api/locations/67472780/","Ndjamena","Ndjamena, Hadjer-Lamis, Chad","City","http://aido.bsvgateway.org/api/locations/179382976/",12.115045728144,15.0472057887956,12.115045728144,"Gastroenteritis"
"67472780.43",2007-09-30,2007-09-23,22,67472780,"59","67472780","P7D","http://aido.bsvgateway.org/api/locations/67472780/","Ndjamena","Ndjamena, Hadjer-Lamis, Chad","City","http://aido.bsvgateway.org/api/locations/179382976/",15.0472057887956,15.0472057887956,12.115045728144,"Gastroenteritis"
"67472780.44",2007-10-07,2007-09-30,18,67472780,"59","67472780","P7D","http://aido.bsvgateway.org/api/locations/67472780/","Ndjamena","Ndjamena, Hadjer-Lamis, Chad","City","http://aido.bsvgateway.org/api/locations/179382976/",12.115045728144,15.0472057887956,12.115045728144,"Gastroenteritis"
"67472780.45",2007-10-14,2007-10-07,27,67472780,"59","67472780","P7D","http://aido.bsvgateway.org/api/locations/67472780/","Ndjamena","Ndjamena, Hadjer-Lamis, Chad","City","http://aido.bsvgateway.org/api/locations/179382976/",15.0472057887956,15.0472057887956,12.115045728144,"Gastroenteritis"
"67472780.46",2007-10-21,2007-10-14,7,67472780,"59","67472780","P7D","http://aido.bsvgateway.org/api/locations/67472780/","Ndjamena","Ndjamena, Hadjer-Lamis, Chad","City","http://aido.bsvgateway.org/api/locations/179382976/",12.115045728144,15.0472057887956,12.115045728144,"Gastroenteritis"
"67472780.47",2007-10-28,2007-10-21,3,67472780,"59","67472780","P7D","http://aido.bsvgateway.org/api/locations/67472780/","Ndjamena","Ndjamena, Hadjer-Lamis, Chad","City","http://aido.bsvgateway.org/api/locations/179382976/",15.0472057887956,15.0472057887956,12.115045728144,"Gastroenteritis"
"67472780.48",2007-11-04,2007-10-28,6,67472780,"59","67472780","P7D","http://aido.bsvgateway.org/api/locations/67472780/","Ndjamena","Ndjamena, Hadjer-Lamis, Chad","City","http://aido.bsvgateway.org/api/locations/179382976/",12.115045728144,15.0472057887956,12.115045728144,"Gastroenteritis"
"67472780.49",2007-11-11,2007-11-04,9,67472780,"59","67472780","P7D","http://aido.bsvgateway.org/api/locations/67472780/","Ndjamena","Ndjamena, Hadjer-Lamis, Chad","City","http://aido.bsvgateway.org/api/locations/179382976/",15.0472057887956,15.0472057887956,12.115045728144,"Gastroenteritis"
"67472780.50",2007-11-18,2007-11-11,5,67472780,"59","67472780","P7D","http://aido.bsvgateway.org/api/locations/67472780/","Ndjamena","Ndjamena, Hadjer-Lamis, Chad","City","http://aido.bsvgateway.org/api/locations/179382976/",12.115045728144,15.0472057887956,12.115045728144,"Gastroenteritis"
"67472780.51",2007-11-25,2007-11-18,1,67472780,"59","67472780","P7D","http://aido.bsvgateway.org/api/locations/67472780/","Ndjamena","Ndjamena, Hadjer-Lamis, Chad","City","http://aido.bsvgateway.org/api/locations/179382976/",15.0472057887956,15.0472057887956,12.115045728144,"Gastroenteritis"
"67472780.52",2007-12-02,2007-11-25,5,67472780,"59","67472780","P7D","http://aido.bsvgateway.org/api/locations/67472780/","Ndjamena","Ndjamena, Hadjer-Lamis, Chad","City","http://aido.bsvgateway.org/api/locations/179382976/",12.115045728144,15.0472057887956,12.115045728144,"Gastroenteritis"
"67472780.53",2007-12-09,2007-12-02,11,67472780,"59","67472780","P7D","http://aido.bsvgateway.org/api/locations/67472780/","Ndjamena","Ndjamena, Hadjer-Lamis, Chad","City","http://aido.bsvgateway.org/api/locations/179382976/",15.0472057887956,15.0472057887956,12.115045728144,"Gastroenteritis"
"67472780.54",2007-12-16,2007-12-09,4,67472780,"59","67472780","P7D","http://aido.bsvgateway.org/api/locations/67472780/","Ndjamena","Ndjamena, Hadjer-Lamis, Chad","City","http://aido.bsvgateway.org/api/locations/179382976/",12.115045728144,15.0472057887956,12.115045728144,"Gastroenteritis"
"67472780.55",2007-12-23,2007-12-16,3,67472780,"59","67472780","P7D","http://aido.bsvgateway.org/api/locations/67472780/","Ndjamena","Ndjamena, Hadjer-Lamis, Chad","City","http://aido.bsvgateway.org/api/locations/179382976/",15.0472057887956,15.0472057887956,12.115045728144,"Gastroenteritis"
"67472780.56",2007-12-30,2007-12-23,3,67472780,"59","67472780","P7D","http://aido.bsvgateway.org/api/locations/67472780/","Ndjamena","Ndjamena, Hadjer-Lamis, Chad","City","http://aido.bsvgateway.org/api/locations/179382976/",12.115045728144,15.0472057887956,12.115045728144,"Gastroenteritis"
"67472780.57",2008-01-06,2007-12-30,1,67472780,"59","67472780","P7D","http://aido.bsvgateway.org/api/locations/67472780/","Ndjamena","Ndjamena, Hadjer-Lamis, Chad","City","http://aido.bsvgateway.org/api/locations/179382976/",15.0472057887956,15.0472057887956,12.115045728144,"Gastroenteritis"
"67472780.58",2008-01-13,2008-01-06,0,67472780,"59","67472780","P7D","http://aido.bsvgateway.org/api/locations/67472780/","Ndjamena","Ndjamena, Hadjer-Lamis, Chad","City","http://aido.bsvgateway.org/api/locations/179382976/",12.115045728144,15.0472057887956,12.115045728144,"Gastroenteritis"
"67472780.59",2008-01-20,2008-01-13,1,67472780,"59","67472780","P7D","http://aido.bsvgateway.org/api/locations/67472780/","Ndjamena","Ndjamena, Hadjer-Lamis, Chad","City","http://aido.bsvgateway.org/api/locations/179382976/",15.0472057887956,15.0472057887956,12.115045728144,"Gastroenteritis"
"67472780.60",2008-01-27,2008-01-20,2,67472780,"59","67472780","P7D","http://aido.bsvgateway.org/api/locations/67472780/","Ndjamena","Ndjamena, Hadjer-Lamis, Chad","City","http://aido.bsvgateway.org/api/locations/179382976/",12.115045728144,15.0472057887956,12.115045728144,"Gastroenteritis"
"67472780.61",2008-02-03,2008-01-27,0,67472780,"59","67472780","P7D","http://aido.bsvgateway.org/api/locations/67472780/","Ndjamena","Ndjamena, Hadjer-Lamis, Chad","City","http://aido.bsvgateway.org/api/locations/179382976/",15.0472057887956,15.0472057887956,12.115045728144,"Gastroenteritis"
"96469804.151",2009-03-24,2009-03-24,3,96469804,"59","96469804","PT1H","http://aido.bsvgateway.org/api/locations/96469804/","Trincomalee","Trincomalee, Trikuṇāmalaya, Sri Lanka","City","http://aido.bsvgateway.org/api/locations/122112165/",8.56900236974827,81.2330048865434,8.56900236974827,"Gastroenteritis"
"96469804.152",2009-03-24,2009-03-24,0,96469804,"59","96469804","PT1H","http://aido.bsvgateway.org/api/locations/96469804/","Trincomalee","Trincomalee, Trikuṇāmalaya, Sri Lanka","City","http://aido.bsvgateway.org/api/locations/122112165/",81.2330048865434,81.2330048865434,8.56900236974827,"Gastroenteritis"
"96469804.153",2009-03-24,2009-03-24,3,96469804,"59","96469804","PT1H","http://aido.bsvgateway.org/api/locations/96469804/","Trincomalee","Trincomalee, Trikuṇāmalaya, Sri Lanka","City","http://aido.bsvgateway.org/api/locations/122112165/",8.56900236974827,81.2330048865434,8.56900236974827,"Gastroenteritis"
"96469804.154",2009-03-24,2009-03-24,9,96469804,"59","96469804","PT1H","http://aido.bsvgateway.org/api/locations/96469804/","Trincomalee","Trincomalee, Trikuṇāmalaya, Sri Lanka","City","http://aido.bsvgateway.org/api/locations/122112165/",81.2330048865434,81.2330048865434,8.56900236974827,"Gastroenteritis"
"96469804.155",2009-03-24,2009-03-24,11,96469804,"59","96469804","PT1H","http://aido.bsvgateway.org/api/locations/96469804/","Trincomalee","Trincomalee, Trikuṇāmalaya, Sri Lanka","City","http://aido.bsvgateway.org/api/locations/122112165/",8.56900236974827,81.2330048865434,8.56900236974827,"Gastroenteritis"
"96469804.156",2009-03-24,2009-03-24,7,96469804,"59","96469804","PT1H","http://aido.bsvgateway.org/api/locations/96469804/","Trincomalee","Trincomalee, Trikuṇāmalaya, Sri Lanka","City","http://aido.bsvgateway.org/api/locations/122112165/",81.2330048865434,81.2330048865434,8.56900236974827,"Gastroenteritis"
"96469804.157",2009-03-24,2009-03-24,1,96469804,"59","96469804","PT1H","http://aido.bsvgateway.org/api/locations/96469804/","Trincomalee","Trincomalee, Trikuṇāmalaya, Sri Lanka","City","http://aido.bsvgateway.org/api/locations/122112165/",8.56900236974827,81.2330048865434,8.56900236974827,"Gastroenteritis"
"96469804.158",2009-03-24,2009-03-24,0,96469804,"59","96469804","PT1H","http://aido.bsvgateway.org/api/locations/96469804/","Trincomalee","Trincomalee, Trikuṇāmalaya, Sri Lanka","City","http://aido.bsvgateway.org/api/locations/122112165/",81.2330048865434,81.2330048865434,8.56900236974827,"Gastroenteritis"
"96469804.159",2009-03-24,2009-03-24,1,96469804,"59","96469804","PT1H","http://aido.bsvgateway.org/api/locations/96469804/","Trincomalee","Trincomalee, Trikuṇāmalaya, Sri Lanka","City","http://aido.bsvgateway.org/api/locations/122112165/",8.56900236974827,81.2330048865434,8.56900236974827,"Gastroenteritis"
"96469804.160",2009-03-24,2009-03-24,0,96469804,"59","96469804","PT1H","http://aido.bsvgateway.org/api/locations/96469804/","Trincomalee","Trincomalee, Trikuṇāmalaya, Sri Lanka","City","http://aido.bsvgateway.org/api/locations/122112165/",81.2330048865434,81.2330048865434,8.56900236974827,"Gastroenteritis"
"96469804.161",2009-03-24,2009-03-24,0,96469804,"59","96469804","PT1H","http://aido.bsvgateway.org/api/locations/96469804/","Trincomalee","Trincomalee, Trikuṇāmalaya, Sri Lanka","City","http://aido.bsvgateway.org/api/locations/122112165/",8.56900236974827,81.2330048865434,8.56900236974827,"Gastroenteritis"
"96469804.162",2009-03-24,2009-03-24,0,96469804,"59","96469804","PT1H","http://aido.bsvgateway.org/api/locations/96469804/","Trincomalee","Trincomalee, Trikuṇāmalaya, Sri Lanka","City","http://aido.bsvgateway.org/api/locations/122112165/",81.2330048865434,81.2330048865434,8.56900236974827,"Gastroenteritis"
"96469804.163",2009-03-24,2009-03-24,0,96469804,"59","96469804","PT1H","http://aido.bsvgateway.org/api/locations/96469804/","Trincomalee","Trincomalee, Trikuṇāmalaya, Sri Lanka","City","http://aido.bsvgateway.org/api/locations/122112165/",8.56900236974827,81.2330048865434,8.56900236974827,"Gastroenteritis"
"96469804.164",2009-03-24,2009-03-24,0,96469804,"59","96469804","PT1H","http://aido.bsvgateway.org/api/locations/96469804/","Trincomalee","Trincomalee, Trikuṇāmalaya, Sri Lanka","City","http://aido.bsvgateway.org/api/locations/122112165/",81.2330048865434,81.2330048865434,8.56900236974827,"Gastroenteritis"
"96469804.165",2009-03-25,2009-03-24,1,96469804,"59","96469804","PT1H","http://aido.bsvgateway.org/api/locations/96469804/","Trincomalee","Trincomalee, Trikuṇāmalaya, Sri Lanka","City","http://aido.bsvgateway.org/api/locations/122112165/",8.56900236974827,81.2330048865434,8.56900236974827,"Gastroenteritis"
