"","x"
"1","India"
"2","United States of America"
"3","District of Columbia, United States of America"
"4","South Africa"
"5","United Kingdom"
"6","Denmark"
"7","Turkey"
"8","Ontario, Canada"
"9","Taiwan"
"10","Dominican Republic"
"11","Ethiopia"
"12","Nigeria"
"13","Pakistan"
"14","Somalia"
"15","Xinjiang, China"
"16","Haiti"
"17","Tajikistan"
"18","Indonesia"
"19","Afghanistan"
"20","Michigan, United States of America"
"21","Arizona, United States of America"
"22","Louisiana, United States of America"
"23","Thessaloniki, Kentriki Makedonia, Greece"
"24","Romania"
"25","Italy"
"26","Republic of Serbia"
"27","California, United States of America"
"28","Dallas, Texas, United States of America"
"29","Anguilla"
"30","Peru"
"31","Iceland"
