"","end","start","value","id","disease","location","duration","url","name","full_name","admin_level_name","parent","centroid_lat_long","longitude","latitude","disease_name"
"222967840.24",2012-07-06,2012-07-05,1,222967840,"59","222967840","P1D","http://aido.bsvgateway.org/api/locations/222967840/","Finland","Finland","Country","http://aido.bsvgateway.org/api/locations/216709393/",64.4953589275114,26.2707950755949,64.4953589275114,"Gastroenteritis"
"222967840.25",2012-07-07,2012-07-06,2,222967840,"59","222967840","P1D","http://aido.bsvgateway.org/api/locations/222967840/","Finland","Finland","Country","http://aido.bsvgateway.org/api/locations/216709393/",26.2707950755949,26.2707950755949,64.4953589275114,"Gastroenteritis"
"222967840.26",2012-07-08,2012-07-07,11,222967840,"59","222967840","P1D","http://aido.bsvgateway.org/api/locations/222967840/","Finland","Finland","Country","http://aido.bsvgateway.org/api/locations/216709393/",64.4953589275114,26.2707950755949,64.4953589275114,"Gastroenteritis"
"222967840.27",2012-07-09,2012-07-08,33,222967840,"59","222967840","P1D","http://aido.bsvgateway.org/api/locations/222967840/","Finland","Finland","Country","http://aido.bsvgateway.org/api/locations/216709393/",26.2707950755949,26.2707950755949,64.4953589275114,"Gastroenteritis"
"222967840.28",2012-07-10,2012-07-09,32,222967840,"59","222967840","P1D","http://aido.bsvgateway.org/api/locations/222967840/","Finland","Finland","Country","http://aido.bsvgateway.org/api/locations/216709393/",64.4953589275114,26.2707950755949,64.4953589275114,"Gastroenteritis"
"222967840.29",2012-07-11,2012-07-10,19,222967840,"59","222967840","P1D","http://aido.bsvgateway.org/api/locations/222967840/","Finland","Finland","Country","http://aido.bsvgateway.org/api/locations/216709393/",26.2707950755949,26.2707950755949,64.4953589275114,"Gastroenteritis"
"222967840.30",2012-07-12,2012-07-11,23,222967840,"59","222967840","P1D","http://aido.bsvgateway.org/api/locations/222967840/","Finland","Finland","Country","http://aido.bsvgateway.org/api/locations/216709393/",64.4953589275114,26.2707950755949,64.4953589275114,"Gastroenteritis"
"222967840.31",2012-07-13,2012-07-12,22,222967840,"59","222967840","P1D","http://aido.bsvgateway.org/api/locations/222967840/","Finland","Finland","Country","http://aido.bsvgateway.org/api/locations/216709393/",26.2707950755949,26.2707950755949,64.4953589275114,"Gastroenteritis"
"222967840.32",2012-07-14,2012-07-13,14,222967840,"59","222967840","P1D","http://aido.bsvgateway.org/api/locations/222967840/","Finland","Finland","Country","http://aido.bsvgateway.org/api/locations/216709393/",64.4953589275114,26.2707950755949,64.4953589275114,"Gastroenteritis"
"222967840.33",2012-07-15,2012-07-14,13,222967840,"59","222967840","P1D","http://aido.bsvgateway.org/api/locations/222967840/","Finland","Finland","Country","http://aido.bsvgateway.org/api/locations/216709393/",26.2707950755949,26.2707950755949,64.4953589275114,"Gastroenteritis"
"222967840.34",2012-07-16,2012-07-15,14,222967840,"59","222967840","P1D","http://aido.bsvgateway.org/api/locations/222967840/","Finland","Finland","Country","http://aido.bsvgateway.org/api/locations/216709393/",64.4953589275114,26.2707950755949,64.4953589275114,"Gastroenteritis"
"222967840.35",2012-07-17,2012-07-16,17,222967840,"59","222967840","P1D","http://aido.bsvgateway.org/api/locations/222967840/","Finland","Finland","Country","http://aido.bsvgateway.org/api/locations/216709393/",26.2707950755949,26.2707950755949,64.4953589275114,"Gastroenteritis"
"222967840.36",2012-07-18,2012-07-17,6,222967840,"59","222967840","P1D","http://aido.bsvgateway.org/api/locations/222967840/","Finland","Finland","Country","http://aido.bsvgateway.org/api/locations/216709393/",64.4953589275114,26.2707950755949,64.4953589275114,"Gastroenteritis"
"222967840.37",2012-07-19,2012-07-18,10,222967840,"59","222967840","P1D","http://aido.bsvgateway.org/api/locations/222967840/","Finland","Finland","Country","http://aido.bsvgateway.org/api/locations/216709393/",26.2707950755949,26.2707950755949,64.4953589275114,"Gastroenteritis"
"222967840.38",2012-07-20,2012-07-19,6,222967840,"59","222967840","P1D","http://aido.bsvgateway.org/api/locations/222967840/","Finland","Finland","Country","http://aido.bsvgateway.org/api/locations/216709393/",64.4953589275114,26.2707950755949,64.4953589275114,"Gastroenteritis"
"222967840.39",2012-07-21,2012-07-20,4,222967840,"59","222967840","P1D","http://aido.bsvgateway.org/api/locations/222967840/","Finland","Finland","Country","http://aido.bsvgateway.org/api/locations/216709393/",26.2707950755949,26.2707950755949,64.4953589275114,"Gastroenteritis"
