"","end","start","value","id","disease","location","duration","url","name","full_name","admin_level_name","parent","centroid_lat_long","longitude","latitude","disease_name"
"96469804.151",2009-03-24,2009-03-24,3,96469804,"59","96469804","PT1H","http://aido.bsvgateway.org/api/locations/96469804/","Trincomalee","Trincomalee, Trikuṇāmalaya, Sri Lanka","City","http://aido.bsvgateway.org/api/locations/122112165/",8.56900236974827,81.2330048865434,8.56900236974827,"Gastroenteritis"
"96469804.152",2009-03-24,2009-03-24,0,96469804,"59","96469804","PT1H","http://aido.bsvgateway.org/api/locations/96469804/","Trincomalee","Trincomalee, Trikuṇāmalaya, Sri Lanka","City","http://aido.bsvgateway.org/api/locations/122112165/",81.2330048865434,81.2330048865434,8.56900236974827,"Gastroenteritis"
"96469804.153",2009-03-24,2009-03-24,3,96469804,"59","96469804","PT1H","http://aido.bsvgateway.org/api/locations/96469804/","Trincomalee","Trincomalee, Trikuṇāmalaya, Sri Lanka","City","http://aido.bsvgateway.org/api/locations/122112165/",8.56900236974827,81.2330048865434,8.56900236974827,"Gastroenteritis"
"96469804.154",2009-03-24,2009-03-24,9,96469804,"59","96469804","PT1H","http://aido.bsvgateway.org/api/locations/96469804/","Trincomalee","Trincomalee, Trikuṇāmalaya, Sri Lanka","City","http://aido.bsvgateway.org/api/locations/122112165/",81.2330048865434,81.2330048865434,8.56900236974827,"Gastroenteritis"
"96469804.155",2009-03-24,2009-03-24,11,96469804,"59","96469804","PT1H","http://aido.bsvgateway.org/api/locations/96469804/","Trincomalee","Trincomalee, Trikuṇāmalaya, Sri Lanka","City","http://aido.bsvgateway.org/api/locations/122112165/",8.56900236974827,81.2330048865434,8.56900236974827,"Gastroenteritis"
"96469804.156",2009-03-24,2009-03-24,7,96469804,"59","96469804","PT1H","http://aido.bsvgateway.org/api/locations/96469804/","Trincomalee","Trincomalee, Trikuṇāmalaya, Sri Lanka","City","http://aido.bsvgateway.org/api/locations/122112165/",81.2330048865434,81.2330048865434,8.56900236974827,"Gastroenteritis"
"96469804.157",2009-03-24,2009-03-24,1,96469804,"59","96469804","PT1H","http://aido.bsvgateway.org/api/locations/96469804/","Trincomalee","Trincomalee, Trikuṇāmalaya, Sri Lanka","City","http://aido.bsvgateway.org/api/locations/122112165/",8.56900236974827,81.2330048865434,8.56900236974827,"Gastroenteritis"
"96469804.158",2009-03-24,2009-03-24,0,96469804,"59","96469804","PT1H","http://aido.bsvgateway.org/api/locations/96469804/","Trincomalee","Trincomalee, Trikuṇāmalaya, Sri Lanka","City","http://aido.bsvgateway.org/api/locations/122112165/",81.2330048865434,81.2330048865434,8.56900236974827,"Gastroenteritis"
"96469804.159",2009-03-24,2009-03-24,1,96469804,"59","96469804","PT1H","http://aido.bsvgateway.org/api/locations/96469804/","Trincomalee","Trincomalee, Trikuṇāmalaya, Sri Lanka","City","http://aido.bsvgateway.org/api/locations/122112165/",8.56900236974827,81.2330048865434,8.56900236974827,"Gastroenteritis"
"96469804.160",2009-03-24,2009-03-24,0,96469804,"59","96469804","PT1H","http://aido.bsvgateway.org/api/locations/96469804/","Trincomalee","Trincomalee, Trikuṇāmalaya, Sri Lanka","City","http://aido.bsvgateway.org/api/locations/122112165/",81.2330048865434,81.2330048865434,8.56900236974827,"Gastroenteritis"
"96469804.161",2009-03-24,2009-03-24,0,96469804,"59","96469804","PT1H","http://aido.bsvgateway.org/api/locations/96469804/","Trincomalee","Trincomalee, Trikuṇāmalaya, Sri Lanka","City","http://aido.bsvgateway.org/api/locations/122112165/",8.56900236974827,81.2330048865434,8.56900236974827,"Gastroenteritis"
"96469804.162",2009-03-24,2009-03-24,0,96469804,"59","96469804","PT1H","http://aido.bsvgateway.org/api/locations/96469804/","Trincomalee","Trincomalee, Trikuṇāmalaya, Sri Lanka","City","http://aido.bsvgateway.org/api/locations/122112165/",81.2330048865434,81.2330048865434,8.56900236974827,"Gastroenteritis"
"96469804.163",2009-03-24,2009-03-24,0,96469804,"59","96469804","PT1H","http://aido.bsvgateway.org/api/locations/96469804/","Trincomalee","Trincomalee, Trikuṇāmalaya, Sri Lanka","City","http://aido.bsvgateway.org/api/locations/122112165/",8.56900236974827,81.2330048865434,8.56900236974827,"Gastroenteritis"
"96469804.164",2009-03-24,2009-03-24,0,96469804,"59","96469804","PT1H","http://aido.bsvgateway.org/api/locations/96469804/","Trincomalee","Trincomalee, Trikuṇāmalaya, Sri Lanka","City","http://aido.bsvgateway.org/api/locations/122112165/",81.2330048865434,81.2330048865434,8.56900236974827,"Gastroenteritis"
"96469804.165",2009-03-25,2009-03-24,1,96469804,"59","96469804","PT1H","http://aido.bsvgateway.org/api/locations/96469804/","Trincomalee","Trincomalee, Trikuṇāmalaya, Sri Lanka","City","http://aido.bsvgateway.org/api/locations/122112165/",8.56900236974827,81.2330048865434,8.56900236974827,"Gastroenteritis"
