"","end","start","value","id","disease","location","duration","url","name","full_name","admin_level_name","parent","centroid_lat_long","longitude","latitude","disease_name"
"142073505.262",2009-06-08,2009-06-07,1,142073505,"51","142073505","P1D","http://aido.bsvgateway.org/api/locations/142073505/","Sichuan","Sichuan, China","State","http://aido.bsvgateway.org/api/locations/149387683/",30.6141195708907,102.702846848749,30.6141195708907,"Shigellosis"
"142073505.263",2009-06-09,2009-06-08,1,142073505,"51","142073505","P1D","http://aido.bsvgateway.org/api/locations/142073505/","Sichuan","Sichuan, China","State","http://aido.bsvgateway.org/api/locations/149387683/",102.702846848749,102.702846848749,30.6141195708907,"Shigellosis"
"142073505.264",2009-06-10,2009-06-09,5,142073505,"51","142073505","P1D","http://aido.bsvgateway.org/api/locations/142073505/","Sichuan","Sichuan, China","State","http://aido.bsvgateway.org/api/locations/149387683/",30.6141195708907,102.702846848749,30.6141195708907,"Shigellosis"
"142073505.265",2009-06-11,2009-06-10,15,142073505,"51","142073505","P1D","http://aido.bsvgateway.org/api/locations/142073505/","Sichuan","Sichuan, China","State","http://aido.bsvgateway.org/api/locations/149387683/",102.702846848749,102.702846848749,30.6141195708907,"Shigellosis"
"142073505.266",2009-06-12,2009-06-11,20,142073505,"51","142073505","P1D","http://aido.bsvgateway.org/api/locations/142073505/","Sichuan","Sichuan, China","State","http://aido.bsvgateway.org/api/locations/149387683/",30.6141195708907,102.702846848749,30.6141195708907,"Shigellosis"
"142073505.267",2009-06-13,2009-06-12,40,142073505,"51","142073505","P1D","http://aido.bsvgateway.org/api/locations/142073505/","Sichuan","Sichuan, China","State","http://aido.bsvgateway.org/api/locations/149387683/",102.702846848749,102.702846848749,30.6141195708907,"Shigellosis"
"142073505.268",2009-06-14,2009-06-13,20,142073505,"51","142073505","P1D","http://aido.bsvgateway.org/api/locations/142073505/","Sichuan","Sichuan, China","State","http://aido.bsvgateway.org/api/locations/149387683/",30.6141195708907,102.702846848749,30.6141195708907,"Shigellosis"
"142073505.269",2009-06-15,2009-06-14,5,142073505,"51","142073505","P1D","http://aido.bsvgateway.org/api/locations/142073505/","Sichuan","Sichuan, China","State","http://aido.bsvgateway.org/api/locations/149387683/",102.702846848749,102.702846848749,30.6141195708907,"Shigellosis"
"142073505.270",2009-06-16,2009-06-15,6,142073505,"51","142073505","P1D","http://aido.bsvgateway.org/api/locations/142073505/","Sichuan","Sichuan, China","State","http://aido.bsvgateway.org/api/locations/149387683/",30.6141195708907,102.702846848749,30.6141195708907,"Shigellosis"
"142073505.271",2009-06-17,2009-06-16,5,142073505,"51","142073505","P1D","http://aido.bsvgateway.org/api/locations/142073505/","Sichuan","Sichuan, China","State","http://aido.bsvgateway.org/api/locations/149387683/",102.702846848749,102.702846848749,30.6141195708907,"Shigellosis"
