"","end","start","value","id","disease","location","duration","url","name","full_name","admin_level_name","parent","centroid_lat_long","longitude","latitude","disease_name"
"14308076.1668",2010-07-19,2010-07-12,1,14308076,"39","14308076","P7D","http://aido.bsvgateway.org/api/locations/14308076/","Maharashtra","Maharashtra, India","State","http://aido.bsvgateway.org/api/locations/102446886/",19.4603471309188,76.108257084001,19.4603471309188,"Measles"
"14308076.1669",2010-07-26,2010-07-19,2,14308076,"39","14308076","P7D","http://aido.bsvgateway.org/api/locations/14308076/","Maharashtra","Maharashtra, India","State","http://aido.bsvgateway.org/api/locations/102446886/",76.108257084001,76.108257084001,19.4603471309188,"Measles"
"14308076.1670",2010-08-02,2010-07-26,3,14308076,"39","14308076","P7D","http://aido.bsvgateway.org/api/locations/14308076/","Maharashtra","Maharashtra, India","State","http://aido.bsvgateway.org/api/locations/102446886/",19.4603471309188,76.108257084001,19.4603471309188,"Measles"
"14308076.1671",2010-08-09,2010-08-02,4,14308076,"39","14308076","P7D","http://aido.bsvgateway.org/api/locations/14308076/","Maharashtra","Maharashtra, India","State","http://aido.bsvgateway.org/api/locations/102446886/",76.108257084001,76.108257084001,19.4603471309188,"Measles"
"14308076.1672",2010-08-16,2010-08-09,7,14308076,"39","14308076","P7D","http://aido.bsvgateway.org/api/locations/14308076/","Maharashtra","Maharashtra, India","State","http://aido.bsvgateway.org/api/locations/102446886/",19.4603471309188,76.108257084001,19.4603471309188,"Measles"
"14308076.1673",2010-08-23,2010-08-16,6,14308076,"39","14308076","P7D","http://aido.bsvgateway.org/api/locations/14308076/","Maharashtra","Maharashtra, India","State","http://aido.bsvgateway.org/api/locations/102446886/",76.108257084001,76.108257084001,19.4603471309188,"Measles"
"14308076.1674",2010-08-30,2010-08-23,2,14308076,"39","14308076","P7D","http://aido.bsvgateway.org/api/locations/14308076/","Maharashtra","Maharashtra, India","State","http://aido.bsvgateway.org/api/locations/102446886/",19.4603471309188,76.108257084001,19.4603471309188,"Measles"
"14308076.1675",2010-09-06,2010-08-30,9,14308076,"39","14308076","P7D","http://aido.bsvgateway.org/api/locations/14308076/","Maharashtra","Maharashtra, India","State","http://aido.bsvgateway.org/api/locations/102446886/",76.108257084001,76.108257084001,19.4603471309188,"Measles"
"14308076.1676",2010-09-13,2010-09-06,0,14308076,"39","14308076","P7D","http://aido.bsvgateway.org/api/locations/14308076/","Maharashtra","Maharashtra, India","State","http://aido.bsvgateway.org/api/locations/102446886/",19.4603471309188,76.108257084001,19.4603471309188,"Measles"
"14308076.1677",2010-09-20,2010-09-13,2,14308076,"39","14308076","P7D","http://aido.bsvgateway.org/api/locations/14308076/","Maharashtra","Maharashtra, India","State","http://aido.bsvgateway.org/api/locations/102446886/",76.108257084001,76.108257084001,19.4603471309188,"Measles"
"14308076.1678",2010-09-27,2010-09-20,0,14308076,"39","14308076","P7D","http://aido.bsvgateway.org/api/locations/14308076/","Maharashtra","Maharashtra, India","State","http://aido.bsvgateway.org/api/locations/102446886/",19.4603471309188,76.108257084001,19.4603471309188,"Measles"
"14308076.1679",2010-10-04,2010-09-27,6,14308076,"39","14308076","P7D","http://aido.bsvgateway.org/api/locations/14308076/","Maharashtra","Maharashtra, India","State","http://aido.bsvgateway.org/api/locations/102446886/",76.108257084001,76.108257084001,19.4603471309188,"Measles"
"14308076.1680",2010-10-11,2010-10-04,9,14308076,"39","14308076","P7D","http://aido.bsvgateway.org/api/locations/14308076/","Maharashtra","Maharashtra, India","State","http://aido.bsvgateway.org/api/locations/102446886/",19.4603471309188,76.108257084001,19.4603471309188,"Measles"
"14308076.1681",2010-10-18,2010-10-11,13,14308076,"39","14308076","P7D","http://aido.bsvgateway.org/api/locations/14308076/","Maharashtra","Maharashtra, India","State","http://aido.bsvgateway.org/api/locations/102446886/",76.108257084001,76.108257084001,19.4603471309188,"Measles"
"14308076.1682",2010-10-25,2010-10-18,10,14308076,"39","14308076","P7D","http://aido.bsvgateway.org/api/locations/14308076/","Maharashtra","Maharashtra, India","State","http://aido.bsvgateway.org/api/locations/102446886/",19.4603471309188,76.108257084001,19.4603471309188,"Measles"
"14308076.1683",2010-11-01,2010-10-25,14,14308076,"39","14308076","P7D","http://aido.bsvgateway.org/api/locations/14308076/","Maharashtra","Maharashtra, India","State","http://aido.bsvgateway.org/api/locations/102446886/",76.108257084001,76.108257084001,19.4603471309188,"Measles"
"14308076.1684",2010-11-08,2010-11-01,14,14308076,"39","14308076","P7D","http://aido.bsvgateway.org/api/locations/14308076/","Maharashtra","Maharashtra, India","State","http://aido.bsvgateway.org/api/locations/102446886/",19.4603471309188,76.108257084001,19.4603471309188,"Measles"
"14308076.1685",2010-11-15,2010-11-08,24,14308076,"39","14308076","P7D","http://aido.bsvgateway.org/api/locations/14308076/","Maharashtra","Maharashtra, India","State","http://aido.bsvgateway.org/api/locations/102446886/",76.108257084001,76.108257084001,19.4603471309188,"Measles"
"14308076.1686",2010-11-22,2010-11-15,19,14308076,"39","14308076","P7D","http://aido.bsvgateway.org/api/locations/14308076/","Maharashtra","Maharashtra, India","State","http://aido.bsvgateway.org/api/locations/102446886/",19.4603471309188,76.108257084001,19.4603471309188,"Measles"
"14308076.1687",2010-11-29,2010-11-22,15,14308076,"39","14308076","P7D","http://aido.bsvgateway.org/api/locations/14308076/","Maharashtra","Maharashtra, India","State","http://aido.bsvgateway.org/api/locations/102446886/",76.108257084001,76.108257084001,19.4603471309188,"Measles"
"14308076.1688",2010-12-06,2010-11-29,15,14308076,"39","14308076","P7D","http://aido.bsvgateway.org/api/locations/14308076/","Maharashtra","Maharashtra, India","State","http://aido.bsvgateway.org/api/locations/102446886/",19.4603471309188,76.108257084001,19.4603471309188,"Measles"
"14308076.1689",2010-12-13,2010-12-06,24,14308076,"39","14308076","P7D","http://aido.bsvgateway.org/api/locations/14308076/","Maharashtra","Maharashtra, India","State","http://aido.bsvgateway.org/api/locations/102446886/",76.108257084001,76.108257084001,19.4603471309188,"Measles"
"14308076.1690",2010-12-20,2010-12-13,21,14308076,"39","14308076","P7D","http://aido.bsvgateway.org/api/locations/14308076/","Maharashtra","Maharashtra, India","State","http://aido.bsvgateway.org/api/locations/102446886/",19.4603471309188,76.108257084001,19.4603471309188,"Measles"
"14308076.1691",2010-12-27,2010-12-20,24,14308076,"39","14308076","P7D","http://aido.bsvgateway.org/api/locations/14308076/","Maharashtra","Maharashtra, India","State","http://aido.bsvgateway.org/api/locations/102446886/",76.108257084001,76.108257084001,19.4603471309188,"Measles"
"14308076.1692",2011-01-03,2010-12-27,18,14308076,"39","14308076","P7D","http://aido.bsvgateway.org/api/locations/14308076/","Maharashtra","Maharashtra, India","State","http://aido.bsvgateway.org/api/locations/102446886/",19.4603471309188,76.108257084001,19.4603471309188,"Measles"
"14308076.1693",2011-01-10,2011-01-03,18,14308076,"39","14308076","P7D","http://aido.bsvgateway.org/api/locations/14308076/","Maharashtra","Maharashtra, India","State","http://aido.bsvgateway.org/api/locations/102446886/",76.108257084001,76.108257084001,19.4603471309188,"Measles"
"14308076.1694",2011-01-17,2011-01-10,22,14308076,"39","14308076","P7D","http://aido.bsvgateway.org/api/locations/14308076/","Maharashtra","Maharashtra, India","State","http://aido.bsvgateway.org/api/locations/102446886/",19.4603471309188,76.108257084001,19.4603471309188,"Measles"
"14308076.1695",2011-01-24,2011-01-17,14,14308076,"39","14308076","P7D","http://aido.bsvgateway.org/api/locations/14308076/","Maharashtra","Maharashtra, India","State","http://aido.bsvgateway.org/api/locations/102446886/",76.108257084001,76.108257084001,19.4603471309188,"Measles"
"14308076.1696",2011-01-31,2011-01-24,22,14308076,"39","14308076","P7D","http://aido.bsvgateway.org/api/locations/14308076/","Maharashtra","Maharashtra, India","State","http://aido.bsvgateway.org/api/locations/102446886/",19.4603471309188,76.108257084001,19.4603471309188,"Measles"
"14308076.1697",2011-02-07,2011-01-31,16,14308076,"39","14308076","P7D","http://aido.bsvgateway.org/api/locations/14308076/","Maharashtra","Maharashtra, India","State","http://aido.bsvgateway.org/api/locations/102446886/",76.108257084001,76.108257084001,19.4603471309188,"Measles"
"14308076.1698",2011-02-14,2011-02-07,21,14308076,"39","14308076","P7D","http://aido.bsvgateway.org/api/locations/14308076/","Maharashtra","Maharashtra, India","State","http://aido.bsvgateway.org/api/locations/102446886/",19.4603471309188,76.108257084001,19.4603471309188,"Measles"
"14308076.1699",2011-02-21,2011-02-14,27,14308076,"39","14308076","P7D","http://aido.bsvgateway.org/api/locations/14308076/","Maharashtra","Maharashtra, India","State","http://aido.bsvgateway.org/api/locations/102446886/",76.108257084001,76.108257084001,19.4603471309188,"Measles"
"14308076.1700",2011-02-28,2011-02-21,21,14308076,"39","14308076","P7D","http://aido.bsvgateway.org/api/locations/14308076/","Maharashtra","Maharashtra, India","State","http://aido.bsvgateway.org/api/locations/102446886/",19.4603471309188,76.108257084001,19.4603471309188,"Measles"
"14308076.1701",2011-03-07,2011-02-28,28,14308076,"39","14308076","P7D","http://aido.bsvgateway.org/api/locations/14308076/","Maharashtra","Maharashtra, India","State","http://aido.bsvgateway.org/api/locations/102446886/",76.108257084001,76.108257084001,19.4603471309188,"Measles"
"14308076.1702",2011-03-14,2011-03-07,38,14308076,"39","14308076","P7D","http://aido.bsvgateway.org/api/locations/14308076/","Maharashtra","Maharashtra, India","State","http://aido.bsvgateway.org/api/locations/102446886/",19.4603471309188,76.108257084001,19.4603471309188,"Measles"
"14308076.1703",2011-03-21,2011-03-14,26,14308076,"39","14308076","P7D","http://aido.bsvgateway.org/api/locations/14308076/","Maharashtra","Maharashtra, India","State","http://aido.bsvgateway.org/api/locations/102446886/",76.108257084001,76.108257084001,19.4603471309188,"Measles"
"14308076.1704",2011-03-28,2011-03-21,21,14308076,"39","14308076","P7D","http://aido.bsvgateway.org/api/locations/14308076/","Maharashtra","Maharashtra, India","State","http://aido.bsvgateway.org/api/locations/102446886/",19.4603471309188,76.108257084001,19.4603471309188,"Measles"
"14308076.1705",2011-04-04,2011-03-28,1,14308076,"39","14308076","P7D","http://aido.bsvgateway.org/api/locations/14308076/","Maharashtra","Maharashtra, India","State","http://aido.bsvgateway.org/api/locations/102446886/",76.108257084001,76.108257084001,19.4603471309188,"Measles"
"14308076.1706",2011-04-11,2011-04-04,6,14308076,"39","14308076","P7D","http://aido.bsvgateway.org/api/locations/14308076/","Maharashtra","Maharashtra, India","State","http://aido.bsvgateway.org/api/locations/102446886/",19.4603471309188,76.108257084001,19.4603471309188,"Measles"
"14308076.1707",2011-04-18,2011-04-11,7,14308076,"39","14308076","P7D","http://aido.bsvgateway.org/api/locations/14308076/","Maharashtra","Maharashtra, India","State","http://aido.bsvgateway.org/api/locations/102446886/",76.108257084001,76.108257084001,19.4603471309188,"Measles"
"14308076.1708",2011-04-25,2011-04-18,5,14308076,"39","14308076","P7D","http://aido.bsvgateway.org/api/locations/14308076/","Maharashtra","Maharashtra, India","State","http://aido.bsvgateway.org/api/locations/102446886/",19.4603471309188,76.108257084001,19.4603471309188,"Measles"
"14308076.1709",2011-05-02,2011-04-25,3,14308076,"39","14308076","P7D","http://aido.bsvgateway.org/api/locations/14308076/","Maharashtra","Maharashtra, India","State","http://aido.bsvgateway.org/api/locations/102446886/",76.108257084001,76.108257084001,19.4603471309188,"Measles"
"14308076.1710",2011-05-09,2011-05-02,5,14308076,"39","14308076","P7D","http://aido.bsvgateway.org/api/locations/14308076/","Maharashtra","Maharashtra, India","State","http://aido.bsvgateway.org/api/locations/102446886/",19.4603471309188,76.108257084001,19.4603471309188,"Measles"
"14308076.1711",2011-05-16,2011-05-09,2,14308076,"39","14308076","P7D","http://aido.bsvgateway.org/api/locations/14308076/","Maharashtra","Maharashtra, India","State","http://aido.bsvgateway.org/api/locations/102446886/",76.108257084001,76.108257084001,19.4603471309188,"Measles"
"14308076.1712",2011-05-23,2011-05-16,4,14308076,"39","14308076","P7D","http://aido.bsvgateway.org/api/locations/14308076/","Maharashtra","Maharashtra, India","State","http://aido.bsvgateway.org/api/locations/102446886/",19.4603471309188,76.108257084001,19.4603471309188,"Measles"
