"","end","start","value","id","disease","location","duration","url","name","full_name","admin_level_name","parent","centroid_lat_long","longitude","latitude","disease_name"
"227531339.517",2008-08-11,2008-08-04,2,227531339,"56","227531339","P7D","http://aido.bsvgateway.org/api/locations/227531339/","Guyane française","Guyane française, France","State","http://aido.bsvgateway.org/api/locations/181572885/",3.92251290594175,-53.244555234659,3.92251290594174,"Malaria"
"227531339.518",2008-08-18,2008-08-11,2,227531339,"56","227531339","P7D","http://aido.bsvgateway.org/api/locations/227531339/","Guyane française","Guyane française, France","State","http://aido.bsvgateway.org/api/locations/181572885/",-53.244555234659,-53.244555234659,3.92251290594174,"Malaria"
"227531339.519",2008-08-25,2008-08-18,2,227531339,"56","227531339","P7D","http://aido.bsvgateway.org/api/locations/227531339/","Guyane française","Guyane française, France","State","http://aido.bsvgateway.org/api/locations/181572885/",3.92251290594175,-53.244555234659,3.92251290594174,"Malaria"
"227531339.520",2008-09-01,2008-08-25,2,227531339,"56","227531339","P7D","http://aido.bsvgateway.org/api/locations/227531339/","Guyane française","Guyane française, France","State","http://aido.bsvgateway.org/api/locations/181572885/",-53.244555234659,-53.244555234659,3.92251290594174,"Malaria"
"227531339.521",2008-09-08,2008-09-01,1,227531339,"56","227531339","P7D","http://aido.bsvgateway.org/api/locations/227531339/","Guyane française","Guyane française, France","State","http://aido.bsvgateway.org/api/locations/181572885/",3.92251290594175,-53.244555234659,3.92251290594174,"Malaria"
"227531339.522",2008-09-15,2008-09-08,1,227531339,"56","227531339","P7D","http://aido.bsvgateway.org/api/locations/227531339/","Guyane française","Guyane française, France","State","http://aido.bsvgateway.org/api/locations/181572885/",-53.244555234659,-53.244555234659,3.92251290594174,"Malaria"
"227531339.523",2008-09-22,2008-09-15,0,227531339,"56","227531339","P7D","http://aido.bsvgateway.org/api/locations/227531339/","Guyane française","Guyane française, France","State","http://aido.bsvgateway.org/api/locations/181572885/",3.92251290594175,-53.244555234659,3.92251290594174,"Malaria"
"227531339.524",2008-09-29,2008-09-22,1,227531339,"56","227531339","P7D","http://aido.bsvgateway.org/api/locations/227531339/","Guyane française","Guyane française, France","State","http://aido.bsvgateway.org/api/locations/181572885/",-53.244555234659,-53.244555234659,3.92251290594174,"Malaria"
"227531339.525",2008-10-06,2008-09-29,0,227531339,"56","227531339","P7D","http://aido.bsvgateway.org/api/locations/227531339/","Guyane française","Guyane française, France","State","http://aido.bsvgateway.org/api/locations/181572885/",3.92251290594175,-53.244555234659,3.92251290594174,"Malaria"
"227531339.526",2008-10-13,2008-10-06,2,227531339,"56","227531339","P7D","http://aido.bsvgateway.org/api/locations/227531339/","Guyane française","Guyane française, France","State","http://aido.bsvgateway.org/api/locations/181572885/",-53.244555234659,-53.244555234659,3.92251290594174,"Malaria"
"227531339.527",2008-10-20,2008-10-13,6,227531339,"56","227531339","P7D","http://aido.bsvgateway.org/api/locations/227531339/","Guyane française","Guyane française, France","State","http://aido.bsvgateway.org/api/locations/181572885/",3.92251290594175,-53.244555234659,3.92251290594174,"Malaria"
"227531339.528",2008-10-27,2008-10-20,10,227531339,"56","227531339","P7D","http://aido.bsvgateway.org/api/locations/227531339/","Guyane française","Guyane française, France","State","http://aido.bsvgateway.org/api/locations/181572885/",-53.244555234659,-53.244555234659,3.92251290594174,"Malaria"
"227531339.529",2008-11-03,2008-10-27,8,227531339,"56","227531339","P7D","http://aido.bsvgateway.org/api/locations/227531339/","Guyane française","Guyane française, France","State","http://aido.bsvgateway.org/api/locations/181572885/",3.92251290594175,-53.244555234659,3.92251290594174,"Malaria"
"227531339.530",2008-11-10,2008-11-03,8,227531339,"56","227531339","P7D","http://aido.bsvgateway.org/api/locations/227531339/","Guyane française","Guyane française, France","State","http://aido.bsvgateway.org/api/locations/181572885/",-53.244555234659,-53.244555234659,3.92251290594174,"Malaria"
"227531339.531",2008-11-17,2008-11-10,6,227531339,"56","227531339","P7D","http://aido.bsvgateway.org/api/locations/227531339/","Guyane française","Guyane française, France","State","http://aido.bsvgateway.org/api/locations/181572885/",3.92251290594175,-53.244555234659,3.92251290594174,"Malaria"
"227531339.532",2008-11-24,2008-11-17,12,227531339,"56","227531339","P7D","http://aido.bsvgateway.org/api/locations/227531339/","Guyane française","Guyane française, France","State","http://aido.bsvgateway.org/api/locations/181572885/",-53.244555234659,-53.244555234659,3.92251290594174,"Malaria"
"227531339.533",2008-12-01,2008-11-24,3,227531339,"56","227531339","P7D","http://aido.bsvgateway.org/api/locations/227531339/","Guyane française","Guyane française, France","State","http://aido.bsvgateway.org/api/locations/181572885/",3.92251290594175,-53.244555234659,3.92251290594174,"Malaria"
"227531339.534",2008-12-08,2008-12-01,6,227531339,"56","227531339","P7D","http://aido.bsvgateway.org/api/locations/227531339/","Guyane française","Guyane française, France","State","http://aido.bsvgateway.org/api/locations/181572885/",-53.244555234659,-53.244555234659,3.92251290594174,"Malaria"
"227531339.535",2008-12-15,2008-12-08,5,227531339,"56","227531339","P7D","http://aido.bsvgateway.org/api/locations/227531339/","Guyane française","Guyane française, France","State","http://aido.bsvgateway.org/api/locations/181572885/",3.92251290594175,-53.244555234659,3.92251290594174,"Malaria"
"227531339.536",2008-12-22,2008-12-15,9,227531339,"56","227531339","P7D","http://aido.bsvgateway.org/api/locations/227531339/","Guyane française","Guyane française, France","State","http://aido.bsvgateway.org/api/locations/181572885/",-53.244555234659,-53.244555234659,3.92251290594174,"Malaria"
"227531339.537",2008-12-29,2008-12-22,3,227531339,"56","227531339","P7D","http://aido.bsvgateway.org/api/locations/227531339/","Guyane française","Guyane française, France","State","http://aido.bsvgateway.org/api/locations/181572885/",3.92251290594175,-53.244555234659,3.92251290594174,"Malaria"
