"","end","start","value","id","disease","location","duration","url","name","full_name","admin_level_name","parent","centroid_lat_long","longitude","latitude","disease_name"
"263703205.89",2011-02-01,2011-01-01,3,263703205,"38","263703205","P1M","http://aido.bsvgateway.org/api/locations/263703205/","Norway","Norway","Country","http://aido.bsvgateway.org/api/locations/216709393/",68.7942729200572,15.4095991559425,68.7942729200572,"Tularemia"
"263703205.90",2011-03-01,2011-02-01,6,263703205,"38","263703205","P1M","http://aido.bsvgateway.org/api/locations/263703205/","Norway","Norway","Country","http://aido.bsvgateway.org/api/locations/216709393/",15.4095991559425,15.4095991559425,68.7942729200572,"Tularemia"
"263703205.91",2011-04-01,2011-03-01,6,263703205,"38","263703205","P1M","http://aido.bsvgateway.org/api/locations/263703205/","Norway","Norway","Country","http://aido.bsvgateway.org/api/locations/216709393/",68.7942729200572,15.4095991559425,68.7942729200572,"Tularemia"
"263703205.92",2011-05-01,2011-04-01,3,263703205,"38","263703205","P1M","http://aido.bsvgateway.org/api/locations/263703205/","Norway","Norway","Country","http://aido.bsvgateway.org/api/locations/216709393/",15.4095991559425,15.4095991559425,68.7942729200572,"Tularemia"
"263703205.93",2011-06-01,2011-05-01,2,263703205,"38","263703205","P1M","http://aido.bsvgateway.org/api/locations/263703205/","Norway","Norway","Country","http://aido.bsvgateway.org/api/locations/216709393/",68.7942729200572,15.4095991559425,68.7942729200572,"Tularemia"
"263703205.94",2011-07-01,2011-06-01,2,263703205,"38","263703205","P1M","http://aido.bsvgateway.org/api/locations/263703205/","Norway","Norway","Country","http://aido.bsvgateway.org/api/locations/216709393/",15.4095991559425,15.4095991559425,68.7942729200572,"Tularemia"
"263703205.95",2011-08-01,2011-07-01,2,263703205,"38","263703205","P1M","http://aido.bsvgateway.org/api/locations/263703205/","Norway","Norway","Country","http://aido.bsvgateway.org/api/locations/216709393/",68.7942729200572,15.4095991559425,68.7942729200572,"Tularemia"
"263703205.96",2011-09-01,2011-08-01,5,263703205,"38","263703205","P1M","http://aido.bsvgateway.org/api/locations/263703205/","Norway","Norway","Country","http://aido.bsvgateway.org/api/locations/216709393/",15.4095991559425,15.4095991559425,68.7942729200572,"Tularemia"
"263703205.97",2011-10-01,2011-09-01,4,263703205,"38","263703205","P1M","http://aido.bsvgateway.org/api/locations/263703205/","Norway","Norway","Country","http://aido.bsvgateway.org/api/locations/216709393/",68.7942729200572,15.4095991559425,68.7942729200572,"Tularemia"
"263703205.98",2011-11-01,2011-10-01,5,263703205,"38","263703205","P1M","http://aido.bsvgateway.org/api/locations/263703205/","Norway","Norway","Country","http://aido.bsvgateway.org/api/locations/216709393/",15.4095991559425,15.4095991559425,68.7942729200572,"Tularemia"
"263703205.99",2011-12-01,2011-11-01,11,263703205,"38","263703205","P1M","http://aido.bsvgateway.org/api/locations/263703205/","Norway","Norway","Country","http://aido.bsvgateway.org/api/locations/216709393/",68.7942729200572,15.4095991559425,68.7942729200572,"Tularemia"
"263703205.100",2012-01-01,2011-12-01,8,263703205,"38","263703205","P1M","http://aido.bsvgateway.org/api/locations/263703205/","Norway","Norway","Country","http://aido.bsvgateway.org/api/locations/216709393/",15.4095991559425,15.4095991559425,68.7942729200572,"Tularemia"
