"","end","start","value","id","disease","location","duration","url","name","full_name","admin_level_name","parent","centroid_lat_long","longitude","latitude","disease_name"
"62292347.56",2010-03-22,2010-03-15,1,62292347,"76","62292347","P7D","http://aido.bsvgateway.org/api/locations/62292347/","Japan","Japan","Country","http://aido.bsvgateway.org/api/locations/20359812/",37.5511773936149,137.978347609877,37.5511773936149,"Pertussis"
"62292347.57",2010-03-29,2010-03-22,0,62292347,"76","62292347","P7D","http://aido.bsvgateway.org/api/locations/62292347/","Japan","Japan","Country","http://aido.bsvgateway.org/api/locations/20359812/",137.978347609877,137.978347609877,37.5511773936149,"Pertussis"
"62292347.58",2010-04-05,2010-03-29,6,62292347,"76","62292347","P7D","http://aido.bsvgateway.org/api/locations/62292347/","Japan","Japan","Country","http://aido.bsvgateway.org/api/locations/20359812/",37.5511773936149,137.978347609877,37.5511773936149,"Pertussis"
"62292347.59",2010-04-12,2010-04-05,33,62292347,"76","62292347","P7D","http://aido.bsvgateway.org/api/locations/62292347/","Japan","Japan","Country","http://aido.bsvgateway.org/api/locations/20359812/",137.978347609877,137.978347609877,37.5511773936149,"Pertussis"
"62292347.60",2010-04-19,2010-04-12,45,62292347,"76","62292347","P7D","http://aido.bsvgateway.org/api/locations/62292347/","Japan","Japan","Country","http://aido.bsvgateway.org/api/locations/20359812/",37.5511773936149,137.978347609877,37.5511773936149,"Pertussis"
"62292347.61",2010-04-26,2010-04-19,59,62292347,"76","62292347","P7D","http://aido.bsvgateway.org/api/locations/62292347/","Japan","Japan","Country","http://aido.bsvgateway.org/api/locations/20359812/",137.978347609877,137.978347609877,37.5511773936149,"Pertussis"
"62292347.62",2010-05-03,2010-04-26,33,62292347,"76","62292347","P7D","http://aido.bsvgateway.org/api/locations/62292347/","Japan","Japan","Country","http://aido.bsvgateway.org/api/locations/20359812/",37.5511773936149,137.978347609877,37.5511773936149,"Pertussis"
"62292347.63",2010-05-10,2010-05-03,27,62292347,"76","62292347","P7D","http://aido.bsvgateway.org/api/locations/62292347/","Japan","Japan","Country","http://aido.bsvgateway.org/api/locations/20359812/",137.978347609877,137.978347609877,37.5511773936149,"Pertussis"
"62292347.64",2010-05-17,2010-05-10,18,62292347,"76","62292347","P7D","http://aido.bsvgateway.org/api/locations/62292347/","Japan","Japan","Country","http://aido.bsvgateway.org/api/locations/20359812/",37.5511773936149,137.978347609877,37.5511773936149,"Pertussis"
"62292347.65",2010-05-24,2010-05-17,8,62292347,"76","62292347","P7D","http://aido.bsvgateway.org/api/locations/62292347/","Japan","Japan","Country","http://aido.bsvgateway.org/api/locations/20359812/",137.978347609877,137.978347609877,37.5511773936149,"Pertussis"
"62292347.66",2010-05-31,2010-05-24,2,62292347,"76","62292347","P7D","http://aido.bsvgateway.org/api/locations/62292347/","Japan","Japan","Country","http://aido.bsvgateway.org/api/locations/20359812/",37.5511773936149,137.978347609877,37.5511773936149,"Pertussis"
"62292347.67",2010-06-07,2010-05-31,5,62292347,"76","62292347","P7D","http://aido.bsvgateway.org/api/locations/62292347/","Japan","Japan","Country","http://aido.bsvgateway.org/api/locations/20359812/",137.978347609877,137.978347609877,37.5511773936149,"Pertussis"
"62292347.68",2010-06-14,2010-06-07,1,62292347,"76","62292347","P7D","http://aido.bsvgateway.org/api/locations/62292347/","Japan","Japan","Country","http://aido.bsvgateway.org/api/locations/20359812/",37.5511773936149,137.978347609877,37.5511773936149,"Pertussis"
"62292347.69",2010-06-21,2010-06-14,4,62292347,"76","62292347","P7D","http://aido.bsvgateway.org/api/locations/62292347/","Japan","Japan","Country","http://aido.bsvgateway.org/api/locations/20359812/",137.978347609877,137.978347609877,37.5511773936149,"Pertussis"
"62292347.70",2010-06-28,2010-06-21,0,62292347,"76","62292347","P7D","http://aido.bsvgateway.org/api/locations/62292347/","Japan","Japan","Country","http://aido.bsvgateway.org/api/locations/20359812/",37.5511773936149,137.978347609877,37.5511773936149,"Pertussis"
"62292347.71",2010-07-05,2010-06-28,2,62292347,"76","62292347","P7D","http://aido.bsvgateway.org/api/locations/62292347/","Japan","Japan","Country","http://aido.bsvgateway.org/api/locations/20359812/",137.978347609877,137.978347609877,37.5511773936149,"Pertussis"
"62292347.72",2010-07-12,2010-07-05,1,62292347,"76","62292347","P7D","http://aido.bsvgateway.org/api/locations/62292347/","Japan","Japan","Country","http://aido.bsvgateway.org/api/locations/20359812/",37.5511773936149,137.978347609877,37.5511773936149,"Pertussis"
"62292347.73",2010-07-19,2010-07-12,0,62292347,"76","62292347","P7D","http://aido.bsvgateway.org/api/locations/62292347/","Japan","Japan","Country","http://aido.bsvgateway.org/api/locations/20359812/",137.978347609877,137.978347609877,37.5511773936149,"Pertussis"
