"","end","start","value","id","disease","location","duration","url","name","full_name","admin_level_name","parent","centroid_lat_long","longitude","latitude","disease_name"
"113309883.53",2001-09-18,2001-09-17,0,113309883,"65","113309883","P1D","http://aido.bsvgateway.org/api/locations/113309883/","United States of America","United States of America","Country","http://aido.bsvgateway.org/api/locations/71269652/",45.6881134999987,-112.49572628642,45.6881134999987,"Anthrax"
"113309883.54",2001-09-19,2001-09-18,0,113309883,"65","113309883","P1D","http://aido.bsvgateway.org/api/locations/113309883/","United States of America","United States of America","Country","http://aido.bsvgateway.org/api/locations/71269652/",-112.49572628642,-112.49572628642,45.6881134999987,"Anthrax"
"113309883.55",2001-09-20,2001-09-19,0,113309883,"65","113309883","P1D","http://aido.bsvgateway.org/api/locations/113309883/","United States of America","United States of America","Country","http://aido.bsvgateway.org/api/locations/71269652/",45.6881134999987,-112.49572628642,45.6881134999987,"Anthrax"
"113309883.56",2001-09-21,2001-09-20,0,113309883,"65","113309883","P1D","http://aido.bsvgateway.org/api/locations/113309883/","United States of America","United States of America","Country","http://aido.bsvgateway.org/api/locations/71269652/",-112.49572628642,-112.49572628642,45.6881134999987,"Anthrax"
"113309883.57",2001-09-22,2001-09-21,0,113309883,"65","113309883","P1D","http://aido.bsvgateway.org/api/locations/113309883/","United States of America","United States of America","Country","http://aido.bsvgateway.org/api/locations/71269652/",45.6881134999987,-112.49572628642,45.6881134999987,"Anthrax"
"113309883.58",2001-09-23,2001-09-22,1,113309883,"65","113309883","P1D","http://aido.bsvgateway.org/api/locations/113309883/","United States of America","United States of America","Country","http://aido.bsvgateway.org/api/locations/71269652/",-112.49572628642,-112.49572628642,45.6881134999987,"Anthrax"
"113309883.59",2001-09-24,2001-09-23,0,113309883,"65","113309883","P1D","http://aido.bsvgateway.org/api/locations/113309883/","United States of America","United States of America","Country","http://aido.bsvgateway.org/api/locations/71269652/",45.6881134999987,-112.49572628642,45.6881134999987,"Anthrax"
"113309883.60",2001-09-25,2001-09-24,0,113309883,"65","113309883","P1D","http://aido.bsvgateway.org/api/locations/113309883/","United States of America","United States of America","Country","http://aido.bsvgateway.org/api/locations/71269652/",-112.49572628642,-112.49572628642,45.6881134999987,"Anthrax"
"113309883.61",2001-09-26,2001-09-25,1,113309883,"65","113309883","P1D","http://aido.bsvgateway.org/api/locations/113309883/","United States of America","United States of America","Country","http://aido.bsvgateway.org/api/locations/71269652/",45.6881134999987,-112.49572628642,45.6881134999987,"Anthrax"
"113309883.62",2001-09-27,2001-09-26,1,113309883,"65","113309883","P1D","http://aido.bsvgateway.org/api/locations/113309883/","United States of America","United States of America","Country","http://aido.bsvgateway.org/api/locations/71269652/",-112.49572628642,-112.49572628642,45.6881134999987,"Anthrax"
"113309883.63",2001-09-28,2001-09-27,0,113309883,"65","113309883","P1D","http://aido.bsvgateway.org/api/locations/113309883/","United States of America","United States of America","Country","http://aido.bsvgateway.org/api/locations/71269652/",45.6881134999987,-112.49572628642,45.6881134999987,"Anthrax"
"113309883.64",2001-09-29,2001-09-28,3,113309883,"65","113309883","P1D","http://aido.bsvgateway.org/api/locations/113309883/","United States of America","United States of America","Country","http://aido.bsvgateway.org/api/locations/71269652/",-112.49572628642,-112.49572628642,45.6881134999987,"Anthrax"
"113309883.65",2001-09-30,2001-09-29,1,113309883,"65","113309883","P1D","http://aido.bsvgateway.org/api/locations/113309883/","United States of America","United States of America","Country","http://aido.bsvgateway.org/api/locations/71269652/",45.6881134999987,-112.49572628642,45.6881134999987,"Anthrax"
"113309883.66",2001-10-01,2001-09-30,1,113309883,"65","113309883","P1D","http://aido.bsvgateway.org/api/locations/113309883/","United States of America","United States of America","Country","http://aido.bsvgateway.org/api/locations/71269652/",-112.49572628642,-112.49572628642,45.6881134999987,"Anthrax"
"113309883.67",2001-10-02,2001-10-01,1,113309883,"65","113309883","P1D","http://aido.bsvgateway.org/api/locations/113309883/","United States of America","United States of America","Country","http://aido.bsvgateway.org/api/locations/71269652/",45.6881134999987,-112.49572628642,45.6881134999987,"Anthrax"
"113309883.68",2001-10-03,2001-10-02,0,113309883,"65","113309883","P1D","http://aido.bsvgateway.org/api/locations/113309883/","United States of America","United States of America","Country","http://aido.bsvgateway.org/api/locations/71269652/",-112.49572628642,-112.49572628642,45.6881134999987,"Anthrax"
"113309883.69",2001-10-04,2001-10-03,0,113309883,"65","113309883","P1D","http://aido.bsvgateway.org/api/locations/113309883/","United States of America","United States of America","Country","http://aido.bsvgateway.org/api/locations/71269652/",45.6881134999987,-112.49572628642,45.6881134999987,"Anthrax"
"113309883.70",2001-10-05,2001-10-04,0,113309883,"65","113309883","P1D","http://aido.bsvgateway.org/api/locations/113309883/","United States of America","United States of America","Country","http://aido.bsvgateway.org/api/locations/71269652/",-112.49572628642,-112.49572628642,45.6881134999987,"Anthrax"
"113309883.71",2001-10-06,2001-10-05,0,113309883,"65","113309883","P1D","http://aido.bsvgateway.org/api/locations/113309883/","United States of America","United States of America","Country","http://aido.bsvgateway.org/api/locations/71269652/",45.6881134999987,-112.49572628642,45.6881134999987,"Anthrax"
"113309883.72",2001-10-07,2001-10-06,0,113309883,"65","113309883","P1D","http://aido.bsvgateway.org/api/locations/113309883/","United States of America","United States of America","Country","http://aido.bsvgateway.org/api/locations/71269652/",-112.49572628642,-112.49572628642,45.6881134999987,"Anthrax"
"113309883.73",2001-10-08,2001-10-07,0,113309883,"65","113309883","P1D","http://aido.bsvgateway.org/api/locations/113309883/","United States of America","United States of America","Country","http://aido.bsvgateway.org/api/locations/71269652/",45.6881134999987,-112.49572628642,45.6881134999987,"Anthrax"
"113309883.74",2001-10-09,2001-10-08,0,113309883,"65","113309883","P1D","http://aido.bsvgateway.org/api/locations/113309883/","United States of America","United States of America","Country","http://aido.bsvgateway.org/api/locations/71269652/",-112.49572628642,-112.49572628642,45.6881134999987,"Anthrax"
"113309883.75",2001-10-10,2001-10-09,0,113309883,"65","113309883","P1D","http://aido.bsvgateway.org/api/locations/113309883/","United States of America","United States of America","Country","http://aido.bsvgateway.org/api/locations/71269652/",45.6881134999987,-112.49572628642,45.6881134999987,"Anthrax"
"113309883.76",2001-10-11,2001-10-10,0,113309883,"65","113309883","P1D","http://aido.bsvgateway.org/api/locations/113309883/","United States of America","United States of America","Country","http://aido.bsvgateway.org/api/locations/71269652/",-112.49572628642,-112.49572628642,45.6881134999987,"Anthrax"
"113309883.77",2001-10-12,2001-10-11,0,113309883,"65","113309883","P1D","http://aido.bsvgateway.org/api/locations/113309883/","United States of America","United States of America","Country","http://aido.bsvgateway.org/api/locations/71269652/",45.6881134999987,-112.49572628642,45.6881134999987,"Anthrax"
"113309883.78",2001-10-13,2001-10-12,0,113309883,"65","113309883","P1D","http://aido.bsvgateway.org/api/locations/113309883/","United States of America","United States of America","Country","http://aido.bsvgateway.org/api/locations/71269652/",-112.49572628642,-112.49572628642,45.6881134999987,"Anthrax"
"113309883.79",2001-10-14,2001-10-13,0,113309883,"65","113309883","P1D","http://aido.bsvgateway.org/api/locations/113309883/","United States of America","United States of America","Country","http://aido.bsvgateway.org/api/locations/71269652/",45.6881134999987,-112.49572628642,45.6881134999987,"Anthrax"
"113309883.80",2001-10-15,2001-10-14,2,113309883,"65","113309883","P1D","http://aido.bsvgateway.org/api/locations/113309883/","United States of America","United States of America","Country","http://aido.bsvgateway.org/api/locations/71269652/",-112.49572628642,-112.49572628642,45.6881134999987,"Anthrax"
"113309883.81",2001-10-16,2001-10-15,1,113309883,"65","113309883","P1D","http://aido.bsvgateway.org/api/locations/113309883/","United States of America","United States of America","Country","http://aido.bsvgateway.org/api/locations/71269652/",45.6881134999987,-112.49572628642,45.6881134999987,"Anthrax"
"113309883.82",2001-10-17,2001-10-16,4,113309883,"65","113309883","P1D","http://aido.bsvgateway.org/api/locations/113309883/","United States of America","United States of America","Country","http://aido.bsvgateway.org/api/locations/71269652/",-112.49572628642,-112.49572628642,45.6881134999987,"Anthrax"
"113309883.83",2001-10-18,2001-10-17,1,113309883,"65","113309883","P1D","http://aido.bsvgateway.org/api/locations/113309883/","United States of America","United States of America","Country","http://aido.bsvgateway.org/api/locations/71269652/",45.6881134999987,-112.49572628642,45.6881134999987,"Anthrax"
"113309883.84",2001-10-19,2001-10-18,0,113309883,"65","113309883","P1D","http://aido.bsvgateway.org/api/locations/113309883/","United States of America","United States of America","Country","http://aido.bsvgateway.org/api/locations/71269652/",-112.49572628642,-112.49572628642,45.6881134999987,"Anthrax"
"113309883.85",2001-10-20,2001-10-19,1,113309883,"65","113309883","P1D","http://aido.bsvgateway.org/api/locations/113309883/","United States of America","United States of America","Country","http://aido.bsvgateway.org/api/locations/71269652/",45.6881134999987,-112.49572628642,45.6881134999987,"Anthrax"
"113309883.86",2001-10-21,2001-10-20,0,113309883,"65","113309883","P1D","http://aido.bsvgateway.org/api/locations/113309883/","United States of America","United States of America","Country","http://aido.bsvgateway.org/api/locations/71269652/",-112.49572628642,-112.49572628642,45.6881134999987,"Anthrax"
"113309883.87",2001-10-22,2001-10-21,0,113309883,"65","113309883","P1D","http://aido.bsvgateway.org/api/locations/113309883/","United States of America","United States of America","Country","http://aido.bsvgateway.org/api/locations/71269652/",45.6881134999987,-112.49572628642,45.6881134999987,"Anthrax"
"113309883.88",2001-10-23,2001-10-22,1,113309883,"65","113309883","P1D","http://aido.bsvgateway.org/api/locations/113309883/","United States of America","United States of America","Country","http://aido.bsvgateway.org/api/locations/71269652/",-112.49572628642,-112.49572628642,45.6881134999987,"Anthrax"
"113309883.89",2001-10-24,2001-10-23,1,113309883,"65","113309883","P1D","http://aido.bsvgateway.org/api/locations/113309883/","United States of America","United States of America","Country","http://aido.bsvgateway.org/api/locations/71269652/",45.6881134999987,-112.49572628642,45.6881134999987,"Anthrax"
"113309883.90",2001-10-25,2001-10-24,0,113309883,"65","113309883","P1D","http://aido.bsvgateway.org/api/locations/113309883/","United States of America","United States of America","Country","http://aido.bsvgateway.org/api/locations/71269652/",-112.49572628642,-112.49572628642,45.6881134999987,"Anthrax"
"113309883.91",2001-10-26,2001-10-25,1,113309883,"65","113309883","P1D","http://aido.bsvgateway.org/api/locations/113309883/","United States of America","United States of America","Country","http://aido.bsvgateway.org/api/locations/71269652/",45.6881134999987,-112.49572628642,45.6881134999987,"Anthrax"
"113309883.92",2001-10-27,2001-10-26,0,113309883,"65","113309883","P1D","http://aido.bsvgateway.org/api/locations/113309883/","United States of America","United States of America","Country","http://aido.bsvgateway.org/api/locations/71269652/",-112.49572628642,-112.49572628642,45.6881134999987,"Anthrax"
"113309883.93",2001-10-28,2001-10-27,0,113309883,"65","113309883","P1D","http://aido.bsvgateway.org/api/locations/113309883/","United States of America","United States of America","Country","http://aido.bsvgateway.org/api/locations/71269652/",45.6881134999987,-112.49572628642,45.6881134999987,"Anthrax"
"113309883.94",2001-10-29,2001-10-28,0,113309883,"65","113309883","P1D","http://aido.bsvgateway.org/api/locations/113309883/","United States of America","United States of America","Country","http://aido.bsvgateway.org/api/locations/71269652/",-112.49572628642,-112.49572628642,45.6881134999987,"Anthrax"
"113309883.95",2001-10-30,2001-10-29,0,113309883,"65","113309883","P1D","http://aido.bsvgateway.org/api/locations/113309883/","United States of America","United States of America","Country","http://aido.bsvgateway.org/api/locations/71269652/",45.6881134999987,-112.49572628642,45.6881134999987,"Anthrax"
"113309883.96",2001-10-31,2001-10-30,0,113309883,"65","113309883","P1D","http://aido.bsvgateway.org/api/locations/113309883/","United States of America","United States of America","Country","http://aido.bsvgateway.org/api/locations/71269652/",-112.49572628642,-112.49572628642,45.6881134999987,"Anthrax"
"113309883.97",2001-11-01,2001-10-31,0,113309883,"65","113309883","P1D","http://aido.bsvgateway.org/api/locations/113309883/","United States of America","United States of America","Country","http://aido.bsvgateway.org/api/locations/71269652/",45.6881134999987,-112.49572628642,45.6881134999987,"Anthrax"
"113309883.98",2001-11-02,2001-11-01,0,113309883,"65","113309883","P1D","http://aido.bsvgateway.org/api/locations/113309883/","United States of America","United States of America","Country","http://aido.bsvgateway.org/api/locations/71269652/",-112.49572628642,-112.49572628642,45.6881134999987,"Anthrax"
"113309883.99",2001-11-03,2001-11-02,0,113309883,"65","113309883","P1D","http://aido.bsvgateway.org/api/locations/113309883/","United States of America","United States of America","Country","http://aido.bsvgateway.org/api/locations/71269652/",45.6881134999987,-112.49572628642,45.6881134999987,"Anthrax"
"113309883.100",2001-11-04,2001-11-03,0,113309883,"65","113309883","P1D","http://aido.bsvgateway.org/api/locations/113309883/","United States of America","United States of America","Country","http://aido.bsvgateway.org/api/locations/71269652/",-112.49572628642,-112.49572628642,45.6881134999987,"Anthrax"
"113309883.101",2001-11-05,2001-11-04,0,113309883,"65","113309883","P1D","http://aido.bsvgateway.org/api/locations/113309883/","United States of America","United States of America","Country","http://aido.bsvgateway.org/api/locations/71269652/",45.6881134999987,-112.49572628642,45.6881134999987,"Anthrax"
"113309883.102",2001-11-06,2001-11-05,0,113309883,"65","113309883","P1D","http://aido.bsvgateway.org/api/locations/113309883/","United States of America","United States of America","Country","http://aido.bsvgateway.org/api/locations/71269652/",-112.49572628642,-112.49572628642,45.6881134999987,"Anthrax"
"113309883.103",2001-11-07,2001-11-06,0,113309883,"65","113309883","P1D","http://aido.bsvgateway.org/api/locations/113309883/","United States of America","United States of America","Country","http://aido.bsvgateway.org/api/locations/71269652/",45.6881134999987,-112.49572628642,45.6881134999987,"Anthrax"
"113309883.104",2001-11-08,2001-11-07,0,113309883,"65","113309883","P1D","http://aido.bsvgateway.org/api/locations/113309883/","United States of America","United States of America","Country","http://aido.bsvgateway.org/api/locations/71269652/",-112.49572628642,-112.49572628642,45.6881134999987,"Anthrax"
"113309883.105",2001-11-09,2001-11-08,0,113309883,"65","113309883","P1D","http://aido.bsvgateway.org/api/locations/113309883/","United States of America","United States of America","Country","http://aido.bsvgateway.org/api/locations/71269652/",45.6881134999987,-112.49572628642,45.6881134999987,"Anthrax"
"113309883.106",2001-11-10,2001-11-09,0,113309883,"65","113309883","P1D","http://aido.bsvgateway.org/api/locations/113309883/","United States of America","United States of America","Country","http://aido.bsvgateway.org/api/locations/71269652/",-112.49572628642,-112.49572628642,45.6881134999987,"Anthrax"
"113309883.107",2001-11-11,2001-11-10,0,113309883,"65","113309883","P1D","http://aido.bsvgateway.org/api/locations/113309883/","United States of America","United States of America","Country","http://aido.bsvgateway.org/api/locations/71269652/",45.6881134999987,-112.49572628642,45.6881134999987,"Anthrax"
"113309883.108",2001-11-12,2001-11-11,0,113309883,"65","113309883","P1D","http://aido.bsvgateway.org/api/locations/113309883/","United States of America","United States of America","Country","http://aido.bsvgateway.org/api/locations/71269652/",-112.49572628642,-112.49572628642,45.6881134999987,"Anthrax"
"113309883.109",2001-11-13,2001-11-12,0,113309883,"65","113309883","P1D","http://aido.bsvgateway.org/api/locations/113309883/","United States of America","United States of America","Country","http://aido.bsvgateway.org/api/locations/71269652/",45.6881134999987,-112.49572628642,45.6881134999987,"Anthrax"
"113309883.110",2001-11-14,2001-11-13,0,113309883,"65","113309883","P1D","http://aido.bsvgateway.org/api/locations/113309883/","United States of America","United States of America","Country","http://aido.bsvgateway.org/api/locations/71269652/",-112.49572628642,-112.49572628642,45.6881134999987,"Anthrax"
"113309883.111",2001-11-15,2001-11-14,1,113309883,"65","113309883","P1D","http://aido.bsvgateway.org/api/locations/113309883/","United States of America","United States of America","Country","http://aido.bsvgateway.org/api/locations/71269652/",45.6881134999987,-112.49572628642,45.6881134999987,"Anthrax"
"113309883.112",2001-11-16,2001-11-15,0,113309883,"65","113309883","P1D","http://aido.bsvgateway.org/api/locations/113309883/","United States of America","United States of America","Country","http://aido.bsvgateway.org/api/locations/71269652/",-112.49572628642,-112.49572628642,45.6881134999987,"Anthrax"
"113309883.113",2001-11-17,2001-11-16,0,113309883,"65","113309883","P1D","http://aido.bsvgateway.org/api/locations/113309883/","United States of America","United States of America","Country","http://aido.bsvgateway.org/api/locations/71269652/",45.6881134999987,-112.49572628642,45.6881134999987,"Anthrax"
