"","end","start","value","id","disease","location","duration","url","name","full_name","admin_level_name","parent","centroid_lat_long","longitude","latitude","disease_name"
"214750121.1",2012-02-19,2012-02-18,1,214750121,"29","214750121","P1D","http://aido.bsvgateway.org/api/locations/214750121/","Egypt","Egypt","Country","http://aido.bsvgateway.org/api/locations/93632501/",26.492919604939,29.8612087096256,26.492919604939,"Foot And Mouth Disease"
"214750121.2",2012-02-20,2012-02-19,0,214750121,"29","214750121","P1D","http://aido.bsvgateway.org/api/locations/214750121/","Egypt","Egypt","Country","http://aido.bsvgateway.org/api/locations/93632501/",29.8612087096256,29.8612087096256,26.492919604939,"Foot And Mouth Disease"
"214750121.3",2012-02-21,2012-02-20,0,214750121,"29","214750121","P1D","http://aido.bsvgateway.org/api/locations/214750121/","Egypt","Egypt","Country","http://aido.bsvgateway.org/api/locations/93632501/",26.492919604939,29.8612087096256,26.492919604939,"Foot And Mouth Disease"
"214750121.4",2012-02-22,2012-02-21,0,214750121,"29","214750121","P1D","http://aido.bsvgateway.org/api/locations/214750121/","Egypt","Egypt","Country","http://aido.bsvgateway.org/api/locations/93632501/",29.8612087096256,29.8612087096256,26.492919604939,"Foot And Mouth Disease"
"214750121.5",2012-02-23,2012-02-22,0,214750121,"29","214750121","P1D","http://aido.bsvgateway.org/api/locations/214750121/","Egypt","Egypt","Country","http://aido.bsvgateway.org/api/locations/93632501/",26.492919604939,29.8612087096256,26.492919604939,"Foot And Mouth Disease"
"214750121.6",2012-02-24,2012-02-23,0,214750121,"29","214750121","P1D","http://aido.bsvgateway.org/api/locations/214750121/","Egypt","Egypt","Country","http://aido.bsvgateway.org/api/locations/93632501/",29.8612087096256,29.8612087096256,26.492919604939,"Foot And Mouth Disease"
"214750121.7",2012-02-25,2012-02-24,0,214750121,"29","214750121","P1D","http://aido.bsvgateway.org/api/locations/214750121/","Egypt","Egypt","Country","http://aido.bsvgateway.org/api/locations/93632501/",26.492919604939,29.8612087096256,26.492919604939,"Foot And Mouth Disease"
"214750121.8",2012-02-26,2012-02-25,0,214750121,"29","214750121","P1D","http://aido.bsvgateway.org/api/locations/214750121/","Egypt","Egypt","Country","http://aido.bsvgateway.org/api/locations/93632501/",29.8612087096256,29.8612087096256,26.492919604939,"Foot And Mouth Disease"
"214750121.9",2012-02-27,2012-02-26,0,214750121,"29","214750121","P1D","http://aido.bsvgateway.org/api/locations/214750121/","Egypt","Egypt","Country","http://aido.bsvgateway.org/api/locations/93632501/",26.492919604939,29.8612087096256,26.492919604939,"Foot And Mouth Disease"
"214750121.10",2012-02-28,2012-02-27,4,214750121,"29","214750121","P1D","http://aido.bsvgateway.org/api/locations/214750121/","Egypt","Egypt","Country","http://aido.bsvgateway.org/api/locations/93632501/",29.8612087096256,29.8612087096256,26.492919604939,"Foot And Mouth Disease"
"214750121.11",2012-02-29,2012-02-28,0,214750121,"29","214750121","P1D","http://aido.bsvgateway.org/api/locations/214750121/","Egypt","Egypt","Country","http://aido.bsvgateway.org/api/locations/93632501/",26.492919604939,29.8612087096256,26.492919604939,"Foot And Mouth Disease"
"214750121.12",2012-03-01,2012-02-29,3,214750121,"29","214750121","P1D","http://aido.bsvgateway.org/api/locations/214750121/","Egypt","Egypt","Country","http://aido.bsvgateway.org/api/locations/93632501/",29.8612087096256,29.8612087096256,26.492919604939,"Foot And Mouth Disease"
"214750121.13",2012-03-02,2012-03-01,0,214750121,"29","214750121","P1D","http://aido.bsvgateway.org/api/locations/214750121/","Egypt","Egypt","Country","http://aido.bsvgateway.org/api/locations/93632501/",26.492919604939,29.8612087096256,26.492919604939,"Foot And Mouth Disease"
"214750121.14",2012-03-03,2012-03-02,0,214750121,"29","214750121","P1D","http://aido.bsvgateway.org/api/locations/214750121/","Egypt","Egypt","Country","http://aido.bsvgateway.org/api/locations/93632501/",29.8612087096256,29.8612087096256,26.492919604939,"Foot And Mouth Disease"
"214750121.15",2012-03-04,2012-03-03,1,214750121,"29","214750121","P1D","http://aido.bsvgateway.org/api/locations/214750121/","Egypt","Egypt","Country","http://aido.bsvgateway.org/api/locations/93632501/",26.492919604939,29.8612087096256,26.492919604939,"Foot And Mouth Disease"
"214750121.16",2012-03-05,2012-03-04,1,214750121,"29","214750121","P1D","http://aido.bsvgateway.org/api/locations/214750121/","Egypt","Egypt","Country","http://aido.bsvgateway.org/api/locations/93632501/",29.8612087096256,29.8612087096256,26.492919604939,"Foot And Mouth Disease"
"214750121.17",2012-03-06,2012-03-05,0,214750121,"29","214750121","P1D","http://aido.bsvgateway.org/api/locations/214750121/","Egypt","Egypt","Country","http://aido.bsvgateway.org/api/locations/93632501/",26.492919604939,29.8612087096256,26.492919604939,"Foot And Mouth Disease"
"214750121.18",2012-03-07,2012-03-06,2,214750121,"29","214750121","P1D","http://aido.bsvgateway.org/api/locations/214750121/","Egypt","Egypt","Country","http://aido.bsvgateway.org/api/locations/93632501/",29.8612087096256,29.8612087096256,26.492919604939,"Foot And Mouth Disease"
"214750121.19",2012-03-08,2012-03-07,0,214750121,"29","214750121","P1D","http://aido.bsvgateway.org/api/locations/214750121/","Egypt","Egypt","Country","http://aido.bsvgateway.org/api/locations/93632501/",26.492919604939,29.8612087096256,26.492919604939,"Foot And Mouth Disease"
"214750121.20",2012-03-09,2012-03-08,0,214750121,"29","214750121","P1D","http://aido.bsvgateway.org/api/locations/214750121/","Egypt","Egypt","Country","http://aido.bsvgateway.org/api/locations/93632501/",29.8612087096256,29.8612087096256,26.492919604939,"Foot And Mouth Disease"
"214750121.21",2012-03-10,2012-03-09,0,214750121,"29","214750121","P1D","http://aido.bsvgateway.org/api/locations/214750121/","Egypt","Egypt","Country","http://aido.bsvgateway.org/api/locations/93632501/",26.492919604939,29.8612087096256,26.492919604939,"Foot And Mouth Disease"
"214750121.22",2012-03-11,2012-03-10,0,214750121,"29","214750121","P1D","http://aido.bsvgateway.org/api/locations/214750121/","Egypt","Egypt","Country","http://aido.bsvgateway.org/api/locations/93632501/",29.8612087096256,29.8612087096256,26.492919604939,"Foot And Mouth Disease"
"214750121.23",2012-03-12,2012-03-11,5,214750121,"29","214750121","P1D","http://aido.bsvgateway.org/api/locations/214750121/","Egypt","Egypt","Country","http://aido.bsvgateway.org/api/locations/93632501/",26.492919604939,29.8612087096256,26.492919604939,"Foot And Mouth Disease"
"214750121.24",2012-03-13,2012-03-12,2,214750121,"29","214750121","P1D","http://aido.bsvgateway.org/api/locations/214750121/","Egypt","Egypt","Country","http://aido.bsvgateway.org/api/locations/93632501/",29.8612087096256,29.8612087096256,26.492919604939,"Foot And Mouth Disease"
"214750121.25",2012-03-14,2012-03-13,0,214750121,"29","214750121","P1D","http://aido.bsvgateway.org/api/locations/214750121/","Egypt","Egypt","Country","http://aido.bsvgateway.org/api/locations/93632501/",26.492919604939,29.8612087096256,26.492919604939,"Foot And Mouth Disease"
"214750121.26",2012-03-15,2012-03-14,1,214750121,"29","214750121","P1D","http://aido.bsvgateway.org/api/locations/214750121/","Egypt","Egypt","Country","http://aido.bsvgateway.org/api/locations/93632501/",29.8612087096256,29.8612087096256,26.492919604939,"Foot And Mouth Disease"
"214750121.27",2012-03-16,2012-03-15,1,214750121,"29","214750121","P1D","http://aido.bsvgateway.org/api/locations/214750121/","Egypt","Egypt","Country","http://aido.bsvgateway.org/api/locations/93632501/",26.492919604939,29.8612087096256,26.492919604939,"Foot And Mouth Disease"
"214750121.28",2012-03-17,2012-03-16,1,214750121,"29","214750121","P1D","http://aido.bsvgateway.org/api/locations/214750121/","Egypt","Egypt","Country","http://aido.bsvgateway.org/api/locations/93632501/",29.8612087096256,29.8612087096256,26.492919604939,"Foot And Mouth Disease"
"214750121.29",2012-03-18,2012-03-17,0,214750121,"29","214750121","P1D","http://aido.bsvgateway.org/api/locations/214750121/","Egypt","Egypt","Country","http://aido.bsvgateway.org/api/locations/93632501/",26.492919604939,29.8612087096256,26.492919604939,"Foot And Mouth Disease"
"214750121.30",2012-03-19,2012-03-18,1,214750121,"29","214750121","P1D","http://aido.bsvgateway.org/api/locations/214750121/","Egypt","Egypt","Country","http://aido.bsvgateway.org/api/locations/93632501/",29.8612087096256,29.8612087096256,26.492919604939,"Foot And Mouth Disease"
"214750121.31",2012-03-20,2012-03-19,0,214750121,"29","214750121","P1D","http://aido.bsvgateway.org/api/locations/214750121/","Egypt","Egypt","Country","http://aido.bsvgateway.org/api/locations/93632501/",26.492919604939,29.8612087096256,26.492919604939,"Foot And Mouth Disease"
"214750121.32",2012-03-21,2012-03-20,2,214750121,"29","214750121","P1D","http://aido.bsvgateway.org/api/locations/214750121/","Egypt","Egypt","Country","http://aido.bsvgateway.org/api/locations/93632501/",29.8612087096256,29.8612087096256,26.492919604939,"Foot And Mouth Disease"
"214750121.33",2012-03-22,2012-03-21,0,214750121,"29","214750121","P1D","http://aido.bsvgateway.org/api/locations/214750121/","Egypt","Egypt","Country","http://aido.bsvgateway.org/api/locations/93632501/",26.492919604939,29.8612087096256,26.492919604939,"Foot And Mouth Disease"
"214750121.34",2012-03-23,2012-03-22,0,214750121,"29","214750121","P1D","http://aido.bsvgateway.org/api/locations/214750121/","Egypt","Egypt","Country","http://aido.bsvgateway.org/api/locations/93632501/",29.8612087096256,29.8612087096256,26.492919604939,"Foot And Mouth Disease"
"214750121.35",2012-03-24,2012-03-23,0,214750121,"29","214750121","P1D","http://aido.bsvgateway.org/api/locations/214750121/","Egypt","Egypt","Country","http://aido.bsvgateway.org/api/locations/93632501/",26.492919604939,29.8612087096256,26.492919604939,"Foot And Mouth Disease"
"214750121.36",2012-03-25,2012-03-24,0,214750121,"29","214750121","P1D","http://aido.bsvgateway.org/api/locations/214750121/","Egypt","Egypt","Country","http://aido.bsvgateway.org/api/locations/93632501/",29.8612087096256,29.8612087096256,26.492919604939,"Foot And Mouth Disease"
"214750121.37",2012-03-26,2012-03-25,0,214750121,"29","214750121","P1D","http://aido.bsvgateway.org/api/locations/214750121/","Egypt","Egypt","Country","http://aido.bsvgateway.org/api/locations/93632501/",26.492919604939,29.8612087096256,26.492919604939,"Foot And Mouth Disease"
"214750121.38",2012-03-27,2012-03-26,0,214750121,"29","214750121","P1D","http://aido.bsvgateway.org/api/locations/214750121/","Egypt","Egypt","Country","http://aido.bsvgateway.org/api/locations/93632501/",29.8612087096256,29.8612087096256,26.492919604939,"Foot And Mouth Disease"
"214750121.39",2012-03-28,2012-03-27,0,214750121,"29","214750121","P1D","http://aido.bsvgateway.org/api/locations/214750121/","Egypt","Egypt","Country","http://aido.bsvgateway.org/api/locations/93632501/",26.492919604939,29.8612087096256,26.492919604939,"Foot And Mouth Disease"
"214750121.40",2012-03-29,2012-03-28,0,214750121,"29","214750121","P1D","http://aido.bsvgateway.org/api/locations/214750121/","Egypt","Egypt","Country","http://aido.bsvgateway.org/api/locations/93632501/",29.8612087096256,29.8612087096256,26.492919604939,"Foot And Mouth Disease"
"214750121.41",2012-03-30,2012-03-29,0,214750121,"29","214750121","P1D","http://aido.bsvgateway.org/api/locations/214750121/","Egypt","Egypt","Country","http://aido.bsvgateway.org/api/locations/93632501/",26.492919604939,29.8612087096256,26.492919604939,"Foot And Mouth Disease"
"214750121.42",2012-03-31,2012-03-30,0,214750121,"29","214750121","P1D","http://aido.bsvgateway.org/api/locations/214750121/","Egypt","Egypt","Country","http://aido.bsvgateway.org/api/locations/93632501/",29.8612087096256,29.8612087096256,26.492919604939,"Foot And Mouth Disease"
"214750121.43",2012-04-01,2012-03-31,0,214750121,"29","214750121","P1D","http://aido.bsvgateway.org/api/locations/214750121/","Egypt","Egypt","Country","http://aido.bsvgateway.org/api/locations/93632501/",26.492919604939,29.8612087096256,26.492919604939,"Foot And Mouth Disease"
"214750121.44",2012-04-02,2012-04-01,0,214750121,"29","214750121","P1D","http://aido.bsvgateway.org/api/locations/214750121/","Egypt","Egypt","Country","http://aido.bsvgateway.org/api/locations/93632501/",29.8612087096256,29.8612087096256,26.492919604939,"Foot And Mouth Disease"
"214750121.45",2012-04-03,2012-04-02,0,214750121,"29","214750121","P1D","http://aido.bsvgateway.org/api/locations/214750121/","Egypt","Egypt","Country","http://aido.bsvgateway.org/api/locations/93632501/",26.492919604939,29.8612087096256,26.492919604939,"Foot And Mouth Disease"
"214750121.46",2012-04-04,2012-04-03,0,214750121,"29","214750121","P1D","http://aido.bsvgateway.org/api/locations/214750121/","Egypt","Egypt","Country","http://aido.bsvgateway.org/api/locations/93632501/",29.8612087096256,29.8612087096256,26.492919604939,"Foot And Mouth Disease"
"214750121.47",2012-04-05,2012-04-04,0,214750121,"29","214750121","P1D","http://aido.bsvgateway.org/api/locations/214750121/","Egypt","Egypt","Country","http://aido.bsvgateway.org/api/locations/93632501/",26.492919604939,29.8612087096256,26.492919604939,"Foot And Mouth Disease"
"214750121.48",2012-04-06,2012-04-05,0,214750121,"29","214750121","P1D","http://aido.bsvgateway.org/api/locations/214750121/","Egypt","Egypt","Country","http://aido.bsvgateway.org/api/locations/93632501/",29.8612087096256,29.8612087096256,26.492919604939,"Foot And Mouth Disease"
"214750121.49",2012-04-07,2012-04-06,0,214750121,"29","214750121","P1D","http://aido.bsvgateway.org/api/locations/214750121/","Egypt","Egypt","Country","http://aido.bsvgateway.org/api/locations/93632501/",26.492919604939,29.8612087096256,26.492919604939,"Foot And Mouth Disease"
"214750121.50",2012-04-08,2012-04-07,0,214750121,"29","214750121","P1D","http://aido.bsvgateway.org/api/locations/214750121/","Egypt","Egypt","Country","http://aido.bsvgateway.org/api/locations/93632501/",29.8612087096256,29.8612087096256,26.492919604939,"Foot And Mouth Disease"
"214750121.51",2012-04-09,2012-04-08,0,214750121,"29","214750121","P1D","http://aido.bsvgateway.org/api/locations/214750121/","Egypt","Egypt","Country","http://aido.bsvgateway.org/api/locations/93632501/",26.492919604939,29.8612087096256,26.492919604939,"Foot And Mouth Disease"
"214750121.52",2012-04-10,2012-04-09,0,214750121,"29","214750121","P1D","http://aido.bsvgateway.org/api/locations/214750121/","Egypt","Egypt","Country","http://aido.bsvgateway.org/api/locations/93632501/",29.8612087096256,29.8612087096256,26.492919604939,"Foot And Mouth Disease"
"214750121.53",2012-04-11,2012-04-10,0,214750121,"29","214750121","P1D","http://aido.bsvgateway.org/api/locations/214750121/","Egypt","Egypt","Country","http://aido.bsvgateway.org/api/locations/93632501/",26.492919604939,29.8612087096256,26.492919604939,"Foot And Mouth Disease"
"214750121.54",2012-04-12,2012-04-11,0,214750121,"29","214750121","P1D","http://aido.bsvgateway.org/api/locations/214750121/","Egypt","Egypt","Country","http://aido.bsvgateway.org/api/locations/93632501/",29.8612087096256,29.8612087096256,26.492919604939,"Foot And Mouth Disease"
"214750121.55",2012-04-13,2012-04-12,0,214750121,"29","214750121","P1D","http://aido.bsvgateway.org/api/locations/214750121/","Egypt","Egypt","Country","http://aido.bsvgateway.org/api/locations/93632501/",26.492919604939,29.8612087096256,26.492919604939,"Foot And Mouth Disease"
"214750121.56",2012-04-14,2012-04-13,0,214750121,"29","214750121","P1D","http://aido.bsvgateway.org/api/locations/214750121/","Egypt","Egypt","Country","http://aido.bsvgateway.org/api/locations/93632501/",29.8612087096256,29.8612087096256,26.492919604939,"Foot And Mouth Disease"
"214750121.57",2012-04-15,2012-04-14,0,214750121,"29","214750121","P1D","http://aido.bsvgateway.org/api/locations/214750121/","Egypt","Egypt","Country","http://aido.bsvgateway.org/api/locations/93632501/",26.492919604939,29.8612087096256,26.492919604939,"Foot And Mouth Disease"
"214750121.58",2012-04-16,2012-04-15,0,214750121,"29","214750121","P1D","http://aido.bsvgateway.org/api/locations/214750121/","Egypt","Egypt","Country","http://aido.bsvgateway.org/api/locations/93632501/",29.8612087096256,29.8612087096256,26.492919604939,"Foot And Mouth Disease"
"214750121.59",2012-04-17,2012-04-16,0,214750121,"29","214750121","P1D","http://aido.bsvgateway.org/api/locations/214750121/","Egypt","Egypt","Country","http://aido.bsvgateway.org/api/locations/93632501/",26.492919604939,29.8612087096256,26.492919604939,"Foot And Mouth Disease"
"214750121.60",2012-04-18,2012-04-17,0,214750121,"29","214750121","P1D","http://aido.bsvgateway.org/api/locations/214750121/","Egypt","Egypt","Country","http://aido.bsvgateway.org/api/locations/93632501/",29.8612087096256,29.8612087096256,26.492919604939,"Foot And Mouth Disease"
"214750121.61",2012-04-19,2012-04-18,0,214750121,"29","214750121","P1D","http://aido.bsvgateway.org/api/locations/214750121/","Egypt","Egypt","Country","http://aido.bsvgateway.org/api/locations/93632501/",26.492919604939,29.8612087096256,26.492919604939,"Foot And Mouth Disease"
"214750121.62",2012-04-20,2012-04-19,0,214750121,"29","214750121","P1D","http://aido.bsvgateway.org/api/locations/214750121/","Egypt","Egypt","Country","http://aido.bsvgateway.org/api/locations/93632501/",29.8612087096256,29.8612087096256,26.492919604939,"Foot And Mouth Disease"
"214750121.63",2012-04-21,2012-04-20,0,214750121,"29","214750121","P1D","http://aido.bsvgateway.org/api/locations/214750121/","Egypt","Egypt","Country","http://aido.bsvgateway.org/api/locations/93632501/",26.492919604939,29.8612087096256,26.492919604939,"Foot And Mouth Disease"
"214750121.64",2012-04-22,2012-04-21,0,214750121,"29","214750121","P1D","http://aido.bsvgateway.org/api/locations/214750121/","Egypt","Egypt","Country","http://aido.bsvgateway.org/api/locations/93632501/",29.8612087096256,29.8612087096256,26.492919604939,"Foot And Mouth Disease"
"214750121.65",2012-04-23,2012-04-22,0,214750121,"29","214750121","P1D","http://aido.bsvgateway.org/api/locations/214750121/","Egypt","Egypt","Country","http://aido.bsvgateway.org/api/locations/93632501/",26.492919604939,29.8612087096256,26.492919604939,"Foot And Mouth Disease"
"214750121.66",2012-04-24,2012-04-23,0,214750121,"29","214750121","P1D","http://aido.bsvgateway.org/api/locations/214750121/","Egypt","Egypt","Country","http://aido.bsvgateway.org/api/locations/93632501/",29.8612087096256,29.8612087096256,26.492919604939,"Foot And Mouth Disease"
"214750121.67",2012-04-25,2012-04-24,0,214750121,"29","214750121","P1D","http://aido.bsvgateway.org/api/locations/214750121/","Egypt","Egypt","Country","http://aido.bsvgateway.org/api/locations/93632501/",26.492919604939,29.8612087096256,26.492919604939,"Foot And Mouth Disease"
"214750121.68",2012-04-26,2012-04-25,2,214750121,"29","214750121","P1D","http://aido.bsvgateway.org/api/locations/214750121/","Egypt","Egypt","Country","http://aido.bsvgateway.org/api/locations/93632501/",29.8612087096256,29.8612087096256,26.492919604939,"Foot And Mouth Disease"
"214750121.69",2012-04-27,2012-04-26,0,214750121,"29","214750121","P1D","http://aido.bsvgateway.org/api/locations/214750121/","Egypt","Egypt","Country","http://aido.bsvgateway.org/api/locations/93632501/",26.492919604939,29.8612087096256,26.492919604939,"Foot And Mouth Disease"
"214750121.70",2012-04-28,2012-04-27,0,214750121,"29","214750121","P1D","http://aido.bsvgateway.org/api/locations/214750121/","Egypt","Egypt","Country","http://aido.bsvgateway.org/api/locations/93632501/",29.8612087096256,29.8612087096256,26.492919604939,"Foot And Mouth Disease"
"214750121.71",2012-04-29,2012-04-28,0,214750121,"29","214750121","P1D","http://aido.bsvgateway.org/api/locations/214750121/","Egypt","Egypt","Country","http://aido.bsvgateway.org/api/locations/93632501/",26.492919604939,29.8612087096256,26.492919604939,"Foot And Mouth Disease"
"214750121.72",2012-04-30,2012-04-29,0,214750121,"29","214750121","P1D","http://aido.bsvgateway.org/api/locations/214750121/","Egypt","Egypt","Country","http://aido.bsvgateway.org/api/locations/93632501/",29.8612087096256,29.8612087096256,26.492919604939,"Foot And Mouth Disease"
"214750121.73",2012-05-01,2012-04-30,0,214750121,"29","214750121","P1D","http://aido.bsvgateway.org/api/locations/214750121/","Egypt","Egypt","Country","http://aido.bsvgateway.org/api/locations/93632501/",26.492919604939,29.8612087096256,26.492919604939,"Foot And Mouth Disease"
"214750121.74",2012-05-02,2012-05-01,0,214750121,"29","214750121","P1D","http://aido.bsvgateway.org/api/locations/214750121/","Egypt","Egypt","Country","http://aido.bsvgateway.org/api/locations/93632501/",29.8612087096256,29.8612087096256,26.492919604939,"Foot And Mouth Disease"
"214750121.75",2012-05-03,2012-05-02,0,214750121,"29","214750121","P1D","http://aido.bsvgateway.org/api/locations/214750121/","Egypt","Egypt","Country","http://aido.bsvgateway.org/api/locations/93632501/",26.492919604939,29.8612087096256,26.492919604939,"Foot And Mouth Disease"
"214750121.76",2012-05-04,2012-05-03,0,214750121,"29","214750121","P1D","http://aido.bsvgateway.org/api/locations/214750121/","Egypt","Egypt","Country","http://aido.bsvgateway.org/api/locations/93632501/",29.8612087096256,29.8612087096256,26.492919604939,"Foot And Mouth Disease"
"214750121.77",2012-05-05,2012-05-04,0,214750121,"29","214750121","P1D","http://aido.bsvgateway.org/api/locations/214750121/","Egypt","Egypt","Country","http://aido.bsvgateway.org/api/locations/93632501/",26.492919604939,29.8612087096256,26.492919604939,"Foot And Mouth Disease"
"214750121.78",2012-05-06,2012-05-05,0,214750121,"29","214750121","P1D","http://aido.bsvgateway.org/api/locations/214750121/","Egypt","Egypt","Country","http://aido.bsvgateway.org/api/locations/93632501/",29.8612087096256,29.8612087096256,26.492919604939,"Foot And Mouth Disease"
"214750121.79",2012-05-07,2012-05-06,1,214750121,"29","214750121","P1D","http://aido.bsvgateway.org/api/locations/214750121/","Egypt","Egypt","Country","http://aido.bsvgateway.org/api/locations/93632501/",26.492919604939,29.8612087096256,26.492919604939,"Foot And Mouth Disease"
"214750121.80",2012-05-08,2012-05-07,0,214750121,"29","214750121","P1D","http://aido.bsvgateway.org/api/locations/214750121/","Egypt","Egypt","Country","http://aido.bsvgateway.org/api/locations/93632501/",29.8612087096256,29.8612087096256,26.492919604939,"Foot And Mouth Disease"
"214750121.81",2012-05-09,2012-05-08,0,214750121,"29","214750121","P1D","http://aido.bsvgateway.org/api/locations/214750121/","Egypt","Egypt","Country","http://aido.bsvgateway.org/api/locations/93632501/",26.492919604939,29.8612087096256,26.492919604939,"Foot And Mouth Disease"
"214750121.82",2012-05-10,2012-05-09,0,214750121,"29","214750121","P1D","http://aido.bsvgateway.org/api/locations/214750121/","Egypt","Egypt","Country","http://aido.bsvgateway.org/api/locations/93632501/",29.8612087096256,29.8612087096256,26.492919604939,"Foot And Mouth Disease"
"214750121.83",2012-05-11,2012-05-10,0,214750121,"29","214750121","P1D","http://aido.bsvgateway.org/api/locations/214750121/","Egypt","Egypt","Country","http://aido.bsvgateway.org/api/locations/93632501/",26.492919604939,29.8612087096256,26.492919604939,"Foot And Mouth Disease"
"214750121.84",2012-05-12,2012-05-11,0,214750121,"29","214750121","P1D","http://aido.bsvgateway.org/api/locations/214750121/","Egypt","Egypt","Country","http://aido.bsvgateway.org/api/locations/93632501/",29.8612087096256,29.8612087096256,26.492919604939,"Foot And Mouth Disease"
"214750121.85",2012-05-13,2012-05-12,0,214750121,"29","214750121","P1D","http://aido.bsvgateway.org/api/locations/214750121/","Egypt","Egypt","Country","http://aido.bsvgateway.org/api/locations/93632501/",26.492919604939,29.8612087096256,26.492919604939,"Foot And Mouth Disease"
"214750121.86",2012-05-14,2012-05-13,0,214750121,"29","214750121","P1D","http://aido.bsvgateway.org/api/locations/214750121/","Egypt","Egypt","Country","http://aido.bsvgateway.org/api/locations/93632501/",29.8612087096256,29.8612087096256,26.492919604939,"Foot And Mouth Disease"
"214750121.87",2012-05-15,2012-05-14,1,214750121,"29","214750121","P1D","http://aido.bsvgateway.org/api/locations/214750121/","Egypt","Egypt","Country","http://aido.bsvgateway.org/api/locations/93632501/",26.492919604939,29.8612087096256,26.492919604939,"Foot And Mouth Disease"
"214750121.88",2012-05-16,2012-05-15,2,214750121,"29","214750121","P1D","http://aido.bsvgateway.org/api/locations/214750121/","Egypt","Egypt","Country","http://aido.bsvgateway.org/api/locations/93632501/",29.8612087096256,29.8612087096256,26.492919604939,"Foot And Mouth Disease"
