"","end","start","value","id","disease","location","duration","url","name","full_name","admin_level_name","parent","centroid_lat_long","longitude","latitude","disease_name"
"116957111.415",2007-09-12,2007-09-12,0,116957111,"48","116957111","PT6H","http://aido.bsvgateway.org/api/locations/116957111/","Barcelona","Barcelona, Spain","State","http://aido.bsvgateway.org/api/locations/69870691/",41.7286607254702,1.98471625781645,41.7286607254702,"Norovirus"
"116957111.416",2007-09-12,2007-09-12,0,116957111,"48","116957111","PT6H","http://aido.bsvgateway.org/api/locations/116957111/","Barcelona","Barcelona, Spain","State","http://aido.bsvgateway.org/api/locations/69870691/",1.98471625781645,1.98471625781645,41.7286607254702,"Norovirus"
"116957111.417",2007-09-12,2007-09-12,1,116957111,"48","116957111","PT6H","http://aido.bsvgateway.org/api/locations/116957111/","Barcelona","Barcelona, Spain","State","http://aido.bsvgateway.org/api/locations/69870691/",41.7286607254702,1.98471625781645,41.7286607254702,"Norovirus"
"116957111.418",2007-09-13,2007-09-12,2,116957111,"48","116957111","PT6H","http://aido.bsvgateway.org/api/locations/116957111/","Barcelona","Barcelona, Spain","State","http://aido.bsvgateway.org/api/locations/69870691/",1.98471625781645,1.98471625781645,41.7286607254702,"Norovirus"
"116957111.419",2007-09-13,2007-09-13,0,116957111,"48","116957111","PT6H","http://aido.bsvgateway.org/api/locations/116957111/","Barcelona","Barcelona, Spain","State","http://aido.bsvgateway.org/api/locations/69870691/",41.7286607254702,1.98471625781645,41.7286607254702,"Norovirus"
"116957111.420",2007-09-13,2007-09-13,1,116957111,"48","116957111","PT6H","http://aido.bsvgateway.org/api/locations/116957111/","Barcelona","Barcelona, Spain","State","http://aido.bsvgateway.org/api/locations/69870691/",1.98471625781645,1.98471625781645,41.7286607254702,"Norovirus"
"116957111.421",2007-09-13,2007-09-13,5,116957111,"48","116957111","PT6H","http://aido.bsvgateway.org/api/locations/116957111/","Barcelona","Barcelona, Spain","State","http://aido.bsvgateway.org/api/locations/69870691/",41.7286607254702,1.98471625781645,41.7286607254702,"Norovirus"
"116957111.422",2007-09-14,2007-09-13,4,116957111,"48","116957111","PT6H","http://aido.bsvgateway.org/api/locations/116957111/","Barcelona","Barcelona, Spain","State","http://aido.bsvgateway.org/api/locations/69870691/",1.98471625781645,1.98471625781645,41.7286607254702,"Norovirus"
"116957111.423",2007-09-14,2007-09-14,4,116957111,"48","116957111","PT6H","http://aido.bsvgateway.org/api/locations/116957111/","Barcelona","Barcelona, Spain","State","http://aido.bsvgateway.org/api/locations/69870691/",41.7286607254702,1.98471625781645,41.7286607254702,"Norovirus"
"116957111.424",2007-09-14,2007-09-14,5,116957111,"48","116957111","PT6H","http://aido.bsvgateway.org/api/locations/116957111/","Barcelona","Barcelona, Spain","State","http://aido.bsvgateway.org/api/locations/69870691/",1.98471625781645,1.98471625781645,41.7286607254702,"Norovirus"
"116957111.425",2007-09-14,2007-09-14,3,116957111,"48","116957111","PT6H","http://aido.bsvgateway.org/api/locations/116957111/","Barcelona","Barcelona, Spain","State","http://aido.bsvgateway.org/api/locations/69870691/",41.7286607254702,1.98471625781645,41.7286607254702,"Norovirus"
"116957111.426",2007-09-15,2007-09-14,0,116957111,"48","116957111","PT6H","http://aido.bsvgateway.org/api/locations/116957111/","Barcelona","Barcelona, Spain","State","http://aido.bsvgateway.org/api/locations/69870691/",1.98471625781645,1.98471625781645,41.7286607254702,"Norovirus"
"116957111.427",2007-09-15,2007-09-15,0,116957111,"48","116957111","PT6H","http://aido.bsvgateway.org/api/locations/116957111/","Barcelona","Barcelona, Spain","State","http://aido.bsvgateway.org/api/locations/69870691/",41.7286607254702,1.98471625781645,41.7286607254702,"Norovirus"
"116957111.428",2007-09-15,2007-09-15,1,116957111,"48","116957111","PT6H","http://aido.bsvgateway.org/api/locations/116957111/","Barcelona","Barcelona, Spain","State","http://aido.bsvgateway.org/api/locations/69870691/",1.98471625781645,1.98471625781645,41.7286607254702,"Norovirus"
"116957111.429",2007-09-15,2007-09-15,1,116957111,"48","116957111","PT6H","http://aido.bsvgateway.org/api/locations/116957111/","Barcelona","Barcelona, Spain","State","http://aido.bsvgateway.org/api/locations/69870691/",41.7286607254702,1.98471625781645,41.7286607254702,"Norovirus"
"116957111.430",2007-09-16,2007-09-15,0,116957111,"48","116957111","PT6H","http://aido.bsvgateway.org/api/locations/116957111/","Barcelona","Barcelona, Spain","State","http://aido.bsvgateway.org/api/locations/69870691/",1.98471625781645,1.98471625781645,41.7286607254702,"Norovirus"
"116957111.431",2007-09-16,2007-09-16,0,116957111,"48","116957111","PT6H","http://aido.bsvgateway.org/api/locations/116957111/","Barcelona","Barcelona, Spain","State","http://aido.bsvgateway.org/api/locations/69870691/",41.7286607254702,1.98471625781645,41.7286607254702,"Norovirus"
"116957111.432",2007-09-16,2007-09-16,1,116957111,"48","116957111","PT6H","http://aido.bsvgateway.org/api/locations/116957111/","Barcelona","Barcelona, Spain","State","http://aido.bsvgateway.org/api/locations/69870691/",1.98471625781645,1.98471625781645,41.7286607254702,"Norovirus"
"116957111.433",2007-09-16,2007-09-16,0,116957111,"48","116957111","PT6H","http://aido.bsvgateway.org/api/locations/116957111/","Barcelona","Barcelona, Spain","State","http://aido.bsvgateway.org/api/locations/69870691/",41.7286607254702,1.98471625781645,41.7286607254702,"Norovirus"
"116957111.434",2007-09-17,2007-09-16,1,116957111,"48","116957111","PT6H","http://aido.bsvgateway.org/api/locations/116957111/","Barcelona","Barcelona, Spain","State","http://aido.bsvgateway.org/api/locations/69870691/",1.98471625781645,1.98471625781645,41.7286607254702,"Norovirus"
