"","end","start","value","id","disease","location","duration","url","name","full_name","admin_level_name","parent","centroid_lat_long","longitude","latitude","disease_name"
"80570138.1",2015-08-11,2015-08-10,2,80570138,"74","80570138","P1D","http://aido.bsvgateway.org/api/locations/80570138/","Jordan","Jordan","Country","http://aido.bsvgateway.org/api/locations/20359812/",31.2455748633791,36.7709225315881,31.2455748633791,"Middle East Respiratory Syndrome (MERS-CoV)"
"80570138.2",2015-08-12,2015-08-11,0,80570138,"74","80570138","P1D","http://aido.bsvgateway.org/api/locations/80570138/","Jordan","Jordan","Country","http://aido.bsvgateway.org/api/locations/20359812/",36.7709225315881,36.7709225315881,31.2455748633791,"Middle East Respiratory Syndrome (MERS-CoV)"
"80570138.3",2015-08-13,2015-08-12,1,80570138,"74","80570138","P1D","http://aido.bsvgateway.org/api/locations/80570138/","Jordan","Jordan","Country","http://aido.bsvgateway.org/api/locations/20359812/",31.2455748633791,36.7709225315881,31.2455748633791,"Middle East Respiratory Syndrome (MERS-CoV)"
"80570138.4",2015-08-14,2015-08-13,0,80570138,"74","80570138","P1D","http://aido.bsvgateway.org/api/locations/80570138/","Jordan","Jordan","Country","http://aido.bsvgateway.org/api/locations/20359812/",36.7709225315881,36.7709225315881,31.2455748633791,"Middle East Respiratory Syndrome (MERS-CoV)"
"80570138.5",2015-08-15,2015-08-14,0,80570138,"74","80570138","P1D","http://aido.bsvgateway.org/api/locations/80570138/","Jordan","Jordan","Country","http://aido.bsvgateway.org/api/locations/20359812/",31.2455748633791,36.7709225315881,31.2455748633791,"Middle East Respiratory Syndrome (MERS-CoV)"
"80570138.6",2015-08-16,2015-08-15,0,80570138,"74","80570138","P1D","http://aido.bsvgateway.org/api/locations/80570138/","Jordan","Jordan","Country","http://aido.bsvgateway.org/api/locations/20359812/",36.7709225315881,36.7709225315881,31.2455748633791,"Middle East Respiratory Syndrome (MERS-CoV)"
"80570138.7",2015-08-17,2015-08-16,0,80570138,"74","80570138","P1D","http://aido.bsvgateway.org/api/locations/80570138/","Jordan","Jordan","Country","http://aido.bsvgateway.org/api/locations/20359812/",31.2455748633791,36.7709225315881,31.2455748633791,"Middle East Respiratory Syndrome (MERS-CoV)"
"80570138.8",2015-08-18,2015-08-17,0,80570138,"74","80570138","P1D","http://aido.bsvgateway.org/api/locations/80570138/","Jordan","Jordan","Country","http://aido.bsvgateway.org/api/locations/20359812/",36.7709225315881,36.7709225315881,31.2455748633791,"Middle East Respiratory Syndrome (MERS-CoV)"
"80570138.9",2015-08-19,2015-08-18,0,80570138,"74","80570138","P1D","http://aido.bsvgateway.org/api/locations/80570138/","Jordan","Jordan","Country","http://aido.bsvgateway.org/api/locations/20359812/",31.2455748633791,36.7709225315881,31.2455748633791,"Middle East Respiratory Syndrome (MERS-CoV)"
"80570138.10",2015-08-20,2015-08-19,0,80570138,"74","80570138","P1D","http://aido.bsvgateway.org/api/locations/80570138/","Jordan","Jordan","Country","http://aido.bsvgateway.org/api/locations/20359812/",36.7709225315881,36.7709225315881,31.2455748633791,"Middle East Respiratory Syndrome (MERS-CoV)"
"80570138.11",2015-08-21,2015-08-20,0,80570138,"74","80570138","P1D","http://aido.bsvgateway.org/api/locations/80570138/","Jordan","Jordan","Country","http://aido.bsvgateway.org/api/locations/20359812/",31.2455748633791,36.7709225315881,31.2455748633791,"Middle East Respiratory Syndrome (MERS-CoV)"
"80570138.12",2015-08-22,2015-08-21,0,80570138,"74","80570138","P1D","http://aido.bsvgateway.org/api/locations/80570138/","Jordan","Jordan","Country","http://aido.bsvgateway.org/api/locations/20359812/",36.7709225315881,36.7709225315881,31.2455748633791,"Middle East Respiratory Syndrome (MERS-CoV)"
"80570138.13",2015-08-23,2015-08-22,0,80570138,"74","80570138","P1D","http://aido.bsvgateway.org/api/locations/80570138/","Jordan","Jordan","Country","http://aido.bsvgateway.org/api/locations/20359812/",31.2455748633791,36.7709225315881,31.2455748633791,"Middle East Respiratory Syndrome (MERS-CoV)"
"80570138.14",2015-08-24,2015-08-23,0,80570138,"74","80570138","P1D","http://aido.bsvgateway.org/api/locations/80570138/","Jordan","Jordan","Country","http://aido.bsvgateway.org/api/locations/20359812/",36.7709225315881,36.7709225315881,31.2455748633791,"Middle East Respiratory Syndrome (MERS-CoV)"
"80570138.15",2015-08-25,2015-08-24,0,80570138,"74","80570138","P1D","http://aido.bsvgateway.org/api/locations/80570138/","Jordan","Jordan","Country","http://aido.bsvgateway.org/api/locations/20359812/",31.2455748633791,36.7709225315881,31.2455748633791,"Middle East Respiratory Syndrome (MERS-CoV)"
"80570138.16",2015-08-26,2015-08-25,1,80570138,"74","80570138","P1D","http://aido.bsvgateway.org/api/locations/80570138/","Jordan","Jordan","Country","http://aido.bsvgateway.org/api/locations/20359812/",36.7709225315881,36.7709225315881,31.2455748633791,"Middle East Respiratory Syndrome (MERS-CoV)"
"80570138.17",2015-08-27,2015-08-26,0,80570138,"74","80570138","P1D","http://aido.bsvgateway.org/api/locations/80570138/","Jordan","Jordan","Country","http://aido.bsvgateway.org/api/locations/20359812/",31.2455748633791,36.7709225315881,31.2455748633791,"Middle East Respiratory Syndrome (MERS-CoV)"
"80570138.18",2015-08-28,2015-08-27,0,80570138,"74","80570138","P1D","http://aido.bsvgateway.org/api/locations/80570138/","Jordan","Jordan","Country","http://aido.bsvgateway.org/api/locations/20359812/",36.7709225315881,36.7709225315881,31.2455748633791,"Middle East Respiratory Syndrome (MERS-CoV)"
"80570138.19",2015-08-29,2015-08-28,0,80570138,"74","80570138","P1D","http://aido.bsvgateway.org/api/locations/80570138/","Jordan","Jordan","Country","http://aido.bsvgateway.org/api/locations/20359812/",31.2455748633791,36.7709225315881,31.2455748633791,"Middle East Respiratory Syndrome (MERS-CoV)"
"80570138.20",2015-08-30,2015-08-29,0,80570138,"74","80570138","P1D","http://aido.bsvgateway.org/api/locations/80570138/","Jordan","Jordan","Country","http://aido.bsvgateway.org/api/locations/20359812/",36.7709225315881,36.7709225315881,31.2455748633791,"Middle East Respiratory Syndrome (MERS-CoV)"
"80570138.21",2015-08-31,2015-08-30,1,80570138,"74","80570138","P1D","http://aido.bsvgateway.org/api/locations/80570138/","Jordan","Jordan","Country","http://aido.bsvgateway.org/api/locations/20359812/",31.2455748633791,36.7709225315881,31.2455748633791,"Middle East Respiratory Syndrome (MERS-CoV)"
"80570138.22",2015-09-01,2015-08-31,1,80570138,"74","80570138","P1D","http://aido.bsvgateway.org/api/locations/80570138/","Jordan","Jordan","Country","http://aido.bsvgateway.org/api/locations/20359812/",36.7709225315881,36.7709225315881,31.2455748633791,"Middle East Respiratory Syndrome (MERS-CoV)"
