"","end","start","value","id","disease","location","duration","url","name","full_name","admin_level_name","parent","centroid_lat_long","longitude","latitude","disease_name"
"17995705.2235",2014-03-25,2014-03-24,1,17995705,"39","17995705","P1D","http://aido.bsvgateway.org/api/locations/17995705/","Ohio","Ohio, United States of America","State","http://aido.bsvgateway.org/api/locations/113309883/",40.416042353125,-82.7109082023146,40.416042353125,"Measles"
"17995705.2236",2014-03-26,2014-03-25,0,17995705,"39","17995705","P1D","http://aido.bsvgateway.org/api/locations/17995705/","Ohio","Ohio, United States of America","State","http://aido.bsvgateway.org/api/locations/113309883/",-82.7109082023146,-82.7109082023146,40.416042353125,"Measles"
"17995705.2237",2014-03-27,2014-03-26,0,17995705,"39","17995705","P1D","http://aido.bsvgateway.org/api/locations/17995705/","Ohio","Ohio, United States of America","State","http://aido.bsvgateway.org/api/locations/113309883/",40.416042353125,-82.7109082023146,40.416042353125,"Measles"
"17995705.2238",2014-03-28,2014-03-27,0,17995705,"39","17995705","P1D","http://aido.bsvgateway.org/api/locations/17995705/","Ohio","Ohio, United States of America","State","http://aido.bsvgateway.org/api/locations/113309883/",-82.7109082023146,-82.7109082023146,40.416042353125,"Measles"
"17995705.2239",2014-03-29,2014-03-28,0,17995705,"39","17995705","P1D","http://aido.bsvgateway.org/api/locations/17995705/","Ohio","Ohio, United States of America","State","http://aido.bsvgateway.org/api/locations/113309883/",40.416042353125,-82.7109082023146,40.416042353125,"Measles"
"17995705.2240",2014-03-30,2014-03-29,0,17995705,"39","17995705","P1D","http://aido.bsvgateway.org/api/locations/17995705/","Ohio","Ohio, United States of America","State","http://aido.bsvgateway.org/api/locations/113309883/",-82.7109082023146,-82.7109082023146,40.416042353125,"Measles"
"17995705.2241",2014-03-31,2014-03-30,0,17995705,"39","17995705","P1D","http://aido.bsvgateway.org/api/locations/17995705/","Ohio","Ohio, United States of America","State","http://aido.bsvgateway.org/api/locations/113309883/",40.416042353125,-82.7109082023146,40.416042353125,"Measles"
"17995705.2242",2014-04-01,2014-03-31,0,17995705,"39","17995705","P1D","http://aido.bsvgateway.org/api/locations/17995705/","Ohio","Ohio, United States of America","State","http://aido.bsvgateway.org/api/locations/113309883/",-82.7109082023146,-82.7109082023146,40.416042353125,"Measles"
"17995705.2243",2014-04-02,2014-04-01,0,17995705,"39","17995705","P1D","http://aido.bsvgateway.org/api/locations/17995705/","Ohio","Ohio, United States of America","State","http://aido.bsvgateway.org/api/locations/113309883/",40.416042353125,-82.7109082023146,40.416042353125,"Measles"
"17995705.2244",2014-04-03,2014-04-02,0,17995705,"39","17995705","P1D","http://aido.bsvgateway.org/api/locations/17995705/","Ohio","Ohio, United States of America","State","http://aido.bsvgateway.org/api/locations/113309883/",-82.7109082023146,-82.7109082023146,40.416042353125,"Measles"
"17995705.2245",2014-04-04,2014-04-03,0,17995705,"39","17995705","P1D","http://aido.bsvgateway.org/api/locations/17995705/","Ohio","Ohio, United States of America","State","http://aido.bsvgateway.org/api/locations/113309883/",40.416042353125,-82.7109082023146,40.416042353125,"Measles"
"17995705.2246",2014-04-05,2014-04-04,0,17995705,"39","17995705","P1D","http://aido.bsvgateway.org/api/locations/17995705/","Ohio","Ohio, United States of America","State","http://aido.bsvgateway.org/api/locations/113309883/",-82.7109082023146,-82.7109082023146,40.416042353125,"Measles"
"17995705.2247",2014-04-06,2014-04-05,0,17995705,"39","17995705","P1D","http://aido.bsvgateway.org/api/locations/17995705/","Ohio","Ohio, United States of America","State","http://aido.bsvgateway.org/api/locations/113309883/",40.416042353125,-82.7109082023146,40.416042353125,"Measles"
"17995705.2248",2014-04-07,2014-04-06,1,17995705,"39","17995705","P1D","http://aido.bsvgateway.org/api/locations/17995705/","Ohio","Ohio, United States of America","State","http://aido.bsvgateway.org/api/locations/113309883/",-82.7109082023146,-82.7109082023146,40.416042353125,"Measles"
"17995705.2249",2014-04-08,2014-04-07,0,17995705,"39","17995705","P1D","http://aido.bsvgateway.org/api/locations/17995705/","Ohio","Ohio, United States of America","State","http://aido.bsvgateway.org/api/locations/113309883/",40.416042353125,-82.7109082023146,40.416042353125,"Measles"
"17995705.2250",2014-04-09,2014-04-08,1,17995705,"39","17995705","P1D","http://aido.bsvgateway.org/api/locations/17995705/","Ohio","Ohio, United States of America","State","http://aido.bsvgateway.org/api/locations/113309883/",-82.7109082023146,-82.7109082023146,40.416042353125,"Measles"
"17995705.2251",2014-04-10,2014-04-09,0,17995705,"39","17995705","P1D","http://aido.bsvgateway.org/api/locations/17995705/","Ohio","Ohio, United States of America","State","http://aido.bsvgateway.org/api/locations/113309883/",40.416042353125,-82.7109082023146,40.416042353125,"Measles"
"17995705.2252",2014-04-11,2014-04-10,0,17995705,"39","17995705","P1D","http://aido.bsvgateway.org/api/locations/17995705/","Ohio","Ohio, United States of America","State","http://aido.bsvgateway.org/api/locations/113309883/",-82.7109082023146,-82.7109082023146,40.416042353125,"Measles"
"17995705.2253",2014-04-12,2014-04-11,0,17995705,"39","17995705","P1D","http://aido.bsvgateway.org/api/locations/17995705/","Ohio","Ohio, United States of America","State","http://aido.bsvgateway.org/api/locations/113309883/",40.416042353125,-82.7109082023146,40.416042353125,"Measles"
"17995705.2254",2014-04-13,2014-04-12,0,17995705,"39","17995705","P1D","http://aido.bsvgateway.org/api/locations/17995705/","Ohio","Ohio, United States of America","State","http://aido.bsvgateway.org/api/locations/113309883/",-82.7109082023146,-82.7109082023146,40.416042353125,"Measles"
"17995705.2255",2014-04-14,2014-04-13,0,17995705,"39","17995705","P1D","http://aido.bsvgateway.org/api/locations/17995705/","Ohio","Ohio, United States of America","State","http://aido.bsvgateway.org/api/locations/113309883/",40.416042353125,-82.7109082023146,40.416042353125,"Measles"
"17995705.2256",2014-04-15,2014-04-14,0,17995705,"39","17995705","P1D","http://aido.bsvgateway.org/api/locations/17995705/","Ohio","Ohio, United States of America","State","http://aido.bsvgateway.org/api/locations/113309883/",-82.7109082023146,-82.7109082023146,40.416042353125,"Measles"
"17995705.2257",2014-04-16,2014-04-15,0,17995705,"39","17995705","P1D","http://aido.bsvgateway.org/api/locations/17995705/","Ohio","Ohio, United States of America","State","http://aido.bsvgateway.org/api/locations/113309883/",40.416042353125,-82.7109082023146,40.416042353125,"Measles"
"17995705.2258",2014-04-17,2014-04-16,1,17995705,"39","17995705","P1D","http://aido.bsvgateway.org/api/locations/17995705/","Ohio","Ohio, United States of America","State","http://aido.bsvgateway.org/api/locations/113309883/",-82.7109082023146,-82.7109082023146,40.416042353125,"Measles"
"17995705.2259",2014-04-18,2014-04-17,1,17995705,"39","17995705","P1D","http://aido.bsvgateway.org/api/locations/17995705/","Ohio","Ohio, United States of America","State","http://aido.bsvgateway.org/api/locations/113309883/",40.416042353125,-82.7109082023146,40.416042353125,"Measles"
"17995705.2260",2014-04-19,2014-04-18,2,17995705,"39","17995705","P1D","http://aido.bsvgateway.org/api/locations/17995705/","Ohio","Ohio, United States of America","State","http://aido.bsvgateway.org/api/locations/113309883/",-82.7109082023146,-82.7109082023146,40.416042353125,"Measles"
"17995705.2261",2014-04-20,2014-04-19,3,17995705,"39","17995705","P1D","http://aido.bsvgateway.org/api/locations/17995705/","Ohio","Ohio, United States of America","State","http://aido.bsvgateway.org/api/locations/113309883/",40.416042353125,-82.7109082023146,40.416042353125,"Measles"
"17995705.2262",2014-04-21,2014-04-20,5,17995705,"39","17995705","P1D","http://aido.bsvgateway.org/api/locations/17995705/","Ohio","Ohio, United States of America","State","http://aido.bsvgateway.org/api/locations/113309883/",-82.7109082023146,-82.7109082023146,40.416042353125,"Measles"
"17995705.2263",2014-04-22,2014-04-21,7,17995705,"39","17995705","P1D","http://aido.bsvgateway.org/api/locations/17995705/","Ohio","Ohio, United States of America","State","http://aido.bsvgateway.org/api/locations/113309883/",40.416042353125,-82.7109082023146,40.416042353125,"Measles"
"17995705.2264",2014-04-23,2014-04-22,1,17995705,"39","17995705","P1D","http://aido.bsvgateway.org/api/locations/17995705/","Ohio","Ohio, United States of America","State","http://aido.bsvgateway.org/api/locations/113309883/",-82.7109082023146,-82.7109082023146,40.416042353125,"Measles"
"17995705.2265",2014-04-24,2014-04-23,1,17995705,"39","17995705","P1D","http://aido.bsvgateway.org/api/locations/17995705/","Ohio","Ohio, United States of America","State","http://aido.bsvgateway.org/api/locations/113309883/",40.416042353125,-82.7109082023146,40.416042353125,"Measles"
"17995705.2266",2014-04-25,2014-04-24,1,17995705,"39","17995705","P1D","http://aido.bsvgateway.org/api/locations/17995705/","Ohio","Ohio, United States of America","State","http://aido.bsvgateway.org/api/locations/113309883/",-82.7109082023146,-82.7109082023146,40.416042353125,"Measles"
"17995705.2267",2014-04-26,2014-04-25,1,17995705,"39","17995705","P1D","http://aido.bsvgateway.org/api/locations/17995705/","Ohio","Ohio, United States of America","State","http://aido.bsvgateway.org/api/locations/113309883/",40.416042353125,-82.7109082023146,40.416042353125,"Measles"
"17995705.2268",2014-04-27,2014-04-26,1,17995705,"39","17995705","P1D","http://aido.bsvgateway.org/api/locations/17995705/","Ohio","Ohio, United States of America","State","http://aido.bsvgateway.org/api/locations/113309883/",-82.7109082023146,-82.7109082023146,40.416042353125,"Measles"
"17995705.2269",2014-04-28,2014-04-27,1,17995705,"39","17995705","P1D","http://aido.bsvgateway.org/api/locations/17995705/","Ohio","Ohio, United States of America","State","http://aido.bsvgateway.org/api/locations/113309883/",40.416042353125,-82.7109082023146,40.416042353125,"Measles"
"17995705.2270",2014-04-29,2014-04-28,0,17995705,"39","17995705","P1D","http://aido.bsvgateway.org/api/locations/17995705/","Ohio","Ohio, United States of America","State","http://aido.bsvgateway.org/api/locations/113309883/",-82.7109082023146,-82.7109082023146,40.416042353125,"Measles"
"17995705.2271",2014-04-30,2014-04-29,4,17995705,"39","17995705","P1D","http://aido.bsvgateway.org/api/locations/17995705/","Ohio","Ohio, United States of America","State","http://aido.bsvgateway.org/api/locations/113309883/",40.416042353125,-82.7109082023146,40.416042353125,"Measles"
"17995705.2272",2014-05-01,2014-04-30,5,17995705,"39","17995705","P1D","http://aido.bsvgateway.org/api/locations/17995705/","Ohio","Ohio, United States of America","State","http://aido.bsvgateway.org/api/locations/113309883/",-82.7109082023146,-82.7109082023146,40.416042353125,"Measles"
"17995705.2273",2014-05-02,2014-05-01,16,17995705,"39","17995705","P1D","http://aido.bsvgateway.org/api/locations/17995705/","Ohio","Ohio, United States of America","State","http://aido.bsvgateway.org/api/locations/113309883/",40.416042353125,-82.7109082023146,40.416042353125,"Measles"
"17995705.2274",2014-05-03,2014-05-02,13,17995705,"39","17995705","P1D","http://aido.bsvgateway.org/api/locations/17995705/","Ohio","Ohio, United States of America","State","http://aido.bsvgateway.org/api/locations/113309883/",-82.7109082023146,-82.7109082023146,40.416042353125,"Measles"
"17995705.2275",2014-05-04,2014-05-03,15,17995705,"39","17995705","P1D","http://aido.bsvgateway.org/api/locations/17995705/","Ohio","Ohio, United States of America","State","http://aido.bsvgateway.org/api/locations/113309883/",40.416042353125,-82.7109082023146,40.416042353125,"Measles"
"17995705.2276",2014-05-05,2014-05-04,16,17995705,"39","17995705","P1D","http://aido.bsvgateway.org/api/locations/17995705/","Ohio","Ohio, United States of America","State","http://aido.bsvgateway.org/api/locations/113309883/",-82.7109082023146,-82.7109082023146,40.416042353125,"Measles"
"17995705.2277",2014-05-06,2014-05-05,16,17995705,"39","17995705","P1D","http://aido.bsvgateway.org/api/locations/17995705/","Ohio","Ohio, United States of America","State","http://aido.bsvgateway.org/api/locations/113309883/",40.416042353125,-82.7109082023146,40.416042353125,"Measles"
"17995705.2278",2014-05-07,2014-05-06,13,17995705,"39","17995705","P1D","http://aido.bsvgateway.org/api/locations/17995705/","Ohio","Ohio, United States of America","State","http://aido.bsvgateway.org/api/locations/113309883/",-82.7109082023146,-82.7109082023146,40.416042353125,"Measles"
"17995705.2279",2014-05-08,2014-05-07,8,17995705,"39","17995705","P1D","http://aido.bsvgateway.org/api/locations/17995705/","Ohio","Ohio, United States of America","State","http://aido.bsvgateway.org/api/locations/113309883/",40.416042353125,-82.7109082023146,40.416042353125,"Measles"
"17995705.2280",2014-05-09,2014-05-08,3,17995705,"39","17995705","P1D","http://aido.bsvgateway.org/api/locations/17995705/","Ohio","Ohio, United States of America","State","http://aido.bsvgateway.org/api/locations/113309883/",-82.7109082023146,-82.7109082023146,40.416042353125,"Measles"
"17995705.2281",2014-05-10,2014-05-09,2,17995705,"39","17995705","P1D","http://aido.bsvgateway.org/api/locations/17995705/","Ohio","Ohio, United States of America","State","http://aido.bsvgateway.org/api/locations/113309883/",40.416042353125,-82.7109082023146,40.416042353125,"Measles"
"17995705.2282",2014-05-11,2014-05-10,5,17995705,"39","17995705","P1D","http://aido.bsvgateway.org/api/locations/17995705/","Ohio","Ohio, United States of America","State","http://aido.bsvgateway.org/api/locations/113309883/",-82.7109082023146,-82.7109082023146,40.416042353125,"Measles"
"17995705.2283",2014-05-12,2014-05-11,10,17995705,"39","17995705","P1D","http://aido.bsvgateway.org/api/locations/17995705/","Ohio","Ohio, United States of America","State","http://aido.bsvgateway.org/api/locations/113309883/",40.416042353125,-82.7109082023146,40.416042353125,"Measles"
"17995705.2284",2014-05-13,2014-05-12,17,17995705,"39","17995705","P1D","http://aido.bsvgateway.org/api/locations/17995705/","Ohio","Ohio, United States of America","State","http://aido.bsvgateway.org/api/locations/113309883/",-82.7109082023146,-82.7109082023146,40.416042353125,"Measles"
"17995705.2285",2014-05-14,2014-05-13,11,17995705,"39","17995705","P1D","http://aido.bsvgateway.org/api/locations/17995705/","Ohio","Ohio, United States of America","State","http://aido.bsvgateway.org/api/locations/113309883/",40.416042353125,-82.7109082023146,40.416042353125,"Measles"
"17995705.2286",2014-05-15,2014-05-14,12,17995705,"39","17995705","P1D","http://aido.bsvgateway.org/api/locations/17995705/","Ohio","Ohio, United States of America","State","http://aido.bsvgateway.org/api/locations/113309883/",-82.7109082023146,-82.7109082023146,40.416042353125,"Measles"
"17995705.2287",2014-05-16,2014-05-15,12,17995705,"39","17995705","P1D","http://aido.bsvgateway.org/api/locations/17995705/","Ohio","Ohio, United States of America","State","http://aido.bsvgateway.org/api/locations/113309883/",40.416042353125,-82.7109082023146,40.416042353125,"Measles"
"17995705.2288",2014-05-17,2014-05-16,5,17995705,"39","17995705","P1D","http://aido.bsvgateway.org/api/locations/17995705/","Ohio","Ohio, United States of America","State","http://aido.bsvgateway.org/api/locations/113309883/",-82.7109082023146,-82.7109082023146,40.416042353125,"Measles"
"17995705.2289",2014-05-18,2014-05-17,9,17995705,"39","17995705","P1D","http://aido.bsvgateway.org/api/locations/17995705/","Ohio","Ohio, United States of America","State","http://aido.bsvgateway.org/api/locations/113309883/",40.416042353125,-82.7109082023146,40.416042353125,"Measles"
"17995705.2290",2014-05-19,2014-05-18,11,17995705,"39","17995705","P1D","http://aido.bsvgateway.org/api/locations/17995705/","Ohio","Ohio, United States of America","State","http://aido.bsvgateway.org/api/locations/113309883/",-82.7109082023146,-82.7109082023146,40.416042353125,"Measles"
"17995705.2291",2014-05-20,2014-05-19,10,17995705,"39","17995705","P1D","http://aido.bsvgateway.org/api/locations/17995705/","Ohio","Ohio, United States of America","State","http://aido.bsvgateway.org/api/locations/113309883/",40.416042353125,-82.7109082023146,40.416042353125,"Measles"
"17995705.2292",2014-05-21,2014-05-20,8,17995705,"39","17995705","P1D","http://aido.bsvgateway.org/api/locations/17995705/","Ohio","Ohio, United States of America","State","http://aido.bsvgateway.org/api/locations/113309883/",-82.7109082023146,-82.7109082023146,40.416042353125,"Measles"
"17995705.2293",2014-05-22,2014-05-21,0,17995705,"39","17995705","P1D","http://aido.bsvgateway.org/api/locations/17995705/","Ohio","Ohio, United States of America","State","http://aido.bsvgateway.org/api/locations/113309883/",40.416042353125,-82.7109082023146,40.416042353125,"Measles"
"17995705.2294",2014-05-23,2014-05-22,6,17995705,"39","17995705","P1D","http://aido.bsvgateway.org/api/locations/17995705/","Ohio","Ohio, United States of America","State","http://aido.bsvgateway.org/api/locations/113309883/",-82.7109082023146,-82.7109082023146,40.416042353125,"Measles"
"17995705.2295",2014-05-24,2014-05-23,4,17995705,"39","17995705","P1D","http://aido.bsvgateway.org/api/locations/17995705/","Ohio","Ohio, United States of America","State","http://aido.bsvgateway.org/api/locations/113309883/",40.416042353125,-82.7109082023146,40.416042353125,"Measles"
"17995705.2296",2014-05-25,2014-05-24,2,17995705,"39","17995705","P1D","http://aido.bsvgateway.org/api/locations/17995705/","Ohio","Ohio, United States of America","State","http://aido.bsvgateway.org/api/locations/113309883/",-82.7109082023146,-82.7109082023146,40.416042353125,"Measles"
"17995705.2297",2014-05-26,2014-05-25,1,17995705,"39","17995705","P1D","http://aido.bsvgateway.org/api/locations/17995705/","Ohio","Ohio, United States of America","State","http://aido.bsvgateway.org/api/locations/113309883/",40.416042353125,-82.7109082023146,40.416042353125,"Measles"
"17995705.2298",2014-05-27,2014-05-26,9,17995705,"39","17995705","P1D","http://aido.bsvgateway.org/api/locations/17995705/","Ohio","Ohio, United States of America","State","http://aido.bsvgateway.org/api/locations/113309883/",-82.7109082023146,-82.7109082023146,40.416042353125,"Measles"
"17995705.2299",2014-05-28,2014-05-27,3,17995705,"39","17995705","P1D","http://aido.bsvgateway.org/api/locations/17995705/","Ohio","Ohio, United States of America","State","http://aido.bsvgateway.org/api/locations/113309883/",40.416042353125,-82.7109082023146,40.416042353125,"Measles"
"17995705.2300",2014-05-29,2014-05-28,6,17995705,"39","17995705","P1D","http://aido.bsvgateway.org/api/locations/17995705/","Ohio","Ohio, United States of America","State","http://aido.bsvgateway.org/api/locations/113309883/",-82.7109082023146,-82.7109082023146,40.416042353125,"Measles"
"17995705.2301",2014-05-30,2014-05-29,5,17995705,"39","17995705","P1D","http://aido.bsvgateway.org/api/locations/17995705/","Ohio","Ohio, United States of America","State","http://aido.bsvgateway.org/api/locations/113309883/",40.416042353125,-82.7109082023146,40.416042353125,"Measles"
"17995705.2302",2014-05-31,2014-05-30,8,17995705,"39","17995705","P1D","http://aido.bsvgateway.org/api/locations/17995705/","Ohio","Ohio, United States of America","State","http://aido.bsvgateway.org/api/locations/113309883/",-82.7109082023146,-82.7109082023146,40.416042353125,"Measles"
"17995705.2303",2014-06-01,2014-05-31,6,17995705,"39","17995705","P1D","http://aido.bsvgateway.org/api/locations/17995705/","Ohio","Ohio, United States of America","State","http://aido.bsvgateway.org/api/locations/113309883/",40.416042353125,-82.7109082023146,40.416042353125,"Measles"
"17995705.2304",2014-06-02,2014-06-01,1,17995705,"39","17995705","P1D","http://aido.bsvgateway.org/api/locations/17995705/","Ohio","Ohio, United States of America","State","http://aido.bsvgateway.org/api/locations/113309883/",-82.7109082023146,-82.7109082023146,40.416042353125,"Measles"
"17995705.2305",2014-06-03,2014-06-02,3,17995705,"39","17995705","P1D","http://aido.bsvgateway.org/api/locations/17995705/","Ohio","Ohio, United States of America","State","http://aido.bsvgateway.org/api/locations/113309883/",40.416042353125,-82.7109082023146,40.416042353125,"Measles"
"17995705.2306",2014-06-04,2014-06-03,1,17995705,"39","17995705","P1D","http://aido.bsvgateway.org/api/locations/17995705/","Ohio","Ohio, United States of America","State","http://aido.bsvgateway.org/api/locations/113309883/",-82.7109082023146,-82.7109082023146,40.416042353125,"Measles"
"17995705.2307",2014-06-05,2014-06-04,4,17995705,"39","17995705","P1D","http://aido.bsvgateway.org/api/locations/17995705/","Ohio","Ohio, United States of America","State","http://aido.bsvgateway.org/api/locations/113309883/",40.416042353125,-82.7109082023146,40.416042353125,"Measles"
"17995705.2308",2014-06-06,2014-06-05,1,17995705,"39","17995705","P1D","http://aido.bsvgateway.org/api/locations/17995705/","Ohio","Ohio, United States of America","State","http://aido.bsvgateway.org/api/locations/113309883/",-82.7109082023146,-82.7109082023146,40.416042353125,"Measles"
"17995705.2309",2014-06-07,2014-06-06,7,17995705,"39","17995705","P1D","http://aido.bsvgateway.org/api/locations/17995705/","Ohio","Ohio, United States of America","State","http://aido.bsvgateway.org/api/locations/113309883/",40.416042353125,-82.7109082023146,40.416042353125,"Measles"
"17995705.2310",2014-06-08,2014-06-07,3,17995705,"39","17995705","P1D","http://aido.bsvgateway.org/api/locations/17995705/","Ohio","Ohio, United States of America","State","http://aido.bsvgateway.org/api/locations/113309883/",-82.7109082023146,-82.7109082023146,40.416042353125,"Measles"
"17995705.2311",2014-06-09,2014-06-08,1,17995705,"39","17995705","P1D","http://aido.bsvgateway.org/api/locations/17995705/","Ohio","Ohio, United States of America","State","http://aido.bsvgateway.org/api/locations/113309883/",40.416042353125,-82.7109082023146,40.416042353125,"Measles"
"17995705.2312",2014-06-10,2014-06-09,2,17995705,"39","17995705","P1D","http://aido.bsvgateway.org/api/locations/17995705/","Ohio","Ohio, United States of America","State","http://aido.bsvgateway.org/api/locations/113309883/",-82.7109082023146,-82.7109082023146,40.416042353125,"Measles"
"17995705.2313",2014-06-11,2014-06-10,4,17995705,"39","17995705","P1D","http://aido.bsvgateway.org/api/locations/17995705/","Ohio","Ohio, United States of America","State","http://aido.bsvgateway.org/api/locations/113309883/",40.416042353125,-82.7109082023146,40.416042353125,"Measles"
"17995705.2314",2014-06-12,2014-06-11,3,17995705,"39","17995705","P1D","http://aido.bsvgateway.org/api/locations/17995705/","Ohio","Ohio, United States of America","State","http://aido.bsvgateway.org/api/locations/113309883/",-82.7109082023146,-82.7109082023146,40.416042353125,"Measles"
"17995705.2315",2014-06-13,2014-06-12,1,17995705,"39","17995705","P1D","http://aido.bsvgateway.org/api/locations/17995705/","Ohio","Ohio, United States of America","State","http://aido.bsvgateway.org/api/locations/113309883/",40.416042353125,-82.7109082023146,40.416042353125,"Measles"
"17995705.2316",2014-06-14,2014-06-13,1,17995705,"39","17995705","P1D","http://aido.bsvgateway.org/api/locations/17995705/","Ohio","Ohio, United States of America","State","http://aido.bsvgateway.org/api/locations/113309883/",-82.7109082023146,-82.7109082023146,40.416042353125,"Measles"
"17995705.2317",2014-06-15,2014-06-14,5,17995705,"39","17995705","P1D","http://aido.bsvgateway.org/api/locations/17995705/","Ohio","Ohio, United States of America","State","http://aido.bsvgateway.org/api/locations/113309883/",40.416042353125,-82.7109082023146,40.416042353125,"Measles"
"17995705.2318",2014-06-16,2014-06-15,6,17995705,"39","17995705","P1D","http://aido.bsvgateway.org/api/locations/17995705/","Ohio","Ohio, United States of America","State","http://aido.bsvgateway.org/api/locations/113309883/",-82.7109082023146,-82.7109082023146,40.416042353125,"Measles"
"17995705.2319",2014-06-17,2014-06-16,4,17995705,"39","17995705","P1D","http://aido.bsvgateway.org/api/locations/17995705/","Ohio","Ohio, United States of America","State","http://aido.bsvgateway.org/api/locations/113309883/",40.416042353125,-82.7109082023146,40.416042353125,"Measles"
"17995705.2320",2014-06-18,2014-06-17,1,17995705,"39","17995705","P1D","http://aido.bsvgateway.org/api/locations/17995705/","Ohio","Ohio, United States of America","State","http://aido.bsvgateway.org/api/locations/113309883/",-82.7109082023146,-82.7109082023146,40.416042353125,"Measles"
"17995705.2321",2014-06-19,2014-06-18,3,17995705,"39","17995705","P1D","http://aido.bsvgateway.org/api/locations/17995705/","Ohio","Ohio, United States of America","State","http://aido.bsvgateway.org/api/locations/113309883/",40.416042353125,-82.7109082023146,40.416042353125,"Measles"
"17995705.2322",2014-06-20,2014-06-19,1,17995705,"39","17995705","P1D","http://aido.bsvgateway.org/api/locations/17995705/","Ohio","Ohio, United States of America","State","http://aido.bsvgateway.org/api/locations/113309883/",-82.7109082023146,-82.7109082023146,40.416042353125,"Measles"
"17995705.2323",2014-06-21,2014-06-20,2,17995705,"39","17995705","P1D","http://aido.bsvgateway.org/api/locations/17995705/","Ohio","Ohio, United States of America","State","http://aido.bsvgateway.org/api/locations/113309883/",40.416042353125,-82.7109082023146,40.416042353125,"Measles"
"17995705.2324",2014-06-22,2014-06-21,0,17995705,"39","17995705","P1D","http://aido.bsvgateway.org/api/locations/17995705/","Ohio","Ohio, United States of America","State","http://aido.bsvgateway.org/api/locations/113309883/",-82.7109082023146,-82.7109082023146,40.416042353125,"Measles"
"17995705.2325",2014-06-23,2014-06-22,1,17995705,"39","17995705","P1D","http://aido.bsvgateway.org/api/locations/17995705/","Ohio","Ohio, United States of America","State","http://aido.bsvgateway.org/api/locations/113309883/",40.416042353125,-82.7109082023146,40.416042353125,"Measles"
"17995705.2326",2014-06-24,2014-06-23,1,17995705,"39","17995705","P1D","http://aido.bsvgateway.org/api/locations/17995705/","Ohio","Ohio, United States of America","State","http://aido.bsvgateway.org/api/locations/113309883/",-82.7109082023146,-82.7109082023146,40.416042353125,"Measles"
"17995705.2327",2014-06-25,2014-06-24,5,17995705,"39","17995705","P1D","http://aido.bsvgateway.org/api/locations/17995705/","Ohio","Ohio, United States of America","State","http://aido.bsvgateway.org/api/locations/113309883/",40.416042353125,-82.7109082023146,40.416042353125,"Measles"
"17995705.2328",2014-06-26,2014-06-25,2,17995705,"39","17995705","P1D","http://aido.bsvgateway.org/api/locations/17995705/","Ohio","Ohio, United States of America","State","http://aido.bsvgateway.org/api/locations/113309883/",-82.7109082023146,-82.7109082023146,40.416042353125,"Measles"
"17995705.2329",2014-06-27,2014-06-26,0,17995705,"39","17995705","P1D","http://aido.bsvgateway.org/api/locations/17995705/","Ohio","Ohio, United States of America","State","http://aido.bsvgateway.org/api/locations/113309883/",40.416042353125,-82.7109082023146,40.416042353125,"Measles"
"17995705.2330",2014-06-28,2014-06-27,1,17995705,"39","17995705","P1D","http://aido.bsvgateway.org/api/locations/17995705/","Ohio","Ohio, United States of America","State","http://aido.bsvgateway.org/api/locations/113309883/",-82.7109082023146,-82.7109082023146,40.416042353125,"Measles"
"17995705.2331",2014-06-29,2014-06-28,0,17995705,"39","17995705","P1D","http://aido.bsvgateway.org/api/locations/17995705/","Ohio","Ohio, United States of America","State","http://aido.bsvgateway.org/api/locations/113309883/",40.416042353125,-82.7109082023146,40.416042353125,"Measles"
"17995705.2332",2014-06-30,2014-06-29,0,17995705,"39","17995705","P1D","http://aido.bsvgateway.org/api/locations/17995705/","Ohio","Ohio, United States of America","State","http://aido.bsvgateway.org/api/locations/113309883/",-82.7109082023146,-82.7109082023146,40.416042353125,"Measles"
"17995705.2333",2014-07-01,2014-06-30,1,17995705,"39","17995705","P1D","http://aido.bsvgateway.org/api/locations/17995705/","Ohio","Ohio, United States of America","State","http://aido.bsvgateway.org/api/locations/113309883/",40.416042353125,-82.7109082023146,40.416042353125,"Measles"
"17995705.2334",2014-07-02,2014-07-01,0,17995705,"39","17995705","P1D","http://aido.bsvgateway.org/api/locations/17995705/","Ohio","Ohio, United States of America","State","http://aido.bsvgateway.org/api/locations/113309883/",-82.7109082023146,-82.7109082023146,40.416042353125,"Measles"
"17995705.2335",2014-07-03,2014-07-02,0,17995705,"39","17995705","P1D","http://aido.bsvgateway.org/api/locations/17995705/","Ohio","Ohio, United States of America","State","http://aido.bsvgateway.org/api/locations/113309883/",40.416042353125,-82.7109082023146,40.416042353125,"Measles"
"17995705.2336",2014-07-04,2014-07-03,0,17995705,"39","17995705","P1D","http://aido.bsvgateway.org/api/locations/17995705/","Ohio","Ohio, United States of America","State","http://aido.bsvgateway.org/api/locations/113309883/",-82.7109082023146,-82.7109082023146,40.416042353125,"Measles"
"17995705.2337",2014-07-05,2014-07-04,0,17995705,"39","17995705","P1D","http://aido.bsvgateway.org/api/locations/17995705/","Ohio","Ohio, United States of America","State","http://aido.bsvgateway.org/api/locations/113309883/",40.416042353125,-82.7109082023146,40.416042353125,"Measles"
"17995705.2338",2014-07-06,2014-07-05,0,17995705,"39","17995705","P1D","http://aido.bsvgateway.org/api/locations/17995705/","Ohio","Ohio, United States of America","State","http://aido.bsvgateway.org/api/locations/113309883/",-82.7109082023146,-82.7109082023146,40.416042353125,"Measles"
"17995705.2339",2014-07-07,2014-07-06,0,17995705,"39","17995705","P1D","http://aido.bsvgateway.org/api/locations/17995705/","Ohio","Ohio, United States of America","State","http://aido.bsvgateway.org/api/locations/113309883/",40.416042353125,-82.7109082023146,40.416042353125,"Measles"
"17995705.2340",2014-07-08,2014-07-07,0,17995705,"39","17995705","P1D","http://aido.bsvgateway.org/api/locations/17995705/","Ohio","Ohio, United States of America","State","http://aido.bsvgateway.org/api/locations/113309883/",-82.7109082023146,-82.7109082023146,40.416042353125,"Measles"
"17995705.2341",2014-07-09,2014-07-08,0,17995705,"39","17995705","P1D","http://aido.bsvgateway.org/api/locations/17995705/","Ohio","Ohio, United States of America","State","http://aido.bsvgateway.org/api/locations/113309883/",40.416042353125,-82.7109082023146,40.416042353125,"Measles"
"17995705.2342",2014-07-10,2014-07-09,2,17995705,"39","17995705","P1D","http://aido.bsvgateway.org/api/locations/17995705/","Ohio","Ohio, United States of America","State","http://aido.bsvgateway.org/api/locations/113309883/",-82.7109082023146,-82.7109082023146,40.416042353125,"Measles"
"17995705.2343",2014-07-11,2014-07-10,0,17995705,"39","17995705","P1D","http://aido.bsvgateway.org/api/locations/17995705/","Ohio","Ohio, United States of America","State","http://aido.bsvgateway.org/api/locations/113309883/",40.416042353125,-82.7109082023146,40.416042353125,"Measles"
"17995705.2344",2014-07-12,2014-07-11,2,17995705,"39","17995705","P1D","http://aido.bsvgateway.org/api/locations/17995705/","Ohio","Ohio, United States of America","State","http://aido.bsvgateway.org/api/locations/113309883/",-82.7109082023146,-82.7109082023146,40.416042353125,"Measles"
"17995705.2345",2014-07-13,2014-07-12,0,17995705,"39","17995705","P1D","http://aido.bsvgateway.org/api/locations/17995705/","Ohio","Ohio, United States of America","State","http://aido.bsvgateway.org/api/locations/113309883/",40.416042353125,-82.7109082023146,40.416042353125,"Measles"
"17995705.2346",2014-07-14,2014-07-13,0,17995705,"39","17995705","P1D","http://aido.bsvgateway.org/api/locations/17995705/","Ohio","Ohio, United States of America","State","http://aido.bsvgateway.org/api/locations/113309883/",-82.7109082023146,-82.7109082023146,40.416042353125,"Measles"
"17995705.2347",2014-07-15,2014-07-14,1,17995705,"39","17995705","P1D","http://aido.bsvgateway.org/api/locations/17995705/","Ohio","Ohio, United States of America","State","http://aido.bsvgateway.org/api/locations/113309883/",40.416042353125,-82.7109082023146,40.416042353125,"Measles"
"17995705.2348",2014-07-16,2014-07-15,0,17995705,"39","17995705","P1D","http://aido.bsvgateway.org/api/locations/17995705/","Ohio","Ohio, United States of America","State","http://aido.bsvgateway.org/api/locations/113309883/",-82.7109082023146,-82.7109082023146,40.416042353125,"Measles"
"17995705.2349",2014-07-17,2014-07-16,0,17995705,"39","17995705","P1D","http://aido.bsvgateway.org/api/locations/17995705/","Ohio","Ohio, United States of America","State","http://aido.bsvgateway.org/api/locations/113309883/",40.416042353125,-82.7109082023146,40.416042353125,"Measles"
"17995705.2350",2014-07-18,2014-07-17,0,17995705,"39","17995705","P1D","http://aido.bsvgateway.org/api/locations/17995705/","Ohio","Ohio, United States of America","State","http://aido.bsvgateway.org/api/locations/113309883/",-82.7109082023146,-82.7109082023146,40.416042353125,"Measles"
"17995705.2351",2014-07-19,2014-07-18,0,17995705,"39","17995705","P1D","http://aido.bsvgateway.org/api/locations/17995705/","Ohio","Ohio, United States of America","State","http://aido.bsvgateway.org/api/locations/113309883/",40.416042353125,-82.7109082023146,40.416042353125,"Measles"
"17995705.2352",2014-07-20,2014-07-19,1,17995705,"39","17995705","P1D","http://aido.bsvgateway.org/api/locations/17995705/","Ohio","Ohio, United States of America","State","http://aido.bsvgateway.org/api/locations/113309883/",-82.7109082023146,-82.7109082023146,40.416042353125,"Measles"
"17995705.2353",2014-07-21,2014-07-20,0,17995705,"39","17995705","P1D","http://aido.bsvgateway.org/api/locations/17995705/","Ohio","Ohio, United States of America","State","http://aido.bsvgateway.org/api/locations/113309883/",40.416042353125,-82.7109082023146,40.416042353125,"Measles"
"17995705.2354",2014-07-22,2014-07-21,0,17995705,"39","17995705","P1D","http://aido.bsvgateway.org/api/locations/17995705/","Ohio","Ohio, United States of America","State","http://aido.bsvgateway.org/api/locations/113309883/",-82.7109082023146,-82.7109082023146,40.416042353125,"Measles"
"17995705.2355",2014-07-23,2014-07-22,1,17995705,"39","17995705","P1D","http://aido.bsvgateway.org/api/locations/17995705/","Ohio","Ohio, United States of America","State","http://aido.bsvgateway.org/api/locations/113309883/",40.416042353125,-82.7109082023146,40.416042353125,"Measles"
"17995705.2356",2014-07-24,2014-07-23,1,17995705,"39","17995705","P1D","http://aido.bsvgateway.org/api/locations/17995705/","Ohio","Ohio, United States of America","State","http://aido.bsvgateway.org/api/locations/113309883/",-82.7109082023146,-82.7109082023146,40.416042353125,"Measles"
