"","end","start","value","id","disease","location","duration","url","name","full_name","admin_level_name","parent","centroid_lat_long","longitude","latitude","disease_name"
"222317826.1465",2011-02-27,2011-02-20,1,222317826,"39","222317826","P7D","http://aido.bsvgateway.org/api/locations/222317826/","Québec","Québec, Canada","State","http://aido.bsvgateway.org/api/locations/14428333/",53.3896265285422,-71.7856570360771,53.3896265285422,"Measles"
"222317826.1466",2011-03-06,2011-02-27,1,222317826,"39","222317826","P7D","http://aido.bsvgateway.org/api/locations/222317826/","Québec","Québec, Canada","State","http://aido.bsvgateway.org/api/locations/14428333/",-71.7856570360771,-71.7856570360771,53.3896265285422,"Measles"
"222317826.1467",2011-03-13,2011-03-06,2,222317826,"39","222317826","P7D","http://aido.bsvgateway.org/api/locations/222317826/","Québec","Québec, Canada","State","http://aido.bsvgateway.org/api/locations/14428333/",53.3896265285422,-71.7856570360771,53.3896265285422,"Measles"
"222317826.1468",2011-03-20,2011-03-13,4,222317826,"39","222317826","P7D","http://aido.bsvgateway.org/api/locations/222317826/","Québec","Québec, Canada","State","http://aido.bsvgateway.org/api/locations/14428333/",-71.7856570360771,-71.7856570360771,53.3896265285422,"Measles"
"222317826.1469",2011-03-27,2011-03-20,1,222317826,"39","222317826","P7D","http://aido.bsvgateway.org/api/locations/222317826/","Québec","Québec, Canada","State","http://aido.bsvgateway.org/api/locations/14428333/",53.3896265285422,-71.7856570360771,53.3896265285422,"Measles"
"222317826.1470",2011-04-03,2011-03-27,6,222317826,"39","222317826","P7D","http://aido.bsvgateway.org/api/locations/222317826/","Québec","Québec, Canada","State","http://aido.bsvgateway.org/api/locations/14428333/",-71.7856570360771,-71.7856570360771,53.3896265285422,"Measles"
"222317826.1471",2011-04-10,2011-04-03,6,222317826,"39","222317826","P7D","http://aido.bsvgateway.org/api/locations/222317826/","Québec","Québec, Canada","State","http://aido.bsvgateway.org/api/locations/14428333/",53.3896265285422,-71.7856570360771,53.3896265285422,"Measles"
"222317826.1472",2011-04-17,2011-04-10,17,222317826,"39","222317826","P7D","http://aido.bsvgateway.org/api/locations/222317826/","Québec","Québec, Canada","State","http://aido.bsvgateway.org/api/locations/14428333/",-71.7856570360771,-71.7856570360771,53.3896265285422,"Measles"
"222317826.1473",2011-04-24,2011-04-17,8,222317826,"39","222317826","P7D","http://aido.bsvgateway.org/api/locations/222317826/","Québec","Québec, Canada","State","http://aido.bsvgateway.org/api/locations/14428333/",53.3896265285422,-71.7856570360771,53.3896265285422,"Measles"
"222317826.1474",2011-05-01,2011-04-24,68,222317826,"39","222317826","P7D","http://aido.bsvgateway.org/api/locations/222317826/","Québec","Québec, Canada","State","http://aido.bsvgateway.org/api/locations/14428333/",-71.7856570360771,-71.7856570360771,53.3896265285422,"Measles"
"222317826.1475",2011-05-08,2011-05-01,40,222317826,"39","222317826","P7D","http://aido.bsvgateway.org/api/locations/222317826/","Québec","Québec, Canada","State","http://aido.bsvgateway.org/api/locations/14428333/",53.3896265285422,-71.7856570360771,53.3896265285422,"Measles"
"222317826.1476",2011-05-15,2011-05-08,78,222317826,"39","222317826","P7D","http://aido.bsvgateway.org/api/locations/222317826/","Québec","Québec, Canada","State","http://aido.bsvgateway.org/api/locations/14428333/",-71.7856570360771,-71.7856570360771,53.3896265285422,"Measles"
"222317826.1477",2011-05-22,2011-05-15,65,222317826,"39","222317826","P7D","http://aido.bsvgateway.org/api/locations/222317826/","Québec","Québec, Canada","State","http://aido.bsvgateway.org/api/locations/14428333/",53.3896265285422,-71.7856570360771,53.3896265285422,"Measles"
"222317826.1478",2011-05-29,2011-05-22,69,222317826,"39","222317826","P7D","http://aido.bsvgateway.org/api/locations/222317826/","Québec","Québec, Canada","State","http://aido.bsvgateway.org/api/locations/14428333/",-71.7856570360771,-71.7856570360771,53.3896265285422,"Measles"
"222317826.1479",2011-06-05,2011-05-29,37,222317826,"39","222317826","P7D","http://aido.bsvgateway.org/api/locations/222317826/","Québec","Québec, Canada","State","http://aido.bsvgateway.org/api/locations/14428333/",53.3896265285422,-71.7856570360771,53.3896265285422,"Measles"
"222317826.1480",2011-06-12,2011-06-05,75,222317826,"39","222317826","P7D","http://aido.bsvgateway.org/api/locations/222317826/","Québec","Québec, Canada","State","http://aido.bsvgateway.org/api/locations/14428333/",-71.7856570360771,-71.7856570360771,53.3896265285422,"Measles"
"222317826.1481",2011-06-19,2011-06-12,50,222317826,"39","222317826","P7D","http://aido.bsvgateway.org/api/locations/222317826/","Québec","Québec, Canada","State","http://aido.bsvgateway.org/api/locations/14428333/",53.3896265285422,-71.7856570360771,53.3896265285422,"Measles"
"222317826.1482",2011-06-26,2011-06-19,59,222317826,"39","222317826","P7D","http://aido.bsvgateway.org/api/locations/222317826/","Québec","Québec, Canada","State","http://aido.bsvgateway.org/api/locations/14428333/",-71.7856570360771,-71.7856570360771,53.3896265285422,"Measles"
"222317826.1483",2011-07-03,2011-06-26,45,222317826,"39","222317826","P7D","http://aido.bsvgateway.org/api/locations/222317826/","Québec","Québec, Canada","State","http://aido.bsvgateway.org/api/locations/14428333/",53.3896265285422,-71.7856570360771,53.3896265285422,"Measles"
"222317826.1484",2011-07-10,2011-07-03,24,222317826,"39","222317826","P7D","http://aido.bsvgateway.org/api/locations/222317826/","Québec","Québec, Canada","State","http://aido.bsvgateway.org/api/locations/14428333/",-71.7856570360771,-71.7856570360771,53.3896265285422,"Measles"
"222317826.1485",2011-07-17,2011-07-10,14,222317826,"39","222317826","P7D","http://aido.bsvgateway.org/api/locations/222317826/","Québec","Québec, Canada","State","http://aido.bsvgateway.org/api/locations/14428333/",53.3896265285422,-71.7856570360771,53.3896265285422,"Measles"
"222317826.1486",2011-07-24,2011-07-17,13,222317826,"39","222317826","P7D","http://aido.bsvgateway.org/api/locations/222317826/","Québec","Québec, Canada","State","http://aido.bsvgateway.org/api/locations/14428333/",-71.7856570360771,-71.7856570360771,53.3896265285422,"Measles"
"222317826.1487",2011-07-31,2011-07-24,1,222317826,"39","222317826","P7D","http://aido.bsvgateway.org/api/locations/222317826/","Québec","Québec, Canada","State","http://aido.bsvgateway.org/api/locations/14428333/",53.3896265285422,-71.7856570360771,53.3896265285422,"Measles"
"222317826.1488",2011-08-07,2011-07-31,8,222317826,"39","222317826","P7D","http://aido.bsvgateway.org/api/locations/222317826/","Québec","Québec, Canada","State","http://aido.bsvgateway.org/api/locations/14428333/",-71.7856570360771,-71.7856570360771,53.3896265285422,"Measles"
"222317826.1489",2011-08-14,2011-08-07,1,222317826,"39","222317826","P7D","http://aido.bsvgateway.org/api/locations/222317826/","Québec","Québec, Canada","State","http://aido.bsvgateway.org/api/locations/14428333/",53.3896265285422,-71.7856570360771,53.3896265285422,"Measles"
"222317826.1490",2011-08-21,2011-08-14,4,222317826,"39","222317826","P7D","http://aido.bsvgateway.org/api/locations/222317826/","Québec","Québec, Canada","State","http://aido.bsvgateway.org/api/locations/14428333/",-71.7856570360771,-71.7856570360771,53.3896265285422,"Measles"
"222317826.1491",2011-08-28,2011-08-21,8,222317826,"39","222317826","P7D","http://aido.bsvgateway.org/api/locations/222317826/","Québec","Québec, Canada","State","http://aido.bsvgateway.org/api/locations/14428333/",53.3896265285422,-71.7856570360771,53.3896265285422,"Measles"
"222317826.1492",2011-09-04,2011-08-28,3,222317826,"39","222317826","P7D","http://aido.bsvgateway.org/api/locations/222317826/","Québec","Québec, Canada","State","http://aido.bsvgateway.org/api/locations/14428333/",-71.7856570360771,-71.7856570360771,53.3896265285422,"Measles"
"222317826.1493",2011-09-11,2011-09-04,4,222317826,"39","222317826","P7D","http://aido.bsvgateway.org/api/locations/222317826/","Québec","Québec, Canada","State","http://aido.bsvgateway.org/api/locations/14428333/",53.3896265285422,-71.7856570360771,53.3896265285422,"Measles"
"222317826.1494",2011-09-18,2011-09-11,6,222317826,"39","222317826","P7D","http://aido.bsvgateway.org/api/locations/222317826/","Québec","Québec, Canada","State","http://aido.bsvgateway.org/api/locations/14428333/",-71.7856570360771,-71.7856570360771,53.3896265285422,"Measles"
"222317826.1495",2011-09-25,2011-09-18,1,222317826,"39","222317826","P7D","http://aido.bsvgateway.org/api/locations/222317826/","Québec","Québec, Canada","State","http://aido.bsvgateway.org/api/locations/14428333/",53.3896265285422,-71.7856570360771,53.3896265285422,"Measles"
"222317826.1496",2011-10-02,2011-09-25,3,222317826,"39","222317826","P7D","http://aido.bsvgateway.org/api/locations/222317826/","Québec","Québec, Canada","State","http://aido.bsvgateway.org/api/locations/14428333/",-71.7856570360771,-71.7856570360771,53.3896265285422,"Measles"
"222317826.1497",2011-10-09,2011-10-02,0,222317826,"39","222317826","P7D","http://aido.bsvgateway.org/api/locations/222317826/","Québec","Québec, Canada","State","http://aido.bsvgateway.org/api/locations/14428333/",53.3896265285422,-71.7856570360771,53.3896265285422,"Measles"
"222317826.1498",2011-10-16,2011-10-09,0,222317826,"39","222317826","P7D","http://aido.bsvgateway.org/api/locations/222317826/","Québec","Québec, Canada","State","http://aido.bsvgateway.org/api/locations/14428333/",-71.7856570360771,-71.7856570360771,53.3896265285422,"Measles"
"222317826.1499",2011-10-23,2011-10-16,0,222317826,"39","222317826","P7D","http://aido.bsvgateway.org/api/locations/222317826/","Québec","Québec, Canada","State","http://aido.bsvgateway.org/api/locations/14428333/",53.3896265285422,-71.7856570360771,53.3896265285422,"Measles"
"222317826.1500",2011-10-30,2011-10-23,0,222317826,"39","222317826","P7D","http://aido.bsvgateway.org/api/locations/222317826/","Québec","Québec, Canada","State","http://aido.bsvgateway.org/api/locations/14428333/",-71.7856570360771,-71.7856570360771,53.3896265285422,"Measles"
"222317826.1501",2011-11-06,2011-10-30,0,222317826,"39","222317826","P7D","http://aido.bsvgateway.org/api/locations/222317826/","Québec","Québec, Canada","State","http://aido.bsvgateway.org/api/locations/14428333/",53.3896265285422,-71.7856570360771,53.3896265285422,"Measles"
"222317826.1502",2011-11-13,2011-11-06,0,222317826,"39","222317826","P7D","http://aido.bsvgateway.org/api/locations/222317826/","Québec","Québec, Canada","State","http://aido.bsvgateway.org/api/locations/14428333/",-71.7856570360771,-71.7856570360771,53.3896265285422,"Measles"
"222317826.1503",2011-11-20,2011-11-13,0,222317826,"39","222317826","P7D","http://aido.bsvgateway.org/api/locations/222317826/","Québec","Québec, Canada","State","http://aido.bsvgateway.org/api/locations/14428333/",53.3896265285422,-71.7856570360771,53.3896265285422,"Measles"
"222317826.1504",2011-11-27,2011-11-20,1,222317826,"39","222317826","P7D","http://aido.bsvgateway.org/api/locations/222317826/","Québec","Québec, Canada","State","http://aido.bsvgateway.org/api/locations/14428333/",-71.7856570360771,-71.7856570360771,53.3896265285422,"Measles"
"222317826.1505",2011-04-24,2011-04-17,9,222317826,"39","222317826","P7D","http://aido.bsvgateway.org/api/locations/222317826/","Québec","Québec, Canada","State","http://aido.bsvgateway.org/api/locations/14428333/",53.3896265285422,-71.7856570360771,53.3896265285422,"Measles"
"222317826.1506",2011-05-01,2011-04-24,5,222317826,"39","222317826","P7D","http://aido.bsvgateway.org/api/locations/222317826/","Québec","Québec, Canada","State","http://aido.bsvgateway.org/api/locations/14428333/",-71.7856570360771,-71.7856570360771,53.3896265285422,"Measles"
"222317826.1507",2011-05-08,2011-05-01,55,222317826,"39","222317826","P7D","http://aido.bsvgateway.org/api/locations/222317826/","Québec","Québec, Canada","State","http://aido.bsvgateway.org/api/locations/14428333/",53.3896265285422,-71.7856570360771,53.3896265285422,"Measles"
"222317826.1508",2011-05-15,2011-05-08,14,222317826,"39","222317826","P7D","http://aido.bsvgateway.org/api/locations/222317826/","Québec","Québec, Canada","State","http://aido.bsvgateway.org/api/locations/14428333/",-71.7856570360771,-71.7856570360771,53.3896265285422,"Measles"
"222317826.1509",2011-05-22,2011-05-15,14,222317826,"39","222317826","P7D","http://aido.bsvgateway.org/api/locations/222317826/","Québec","Québec, Canada","State","http://aido.bsvgateway.org/api/locations/14428333/",53.3896265285422,-71.7856570360771,53.3896265285422,"Measles"
"222317826.1510",2011-05-29,2011-05-22,0,222317826,"39","222317826","P7D","http://aido.bsvgateway.org/api/locations/222317826/","Québec","Québec, Canada","State","http://aido.bsvgateway.org/api/locations/14428333/",-71.7856570360771,-71.7856570360771,53.3896265285422,"Measles"
"222317826.1511",2011-06-05,2011-05-29,1,222317826,"39","222317826","P7D","http://aido.bsvgateway.org/api/locations/222317826/","Québec","Québec, Canada","State","http://aido.bsvgateway.org/api/locations/14428333/",53.3896265285422,-71.7856570360771,53.3896265285422,"Measles"
