"","end","start","value","id","disease","location","duration","url","name","full_name","admin_level_name","parent","centroid_lat_long","longitude","latitude","disease_name"
"117113808.1",2003-07-14,2003-07-07,362,117113808,"56","117113808","P7D","http://aido.bsvgateway.org/api/locations/117113808/","Ethiopia","Ethiopia","Country","http://aido.bsvgateway.org/api/locations/93632501/",8.62295173540691,39.6005510814166,8.62295173540691,"Malaria"
"117113808.2",2003-07-21,2003-07-14,571,117113808,"56","117113808","P7D","http://aido.bsvgateway.org/api/locations/117113808/","Ethiopia","Ethiopia","Country","http://aido.bsvgateway.org/api/locations/93632501/",39.6005510814166,39.6005510814166,8.62295173540691,"Malaria"
"117113808.3",2003-07-28,2003-07-21,472,117113808,"56","117113808","P7D","http://aido.bsvgateway.org/api/locations/117113808/","Ethiopia","Ethiopia","Country","http://aido.bsvgateway.org/api/locations/93632501/",8.62295173540691,39.6005510814166,8.62295173540691,"Malaria"
"117113808.4",2003-08-04,2003-07-28,450,117113808,"56","117113808","P7D","http://aido.bsvgateway.org/api/locations/117113808/","Ethiopia","Ethiopia","Country","http://aido.bsvgateway.org/api/locations/93632501/",39.6005510814166,39.6005510814166,8.62295173540691,"Malaria"
"117113808.5",2003-08-11,2003-08-04,383,117113808,"56","117113808","P7D","http://aido.bsvgateway.org/api/locations/117113808/","Ethiopia","Ethiopia","Country","http://aido.bsvgateway.org/api/locations/93632501/",8.62295173540691,39.6005510814166,8.62295173540691,"Malaria"
"117113808.6",2003-08-18,2003-08-11,553,117113808,"56","117113808","P7D","http://aido.bsvgateway.org/api/locations/117113808/","Ethiopia","Ethiopia","Country","http://aido.bsvgateway.org/api/locations/93632501/",39.6005510814166,39.6005510814166,8.62295173540691,"Malaria"
"117113808.7",2003-08-25,2003-08-18,443,117113808,"56","117113808","P7D","http://aido.bsvgateway.org/api/locations/117113808/","Ethiopia","Ethiopia","Country","http://aido.bsvgateway.org/api/locations/93632501/",8.62295173540691,39.6005510814166,8.62295173540691,"Malaria"
"117113808.8",2003-09-01,2003-08-25,688,117113808,"56","117113808","P7D","http://aido.bsvgateway.org/api/locations/117113808/","Ethiopia","Ethiopia","Country","http://aido.bsvgateway.org/api/locations/93632501/",39.6005510814166,39.6005510814166,8.62295173540691,"Malaria"
"117113808.9",2003-09-08,2003-09-01,291,117113808,"56","117113808","P7D","http://aido.bsvgateway.org/api/locations/117113808/","Ethiopia","Ethiopia","Country","http://aido.bsvgateway.org/api/locations/93632501/",8.62295173540691,39.6005510814166,8.62295173540691,"Malaria"
"117113808.10",2003-09-15,2003-09-08,379,117113808,"56","117113808","P7D","http://aido.bsvgateway.org/api/locations/117113808/","Ethiopia","Ethiopia","Country","http://aido.bsvgateway.org/api/locations/93632501/",39.6005510814166,39.6005510814166,8.62295173540691,"Malaria"
"117113808.11",2003-09-22,2003-09-15,327,117113808,"56","117113808","P7D","http://aido.bsvgateway.org/api/locations/117113808/","Ethiopia","Ethiopia","Country","http://aido.bsvgateway.org/api/locations/93632501/",8.62295173540691,39.6005510814166,8.62295173540691,"Malaria"
"117113808.12",2003-09-29,2003-09-22,239,117113808,"56","117113808","P7D","http://aido.bsvgateway.org/api/locations/117113808/","Ethiopia","Ethiopia","Country","http://aido.bsvgateway.org/api/locations/93632501/",39.6005510814166,39.6005510814166,8.62295173540691,"Malaria"
"117113808.13",2003-10-06,2003-09-29,382,117113808,"56","117113808","P7D","http://aido.bsvgateway.org/api/locations/117113808/","Ethiopia","Ethiopia","Country","http://aido.bsvgateway.org/api/locations/93632501/",8.62295173540691,39.6005510814166,8.62295173540691,"Malaria"
"117113808.14",2003-10-13,2003-10-06,359,117113808,"56","117113808","P7D","http://aido.bsvgateway.org/api/locations/117113808/","Ethiopia","Ethiopia","Country","http://aido.bsvgateway.org/api/locations/93632501/",39.6005510814166,39.6005510814166,8.62295173540691,"Malaria"
"117113808.15",2003-10-20,2003-10-13,465,117113808,"56","117113808","P7D","http://aido.bsvgateway.org/api/locations/117113808/","Ethiopia","Ethiopia","Country","http://aido.bsvgateway.org/api/locations/93632501/",8.62295173540691,39.6005510814166,8.62295173540691,"Malaria"
"117113808.16",2003-10-27,2003-10-20,307,117113808,"56","117113808","P7D","http://aido.bsvgateway.org/api/locations/117113808/","Ethiopia","Ethiopia","Country","http://aido.bsvgateway.org/api/locations/93632501/",39.6005510814166,39.6005510814166,8.62295173540691,"Malaria"
"117113808.17",2003-11-03,2003-10-27,344,117113808,"56","117113808","P7D","http://aido.bsvgateway.org/api/locations/117113808/","Ethiopia","Ethiopia","Country","http://aido.bsvgateway.org/api/locations/93632501/",8.62295173540691,39.6005510814166,8.62295173540691,"Malaria"
"117113808.18",2003-11-10,2003-11-03,566,117113808,"56","117113808","P7D","http://aido.bsvgateway.org/api/locations/117113808/","Ethiopia","Ethiopia","Country","http://aido.bsvgateway.org/api/locations/93632501/",39.6005510814166,39.6005510814166,8.62295173540691,"Malaria"
"117113808.19",2003-11-17,2003-11-10,1149,117113808,"56","117113808","P7D","http://aido.bsvgateway.org/api/locations/117113808/","Ethiopia","Ethiopia","Country","http://aido.bsvgateway.org/api/locations/93632501/",8.62295173540691,39.6005510814166,8.62295173540691,"Malaria"
"117113808.20",2003-11-24,2003-11-17,1306,117113808,"56","117113808","P7D","http://aido.bsvgateway.org/api/locations/117113808/","Ethiopia","Ethiopia","Country","http://aido.bsvgateway.org/api/locations/93632501/",39.6005510814166,39.6005510814166,8.62295173540691,"Malaria"
"117113808.21",2003-12-01,2003-11-24,996,117113808,"56","117113808","P7D","http://aido.bsvgateway.org/api/locations/117113808/","Ethiopia","Ethiopia","Country","http://aido.bsvgateway.org/api/locations/93632501/",8.62295173540691,39.6005510814166,8.62295173540691,"Malaria"
"117113808.22",2003-12-08,2003-12-01,1419,117113808,"56","117113808","P7D","http://aido.bsvgateway.org/api/locations/117113808/","Ethiopia","Ethiopia","Country","http://aido.bsvgateway.org/api/locations/93632501/",39.6005510814166,39.6005510814166,8.62295173540691,"Malaria"
"117113808.23",2003-12-15,2003-12-08,1411,117113808,"56","117113808","P7D","http://aido.bsvgateway.org/api/locations/117113808/","Ethiopia","Ethiopia","Country","http://aido.bsvgateway.org/api/locations/93632501/",8.62295173540691,39.6005510814166,8.62295173540691,"Malaria"
"117113808.24",2003-12-22,2003-12-15,1733,117113808,"56","117113808","P7D","http://aido.bsvgateway.org/api/locations/117113808/","Ethiopia","Ethiopia","Country","http://aido.bsvgateway.org/api/locations/93632501/",39.6005510814166,39.6005510814166,8.62295173540691,"Malaria"
"117113808.25",2003-12-29,2003-12-22,1328,117113808,"56","117113808","P7D","http://aido.bsvgateway.org/api/locations/117113808/","Ethiopia","Ethiopia","Country","http://aido.bsvgateway.org/api/locations/93632501/",8.62295173540691,39.6005510814166,8.62295173540691,"Malaria"
"117113808.26",2004-01-05,2003-12-29,956,117113808,"56","117113808","P7D","http://aido.bsvgateway.org/api/locations/117113808/","Ethiopia","Ethiopia","Country","http://aido.bsvgateway.org/api/locations/93632501/",39.6005510814166,39.6005510814166,8.62295173540691,"Malaria"
"117113808.27",2004-01-12,2004-01-05,640,117113808,"56","117113808","P7D","http://aido.bsvgateway.org/api/locations/117113808/","Ethiopia","Ethiopia","Country","http://aido.bsvgateway.org/api/locations/93632501/",8.62295173540691,39.6005510814166,8.62295173540691,"Malaria"
"117113808.28",2004-01-19,2004-01-12,562,117113808,"56","117113808","P7D","http://aido.bsvgateway.org/api/locations/117113808/","Ethiopia","Ethiopia","Country","http://aido.bsvgateway.org/api/locations/93632501/",39.6005510814166,39.6005510814166,8.62295173540691,"Malaria"
"117113808.29",2004-01-26,2004-01-19,440,117113808,"56","117113808","P7D","http://aido.bsvgateway.org/api/locations/117113808/","Ethiopia","Ethiopia","Country","http://aido.bsvgateway.org/api/locations/93632501/",8.62295173540691,39.6005510814166,8.62295173540691,"Malaria"
"117113808.30",2004-02-02,2004-01-26,352,117113808,"56","117113808","P7D","http://aido.bsvgateway.org/api/locations/117113808/","Ethiopia","Ethiopia","Country","http://aido.bsvgateway.org/api/locations/93632501/",39.6005510814166,39.6005510814166,8.62295173540691,"Malaria"
"117113808.31",2004-02-09,2004-02-02,314,117113808,"56","117113808","P7D","http://aido.bsvgateway.org/api/locations/117113808/","Ethiopia","Ethiopia","Country","http://aido.bsvgateway.org/api/locations/93632501/",8.62295173540691,39.6005510814166,8.62295173540691,"Malaria"
