"","end","start","value","id","disease","location","duration","url","name","full_name","admin_level_name","parent","centroid_lat_long","longitude","latitude","disease_name"
"135719292.462",2010-01-10,2010-01-03,2,135719292,"51","135719292","P7D","http://aido.bsvgateway.org/api/locations/135719292/","Texas","Texas, United States of America","State","http://aido.bsvgateway.org/api/locations/113309883/",31.5002554576714,-99.3553800593802,31.5002554576714,"Shigellosis"
"135719292.463",2010-01-17,2010-01-10,2,135719292,"51","135719292","P7D","http://aido.bsvgateway.org/api/locations/135719292/","Texas","Texas, United States of America","State","http://aido.bsvgateway.org/api/locations/113309883/",-99.3553800593802,-99.3553800593802,31.5002554576714,"Shigellosis"
"135719292.464",2010-01-24,2010-01-17,1,135719292,"51","135719292","P7D","http://aido.bsvgateway.org/api/locations/135719292/","Texas","Texas, United States of America","State","http://aido.bsvgateway.org/api/locations/113309883/",31.5002554576714,-99.3553800593802,31.5002554576714,"Shigellosis"
"135719292.465",2010-01-31,2010-01-24,2,135719292,"51","135719292","P7D","http://aido.bsvgateway.org/api/locations/135719292/","Texas","Texas, United States of America","State","http://aido.bsvgateway.org/api/locations/113309883/",-99.3553800593802,-99.3553800593802,31.5002554576714,"Shigellosis"
"135719292.466",2010-02-07,2010-01-31,1,135719292,"51","135719292","P7D","http://aido.bsvgateway.org/api/locations/135719292/","Texas","Texas, United States of America","State","http://aido.bsvgateway.org/api/locations/113309883/",31.5002554576714,-99.3553800593802,31.5002554576714,"Shigellosis"
"135719292.467",2010-02-14,2010-02-07,0,135719292,"51","135719292","P7D","http://aido.bsvgateway.org/api/locations/135719292/","Texas","Texas, United States of America","State","http://aido.bsvgateway.org/api/locations/113309883/",-99.3553800593802,-99.3553800593802,31.5002554576714,"Shigellosis"
"135719292.468",2010-02-21,2010-02-14,2,135719292,"51","135719292","P7D","http://aido.bsvgateway.org/api/locations/135719292/","Texas","Texas, United States of America","State","http://aido.bsvgateway.org/api/locations/113309883/",31.5002554576714,-99.3553800593802,31.5002554576714,"Shigellosis"
"135719292.469",2010-02-28,2010-02-21,3,135719292,"51","135719292","P7D","http://aido.bsvgateway.org/api/locations/135719292/","Texas","Texas, United States of America","State","http://aido.bsvgateway.org/api/locations/113309883/",-99.3553800593802,-99.3553800593802,31.5002554576714,"Shigellosis"
"135719292.470",2010-03-07,2010-02-28,2,135719292,"51","135719292","P7D","http://aido.bsvgateway.org/api/locations/135719292/","Texas","Texas, United States of America","State","http://aido.bsvgateway.org/api/locations/113309883/",31.5002554576714,-99.3553800593802,31.5002554576714,"Shigellosis"
"135719292.471",2010-03-14,2010-03-07,2,135719292,"51","135719292","P7D","http://aido.bsvgateway.org/api/locations/135719292/","Texas","Texas, United States of America","State","http://aido.bsvgateway.org/api/locations/113309883/",-99.3553800593802,-99.3553800593802,31.5002554576714,"Shigellosis"
"135719292.472",2010-03-21,2010-03-14,4,135719292,"51","135719292","P7D","http://aido.bsvgateway.org/api/locations/135719292/","Texas","Texas, United States of America","State","http://aido.bsvgateway.org/api/locations/113309883/",31.5002554576714,-99.3553800593802,31.5002554576714,"Shigellosis"
"135719292.473",2010-03-28,2010-03-21,3,135719292,"51","135719292","P7D","http://aido.bsvgateway.org/api/locations/135719292/","Texas","Texas, United States of America","State","http://aido.bsvgateway.org/api/locations/113309883/",-99.3553800593802,-99.3553800593802,31.5002554576714,"Shigellosis"
"135719292.474",2010-04-04,2010-03-28,0,135719292,"51","135719292","P7D","http://aido.bsvgateway.org/api/locations/135719292/","Texas","Texas, United States of America","State","http://aido.bsvgateway.org/api/locations/113309883/",31.5002554576714,-99.3553800593802,31.5002554576714,"Shigellosis"
"135719292.475",2010-04-11,2010-04-04,2,135719292,"51","135719292","P7D","http://aido.bsvgateway.org/api/locations/135719292/","Texas","Texas, United States of America","State","http://aido.bsvgateway.org/api/locations/113309883/",-99.3553800593802,-99.3553800593802,31.5002554576714,"Shigellosis"
"135719292.476",2010-04-18,2010-04-11,0,135719292,"51","135719292","P7D","http://aido.bsvgateway.org/api/locations/135719292/","Texas","Texas, United States of America","State","http://aido.bsvgateway.org/api/locations/113309883/",31.5002554576714,-99.3553800593802,31.5002554576714,"Shigellosis"
"135719292.477",2010-04-25,2010-04-18,1,135719292,"51","135719292","P7D","http://aido.bsvgateway.org/api/locations/135719292/","Texas","Texas, United States of America","State","http://aido.bsvgateway.org/api/locations/113309883/",-99.3553800593802,-99.3553800593802,31.5002554576714,"Shigellosis"
"135719292.478",2010-05-02,2010-04-25,0,135719292,"51","135719292","P7D","http://aido.bsvgateway.org/api/locations/135719292/","Texas","Texas, United States of America","State","http://aido.bsvgateway.org/api/locations/113309883/",31.5002554576714,-99.3553800593802,31.5002554576714,"Shigellosis"
"135719292.479",2010-05-09,2010-05-02,2,135719292,"51","135719292","P7D","http://aido.bsvgateway.org/api/locations/135719292/","Texas","Texas, United States of America","State","http://aido.bsvgateway.org/api/locations/113309883/",-99.3553800593802,-99.3553800593802,31.5002554576714,"Shigellosis"
"135719292.480",2010-05-16,2010-05-09,1,135719292,"51","135719292","P7D","http://aido.bsvgateway.org/api/locations/135719292/","Texas","Texas, United States of America","State","http://aido.bsvgateway.org/api/locations/113309883/",31.5002554576714,-99.3553800593802,31.5002554576714,"Shigellosis"
"135719292.481",2010-05-23,2010-05-16,1,135719292,"51","135719292","P7D","http://aido.bsvgateway.org/api/locations/135719292/","Texas","Texas, United States of America","State","http://aido.bsvgateway.org/api/locations/113309883/",-99.3553800593802,-99.3553800593802,31.5002554576714,"Shigellosis"
"135719292.482",2010-05-30,2010-05-23,1,135719292,"51","135719292","P7D","http://aido.bsvgateway.org/api/locations/135719292/","Texas","Texas, United States of America","State","http://aido.bsvgateway.org/api/locations/113309883/",31.5002554576714,-99.3553800593802,31.5002554576714,"Shigellosis"
"135719292.483",2010-06-06,2010-05-30,5,135719292,"51","135719292","P7D","http://aido.bsvgateway.org/api/locations/135719292/","Texas","Texas, United States of America","State","http://aido.bsvgateway.org/api/locations/113309883/",-99.3553800593802,-99.3553800593802,31.5002554576714,"Shigellosis"
"135719292.484",2010-06-13,2010-06-06,3,135719292,"51","135719292","P7D","http://aido.bsvgateway.org/api/locations/135719292/","Texas","Texas, United States of America","State","http://aido.bsvgateway.org/api/locations/113309883/",31.5002554576714,-99.3553800593802,31.5002554576714,"Shigellosis"
"135719292.485",2010-06-20,2010-06-13,1,135719292,"51","135719292","P7D","http://aido.bsvgateway.org/api/locations/135719292/","Texas","Texas, United States of America","State","http://aido.bsvgateway.org/api/locations/113309883/",-99.3553800593802,-99.3553800593802,31.5002554576714,"Shigellosis"
"135719292.486",2010-06-27,2010-06-20,1,135719292,"51","135719292","P7D","http://aido.bsvgateway.org/api/locations/135719292/","Texas","Texas, United States of America","State","http://aido.bsvgateway.org/api/locations/113309883/",31.5002554576714,-99.3553800593802,31.5002554576714,"Shigellosis"
