"","end","start","value","id","disease","location","duration","url","name","full_name","admin_level_name","parent","centroid_lat_long","longitude","latitude","disease_name"
"33023692.107",2006-03-27,2006-03-20,1,33023692,"75","33023692","P7D","http://aido.bsvgateway.org/api/locations/33023692/","Malaysia","Malaysia","Country","http://aido.bsvgateway.org/api/locations/20359812/",3.79239278856245,109.698868636613,3.79239278856245,"Rubella"
"33023692.108",2006-04-03,2006-03-27,14,33023692,"75","33023692","P7D","http://aido.bsvgateway.org/api/locations/33023692/","Malaysia","Malaysia","Country","http://aido.bsvgateway.org/api/locations/20359812/",109.698868636613,109.698868636613,3.79239278856245,"Rubella"
"33023692.109",2006-04-10,2006-04-03,13,33023692,"75","33023692","P7D","http://aido.bsvgateway.org/api/locations/33023692/","Malaysia","Malaysia","Country","http://aido.bsvgateway.org/api/locations/20359812/",3.79239278856245,109.698868636613,3.79239278856245,"Rubella"
"33023692.110",2006-04-17,2006-04-10,35,33023692,"75","33023692","P7D","http://aido.bsvgateway.org/api/locations/33023692/","Malaysia","Malaysia","Country","http://aido.bsvgateway.org/api/locations/20359812/",109.698868636613,109.698868636613,3.79239278856245,"Rubella"
"33023692.111",2006-04-24,2006-04-17,10,33023692,"75","33023692","P7D","http://aido.bsvgateway.org/api/locations/33023692/","Malaysia","Malaysia","Country","http://aido.bsvgateway.org/api/locations/20359812/",3.79239278856245,109.698868636613,3.79239278856245,"Rubella"
"33023692.112",2006-05-01,2006-04-24,1,33023692,"75","33023692","P7D","http://aido.bsvgateway.org/api/locations/33023692/","Malaysia","Malaysia","Country","http://aido.bsvgateway.org/api/locations/20359812/",109.698868636613,109.698868636613,3.79239278856245,"Rubella"
"33023692.113",2006-05-08,2006-05-01,2,33023692,"75","33023692","P7D","http://aido.bsvgateway.org/api/locations/33023692/","Malaysia","Malaysia","Country","http://aido.bsvgateway.org/api/locations/20359812/",3.79239278856245,109.698868636613,3.79239278856245,"Rubella"
