"","end","start","value","id","disease","location","duration","url","name","full_name","admin_level_name","parent","centroid_lat_long","longitude","latitude","disease_name"
"237782751.202",2012-01-08,2012-01-01,285,237782751,"27","237782751","P7D","http://aido.bsvgateway.org/api/locations/237782751/","Thailand","Thailand","Country","http://aido.bsvgateway.org/api/locations/20359812/",15.1143997392552,101.003333351407,15.1143997392552,"Dengue"
"237782751.203",2012-01-15,2012-01-08,260,237782751,"27","237782751","P7D","http://aido.bsvgateway.org/api/locations/237782751/","Thailand","Thailand","Country","http://aido.bsvgateway.org/api/locations/20359812/",101.003333351407,101.003333351407,15.1143997392552,"Dengue"
"237782751.204",2012-01-22,2012-01-15,279,237782751,"27","237782751","P7D","http://aido.bsvgateway.org/api/locations/237782751/","Thailand","Thailand","Country","http://aido.bsvgateway.org/api/locations/20359812/",15.1143997392552,101.003333351407,15.1143997392552,"Dengue"
"237782751.205",2012-01-29,2012-01-22,361,237782751,"27","237782751","P7D","http://aido.bsvgateway.org/api/locations/237782751/","Thailand","Thailand","Country","http://aido.bsvgateway.org/api/locations/20359812/",101.003333351407,101.003333351407,15.1143997392552,"Dengue"
"237782751.206",2012-02-05,2012-01-29,349,237782751,"27","237782751","P7D","http://aido.bsvgateway.org/api/locations/237782751/","Thailand","Thailand","Country","http://aido.bsvgateway.org/api/locations/20359812/",15.1143997392552,101.003333351407,15.1143997392552,"Dengue"
"237782751.207",2012-02-12,2012-02-05,404,237782751,"27","237782751","P7D","http://aido.bsvgateway.org/api/locations/237782751/","Thailand","Thailand","Country","http://aido.bsvgateway.org/api/locations/20359812/",101.003333351407,101.003333351407,15.1143997392552,"Dengue"
"237782751.208",2012-02-19,2012-02-12,425,237782751,"27","237782751","P7D","http://aido.bsvgateway.org/api/locations/237782751/","Thailand","Thailand","Country","http://aido.bsvgateway.org/api/locations/20359812/",15.1143997392552,101.003333351407,15.1143997392552,"Dengue"
"237782751.209",2012-02-26,2012-02-19,416,237782751,"27","237782751","P7D","http://aido.bsvgateway.org/api/locations/237782751/","Thailand","Thailand","Country","http://aido.bsvgateway.org/api/locations/20359812/",101.003333351407,101.003333351407,15.1143997392552,"Dengue"
"237782751.210",2012-03-04,2012-02-26,388,237782751,"27","237782751","P7D","http://aido.bsvgateway.org/api/locations/237782751/","Thailand","Thailand","Country","http://aido.bsvgateway.org/api/locations/20359812/",15.1143997392552,101.003333351407,15.1143997392552,"Dengue"
"237782751.211",2012-03-11,2012-03-04,357,237782751,"27","237782751","P7D","http://aido.bsvgateway.org/api/locations/237782751/","Thailand","Thailand","Country","http://aido.bsvgateway.org/api/locations/20359812/",101.003333351407,101.003333351407,15.1143997392552,"Dengue"
"237782751.212",2012-03-18,2012-03-11,454,237782751,"27","237782751","P7D","http://aido.bsvgateway.org/api/locations/237782751/","Thailand","Thailand","Country","http://aido.bsvgateway.org/api/locations/20359812/",15.1143997392552,101.003333351407,15.1143997392552,"Dengue"
"237782751.213",2012-03-25,2012-03-18,457,237782751,"27","237782751","P7D","http://aido.bsvgateway.org/api/locations/237782751/","Thailand","Thailand","Country","http://aido.bsvgateway.org/api/locations/20359812/",101.003333351407,101.003333351407,15.1143997392552,"Dengue"
"237782751.214",2012-04-01,2012-03-25,405,237782751,"27","237782751","P7D","http://aido.bsvgateway.org/api/locations/237782751/","Thailand","Thailand","Country","http://aido.bsvgateway.org/api/locations/20359812/",15.1143997392552,101.003333351407,15.1143997392552,"Dengue"
"237782751.215",2012-04-08,2012-04-01,463,237782751,"27","237782751","P7D","http://aido.bsvgateway.org/api/locations/237782751/","Thailand","Thailand","Country","http://aido.bsvgateway.org/api/locations/20359812/",101.003333351407,101.003333351407,15.1143997392552,"Dengue"
"237782751.216",2012-04-15,2012-04-08,461,237782751,"27","237782751","P7D","http://aido.bsvgateway.org/api/locations/237782751/","Thailand","Thailand","Country","http://aido.bsvgateway.org/api/locations/20359812/",15.1143997392552,101.003333351407,15.1143997392552,"Dengue"
"237782751.217",2012-04-22,2012-04-15,669,237782751,"27","237782751","P7D","http://aido.bsvgateway.org/api/locations/237782751/","Thailand","Thailand","Country","http://aido.bsvgateway.org/api/locations/20359812/",101.003333351407,101.003333351407,15.1143997392552,"Dengue"
"237782751.218",2012-04-29,2012-04-22,710,237782751,"27","237782751","P7D","http://aido.bsvgateway.org/api/locations/237782751/","Thailand","Thailand","Country","http://aido.bsvgateway.org/api/locations/20359812/",15.1143997392552,101.003333351407,15.1143997392552,"Dengue"
"237782751.219",2012-05-06,2012-04-29,787,237782751,"27","237782751","P7D","http://aido.bsvgateway.org/api/locations/237782751/","Thailand","Thailand","Country","http://aido.bsvgateway.org/api/locations/20359812/",101.003333351407,101.003333351407,15.1143997392552,"Dengue"
"237782751.220",2012-05-13,2012-05-06,770,237782751,"27","237782751","P7D","http://aido.bsvgateway.org/api/locations/237782751/","Thailand","Thailand","Country","http://aido.bsvgateway.org/api/locations/20359812/",15.1143997392552,101.003333351407,15.1143997392552,"Dengue"
"237782751.221",2012-05-20,2012-05-13,1108,237782751,"27","237782751","P7D","http://aido.bsvgateway.org/api/locations/237782751/","Thailand","Thailand","Country","http://aido.bsvgateway.org/api/locations/20359812/",101.003333351407,101.003333351407,15.1143997392552,"Dengue"
"237782751.222",2012-05-27,2012-05-20,1183,237782751,"27","237782751","P7D","http://aido.bsvgateway.org/api/locations/237782751/","Thailand","Thailand","Country","http://aido.bsvgateway.org/api/locations/20359812/",15.1143997392552,101.003333351407,15.1143997392552,"Dengue"
"237782751.223",2012-06-03,2012-05-27,1243,237782751,"27","237782751","P7D","http://aido.bsvgateway.org/api/locations/237782751/","Thailand","Thailand","Country","http://aido.bsvgateway.org/api/locations/20359812/",101.003333351407,101.003333351407,15.1143997392552,"Dengue"
"237782751.224",2012-06-10,2012-06-03,1458,237782751,"27","237782751","P7D","http://aido.bsvgateway.org/api/locations/237782751/","Thailand","Thailand","Country","http://aido.bsvgateway.org/api/locations/20359812/",15.1143997392552,101.003333351407,15.1143997392552,"Dengue"
"237782751.225",2012-06-17,2012-06-10,1664,237782751,"27","237782751","P7D","http://aido.bsvgateway.org/api/locations/237782751/","Thailand","Thailand","Country","http://aido.bsvgateway.org/api/locations/20359812/",101.003333351407,101.003333351407,15.1143997392552,"Dengue"
"237782751.226",2012-06-24,2012-06-17,1915,237782751,"27","237782751","P7D","http://aido.bsvgateway.org/api/locations/237782751/","Thailand","Thailand","Country","http://aido.bsvgateway.org/api/locations/20359812/",15.1143997392552,101.003333351407,15.1143997392552,"Dengue"
"237782751.227",2012-07-01,2012-06-24,1836,237782751,"27","237782751","P7D","http://aido.bsvgateway.org/api/locations/237782751/","Thailand","Thailand","Country","http://aido.bsvgateway.org/api/locations/20359812/",101.003333351407,101.003333351407,15.1143997392552,"Dengue"
"237782751.228",2012-07-08,2012-07-01,1994,237782751,"27","237782751","P7D","http://aido.bsvgateway.org/api/locations/237782751/","Thailand","Thailand","Country","http://aido.bsvgateway.org/api/locations/20359812/",15.1143997392552,101.003333351407,15.1143997392552,"Dengue"
"237782751.229",2012-07-15,2012-07-08,2114,237782751,"27","237782751","P7D","http://aido.bsvgateway.org/api/locations/237782751/","Thailand","Thailand","Country","http://aido.bsvgateway.org/api/locations/20359812/",101.003333351407,101.003333351407,15.1143997392552,"Dengue"
"237782751.230",2012-07-22,2012-07-15,2037,237782751,"27","237782751","P7D","http://aido.bsvgateway.org/api/locations/237782751/","Thailand","Thailand","Country","http://aido.bsvgateway.org/api/locations/20359812/",15.1143997392552,101.003333351407,15.1143997392552,"Dengue"
"237782751.231",2012-07-29,2012-07-22,1867,237782751,"27","237782751","P7D","http://aido.bsvgateway.org/api/locations/237782751/","Thailand","Thailand","Country","http://aido.bsvgateway.org/api/locations/20359812/",101.003333351407,101.003333351407,15.1143997392552,"Dengue"
"237782751.232",2012-08-05,2012-07-29,1957,237782751,"27","237782751","P7D","http://aido.bsvgateway.org/api/locations/237782751/","Thailand","Thailand","Country","http://aido.bsvgateway.org/api/locations/20359812/",15.1143997392552,101.003333351407,15.1143997392552,"Dengue"
"237782751.233",2012-08-12,2012-08-05,1951,237782751,"27","237782751","P7D","http://aido.bsvgateway.org/api/locations/237782751/","Thailand","Thailand","Country","http://aido.bsvgateway.org/api/locations/20359812/",101.003333351407,101.003333351407,15.1143997392552,"Dengue"
"237782751.234",2012-08-19,2012-08-12,1890,237782751,"27","237782751","P7D","http://aido.bsvgateway.org/api/locations/237782751/","Thailand","Thailand","Country","http://aido.bsvgateway.org/api/locations/20359812/",15.1143997392552,101.003333351407,15.1143997392552,"Dengue"
"237782751.235",2012-08-26,2012-08-19,1890,237782751,"27","237782751","P7D","http://aido.bsvgateway.org/api/locations/237782751/","Thailand","Thailand","Country","http://aido.bsvgateway.org/api/locations/20359812/",101.003333351407,101.003333351407,15.1143997392552,"Dengue"
"237782751.236",2012-09-02,2012-08-26,1787,237782751,"27","237782751","P7D","http://aido.bsvgateway.org/api/locations/237782751/","Thailand","Thailand","Country","http://aido.bsvgateway.org/api/locations/20359812/",15.1143997392552,101.003333351407,15.1143997392552,"Dengue"
"237782751.237",2012-09-09,2012-09-02,1855,237782751,"27","237782751","P7D","http://aido.bsvgateway.org/api/locations/237782751/","Thailand","Thailand","Country","http://aido.bsvgateway.org/api/locations/20359812/",101.003333351407,101.003333351407,15.1143997392552,"Dengue"
"237782751.238",2012-09-16,2012-09-09,1907,237782751,"27","237782751","P7D","http://aido.bsvgateway.org/api/locations/237782751/","Thailand","Thailand","Country","http://aido.bsvgateway.org/api/locations/20359812/",15.1143997392552,101.003333351407,15.1143997392552,"Dengue"
"237782751.239",2012-09-23,2012-09-16,1871,237782751,"27","237782751","P7D","http://aido.bsvgateway.org/api/locations/237782751/","Thailand","Thailand","Country","http://aido.bsvgateway.org/api/locations/20359812/",101.003333351407,101.003333351407,15.1143997392552,"Dengue"
"237782751.240",2012-09-30,2012-09-23,1695,237782751,"27","237782751","P7D","http://aido.bsvgateway.org/api/locations/237782751/","Thailand","Thailand","Country","http://aido.bsvgateway.org/api/locations/20359812/",15.1143997392552,101.003333351407,15.1143997392552,"Dengue"
"237782751.241",2012-10-07,2012-09-30,1688,237782751,"27","237782751","P7D","http://aido.bsvgateway.org/api/locations/237782751/","Thailand","Thailand","Country","http://aido.bsvgateway.org/api/locations/20359812/",101.003333351407,101.003333351407,15.1143997392552,"Dengue"
"237782751.242",2012-10-14,2012-10-07,1836,237782751,"27","237782751","P7D","http://aido.bsvgateway.org/api/locations/237782751/","Thailand","Thailand","Country","http://aido.bsvgateway.org/api/locations/20359812/",15.1143997392552,101.003333351407,15.1143997392552,"Dengue"
"237782751.243",2012-10-21,2012-10-14,1915,237782751,"27","237782751","P7D","http://aido.bsvgateway.org/api/locations/237782751/","Thailand","Thailand","Country","http://aido.bsvgateway.org/api/locations/20359812/",101.003333351407,101.003333351407,15.1143997392552,"Dengue"
"237782751.244",2012-10-28,2012-10-21,1959,237782751,"27","237782751","P7D","http://aido.bsvgateway.org/api/locations/237782751/","Thailand","Thailand","Country","http://aido.bsvgateway.org/api/locations/20359812/",15.1143997392552,101.003333351407,15.1143997392552,"Dengue"
"237782751.245",2012-11-04,2012-10-28,2174,237782751,"27","237782751","P7D","http://aido.bsvgateway.org/api/locations/237782751/","Thailand","Thailand","Country","http://aido.bsvgateway.org/api/locations/20359812/",101.003333351407,101.003333351407,15.1143997392552,"Dengue"
"237782751.246",2012-11-11,2012-11-04,2237,237782751,"27","237782751","P7D","http://aido.bsvgateway.org/api/locations/237782751/","Thailand","Thailand","Country","http://aido.bsvgateway.org/api/locations/20359812/",15.1143997392552,101.003333351407,15.1143997392552,"Dengue"
"237782751.247",2012-11-18,2012-11-11,2114,237782751,"27","237782751","P7D","http://aido.bsvgateway.org/api/locations/237782751/","Thailand","Thailand","Country","http://aido.bsvgateway.org/api/locations/20359812/",101.003333351407,101.003333351407,15.1143997392552,"Dengue"
"237782751.248",2012-11-25,2012-11-18,1989,237782751,"27","237782751","P7D","http://aido.bsvgateway.org/api/locations/237782751/","Thailand","Thailand","Country","http://aido.bsvgateway.org/api/locations/20359812/",15.1143997392552,101.003333351407,15.1143997392552,"Dengue"
"237782751.249",2012-12-02,2012-11-25,1914,237782751,"27","237782751","P7D","http://aido.bsvgateway.org/api/locations/237782751/","Thailand","Thailand","Country","http://aido.bsvgateway.org/api/locations/20359812/",101.003333351407,101.003333351407,15.1143997392552,"Dengue"
"237782751.250",2012-12-09,2012-12-02,1792,237782751,"27","237782751","P7D","http://aido.bsvgateway.org/api/locations/237782751/","Thailand","Thailand","Country","http://aido.bsvgateway.org/api/locations/20359812/",15.1143997392552,101.003333351407,15.1143997392552,"Dengue"
"237782751.251",2012-12-16,2012-12-09,1866,237782751,"27","237782751","P7D","http://aido.bsvgateway.org/api/locations/237782751/","Thailand","Thailand","Country","http://aido.bsvgateway.org/api/locations/20359812/",101.003333351407,101.003333351407,15.1143997392552,"Dengue"
"237782751.252",2012-12-23,2012-12-16,1113,237782751,"27","237782751","P7D","http://aido.bsvgateway.org/api/locations/237782751/","Thailand","Thailand","Country","http://aido.bsvgateway.org/api/locations/20359812/",15.1143997392552,101.003333351407,15.1143997392552,"Dengue"
"237782751.253",2012-12-30,2012-12-23,170,237782751,"27","237782751","P7D","http://aido.bsvgateway.org/api/locations/237782751/","Thailand","Thailand","Country","http://aido.bsvgateway.org/api/locations/20359812/",101.003333351407,101.003333351407,15.1143997392552,"Dengue"
"237782751.254",2013-01-06,2012-12-30,1592,237782751,"27","237782751","P7D","http://aido.bsvgateway.org/api/locations/237782751/","Thailand","Thailand","Country","http://aido.bsvgateway.org/api/locations/20359812/",15.1143997392552,101.003333351407,15.1143997392552,"Dengue"
"237782751.255",2013-01-13,2013-01-06,1635,237782751,"27","237782751","P7D","http://aido.bsvgateway.org/api/locations/237782751/","Thailand","Thailand","Country","http://aido.bsvgateway.org/api/locations/20359812/",101.003333351407,101.003333351407,15.1143997392552,"Dengue"
"237782751.256",2013-01-20,2013-01-13,1453,237782751,"27","237782751","P7D","http://aido.bsvgateway.org/api/locations/237782751/","Thailand","Thailand","Country","http://aido.bsvgateway.org/api/locations/20359812/",15.1143997392552,101.003333351407,15.1143997392552,"Dengue"
"237782751.257",2013-01-27,2013-01-20,1407,237782751,"27","237782751","P7D","http://aido.bsvgateway.org/api/locations/237782751/","Thailand","Thailand","Country","http://aido.bsvgateway.org/api/locations/20359812/",101.003333351407,101.003333351407,15.1143997392552,"Dengue"
"237782751.258",2013-02-03,2013-01-27,1193,237782751,"27","237782751","P7D","http://aido.bsvgateway.org/api/locations/237782751/","Thailand","Thailand","Country","http://aido.bsvgateway.org/api/locations/20359812/",15.1143997392552,101.003333351407,15.1143997392552,"Dengue"
"237782751.259",2013-02-10,2013-02-03,1379,237782751,"27","237782751","P7D","http://aido.bsvgateway.org/api/locations/237782751/","Thailand","Thailand","Country","http://aido.bsvgateway.org/api/locations/20359812/",101.003333351407,101.003333351407,15.1143997392552,"Dengue"
"237782751.260",2013-02-17,2013-02-10,1386,237782751,"27","237782751","P7D","http://aido.bsvgateway.org/api/locations/237782751/","Thailand","Thailand","Country","http://aido.bsvgateway.org/api/locations/20359812/",15.1143997392552,101.003333351407,15.1143997392552,"Dengue"
"237782751.261",2013-02-24,2013-02-17,1314,237782751,"27","237782751","P7D","http://aido.bsvgateway.org/api/locations/237782751/","Thailand","Thailand","Country","http://aido.bsvgateway.org/api/locations/20359812/",101.003333351407,101.003333351407,15.1143997392552,"Dengue"
"237782751.262",2013-03-03,2013-02-24,1176,237782751,"27","237782751","P7D","http://aido.bsvgateway.org/api/locations/237782751/","Thailand","Thailand","Country","http://aido.bsvgateway.org/api/locations/20359812/",15.1143997392552,101.003333351407,15.1143997392552,"Dengue"
"237782751.263",2013-03-10,2013-03-03,1378,237782751,"27","237782751","P7D","http://aido.bsvgateway.org/api/locations/237782751/","Thailand","Thailand","Country","http://aido.bsvgateway.org/api/locations/20359812/",101.003333351407,101.003333351407,15.1143997392552,"Dengue"
"237782751.264",2013-03-17,2013-03-10,1442,237782751,"27","237782751","P7D","http://aido.bsvgateway.org/api/locations/237782751/","Thailand","Thailand","Country","http://aido.bsvgateway.org/api/locations/20359812/",15.1143997392552,101.003333351407,15.1143997392552,"Dengue"
"237782751.265",2013-03-24,2013-03-17,1575,237782751,"27","237782751","P7D","http://aido.bsvgateway.org/api/locations/237782751/","Thailand","Thailand","Country","http://aido.bsvgateway.org/api/locations/20359812/",101.003333351407,101.003333351407,15.1143997392552,"Dengue"
"237782751.266",2013-03-31,2013-03-24,1849,237782751,"27","237782751","P7D","http://aido.bsvgateway.org/api/locations/237782751/","Thailand","Thailand","Country","http://aido.bsvgateway.org/api/locations/20359812/",15.1143997392552,101.003333351407,15.1143997392552,"Dengue"
"237782751.267",2013-04-07,2013-03-31,1854,237782751,"27","237782751","P7D","http://aido.bsvgateway.org/api/locations/237782751/","Thailand","Thailand","Country","http://aido.bsvgateway.org/api/locations/20359812/",101.003333351407,101.003333351407,15.1143997392552,"Dengue"
"237782751.268",2013-04-14,2013-04-07,1832,237782751,"27","237782751","P7D","http://aido.bsvgateway.org/api/locations/237782751/","Thailand","Thailand","Country","http://aido.bsvgateway.org/api/locations/20359812/",15.1143997392552,101.003333351407,15.1143997392552,"Dengue"
"237782751.269",2013-04-21,2013-04-14,1914,237782751,"27","237782751","P7D","http://aido.bsvgateway.org/api/locations/237782751/","Thailand","Thailand","Country","http://aido.bsvgateway.org/api/locations/20359812/",101.003333351407,101.003333351407,15.1143997392552,"Dengue"
"237782751.270",2013-04-28,2013-04-21,1942,237782751,"27","237782751","P7D","http://aido.bsvgateway.org/api/locations/237782751/","Thailand","Thailand","Country","http://aido.bsvgateway.org/api/locations/20359812/",15.1143997392552,101.003333351407,15.1143997392552,"Dengue"
"237782751.271",2013-05-05,2013-04-28,2054,237782751,"27","237782751","P7D","http://aido.bsvgateway.org/api/locations/237782751/","Thailand","Thailand","Country","http://aido.bsvgateway.org/api/locations/20359812/",101.003333351407,101.003333351407,15.1143997392552,"Dengue"
"237782751.272",2013-05-12,2013-05-05,2412,237782751,"27","237782751","P7D","http://aido.bsvgateway.org/api/locations/237782751/","Thailand","Thailand","Country","http://aido.bsvgateway.org/api/locations/20359812/",15.1143997392552,101.003333351407,15.1143997392552,"Dengue"
"237782751.273",2013-05-19,2013-05-12,2991,237782751,"27","237782751","P7D","http://aido.bsvgateway.org/api/locations/237782751/","Thailand","Thailand","Country","http://aido.bsvgateway.org/api/locations/20359812/",101.003333351407,101.003333351407,15.1143997392552,"Dengue"
"237782751.274",2013-05-26,2013-05-19,3495,237782751,"27","237782751","P7D","http://aido.bsvgateway.org/api/locations/237782751/","Thailand","Thailand","Country","http://aido.bsvgateway.org/api/locations/20359812/",15.1143997392552,101.003333351407,15.1143997392552,"Dengue"
"237782751.275",2013-06-02,2013-05-26,3944,237782751,"27","237782751","P7D","http://aido.bsvgateway.org/api/locations/237782751/","Thailand","Thailand","Country","http://aido.bsvgateway.org/api/locations/20359812/",101.003333351407,101.003333351407,15.1143997392552,"Dengue"
"237782751.276",2013-06-09,2013-06-02,4718,237782751,"27","237782751","P7D","http://aido.bsvgateway.org/api/locations/237782751/","Thailand","Thailand","Country","http://aido.bsvgateway.org/api/locations/20359812/",15.1143997392552,101.003333351407,15.1143997392552,"Dengue"
"237782751.277",2013-06-16,2013-06-09,5208,237782751,"27","237782751","P7D","http://aido.bsvgateway.org/api/locations/237782751/","Thailand","Thailand","Country","http://aido.bsvgateway.org/api/locations/20359812/",101.003333351407,101.003333351407,15.1143997392552,"Dengue"
"237782751.278",2013-06-23,2013-06-16,5910,237782751,"27","237782751","P7D","http://aido.bsvgateway.org/api/locations/237782751/","Thailand","Thailand","Country","http://aido.bsvgateway.org/api/locations/20359812/",15.1143997392552,101.003333351407,15.1143997392552,"Dengue"
"237782751.279",2013-06-30,2013-06-23,6495,237782751,"27","237782751","P7D","http://aido.bsvgateway.org/api/locations/237782751/","Thailand","Thailand","Country","http://aido.bsvgateway.org/api/locations/20359812/",101.003333351407,101.003333351407,15.1143997392552,"Dengue"
"237782751.280",2013-07-07,2013-06-30,6756,237782751,"27","237782751","P7D","http://aido.bsvgateway.org/api/locations/237782751/","Thailand","Thailand","Country","http://aido.bsvgateway.org/api/locations/20359812/",15.1143997392552,101.003333351407,15.1143997392552,"Dengue"
"237782751.281",2013-07-14,2013-07-07,5976,237782751,"27","237782751","P7D","http://aido.bsvgateway.org/api/locations/237782751/","Thailand","Thailand","Country","http://aido.bsvgateway.org/api/locations/20359812/",101.003333351407,101.003333351407,15.1143997392552,"Dengue"
"237782751.282",2013-07-21,2013-07-14,6037,237782751,"27","237782751","P7D","http://aido.bsvgateway.org/api/locations/237782751/","Thailand","Thailand","Country","http://aido.bsvgateway.org/api/locations/20359812/",15.1143997392552,101.003333351407,15.1143997392552,"Dengue"
"237782751.283",2013-07-28,2013-07-21,5486,237782751,"27","237782751","P7D","http://aido.bsvgateway.org/api/locations/237782751/","Thailand","Thailand","Country","http://aido.bsvgateway.org/api/locations/20359812/",101.003333351407,101.003333351407,15.1143997392552,"Dengue"
"237782751.284",2013-08-04,2013-07-28,5191,237782751,"27","237782751","P7D","http://aido.bsvgateway.org/api/locations/237782751/","Thailand","Thailand","Country","http://aido.bsvgateway.org/api/locations/20359812/",15.1143997392552,101.003333351407,15.1143997392552,"Dengue"
"237782751.285",2013-08-11,2013-08-04,4501,237782751,"27","237782751","P7D","http://aido.bsvgateway.org/api/locations/237782751/","Thailand","Thailand","Country","http://aido.bsvgateway.org/api/locations/20359812/",101.003333351407,101.003333351407,15.1143997392552,"Dengue"
"237782751.286",2013-08-18,2013-08-11,4528,237782751,"27","237782751","P7D","http://aido.bsvgateway.org/api/locations/237782751/","Thailand","Thailand","Country","http://aido.bsvgateway.org/api/locations/20359812/",15.1143997392552,101.003333351407,15.1143997392552,"Dengue"
"237782751.287",2013-08-25,2013-08-18,3841,237782751,"27","237782751","P7D","http://aido.bsvgateway.org/api/locations/237782751/","Thailand","Thailand","Country","http://aido.bsvgateway.org/api/locations/20359812/",101.003333351407,101.003333351407,15.1143997392552,"Dengue"
"237782751.288",2013-09-01,2013-08-25,3605,237782751,"27","237782751","P7D","http://aido.bsvgateway.org/api/locations/237782751/","Thailand","Thailand","Country","http://aido.bsvgateway.org/api/locations/20359812/",15.1143997392552,101.003333351407,15.1143997392552,"Dengue"
"237782751.289",2013-09-08,2013-09-01,3343,237782751,"27","237782751","P7D","http://aido.bsvgateway.org/api/locations/237782751/","Thailand","Thailand","Country","http://aido.bsvgateway.org/api/locations/20359812/",101.003333351407,101.003333351407,15.1143997392552,"Dengue"
"237782751.290",2013-09-15,2013-09-08,2622,237782751,"27","237782751","P7D","http://aido.bsvgateway.org/api/locations/237782751/","Thailand","Thailand","Country","http://aido.bsvgateway.org/api/locations/20359812/",15.1143997392552,101.003333351407,15.1143997392552,"Dengue"
"237782751.291",2013-09-22,2013-09-15,2112,237782751,"27","237782751","P7D","http://aido.bsvgateway.org/api/locations/237782751/","Thailand","Thailand","Country","http://aido.bsvgateway.org/api/locations/20359812/",101.003333351407,101.003333351407,15.1143997392552,"Dengue"
"237782751.292",2013-09-29,2013-09-22,1844,237782751,"27","237782751","P7D","http://aido.bsvgateway.org/api/locations/237782751/","Thailand","Thailand","Country","http://aido.bsvgateway.org/api/locations/20359812/",15.1143997392552,101.003333351407,15.1143997392552,"Dengue"
"237782751.293",2013-10-06,2013-09-29,1497,237782751,"27","237782751","P7D","http://aido.bsvgateway.org/api/locations/237782751/","Thailand","Thailand","Country","http://aido.bsvgateway.org/api/locations/20359812/",101.003333351407,101.003333351407,15.1143997392552,"Dengue"
"237782751.294",2013-10-13,2013-10-06,1533,237782751,"27","237782751","P7D","http://aido.bsvgateway.org/api/locations/237782751/","Thailand","Thailand","Country","http://aido.bsvgateway.org/api/locations/20359812/",15.1143997392552,101.003333351407,15.1143997392552,"Dengue"
"237782751.295",2013-10-20,2013-10-13,1270,237782751,"27","237782751","P7D","http://aido.bsvgateway.org/api/locations/237782751/","Thailand","Thailand","Country","http://aido.bsvgateway.org/api/locations/20359812/",101.003333351407,101.003333351407,15.1143997392552,"Dengue"
"237782751.296",2013-10-27,2013-10-20,1333,237782751,"27","237782751","P7D","http://aido.bsvgateway.org/api/locations/237782751/","Thailand","Thailand","Country","http://aido.bsvgateway.org/api/locations/20359812/",15.1143997392552,101.003333351407,15.1143997392552,"Dengue"
"237782751.297",2013-11-03,2013-10-27,1261,237782751,"27","237782751","P7D","http://aido.bsvgateway.org/api/locations/237782751/","Thailand","Thailand","Country","http://aido.bsvgateway.org/api/locations/20359812/",101.003333351407,101.003333351407,15.1143997392552,"Dengue"
"237782751.298",2013-11-10,2013-11-03,1244,237782751,"27","237782751","P7D","http://aido.bsvgateway.org/api/locations/237782751/","Thailand","Thailand","Country","http://aido.bsvgateway.org/api/locations/20359812/",15.1143997392552,101.003333351407,15.1143997392552,"Dengue"
"237782751.299",2013-11-17,2013-11-10,1106,237782751,"27","237782751","P7D","http://aido.bsvgateway.org/api/locations/237782751/","Thailand","Thailand","Country","http://aido.bsvgateway.org/api/locations/20359812/",101.003333351407,101.003333351407,15.1143997392552,"Dengue"
"237782751.300",2013-11-24,2013-11-17,1057,237782751,"27","237782751","P7D","http://aido.bsvgateway.org/api/locations/237782751/","Thailand","Thailand","Country","http://aido.bsvgateway.org/api/locations/20359812/",15.1143997392552,101.003333351407,15.1143997392552,"Dengue"
"237782751.301",2013-12-01,2013-11-24,810,237782751,"27","237782751","P7D","http://aido.bsvgateway.org/api/locations/237782751/","Thailand","Thailand","Country","http://aido.bsvgateway.org/api/locations/20359812/",101.003333351407,101.003333351407,15.1143997392552,"Dengue"
"237782751.302",2013-12-08,2013-12-01,650,237782751,"27","237782751","P7D","http://aido.bsvgateway.org/api/locations/237782751/","Thailand","Thailand","Country","http://aido.bsvgateway.org/api/locations/20359812/",15.1143997392552,101.003333351407,15.1143997392552,"Dengue"
"237782751.303",2013-12-15,2013-12-08,460,237782751,"27","237782751","P7D","http://aido.bsvgateway.org/api/locations/237782751/","Thailand","Thailand","Country","http://aido.bsvgateway.org/api/locations/20359812/",101.003333351407,101.003333351407,15.1143997392552,"Dengue"
"237782751.304",2013-12-22,2013-12-15,244,237782751,"27","237782751","P7D","http://aido.bsvgateway.org/api/locations/237782751/","Thailand","Thailand","Country","http://aido.bsvgateway.org/api/locations/20359812/",15.1143997392552,101.003333351407,15.1143997392552,"Dengue"
"237782751.305",2013-12-29,2013-12-22,125,237782751,"27","237782751","P7D","http://aido.bsvgateway.org/api/locations/237782751/","Thailand","Thailand","Country","http://aido.bsvgateway.org/api/locations/20359812/",101.003333351407,101.003333351407,15.1143997392552,"Dengue"
"237782751.306",2014-01-05,2013-12-29,18,237782751,"27","237782751","P7D","http://aido.bsvgateway.org/api/locations/237782751/","Thailand","Thailand","Country","http://aido.bsvgateway.org/api/locations/20359812/",15.1143997392552,101.003333351407,15.1143997392552,"Dengue"
"237782751.307",2014-01-12,2014-01-05,360,237782751,"27","237782751","P7D","http://aido.bsvgateway.org/api/locations/237782751/","Thailand","Thailand","Country","http://aido.bsvgateway.org/api/locations/20359812/",101.003333351407,101.003333351407,15.1143997392552,"Dengue"
"237782751.308",2014-01-19,2014-01-12,387,237782751,"27","237782751","P7D","http://aido.bsvgateway.org/api/locations/237782751/","Thailand","Thailand","Country","http://aido.bsvgateway.org/api/locations/20359812/",15.1143997392552,101.003333351407,15.1143997392552,"Dengue"
"237782751.309",2014-01-26,2014-01-19,342,237782751,"27","237782751","P7D","http://aido.bsvgateway.org/api/locations/237782751/","Thailand","Thailand","Country","http://aido.bsvgateway.org/api/locations/20359812/",101.003333351407,101.003333351407,15.1143997392552,"Dengue"
"237782751.310",2014-02-02,2014-01-26,305,237782751,"27","237782751","P7D","http://aido.bsvgateway.org/api/locations/237782751/","Thailand","Thailand","Country","http://aido.bsvgateway.org/api/locations/20359812/",15.1143997392552,101.003333351407,15.1143997392552,"Dengue"
"237782751.311",2014-02-09,2014-02-02,340,237782751,"27","237782751","P7D","http://aido.bsvgateway.org/api/locations/237782751/","Thailand","Thailand","Country","http://aido.bsvgateway.org/api/locations/20359812/",101.003333351407,101.003333351407,15.1143997392552,"Dengue"
"237782751.312",2014-02-16,2014-02-09,338,237782751,"27","237782751","P7D","http://aido.bsvgateway.org/api/locations/237782751/","Thailand","Thailand","Country","http://aido.bsvgateway.org/api/locations/20359812/",15.1143997392552,101.003333351407,15.1143997392552,"Dengue"
"237782751.313",2014-02-23,2014-02-16,322,237782751,"27","237782751","P7D","http://aido.bsvgateway.org/api/locations/237782751/","Thailand","Thailand","Country","http://aido.bsvgateway.org/api/locations/20359812/",101.003333351407,101.003333351407,15.1143997392552,"Dengue"
"237782751.314",2014-03-02,2014-02-23,345,237782751,"27","237782751","P7D","http://aido.bsvgateway.org/api/locations/237782751/","Thailand","Thailand","Country","http://aido.bsvgateway.org/api/locations/20359812/",15.1143997392552,101.003333351407,15.1143997392552,"Dengue"
"237782751.315",2014-03-09,2014-03-02,387,237782751,"27","237782751","P7D","http://aido.bsvgateway.org/api/locations/237782751/","Thailand","Thailand","Country","http://aido.bsvgateway.org/api/locations/20359812/",101.003333351407,101.003333351407,15.1143997392552,"Dengue"
"237782751.316",2014-03-16,2014-03-09,358,237782751,"27","237782751","P7D","http://aido.bsvgateway.org/api/locations/237782751/","Thailand","Thailand","Country","http://aido.bsvgateway.org/api/locations/20359812/",15.1143997392552,101.003333351407,15.1143997392552,"Dengue"
"237782751.317",2014-03-23,2014-03-16,302,237782751,"27","237782751","P7D","http://aido.bsvgateway.org/api/locations/237782751/","Thailand","Thailand","Country","http://aido.bsvgateway.org/api/locations/20359812/",101.003333351407,101.003333351407,15.1143997392552,"Dengue"
"237782751.318",2014-03-30,2014-03-23,170,237782751,"27","237782751","P7D","http://aido.bsvgateway.org/api/locations/237782751/","Thailand","Thailand","Country","http://aido.bsvgateway.org/api/locations/20359812/",15.1143997392552,101.003333351407,15.1143997392552,"Dengue"
