"","end","start","value","id","disease","location","duration","url","name","full_name","admin_level_name","parent","centroid_lat_long","longitude","latitude","disease_name"
"149387683.94",2009-07-23,2009-07-22,0,149387683,"35","149387683","P1D","http://aido.bsvgateway.org/api/locations/149387683/","China","China","Country","http://aido.bsvgateway.org/api/locations/20359812/",36.5601151532282,103.831571744511,36.5601151532282,"Plague"
"149387683.95",2009-07-24,2009-07-23,0,149387683,"35","149387683","P1D","http://aido.bsvgateway.org/api/locations/149387683/","China","China","Country","http://aido.bsvgateway.org/api/locations/20359812/",103.831571744511,103.831571744511,36.5601151532282,"Plague"
"149387683.96",2009-07-25,2009-07-24,0,149387683,"35","149387683","P1D","http://aido.bsvgateway.org/api/locations/149387683/","China","China","Country","http://aido.bsvgateway.org/api/locations/20359812/",36.5601151532282,103.831571744511,36.5601151532282,"Plague"
"149387683.97",2009-07-26,2009-07-25,1,149387683,"35","149387683","P1D","http://aido.bsvgateway.org/api/locations/149387683/","China","China","Country","http://aido.bsvgateway.org/api/locations/20359812/",103.831571744511,103.831571744511,36.5601151532282,"Plague"
"149387683.98",2009-07-27,2009-07-26,0,149387683,"35","149387683","P1D","http://aido.bsvgateway.org/api/locations/149387683/","China","China","Country","http://aido.bsvgateway.org/api/locations/20359812/",36.5601151532282,103.831571744511,36.5601151532282,"Plague"
"149387683.99",2009-07-28,2009-07-27,0,149387683,"35","149387683","P1D","http://aido.bsvgateway.org/api/locations/149387683/","China","China","Country","http://aido.bsvgateway.org/api/locations/20359812/",103.831571744511,103.831571744511,36.5601151532282,"Plague"
"149387683.100",2009-07-29,2009-07-28,8,149387683,"35","149387683","P1D","http://aido.bsvgateway.org/api/locations/149387683/","China","China","Country","http://aido.bsvgateway.org/api/locations/20359812/",36.5601151532282,103.831571744511,36.5601151532282,"Plague"
"149387683.101",2009-07-30,2009-07-29,3,149387683,"35","149387683","P1D","http://aido.bsvgateway.org/api/locations/149387683/","China","China","Country","http://aido.bsvgateway.org/api/locations/20359812/",103.831571744511,103.831571744511,36.5601151532282,"Plague"
"149387683.102",2009-07-31,2009-07-30,0,149387683,"35","149387683","P1D","http://aido.bsvgateway.org/api/locations/149387683/","China","China","Country","http://aido.bsvgateway.org/api/locations/20359812/",36.5601151532282,103.831571744511,36.5601151532282,"Plague"
