"","end","start","value","id","disease","location","duration","url","name","full_name","admin_level_name","parent","centroid_lat_long","longitude","latitude","disease_name"
"156700627.141",2012-09-04,2012-09-03,1,156700627,"64","156700627","P1D","http://aido.bsvgateway.org/api/locations/156700627/","Kabale","Kabale, Kabale, Uganda","City","http://aido.bsvgateway.org/api/locations/188391204/",-1.24959869823078,29.9799715530673,-1.24959869823078,"Marburg"
"156700627.142",2012-09-05,2012-09-04,0,156700627,"64","156700627","P1D","http://aido.bsvgateway.org/api/locations/156700627/","Kabale","Kabale, Kabale, Uganda","City","http://aido.bsvgateway.org/api/locations/188391204/",29.9799715530673,29.9799715530673,-1.24959869823078,"Marburg"
"156700627.143",2012-09-06,2012-09-05,0,156700627,"64","156700627","P1D","http://aido.bsvgateway.org/api/locations/156700627/","Kabale","Kabale, Kabale, Uganda","City","http://aido.bsvgateway.org/api/locations/188391204/",-1.24959869823078,29.9799715530673,-1.24959869823078,"Marburg"
"156700627.144",2012-09-07,2012-09-06,0,156700627,"64","156700627","P1D","http://aido.bsvgateway.org/api/locations/156700627/","Kabale","Kabale, Kabale, Uganda","City","http://aido.bsvgateway.org/api/locations/188391204/",29.9799715530673,29.9799715530673,-1.24959869823078,"Marburg"
"156700627.145",2012-09-08,2012-09-07,0,156700627,"64","156700627","P1D","http://aido.bsvgateway.org/api/locations/156700627/","Kabale","Kabale, Kabale, Uganda","City","http://aido.bsvgateway.org/api/locations/188391204/",-1.24959869823078,29.9799715530673,-1.24959869823078,"Marburg"
"156700627.146",2012-09-09,2012-09-08,0,156700627,"64","156700627","P1D","http://aido.bsvgateway.org/api/locations/156700627/","Kabale","Kabale, Kabale, Uganda","City","http://aido.bsvgateway.org/api/locations/188391204/",29.9799715530673,29.9799715530673,-1.24959869823078,"Marburg"
"156700627.147",2012-09-10,2012-09-09,0,156700627,"64","156700627","P1D","http://aido.bsvgateway.org/api/locations/156700627/","Kabale","Kabale, Kabale, Uganda","City","http://aido.bsvgateway.org/api/locations/188391204/",-1.24959869823078,29.9799715530673,-1.24959869823078,"Marburg"
"156700627.148",2012-09-11,2012-09-10,0,156700627,"64","156700627","P1D","http://aido.bsvgateway.org/api/locations/156700627/","Kabale","Kabale, Kabale, Uganda","City","http://aido.bsvgateway.org/api/locations/188391204/",29.9799715530673,29.9799715530673,-1.24959869823078,"Marburg"
"156700627.149",2012-09-12,2012-09-11,0,156700627,"64","156700627","P1D","http://aido.bsvgateway.org/api/locations/156700627/","Kabale","Kabale, Kabale, Uganda","City","http://aido.bsvgateway.org/api/locations/188391204/",-1.24959869823078,29.9799715530673,-1.24959869823078,"Marburg"
"156700627.150",2012-09-13,2012-09-12,0,156700627,"64","156700627","P1D","http://aido.bsvgateway.org/api/locations/156700627/","Kabale","Kabale, Kabale, Uganda","City","http://aido.bsvgateway.org/api/locations/188391204/",29.9799715530673,29.9799715530673,-1.24959869823078,"Marburg"
"156700627.151",2012-09-14,2012-09-13,0,156700627,"64","156700627","P1D","http://aido.bsvgateway.org/api/locations/156700627/","Kabale","Kabale, Kabale, Uganda","City","http://aido.bsvgateway.org/api/locations/188391204/",-1.24959869823078,29.9799715530673,-1.24959869823078,"Marburg"
"156700627.152",2012-09-15,2012-09-14,0,156700627,"64","156700627","P1D","http://aido.bsvgateway.org/api/locations/156700627/","Kabale","Kabale, Kabale, Uganda","City","http://aido.bsvgateway.org/api/locations/188391204/",29.9799715530673,29.9799715530673,-1.24959869823078,"Marburg"
"156700627.153",2012-09-16,2012-09-15,0,156700627,"64","156700627","P1D","http://aido.bsvgateway.org/api/locations/156700627/","Kabale","Kabale, Kabale, Uganda","City","http://aido.bsvgateway.org/api/locations/188391204/",-1.24959869823078,29.9799715530673,-1.24959869823078,"Marburg"
"156700627.154",2012-09-17,2012-09-16,0,156700627,"64","156700627","P1D","http://aido.bsvgateway.org/api/locations/156700627/","Kabale","Kabale, Kabale, Uganda","City","http://aido.bsvgateway.org/api/locations/188391204/",29.9799715530673,29.9799715530673,-1.24959869823078,"Marburg"
"156700627.155",2012-09-18,2012-09-17,0,156700627,"64","156700627","P1D","http://aido.bsvgateway.org/api/locations/156700627/","Kabale","Kabale, Kabale, Uganda","City","http://aido.bsvgateway.org/api/locations/188391204/",-1.24959869823078,29.9799715530673,-1.24959869823078,"Marburg"
"156700627.156",2012-09-19,2012-09-18,0,156700627,"64","156700627","P1D","http://aido.bsvgateway.org/api/locations/156700627/","Kabale","Kabale, Kabale, Uganda","City","http://aido.bsvgateway.org/api/locations/188391204/",29.9799715530673,29.9799715530673,-1.24959869823078,"Marburg"
"156700627.157",2012-09-20,2012-09-19,0,156700627,"64","156700627","P1D","http://aido.bsvgateway.org/api/locations/156700627/","Kabale","Kabale, Kabale, Uganda","City","http://aido.bsvgateway.org/api/locations/188391204/",-1.24959869823078,29.9799715530673,-1.24959869823078,"Marburg"
"156700627.158",2012-09-21,2012-09-20,0,156700627,"64","156700627","P1D","http://aido.bsvgateway.org/api/locations/156700627/","Kabale","Kabale, Kabale, Uganda","City","http://aido.bsvgateway.org/api/locations/188391204/",29.9799715530673,29.9799715530673,-1.24959869823078,"Marburg"
"156700627.159",2012-09-22,2012-09-21,0,156700627,"64","156700627","P1D","http://aido.bsvgateway.org/api/locations/156700627/","Kabale","Kabale, Kabale, Uganda","City","http://aido.bsvgateway.org/api/locations/188391204/",-1.24959869823078,29.9799715530673,-1.24959869823078,"Marburg"
"156700627.160",2012-09-23,2012-09-22,0,156700627,"64","156700627","P1D","http://aido.bsvgateway.org/api/locations/156700627/","Kabale","Kabale, Kabale, Uganda","City","http://aido.bsvgateway.org/api/locations/188391204/",29.9799715530673,29.9799715530673,-1.24959869823078,"Marburg"
"156700627.161",2012-09-24,2012-09-23,0,156700627,"64","156700627","P1D","http://aido.bsvgateway.org/api/locations/156700627/","Kabale","Kabale, Kabale, Uganda","City","http://aido.bsvgateway.org/api/locations/188391204/",-1.24959869823078,29.9799715530673,-1.24959869823078,"Marburg"
"156700627.162",2012-09-25,2012-09-24,1,156700627,"64","156700627","P1D","http://aido.bsvgateway.org/api/locations/156700627/","Kabale","Kabale, Kabale, Uganda","City","http://aido.bsvgateway.org/api/locations/188391204/",29.9799715530673,29.9799715530673,-1.24959869823078,"Marburg"
"156700627.163",2012-09-26,2012-09-25,0,156700627,"64","156700627","P1D","http://aido.bsvgateway.org/api/locations/156700627/","Kabale","Kabale, Kabale, Uganda","City","http://aido.bsvgateway.org/api/locations/188391204/",-1.24959869823078,29.9799715530673,-1.24959869823078,"Marburg"
"156700627.164",2012-09-27,2012-09-26,0,156700627,"64","156700627","P1D","http://aido.bsvgateway.org/api/locations/156700627/","Kabale","Kabale, Kabale, Uganda","City","http://aido.bsvgateway.org/api/locations/188391204/",29.9799715530673,29.9799715530673,-1.24959869823078,"Marburg"
"156700627.165",2012-09-28,2012-09-27,1,156700627,"64","156700627","P1D","http://aido.bsvgateway.org/api/locations/156700627/","Kabale","Kabale, Kabale, Uganda","City","http://aido.bsvgateway.org/api/locations/188391204/",-1.24959869823078,29.9799715530673,-1.24959869823078,"Marburg"
"156700627.166",2012-09-29,2012-09-28,0,156700627,"64","156700627","P1D","http://aido.bsvgateway.org/api/locations/156700627/","Kabale","Kabale, Kabale, Uganda","City","http://aido.bsvgateway.org/api/locations/188391204/",29.9799715530673,29.9799715530673,-1.24959869823078,"Marburg"
"156700627.167",2012-09-30,2012-09-29,0,156700627,"64","156700627","P1D","http://aido.bsvgateway.org/api/locations/156700627/","Kabale","Kabale, Kabale, Uganda","City","http://aido.bsvgateway.org/api/locations/188391204/",-1.24959869823078,29.9799715530673,-1.24959869823078,"Marburg"
"156700627.168",2012-10-01,2012-09-30,1,156700627,"64","156700627","P1D","http://aido.bsvgateway.org/api/locations/156700627/","Kabale","Kabale, Kabale, Uganda","City","http://aido.bsvgateway.org/api/locations/188391204/",29.9799715530673,29.9799715530673,-1.24959869823078,"Marburg"
"156700627.169",2012-10-02,2012-10-01,0,156700627,"64","156700627","P1D","http://aido.bsvgateway.org/api/locations/156700627/","Kabale","Kabale, Kabale, Uganda","City","http://aido.bsvgateway.org/api/locations/188391204/",-1.24959869823078,29.9799715530673,-1.24959869823078,"Marburg"
"156700627.170",2012-10-03,2012-10-02,1,156700627,"64","156700627","P1D","http://aido.bsvgateway.org/api/locations/156700627/","Kabale","Kabale, Kabale, Uganda","City","http://aido.bsvgateway.org/api/locations/188391204/",29.9799715530673,29.9799715530673,-1.24959869823078,"Marburg"
"156700627.171",2012-10-04,2012-10-03,0,156700627,"64","156700627","P1D","http://aido.bsvgateway.org/api/locations/156700627/","Kabale","Kabale, Kabale, Uganda","City","http://aido.bsvgateway.org/api/locations/188391204/",-1.24959869823078,29.9799715530673,-1.24959869823078,"Marburg"
"156700627.172",2012-10-05,2012-10-04,0,156700627,"64","156700627","P1D","http://aido.bsvgateway.org/api/locations/156700627/","Kabale","Kabale, Kabale, Uganda","City","http://aido.bsvgateway.org/api/locations/188391204/",29.9799715530673,29.9799715530673,-1.24959869823078,"Marburg"
"156700627.173",2012-10-06,2012-10-05,0,156700627,"64","156700627","P1D","http://aido.bsvgateway.org/api/locations/156700627/","Kabale","Kabale, Kabale, Uganda","City","http://aido.bsvgateway.org/api/locations/188391204/",-1.24959869823078,29.9799715530673,-1.24959869823078,"Marburg"
"156700627.174",2012-10-07,2012-10-06,0,156700627,"64","156700627","P1D","http://aido.bsvgateway.org/api/locations/156700627/","Kabale","Kabale, Kabale, Uganda","City","http://aido.bsvgateway.org/api/locations/188391204/",29.9799715530673,29.9799715530673,-1.24959869823078,"Marburg"
"156700627.175",2012-10-08,2012-10-07,1,156700627,"64","156700627","P1D","http://aido.bsvgateway.org/api/locations/156700627/","Kabale","Kabale, Kabale, Uganda","City","http://aido.bsvgateway.org/api/locations/188391204/",-1.24959869823078,29.9799715530673,-1.24959869823078,"Marburg"
"156700627.176",2012-10-09,2012-10-08,0,156700627,"64","156700627","P1D","http://aido.bsvgateway.org/api/locations/156700627/","Kabale","Kabale, Kabale, Uganda","City","http://aido.bsvgateway.org/api/locations/188391204/",29.9799715530673,29.9799715530673,-1.24959869823078,"Marburg"
"156700627.177",2012-10-10,2012-10-09,0,156700627,"64","156700627","P1D","http://aido.bsvgateway.org/api/locations/156700627/","Kabale","Kabale, Kabale, Uganda","City","http://aido.bsvgateway.org/api/locations/188391204/",-1.24959869823078,29.9799715530673,-1.24959869823078,"Marburg"
"156700627.178",2012-10-11,2012-10-10,0,156700627,"64","156700627","P1D","http://aido.bsvgateway.org/api/locations/156700627/","Kabale","Kabale, Kabale, Uganda","City","http://aido.bsvgateway.org/api/locations/188391204/",29.9799715530673,29.9799715530673,-1.24959869823078,"Marburg"
"156700627.179",2012-10-12,2012-10-11,1,156700627,"64","156700627","P1D","http://aido.bsvgateway.org/api/locations/156700627/","Kabale","Kabale, Kabale, Uganda","City","http://aido.bsvgateway.org/api/locations/188391204/",-1.24959869823078,29.9799715530673,-1.24959869823078,"Marburg"
"156700627.180",2012-10-13,2012-10-12,1,156700627,"64","156700627","P1D","http://aido.bsvgateway.org/api/locations/156700627/","Kabale","Kabale, Kabale, Uganda","City","http://aido.bsvgateway.org/api/locations/188391204/",29.9799715530673,29.9799715530673,-1.24959869823078,"Marburg"
"156700627.181",2012-10-14,2012-10-13,0,156700627,"64","156700627","P1D","http://aido.bsvgateway.org/api/locations/156700627/","Kabale","Kabale, Kabale, Uganda","City","http://aido.bsvgateway.org/api/locations/188391204/",-1.24959869823078,29.9799715530673,-1.24959869823078,"Marburg"
"156700627.182",2012-10-15,2012-10-14,1,156700627,"64","156700627","P1D","http://aido.bsvgateway.org/api/locations/156700627/","Kabale","Kabale, Kabale, Uganda","City","http://aido.bsvgateway.org/api/locations/188391204/",29.9799715530673,29.9799715530673,-1.24959869823078,"Marburg"
"156700627.183",2012-10-16,2012-10-15,0,156700627,"64","156700627","P1D","http://aido.bsvgateway.org/api/locations/156700627/","Kabale","Kabale, Kabale, Uganda","City","http://aido.bsvgateway.org/api/locations/188391204/",-1.24959869823078,29.9799715530673,-1.24959869823078,"Marburg"
"156700627.184",2012-10-17,2012-10-16,2,156700627,"64","156700627","P1D","http://aido.bsvgateway.org/api/locations/156700627/","Kabale","Kabale, Kabale, Uganda","City","http://aido.bsvgateway.org/api/locations/188391204/",29.9799715530673,29.9799715530673,-1.24959869823078,"Marburg"
"156700627.185",2012-10-18,2012-10-17,2,156700627,"64","156700627","P1D","http://aido.bsvgateway.org/api/locations/156700627/","Kabale","Kabale, Kabale, Uganda","City","http://aido.bsvgateway.org/api/locations/188391204/",-1.24959869823078,29.9799715530673,-1.24959869823078,"Marburg"
"156700627.186",2012-10-19,2012-10-18,1,156700627,"64","156700627","P1D","http://aido.bsvgateway.org/api/locations/156700627/","Kabale","Kabale, Kabale, Uganda","City","http://aido.bsvgateway.org/api/locations/188391204/",29.9799715530673,29.9799715530673,-1.24959869823078,"Marburg"
"156700627.187",2012-10-20,2012-10-19,0,156700627,"64","156700627","P1D","http://aido.bsvgateway.org/api/locations/156700627/","Kabale","Kabale, Kabale, Uganda","City","http://aido.bsvgateway.org/api/locations/188391204/",-1.24959869823078,29.9799715530673,-1.24959869823078,"Marburg"
"156700627.188",2012-10-21,2012-10-20,0,156700627,"64","156700627","P1D","http://aido.bsvgateway.org/api/locations/156700627/","Kabale","Kabale, Kabale, Uganda","City","http://aido.bsvgateway.org/api/locations/188391204/",29.9799715530673,29.9799715530673,-1.24959869823078,"Marburg"
"156700627.189",2012-10-22,2012-10-21,0,156700627,"64","156700627","P1D","http://aido.bsvgateway.org/api/locations/156700627/","Kabale","Kabale, Kabale, Uganda","City","http://aido.bsvgateway.org/api/locations/188391204/",-1.24959869823078,29.9799715530673,-1.24959869823078,"Marburg"
"156700627.190",2012-10-23,2012-10-22,1,156700627,"64","156700627","P1D","http://aido.bsvgateway.org/api/locations/156700627/","Kabale","Kabale, Kabale, Uganda","City","http://aido.bsvgateway.org/api/locations/188391204/",29.9799715530673,29.9799715530673,-1.24959869823078,"Marburg"
"156700627.191",2012-10-24,2012-10-23,0,156700627,"64","156700627","P1D","http://aido.bsvgateway.org/api/locations/156700627/","Kabale","Kabale, Kabale, Uganda","City","http://aido.bsvgateway.org/api/locations/188391204/",-1.24959869823078,29.9799715530673,-1.24959869823078,"Marburg"
"156700627.192",2012-10-25,2012-10-24,0,156700627,"64","156700627","P1D","http://aido.bsvgateway.org/api/locations/156700627/","Kabale","Kabale, Kabale, Uganda","City","http://aido.bsvgateway.org/api/locations/188391204/",29.9799715530673,29.9799715530673,-1.24959869823078,"Marburg"
"156700627.193",2012-10-26,2012-10-25,0,156700627,"64","156700627","P1D","http://aido.bsvgateway.org/api/locations/156700627/","Kabale","Kabale, Kabale, Uganda","City","http://aido.bsvgateway.org/api/locations/188391204/",-1.24959869823078,29.9799715530673,-1.24959869823078,"Marburg"
"156700627.194",2012-10-27,2012-10-26,0,156700627,"64","156700627","P1D","http://aido.bsvgateway.org/api/locations/156700627/","Kabale","Kabale, Kabale, Uganda","City","http://aido.bsvgateway.org/api/locations/188391204/",29.9799715530673,29.9799715530673,-1.24959869823078,"Marburg"
"156700627.195",2012-10-28,2012-10-27,0,156700627,"64","156700627","P1D","http://aido.bsvgateway.org/api/locations/156700627/","Kabale","Kabale, Kabale, Uganda","City","http://aido.bsvgateway.org/api/locations/188391204/",-1.24959869823078,29.9799715530673,-1.24959869823078,"Marburg"
"156700627.196",2012-10-29,2012-10-28,0,156700627,"64","156700627","P1D","http://aido.bsvgateway.org/api/locations/156700627/","Kabale","Kabale, Kabale, Uganda","City","http://aido.bsvgateway.org/api/locations/188391204/",29.9799715530673,29.9799715530673,-1.24959869823078,"Marburg"
"156700627.197",2012-10-30,2012-10-29,2,156700627,"64","156700627","P1D","http://aido.bsvgateway.org/api/locations/156700627/","Kabale","Kabale, Kabale, Uganda","City","http://aido.bsvgateway.org/api/locations/188391204/",-1.24959869823078,29.9799715530673,-1.24959869823078,"Marburg"
