"","end","start","value","id","disease","location","duration","url","name","full_name","admin_level_name","parent","centroid_lat_long","longitude","latitude","disease_name"
"202943703.479",2016-07-15,2016-07-08,11,202943703,"26","202943703","P7D","http://aido.bsvgateway.org/api/locations/202943703/","South Sudan","South Sudan","Country","http://aido.bsvgateway.org/api/locations/93632501/",7.28353070768641,30.3011196122392,7.28353070768641,"Cholera"
"202943703.480",2016-07-22,2016-07-15,26,202943703,"26","202943703","P7D","http://aido.bsvgateway.org/api/locations/202943703/","South Sudan","South Sudan","Country","http://aido.bsvgateway.org/api/locations/93632501/",30.3011196122392,30.3011196122392,7.28353070768641,"Cholera"
"202943703.481",2016-07-29,2016-07-22,84,202943703,"26","202943703","P7D","http://aido.bsvgateway.org/api/locations/202943703/","South Sudan","South Sudan","Country","http://aido.bsvgateway.org/api/locations/93632501/",7.28353070768641,30.3011196122392,7.28353070768641,"Cholera"
"202943703.482",2016-08-05,2016-07-29,232,202943703,"26","202943703","P7D","http://aido.bsvgateway.org/api/locations/202943703/","South Sudan","South Sudan","Country","http://aido.bsvgateway.org/api/locations/93632501/",30.3011196122392,30.3011196122392,7.28353070768641,"Cholera"
"202943703.483",2016-08-12,2016-08-05,337,202943703,"26","202943703","P7D","http://aido.bsvgateway.org/api/locations/202943703/","South Sudan","South Sudan","Country","http://aido.bsvgateway.org/api/locations/93632501/",7.28353070768641,30.3011196122392,7.28353070768641,"Cholera"
"202943703.484",2016-08-19,2016-08-12,268,202943703,"26","202943703","P7D","http://aido.bsvgateway.org/api/locations/202943703/","South Sudan","South Sudan","Country","http://aido.bsvgateway.org/api/locations/93632501/",30.3011196122392,30.3011196122392,7.28353070768641,"Cholera"
"202943703.485",2016-08-26,2016-08-19,242,202943703,"26","202943703","P7D","http://aido.bsvgateway.org/api/locations/202943703/","South Sudan","South Sudan","Country","http://aido.bsvgateway.org/api/locations/93632501/",7.28353070768641,30.3011196122392,7.28353070768641,"Cholera"
"202943703.486",2016-09-02,2016-08-26,200,202943703,"26","202943703","P7D","http://aido.bsvgateway.org/api/locations/202943703/","South Sudan","South Sudan","Country","http://aido.bsvgateway.org/api/locations/93632501/",30.3011196122392,30.3011196122392,7.28353070768641,"Cholera"
"202943703.487",2016-09-09,2016-09-02,216,202943703,"26","202943703","P7D","http://aido.bsvgateway.org/api/locations/202943703/","South Sudan","South Sudan","Country","http://aido.bsvgateway.org/api/locations/93632501/",7.28353070768641,30.3011196122392,7.28353070768641,"Cholera"
"202943703.488",2016-09-16,2016-09-09,221,202943703,"26","202943703","P7D","http://aido.bsvgateway.org/api/locations/202943703/","South Sudan","South Sudan","Country","http://aido.bsvgateway.org/api/locations/93632501/",30.3011196122392,30.3011196122392,7.28353070768641,"Cholera"
"202943703.489",2016-09-23,2016-09-16,158,202943703,"26","202943703","P7D","http://aido.bsvgateway.org/api/locations/202943703/","South Sudan","South Sudan","Country","http://aido.bsvgateway.org/api/locations/93632501/",7.28353070768641,30.3011196122392,7.28353070768641,"Cholera"
"202943703.490",2016-09-30,2016-09-23,232,202943703,"26","202943703","P7D","http://aido.bsvgateway.org/api/locations/202943703/","South Sudan","South Sudan","Country","http://aido.bsvgateway.org/api/locations/93632501/",30.3011196122392,30.3011196122392,7.28353070768641,"Cholera"
"202943703.491",2016-10-07,2016-09-30,163,202943703,"26","202943703","P7D","http://aido.bsvgateway.org/api/locations/202943703/","South Sudan","South Sudan","Country","http://aido.bsvgateway.org/api/locations/93632501/",7.28353070768641,30.3011196122392,7.28353070768641,"Cholera"
"202943703.492",2016-10-14,2016-10-07,121,202943703,"26","202943703","P7D","http://aido.bsvgateway.org/api/locations/202943703/","South Sudan","South Sudan","Country","http://aido.bsvgateway.org/api/locations/93632501/",30.3011196122392,30.3011196122392,7.28353070768641,"Cholera"
"202943703.493",2016-10-21,2016-10-14,63,202943703,"26","202943703","P7D","http://aido.bsvgateway.org/api/locations/202943703/","South Sudan","South Sudan","Country","http://aido.bsvgateway.org/api/locations/93632501/",7.28353070768641,30.3011196122392,7.28353070768641,"Cholera"
"202943703.494",2016-10-28,2016-10-21,163,202943703,"26","202943703","P7D","http://aido.bsvgateway.org/api/locations/202943703/","South Sudan","South Sudan","Country","http://aido.bsvgateway.org/api/locations/93632501/",30.3011196122392,30.3011196122392,7.28353070768641,"Cholera"
"202943703.495",2016-11-04,2016-10-28,142,202943703,"26","202943703","P7D","http://aido.bsvgateway.org/api/locations/202943703/","South Sudan","South Sudan","Country","http://aido.bsvgateway.org/api/locations/93632501/",7.28353070768641,30.3011196122392,7.28353070768641,"Cholera"
"202943703.496",2016-11-11,2016-11-04,116,202943703,"26","202943703","P7D","http://aido.bsvgateway.org/api/locations/202943703/","South Sudan","South Sudan","Country","http://aido.bsvgateway.org/api/locations/93632501/",30.3011196122392,30.3011196122392,7.28353070768641,"Cholera"
"202943703.497",2016-11-18,2016-11-11,184,202943703,"26","202943703","P7D","http://aido.bsvgateway.org/api/locations/202943703/","South Sudan","South Sudan","Country","http://aido.bsvgateway.org/api/locations/93632501/",7.28353070768641,30.3011196122392,7.28353070768641,"Cholera"
"202943703.498",2016-11-25,2016-11-18,89,202943703,"26","202943703","P7D","http://aido.bsvgateway.org/api/locations/202943703/","South Sudan","South Sudan","Country","http://aido.bsvgateway.org/api/locations/93632501/",30.3011196122392,30.3011196122392,7.28353070768641,"Cholera"
"202943703.499",2016-12-02,2016-11-25,163,202943703,"26","202943703","P7D","http://aido.bsvgateway.org/api/locations/202943703/","South Sudan","South Sudan","Country","http://aido.bsvgateway.org/api/locations/93632501/",7.28353070768641,30.3011196122392,7.28353070768641,"Cholera"
"202943703.500",2016-12-09,2016-12-02,174,202943703,"26","202943703","P7D","http://aido.bsvgateway.org/api/locations/202943703/","South Sudan","South Sudan","Country","http://aido.bsvgateway.org/api/locations/93632501/",30.3011196122392,30.3011196122392,7.28353070768641,"Cholera"
"202943703.501",2016-12-16,2016-12-09,163,202943703,"26","202943703","P7D","http://aido.bsvgateway.org/api/locations/202943703/","South Sudan","South Sudan","Country","http://aido.bsvgateway.org/api/locations/93632501/",7.28353070768641,30.3011196122392,7.28353070768641,"Cholera"
"202943703.502",2016-12-23,2016-12-16,158,202943703,"26","202943703","P7D","http://aido.bsvgateway.org/api/locations/202943703/","South Sudan","South Sudan","Country","http://aido.bsvgateway.org/api/locations/93632501/",30.3011196122392,30.3011196122392,7.28353070768641,"Cholera"
"202943703.503",2016-12-30,2016-12-23,168,202943703,"26","202943703","P7D","http://aido.bsvgateway.org/api/locations/202943703/","South Sudan","South Sudan","Country","http://aido.bsvgateway.org/api/locations/93632501/",7.28353070768641,30.3011196122392,7.28353070768641,"Cholera"
"202943703.504",2017-01-06,2016-12-30,147,202943703,"26","202943703","P7D","http://aido.bsvgateway.org/api/locations/202943703/","South Sudan","South Sudan","Country","http://aido.bsvgateway.org/api/locations/93632501/",30.3011196122392,30.3011196122392,7.28353070768641,"Cholera"
"202943703.505",2017-01-13,2017-01-06,161,202943703,"26","202943703","P7D","http://aido.bsvgateway.org/api/locations/202943703/","South Sudan","South Sudan","Country","http://aido.bsvgateway.org/api/locations/93632501/",7.28353070768641,30.3011196122392,7.28353070768641,"Cholera"
"202943703.506",2017-01-20,2017-01-13,184,202943703,"26","202943703","P7D","http://aido.bsvgateway.org/api/locations/202943703/","South Sudan","South Sudan","Country","http://aido.bsvgateway.org/api/locations/93632501/",30.3011196122392,30.3011196122392,7.28353070768641,"Cholera"
"202943703.507",2017-01-27,2017-01-20,89,202943703,"26","202943703","P7D","http://aido.bsvgateway.org/api/locations/202943703/","South Sudan","South Sudan","Country","http://aido.bsvgateway.org/api/locations/93632501/",7.28353070768641,30.3011196122392,7.28353070768641,"Cholera"
"202943703.508",2017-02-03,2017-01-27,100,202943703,"26","202943703","P7D","http://aido.bsvgateway.org/api/locations/202943703/","South Sudan","South Sudan","Country","http://aido.bsvgateway.org/api/locations/93632501/",30.3011196122392,30.3011196122392,7.28353070768641,"Cholera"
"202943703.509",2017-02-10,2017-02-03,95,202943703,"26","202943703","P7D","http://aido.bsvgateway.org/api/locations/202943703/","South Sudan","South Sudan","Country","http://aido.bsvgateway.org/api/locations/93632501/",7.28353070768641,30.3011196122392,7.28353070768641,"Cholera"
"202943703.510",2017-02-17,2017-02-10,242,202943703,"26","202943703","P7D","http://aido.bsvgateway.org/api/locations/202943703/","South Sudan","South Sudan","Country","http://aido.bsvgateway.org/api/locations/93632501/",30.3011196122392,30.3011196122392,7.28353070768641,"Cholera"
"202943703.511",2017-02-24,2017-02-17,263,202943703,"26","202943703","P7D","http://aido.bsvgateway.org/api/locations/202943703/","South Sudan","South Sudan","Country","http://aido.bsvgateway.org/api/locations/93632501/",7.28353070768641,30.3011196122392,7.28353070768641,"Cholera"
"202943703.512",2017-03-03,2017-02-24,121,202943703,"26","202943703","P7D","http://aido.bsvgateway.org/api/locations/202943703/","South Sudan","South Sudan","Country","http://aido.bsvgateway.org/api/locations/93632501/",30.3011196122392,30.3011196122392,7.28353070768641,"Cholera"
"202943703.513",2017-03-10,2017-03-03,163,202943703,"26","202943703","P7D","http://aido.bsvgateway.org/api/locations/202943703/","South Sudan","South Sudan","Country","http://aido.bsvgateway.org/api/locations/93632501/",7.28353070768641,30.3011196122392,7.28353070768641,"Cholera"
"202943703.514",2017-03-17,2017-03-10,147,202943703,"26","202943703","P7D","http://aido.bsvgateway.org/api/locations/202943703/","South Sudan","South Sudan","Country","http://aido.bsvgateway.org/api/locations/93632501/",30.3011196122392,30.3011196122392,7.28353070768641,"Cholera"
"202943703.515",2017-03-24,2017-03-17,89,202943703,"26","202943703","P7D","http://aido.bsvgateway.org/api/locations/202943703/","South Sudan","South Sudan","Country","http://aido.bsvgateway.org/api/locations/93632501/",7.28353070768641,30.3011196122392,7.28353070768641,"Cholera"
"202943703.516",2017-03-31,2017-03-24,100,202943703,"26","202943703","P7D","http://aido.bsvgateway.org/api/locations/202943703/","South Sudan","South Sudan","Country","http://aido.bsvgateway.org/api/locations/93632501/",30.3011196122392,30.3011196122392,7.28353070768641,"Cholera"
"202943703.517",2017-04-07,2017-03-31,74,202943703,"26","202943703","P7D","http://aido.bsvgateway.org/api/locations/202943703/","South Sudan","South Sudan","Country","http://aido.bsvgateway.org/api/locations/93632501/",7.28353070768641,30.3011196122392,7.28353070768641,"Cholera"
"202943703.518",2017-04-14,2017-04-07,505,202943703,"26","202943703","P7D","http://aido.bsvgateway.org/api/locations/202943703/","South Sudan","South Sudan","Country","http://aido.bsvgateway.org/api/locations/93632501/",30.3011196122392,30.3011196122392,7.28353070768641,"Cholera"
"202943703.519",2017-04-21,2017-04-14,216,202943703,"26","202943703","P7D","http://aido.bsvgateway.org/api/locations/202943703/","South Sudan","South Sudan","Country","http://aido.bsvgateway.org/api/locations/93632501/",7.28353070768641,30.3011196122392,7.28353070768641,"Cholera"
"202943703.520",2017-04-28,2017-04-21,632,202943703,"26","202943703","P7D","http://aido.bsvgateway.org/api/locations/202943703/","South Sudan","South Sudan","Country","http://aido.bsvgateway.org/api/locations/93632501/",30.3011196122392,30.3011196122392,7.28353070768641,"Cholera"
"202943703.521",2017-05-05,2017-04-28,1784,202943703,"26","202943703","P7D","http://aido.bsvgateway.org/api/locations/202943703/","South Sudan","South Sudan","Country","http://aido.bsvgateway.org/api/locations/93632501/",7.28353070768641,30.3011196122392,7.28353070768641,"Cholera"
"202943703.522",2017-05-12,2017-05-05,1668,202943703,"26","202943703","P7D","http://aido.bsvgateway.org/api/locations/202943703/","South Sudan","South Sudan","Country","http://aido.bsvgateway.org/api/locations/93632501/",30.3011196122392,30.3011196122392,7.28353070768641,"Cholera"
"202943703.523",2017-05-19,2017-05-12,532,202943703,"26","202943703","P7D","http://aido.bsvgateway.org/api/locations/202943703/","South Sudan","South Sudan","Country","http://aido.bsvgateway.org/api/locations/93632501/",7.28353070768641,30.3011196122392,7.28353070768641,"Cholera"
"202943703.524",2017-05-26,2017-05-19,600,202943703,"26","202943703","P7D","http://aido.bsvgateway.org/api/locations/202943703/","South Sudan","South Sudan","Country","http://aido.bsvgateway.org/api/locations/93632501/",30.3011196122392,30.3011196122392,7.28353070768641,"Cholera"
"202943703.525",2017-06-02,2017-05-26,932,202943703,"26","202943703","P7D","http://aido.bsvgateway.org/api/locations/202943703/","South Sudan","South Sudan","Country","http://aido.bsvgateway.org/api/locations/93632501/",7.28353070768641,30.3011196122392,7.28353070768641,"Cholera"
"202943703.526",2017-06-09,2017-06-02,1432,202943703,"26","202943703","P7D","http://aido.bsvgateway.org/api/locations/202943703/","South Sudan","South Sudan","Country","http://aido.bsvgateway.org/api/locations/93632501/",30.3011196122392,30.3011196122392,7.28353070768641,"Cholera"
"202943703.527",2017-06-16,2017-06-09,774,202943703,"26","202943703","P7D","http://aido.bsvgateway.org/api/locations/202943703/","South Sudan","South Sudan","Country","http://aido.bsvgateway.org/api/locations/93632501/",7.28353070768641,30.3011196122392,7.28353070768641,"Cholera"
"202943703.528",2017-06-23,2017-06-16,1805,202943703,"26","202943703","P7D","http://aido.bsvgateway.org/api/locations/202943703/","South Sudan","South Sudan","Country","http://aido.bsvgateway.org/api/locations/93632501/",30.3011196122392,30.3011196122392,7.28353070768641,"Cholera"
"202943703.529",2017-06-30,2017-06-23,858,202943703,"26","202943703","P7D","http://aido.bsvgateway.org/api/locations/202943703/","South Sudan","South Sudan","Country","http://aido.bsvgateway.org/api/locations/93632501/",7.28353070768641,30.3011196122392,7.28353070768641,"Cholera"
"202943703.530",2017-07-07,2017-06-30,616,202943703,"26","202943703","P7D","http://aido.bsvgateway.org/api/locations/202943703/","South Sudan","South Sudan","Country","http://aido.bsvgateway.org/api/locations/93632501/",30.3011196122392,30.3011196122392,7.28353070768641,"Cholera"
"202943703.531",2017-07-14,2017-07-07,516,202943703,"26","202943703","P7D","http://aido.bsvgateway.org/api/locations/202943703/","South Sudan","South Sudan","Country","http://aido.bsvgateway.org/api/locations/93632501/",7.28353070768641,30.3011196122392,7.28353070768641,"Cholera"
"202943703.532",2017-07-21,2017-07-14,305,202943703,"26","202943703","P7D","http://aido.bsvgateway.org/api/locations/202943703/","South Sudan","South Sudan","Country","http://aido.bsvgateway.org/api/locations/93632501/",30.3011196122392,30.3011196122392,7.28353070768641,"Cholera"
"202943703.533",2017-07-28,2017-07-21,242,202943703,"26","202943703","P7D","http://aido.bsvgateway.org/api/locations/202943703/","South Sudan","South Sudan","Country","http://aido.bsvgateway.org/api/locations/93632501/",7.28353070768641,30.3011196122392,7.28353070768641,"Cholera"
"202943703.534",2017-08-04,2017-07-28,253,202943703,"26","202943703","P7D","http://aido.bsvgateway.org/api/locations/202943703/","South Sudan","South Sudan","Country","http://aido.bsvgateway.org/api/locations/93632501/",30.3011196122392,30.3011196122392,7.28353070768641,"Cholera"
"202943703.535",2017-08-11,2017-08-04,168,202943703,"26","202943703","P7D","http://aido.bsvgateway.org/api/locations/202943703/","South Sudan","South Sudan","Country","http://aido.bsvgateway.org/api/locations/93632501/",7.28353070768641,30.3011196122392,7.28353070768641,"Cholera"
"202943703.536",2017-08-18,2017-08-11,100,202943703,"26","202943703","P7D","http://aido.bsvgateway.org/api/locations/202943703/","South Sudan","South Sudan","Country","http://aido.bsvgateway.org/api/locations/93632501/",30.3011196122392,30.3011196122392,7.28353070768641,"Cholera"
"202943703.537",2017-08-25,2017-08-18,21,202943703,"26","202943703","P7D","http://aido.bsvgateway.org/api/locations/202943703/","South Sudan","South Sudan","Country","http://aido.bsvgateway.org/api/locations/93632501/",7.28353070768641,30.3011196122392,7.28353070768641,"Cholera"
