"","end","start","value","id","disease","location","duration","url","name","full_name","admin_level_name","parent","centroid_lat_long","longitude","latitude","disease_name"
"72456044.1312",2013-02-11,2013-02-04,1,72456044,"30","72456044","P7D","http://aido.bsvgateway.org/api/locations/72456044/","Shanghai","Shanghai, China","State","http://aido.bsvgateway.org/api/locations/149387683/",31.1870570423476,121.448735859241,31.1870570423476,"Novel Influenza A"
"72456044.1313",2013-02-18,2013-02-11,2,72456044,"30","72456044","P7D","http://aido.bsvgateway.org/api/locations/72456044/","Shanghai","Shanghai, China","State","http://aido.bsvgateway.org/api/locations/149387683/",121.448735859241,121.448735859241,31.1870570423476,"Novel Influenza A"
"72456044.1314",2013-02-25,2013-02-18,1,72456044,"30","72456044","P7D","http://aido.bsvgateway.org/api/locations/72456044/","Shanghai","Shanghai, China","State","http://aido.bsvgateway.org/api/locations/149387683/",31.1870570423476,121.448735859241,31.1870570423476,"Novel Influenza A"
"72456044.1315",2013-03-04,2013-02-25,2,72456044,"30","72456044","P7D","http://aido.bsvgateway.org/api/locations/72456044/","Shanghai","Shanghai, China","State","http://aido.bsvgateway.org/api/locations/149387683/",121.448735859241,121.448735859241,31.1870570423476,"Novel Influenza A"
"72456044.1316",2013-03-11,2013-03-04,0,72456044,"30","72456044","P7D","http://aido.bsvgateway.org/api/locations/72456044/","Shanghai","Shanghai, China","State","http://aido.bsvgateway.org/api/locations/149387683/",31.1870570423476,121.448735859241,31.1870570423476,"Novel Influenza A"
"72456044.1317",2013-03-18,2013-03-11,2,72456044,"30","72456044","P7D","http://aido.bsvgateway.org/api/locations/72456044/","Shanghai","Shanghai, China","State","http://aido.bsvgateway.org/api/locations/149387683/",121.448735859241,121.448735859241,31.1870570423476,"Novel Influenza A"
"72456044.1318",2013-03-25,2013-03-18,4,72456044,"30","72456044","P7D","http://aido.bsvgateway.org/api/locations/72456044/","Shanghai","Shanghai, China","State","http://aido.bsvgateway.org/api/locations/149387683/",31.1870570423476,121.448735859241,31.1870570423476,"Novel Influenza A"
"72456044.1319",2013-04-01,2013-03-25,14,72456044,"30","72456044","P7D","http://aido.bsvgateway.org/api/locations/72456044/","Shanghai","Shanghai, China","State","http://aido.bsvgateway.org/api/locations/149387683/",121.448735859241,121.448735859241,31.1870570423476,"Novel Influenza A"
"72456044.1320",2013-04-08,2013-04-01,4,72456044,"30","72456044","P7D","http://aido.bsvgateway.org/api/locations/72456044/","Shanghai","Shanghai, China","State","http://aido.bsvgateway.org/api/locations/149387683/",31.1870570423476,121.448735859241,31.1870570423476,"Novel Influenza A"
"72456044.1321",2013-04-15,2013-04-08,0,72456044,"30","72456044","P7D","http://aido.bsvgateway.org/api/locations/72456044/","Shanghai","Shanghai, China","State","http://aido.bsvgateway.org/api/locations/149387683/",121.448735859241,121.448735859241,31.1870570423476,"Novel Influenza A"
"72456044.1322",2009-05-25,2009-05-24,1,72456044,"30","72456044","P1D","http://aido.bsvgateway.org/api/locations/72456044/","Shanghai","Shanghai, China","State","http://aido.bsvgateway.org/api/locations/149387683/",31.1870570423476,121.448735859241,31.1870570423476,"Novel Influenza A"
"72456044.1323",2009-05-26,2009-05-25,0,72456044,"30","72456044","P1D","http://aido.bsvgateway.org/api/locations/72456044/","Shanghai","Shanghai, China","State","http://aido.bsvgateway.org/api/locations/149387683/",121.448735859241,121.448735859241,31.1870570423476,"Novel Influenza A"
"72456044.1324",2009-05-27,2009-05-26,0,72456044,"30","72456044","P1D","http://aido.bsvgateway.org/api/locations/72456044/","Shanghai","Shanghai, China","State","http://aido.bsvgateway.org/api/locations/149387683/",31.1870570423476,121.448735859241,31.1870570423476,"Novel Influenza A"
"72456044.1325",2009-05-28,2009-05-27,1,72456044,"30","72456044","P1D","http://aido.bsvgateway.org/api/locations/72456044/","Shanghai","Shanghai, China","State","http://aido.bsvgateway.org/api/locations/149387683/",121.448735859241,121.448735859241,31.1870570423476,"Novel Influenza A"
"72456044.1326",2009-05-29,2009-05-28,2,72456044,"30","72456044","P1D","http://aido.bsvgateway.org/api/locations/72456044/","Shanghai","Shanghai, China","State","http://aido.bsvgateway.org/api/locations/149387683/",31.1870570423476,121.448735859241,31.1870570423476,"Novel Influenza A"
"72456044.1327",2009-05-30,2009-05-29,0,72456044,"30","72456044","P1D","http://aido.bsvgateway.org/api/locations/72456044/","Shanghai","Shanghai, China","State","http://aido.bsvgateway.org/api/locations/149387683/",121.448735859241,121.448735859241,31.1870570423476,"Novel Influenza A"
"72456044.1328",2009-05-31,2009-05-30,0,72456044,"30","72456044","P1D","http://aido.bsvgateway.org/api/locations/72456044/","Shanghai","Shanghai, China","State","http://aido.bsvgateway.org/api/locations/149387683/",31.1870570423476,121.448735859241,31.1870570423476,"Novel Influenza A"
"72456044.1329",2009-06-01,2009-05-31,1,72456044,"30","72456044","P1D","http://aido.bsvgateway.org/api/locations/72456044/","Shanghai","Shanghai, China","State","http://aido.bsvgateway.org/api/locations/149387683/",121.448735859241,121.448735859241,31.1870570423476,"Novel Influenza A"
"72456044.1330",2009-06-02,2009-06-01,1,72456044,"30","72456044","P1D","http://aido.bsvgateway.org/api/locations/72456044/","Shanghai","Shanghai, China","State","http://aido.bsvgateway.org/api/locations/149387683/",31.1870570423476,121.448735859241,31.1870570423476,"Novel Influenza A"
"72456044.1331",2009-06-03,2009-06-02,1,72456044,"30","72456044","P1D","http://aido.bsvgateway.org/api/locations/72456044/","Shanghai","Shanghai, China","State","http://aido.bsvgateway.org/api/locations/149387683/",121.448735859241,121.448735859241,31.1870570423476,"Novel Influenza A"
"72456044.1332",2009-06-04,2009-06-03,0,72456044,"30","72456044","P1D","http://aido.bsvgateway.org/api/locations/72456044/","Shanghai","Shanghai, China","State","http://aido.bsvgateway.org/api/locations/149387683/",31.1870570423476,121.448735859241,31.1870570423476,"Novel Influenza A"
"72456044.1333",2009-06-05,2009-06-04,0,72456044,"30","72456044","P1D","http://aido.bsvgateway.org/api/locations/72456044/","Shanghai","Shanghai, China","State","http://aido.bsvgateway.org/api/locations/149387683/",121.448735859241,121.448735859241,31.1870570423476,"Novel Influenza A"
"72456044.1334",2009-06-06,2009-06-05,1,72456044,"30","72456044","P1D","http://aido.bsvgateway.org/api/locations/72456044/","Shanghai","Shanghai, China","State","http://aido.bsvgateway.org/api/locations/149387683/",31.1870570423476,121.448735859241,31.1870570423476,"Novel Influenza A"
"72456044.1335",2009-06-07,2009-06-06,1,72456044,"30","72456044","P1D","http://aido.bsvgateway.org/api/locations/72456044/","Shanghai","Shanghai, China","State","http://aido.bsvgateway.org/api/locations/149387683/",121.448735859241,121.448735859241,31.1870570423476,"Novel Influenza A"
"72456044.1336",2009-06-08,2009-06-07,1,72456044,"30","72456044","P1D","http://aido.bsvgateway.org/api/locations/72456044/","Shanghai","Shanghai, China","State","http://aido.bsvgateway.org/api/locations/149387683/",31.1870570423476,121.448735859241,31.1870570423476,"Novel Influenza A"
"72456044.1337",2009-06-09,2009-06-08,1,72456044,"30","72456044","P1D","http://aido.bsvgateway.org/api/locations/72456044/","Shanghai","Shanghai, China","State","http://aido.bsvgateway.org/api/locations/149387683/",121.448735859241,121.448735859241,31.1870570423476,"Novel Influenza A"
"72456044.1338",2009-06-10,2009-06-09,0,72456044,"30","72456044","P1D","http://aido.bsvgateway.org/api/locations/72456044/","Shanghai","Shanghai, China","State","http://aido.bsvgateway.org/api/locations/149387683/",31.1870570423476,121.448735859241,31.1870570423476,"Novel Influenza A"
"72456044.1339",2009-06-11,2009-06-10,1,72456044,"30","72456044","P1D","http://aido.bsvgateway.org/api/locations/72456044/","Shanghai","Shanghai, China","State","http://aido.bsvgateway.org/api/locations/149387683/",121.448735859241,121.448735859241,31.1870570423476,"Novel Influenza A"
"72456044.1340",2009-06-12,2009-06-11,1,72456044,"30","72456044","P1D","http://aido.bsvgateway.org/api/locations/72456044/","Shanghai","Shanghai, China","State","http://aido.bsvgateway.org/api/locations/149387683/",31.1870570423476,121.448735859241,31.1870570423476,"Novel Influenza A"
"72456044.1341",2009-06-13,2009-06-12,2,72456044,"30","72456044","P1D","http://aido.bsvgateway.org/api/locations/72456044/","Shanghai","Shanghai, China","State","http://aido.bsvgateway.org/api/locations/149387683/",121.448735859241,121.448735859241,31.1870570423476,"Novel Influenza A"
"72456044.1342",2009-06-14,2009-06-13,1,72456044,"30","72456044","P1D","http://aido.bsvgateway.org/api/locations/72456044/","Shanghai","Shanghai, China","State","http://aido.bsvgateway.org/api/locations/149387683/",31.1870570423476,121.448735859241,31.1870570423476,"Novel Influenza A"
"72456044.1343",2009-06-15,2009-06-14,4,72456044,"30","72456044","P1D","http://aido.bsvgateway.org/api/locations/72456044/","Shanghai","Shanghai, China","State","http://aido.bsvgateway.org/api/locations/149387683/",121.448735859241,121.448735859241,31.1870570423476,"Novel Influenza A"
"72456044.1344",2009-06-16,2009-06-15,5,72456044,"30","72456044","P1D","http://aido.bsvgateway.org/api/locations/72456044/","Shanghai","Shanghai, China","State","http://aido.bsvgateway.org/api/locations/149387683/",31.1870570423476,121.448735859241,31.1870570423476,"Novel Influenza A"
"72456044.1345",2009-06-17,2009-06-16,3,72456044,"30","72456044","P1D","http://aido.bsvgateway.org/api/locations/72456044/","Shanghai","Shanghai, China","State","http://aido.bsvgateway.org/api/locations/149387683/",121.448735859241,121.448735859241,31.1870570423476,"Novel Influenza A"
"72456044.1346",2009-06-18,2009-06-17,5,72456044,"30","72456044","P1D","http://aido.bsvgateway.org/api/locations/72456044/","Shanghai","Shanghai, China","State","http://aido.bsvgateway.org/api/locations/149387683/",31.1870570423476,121.448735859241,31.1870570423476,"Novel Influenza A"
"72456044.1347",2009-06-19,2009-06-18,5,72456044,"30","72456044","P1D","http://aido.bsvgateway.org/api/locations/72456044/","Shanghai","Shanghai, China","State","http://aido.bsvgateway.org/api/locations/149387683/",121.448735859241,121.448735859241,31.1870570423476,"Novel Influenza A"
"72456044.1348",2009-06-20,2009-06-19,6,72456044,"30","72456044","P1D","http://aido.bsvgateway.org/api/locations/72456044/","Shanghai","Shanghai, China","State","http://aido.bsvgateway.org/api/locations/149387683/",31.1870570423476,121.448735859241,31.1870570423476,"Novel Influenza A"
"72456044.1349",2009-06-21,2009-06-20,8,72456044,"30","72456044","P1D","http://aido.bsvgateway.org/api/locations/72456044/","Shanghai","Shanghai, China","State","http://aido.bsvgateway.org/api/locations/149387683/",121.448735859241,121.448735859241,31.1870570423476,"Novel Influenza A"
"72456044.1350",2009-06-22,2009-06-21,3,72456044,"30","72456044","P1D","http://aido.bsvgateway.org/api/locations/72456044/","Shanghai","Shanghai, China","State","http://aido.bsvgateway.org/api/locations/149387683/",31.1870570423476,121.448735859241,31.1870570423476,"Novel Influenza A"
"72456044.1351",2009-06-23,2009-06-22,11,72456044,"30","72456044","P1D","http://aido.bsvgateway.org/api/locations/72456044/","Shanghai","Shanghai, China","State","http://aido.bsvgateway.org/api/locations/149387683/",121.448735859241,121.448735859241,31.1870570423476,"Novel Influenza A"
"72456044.1352",2009-06-24,2009-06-23,5,72456044,"30","72456044","P1D","http://aido.bsvgateway.org/api/locations/72456044/","Shanghai","Shanghai, China","State","http://aido.bsvgateway.org/api/locations/149387683/",31.1870570423476,121.448735859241,31.1870570423476,"Novel Influenza A"
"72456044.1353",2009-06-25,2009-06-24,4,72456044,"30","72456044","P1D","http://aido.bsvgateway.org/api/locations/72456044/","Shanghai","Shanghai, China","State","http://aido.bsvgateway.org/api/locations/149387683/",121.448735859241,121.448735859241,31.1870570423476,"Novel Influenza A"
"72456044.1354",2009-06-26,2009-06-25,3,72456044,"30","72456044","P1D","http://aido.bsvgateway.org/api/locations/72456044/","Shanghai","Shanghai, China","State","http://aido.bsvgateway.org/api/locations/149387683/",31.1870570423476,121.448735859241,31.1870570423476,"Novel Influenza A"
"72456044.1355",2009-06-27,2009-06-26,7,72456044,"30","72456044","P1D","http://aido.bsvgateway.org/api/locations/72456044/","Shanghai","Shanghai, China","State","http://aido.bsvgateway.org/api/locations/149387683/",121.448735859241,121.448735859241,31.1870570423476,"Novel Influenza A"
"72456044.1356",2009-06-28,2009-06-27,9,72456044,"30","72456044","P1D","http://aido.bsvgateway.org/api/locations/72456044/","Shanghai","Shanghai, China","State","http://aido.bsvgateway.org/api/locations/149387683/",31.1870570423476,121.448735859241,31.1870570423476,"Novel Influenza A"
"72456044.1357",2009-06-29,2009-06-28,14,72456044,"30","72456044","P1D","http://aido.bsvgateway.org/api/locations/72456044/","Shanghai","Shanghai, China","State","http://aido.bsvgateway.org/api/locations/149387683/",121.448735859241,121.448735859241,31.1870570423476,"Novel Influenza A"
"72456044.1358",2009-06-30,2009-06-29,5,72456044,"30","72456044","P1D","http://aido.bsvgateway.org/api/locations/72456044/","Shanghai","Shanghai, China","State","http://aido.bsvgateway.org/api/locations/149387683/",31.1870570423476,121.448735859241,31.1870570423476,"Novel Influenza A"
"72456044.1359",2009-07-01,2009-06-30,4,72456044,"30","72456044","P1D","http://aido.bsvgateway.org/api/locations/72456044/","Shanghai","Shanghai, China","State","http://aido.bsvgateway.org/api/locations/149387683/",121.448735859241,121.448735859241,31.1870570423476,"Novel Influenza A"
"72456044.1360",2009-07-02,2009-07-01,8,72456044,"30","72456044","P1D","http://aido.bsvgateway.org/api/locations/72456044/","Shanghai","Shanghai, China","State","http://aido.bsvgateway.org/api/locations/149387683/",31.1870570423476,121.448735859241,31.1870570423476,"Novel Influenza A"
"72456044.1361",2009-07-03,2009-07-02,11,72456044,"30","72456044","P1D","http://aido.bsvgateway.org/api/locations/72456044/","Shanghai","Shanghai, China","State","http://aido.bsvgateway.org/api/locations/149387683/",121.448735859241,121.448735859241,31.1870570423476,"Novel Influenza A"
"72456044.1362",2009-07-04,2009-07-03,10,72456044,"30","72456044","P1D","http://aido.bsvgateway.org/api/locations/72456044/","Shanghai","Shanghai, China","State","http://aido.bsvgateway.org/api/locations/149387683/",31.1870570423476,121.448735859241,31.1870570423476,"Novel Influenza A"
"72456044.1363",2009-07-05,2009-07-04,7,72456044,"30","72456044","P1D","http://aido.bsvgateway.org/api/locations/72456044/","Shanghai","Shanghai, China","State","http://aido.bsvgateway.org/api/locations/149387683/",121.448735859241,121.448735859241,31.1870570423476,"Novel Influenza A"
"72456044.1364",2009-07-06,2009-07-05,13,72456044,"30","72456044","P1D","http://aido.bsvgateway.org/api/locations/72456044/","Shanghai","Shanghai, China","State","http://aido.bsvgateway.org/api/locations/149387683/",31.1870570423476,121.448735859241,31.1870570423476,"Novel Influenza A"
"72456044.1365",2009-07-07,2009-07-06,13,72456044,"30","72456044","P1D","http://aido.bsvgateway.org/api/locations/72456044/","Shanghai","Shanghai, China","State","http://aido.bsvgateway.org/api/locations/149387683/",121.448735859241,121.448735859241,31.1870570423476,"Novel Influenza A"
"72456044.1366",2009-07-08,2009-07-07,14,72456044,"30","72456044","P1D","http://aido.bsvgateway.org/api/locations/72456044/","Shanghai","Shanghai, China","State","http://aido.bsvgateway.org/api/locations/149387683/",31.1870570423476,121.448735859241,31.1870570423476,"Novel Influenza A"
"72456044.1367",2009-07-09,2009-07-08,10,72456044,"30","72456044","P1D","http://aido.bsvgateway.org/api/locations/72456044/","Shanghai","Shanghai, China","State","http://aido.bsvgateway.org/api/locations/149387683/",121.448735859241,121.448735859241,31.1870570423476,"Novel Influenza A"
"72456044.1368",2009-07-10,2009-07-09,9,72456044,"30","72456044","P1D","http://aido.bsvgateway.org/api/locations/72456044/","Shanghai","Shanghai, China","State","http://aido.bsvgateway.org/api/locations/149387683/",31.1870570423476,121.448735859241,31.1870570423476,"Novel Influenza A"
"72456044.1369",2009-07-11,2009-07-10,0,72456044,"30","72456044","P1D","http://aido.bsvgateway.org/api/locations/72456044/","Shanghai","Shanghai, China","State","http://aido.bsvgateway.org/api/locations/149387683/",121.448735859241,121.448735859241,31.1870570423476,"Novel Influenza A"
"72456044.1370",2009-07-12,2009-07-11,5,72456044,"30","72456044","P1D","http://aido.bsvgateway.org/api/locations/72456044/","Shanghai","Shanghai, China","State","http://aido.bsvgateway.org/api/locations/149387683/",31.1870570423476,121.448735859241,31.1870570423476,"Novel Influenza A"
"72456044.1371",2009-07-13,2009-07-12,2,72456044,"30","72456044","P1D","http://aido.bsvgateway.org/api/locations/72456044/","Shanghai","Shanghai, China","State","http://aido.bsvgateway.org/api/locations/149387683/",121.448735859241,121.448735859241,31.1870570423476,"Novel Influenza A"
"72456044.1372",2009-07-14,2009-07-13,0,72456044,"30","72456044","P1D","http://aido.bsvgateway.org/api/locations/72456044/","Shanghai","Shanghai, China","State","http://aido.bsvgateway.org/api/locations/149387683/",31.1870570423476,121.448735859241,31.1870570423476,"Novel Influenza A"
"72456044.1373",2009-07-15,2009-07-14,1,72456044,"30","72456044","P1D","http://aido.bsvgateway.org/api/locations/72456044/","Shanghai","Shanghai, China","State","http://aido.bsvgateway.org/api/locations/149387683/",121.448735859241,121.448735859241,31.1870570423476,"Novel Influenza A"
"72456044.1374",2009-07-16,2009-07-15,2,72456044,"30","72456044","P1D","http://aido.bsvgateway.org/api/locations/72456044/","Shanghai","Shanghai, China","State","http://aido.bsvgateway.org/api/locations/149387683/",31.1870570423476,121.448735859241,31.1870570423476,"Novel Influenza A"
"72456044.1375",2009-07-17,2009-07-16,0,72456044,"30","72456044","P1D","http://aido.bsvgateway.org/api/locations/72456044/","Shanghai","Shanghai, China","State","http://aido.bsvgateway.org/api/locations/149387683/",121.448735859241,121.448735859241,31.1870570423476,"Novel Influenza A"
"72456044.1376",2009-07-18,2009-07-17,0,72456044,"30","72456044","P1D","http://aido.bsvgateway.org/api/locations/72456044/","Shanghai","Shanghai, China","State","http://aido.bsvgateway.org/api/locations/149387683/",31.1870570423476,121.448735859241,31.1870570423476,"Novel Influenza A"
"72456044.1377",2009-07-19,2009-07-18,6,72456044,"30","72456044","P1D","http://aido.bsvgateway.org/api/locations/72456044/","Shanghai","Shanghai, China","State","http://aido.bsvgateway.org/api/locations/149387683/",121.448735859241,121.448735859241,31.1870570423476,"Novel Influenza A"
"72456044.1378",2009-07-20,2009-07-19,0,72456044,"30","72456044","P1D","http://aido.bsvgateway.org/api/locations/72456044/","Shanghai","Shanghai, China","State","http://aido.bsvgateway.org/api/locations/149387683/",31.1870570423476,121.448735859241,31.1870570423476,"Novel Influenza A"
"72456044.1379",2009-07-21,2009-07-20,2,72456044,"30","72456044","P1D","http://aido.bsvgateway.org/api/locations/72456044/","Shanghai","Shanghai, China","State","http://aido.bsvgateway.org/api/locations/149387683/",121.448735859241,121.448735859241,31.1870570423476,"Novel Influenza A"
"72456044.1380",2009-07-22,2009-07-21,3,72456044,"30","72456044","P1D","http://aido.bsvgateway.org/api/locations/72456044/","Shanghai","Shanghai, China","State","http://aido.bsvgateway.org/api/locations/149387683/",31.1870570423476,121.448735859241,31.1870570423476,"Novel Influenza A"
"72456044.1381",2009-07-23,2009-07-22,0,72456044,"30","72456044","P1D","http://aido.bsvgateway.org/api/locations/72456044/","Shanghai","Shanghai, China","State","http://aido.bsvgateway.org/api/locations/149387683/",121.448735859241,121.448735859241,31.1870570423476,"Novel Influenza A"
"72456044.1382",2009-07-24,2009-07-23,3,72456044,"30","72456044","P1D","http://aido.bsvgateway.org/api/locations/72456044/","Shanghai","Shanghai, China","State","http://aido.bsvgateway.org/api/locations/149387683/",31.1870570423476,121.448735859241,31.1870570423476,"Novel Influenza A"
"72456044.1383",2009-07-25,2009-07-24,0,72456044,"30","72456044","P1D","http://aido.bsvgateway.org/api/locations/72456044/","Shanghai","Shanghai, China","State","http://aido.bsvgateway.org/api/locations/149387683/",121.448735859241,121.448735859241,31.1870570423476,"Novel Influenza A"
"72456044.1384",2009-07-26,2009-07-25,1,72456044,"30","72456044","P1D","http://aido.bsvgateway.org/api/locations/72456044/","Shanghai","Shanghai, China","State","http://aido.bsvgateway.org/api/locations/149387683/",31.1870570423476,121.448735859241,31.1870570423476,"Novel Influenza A"
