"","end","start","value","id","disease","location","duration","url","name","full_name","admin_level_name","parent","centroid_lat_long","longitude","latitude","disease_name"
"144127506.272",2013-09-04,2013-09-03,1,144127506,"51","144127506","P1D","http://aido.bsvgateway.org/api/locations/144127506/","Morobe","Morobe, Papua New Guinea","State","http://aido.bsvgateway.org/api/locations/251946258/",-6.83737807112222,146.842516869874,-6.83737807112222,"Shigellosis"
"144127506.273",2013-09-05,2013-09-04,0,144127506,"51","144127506","P1D","http://aido.bsvgateway.org/api/locations/144127506/","Morobe","Morobe, Papua New Guinea","State","http://aido.bsvgateway.org/api/locations/251946258/",146.842516869874,146.842516869874,-6.83737807112222,"Shigellosis"
"144127506.274",2013-09-06,2013-09-05,0,144127506,"51","144127506","P1D","http://aido.bsvgateway.org/api/locations/144127506/","Morobe","Morobe, Papua New Guinea","State","http://aido.bsvgateway.org/api/locations/251946258/",-6.83737807112222,146.842516869874,-6.83737807112222,"Shigellosis"
"144127506.275",2013-09-07,2013-09-06,0,144127506,"51","144127506","P1D","http://aido.bsvgateway.org/api/locations/144127506/","Morobe","Morobe, Papua New Guinea","State","http://aido.bsvgateway.org/api/locations/251946258/",146.842516869874,146.842516869874,-6.83737807112222,"Shigellosis"
"144127506.276",2013-09-08,2013-09-07,0,144127506,"51","144127506","P1D","http://aido.bsvgateway.org/api/locations/144127506/","Morobe","Morobe, Papua New Guinea","State","http://aido.bsvgateway.org/api/locations/251946258/",-6.83737807112222,146.842516869874,-6.83737807112222,"Shigellosis"
"144127506.277",2013-09-09,2013-09-08,0,144127506,"51","144127506","P1D","http://aido.bsvgateway.org/api/locations/144127506/","Morobe","Morobe, Papua New Guinea","State","http://aido.bsvgateway.org/api/locations/251946258/",146.842516869874,146.842516869874,-6.83737807112222,"Shigellosis"
"144127506.278",2013-09-10,2013-09-09,0,144127506,"51","144127506","P1D","http://aido.bsvgateway.org/api/locations/144127506/","Morobe","Morobe, Papua New Guinea","State","http://aido.bsvgateway.org/api/locations/251946258/",-6.83737807112222,146.842516869874,-6.83737807112222,"Shigellosis"
"144127506.279",2013-09-11,2013-09-10,0,144127506,"51","144127506","P1D","http://aido.bsvgateway.org/api/locations/144127506/","Morobe","Morobe, Papua New Guinea","State","http://aido.bsvgateway.org/api/locations/251946258/",146.842516869874,146.842516869874,-6.83737807112222,"Shigellosis"
"144127506.280",2013-09-12,2013-09-11,4,144127506,"51","144127506","P1D","http://aido.bsvgateway.org/api/locations/144127506/","Morobe","Morobe, Papua New Guinea","State","http://aido.bsvgateway.org/api/locations/251946258/",-6.83737807112222,146.842516869874,-6.83737807112222,"Shigellosis"
"144127506.281",2013-09-13,2013-09-12,0,144127506,"51","144127506","P1D","http://aido.bsvgateway.org/api/locations/144127506/","Morobe","Morobe, Papua New Guinea","State","http://aido.bsvgateway.org/api/locations/251946258/",146.842516869874,146.842516869874,-6.83737807112222,"Shigellosis"
"144127506.282",2013-09-14,2013-09-13,0,144127506,"51","144127506","P1D","http://aido.bsvgateway.org/api/locations/144127506/","Morobe","Morobe, Papua New Guinea","State","http://aido.bsvgateway.org/api/locations/251946258/",-6.83737807112222,146.842516869874,-6.83737807112222,"Shigellosis"
"144127506.283",2013-09-15,2013-09-14,0,144127506,"51","144127506","P1D","http://aido.bsvgateway.org/api/locations/144127506/","Morobe","Morobe, Papua New Guinea","State","http://aido.bsvgateway.org/api/locations/251946258/",146.842516869874,146.842516869874,-6.83737807112222,"Shigellosis"
"144127506.284",2013-09-16,2013-09-15,1,144127506,"51","144127506","P1D","http://aido.bsvgateway.org/api/locations/144127506/","Morobe","Morobe, Papua New Guinea","State","http://aido.bsvgateway.org/api/locations/251946258/",-6.83737807112222,146.842516869874,-6.83737807112222,"Shigellosis"
"144127506.285",2013-09-17,2013-09-16,0,144127506,"51","144127506","P1D","http://aido.bsvgateway.org/api/locations/144127506/","Morobe","Morobe, Papua New Guinea","State","http://aido.bsvgateway.org/api/locations/251946258/",146.842516869874,146.842516869874,-6.83737807112222,"Shigellosis"
"144127506.286",2013-09-18,2013-09-17,1,144127506,"51","144127506","P1D","http://aido.bsvgateway.org/api/locations/144127506/","Morobe","Morobe, Papua New Guinea","State","http://aido.bsvgateway.org/api/locations/251946258/",-6.83737807112222,146.842516869874,-6.83737807112222,"Shigellosis"
"144127506.287",2013-09-19,2013-09-18,0,144127506,"51","144127506","P1D","http://aido.bsvgateway.org/api/locations/144127506/","Morobe","Morobe, Papua New Guinea","State","http://aido.bsvgateway.org/api/locations/251946258/",146.842516869874,146.842516869874,-6.83737807112222,"Shigellosis"
"144127506.288",2013-09-20,2013-09-19,0,144127506,"51","144127506","P1D","http://aido.bsvgateway.org/api/locations/144127506/","Morobe","Morobe, Papua New Guinea","State","http://aido.bsvgateway.org/api/locations/251946258/",-6.83737807112222,146.842516869874,-6.83737807112222,"Shigellosis"
"144127506.289",2013-09-21,2013-09-20,0,144127506,"51","144127506","P1D","http://aido.bsvgateway.org/api/locations/144127506/","Morobe","Morobe, Papua New Guinea","State","http://aido.bsvgateway.org/api/locations/251946258/",146.842516869874,146.842516869874,-6.83737807112222,"Shigellosis"
"144127506.290",2013-09-22,2013-09-21,0,144127506,"51","144127506","P1D","http://aido.bsvgateway.org/api/locations/144127506/","Morobe","Morobe, Papua New Guinea","State","http://aido.bsvgateway.org/api/locations/251946258/",-6.83737807112222,146.842516869874,-6.83737807112222,"Shigellosis"
"144127506.291",2013-09-23,2013-09-22,1,144127506,"51","144127506","P1D","http://aido.bsvgateway.org/api/locations/144127506/","Morobe","Morobe, Papua New Guinea","State","http://aido.bsvgateway.org/api/locations/251946258/",146.842516869874,146.842516869874,-6.83737807112222,"Shigellosis"
"144127506.292",2013-09-24,2013-09-23,0,144127506,"51","144127506","P1D","http://aido.bsvgateway.org/api/locations/144127506/","Morobe","Morobe, Papua New Guinea","State","http://aido.bsvgateway.org/api/locations/251946258/",-6.83737807112222,146.842516869874,-6.83737807112222,"Shigellosis"
"144127506.293",2013-09-25,2013-09-24,0,144127506,"51","144127506","P1D","http://aido.bsvgateway.org/api/locations/144127506/","Morobe","Morobe, Papua New Guinea","State","http://aido.bsvgateway.org/api/locations/251946258/",146.842516869874,146.842516869874,-6.83737807112222,"Shigellosis"
"144127506.294",2013-09-26,2013-09-25,0,144127506,"51","144127506","P1D","http://aido.bsvgateway.org/api/locations/144127506/","Morobe","Morobe, Papua New Guinea","State","http://aido.bsvgateway.org/api/locations/251946258/",-6.83737807112222,146.842516869874,-6.83737807112222,"Shigellosis"
"144127506.295",2013-09-27,2013-09-26,0,144127506,"51","144127506","P1D","http://aido.bsvgateway.org/api/locations/144127506/","Morobe","Morobe, Papua New Guinea","State","http://aido.bsvgateway.org/api/locations/251946258/",146.842516869874,146.842516869874,-6.83737807112222,"Shigellosis"
"144127506.296",2013-09-28,2013-09-27,0,144127506,"51","144127506","P1D","http://aido.bsvgateway.org/api/locations/144127506/","Morobe","Morobe, Papua New Guinea","State","http://aido.bsvgateway.org/api/locations/251946258/",-6.83737807112222,146.842516869874,-6.83737807112222,"Shigellosis"
"144127506.297",2013-09-29,2013-09-28,0,144127506,"51","144127506","P1D","http://aido.bsvgateway.org/api/locations/144127506/","Morobe","Morobe, Papua New Guinea","State","http://aido.bsvgateway.org/api/locations/251946258/",146.842516869874,146.842516869874,-6.83737807112222,"Shigellosis"
"144127506.298",2013-09-30,2013-09-29,0,144127506,"51","144127506","P1D","http://aido.bsvgateway.org/api/locations/144127506/","Morobe","Morobe, Papua New Guinea","State","http://aido.bsvgateway.org/api/locations/251946258/",-6.83737807112222,146.842516869874,-6.83737807112222,"Shigellosis"
"144127506.299",2013-10-01,2013-09-30,2,144127506,"51","144127506","P1D","http://aido.bsvgateway.org/api/locations/144127506/","Morobe","Morobe, Papua New Guinea","State","http://aido.bsvgateway.org/api/locations/251946258/",146.842516869874,146.842516869874,-6.83737807112222,"Shigellosis"
"144127506.300",2013-10-02,2013-10-01,8,144127506,"51","144127506","P1D","http://aido.bsvgateway.org/api/locations/144127506/","Morobe","Morobe, Papua New Guinea","State","http://aido.bsvgateway.org/api/locations/251946258/",-6.83737807112222,146.842516869874,-6.83737807112222,"Shigellosis"
"144127506.301",2013-10-03,2013-10-02,3,144127506,"51","144127506","P1D","http://aido.bsvgateway.org/api/locations/144127506/","Morobe","Morobe, Papua New Guinea","State","http://aido.bsvgateway.org/api/locations/251946258/",146.842516869874,146.842516869874,-6.83737807112222,"Shigellosis"
"144127506.302",2013-10-04,2013-10-03,8,144127506,"51","144127506","P1D","http://aido.bsvgateway.org/api/locations/144127506/","Morobe","Morobe, Papua New Guinea","State","http://aido.bsvgateway.org/api/locations/251946258/",-6.83737807112222,146.842516869874,-6.83737807112222,"Shigellosis"
"144127506.303",2013-10-05,2013-10-04,9,144127506,"51","144127506","P1D","http://aido.bsvgateway.org/api/locations/144127506/","Morobe","Morobe, Papua New Guinea","State","http://aido.bsvgateway.org/api/locations/251946258/",146.842516869874,146.842516869874,-6.83737807112222,"Shigellosis"
"144127506.304",2013-10-06,2013-10-05,9,144127506,"51","144127506","P1D","http://aido.bsvgateway.org/api/locations/144127506/","Morobe","Morobe, Papua New Guinea","State","http://aido.bsvgateway.org/api/locations/251946258/",-6.83737807112222,146.842516869874,-6.83737807112222,"Shigellosis"
"144127506.305",2013-10-07,2013-10-06,12,144127506,"51","144127506","P1D","http://aido.bsvgateway.org/api/locations/144127506/","Morobe","Morobe, Papua New Guinea","State","http://aido.bsvgateway.org/api/locations/251946258/",146.842516869874,146.842516869874,-6.83737807112222,"Shigellosis"
"144127506.306",2013-10-08,2013-10-07,8,144127506,"51","144127506","P1D","http://aido.bsvgateway.org/api/locations/144127506/","Morobe","Morobe, Papua New Guinea","State","http://aido.bsvgateway.org/api/locations/251946258/",-6.83737807112222,146.842516869874,-6.83737807112222,"Shigellosis"
"144127506.307",2013-10-09,2013-10-08,23,144127506,"51","144127506","P1D","http://aido.bsvgateway.org/api/locations/144127506/","Morobe","Morobe, Papua New Guinea","State","http://aido.bsvgateway.org/api/locations/251946258/",146.842516869874,146.842516869874,-6.83737807112222,"Shigellosis"
"144127506.308",2013-10-10,2013-10-09,17,144127506,"51","144127506","P1D","http://aido.bsvgateway.org/api/locations/144127506/","Morobe","Morobe, Papua New Guinea","State","http://aido.bsvgateway.org/api/locations/251946258/",-6.83737807112222,146.842516869874,-6.83737807112222,"Shigellosis"
"144127506.309",2013-10-11,2013-10-10,21,144127506,"51","144127506","P1D","http://aido.bsvgateway.org/api/locations/144127506/","Morobe","Morobe, Papua New Guinea","State","http://aido.bsvgateway.org/api/locations/251946258/",146.842516869874,146.842516869874,-6.83737807112222,"Shigellosis"
"144127506.310",2013-10-12,2013-10-11,21,144127506,"51","144127506","P1D","http://aido.bsvgateway.org/api/locations/144127506/","Morobe","Morobe, Papua New Guinea","State","http://aido.bsvgateway.org/api/locations/251946258/",-6.83737807112222,146.842516869874,-6.83737807112222,"Shigellosis"
"144127506.311",2013-10-13,2013-10-12,9,144127506,"51","144127506","P1D","http://aido.bsvgateway.org/api/locations/144127506/","Morobe","Morobe, Papua New Guinea","State","http://aido.bsvgateway.org/api/locations/251946258/",146.842516869874,146.842516869874,-6.83737807112222,"Shigellosis"
"144127506.312",2013-10-14,2013-10-13,14,144127506,"51","144127506","P1D","http://aido.bsvgateway.org/api/locations/144127506/","Morobe","Morobe, Papua New Guinea","State","http://aido.bsvgateway.org/api/locations/251946258/",-6.83737807112222,146.842516869874,-6.83737807112222,"Shigellosis"
"144127506.313",2013-10-15,2013-10-14,9,144127506,"51","144127506","P1D","http://aido.bsvgateway.org/api/locations/144127506/","Morobe","Morobe, Papua New Guinea","State","http://aido.bsvgateway.org/api/locations/251946258/",146.842516869874,146.842516869874,-6.83737807112222,"Shigellosis"
"144127506.314",2013-10-16,2013-10-15,6,144127506,"51","144127506","P1D","http://aido.bsvgateway.org/api/locations/144127506/","Morobe","Morobe, Papua New Guinea","State","http://aido.bsvgateway.org/api/locations/251946258/",-6.83737807112222,146.842516869874,-6.83737807112222,"Shigellosis"
"144127506.315",2013-10-17,2013-10-16,8,144127506,"51","144127506","P1D","http://aido.bsvgateway.org/api/locations/144127506/","Morobe","Morobe, Papua New Guinea","State","http://aido.bsvgateway.org/api/locations/251946258/",146.842516869874,146.842516869874,-6.83737807112222,"Shigellosis"
"144127506.316",2013-10-18,2013-10-17,13,144127506,"51","144127506","P1D","http://aido.bsvgateway.org/api/locations/144127506/","Morobe","Morobe, Papua New Guinea","State","http://aido.bsvgateway.org/api/locations/251946258/",-6.83737807112222,146.842516869874,-6.83737807112222,"Shigellosis"
"144127506.317",2013-10-19,2013-10-18,14,144127506,"51","144127506","P1D","http://aido.bsvgateway.org/api/locations/144127506/","Morobe","Morobe, Papua New Guinea","State","http://aido.bsvgateway.org/api/locations/251946258/",146.842516869874,146.842516869874,-6.83737807112222,"Shigellosis"
"144127506.318",2013-10-20,2013-10-19,11,144127506,"51","144127506","P1D","http://aido.bsvgateway.org/api/locations/144127506/","Morobe","Morobe, Papua New Guinea","State","http://aido.bsvgateway.org/api/locations/251946258/",-6.83737807112222,146.842516869874,-6.83737807112222,"Shigellosis"
"144127506.319",2013-10-21,2013-10-20,8,144127506,"51","144127506","P1D","http://aido.bsvgateway.org/api/locations/144127506/","Morobe","Morobe, Papua New Guinea","State","http://aido.bsvgateway.org/api/locations/251946258/",146.842516869874,146.842516869874,-6.83737807112222,"Shigellosis"
"144127506.320",2013-10-22,2013-10-21,11,144127506,"51","144127506","P1D","http://aido.bsvgateway.org/api/locations/144127506/","Morobe","Morobe, Papua New Guinea","State","http://aido.bsvgateway.org/api/locations/251946258/",-6.83737807112222,146.842516869874,-6.83737807112222,"Shigellosis"
"144127506.321",2013-10-23,2013-10-22,9,144127506,"51","144127506","P1D","http://aido.bsvgateway.org/api/locations/144127506/","Morobe","Morobe, Papua New Guinea","State","http://aido.bsvgateway.org/api/locations/251946258/",146.842516869874,146.842516869874,-6.83737807112222,"Shigellosis"
"144127506.322",2013-10-24,2013-10-23,7,144127506,"51","144127506","P1D","http://aido.bsvgateway.org/api/locations/144127506/","Morobe","Morobe, Papua New Guinea","State","http://aido.bsvgateway.org/api/locations/251946258/",-6.83737807112222,146.842516869874,-6.83737807112222,"Shigellosis"
"144127506.323",2013-10-25,2013-10-24,7,144127506,"51","144127506","P1D","http://aido.bsvgateway.org/api/locations/144127506/","Morobe","Morobe, Papua New Guinea","State","http://aido.bsvgateway.org/api/locations/251946258/",146.842516869874,146.842516869874,-6.83737807112222,"Shigellosis"
"144127506.324",2013-10-26,2013-10-25,4,144127506,"51","144127506","P1D","http://aido.bsvgateway.org/api/locations/144127506/","Morobe","Morobe, Papua New Guinea","State","http://aido.bsvgateway.org/api/locations/251946258/",-6.83737807112222,146.842516869874,-6.83737807112222,"Shigellosis"
"144127506.325",2013-10-27,2013-10-26,5,144127506,"51","144127506","P1D","http://aido.bsvgateway.org/api/locations/144127506/","Morobe","Morobe, Papua New Guinea","State","http://aido.bsvgateway.org/api/locations/251946258/",146.842516869874,146.842516869874,-6.83737807112222,"Shigellosis"
"144127506.326",2013-10-28,2013-10-27,6,144127506,"51","144127506","P1D","http://aido.bsvgateway.org/api/locations/144127506/","Morobe","Morobe, Papua New Guinea","State","http://aido.bsvgateway.org/api/locations/251946258/",-6.83737807112222,146.842516869874,-6.83737807112222,"Shigellosis"
"144127506.327",2013-10-29,2013-10-28,9,144127506,"51","144127506","P1D","http://aido.bsvgateway.org/api/locations/144127506/","Morobe","Morobe, Papua New Guinea","State","http://aido.bsvgateway.org/api/locations/251946258/",146.842516869874,146.842516869874,-6.83737807112222,"Shigellosis"
"144127506.328",2013-10-30,2013-10-29,11,144127506,"51","144127506","P1D","http://aido.bsvgateway.org/api/locations/144127506/","Morobe","Morobe, Papua New Guinea","State","http://aido.bsvgateway.org/api/locations/251946258/",-6.83737807112222,146.842516869874,-6.83737807112222,"Shigellosis"
"144127506.329",2013-10-31,2013-10-30,7,144127506,"51","144127506","P1D","http://aido.bsvgateway.org/api/locations/144127506/","Morobe","Morobe, Papua New Guinea","State","http://aido.bsvgateway.org/api/locations/251946258/",146.842516869874,146.842516869874,-6.83737807112222,"Shigellosis"
"144127506.330",2013-11-01,2013-10-31,2,144127506,"51","144127506","P1D","http://aido.bsvgateway.org/api/locations/144127506/","Morobe","Morobe, Papua New Guinea","State","http://aido.bsvgateway.org/api/locations/251946258/",-6.83737807112222,146.842516869874,-6.83737807112222,"Shigellosis"
"144127506.331",2013-11-02,2013-11-01,0,144127506,"51","144127506","P1D","http://aido.bsvgateway.org/api/locations/144127506/","Morobe","Morobe, Papua New Guinea","State","http://aido.bsvgateway.org/api/locations/251946258/",146.842516869874,146.842516869874,-6.83737807112222,"Shigellosis"
"144127506.332",2013-11-03,2013-11-02,6,144127506,"51","144127506","P1D","http://aido.bsvgateway.org/api/locations/144127506/","Morobe","Morobe, Papua New Guinea","State","http://aido.bsvgateway.org/api/locations/251946258/",-6.83737807112222,146.842516869874,-6.83737807112222,"Shigellosis"
"144127506.333",2013-11-04,2013-11-03,0,144127506,"51","144127506","P1D","http://aido.bsvgateway.org/api/locations/144127506/","Morobe","Morobe, Papua New Guinea","State","http://aido.bsvgateway.org/api/locations/251946258/",146.842516869874,146.842516869874,-6.83737807112222,"Shigellosis"
"144127506.334",2013-11-05,2013-11-04,7,144127506,"51","144127506","P1D","http://aido.bsvgateway.org/api/locations/144127506/","Morobe","Morobe, Papua New Guinea","State","http://aido.bsvgateway.org/api/locations/251946258/",-6.83737807112222,146.842516869874,-6.83737807112222,"Shigellosis"
"144127506.335",2013-11-06,2013-11-05,10,144127506,"51","144127506","P1D","http://aido.bsvgateway.org/api/locations/144127506/","Morobe","Morobe, Papua New Guinea","State","http://aido.bsvgateway.org/api/locations/251946258/",146.842516869874,146.842516869874,-6.83737807112222,"Shigellosis"
"144127506.336",2013-11-07,2013-11-06,5,144127506,"51","144127506","P1D","http://aido.bsvgateway.org/api/locations/144127506/","Morobe","Morobe, Papua New Guinea","State","http://aido.bsvgateway.org/api/locations/251946258/",-6.83737807112222,146.842516869874,-6.83737807112222,"Shigellosis"
"144127506.337",2013-11-08,2013-11-07,3,144127506,"51","144127506","P1D","http://aido.bsvgateway.org/api/locations/144127506/","Morobe","Morobe, Papua New Guinea","State","http://aido.bsvgateway.org/api/locations/251946258/",146.842516869874,146.842516869874,-6.83737807112222,"Shigellosis"
"144127506.338",2013-11-09,2013-11-08,2,144127506,"51","144127506","P1D","http://aido.bsvgateway.org/api/locations/144127506/","Morobe","Morobe, Papua New Guinea","State","http://aido.bsvgateway.org/api/locations/251946258/",-6.83737807112222,146.842516869874,-6.83737807112222,"Shigellosis"
"144127506.339",2013-11-10,2013-11-09,3,144127506,"51","144127506","P1D","http://aido.bsvgateway.org/api/locations/144127506/","Morobe","Morobe, Papua New Guinea","State","http://aido.bsvgateway.org/api/locations/251946258/",146.842516869874,146.842516869874,-6.83737807112222,"Shigellosis"
"144127506.340",2013-11-11,2013-11-10,2,144127506,"51","144127506","P1D","http://aido.bsvgateway.org/api/locations/144127506/","Morobe","Morobe, Papua New Guinea","State","http://aido.bsvgateway.org/api/locations/251946258/",-6.83737807112222,146.842516869874,-6.83737807112222,"Shigellosis"
"144127506.341",2013-11-12,2013-11-11,0,144127506,"51","144127506","P1D","http://aido.bsvgateway.org/api/locations/144127506/","Morobe","Morobe, Papua New Guinea","State","http://aido.bsvgateway.org/api/locations/251946258/",146.842516869874,146.842516869874,-6.83737807112222,"Shigellosis"
"144127506.342",2013-11-13,2013-11-12,1,144127506,"51","144127506","P1D","http://aido.bsvgateway.org/api/locations/144127506/","Morobe","Morobe, Papua New Guinea","State","http://aido.bsvgateway.org/api/locations/251946258/",-6.83737807112222,146.842516869874,-6.83737807112222,"Shigellosis"
