"","end","start","value","id","disease","location","duration","url","name","full_name","admin_level_name","parent","centroid_lat_long","longitude","latitude","disease_name"
"153500351.260",2004-07-08,2004-07-01,0,153500351,"76","153500351","P7D","http://aido.bsvgateway.org/api/locations/153500351/","Illinois","Illinois, United States of America","State","http://aido.bsvgateway.org/api/locations/113309883/",40.126566115243,-89.1543526850444,40.126566115243,"Pertussis"
"153500351.261",2004-07-15,2004-07-08,1,153500351,"76","153500351","P7D","http://aido.bsvgateway.org/api/locations/153500351/","Illinois","Illinois, United States of America","State","http://aido.bsvgateway.org/api/locations/113309883/",-89.1543526850444,-89.1543526850444,40.126566115243,"Pertussis"
"153500351.262",2004-07-22,2004-07-15,0,153500351,"76","153500351","P7D","http://aido.bsvgateway.org/api/locations/153500351/","Illinois","Illinois, United States of America","State","http://aido.bsvgateway.org/api/locations/113309883/",40.126566115243,-89.1543526850444,40.126566115243,"Pertussis"
"153500351.263",2004-07-29,2004-07-22,0,153500351,"76","153500351","P7D","http://aido.bsvgateway.org/api/locations/153500351/","Illinois","Illinois, United States of America","State","http://aido.bsvgateway.org/api/locations/113309883/",-89.1543526850444,-89.1543526850444,40.126566115243,"Pertussis"
"153500351.264",2004-08-05,2004-07-29,2,153500351,"76","153500351","P7D","http://aido.bsvgateway.org/api/locations/153500351/","Illinois","Illinois, United States of America","State","http://aido.bsvgateway.org/api/locations/113309883/",40.126566115243,-89.1543526850444,40.126566115243,"Pertussis"
"153500351.265",2004-08-12,2004-08-05,0,153500351,"76","153500351","P7D","http://aido.bsvgateway.org/api/locations/153500351/","Illinois","Illinois, United States of America","State","http://aido.bsvgateway.org/api/locations/113309883/",-89.1543526850444,-89.1543526850444,40.126566115243,"Pertussis"
"153500351.266",2004-08-19,2004-08-12,0,153500351,"76","153500351","P7D","http://aido.bsvgateway.org/api/locations/153500351/","Illinois","Illinois, United States of America","State","http://aido.bsvgateway.org/api/locations/113309883/",40.126566115243,-89.1543526850444,40.126566115243,"Pertussis"
"153500351.267",2004-08-26,2004-08-19,0,153500351,"76","153500351","P7D","http://aido.bsvgateway.org/api/locations/153500351/","Illinois","Illinois, United States of America","State","http://aido.bsvgateway.org/api/locations/113309883/",-89.1543526850444,-89.1543526850444,40.126566115243,"Pertussis"
"153500351.268",2004-09-02,2004-08-26,3,153500351,"76","153500351","P7D","http://aido.bsvgateway.org/api/locations/153500351/","Illinois","Illinois, United States of America","State","http://aido.bsvgateway.org/api/locations/113309883/",40.126566115243,-89.1543526850444,40.126566115243,"Pertussis"
"153500351.269",2004-09-09,2004-09-02,12,153500351,"76","153500351","P7D","http://aido.bsvgateway.org/api/locations/153500351/","Illinois","Illinois, United States of America","State","http://aido.bsvgateway.org/api/locations/113309883/",-89.1543526850444,-89.1543526850444,40.126566115243,"Pertussis"
"153500351.270",2004-09-16,2004-09-09,5,153500351,"76","153500351","P7D","http://aido.bsvgateway.org/api/locations/153500351/","Illinois","Illinois, United States of America","State","http://aido.bsvgateway.org/api/locations/113309883/",40.126566115243,-89.1543526850444,40.126566115243,"Pertussis"
"153500351.271",2004-09-23,2004-09-16,11,153500351,"76","153500351","P7D","http://aido.bsvgateway.org/api/locations/153500351/","Illinois","Illinois, United States of America","State","http://aido.bsvgateway.org/api/locations/113309883/",-89.1543526850444,-89.1543526850444,40.126566115243,"Pertussis"
"153500351.272",2004-09-30,2004-09-23,2,153500351,"76","153500351","P7D","http://aido.bsvgateway.org/api/locations/153500351/","Illinois","Illinois, United States of America","State","http://aido.bsvgateway.org/api/locations/113309883/",40.126566115243,-89.1543526850444,40.126566115243,"Pertussis"
"153500351.273",2004-10-07,2004-09-30,1,153500351,"76","153500351","P7D","http://aido.bsvgateway.org/api/locations/153500351/","Illinois","Illinois, United States of America","State","http://aido.bsvgateway.org/api/locations/113309883/",-89.1543526850444,-89.1543526850444,40.126566115243,"Pertussis"
"153500351.274",2004-10-14,2004-10-07,0,153500351,"76","153500351","P7D","http://aido.bsvgateway.org/api/locations/153500351/","Illinois","Illinois, United States of America","State","http://aido.bsvgateway.org/api/locations/113309883/",40.126566115243,-89.1543526850444,40.126566115243,"Pertussis"
