"","end","start","value","id","disease","location","duration","url","name","full_name","admin_level_name","parent","centroid_lat_long","longitude","latitude","disease_name"
"113309883.51",2014-05-15,2014-05-08,0,113309883,"50","113309883","P7D","http://aido.bsvgateway.org/api/locations/113309883/","United States of America","United States of America","Country","http://aido.bsvgateway.org/api/locations/71269652/",45.6881134999987,-112.49572628642,45.6881134999987,"Campylobacteriosis"
"113309883.52",2014-05-22,2014-05-15,6,113309883,"50","113309883","P7D","http://aido.bsvgateway.org/api/locations/113309883/","United States of America","United States of America","Country","http://aido.bsvgateway.org/api/locations/71269652/",-112.49572628642,-112.49572628642,45.6881134999987,"Campylobacteriosis"
"113309883.53",2014-05-29,2014-05-22,5,113309883,"50","113309883","P7D","http://aido.bsvgateway.org/api/locations/113309883/","United States of America","United States of America","Country","http://aido.bsvgateway.org/api/locations/71269652/",45.6881134999987,-112.49572628642,45.6881134999987,"Campylobacteriosis"
"113309883.54",2014-06-05,2014-05-29,7,113309883,"50","113309883","P7D","http://aido.bsvgateway.org/api/locations/113309883/","United States of America","United States of America","Country","http://aido.bsvgateway.org/api/locations/71269652/",-112.49572628642,-112.49572628642,45.6881134999987,"Campylobacteriosis"
"113309883.55",2014-06-12,2014-06-05,7,113309883,"50","113309883","P7D","http://aido.bsvgateway.org/api/locations/113309883/","United States of America","United States of America","Country","http://aido.bsvgateway.org/api/locations/71269652/",45.6881134999987,-112.49572628642,45.6881134999987,"Campylobacteriosis"
"113309883.56",2014-06-19,2014-06-12,12,113309883,"50","113309883","P7D","http://aido.bsvgateway.org/api/locations/113309883/","United States of America","United States of America","Country","http://aido.bsvgateway.org/api/locations/71269652/",-112.49572628642,-112.49572628642,45.6881134999987,"Campylobacteriosis"
"113309883.57",2014-06-26,2014-06-19,7,113309883,"50","113309883","P7D","http://aido.bsvgateway.org/api/locations/113309883/","United States of America","United States of America","Country","http://aido.bsvgateway.org/api/locations/71269652/",45.6881134999987,-112.49572628642,45.6881134999987,"Campylobacteriosis"
"113309883.58",2014-07-03,2014-06-26,6,113309883,"50","113309883","P7D","http://aido.bsvgateway.org/api/locations/113309883/","United States of America","United States of America","Country","http://aido.bsvgateway.org/api/locations/71269652/",-112.49572628642,-112.49572628642,45.6881134999987,"Campylobacteriosis"
"113309883.59",2014-07-10,2014-07-03,9,113309883,"50","113309883","P7D","http://aido.bsvgateway.org/api/locations/113309883/","United States of America","United States of America","Country","http://aido.bsvgateway.org/api/locations/71269652/",45.6881134999987,-112.49572628642,45.6881134999987,"Campylobacteriosis"
"113309883.60",2014-07-17,2014-07-10,6,113309883,"50","113309883","P7D","http://aido.bsvgateway.org/api/locations/113309883/","United States of America","United States of America","Country","http://aido.bsvgateway.org/api/locations/71269652/",-112.49572628642,-112.49572628642,45.6881134999987,"Campylobacteriosis"
"113309883.61",2014-07-24,2014-07-17,8,113309883,"50","113309883","P7D","http://aido.bsvgateway.org/api/locations/113309883/","United States of America","United States of America","Country","http://aido.bsvgateway.org/api/locations/71269652/",45.6881134999987,-112.49572628642,45.6881134999987,"Campylobacteriosis"
"113309883.62",2014-07-31,2014-07-24,5,113309883,"50","113309883","P7D","http://aido.bsvgateway.org/api/locations/113309883/","United States of America","United States of America","Country","http://aido.bsvgateway.org/api/locations/71269652/",-112.49572628642,-112.49572628642,45.6881134999987,"Campylobacteriosis"
"113309883.63",2014-08-07,2014-07-31,3,113309883,"50","113309883","P7D","http://aido.bsvgateway.org/api/locations/113309883/","United States of America","United States of America","Country","http://aido.bsvgateway.org/api/locations/71269652/",45.6881134999987,-112.49572628642,45.6881134999987,"Campylobacteriosis"
"113309883.64",2014-08-14,2014-08-07,1,113309883,"50","113309883","P7D","http://aido.bsvgateway.org/api/locations/113309883/","United States of America","United States of America","Country","http://aido.bsvgateway.org/api/locations/71269652/",-112.49572628642,-112.49572628642,45.6881134999987,"Campylobacteriosis"
"113309883.65",2014-08-21,2014-08-14,3,113309883,"50","113309883","P7D","http://aido.bsvgateway.org/api/locations/113309883/","United States of America","United States of America","Country","http://aido.bsvgateway.org/api/locations/71269652/",45.6881134999987,-112.49572628642,45.6881134999987,"Campylobacteriosis"
"113309883.66",2014-08-28,2014-08-21,3,113309883,"50","113309883","P7D","http://aido.bsvgateway.org/api/locations/113309883/","United States of America","United States of America","Country","http://aido.bsvgateway.org/api/locations/71269652/",-112.49572628642,-112.49572628642,45.6881134999987,"Campylobacteriosis"
"113309883.67",2014-09-04,2014-08-28,0,113309883,"50","113309883","P7D","http://aido.bsvgateway.org/api/locations/113309883/","United States of America","United States of America","Country","http://aido.bsvgateway.org/api/locations/71269652/",45.6881134999987,-112.49572628642,45.6881134999987,"Campylobacteriosis"
"113309883.68",2014-09-11,2014-09-04,0,113309883,"50","113309883","P7D","http://aido.bsvgateway.org/api/locations/113309883/","United States of America","United States of America","Country","http://aido.bsvgateway.org/api/locations/71269652/",-112.49572628642,-112.49572628642,45.6881134999987,"Campylobacteriosis"
"113309883.69",2014-09-18,2014-09-11,0,113309883,"50","113309883","P7D","http://aido.bsvgateway.org/api/locations/113309883/","United States of America","United States of America","Country","http://aido.bsvgateway.org/api/locations/71269652/",45.6881134999987,-112.49572628642,45.6881134999987,"Campylobacteriosis"
"113309883.70",2014-09-25,2014-09-18,0,113309883,"50","113309883","P7D","http://aido.bsvgateway.org/api/locations/113309883/","United States of America","United States of America","Country","http://aido.bsvgateway.org/api/locations/71269652/",-112.49572628642,-112.49572628642,45.6881134999987,"Campylobacteriosis"
"113309883.71",2014-10-02,2014-09-25,0,113309883,"50","113309883","P7D","http://aido.bsvgateway.org/api/locations/113309883/","United States of America","United States of America","Country","http://aido.bsvgateway.org/api/locations/71269652/",45.6881134999987,-112.49572628642,45.6881134999987,"Campylobacteriosis"
"113309883.72",2014-10-09,2014-10-02,1,113309883,"50","113309883","P7D","http://aido.bsvgateway.org/api/locations/113309883/","United States of America","United States of America","Country","http://aido.bsvgateway.org/api/locations/71269652/",-112.49572628642,-112.49572628642,45.6881134999987,"Campylobacteriosis"
"113309883.73",2014-10-16,2014-10-09,0,113309883,"50","113309883","P7D","http://aido.bsvgateway.org/api/locations/113309883/","United States of America","United States of America","Country","http://aido.bsvgateway.org/api/locations/71269652/",45.6881134999987,-112.49572628642,45.6881134999987,"Campylobacteriosis"
"113309883.74",2014-10-23,2014-10-16,1,113309883,"50","113309883","P7D","http://aido.bsvgateway.org/api/locations/113309883/","United States of America","United States of America","Country","http://aido.bsvgateway.org/api/locations/71269652/",-112.49572628642,-112.49572628642,45.6881134999987,"Campylobacteriosis"
"113309883.75",2014-10-30,2014-10-23,2,113309883,"50","113309883","P7D","http://aido.bsvgateway.org/api/locations/113309883/","United States of America","United States of America","Country","http://aido.bsvgateway.org/api/locations/71269652/",45.6881134999987,-112.49572628642,45.6881134999987,"Campylobacteriosis"
"113309883.76",2014-11-06,2014-10-30,1,113309883,"50","113309883","P7D","http://aido.bsvgateway.org/api/locations/113309883/","United States of America","United States of America","Country","http://aido.bsvgateway.org/api/locations/71269652/",-112.49572628642,-112.49572628642,45.6881134999987,"Campylobacteriosis"
"113309883.77",2014-11-13,2014-11-06,5,113309883,"50","113309883","P7D","http://aido.bsvgateway.org/api/locations/113309883/","United States of America","United States of America","Country","http://aido.bsvgateway.org/api/locations/71269652/",45.6881134999987,-112.49572628642,45.6881134999987,"Campylobacteriosis"
