"","end","start","value","id","disease","location","duration","url","name","full_name","admin_level_name","parent","centroid_lat_long","longitude","latitude","disease_name"
"256063947.504",1997-12-15,1997-12-08,1,256063947,"66","256063947","P7D","http://aido.bsvgateway.org/api/locations/256063947/","Garissa","Garissa, North-Eastern, Kenya","City","http://aido.bsvgateway.org/api/locations/262749570/",-0.439622298487839,39.6700260778456,-0.439622298487839,"Rift Valley Fever"
"256063947.505",1997-12-22,1997-12-15,3,256063947,"66","256063947","P7D","http://aido.bsvgateway.org/api/locations/256063947/","Garissa","Garissa, North-Eastern, Kenya","City","http://aido.bsvgateway.org/api/locations/262749570/",39.6700260778456,39.6700260778456,-0.439622298487839,"Rift Valley Fever"
"256063947.506",1997-12-29,1997-12-22,1,256063947,"66","256063947","P7D","http://aido.bsvgateway.org/api/locations/256063947/","Garissa","Garissa, North-Eastern, Kenya","City","http://aido.bsvgateway.org/api/locations/262749570/",-0.439622298487839,39.6700260778456,-0.439622298487839,"Rift Valley Fever"
"256063947.507",1998-01-05,1997-12-29,1,256063947,"66","256063947","P7D","http://aido.bsvgateway.org/api/locations/256063947/","Garissa","Garissa, North-Eastern, Kenya","City","http://aido.bsvgateway.org/api/locations/262749570/",39.6700260778456,39.6700260778456,-0.439622298487839,"Rift Valley Fever"
"256063947.508",1998-01-12,1998-01-05,1,256063947,"66","256063947","P7D","http://aido.bsvgateway.org/api/locations/256063947/","Garissa","Garissa, North-Eastern, Kenya","City","http://aido.bsvgateway.org/api/locations/262749570/",-0.439622298487839,39.6700260778456,-0.439622298487839,"Rift Valley Fever"
"256063947.509",1998-01-19,1998-01-12,0,256063947,"66","256063947","P7D","http://aido.bsvgateway.org/api/locations/256063947/","Garissa","Garissa, North-Eastern, Kenya","City","http://aido.bsvgateway.org/api/locations/262749570/",39.6700260778456,39.6700260778456,-0.439622298487839,"Rift Valley Fever"
"256063947.510",1998-01-26,1998-01-19,2,256063947,"66","256063947","P7D","http://aido.bsvgateway.org/api/locations/256063947/","Garissa","Garissa, North-Eastern, Kenya","City","http://aido.bsvgateway.org/api/locations/262749570/",-0.439622298487839,39.6700260778456,-0.439622298487839,"Rift Valley Fever"
"256063947.511",1998-02-02,1998-01-26,1,256063947,"66","256063947","P7D","http://aido.bsvgateway.org/api/locations/256063947/","Garissa","Garissa, North-Eastern, Kenya","City","http://aido.bsvgateway.org/api/locations/262749570/",39.6700260778456,39.6700260778456,-0.439622298487839,"Rift Valley Fever"
"256063947.512",1998-02-09,1998-02-02,0,256063947,"66","256063947","P7D","http://aido.bsvgateway.org/api/locations/256063947/","Garissa","Garissa, North-Eastern, Kenya","City","http://aido.bsvgateway.org/api/locations/262749570/",-0.439622298487839,39.6700260778456,-0.439622298487839,"Rift Valley Fever"
