"","end","start","value","id","disease","location","duration","url","name","full_name","admin_level_name","parent","centroid_lat_long","longitude","latitude","disease_name"
"214854859.24",2005-06-16,2005-06-15,2,214854859,"36","214854859","P1D","http://aido.bsvgateway.org/api/locations/214854859/","Israel","Israel","Country","http://aido.bsvgateway.org/api/locations/20359812/",31.4439598388766,34.996033986759,31.4439598388766,"Q Fever"
"214854859.25",2005-06-17,2005-06-16,4,214854859,"36","214854859","P1D","http://aido.bsvgateway.org/api/locations/214854859/","Israel","Israel","Country","http://aido.bsvgateway.org/api/locations/20359812/",34.996033986759,34.996033986759,31.4439598388766,"Q Fever"
"214854859.26",2005-06-18,2005-06-17,6,214854859,"36","214854859","P1D","http://aido.bsvgateway.org/api/locations/214854859/","Israel","Israel","Country","http://aido.bsvgateway.org/api/locations/20359812/",31.4439598388766,34.996033986759,31.4439598388766,"Q Fever"
"214854859.27",2005-06-19,2005-06-18,5,214854859,"36","214854859","P1D","http://aido.bsvgateway.org/api/locations/214854859/","Israel","Israel","Country","http://aido.bsvgateway.org/api/locations/20359812/",34.996033986759,34.996033986759,31.4439598388766,"Q Fever"
"214854859.28",2005-06-20,2005-06-19,12,214854859,"36","214854859","P1D","http://aido.bsvgateway.org/api/locations/214854859/","Israel","Israel","Country","http://aido.bsvgateway.org/api/locations/20359812/",31.4439598388766,34.996033986759,31.4439598388766,"Q Fever"
"214854859.29",2005-06-21,2005-06-20,20,214854859,"36","214854859","P1D","http://aido.bsvgateway.org/api/locations/214854859/","Israel","Israel","Country","http://aido.bsvgateway.org/api/locations/20359812/",34.996033986759,34.996033986759,31.4439598388766,"Q Fever"
"214854859.30",2005-06-22,2005-06-21,8,214854859,"36","214854859","P1D","http://aido.bsvgateway.org/api/locations/214854859/","Israel","Israel","Country","http://aido.bsvgateway.org/api/locations/20359812/",31.4439598388766,34.996033986759,31.4439598388766,"Q Fever"
"214854859.31",2005-06-23,2005-06-22,9,214854859,"36","214854859","P1D","http://aido.bsvgateway.org/api/locations/214854859/","Israel","Israel","Country","http://aido.bsvgateway.org/api/locations/20359812/",34.996033986759,34.996033986759,31.4439598388766,"Q Fever"
"214854859.32",2005-06-24,2005-06-23,20,214854859,"36","214854859","P1D","http://aido.bsvgateway.org/api/locations/214854859/","Israel","Israel","Country","http://aido.bsvgateway.org/api/locations/20359812/",31.4439598388766,34.996033986759,31.4439598388766,"Q Fever"
"214854859.33",2005-06-25,2005-06-24,11,214854859,"36","214854859","P1D","http://aido.bsvgateway.org/api/locations/214854859/","Israel","Israel","Country","http://aido.bsvgateway.org/api/locations/20359812/",34.996033986759,34.996033986759,31.4439598388766,"Q Fever"
"214854859.34",2005-06-26,2005-06-25,8,214854859,"36","214854859","P1D","http://aido.bsvgateway.org/api/locations/214854859/","Israel","Israel","Country","http://aido.bsvgateway.org/api/locations/20359812/",31.4439598388766,34.996033986759,31.4439598388766,"Q Fever"
"214854859.35",2005-06-27,2005-06-26,18,214854859,"36","214854859","P1D","http://aido.bsvgateway.org/api/locations/214854859/","Israel","Israel","Country","http://aido.bsvgateway.org/api/locations/20359812/",34.996033986759,34.996033986759,31.4439598388766,"Q Fever"
"214854859.36",2005-06-28,2005-06-27,7,214854859,"36","214854859","P1D","http://aido.bsvgateway.org/api/locations/214854859/","Israel","Israel","Country","http://aido.bsvgateway.org/api/locations/20359812/",31.4439598388766,34.996033986759,31.4439598388766,"Q Fever"
"214854859.37",2005-06-29,2005-06-28,4,214854859,"36","214854859","P1D","http://aido.bsvgateway.org/api/locations/214854859/","Israel","Israel","Country","http://aido.bsvgateway.org/api/locations/20359812/",34.996033986759,34.996033986759,31.4439598388766,"Q Fever"
"214854859.38",2005-06-30,2005-06-29,5,214854859,"36","214854859","P1D","http://aido.bsvgateway.org/api/locations/214854859/","Israel","Israel","Country","http://aido.bsvgateway.org/api/locations/20359812/",31.4439598388766,34.996033986759,31.4439598388766,"Q Fever"
"214854859.39",2005-07-01,2005-06-30,2,214854859,"36","214854859","P1D","http://aido.bsvgateway.org/api/locations/214854859/","Israel","Israel","Country","http://aido.bsvgateway.org/api/locations/20359812/",34.996033986759,34.996033986759,31.4439598388766,"Q Fever"
"214854859.40",2005-07-02,2005-07-01,3,214854859,"36","214854859","P1D","http://aido.bsvgateway.org/api/locations/214854859/","Israel","Israel","Country","http://aido.bsvgateway.org/api/locations/20359812/",31.4439598388766,34.996033986759,31.4439598388766,"Q Fever"
"214854859.41",2005-07-03,2005-07-02,1,214854859,"36","214854859","P1D","http://aido.bsvgateway.org/api/locations/214854859/","Israel","Israel","Country","http://aido.bsvgateway.org/api/locations/20359812/",34.996033986759,34.996033986759,31.4439598388766,"Q Fever"
"214854859.42",2005-07-04,2005-07-03,3,214854859,"36","214854859","P1D","http://aido.bsvgateway.org/api/locations/214854859/","Israel","Israel","Country","http://aido.bsvgateway.org/api/locations/20359812/",31.4439598388766,34.996033986759,31.4439598388766,"Q Fever"
"214854859.43",2005-07-05,2005-07-04,1,214854859,"36","214854859","P1D","http://aido.bsvgateway.org/api/locations/214854859/","Israel","Israel","Country","http://aido.bsvgateway.org/api/locations/20359812/",34.996033986759,34.996033986759,31.4439598388766,"Q Fever"
"214854859.44",2005-07-06,2005-07-05,1,214854859,"36","214854859","P1D","http://aido.bsvgateway.org/api/locations/214854859/","Israel","Israel","Country","http://aido.bsvgateway.org/api/locations/20359812/",31.4439598388766,34.996033986759,31.4439598388766,"Q Fever"
"214854859.45",2005-07-07,2005-07-06,1,214854859,"36","214854859","P1D","http://aido.bsvgateway.org/api/locations/214854859/","Israel","Israel","Country","http://aido.bsvgateway.org/api/locations/20359812/",34.996033986759,34.996033986759,31.4439598388766,"Q Fever"
"214854859.46",2005-07-08,2005-07-07,0,214854859,"36","214854859","P1D","http://aido.bsvgateway.org/api/locations/214854859/","Israel","Israel","Country","http://aido.bsvgateway.org/api/locations/20359812/",31.4439598388766,34.996033986759,31.4439598388766,"Q Fever"
"214854859.47",2005-07-09,2005-07-08,2,214854859,"36","214854859","P1D","http://aido.bsvgateway.org/api/locations/214854859/","Israel","Israel","Country","http://aido.bsvgateway.org/api/locations/20359812/",34.996033986759,34.996033986759,31.4439598388766,"Q Fever"
"214854859.48",2005-07-10,2005-07-09,1,214854859,"36","214854859","P1D","http://aido.bsvgateway.org/api/locations/214854859/","Israel","Israel","Country","http://aido.bsvgateway.org/api/locations/20359812/",31.4439598388766,34.996033986759,31.4439598388766,"Q Fever"
"214854859.49",2005-07-11,2005-07-10,0,214854859,"36","214854859","P1D","http://aido.bsvgateway.org/api/locations/214854859/","Israel","Israel","Country","http://aido.bsvgateway.org/api/locations/20359812/",34.996033986759,34.996033986759,31.4439598388766,"Q Fever"
"214854859.50",2005-07-12,2005-07-11,0,214854859,"36","214854859","P1D","http://aido.bsvgateway.org/api/locations/214854859/","Israel","Israel","Country","http://aido.bsvgateway.org/api/locations/20359812/",31.4439598388766,34.996033986759,31.4439598388766,"Q Fever"
"214854859.51",2005-07-13,2005-07-12,0,214854859,"36","214854859","P1D","http://aido.bsvgateway.org/api/locations/214854859/","Israel","Israel","Country","http://aido.bsvgateway.org/api/locations/20359812/",34.996033986759,34.996033986759,31.4439598388766,"Q Fever"
"214854859.52",2005-07-14,2005-07-13,1,214854859,"36","214854859","P1D","http://aido.bsvgateway.org/api/locations/214854859/","Israel","Israel","Country","http://aido.bsvgateway.org/api/locations/20359812/",31.4439598388766,34.996033986759,31.4439598388766,"Q Fever"
