"","end","start","value","id","disease","location","duration","url","name","full_name","admin_level_name","parent","centroid_lat_long","longitude","latitude","disease_name"
"214138576.933",2014-02-02,2014-02-01,1,214138576,"39","214138576","P1D","http://aido.bsvgateway.org/api/locations/214138576/","United Kingdom","United Kingdom","Country","http://aido.bsvgateway.org/api/locations/216709393/",54.1470481891977,-2.88695148310369,54.1470481891977,"Measles"
"214138576.934",2014-02-03,2014-02-02,0,214138576,"39","214138576","P1D","http://aido.bsvgateway.org/api/locations/214138576/","United Kingdom","United Kingdom","Country","http://aido.bsvgateway.org/api/locations/216709393/",-2.88695148310369,-2.88695148310369,54.1470481891977,"Measles"
"214138576.935",2014-02-04,2014-02-03,0,214138576,"39","214138576","P1D","http://aido.bsvgateway.org/api/locations/214138576/","United Kingdom","United Kingdom","Country","http://aido.bsvgateway.org/api/locations/216709393/",54.1470481891977,-2.88695148310369,54.1470481891977,"Measles"
"214138576.936",2014-02-05,2014-02-04,0,214138576,"39","214138576","P1D","http://aido.bsvgateway.org/api/locations/214138576/","United Kingdom","United Kingdom","Country","http://aido.bsvgateway.org/api/locations/216709393/",-2.88695148310369,-2.88695148310369,54.1470481891977,"Measles"
"214138576.937",2014-02-06,2014-02-05,0,214138576,"39","214138576","P1D","http://aido.bsvgateway.org/api/locations/214138576/","United Kingdom","United Kingdom","Country","http://aido.bsvgateway.org/api/locations/216709393/",54.1470481891977,-2.88695148310369,54.1470481891977,"Measles"
"214138576.938",2014-02-07,2014-02-06,0,214138576,"39","214138576","P1D","http://aido.bsvgateway.org/api/locations/214138576/","United Kingdom","United Kingdom","Country","http://aido.bsvgateway.org/api/locations/216709393/",-2.88695148310369,-2.88695148310369,54.1470481891977,"Measles"
"214138576.939",2014-02-08,2014-02-07,0,214138576,"39","214138576","P1D","http://aido.bsvgateway.org/api/locations/214138576/","United Kingdom","United Kingdom","Country","http://aido.bsvgateway.org/api/locations/216709393/",54.1470481891977,-2.88695148310369,54.1470481891977,"Measles"
"214138576.940",2014-02-09,2014-02-08,0,214138576,"39","214138576","P1D","http://aido.bsvgateway.org/api/locations/214138576/","United Kingdom","United Kingdom","Country","http://aido.bsvgateway.org/api/locations/216709393/",-2.88695148310369,-2.88695148310369,54.1470481891977,"Measles"
"214138576.941",2014-02-10,2014-02-09,0,214138576,"39","214138576","P1D","http://aido.bsvgateway.org/api/locations/214138576/","United Kingdom","United Kingdom","Country","http://aido.bsvgateway.org/api/locations/216709393/",54.1470481891977,-2.88695148310369,54.1470481891977,"Measles"
"214138576.942",2014-02-11,2014-02-10,0,214138576,"39","214138576","P1D","http://aido.bsvgateway.org/api/locations/214138576/","United Kingdom","United Kingdom","Country","http://aido.bsvgateway.org/api/locations/216709393/",-2.88695148310369,-2.88695148310369,54.1470481891977,"Measles"
"214138576.943",2014-02-12,2014-02-11,0,214138576,"39","214138576","P1D","http://aido.bsvgateway.org/api/locations/214138576/","United Kingdom","United Kingdom","Country","http://aido.bsvgateway.org/api/locations/216709393/",54.1470481891977,-2.88695148310369,54.1470481891977,"Measles"
"214138576.944",2014-02-13,2014-02-12,0,214138576,"39","214138576","P1D","http://aido.bsvgateway.org/api/locations/214138576/","United Kingdom","United Kingdom","Country","http://aido.bsvgateway.org/api/locations/216709393/",-2.88695148310369,-2.88695148310369,54.1470481891977,"Measles"
"214138576.945",2014-02-14,2014-02-13,0,214138576,"39","214138576","P1D","http://aido.bsvgateway.org/api/locations/214138576/","United Kingdom","United Kingdom","Country","http://aido.bsvgateway.org/api/locations/216709393/",54.1470481891977,-2.88695148310369,54.1470481891977,"Measles"
"214138576.946",2014-02-15,2014-02-14,2,214138576,"39","214138576","P1D","http://aido.bsvgateway.org/api/locations/214138576/","United Kingdom","United Kingdom","Country","http://aido.bsvgateway.org/api/locations/216709393/",-2.88695148310369,-2.88695148310369,54.1470481891977,"Measles"
"214138576.947",2014-02-16,2014-02-15,2,214138576,"39","214138576","P1D","http://aido.bsvgateway.org/api/locations/214138576/","United Kingdom","United Kingdom","Country","http://aido.bsvgateway.org/api/locations/216709393/",54.1470481891977,-2.88695148310369,54.1470481891977,"Measles"
"214138576.948",2014-02-17,2014-02-16,2,214138576,"39","214138576","P1D","http://aido.bsvgateway.org/api/locations/214138576/","United Kingdom","United Kingdom","Country","http://aido.bsvgateway.org/api/locations/216709393/",-2.88695148310369,-2.88695148310369,54.1470481891977,"Measles"
"214138576.949",2014-02-18,2014-02-17,1,214138576,"39","214138576","P1D","http://aido.bsvgateway.org/api/locations/214138576/","United Kingdom","United Kingdom","Country","http://aido.bsvgateway.org/api/locations/216709393/",54.1470481891977,-2.88695148310369,54.1470481891977,"Measles"
"214138576.950",2014-02-19,2014-02-18,0,214138576,"39","214138576","P1D","http://aido.bsvgateway.org/api/locations/214138576/","United Kingdom","United Kingdom","Country","http://aido.bsvgateway.org/api/locations/216709393/",-2.88695148310369,-2.88695148310369,54.1470481891977,"Measles"
"214138576.951",2014-02-20,2014-02-19,1,214138576,"39","214138576","P1D","http://aido.bsvgateway.org/api/locations/214138576/","United Kingdom","United Kingdom","Country","http://aido.bsvgateway.org/api/locations/216709393/",54.1470481891977,-2.88695148310369,54.1470481891977,"Measles"
"214138576.952",2014-02-21,2014-02-20,1,214138576,"39","214138576","P1D","http://aido.bsvgateway.org/api/locations/214138576/","United Kingdom","United Kingdom","Country","http://aido.bsvgateway.org/api/locations/216709393/",-2.88695148310369,-2.88695148310369,54.1470481891977,"Measles"
"214138576.953",2012-11-05,2012-10-29,1,214138576,"39","214138576","P7D","http://aido.bsvgateway.org/api/locations/214138576/","United Kingdom","United Kingdom","Country","http://aido.bsvgateway.org/api/locations/216709393/",54.1470481891977,-2.88695148310369,54.1470481891977,"Measles"
"214138576.954",2012-11-12,2012-11-05,4,214138576,"39","214138576","P7D","http://aido.bsvgateway.org/api/locations/214138576/","United Kingdom","United Kingdom","Country","http://aido.bsvgateway.org/api/locations/216709393/",-2.88695148310369,-2.88695148310369,54.1470481891977,"Measles"
"214138576.955",2012-11-19,2012-11-12,4,214138576,"39","214138576","P7D","http://aido.bsvgateway.org/api/locations/214138576/","United Kingdom","United Kingdom","Country","http://aido.bsvgateway.org/api/locations/216709393/",54.1470481891977,-2.88695148310369,54.1470481891977,"Measles"
"214138576.956",2012-11-26,2012-11-19,7,214138576,"39","214138576","P7D","http://aido.bsvgateway.org/api/locations/214138576/","United Kingdom","United Kingdom","Country","http://aido.bsvgateway.org/api/locations/216709393/",-2.88695148310369,-2.88695148310369,54.1470481891977,"Measles"
"214138576.957",2012-12-03,2012-11-26,22,214138576,"39","214138576","P7D","http://aido.bsvgateway.org/api/locations/214138576/","United Kingdom","United Kingdom","Country","http://aido.bsvgateway.org/api/locations/216709393/",54.1470481891977,-2.88695148310369,54.1470481891977,"Measles"
"214138576.958",2012-12-10,2012-12-03,24,214138576,"39","214138576","P7D","http://aido.bsvgateway.org/api/locations/214138576/","United Kingdom","United Kingdom","Country","http://aido.bsvgateway.org/api/locations/216709393/",-2.88695148310369,-2.88695148310369,54.1470481891977,"Measles"
"214138576.959",2012-12-17,2012-12-10,18,214138576,"39","214138576","P7D","http://aido.bsvgateway.org/api/locations/214138576/","United Kingdom","United Kingdom","Country","http://aido.bsvgateway.org/api/locations/216709393/",54.1470481891977,-2.88695148310369,54.1470481891977,"Measles"
"214138576.960",2012-12-24,2012-12-17,17,214138576,"39","214138576","P7D","http://aido.bsvgateway.org/api/locations/214138576/","United Kingdom","United Kingdom","Country","http://aido.bsvgateway.org/api/locations/216709393/",-2.88695148310369,-2.88695148310369,54.1470481891977,"Measles"
"214138576.961",2012-12-31,2012-12-24,9,214138576,"39","214138576","P7D","http://aido.bsvgateway.org/api/locations/214138576/","United Kingdom","United Kingdom","Country","http://aido.bsvgateway.org/api/locations/216709393/",54.1470481891977,-2.88695148310369,54.1470481891977,"Measles"
"214138576.962",2013-01-07,2012-12-31,18,214138576,"39","214138576","P7D","http://aido.bsvgateway.org/api/locations/214138576/","United Kingdom","United Kingdom","Country","http://aido.bsvgateway.org/api/locations/216709393/",-2.88695148310369,-2.88695148310369,54.1470481891977,"Measles"
"214138576.963",2013-01-14,2013-01-07,10,214138576,"39","214138576","P7D","http://aido.bsvgateway.org/api/locations/214138576/","United Kingdom","United Kingdom","Country","http://aido.bsvgateway.org/api/locations/216709393/",54.1470481891977,-2.88695148310369,54.1470481891977,"Measles"
"214138576.964",2013-01-21,2013-01-14,9,214138576,"39","214138576","P7D","http://aido.bsvgateway.org/api/locations/214138576/","United Kingdom","United Kingdom","Country","http://aido.bsvgateway.org/api/locations/216709393/",-2.88695148310369,-2.88695148310369,54.1470481891977,"Measles"
"214138576.965",2013-01-28,2013-01-21,13,214138576,"39","214138576","P7D","http://aido.bsvgateway.org/api/locations/214138576/","United Kingdom","United Kingdom","Country","http://aido.bsvgateway.org/api/locations/216709393/",54.1470481891977,-2.88695148310369,54.1470481891977,"Measles"
"214138576.966",2013-02-04,2013-01-28,13,214138576,"39","214138576","P7D","http://aido.bsvgateway.org/api/locations/214138576/","United Kingdom","United Kingdom","Country","http://aido.bsvgateway.org/api/locations/216709393/",-2.88695148310369,-2.88695148310369,54.1470481891977,"Measles"
"214138576.967",2013-02-11,2013-02-04,25,214138576,"39","214138576","P7D","http://aido.bsvgateway.org/api/locations/214138576/","United Kingdom","United Kingdom","Country","http://aido.bsvgateway.org/api/locations/216709393/",54.1470481891977,-2.88695148310369,54.1470481891977,"Measles"
"214138576.968",2013-02-18,2013-02-11,20,214138576,"39","214138576","P7D","http://aido.bsvgateway.org/api/locations/214138576/","United Kingdom","United Kingdom","Country","http://aido.bsvgateway.org/api/locations/216709393/",-2.88695148310369,-2.88695148310369,54.1470481891977,"Measles"
"214138576.969",2013-02-25,2013-02-18,20,214138576,"39","214138576","P7D","http://aido.bsvgateway.org/api/locations/214138576/","United Kingdom","United Kingdom","Country","http://aido.bsvgateway.org/api/locations/216709393/",54.1470481891977,-2.88695148310369,54.1470481891977,"Measles"
"214138576.970",2013-03-04,2013-02-25,18,214138576,"39","214138576","P7D","http://aido.bsvgateway.org/api/locations/214138576/","United Kingdom","United Kingdom","Country","http://aido.bsvgateway.org/api/locations/216709393/",-2.88695148310369,-2.88695148310369,54.1470481891977,"Measles"
"214138576.971",2013-03-11,2013-03-04,38,214138576,"39","214138576","P7D","http://aido.bsvgateway.org/api/locations/214138576/","United Kingdom","United Kingdom","Country","http://aido.bsvgateway.org/api/locations/216709393/",54.1470481891977,-2.88695148310369,54.1470481891977,"Measles"
"214138576.972",2013-03-18,2013-03-11,60,214138576,"39","214138576","P7D","http://aido.bsvgateway.org/api/locations/214138576/","United Kingdom","United Kingdom","Country","http://aido.bsvgateway.org/api/locations/216709393/",-2.88695148310369,-2.88695148310369,54.1470481891977,"Measles"
"214138576.973",2013-03-25,2013-03-18,103,214138576,"39","214138576","P7D","http://aido.bsvgateway.org/api/locations/214138576/","United Kingdom","United Kingdom","Country","http://aido.bsvgateway.org/api/locations/216709393/",54.1470481891977,-2.88695148310369,54.1470481891977,"Measles"
"214138576.974",2013-04-01,2013-03-25,96,214138576,"39","214138576","P7D","http://aido.bsvgateway.org/api/locations/214138576/","United Kingdom","United Kingdom","Country","http://aido.bsvgateway.org/api/locations/216709393/",-2.88695148310369,-2.88695148310369,54.1470481891977,"Measles"
"214138576.975",2013-04-08,2013-04-01,110,214138576,"39","214138576","P7D","http://aido.bsvgateway.org/api/locations/214138576/","United Kingdom","United Kingdom","Country","http://aido.bsvgateway.org/api/locations/216709393/",54.1470481891977,-2.88695148310369,54.1470481891977,"Measles"
"214138576.976",2013-04-15,2013-04-08,159,214138576,"39","214138576","P7D","http://aido.bsvgateway.org/api/locations/214138576/","United Kingdom","United Kingdom","Country","http://aido.bsvgateway.org/api/locations/216709393/",-2.88695148310369,-2.88695148310369,54.1470481891977,"Measles"
"214138576.977",2013-04-22,2013-04-15,137,214138576,"39","214138576","P7D","http://aido.bsvgateway.org/api/locations/214138576/","United Kingdom","United Kingdom","Country","http://aido.bsvgateway.org/api/locations/216709393/",54.1470481891977,-2.88695148310369,54.1470481891977,"Measles"
"214138576.978",2013-04-29,2013-04-22,164,214138576,"39","214138576","P7D","http://aido.bsvgateway.org/api/locations/214138576/","United Kingdom","United Kingdom","Country","http://aido.bsvgateway.org/api/locations/216709393/",-2.88695148310369,-2.88695148310369,54.1470481891977,"Measles"
"214138576.979",2013-05-06,2013-04-29,92,214138576,"39","214138576","P7D","http://aido.bsvgateway.org/api/locations/214138576/","United Kingdom","United Kingdom","Country","http://aido.bsvgateway.org/api/locations/216709393/",54.1470481891977,-2.88695148310369,54.1470481891977,"Measles"
"214138576.980",2013-05-13,2013-05-06,47,214138576,"39","214138576","P7D","http://aido.bsvgateway.org/api/locations/214138576/","United Kingdom","United Kingdom","Country","http://aido.bsvgateway.org/api/locations/216709393/",-2.88695148310369,-2.88695148310369,54.1470481891977,"Measles"
"214138576.981",2013-05-20,2013-05-13,53,214138576,"39","214138576","P7D","http://aido.bsvgateway.org/api/locations/214138576/","United Kingdom","United Kingdom","Country","http://aido.bsvgateway.org/api/locations/216709393/",54.1470481891977,-2.88695148310369,54.1470481891977,"Measles"
"214138576.982",2013-05-27,2013-05-20,35,214138576,"39","214138576","P7D","http://aido.bsvgateway.org/api/locations/214138576/","United Kingdom","United Kingdom","Country","http://aido.bsvgateway.org/api/locations/216709393/",-2.88695148310369,-2.88695148310369,54.1470481891977,"Measles"
"214138576.983",2013-06-03,2013-05-27,22,214138576,"39","214138576","P7D","http://aido.bsvgateway.org/api/locations/214138576/","United Kingdom","United Kingdom","Country","http://aido.bsvgateway.org/api/locations/216709393/",54.1470481891977,-2.88695148310369,54.1470481891977,"Measles"
"214138576.984",2013-06-10,2013-06-03,24,214138576,"39","214138576","P7D","http://aido.bsvgateway.org/api/locations/214138576/","United Kingdom","United Kingdom","Country","http://aido.bsvgateway.org/api/locations/216709393/",-2.88695148310369,-2.88695148310369,54.1470481891977,"Measles"
"214138576.985",2013-06-17,2013-06-10,15,214138576,"39","214138576","P7D","http://aido.bsvgateway.org/api/locations/214138576/","United Kingdom","United Kingdom","Country","http://aido.bsvgateway.org/api/locations/216709393/",54.1470481891977,-2.88695148310369,54.1470481891977,"Measles"
"214138576.986",2013-06-24,2013-06-17,18,214138576,"39","214138576","P7D","http://aido.bsvgateway.org/api/locations/214138576/","United Kingdom","United Kingdom","Country","http://aido.bsvgateway.org/api/locations/216709393/",-2.88695148310369,-2.88695148310369,54.1470481891977,"Measles"
"214138576.987",2013-07-01,2013-06-24,1,214138576,"39","214138576","P7D","http://aido.bsvgateway.org/api/locations/214138576/","United Kingdom","United Kingdom","Country","http://aido.bsvgateway.org/api/locations/216709393/",54.1470481891977,-2.88695148310369,54.1470481891977,"Measles"
