"","end","start","value","id","disease","location","duration","url","name","full_name","admin_level_name","parent","centroid_lat_long","longitude","latitude","disease_name"
"241787998.356",2002-12-30,2002-12-23,1,241787998,"28","241787998","P7D","http://aido.bsvgateway.org/api/locations/241787998/","Republic of Congo","Republic of Congo","Country","http://aido.bsvgateway.org/api/locations/93632501/",-0.838879989081954,15.2183361559118,-0.838879989081954,"Ebola"
"241787998.357",2003-01-06,2002-12-30,1,241787998,"28","241787998","P7D","http://aido.bsvgateway.org/api/locations/241787998/","Republic of Congo","Republic of Congo","Country","http://aido.bsvgateway.org/api/locations/93632501/",15.2183361559118,15.2183361559118,-0.838879989081954,"Ebola"
"241787998.358",2003-01-13,2003-01-06,1,241787998,"28","241787998","P7D","http://aido.bsvgateway.org/api/locations/241787998/","Republic of Congo","Republic of Congo","Country","http://aido.bsvgateway.org/api/locations/93632501/",-0.838879989081954,15.2183361559118,-0.838879989081954,"Ebola"
"241787998.359",2003-01-20,2003-01-13,8,241787998,"28","241787998","P7D","http://aido.bsvgateway.org/api/locations/241787998/","Republic of Congo","Republic of Congo","Country","http://aido.bsvgateway.org/api/locations/93632501/",15.2183361559118,15.2183361559118,-0.838879989081954,"Ebola"
"241787998.360",2003-01-27,2003-01-20,7,241787998,"28","241787998","P7D","http://aido.bsvgateway.org/api/locations/241787998/","Republic of Congo","Republic of Congo","Country","http://aido.bsvgateway.org/api/locations/93632501/",-0.838879989081954,15.2183361559118,-0.838879989081954,"Ebola"
"241787998.361",2003-02-03,2003-01-27,23,241787998,"28","241787998","P7D","http://aido.bsvgateway.org/api/locations/241787998/","Republic of Congo","Republic of Congo","Country","http://aido.bsvgateway.org/api/locations/93632501/",15.2183361559118,15.2183361559118,-0.838879989081954,"Ebola"
"241787998.362",2003-02-10,2003-02-03,25,241787998,"28","241787998","P7D","http://aido.bsvgateway.org/api/locations/241787998/","Republic of Congo","Republic of Congo","Country","http://aido.bsvgateway.org/api/locations/93632501/",-0.838879989081954,15.2183361559118,-0.838879989081954,"Ebola"
"241787998.363",2003-02-17,2003-02-10,22,241787998,"28","241787998","P7D","http://aido.bsvgateway.org/api/locations/241787998/","Republic of Congo","Republic of Congo","Country","http://aido.bsvgateway.org/api/locations/93632501/",15.2183361559118,15.2183361559118,-0.838879989081954,"Ebola"
"241787998.364",2003-02-24,2003-02-17,19,241787998,"28","241787998","P7D","http://aido.bsvgateway.org/api/locations/241787998/","Republic of Congo","Republic of Congo","Country","http://aido.bsvgateway.org/api/locations/93632501/",-0.838879989081954,15.2183361559118,-0.838879989081954,"Ebola"
"241787998.365",2003-03-03,2003-02-24,10,241787998,"28","241787998","P7D","http://aido.bsvgateway.org/api/locations/241787998/","Republic of Congo","Republic of Congo","Country","http://aido.bsvgateway.org/api/locations/93632501/",15.2183361559118,15.2183361559118,-0.838879989081954,"Ebola"
"241787998.366",2003-03-10,2003-03-03,8,241787998,"28","241787998","P7D","http://aido.bsvgateway.org/api/locations/241787998/","Republic of Congo","Republic of Congo","Country","http://aido.bsvgateway.org/api/locations/93632501/",-0.838879989081954,15.2183361559118,-0.838879989081954,"Ebola"
"241787998.367",2003-03-17,2003-03-10,4,241787998,"28","241787998","P7D","http://aido.bsvgateway.org/api/locations/241787998/","Republic of Congo","Republic of Congo","Country","http://aido.bsvgateway.org/api/locations/93632501/",15.2183361559118,15.2183361559118,-0.838879989081954,"Ebola"
"241787998.368",2003-03-24,2003-03-17,2,241787998,"28","241787998","P7D","http://aido.bsvgateway.org/api/locations/241787998/","Republic of Congo","Republic of Congo","Country","http://aido.bsvgateway.org/api/locations/93632501/",-0.838879989081954,15.2183361559118,-0.838879989081954,"Ebola"
"241787998.369",2003-03-31,2003-03-24,4,241787998,"28","241787998","P7D","http://aido.bsvgateway.org/api/locations/241787998/","Republic of Congo","Republic of Congo","Country","http://aido.bsvgateway.org/api/locations/93632501/",15.2183361559118,15.2183361559118,-0.838879989081954,"Ebola"
"241787998.370",2003-04-07,2003-03-31,5,241787998,"28","241787998","P7D","http://aido.bsvgateway.org/api/locations/241787998/","Republic of Congo","Republic of Congo","Country","http://aido.bsvgateway.org/api/locations/93632501/",-0.838879989081954,15.2183361559118,-0.838879989081954,"Ebola"
"241787998.371",2003-04-14,2003-04-07,3,241787998,"28","241787998","P7D","http://aido.bsvgateway.org/api/locations/241787998/","Republic of Congo","Republic of Congo","Country","http://aido.bsvgateway.org/api/locations/93632501/",15.2183361559118,15.2183361559118,-0.838879989081954,"Ebola"
