"","end","start","value","id","disease","location","duration","url","name","full_name","admin_level_name","parent","centroid_lat_long","longitude","latitude","disease_name"
"82572376.114",2008-12-22,2008-12-15,1,82572376,"75","82572376","P7D","http://aido.bsvgateway.org/api/locations/82572376/","Austria","Austria","Country","http://aido.bsvgateway.org/api/locations/216709393/",47.5856569228718,14.1306728678248,47.5856569228718,"Rubella"
"82572376.115",2008-12-29,2008-12-22,5,82572376,"75","82572376","P7D","http://aido.bsvgateway.org/api/locations/82572376/","Austria","Austria","Country","http://aido.bsvgateway.org/api/locations/216709393/",14.1306728678248,14.1306728678248,47.5856569228718,"Rubella"
"82572376.116",2009-01-05,2008-12-29,4,82572376,"75","82572376","P7D","http://aido.bsvgateway.org/api/locations/82572376/","Austria","Austria","Country","http://aido.bsvgateway.org/api/locations/216709393/",47.5856569228718,14.1306728678248,47.5856569228718,"Rubella"
"82572376.117",2009-01-12,2009-01-05,3,82572376,"75","82572376","P7D","http://aido.bsvgateway.org/api/locations/82572376/","Austria","Austria","Country","http://aido.bsvgateway.org/api/locations/216709393/",14.1306728678248,14.1306728678248,47.5856569228718,"Rubella"
"82572376.118",2009-01-19,2009-01-12,11,82572376,"75","82572376","P7D","http://aido.bsvgateway.org/api/locations/82572376/","Austria","Austria","Country","http://aido.bsvgateway.org/api/locations/216709393/",47.5856569228718,14.1306728678248,47.5856569228718,"Rubella"
"82572376.119",2009-01-26,2009-01-19,10,82572376,"75","82572376","P7D","http://aido.bsvgateway.org/api/locations/82572376/","Austria","Austria","Country","http://aido.bsvgateway.org/api/locations/216709393/",14.1306728678248,14.1306728678248,47.5856569228718,"Rubella"
"82572376.120",2009-02-02,2009-01-26,4,82572376,"75","82572376","P7D","http://aido.bsvgateway.org/api/locations/82572376/","Austria","Austria","Country","http://aido.bsvgateway.org/api/locations/216709393/",47.5856569228718,14.1306728678248,47.5856569228718,"Rubella"
"82572376.121",2009-02-09,2009-02-02,16,82572376,"75","82572376","P7D","http://aido.bsvgateway.org/api/locations/82572376/","Austria","Austria","Country","http://aido.bsvgateway.org/api/locations/216709393/",14.1306728678248,14.1306728678248,47.5856569228718,"Rubella"
"82572376.122",2009-02-16,2009-02-09,7,82572376,"75","82572376","P7D","http://aido.bsvgateway.org/api/locations/82572376/","Austria","Austria","Country","http://aido.bsvgateway.org/api/locations/216709393/",47.5856569228718,14.1306728678248,47.5856569228718,"Rubella"
"82572376.123",2009-02-23,2009-02-16,12,82572376,"75","82572376","P7D","http://aido.bsvgateway.org/api/locations/82572376/","Austria","Austria","Country","http://aido.bsvgateway.org/api/locations/216709393/",14.1306728678248,14.1306728678248,47.5856569228718,"Rubella"
"82572376.124",2009-03-02,2009-02-23,18,82572376,"75","82572376","P7D","http://aido.bsvgateway.org/api/locations/82572376/","Austria","Austria","Country","http://aido.bsvgateway.org/api/locations/216709393/",47.5856569228718,14.1306728678248,47.5856569228718,"Rubella"
"82572376.125",2009-03-09,2009-03-02,13,82572376,"75","82572376","P7D","http://aido.bsvgateway.org/api/locations/82572376/","Austria","Austria","Country","http://aido.bsvgateway.org/api/locations/216709393/",14.1306728678248,14.1306728678248,47.5856569228718,"Rubella"
"82572376.126",2009-03-16,2009-03-09,14,82572376,"75","82572376","P7D","http://aido.bsvgateway.org/api/locations/82572376/","Austria","Austria","Country","http://aido.bsvgateway.org/api/locations/216709393/",47.5856569228718,14.1306728678248,47.5856569228718,"Rubella"
"82572376.127",2009-03-23,2009-03-16,9,82572376,"75","82572376","P7D","http://aido.bsvgateway.org/api/locations/82572376/","Austria","Austria","Country","http://aido.bsvgateway.org/api/locations/216709393/",14.1306728678248,14.1306728678248,47.5856569228718,"Rubella"
"82572376.128",2009-03-30,2009-03-23,2,82572376,"75","82572376","P7D","http://aido.bsvgateway.org/api/locations/82572376/","Austria","Austria","Country","http://aido.bsvgateway.org/api/locations/216709393/",47.5856569228718,14.1306728678248,47.5856569228718,"Rubella"
"82572376.129",2009-04-06,2009-03-30,0,82572376,"75","82572376","P7D","http://aido.bsvgateway.org/api/locations/82572376/","Austria","Austria","Country","http://aido.bsvgateway.org/api/locations/216709393/",14.1306728678248,14.1306728678248,47.5856569228718,"Rubella"
