"","end","start","value","id","disease","location","duration","url","name","full_name","admin_level_name","parent","centroid_lat_long","longitude","latitude","disease_name"
"29496896.119",1997-01-16,1996-12-31,1,29496896,"78","29496896","P16D","http://aido.bsvgateway.org/api/locations/29496896/","Argentina","Argentina","Country","http://aido.bsvgateway.org/api/locations/13410479/",-35.3875510414117,-65.178190552794,-35.3875510414116,"Brucellosis"
"29496896.120",1997-02-01,1997-01-16,0,29496896,"78","29496896","P16D","http://aido.bsvgateway.org/api/locations/29496896/","Argentina","Argentina","Country","http://aido.bsvgateway.org/api/locations/13410479/",-65.178190552794,-65.178190552794,-35.3875510414116,"Brucellosis"
"29496896.121",1997-02-17,1997-02-01,0,29496896,"78","29496896","P16D","http://aido.bsvgateway.org/api/locations/29496896/","Argentina","Argentina","Country","http://aido.bsvgateway.org/api/locations/13410479/",-35.3875510414117,-65.178190552794,-35.3875510414116,"Brucellosis"
"29496896.122",1997-03-05,1997-02-17,5,29496896,"78","29496896","P16D","http://aido.bsvgateway.org/api/locations/29496896/","Argentina","Argentina","Country","http://aido.bsvgateway.org/api/locations/13410479/",-65.178190552794,-65.178190552794,-35.3875510414116,"Brucellosis"
"29496896.123",1997-03-21,1997-03-05,8,29496896,"78","29496896","P16D","http://aido.bsvgateway.org/api/locations/29496896/","Argentina","Argentina","Country","http://aido.bsvgateway.org/api/locations/13410479/",-35.3875510414117,-65.178190552794,-35.3875510414116,"Brucellosis"
"29496896.124",1997-04-06,1997-03-21,3,29496896,"78","29496896","P16D","http://aido.bsvgateway.org/api/locations/29496896/","Argentina","Argentina","Country","http://aido.bsvgateway.org/api/locations/13410479/",-65.178190552794,-65.178190552794,-35.3875510414116,"Brucellosis"
"29496896.125",1997-04-22,1997-04-06,2,29496896,"78","29496896","P16D","http://aido.bsvgateway.org/api/locations/29496896/","Argentina","Argentina","Country","http://aido.bsvgateway.org/api/locations/13410479/",-35.3875510414117,-65.178190552794,-35.3875510414116,"Brucellosis"
"29496896.126",1997-05-08,1997-04-22,1,29496896,"78","29496896","P16D","http://aido.bsvgateway.org/api/locations/29496896/","Argentina","Argentina","Country","http://aido.bsvgateway.org/api/locations/13410479/",-65.178190552794,-65.178190552794,-35.3875510414116,"Brucellosis"
"29496896.127",1997-05-24,1997-05-08,2,29496896,"78","29496896","P16D","http://aido.bsvgateway.org/api/locations/29496896/","Argentina","Argentina","Country","http://aido.bsvgateway.org/api/locations/13410479/",-35.3875510414117,-65.178190552794,-35.3875510414116,"Brucellosis"
"29496896.128",1997-06-09,1997-05-24,3,29496896,"78","29496896","P16D","http://aido.bsvgateway.org/api/locations/29496896/","Argentina","Argentina","Country","http://aido.bsvgateway.org/api/locations/13410479/",-65.178190552794,-65.178190552794,-35.3875510414116,"Brucellosis"
"29496896.129",1997-06-25,1997-06-09,1,29496896,"78","29496896","P16D","http://aido.bsvgateway.org/api/locations/29496896/","Argentina","Argentina","Country","http://aido.bsvgateway.org/api/locations/13410479/",-35.3875510414117,-65.178190552794,-35.3875510414116,"Brucellosis"
"29496896.130",1997-07-11,1997-06-25,0,29496896,"78","29496896","P16D","http://aido.bsvgateway.org/api/locations/29496896/","Argentina","Argentina","Country","http://aido.bsvgateway.org/api/locations/13410479/",-65.178190552794,-65.178190552794,-35.3875510414116,"Brucellosis"
"29496896.131",1997-07-27,1997-07-11,0,29496896,"78","29496896","P16D","http://aido.bsvgateway.org/api/locations/29496896/","Argentina","Argentina","Country","http://aido.bsvgateway.org/api/locations/13410479/",-35.3875510414117,-65.178190552794,-35.3875510414116,"Brucellosis"
"29496896.132",1997-08-12,1997-07-27,0,29496896,"78","29496896","P16D","http://aido.bsvgateway.org/api/locations/29496896/","Argentina","Argentina","Country","http://aido.bsvgateway.org/api/locations/13410479/",-65.178190552794,-65.178190552794,-35.3875510414116,"Brucellosis"
"29496896.133",1997-08-28,1997-08-12,0,29496896,"78","29496896","P16D","http://aido.bsvgateway.org/api/locations/29496896/","Argentina","Argentina","Country","http://aido.bsvgateway.org/api/locations/13410479/",-35.3875510414117,-65.178190552794,-35.3875510414116,"Brucellosis"
"29496896.134",1997-09-13,1997-08-28,0,29496896,"78","29496896","P16D","http://aido.bsvgateway.org/api/locations/29496896/","Argentina","Argentina","Country","http://aido.bsvgateway.org/api/locations/13410479/",-65.178190552794,-65.178190552794,-35.3875510414116,"Brucellosis"
"29496896.135",1997-09-29,1997-09-13,0,29496896,"78","29496896","P16D","http://aido.bsvgateway.org/api/locations/29496896/","Argentina","Argentina","Country","http://aido.bsvgateway.org/api/locations/13410479/",-35.3875510414117,-65.178190552794,-35.3875510414116,"Brucellosis"
"29496896.136",1997-10-15,1997-09-29,2,29496896,"78","29496896","P16D","http://aido.bsvgateway.org/api/locations/29496896/","Argentina","Argentina","Country","http://aido.bsvgateway.org/api/locations/13410479/",-65.178190552794,-65.178190552794,-35.3875510414116,"Brucellosis"
"29496896.137",1997-10-31,1997-10-15,1,29496896,"78","29496896","P16D","http://aido.bsvgateway.org/api/locations/29496896/","Argentina","Argentina","Country","http://aido.bsvgateway.org/api/locations/13410479/",-35.3875510414117,-65.178190552794,-35.3875510414116,"Brucellosis"
