"","end","start","value","id","disease","location","duration","url","name","full_name","admin_level_name","parent","centroid_lat_long","longitude","latitude","disease_name"
"239713796.217",2015-06-01,2015-05-01,1,239713796,"38","239713796","P1M","http://aido.bsvgateway.org/api/locations/239713796/","South Dakota","South Dakota, United States of America","State","http://aido.bsvgateway.org/api/locations/113309883/",44.4394218125222,-100.233740408239,44.4394218125222,"Tularemia"
"239713796.218",2015-07-01,2015-06-01,5,239713796,"38","239713796","P1M","http://aido.bsvgateway.org/api/locations/239713796/","South Dakota","South Dakota, United States of America","State","http://aido.bsvgateway.org/api/locations/113309883/",-100.233740408239,-100.233740408239,44.4394218125222,"Tularemia"
"239713796.219",2015-08-01,2015-07-01,12,239713796,"38","239713796","P1M","http://aido.bsvgateway.org/api/locations/239713796/","South Dakota","South Dakota, United States of America","State","http://aido.bsvgateway.org/api/locations/113309883/",44.4394218125222,-100.233740408239,44.4394218125222,"Tularemia"
"239713796.220",2015-09-01,2015-08-01,3,239713796,"38","239713796","P1M","http://aido.bsvgateway.org/api/locations/239713796/","South Dakota","South Dakota, United States of America","State","http://aido.bsvgateway.org/api/locations/113309883/",-100.233740408239,-100.233740408239,44.4394218125222,"Tularemia"
"239713796.221",2015-10-01,2015-09-01,4,239713796,"38","239713796","P1M","http://aido.bsvgateway.org/api/locations/239713796/","South Dakota","South Dakota, United States of America","State","http://aido.bsvgateway.org/api/locations/113309883/",44.4394218125222,-100.233740408239,44.4394218125222,"Tularemia"
"239713796.222",1984-06-03,1984-05-27,2,239713796,"38","239713796","P7D","http://aido.bsvgateway.org/api/locations/239713796/","South Dakota","South Dakota, United States of America","State","http://aido.bsvgateway.org/api/locations/113309883/",-100.233740408239,-100.233740408239,44.4394218125222,"Tularemia"
"239713796.223",1984-06-10,1984-06-03,4,239713796,"38","239713796","P7D","http://aido.bsvgateway.org/api/locations/239713796/","South Dakota","South Dakota, United States of America","State","http://aido.bsvgateway.org/api/locations/113309883/",44.4394218125222,-100.233740408239,44.4394218125222,"Tularemia"
"239713796.224",1984-06-17,1984-06-10,1,239713796,"38","239713796","P7D","http://aido.bsvgateway.org/api/locations/239713796/","South Dakota","South Dakota, United States of America","State","http://aido.bsvgateway.org/api/locations/113309883/",-100.233740408239,-100.233740408239,44.4394218125222,"Tularemia"
"239713796.225",1984-06-24,1984-06-17,2,239713796,"38","239713796","P7D","http://aido.bsvgateway.org/api/locations/239713796/","South Dakota","South Dakota, United States of America","State","http://aido.bsvgateway.org/api/locations/113309883/",44.4394218125222,-100.233740408239,44.4394218125222,"Tularemia"
"239713796.226",1984-07-01,1984-06-24,1,239713796,"38","239713796","P7D","http://aido.bsvgateway.org/api/locations/239713796/","South Dakota","South Dakota, United States of America","State","http://aido.bsvgateway.org/api/locations/113309883/",-100.233740408239,-100.233740408239,44.4394218125222,"Tularemia"
"239713796.227",1984-07-08,1984-07-01,6,239713796,"38","239713796","P7D","http://aido.bsvgateway.org/api/locations/239713796/","South Dakota","South Dakota, United States of America","State","http://aido.bsvgateway.org/api/locations/113309883/",44.4394218125222,-100.233740408239,44.4394218125222,"Tularemia"
"239713796.228",1984-07-15,1984-07-08,3,239713796,"38","239713796","P7D","http://aido.bsvgateway.org/api/locations/239713796/","South Dakota","South Dakota, United States of America","State","http://aido.bsvgateway.org/api/locations/113309883/",-100.233740408239,-100.233740408239,44.4394218125222,"Tularemia"
"239713796.229",1984-07-22,1984-07-15,1,239713796,"38","239713796","P7D","http://aido.bsvgateway.org/api/locations/239713796/","South Dakota","South Dakota, United States of America","State","http://aido.bsvgateway.org/api/locations/113309883/",44.4394218125222,-100.233740408239,44.4394218125222,"Tularemia"
