"","end","start","value","id","disease","location","duration","url","name","full_name","admin_level_name","parent","centroid_lat_long","longitude","latitude","disease_name"
"59440448.105",2013-12-22,2013-12-15,2,59440448,"25","59440448","P7D","http://aido.bsvgateway.org/api/locations/59440448/","Dominica","Dominica","Country","http://aido.bsvgateway.org/api/locations/71269652/",15.4364404853577,-61.356917592057,15.4364404853577,"Chikungunya"
"59440448.106",2013-12-29,2013-12-22,0,59440448,"25","59440448","P7D","http://aido.bsvgateway.org/api/locations/59440448/","Dominica","Dominica","Country","http://aido.bsvgateway.org/api/locations/71269652/",-61.356917592057,-61.356917592057,15.4364404853577,"Chikungunya"
"59440448.107",2014-01-05,2013-12-29,0,59440448,"25","59440448","P7D","http://aido.bsvgateway.org/api/locations/59440448/","Dominica","Dominica","Country","http://aido.bsvgateway.org/api/locations/71269652/",15.4364404853577,-61.356917592057,15.4364404853577,"Chikungunya"
"59440448.108",2014-01-12,2014-01-05,0,59440448,"25","59440448","P7D","http://aido.bsvgateway.org/api/locations/59440448/","Dominica","Dominica","Country","http://aido.bsvgateway.org/api/locations/71269652/",-61.356917592057,-61.356917592057,15.4364404853577,"Chikungunya"
"59440448.109",2014-01-19,2014-01-12,4,59440448,"25","59440448","P7D","http://aido.bsvgateway.org/api/locations/59440448/","Dominica","Dominica","Country","http://aido.bsvgateway.org/api/locations/71269652/",15.4364404853577,-61.356917592057,15.4364404853577,"Chikungunya"
"59440448.110",2014-01-26,2014-01-19,22,59440448,"25","59440448","P7D","http://aido.bsvgateway.org/api/locations/59440448/","Dominica","Dominica","Country","http://aido.bsvgateway.org/api/locations/71269652/",-61.356917592057,-61.356917592057,15.4364404853577,"Chikungunya"
"59440448.111",2014-02-02,2014-01-26,36,59440448,"25","59440448","P7D","http://aido.bsvgateway.org/api/locations/59440448/","Dominica","Dominica","Country","http://aido.bsvgateway.org/api/locations/71269652/",15.4364404853577,-61.356917592057,15.4364404853577,"Chikungunya"
"59440448.112",2014-02-09,2014-02-02,50,59440448,"25","59440448","P7D","http://aido.bsvgateway.org/api/locations/59440448/","Dominica","Dominica","Country","http://aido.bsvgateway.org/api/locations/71269652/",-61.356917592057,-61.356917592057,15.4364404853577,"Chikungunya"
"59440448.113",2014-02-16,2014-02-09,68,59440448,"25","59440448","P7D","http://aido.bsvgateway.org/api/locations/59440448/","Dominica","Dominica","Country","http://aido.bsvgateway.org/api/locations/71269652/",15.4364404853577,-61.356917592057,15.4364404853577,"Chikungunya"
"59440448.114",2014-02-23,2014-02-16,70,59440448,"25","59440448","P7D","http://aido.bsvgateway.org/api/locations/59440448/","Dominica","Dominica","Country","http://aido.bsvgateway.org/api/locations/71269652/",-61.356917592057,-61.356917592057,15.4364404853577,"Chikungunya"
"59440448.115",2014-03-02,2014-02-23,64,59440448,"25","59440448","P7D","http://aido.bsvgateway.org/api/locations/59440448/","Dominica","Dominica","Country","http://aido.bsvgateway.org/api/locations/71269652/",15.4364404853577,-61.356917592057,15.4364404853577,"Chikungunya"
"59440448.116",2014-03-09,2014-03-02,108,59440448,"25","59440448","P7D","http://aido.bsvgateway.org/api/locations/59440448/","Dominica","Dominica","Country","http://aido.bsvgateway.org/api/locations/71269652/",-61.356917592057,-61.356917592057,15.4364404853577,"Chikungunya"
"59440448.117",2014-03-16,2014-03-09,100,59440448,"25","59440448","P7D","http://aido.bsvgateway.org/api/locations/59440448/","Dominica","Dominica","Country","http://aido.bsvgateway.org/api/locations/71269652/",15.4364404853577,-61.356917592057,15.4364404853577,"Chikungunya"
"59440448.118",2014-03-23,2014-03-16,98,59440448,"25","59440448","P7D","http://aido.bsvgateway.org/api/locations/59440448/","Dominica","Dominica","Country","http://aido.bsvgateway.org/api/locations/71269652/",-61.356917592057,-61.356917592057,15.4364404853577,"Chikungunya"
"59440448.119",2014-03-30,2014-03-23,239,59440448,"25","59440448","P7D","http://aido.bsvgateway.org/api/locations/59440448/","Dominica","Dominica","Country","http://aido.bsvgateway.org/api/locations/71269652/",15.4364404853577,-61.356917592057,15.4364404853577,"Chikungunya"
"59440448.120",2014-04-06,2014-03-30,233,59440448,"25","59440448","P7D","http://aido.bsvgateway.org/api/locations/59440448/","Dominica","Dominica","Country","http://aido.bsvgateway.org/api/locations/71269652/",-61.356917592057,-61.356917592057,15.4364404853577,"Chikungunya"
"59440448.121",2014-04-13,2014-04-06,192,59440448,"25","59440448","P7D","http://aido.bsvgateway.org/api/locations/59440448/","Dominica","Dominica","Country","http://aido.bsvgateway.org/api/locations/71269652/",15.4364404853577,-61.356917592057,15.4364404853577,"Chikungunya"
"59440448.122",2014-04-20,2014-04-13,147,59440448,"25","59440448","P7D","http://aido.bsvgateway.org/api/locations/59440448/","Dominica","Dominica","Country","http://aido.bsvgateway.org/api/locations/71269652/",-61.356917592057,-61.356917592057,15.4364404853577,"Chikungunya"
"59440448.123",2014-04-27,2014-04-20,192,59440448,"25","59440448","P7D","http://aido.bsvgateway.org/api/locations/59440448/","Dominica","Dominica","Country","http://aido.bsvgateway.org/api/locations/71269652/",15.4364404853577,-61.356917592057,15.4364404853577,"Chikungunya"
"59440448.124",2014-05-04,2014-04-27,201,59440448,"25","59440448","P7D","http://aido.bsvgateway.org/api/locations/59440448/","Dominica","Dominica","Country","http://aido.bsvgateway.org/api/locations/71269652/",-61.356917592057,-61.356917592057,15.4364404853577,"Chikungunya"
"59440448.125",2014-05-11,2014-05-04,198,59440448,"25","59440448","P7D","http://aido.bsvgateway.org/api/locations/59440448/","Dominica","Dominica","Country","http://aido.bsvgateway.org/api/locations/71269652/",15.4364404853577,-61.356917592057,15.4364404853577,"Chikungunya"
"59440448.126",2014-05-18,2014-05-11,160,59440448,"25","59440448","P7D","http://aido.bsvgateway.org/api/locations/59440448/","Dominica","Dominica","Country","http://aido.bsvgateway.org/api/locations/71269652/",-61.356917592057,-61.356917592057,15.4364404853577,"Chikungunya"
"59440448.127",2014-05-25,2014-05-18,227,59440448,"25","59440448","P7D","http://aido.bsvgateway.org/api/locations/59440448/","Dominica","Dominica","Country","http://aido.bsvgateway.org/api/locations/71269652/",15.4364404853577,-61.356917592057,15.4364404853577,"Chikungunya"
"59440448.128",2014-06-01,2014-05-25,205,59440448,"25","59440448","P7D","http://aido.bsvgateway.org/api/locations/59440448/","Dominica","Dominica","Country","http://aido.bsvgateway.org/api/locations/71269652/",-61.356917592057,-61.356917592057,15.4364404853577,"Chikungunya"
"59440448.129",2014-06-08,2014-06-01,201,59440448,"25","59440448","P7D","http://aido.bsvgateway.org/api/locations/59440448/","Dominica","Dominica","Country","http://aido.bsvgateway.org/api/locations/71269652/",15.4364404853577,-61.356917592057,15.4364404853577,"Chikungunya"
"59440448.130",2014-06-15,2014-06-08,163,59440448,"25","59440448","P7D","http://aido.bsvgateway.org/api/locations/59440448/","Dominica","Dominica","Country","http://aido.bsvgateway.org/api/locations/71269652/",-61.356917592057,-61.356917592057,15.4364404853577,"Chikungunya"
"59440448.131",2014-06-22,2014-06-15,161,59440448,"25","59440448","P7D","http://aido.bsvgateway.org/api/locations/59440448/","Dominica","Dominica","Country","http://aido.bsvgateway.org/api/locations/71269652/",15.4364404853577,-61.356917592057,15.4364404853577,"Chikungunya"
"59440448.132",2014-06-29,2014-06-22,107,59440448,"25","59440448","P7D","http://aido.bsvgateway.org/api/locations/59440448/","Dominica","Dominica","Country","http://aido.bsvgateway.org/api/locations/71269652/",-61.356917592057,-61.356917592057,15.4364404853577,"Chikungunya"
"59440448.133",2014-07-06,2014-06-29,93,59440448,"25","59440448","P7D","http://aido.bsvgateway.org/api/locations/59440448/","Dominica","Dominica","Country","http://aido.bsvgateway.org/api/locations/71269652/",15.4364404853577,-61.356917592057,15.4364404853577,"Chikungunya"
"59440448.134",2014-07-13,2014-07-06,43,59440448,"25","59440448","P7D","http://aido.bsvgateway.org/api/locations/59440448/","Dominica","Dominica","Country","http://aido.bsvgateway.org/api/locations/71269652/",-61.356917592057,-61.356917592057,15.4364404853577,"Chikungunya"
"59440448.135",2014-07-20,2014-07-13,24,59440448,"25","59440448","P7D","http://aido.bsvgateway.org/api/locations/59440448/","Dominica","Dominica","Country","http://aido.bsvgateway.org/api/locations/71269652/",15.4364404853577,-61.356917592057,15.4364404853577,"Chikungunya"
"59440448.136",2014-07-27,2014-07-20,32,59440448,"25","59440448","P7D","http://aido.bsvgateway.org/api/locations/59440448/","Dominica","Dominica","Country","http://aido.bsvgateway.org/api/locations/71269652/",-61.356917592057,-61.356917592057,15.4364404853577,"Chikungunya"
"59440448.137",2014-08-03,2014-07-27,18,59440448,"25","59440448","P7D","http://aido.bsvgateway.org/api/locations/59440448/","Dominica","Dominica","Country","http://aido.bsvgateway.org/api/locations/71269652/",15.4364404853577,-61.356917592057,15.4364404853577,"Chikungunya"
"59440448.138",2014-08-10,2014-08-03,19,59440448,"25","59440448","P7D","http://aido.bsvgateway.org/api/locations/59440448/","Dominica","Dominica","Country","http://aido.bsvgateway.org/api/locations/71269652/",-61.356917592057,-61.356917592057,15.4364404853577,"Chikungunya"
"59440448.139",2014-08-17,2014-08-10,7,59440448,"25","59440448","P7D","http://aido.bsvgateway.org/api/locations/59440448/","Dominica","Dominica","Country","http://aido.bsvgateway.org/api/locations/71269652/",15.4364404853577,-61.356917592057,15.4364404853577,"Chikungunya"
"59440448.140",2014-08-24,2014-08-17,13,59440448,"25","59440448","P7D","http://aido.bsvgateway.org/api/locations/59440448/","Dominica","Dominica","Country","http://aido.bsvgateway.org/api/locations/71269652/",-61.356917592057,-61.356917592057,15.4364404853577,"Chikungunya"
"59440448.141",2014-08-31,2014-08-24,7,59440448,"25","59440448","P7D","http://aido.bsvgateway.org/api/locations/59440448/","Dominica","Dominica","Country","http://aido.bsvgateway.org/api/locations/71269652/",15.4364404853577,-61.356917592057,15.4364404853577,"Chikungunya"
"59440448.142",2014-09-07,2014-08-31,0,59440448,"25","59440448","P7D","http://aido.bsvgateway.org/api/locations/59440448/","Dominica","Dominica","Country","http://aido.bsvgateway.org/api/locations/71269652/",-61.356917592057,-61.356917592057,15.4364404853577,"Chikungunya"
"59440448.143",2014-09-14,2014-09-07,19,59440448,"25","59440448","P7D","http://aido.bsvgateway.org/api/locations/59440448/","Dominica","Dominica","Country","http://aido.bsvgateway.org/api/locations/71269652/",15.4364404853577,-61.356917592057,15.4364404853577,"Chikungunya"
"59440448.144",2014-09-21,2014-09-14,5,59440448,"25","59440448","P7D","http://aido.bsvgateway.org/api/locations/59440448/","Dominica","Dominica","Country","http://aido.bsvgateway.org/api/locations/71269652/",-61.356917592057,-61.356917592057,15.4364404853577,"Chikungunya"
"59440448.145",2014-09-28,2014-09-21,6,59440448,"25","59440448","P7D","http://aido.bsvgateway.org/api/locations/59440448/","Dominica","Dominica","Country","http://aido.bsvgateway.org/api/locations/71269652/",15.4364404853577,-61.356917592057,15.4364404853577,"Chikungunya"
"59440448.146",2014-10-05,2014-09-28,9,59440448,"25","59440448","P7D","http://aido.bsvgateway.org/api/locations/59440448/","Dominica","Dominica","Country","http://aido.bsvgateway.org/api/locations/71269652/",-61.356917592057,-61.356917592057,15.4364404853577,"Chikungunya"
"59440448.147",2014-10-12,2014-10-05,2,59440448,"25","59440448","P7D","http://aido.bsvgateway.org/api/locations/59440448/","Dominica","Dominica","Country","http://aido.bsvgateway.org/api/locations/71269652/",15.4364404853577,-61.356917592057,15.4364404853577,"Chikungunya"
"59440448.148",2014-10-19,2014-10-12,2,59440448,"25","59440448","P7D","http://aido.bsvgateway.org/api/locations/59440448/","Dominica","Dominica","Country","http://aido.bsvgateway.org/api/locations/71269652/",-61.356917592057,-61.356917592057,15.4364404853577,"Chikungunya"
"59440448.149",2014-10-26,2014-10-19,11,59440448,"25","59440448","P7D","http://aido.bsvgateway.org/api/locations/59440448/","Dominica","Dominica","Country","http://aido.bsvgateway.org/api/locations/71269652/",15.4364404853577,-61.356917592057,15.4364404853577,"Chikungunya"
"59440448.150",2014-11-02,2014-10-26,1,59440448,"25","59440448","P7D","http://aido.bsvgateway.org/api/locations/59440448/","Dominica","Dominica","Country","http://aido.bsvgateway.org/api/locations/71269652/",-61.356917592057,-61.356917592057,15.4364404853577,"Chikungunya"
