"","end","start","value","id","disease","location","duration","url","name","full_name","admin_level_name","parent","centroid_lat_long","longitude","latitude","disease_name"
"102446886.103",1994-09-20,1994-09-19,0,102446886,"35","102446886","P1D","http://aido.bsvgateway.org/api/locations/102446886/","India","India","Country","http://aido.bsvgateway.org/api/locations/20359812/",22.8879524743579,79.615721549001,22.8879524743579,"Plague"
"102446886.104",1994-09-21,1994-09-20,17,102446886,"35","102446886","P1D","http://aido.bsvgateway.org/api/locations/102446886/","India","India","Country","http://aido.bsvgateway.org/api/locations/20359812/",79.615721549001,79.615721549001,22.8879524743579,"Plague"
"102446886.105",1994-09-22,1994-09-21,36,102446886,"35","102446886","P1D","http://aido.bsvgateway.org/api/locations/102446886/","India","India","Country","http://aido.bsvgateway.org/api/locations/20359812/",22.8879524743579,79.615721549001,22.8879524743579,"Plague"
"102446886.106",1994-09-23,1994-09-22,121,102446886,"35","102446886","P1D","http://aido.bsvgateway.org/api/locations/102446886/","India","India","Country","http://aido.bsvgateway.org/api/locations/20359812/",79.615721549001,79.615721549001,22.8879524743579,"Plague"
"102446886.107",1994-09-24,1994-09-23,153,102446886,"35","102446886","P1D","http://aido.bsvgateway.org/api/locations/102446886/","India","India","Country","http://aido.bsvgateway.org/api/locations/20359812/",22.8879524743579,79.615721549001,22.8879524743579,"Plague"
"102446886.108",1994-09-25,1994-09-24,0,102446886,"35","102446886","P1D","http://aido.bsvgateway.org/api/locations/102446886/","India","India","Country","http://aido.bsvgateway.org/api/locations/20359812/",79.615721549001,79.615721549001,22.8879524743579,"Plague"
"102446886.109",1994-09-26,1994-09-25,133,102446886,"35","102446886","P1D","http://aido.bsvgateway.org/api/locations/102446886/","India","India","Country","http://aido.bsvgateway.org/api/locations/20359812/",22.8879524743579,79.615721549001,22.8879524743579,"Plague"
"102446886.110",2002-01-31,2002-01-30,0,102446886,"35","102446886","P1D","http://aido.bsvgateway.org/api/locations/102446886/","India","India","Country","http://aido.bsvgateway.org/api/locations/20359812/",79.615721549001,79.615721549001,22.8879524743579,"Plague"
"102446886.111",2002-02-01,2002-01-31,0,102446886,"35","102446886","P1D","http://aido.bsvgateway.org/api/locations/102446886/","India","India","Country","http://aido.bsvgateway.org/api/locations/20359812/",22.8879524743579,79.615721549001,22.8879524743579,"Plague"
"102446886.112",2002-02-02,2002-02-01,0,102446886,"35","102446886","P1D","http://aido.bsvgateway.org/api/locations/102446886/","India","India","Country","http://aido.bsvgateway.org/api/locations/20359812/",79.615721549001,79.615721549001,22.8879524743579,"Plague"
"102446886.113",2002-02-03,2002-02-02,1,102446886,"35","102446886","P1D","http://aido.bsvgateway.org/api/locations/102446886/","India","India","Country","http://aido.bsvgateway.org/api/locations/20359812/",22.8879524743579,79.615721549001,22.8879524743579,"Plague"
"102446886.114",2002-02-04,2002-02-03,0,102446886,"35","102446886","P1D","http://aido.bsvgateway.org/api/locations/102446886/","India","India","Country","http://aido.bsvgateway.org/api/locations/20359812/",79.615721549001,79.615721549001,22.8879524743579,"Plague"
"102446886.115",2002-02-05,2002-02-04,0,102446886,"35","102446886","P1D","http://aido.bsvgateway.org/api/locations/102446886/","India","India","Country","http://aido.bsvgateway.org/api/locations/20359812/",22.8879524743579,79.615721549001,22.8879524743579,"Plague"
"102446886.116",2002-02-06,2002-02-05,0,102446886,"35","102446886","P1D","http://aido.bsvgateway.org/api/locations/102446886/","India","India","Country","http://aido.bsvgateway.org/api/locations/20359812/",79.615721549001,79.615721549001,22.8879524743579,"Plague"
"102446886.117",2002-02-07,2002-02-06,1,102446886,"35","102446886","P1D","http://aido.bsvgateway.org/api/locations/102446886/","India","India","Country","http://aido.bsvgateway.org/api/locations/20359812/",22.8879524743579,79.615721549001,22.8879524743579,"Plague"
"102446886.118",2002-02-08,2002-02-07,1,102446886,"35","102446886","P1D","http://aido.bsvgateway.org/api/locations/102446886/","India","India","Country","http://aido.bsvgateway.org/api/locations/20359812/",79.615721549001,79.615721549001,22.8879524743579,"Plague"
"102446886.119",2002-02-09,2002-02-08,1,102446886,"35","102446886","P1D","http://aido.bsvgateway.org/api/locations/102446886/","India","India","Country","http://aido.bsvgateway.org/api/locations/20359812/",22.8879524743579,79.615721549001,22.8879524743579,"Plague"
"102446886.120",2002-02-10,2002-02-09,2,102446886,"35","102446886","P1D","http://aido.bsvgateway.org/api/locations/102446886/","India","India","Country","http://aido.bsvgateway.org/api/locations/20359812/",79.615721549001,79.615721549001,22.8879524743579,"Plague"
"102446886.121",2002-02-11,2002-02-10,3,102446886,"35","102446886","P1D","http://aido.bsvgateway.org/api/locations/102446886/","India","India","Country","http://aido.bsvgateway.org/api/locations/20359812/",22.8879524743579,79.615721549001,22.8879524743579,"Plague"
"102446886.122",2002-02-12,2002-02-11,3,102446886,"35","102446886","P1D","http://aido.bsvgateway.org/api/locations/102446886/","India","India","Country","http://aido.bsvgateway.org/api/locations/20359812/",79.615721549001,79.615721549001,22.8879524743579,"Plague"
"102446886.123",2002-02-13,2002-02-12,4,102446886,"35","102446886","P1D","http://aido.bsvgateway.org/api/locations/102446886/","India","India","Country","http://aido.bsvgateway.org/api/locations/20359812/",22.8879524743579,79.615721549001,22.8879524743579,"Plague"
"102446886.124",2002-02-14,2002-02-13,0,102446886,"35","102446886","P1D","http://aido.bsvgateway.org/api/locations/102446886/","India","India","Country","http://aido.bsvgateway.org/api/locations/20359812/",79.615721549001,79.615721549001,22.8879524743579,"Plague"
