"","end","start","value","id","disease","location","duration","url","name","full_name","admin_level_name","parent","centroid_lat_long","longitude","latitude","disease_name"
"134996356.239",2011-05-30,2011-05-23,1,134996356,"56","134996356","P7D","http://aido.bsvgateway.org/api/locations/134996356/","Greece","Greece","Country","http://aido.bsvgateway.org/api/locations/216709393/",39.0511811667275,22.9748189963382,39.0511811667275,"Malaria"
"134996356.240",2011-06-06,2011-05-30,1,134996356,"56","134996356","P7D","http://aido.bsvgateway.org/api/locations/134996356/","Greece","Greece","Country","http://aido.bsvgateway.org/api/locations/216709393/",22.9748189963382,22.9748189963382,39.0511811667275,"Malaria"
"134996356.241",2011-06-13,2011-06-06,0,134996356,"56","134996356","P7D","http://aido.bsvgateway.org/api/locations/134996356/","Greece","Greece","Country","http://aido.bsvgateway.org/api/locations/216709393/",39.0511811667275,22.9748189963382,39.0511811667275,"Malaria"
"134996356.242",2011-06-20,2011-06-13,0,134996356,"56","134996356","P7D","http://aido.bsvgateway.org/api/locations/134996356/","Greece","Greece","Country","http://aido.bsvgateway.org/api/locations/216709393/",22.9748189963382,22.9748189963382,39.0511811667275,"Malaria"
"134996356.243",2011-06-27,2011-06-20,0,134996356,"56","134996356","P7D","http://aido.bsvgateway.org/api/locations/134996356/","Greece","Greece","Country","http://aido.bsvgateway.org/api/locations/216709393/",39.0511811667275,22.9748189963382,39.0511811667275,"Malaria"
"134996356.244",2011-07-04,2011-06-27,0,134996356,"56","134996356","P7D","http://aido.bsvgateway.org/api/locations/134996356/","Greece","Greece","Country","http://aido.bsvgateway.org/api/locations/216709393/",22.9748189963382,22.9748189963382,39.0511811667275,"Malaria"
"134996356.245",2011-07-11,2011-07-04,1,134996356,"56","134996356","P7D","http://aido.bsvgateway.org/api/locations/134996356/","Greece","Greece","Country","http://aido.bsvgateway.org/api/locations/216709393/",39.0511811667275,22.9748189963382,39.0511811667275,"Malaria"
"134996356.246",2011-07-18,2011-07-11,1,134996356,"56","134996356","P7D","http://aido.bsvgateway.org/api/locations/134996356/","Greece","Greece","Country","http://aido.bsvgateway.org/api/locations/216709393/",22.9748189963382,22.9748189963382,39.0511811667275,"Malaria"
"134996356.247",2011-07-25,2011-07-18,2,134996356,"56","134996356","P7D","http://aido.bsvgateway.org/api/locations/134996356/","Greece","Greece","Country","http://aido.bsvgateway.org/api/locations/216709393/",39.0511811667275,22.9748189963382,39.0511811667275,"Malaria"
"134996356.248",2011-08-01,2011-07-25,2,134996356,"56","134996356","P7D","http://aido.bsvgateway.org/api/locations/134996356/","Greece","Greece","Country","http://aido.bsvgateway.org/api/locations/216709393/",22.9748189963382,22.9748189963382,39.0511811667275,"Malaria"
"134996356.249",2011-08-08,2011-08-01,1,134996356,"56","134996356","P7D","http://aido.bsvgateway.org/api/locations/134996356/","Greece","Greece","Country","http://aido.bsvgateway.org/api/locations/216709393/",39.0511811667275,22.9748189963382,39.0511811667275,"Malaria"
"134996356.250",2011-08-15,2011-08-08,2,134996356,"56","134996356","P7D","http://aido.bsvgateway.org/api/locations/134996356/","Greece","Greece","Country","http://aido.bsvgateway.org/api/locations/216709393/",22.9748189963382,22.9748189963382,39.0511811667275,"Malaria"
"134996356.251",2011-08-22,2011-08-15,0,134996356,"56","134996356","P7D","http://aido.bsvgateway.org/api/locations/134996356/","Greece","Greece","Country","http://aido.bsvgateway.org/api/locations/216709393/",39.0511811667275,22.9748189963382,39.0511811667275,"Malaria"
"134996356.252",2011-08-29,2011-08-22,3,134996356,"56","134996356","P7D","http://aido.bsvgateway.org/api/locations/134996356/","Greece","Greece","Country","http://aido.bsvgateway.org/api/locations/216709393/",22.9748189963382,22.9748189963382,39.0511811667275,"Malaria"
"134996356.253",2011-09-05,2011-08-29,5,134996356,"56","134996356","P7D","http://aido.bsvgateway.org/api/locations/134996356/","Greece","Greece","Country","http://aido.bsvgateway.org/api/locations/216709393/",39.0511811667275,22.9748189963382,39.0511811667275,"Malaria"
"134996356.254",2011-09-12,2011-09-05,10,134996356,"56","134996356","P7D","http://aido.bsvgateway.org/api/locations/134996356/","Greece","Greece","Country","http://aido.bsvgateway.org/api/locations/216709393/",22.9748189963382,22.9748189963382,39.0511811667275,"Malaria"
"134996356.255",2011-09-19,2011-09-12,6,134996356,"56","134996356","P7D","http://aido.bsvgateway.org/api/locations/134996356/","Greece","Greece","Country","http://aido.bsvgateway.org/api/locations/216709393/",39.0511811667275,22.9748189963382,39.0511811667275,"Malaria"
"134996356.256",2011-09-26,2011-09-19,1,134996356,"56","134996356","P7D","http://aido.bsvgateway.org/api/locations/134996356/","Greece","Greece","Country","http://aido.bsvgateway.org/api/locations/216709393/",22.9748189963382,22.9748189963382,39.0511811667275,"Malaria"
