"","end","start","value","id","disease","location","duration","url","name","full_name","admin_level_name","parent","centroid_lat_long","longitude","latitude","disease_name"
"214854859.1",2004-01-04,2003-12-04,14,214854859,"67","214854859","P1M","http://aido.bsvgateway.org/api/locations/214854859/","Israel","Israel","Country","http://aido.bsvgateway.org/api/locations/20359812/",31.4439598388766,34.996033986759,31.4439598388766,"Mumps"
"214854859.2",2004-02-04,2004-01-04,42,214854859,"67","214854859","P1M","http://aido.bsvgateway.org/api/locations/214854859/","Israel","Israel","Country","http://aido.bsvgateway.org/api/locations/20359812/",34.996033986759,34.996033986759,31.4439598388766,"Mumps"
"214854859.3",2004-03-04,2004-02-04,161,214854859,"67","214854859","P1M","http://aido.bsvgateway.org/api/locations/214854859/","Israel","Israel","Country","http://aido.bsvgateway.org/api/locations/20359812/",31.4439598388766,34.996033986759,31.4439598388766,"Mumps"
"214854859.4",2004-04-04,2004-03-04,268,214854859,"67","214854859","P1M","http://aido.bsvgateway.org/api/locations/214854859/","Israel","Israel","Country","http://aido.bsvgateway.org/api/locations/20359812/",34.996033986759,34.996033986759,31.4439598388766,"Mumps"
"214854859.5",2004-05-04,2004-04-04,601,214854859,"67","214854859","P1M","http://aido.bsvgateway.org/api/locations/214854859/","Israel","Israel","Country","http://aido.bsvgateway.org/api/locations/20359812/",31.4439598388766,34.996033986759,31.4439598388766,"Mumps"
"214854859.6",2004-06-04,2004-05-04,616,214854859,"67","214854859","P1M","http://aido.bsvgateway.org/api/locations/214854859/","Israel","Israel","Country","http://aido.bsvgateway.org/api/locations/20359812/",34.996033986759,34.996033986759,31.4439598388766,"Mumps"
"214854859.7",2004-07-04,2004-06-04,331,214854859,"67","214854859","P1M","http://aido.bsvgateway.org/api/locations/214854859/","Israel","Israel","Country","http://aido.bsvgateway.org/api/locations/20359812/",31.4439598388766,34.996033986759,31.4439598388766,"Mumps"
"214854859.8",2004-08-04,2004-07-04,144,214854859,"67","214854859","P1M","http://aido.bsvgateway.org/api/locations/214854859/","Israel","Israel","Country","http://aido.bsvgateway.org/api/locations/20359812/",34.996033986759,34.996033986759,31.4439598388766,"Mumps"
"214854859.9",2004-09-04,2004-08-04,78,214854859,"67","214854859","P1M","http://aido.bsvgateway.org/api/locations/214854859/","Israel","Israel","Country","http://aido.bsvgateway.org/api/locations/20359812/",31.4439598388766,34.996033986759,31.4439598388766,"Mumps"
"214854859.10",2004-10-04,2004-09-04,64,214854859,"67","214854859","P1M","http://aido.bsvgateway.org/api/locations/214854859/","Israel","Israel","Country","http://aido.bsvgateway.org/api/locations/20359812/",34.996033986759,34.996033986759,31.4439598388766,"Mumps"
"214854859.11",2004-11-04,2004-10-04,41,214854859,"67","214854859","P1M","http://aido.bsvgateway.org/api/locations/214854859/","Israel","Israel","Country","http://aido.bsvgateway.org/api/locations/20359812/",31.4439598388766,34.996033986759,31.4439598388766,"Mumps"
"214854859.12",2004-12-04,2004-11-04,27,214854859,"67","214854859","P1M","http://aido.bsvgateway.org/api/locations/214854859/","Israel","Israel","Country","http://aido.bsvgateway.org/api/locations/20359812/",34.996033986759,34.996033986759,31.4439598388766,"Mumps"
"214854859.13",2005-01-04,2004-12-04,83,214854859,"67","214854859","P1M","http://aido.bsvgateway.org/api/locations/214854859/","Israel","Israel","Country","http://aido.bsvgateway.org/api/locations/20359812/",31.4439598388766,34.996033986759,31.4439598388766,"Mumps"
"214854859.14",2005-02-04,2005-01-04,176,214854859,"67","214854859","P1M","http://aido.bsvgateway.org/api/locations/214854859/","Israel","Israel","Country","http://aido.bsvgateway.org/api/locations/20359812/",34.996033986759,34.996033986759,31.4439598388766,"Mumps"
"214854859.15",2005-03-04,2005-02-04,205,214854859,"67","214854859","P1M","http://aido.bsvgateway.org/api/locations/214854859/","Israel","Israel","Country","http://aido.bsvgateway.org/api/locations/20359812/",31.4439598388766,34.996033986759,31.4439598388766,"Mumps"
"214854859.16",2005-04-04,2005-03-04,372,214854859,"67","214854859","P1M","http://aido.bsvgateway.org/api/locations/214854859/","Israel","Israel","Country","http://aido.bsvgateway.org/api/locations/20359812/",34.996033986759,34.996033986759,31.4439598388766,"Mumps"
"214854859.17",2005-05-04,2005-04-04,367,214854859,"67","214854859","P1M","http://aido.bsvgateway.org/api/locations/214854859/","Israel","Israel","Country","http://aido.bsvgateway.org/api/locations/20359812/",31.4439598388766,34.996033986759,31.4439598388766,"Mumps"
"214854859.18",2005-06-04,2005-05-04,244,214854859,"67","214854859","P1M","http://aido.bsvgateway.org/api/locations/214854859/","Israel","Israel","Country","http://aido.bsvgateway.org/api/locations/20359812/",34.996033986759,34.996033986759,31.4439598388766,"Mumps"
"214854859.19",2005-07-04,2005-06-04,22,214854859,"67","214854859","P1M","http://aido.bsvgateway.org/api/locations/214854859/","Israel","Israel","Country","http://aido.bsvgateway.org/api/locations/20359812/",31.4439598388766,34.996033986759,31.4439598388766,"Mumps"
