"","end","start","value","id","disease","location","duration","url","name","full_name","admin_level_name","parent","centroid_lat_long","longitude","latitude","disease_name"
"44610184.1100",2004-06-12,2004-06-11,1,44610184,"29","44610184","P1D","http://aido.bsvgateway.org/api/locations/44610184/","Lima","Lima, Peru","State","http://aido.bsvgateway.org/api/locations/236286771/",-11.7720676792964,-76.6017134193649,-11.7720676792964,"Foot And Mouth Disease"
"44610184.1101",2004-06-13,2004-06-12,2,44610184,"29","44610184","P1D","http://aido.bsvgateway.org/api/locations/44610184/","Lima","Lima, Peru","State","http://aido.bsvgateway.org/api/locations/236286771/",-76.6017134193649,-76.6017134193649,-11.7720676792964,"Foot And Mouth Disease"
"44610184.1102",2004-06-14,2004-06-13,0,44610184,"29","44610184","P1D","http://aido.bsvgateway.org/api/locations/44610184/","Lima","Lima, Peru","State","http://aido.bsvgateway.org/api/locations/236286771/",-11.7720676792964,-76.6017134193649,-11.7720676792964,"Foot And Mouth Disease"
"44610184.1103",2004-06-15,2004-06-14,0,44610184,"29","44610184","P1D","http://aido.bsvgateway.org/api/locations/44610184/","Lima","Lima, Peru","State","http://aido.bsvgateway.org/api/locations/236286771/",-76.6017134193649,-76.6017134193649,-11.7720676792964,"Foot And Mouth Disease"
"44610184.1104",2004-06-16,2004-06-15,0,44610184,"29","44610184","P1D","http://aido.bsvgateway.org/api/locations/44610184/","Lima","Lima, Peru","State","http://aido.bsvgateway.org/api/locations/236286771/",-11.7720676792964,-76.6017134193649,-11.7720676792964,"Foot And Mouth Disease"
"44610184.1105",2004-06-17,2004-06-16,0,44610184,"29","44610184","P1D","http://aido.bsvgateway.org/api/locations/44610184/","Lima","Lima, Peru","State","http://aido.bsvgateway.org/api/locations/236286771/",-76.6017134193649,-76.6017134193649,-11.7720676792964,"Foot And Mouth Disease"
"44610184.1106",2004-06-18,2004-06-17,0,44610184,"29","44610184","P1D","http://aido.bsvgateway.org/api/locations/44610184/","Lima","Lima, Peru","State","http://aido.bsvgateway.org/api/locations/236286771/",-11.7720676792964,-76.6017134193649,-11.7720676792964,"Foot And Mouth Disease"
"44610184.1107",2004-06-19,2004-06-18,0,44610184,"29","44610184","P1D","http://aido.bsvgateway.org/api/locations/44610184/","Lima","Lima, Peru","State","http://aido.bsvgateway.org/api/locations/236286771/",-76.6017134193649,-76.6017134193649,-11.7720676792964,"Foot And Mouth Disease"
"44610184.1108",2004-06-20,2004-06-19,0,44610184,"29","44610184","P1D","http://aido.bsvgateway.org/api/locations/44610184/","Lima","Lima, Peru","State","http://aido.bsvgateway.org/api/locations/236286771/",-11.7720676792964,-76.6017134193649,-11.7720676792964,"Foot And Mouth Disease"
"44610184.1109",2004-06-21,2004-06-20,0,44610184,"29","44610184","P1D","http://aido.bsvgateway.org/api/locations/44610184/","Lima","Lima, Peru","State","http://aido.bsvgateway.org/api/locations/236286771/",-76.6017134193649,-76.6017134193649,-11.7720676792964,"Foot And Mouth Disease"
"44610184.1110",2004-06-22,2004-06-21,4,44610184,"29","44610184","P1D","http://aido.bsvgateway.org/api/locations/44610184/","Lima","Lima, Peru","State","http://aido.bsvgateway.org/api/locations/236286771/",-11.7720676792964,-76.6017134193649,-11.7720676792964,"Foot And Mouth Disease"
"44610184.1111",2004-06-23,2004-06-22,0,44610184,"29","44610184","P1D","http://aido.bsvgateway.org/api/locations/44610184/","Lima","Lima, Peru","State","http://aido.bsvgateway.org/api/locations/236286771/",-76.6017134193649,-76.6017134193649,-11.7720676792964,"Foot And Mouth Disease"
"44610184.1112",2004-06-24,2004-06-23,1,44610184,"29","44610184","P1D","http://aido.bsvgateway.org/api/locations/44610184/","Lima","Lima, Peru","State","http://aido.bsvgateway.org/api/locations/236286771/",-11.7720676792964,-76.6017134193649,-11.7720676792964,"Foot And Mouth Disease"
"44610184.1113",2004-06-25,2004-06-24,0,44610184,"29","44610184","P1D","http://aido.bsvgateway.org/api/locations/44610184/","Lima","Lima, Peru","State","http://aido.bsvgateway.org/api/locations/236286771/",-76.6017134193649,-76.6017134193649,-11.7720676792964,"Foot And Mouth Disease"
"44610184.1114",2004-06-26,2004-06-25,0,44610184,"29","44610184","P1D","http://aido.bsvgateway.org/api/locations/44610184/","Lima","Lima, Peru","State","http://aido.bsvgateway.org/api/locations/236286771/",-11.7720676792964,-76.6017134193649,-11.7720676792964,"Foot And Mouth Disease"
"44610184.1115",2004-06-27,2004-06-26,1,44610184,"29","44610184","P1D","http://aido.bsvgateway.org/api/locations/44610184/","Lima","Lima, Peru","State","http://aido.bsvgateway.org/api/locations/236286771/",-76.6017134193649,-76.6017134193649,-11.7720676792964,"Foot And Mouth Disease"
"44610184.1116",2004-06-28,2004-06-27,0,44610184,"29","44610184","P1D","http://aido.bsvgateway.org/api/locations/44610184/","Lima","Lima, Peru","State","http://aido.bsvgateway.org/api/locations/236286771/",-11.7720676792964,-76.6017134193649,-11.7720676792964,"Foot And Mouth Disease"
"44610184.1117",2004-06-29,2004-06-28,4,44610184,"29","44610184","P1D","http://aido.bsvgateway.org/api/locations/44610184/","Lima","Lima, Peru","State","http://aido.bsvgateway.org/api/locations/236286771/",-76.6017134193649,-76.6017134193649,-11.7720676792964,"Foot And Mouth Disease"
"44610184.1118",2004-06-30,2004-06-29,3,44610184,"29","44610184","P1D","http://aido.bsvgateway.org/api/locations/44610184/","Lima","Lima, Peru","State","http://aido.bsvgateway.org/api/locations/236286771/",-11.7720676792964,-76.6017134193649,-11.7720676792964,"Foot And Mouth Disease"
"44610184.1119",2004-07-01,2004-06-30,0,44610184,"29","44610184","P1D","http://aido.bsvgateway.org/api/locations/44610184/","Lima","Lima, Peru","State","http://aido.bsvgateway.org/api/locations/236286771/",-76.6017134193649,-76.6017134193649,-11.7720676792964,"Foot And Mouth Disease"
"44610184.1120",2004-07-02,2004-07-01,0,44610184,"29","44610184","P1D","http://aido.bsvgateway.org/api/locations/44610184/","Lima","Lima, Peru","State","http://aido.bsvgateway.org/api/locations/236286771/",-11.7720676792964,-76.6017134193649,-11.7720676792964,"Foot And Mouth Disease"
"44610184.1121",2004-07-03,2004-07-02,0,44610184,"29","44610184","P1D","http://aido.bsvgateway.org/api/locations/44610184/","Lima","Lima, Peru","State","http://aido.bsvgateway.org/api/locations/236286771/",-76.6017134193649,-76.6017134193649,-11.7720676792964,"Foot And Mouth Disease"
"44610184.1122",2004-07-04,2004-07-03,0,44610184,"29","44610184","P1D","http://aido.bsvgateway.org/api/locations/44610184/","Lima","Lima, Peru","State","http://aido.bsvgateway.org/api/locations/236286771/",-11.7720676792964,-76.6017134193649,-11.7720676792964,"Foot And Mouth Disease"
"44610184.1123",2004-07-05,2004-07-04,0,44610184,"29","44610184","P1D","http://aido.bsvgateway.org/api/locations/44610184/","Lima","Lima, Peru","State","http://aido.bsvgateway.org/api/locations/236286771/",-76.6017134193649,-76.6017134193649,-11.7720676792964,"Foot And Mouth Disease"
"44610184.1124",2004-07-06,2004-07-05,2,44610184,"29","44610184","P1D","http://aido.bsvgateway.org/api/locations/44610184/","Lima","Lima, Peru","State","http://aido.bsvgateway.org/api/locations/236286771/",-11.7720676792964,-76.6017134193649,-11.7720676792964,"Foot And Mouth Disease"
"44610184.1125",2004-07-07,2004-07-06,1,44610184,"29","44610184","P1D","http://aido.bsvgateway.org/api/locations/44610184/","Lima","Lima, Peru","State","http://aido.bsvgateway.org/api/locations/236286771/",-76.6017134193649,-76.6017134193649,-11.7720676792964,"Foot And Mouth Disease"
"44610184.1126",2004-07-08,2004-07-07,2,44610184,"29","44610184","P1D","http://aido.bsvgateway.org/api/locations/44610184/","Lima","Lima, Peru","State","http://aido.bsvgateway.org/api/locations/236286771/",-11.7720676792964,-76.6017134193649,-11.7720676792964,"Foot And Mouth Disease"
"44610184.1127",2004-07-09,2004-07-08,1,44610184,"29","44610184","P1D","http://aido.bsvgateway.org/api/locations/44610184/","Lima","Lima, Peru","State","http://aido.bsvgateway.org/api/locations/236286771/",-76.6017134193649,-76.6017134193649,-11.7720676792964,"Foot And Mouth Disease"
"44610184.1128",2004-07-10,2004-07-09,1,44610184,"29","44610184","P1D","http://aido.bsvgateway.org/api/locations/44610184/","Lima","Lima, Peru","State","http://aido.bsvgateway.org/api/locations/236286771/",-11.7720676792964,-76.6017134193649,-11.7720676792964,"Foot And Mouth Disease"
"44610184.1129",2004-07-11,2004-07-10,0,44610184,"29","44610184","P1D","http://aido.bsvgateway.org/api/locations/44610184/","Lima","Lima, Peru","State","http://aido.bsvgateway.org/api/locations/236286771/",-76.6017134193649,-76.6017134193649,-11.7720676792964,"Foot And Mouth Disease"
"44610184.1130",2004-07-12,2004-07-11,0,44610184,"29","44610184","P1D","http://aido.bsvgateway.org/api/locations/44610184/","Lima","Lima, Peru","State","http://aido.bsvgateway.org/api/locations/236286771/",-11.7720676792964,-76.6017134193649,-11.7720676792964,"Foot And Mouth Disease"
"44610184.1131",2004-07-13,2004-07-12,1,44610184,"29","44610184","P1D","http://aido.bsvgateway.org/api/locations/44610184/","Lima","Lima, Peru","State","http://aido.bsvgateway.org/api/locations/236286771/",-76.6017134193649,-76.6017134193649,-11.7720676792964,"Foot And Mouth Disease"
"44610184.1132",2004-07-14,2004-07-13,0,44610184,"29","44610184","P1D","http://aido.bsvgateway.org/api/locations/44610184/","Lima","Lima, Peru","State","http://aido.bsvgateway.org/api/locations/236286771/",-11.7720676792964,-76.6017134193649,-11.7720676792964,"Foot And Mouth Disease"
"44610184.1133",2004-07-15,2004-07-14,0,44610184,"29","44610184","P1D","http://aido.bsvgateway.org/api/locations/44610184/","Lima","Lima, Peru","State","http://aido.bsvgateway.org/api/locations/236286771/",-76.6017134193649,-76.6017134193649,-11.7720676792964,"Foot And Mouth Disease"
"44610184.1134",2004-07-16,2004-07-15,1,44610184,"29","44610184","P1D","http://aido.bsvgateway.org/api/locations/44610184/","Lima","Lima, Peru","State","http://aido.bsvgateway.org/api/locations/236286771/",-11.7720676792964,-76.6017134193649,-11.7720676792964,"Foot And Mouth Disease"
"44610184.1135",2004-07-17,2004-07-16,0,44610184,"29","44610184","P1D","http://aido.bsvgateway.org/api/locations/44610184/","Lima","Lima, Peru","State","http://aido.bsvgateway.org/api/locations/236286771/",-76.6017134193649,-76.6017134193649,-11.7720676792964,"Foot And Mouth Disease"
"44610184.1136",2004-07-18,2004-07-17,0,44610184,"29","44610184","P1D","http://aido.bsvgateway.org/api/locations/44610184/","Lima","Lima, Peru","State","http://aido.bsvgateway.org/api/locations/236286771/",-11.7720676792964,-76.6017134193649,-11.7720676792964,"Foot And Mouth Disease"
"44610184.1137",2004-07-19,2004-07-18,0,44610184,"29","44610184","P1D","http://aido.bsvgateway.org/api/locations/44610184/","Lima","Lima, Peru","State","http://aido.bsvgateway.org/api/locations/236286771/",-76.6017134193649,-76.6017134193649,-11.7720676792964,"Foot And Mouth Disease"
"44610184.1138",2004-07-20,2004-07-19,2,44610184,"29","44610184","P1D","http://aido.bsvgateway.org/api/locations/44610184/","Lima","Lima, Peru","State","http://aido.bsvgateway.org/api/locations/236286771/",-11.7720676792964,-76.6017134193649,-11.7720676792964,"Foot And Mouth Disease"
