"","end","start","value","id","disease","location","duration","url","name","full_name","admin_level_name","parent","centroid_lat_long","longitude","latitude","disease_name"
"253922372.125",2011-02-13,2011-02-06,4,253922372,"33","253922372","irregular","http://aido.bsvgateway.org/api/locations/253922372/","Cameroon","Cameroon","Country","http://aido.bsvgateway.org/api/locations/93632501/",5.69305820578531,12.7369841650656,5.69305820578531,"Meningococcal Disease"
"253922372.126",2011-02-20,2011-02-13,2,253922372,"33","253922372","irregular","http://aido.bsvgateway.org/api/locations/253922372/","Cameroon","Cameroon","Country","http://aido.bsvgateway.org/api/locations/93632501/",12.7369841650656,12.7369841650656,5.69305820578531,"Meningococcal Disease"
"253922372.127",2011-03-06,2011-02-20,8,253922372,"33","253922372","irregular","http://aido.bsvgateway.org/api/locations/253922372/","Cameroon","Cameroon","Country","http://aido.bsvgateway.org/api/locations/93632501/",5.69305820578531,12.7369841650656,5.69305820578531,"Meningococcal Disease"
"253922372.128",2011-03-13,2011-03-06,1,253922372,"33","253922372","irregular","http://aido.bsvgateway.org/api/locations/253922372/","Cameroon","Cameroon","Country","http://aido.bsvgateway.org/api/locations/93632501/",12.7369841650656,12.7369841650656,5.69305820578531,"Meningococcal Disease"
"253922372.129",2011-03-20,2011-03-13,35,253922372,"33","253922372","irregular","http://aido.bsvgateway.org/api/locations/253922372/","Cameroon","Cameroon","Country","http://aido.bsvgateway.org/api/locations/93632501/",5.69305820578531,12.7369841650656,5.69305820578531,"Meningococcal Disease"
"253922372.130",2011-03-27,2011-03-20,65,253922372,"33","253922372","irregular","http://aido.bsvgateway.org/api/locations/253922372/","Cameroon","Cameroon","Country","http://aido.bsvgateway.org/api/locations/93632501/",12.7369841650656,12.7369841650656,5.69305820578531,"Meningococcal Disease"
"253922372.131",2011-04-03,2011-03-27,63,253922372,"33","253922372","irregular","http://aido.bsvgateway.org/api/locations/253922372/","Cameroon","Cameroon","Country","http://aido.bsvgateway.org/api/locations/93632501/",5.69305820578531,12.7369841650656,5.69305820578531,"Meningococcal Disease"
"253922372.132",2011-04-10,2011-04-03,230,253922372,"33","253922372","irregular","http://aido.bsvgateway.org/api/locations/253922372/","Cameroon","Cameroon","Country","http://aido.bsvgateway.org/api/locations/93632501/",12.7369841650656,12.7369841650656,5.69305820578531,"Meningococcal Disease"
"253922372.133",2011-04-17,2011-04-10,185,253922372,"33","253922372","irregular","http://aido.bsvgateway.org/api/locations/253922372/","Cameroon","Cameroon","Country","http://aido.bsvgateway.org/api/locations/93632501/",5.69305820578531,12.7369841650656,5.69305820578531,"Meningococcal Disease"
"253922372.134",2011-04-24,2011-04-17,33,253922372,"33","253922372","irregular","http://aido.bsvgateway.org/api/locations/253922372/","Cameroon","Cameroon","Country","http://aido.bsvgateway.org/api/locations/93632501/",12.7369841650656,12.7369841650656,5.69305820578531,"Meningococcal Disease"
"253922372.135",2011-05-01,2011-04-24,69,253922372,"33","253922372","irregular","http://aido.bsvgateway.org/api/locations/253922372/","Cameroon","Cameroon","Country","http://aido.bsvgateway.org/api/locations/93632501/",5.69305820578531,12.7369841650656,5.69305820578531,"Meningococcal Disease"
"253922372.136",2011-05-08,2011-05-01,46,253922372,"33","253922372","irregular","http://aido.bsvgateway.org/api/locations/253922372/","Cameroon","Cameroon","Country","http://aido.bsvgateway.org/api/locations/93632501/",12.7369841650656,12.7369841650656,5.69305820578531,"Meningococcal Disease"
"253922372.137",2011-05-15,2011-05-08,33,253922372,"33","253922372","irregular","http://aido.bsvgateway.org/api/locations/253922372/","Cameroon","Cameroon","Country","http://aido.bsvgateway.org/api/locations/93632501/",5.69305820578531,12.7369841650656,5.69305820578531,"Meningococcal Disease"
"253922372.138",2011-05-22,2011-05-15,2,253922372,"33","253922372","irregular","http://aido.bsvgateway.org/api/locations/253922372/","Cameroon","Cameroon","Country","http://aido.bsvgateway.org/api/locations/93632501/",12.7369841650656,12.7369841650656,5.69305820578531,"Meningococcal Disease"
"253922372.139",2011-05-29,2011-05-22,4,253922372,"33","253922372","irregular","http://aido.bsvgateway.org/api/locations/253922372/","Cameroon","Cameroon","Country","http://aido.bsvgateway.org/api/locations/93632501/",5.69305820578531,12.7369841650656,5.69305820578531,"Meningococcal Disease"
