"","end","start","value","id","disease","location","duration","url","name","full_name","admin_level_name","parent","centroid_lat_long","longitude","latitude","disease_name"
"217008588.795",2006-08-14,2006-08-07,15,217008588,"67","217008588","P7D","http://aido.bsvgateway.org/api/locations/217008588/","Navarra","Navarra, Spain","State","http://aido.bsvgateway.org/api/locations/69870691/",42.6690116554254,-1.64253341671271,42.6690116554254,"Mumps"
"217008588.796",2006-08-21,2006-08-14,6,217008588,"67","217008588","P7D","http://aido.bsvgateway.org/api/locations/217008588/","Navarra","Navarra, Spain","State","http://aido.bsvgateway.org/api/locations/69870691/",-1.64253341671271,-1.64253341671271,42.6690116554254,"Mumps"
"217008588.797",2006-08-28,2006-08-21,5,217008588,"67","217008588","P7D","http://aido.bsvgateway.org/api/locations/217008588/","Navarra","Navarra, Spain","State","http://aido.bsvgateway.org/api/locations/69870691/",42.6690116554254,-1.64253341671271,42.6690116554254,"Mumps"
"217008588.798",2006-09-04,2006-08-28,13,217008588,"67","217008588","P7D","http://aido.bsvgateway.org/api/locations/217008588/","Navarra","Navarra, Spain","State","http://aido.bsvgateway.org/api/locations/69870691/",-1.64253341671271,-1.64253341671271,42.6690116554254,"Mumps"
"217008588.799",2006-09-11,2006-09-04,14,217008588,"67","217008588","P7D","http://aido.bsvgateway.org/api/locations/217008588/","Navarra","Navarra, Spain","State","http://aido.bsvgateway.org/api/locations/69870691/",42.6690116554254,-1.64253341671271,42.6690116554254,"Mumps"
"217008588.800",2006-09-18,2006-09-11,5,217008588,"67","217008588","P7D","http://aido.bsvgateway.org/api/locations/217008588/","Navarra","Navarra, Spain","State","http://aido.bsvgateway.org/api/locations/69870691/",-1.64253341671271,-1.64253341671271,42.6690116554254,"Mumps"
"217008588.801",2006-09-25,2006-09-18,36,217008588,"67","217008588","P7D","http://aido.bsvgateway.org/api/locations/217008588/","Navarra","Navarra, Spain","State","http://aido.bsvgateway.org/api/locations/69870691/",42.6690116554254,-1.64253341671271,42.6690116554254,"Mumps"
"217008588.802",2006-10-02,2006-09-25,13,217008588,"67","217008588","P7D","http://aido.bsvgateway.org/api/locations/217008588/","Navarra","Navarra, Spain","State","http://aido.bsvgateway.org/api/locations/69870691/",-1.64253341671271,-1.64253341671271,42.6690116554254,"Mumps"
"217008588.803",2006-10-09,2006-10-02,18,217008588,"67","217008588","P7D","http://aido.bsvgateway.org/api/locations/217008588/","Navarra","Navarra, Spain","State","http://aido.bsvgateway.org/api/locations/69870691/",42.6690116554254,-1.64253341671271,42.6690116554254,"Mumps"
"217008588.804",2006-10-16,2006-10-09,28,217008588,"67","217008588","P7D","http://aido.bsvgateway.org/api/locations/217008588/","Navarra","Navarra, Spain","State","http://aido.bsvgateway.org/api/locations/69870691/",-1.64253341671271,-1.64253341671271,42.6690116554254,"Mumps"
"217008588.805",2006-10-23,2006-10-16,20,217008588,"67","217008588","P7D","http://aido.bsvgateway.org/api/locations/217008588/","Navarra","Navarra, Spain","State","http://aido.bsvgateway.org/api/locations/69870691/",42.6690116554254,-1.64253341671271,42.6690116554254,"Mumps"
"217008588.806",2006-10-30,2006-10-23,14,217008588,"67","217008588","P7D","http://aido.bsvgateway.org/api/locations/217008588/","Navarra","Navarra, Spain","State","http://aido.bsvgateway.org/api/locations/69870691/",-1.64253341671271,-1.64253341671271,42.6690116554254,"Mumps"
"217008588.807",2006-11-06,2006-10-30,37,217008588,"67","217008588","P7D","http://aido.bsvgateway.org/api/locations/217008588/","Navarra","Navarra, Spain","State","http://aido.bsvgateway.org/api/locations/69870691/",42.6690116554254,-1.64253341671271,42.6690116554254,"Mumps"
"217008588.808",2006-11-13,2006-11-06,39,217008588,"67","217008588","P7D","http://aido.bsvgateway.org/api/locations/217008588/","Navarra","Navarra, Spain","State","http://aido.bsvgateway.org/api/locations/69870691/",-1.64253341671271,-1.64253341671271,42.6690116554254,"Mumps"
"217008588.809",2006-11-20,2006-11-13,68,217008588,"67","217008588","P7D","http://aido.bsvgateway.org/api/locations/217008588/","Navarra","Navarra, Spain","State","http://aido.bsvgateway.org/api/locations/69870691/",42.6690116554254,-1.64253341671271,42.6690116554254,"Mumps"
"217008588.810",2006-11-27,2006-11-20,78,217008588,"67","217008588","P7D","http://aido.bsvgateway.org/api/locations/217008588/","Navarra","Navarra, Spain","State","http://aido.bsvgateway.org/api/locations/69870691/",-1.64253341671271,-1.64253341671271,42.6690116554254,"Mumps"
"217008588.811",2006-12-04,2006-11-27,35,217008588,"67","217008588","P7D","http://aido.bsvgateway.org/api/locations/217008588/","Navarra","Navarra, Spain","State","http://aido.bsvgateway.org/api/locations/69870691/",42.6690116554254,-1.64253341671271,42.6690116554254,"Mumps"
"217008588.812",2006-12-11,2006-12-04,143,217008588,"67","217008588","P7D","http://aido.bsvgateway.org/api/locations/217008588/","Navarra","Navarra, Spain","State","http://aido.bsvgateway.org/api/locations/69870691/",-1.64253341671271,-1.64253341671271,42.6690116554254,"Mumps"
"217008588.813",2006-12-18,2006-12-11,102,217008588,"67","217008588","P7D","http://aido.bsvgateway.org/api/locations/217008588/","Navarra","Navarra, Spain","State","http://aido.bsvgateway.org/api/locations/69870691/",42.6690116554254,-1.64253341671271,42.6690116554254,"Mumps"
"217008588.814",2006-12-25,2006-12-18,89,217008588,"67","217008588","P7D","http://aido.bsvgateway.org/api/locations/217008588/","Navarra","Navarra, Spain","State","http://aido.bsvgateway.org/api/locations/69870691/",-1.64253341671271,-1.64253341671271,42.6690116554254,"Mumps"
"217008588.815",2007-01-01,2006-12-25,155,217008588,"67","217008588","P7D","http://aido.bsvgateway.org/api/locations/217008588/","Navarra","Navarra, Spain","State","http://aido.bsvgateway.org/api/locations/69870691/",42.6690116554254,-1.64253341671271,42.6690116554254,"Mumps"
"217008588.816",2007-01-08,2007-01-01,101,217008588,"67","217008588","P7D","http://aido.bsvgateway.org/api/locations/217008588/","Navarra","Navarra, Spain","State","http://aido.bsvgateway.org/api/locations/69870691/",-1.64253341671271,-1.64253341671271,42.6690116554254,"Mumps"
"217008588.817",2007-01-15,2007-01-08,197,217008588,"67","217008588","P7D","http://aido.bsvgateway.org/api/locations/217008588/","Navarra","Navarra, Spain","State","http://aido.bsvgateway.org/api/locations/69870691/",42.6690116554254,-1.64253341671271,42.6690116554254,"Mumps"
"217008588.818",2007-01-22,2007-01-15,126,217008588,"67","217008588","P7D","http://aido.bsvgateway.org/api/locations/217008588/","Navarra","Navarra, Spain","State","http://aido.bsvgateway.org/api/locations/69870691/",-1.64253341671271,-1.64253341671271,42.6690116554254,"Mumps"
