"","end","start","value","id","disease","location","duration","url","name","full_name","admin_level_name","parent","centroid_lat_long","longitude","latitude","disease_name"
"223059828.287",2012-02-27,2012-02-20,1,223059828,"75","223059828","P7D","http://aido.bsvgateway.org/api/locations/223059828/","Anqing","Anqing, Anhui, China","City","http://aido.bsvgateway.org/api/locations/37891243/",30.4999620522217,117.050005733103,30.4999620522217,"Rubella"
"223059828.288",2012-03-05,2012-02-27,5,223059828,"75","223059828","P7D","http://aido.bsvgateway.org/api/locations/223059828/","Anqing","Anqing, Anhui, China","City","http://aido.bsvgateway.org/api/locations/37891243/",117.050005733103,117.050005733103,30.4999620522217,"Rubella"
"223059828.289",2012-03-12,2012-03-05,8,223059828,"75","223059828","P7D","http://aido.bsvgateway.org/api/locations/223059828/","Anqing","Anqing, Anhui, China","City","http://aido.bsvgateway.org/api/locations/37891243/",30.4999620522217,117.050005733103,30.4999620522217,"Rubella"
"223059828.290",2012-03-19,2012-03-12,10,223059828,"75","223059828","P7D","http://aido.bsvgateway.org/api/locations/223059828/","Anqing","Anqing, Anhui, China","City","http://aido.bsvgateway.org/api/locations/37891243/",117.050005733103,117.050005733103,30.4999620522217,"Rubella"
"223059828.291",2012-03-26,2012-03-19,15,223059828,"75","223059828","P7D","http://aido.bsvgateway.org/api/locations/223059828/","Anqing","Anqing, Anhui, China","City","http://aido.bsvgateway.org/api/locations/37891243/",30.4999620522217,117.050005733103,30.4999620522217,"Rubella"
"223059828.292",2012-04-02,2012-03-26,16,223059828,"75","223059828","P7D","http://aido.bsvgateway.org/api/locations/223059828/","Anqing","Anqing, Anhui, China","City","http://aido.bsvgateway.org/api/locations/37891243/",117.050005733103,117.050005733103,30.4999620522217,"Rubella"
"223059828.293",2012-04-09,2012-04-02,29,223059828,"75","223059828","P7D","http://aido.bsvgateway.org/api/locations/223059828/","Anqing","Anqing, Anhui, China","City","http://aido.bsvgateway.org/api/locations/37891243/",30.4999620522217,117.050005733103,30.4999620522217,"Rubella"
"223059828.294",2012-04-16,2012-04-09,26,223059828,"75","223059828","P7D","http://aido.bsvgateway.org/api/locations/223059828/","Anqing","Anqing, Anhui, China","City","http://aido.bsvgateway.org/api/locations/37891243/",117.050005733103,117.050005733103,30.4999620522217,"Rubella"
"223059828.295",2012-04-23,2012-04-16,24,223059828,"75","223059828","P7D","http://aido.bsvgateway.org/api/locations/223059828/","Anqing","Anqing, Anhui, China","City","http://aido.bsvgateway.org/api/locations/37891243/",30.4999620522217,117.050005733103,30.4999620522217,"Rubella"
"223059828.296",2012-04-30,2012-04-23,17,223059828,"75","223059828","P7D","http://aido.bsvgateway.org/api/locations/223059828/","Anqing","Anqing, Anhui, China","City","http://aido.bsvgateway.org/api/locations/37891243/",117.050005733103,117.050005733103,30.4999620522217,"Rubella"
"223059828.297",2012-05-07,2012-04-30,13,223059828,"75","223059828","P7D","http://aido.bsvgateway.org/api/locations/223059828/","Anqing","Anqing, Anhui, China","City","http://aido.bsvgateway.org/api/locations/37891243/",30.4999620522217,117.050005733103,30.4999620522217,"Rubella"
"223059828.298",2012-05-14,2012-05-07,14,223059828,"75","223059828","P7D","http://aido.bsvgateway.org/api/locations/223059828/","Anqing","Anqing, Anhui, China","City","http://aido.bsvgateway.org/api/locations/37891243/",117.050005733103,117.050005733103,30.4999620522217,"Rubella"
"223059828.299",2012-05-21,2012-05-14,13,223059828,"75","223059828","P7D","http://aido.bsvgateway.org/api/locations/223059828/","Anqing","Anqing, Anhui, China","City","http://aido.bsvgateway.org/api/locations/37891243/",30.4999620522217,117.050005733103,30.4999620522217,"Rubella"
"223059828.300",2012-05-28,2012-05-21,8,223059828,"75","223059828","P7D","http://aido.bsvgateway.org/api/locations/223059828/","Anqing","Anqing, Anhui, China","City","http://aido.bsvgateway.org/api/locations/37891243/",117.050005733103,117.050005733103,30.4999620522217,"Rubella"
"223059828.301",2012-06-04,2012-05-28,13,223059828,"75","223059828","P7D","http://aido.bsvgateway.org/api/locations/223059828/","Anqing","Anqing, Anhui, China","City","http://aido.bsvgateway.org/api/locations/37891243/",30.4999620522217,117.050005733103,30.4999620522217,"Rubella"
"223059828.302",2012-06-11,2012-06-04,6,223059828,"75","223059828","P7D","http://aido.bsvgateway.org/api/locations/223059828/","Anqing","Anqing, Anhui, China","City","http://aido.bsvgateway.org/api/locations/37891243/",117.050005733103,117.050005733103,30.4999620522217,"Rubella"
"223059828.303",2012-06-18,2012-06-11,6,223059828,"75","223059828","P7D","http://aido.bsvgateway.org/api/locations/223059828/","Anqing","Anqing, Anhui, China","City","http://aido.bsvgateway.org/api/locations/37891243/",30.4999620522217,117.050005733103,30.4999620522217,"Rubella"
"223059828.304",2012-06-25,2012-06-18,3,223059828,"75","223059828","P7D","http://aido.bsvgateway.org/api/locations/223059828/","Anqing","Anqing, Anhui, China","City","http://aido.bsvgateway.org/api/locations/37891243/",117.050005733103,117.050005733103,30.4999620522217,"Rubella"
"223059828.305",2012-07-02,2012-06-25,3,223059828,"75","223059828","P7D","http://aido.bsvgateway.org/api/locations/223059828/","Anqing","Anqing, Anhui, China","City","http://aido.bsvgateway.org/api/locations/37891243/",30.4999620522217,117.050005733103,30.4999620522217,"Rubella"
"223059828.306",2012-07-09,2012-07-02,6,223059828,"75","223059828","P7D","http://aido.bsvgateway.org/api/locations/223059828/","Anqing","Anqing, Anhui, China","City","http://aido.bsvgateway.org/api/locations/37891243/",117.050005733103,117.050005733103,30.4999620522217,"Rubella"
"223059828.307",2012-07-16,2012-07-09,3,223059828,"75","223059828","P7D","http://aido.bsvgateway.org/api/locations/223059828/","Anqing","Anqing, Anhui, China","City","http://aido.bsvgateway.org/api/locations/37891243/",30.4999620522217,117.050005733103,30.4999620522217,"Rubella"
"223059828.308",2012-07-23,2012-07-16,0,223059828,"75","223059828","P7D","http://aido.bsvgateway.org/api/locations/223059828/","Anqing","Anqing, Anhui, China","City","http://aido.bsvgateway.org/api/locations/37891243/",117.050005733103,117.050005733103,30.4999620522217,"Rubella"
"223059828.309",2012-07-30,2012-07-23,2,223059828,"75","223059828","P7D","http://aido.bsvgateway.org/api/locations/223059828/","Anqing","Anqing, Anhui, China","City","http://aido.bsvgateway.org/api/locations/37891243/",30.4999620522217,117.050005733103,30.4999620522217,"Rubella"
"223059828.310",2012-08-06,2012-07-30,0,223059828,"75","223059828","P7D","http://aido.bsvgateway.org/api/locations/223059828/","Anqing","Anqing, Anhui, China","City","http://aido.bsvgateway.org/api/locations/37891243/",117.050005733103,117.050005733103,30.4999620522217,"Rubella"
"223059828.311",2012-08-13,2012-08-06,0,223059828,"75","223059828","P7D","http://aido.bsvgateway.org/api/locations/223059828/","Anqing","Anqing, Anhui, China","City","http://aido.bsvgateway.org/api/locations/37891243/",30.4999620522217,117.050005733103,30.4999620522217,"Rubella"
