"","end","start","value","id","disease","location","duration","url","name","full_name","admin_level_name","parent","centroid_lat_long","longitude","latitude","disease_name"
"248292154.511",2010-02-03,2010-02-02,1,248292154,"62","248292154","P1D","http://aido.bsvgateway.org/api/locations/248292154/","Tajikistan","Tajikistan","Country","http://aido.bsvgateway.org/api/locations/20359812/",38.5298856715455,71.0158341023998,38.5298856715455,"Polio"
"248292154.512",2010-02-04,2010-02-03,0,248292154,"62","248292154","P1D","http://aido.bsvgateway.org/api/locations/248292154/","Tajikistan","Tajikistan","Country","http://aido.bsvgateway.org/api/locations/20359812/",71.0158341023998,71.0158341023998,38.5298856715455,"Polio"
"248292154.513",2010-02-05,2010-02-04,0,248292154,"62","248292154","P1D","http://aido.bsvgateway.org/api/locations/248292154/","Tajikistan","Tajikistan","Country","http://aido.bsvgateway.org/api/locations/20359812/",38.5298856715455,71.0158341023998,38.5298856715455,"Polio"
"248292154.514",2010-02-06,2010-02-05,1,248292154,"62","248292154","P1D","http://aido.bsvgateway.org/api/locations/248292154/","Tajikistan","Tajikistan","Country","http://aido.bsvgateway.org/api/locations/20359812/",71.0158341023998,71.0158341023998,38.5298856715455,"Polio"
"248292154.515",2010-02-07,2010-02-06,0,248292154,"62","248292154","P1D","http://aido.bsvgateway.org/api/locations/248292154/","Tajikistan","Tajikistan","Country","http://aido.bsvgateway.org/api/locations/20359812/",38.5298856715455,71.0158341023998,38.5298856715455,"Polio"
"248292154.516",2010-02-08,2010-02-07,0,248292154,"62","248292154","P1D","http://aido.bsvgateway.org/api/locations/248292154/","Tajikistan","Tajikistan","Country","http://aido.bsvgateway.org/api/locations/20359812/",71.0158341023998,71.0158341023998,38.5298856715455,"Polio"
"248292154.517",2010-02-09,2010-02-08,0,248292154,"62","248292154","P1D","http://aido.bsvgateway.org/api/locations/248292154/","Tajikistan","Tajikistan","Country","http://aido.bsvgateway.org/api/locations/20359812/",38.5298856715455,71.0158341023998,38.5298856715455,"Polio"
"248292154.518",2010-02-10,2010-02-09,0,248292154,"62","248292154","P1D","http://aido.bsvgateway.org/api/locations/248292154/","Tajikistan","Tajikistan","Country","http://aido.bsvgateway.org/api/locations/20359812/",71.0158341023998,71.0158341023998,38.5298856715455,"Polio"
"248292154.519",2010-02-11,2010-02-10,0,248292154,"62","248292154","P1D","http://aido.bsvgateway.org/api/locations/248292154/","Tajikistan","Tajikistan","Country","http://aido.bsvgateway.org/api/locations/20359812/",38.5298856715455,71.0158341023998,38.5298856715455,"Polio"
"248292154.520",2010-02-12,2010-02-11,0,248292154,"62","248292154","P1D","http://aido.bsvgateway.org/api/locations/248292154/","Tajikistan","Tajikistan","Country","http://aido.bsvgateway.org/api/locations/20359812/",71.0158341023998,71.0158341023998,38.5298856715455,"Polio"
"248292154.521",2010-02-13,2010-02-12,0,248292154,"62","248292154","P1D","http://aido.bsvgateway.org/api/locations/248292154/","Tajikistan","Tajikistan","Country","http://aido.bsvgateway.org/api/locations/20359812/",38.5298856715455,71.0158341023998,38.5298856715455,"Polio"
"248292154.522",2010-02-14,2010-02-13,1,248292154,"62","248292154","P1D","http://aido.bsvgateway.org/api/locations/248292154/","Tajikistan","Tajikistan","Country","http://aido.bsvgateway.org/api/locations/20359812/",71.0158341023998,71.0158341023998,38.5298856715455,"Polio"
"248292154.523",2010-02-15,2010-02-14,0,248292154,"62","248292154","P1D","http://aido.bsvgateway.org/api/locations/248292154/","Tajikistan","Tajikistan","Country","http://aido.bsvgateway.org/api/locations/20359812/",38.5298856715455,71.0158341023998,38.5298856715455,"Polio"
"248292154.524",2010-02-16,2010-02-15,0,248292154,"62","248292154","P1D","http://aido.bsvgateway.org/api/locations/248292154/","Tajikistan","Tajikistan","Country","http://aido.bsvgateway.org/api/locations/20359812/",71.0158341023998,71.0158341023998,38.5298856715455,"Polio"
"248292154.525",2010-02-17,2010-02-16,0,248292154,"62","248292154","P1D","http://aido.bsvgateway.org/api/locations/248292154/","Tajikistan","Tajikistan","Country","http://aido.bsvgateway.org/api/locations/20359812/",38.5298856715455,71.0158341023998,38.5298856715455,"Polio"
"248292154.526",2010-02-18,2010-02-17,0,248292154,"62","248292154","P1D","http://aido.bsvgateway.org/api/locations/248292154/","Tajikistan","Tajikistan","Country","http://aido.bsvgateway.org/api/locations/20359812/",71.0158341023998,71.0158341023998,38.5298856715455,"Polio"
"248292154.527",2010-02-19,2010-02-18,0,248292154,"62","248292154","P1D","http://aido.bsvgateway.org/api/locations/248292154/","Tajikistan","Tajikistan","Country","http://aido.bsvgateway.org/api/locations/20359812/",38.5298856715455,71.0158341023998,38.5298856715455,"Polio"
"248292154.528",2010-02-20,2010-02-19,0,248292154,"62","248292154","P1D","http://aido.bsvgateway.org/api/locations/248292154/","Tajikistan","Tajikistan","Country","http://aido.bsvgateway.org/api/locations/20359812/",71.0158341023998,71.0158341023998,38.5298856715455,"Polio"
"248292154.529",2010-02-21,2010-02-20,0,248292154,"62","248292154","P1D","http://aido.bsvgateway.org/api/locations/248292154/","Tajikistan","Tajikistan","Country","http://aido.bsvgateway.org/api/locations/20359812/",38.5298856715455,71.0158341023998,38.5298856715455,"Polio"
"248292154.530",2010-02-22,2010-02-21,0,248292154,"62","248292154","P1D","http://aido.bsvgateway.org/api/locations/248292154/","Tajikistan","Tajikistan","Country","http://aido.bsvgateway.org/api/locations/20359812/",71.0158341023998,71.0158341023998,38.5298856715455,"Polio"
"248292154.531",2010-02-23,2010-02-22,0,248292154,"62","248292154","P1D","http://aido.bsvgateway.org/api/locations/248292154/","Tajikistan","Tajikistan","Country","http://aido.bsvgateway.org/api/locations/20359812/",38.5298856715455,71.0158341023998,38.5298856715455,"Polio"
"248292154.532",2010-02-24,2010-02-23,0,248292154,"62","248292154","P1D","http://aido.bsvgateway.org/api/locations/248292154/","Tajikistan","Tajikistan","Country","http://aido.bsvgateway.org/api/locations/20359812/",71.0158341023998,71.0158341023998,38.5298856715455,"Polio"
"248292154.533",2010-02-25,2010-02-24,1,248292154,"62","248292154","P1D","http://aido.bsvgateway.org/api/locations/248292154/","Tajikistan","Tajikistan","Country","http://aido.bsvgateway.org/api/locations/20359812/",38.5298856715455,71.0158341023998,38.5298856715455,"Polio"
"248292154.534",2010-02-26,2010-02-25,0,248292154,"62","248292154","P1D","http://aido.bsvgateway.org/api/locations/248292154/","Tajikistan","Tajikistan","Country","http://aido.bsvgateway.org/api/locations/20359812/",71.0158341023998,71.0158341023998,38.5298856715455,"Polio"
"248292154.535",2010-02-27,2010-02-26,0,248292154,"62","248292154","P1D","http://aido.bsvgateway.org/api/locations/248292154/","Tajikistan","Tajikistan","Country","http://aido.bsvgateway.org/api/locations/20359812/",38.5298856715455,71.0158341023998,38.5298856715455,"Polio"
"248292154.536",2010-02-28,2010-02-27,1,248292154,"62","248292154","P1D","http://aido.bsvgateway.org/api/locations/248292154/","Tajikistan","Tajikistan","Country","http://aido.bsvgateway.org/api/locations/20359812/",71.0158341023998,71.0158341023998,38.5298856715455,"Polio"
"248292154.537",2010-03-01,2010-02-28,0,248292154,"62","248292154","P1D","http://aido.bsvgateway.org/api/locations/248292154/","Tajikistan","Tajikistan","Country","http://aido.bsvgateway.org/api/locations/20359812/",38.5298856715455,71.0158341023998,38.5298856715455,"Polio"
"248292154.538",2010-03-02,2010-03-01,0,248292154,"62","248292154","P1D","http://aido.bsvgateway.org/api/locations/248292154/","Tajikistan","Tajikistan","Country","http://aido.bsvgateway.org/api/locations/20359812/",71.0158341023998,71.0158341023998,38.5298856715455,"Polio"
"248292154.539",2010-03-03,2010-03-02,1,248292154,"62","248292154","P1D","http://aido.bsvgateway.org/api/locations/248292154/","Tajikistan","Tajikistan","Country","http://aido.bsvgateway.org/api/locations/20359812/",38.5298856715455,71.0158341023998,38.5298856715455,"Polio"
"248292154.540",2010-03-04,2010-03-03,0,248292154,"62","248292154","P1D","http://aido.bsvgateway.org/api/locations/248292154/","Tajikistan","Tajikistan","Country","http://aido.bsvgateway.org/api/locations/20359812/",71.0158341023998,71.0158341023998,38.5298856715455,"Polio"
"248292154.541",2010-03-05,2010-03-04,1,248292154,"62","248292154","P1D","http://aido.bsvgateway.org/api/locations/248292154/","Tajikistan","Tajikistan","Country","http://aido.bsvgateway.org/api/locations/20359812/",38.5298856715455,71.0158341023998,38.5298856715455,"Polio"
"248292154.542",2010-03-06,2010-03-05,0,248292154,"62","248292154","P1D","http://aido.bsvgateway.org/api/locations/248292154/","Tajikistan","Tajikistan","Country","http://aido.bsvgateway.org/api/locations/20359812/",71.0158341023998,71.0158341023998,38.5298856715455,"Polio"
"248292154.543",2010-03-07,2010-03-06,1,248292154,"62","248292154","P1D","http://aido.bsvgateway.org/api/locations/248292154/","Tajikistan","Tajikistan","Country","http://aido.bsvgateway.org/api/locations/20359812/",38.5298856715455,71.0158341023998,38.5298856715455,"Polio"
"248292154.544",2010-03-08,2010-03-07,0,248292154,"62","248292154","P1D","http://aido.bsvgateway.org/api/locations/248292154/","Tajikistan","Tajikistan","Country","http://aido.bsvgateway.org/api/locations/20359812/",71.0158341023998,71.0158341023998,38.5298856715455,"Polio"
"248292154.545",2010-03-09,2010-03-08,0,248292154,"62","248292154","P1D","http://aido.bsvgateway.org/api/locations/248292154/","Tajikistan","Tajikistan","Country","http://aido.bsvgateway.org/api/locations/20359812/",38.5298856715455,71.0158341023998,38.5298856715455,"Polio"
"248292154.546",2010-03-10,2010-03-09,0,248292154,"62","248292154","P1D","http://aido.bsvgateway.org/api/locations/248292154/","Tajikistan","Tajikistan","Country","http://aido.bsvgateway.org/api/locations/20359812/",71.0158341023998,71.0158341023998,38.5298856715455,"Polio"
"248292154.547",2010-03-11,2010-03-10,0,248292154,"62","248292154","P1D","http://aido.bsvgateway.org/api/locations/248292154/","Tajikistan","Tajikistan","Country","http://aido.bsvgateway.org/api/locations/20359812/",38.5298856715455,71.0158341023998,38.5298856715455,"Polio"
"248292154.548",2010-03-12,2010-03-11,1,248292154,"62","248292154","P1D","http://aido.bsvgateway.org/api/locations/248292154/","Tajikistan","Tajikistan","Country","http://aido.bsvgateway.org/api/locations/20359812/",71.0158341023998,71.0158341023998,38.5298856715455,"Polio"
"248292154.549",2010-03-13,2010-03-12,0,248292154,"62","248292154","P1D","http://aido.bsvgateway.org/api/locations/248292154/","Tajikistan","Tajikistan","Country","http://aido.bsvgateway.org/api/locations/20359812/",38.5298856715455,71.0158341023998,38.5298856715455,"Polio"
"248292154.550",2010-03-14,2010-03-13,0,248292154,"62","248292154","P1D","http://aido.bsvgateway.org/api/locations/248292154/","Tajikistan","Tajikistan","Country","http://aido.bsvgateway.org/api/locations/20359812/",71.0158341023998,71.0158341023998,38.5298856715455,"Polio"
"248292154.551",2010-03-15,2010-03-14,3,248292154,"62","248292154","P1D","http://aido.bsvgateway.org/api/locations/248292154/","Tajikistan","Tajikistan","Country","http://aido.bsvgateway.org/api/locations/20359812/",38.5298856715455,71.0158341023998,38.5298856715455,"Polio"
"248292154.552",2010-03-16,2010-03-15,0,248292154,"62","248292154","P1D","http://aido.bsvgateway.org/api/locations/248292154/","Tajikistan","Tajikistan","Country","http://aido.bsvgateway.org/api/locations/20359812/",71.0158341023998,71.0158341023998,38.5298856715455,"Polio"
"248292154.553",2010-03-17,2010-03-16,1,248292154,"62","248292154","P1D","http://aido.bsvgateway.org/api/locations/248292154/","Tajikistan","Tajikistan","Country","http://aido.bsvgateway.org/api/locations/20359812/",38.5298856715455,71.0158341023998,38.5298856715455,"Polio"
"248292154.554",2010-03-18,2010-03-17,1,248292154,"62","248292154","P1D","http://aido.bsvgateway.org/api/locations/248292154/","Tajikistan","Tajikistan","Country","http://aido.bsvgateway.org/api/locations/20359812/",71.0158341023998,71.0158341023998,38.5298856715455,"Polio"
"248292154.555",2010-03-19,2010-03-18,0,248292154,"62","248292154","P1D","http://aido.bsvgateway.org/api/locations/248292154/","Tajikistan","Tajikistan","Country","http://aido.bsvgateway.org/api/locations/20359812/",38.5298856715455,71.0158341023998,38.5298856715455,"Polio"
"248292154.556",2010-03-20,2010-03-19,1,248292154,"62","248292154","P1D","http://aido.bsvgateway.org/api/locations/248292154/","Tajikistan","Tajikistan","Country","http://aido.bsvgateway.org/api/locations/20359812/",71.0158341023998,71.0158341023998,38.5298856715455,"Polio"
"248292154.557",2010-03-21,2010-03-20,0,248292154,"62","248292154","P1D","http://aido.bsvgateway.org/api/locations/248292154/","Tajikistan","Tajikistan","Country","http://aido.bsvgateway.org/api/locations/20359812/",38.5298856715455,71.0158341023998,38.5298856715455,"Polio"
"248292154.558",2010-03-22,2010-03-21,0,248292154,"62","248292154","P1D","http://aido.bsvgateway.org/api/locations/248292154/","Tajikistan","Tajikistan","Country","http://aido.bsvgateway.org/api/locations/20359812/",71.0158341023998,71.0158341023998,38.5298856715455,"Polio"
"248292154.559",2010-03-23,2010-03-22,0,248292154,"62","248292154","P1D","http://aido.bsvgateway.org/api/locations/248292154/","Tajikistan","Tajikistan","Country","http://aido.bsvgateway.org/api/locations/20359812/",38.5298856715455,71.0158341023998,38.5298856715455,"Polio"
"248292154.560",2010-03-24,2010-03-23,1,248292154,"62","248292154","P1D","http://aido.bsvgateway.org/api/locations/248292154/","Tajikistan","Tajikistan","Country","http://aido.bsvgateway.org/api/locations/20359812/",71.0158341023998,71.0158341023998,38.5298856715455,"Polio"
"248292154.561",2010-03-25,2010-03-24,3,248292154,"62","248292154","P1D","http://aido.bsvgateway.org/api/locations/248292154/","Tajikistan","Tajikistan","Country","http://aido.bsvgateway.org/api/locations/20359812/",38.5298856715455,71.0158341023998,38.5298856715455,"Polio"
"248292154.562",2010-03-26,2010-03-25,1,248292154,"62","248292154","P1D","http://aido.bsvgateway.org/api/locations/248292154/","Tajikistan","Tajikistan","Country","http://aido.bsvgateway.org/api/locations/20359812/",71.0158341023998,71.0158341023998,38.5298856715455,"Polio"
"248292154.563",2010-03-27,2010-03-26,1,248292154,"62","248292154","P1D","http://aido.bsvgateway.org/api/locations/248292154/","Tajikistan","Tajikistan","Country","http://aido.bsvgateway.org/api/locations/20359812/",38.5298856715455,71.0158341023998,38.5298856715455,"Polio"
"248292154.564",2010-03-28,2010-03-27,1,248292154,"62","248292154","P1D","http://aido.bsvgateway.org/api/locations/248292154/","Tajikistan","Tajikistan","Country","http://aido.bsvgateway.org/api/locations/20359812/",71.0158341023998,71.0158341023998,38.5298856715455,"Polio"
"248292154.565",2010-03-29,2010-03-28,1,248292154,"62","248292154","P1D","http://aido.bsvgateway.org/api/locations/248292154/","Tajikistan","Tajikistan","Country","http://aido.bsvgateway.org/api/locations/20359812/",38.5298856715455,71.0158341023998,38.5298856715455,"Polio"
"248292154.566",2010-03-30,2010-03-29,4,248292154,"62","248292154","P1D","http://aido.bsvgateway.org/api/locations/248292154/","Tajikistan","Tajikistan","Country","http://aido.bsvgateway.org/api/locations/20359812/",71.0158341023998,71.0158341023998,38.5298856715455,"Polio"
"248292154.567",2010-03-31,2010-03-30,1,248292154,"62","248292154","P1D","http://aido.bsvgateway.org/api/locations/248292154/","Tajikistan","Tajikistan","Country","http://aido.bsvgateway.org/api/locations/20359812/",38.5298856715455,71.0158341023998,38.5298856715455,"Polio"
"248292154.568",2010-04-01,2010-03-31,2,248292154,"62","248292154","P1D","http://aido.bsvgateway.org/api/locations/248292154/","Tajikistan","Tajikistan","Country","http://aido.bsvgateway.org/api/locations/20359812/",71.0158341023998,71.0158341023998,38.5298856715455,"Polio"
"248292154.569",2010-04-02,2010-04-01,0,248292154,"62","248292154","P1D","http://aido.bsvgateway.org/api/locations/248292154/","Tajikistan","Tajikistan","Country","http://aido.bsvgateway.org/api/locations/20359812/",38.5298856715455,71.0158341023998,38.5298856715455,"Polio"
"248292154.570",2010-04-03,2010-04-02,5,248292154,"62","248292154","P1D","http://aido.bsvgateway.org/api/locations/248292154/","Tajikistan","Tajikistan","Country","http://aido.bsvgateway.org/api/locations/20359812/",71.0158341023998,71.0158341023998,38.5298856715455,"Polio"
"248292154.571",2010-04-04,2010-04-03,6,248292154,"62","248292154","P1D","http://aido.bsvgateway.org/api/locations/248292154/","Tajikistan","Tajikistan","Country","http://aido.bsvgateway.org/api/locations/20359812/",38.5298856715455,71.0158341023998,38.5298856715455,"Polio"
"248292154.572",2010-04-05,2010-04-04,3,248292154,"62","248292154","P1D","http://aido.bsvgateway.org/api/locations/248292154/","Tajikistan","Tajikistan","Country","http://aido.bsvgateway.org/api/locations/20359812/",71.0158341023998,71.0158341023998,38.5298856715455,"Polio"
"248292154.573",2010-04-06,2010-04-05,0,248292154,"62","248292154","P1D","http://aido.bsvgateway.org/api/locations/248292154/","Tajikistan","Tajikistan","Country","http://aido.bsvgateway.org/api/locations/20359812/",38.5298856715455,71.0158341023998,38.5298856715455,"Polio"
"248292154.574",2010-04-07,2010-04-06,2,248292154,"62","248292154","P1D","http://aido.bsvgateway.org/api/locations/248292154/","Tajikistan","Tajikistan","Country","http://aido.bsvgateway.org/api/locations/20359812/",71.0158341023998,71.0158341023998,38.5298856715455,"Polio"
"248292154.575",2010-04-08,2010-04-07,10,248292154,"62","248292154","P1D","http://aido.bsvgateway.org/api/locations/248292154/","Tajikistan","Tajikistan","Country","http://aido.bsvgateway.org/api/locations/20359812/",38.5298856715455,71.0158341023998,38.5298856715455,"Polio"
"248292154.576",2010-04-09,2010-04-08,6,248292154,"62","248292154","P1D","http://aido.bsvgateway.org/api/locations/248292154/","Tajikistan","Tajikistan","Country","http://aido.bsvgateway.org/api/locations/20359812/",71.0158341023998,71.0158341023998,38.5298856715455,"Polio"
"248292154.577",2010-04-10,2010-04-09,3,248292154,"62","248292154","P1D","http://aido.bsvgateway.org/api/locations/248292154/","Tajikistan","Tajikistan","Country","http://aido.bsvgateway.org/api/locations/20359812/",38.5298856715455,71.0158341023998,38.5298856715455,"Polio"
"248292154.578",2010-04-11,2010-04-10,7,248292154,"62","248292154","P1D","http://aido.bsvgateway.org/api/locations/248292154/","Tajikistan","Tajikistan","Country","http://aido.bsvgateway.org/api/locations/20359812/",71.0158341023998,71.0158341023998,38.5298856715455,"Polio"
"248292154.579",2010-04-12,2010-04-11,13,248292154,"62","248292154","P1D","http://aido.bsvgateway.org/api/locations/248292154/","Tajikistan","Tajikistan","Country","http://aido.bsvgateway.org/api/locations/20359812/",38.5298856715455,71.0158341023998,38.5298856715455,"Polio"
"248292154.580",2010-04-13,2010-04-12,5,248292154,"62","248292154","P1D","http://aido.bsvgateway.org/api/locations/248292154/","Tajikistan","Tajikistan","Country","http://aido.bsvgateway.org/api/locations/20359812/",71.0158341023998,71.0158341023998,38.5298856715455,"Polio"
"248292154.581",2010-04-14,2010-04-13,8,248292154,"62","248292154","P1D","http://aido.bsvgateway.org/api/locations/248292154/","Tajikistan","Tajikistan","Country","http://aido.bsvgateway.org/api/locations/20359812/",38.5298856715455,71.0158341023998,38.5298856715455,"Polio"
"248292154.582",2010-04-15,2010-04-14,9,248292154,"62","248292154","P1D","http://aido.bsvgateway.org/api/locations/248292154/","Tajikistan","Tajikistan","Country","http://aido.bsvgateway.org/api/locations/20359812/",71.0158341023998,71.0158341023998,38.5298856715455,"Polio"
"248292154.583",2010-04-16,2010-04-15,8,248292154,"62","248292154","P1D","http://aido.bsvgateway.org/api/locations/248292154/","Tajikistan","Tajikistan","Country","http://aido.bsvgateway.org/api/locations/20359812/",38.5298856715455,71.0158341023998,38.5298856715455,"Polio"
"248292154.584",2010-04-17,2010-04-16,12,248292154,"62","248292154","P1D","http://aido.bsvgateway.org/api/locations/248292154/","Tajikistan","Tajikistan","Country","http://aido.bsvgateway.org/api/locations/20359812/",71.0158341023998,71.0158341023998,38.5298856715455,"Polio"
"248292154.585",2010-04-18,2010-04-17,8,248292154,"62","248292154","P1D","http://aido.bsvgateway.org/api/locations/248292154/","Tajikistan","Tajikistan","Country","http://aido.bsvgateway.org/api/locations/20359812/",38.5298856715455,71.0158341023998,38.5298856715455,"Polio"
"248292154.586",2010-04-19,2010-04-18,13,248292154,"62","248292154","P1D","http://aido.bsvgateway.org/api/locations/248292154/","Tajikistan","Tajikistan","Country","http://aido.bsvgateway.org/api/locations/20359812/",71.0158341023998,71.0158341023998,38.5298856715455,"Polio"
"248292154.587",2010-04-20,2010-04-19,4,248292154,"62","248292154","P1D","http://aido.bsvgateway.org/api/locations/248292154/","Tajikistan","Tajikistan","Country","http://aido.bsvgateway.org/api/locations/20359812/",38.5298856715455,71.0158341023998,38.5298856715455,"Polio"
"248292154.588",2010-04-21,2010-04-20,9,248292154,"62","248292154","P1D","http://aido.bsvgateway.org/api/locations/248292154/","Tajikistan","Tajikistan","Country","http://aido.bsvgateway.org/api/locations/20359812/",71.0158341023998,71.0158341023998,38.5298856715455,"Polio"
"248292154.589",2010-04-22,2010-04-21,7,248292154,"62","248292154","P1D","http://aido.bsvgateway.org/api/locations/248292154/","Tajikistan","Tajikistan","Country","http://aido.bsvgateway.org/api/locations/20359812/",38.5298856715455,71.0158341023998,38.5298856715455,"Polio"
"248292154.590",2010-04-23,2010-04-22,13,248292154,"62","248292154","P1D","http://aido.bsvgateway.org/api/locations/248292154/","Tajikistan","Tajikistan","Country","http://aido.bsvgateway.org/api/locations/20359812/",71.0158341023998,71.0158341023998,38.5298856715455,"Polio"
"248292154.591",2010-04-24,2010-04-23,6,248292154,"62","248292154","P1D","http://aido.bsvgateway.org/api/locations/248292154/","Tajikistan","Tajikistan","Country","http://aido.bsvgateway.org/api/locations/20359812/",38.5298856715455,71.0158341023998,38.5298856715455,"Polio"
"248292154.592",2010-04-25,2010-04-24,12,248292154,"62","248292154","P1D","http://aido.bsvgateway.org/api/locations/248292154/","Tajikistan","Tajikistan","Country","http://aido.bsvgateway.org/api/locations/20359812/",71.0158341023998,71.0158341023998,38.5298856715455,"Polio"
"248292154.593",2010-04-26,2010-04-25,12,248292154,"62","248292154","P1D","http://aido.bsvgateway.org/api/locations/248292154/","Tajikistan","Tajikistan","Country","http://aido.bsvgateway.org/api/locations/20359812/",38.5298856715455,71.0158341023998,38.5298856715455,"Polio"
"248292154.594",2010-04-27,2010-04-26,5,248292154,"62","248292154","P1D","http://aido.bsvgateway.org/api/locations/248292154/","Tajikistan","Tajikistan","Country","http://aido.bsvgateway.org/api/locations/20359812/",71.0158341023998,71.0158341023998,38.5298856715455,"Polio"
"248292154.595",2010-04-28,2010-04-27,8,248292154,"62","248292154","P1D","http://aido.bsvgateway.org/api/locations/248292154/","Tajikistan","Tajikistan","Country","http://aido.bsvgateway.org/api/locations/20359812/",38.5298856715455,71.0158341023998,38.5298856715455,"Polio"
"248292154.596",2010-04-29,2010-04-28,7,248292154,"62","248292154","P1D","http://aido.bsvgateway.org/api/locations/248292154/","Tajikistan","Tajikistan","Country","http://aido.bsvgateway.org/api/locations/20359812/",71.0158341023998,71.0158341023998,38.5298856715455,"Polio"
"248292154.597",2010-04-30,2010-04-29,10,248292154,"62","248292154","P1D","http://aido.bsvgateway.org/api/locations/248292154/","Tajikistan","Tajikistan","Country","http://aido.bsvgateway.org/api/locations/20359812/",38.5298856715455,71.0158341023998,38.5298856715455,"Polio"
"248292154.598",2010-05-01,2010-04-30,15,248292154,"62","248292154","P1D","http://aido.bsvgateway.org/api/locations/248292154/","Tajikistan","Tajikistan","Country","http://aido.bsvgateway.org/api/locations/20359812/",71.0158341023998,71.0158341023998,38.5298856715455,"Polio"
"248292154.599",2010-05-02,2010-05-01,9,248292154,"62","248292154","P1D","http://aido.bsvgateway.org/api/locations/248292154/","Tajikistan","Tajikistan","Country","http://aido.bsvgateway.org/api/locations/20359812/",38.5298856715455,71.0158341023998,38.5298856715455,"Polio"
"248292154.600",2010-05-03,2010-05-02,15,248292154,"62","248292154","P1D","http://aido.bsvgateway.org/api/locations/248292154/","Tajikistan","Tajikistan","Country","http://aido.bsvgateway.org/api/locations/20359812/",71.0158341023998,71.0158341023998,38.5298856715455,"Polio"
"248292154.601",2010-05-04,2010-05-03,15,248292154,"62","248292154","P1D","http://aido.bsvgateway.org/api/locations/248292154/","Tajikistan","Tajikistan","Country","http://aido.bsvgateway.org/api/locations/20359812/",38.5298856715455,71.0158341023998,38.5298856715455,"Polio"
"248292154.602",2010-05-05,2010-05-04,11,248292154,"62","248292154","P1D","http://aido.bsvgateway.org/api/locations/248292154/","Tajikistan","Tajikistan","Country","http://aido.bsvgateway.org/api/locations/20359812/",71.0158341023998,71.0158341023998,38.5298856715455,"Polio"
"248292154.603",2010-05-06,2010-05-05,10,248292154,"62","248292154","P1D","http://aido.bsvgateway.org/api/locations/248292154/","Tajikistan","Tajikistan","Country","http://aido.bsvgateway.org/api/locations/20359812/",38.5298856715455,71.0158341023998,38.5298856715455,"Polio"
"248292154.604",2010-05-07,2010-05-06,13,248292154,"62","248292154","P1D","http://aido.bsvgateway.org/api/locations/248292154/","Tajikistan","Tajikistan","Country","http://aido.bsvgateway.org/api/locations/20359812/",71.0158341023998,71.0158341023998,38.5298856715455,"Polio"
"248292154.605",2010-05-08,2010-05-07,11,248292154,"62","248292154","P1D","http://aido.bsvgateway.org/api/locations/248292154/","Tajikistan","Tajikistan","Country","http://aido.bsvgateway.org/api/locations/20359812/",38.5298856715455,71.0158341023998,38.5298856715455,"Polio"
"248292154.606",2010-05-09,2010-05-08,12,248292154,"62","248292154","P1D","http://aido.bsvgateway.org/api/locations/248292154/","Tajikistan","Tajikistan","Country","http://aido.bsvgateway.org/api/locations/20359812/",71.0158341023998,71.0158341023998,38.5298856715455,"Polio"
"248292154.607",2010-05-10,2010-05-09,8,248292154,"62","248292154","P1D","http://aido.bsvgateway.org/api/locations/248292154/","Tajikistan","Tajikistan","Country","http://aido.bsvgateway.org/api/locations/20359812/",38.5298856715455,71.0158341023998,38.5298856715455,"Polio"
"248292154.608",2010-05-11,2010-05-10,7,248292154,"62","248292154","P1D","http://aido.bsvgateway.org/api/locations/248292154/","Tajikistan","Tajikistan","Country","http://aido.bsvgateway.org/api/locations/20359812/",71.0158341023998,71.0158341023998,38.5298856715455,"Polio"
"248292154.609",2010-05-12,2010-05-11,11,248292154,"62","248292154","P1D","http://aido.bsvgateway.org/api/locations/248292154/","Tajikistan","Tajikistan","Country","http://aido.bsvgateway.org/api/locations/20359812/",38.5298856715455,71.0158341023998,38.5298856715455,"Polio"
"248292154.610",2010-05-13,2010-05-12,18,248292154,"62","248292154","P1D","http://aido.bsvgateway.org/api/locations/248292154/","Tajikistan","Tajikistan","Country","http://aido.bsvgateway.org/api/locations/20359812/",71.0158341023998,71.0158341023998,38.5298856715455,"Polio"
"248292154.611",2010-05-14,2010-05-13,11,248292154,"62","248292154","P1D","http://aido.bsvgateway.org/api/locations/248292154/","Tajikistan","Tajikistan","Country","http://aido.bsvgateway.org/api/locations/20359812/",38.5298856715455,71.0158341023998,38.5298856715455,"Polio"
"248292154.612",2010-05-15,2010-05-14,7,248292154,"62","248292154","P1D","http://aido.bsvgateway.org/api/locations/248292154/","Tajikistan","Tajikistan","Country","http://aido.bsvgateway.org/api/locations/20359812/",71.0158341023998,71.0158341023998,38.5298856715455,"Polio"
"248292154.613",2010-05-16,2010-05-15,14,248292154,"62","248292154","P1D","http://aido.bsvgateway.org/api/locations/248292154/","Tajikistan","Tajikistan","Country","http://aido.bsvgateway.org/api/locations/20359812/",38.5298856715455,71.0158341023998,38.5298856715455,"Polio"
"248292154.614",2010-05-17,2010-05-16,13,248292154,"62","248292154","P1D","http://aido.bsvgateway.org/api/locations/248292154/","Tajikistan","Tajikistan","Country","http://aido.bsvgateway.org/api/locations/20359812/",71.0158341023998,71.0158341023998,38.5298856715455,"Polio"
"248292154.615",2010-05-18,2010-05-17,5,248292154,"62","248292154","P1D","http://aido.bsvgateway.org/api/locations/248292154/","Tajikistan","Tajikistan","Country","http://aido.bsvgateway.org/api/locations/20359812/",38.5298856715455,71.0158341023998,38.5298856715455,"Polio"
"248292154.616",2010-05-19,2010-05-18,7,248292154,"62","248292154","P1D","http://aido.bsvgateway.org/api/locations/248292154/","Tajikistan","Tajikistan","Country","http://aido.bsvgateway.org/api/locations/20359812/",71.0158341023998,71.0158341023998,38.5298856715455,"Polio"
"248292154.617",2010-05-20,2010-05-19,9,248292154,"62","248292154","P1D","http://aido.bsvgateway.org/api/locations/248292154/","Tajikistan","Tajikistan","Country","http://aido.bsvgateway.org/api/locations/20359812/",38.5298856715455,71.0158341023998,38.5298856715455,"Polio"
"248292154.618",2010-05-21,2010-05-20,5,248292154,"62","248292154","P1D","http://aido.bsvgateway.org/api/locations/248292154/","Tajikistan","Tajikistan","Country","http://aido.bsvgateway.org/api/locations/20359812/",71.0158341023998,71.0158341023998,38.5298856715455,"Polio"
"248292154.619",2010-05-22,2010-05-21,3,248292154,"62","248292154","P1D","http://aido.bsvgateway.org/api/locations/248292154/","Tajikistan","Tajikistan","Country","http://aido.bsvgateway.org/api/locations/20359812/",38.5298856715455,71.0158341023998,38.5298856715455,"Polio"
"248292154.620",2010-05-23,2010-05-22,3,248292154,"62","248292154","P1D","http://aido.bsvgateway.org/api/locations/248292154/","Tajikistan","Tajikistan","Country","http://aido.bsvgateway.org/api/locations/20359812/",71.0158341023998,71.0158341023998,38.5298856715455,"Polio"
"248292154.621",2010-05-24,2010-05-23,6,248292154,"62","248292154","P1D","http://aido.bsvgateway.org/api/locations/248292154/","Tajikistan","Tajikistan","Country","http://aido.bsvgateway.org/api/locations/20359812/",38.5298856715455,71.0158341023998,38.5298856715455,"Polio"
"248292154.622",2010-05-25,2010-05-24,2,248292154,"62","248292154","P1D","http://aido.bsvgateway.org/api/locations/248292154/","Tajikistan","Tajikistan","Country","http://aido.bsvgateway.org/api/locations/20359812/",71.0158341023998,71.0158341023998,38.5298856715455,"Polio"
"248292154.623",2010-05-26,2010-05-25,3,248292154,"62","248292154","P1D","http://aido.bsvgateway.org/api/locations/248292154/","Tajikistan","Tajikistan","Country","http://aido.bsvgateway.org/api/locations/20359812/",38.5298856715455,71.0158341023998,38.5298856715455,"Polio"
"248292154.624",2010-05-27,2010-05-26,4,248292154,"62","248292154","P1D","http://aido.bsvgateway.org/api/locations/248292154/","Tajikistan","Tajikistan","Country","http://aido.bsvgateway.org/api/locations/20359812/",71.0158341023998,71.0158341023998,38.5298856715455,"Polio"
"248292154.625",2010-05-28,2010-05-27,4,248292154,"62","248292154","P1D","http://aido.bsvgateway.org/api/locations/248292154/","Tajikistan","Tajikistan","Country","http://aido.bsvgateway.org/api/locations/20359812/",38.5298856715455,71.0158341023998,38.5298856715455,"Polio"
"248292154.626",2010-05-29,2010-05-28,4,248292154,"62","248292154","P1D","http://aido.bsvgateway.org/api/locations/248292154/","Tajikistan","Tajikistan","Country","http://aido.bsvgateway.org/api/locations/20359812/",71.0158341023998,71.0158341023998,38.5298856715455,"Polio"
"248292154.627",2010-05-30,2010-05-29,5,248292154,"62","248292154","P1D","http://aido.bsvgateway.org/api/locations/248292154/","Tajikistan","Tajikistan","Country","http://aido.bsvgateway.org/api/locations/20359812/",38.5298856715455,71.0158341023998,38.5298856715455,"Polio"
"248292154.628",2010-05-31,2010-05-30,2,248292154,"62","248292154","P1D","http://aido.bsvgateway.org/api/locations/248292154/","Tajikistan","Tajikistan","Country","http://aido.bsvgateway.org/api/locations/20359812/",71.0158341023998,71.0158341023998,38.5298856715455,"Polio"
"248292154.629",2010-06-01,2010-05-31,4,248292154,"62","248292154","P1D","http://aido.bsvgateway.org/api/locations/248292154/","Tajikistan","Tajikistan","Country","http://aido.bsvgateway.org/api/locations/20359812/",38.5298856715455,71.0158341023998,38.5298856715455,"Polio"
"248292154.630",2010-06-02,2010-06-01,5,248292154,"62","248292154","P1D","http://aido.bsvgateway.org/api/locations/248292154/","Tajikistan","Tajikistan","Country","http://aido.bsvgateway.org/api/locations/20359812/",71.0158341023998,71.0158341023998,38.5298856715455,"Polio"
"248292154.631",2010-06-03,2010-06-02,2,248292154,"62","248292154","P1D","http://aido.bsvgateway.org/api/locations/248292154/","Tajikistan","Tajikistan","Country","http://aido.bsvgateway.org/api/locations/20359812/",38.5298856715455,71.0158341023998,38.5298856715455,"Polio"
"248292154.632",2010-06-04,2010-06-03,4,248292154,"62","248292154","P1D","http://aido.bsvgateway.org/api/locations/248292154/","Tajikistan","Tajikistan","Country","http://aido.bsvgateway.org/api/locations/20359812/",71.0158341023998,71.0158341023998,38.5298856715455,"Polio"
"248292154.633",2010-06-05,2010-06-04,4,248292154,"62","248292154","P1D","http://aido.bsvgateway.org/api/locations/248292154/","Tajikistan","Tajikistan","Country","http://aido.bsvgateway.org/api/locations/20359812/",38.5298856715455,71.0158341023998,38.5298856715455,"Polio"
"248292154.634",2010-06-06,2010-06-05,0,248292154,"62","248292154","P1D","http://aido.bsvgateway.org/api/locations/248292154/","Tajikistan","Tajikistan","Country","http://aido.bsvgateway.org/api/locations/20359812/",71.0158341023998,71.0158341023998,38.5298856715455,"Polio"
"248292154.635",2010-06-07,2010-06-06,4,248292154,"62","248292154","P1D","http://aido.bsvgateway.org/api/locations/248292154/","Tajikistan","Tajikistan","Country","http://aido.bsvgateway.org/api/locations/20359812/",38.5298856715455,71.0158341023998,38.5298856715455,"Polio"
"248292154.636",2010-06-08,2010-06-07,0,248292154,"62","248292154","P1D","http://aido.bsvgateway.org/api/locations/248292154/","Tajikistan","Tajikistan","Country","http://aido.bsvgateway.org/api/locations/20359812/",71.0158341023998,71.0158341023998,38.5298856715455,"Polio"
"248292154.637",2010-06-09,2010-06-08,3,248292154,"62","248292154","P1D","http://aido.bsvgateway.org/api/locations/248292154/","Tajikistan","Tajikistan","Country","http://aido.bsvgateway.org/api/locations/20359812/",38.5298856715455,71.0158341023998,38.5298856715455,"Polio"
"248292154.638",2010-06-10,2010-06-09,1,248292154,"62","248292154","P1D","http://aido.bsvgateway.org/api/locations/248292154/","Tajikistan","Tajikistan","Country","http://aido.bsvgateway.org/api/locations/20359812/",71.0158341023998,71.0158341023998,38.5298856715455,"Polio"
"248292154.639",2010-06-11,2010-06-10,1,248292154,"62","248292154","P1D","http://aido.bsvgateway.org/api/locations/248292154/","Tajikistan","Tajikistan","Country","http://aido.bsvgateway.org/api/locations/20359812/",38.5298856715455,71.0158341023998,38.5298856715455,"Polio"
"248292154.640",2010-06-12,2010-06-11,0,248292154,"62","248292154","P1D","http://aido.bsvgateway.org/api/locations/248292154/","Tajikistan","Tajikistan","Country","http://aido.bsvgateway.org/api/locations/20359812/",71.0158341023998,71.0158341023998,38.5298856715455,"Polio"
"248292154.641",2010-06-13,2010-06-12,0,248292154,"62","248292154","P1D","http://aido.bsvgateway.org/api/locations/248292154/","Tajikistan","Tajikistan","Country","http://aido.bsvgateway.org/api/locations/20359812/",38.5298856715455,71.0158341023998,38.5298856715455,"Polio"
"248292154.642",2010-06-14,2010-06-13,0,248292154,"62","248292154","P1D","http://aido.bsvgateway.org/api/locations/248292154/","Tajikistan","Tajikistan","Country","http://aido.bsvgateway.org/api/locations/20359812/",71.0158341023998,71.0158341023998,38.5298856715455,"Polio"
"248292154.643",2010-06-15,2010-06-14,0,248292154,"62","248292154","P1D","http://aido.bsvgateway.org/api/locations/248292154/","Tajikistan","Tajikistan","Country","http://aido.bsvgateway.org/api/locations/20359812/",38.5298856715455,71.0158341023998,38.5298856715455,"Polio"
"248292154.644",2010-06-16,2010-06-15,0,248292154,"62","248292154","P1D","http://aido.bsvgateway.org/api/locations/248292154/","Tajikistan","Tajikistan","Country","http://aido.bsvgateway.org/api/locations/20359812/",71.0158341023998,71.0158341023998,38.5298856715455,"Polio"
"248292154.645",2010-06-17,2010-06-16,0,248292154,"62","248292154","P1D","http://aido.bsvgateway.org/api/locations/248292154/","Tajikistan","Tajikistan","Country","http://aido.bsvgateway.org/api/locations/20359812/",38.5298856715455,71.0158341023998,38.5298856715455,"Polio"
"248292154.646",2010-06-18,2010-06-17,0,248292154,"62","248292154","P1D","http://aido.bsvgateway.org/api/locations/248292154/","Tajikistan","Tajikistan","Country","http://aido.bsvgateway.org/api/locations/20359812/",71.0158341023998,71.0158341023998,38.5298856715455,"Polio"
"248292154.647",2010-06-19,2010-06-18,0,248292154,"62","248292154","P1D","http://aido.bsvgateway.org/api/locations/248292154/","Tajikistan","Tajikistan","Country","http://aido.bsvgateway.org/api/locations/20359812/",38.5298856715455,71.0158341023998,38.5298856715455,"Polio"
"248292154.648",2010-06-20,2010-06-19,0,248292154,"62","248292154","P1D","http://aido.bsvgateway.org/api/locations/248292154/","Tajikistan","Tajikistan","Country","http://aido.bsvgateway.org/api/locations/20359812/",71.0158341023998,71.0158341023998,38.5298856715455,"Polio"
"248292154.649",2010-06-21,2010-06-20,0,248292154,"62","248292154","P1D","http://aido.bsvgateway.org/api/locations/248292154/","Tajikistan","Tajikistan","Country","http://aido.bsvgateway.org/api/locations/20359812/",38.5298856715455,71.0158341023998,38.5298856715455,"Polio"
"248292154.650",2010-06-22,2010-06-21,0,248292154,"62","248292154","P1D","http://aido.bsvgateway.org/api/locations/248292154/","Tajikistan","Tajikistan","Country","http://aido.bsvgateway.org/api/locations/20359812/",71.0158341023998,71.0158341023998,38.5298856715455,"Polio"
"248292154.651",2010-06-23,2010-06-22,0,248292154,"62","248292154","P1D","http://aido.bsvgateway.org/api/locations/248292154/","Tajikistan","Tajikistan","Country","http://aido.bsvgateway.org/api/locations/20359812/",38.5298856715455,71.0158341023998,38.5298856715455,"Polio"
"248292154.652",2010-06-24,2010-06-23,0,248292154,"62","248292154","P1D","http://aido.bsvgateway.org/api/locations/248292154/","Tajikistan","Tajikistan","Country","http://aido.bsvgateway.org/api/locations/20359812/",71.0158341023998,71.0158341023998,38.5298856715455,"Polio"
"248292154.653",2010-06-25,2010-06-24,0,248292154,"62","248292154","P1D","http://aido.bsvgateway.org/api/locations/248292154/","Tajikistan","Tajikistan","Country","http://aido.bsvgateway.org/api/locations/20359812/",38.5298856715455,71.0158341023998,38.5298856715455,"Polio"
"248292154.654",2010-06-26,2010-06-25,0,248292154,"62","248292154","P1D","http://aido.bsvgateway.org/api/locations/248292154/","Tajikistan","Tajikistan","Country","http://aido.bsvgateway.org/api/locations/20359812/",71.0158341023998,71.0158341023998,38.5298856715455,"Polio"
"248292154.655",2010-06-27,2010-06-26,0,248292154,"62","248292154","P1D","http://aido.bsvgateway.org/api/locations/248292154/","Tajikistan","Tajikistan","Country","http://aido.bsvgateway.org/api/locations/20359812/",38.5298856715455,71.0158341023998,38.5298856715455,"Polio"
"248292154.656",2010-06-28,2010-06-27,0,248292154,"62","248292154","P1D","http://aido.bsvgateway.org/api/locations/248292154/","Tajikistan","Tajikistan","Country","http://aido.bsvgateway.org/api/locations/20359812/",71.0158341023998,71.0158341023998,38.5298856715455,"Polio"
"248292154.657",2010-06-29,2010-06-28,0,248292154,"62","248292154","P1D","http://aido.bsvgateway.org/api/locations/248292154/","Tajikistan","Tajikistan","Country","http://aido.bsvgateway.org/api/locations/20359812/",38.5298856715455,71.0158341023998,38.5298856715455,"Polio"
"248292154.658",2010-06-30,2010-06-29,0,248292154,"62","248292154","P1D","http://aido.bsvgateway.org/api/locations/248292154/","Tajikistan","Tajikistan","Country","http://aido.bsvgateway.org/api/locations/20359812/",71.0158341023998,71.0158341023998,38.5298856715455,"Polio"
"248292154.659",2010-07-01,2010-06-30,0,248292154,"62","248292154","P1D","http://aido.bsvgateway.org/api/locations/248292154/","Tajikistan","Tajikistan","Country","http://aido.bsvgateway.org/api/locations/20359812/",38.5298856715455,71.0158341023998,38.5298856715455,"Polio"
"248292154.660",2010-07-02,2010-07-01,0,248292154,"62","248292154","P1D","http://aido.bsvgateway.org/api/locations/248292154/","Tajikistan","Tajikistan","Country","http://aido.bsvgateway.org/api/locations/20359812/",71.0158341023998,71.0158341023998,38.5298856715455,"Polio"
"248292154.661",2010-07-03,2010-07-02,0,248292154,"62","248292154","P1D","http://aido.bsvgateway.org/api/locations/248292154/","Tajikistan","Tajikistan","Country","http://aido.bsvgateway.org/api/locations/20359812/",38.5298856715455,71.0158341023998,38.5298856715455,"Polio"
"248292154.662",2010-07-04,2010-07-03,0,248292154,"62","248292154","P1D","http://aido.bsvgateway.org/api/locations/248292154/","Tajikistan","Tajikistan","Country","http://aido.bsvgateway.org/api/locations/20359812/",71.0158341023998,71.0158341023998,38.5298856715455,"Polio"
"248292154.663",2010-07-05,2010-07-04,0,248292154,"62","248292154","P1D","http://aido.bsvgateway.org/api/locations/248292154/","Tajikistan","Tajikistan","Country","http://aido.bsvgateway.org/api/locations/20359812/",38.5298856715455,71.0158341023998,38.5298856715455,"Polio"
"248292154.664",2010-07-06,2010-07-05,1,248292154,"62","248292154","P1D","http://aido.bsvgateway.org/api/locations/248292154/","Tajikistan","Tajikistan","Country","http://aido.bsvgateway.org/api/locations/20359812/",71.0158341023998,71.0158341023998,38.5298856715455,"Polio"
