"","end","start","value","id","disease","location","duration","url","name","full_name","admin_level_name","parent","centroid_lat_long","longitude","latitude","disease_name"
"214138576.308",2008-12-28,2008-12-27,1,214138576,"67","214138576","P1D","http://aido.bsvgateway.org/api/locations/214138576/","United Kingdom","United Kingdom","Country","http://aido.bsvgateway.org/api/locations/216709393/",54.1470481891977,-2.88695148310369,54.1470481891977,"Mumps"
"214138576.309",2008-12-29,2008-12-28,0,214138576,"67","214138576","P1D","http://aido.bsvgateway.org/api/locations/214138576/","United Kingdom","United Kingdom","Country","http://aido.bsvgateway.org/api/locations/216709393/",-2.88695148310369,-2.88695148310369,54.1470481891977,"Mumps"
"214138576.310",2008-12-30,2008-12-29,0,214138576,"67","214138576","P1D","http://aido.bsvgateway.org/api/locations/214138576/","United Kingdom","United Kingdom","Country","http://aido.bsvgateway.org/api/locations/216709393/",54.1470481891977,-2.88695148310369,54.1470481891977,"Mumps"
"214138576.311",2008-12-31,2008-12-30,0,214138576,"67","214138576","P1D","http://aido.bsvgateway.org/api/locations/214138576/","United Kingdom","United Kingdom","Country","http://aido.bsvgateway.org/api/locations/216709393/",-2.88695148310369,-2.88695148310369,54.1470481891977,"Mumps"
"214138576.312",2009-01-01,2008-12-31,0,214138576,"67","214138576","P1D","http://aido.bsvgateway.org/api/locations/214138576/","United Kingdom","United Kingdom","Country","http://aido.bsvgateway.org/api/locations/216709393/",54.1470481891977,-2.88695148310369,54.1470481891977,"Mumps"
"214138576.313",2009-01-02,2009-01-01,0,214138576,"67","214138576","P1D","http://aido.bsvgateway.org/api/locations/214138576/","United Kingdom","United Kingdom","Country","http://aido.bsvgateway.org/api/locations/216709393/",-2.88695148310369,-2.88695148310369,54.1470481891977,"Mumps"
"214138576.314",2009-01-03,2009-01-02,0,214138576,"67","214138576","P1D","http://aido.bsvgateway.org/api/locations/214138576/","United Kingdom","United Kingdom","Country","http://aido.bsvgateway.org/api/locations/216709393/",54.1470481891977,-2.88695148310369,54.1470481891977,"Mumps"
"214138576.315",2009-01-04,2009-01-03,0,214138576,"67","214138576","P1D","http://aido.bsvgateway.org/api/locations/214138576/","United Kingdom","United Kingdom","Country","http://aido.bsvgateway.org/api/locations/216709393/",-2.88695148310369,-2.88695148310369,54.1470481891977,"Mumps"
"214138576.316",2009-01-05,2009-01-04,0,214138576,"67","214138576","P1D","http://aido.bsvgateway.org/api/locations/214138576/","United Kingdom","United Kingdom","Country","http://aido.bsvgateway.org/api/locations/216709393/",54.1470481891977,-2.88695148310369,54.1470481891977,"Mumps"
"214138576.317",2009-01-06,2009-01-05,0,214138576,"67","214138576","P1D","http://aido.bsvgateway.org/api/locations/214138576/","United Kingdom","United Kingdom","Country","http://aido.bsvgateway.org/api/locations/216709393/",-2.88695148310369,-2.88695148310369,54.1470481891977,"Mumps"
"214138576.318",2009-01-07,2009-01-06,0,214138576,"67","214138576","P1D","http://aido.bsvgateway.org/api/locations/214138576/","United Kingdom","United Kingdom","Country","http://aido.bsvgateway.org/api/locations/216709393/",54.1470481891977,-2.88695148310369,54.1470481891977,"Mumps"
"214138576.319",2009-01-08,2009-01-07,0,214138576,"67","214138576","P1D","http://aido.bsvgateway.org/api/locations/214138576/","United Kingdom","United Kingdom","Country","http://aido.bsvgateway.org/api/locations/216709393/",-2.88695148310369,-2.88695148310369,54.1470481891977,"Mumps"
"214138576.320",2009-01-09,2009-01-08,1,214138576,"67","214138576","P1D","http://aido.bsvgateway.org/api/locations/214138576/","United Kingdom","United Kingdom","Country","http://aido.bsvgateway.org/api/locations/216709393/",54.1470481891977,-2.88695148310369,54.1470481891977,"Mumps"
"214138576.321",2009-01-10,2009-01-09,0,214138576,"67","214138576","P1D","http://aido.bsvgateway.org/api/locations/214138576/","United Kingdom","United Kingdom","Country","http://aido.bsvgateway.org/api/locations/216709393/",-2.88695148310369,-2.88695148310369,54.1470481891977,"Mumps"
"214138576.322",2009-01-11,2009-01-10,2,214138576,"67","214138576","P1D","http://aido.bsvgateway.org/api/locations/214138576/","United Kingdom","United Kingdom","Country","http://aido.bsvgateway.org/api/locations/216709393/",54.1470481891977,-2.88695148310369,54.1470481891977,"Mumps"
"214138576.323",2009-01-12,2009-01-11,0,214138576,"67","214138576","P1D","http://aido.bsvgateway.org/api/locations/214138576/","United Kingdom","United Kingdom","Country","http://aido.bsvgateway.org/api/locations/216709393/",-2.88695148310369,-2.88695148310369,54.1470481891977,"Mumps"
"214138576.324",2009-01-13,2009-01-12,2,214138576,"67","214138576","P1D","http://aido.bsvgateway.org/api/locations/214138576/","United Kingdom","United Kingdom","Country","http://aido.bsvgateway.org/api/locations/216709393/",54.1470481891977,-2.88695148310369,54.1470481891977,"Mumps"
"214138576.325",2009-01-14,2009-01-13,1,214138576,"67","214138576","P1D","http://aido.bsvgateway.org/api/locations/214138576/","United Kingdom","United Kingdom","Country","http://aido.bsvgateway.org/api/locations/216709393/",-2.88695148310369,-2.88695148310369,54.1470481891977,"Mumps"
"214138576.326",2009-01-15,2009-01-14,6,214138576,"67","214138576","P1D","http://aido.bsvgateway.org/api/locations/214138576/","United Kingdom","United Kingdom","Country","http://aido.bsvgateway.org/api/locations/216709393/",54.1470481891977,-2.88695148310369,54.1470481891977,"Mumps"
"214138576.327",2009-01-16,2009-01-15,2,214138576,"67","214138576","P1D","http://aido.bsvgateway.org/api/locations/214138576/","United Kingdom","United Kingdom","Country","http://aido.bsvgateway.org/api/locations/216709393/",-2.88695148310369,-2.88695148310369,54.1470481891977,"Mumps"
"214138576.328",2009-01-17,2009-01-16,1,214138576,"67","214138576","P1D","http://aido.bsvgateway.org/api/locations/214138576/","United Kingdom","United Kingdom","Country","http://aido.bsvgateway.org/api/locations/216709393/",54.1470481891977,-2.88695148310369,54.1470481891977,"Mumps"
"214138576.329",2009-01-18,2009-01-17,0,214138576,"67","214138576","P1D","http://aido.bsvgateway.org/api/locations/214138576/","United Kingdom","United Kingdom","Country","http://aido.bsvgateway.org/api/locations/216709393/",-2.88695148310369,-2.88695148310369,54.1470481891977,"Mumps"
"214138576.330",2009-01-19,2009-01-18,0,214138576,"67","214138576","P1D","http://aido.bsvgateway.org/api/locations/214138576/","United Kingdom","United Kingdom","Country","http://aido.bsvgateway.org/api/locations/216709393/",54.1470481891977,-2.88695148310369,54.1470481891977,"Mumps"
"214138576.331",2009-01-20,2009-01-19,0,214138576,"67","214138576","P1D","http://aido.bsvgateway.org/api/locations/214138576/","United Kingdom","United Kingdom","Country","http://aido.bsvgateway.org/api/locations/216709393/",-2.88695148310369,-2.88695148310369,54.1470481891977,"Mumps"
"214138576.332",2009-01-21,2009-01-20,2,214138576,"67","214138576","P1D","http://aido.bsvgateway.org/api/locations/214138576/","United Kingdom","United Kingdom","Country","http://aido.bsvgateway.org/api/locations/216709393/",54.1470481891977,-2.88695148310369,54.1470481891977,"Mumps"
"214138576.333",2009-01-22,2009-01-21,1,214138576,"67","214138576","P1D","http://aido.bsvgateway.org/api/locations/214138576/","United Kingdom","United Kingdom","Country","http://aido.bsvgateway.org/api/locations/216709393/",-2.88695148310369,-2.88695148310369,54.1470481891977,"Mumps"
"214138576.334",2009-01-23,2009-01-22,0,214138576,"67","214138576","P1D","http://aido.bsvgateway.org/api/locations/214138576/","United Kingdom","United Kingdom","Country","http://aido.bsvgateway.org/api/locations/216709393/",54.1470481891977,-2.88695148310369,54.1470481891977,"Mumps"
"214138576.335",2009-01-24,2009-01-23,1,214138576,"67","214138576","P1D","http://aido.bsvgateway.org/api/locations/214138576/","United Kingdom","United Kingdom","Country","http://aido.bsvgateway.org/api/locations/216709393/",-2.88695148310369,-2.88695148310369,54.1470481891977,"Mumps"
"214138576.336",2009-01-25,2009-01-24,1,214138576,"67","214138576","P1D","http://aido.bsvgateway.org/api/locations/214138576/","United Kingdom","United Kingdom","Country","http://aido.bsvgateway.org/api/locations/216709393/",54.1470481891977,-2.88695148310369,54.1470481891977,"Mumps"
"214138576.337",2009-01-26,2009-01-25,0,214138576,"67","214138576","P1D","http://aido.bsvgateway.org/api/locations/214138576/","United Kingdom","United Kingdom","Country","http://aido.bsvgateway.org/api/locations/216709393/",-2.88695148310369,-2.88695148310369,54.1470481891977,"Mumps"
"214138576.338",2009-01-27,2009-01-26,0,214138576,"67","214138576","P1D","http://aido.bsvgateway.org/api/locations/214138576/","United Kingdom","United Kingdom","Country","http://aido.bsvgateway.org/api/locations/216709393/",54.1470481891977,-2.88695148310369,54.1470481891977,"Mumps"
"214138576.339",2009-01-28,2009-01-27,0,214138576,"67","214138576","P1D","http://aido.bsvgateway.org/api/locations/214138576/","United Kingdom","United Kingdom","Country","http://aido.bsvgateway.org/api/locations/216709393/",-2.88695148310369,-2.88695148310369,54.1470481891977,"Mumps"
"214138576.340",2009-01-29,2009-01-28,0,214138576,"67","214138576","P1D","http://aido.bsvgateway.org/api/locations/214138576/","United Kingdom","United Kingdom","Country","http://aido.bsvgateway.org/api/locations/216709393/",54.1470481891977,-2.88695148310369,54.1470481891977,"Mumps"
"214138576.341",2009-01-30,2009-01-29,2,214138576,"67","214138576","P1D","http://aido.bsvgateway.org/api/locations/214138576/","United Kingdom","United Kingdom","Country","http://aido.bsvgateway.org/api/locations/216709393/",-2.88695148310369,-2.88695148310369,54.1470481891977,"Mumps"
"214138576.342",2003-12-30,2003-12-29,1,214138576,"67","214138576","P1D","http://aido.bsvgateway.org/api/locations/214138576/","United Kingdom","United Kingdom","Country","http://aido.bsvgateway.org/api/locations/216709393/",54.1470481891977,-2.88695148310369,54.1470481891977,"Mumps"
"214138576.343",2003-12-31,2003-12-30,0,214138576,"67","214138576","P1D","http://aido.bsvgateway.org/api/locations/214138576/","United Kingdom","United Kingdom","Country","http://aido.bsvgateway.org/api/locations/216709393/",-2.88695148310369,-2.88695148310369,54.1470481891977,"Mumps"
"214138576.344",2004-01-01,2003-12-31,0,214138576,"67","214138576","P1D","http://aido.bsvgateway.org/api/locations/214138576/","United Kingdom","United Kingdom","Country","http://aido.bsvgateway.org/api/locations/216709393/",54.1470481891977,-2.88695148310369,54.1470481891977,"Mumps"
"214138576.345",2004-01-02,2004-01-01,0,214138576,"67","214138576","P1D","http://aido.bsvgateway.org/api/locations/214138576/","United Kingdom","United Kingdom","Country","http://aido.bsvgateway.org/api/locations/216709393/",-2.88695148310369,-2.88695148310369,54.1470481891977,"Mumps"
"214138576.346",2004-01-03,2004-01-02,0,214138576,"67","214138576","P1D","http://aido.bsvgateway.org/api/locations/214138576/","United Kingdom","United Kingdom","Country","http://aido.bsvgateway.org/api/locations/216709393/",54.1470481891977,-2.88695148310369,54.1470481891977,"Mumps"
"214138576.347",2004-01-04,2004-01-03,0,214138576,"67","214138576","P1D","http://aido.bsvgateway.org/api/locations/214138576/","United Kingdom","United Kingdom","Country","http://aido.bsvgateway.org/api/locations/216709393/",-2.88695148310369,-2.88695148310369,54.1470481891977,"Mumps"
"214138576.348",2004-01-05,2004-01-04,0,214138576,"67","214138576","P1D","http://aido.bsvgateway.org/api/locations/214138576/","United Kingdom","United Kingdom","Country","http://aido.bsvgateway.org/api/locations/216709393/",54.1470481891977,-2.88695148310369,54.1470481891977,"Mumps"
"214138576.349",2004-01-06,2004-01-05,0,214138576,"67","214138576","P1D","http://aido.bsvgateway.org/api/locations/214138576/","United Kingdom","United Kingdom","Country","http://aido.bsvgateway.org/api/locations/216709393/",-2.88695148310369,-2.88695148310369,54.1470481891977,"Mumps"
"214138576.350",2004-01-07,2004-01-06,0,214138576,"67","214138576","P1D","http://aido.bsvgateway.org/api/locations/214138576/","United Kingdom","United Kingdom","Country","http://aido.bsvgateway.org/api/locations/216709393/",54.1470481891977,-2.88695148310369,54.1470481891977,"Mumps"
"214138576.351",2004-01-08,2004-01-07,0,214138576,"67","214138576","P1D","http://aido.bsvgateway.org/api/locations/214138576/","United Kingdom","United Kingdom","Country","http://aido.bsvgateway.org/api/locations/216709393/",-2.88695148310369,-2.88695148310369,54.1470481891977,"Mumps"
"214138576.352",2004-01-09,2004-01-08,0,214138576,"67","214138576","P1D","http://aido.bsvgateway.org/api/locations/214138576/","United Kingdom","United Kingdom","Country","http://aido.bsvgateway.org/api/locations/216709393/",54.1470481891977,-2.88695148310369,54.1470481891977,"Mumps"
"214138576.353",2004-01-10,2004-01-09,0,214138576,"67","214138576","P1D","http://aido.bsvgateway.org/api/locations/214138576/","United Kingdom","United Kingdom","Country","http://aido.bsvgateway.org/api/locations/216709393/",-2.88695148310369,-2.88695148310369,54.1470481891977,"Mumps"
"214138576.354",2004-01-11,2004-01-10,0,214138576,"67","214138576","P1D","http://aido.bsvgateway.org/api/locations/214138576/","United Kingdom","United Kingdom","Country","http://aido.bsvgateway.org/api/locations/216709393/",54.1470481891977,-2.88695148310369,54.1470481891977,"Mumps"
"214138576.355",2004-01-12,2004-01-11,0,214138576,"67","214138576","P1D","http://aido.bsvgateway.org/api/locations/214138576/","United Kingdom","United Kingdom","Country","http://aido.bsvgateway.org/api/locations/216709393/",-2.88695148310369,-2.88695148310369,54.1470481891977,"Mumps"
"214138576.356",2004-01-13,2004-01-12,0,214138576,"67","214138576","P1D","http://aido.bsvgateway.org/api/locations/214138576/","United Kingdom","United Kingdom","Country","http://aido.bsvgateway.org/api/locations/216709393/",54.1470481891977,-2.88695148310369,54.1470481891977,"Mumps"
"214138576.357",2004-01-14,2004-01-13,0,214138576,"67","214138576","P1D","http://aido.bsvgateway.org/api/locations/214138576/","United Kingdom","United Kingdom","Country","http://aido.bsvgateway.org/api/locations/216709393/",-2.88695148310369,-2.88695148310369,54.1470481891977,"Mumps"
"214138576.358",2004-01-15,2004-01-14,4,214138576,"67","214138576","P1D","http://aido.bsvgateway.org/api/locations/214138576/","United Kingdom","United Kingdom","Country","http://aido.bsvgateway.org/api/locations/216709393/",54.1470481891977,-2.88695148310369,54.1470481891977,"Mumps"
"214138576.359",2004-01-16,2004-01-15,2,214138576,"67","214138576","P1D","http://aido.bsvgateway.org/api/locations/214138576/","United Kingdom","United Kingdom","Country","http://aido.bsvgateway.org/api/locations/216709393/",-2.88695148310369,-2.88695148310369,54.1470481891977,"Mumps"
"214138576.360",2004-01-17,2004-01-16,6,214138576,"67","214138576","P1D","http://aido.bsvgateway.org/api/locations/214138576/","United Kingdom","United Kingdom","Country","http://aido.bsvgateway.org/api/locations/216709393/",54.1470481891977,-2.88695148310369,54.1470481891977,"Mumps"
"214138576.361",2004-01-18,2004-01-17,15,214138576,"67","214138576","P1D","http://aido.bsvgateway.org/api/locations/214138576/","United Kingdom","United Kingdom","Country","http://aido.bsvgateway.org/api/locations/216709393/",-2.88695148310369,-2.88695148310369,54.1470481891977,"Mumps"
"214138576.362",2004-01-19,2004-01-18,2,214138576,"67","214138576","P1D","http://aido.bsvgateway.org/api/locations/214138576/","United Kingdom","United Kingdom","Country","http://aido.bsvgateway.org/api/locations/216709393/",54.1470481891977,-2.88695148310369,54.1470481891977,"Mumps"
"214138576.363",2004-01-20,2004-01-19,4,214138576,"67","214138576","P1D","http://aido.bsvgateway.org/api/locations/214138576/","United Kingdom","United Kingdom","Country","http://aido.bsvgateway.org/api/locations/216709393/",-2.88695148310369,-2.88695148310369,54.1470481891977,"Mumps"
"214138576.364",2004-01-21,2004-01-20,1,214138576,"67","214138576","P1D","http://aido.bsvgateway.org/api/locations/214138576/","United Kingdom","United Kingdom","Country","http://aido.bsvgateway.org/api/locations/216709393/",54.1470481891977,-2.88695148310369,54.1470481891977,"Mumps"
"214138576.365",2004-01-22,2004-01-21,1,214138576,"67","214138576","P1D","http://aido.bsvgateway.org/api/locations/214138576/","United Kingdom","United Kingdom","Country","http://aido.bsvgateway.org/api/locations/216709393/",-2.88695148310369,-2.88695148310369,54.1470481891977,"Mumps"
"214138576.366",2004-01-23,2004-01-22,1,214138576,"67","214138576","P1D","http://aido.bsvgateway.org/api/locations/214138576/","United Kingdom","United Kingdom","Country","http://aido.bsvgateway.org/api/locations/216709393/",54.1470481891977,-2.88695148310369,54.1470481891977,"Mumps"
"214138576.367",2004-01-24,2004-01-23,0,214138576,"67","214138576","P1D","http://aido.bsvgateway.org/api/locations/214138576/","United Kingdom","United Kingdom","Country","http://aido.bsvgateway.org/api/locations/216709393/",-2.88695148310369,-2.88695148310369,54.1470481891977,"Mumps"
"214138576.368",2004-01-25,2004-01-24,0,214138576,"67","214138576","P1D","http://aido.bsvgateway.org/api/locations/214138576/","United Kingdom","United Kingdom","Country","http://aido.bsvgateway.org/api/locations/216709393/",54.1470481891977,-2.88695148310369,54.1470481891977,"Mumps"
"214138576.369",2004-01-26,2004-01-25,0,214138576,"67","214138576","P1D","http://aido.bsvgateway.org/api/locations/214138576/","United Kingdom","United Kingdom","Country","http://aido.bsvgateway.org/api/locations/216709393/",-2.88695148310369,-2.88695148310369,54.1470481891977,"Mumps"
"214138576.370",2004-01-27,2004-01-26,0,214138576,"67","214138576","P1D","http://aido.bsvgateway.org/api/locations/214138576/","United Kingdom","United Kingdom","Country","http://aido.bsvgateway.org/api/locations/216709393/",54.1470481891977,-2.88695148310369,54.1470481891977,"Mumps"
"214138576.371",2004-01-28,2004-01-27,0,214138576,"67","214138576","P1D","http://aido.bsvgateway.org/api/locations/214138576/","United Kingdom","United Kingdom","Country","http://aido.bsvgateway.org/api/locations/216709393/",-2.88695148310369,-2.88695148310369,54.1470481891977,"Mumps"
"214138576.372",2004-01-29,2004-01-28,2,214138576,"67","214138576","P1D","http://aido.bsvgateway.org/api/locations/214138576/","United Kingdom","United Kingdom","Country","http://aido.bsvgateway.org/api/locations/216709393/",54.1470481891977,-2.88695148310369,54.1470481891977,"Mumps"
"214138576.373",2004-01-30,2004-01-29,0,214138576,"67","214138576","P1D","http://aido.bsvgateway.org/api/locations/214138576/","United Kingdom","United Kingdom","Country","http://aido.bsvgateway.org/api/locations/216709393/",-2.88695148310369,-2.88695148310369,54.1470481891977,"Mumps"
"214138576.374",2004-01-31,2004-01-30,0,214138576,"67","214138576","P1D","http://aido.bsvgateway.org/api/locations/214138576/","United Kingdom","United Kingdom","Country","http://aido.bsvgateway.org/api/locations/216709393/",54.1470481891977,-2.88695148310369,54.1470481891977,"Mumps"
"214138576.375",2004-02-01,2004-01-31,0,214138576,"67","214138576","P1D","http://aido.bsvgateway.org/api/locations/214138576/","United Kingdom","United Kingdom","Country","http://aido.bsvgateway.org/api/locations/216709393/",-2.88695148310369,-2.88695148310369,54.1470481891977,"Mumps"
"214138576.376",2004-02-02,2004-02-01,0,214138576,"67","214138576","P1D","http://aido.bsvgateway.org/api/locations/214138576/","United Kingdom","United Kingdom","Country","http://aido.bsvgateway.org/api/locations/216709393/",54.1470481891977,-2.88695148310369,54.1470481891977,"Mumps"
"214138576.377",2004-02-03,2004-02-02,0,214138576,"67","214138576","P1D","http://aido.bsvgateway.org/api/locations/214138576/","United Kingdom","United Kingdom","Country","http://aido.bsvgateway.org/api/locations/216709393/",-2.88695148310369,-2.88695148310369,54.1470481891977,"Mumps"
"214138576.378",2004-02-04,2004-02-03,0,214138576,"67","214138576","P1D","http://aido.bsvgateway.org/api/locations/214138576/","United Kingdom","United Kingdom","Country","http://aido.bsvgateway.org/api/locations/216709393/",54.1470481891977,-2.88695148310369,54.1470481891977,"Mumps"
"214138576.379",2004-02-05,2004-02-04,2,214138576,"67","214138576","P1D","http://aido.bsvgateway.org/api/locations/214138576/","United Kingdom","United Kingdom","Country","http://aido.bsvgateway.org/api/locations/216709393/",-2.88695148310369,-2.88695148310369,54.1470481891977,"Mumps"
"214138576.380",2004-02-06,2004-02-05,1,214138576,"67","214138576","P1D","http://aido.bsvgateway.org/api/locations/214138576/","United Kingdom","United Kingdom","Country","http://aido.bsvgateway.org/api/locations/216709393/",54.1470481891977,-2.88695148310369,54.1470481891977,"Mumps"
"214138576.381",2004-02-07,2004-02-06,0,214138576,"67","214138576","P1D","http://aido.bsvgateway.org/api/locations/214138576/","United Kingdom","United Kingdom","Country","http://aido.bsvgateway.org/api/locations/216709393/",-2.88695148310369,-2.88695148310369,54.1470481891977,"Mumps"
"214138576.382",2004-02-08,2004-02-07,2,214138576,"67","214138576","P1D","http://aido.bsvgateway.org/api/locations/214138576/","United Kingdom","United Kingdom","Country","http://aido.bsvgateway.org/api/locations/216709393/",54.1470481891977,-2.88695148310369,54.1470481891977,"Mumps"
"214138576.383",2004-02-09,2004-02-08,0,214138576,"67","214138576","P1D","http://aido.bsvgateway.org/api/locations/214138576/","United Kingdom","United Kingdom","Country","http://aido.bsvgateway.org/api/locations/216709393/",-2.88695148310369,-2.88695148310369,54.1470481891977,"Mumps"
"214138576.384",2004-02-10,2004-02-09,1,214138576,"67","214138576","P1D","http://aido.bsvgateway.org/api/locations/214138576/","United Kingdom","United Kingdom","Country","http://aido.bsvgateway.org/api/locations/216709393/",54.1470481891977,-2.88695148310369,54.1470481891977,"Mumps"
"214138576.385",2004-02-11,2004-02-10,1,214138576,"67","214138576","P1D","http://aido.bsvgateway.org/api/locations/214138576/","United Kingdom","United Kingdom","Country","http://aido.bsvgateway.org/api/locations/216709393/",-2.88695148310369,-2.88695148310369,54.1470481891977,"Mumps"
"214138576.386",2004-02-12,2004-02-11,1,214138576,"67","214138576","P1D","http://aido.bsvgateway.org/api/locations/214138576/","United Kingdom","United Kingdom","Country","http://aido.bsvgateway.org/api/locations/216709393/",54.1470481891977,-2.88695148310369,54.1470481891977,"Mumps"
"214138576.387",2004-02-13,2004-02-12,0,214138576,"67","214138576","P1D","http://aido.bsvgateway.org/api/locations/214138576/","United Kingdom","United Kingdom","Country","http://aido.bsvgateway.org/api/locations/216709393/",-2.88695148310369,-2.88695148310369,54.1470481891977,"Mumps"
"214138576.388",2004-02-14,2004-02-13,0,214138576,"67","214138576","P1D","http://aido.bsvgateway.org/api/locations/214138576/","United Kingdom","United Kingdom","Country","http://aido.bsvgateway.org/api/locations/216709393/",54.1470481891977,-2.88695148310369,54.1470481891977,"Mumps"
"214138576.389",2004-02-15,2004-02-14,0,214138576,"67","214138576","P1D","http://aido.bsvgateway.org/api/locations/214138576/","United Kingdom","United Kingdom","Country","http://aido.bsvgateway.org/api/locations/216709393/",-2.88695148310369,-2.88695148310369,54.1470481891977,"Mumps"
"214138576.390",2004-02-16,2004-02-15,0,214138576,"67","214138576","P1D","http://aido.bsvgateway.org/api/locations/214138576/","United Kingdom","United Kingdom","Country","http://aido.bsvgateway.org/api/locations/216709393/",54.1470481891977,-2.88695148310369,54.1470481891977,"Mumps"
"214138576.391",2004-02-17,2004-02-16,0,214138576,"67","214138576","P1D","http://aido.bsvgateway.org/api/locations/214138576/","United Kingdom","United Kingdom","Country","http://aido.bsvgateway.org/api/locations/216709393/",-2.88695148310369,-2.88695148310369,54.1470481891977,"Mumps"
"214138576.392",2004-02-18,2004-02-17,0,214138576,"67","214138576","P1D","http://aido.bsvgateway.org/api/locations/214138576/","United Kingdom","United Kingdom","Country","http://aido.bsvgateway.org/api/locations/216709393/",54.1470481891977,-2.88695148310369,54.1470481891977,"Mumps"
"214138576.393",2004-02-19,2004-02-18,0,214138576,"67","214138576","P1D","http://aido.bsvgateway.org/api/locations/214138576/","United Kingdom","United Kingdom","Country","http://aido.bsvgateway.org/api/locations/216709393/",-2.88695148310369,-2.88695148310369,54.1470481891977,"Mumps"
"214138576.394",2004-02-20,2004-02-19,1,214138576,"67","214138576","P1D","http://aido.bsvgateway.org/api/locations/214138576/","United Kingdom","United Kingdom","Country","http://aido.bsvgateway.org/api/locations/216709393/",54.1470481891977,-2.88695148310369,54.1470481891977,"Mumps"
"214138576.395",2010-11-30,2010-11-29,1,214138576,"67","214138576","P1D","http://aido.bsvgateway.org/api/locations/214138576/","United Kingdom","United Kingdom","Country","http://aido.bsvgateway.org/api/locations/216709393/",-2.88695148310369,-2.88695148310369,54.1470481891977,"Mumps"
"214138576.396",2010-12-01,2010-11-30,0,214138576,"67","214138576","P1D","http://aido.bsvgateway.org/api/locations/214138576/","United Kingdom","United Kingdom","Country","http://aido.bsvgateway.org/api/locations/216709393/",54.1470481891977,-2.88695148310369,54.1470481891977,"Mumps"
"214138576.397",2010-12-02,2010-12-01,0,214138576,"67","214138576","P1D","http://aido.bsvgateway.org/api/locations/214138576/","United Kingdom","United Kingdom","Country","http://aido.bsvgateway.org/api/locations/216709393/",-2.88695148310369,-2.88695148310369,54.1470481891977,"Mumps"
"214138576.398",2010-12-03,2010-12-02,0,214138576,"67","214138576","P1D","http://aido.bsvgateway.org/api/locations/214138576/","United Kingdom","United Kingdom","Country","http://aido.bsvgateway.org/api/locations/216709393/",54.1470481891977,-2.88695148310369,54.1470481891977,"Mumps"
"214138576.399",2010-12-04,2010-12-03,0,214138576,"67","214138576","P1D","http://aido.bsvgateway.org/api/locations/214138576/","United Kingdom","United Kingdom","Country","http://aido.bsvgateway.org/api/locations/216709393/",-2.88695148310369,-2.88695148310369,54.1470481891977,"Mumps"
"214138576.400",2010-12-05,2010-12-04,0,214138576,"67","214138576","P1D","http://aido.bsvgateway.org/api/locations/214138576/","United Kingdom","United Kingdom","Country","http://aido.bsvgateway.org/api/locations/216709393/",54.1470481891977,-2.88695148310369,54.1470481891977,"Mumps"
"214138576.401",2010-12-06,2010-12-05,0,214138576,"67","214138576","P1D","http://aido.bsvgateway.org/api/locations/214138576/","United Kingdom","United Kingdom","Country","http://aido.bsvgateway.org/api/locations/216709393/",-2.88695148310369,-2.88695148310369,54.1470481891977,"Mumps"
"214138576.402",2010-12-07,2010-12-06,0,214138576,"67","214138576","P1D","http://aido.bsvgateway.org/api/locations/214138576/","United Kingdom","United Kingdom","Country","http://aido.bsvgateway.org/api/locations/216709393/",54.1470481891977,-2.88695148310369,54.1470481891977,"Mumps"
"214138576.403",2010-12-08,2010-12-07,0,214138576,"67","214138576","P1D","http://aido.bsvgateway.org/api/locations/214138576/","United Kingdom","United Kingdom","Country","http://aido.bsvgateway.org/api/locations/216709393/",-2.88695148310369,-2.88695148310369,54.1470481891977,"Mumps"
"214138576.404",2010-12-09,2010-12-08,0,214138576,"67","214138576","P1D","http://aido.bsvgateway.org/api/locations/214138576/","United Kingdom","United Kingdom","Country","http://aido.bsvgateway.org/api/locations/216709393/",54.1470481891977,-2.88695148310369,54.1470481891977,"Mumps"
"214138576.405",2010-12-10,2010-12-09,0,214138576,"67","214138576","P1D","http://aido.bsvgateway.org/api/locations/214138576/","United Kingdom","United Kingdom","Country","http://aido.bsvgateway.org/api/locations/216709393/",-2.88695148310369,-2.88695148310369,54.1470481891977,"Mumps"
"214138576.406",2010-12-11,2010-12-10,0,214138576,"67","214138576","P1D","http://aido.bsvgateway.org/api/locations/214138576/","United Kingdom","United Kingdom","Country","http://aido.bsvgateway.org/api/locations/216709393/",54.1470481891977,-2.88695148310369,54.1470481891977,"Mumps"
"214138576.407",2010-12-12,2010-12-11,0,214138576,"67","214138576","P1D","http://aido.bsvgateway.org/api/locations/214138576/","United Kingdom","United Kingdom","Country","http://aido.bsvgateway.org/api/locations/216709393/",-2.88695148310369,-2.88695148310369,54.1470481891977,"Mumps"
"214138576.408",2010-12-13,2010-12-12,0,214138576,"67","214138576","P1D","http://aido.bsvgateway.org/api/locations/214138576/","United Kingdom","United Kingdom","Country","http://aido.bsvgateway.org/api/locations/216709393/",54.1470481891977,-2.88695148310369,54.1470481891977,"Mumps"
"214138576.409",2010-12-14,2010-12-13,1,214138576,"67","214138576","P1D","http://aido.bsvgateway.org/api/locations/214138576/","United Kingdom","United Kingdom","Country","http://aido.bsvgateway.org/api/locations/216709393/",-2.88695148310369,-2.88695148310369,54.1470481891977,"Mumps"
"214138576.410",2010-12-15,2010-12-14,1,214138576,"67","214138576","P1D","http://aido.bsvgateway.org/api/locations/214138576/","United Kingdom","United Kingdom","Country","http://aido.bsvgateway.org/api/locations/216709393/",54.1470481891977,-2.88695148310369,54.1470481891977,"Mumps"
"214138576.411",2010-12-16,2010-12-15,5,214138576,"67","214138576","P1D","http://aido.bsvgateway.org/api/locations/214138576/","United Kingdom","United Kingdom","Country","http://aido.bsvgateway.org/api/locations/216709393/",-2.88695148310369,-2.88695148310369,54.1470481891977,"Mumps"
"214138576.412",2010-12-17,2010-12-16,1,214138576,"67","214138576","P1D","http://aido.bsvgateway.org/api/locations/214138576/","United Kingdom","United Kingdom","Country","http://aido.bsvgateway.org/api/locations/216709393/",54.1470481891977,-2.88695148310369,54.1470481891977,"Mumps"
"214138576.413",2010-12-18,2010-12-17,7,214138576,"67","214138576","P1D","http://aido.bsvgateway.org/api/locations/214138576/","United Kingdom","United Kingdom","Country","http://aido.bsvgateway.org/api/locations/216709393/",-2.88695148310369,-2.88695148310369,54.1470481891977,"Mumps"
"214138576.414",2010-12-19,2010-12-18,0,214138576,"67","214138576","P1D","http://aido.bsvgateway.org/api/locations/214138576/","United Kingdom","United Kingdom","Country","http://aido.bsvgateway.org/api/locations/216709393/",54.1470481891977,-2.88695148310369,54.1470481891977,"Mumps"
"214138576.415",2010-12-20,2010-12-19,0,214138576,"67","214138576","P1D","http://aido.bsvgateway.org/api/locations/214138576/","United Kingdom","United Kingdom","Country","http://aido.bsvgateway.org/api/locations/216709393/",-2.88695148310369,-2.88695148310369,54.1470481891977,"Mumps"
"214138576.416",2010-12-21,2010-12-20,7,214138576,"67","214138576","P1D","http://aido.bsvgateway.org/api/locations/214138576/","United Kingdom","United Kingdom","Country","http://aido.bsvgateway.org/api/locations/216709393/",54.1470481891977,-2.88695148310369,54.1470481891977,"Mumps"
"214138576.417",2010-12-22,2010-12-21,0,214138576,"67","214138576","P1D","http://aido.bsvgateway.org/api/locations/214138576/","United Kingdom","United Kingdom","Country","http://aido.bsvgateway.org/api/locations/216709393/",-2.88695148310369,-2.88695148310369,54.1470481891977,"Mumps"
"214138576.418",2010-12-23,2010-12-22,0,214138576,"67","214138576","P1D","http://aido.bsvgateway.org/api/locations/214138576/","United Kingdom","United Kingdom","Country","http://aido.bsvgateway.org/api/locations/216709393/",54.1470481891977,-2.88695148310369,54.1470481891977,"Mumps"
"214138576.419",2010-12-24,2010-12-23,0,214138576,"67","214138576","P1D","http://aido.bsvgateway.org/api/locations/214138576/","United Kingdom","United Kingdom","Country","http://aido.bsvgateway.org/api/locations/216709393/",-2.88695148310369,-2.88695148310369,54.1470481891977,"Mumps"
"214138576.420",2010-12-25,2010-12-24,0,214138576,"67","214138576","P1D","http://aido.bsvgateway.org/api/locations/214138576/","United Kingdom","United Kingdom","Country","http://aido.bsvgateway.org/api/locations/216709393/",54.1470481891977,-2.88695148310369,54.1470481891977,"Mumps"
"214138576.421",2010-12-26,2010-12-25,0,214138576,"67","214138576","P1D","http://aido.bsvgateway.org/api/locations/214138576/","United Kingdom","United Kingdom","Country","http://aido.bsvgateway.org/api/locations/216709393/",-2.88695148310369,-2.88695148310369,54.1470481891977,"Mumps"
"214138576.422",2010-12-27,2010-12-26,0,214138576,"67","214138576","P1D","http://aido.bsvgateway.org/api/locations/214138576/","United Kingdom","United Kingdom","Country","http://aido.bsvgateway.org/api/locations/216709393/",54.1470481891977,-2.88695148310369,54.1470481891977,"Mumps"
"214138576.423",2010-12-28,2010-12-27,0,214138576,"67","214138576","P1D","http://aido.bsvgateway.org/api/locations/214138576/","United Kingdom","United Kingdom","Country","http://aido.bsvgateway.org/api/locations/216709393/",-2.88695148310369,-2.88695148310369,54.1470481891977,"Mumps"
"214138576.424",2010-12-29,2010-12-28,0,214138576,"67","214138576","P1D","http://aido.bsvgateway.org/api/locations/214138576/","United Kingdom","United Kingdom","Country","http://aido.bsvgateway.org/api/locations/216709393/",54.1470481891977,-2.88695148310369,54.1470481891977,"Mumps"
"214138576.425",2010-12-30,2010-12-29,3,214138576,"67","214138576","P1D","http://aido.bsvgateway.org/api/locations/214138576/","United Kingdom","United Kingdom","Country","http://aido.bsvgateway.org/api/locations/216709393/",-2.88695148310369,-2.88695148310369,54.1470481891977,"Mumps"
"214138576.426",2010-12-31,2010-12-30,1,214138576,"67","214138576","P1D","http://aido.bsvgateway.org/api/locations/214138576/","United Kingdom","United Kingdom","Country","http://aido.bsvgateway.org/api/locations/216709393/",54.1470481891977,-2.88695148310369,54.1470481891977,"Mumps"
"214138576.427",2011-01-01,2010-12-31,3,214138576,"67","214138576","P1D","http://aido.bsvgateway.org/api/locations/214138576/","United Kingdom","United Kingdom","Country","http://aido.bsvgateway.org/api/locations/216709393/",-2.88695148310369,-2.88695148310369,54.1470481891977,"Mumps"
"214138576.428",2011-01-02,2011-01-01,2,214138576,"67","214138576","P1D","http://aido.bsvgateway.org/api/locations/214138576/","United Kingdom","United Kingdom","Country","http://aido.bsvgateway.org/api/locations/216709393/",54.1470481891977,-2.88695148310369,54.1470481891977,"Mumps"
"214138576.429",2011-01-03,2011-01-02,1,214138576,"67","214138576","P1D","http://aido.bsvgateway.org/api/locations/214138576/","United Kingdom","United Kingdom","Country","http://aido.bsvgateway.org/api/locations/216709393/",-2.88695148310369,-2.88695148310369,54.1470481891977,"Mumps"
"214138576.430",2011-01-04,2011-01-03,2,214138576,"67","214138576","P1D","http://aido.bsvgateway.org/api/locations/214138576/","United Kingdom","United Kingdom","Country","http://aido.bsvgateway.org/api/locations/216709393/",54.1470481891977,-2.88695148310369,54.1470481891977,"Mumps"
"214138576.431",2011-01-05,2011-01-04,0,214138576,"67","214138576","P1D","http://aido.bsvgateway.org/api/locations/214138576/","United Kingdom","United Kingdom","Country","http://aido.bsvgateway.org/api/locations/216709393/",-2.88695148310369,-2.88695148310369,54.1470481891977,"Mumps"
"214138576.432",2011-01-06,2011-01-05,10,214138576,"67","214138576","P1D","http://aido.bsvgateway.org/api/locations/214138576/","United Kingdom","United Kingdom","Country","http://aido.bsvgateway.org/api/locations/216709393/",54.1470481891977,-2.88695148310369,54.1470481891977,"Mumps"
"214138576.433",2011-01-07,2011-01-06,9,214138576,"67","214138576","P1D","http://aido.bsvgateway.org/api/locations/214138576/","United Kingdom","United Kingdom","Country","http://aido.bsvgateway.org/api/locations/216709393/",-2.88695148310369,-2.88695148310369,54.1470481891977,"Mumps"
"214138576.434",2011-01-08,2011-01-07,8,214138576,"67","214138576","P1D","http://aido.bsvgateway.org/api/locations/214138576/","United Kingdom","United Kingdom","Country","http://aido.bsvgateway.org/api/locations/216709393/",54.1470481891977,-2.88695148310369,54.1470481891977,"Mumps"
"214138576.435",2011-01-09,2011-01-08,1,214138576,"67","214138576","P1D","http://aido.bsvgateway.org/api/locations/214138576/","United Kingdom","United Kingdom","Country","http://aido.bsvgateway.org/api/locations/216709393/",-2.88695148310369,-2.88695148310369,54.1470481891977,"Mumps"
"214138576.436",2011-01-10,2011-01-09,1,214138576,"67","214138576","P1D","http://aido.bsvgateway.org/api/locations/214138576/","United Kingdom","United Kingdom","Country","http://aido.bsvgateway.org/api/locations/216709393/",54.1470481891977,-2.88695148310369,54.1470481891977,"Mumps"
"214138576.437",2011-01-11,2011-01-10,11,214138576,"67","214138576","P1D","http://aido.bsvgateway.org/api/locations/214138576/","United Kingdom","United Kingdom","Country","http://aido.bsvgateway.org/api/locations/216709393/",-2.88695148310369,-2.88695148310369,54.1470481891977,"Mumps"
"214138576.438",2011-01-12,2011-01-11,4,214138576,"67","214138576","P1D","http://aido.bsvgateway.org/api/locations/214138576/","United Kingdom","United Kingdom","Country","http://aido.bsvgateway.org/api/locations/216709393/",54.1470481891977,-2.88695148310369,54.1470481891977,"Mumps"
"214138576.439",2011-01-13,2011-01-12,8,214138576,"67","214138576","P1D","http://aido.bsvgateway.org/api/locations/214138576/","United Kingdom","United Kingdom","Country","http://aido.bsvgateway.org/api/locations/216709393/",-2.88695148310369,-2.88695148310369,54.1470481891977,"Mumps"
"214138576.440",2011-01-14,2011-01-13,2,214138576,"67","214138576","P1D","http://aido.bsvgateway.org/api/locations/214138576/","United Kingdom","United Kingdom","Country","http://aido.bsvgateway.org/api/locations/216709393/",54.1470481891977,-2.88695148310369,54.1470481891977,"Mumps"
"214138576.441",2011-01-15,2011-01-14,0,214138576,"67","214138576","P1D","http://aido.bsvgateway.org/api/locations/214138576/","United Kingdom","United Kingdom","Country","http://aido.bsvgateway.org/api/locations/216709393/",-2.88695148310369,-2.88695148310369,54.1470481891977,"Mumps"
"214138576.442",2011-01-16,2011-01-15,0,214138576,"67","214138576","P1D","http://aido.bsvgateway.org/api/locations/214138576/","United Kingdom","United Kingdom","Country","http://aido.bsvgateway.org/api/locations/216709393/",54.1470481891977,-2.88695148310369,54.1470481891977,"Mumps"
"214138576.443",2011-01-17,2011-01-16,0,214138576,"67","214138576","P1D","http://aido.bsvgateway.org/api/locations/214138576/","United Kingdom","United Kingdom","Country","http://aido.bsvgateway.org/api/locations/216709393/",-2.88695148310369,-2.88695148310369,54.1470481891977,"Mumps"
"214138576.444",2011-01-18,2011-01-17,0,214138576,"67","214138576","P1D","http://aido.bsvgateway.org/api/locations/214138576/","United Kingdom","United Kingdom","Country","http://aido.bsvgateway.org/api/locations/216709393/",54.1470481891977,-2.88695148310369,54.1470481891977,"Mumps"
"214138576.445",2011-01-19,2011-01-18,1,214138576,"67","214138576","P1D","http://aido.bsvgateway.org/api/locations/214138576/","United Kingdom","United Kingdom","Country","http://aido.bsvgateway.org/api/locations/216709393/",-2.88695148310369,-2.88695148310369,54.1470481891977,"Mumps"
"214138576.446",2011-01-20,2011-01-19,5,214138576,"67","214138576","P1D","http://aido.bsvgateway.org/api/locations/214138576/","United Kingdom","United Kingdom","Country","http://aido.bsvgateway.org/api/locations/216709393/",54.1470481891977,-2.88695148310369,54.1470481891977,"Mumps"
"214138576.447",2011-01-21,2011-01-20,7,214138576,"67","214138576","P1D","http://aido.bsvgateway.org/api/locations/214138576/","United Kingdom","United Kingdom","Country","http://aido.bsvgateway.org/api/locations/216709393/",-2.88695148310369,-2.88695148310369,54.1470481891977,"Mumps"
"214138576.448",2011-01-22,2011-01-21,4,214138576,"67","214138576","P1D","http://aido.bsvgateway.org/api/locations/214138576/","United Kingdom","United Kingdom","Country","http://aido.bsvgateway.org/api/locations/216709393/",54.1470481891977,-2.88695148310369,54.1470481891977,"Mumps"
"214138576.449",2011-01-23,2011-01-22,0,214138576,"67","214138576","P1D","http://aido.bsvgateway.org/api/locations/214138576/","United Kingdom","United Kingdom","Country","http://aido.bsvgateway.org/api/locations/216709393/",-2.88695148310369,-2.88695148310369,54.1470481891977,"Mumps"
"214138576.450",2011-01-24,2011-01-23,3,214138576,"67","214138576","P1D","http://aido.bsvgateway.org/api/locations/214138576/","United Kingdom","United Kingdom","Country","http://aido.bsvgateway.org/api/locations/216709393/",54.1470481891977,-2.88695148310369,54.1470481891977,"Mumps"
"214138576.451",2011-01-25,2011-01-24,4,214138576,"67","214138576","P1D","http://aido.bsvgateway.org/api/locations/214138576/","United Kingdom","United Kingdom","Country","http://aido.bsvgateway.org/api/locations/216709393/",-2.88695148310369,-2.88695148310369,54.1470481891977,"Mumps"
"214138576.452",2011-01-26,2011-01-25,2,214138576,"67","214138576","P1D","http://aido.bsvgateway.org/api/locations/214138576/","United Kingdom","United Kingdom","Country","http://aido.bsvgateway.org/api/locations/216709393/",54.1470481891977,-2.88695148310369,54.1470481891977,"Mumps"
"214138576.453",2011-01-27,2011-01-26,3,214138576,"67","214138576","P1D","http://aido.bsvgateway.org/api/locations/214138576/","United Kingdom","United Kingdom","Country","http://aido.bsvgateway.org/api/locations/216709393/",-2.88695148310369,-2.88695148310369,54.1470481891977,"Mumps"
"214138576.454",2011-01-28,2011-01-27,1,214138576,"67","214138576","P1D","http://aido.bsvgateway.org/api/locations/214138576/","United Kingdom","United Kingdom","Country","http://aido.bsvgateway.org/api/locations/216709393/",54.1470481891977,-2.88695148310369,54.1470481891977,"Mumps"
"214138576.455",2011-01-29,2011-01-28,0,214138576,"67","214138576","P1D","http://aido.bsvgateway.org/api/locations/214138576/","United Kingdom","United Kingdom","Country","http://aido.bsvgateway.org/api/locations/216709393/",-2.88695148310369,-2.88695148310369,54.1470481891977,"Mumps"
"214138576.456",2011-01-30,2011-01-29,0,214138576,"67","214138576","P1D","http://aido.bsvgateway.org/api/locations/214138576/","United Kingdom","United Kingdom","Country","http://aido.bsvgateway.org/api/locations/216709393/",54.1470481891977,-2.88695148310369,54.1470481891977,"Mumps"
"214138576.457",2011-01-31,2011-01-30,0,214138576,"67","214138576","P1D","http://aido.bsvgateway.org/api/locations/214138576/","United Kingdom","United Kingdom","Country","http://aido.bsvgateway.org/api/locations/216709393/",-2.88695148310369,-2.88695148310369,54.1470481891977,"Mumps"
"214138576.458",2004-01-05,2003-12-29,306,214138576,"67","214138576","P7D","http://aido.bsvgateway.org/api/locations/214138576/","United Kingdom","United Kingdom","Country","http://aido.bsvgateway.org/api/locations/216709393/",54.1470481891977,-2.88695148310369,54.1470481891977,"Mumps"
"214138576.459",2004-01-12,2004-01-05,306,214138576,"67","214138576","P7D","http://aido.bsvgateway.org/api/locations/214138576/","United Kingdom","United Kingdom","Country","http://aido.bsvgateway.org/api/locations/216709393/",-2.88695148310369,-2.88695148310369,54.1470481891977,"Mumps"
"214138576.460",2004-01-19,2004-01-12,367,214138576,"67","214138576","P7D","http://aido.bsvgateway.org/api/locations/214138576/","United Kingdom","United Kingdom","Country","http://aido.bsvgateway.org/api/locations/216709393/",54.1470481891977,-2.88695148310369,54.1470481891977,"Mumps"
"214138576.461",2004-01-26,2004-01-19,469,214138576,"67","214138576","P7D","http://aido.bsvgateway.org/api/locations/214138576/","United Kingdom","United Kingdom","Country","http://aido.bsvgateway.org/api/locations/216709393/",-2.88695148310369,-2.88695148310369,54.1470481891977,"Mumps"
"214138576.462",2004-02-02,2004-01-26,816,214138576,"67","214138576","P7D","http://aido.bsvgateway.org/api/locations/214138576/","United Kingdom","United Kingdom","Country","http://aido.bsvgateway.org/api/locations/216709393/",54.1470481891977,-2.88695148310369,54.1470481891977,"Mumps"
"214138576.463",2004-02-09,2004-02-02,1000,214138576,"67","214138576","P7D","http://aido.bsvgateway.org/api/locations/214138576/","United Kingdom","United Kingdom","Country","http://aido.bsvgateway.org/api/locations/216709393/",-2.88695148310369,-2.88695148310369,54.1470481891977,"Mumps"
"214138576.464",2004-02-16,2004-02-09,1041,214138576,"67","214138576","P7D","http://aido.bsvgateway.org/api/locations/214138576/","United Kingdom","United Kingdom","Country","http://aido.bsvgateway.org/api/locations/216709393/",54.1470481891977,-2.88695148310369,54.1470481891977,"Mumps"
"214138576.465",2004-02-23,2004-02-16,1204,214138576,"67","214138576","P7D","http://aido.bsvgateway.org/api/locations/214138576/","United Kingdom","United Kingdom","Country","http://aido.bsvgateway.org/api/locations/216709393/",-2.88695148310369,-2.88695148310369,54.1470481891977,"Mumps"
"214138576.466",2004-03-01,2004-02-23,857,214138576,"67","214138576","P7D","http://aido.bsvgateway.org/api/locations/214138576/","United Kingdom","United Kingdom","Country","http://aido.bsvgateway.org/api/locations/216709393/",54.1470481891977,-2.88695148310369,54.1470481891977,"Mumps"
"214138576.467",2004-03-08,2004-03-01,1000,214138576,"67","214138576","P7D","http://aido.bsvgateway.org/api/locations/214138576/","United Kingdom","United Kingdom","Country","http://aido.bsvgateway.org/api/locations/216709393/",-2.88695148310369,-2.88695148310369,54.1470481891977,"Mumps"
"214138576.468",2004-03-15,2004-03-08,1531,214138576,"67","214138576","P7D","http://aido.bsvgateway.org/api/locations/214138576/","United Kingdom","United Kingdom","Country","http://aido.bsvgateway.org/api/locations/216709393/",54.1470481891977,-2.88695148310369,54.1470481891977,"Mumps"
"214138576.469",2004-03-22,2004-03-15,2980,214138576,"67","214138576","P7D","http://aido.bsvgateway.org/api/locations/214138576/","United Kingdom","United Kingdom","Country","http://aido.bsvgateway.org/api/locations/216709393/",-2.88695148310369,-2.88695148310369,54.1470481891977,"Mumps"
"214138576.470",2004-03-29,2004-03-22,3306,214138576,"67","214138576","P7D","http://aido.bsvgateway.org/api/locations/214138576/","United Kingdom","United Kingdom","Country","http://aido.bsvgateway.org/api/locations/216709393/",54.1470481891977,-2.88695148310369,54.1470481891977,"Mumps"
"214138576.471",2004-04-05,2004-03-29,4918,214138576,"67","214138576","P7D","http://aido.bsvgateway.org/api/locations/214138576/","United Kingdom","United Kingdom","Country","http://aido.bsvgateway.org/api/locations/216709393/",-2.88695148310369,-2.88695148310369,54.1470481891977,"Mumps"
"214138576.472",2004-04-12,2004-04-05,6878,214138576,"67","214138576","P7D","http://aido.bsvgateway.org/api/locations/214138576/","United Kingdom","United Kingdom","Country","http://aido.bsvgateway.org/api/locations/216709393/",54.1470481891977,-2.88695148310369,54.1470481891977,"Mumps"
"214138576.473",2004-04-19,2004-04-12,7592,214138576,"67","214138576","P7D","http://aido.bsvgateway.org/api/locations/214138576/","United Kingdom","United Kingdom","Country","http://aido.bsvgateway.org/api/locations/216709393/",-2.88695148310369,-2.88695148310369,54.1470481891977,"Mumps"
"214138576.474",2004-04-26,2004-04-19,7286,214138576,"67","214138576","P7D","http://aido.bsvgateway.org/api/locations/214138576/","United Kingdom","United Kingdom","Country","http://aido.bsvgateway.org/api/locations/216709393/",54.1470481891977,-2.88695148310369,54.1470481891977,"Mumps"
"214138576.475",2004-05-03,2004-04-26,7551,214138576,"67","214138576","P7D","http://aido.bsvgateway.org/api/locations/214138576/","United Kingdom","United Kingdom","Country","http://aido.bsvgateway.org/api/locations/216709393/",-2.88695148310369,-2.88695148310369,54.1470481891977,"Mumps"
"214138576.476",2004-05-10,2004-05-03,6347,214138576,"67","214138576","P7D","http://aido.bsvgateway.org/api/locations/214138576/","United Kingdom","United Kingdom","Country","http://aido.bsvgateway.org/api/locations/216709393/",54.1470481891977,-2.88695148310369,54.1470481891977,"Mumps"
"214138576.477",2004-05-17,2004-05-10,4163,214138576,"67","214138576","P7D","http://aido.bsvgateway.org/api/locations/214138576/","United Kingdom","United Kingdom","Country","http://aido.bsvgateway.org/api/locations/216709393/",-2.88695148310369,-2.88695148310369,54.1470481891977,"Mumps"
"214138576.478",2004-05-24,2004-05-17,2694,214138576,"67","214138576","P7D","http://aido.bsvgateway.org/api/locations/214138576/","United Kingdom","United Kingdom","Country","http://aido.bsvgateway.org/api/locations/216709393/",54.1470481891977,-2.88695148310369,54.1470481891977,"Mumps"
"214138576.479",2004-05-31,2004-05-24,2000,214138576,"67","214138576","P7D","http://aido.bsvgateway.org/api/locations/214138576/","United Kingdom","United Kingdom","Country","http://aido.bsvgateway.org/api/locations/216709393/",-2.88695148310369,-2.88695148310369,54.1470481891977,"Mumps"
"214138576.480",2004-06-07,2004-05-31,1714,214138576,"67","214138576","P7D","http://aido.bsvgateway.org/api/locations/214138576/","United Kingdom","United Kingdom","Country","http://aido.bsvgateway.org/api/locations/216709393/",54.1470481891977,-2.88695148310369,54.1470481891977,"Mumps"
"214138576.481",2004-06-14,2004-06-07,1857,214138576,"67","214138576","P7D","http://aido.bsvgateway.org/api/locations/214138576/","United Kingdom","United Kingdom","Country","http://aido.bsvgateway.org/api/locations/216709393/",-2.88695148310369,-2.88695148310369,54.1470481891977,"Mumps"
"214138576.482",2004-06-21,2004-06-14,2020,214138576,"67","214138576","P7D","http://aido.bsvgateway.org/api/locations/214138576/","United Kingdom","United Kingdom","Country","http://aido.bsvgateway.org/api/locations/216709393/",54.1470481891977,-2.88695148310369,54.1470481891977,"Mumps"
"214138576.483",2013-01-10,2013-01-09,0,214138576,"67","214138576","P1D","http://aido.bsvgateway.org/api/locations/214138576/","United Kingdom","United Kingdom","Country","http://aido.bsvgateway.org/api/locations/216709393/",-2.88695148310369,-2.88695148310369,54.1470481891977,"Mumps"
"214138576.484",2013-01-11,2013-01-10,1,214138576,"67","214138576","P1D","http://aido.bsvgateway.org/api/locations/214138576/","United Kingdom","United Kingdom","Country","http://aido.bsvgateway.org/api/locations/216709393/",54.1470481891977,-2.88695148310369,54.1470481891977,"Mumps"
"214138576.485",2013-01-12,2013-01-11,0,214138576,"67","214138576","P1D","http://aido.bsvgateway.org/api/locations/214138576/","United Kingdom","United Kingdom","Country","http://aido.bsvgateway.org/api/locations/216709393/",-2.88695148310369,-2.88695148310369,54.1470481891977,"Mumps"
"214138576.486",2013-01-13,2013-01-12,0,214138576,"67","214138576","P1D","http://aido.bsvgateway.org/api/locations/214138576/","United Kingdom","United Kingdom","Country","http://aido.bsvgateway.org/api/locations/216709393/",54.1470481891977,-2.88695148310369,54.1470481891977,"Mumps"
"214138576.487",2013-01-14,2013-01-13,0,214138576,"67","214138576","P1D","http://aido.bsvgateway.org/api/locations/214138576/","United Kingdom","United Kingdom","Country","http://aido.bsvgateway.org/api/locations/216709393/",-2.88695148310369,-2.88695148310369,54.1470481891977,"Mumps"
"214138576.488",2013-01-15,2013-01-14,1,214138576,"67","214138576","P1D","http://aido.bsvgateway.org/api/locations/214138576/","United Kingdom","United Kingdom","Country","http://aido.bsvgateway.org/api/locations/216709393/",54.1470481891977,-2.88695148310369,54.1470481891977,"Mumps"
"214138576.489",2013-01-16,2013-01-15,0,214138576,"67","214138576","P1D","http://aido.bsvgateway.org/api/locations/214138576/","United Kingdom","United Kingdom","Country","http://aido.bsvgateway.org/api/locations/216709393/",-2.88695148310369,-2.88695148310369,54.1470481891977,"Mumps"
"214138576.490",2013-01-17,2013-01-16,0,214138576,"67","214138576","P1D","http://aido.bsvgateway.org/api/locations/214138576/","United Kingdom","United Kingdom","Country","http://aido.bsvgateway.org/api/locations/216709393/",54.1470481891977,-2.88695148310369,54.1470481891977,"Mumps"
"214138576.491",2013-01-18,2013-01-17,0,214138576,"67","214138576","P1D","http://aido.bsvgateway.org/api/locations/214138576/","United Kingdom","United Kingdom","Country","http://aido.bsvgateway.org/api/locations/216709393/",-2.88695148310369,-2.88695148310369,54.1470481891977,"Mumps"
"214138576.492",2013-01-19,2013-01-18,0,214138576,"67","214138576","P1D","http://aido.bsvgateway.org/api/locations/214138576/","United Kingdom","United Kingdom","Country","http://aido.bsvgateway.org/api/locations/216709393/",54.1470481891977,-2.88695148310369,54.1470481891977,"Mumps"
"214138576.493",2013-01-20,2013-01-19,0,214138576,"67","214138576","P1D","http://aido.bsvgateway.org/api/locations/214138576/","United Kingdom","United Kingdom","Country","http://aido.bsvgateway.org/api/locations/216709393/",-2.88695148310369,-2.88695148310369,54.1470481891977,"Mumps"
"214138576.494",2013-01-21,2013-01-20,0,214138576,"67","214138576","P1D","http://aido.bsvgateway.org/api/locations/214138576/","United Kingdom","United Kingdom","Country","http://aido.bsvgateway.org/api/locations/216709393/",54.1470481891977,-2.88695148310369,54.1470481891977,"Mumps"
"214138576.495",2013-01-22,2013-01-21,0,214138576,"67","214138576","P1D","http://aido.bsvgateway.org/api/locations/214138576/","United Kingdom","United Kingdom","Country","http://aido.bsvgateway.org/api/locations/216709393/",-2.88695148310369,-2.88695148310369,54.1470481891977,"Mumps"
"214138576.496",2013-01-23,2013-01-22,0,214138576,"67","214138576","P1D","http://aido.bsvgateway.org/api/locations/214138576/","United Kingdom","United Kingdom","Country","http://aido.bsvgateway.org/api/locations/216709393/",54.1470481891977,-2.88695148310369,54.1470481891977,"Mumps"
"214138576.497",2013-01-24,2013-01-23,0,214138576,"67","214138576","P1D","http://aido.bsvgateway.org/api/locations/214138576/","United Kingdom","United Kingdom","Country","http://aido.bsvgateway.org/api/locations/216709393/",-2.88695148310369,-2.88695148310369,54.1470481891977,"Mumps"
"214138576.498",2013-01-25,2013-01-24,0,214138576,"67","214138576","P1D","http://aido.bsvgateway.org/api/locations/214138576/","United Kingdom","United Kingdom","Country","http://aido.bsvgateway.org/api/locations/216709393/",54.1470481891977,-2.88695148310369,54.1470481891977,"Mumps"
"214138576.499",2013-01-26,2013-01-25,1,214138576,"67","214138576","P1D","http://aido.bsvgateway.org/api/locations/214138576/","United Kingdom","United Kingdom","Country","http://aido.bsvgateway.org/api/locations/216709393/",-2.88695148310369,-2.88695148310369,54.1470481891977,"Mumps"
"214138576.500",2013-01-27,2013-01-26,3,214138576,"67","214138576","P1D","http://aido.bsvgateway.org/api/locations/214138576/","United Kingdom","United Kingdom","Country","http://aido.bsvgateway.org/api/locations/216709393/",54.1470481891977,-2.88695148310369,54.1470481891977,"Mumps"
"214138576.501",2013-01-28,2013-01-27,0,214138576,"67","214138576","P1D","http://aido.bsvgateway.org/api/locations/214138576/","United Kingdom","United Kingdom","Country","http://aido.bsvgateway.org/api/locations/216709393/",-2.88695148310369,-2.88695148310369,54.1470481891977,"Mumps"
"214138576.502",2013-01-29,2013-01-28,0,214138576,"67","214138576","P1D","http://aido.bsvgateway.org/api/locations/214138576/","United Kingdom","United Kingdom","Country","http://aido.bsvgateway.org/api/locations/216709393/",54.1470481891977,-2.88695148310369,54.1470481891977,"Mumps"
"214138576.503",2013-01-30,2013-01-29,0,214138576,"67","214138576","P1D","http://aido.bsvgateway.org/api/locations/214138576/","United Kingdom","United Kingdom","Country","http://aido.bsvgateway.org/api/locations/216709393/",-2.88695148310369,-2.88695148310369,54.1470481891977,"Mumps"
"214138576.504",2013-01-31,2013-01-30,0,214138576,"67","214138576","P1D","http://aido.bsvgateway.org/api/locations/214138576/","United Kingdom","United Kingdom","Country","http://aido.bsvgateway.org/api/locations/216709393/",54.1470481891977,-2.88695148310369,54.1470481891977,"Mumps"
"214138576.505",2013-02-01,2013-01-31,0,214138576,"67","214138576","P1D","http://aido.bsvgateway.org/api/locations/214138576/","United Kingdom","United Kingdom","Country","http://aido.bsvgateway.org/api/locations/216709393/",-2.88695148310369,-2.88695148310369,54.1470481891977,"Mumps"
"214138576.506",2013-02-02,2013-02-01,1,214138576,"67","214138576","P1D","http://aido.bsvgateway.org/api/locations/214138576/","United Kingdom","United Kingdom","Country","http://aido.bsvgateway.org/api/locations/216709393/",54.1470481891977,-2.88695148310369,54.1470481891977,"Mumps"
"214138576.507",2013-02-03,2013-02-02,1,214138576,"67","214138576","P1D","http://aido.bsvgateway.org/api/locations/214138576/","United Kingdom","United Kingdom","Country","http://aido.bsvgateway.org/api/locations/216709393/",-2.88695148310369,-2.88695148310369,54.1470481891977,"Mumps"
"214138576.508",2013-02-04,2013-02-03,0,214138576,"67","214138576","P1D","http://aido.bsvgateway.org/api/locations/214138576/","United Kingdom","United Kingdom","Country","http://aido.bsvgateway.org/api/locations/216709393/",54.1470481891977,-2.88695148310369,54.1470481891977,"Mumps"
"214138576.509",2013-02-05,2013-02-04,1,214138576,"67","214138576","P1D","http://aido.bsvgateway.org/api/locations/214138576/","United Kingdom","United Kingdom","Country","http://aido.bsvgateway.org/api/locations/216709393/",-2.88695148310369,-2.88695148310369,54.1470481891977,"Mumps"
"214138576.510",2013-02-06,2013-02-05,0,214138576,"67","214138576","P1D","http://aido.bsvgateway.org/api/locations/214138576/","United Kingdom","United Kingdom","Country","http://aido.bsvgateway.org/api/locations/216709393/",54.1470481891977,-2.88695148310369,54.1470481891977,"Mumps"
"214138576.511",2013-02-07,2013-02-06,0,214138576,"67","214138576","P1D","http://aido.bsvgateway.org/api/locations/214138576/","United Kingdom","United Kingdom","Country","http://aido.bsvgateway.org/api/locations/216709393/",-2.88695148310369,-2.88695148310369,54.1470481891977,"Mumps"
"214138576.512",2013-02-08,2013-02-07,0,214138576,"67","214138576","P1D","http://aido.bsvgateway.org/api/locations/214138576/","United Kingdom","United Kingdom","Country","http://aido.bsvgateway.org/api/locations/216709393/",54.1470481891977,-2.88695148310369,54.1470481891977,"Mumps"
"214138576.513",2013-02-09,2013-02-08,0,214138576,"67","214138576","P1D","http://aido.bsvgateway.org/api/locations/214138576/","United Kingdom","United Kingdom","Country","http://aido.bsvgateway.org/api/locations/216709393/",-2.88695148310369,-2.88695148310369,54.1470481891977,"Mumps"
"214138576.514",2013-02-10,2013-02-09,0,214138576,"67","214138576","P1D","http://aido.bsvgateway.org/api/locations/214138576/","United Kingdom","United Kingdom","Country","http://aido.bsvgateway.org/api/locations/216709393/",54.1470481891977,-2.88695148310369,54.1470481891977,"Mumps"
"214138576.515",2013-02-11,2013-02-10,0,214138576,"67","214138576","P1D","http://aido.bsvgateway.org/api/locations/214138576/","United Kingdom","United Kingdom","Country","http://aido.bsvgateway.org/api/locations/216709393/",-2.88695148310369,-2.88695148310369,54.1470481891977,"Mumps"
"214138576.516",2013-02-12,2013-02-11,1,214138576,"67","214138576","P1D","http://aido.bsvgateway.org/api/locations/214138576/","United Kingdom","United Kingdom","Country","http://aido.bsvgateway.org/api/locations/216709393/",54.1470481891977,-2.88695148310369,54.1470481891977,"Mumps"
"214138576.517",2013-02-13,2013-02-12,0,214138576,"67","214138576","P1D","http://aido.bsvgateway.org/api/locations/214138576/","United Kingdom","United Kingdom","Country","http://aido.bsvgateway.org/api/locations/216709393/",-2.88695148310369,-2.88695148310369,54.1470481891977,"Mumps"
"214138576.518",2013-02-14,2013-02-13,0,214138576,"67","214138576","P1D","http://aido.bsvgateway.org/api/locations/214138576/","United Kingdom","United Kingdom","Country","http://aido.bsvgateway.org/api/locations/216709393/",54.1470481891977,-2.88695148310369,54.1470481891977,"Mumps"
"214138576.519",2013-02-15,2013-02-14,0,214138576,"67","214138576","P1D","http://aido.bsvgateway.org/api/locations/214138576/","United Kingdom","United Kingdom","Country","http://aido.bsvgateway.org/api/locations/216709393/",-2.88695148310369,-2.88695148310369,54.1470481891977,"Mumps"
"214138576.520",2013-02-16,2013-02-15,0,214138576,"67","214138576","P1D","http://aido.bsvgateway.org/api/locations/214138576/","United Kingdom","United Kingdom","Country","http://aido.bsvgateway.org/api/locations/216709393/",54.1470481891977,-2.88695148310369,54.1470481891977,"Mumps"
"214138576.521",2013-02-17,2013-02-16,0,214138576,"67","214138576","P1D","http://aido.bsvgateway.org/api/locations/214138576/","United Kingdom","United Kingdom","Country","http://aido.bsvgateway.org/api/locations/216709393/",-2.88695148310369,-2.88695148310369,54.1470481891977,"Mumps"
"214138576.522",2013-02-18,2013-02-17,1,214138576,"67","214138576","P1D","http://aido.bsvgateway.org/api/locations/214138576/","United Kingdom","United Kingdom","Country","http://aido.bsvgateway.org/api/locations/216709393/",54.1470481891977,-2.88695148310369,54.1470481891977,"Mumps"
"214138576.523",2013-02-19,2013-02-18,0,214138576,"67","214138576","P1D","http://aido.bsvgateway.org/api/locations/214138576/","United Kingdom","United Kingdom","Country","http://aido.bsvgateway.org/api/locations/216709393/",-2.88695148310369,-2.88695148310369,54.1470481891977,"Mumps"
"214138576.524",2013-02-20,2013-02-19,1,214138576,"67","214138576","P1D","http://aido.bsvgateway.org/api/locations/214138576/","United Kingdom","United Kingdom","Country","http://aido.bsvgateway.org/api/locations/216709393/",54.1470481891977,-2.88695148310369,54.1470481891977,"Mumps"
"214138576.525",2013-02-21,2013-02-20,0,214138576,"67","214138576","P1D","http://aido.bsvgateway.org/api/locations/214138576/","United Kingdom","United Kingdom","Country","http://aido.bsvgateway.org/api/locations/216709393/",-2.88695148310369,-2.88695148310369,54.1470481891977,"Mumps"
"214138576.526",2013-02-22,2013-02-21,3,214138576,"67","214138576","P1D","http://aido.bsvgateway.org/api/locations/214138576/","United Kingdom","United Kingdom","Country","http://aido.bsvgateway.org/api/locations/216709393/",54.1470481891977,-2.88695148310369,54.1470481891977,"Mumps"
"214138576.527",2013-02-23,2013-02-22,0,214138576,"67","214138576","P1D","http://aido.bsvgateway.org/api/locations/214138576/","United Kingdom","United Kingdom","Country","http://aido.bsvgateway.org/api/locations/216709393/",-2.88695148310369,-2.88695148310369,54.1470481891977,"Mumps"
"214138576.528",2013-02-24,2013-02-23,0,214138576,"67","214138576","P1D","http://aido.bsvgateway.org/api/locations/214138576/","United Kingdom","United Kingdom","Country","http://aido.bsvgateway.org/api/locations/216709393/",54.1470481891977,-2.88695148310369,54.1470481891977,"Mumps"
"214138576.529",2013-02-25,2013-02-24,0,214138576,"67","214138576","P1D","http://aido.bsvgateway.org/api/locations/214138576/","United Kingdom","United Kingdom","Country","http://aido.bsvgateway.org/api/locations/216709393/",-2.88695148310369,-2.88695148310369,54.1470481891977,"Mumps"
"214138576.530",2013-02-26,2013-02-25,0,214138576,"67","214138576","P1D","http://aido.bsvgateway.org/api/locations/214138576/","United Kingdom","United Kingdom","Country","http://aido.bsvgateway.org/api/locations/216709393/",54.1470481891977,-2.88695148310369,54.1470481891977,"Mumps"
"214138576.531",2013-02-27,2013-02-26,0,214138576,"67","214138576","P1D","http://aido.bsvgateway.org/api/locations/214138576/","United Kingdom","United Kingdom","Country","http://aido.bsvgateway.org/api/locations/216709393/",-2.88695148310369,-2.88695148310369,54.1470481891977,"Mumps"
"214138576.532",2013-02-28,2013-02-27,1,214138576,"67","214138576","P1D","http://aido.bsvgateway.org/api/locations/214138576/","United Kingdom","United Kingdom","Country","http://aido.bsvgateway.org/api/locations/216709393/",54.1470481891977,-2.88695148310369,54.1470481891977,"Mumps"
"214138576.533",2013-03-01,2013-02-28,0,214138576,"67","214138576","P1D","http://aido.bsvgateway.org/api/locations/214138576/","United Kingdom","United Kingdom","Country","http://aido.bsvgateway.org/api/locations/216709393/",-2.88695148310369,-2.88695148310369,54.1470481891977,"Mumps"
"214138576.534",2013-03-02,2013-03-01,0,214138576,"67","214138576","P1D","http://aido.bsvgateway.org/api/locations/214138576/","United Kingdom","United Kingdom","Country","http://aido.bsvgateway.org/api/locations/216709393/",54.1470481891977,-2.88695148310369,54.1470481891977,"Mumps"
"214138576.535",2013-03-03,2013-03-02,1,214138576,"67","214138576","P1D","http://aido.bsvgateway.org/api/locations/214138576/","United Kingdom","United Kingdom","Country","http://aido.bsvgateway.org/api/locations/216709393/",-2.88695148310369,-2.88695148310369,54.1470481891977,"Mumps"
"214138576.536",2013-03-04,2013-03-03,0,214138576,"67","214138576","P1D","http://aido.bsvgateway.org/api/locations/214138576/","United Kingdom","United Kingdom","Country","http://aido.bsvgateway.org/api/locations/216709393/",54.1470481891977,-2.88695148310369,54.1470481891977,"Mumps"
"214138576.537",2013-03-05,2013-03-04,0,214138576,"67","214138576","P1D","http://aido.bsvgateway.org/api/locations/214138576/","United Kingdom","United Kingdom","Country","http://aido.bsvgateway.org/api/locations/216709393/",-2.88695148310369,-2.88695148310369,54.1470481891977,"Mumps"
"214138576.538",2013-03-06,2013-03-05,1,214138576,"67","214138576","P1D","http://aido.bsvgateway.org/api/locations/214138576/","United Kingdom","United Kingdom","Country","http://aido.bsvgateway.org/api/locations/216709393/",54.1470481891977,-2.88695148310369,54.1470481891977,"Mumps"
