"","end","start","value","id","disease","location","duration","url","name","full_name","admin_level_name","parent","centroid_lat_long","longitude","latitude","disease_name"
"33023692.10",1999-10-12,1999-10-11,9,33023692,"31","33023692","P1D","http://aido.bsvgateway.org/api/locations/33023692/","Malaysia","Malaysia","Country","http://aido.bsvgateway.org/api/locations/20359812/",3.79239278856245,109.698868636613,3.79239278856245,"Leptospirosis"
"33023692.11",1999-10-13,1999-10-12,0,33023692,"31","33023692","P1D","http://aido.bsvgateway.org/api/locations/33023692/","Malaysia","Malaysia","Country","http://aido.bsvgateway.org/api/locations/20359812/",109.698868636613,109.698868636613,3.79239278856245,"Leptospirosis"
"33023692.12",1999-10-14,1999-10-13,0,33023692,"31","33023692","P1D","http://aido.bsvgateway.org/api/locations/33023692/","Malaysia","Malaysia","Country","http://aido.bsvgateway.org/api/locations/20359812/",3.79239278856245,109.698868636613,3.79239278856245,"Leptospirosis"
"33023692.13",1999-10-15,1999-10-14,2,33023692,"31","33023692","P1D","http://aido.bsvgateway.org/api/locations/33023692/","Malaysia","Malaysia","Country","http://aido.bsvgateway.org/api/locations/20359812/",109.698868636613,109.698868636613,3.79239278856245,"Leptospirosis"
"33023692.14",1999-10-16,1999-10-15,2,33023692,"31","33023692","P1D","http://aido.bsvgateway.org/api/locations/33023692/","Malaysia","Malaysia","Country","http://aido.bsvgateway.org/api/locations/20359812/",3.79239278856245,109.698868636613,3.79239278856245,"Leptospirosis"
"33023692.15",1999-10-17,1999-10-16,4,33023692,"31","33023692","P1D","http://aido.bsvgateway.org/api/locations/33023692/","Malaysia","Malaysia","Country","http://aido.bsvgateway.org/api/locations/20359812/",109.698868636613,109.698868636613,3.79239278856245,"Leptospirosis"
"33023692.16",1999-10-18,1999-10-17,0,33023692,"31","33023692","P1D","http://aido.bsvgateway.org/api/locations/33023692/","Malaysia","Malaysia","Country","http://aido.bsvgateway.org/api/locations/20359812/",3.79239278856245,109.698868636613,3.79239278856245,"Leptospirosis"
"33023692.17",1999-10-19,1999-10-18,12,33023692,"31","33023692","P1D","http://aido.bsvgateway.org/api/locations/33023692/","Malaysia","Malaysia","Country","http://aido.bsvgateway.org/api/locations/20359812/",109.698868636613,109.698868636613,3.79239278856245,"Leptospirosis"
"33023692.18",1999-10-20,1999-10-19,1,33023692,"31","33023692","P1D","http://aido.bsvgateway.org/api/locations/33023692/","Malaysia","Malaysia","Country","http://aido.bsvgateway.org/api/locations/20359812/",3.79239278856245,109.698868636613,3.79239278856245,"Leptospirosis"
"33023692.19",2000-08-21,2000-08-20,1,33023692,"31","33023692","P1D","http://aido.bsvgateway.org/api/locations/33023692/","Malaysia","Malaysia","Country","http://aido.bsvgateway.org/api/locations/20359812/",109.698868636613,109.698868636613,3.79239278856245,"Leptospirosis"
"33023692.20",2000-08-22,2000-08-21,0,33023692,"31","33023692","P1D","http://aido.bsvgateway.org/api/locations/33023692/","Malaysia","Malaysia","Country","http://aido.bsvgateway.org/api/locations/20359812/",3.79239278856245,109.698868636613,3.79239278856245,"Leptospirosis"
"33023692.21",2000-08-23,2000-08-22,5,33023692,"31","33023692","P1D","http://aido.bsvgateway.org/api/locations/33023692/","Malaysia","Malaysia","Country","http://aido.bsvgateway.org/api/locations/20359812/",109.698868636613,109.698868636613,3.79239278856245,"Leptospirosis"
"33023692.22",2000-08-24,2000-08-23,0,33023692,"31","33023692","P1D","http://aido.bsvgateway.org/api/locations/33023692/","Malaysia","Malaysia","Country","http://aido.bsvgateway.org/api/locations/20359812/",3.79239278856245,109.698868636613,3.79239278856245,"Leptospirosis"
"33023692.23",2000-08-25,2000-08-24,1,33023692,"31","33023692","P1D","http://aido.bsvgateway.org/api/locations/33023692/","Malaysia","Malaysia","Country","http://aido.bsvgateway.org/api/locations/20359812/",109.698868636613,109.698868636613,3.79239278856245,"Leptospirosis"
"33023692.24",2000-08-26,2000-08-25,5,33023692,"31","33023692","P1D","http://aido.bsvgateway.org/api/locations/33023692/","Malaysia","Malaysia","Country","http://aido.bsvgateway.org/api/locations/20359812/",3.79239278856245,109.698868636613,3.79239278856245,"Leptospirosis"
"33023692.25",2000-08-27,2000-08-26,6,33023692,"31","33023692","P1D","http://aido.bsvgateway.org/api/locations/33023692/","Malaysia","Malaysia","Country","http://aido.bsvgateway.org/api/locations/20359812/",109.698868636613,109.698868636613,3.79239278856245,"Leptospirosis"
"33023692.26",2000-08-28,2000-08-27,3,33023692,"31","33023692","P1D","http://aido.bsvgateway.org/api/locations/33023692/","Malaysia","Malaysia","Country","http://aido.bsvgateway.org/api/locations/20359812/",3.79239278856245,109.698868636613,3.79239278856245,"Leptospirosis"
"33023692.27",2000-08-29,2000-08-28,2,33023692,"31","33023692","P1D","http://aido.bsvgateway.org/api/locations/33023692/","Malaysia","Malaysia","Country","http://aido.bsvgateway.org/api/locations/20359812/",109.698868636613,109.698868636613,3.79239278856245,"Leptospirosis"
"33023692.28",2000-08-30,2000-08-29,3,33023692,"31","33023692","P1D","http://aido.bsvgateway.org/api/locations/33023692/","Malaysia","Malaysia","Country","http://aido.bsvgateway.org/api/locations/20359812/",3.79239278856245,109.698868636613,3.79239278856245,"Leptospirosis"
"33023692.29",2000-08-31,2000-08-30,2,33023692,"31","33023692","P1D","http://aido.bsvgateway.org/api/locations/33023692/","Malaysia","Malaysia","Country","http://aido.bsvgateway.org/api/locations/20359812/",109.698868636613,109.698868636613,3.79239278856245,"Leptospirosis"
"33023692.30",2000-09-01,2000-08-31,4,33023692,"31","33023692","P1D","http://aido.bsvgateway.org/api/locations/33023692/","Malaysia","Malaysia","Country","http://aido.bsvgateway.org/api/locations/20359812/",3.79239278856245,109.698868636613,3.79239278856245,"Leptospirosis"
"33023692.31",2000-09-02,2000-09-01,5,33023692,"31","33023692","P1D","http://aido.bsvgateway.org/api/locations/33023692/","Malaysia","Malaysia","Country","http://aido.bsvgateway.org/api/locations/20359812/",109.698868636613,109.698868636613,3.79239278856245,"Leptospirosis"
"33023692.32",2000-09-03,2000-09-02,11,33023692,"31","33023692","P1D","http://aido.bsvgateway.org/api/locations/33023692/","Malaysia","Malaysia","Country","http://aido.bsvgateway.org/api/locations/20359812/",3.79239278856245,109.698868636613,3.79239278856245,"Leptospirosis"
"33023692.33",2000-09-04,2000-09-03,13,33023692,"31","33023692","P1D","http://aido.bsvgateway.org/api/locations/33023692/","Malaysia","Malaysia","Country","http://aido.bsvgateway.org/api/locations/20359812/",109.698868636613,109.698868636613,3.79239278856245,"Leptospirosis"
"33023692.34",2000-09-05,2000-09-04,19,33023692,"31","33023692","P1D","http://aido.bsvgateway.org/api/locations/33023692/","Malaysia","Malaysia","Country","http://aido.bsvgateway.org/api/locations/20359812/",3.79239278856245,109.698868636613,3.79239278856245,"Leptospirosis"
"33023692.35",2000-09-06,2000-09-05,14,33023692,"31","33023692","P1D","http://aido.bsvgateway.org/api/locations/33023692/","Malaysia","Malaysia","Country","http://aido.bsvgateway.org/api/locations/20359812/",109.698868636613,109.698868636613,3.79239278856245,"Leptospirosis"
"33023692.36",2000-09-07,2000-09-06,5,33023692,"31","33023692","P1D","http://aido.bsvgateway.org/api/locations/33023692/","Malaysia","Malaysia","Country","http://aido.bsvgateway.org/api/locations/20359812/",3.79239278856245,109.698868636613,3.79239278856245,"Leptospirosis"
"33023692.37",2000-09-08,2000-09-07,5,33023692,"31","33023692","P1D","http://aido.bsvgateway.org/api/locations/33023692/","Malaysia","Malaysia","Country","http://aido.bsvgateway.org/api/locations/20359812/",109.698868636613,109.698868636613,3.79239278856245,"Leptospirosis"
"33023692.38",2000-09-09,2000-09-08,1,33023692,"31","33023692","P1D","http://aido.bsvgateway.org/api/locations/33023692/","Malaysia","Malaysia","Country","http://aido.bsvgateway.org/api/locations/20359812/",3.79239278856245,109.698868636613,3.79239278856245,"Leptospirosis"
"33023692.39",2000-09-10,2000-09-09,1,33023692,"31","33023692","P1D","http://aido.bsvgateway.org/api/locations/33023692/","Malaysia","Malaysia","Country","http://aido.bsvgateway.org/api/locations/20359812/",109.698868636613,109.698868636613,3.79239278856245,"Leptospirosis"
"33023692.40",2000-09-11,2000-09-10,1,33023692,"31","33023692","P1D","http://aido.bsvgateway.org/api/locations/33023692/","Malaysia","Malaysia","Country","http://aido.bsvgateway.org/api/locations/20359812/",3.79239278856245,109.698868636613,3.79239278856245,"Leptospirosis"
"33023692.41",2000-09-12,2000-09-11,2,33023692,"31","33023692","P1D","http://aido.bsvgateway.org/api/locations/33023692/","Malaysia","Malaysia","Country","http://aido.bsvgateway.org/api/locations/20359812/",109.698868636613,109.698868636613,3.79239278856245,"Leptospirosis"
"33023692.42",2000-09-13,2000-09-12,1,33023692,"31","33023692","P1D","http://aido.bsvgateway.org/api/locations/33023692/","Malaysia","Malaysia","Country","http://aido.bsvgateway.org/api/locations/20359812/",3.79239278856245,109.698868636613,3.79239278856245,"Leptospirosis"
"33023692.43",2000-09-14,2000-09-13,0,33023692,"31","33023692","P1D","http://aido.bsvgateway.org/api/locations/33023692/","Malaysia","Malaysia","Country","http://aido.bsvgateway.org/api/locations/20359812/",109.698868636613,109.698868636613,3.79239278856245,"Leptospirosis"
"33023692.44",2000-09-15,2000-09-14,1,33023692,"31","33023692","P1D","http://aido.bsvgateway.org/api/locations/33023692/","Malaysia","Malaysia","Country","http://aido.bsvgateway.org/api/locations/20359812/",3.79239278856245,109.698868636613,3.79239278856245,"Leptospirosis"
"33023692.45",2010-06-28,2010-06-27,1,33023692,"31","33023692","P1D","http://aido.bsvgateway.org/api/locations/33023692/","Malaysia","Malaysia","Country","http://aido.bsvgateway.org/api/locations/20359812/",109.698868636613,109.698868636613,3.79239278856245,"Leptospirosis"
"33023692.46",2010-06-29,2010-06-28,3,33023692,"31","33023692","P1D","http://aido.bsvgateway.org/api/locations/33023692/","Malaysia","Malaysia","Country","http://aido.bsvgateway.org/api/locations/20359812/",3.79239278856245,109.698868636613,3.79239278856245,"Leptospirosis"
"33023692.47",2010-06-30,2010-06-29,2,33023692,"31","33023692","P1D","http://aido.bsvgateway.org/api/locations/33023692/","Malaysia","Malaysia","Country","http://aido.bsvgateway.org/api/locations/20359812/",109.698868636613,109.698868636613,3.79239278856245,"Leptospirosis"
"33023692.48",2010-07-01,2010-06-30,2,33023692,"31","33023692","P1D","http://aido.bsvgateway.org/api/locations/33023692/","Malaysia","Malaysia","Country","http://aido.bsvgateway.org/api/locations/20359812/",3.79239278856245,109.698868636613,3.79239278856245,"Leptospirosis"
"33023692.49",2010-07-02,2010-07-01,1,33023692,"31","33023692","P1D","http://aido.bsvgateway.org/api/locations/33023692/","Malaysia","Malaysia","Country","http://aido.bsvgateway.org/api/locations/20359812/",109.698868636613,109.698868636613,3.79239278856245,"Leptospirosis"
"33023692.50",2010-07-03,2010-07-02,1,33023692,"31","33023692","P1D","http://aido.bsvgateway.org/api/locations/33023692/","Malaysia","Malaysia","Country","http://aido.bsvgateway.org/api/locations/20359812/",3.79239278856245,109.698868636613,3.79239278856245,"Leptospirosis"
"33023692.51",2010-07-04,2010-07-03,2,33023692,"31","33023692","P1D","http://aido.bsvgateway.org/api/locations/33023692/","Malaysia","Malaysia","Country","http://aido.bsvgateway.org/api/locations/20359812/",109.698868636613,109.698868636613,3.79239278856245,"Leptospirosis"
"33023692.52",2010-07-05,2010-07-04,1,33023692,"31","33023692","P1D","http://aido.bsvgateway.org/api/locations/33023692/","Malaysia","Malaysia","Country","http://aido.bsvgateway.org/api/locations/20359812/",3.79239278856245,109.698868636613,3.79239278856245,"Leptospirosis"
"33023692.53",2010-07-06,2010-07-05,0,33023692,"31","33023692","P1D","http://aido.bsvgateway.org/api/locations/33023692/","Malaysia","Malaysia","Country","http://aido.bsvgateway.org/api/locations/20359812/",109.698868636613,109.698868636613,3.79239278856245,"Leptospirosis"
"33023692.54",2010-07-07,2010-07-06,1,33023692,"31","33023692","P1D","http://aido.bsvgateway.org/api/locations/33023692/","Malaysia","Malaysia","Country","http://aido.bsvgateway.org/api/locations/20359812/",3.79239278856245,109.698868636613,3.79239278856245,"Leptospirosis"
"33023692.55",2010-07-08,2010-07-07,1,33023692,"31","33023692","P1D","http://aido.bsvgateway.org/api/locations/33023692/","Malaysia","Malaysia","Country","http://aido.bsvgateway.org/api/locations/20359812/",109.698868636613,109.698868636613,3.79239278856245,"Leptospirosis"
"33023692.56",2010-07-09,2010-07-08,1,33023692,"31","33023692","P1D","http://aido.bsvgateway.org/api/locations/33023692/","Malaysia","Malaysia","Country","http://aido.bsvgateway.org/api/locations/20359812/",3.79239278856245,109.698868636613,3.79239278856245,"Leptospirosis"
"33023692.57",2010-07-10,2010-07-09,2,33023692,"31","33023692","P1D","http://aido.bsvgateway.org/api/locations/33023692/","Malaysia","Malaysia","Country","http://aido.bsvgateway.org/api/locations/20359812/",109.698868636613,109.698868636613,3.79239278856245,"Leptospirosis"
"33023692.58",2010-07-11,2010-07-10,0,33023692,"31","33023692","P1D","http://aido.bsvgateway.org/api/locations/33023692/","Malaysia","Malaysia","Country","http://aido.bsvgateway.org/api/locations/20359812/",3.79239278856245,109.698868636613,3.79239278856245,"Leptospirosis"
"33023692.59",2010-07-12,2010-07-11,0,33023692,"31","33023692","P1D","http://aido.bsvgateway.org/api/locations/33023692/","Malaysia","Malaysia","Country","http://aido.bsvgateway.org/api/locations/20359812/",109.698868636613,109.698868636613,3.79239278856245,"Leptospirosis"
"33023692.60",2010-07-13,2010-07-12,1,33023692,"31","33023692","P1D","http://aido.bsvgateway.org/api/locations/33023692/","Malaysia","Malaysia","Country","http://aido.bsvgateway.org/api/locations/20359812/",3.79239278856245,109.698868636613,3.79239278856245,"Leptospirosis"
"33023692.61",2010-07-14,2010-07-13,0,33023692,"31","33023692","P1D","http://aido.bsvgateway.org/api/locations/33023692/","Malaysia","Malaysia","Country","http://aido.bsvgateway.org/api/locations/20359812/",109.698868636613,109.698868636613,3.79239278856245,"Leptospirosis"
"33023692.62",2010-07-15,2010-07-14,0,33023692,"31","33023692","P1D","http://aido.bsvgateway.org/api/locations/33023692/","Malaysia","Malaysia","Country","http://aido.bsvgateway.org/api/locations/20359812/",3.79239278856245,109.698868636613,3.79239278856245,"Leptospirosis"
"33023692.63",2010-07-16,2010-07-15,0,33023692,"31","33023692","P1D","http://aido.bsvgateway.org/api/locations/33023692/","Malaysia","Malaysia","Country","http://aido.bsvgateway.org/api/locations/20359812/",109.698868636613,109.698868636613,3.79239278856245,"Leptospirosis"
"33023692.64",2010-07-17,2010-07-16,0,33023692,"31","33023692","P1D","http://aido.bsvgateway.org/api/locations/33023692/","Malaysia","Malaysia","Country","http://aido.bsvgateway.org/api/locations/20359812/",3.79239278856245,109.698868636613,3.79239278856245,"Leptospirosis"
"33023692.65",2010-07-18,2010-07-17,0,33023692,"31","33023692","P1D","http://aido.bsvgateway.org/api/locations/33023692/","Malaysia","Malaysia","Country","http://aido.bsvgateway.org/api/locations/20359812/",109.698868636613,109.698868636613,3.79239278856245,"Leptospirosis"
"33023692.66",2010-07-19,2010-07-18,1,33023692,"31","33023692","P1D","http://aido.bsvgateway.org/api/locations/33023692/","Malaysia","Malaysia","Country","http://aido.bsvgateway.org/api/locations/20359812/",3.79239278856245,109.698868636613,3.79239278856245,"Leptospirosis"
"33023692.67",2010-07-20,2010-07-19,0,33023692,"31","33023692","P1D","http://aido.bsvgateway.org/api/locations/33023692/","Malaysia","Malaysia","Country","http://aido.bsvgateway.org/api/locations/20359812/",109.698868636613,109.698868636613,3.79239278856245,"Leptospirosis"
"33023692.68",2010-07-21,2010-07-20,0,33023692,"31","33023692","P1D","http://aido.bsvgateway.org/api/locations/33023692/","Malaysia","Malaysia","Country","http://aido.bsvgateway.org/api/locations/20359812/",3.79239278856245,109.698868636613,3.79239278856245,"Leptospirosis"
"33023692.69",2010-07-22,2010-07-21,0,33023692,"31","33023692","P1D","http://aido.bsvgateway.org/api/locations/33023692/","Malaysia","Malaysia","Country","http://aido.bsvgateway.org/api/locations/20359812/",109.698868636613,109.698868636613,3.79239278856245,"Leptospirosis"
"33023692.70",2010-07-23,2010-07-22,0,33023692,"31","33023692","P1D","http://aido.bsvgateway.org/api/locations/33023692/","Malaysia","Malaysia","Country","http://aido.bsvgateway.org/api/locations/20359812/",3.79239278856245,109.698868636613,3.79239278856245,"Leptospirosis"
"33023692.71",2010-07-24,2010-07-23,0,33023692,"31","33023692","P1D","http://aido.bsvgateway.org/api/locations/33023692/","Malaysia","Malaysia","Country","http://aido.bsvgateway.org/api/locations/20359812/",109.698868636613,109.698868636613,3.79239278856245,"Leptospirosis"
"33023692.72",2010-07-25,2010-07-24,1,33023692,"31","33023692","P1D","http://aido.bsvgateway.org/api/locations/33023692/","Malaysia","Malaysia","Country","http://aido.bsvgateway.org/api/locations/20359812/",3.79239278856245,109.698868636613,3.79239278856245,"Leptospirosis"
