"","end","start","value","id","disease","location","duration","url","name","full_name","admin_level_name","parent","centroid_lat_long","longitude","latitude","disease_name"
"118006383.78",2013-04-24,2013-04-23,1,118006383,"50","118006383","P1D","http://aido.bsvgateway.org/api/locations/118006383/","Australia","Australia","Country","http://aido.bsvgateway.org/api/locations/156561026/",-25.7323105390557,134.491118787801,-25.7323105390557,"Campylobacteriosis"
"118006383.79",2013-04-25,2013-04-24,0,118006383,"50","118006383","P1D","http://aido.bsvgateway.org/api/locations/118006383/","Australia","Australia","Country","http://aido.bsvgateway.org/api/locations/156561026/",134.4911187878,134.491118787801,-25.7323105390557,"Campylobacteriosis"
"118006383.80",2013-04-26,2013-04-25,0,118006383,"50","118006383","P1D","http://aido.bsvgateway.org/api/locations/118006383/","Australia","Australia","Country","http://aido.bsvgateway.org/api/locations/156561026/",-25.7323105390557,134.491118787801,-25.7323105390557,"Campylobacteriosis"
"118006383.81",2013-04-27,2013-04-26,0,118006383,"50","118006383","P1D","http://aido.bsvgateway.org/api/locations/118006383/","Australia","Australia","Country","http://aido.bsvgateway.org/api/locations/156561026/",134.4911187878,134.491118787801,-25.7323105390557,"Campylobacteriosis"
"118006383.82",2013-04-28,2013-04-27,1,118006383,"50","118006383","P1D","http://aido.bsvgateway.org/api/locations/118006383/","Australia","Australia","Country","http://aido.bsvgateway.org/api/locations/156561026/",-25.7323105390557,134.491118787801,-25.7323105390557,"Campylobacteriosis"
"118006383.83",2013-04-29,2013-04-28,0,118006383,"50","118006383","P1D","http://aido.bsvgateway.org/api/locations/118006383/","Australia","Australia","Country","http://aido.bsvgateway.org/api/locations/156561026/",134.4911187878,134.491118787801,-25.7323105390557,"Campylobacteriosis"
"118006383.84",2013-04-30,2013-04-29,1,118006383,"50","118006383","P1D","http://aido.bsvgateway.org/api/locations/118006383/","Australia","Australia","Country","http://aido.bsvgateway.org/api/locations/156561026/",-25.7323105390557,134.491118787801,-25.7323105390557,"Campylobacteriosis"
"118006383.85",2013-05-01,2013-04-30,1,118006383,"50","118006383","P1D","http://aido.bsvgateway.org/api/locations/118006383/","Australia","Australia","Country","http://aido.bsvgateway.org/api/locations/156561026/",134.4911187878,134.491118787801,-25.7323105390557,"Campylobacteriosis"
"118006383.86",2013-05-02,2013-05-01,1,118006383,"50","118006383","P1D","http://aido.bsvgateway.org/api/locations/118006383/","Australia","Australia","Country","http://aido.bsvgateway.org/api/locations/156561026/",-25.7323105390557,134.491118787801,-25.7323105390557,"Campylobacteriosis"
"118006383.87",2013-05-03,2013-05-02,0,118006383,"50","118006383","P1D","http://aido.bsvgateway.org/api/locations/118006383/","Australia","Australia","Country","http://aido.bsvgateway.org/api/locations/156561026/",134.4911187878,134.491118787801,-25.7323105390557,"Campylobacteriosis"
"118006383.88",2013-05-04,2013-05-03,0,118006383,"50","118006383","P1D","http://aido.bsvgateway.org/api/locations/118006383/","Australia","Australia","Country","http://aido.bsvgateway.org/api/locations/156561026/",-25.7323105390557,134.491118787801,-25.7323105390557,"Campylobacteriosis"
"118006383.89",2013-05-05,2013-05-04,0,118006383,"50","118006383","P1D","http://aido.bsvgateway.org/api/locations/118006383/","Australia","Australia","Country","http://aido.bsvgateway.org/api/locations/156561026/",134.4911187878,134.491118787801,-25.7323105390557,"Campylobacteriosis"
"118006383.90",2013-05-06,2013-05-05,0,118006383,"50","118006383","P1D","http://aido.bsvgateway.org/api/locations/118006383/","Australia","Australia","Country","http://aido.bsvgateway.org/api/locations/156561026/",-25.7323105390557,134.491118787801,-25.7323105390557,"Campylobacteriosis"
"118006383.91",2013-05-07,2013-05-06,0,118006383,"50","118006383","P1D","http://aido.bsvgateway.org/api/locations/118006383/","Australia","Australia","Country","http://aido.bsvgateway.org/api/locations/156561026/",134.4911187878,134.491118787801,-25.7323105390557,"Campylobacteriosis"
"118006383.92",2013-05-08,2013-05-07,0,118006383,"50","118006383","P1D","http://aido.bsvgateway.org/api/locations/118006383/","Australia","Australia","Country","http://aido.bsvgateway.org/api/locations/156561026/",-25.7323105390557,134.491118787801,-25.7323105390557,"Campylobacteriosis"
"118006383.93",2013-05-09,2013-05-08,0,118006383,"50","118006383","P1D","http://aido.bsvgateway.org/api/locations/118006383/","Australia","Australia","Country","http://aido.bsvgateway.org/api/locations/156561026/",134.4911187878,134.491118787801,-25.7323105390557,"Campylobacteriosis"
"118006383.94",2013-05-10,2013-05-09,0,118006383,"50","118006383","P1D","http://aido.bsvgateway.org/api/locations/118006383/","Australia","Australia","Country","http://aido.bsvgateway.org/api/locations/156561026/",-25.7323105390557,134.491118787801,-25.7323105390557,"Campylobacteriosis"
"118006383.95",2013-05-11,2013-05-10,0,118006383,"50","118006383","P1D","http://aido.bsvgateway.org/api/locations/118006383/","Australia","Australia","Country","http://aido.bsvgateway.org/api/locations/156561026/",134.4911187878,134.491118787801,-25.7323105390557,"Campylobacteriosis"
"118006383.96",2013-05-12,2013-05-11,0,118006383,"50","118006383","P1D","http://aido.bsvgateway.org/api/locations/118006383/","Australia","Australia","Country","http://aido.bsvgateway.org/api/locations/156561026/",-25.7323105390557,134.491118787801,-25.7323105390557,"Campylobacteriosis"
"118006383.97",2013-05-13,2013-05-12,0,118006383,"50","118006383","P1D","http://aido.bsvgateway.org/api/locations/118006383/","Australia","Australia","Country","http://aido.bsvgateway.org/api/locations/156561026/",134.4911187878,134.491118787801,-25.7323105390557,"Campylobacteriosis"
"118006383.98",2013-05-14,2013-05-13,0,118006383,"50","118006383","P1D","http://aido.bsvgateway.org/api/locations/118006383/","Australia","Australia","Country","http://aido.bsvgateway.org/api/locations/156561026/",-25.7323105390557,134.491118787801,-25.7323105390557,"Campylobacteriosis"
"118006383.99",2013-05-15,2013-05-14,0,118006383,"50","118006383","P1D","http://aido.bsvgateway.org/api/locations/118006383/","Australia","Australia","Country","http://aido.bsvgateway.org/api/locations/156561026/",134.4911187878,134.491118787801,-25.7323105390557,"Campylobacteriosis"
"118006383.100",2013-05-16,2013-05-15,0,118006383,"50","118006383","P1D","http://aido.bsvgateway.org/api/locations/118006383/","Australia","Australia","Country","http://aido.bsvgateway.org/api/locations/156561026/",-25.7323105390557,134.491118787801,-25.7323105390557,"Campylobacteriosis"
"118006383.101",2013-05-17,2013-05-16,0,118006383,"50","118006383","P1D","http://aido.bsvgateway.org/api/locations/118006383/","Australia","Australia","Country","http://aido.bsvgateway.org/api/locations/156561026/",134.4911187878,134.491118787801,-25.7323105390557,"Campylobacteriosis"
"118006383.102",2013-05-18,2013-05-17,0,118006383,"50","118006383","P1D","http://aido.bsvgateway.org/api/locations/118006383/","Australia","Australia","Country","http://aido.bsvgateway.org/api/locations/156561026/",-25.7323105390557,134.491118787801,-25.7323105390557,"Campylobacteriosis"
"118006383.103",2013-05-19,2013-05-18,0,118006383,"50","118006383","P1D","http://aido.bsvgateway.org/api/locations/118006383/","Australia","Australia","Country","http://aido.bsvgateway.org/api/locations/156561026/",134.4911187878,134.491118787801,-25.7323105390557,"Campylobacteriosis"
"118006383.104",2013-05-20,2013-05-19,0,118006383,"50","118006383","P1D","http://aido.bsvgateway.org/api/locations/118006383/","Australia","Australia","Country","http://aido.bsvgateway.org/api/locations/156561026/",-25.7323105390557,134.491118787801,-25.7323105390557,"Campylobacteriosis"
"118006383.105",2013-05-21,2013-05-20,0,118006383,"50","118006383","P1D","http://aido.bsvgateway.org/api/locations/118006383/","Australia","Australia","Country","http://aido.bsvgateway.org/api/locations/156561026/",134.4911187878,134.491118787801,-25.7323105390557,"Campylobacteriosis"
"118006383.106",2013-05-22,2013-05-21,0,118006383,"50","118006383","P1D","http://aido.bsvgateway.org/api/locations/118006383/","Australia","Australia","Country","http://aido.bsvgateway.org/api/locations/156561026/",-25.7323105390557,134.491118787801,-25.7323105390557,"Campylobacteriosis"
"118006383.107",2013-05-23,2013-05-22,0,118006383,"50","118006383","P1D","http://aido.bsvgateway.org/api/locations/118006383/","Australia","Australia","Country","http://aido.bsvgateway.org/api/locations/156561026/",134.4911187878,134.491118787801,-25.7323105390557,"Campylobacteriosis"
"118006383.108",2013-05-24,2013-05-23,0,118006383,"50","118006383","P1D","http://aido.bsvgateway.org/api/locations/118006383/","Australia","Australia","Country","http://aido.bsvgateway.org/api/locations/156561026/",-25.7323105390557,134.491118787801,-25.7323105390557,"Campylobacteriosis"
"118006383.109",2013-05-25,2013-05-24,0,118006383,"50","118006383","P1D","http://aido.bsvgateway.org/api/locations/118006383/","Australia","Australia","Country","http://aido.bsvgateway.org/api/locations/156561026/",134.4911187878,134.491118787801,-25.7323105390557,"Campylobacteriosis"
"118006383.110",2013-05-26,2013-05-25,0,118006383,"50","118006383","P1D","http://aido.bsvgateway.org/api/locations/118006383/","Australia","Australia","Country","http://aido.bsvgateway.org/api/locations/156561026/",-25.7323105390557,134.491118787801,-25.7323105390557,"Campylobacteriosis"
"118006383.111",2013-05-27,2013-05-26,0,118006383,"50","118006383","P1D","http://aido.bsvgateway.org/api/locations/118006383/","Australia","Australia","Country","http://aido.bsvgateway.org/api/locations/156561026/",134.4911187878,134.491118787801,-25.7323105390557,"Campylobacteriosis"
"118006383.112",2013-05-28,2013-05-27,0,118006383,"50","118006383","P1D","http://aido.bsvgateway.org/api/locations/118006383/","Australia","Australia","Country","http://aido.bsvgateway.org/api/locations/156561026/",-25.7323105390557,134.491118787801,-25.7323105390557,"Campylobacteriosis"
"118006383.113",2013-05-29,2013-05-28,0,118006383,"50","118006383","P1D","http://aido.bsvgateway.org/api/locations/118006383/","Australia","Australia","Country","http://aido.bsvgateway.org/api/locations/156561026/",134.4911187878,134.491118787801,-25.7323105390557,"Campylobacteriosis"
"118006383.114",2013-05-30,2013-05-29,0,118006383,"50","118006383","P1D","http://aido.bsvgateway.org/api/locations/118006383/","Australia","Australia","Country","http://aido.bsvgateway.org/api/locations/156561026/",-25.7323105390557,134.491118787801,-25.7323105390557,"Campylobacteriosis"
"118006383.115",2013-05-31,2013-05-30,0,118006383,"50","118006383","P1D","http://aido.bsvgateway.org/api/locations/118006383/","Australia","Australia","Country","http://aido.bsvgateway.org/api/locations/156561026/",134.4911187878,134.491118787801,-25.7323105390557,"Campylobacteriosis"
"118006383.116",2013-06-01,2013-05-31,0,118006383,"50","118006383","P1D","http://aido.bsvgateway.org/api/locations/118006383/","Australia","Australia","Country","http://aido.bsvgateway.org/api/locations/156561026/",-25.7323105390557,134.491118787801,-25.7323105390557,"Campylobacteriosis"
"118006383.117",2013-06-02,2013-06-01,0,118006383,"50","118006383","P1D","http://aido.bsvgateway.org/api/locations/118006383/","Australia","Australia","Country","http://aido.bsvgateway.org/api/locations/156561026/",134.4911187878,134.491118787801,-25.7323105390557,"Campylobacteriosis"
"118006383.118",2013-06-03,2013-06-02,0,118006383,"50","118006383","P1D","http://aido.bsvgateway.org/api/locations/118006383/","Australia","Australia","Country","http://aido.bsvgateway.org/api/locations/156561026/",-25.7323105390557,134.491118787801,-25.7323105390557,"Campylobacteriosis"
"118006383.119",2013-06-04,2013-06-03,0,118006383,"50","118006383","P1D","http://aido.bsvgateway.org/api/locations/118006383/","Australia","Australia","Country","http://aido.bsvgateway.org/api/locations/156561026/",134.4911187878,134.491118787801,-25.7323105390557,"Campylobacteriosis"
"118006383.120",2013-06-05,2013-06-04,0,118006383,"50","118006383","P1D","http://aido.bsvgateway.org/api/locations/118006383/","Australia","Australia","Country","http://aido.bsvgateway.org/api/locations/156561026/",-25.7323105390557,134.491118787801,-25.7323105390557,"Campylobacteriosis"
"118006383.121",2013-06-06,2013-06-05,0,118006383,"50","118006383","P1D","http://aido.bsvgateway.org/api/locations/118006383/","Australia","Australia","Country","http://aido.bsvgateway.org/api/locations/156561026/",134.4911187878,134.491118787801,-25.7323105390557,"Campylobacteriosis"
"118006383.122",2013-06-07,2013-06-06,0,118006383,"50","118006383","P1D","http://aido.bsvgateway.org/api/locations/118006383/","Australia","Australia","Country","http://aido.bsvgateway.org/api/locations/156561026/",-25.7323105390557,134.491118787801,-25.7323105390557,"Campylobacteriosis"
"118006383.123",2013-06-08,2013-06-07,0,118006383,"50","118006383","P1D","http://aido.bsvgateway.org/api/locations/118006383/","Australia","Australia","Country","http://aido.bsvgateway.org/api/locations/156561026/",134.4911187878,134.491118787801,-25.7323105390557,"Campylobacteriosis"
"118006383.124",2013-06-09,2013-06-08,0,118006383,"50","118006383","P1D","http://aido.bsvgateway.org/api/locations/118006383/","Australia","Australia","Country","http://aido.bsvgateway.org/api/locations/156561026/",-25.7323105390557,134.491118787801,-25.7323105390557,"Campylobacteriosis"
"118006383.125",2013-06-10,2013-06-09,0,118006383,"50","118006383","P1D","http://aido.bsvgateway.org/api/locations/118006383/","Australia","Australia","Country","http://aido.bsvgateway.org/api/locations/156561026/",134.4911187878,134.491118787801,-25.7323105390557,"Campylobacteriosis"
"118006383.126",2013-06-11,2013-06-10,0,118006383,"50","118006383","P1D","http://aido.bsvgateway.org/api/locations/118006383/","Australia","Australia","Country","http://aido.bsvgateway.org/api/locations/156561026/",-25.7323105390557,134.491118787801,-25.7323105390557,"Campylobacteriosis"
"118006383.127",2013-06-12,2013-06-11,0,118006383,"50","118006383","P1D","http://aido.bsvgateway.org/api/locations/118006383/","Australia","Australia","Country","http://aido.bsvgateway.org/api/locations/156561026/",134.4911187878,134.491118787801,-25.7323105390557,"Campylobacteriosis"
"118006383.128",2013-06-13,2013-06-12,0,118006383,"50","118006383","P1D","http://aido.bsvgateway.org/api/locations/118006383/","Australia","Australia","Country","http://aido.bsvgateway.org/api/locations/156561026/",-25.7323105390557,134.491118787801,-25.7323105390557,"Campylobacteriosis"
"118006383.129",2013-06-14,2013-06-13,0,118006383,"50","118006383","P1D","http://aido.bsvgateway.org/api/locations/118006383/","Australia","Australia","Country","http://aido.bsvgateway.org/api/locations/156561026/",134.4911187878,134.491118787801,-25.7323105390557,"Campylobacteriosis"
"118006383.130",2013-06-15,2013-06-14,0,118006383,"50","118006383","P1D","http://aido.bsvgateway.org/api/locations/118006383/","Australia","Australia","Country","http://aido.bsvgateway.org/api/locations/156561026/",-25.7323105390557,134.491118787801,-25.7323105390557,"Campylobacteriosis"
"118006383.131",2013-06-16,2013-06-15,2,118006383,"50","118006383","P1D","http://aido.bsvgateway.org/api/locations/118006383/","Australia","Australia","Country","http://aido.bsvgateway.org/api/locations/156561026/",134.4911187878,134.491118787801,-25.7323105390557,"Campylobacteriosis"
"118006383.132",2013-06-17,2013-06-16,1,118006383,"50","118006383","P1D","http://aido.bsvgateway.org/api/locations/118006383/","Australia","Australia","Country","http://aido.bsvgateway.org/api/locations/156561026/",-25.7323105390557,134.491118787801,-25.7323105390557,"Campylobacteriosis"
"118006383.133",2013-06-18,2013-06-17,0,118006383,"50","118006383","P1D","http://aido.bsvgateway.org/api/locations/118006383/","Australia","Australia","Country","http://aido.bsvgateway.org/api/locations/156561026/",134.4911187878,134.491118787801,-25.7323105390557,"Campylobacteriosis"
"118006383.134",2013-06-19,2013-06-18,2,118006383,"50","118006383","P1D","http://aido.bsvgateway.org/api/locations/118006383/","Australia","Australia","Country","http://aido.bsvgateway.org/api/locations/156561026/",-25.7323105390557,134.491118787801,-25.7323105390557,"Campylobacteriosis"
"118006383.135",2013-06-20,2013-06-19,3,118006383,"50","118006383","P1D","http://aido.bsvgateway.org/api/locations/118006383/","Australia","Australia","Country","http://aido.bsvgateway.org/api/locations/156561026/",134.4911187878,134.491118787801,-25.7323105390557,"Campylobacteriosis"
"118006383.136",2013-06-21,2013-06-20,0,118006383,"50","118006383","P1D","http://aido.bsvgateway.org/api/locations/118006383/","Australia","Australia","Country","http://aido.bsvgateway.org/api/locations/156561026/",-25.7323105390557,134.491118787801,-25.7323105390557,"Campylobacteriosis"
"118006383.137",2013-06-22,2013-06-21,0,118006383,"50","118006383","P1D","http://aido.bsvgateway.org/api/locations/118006383/","Australia","Australia","Country","http://aido.bsvgateway.org/api/locations/156561026/",134.4911187878,134.491118787801,-25.7323105390557,"Campylobacteriosis"
"118006383.138",2013-06-23,2013-06-22,0,118006383,"50","118006383","P1D","http://aido.bsvgateway.org/api/locations/118006383/","Australia","Australia","Country","http://aido.bsvgateway.org/api/locations/156561026/",-25.7323105390557,134.491118787801,-25.7323105390557,"Campylobacteriosis"
"118006383.139",2013-06-24,2013-06-23,0,118006383,"50","118006383","P1D","http://aido.bsvgateway.org/api/locations/118006383/","Australia","Australia","Country","http://aido.bsvgateway.org/api/locations/156561026/",134.4911187878,134.491118787801,-25.7323105390557,"Campylobacteriosis"
"118006383.140",2013-06-25,2013-06-24,1,118006383,"50","118006383","P1D","http://aido.bsvgateway.org/api/locations/118006383/","Australia","Australia","Country","http://aido.bsvgateway.org/api/locations/156561026/",-25.7323105390557,134.491118787801,-25.7323105390557,"Campylobacteriosis"
"118006383.141",2013-06-26,2013-06-25,1,118006383,"50","118006383","P1D","http://aido.bsvgateway.org/api/locations/118006383/","Australia","Australia","Country","http://aido.bsvgateway.org/api/locations/156561026/",134.4911187878,134.491118787801,-25.7323105390557,"Campylobacteriosis"
