"","end","start","value","id","disease","location","duration","url","name","full_name","admin_level_name","parent","centroid_lat_long","longitude","latitude","disease_name"
"102446886.131",2001-02-01,2001-01-31,3,102446886,"69","102446886","P1D","http://aido.bsvgateway.org/api/locations/102446886/","India","India","Country","http://aido.bsvgateway.org/api/locations/20359812/",22.8879524743579,79.615721549001,22.8879524743579,"Nipah"
"102446886.132",2001-02-02,2001-02-01,5,102446886,"69","102446886","P1D","http://aido.bsvgateway.org/api/locations/102446886/","India","India","Country","http://aido.bsvgateway.org/api/locations/20359812/",79.615721549001,79.615721549001,22.8879524743579,"Nipah"
"102446886.133",2001-02-03,2001-02-02,1,102446886,"69","102446886","P1D","http://aido.bsvgateway.org/api/locations/102446886/","India","India","Country","http://aido.bsvgateway.org/api/locations/20359812/",22.8879524743579,79.615721549001,22.8879524743579,"Nipah"
"102446886.134",2001-02-04,2001-02-03,1,102446886,"69","102446886","P1D","http://aido.bsvgateway.org/api/locations/102446886/","India","India","Country","http://aido.bsvgateway.org/api/locations/20359812/",79.615721549001,79.615721549001,22.8879524743579,"Nipah"
"102446886.135",2001-02-05,2001-02-04,1,102446886,"69","102446886","P1D","http://aido.bsvgateway.org/api/locations/102446886/","India","India","Country","http://aido.bsvgateway.org/api/locations/20359812/",22.8879524743579,79.615721549001,22.8879524743579,"Nipah"
"102446886.136",2001-02-06,2001-02-05,0,102446886,"69","102446886","P1D","http://aido.bsvgateway.org/api/locations/102446886/","India","India","Country","http://aido.bsvgateway.org/api/locations/20359812/",79.615721549001,79.615721549001,22.8879524743579,"Nipah"
"102446886.137",2001-02-07,2001-02-06,0,102446886,"69","102446886","P1D","http://aido.bsvgateway.org/api/locations/102446886/","India","India","Country","http://aido.bsvgateway.org/api/locations/20359812/",22.8879524743579,79.615721549001,22.8879524743579,"Nipah"
"102446886.138",2001-02-08,2001-02-07,0,102446886,"69","102446886","P1D","http://aido.bsvgateway.org/api/locations/102446886/","India","India","Country","http://aido.bsvgateway.org/api/locations/20359812/",79.615721549001,79.615721549001,22.8879524743579,"Nipah"
"102446886.139",2001-02-09,2001-02-08,0,102446886,"69","102446886","P1D","http://aido.bsvgateway.org/api/locations/102446886/","India","India","Country","http://aido.bsvgateway.org/api/locations/20359812/",22.8879524743579,79.615721549001,22.8879524743579,"Nipah"
"102446886.140",2001-02-10,2001-02-09,0,102446886,"69","102446886","P1D","http://aido.bsvgateway.org/api/locations/102446886/","India","India","Country","http://aido.bsvgateway.org/api/locations/20359812/",79.615721549001,79.615721549001,22.8879524743579,"Nipah"
"102446886.141",2001-02-11,2001-02-10,1,102446886,"69","102446886","P1D","http://aido.bsvgateway.org/api/locations/102446886/","India","India","Country","http://aido.bsvgateway.org/api/locations/20359812/",22.8879524743579,79.615721549001,22.8879524743579,"Nipah"
"102446886.142",2001-02-12,2001-02-11,0,102446886,"69","102446886","P1D","http://aido.bsvgateway.org/api/locations/102446886/","India","India","Country","http://aido.bsvgateway.org/api/locations/20359812/",79.615721549001,79.615721549001,22.8879524743579,"Nipah"
"102446886.143",2001-02-13,2001-02-12,1,102446886,"69","102446886","P1D","http://aido.bsvgateway.org/api/locations/102446886/","India","India","Country","http://aido.bsvgateway.org/api/locations/20359812/",22.8879524743579,79.615721549001,22.8879524743579,"Nipah"
"102446886.144",2001-02-14,2001-02-13,0,102446886,"69","102446886","P1D","http://aido.bsvgateway.org/api/locations/102446886/","India","India","Country","http://aido.bsvgateway.org/api/locations/20359812/",79.615721549001,79.615721549001,22.8879524743579,"Nipah"
"102446886.145",2001-02-15,2001-02-14,8,102446886,"69","102446886","P1D","http://aido.bsvgateway.org/api/locations/102446886/","India","India","Country","http://aido.bsvgateway.org/api/locations/20359812/",22.8879524743579,79.615721549001,22.8879524743579,"Nipah"
"102446886.146",2001-02-16,2001-02-15,10,102446886,"69","102446886","P1D","http://aido.bsvgateway.org/api/locations/102446886/","India","India","Country","http://aido.bsvgateway.org/api/locations/20359812/",79.615721549001,79.615721549001,22.8879524743579,"Nipah"
"102446886.147",2001-02-17,2001-02-16,7,102446886,"69","102446886","P1D","http://aido.bsvgateway.org/api/locations/102446886/","India","India","Country","http://aido.bsvgateway.org/api/locations/20359812/",22.8879524743579,79.615721549001,22.8879524743579,"Nipah"
"102446886.148",2001-02-18,2001-02-17,4,102446886,"69","102446886","P1D","http://aido.bsvgateway.org/api/locations/102446886/","India","India","Country","http://aido.bsvgateway.org/api/locations/20359812/",79.615721549001,79.615721549001,22.8879524743579,"Nipah"
"102446886.149",2001-02-19,2001-02-18,5,102446886,"69","102446886","P1D","http://aido.bsvgateway.org/api/locations/102446886/","India","India","Country","http://aido.bsvgateway.org/api/locations/20359812/",22.8879524743579,79.615721549001,22.8879524743579,"Nipah"
"102446886.150",2001-02-20,2001-02-19,5,102446886,"69","102446886","P1D","http://aido.bsvgateway.org/api/locations/102446886/","India","India","Country","http://aido.bsvgateway.org/api/locations/20359812/",79.615721549001,79.615721549001,22.8879524743579,"Nipah"
"102446886.151",2001-02-21,2001-02-20,4,102446886,"69","102446886","P1D","http://aido.bsvgateway.org/api/locations/102446886/","India","India","Country","http://aido.bsvgateway.org/api/locations/20359812/",22.8879524743579,79.615721549001,22.8879524743579,"Nipah"
"102446886.152",2001-02-22,2001-02-21,2,102446886,"69","102446886","P1D","http://aido.bsvgateway.org/api/locations/102446886/","India","India","Country","http://aido.bsvgateway.org/api/locations/20359812/",79.615721549001,79.615721549001,22.8879524743579,"Nipah"
"102446886.153",2001-02-23,2001-02-22,0,102446886,"69","102446886","P1D","http://aido.bsvgateway.org/api/locations/102446886/","India","India","Country","http://aido.bsvgateway.org/api/locations/20359812/",22.8879524743579,79.615721549001,22.8879524743579,"Nipah"
"102446886.154",2001-02-24,2001-02-23,1,102446886,"69","102446886","P1D","http://aido.bsvgateway.org/api/locations/102446886/","India","India","Country","http://aido.bsvgateway.org/api/locations/20359812/",79.615721549001,79.615721549001,22.8879524743579,"Nipah"
"102446886.155",2007-04-21,2007-04-09,1,102446886,"69","102446886","P12D","http://aido.bsvgateway.org/api/locations/102446886/","India","India","Country","http://aido.bsvgateway.org/api/locations/20359812/",22.8879524743579,79.615721549001,22.8879524743579,"Nipah"
"102446886.156",2007-04-23,2007-04-21,2,102446886,"69","102446886","P12D","http://aido.bsvgateway.org/api/locations/102446886/","India","India","Country","http://aido.bsvgateway.org/api/locations/20359812/",79.615721549001,79.615721549001,22.8879524743579,"Nipah"
"102446886.157",2007-05-05,2007-04-23,2,102446886,"69","102446886","P12D","http://aido.bsvgateway.org/api/locations/102446886/","India","India","Country","http://aido.bsvgateway.org/api/locations/20359812/",22.8879524743579,79.615721549001,22.8879524743579,"Nipah"
