"","end","start","value","id","disease","location","duration","url","name","full_name","admin_level_name","parent","centroid_lat_long","longitude","latitude","disease_name"
"102446886.14",2011-05-28,2011-05-28,0,102446886,"53","102446886","PT3H","http://aido.bsvgateway.org/api/locations/102446886/","India","India","Country","http://aido.bsvgateway.org/api/locations/20359812/",22.8879524743579,79.615721549001,22.8879524743579,"Salmonellosis"
"102446886.15",2011-05-29,2011-05-28,0,102446886,"53","102446886","PT3H","http://aido.bsvgateway.org/api/locations/102446886/","India","India","Country","http://aido.bsvgateway.org/api/locations/20359812/",79.615721549001,79.615721549001,22.8879524743579,"Salmonellosis"
"102446886.16",2011-05-29,2011-05-29,0,102446886,"53","102446886","PT3H","http://aido.bsvgateway.org/api/locations/102446886/","India","India","Country","http://aido.bsvgateway.org/api/locations/20359812/",22.8879524743579,79.615721549001,22.8879524743579,"Salmonellosis"
"102446886.17",2011-05-29,2011-05-29,5,102446886,"53","102446886","PT3H","http://aido.bsvgateway.org/api/locations/102446886/","India","India","Country","http://aido.bsvgateway.org/api/locations/20359812/",79.615721549001,79.615721549001,22.8879524743579,"Salmonellosis"
"102446886.18",2011-05-29,2011-05-29,8,102446886,"53","102446886","PT3H","http://aido.bsvgateway.org/api/locations/102446886/","India","India","Country","http://aido.bsvgateway.org/api/locations/20359812/",22.8879524743579,79.615721549001,22.8879524743579,"Salmonellosis"
"102446886.19",2011-05-29,2011-05-29,15,102446886,"53","102446886","PT3H","http://aido.bsvgateway.org/api/locations/102446886/","India","India","Country","http://aido.bsvgateway.org/api/locations/20359812/",79.615721549001,79.615721549001,22.8879524743579,"Salmonellosis"
"102446886.20",2011-05-29,2011-05-29,10,102446886,"53","102446886","PT3H","http://aido.bsvgateway.org/api/locations/102446886/","India","India","Country","http://aido.bsvgateway.org/api/locations/20359812/",22.8879524743579,79.615721549001,22.8879524743579,"Salmonellosis"
"102446886.21",2011-05-29,2011-05-29,8,102446886,"53","102446886","PT3H","http://aido.bsvgateway.org/api/locations/102446886/","India","India","Country","http://aido.bsvgateway.org/api/locations/20359812/",79.615721549001,79.615721549001,22.8879524743579,"Salmonellosis"
"102446886.22",2011-05-29,2011-05-29,3,102446886,"53","102446886","PT3H","http://aido.bsvgateway.org/api/locations/102446886/","India","India","Country","http://aido.bsvgateway.org/api/locations/20359812/",22.8879524743579,79.615721549001,22.8879524743579,"Salmonellosis"
"102446886.23",2011-05-30,2011-05-29,2,102446886,"53","102446886","PT3H","http://aido.bsvgateway.org/api/locations/102446886/","India","India","Country","http://aido.bsvgateway.org/api/locations/20359812/",79.615721549001,79.615721549001,22.8879524743579,"Salmonellosis"
"102446886.24",2011-05-30,2011-05-30,2,102446886,"53","102446886","PT3H","http://aido.bsvgateway.org/api/locations/102446886/","India","India","Country","http://aido.bsvgateway.org/api/locations/20359812/",22.8879524743579,79.615721549001,22.8879524743579,"Salmonellosis"
"102446886.25",2011-05-30,2011-05-30,0,102446886,"53","102446886","PT3H","http://aido.bsvgateway.org/api/locations/102446886/","India","India","Country","http://aido.bsvgateway.org/api/locations/20359812/",79.615721549001,79.615721549001,22.8879524743579,"Salmonellosis"
