"","end","start","value","id","disease","location","duration","url","name","full_name","admin_level_name","parent","centroid_lat_long","longitude","latitude","disease_name"
"46892013.216",1994-09-05,1994-08-29,3,46892013,"35","46892013","P7D","http://aido.bsvgateway.org/api/locations/46892013/","Tete","Tete, Mozambique","State","http://aido.bsvgateway.org/api/locations/24068330/",-15.5214154625107,32.7415915618535,-15.5214154625107,"Plague"
"46892013.217",1994-09-12,1994-09-05,14,46892013,"35","46892013","P7D","http://aido.bsvgateway.org/api/locations/46892013/","Tete","Tete, Mozambique","State","http://aido.bsvgateway.org/api/locations/24068330/",32.7415915618535,32.7415915618535,-15.5214154625107,"Plague"
"46892013.218",1994-09-19,1994-09-12,19,46892013,"35","46892013","P7D","http://aido.bsvgateway.org/api/locations/46892013/","Tete","Tete, Mozambique","State","http://aido.bsvgateway.org/api/locations/24068330/",-15.5214154625107,32.7415915618535,-15.5214154625107,"Plague"
"46892013.219",1994-09-26,1994-09-19,21,46892013,"35","46892013","P7D","http://aido.bsvgateway.org/api/locations/46892013/","Tete","Tete, Mozambique","State","http://aido.bsvgateway.org/api/locations/24068330/",32.7415915618535,32.7415915618535,-15.5214154625107,"Plague"
"46892013.220",1994-10-03,1994-09-26,92,46892013,"35","46892013","P7D","http://aido.bsvgateway.org/api/locations/46892013/","Tete","Tete, Mozambique","State","http://aido.bsvgateway.org/api/locations/24068330/",-15.5214154625107,32.7415915618535,-15.5214154625107,"Plague"
"46892013.221",1994-10-10,1994-10-03,28,46892013,"35","46892013","P7D","http://aido.bsvgateway.org/api/locations/46892013/","Tete","Tete, Mozambique","State","http://aido.bsvgateway.org/api/locations/24068330/",32.7415915618535,32.7415915618535,-15.5214154625107,"Plague"
"46892013.222",1994-10-17,1994-10-10,20,46892013,"35","46892013","P7D","http://aido.bsvgateway.org/api/locations/46892013/","Tete","Tete, Mozambique","State","http://aido.bsvgateway.org/api/locations/24068330/",-15.5214154625107,32.7415915618535,-15.5214154625107,"Plague"
"46892013.223",1994-10-24,1994-10-17,16,46892013,"35","46892013","P7D","http://aido.bsvgateway.org/api/locations/46892013/","Tete","Tete, Mozambique","State","http://aido.bsvgateway.org/api/locations/24068330/",32.7415915618535,32.7415915618535,-15.5214154625107,"Plague"
"46892013.224",1994-10-31,1994-10-24,0,46892013,"35","46892013","P7D","http://aido.bsvgateway.org/api/locations/46892013/","Tete","Tete, Mozambique","State","http://aido.bsvgateway.org/api/locations/24068330/",-15.5214154625107,32.7415915618535,-15.5214154625107,"Plague"
"46892013.225",1994-11-07,1994-10-31,9,46892013,"35","46892013","P7D","http://aido.bsvgateway.org/api/locations/46892013/","Tete","Tete, Mozambique","State","http://aido.bsvgateway.org/api/locations/24068330/",32.7415915618535,32.7415915618535,-15.5214154625107,"Plague"
"46892013.226",1994-11-14,1994-11-07,3,46892013,"35","46892013","P7D","http://aido.bsvgateway.org/api/locations/46892013/","Tete","Tete, Mozambique","State","http://aido.bsvgateway.org/api/locations/24068330/",-15.5214154625107,32.7415915618535,-15.5214154625107,"Plague"
"46892013.227",1994-11-21,1994-11-14,1,46892013,"35","46892013","P7D","http://aido.bsvgateway.org/api/locations/46892013/","Tete","Tete, Mozambique","State","http://aido.bsvgateway.org/api/locations/24068330/",32.7415915618535,32.7415915618535,-15.5214154625107,"Plague"
