"","end","start","value","id","disease","location","duration","url","name","full_name","admin_level_name","parent","centroid_lat_long","longitude","latitude","disease_name"
"50137340.992",2006-01-08,2006-01-01,1,50137340,"25","50137340","P7D","http://aido.bsvgateway.org/api/locations/50137340/","Toamasina","Toamasina, Atsinanana, Madagascar","City","http://aido.bsvgateway.org/api/locations/131093173/",-18.1817951501214,49.4049874222856,-18.1817951501214,"Chikungunya"
"50137340.993",2006-01-15,2006-01-08,5,50137340,"25","50137340","P7D","http://aido.bsvgateway.org/api/locations/50137340/","Toamasina","Toamasina, Atsinanana, Madagascar","City","http://aido.bsvgateway.org/api/locations/131093173/",49.4049874222856,49.4049874222856,-18.1817951501214,"Chikungunya"
"50137340.994",2006-01-22,2006-01-15,8,50137340,"25","50137340","P7D","http://aido.bsvgateway.org/api/locations/50137340/","Toamasina","Toamasina, Atsinanana, Madagascar","City","http://aido.bsvgateway.org/api/locations/131093173/",-18.1817951501214,49.4049874222856,-18.1817951501214,"Chikungunya"
"50137340.995",2006-01-29,2006-01-22,3,50137340,"25","50137340","P7D","http://aido.bsvgateway.org/api/locations/50137340/","Toamasina","Toamasina, Atsinanana, Madagascar","City","http://aido.bsvgateway.org/api/locations/131093173/",49.4049874222856,49.4049874222856,-18.1817951501214,"Chikungunya"
"50137340.996",2006-02-05,2006-01-29,5,50137340,"25","50137340","P7D","http://aido.bsvgateway.org/api/locations/50137340/","Toamasina","Toamasina, Atsinanana, Madagascar","City","http://aido.bsvgateway.org/api/locations/131093173/",-18.1817951501214,49.4049874222856,-18.1817951501214,"Chikungunya"
"50137340.997",2006-02-12,2006-02-05,21,50137340,"25","50137340","P7D","http://aido.bsvgateway.org/api/locations/50137340/","Toamasina","Toamasina, Atsinanana, Madagascar","City","http://aido.bsvgateway.org/api/locations/131093173/",49.4049874222856,49.4049874222856,-18.1817951501214,"Chikungunya"
"50137340.998",2006-02-19,2006-02-12,19,50137340,"25","50137340","P7D","http://aido.bsvgateway.org/api/locations/50137340/","Toamasina","Toamasina, Atsinanana, Madagascar","City","http://aido.bsvgateway.org/api/locations/131093173/",-18.1817951501214,49.4049874222856,-18.1817951501214,"Chikungunya"
"50137340.999",2006-02-26,2006-02-19,28,50137340,"25","50137340","P7D","http://aido.bsvgateway.org/api/locations/50137340/","Toamasina","Toamasina, Atsinanana, Madagascar","City","http://aido.bsvgateway.org/api/locations/131093173/",49.4049874222856,49.4049874222856,-18.1817951501214,"Chikungunya"
"50137340.1000",2006-03-05,2006-02-26,18,50137340,"25","50137340","P7D","http://aido.bsvgateway.org/api/locations/50137340/","Toamasina","Toamasina, Atsinanana, Madagascar","City","http://aido.bsvgateway.org/api/locations/131093173/",-18.1817951501214,49.4049874222856,-18.1817951501214,"Chikungunya"
"50137340.1001",2006-03-12,2006-03-05,23,50137340,"25","50137340","P7D","http://aido.bsvgateway.org/api/locations/50137340/","Toamasina","Toamasina, Atsinanana, Madagascar","City","http://aido.bsvgateway.org/api/locations/131093173/",49.4049874222856,49.4049874222856,-18.1817951501214,"Chikungunya"
"50137340.1002",2006-03-19,2006-03-12,16,50137340,"25","50137340","P7D","http://aido.bsvgateway.org/api/locations/50137340/","Toamasina","Toamasina, Atsinanana, Madagascar","City","http://aido.bsvgateway.org/api/locations/131093173/",-18.1817951501214,49.4049874222856,-18.1817951501214,"Chikungunya"
"50137340.1003",2006-03-26,2006-03-19,20,50137340,"25","50137340","P7D","http://aido.bsvgateway.org/api/locations/50137340/","Toamasina","Toamasina, Atsinanana, Madagascar","City","http://aido.bsvgateway.org/api/locations/131093173/",49.4049874222856,49.4049874222856,-18.1817951501214,"Chikungunya"
"50137340.1004",2006-04-02,2006-03-26,6,50137340,"25","50137340","P7D","http://aido.bsvgateway.org/api/locations/50137340/","Toamasina","Toamasina, Atsinanana, Madagascar","City","http://aido.bsvgateway.org/api/locations/131093173/",-18.1817951501214,49.4049874222856,-18.1817951501214,"Chikungunya"
"50137340.1005",2006-04-09,2006-04-02,0,50137340,"25","50137340","P7D","http://aido.bsvgateway.org/api/locations/50137340/","Toamasina","Toamasina, Atsinanana, Madagascar","City","http://aido.bsvgateway.org/api/locations/131093173/",49.4049874222856,49.4049874222856,-18.1817951501214,"Chikungunya"
