"","end","start","value","id","disease","location","duration","url","name","full_name","admin_level_name","parent","centroid_lat_long","longitude","latitude","disease_name"
"172770223.1034",2014-02-17,2014-02-16,1,172770223,"39","172770223","P1D","http://aido.bsvgateway.org/api/locations/172770223/","Federated States of Micronesia","Federated States of Micronesia","Country","http://aido.bsvgateway.org/api/locations/156561026/",6.96728107892262,155.260633533688,6.96728107892262,"Measles"
"172770223.1035",2014-02-18,2014-02-17,0,172770223,"39","172770223","P1D","http://aido.bsvgateway.org/api/locations/172770223/","Federated States of Micronesia","Federated States of Micronesia","Country","http://aido.bsvgateway.org/api/locations/156561026/",155.260633533688,155.260633533688,6.96728107892262,"Measles"
"172770223.1036",2014-02-19,2014-02-18,0,172770223,"39","172770223","P1D","http://aido.bsvgateway.org/api/locations/172770223/","Federated States of Micronesia","Federated States of Micronesia","Country","http://aido.bsvgateway.org/api/locations/156561026/",6.96728107892262,155.260633533688,6.96728107892262,"Measles"
"172770223.1037",2014-02-20,2014-02-19,0,172770223,"39","172770223","P1D","http://aido.bsvgateway.org/api/locations/172770223/","Federated States of Micronesia","Federated States of Micronesia","Country","http://aido.bsvgateway.org/api/locations/156561026/",155.260633533688,155.260633533688,6.96728107892262,"Measles"
"172770223.1038",2014-02-21,2014-02-20,0,172770223,"39","172770223","P1D","http://aido.bsvgateway.org/api/locations/172770223/","Federated States of Micronesia","Federated States of Micronesia","Country","http://aido.bsvgateway.org/api/locations/156561026/",6.96728107892262,155.260633533688,6.96728107892262,"Measles"
"172770223.1039",2014-02-22,2014-02-21,1,172770223,"39","172770223","P1D","http://aido.bsvgateway.org/api/locations/172770223/","Federated States of Micronesia","Federated States of Micronesia","Country","http://aido.bsvgateway.org/api/locations/156561026/",155.260633533688,155.260633533688,6.96728107892262,"Measles"
"172770223.1040",2014-02-23,2014-02-22,0,172770223,"39","172770223","P1D","http://aido.bsvgateway.org/api/locations/172770223/","Federated States of Micronesia","Federated States of Micronesia","Country","http://aido.bsvgateway.org/api/locations/156561026/",6.96728107892262,155.260633533688,6.96728107892262,"Measles"
"172770223.1041",2014-02-24,2014-02-23,0,172770223,"39","172770223","P1D","http://aido.bsvgateway.org/api/locations/172770223/","Federated States of Micronesia","Federated States of Micronesia","Country","http://aido.bsvgateway.org/api/locations/156561026/",155.260633533688,155.260633533688,6.96728107892262,"Measles"
"172770223.1042",2014-02-25,2014-02-24,0,172770223,"39","172770223","P1D","http://aido.bsvgateway.org/api/locations/172770223/","Federated States of Micronesia","Federated States of Micronesia","Country","http://aido.bsvgateway.org/api/locations/156561026/",6.96728107892262,155.260633533688,6.96728107892262,"Measles"
"172770223.1043",2014-02-26,2014-02-25,0,172770223,"39","172770223","P1D","http://aido.bsvgateway.org/api/locations/172770223/","Federated States of Micronesia","Federated States of Micronesia","Country","http://aido.bsvgateway.org/api/locations/156561026/",155.260633533688,155.260633533688,6.96728107892262,"Measles"
"172770223.1044",2014-02-27,2014-02-26,0,172770223,"39","172770223","P1D","http://aido.bsvgateway.org/api/locations/172770223/","Federated States of Micronesia","Federated States of Micronesia","Country","http://aido.bsvgateway.org/api/locations/156561026/",6.96728107892262,155.260633533688,6.96728107892262,"Measles"
"172770223.1045",2014-02-28,2014-02-27,0,172770223,"39","172770223","P1D","http://aido.bsvgateway.org/api/locations/172770223/","Federated States of Micronesia","Federated States of Micronesia","Country","http://aido.bsvgateway.org/api/locations/156561026/",155.260633533688,155.260633533688,6.96728107892262,"Measles"
"172770223.1046",2014-03-01,2014-02-28,0,172770223,"39","172770223","P1D","http://aido.bsvgateway.org/api/locations/172770223/","Federated States of Micronesia","Federated States of Micronesia","Country","http://aido.bsvgateway.org/api/locations/156561026/",6.96728107892262,155.260633533688,6.96728107892262,"Measles"
"172770223.1047",2014-03-02,2014-03-01,0,172770223,"39","172770223","P1D","http://aido.bsvgateway.org/api/locations/172770223/","Federated States of Micronesia","Federated States of Micronesia","Country","http://aido.bsvgateway.org/api/locations/156561026/",155.260633533688,155.260633533688,6.96728107892262,"Measles"
"172770223.1048",2014-03-03,2014-03-02,0,172770223,"39","172770223","P1D","http://aido.bsvgateway.org/api/locations/172770223/","Federated States of Micronesia","Federated States of Micronesia","Country","http://aido.bsvgateway.org/api/locations/156561026/",6.96728107892262,155.260633533688,6.96728107892262,"Measles"
"172770223.1049",2014-03-04,2014-03-03,0,172770223,"39","172770223","P1D","http://aido.bsvgateway.org/api/locations/172770223/","Federated States of Micronesia","Federated States of Micronesia","Country","http://aido.bsvgateway.org/api/locations/156561026/",155.260633533688,155.260633533688,6.96728107892262,"Measles"
"172770223.1050",2014-03-05,2014-03-04,1,172770223,"39","172770223","P1D","http://aido.bsvgateway.org/api/locations/172770223/","Federated States of Micronesia","Federated States of Micronesia","Country","http://aido.bsvgateway.org/api/locations/156561026/",6.96728107892262,155.260633533688,6.96728107892262,"Measles"
"172770223.1051",2014-03-06,2014-03-05,0,172770223,"39","172770223","P1D","http://aido.bsvgateway.org/api/locations/172770223/","Federated States of Micronesia","Federated States of Micronesia","Country","http://aido.bsvgateway.org/api/locations/156561026/",155.260633533688,155.260633533688,6.96728107892262,"Measles"
"172770223.1052",2014-03-07,2014-03-06,1,172770223,"39","172770223","P1D","http://aido.bsvgateway.org/api/locations/172770223/","Federated States of Micronesia","Federated States of Micronesia","Country","http://aido.bsvgateway.org/api/locations/156561026/",6.96728107892262,155.260633533688,6.96728107892262,"Measles"
"172770223.1053",2014-03-08,2014-03-07,2,172770223,"39","172770223","P1D","http://aido.bsvgateway.org/api/locations/172770223/","Federated States of Micronesia","Federated States of Micronesia","Country","http://aido.bsvgateway.org/api/locations/156561026/",155.260633533688,155.260633533688,6.96728107892262,"Measles"
"172770223.1054",2014-03-09,2014-03-08,1,172770223,"39","172770223","P1D","http://aido.bsvgateway.org/api/locations/172770223/","Federated States of Micronesia","Federated States of Micronesia","Country","http://aido.bsvgateway.org/api/locations/156561026/",6.96728107892262,155.260633533688,6.96728107892262,"Measles"
"172770223.1055",2014-03-10,2014-03-09,0,172770223,"39","172770223","P1D","http://aido.bsvgateway.org/api/locations/172770223/","Federated States of Micronesia","Federated States of Micronesia","Country","http://aido.bsvgateway.org/api/locations/156561026/",155.260633533688,155.260633533688,6.96728107892262,"Measles"
"172770223.1056",2014-03-11,2014-03-10,1,172770223,"39","172770223","P1D","http://aido.bsvgateway.org/api/locations/172770223/","Federated States of Micronesia","Federated States of Micronesia","Country","http://aido.bsvgateway.org/api/locations/156561026/",6.96728107892262,155.260633533688,6.96728107892262,"Measles"
"172770223.1057",2014-03-12,2014-03-11,0,172770223,"39","172770223","P1D","http://aido.bsvgateway.org/api/locations/172770223/","Federated States of Micronesia","Federated States of Micronesia","Country","http://aido.bsvgateway.org/api/locations/156561026/",155.260633533688,155.260633533688,6.96728107892262,"Measles"
"172770223.1058",2014-03-13,2014-03-12,0,172770223,"39","172770223","P1D","http://aido.bsvgateway.org/api/locations/172770223/","Federated States of Micronesia","Federated States of Micronesia","Country","http://aido.bsvgateway.org/api/locations/156561026/",6.96728107892262,155.260633533688,6.96728107892262,"Measles"
"172770223.1059",2014-03-14,2014-03-13,0,172770223,"39","172770223","P1D","http://aido.bsvgateway.org/api/locations/172770223/","Federated States of Micronesia","Federated States of Micronesia","Country","http://aido.bsvgateway.org/api/locations/156561026/",155.260633533688,155.260633533688,6.96728107892262,"Measles"
"172770223.1060",2014-03-15,2014-03-14,0,172770223,"39","172770223","P1D","http://aido.bsvgateway.org/api/locations/172770223/","Federated States of Micronesia","Federated States of Micronesia","Country","http://aido.bsvgateway.org/api/locations/156561026/",6.96728107892262,155.260633533688,6.96728107892262,"Measles"
"172770223.1061",2014-03-16,2014-03-15,0,172770223,"39","172770223","P1D","http://aido.bsvgateway.org/api/locations/172770223/","Federated States of Micronesia","Federated States of Micronesia","Country","http://aido.bsvgateway.org/api/locations/156561026/",155.260633533688,155.260633533688,6.96728107892262,"Measles"
"172770223.1062",2014-03-17,2014-03-16,1,172770223,"39","172770223","P1D","http://aido.bsvgateway.org/api/locations/172770223/","Federated States of Micronesia","Federated States of Micronesia","Country","http://aido.bsvgateway.org/api/locations/156561026/",6.96728107892262,155.260633533688,6.96728107892262,"Measles"
"172770223.1063",2014-03-18,2014-03-17,2,172770223,"39","172770223","P1D","http://aido.bsvgateway.org/api/locations/172770223/","Federated States of Micronesia","Federated States of Micronesia","Country","http://aido.bsvgateway.org/api/locations/156561026/",155.260633533688,155.260633533688,6.96728107892262,"Measles"
"172770223.1064",2014-03-19,2014-03-18,1,172770223,"39","172770223","P1D","http://aido.bsvgateway.org/api/locations/172770223/","Federated States of Micronesia","Federated States of Micronesia","Country","http://aido.bsvgateway.org/api/locations/156561026/",6.96728107892262,155.260633533688,6.96728107892262,"Measles"
"172770223.1065",2014-03-20,2014-03-19,3,172770223,"39","172770223","P1D","http://aido.bsvgateway.org/api/locations/172770223/","Federated States of Micronesia","Federated States of Micronesia","Country","http://aido.bsvgateway.org/api/locations/156561026/",155.260633533688,155.260633533688,6.96728107892262,"Measles"
"172770223.1066",2014-03-21,2014-03-20,0,172770223,"39","172770223","P1D","http://aido.bsvgateway.org/api/locations/172770223/","Federated States of Micronesia","Federated States of Micronesia","Country","http://aido.bsvgateway.org/api/locations/156561026/",6.96728107892262,155.260633533688,6.96728107892262,"Measles"
"172770223.1067",2014-03-22,2014-03-21,2,172770223,"39","172770223","P1D","http://aido.bsvgateway.org/api/locations/172770223/","Federated States of Micronesia","Federated States of Micronesia","Country","http://aido.bsvgateway.org/api/locations/156561026/",155.260633533688,155.260633533688,6.96728107892262,"Measles"
"172770223.1068",2014-03-23,2014-03-22,2,172770223,"39","172770223","P1D","http://aido.bsvgateway.org/api/locations/172770223/","Federated States of Micronesia","Federated States of Micronesia","Country","http://aido.bsvgateway.org/api/locations/156561026/",6.96728107892262,155.260633533688,6.96728107892262,"Measles"
"172770223.1069",2014-03-24,2014-03-23,1,172770223,"39","172770223","P1D","http://aido.bsvgateway.org/api/locations/172770223/","Federated States of Micronesia","Federated States of Micronesia","Country","http://aido.bsvgateway.org/api/locations/156561026/",155.260633533688,155.260633533688,6.96728107892262,"Measles"
"172770223.1070",2014-03-25,2014-03-24,2,172770223,"39","172770223","P1D","http://aido.bsvgateway.org/api/locations/172770223/","Federated States of Micronesia","Federated States of Micronesia","Country","http://aido.bsvgateway.org/api/locations/156561026/",6.96728107892262,155.260633533688,6.96728107892262,"Measles"
"172770223.1071",2014-03-26,2014-03-25,1,172770223,"39","172770223","P1D","http://aido.bsvgateway.org/api/locations/172770223/","Federated States of Micronesia","Federated States of Micronesia","Country","http://aido.bsvgateway.org/api/locations/156561026/",155.260633533688,155.260633533688,6.96728107892262,"Measles"
"172770223.1072",2014-03-27,2014-03-26,1,172770223,"39","172770223","P1D","http://aido.bsvgateway.org/api/locations/172770223/","Federated States of Micronesia","Federated States of Micronesia","Country","http://aido.bsvgateway.org/api/locations/156561026/",6.96728107892262,155.260633533688,6.96728107892262,"Measles"
"172770223.1073",2014-03-28,2014-03-27,0,172770223,"39","172770223","P1D","http://aido.bsvgateway.org/api/locations/172770223/","Federated States of Micronesia","Federated States of Micronesia","Country","http://aido.bsvgateway.org/api/locations/156561026/",155.260633533688,155.260633533688,6.96728107892262,"Measles"
"172770223.1074",2014-03-29,2014-03-28,0,172770223,"39","172770223","P1D","http://aido.bsvgateway.org/api/locations/172770223/","Federated States of Micronesia","Federated States of Micronesia","Country","http://aido.bsvgateway.org/api/locations/156561026/",6.96728107892262,155.260633533688,6.96728107892262,"Measles"
"172770223.1075",2014-03-30,2014-03-29,0,172770223,"39","172770223","P1D","http://aido.bsvgateway.org/api/locations/172770223/","Federated States of Micronesia","Federated States of Micronesia","Country","http://aido.bsvgateway.org/api/locations/156561026/",155.260633533688,155.260633533688,6.96728107892262,"Measles"
"172770223.1076",2014-03-31,2014-03-30,0,172770223,"39","172770223","P1D","http://aido.bsvgateway.org/api/locations/172770223/","Federated States of Micronesia","Federated States of Micronesia","Country","http://aido.bsvgateway.org/api/locations/156561026/",6.96728107892262,155.260633533688,6.96728107892262,"Measles"
"172770223.1077",2014-04-01,2014-03-31,1,172770223,"39","172770223","P1D","http://aido.bsvgateway.org/api/locations/172770223/","Federated States of Micronesia","Federated States of Micronesia","Country","http://aido.bsvgateway.org/api/locations/156561026/",155.260633533688,155.260633533688,6.96728107892262,"Measles"
"172770223.1078",2014-04-02,2014-04-01,1,172770223,"39","172770223","P1D","http://aido.bsvgateway.org/api/locations/172770223/","Federated States of Micronesia","Federated States of Micronesia","Country","http://aido.bsvgateway.org/api/locations/156561026/",6.96728107892262,155.260633533688,6.96728107892262,"Measles"
"172770223.1079",2014-04-03,2014-04-02,4,172770223,"39","172770223","P1D","http://aido.bsvgateway.org/api/locations/172770223/","Federated States of Micronesia","Federated States of Micronesia","Country","http://aido.bsvgateway.org/api/locations/156561026/",155.260633533688,155.260633533688,6.96728107892262,"Measles"
"172770223.1080",2014-04-04,2014-04-03,1,172770223,"39","172770223","P1D","http://aido.bsvgateway.org/api/locations/172770223/","Federated States of Micronesia","Federated States of Micronesia","Country","http://aido.bsvgateway.org/api/locations/156561026/",6.96728107892262,155.260633533688,6.96728107892262,"Measles"
"172770223.1081",2014-04-05,2014-04-04,1,172770223,"39","172770223","P1D","http://aido.bsvgateway.org/api/locations/172770223/","Federated States of Micronesia","Federated States of Micronesia","Country","http://aido.bsvgateway.org/api/locations/156561026/",155.260633533688,155.260633533688,6.96728107892262,"Measles"
"172770223.1082",2014-04-06,2014-04-05,0,172770223,"39","172770223","P1D","http://aido.bsvgateway.org/api/locations/172770223/","Federated States of Micronesia","Federated States of Micronesia","Country","http://aido.bsvgateway.org/api/locations/156561026/",6.96728107892262,155.260633533688,6.96728107892262,"Measles"
"172770223.1083",2014-04-07,2014-04-06,0,172770223,"39","172770223","P1D","http://aido.bsvgateway.org/api/locations/172770223/","Federated States of Micronesia","Federated States of Micronesia","Country","http://aido.bsvgateway.org/api/locations/156561026/",155.260633533688,155.260633533688,6.96728107892262,"Measles"
"172770223.1084",2014-04-08,2014-04-07,0,172770223,"39","172770223","P1D","http://aido.bsvgateway.org/api/locations/172770223/","Federated States of Micronesia","Federated States of Micronesia","Country","http://aido.bsvgateway.org/api/locations/156561026/",6.96728107892262,155.260633533688,6.96728107892262,"Measles"
"172770223.1085",2014-04-09,2014-04-08,0,172770223,"39","172770223","P1D","http://aido.bsvgateway.org/api/locations/172770223/","Federated States of Micronesia","Federated States of Micronesia","Country","http://aido.bsvgateway.org/api/locations/156561026/",155.260633533688,155.260633533688,6.96728107892262,"Measles"
"172770223.1086",2014-04-10,2014-04-09,1,172770223,"39","172770223","P1D","http://aido.bsvgateway.org/api/locations/172770223/","Federated States of Micronesia","Federated States of Micronesia","Country","http://aido.bsvgateway.org/api/locations/156561026/",6.96728107892262,155.260633533688,6.96728107892262,"Measles"
"172770223.1087",2014-04-11,2014-04-10,0,172770223,"39","172770223","P1D","http://aido.bsvgateway.org/api/locations/172770223/","Federated States of Micronesia","Federated States of Micronesia","Country","http://aido.bsvgateway.org/api/locations/156561026/",155.260633533688,155.260633533688,6.96728107892262,"Measles"
"172770223.1088",2014-04-12,2014-04-11,0,172770223,"39","172770223","P1D","http://aido.bsvgateway.org/api/locations/172770223/","Federated States of Micronesia","Federated States of Micronesia","Country","http://aido.bsvgateway.org/api/locations/156561026/",6.96728107892262,155.260633533688,6.96728107892262,"Measles"
"172770223.1089",2014-04-13,2014-04-12,1,172770223,"39","172770223","P1D","http://aido.bsvgateway.org/api/locations/172770223/","Federated States of Micronesia","Federated States of Micronesia","Country","http://aido.bsvgateway.org/api/locations/156561026/",155.260633533688,155.260633533688,6.96728107892262,"Measles"
"172770223.1090",2014-04-14,2014-04-13,2,172770223,"39","172770223","P1D","http://aido.bsvgateway.org/api/locations/172770223/","Federated States of Micronesia","Federated States of Micronesia","Country","http://aido.bsvgateway.org/api/locations/156561026/",6.96728107892262,155.260633533688,6.96728107892262,"Measles"
"172770223.1091",2014-04-15,2014-04-14,3,172770223,"39","172770223","P1D","http://aido.bsvgateway.org/api/locations/172770223/","Federated States of Micronesia","Federated States of Micronesia","Country","http://aido.bsvgateway.org/api/locations/156561026/",155.260633533688,155.260633533688,6.96728107892262,"Measles"
"172770223.1092",2014-04-16,2014-04-15,3,172770223,"39","172770223","P1D","http://aido.bsvgateway.org/api/locations/172770223/","Federated States of Micronesia","Federated States of Micronesia","Country","http://aido.bsvgateway.org/api/locations/156561026/",6.96728107892262,155.260633533688,6.96728107892262,"Measles"
"172770223.1093",2014-04-17,2014-04-16,1,172770223,"39","172770223","P1D","http://aido.bsvgateway.org/api/locations/172770223/","Federated States of Micronesia","Federated States of Micronesia","Country","http://aido.bsvgateway.org/api/locations/156561026/",155.260633533688,155.260633533688,6.96728107892262,"Measles"
"172770223.1094",2014-04-18,2014-04-17,1,172770223,"39","172770223","P1D","http://aido.bsvgateway.org/api/locations/172770223/","Federated States of Micronesia","Federated States of Micronesia","Country","http://aido.bsvgateway.org/api/locations/156561026/",6.96728107892262,155.260633533688,6.96728107892262,"Measles"
"172770223.1095",2014-04-19,2014-04-18,2,172770223,"39","172770223","P1D","http://aido.bsvgateway.org/api/locations/172770223/","Federated States of Micronesia","Federated States of Micronesia","Country","http://aido.bsvgateway.org/api/locations/156561026/",155.260633533688,155.260633533688,6.96728107892262,"Measles"
"172770223.1096",2014-04-20,2014-04-19,1,172770223,"39","172770223","P1D","http://aido.bsvgateway.org/api/locations/172770223/","Federated States of Micronesia","Federated States of Micronesia","Country","http://aido.bsvgateway.org/api/locations/156561026/",6.96728107892262,155.260633533688,6.96728107892262,"Measles"
"172770223.1097",2014-04-21,2014-04-20,3,172770223,"39","172770223","P1D","http://aido.bsvgateway.org/api/locations/172770223/","Federated States of Micronesia","Federated States of Micronesia","Country","http://aido.bsvgateway.org/api/locations/156561026/",155.260633533688,155.260633533688,6.96728107892262,"Measles"
"172770223.1098",2014-04-22,2014-04-21,0,172770223,"39","172770223","P1D","http://aido.bsvgateway.org/api/locations/172770223/","Federated States of Micronesia","Federated States of Micronesia","Country","http://aido.bsvgateway.org/api/locations/156561026/",6.96728107892262,155.260633533688,6.96728107892262,"Measles"
"172770223.1099",2014-04-23,2014-04-22,1,172770223,"39","172770223","P1D","http://aido.bsvgateway.org/api/locations/172770223/","Federated States of Micronesia","Federated States of Micronesia","Country","http://aido.bsvgateway.org/api/locations/156561026/",155.260633533688,155.260633533688,6.96728107892262,"Measles"
"172770223.1100",2014-04-24,2014-04-23,1,172770223,"39","172770223","P1D","http://aido.bsvgateway.org/api/locations/172770223/","Federated States of Micronesia","Federated States of Micronesia","Country","http://aido.bsvgateway.org/api/locations/156561026/",6.96728107892262,155.260633533688,6.96728107892262,"Measles"
"172770223.1101",2014-04-25,2014-04-24,1,172770223,"39","172770223","P1D","http://aido.bsvgateway.org/api/locations/172770223/","Federated States of Micronesia","Federated States of Micronesia","Country","http://aido.bsvgateway.org/api/locations/156561026/",155.260633533688,155.260633533688,6.96728107892262,"Measles"
"172770223.1102",2014-04-26,2014-04-25,1,172770223,"39","172770223","P1D","http://aido.bsvgateway.org/api/locations/172770223/","Federated States of Micronesia","Federated States of Micronesia","Country","http://aido.bsvgateway.org/api/locations/156561026/",6.96728107892262,155.260633533688,6.96728107892262,"Measles"
"172770223.1103",2014-04-27,2014-04-26,1,172770223,"39","172770223","P1D","http://aido.bsvgateway.org/api/locations/172770223/","Federated States of Micronesia","Federated States of Micronesia","Country","http://aido.bsvgateway.org/api/locations/156561026/",155.260633533688,155.260633533688,6.96728107892262,"Measles"
"172770223.1104",2014-04-28,2014-04-27,0,172770223,"39","172770223","P1D","http://aido.bsvgateway.org/api/locations/172770223/","Federated States of Micronesia","Federated States of Micronesia","Country","http://aido.bsvgateway.org/api/locations/156561026/",6.96728107892262,155.260633533688,6.96728107892262,"Measles"
"172770223.1105",2014-04-29,2014-04-28,0,172770223,"39","172770223","P1D","http://aido.bsvgateway.org/api/locations/172770223/","Federated States of Micronesia","Federated States of Micronesia","Country","http://aido.bsvgateway.org/api/locations/156561026/",155.260633533688,155.260633533688,6.96728107892262,"Measles"
"172770223.1106",2014-04-30,2014-04-29,2,172770223,"39","172770223","P1D","http://aido.bsvgateway.org/api/locations/172770223/","Federated States of Micronesia","Federated States of Micronesia","Country","http://aido.bsvgateway.org/api/locations/156561026/",6.96728107892262,155.260633533688,6.96728107892262,"Measles"
"172770223.1107",2014-05-01,2014-04-30,1,172770223,"39","172770223","P1D","http://aido.bsvgateway.org/api/locations/172770223/","Federated States of Micronesia","Federated States of Micronesia","Country","http://aido.bsvgateway.org/api/locations/156561026/",155.260633533688,155.260633533688,6.96728107892262,"Measles"
"172770223.1108",2014-05-02,2014-05-01,1,172770223,"39","172770223","P1D","http://aido.bsvgateway.org/api/locations/172770223/","Federated States of Micronesia","Federated States of Micronesia","Country","http://aido.bsvgateway.org/api/locations/156561026/",6.96728107892262,155.260633533688,6.96728107892262,"Measles"
"172770223.1109",2014-05-03,2014-05-02,2,172770223,"39","172770223","P1D","http://aido.bsvgateway.org/api/locations/172770223/","Federated States of Micronesia","Federated States of Micronesia","Country","http://aido.bsvgateway.org/api/locations/156561026/",155.260633533688,155.260633533688,6.96728107892262,"Measles"
"172770223.1110",2014-05-04,2014-05-03,1,172770223,"39","172770223","P1D","http://aido.bsvgateway.org/api/locations/172770223/","Federated States of Micronesia","Federated States of Micronesia","Country","http://aido.bsvgateway.org/api/locations/156561026/",6.96728107892262,155.260633533688,6.96728107892262,"Measles"
"172770223.1111",2014-05-05,2014-05-04,1,172770223,"39","172770223","P1D","http://aido.bsvgateway.org/api/locations/172770223/","Federated States of Micronesia","Federated States of Micronesia","Country","http://aido.bsvgateway.org/api/locations/156561026/",155.260633533688,155.260633533688,6.96728107892262,"Measles"
"172770223.1112",2014-05-06,2014-05-05,2,172770223,"39","172770223","P1D","http://aido.bsvgateway.org/api/locations/172770223/","Federated States of Micronesia","Federated States of Micronesia","Country","http://aido.bsvgateway.org/api/locations/156561026/",6.96728107892262,155.260633533688,6.96728107892262,"Measles"
"172770223.1113",2014-05-07,2014-05-06,0,172770223,"39","172770223","P1D","http://aido.bsvgateway.org/api/locations/172770223/","Federated States of Micronesia","Federated States of Micronesia","Country","http://aido.bsvgateway.org/api/locations/156561026/",155.260633533688,155.260633533688,6.96728107892262,"Measles"
"172770223.1114",2014-05-08,2014-05-07,0,172770223,"39","172770223","P1D","http://aido.bsvgateway.org/api/locations/172770223/","Federated States of Micronesia","Federated States of Micronesia","Country","http://aido.bsvgateway.org/api/locations/156561026/",6.96728107892262,155.260633533688,6.96728107892262,"Measles"
"172770223.1115",2014-05-09,2014-05-08,2,172770223,"39","172770223","P1D","http://aido.bsvgateway.org/api/locations/172770223/","Federated States of Micronesia","Federated States of Micronesia","Country","http://aido.bsvgateway.org/api/locations/156561026/",155.260633533688,155.260633533688,6.96728107892262,"Measles"
"172770223.1116",2014-05-10,2014-05-09,0,172770223,"39","172770223","P1D","http://aido.bsvgateway.org/api/locations/172770223/","Federated States of Micronesia","Federated States of Micronesia","Country","http://aido.bsvgateway.org/api/locations/156561026/",6.96728107892262,155.260633533688,6.96728107892262,"Measles"
"172770223.1117",2014-05-11,2014-05-10,0,172770223,"39","172770223","P1D","http://aido.bsvgateway.org/api/locations/172770223/","Federated States of Micronesia","Federated States of Micronesia","Country","http://aido.bsvgateway.org/api/locations/156561026/",155.260633533688,155.260633533688,6.96728107892262,"Measles"
"172770223.1118",2014-05-12,2014-05-11,1,172770223,"39","172770223","P1D","http://aido.bsvgateway.org/api/locations/172770223/","Federated States of Micronesia","Federated States of Micronesia","Country","http://aido.bsvgateway.org/api/locations/156561026/",6.96728107892262,155.260633533688,6.96728107892262,"Measles"
"172770223.1119",2014-05-13,2014-05-12,1,172770223,"39","172770223","P1D","http://aido.bsvgateway.org/api/locations/172770223/","Federated States of Micronesia","Federated States of Micronesia","Country","http://aido.bsvgateway.org/api/locations/156561026/",155.260633533688,155.260633533688,6.96728107892262,"Measles"
"172770223.1120",2014-05-14,2014-05-13,1,172770223,"39","172770223","P1D","http://aido.bsvgateway.org/api/locations/172770223/","Federated States of Micronesia","Federated States of Micronesia","Country","http://aido.bsvgateway.org/api/locations/156561026/",6.96728107892262,155.260633533688,6.96728107892262,"Measles"
"172770223.1121",2014-05-15,2014-05-14,3,172770223,"39","172770223","P1D","http://aido.bsvgateway.org/api/locations/172770223/","Federated States of Micronesia","Federated States of Micronesia","Country","http://aido.bsvgateway.org/api/locations/156561026/",155.260633533688,155.260633533688,6.96728107892262,"Measles"
"172770223.1122",2014-05-16,2014-05-15,1,172770223,"39","172770223","P1D","http://aido.bsvgateway.org/api/locations/172770223/","Federated States of Micronesia","Federated States of Micronesia","Country","http://aido.bsvgateway.org/api/locations/156561026/",6.96728107892262,155.260633533688,6.96728107892262,"Measles"
"172770223.1123",2014-05-17,2014-05-16,3,172770223,"39","172770223","P1D","http://aido.bsvgateway.org/api/locations/172770223/","Federated States of Micronesia","Federated States of Micronesia","Country","http://aido.bsvgateway.org/api/locations/156561026/",155.260633533688,155.260633533688,6.96728107892262,"Measles"
"172770223.1124",2014-05-18,2014-05-17,3,172770223,"39","172770223","P1D","http://aido.bsvgateway.org/api/locations/172770223/","Federated States of Micronesia","Federated States of Micronesia","Country","http://aido.bsvgateway.org/api/locations/156561026/",6.96728107892262,155.260633533688,6.96728107892262,"Measles"
"172770223.1125",2014-05-19,2014-05-18,1,172770223,"39","172770223","P1D","http://aido.bsvgateway.org/api/locations/172770223/","Federated States of Micronesia","Federated States of Micronesia","Country","http://aido.bsvgateway.org/api/locations/156561026/",155.260633533688,155.260633533688,6.96728107892262,"Measles"
"172770223.1126",2014-05-20,2014-05-19,6,172770223,"39","172770223","P1D","http://aido.bsvgateway.org/api/locations/172770223/","Federated States of Micronesia","Federated States of Micronesia","Country","http://aido.bsvgateway.org/api/locations/156561026/",6.96728107892262,155.260633533688,6.96728107892262,"Measles"
"172770223.1127",2014-05-21,2014-05-20,2,172770223,"39","172770223","P1D","http://aido.bsvgateway.org/api/locations/172770223/","Federated States of Micronesia","Federated States of Micronesia","Country","http://aido.bsvgateway.org/api/locations/156561026/",155.260633533688,155.260633533688,6.96728107892262,"Measles"
"172770223.1128",2014-05-22,2014-05-21,1,172770223,"39","172770223","P1D","http://aido.bsvgateway.org/api/locations/172770223/","Federated States of Micronesia","Federated States of Micronesia","Country","http://aido.bsvgateway.org/api/locations/156561026/",6.96728107892262,155.260633533688,6.96728107892262,"Measles"
"172770223.1129",2014-05-23,2014-05-22,1,172770223,"39","172770223","P1D","http://aido.bsvgateway.org/api/locations/172770223/","Federated States of Micronesia","Federated States of Micronesia","Country","http://aido.bsvgateway.org/api/locations/156561026/",155.260633533688,155.260633533688,6.96728107892262,"Measles"
"172770223.1130",2014-05-24,2014-05-23,2,172770223,"39","172770223","P1D","http://aido.bsvgateway.org/api/locations/172770223/","Federated States of Micronesia","Federated States of Micronesia","Country","http://aido.bsvgateway.org/api/locations/156561026/",6.96728107892262,155.260633533688,6.96728107892262,"Measles"
"172770223.1131",2014-05-25,2014-05-24,2,172770223,"39","172770223","P1D","http://aido.bsvgateway.org/api/locations/172770223/","Federated States of Micronesia","Federated States of Micronesia","Country","http://aido.bsvgateway.org/api/locations/156561026/",155.260633533688,155.260633533688,6.96728107892262,"Measles"
"172770223.1132",2014-05-26,2014-05-25,1,172770223,"39","172770223","P1D","http://aido.bsvgateway.org/api/locations/172770223/","Federated States of Micronesia","Federated States of Micronesia","Country","http://aido.bsvgateway.org/api/locations/156561026/",6.96728107892262,155.260633533688,6.96728107892262,"Measles"
"172770223.1133",2014-05-27,2014-05-26,0,172770223,"39","172770223","P1D","http://aido.bsvgateway.org/api/locations/172770223/","Federated States of Micronesia","Federated States of Micronesia","Country","http://aido.bsvgateway.org/api/locations/156561026/",155.260633533688,155.260633533688,6.96728107892262,"Measles"
"172770223.1134",2014-05-28,2014-05-27,3,172770223,"39","172770223","P1D","http://aido.bsvgateway.org/api/locations/172770223/","Federated States of Micronesia","Federated States of Micronesia","Country","http://aido.bsvgateway.org/api/locations/156561026/",6.96728107892262,155.260633533688,6.96728107892262,"Measles"
"172770223.1135",2014-05-29,2014-05-28,5,172770223,"39","172770223","P1D","http://aido.bsvgateway.org/api/locations/172770223/","Federated States of Micronesia","Federated States of Micronesia","Country","http://aido.bsvgateway.org/api/locations/156561026/",155.260633533688,155.260633533688,6.96728107892262,"Measles"
"172770223.1136",2014-05-30,2014-05-29,2,172770223,"39","172770223","P1D","http://aido.bsvgateway.org/api/locations/172770223/","Federated States of Micronesia","Federated States of Micronesia","Country","http://aido.bsvgateway.org/api/locations/156561026/",6.96728107892262,155.260633533688,6.96728107892262,"Measles"
"172770223.1137",2014-05-31,2014-05-30,2,172770223,"39","172770223","P1D","http://aido.bsvgateway.org/api/locations/172770223/","Federated States of Micronesia","Federated States of Micronesia","Country","http://aido.bsvgateway.org/api/locations/156561026/",155.260633533688,155.260633533688,6.96728107892262,"Measles"
"172770223.1138",2014-06-01,2014-05-31,1,172770223,"39","172770223","P1D","http://aido.bsvgateway.org/api/locations/172770223/","Federated States of Micronesia","Federated States of Micronesia","Country","http://aido.bsvgateway.org/api/locations/156561026/",6.96728107892262,155.260633533688,6.96728107892262,"Measles"
"172770223.1139",2014-06-02,2014-06-01,3,172770223,"39","172770223","P1D","http://aido.bsvgateway.org/api/locations/172770223/","Federated States of Micronesia","Federated States of Micronesia","Country","http://aido.bsvgateway.org/api/locations/156561026/",155.260633533688,155.260633533688,6.96728107892262,"Measles"
"172770223.1140",2014-06-03,2014-06-02,1,172770223,"39","172770223","P1D","http://aido.bsvgateway.org/api/locations/172770223/","Federated States of Micronesia","Federated States of Micronesia","Country","http://aido.bsvgateway.org/api/locations/156561026/",6.96728107892262,155.260633533688,6.96728107892262,"Measles"
"172770223.1141",2014-06-04,2014-06-03,3,172770223,"39","172770223","P1D","http://aido.bsvgateway.org/api/locations/172770223/","Federated States of Micronesia","Federated States of Micronesia","Country","http://aido.bsvgateway.org/api/locations/156561026/",155.260633533688,155.260633533688,6.96728107892262,"Measles"
"172770223.1142",2014-06-05,2014-06-04,2,172770223,"39","172770223","P1D","http://aido.bsvgateway.org/api/locations/172770223/","Federated States of Micronesia","Federated States of Micronesia","Country","http://aido.bsvgateway.org/api/locations/156561026/",6.96728107892262,155.260633533688,6.96728107892262,"Measles"
"172770223.1143",2014-06-06,2014-06-05,1,172770223,"39","172770223","P1D","http://aido.bsvgateway.org/api/locations/172770223/","Federated States of Micronesia","Federated States of Micronesia","Country","http://aido.bsvgateway.org/api/locations/156561026/",155.260633533688,155.260633533688,6.96728107892262,"Measles"
"172770223.1144",2014-06-07,2014-06-06,0,172770223,"39","172770223","P1D","http://aido.bsvgateway.org/api/locations/172770223/","Federated States of Micronesia","Federated States of Micronesia","Country","http://aido.bsvgateway.org/api/locations/156561026/",6.96728107892262,155.260633533688,6.96728107892262,"Measles"
"172770223.1145",2014-06-08,2014-06-07,2,172770223,"39","172770223","P1D","http://aido.bsvgateway.org/api/locations/172770223/","Federated States of Micronesia","Federated States of Micronesia","Country","http://aido.bsvgateway.org/api/locations/156561026/",155.260633533688,155.260633533688,6.96728107892262,"Measles"
"172770223.1146",2014-06-09,2014-06-08,1,172770223,"39","172770223","P1D","http://aido.bsvgateway.org/api/locations/172770223/","Federated States of Micronesia","Federated States of Micronesia","Country","http://aido.bsvgateway.org/api/locations/156561026/",6.96728107892262,155.260633533688,6.96728107892262,"Measles"
"172770223.1147",2014-06-10,2014-06-09,1,172770223,"39","172770223","P1D","http://aido.bsvgateway.org/api/locations/172770223/","Federated States of Micronesia","Federated States of Micronesia","Country","http://aido.bsvgateway.org/api/locations/156561026/",155.260633533688,155.260633533688,6.96728107892262,"Measles"
"172770223.1148",2014-06-11,2014-06-10,1,172770223,"39","172770223","P1D","http://aido.bsvgateway.org/api/locations/172770223/","Federated States of Micronesia","Federated States of Micronesia","Country","http://aido.bsvgateway.org/api/locations/156561026/",6.96728107892262,155.260633533688,6.96728107892262,"Measles"
"172770223.1149",2014-06-12,2014-06-11,0,172770223,"39","172770223","P1D","http://aido.bsvgateway.org/api/locations/172770223/","Federated States of Micronesia","Federated States of Micronesia","Country","http://aido.bsvgateway.org/api/locations/156561026/",155.260633533688,155.260633533688,6.96728107892262,"Measles"
"172770223.1150",2014-06-13,2014-06-12,1,172770223,"39","172770223","P1D","http://aido.bsvgateway.org/api/locations/172770223/","Federated States of Micronesia","Federated States of Micronesia","Country","http://aido.bsvgateway.org/api/locations/156561026/",6.96728107892262,155.260633533688,6.96728107892262,"Measles"
"172770223.1151",2014-06-14,2014-06-13,3,172770223,"39","172770223","P1D","http://aido.bsvgateway.org/api/locations/172770223/","Federated States of Micronesia","Federated States of Micronesia","Country","http://aido.bsvgateway.org/api/locations/156561026/",155.260633533688,155.260633533688,6.96728107892262,"Measles"
"172770223.1152",2014-06-15,2014-06-14,4,172770223,"39","172770223","P1D","http://aido.bsvgateway.org/api/locations/172770223/","Federated States of Micronesia","Federated States of Micronesia","Country","http://aido.bsvgateway.org/api/locations/156561026/",6.96728107892262,155.260633533688,6.96728107892262,"Measles"
"172770223.1153",2014-06-16,2014-06-15,5,172770223,"39","172770223","P1D","http://aido.bsvgateway.org/api/locations/172770223/","Federated States of Micronesia","Federated States of Micronesia","Country","http://aido.bsvgateway.org/api/locations/156561026/",155.260633533688,155.260633533688,6.96728107892262,"Measles"
"172770223.1154",2014-06-17,2014-06-16,11,172770223,"39","172770223","P1D","http://aido.bsvgateway.org/api/locations/172770223/","Federated States of Micronesia","Federated States of Micronesia","Country","http://aido.bsvgateway.org/api/locations/156561026/",6.96728107892262,155.260633533688,6.96728107892262,"Measles"
"172770223.1155",2014-06-18,2014-06-17,7,172770223,"39","172770223","P1D","http://aido.bsvgateway.org/api/locations/172770223/","Federated States of Micronesia","Federated States of Micronesia","Country","http://aido.bsvgateway.org/api/locations/156561026/",155.260633533688,155.260633533688,6.96728107892262,"Measles"
"172770223.1156",2014-06-19,2014-06-18,8,172770223,"39","172770223","P1D","http://aido.bsvgateway.org/api/locations/172770223/","Federated States of Micronesia","Federated States of Micronesia","Country","http://aido.bsvgateway.org/api/locations/156561026/",6.96728107892262,155.260633533688,6.96728107892262,"Measles"
"172770223.1157",2014-06-20,2014-06-19,7,172770223,"39","172770223","P1D","http://aido.bsvgateway.org/api/locations/172770223/","Federated States of Micronesia","Federated States of Micronesia","Country","http://aido.bsvgateway.org/api/locations/156561026/",155.260633533688,155.260633533688,6.96728107892262,"Measles"
"172770223.1158",2014-06-21,2014-06-20,4,172770223,"39","172770223","P1D","http://aido.bsvgateway.org/api/locations/172770223/","Federated States of Micronesia","Federated States of Micronesia","Country","http://aido.bsvgateway.org/api/locations/156561026/",6.96728107892262,155.260633533688,6.96728107892262,"Measles"
"172770223.1159",2014-06-22,2014-06-21,2,172770223,"39","172770223","P1D","http://aido.bsvgateway.org/api/locations/172770223/","Federated States of Micronesia","Federated States of Micronesia","Country","http://aido.bsvgateway.org/api/locations/156561026/",155.260633533688,155.260633533688,6.96728107892262,"Measles"
"172770223.1160",2014-06-23,2014-06-22,1,172770223,"39","172770223","P1D","http://aido.bsvgateway.org/api/locations/172770223/","Federated States of Micronesia","Federated States of Micronesia","Country","http://aido.bsvgateway.org/api/locations/156561026/",6.96728107892262,155.260633533688,6.96728107892262,"Measles"
"172770223.1161",2014-06-24,2014-06-23,3,172770223,"39","172770223","P1D","http://aido.bsvgateway.org/api/locations/172770223/","Federated States of Micronesia","Federated States of Micronesia","Country","http://aido.bsvgateway.org/api/locations/156561026/",155.260633533688,155.260633533688,6.96728107892262,"Measles"
"172770223.1162",2014-06-25,2014-06-24,2,172770223,"39","172770223","P1D","http://aido.bsvgateway.org/api/locations/172770223/","Federated States of Micronesia","Federated States of Micronesia","Country","http://aido.bsvgateway.org/api/locations/156561026/",6.96728107892262,155.260633533688,6.96728107892262,"Measles"
"172770223.1163",2014-06-26,2014-06-25,6,172770223,"39","172770223","P1D","http://aido.bsvgateway.org/api/locations/172770223/","Federated States of Micronesia","Federated States of Micronesia","Country","http://aido.bsvgateway.org/api/locations/156561026/",155.260633533688,155.260633533688,6.96728107892262,"Measles"
"172770223.1164",2014-06-27,2014-06-26,5,172770223,"39","172770223","P1D","http://aido.bsvgateway.org/api/locations/172770223/","Federated States of Micronesia","Federated States of Micronesia","Country","http://aido.bsvgateway.org/api/locations/156561026/",6.96728107892262,155.260633533688,6.96728107892262,"Measles"
"172770223.1165",2014-06-28,2014-06-27,13,172770223,"39","172770223","P1D","http://aido.bsvgateway.org/api/locations/172770223/","Federated States of Micronesia","Federated States of Micronesia","Country","http://aido.bsvgateway.org/api/locations/156561026/",155.260633533688,155.260633533688,6.96728107892262,"Measles"
"172770223.1166",2014-06-29,2014-06-28,10,172770223,"39","172770223","P1D","http://aido.bsvgateway.org/api/locations/172770223/","Federated States of Micronesia","Federated States of Micronesia","Country","http://aido.bsvgateway.org/api/locations/156561026/",6.96728107892262,155.260633533688,6.96728107892262,"Measles"
"172770223.1167",2014-06-30,2014-06-29,16,172770223,"39","172770223","P1D","http://aido.bsvgateway.org/api/locations/172770223/","Federated States of Micronesia","Federated States of Micronesia","Country","http://aido.bsvgateway.org/api/locations/156561026/",155.260633533688,155.260633533688,6.96728107892262,"Measles"
"172770223.1168",2014-07-01,2014-06-30,11,172770223,"39","172770223","P1D","http://aido.bsvgateway.org/api/locations/172770223/","Federated States of Micronesia","Federated States of Micronesia","Country","http://aido.bsvgateway.org/api/locations/156561026/",6.96728107892262,155.260633533688,6.96728107892262,"Measles"
"172770223.1169",2014-07-02,2014-07-01,17,172770223,"39","172770223","P1D","http://aido.bsvgateway.org/api/locations/172770223/","Federated States of Micronesia","Federated States of Micronesia","Country","http://aido.bsvgateway.org/api/locations/156561026/",155.260633533688,155.260633533688,6.96728107892262,"Measles"
"172770223.1170",2014-07-03,2014-07-02,9,172770223,"39","172770223","P1D","http://aido.bsvgateway.org/api/locations/172770223/","Federated States of Micronesia","Federated States of Micronesia","Country","http://aido.bsvgateway.org/api/locations/156561026/",6.96728107892262,155.260633533688,6.96728107892262,"Measles"
"172770223.1171",2014-07-04,2014-07-03,6,172770223,"39","172770223","P1D","http://aido.bsvgateway.org/api/locations/172770223/","Federated States of Micronesia","Federated States of Micronesia","Country","http://aido.bsvgateway.org/api/locations/156561026/",155.260633533688,155.260633533688,6.96728107892262,"Measles"
"172770223.1172",2014-07-05,2014-07-04,9,172770223,"39","172770223","P1D","http://aido.bsvgateway.org/api/locations/172770223/","Federated States of Micronesia","Federated States of Micronesia","Country","http://aido.bsvgateway.org/api/locations/156561026/",6.96728107892262,155.260633533688,6.96728107892262,"Measles"
"172770223.1173",2014-07-06,2014-07-05,2,172770223,"39","172770223","P1D","http://aido.bsvgateway.org/api/locations/172770223/","Federated States of Micronesia","Federated States of Micronesia","Country","http://aido.bsvgateway.org/api/locations/156561026/",155.260633533688,155.260633533688,6.96728107892262,"Measles"
"172770223.1174",2014-07-07,2014-07-06,1,172770223,"39","172770223","P1D","http://aido.bsvgateway.org/api/locations/172770223/","Federated States of Micronesia","Federated States of Micronesia","Country","http://aido.bsvgateway.org/api/locations/156561026/",6.96728107892262,155.260633533688,6.96728107892262,"Measles"
"172770223.1175",2014-07-08,2014-07-07,2,172770223,"39","172770223","P1D","http://aido.bsvgateway.org/api/locations/172770223/","Federated States of Micronesia","Federated States of Micronesia","Country","http://aido.bsvgateway.org/api/locations/156561026/",155.260633533688,155.260633533688,6.96728107892262,"Measles"
"172770223.1176",2014-07-09,2014-07-08,2,172770223,"39","172770223","P1D","http://aido.bsvgateway.org/api/locations/172770223/","Federated States of Micronesia","Federated States of Micronesia","Country","http://aido.bsvgateway.org/api/locations/156561026/",6.96728107892262,155.260633533688,6.96728107892262,"Measles"
"172770223.1177",2014-07-10,2014-07-09,9,172770223,"39","172770223","P1D","http://aido.bsvgateway.org/api/locations/172770223/","Federated States of Micronesia","Federated States of Micronesia","Country","http://aido.bsvgateway.org/api/locations/156561026/",155.260633533688,155.260633533688,6.96728107892262,"Measles"
"172770223.1178",2014-07-11,2014-07-10,6,172770223,"39","172770223","P1D","http://aido.bsvgateway.org/api/locations/172770223/","Federated States of Micronesia","Federated States of Micronesia","Country","http://aido.bsvgateway.org/api/locations/156561026/",6.96728107892262,155.260633533688,6.96728107892262,"Measles"
"172770223.1179",2014-07-12,2014-07-11,5,172770223,"39","172770223","P1D","http://aido.bsvgateway.org/api/locations/172770223/","Federated States of Micronesia","Federated States of Micronesia","Country","http://aido.bsvgateway.org/api/locations/156561026/",155.260633533688,155.260633533688,6.96728107892262,"Measles"
"172770223.1180",2014-07-13,2014-07-12,4,172770223,"39","172770223","P1D","http://aido.bsvgateway.org/api/locations/172770223/","Federated States of Micronesia","Federated States of Micronesia","Country","http://aido.bsvgateway.org/api/locations/156561026/",6.96728107892262,155.260633533688,6.96728107892262,"Measles"
"172770223.1181",2014-07-14,2014-07-13,4,172770223,"39","172770223","P1D","http://aido.bsvgateway.org/api/locations/172770223/","Federated States of Micronesia","Federated States of Micronesia","Country","http://aido.bsvgateway.org/api/locations/156561026/",155.260633533688,155.260633533688,6.96728107892262,"Measles"
"172770223.1182",2014-07-15,2014-07-14,4,172770223,"39","172770223","P1D","http://aido.bsvgateway.org/api/locations/172770223/","Federated States of Micronesia","Federated States of Micronesia","Country","http://aido.bsvgateway.org/api/locations/156561026/",6.96728107892262,155.260633533688,6.96728107892262,"Measles"
"172770223.1183",2014-07-16,2014-07-15,2,172770223,"39","172770223","P1D","http://aido.bsvgateway.org/api/locations/172770223/","Federated States of Micronesia","Federated States of Micronesia","Country","http://aido.bsvgateway.org/api/locations/156561026/",155.260633533688,155.260633533688,6.96728107892262,"Measles"
"172770223.1184",2014-07-17,2014-07-16,3,172770223,"39","172770223","P1D","http://aido.bsvgateway.org/api/locations/172770223/","Federated States of Micronesia","Federated States of Micronesia","Country","http://aido.bsvgateway.org/api/locations/156561026/",6.96728107892262,155.260633533688,6.96728107892262,"Measles"
"172770223.1185",2014-07-18,2014-07-17,0,172770223,"39","172770223","P1D","http://aido.bsvgateway.org/api/locations/172770223/","Federated States of Micronesia","Federated States of Micronesia","Country","http://aido.bsvgateway.org/api/locations/156561026/",155.260633533688,155.260633533688,6.96728107892262,"Measles"
"172770223.1186",2014-07-19,2014-07-18,3,172770223,"39","172770223","P1D","http://aido.bsvgateway.org/api/locations/172770223/","Federated States of Micronesia","Federated States of Micronesia","Country","http://aido.bsvgateway.org/api/locations/156561026/",6.96728107892262,155.260633533688,6.96728107892262,"Measles"
"172770223.1187",2014-07-20,2014-07-19,0,172770223,"39","172770223","P1D","http://aido.bsvgateway.org/api/locations/172770223/","Federated States of Micronesia","Federated States of Micronesia","Country","http://aido.bsvgateway.org/api/locations/156561026/",155.260633533688,155.260633533688,6.96728107892262,"Measles"
"172770223.1188",2014-07-21,2014-07-20,2,172770223,"39","172770223","P1D","http://aido.bsvgateway.org/api/locations/172770223/","Federated States of Micronesia","Federated States of Micronesia","Country","http://aido.bsvgateway.org/api/locations/156561026/",6.96728107892262,155.260633533688,6.96728107892262,"Measles"
"172770223.1189",2014-07-22,2014-07-21,3,172770223,"39","172770223","P1D","http://aido.bsvgateway.org/api/locations/172770223/","Federated States of Micronesia","Federated States of Micronesia","Country","http://aido.bsvgateway.org/api/locations/156561026/",155.260633533688,155.260633533688,6.96728107892262,"Measles"
"172770223.1190",2014-07-23,2014-07-22,0,172770223,"39","172770223","P1D","http://aido.bsvgateway.org/api/locations/172770223/","Federated States of Micronesia","Federated States of Micronesia","Country","http://aido.bsvgateway.org/api/locations/156561026/",6.96728107892262,155.260633533688,6.96728107892262,"Measles"
"172770223.1191",2014-07-24,2014-07-23,2,172770223,"39","172770223","P1D","http://aido.bsvgateway.org/api/locations/172770223/","Federated States of Micronesia","Federated States of Micronesia","Country","http://aido.bsvgateway.org/api/locations/156561026/",155.260633533688,155.260633533688,6.96728107892262,"Measles"
"172770223.1192",2014-07-25,2014-07-24,4,172770223,"39","172770223","P1D","http://aido.bsvgateway.org/api/locations/172770223/","Federated States of Micronesia","Federated States of Micronesia","Country","http://aido.bsvgateway.org/api/locations/156561026/",6.96728107892262,155.260633533688,6.96728107892262,"Measles"
"172770223.1193",2014-07-26,2014-07-25,1,172770223,"39","172770223","P1D","http://aido.bsvgateway.org/api/locations/172770223/","Federated States of Micronesia","Federated States of Micronesia","Country","http://aido.bsvgateway.org/api/locations/156561026/",155.260633533688,155.260633533688,6.96728107892262,"Measles"
"172770223.1194",2014-07-27,2014-07-26,1,172770223,"39","172770223","P1D","http://aido.bsvgateway.org/api/locations/172770223/","Federated States of Micronesia","Federated States of Micronesia","Country","http://aido.bsvgateway.org/api/locations/156561026/",6.96728107892262,155.260633533688,6.96728107892262,"Measles"
"172770223.1195",2014-07-28,2014-07-27,1,172770223,"39","172770223","P1D","http://aido.bsvgateway.org/api/locations/172770223/","Federated States of Micronesia","Federated States of Micronesia","Country","http://aido.bsvgateway.org/api/locations/156561026/",155.260633533688,155.260633533688,6.96728107892262,"Measles"
"172770223.1196",2014-07-29,2014-07-28,1,172770223,"39","172770223","P1D","http://aido.bsvgateway.org/api/locations/172770223/","Federated States of Micronesia","Federated States of Micronesia","Country","http://aido.bsvgateway.org/api/locations/156561026/",6.96728107892262,155.260633533688,6.96728107892262,"Measles"
"172770223.1197",2014-07-30,2014-07-29,2,172770223,"39","172770223","P1D","http://aido.bsvgateway.org/api/locations/172770223/","Federated States of Micronesia","Federated States of Micronesia","Country","http://aido.bsvgateway.org/api/locations/156561026/",155.260633533688,155.260633533688,6.96728107892262,"Measles"
"172770223.1198",2014-07-31,2014-07-30,1,172770223,"39","172770223","P1D","http://aido.bsvgateway.org/api/locations/172770223/","Federated States of Micronesia","Federated States of Micronesia","Country","http://aido.bsvgateway.org/api/locations/156561026/",6.96728107892262,155.260633533688,6.96728107892262,"Measles"
"172770223.1199",2014-08-01,2014-07-31,3,172770223,"39","172770223","P1D","http://aido.bsvgateway.org/api/locations/172770223/","Federated States of Micronesia","Federated States of Micronesia","Country","http://aido.bsvgateway.org/api/locations/156561026/",155.260633533688,155.260633533688,6.96728107892262,"Measles"
"172770223.1200",2014-08-02,2014-08-01,1,172770223,"39","172770223","P1D","http://aido.bsvgateway.org/api/locations/172770223/","Federated States of Micronesia","Federated States of Micronesia","Country","http://aido.bsvgateway.org/api/locations/156561026/",6.96728107892262,155.260633533688,6.96728107892262,"Measles"
"172770223.1201",2014-08-03,2014-08-02,1,172770223,"39","172770223","P1D","http://aido.bsvgateway.org/api/locations/172770223/","Federated States of Micronesia","Federated States of Micronesia","Country","http://aido.bsvgateway.org/api/locations/156561026/",155.260633533688,155.260633533688,6.96728107892262,"Measles"
"172770223.1202",2014-08-04,2014-08-03,1,172770223,"39","172770223","P1D","http://aido.bsvgateway.org/api/locations/172770223/","Federated States of Micronesia","Federated States of Micronesia","Country","http://aido.bsvgateway.org/api/locations/156561026/",6.96728107892262,155.260633533688,6.96728107892262,"Measles"
"172770223.1203",2014-08-05,2014-08-04,0,172770223,"39","172770223","P1D","http://aido.bsvgateway.org/api/locations/172770223/","Federated States of Micronesia","Federated States of Micronesia","Country","http://aido.bsvgateway.org/api/locations/156561026/",155.260633533688,155.260633533688,6.96728107892262,"Measles"
"172770223.1204",2014-08-06,2014-08-05,1,172770223,"39","172770223","P1D","http://aido.bsvgateway.org/api/locations/172770223/","Federated States of Micronesia","Federated States of Micronesia","Country","http://aido.bsvgateway.org/api/locations/156561026/",6.96728107892262,155.260633533688,6.96728107892262,"Measles"
"172770223.1205",2014-08-07,2014-08-06,0,172770223,"39","172770223","P1D","http://aido.bsvgateway.org/api/locations/172770223/","Federated States of Micronesia","Federated States of Micronesia","Country","http://aido.bsvgateway.org/api/locations/156561026/",155.260633533688,155.260633533688,6.96728107892262,"Measles"
"172770223.1206",2014-08-08,2014-08-07,0,172770223,"39","172770223","P1D","http://aido.bsvgateway.org/api/locations/172770223/","Federated States of Micronesia","Federated States of Micronesia","Country","http://aido.bsvgateway.org/api/locations/156561026/",6.96728107892262,155.260633533688,6.96728107892262,"Measles"
"172770223.1207",2014-08-09,2014-08-08,0,172770223,"39","172770223","P1D","http://aido.bsvgateway.org/api/locations/172770223/","Federated States of Micronesia","Federated States of Micronesia","Country","http://aido.bsvgateway.org/api/locations/156561026/",155.260633533688,155.260633533688,6.96728107892262,"Measles"
"172770223.1208",2014-08-10,2014-08-09,0,172770223,"39","172770223","P1D","http://aido.bsvgateway.org/api/locations/172770223/","Federated States of Micronesia","Federated States of Micronesia","Country","http://aido.bsvgateway.org/api/locations/156561026/",6.96728107892262,155.260633533688,6.96728107892262,"Measles"
"172770223.1209",2014-08-11,2014-08-10,0,172770223,"39","172770223","P1D","http://aido.bsvgateway.org/api/locations/172770223/","Federated States of Micronesia","Federated States of Micronesia","Country","http://aido.bsvgateway.org/api/locations/156561026/",155.260633533688,155.260633533688,6.96728107892262,"Measles"
"172770223.1210",2014-08-12,2014-08-11,1,172770223,"39","172770223","P1D","http://aido.bsvgateway.org/api/locations/172770223/","Federated States of Micronesia","Federated States of Micronesia","Country","http://aido.bsvgateway.org/api/locations/156561026/",6.96728107892262,155.260633533688,6.96728107892262,"Measles"
"172770223.1211",2014-08-13,2014-08-12,0,172770223,"39","172770223","P1D","http://aido.bsvgateway.org/api/locations/172770223/","Federated States of Micronesia","Federated States of Micronesia","Country","http://aido.bsvgateway.org/api/locations/156561026/",155.260633533688,155.260633533688,6.96728107892262,"Measles"
"172770223.1212",2014-08-14,2014-08-13,0,172770223,"39","172770223","P1D","http://aido.bsvgateway.org/api/locations/172770223/","Federated States of Micronesia","Federated States of Micronesia","Country","http://aido.bsvgateway.org/api/locations/156561026/",6.96728107892262,155.260633533688,6.96728107892262,"Measles"
"172770223.1213",2014-08-15,2014-08-14,0,172770223,"39","172770223","P1D","http://aido.bsvgateway.org/api/locations/172770223/","Federated States of Micronesia","Federated States of Micronesia","Country","http://aido.bsvgateway.org/api/locations/156561026/",155.260633533688,155.260633533688,6.96728107892262,"Measles"
"172770223.1214",2014-08-16,2014-08-15,0,172770223,"39","172770223","P1D","http://aido.bsvgateway.org/api/locations/172770223/","Federated States of Micronesia","Federated States of Micronesia","Country","http://aido.bsvgateway.org/api/locations/156561026/",6.96728107892262,155.260633533688,6.96728107892262,"Measles"
"172770223.1215",2014-08-17,2014-08-16,0,172770223,"39","172770223","P1D","http://aido.bsvgateway.org/api/locations/172770223/","Federated States of Micronesia","Federated States of Micronesia","Country","http://aido.bsvgateway.org/api/locations/156561026/",155.260633533688,155.260633533688,6.96728107892262,"Measles"
"172770223.1216",2014-08-18,2014-08-17,0,172770223,"39","172770223","P1D","http://aido.bsvgateway.org/api/locations/172770223/","Federated States of Micronesia","Federated States of Micronesia","Country","http://aido.bsvgateway.org/api/locations/156561026/",6.96728107892262,155.260633533688,6.96728107892262,"Measles"
"172770223.1217",2014-08-19,2014-08-18,0,172770223,"39","172770223","P1D","http://aido.bsvgateway.org/api/locations/172770223/","Federated States of Micronesia","Federated States of Micronesia","Country","http://aido.bsvgateway.org/api/locations/156561026/",155.260633533688,155.260633533688,6.96728107892262,"Measles"
"172770223.1218",2014-08-20,2014-08-19,0,172770223,"39","172770223","P1D","http://aido.bsvgateway.org/api/locations/172770223/","Federated States of Micronesia","Federated States of Micronesia","Country","http://aido.bsvgateway.org/api/locations/156561026/",6.96728107892262,155.260633533688,6.96728107892262,"Measles"
"172770223.1219",2014-08-21,2014-08-20,0,172770223,"39","172770223","P1D","http://aido.bsvgateway.org/api/locations/172770223/","Federated States of Micronesia","Federated States of Micronesia","Country","http://aido.bsvgateway.org/api/locations/156561026/",155.260633533688,155.260633533688,6.96728107892262,"Measles"
"172770223.1220",2014-08-22,2014-08-21,0,172770223,"39","172770223","P1D","http://aido.bsvgateway.org/api/locations/172770223/","Federated States of Micronesia","Federated States of Micronesia","Country","http://aido.bsvgateway.org/api/locations/156561026/",6.96728107892262,155.260633533688,6.96728107892262,"Measles"
"172770223.1221",2014-08-23,2014-08-22,0,172770223,"39","172770223","P1D","http://aido.bsvgateway.org/api/locations/172770223/","Federated States of Micronesia","Federated States of Micronesia","Country","http://aido.bsvgateway.org/api/locations/156561026/",155.260633533688,155.260633533688,6.96728107892262,"Measles"
"172770223.1222",2014-08-24,2014-08-23,0,172770223,"39","172770223","P1D","http://aido.bsvgateway.org/api/locations/172770223/","Federated States of Micronesia","Federated States of Micronesia","Country","http://aido.bsvgateway.org/api/locations/156561026/",6.96728107892262,155.260633533688,6.96728107892262,"Measles"
"172770223.1223",2014-08-25,2014-08-24,0,172770223,"39","172770223","P1D","http://aido.bsvgateway.org/api/locations/172770223/","Federated States of Micronesia","Federated States of Micronesia","Country","http://aido.bsvgateway.org/api/locations/156561026/",155.260633533688,155.260633533688,6.96728107892262,"Measles"
"172770223.1224",2014-08-26,2014-08-25,0,172770223,"39","172770223","P1D","http://aido.bsvgateway.org/api/locations/172770223/","Federated States of Micronesia","Federated States of Micronesia","Country","http://aido.bsvgateway.org/api/locations/156561026/",6.96728107892262,155.260633533688,6.96728107892262,"Measles"
"172770223.1225",2014-08-27,2014-08-26,1,172770223,"39","172770223","P1D","http://aido.bsvgateway.org/api/locations/172770223/","Federated States of Micronesia","Federated States of Micronesia","Country","http://aido.bsvgateway.org/api/locations/156561026/",155.260633533688,155.260633533688,6.96728107892262,"Measles"
"172770223.1226",2014-08-28,2014-08-27,0,172770223,"39","172770223","P1D","http://aido.bsvgateway.org/api/locations/172770223/","Federated States of Micronesia","Federated States of Micronesia","Country","http://aido.bsvgateway.org/api/locations/156561026/",6.96728107892262,155.260633533688,6.96728107892262,"Measles"
"172770223.1227",2014-08-29,2014-08-28,0,172770223,"39","172770223","P1D","http://aido.bsvgateway.org/api/locations/172770223/","Federated States of Micronesia","Federated States of Micronesia","Country","http://aido.bsvgateway.org/api/locations/156561026/",155.260633533688,155.260633533688,6.96728107892262,"Measles"
"172770223.1228",2014-08-30,2014-08-29,0,172770223,"39","172770223","P1D","http://aido.bsvgateway.org/api/locations/172770223/","Federated States of Micronesia","Federated States of Micronesia","Country","http://aido.bsvgateway.org/api/locations/156561026/",6.96728107892262,155.260633533688,6.96728107892262,"Measles"
"172770223.1229",2014-08-31,2014-08-30,0,172770223,"39","172770223","P1D","http://aido.bsvgateway.org/api/locations/172770223/","Federated States of Micronesia","Federated States of Micronesia","Country","http://aido.bsvgateway.org/api/locations/156561026/",155.260633533688,155.260633533688,6.96728107892262,"Measles"
"172770223.1230",2014-09-01,2014-08-31,1,172770223,"39","172770223","P1D","http://aido.bsvgateway.org/api/locations/172770223/","Federated States of Micronesia","Federated States of Micronesia","Country","http://aido.bsvgateway.org/api/locations/156561026/",6.96728107892262,155.260633533688,6.96728107892262,"Measles"
