"","end","start","value","id","disease","location","duration","url","name","full_name","admin_level_name","parent","centroid_lat_long","longitude","latitude","disease_name"
"204325566.30",2004-06-19,2004-06-18,1,204325566,"53","204325566","P1D","http://aido.bsvgateway.org/api/locations/204325566/","South Korea","South Korea","Country","http://aido.bsvgateway.org/api/locations/20359812/",36.3733535127376,127.819093957479,36.3733535127376,"Salmonellosis"
"204325566.31",2004-06-20,2004-06-19,0,204325566,"53","204325566","P1D","http://aido.bsvgateway.org/api/locations/204325566/","South Korea","South Korea","Country","http://aido.bsvgateway.org/api/locations/20359812/",127.819093957479,127.819093957479,36.3733535127376,"Salmonellosis"
"204325566.32",2004-06-21,2004-06-20,0,204325566,"53","204325566","P1D","http://aido.bsvgateway.org/api/locations/204325566/","South Korea","South Korea","Country","http://aido.bsvgateway.org/api/locations/20359812/",36.3733535127376,127.819093957479,36.3733535127376,"Salmonellosis"
"204325566.33",2004-06-22,2004-06-21,0,204325566,"53","204325566","P1D","http://aido.bsvgateway.org/api/locations/204325566/","South Korea","South Korea","Country","http://aido.bsvgateway.org/api/locations/20359812/",127.819093957479,127.819093957479,36.3733535127376,"Salmonellosis"
"204325566.34",2004-06-23,2004-06-22,0,204325566,"53","204325566","P1D","http://aido.bsvgateway.org/api/locations/204325566/","South Korea","South Korea","Country","http://aido.bsvgateway.org/api/locations/20359812/",36.3733535127376,127.819093957479,36.3733535127376,"Salmonellosis"
"204325566.35",2004-06-24,2004-06-23,1,204325566,"53","204325566","P1D","http://aido.bsvgateway.org/api/locations/204325566/","South Korea","South Korea","Country","http://aido.bsvgateway.org/api/locations/20359812/",127.819093957479,127.819093957479,36.3733535127376,"Salmonellosis"
"204325566.36",2004-06-25,2004-06-24,0,204325566,"53","204325566","P1D","http://aido.bsvgateway.org/api/locations/204325566/","South Korea","South Korea","Country","http://aido.bsvgateway.org/api/locations/20359812/",36.3733535127376,127.819093957479,36.3733535127376,"Salmonellosis"
"204325566.37",2004-06-26,2004-06-25,0,204325566,"53","204325566","P1D","http://aido.bsvgateway.org/api/locations/204325566/","South Korea","South Korea","Country","http://aido.bsvgateway.org/api/locations/20359812/",127.819093957479,127.819093957479,36.3733535127376,"Salmonellosis"
"204325566.38",2004-06-27,2004-06-26,0,204325566,"53","204325566","P1D","http://aido.bsvgateway.org/api/locations/204325566/","South Korea","South Korea","Country","http://aido.bsvgateway.org/api/locations/20359812/",36.3733535127376,127.819093957479,36.3733535127376,"Salmonellosis"
"204325566.39",2004-06-28,2004-06-27,0,204325566,"53","204325566","P1D","http://aido.bsvgateway.org/api/locations/204325566/","South Korea","South Korea","Country","http://aido.bsvgateway.org/api/locations/20359812/",127.819093957479,127.819093957479,36.3733535127376,"Salmonellosis"
"204325566.40",2004-06-29,2004-06-28,1,204325566,"53","204325566","P1D","http://aido.bsvgateway.org/api/locations/204325566/","South Korea","South Korea","Country","http://aido.bsvgateway.org/api/locations/20359812/",36.3733535127376,127.819093957479,36.3733535127376,"Salmonellosis"
