"","end","start","value","id","disease","location","duration","url","name","full_name","admin_level_name","parent","centroid_lat_long","longitude","latitude","disease_name"
"62292347.35",2005-11-18,2005-11-18,0,62292347,"48","62292347","PT6H","http://aido.bsvgateway.org/api/locations/62292347/","Japan","Japan","Country","http://aido.bsvgateway.org/api/locations/20359812/",37.5511773936149,137.978347609877,37.5511773936149,"Norovirus"
"62292347.36",2005-11-18,2005-11-18,0,62292347,"48","62292347","PT6H","http://aido.bsvgateway.org/api/locations/62292347/","Japan","Japan","Country","http://aido.bsvgateway.org/api/locations/20359812/",137.978347609877,137.978347609877,37.5511773936149,"Norovirus"
"62292347.37",2005-11-18,2005-11-18,0,62292347,"48","62292347","PT6H","http://aido.bsvgateway.org/api/locations/62292347/","Japan","Japan","Country","http://aido.bsvgateway.org/api/locations/20359812/",37.5511773936149,137.978347609877,37.5511773936149,"Norovirus"
"62292347.38",2005-11-19,2005-11-18,5,62292347,"48","62292347","PT6H","http://aido.bsvgateway.org/api/locations/62292347/","Japan","Japan","Country","http://aido.bsvgateway.org/api/locations/20359812/",137.978347609877,137.978347609877,37.5511773936149,"Norovirus"
"62292347.39",2005-11-19,2005-11-19,30,62292347,"48","62292347","PT6H","http://aido.bsvgateway.org/api/locations/62292347/","Japan","Japan","Country","http://aido.bsvgateway.org/api/locations/20359812/",37.5511773936149,137.978347609877,37.5511773936149,"Norovirus"
"62292347.40",2005-11-19,2005-11-19,54,62292347,"48","62292347","PT6H","http://aido.bsvgateway.org/api/locations/62292347/","Japan","Japan","Country","http://aido.bsvgateway.org/api/locations/20359812/",137.978347609877,137.978347609877,37.5511773936149,"Norovirus"
"62292347.41",2005-11-19,2005-11-19,101,62292347,"48","62292347","PT6H","http://aido.bsvgateway.org/api/locations/62292347/","Japan","Japan","Country","http://aido.bsvgateway.org/api/locations/20359812/",37.5511773936149,137.978347609877,37.5511773936149,"Norovirus"
"62292347.42",2005-11-20,2005-11-19,152,62292347,"48","62292347","PT6H","http://aido.bsvgateway.org/api/locations/62292347/","Japan","Japan","Country","http://aido.bsvgateway.org/api/locations/20359812/",137.978347609877,137.978347609877,37.5511773936149,"Norovirus"
"62292347.43",2005-11-20,2005-11-20,44,62292347,"48","62292347","PT6H","http://aido.bsvgateway.org/api/locations/62292347/","Japan","Japan","Country","http://aido.bsvgateway.org/api/locations/20359812/",37.5511773936149,137.978347609877,37.5511773936149,"Norovirus"
"62292347.44",2005-11-20,2005-11-20,39,62292347,"48","62292347","PT6H","http://aido.bsvgateway.org/api/locations/62292347/","Japan","Japan","Country","http://aido.bsvgateway.org/api/locations/20359812/",137.978347609877,137.978347609877,37.5511773936149,"Norovirus"
"62292347.45",2005-11-20,2005-11-20,56,62292347,"48","62292347","PT6H","http://aido.bsvgateway.org/api/locations/62292347/","Japan","Japan","Country","http://aido.bsvgateway.org/api/locations/20359812/",37.5511773936149,137.978347609877,37.5511773936149,"Norovirus"
"62292347.46",2005-11-21,2005-11-20,68,62292347,"48","62292347","PT6H","http://aido.bsvgateway.org/api/locations/62292347/","Japan","Japan","Country","http://aido.bsvgateway.org/api/locations/20359812/",137.978347609877,137.978347609877,37.5511773936149,"Norovirus"
"62292347.47",2005-11-21,2005-11-21,15,62292347,"48","62292347","PT6H","http://aido.bsvgateway.org/api/locations/62292347/","Japan","Japan","Country","http://aido.bsvgateway.org/api/locations/20359812/",37.5511773936149,137.978347609877,37.5511773936149,"Norovirus"
"62292347.48",2005-11-21,2005-11-21,43,62292347,"48","62292347","PT6H","http://aido.bsvgateway.org/api/locations/62292347/","Japan","Japan","Country","http://aido.bsvgateway.org/api/locations/20359812/",137.978347609877,137.978347609877,37.5511773936149,"Norovirus"
"62292347.49",2005-11-21,2005-11-21,9,62292347,"48","62292347","PT6H","http://aido.bsvgateway.org/api/locations/62292347/","Japan","Japan","Country","http://aido.bsvgateway.org/api/locations/20359812/",37.5511773936149,137.978347609877,37.5511773936149,"Norovirus"
"62292347.50",2005-11-22,2005-11-21,6,62292347,"48","62292347","PT6H","http://aido.bsvgateway.org/api/locations/62292347/","Japan","Japan","Country","http://aido.bsvgateway.org/api/locations/20359812/",137.978347609877,137.978347609877,37.5511773936149,"Norovirus"
"62292347.51",2005-11-22,2005-11-22,3,62292347,"48","62292347","PT6H","http://aido.bsvgateway.org/api/locations/62292347/","Japan","Japan","Country","http://aido.bsvgateway.org/api/locations/20359812/",37.5511773936149,137.978347609877,37.5511773936149,"Norovirus"
"62292347.52",2005-11-22,2005-11-22,2,62292347,"48","62292347","PT6H","http://aido.bsvgateway.org/api/locations/62292347/","Japan","Japan","Country","http://aido.bsvgateway.org/api/locations/20359812/",137.978347609877,137.978347609877,37.5511773936149,"Norovirus"
"62292347.53",2005-11-22,2005-11-22,0,62292347,"48","62292347","PT6H","http://aido.bsvgateway.org/api/locations/62292347/","Japan","Japan","Country","http://aido.bsvgateway.org/api/locations/20359812/",37.5511773936149,137.978347609877,37.5511773936149,"Norovirus"
"62292347.54",2005-11-23,2005-11-22,3,62292347,"48","62292347","PT6H","http://aido.bsvgateway.org/api/locations/62292347/","Japan","Japan","Country","http://aido.bsvgateway.org/api/locations/20359812/",137.978347609877,137.978347609877,37.5511773936149,"Norovirus"
"62292347.55",2005-11-23,2005-11-23,0,62292347,"48","62292347","PT6H","http://aido.bsvgateway.org/api/locations/62292347/","Japan","Japan","Country","http://aido.bsvgateway.org/api/locations/20359812/",37.5511773936149,137.978347609877,37.5511773936149,"Norovirus"
"62292347.56",2005-11-23,2005-11-23,1,62292347,"48","62292347","PT6H","http://aido.bsvgateway.org/api/locations/62292347/","Japan","Japan","Country","http://aido.bsvgateway.org/api/locations/20359812/",137.978347609877,137.978347609877,37.5511773936149,"Norovirus"
"62292347.57",2005-11-23,2005-11-23,0,62292347,"48","62292347","PT6H","http://aido.bsvgateway.org/api/locations/62292347/","Japan","Japan","Country","http://aido.bsvgateway.org/api/locations/20359812/",37.5511773936149,137.978347609877,37.5511773936149,"Norovirus"
"62292347.58",2005-11-24,2005-11-23,0,62292347,"48","62292347","PT6H","http://aido.bsvgateway.org/api/locations/62292347/","Japan","Japan","Country","http://aido.bsvgateway.org/api/locations/20359812/",137.978347609877,137.978347609877,37.5511773936149,"Norovirus"
