"","end","start","value","id","disease","location","duration","url","name","full_name","admin_level_name","parent","centroid_lat_long","longitude","latitude","disease_name"
"229388828.883",2012-01-22,2012-01-15,11,229388828,"67","229388828","P7D","http://aido.bsvgateway.org/api/locations/229388828/","Novi Sad","Novi Sad, Južno-Backi, Republic of Serbia","City","http://aido.bsvgateway.org/api/locations/90947038/",45.2503795327494,19.849943883756,45.2503795327494,"Mumps"
"229388828.884",2012-01-29,2012-01-22,17,229388828,"67","229388828","P7D","http://aido.bsvgateway.org/api/locations/229388828/","Novi Sad","Novi Sad, Južno-Backi, Republic of Serbia","City","http://aido.bsvgateway.org/api/locations/90947038/",19.849943883756,19.849943883756,45.2503795327494,"Mumps"
"229388828.885",2012-02-05,2012-01-29,5,229388828,"67","229388828","P7D","http://aido.bsvgateway.org/api/locations/229388828/","Novi Sad","Novi Sad, Južno-Backi, Republic of Serbia","City","http://aido.bsvgateway.org/api/locations/90947038/",45.2503795327494,19.849943883756,45.2503795327494,"Mumps"
"229388828.886",2012-02-12,2012-02-05,15,229388828,"67","229388828","P7D","http://aido.bsvgateway.org/api/locations/229388828/","Novi Sad","Novi Sad, Južno-Backi, Republic of Serbia","City","http://aido.bsvgateway.org/api/locations/90947038/",19.849943883756,19.849943883756,45.2503795327494,"Mumps"
"229388828.887",2012-02-19,2012-02-12,16,229388828,"67","229388828","P7D","http://aido.bsvgateway.org/api/locations/229388828/","Novi Sad","Novi Sad, Južno-Backi, Republic of Serbia","City","http://aido.bsvgateway.org/api/locations/90947038/",45.2503795327494,19.849943883756,45.2503795327494,"Mumps"
"229388828.888",2012-02-26,2012-02-19,9,229388828,"67","229388828","P7D","http://aido.bsvgateway.org/api/locations/229388828/","Novi Sad","Novi Sad, Južno-Backi, Republic of Serbia","City","http://aido.bsvgateway.org/api/locations/90947038/",19.849943883756,19.849943883756,45.2503795327494,"Mumps"
"229388828.889",2012-03-04,2012-02-26,7,229388828,"67","229388828","P7D","http://aido.bsvgateway.org/api/locations/229388828/","Novi Sad","Novi Sad, Južno-Backi, Republic of Serbia","City","http://aido.bsvgateway.org/api/locations/90947038/",45.2503795327494,19.849943883756,45.2503795327494,"Mumps"
"229388828.890",2012-03-11,2012-03-04,12,229388828,"67","229388828","P7D","http://aido.bsvgateway.org/api/locations/229388828/","Novi Sad","Novi Sad, Južno-Backi, Republic of Serbia","City","http://aido.bsvgateway.org/api/locations/90947038/",19.849943883756,19.849943883756,45.2503795327494,"Mumps"
"229388828.891",2012-03-18,2012-03-11,11,229388828,"67","229388828","P7D","http://aido.bsvgateway.org/api/locations/229388828/","Novi Sad","Novi Sad, Južno-Backi, Republic of Serbia","City","http://aido.bsvgateway.org/api/locations/90947038/",45.2503795327494,19.849943883756,45.2503795327494,"Mumps"
"229388828.892",2012-03-25,2012-03-18,13,229388828,"67","229388828","P7D","http://aido.bsvgateway.org/api/locations/229388828/","Novi Sad","Novi Sad, Južno-Backi, Republic of Serbia","City","http://aido.bsvgateway.org/api/locations/90947038/",19.849943883756,19.849943883756,45.2503795327494,"Mumps"
"229388828.893",2012-04-01,2012-03-25,1,229388828,"67","229388828","P7D","http://aido.bsvgateway.org/api/locations/229388828/","Novi Sad","Novi Sad, Južno-Backi, Republic of Serbia","City","http://aido.bsvgateway.org/api/locations/90947038/",45.2503795327494,19.849943883756,45.2503795327494,"Mumps"
"229388828.894",2012-04-08,2012-04-01,1,229388828,"67","229388828","P7D","http://aido.bsvgateway.org/api/locations/229388828/","Novi Sad","Novi Sad, Južno-Backi, Republic of Serbia","City","http://aido.bsvgateway.org/api/locations/90947038/",19.849943883756,19.849943883756,45.2503795327494,"Mumps"
"229388828.895",2012-04-15,2012-04-08,1,229388828,"67","229388828","P7D","http://aido.bsvgateway.org/api/locations/229388828/","Novi Sad","Novi Sad, Južno-Backi, Republic of Serbia","City","http://aido.bsvgateway.org/api/locations/90947038/",45.2503795327494,19.849943883756,45.2503795327494,"Mumps"
"229388828.896",2012-04-22,2012-04-15,0,229388828,"67","229388828","P7D","http://aido.bsvgateway.org/api/locations/229388828/","Novi Sad","Novi Sad, Južno-Backi, Republic of Serbia","City","http://aido.bsvgateway.org/api/locations/90947038/",19.849943883756,19.849943883756,45.2503795327494,"Mumps"
"229388828.897",2012-04-29,2012-04-22,0,229388828,"67","229388828","P7D","http://aido.bsvgateway.org/api/locations/229388828/","Novi Sad","Novi Sad, Južno-Backi, Republic of Serbia","City","http://aido.bsvgateway.org/api/locations/90947038/",45.2503795327494,19.849943883756,45.2503795327494,"Mumps"
