"","end","start","value","id","disease","location","duration","url","name","full_name","admin_level_name","parent","centroid_lat_long","longitude","latitude","disease_name"
"102446886.1",2002-06-26,2002-06-21,12,102446886,"31","102446886","P5D","http://aido.bsvgateway.org/api/locations/102446886/","India","India","Country","http://aido.bsvgateway.org/api/locations/20359812/",22.8879524743579,79.615721549001,22.8879524743579,"Leptospirosis"
"102446886.2",2002-07-01,2002-06-26,19,102446886,"31","102446886","P5D","http://aido.bsvgateway.org/api/locations/102446886/","India","India","Country","http://aido.bsvgateway.org/api/locations/20359812/",79.615721549001,79.615721549001,22.8879524743579,"Leptospirosis"
"102446886.3",2002-07-06,2002-07-01,30,102446886,"31","102446886","P5D","http://aido.bsvgateway.org/api/locations/102446886/","India","India","Country","http://aido.bsvgateway.org/api/locations/20359812/",22.8879524743579,79.615721549001,22.8879524743579,"Leptospirosis"
"102446886.4",2002-07-11,2002-07-06,26,102446886,"31","102446886","P5D","http://aido.bsvgateway.org/api/locations/102446886/","India","India","Country","http://aido.bsvgateway.org/api/locations/20359812/",79.615721549001,79.615721549001,22.8879524743579,"Leptospirosis"
"102446886.5",2002-07-16,2002-07-11,30,102446886,"31","102446886","P5D","http://aido.bsvgateway.org/api/locations/102446886/","India","India","Country","http://aido.bsvgateway.org/api/locations/20359812/",22.8879524743579,79.615721549001,22.8879524743579,"Leptospirosis"
"102446886.6",2002-07-21,2002-07-16,11,102446886,"31","102446886","P5D","http://aido.bsvgateway.org/api/locations/102446886/","India","India","Country","http://aido.bsvgateway.org/api/locations/20359812/",79.615721549001,79.615721549001,22.8879524743579,"Leptospirosis"
"102446886.7",2002-07-26,2002-07-21,8,102446886,"31","102446886","P5D","http://aido.bsvgateway.org/api/locations/102446886/","India","India","Country","http://aido.bsvgateway.org/api/locations/20359812/",22.8879524743579,79.615721549001,22.8879524743579,"Leptospirosis"
"102446886.8",2002-07-31,2002-07-26,6,102446886,"31","102446886","P5D","http://aido.bsvgateway.org/api/locations/102446886/","India","India","Country","http://aido.bsvgateway.org/api/locations/20359812/",79.615721549001,79.615721549001,22.8879524743579,"Leptospirosis"
"102446886.9",2002-08-05,2002-07-31,1,102446886,"31","102446886","P5D","http://aido.bsvgateway.org/api/locations/102446886/","India","India","Country","http://aido.bsvgateway.org/api/locations/20359812/",22.8879524743579,79.615721549001,22.8879524743579,"Leptospirosis"
