"","end","start","value","id","disease","location","duration","url","name","full_name","admin_level_name","parent","centroid_lat_long","longitude","latitude","disease_name"
"214138576.342",2000-03-20,2000-03-13,0,214138576,"33","214138576","P7D","http://aido.bsvgateway.org/api/locations/214138576/","United Kingdom","United Kingdom","Country","http://aido.bsvgateway.org/api/locations/216709393/",54.1470481891977,-2.88695148310369,54.1470481891977,"Meningococcal Disease"
"214138576.343",2000-03-27,2000-03-20,1,214138576,"33","214138576","P7D","http://aido.bsvgateway.org/api/locations/214138576/","United Kingdom","United Kingdom","Country","http://aido.bsvgateway.org/api/locations/216709393/",-2.88695148310369,-2.88695148310369,54.1470481891977,"Meningococcal Disease"
"214138576.344",2000-04-03,2000-03-27,6,214138576,"33","214138576","P7D","http://aido.bsvgateway.org/api/locations/214138576/","United Kingdom","United Kingdom","Country","http://aido.bsvgateway.org/api/locations/216709393/",54.1470481891977,-2.88695148310369,54.1470481891977,"Meningococcal Disease"
"214138576.345",2000-04-10,2000-04-03,12,214138576,"33","214138576","P7D","http://aido.bsvgateway.org/api/locations/214138576/","United Kingdom","United Kingdom","Country","http://aido.bsvgateway.org/api/locations/216709393/",-2.88695148310369,-2.88695148310369,54.1470481891977,"Meningococcal Disease"
"214138576.346",2000-04-17,2000-04-10,5,214138576,"33","214138576","P7D","http://aido.bsvgateway.org/api/locations/214138576/","United Kingdom","United Kingdom","Country","http://aido.bsvgateway.org/api/locations/216709393/",54.1470481891977,-2.88695148310369,54.1470481891977,"Meningococcal Disease"
"214138576.347",2000-04-24,2000-04-17,2,214138576,"33","214138576","P7D","http://aido.bsvgateway.org/api/locations/214138576/","United Kingdom","United Kingdom","Country","http://aido.bsvgateway.org/api/locations/216709393/",-2.88695148310369,-2.88695148310369,54.1470481891977,"Meningococcal Disease"
"214138576.348",2000-05-01,2000-04-24,4,214138576,"33","214138576","P7D","http://aido.bsvgateway.org/api/locations/214138576/","United Kingdom","United Kingdom","Country","http://aido.bsvgateway.org/api/locations/216709393/",54.1470481891977,-2.88695148310369,54.1470481891977,"Meningococcal Disease"
"214138576.349",2000-05-08,2000-05-01,2,214138576,"33","214138576","P7D","http://aido.bsvgateway.org/api/locations/214138576/","United Kingdom","United Kingdom","Country","http://aido.bsvgateway.org/api/locations/216709393/",-2.88695148310369,-2.88695148310369,54.1470481891977,"Meningococcal Disease"
"214138576.350",2000-05-15,2000-05-08,3,214138576,"33","214138576","P7D","http://aido.bsvgateway.org/api/locations/214138576/","United Kingdom","United Kingdom","Country","http://aido.bsvgateway.org/api/locations/216709393/",54.1470481891977,-2.88695148310369,54.1470481891977,"Meningococcal Disease"
"214138576.351",2000-05-22,2000-05-15,1,214138576,"33","214138576","P7D","http://aido.bsvgateway.org/api/locations/214138576/","United Kingdom","United Kingdom","Country","http://aido.bsvgateway.org/api/locations/216709393/",-2.88695148310369,-2.88695148310369,54.1470481891977,"Meningococcal Disease"
"214138576.352",2000-05-29,2000-05-22,0,214138576,"33","214138576","P7D","http://aido.bsvgateway.org/api/locations/214138576/","United Kingdom","United Kingdom","Country","http://aido.bsvgateway.org/api/locations/216709393/",54.1470481891977,-2.88695148310369,54.1470481891977,"Meningococcal Disease"
"214138576.353",2000-06-05,2000-05-29,1,214138576,"33","214138576","P7D","http://aido.bsvgateway.org/api/locations/214138576/","United Kingdom","United Kingdom","Country","http://aido.bsvgateway.org/api/locations/216709393/",-2.88695148310369,-2.88695148310369,54.1470481891977,"Meningococcal Disease"
"214138576.354",2000-06-12,2000-06-05,1,214138576,"33","214138576","P7D","http://aido.bsvgateway.org/api/locations/214138576/","United Kingdom","United Kingdom","Country","http://aido.bsvgateway.org/api/locations/216709393/",54.1470481891977,-2.88695148310369,54.1470481891977,"Meningococcal Disease"
"214138576.355",2000-06-19,2000-06-12,2,214138576,"33","214138576","P7D","http://aido.bsvgateway.org/api/locations/214138576/","United Kingdom","United Kingdom","Country","http://aido.bsvgateway.org/api/locations/216709393/",-2.88695148310369,-2.88695148310369,54.1470481891977,"Meningococcal Disease"
"214138576.356",2000-06-26,2000-06-19,1,214138576,"33","214138576","P7D","http://aido.bsvgateway.org/api/locations/214138576/","United Kingdom","United Kingdom","Country","http://aido.bsvgateway.org/api/locations/216709393/",54.1470481891977,-2.88695148310369,54.1470481891977,"Meningococcal Disease"
"214138576.357",2000-07-03,2000-06-26,0,214138576,"33","214138576","P7D","http://aido.bsvgateway.org/api/locations/214138576/","United Kingdom","United Kingdom","Country","http://aido.bsvgateway.org/api/locations/216709393/",-2.88695148310369,-2.88695148310369,54.1470481891977,"Meningococcal Disease"
"214138576.358",2000-07-10,2000-07-03,0,214138576,"33","214138576","P7D","http://aido.bsvgateway.org/api/locations/214138576/","United Kingdom","United Kingdom","Country","http://aido.bsvgateway.org/api/locations/216709393/",54.1470481891977,-2.88695148310369,54.1470481891977,"Meningococcal Disease"
"214138576.359",2000-07-17,2000-07-10,0,214138576,"33","214138576","P7D","http://aido.bsvgateway.org/api/locations/214138576/","United Kingdom","United Kingdom","Country","http://aido.bsvgateway.org/api/locations/216709393/",-2.88695148310369,-2.88695148310369,54.1470481891977,"Meningococcal Disease"
"214138576.360",2000-07-24,2000-07-17,0,214138576,"33","214138576","P7D","http://aido.bsvgateway.org/api/locations/214138576/","United Kingdom","United Kingdom","Country","http://aido.bsvgateway.org/api/locations/216709393/",54.1470481891977,-2.88695148310369,54.1470481891977,"Meningococcal Disease"
"214138576.361",2000-07-31,2000-07-24,1,214138576,"33","214138576","P7D","http://aido.bsvgateway.org/api/locations/214138576/","United Kingdom","United Kingdom","Country","http://aido.bsvgateway.org/api/locations/216709393/",-2.88695148310369,-2.88695148310369,54.1470481891977,"Meningococcal Disease"
