"","end","start","value","id","disease","location","duration","url","name","full_name","admin_level_name","parent","centroid_lat_long","longitude","latitude","disease_name"
"255921706.73",2012-02-01,2012-01-01,1332,255921706,"31","255921706","P1M","http://aido.bsvgateway.org/api/locations/255921706/","Philippines","Philippines","Country","http://aido.bsvgateway.org/api/locations/20359812/",11.7630150663054,122.874484257167,11.7630150663054,"Leptospirosis"
"255921706.74",2012-03-01,2012-02-01,214,255921706,"31","255921706","P1M","http://aido.bsvgateway.org/api/locations/255921706/","Philippines","Philippines","Country","http://aido.bsvgateway.org/api/locations/20359812/",122.874484257167,122.874484257167,11.7630150663054,"Leptospirosis"
"255921706.75",2012-04-01,2012-03-01,153,255921706,"31","255921706","P1M","http://aido.bsvgateway.org/api/locations/255921706/","Philippines","Philippines","Country","http://aido.bsvgateway.org/api/locations/20359812/",11.7630150663054,122.874484257167,11.7630150663054,"Leptospirosis"
"255921706.76",2012-05-01,2012-04-01,128,255921706,"31","255921706","P1M","http://aido.bsvgateway.org/api/locations/255921706/","Philippines","Philippines","Country","http://aido.bsvgateway.org/api/locations/20359812/",122.874484257167,122.874484257167,11.7630150663054,"Leptospirosis"
"255921706.77",2012-06-01,2012-05-01,123,255921706,"31","255921706","P1M","http://aido.bsvgateway.org/api/locations/255921706/","Philippines","Philippines","Country","http://aido.bsvgateway.org/api/locations/20359812/",11.7630150663054,122.874484257167,11.7630150663054,"Leptospirosis"
"255921706.78",2012-07-01,2012-06-01,201,255921706,"31","255921706","P1M","http://aido.bsvgateway.org/api/locations/255921706/","Philippines","Philippines","Country","http://aido.bsvgateway.org/api/locations/20359812/",122.874484257167,122.874484257167,11.7630150663054,"Leptospirosis"
"255921706.79",2012-08-01,2012-07-01,325,255921706,"31","255921706","P1M","http://aido.bsvgateway.org/api/locations/255921706/","Philippines","Philippines","Country","http://aido.bsvgateway.org/api/locations/20359812/",11.7630150663054,122.874484257167,11.7630150663054,"Leptospirosis"
"255921706.80",2012-09-01,2012-08-01,2789,255921706,"31","255921706","P1M","http://aido.bsvgateway.org/api/locations/255921706/","Philippines","Philippines","Country","http://aido.bsvgateway.org/api/locations/20359812/",122.874484257167,122.874484257167,11.7630150663054,"Leptospirosis"
"255921706.81",2012-10-01,2012-09-01,868,255921706,"31","255921706","P1M","http://aido.bsvgateway.org/api/locations/255921706/","Philippines","Philippines","Country","http://aido.bsvgateway.org/api/locations/20359812/",11.7630150663054,122.874484257167,11.7630150663054,"Leptospirosis"
"255921706.82",2012-11-01,2012-10-01,1137,255921706,"31","255921706","P1M","http://aido.bsvgateway.org/api/locations/255921706/","Philippines","Philippines","Country","http://aido.bsvgateway.org/api/locations/20359812/",122.874484257167,122.874484257167,11.7630150663054,"Leptospirosis"
"255921706.83",2012-12-01,2012-11-01,316,255921706,"31","255921706","P1M","http://aido.bsvgateway.org/api/locations/255921706/","Philippines","Philippines","Country","http://aido.bsvgateway.org/api/locations/20359812/",11.7630150663054,122.874484257167,11.7630150663054,"Leptospirosis"
"255921706.84",2013-01-01,2012-12-01,101,255921706,"31","255921706","P1M","http://aido.bsvgateway.org/api/locations/255921706/","Philippines","Philippines","Country","http://aido.bsvgateway.org/api/locations/20359812/",122.874484257167,122.874484257167,11.7630150663054,"Leptospirosis"
