"","end","start","value","id","disease","location","duration","url","name","full_name","admin_level_name","parent","centroid_lat_long","longitude","latitude","disease_name"
"185232606.366",2000-03-01,2000-02-01,8000,185232606,"56","185232606","P1M","http://aido.bsvgateway.org/api/locations/185232606/","Kayanza","Kayanza, Burundi","State","http://aido.bsvgateway.org/api/locations/199473263/",-2.99775082359897,29.6736819212794,-2.99775082359898,"Malaria"
"185232606.367",2000-04-01,2000-03-01,8000,185232606,"56","185232606","P1M","http://aido.bsvgateway.org/api/locations/185232606/","Kayanza","Kayanza, Burundi","State","http://aido.bsvgateway.org/api/locations/199473263/",29.6736819212794,29.6736819212794,-2.99775082359898,"Malaria"
"185232606.368",2000-05-01,2000-04-01,10000,185232606,"56","185232606","P1M","http://aido.bsvgateway.org/api/locations/185232606/","Kayanza","Kayanza, Burundi","State","http://aido.bsvgateway.org/api/locations/199473263/",-2.99775082359897,29.6736819212794,-2.99775082359898,"Malaria"
"185232606.369",2000-06-01,2000-05-01,14000,185232606,"56","185232606","P1M","http://aido.bsvgateway.org/api/locations/185232606/","Kayanza","Kayanza, Burundi","State","http://aido.bsvgateway.org/api/locations/199473263/",29.6736819212794,29.6736819212794,-2.99775082359898,"Malaria"
"185232606.370",2000-07-01,2000-06-01,12000,185232606,"56","185232606","P1M","http://aido.bsvgateway.org/api/locations/185232606/","Kayanza","Kayanza, Burundi","State","http://aido.bsvgateway.org/api/locations/199473263/",-2.99775082359897,29.6736819212794,-2.99775082359898,"Malaria"
"185232606.371",2000-08-01,2000-07-01,10000,185232606,"56","185232606","P1M","http://aido.bsvgateway.org/api/locations/185232606/","Kayanza","Kayanza, Burundi","State","http://aido.bsvgateway.org/api/locations/199473263/",29.6736819212794,29.6736819212794,-2.99775082359898,"Malaria"
"185232606.372",2000-09-01,2000-08-01,18000,185232606,"56","185232606","P1M","http://aido.bsvgateway.org/api/locations/185232606/","Kayanza","Kayanza, Burundi","State","http://aido.bsvgateway.org/api/locations/199473263/",-2.99775082359897,29.6736819212794,-2.99775082359898,"Malaria"
"185232606.373",2000-10-01,2000-09-01,36000,185232606,"56","185232606","P1M","http://aido.bsvgateway.org/api/locations/185232606/","Kayanza","Kayanza, Burundi","State","http://aido.bsvgateway.org/api/locations/199473263/",29.6736819212794,29.6736819212794,-2.99775082359898,"Malaria"
"185232606.374",2000-11-01,2000-10-01,66000,185232606,"56","185232606","P1M","http://aido.bsvgateway.org/api/locations/185232606/","Kayanza","Kayanza, Burundi","State","http://aido.bsvgateway.org/api/locations/199473263/",-2.99775082359897,29.6736819212794,-2.99775082359898,"Malaria"
"185232606.375",2000-12-01,2000-11-01,82000,185232606,"56","185232606","P1M","http://aido.bsvgateway.org/api/locations/185232606/","Kayanza","Kayanza, Burundi","State","http://aido.bsvgateway.org/api/locations/199473263/",29.6736819212794,29.6736819212794,-2.99775082359898,"Malaria"
"185232606.376",2001-01-01,2000-12-01,86000,185232606,"56","185232606","P1M","http://aido.bsvgateway.org/api/locations/185232606/","Kayanza","Kayanza, Burundi","State","http://aido.bsvgateway.org/api/locations/199473263/",-2.99775082359897,29.6736819212794,-2.99775082359898,"Malaria"
"185232606.377",2001-02-01,2001-01-01,70000,185232606,"56","185232606","P1M","http://aido.bsvgateway.org/api/locations/185232606/","Kayanza","Kayanza, Burundi","State","http://aido.bsvgateway.org/api/locations/199473263/",29.6736819212794,29.6736819212794,-2.99775082359898,"Malaria"
"185232606.378",2001-03-01,2001-02-01,52000,185232606,"56","185232606","P1M","http://aido.bsvgateway.org/api/locations/185232606/","Kayanza","Kayanza, Burundi","State","http://aido.bsvgateway.org/api/locations/199473263/",-2.99775082359897,29.6736819212794,-2.99775082359898,"Malaria"
"185232606.379",2001-04-01,2001-03-01,28000,185232606,"56","185232606","P1M","http://aido.bsvgateway.org/api/locations/185232606/","Kayanza","Kayanza, Burundi","State","http://aido.bsvgateway.org/api/locations/199473263/",29.6736819212794,29.6736819212794,-2.99775082359898,"Malaria"
"185232606.380",2001-05-01,2001-04-01,22000,185232606,"56","185232606","P1M","http://aido.bsvgateway.org/api/locations/185232606/","Kayanza","Kayanza, Burundi","State","http://aido.bsvgateway.org/api/locations/199473263/",-2.99775082359897,29.6736819212794,-2.99775082359898,"Malaria"
"185232606.381",2001-06-01,2001-05-01,14000,185232606,"56","185232606","P1M","http://aido.bsvgateway.org/api/locations/185232606/","Kayanza","Kayanza, Burundi","State","http://aido.bsvgateway.org/api/locations/199473263/",29.6736819212794,29.6736819212794,-2.99775082359898,"Malaria"
