"","end","start","value","id","disease","location","duration","url","name","full_name","admin_level_name","parent","centroid_lat_long","longitude","latitude","disease_name"
"113468835.572",2004-11-08,2004-11-01,3,113468835,"36","113468835","P7D","http://aido.bsvgateway.org/api/locations/113468835/","South Australia","South Australia, Australia","State","http://aido.bsvgateway.org/api/locations/118006383/",-30.1065549043659,135.827499589648,-30.1065549043659,"Q Fever"
"113468835.573",2004-11-15,2004-11-08,3,113468835,"36","113468835","P7D","http://aido.bsvgateway.org/api/locations/113468835/","South Australia","South Australia, Australia","State","http://aido.bsvgateway.org/api/locations/118006383/",135.827499589648,135.827499589648,-30.1065549043659,"Q Fever"
"113468835.574",2004-11-22,2004-11-15,5,113468835,"36","113468835","P7D","http://aido.bsvgateway.org/api/locations/113468835/","South Australia","South Australia, Australia","State","http://aido.bsvgateway.org/api/locations/118006383/",-30.1065549043659,135.827499589648,-30.1065549043659,"Q Fever"
"113468835.575",2004-11-29,2004-11-22,5,113468835,"36","113468835","P7D","http://aido.bsvgateway.org/api/locations/113468835/","South Australia","South Australia, Australia","State","http://aido.bsvgateway.org/api/locations/118006383/",135.827499589648,135.827499589648,-30.1065549043659,"Q Fever"
"113468835.576",2004-12-06,2004-11-29,4,113468835,"36","113468835","P7D","http://aido.bsvgateway.org/api/locations/113468835/","South Australia","South Australia, Australia","State","http://aido.bsvgateway.org/api/locations/118006383/",-30.1065549043659,135.827499589648,-30.1065549043659,"Q Fever"
"113468835.577",2004-12-13,2004-12-06,3,113468835,"36","113468835","P7D","http://aido.bsvgateway.org/api/locations/113468835/","South Australia","South Australia, Australia","State","http://aido.bsvgateway.org/api/locations/118006383/",135.827499589648,135.827499589648,-30.1065549043659,"Q Fever"
"113468835.578",2004-12-20,2004-12-13,0,113468835,"36","113468835","P7D","http://aido.bsvgateway.org/api/locations/113468835/","South Australia","South Australia, Australia","State","http://aido.bsvgateway.org/api/locations/118006383/",-30.1065549043659,135.827499589648,-30.1065549043659,"Q Fever"
"113468835.579",2004-12-27,2004-12-20,1,113468835,"36","113468835","P7D","http://aido.bsvgateway.org/api/locations/113468835/","South Australia","South Australia, Australia","State","http://aido.bsvgateway.org/api/locations/118006383/",135.827499589648,135.827499589648,-30.1065549043659,"Q Fever"
"113468835.580",2005-01-03,2004-12-27,0,113468835,"36","113468835","P7D","http://aido.bsvgateway.org/api/locations/113468835/","South Australia","South Australia, Australia","State","http://aido.bsvgateway.org/api/locations/118006383/",-30.1065549043659,135.827499589648,-30.1065549043659,"Q Fever"
"113468835.581",2005-01-10,2005-01-03,1,113468835,"36","113468835","P7D","http://aido.bsvgateway.org/api/locations/113468835/","South Australia","South Australia, Australia","State","http://aido.bsvgateway.org/api/locations/118006383/",135.827499589648,135.827499589648,-30.1065549043659,"Q Fever"
