"","end","start","value","id","disease","location","duration","url","name","full_name","admin_level_name","parent","centroid_lat_long","longitude","latitude","disease_name"
"111649035.703",2009-09-07,2009-09-06,1,111649035,"67","111649035","P1D","http://aido.bsvgateway.org/api/locations/111649035/","Jerusalem","Jerusalem, Israel","State","http://aido.bsvgateway.org/api/locations/214854859/",31.7440234492204,35.0033163974724,31.7440234492204,"Mumps"
"111649035.704",2009-09-08,2009-09-07,0,111649035,"67","111649035","P1D","http://aido.bsvgateway.org/api/locations/111649035/","Jerusalem","Jerusalem, Israel","State","http://aido.bsvgateway.org/api/locations/214854859/",35.0033163974724,35.0033163974724,31.7440234492204,"Mumps"
"111649035.705",2009-09-09,2009-09-08,0,111649035,"67","111649035","P1D","http://aido.bsvgateway.org/api/locations/111649035/","Jerusalem","Jerusalem, Israel","State","http://aido.bsvgateway.org/api/locations/214854859/",31.7440234492204,35.0033163974724,31.7440234492204,"Mumps"
"111649035.706",2009-09-10,2009-09-09,0,111649035,"67","111649035","P1D","http://aido.bsvgateway.org/api/locations/111649035/","Jerusalem","Jerusalem, Israel","State","http://aido.bsvgateway.org/api/locations/214854859/",35.0033163974724,35.0033163974724,31.7440234492204,"Mumps"
"111649035.707",2009-09-11,2009-09-10,0,111649035,"67","111649035","P1D","http://aido.bsvgateway.org/api/locations/111649035/","Jerusalem","Jerusalem, Israel","State","http://aido.bsvgateway.org/api/locations/214854859/",31.7440234492204,35.0033163974724,31.7440234492204,"Mumps"
"111649035.708",2009-09-12,2009-09-11,0,111649035,"67","111649035","P1D","http://aido.bsvgateway.org/api/locations/111649035/","Jerusalem","Jerusalem, Israel","State","http://aido.bsvgateway.org/api/locations/214854859/",35.0033163974724,35.0033163974724,31.7440234492204,"Mumps"
"111649035.709",2009-09-13,2009-09-12,0,111649035,"67","111649035","P1D","http://aido.bsvgateway.org/api/locations/111649035/","Jerusalem","Jerusalem, Israel","State","http://aido.bsvgateway.org/api/locations/214854859/",31.7440234492204,35.0033163974724,31.7440234492204,"Mumps"
"111649035.710",2009-09-14,2009-09-13,0,111649035,"67","111649035","P1D","http://aido.bsvgateway.org/api/locations/111649035/","Jerusalem","Jerusalem, Israel","State","http://aido.bsvgateway.org/api/locations/214854859/",35.0033163974724,35.0033163974724,31.7440234492204,"Mumps"
"111649035.711",2009-09-15,2009-09-14,1,111649035,"67","111649035","P1D","http://aido.bsvgateway.org/api/locations/111649035/","Jerusalem","Jerusalem, Israel","State","http://aido.bsvgateway.org/api/locations/214854859/",31.7440234492204,35.0033163974724,31.7440234492204,"Mumps"
"111649035.712",2009-09-16,2009-09-15,0,111649035,"67","111649035","P1D","http://aido.bsvgateway.org/api/locations/111649035/","Jerusalem","Jerusalem, Israel","State","http://aido.bsvgateway.org/api/locations/214854859/",35.0033163974724,35.0033163974724,31.7440234492204,"Mumps"
"111649035.713",2009-09-17,2009-09-16,1,111649035,"67","111649035","P1D","http://aido.bsvgateway.org/api/locations/111649035/","Jerusalem","Jerusalem, Israel","State","http://aido.bsvgateway.org/api/locations/214854859/",31.7440234492204,35.0033163974724,31.7440234492204,"Mumps"
"111649035.714",2009-09-18,2009-09-17,1,111649035,"67","111649035","P1D","http://aido.bsvgateway.org/api/locations/111649035/","Jerusalem","Jerusalem, Israel","State","http://aido.bsvgateway.org/api/locations/214854859/",35.0033163974724,35.0033163974724,31.7440234492204,"Mumps"
"111649035.715",2009-09-19,2009-09-18,0,111649035,"67","111649035","P1D","http://aido.bsvgateway.org/api/locations/111649035/","Jerusalem","Jerusalem, Israel","State","http://aido.bsvgateway.org/api/locations/214854859/",31.7440234492204,35.0033163974724,31.7440234492204,"Mumps"
"111649035.716",2009-09-20,2009-09-19,0,111649035,"67","111649035","P1D","http://aido.bsvgateway.org/api/locations/111649035/","Jerusalem","Jerusalem, Israel","State","http://aido.bsvgateway.org/api/locations/214854859/",35.0033163974724,35.0033163974724,31.7440234492204,"Mumps"
"111649035.717",2009-09-21,2009-09-20,0,111649035,"67","111649035","P1D","http://aido.bsvgateway.org/api/locations/111649035/","Jerusalem","Jerusalem, Israel","State","http://aido.bsvgateway.org/api/locations/214854859/",31.7440234492204,35.0033163974724,31.7440234492204,"Mumps"
"111649035.718",2009-09-22,2009-09-21,0,111649035,"67","111649035","P1D","http://aido.bsvgateway.org/api/locations/111649035/","Jerusalem","Jerusalem, Israel","State","http://aido.bsvgateway.org/api/locations/214854859/",35.0033163974724,35.0033163974724,31.7440234492204,"Mumps"
"111649035.719",2009-09-23,2009-09-22,0,111649035,"67","111649035","P1D","http://aido.bsvgateway.org/api/locations/111649035/","Jerusalem","Jerusalem, Israel","State","http://aido.bsvgateway.org/api/locations/214854859/",31.7440234492204,35.0033163974724,31.7440234492204,"Mumps"
"111649035.720",2009-09-24,2009-09-23,0,111649035,"67","111649035","P1D","http://aido.bsvgateway.org/api/locations/111649035/","Jerusalem","Jerusalem, Israel","State","http://aido.bsvgateway.org/api/locations/214854859/",35.0033163974724,35.0033163974724,31.7440234492204,"Mumps"
"111649035.721",2009-09-25,2009-09-24,0,111649035,"67","111649035","P1D","http://aido.bsvgateway.org/api/locations/111649035/","Jerusalem","Jerusalem, Israel","State","http://aido.bsvgateway.org/api/locations/214854859/",31.7440234492204,35.0033163974724,31.7440234492204,"Mumps"
"111649035.722",2009-09-26,2009-09-25,0,111649035,"67","111649035","P1D","http://aido.bsvgateway.org/api/locations/111649035/","Jerusalem","Jerusalem, Israel","State","http://aido.bsvgateway.org/api/locations/214854859/",35.0033163974724,35.0033163974724,31.7440234492204,"Mumps"
"111649035.723",2009-09-27,2009-09-26,0,111649035,"67","111649035","P1D","http://aido.bsvgateway.org/api/locations/111649035/","Jerusalem","Jerusalem, Israel","State","http://aido.bsvgateway.org/api/locations/214854859/",31.7440234492204,35.0033163974724,31.7440234492204,"Mumps"
"111649035.724",2009-09-28,2009-09-27,0,111649035,"67","111649035","P1D","http://aido.bsvgateway.org/api/locations/111649035/","Jerusalem","Jerusalem, Israel","State","http://aido.bsvgateway.org/api/locations/214854859/",35.0033163974724,35.0033163974724,31.7440234492204,"Mumps"
"111649035.725",2009-09-29,2009-09-28,0,111649035,"67","111649035","P1D","http://aido.bsvgateway.org/api/locations/111649035/","Jerusalem","Jerusalem, Israel","State","http://aido.bsvgateway.org/api/locations/214854859/",31.7440234492204,35.0033163974724,31.7440234492204,"Mumps"
"111649035.726",2009-09-30,2009-09-29,0,111649035,"67","111649035","P1D","http://aido.bsvgateway.org/api/locations/111649035/","Jerusalem","Jerusalem, Israel","State","http://aido.bsvgateway.org/api/locations/214854859/",35.0033163974724,35.0033163974724,31.7440234492204,"Mumps"
"111649035.727",2009-10-01,2009-09-30,1,111649035,"67","111649035","P1D","http://aido.bsvgateway.org/api/locations/111649035/","Jerusalem","Jerusalem, Israel","State","http://aido.bsvgateway.org/api/locations/214854859/",31.7440234492204,35.0033163974724,31.7440234492204,"Mumps"
"111649035.728",2009-10-02,2009-10-01,1,111649035,"67","111649035","P1D","http://aido.bsvgateway.org/api/locations/111649035/","Jerusalem","Jerusalem, Israel","State","http://aido.bsvgateway.org/api/locations/214854859/",35.0033163974724,35.0033163974724,31.7440234492204,"Mumps"
"111649035.729",2009-10-03,2009-10-02,2,111649035,"67","111649035","P1D","http://aido.bsvgateway.org/api/locations/111649035/","Jerusalem","Jerusalem, Israel","State","http://aido.bsvgateway.org/api/locations/214854859/",31.7440234492204,35.0033163974724,31.7440234492204,"Mumps"
"111649035.730",2009-10-04,2009-10-03,0,111649035,"67","111649035","P1D","http://aido.bsvgateway.org/api/locations/111649035/","Jerusalem","Jerusalem, Israel","State","http://aido.bsvgateway.org/api/locations/214854859/",35.0033163974724,35.0033163974724,31.7440234492204,"Mumps"
"111649035.731",2009-10-05,2009-10-04,2,111649035,"67","111649035","P1D","http://aido.bsvgateway.org/api/locations/111649035/","Jerusalem","Jerusalem, Israel","State","http://aido.bsvgateway.org/api/locations/214854859/",31.7440234492204,35.0033163974724,31.7440234492204,"Mumps"
"111649035.732",2009-10-06,2009-10-05,3,111649035,"67","111649035","P1D","http://aido.bsvgateway.org/api/locations/111649035/","Jerusalem","Jerusalem, Israel","State","http://aido.bsvgateway.org/api/locations/214854859/",35.0033163974724,35.0033163974724,31.7440234492204,"Mumps"
"111649035.733",2009-10-07,2009-10-06,1,111649035,"67","111649035","P1D","http://aido.bsvgateway.org/api/locations/111649035/","Jerusalem","Jerusalem, Israel","State","http://aido.bsvgateway.org/api/locations/214854859/",31.7440234492204,35.0033163974724,31.7440234492204,"Mumps"
"111649035.734",2009-10-08,2009-10-07,1,111649035,"67","111649035","P1D","http://aido.bsvgateway.org/api/locations/111649035/","Jerusalem","Jerusalem, Israel","State","http://aido.bsvgateway.org/api/locations/214854859/",35.0033163974724,35.0033163974724,31.7440234492204,"Mumps"
"111649035.735",2009-10-09,2009-10-08,2,111649035,"67","111649035","P1D","http://aido.bsvgateway.org/api/locations/111649035/","Jerusalem","Jerusalem, Israel","State","http://aido.bsvgateway.org/api/locations/214854859/",31.7440234492204,35.0033163974724,31.7440234492204,"Mumps"
"111649035.736",2009-10-10,2009-10-09,0,111649035,"67","111649035","P1D","http://aido.bsvgateway.org/api/locations/111649035/","Jerusalem","Jerusalem, Israel","State","http://aido.bsvgateway.org/api/locations/214854859/",35.0033163974724,35.0033163974724,31.7440234492204,"Mumps"
"111649035.737",2009-10-11,2009-10-10,1,111649035,"67","111649035","P1D","http://aido.bsvgateway.org/api/locations/111649035/","Jerusalem","Jerusalem, Israel","State","http://aido.bsvgateway.org/api/locations/214854859/",31.7440234492204,35.0033163974724,31.7440234492204,"Mumps"
"111649035.738",2009-10-12,2009-10-11,2,111649035,"67","111649035","P1D","http://aido.bsvgateway.org/api/locations/111649035/","Jerusalem","Jerusalem, Israel","State","http://aido.bsvgateway.org/api/locations/214854859/",35.0033163974724,35.0033163974724,31.7440234492204,"Mumps"
"111649035.739",2009-10-13,2009-10-12,0,111649035,"67","111649035","P1D","http://aido.bsvgateway.org/api/locations/111649035/","Jerusalem","Jerusalem, Israel","State","http://aido.bsvgateway.org/api/locations/214854859/",31.7440234492204,35.0033163974724,31.7440234492204,"Mumps"
"111649035.740",2009-10-14,2009-10-13,0,111649035,"67","111649035","P1D","http://aido.bsvgateway.org/api/locations/111649035/","Jerusalem","Jerusalem, Israel","State","http://aido.bsvgateway.org/api/locations/214854859/",35.0033163974724,35.0033163974724,31.7440234492204,"Mumps"
"111649035.741",2009-10-15,2009-10-14,0,111649035,"67","111649035","P1D","http://aido.bsvgateway.org/api/locations/111649035/","Jerusalem","Jerusalem, Israel","State","http://aido.bsvgateway.org/api/locations/214854859/",31.7440234492204,35.0033163974724,31.7440234492204,"Mumps"
"111649035.742",2009-10-16,2009-10-15,1,111649035,"67","111649035","P1D","http://aido.bsvgateway.org/api/locations/111649035/","Jerusalem","Jerusalem, Israel","State","http://aido.bsvgateway.org/api/locations/214854859/",35.0033163974724,35.0033163974724,31.7440234492204,"Mumps"
"111649035.743",2009-10-17,2009-10-16,3,111649035,"67","111649035","P1D","http://aido.bsvgateway.org/api/locations/111649035/","Jerusalem","Jerusalem, Israel","State","http://aido.bsvgateway.org/api/locations/214854859/",31.7440234492204,35.0033163974724,31.7440234492204,"Mumps"
"111649035.744",2009-10-18,2009-10-17,1,111649035,"67","111649035","P1D","http://aido.bsvgateway.org/api/locations/111649035/","Jerusalem","Jerusalem, Israel","State","http://aido.bsvgateway.org/api/locations/214854859/",35.0033163974724,35.0033163974724,31.7440234492204,"Mumps"
"111649035.745",2009-10-19,2009-10-18,1,111649035,"67","111649035","P1D","http://aido.bsvgateway.org/api/locations/111649035/","Jerusalem","Jerusalem, Israel","State","http://aido.bsvgateway.org/api/locations/214854859/",31.7440234492204,35.0033163974724,31.7440234492204,"Mumps"
"111649035.746",2009-10-20,2009-10-19,0,111649035,"67","111649035","P1D","http://aido.bsvgateway.org/api/locations/111649035/","Jerusalem","Jerusalem, Israel","State","http://aido.bsvgateway.org/api/locations/214854859/",35.0033163974724,35.0033163974724,31.7440234492204,"Mumps"
"111649035.747",2009-10-21,2009-10-20,4,111649035,"67","111649035","P1D","http://aido.bsvgateway.org/api/locations/111649035/","Jerusalem","Jerusalem, Israel","State","http://aido.bsvgateway.org/api/locations/214854859/",31.7440234492204,35.0033163974724,31.7440234492204,"Mumps"
"111649035.748",2009-10-22,2009-10-21,2,111649035,"67","111649035","P1D","http://aido.bsvgateway.org/api/locations/111649035/","Jerusalem","Jerusalem, Israel","State","http://aido.bsvgateway.org/api/locations/214854859/",35.0033163974724,35.0033163974724,31.7440234492204,"Mumps"
"111649035.749",2009-10-23,2009-10-22,3,111649035,"67","111649035","P1D","http://aido.bsvgateway.org/api/locations/111649035/","Jerusalem","Jerusalem, Israel","State","http://aido.bsvgateway.org/api/locations/214854859/",31.7440234492204,35.0033163974724,31.7440234492204,"Mumps"
"111649035.750",2009-10-24,2009-10-23,3,111649035,"67","111649035","P1D","http://aido.bsvgateway.org/api/locations/111649035/","Jerusalem","Jerusalem, Israel","State","http://aido.bsvgateway.org/api/locations/214854859/",35.0033163974724,35.0033163974724,31.7440234492204,"Mumps"
"111649035.751",2009-10-25,2009-10-24,3,111649035,"67","111649035","P1D","http://aido.bsvgateway.org/api/locations/111649035/","Jerusalem","Jerusalem, Israel","State","http://aido.bsvgateway.org/api/locations/214854859/",31.7440234492204,35.0033163974724,31.7440234492204,"Mumps"
"111649035.752",2009-10-26,2009-10-25,7,111649035,"67","111649035","P1D","http://aido.bsvgateway.org/api/locations/111649035/","Jerusalem","Jerusalem, Israel","State","http://aido.bsvgateway.org/api/locations/214854859/",35.0033163974724,35.0033163974724,31.7440234492204,"Mumps"
"111649035.753",2009-10-27,2009-10-26,2,111649035,"67","111649035","P1D","http://aido.bsvgateway.org/api/locations/111649035/","Jerusalem","Jerusalem, Israel","State","http://aido.bsvgateway.org/api/locations/214854859/",31.7440234492204,35.0033163974724,31.7440234492204,"Mumps"
"111649035.754",2009-10-28,2009-10-27,2,111649035,"67","111649035","P1D","http://aido.bsvgateway.org/api/locations/111649035/","Jerusalem","Jerusalem, Israel","State","http://aido.bsvgateway.org/api/locations/214854859/",35.0033163974724,35.0033163974724,31.7440234492204,"Mumps"
"111649035.755",2009-10-29,2009-10-28,5,111649035,"67","111649035","P1D","http://aido.bsvgateway.org/api/locations/111649035/","Jerusalem","Jerusalem, Israel","State","http://aido.bsvgateway.org/api/locations/214854859/",31.7440234492204,35.0033163974724,31.7440234492204,"Mumps"
"111649035.756",2009-10-30,2009-10-29,3,111649035,"67","111649035","P1D","http://aido.bsvgateway.org/api/locations/111649035/","Jerusalem","Jerusalem, Israel","State","http://aido.bsvgateway.org/api/locations/214854859/",35.0033163974724,35.0033163974724,31.7440234492204,"Mumps"
"111649035.757",2009-10-31,2009-10-30,1,111649035,"67","111649035","P1D","http://aido.bsvgateway.org/api/locations/111649035/","Jerusalem","Jerusalem, Israel","State","http://aido.bsvgateway.org/api/locations/214854859/",31.7440234492204,35.0033163974724,31.7440234492204,"Mumps"
"111649035.758",2009-11-01,2009-10-31,0,111649035,"67","111649035","P1D","http://aido.bsvgateway.org/api/locations/111649035/","Jerusalem","Jerusalem, Israel","State","http://aido.bsvgateway.org/api/locations/214854859/",35.0033163974724,35.0033163974724,31.7440234492204,"Mumps"
"111649035.759",2009-11-02,2009-11-01,6,111649035,"67","111649035","P1D","http://aido.bsvgateway.org/api/locations/111649035/","Jerusalem","Jerusalem, Israel","State","http://aido.bsvgateway.org/api/locations/214854859/",31.7440234492204,35.0033163974724,31.7440234492204,"Mumps"
"111649035.760",2009-11-03,2009-11-02,1,111649035,"67","111649035","P1D","http://aido.bsvgateway.org/api/locations/111649035/","Jerusalem","Jerusalem, Israel","State","http://aido.bsvgateway.org/api/locations/214854859/",35.0033163974724,35.0033163974724,31.7440234492204,"Mumps"
"111649035.761",2009-11-04,2009-11-03,1,111649035,"67","111649035","P1D","http://aido.bsvgateway.org/api/locations/111649035/","Jerusalem","Jerusalem, Israel","State","http://aido.bsvgateway.org/api/locations/214854859/",31.7440234492204,35.0033163974724,31.7440234492204,"Mumps"
"111649035.762",2009-11-05,2009-11-04,4,111649035,"67","111649035","P1D","http://aido.bsvgateway.org/api/locations/111649035/","Jerusalem","Jerusalem, Israel","State","http://aido.bsvgateway.org/api/locations/214854859/",35.0033163974724,35.0033163974724,31.7440234492204,"Mumps"
"111649035.763",2009-11-06,2009-11-05,0,111649035,"67","111649035","P1D","http://aido.bsvgateway.org/api/locations/111649035/","Jerusalem","Jerusalem, Israel","State","http://aido.bsvgateway.org/api/locations/214854859/",31.7440234492204,35.0033163974724,31.7440234492204,"Mumps"
"111649035.764",2009-11-07,2009-11-06,5,111649035,"67","111649035","P1D","http://aido.bsvgateway.org/api/locations/111649035/","Jerusalem","Jerusalem, Israel","State","http://aido.bsvgateway.org/api/locations/214854859/",35.0033163974724,35.0033163974724,31.7440234492204,"Mumps"
"111649035.765",2009-11-08,2009-11-07,8,111649035,"67","111649035","P1D","http://aido.bsvgateway.org/api/locations/111649035/","Jerusalem","Jerusalem, Israel","State","http://aido.bsvgateway.org/api/locations/214854859/",31.7440234492204,35.0033163974724,31.7440234492204,"Mumps"
"111649035.766",2009-11-09,2009-11-08,4,111649035,"67","111649035","P1D","http://aido.bsvgateway.org/api/locations/111649035/","Jerusalem","Jerusalem, Israel","State","http://aido.bsvgateway.org/api/locations/214854859/",35.0033163974724,35.0033163974724,31.7440234492204,"Mumps"
"111649035.767",2009-11-10,2009-11-09,4,111649035,"67","111649035","P1D","http://aido.bsvgateway.org/api/locations/111649035/","Jerusalem","Jerusalem, Israel","State","http://aido.bsvgateway.org/api/locations/214854859/",31.7440234492204,35.0033163974724,31.7440234492204,"Mumps"
"111649035.768",2009-11-11,2009-11-10,5,111649035,"67","111649035","P1D","http://aido.bsvgateway.org/api/locations/111649035/","Jerusalem","Jerusalem, Israel","State","http://aido.bsvgateway.org/api/locations/214854859/",35.0033163974724,35.0033163974724,31.7440234492204,"Mumps"
"111649035.769",2009-11-12,2009-11-11,2,111649035,"67","111649035","P1D","http://aido.bsvgateway.org/api/locations/111649035/","Jerusalem","Jerusalem, Israel","State","http://aido.bsvgateway.org/api/locations/214854859/",31.7440234492204,35.0033163974724,31.7440234492204,"Mumps"
"111649035.770",2009-11-13,2009-11-12,3,111649035,"67","111649035","P1D","http://aido.bsvgateway.org/api/locations/111649035/","Jerusalem","Jerusalem, Israel","State","http://aido.bsvgateway.org/api/locations/214854859/",35.0033163974724,35.0033163974724,31.7440234492204,"Mumps"
"111649035.771",2009-11-14,2009-11-13,3,111649035,"67","111649035","P1D","http://aido.bsvgateway.org/api/locations/111649035/","Jerusalem","Jerusalem, Israel","State","http://aido.bsvgateway.org/api/locations/214854859/",31.7440234492204,35.0033163974724,31.7440234492204,"Mumps"
"111649035.772",2009-11-15,2009-11-14,2,111649035,"67","111649035","P1D","http://aido.bsvgateway.org/api/locations/111649035/","Jerusalem","Jerusalem, Israel","State","http://aido.bsvgateway.org/api/locations/214854859/",35.0033163974724,35.0033163974724,31.7440234492204,"Mumps"
"111649035.773",2009-11-16,2009-11-15,7,111649035,"67","111649035","P1D","http://aido.bsvgateway.org/api/locations/111649035/","Jerusalem","Jerusalem, Israel","State","http://aido.bsvgateway.org/api/locations/214854859/",31.7440234492204,35.0033163974724,31.7440234492204,"Mumps"
"111649035.774",2009-11-17,2009-11-16,8,111649035,"67","111649035","P1D","http://aido.bsvgateway.org/api/locations/111649035/","Jerusalem","Jerusalem, Israel","State","http://aido.bsvgateway.org/api/locations/214854859/",35.0033163974724,35.0033163974724,31.7440234492204,"Mumps"
"111649035.775",2009-11-18,2009-11-17,0,111649035,"67","111649035","P1D","http://aido.bsvgateway.org/api/locations/111649035/","Jerusalem","Jerusalem, Israel","State","http://aido.bsvgateway.org/api/locations/214854859/",31.7440234492204,35.0033163974724,31.7440234492204,"Mumps"
"111649035.776",2009-11-19,2009-11-18,2,111649035,"67","111649035","P1D","http://aido.bsvgateway.org/api/locations/111649035/","Jerusalem","Jerusalem, Israel","State","http://aido.bsvgateway.org/api/locations/214854859/",35.0033163974724,35.0033163974724,31.7440234492204,"Mumps"
"111649035.777",2009-11-20,2009-11-19,2,111649035,"67","111649035","P1D","http://aido.bsvgateway.org/api/locations/111649035/","Jerusalem","Jerusalem, Israel","State","http://aido.bsvgateway.org/api/locations/214854859/",31.7440234492204,35.0033163974724,31.7440234492204,"Mumps"
"111649035.778",2009-11-21,2009-11-20,1,111649035,"67","111649035","P1D","http://aido.bsvgateway.org/api/locations/111649035/","Jerusalem","Jerusalem, Israel","State","http://aido.bsvgateway.org/api/locations/214854859/",35.0033163974724,35.0033163974724,31.7440234492204,"Mumps"
"111649035.779",2009-11-22,2009-11-21,2,111649035,"67","111649035","P1D","http://aido.bsvgateway.org/api/locations/111649035/","Jerusalem","Jerusalem, Israel","State","http://aido.bsvgateway.org/api/locations/214854859/",31.7440234492204,35.0033163974724,31.7440234492204,"Mumps"
"111649035.780",2009-11-23,2009-11-22,2,111649035,"67","111649035","P1D","http://aido.bsvgateway.org/api/locations/111649035/","Jerusalem","Jerusalem, Israel","State","http://aido.bsvgateway.org/api/locations/214854859/",35.0033163974724,35.0033163974724,31.7440234492204,"Mumps"
"111649035.781",2009-11-24,2009-11-23,4,111649035,"67","111649035","P1D","http://aido.bsvgateway.org/api/locations/111649035/","Jerusalem","Jerusalem, Israel","State","http://aido.bsvgateway.org/api/locations/214854859/",31.7440234492204,35.0033163974724,31.7440234492204,"Mumps"
"111649035.782",2009-11-25,2009-11-24,3,111649035,"67","111649035","P1D","http://aido.bsvgateway.org/api/locations/111649035/","Jerusalem","Jerusalem, Israel","State","http://aido.bsvgateway.org/api/locations/214854859/",35.0033163974724,35.0033163974724,31.7440234492204,"Mumps"
"111649035.783",2009-11-26,2009-11-25,4,111649035,"67","111649035","P1D","http://aido.bsvgateway.org/api/locations/111649035/","Jerusalem","Jerusalem, Israel","State","http://aido.bsvgateway.org/api/locations/214854859/",31.7440234492204,35.0033163974724,31.7440234492204,"Mumps"
"111649035.784",2009-11-27,2009-11-26,2,111649035,"67","111649035","P1D","http://aido.bsvgateway.org/api/locations/111649035/","Jerusalem","Jerusalem, Israel","State","http://aido.bsvgateway.org/api/locations/214854859/",35.0033163974724,35.0033163974724,31.7440234492204,"Mumps"
"111649035.785",2009-11-28,2009-11-27,2,111649035,"67","111649035","P1D","http://aido.bsvgateway.org/api/locations/111649035/","Jerusalem","Jerusalem, Israel","State","http://aido.bsvgateway.org/api/locations/214854859/",31.7440234492204,35.0033163974724,31.7440234492204,"Mumps"
"111649035.786",2009-11-29,2009-11-28,6,111649035,"67","111649035","P1D","http://aido.bsvgateway.org/api/locations/111649035/","Jerusalem","Jerusalem, Israel","State","http://aido.bsvgateway.org/api/locations/214854859/",35.0033163974724,35.0033163974724,31.7440234492204,"Mumps"
"111649035.787",2009-11-30,2009-11-29,3,111649035,"67","111649035","P1D","http://aido.bsvgateway.org/api/locations/111649035/","Jerusalem","Jerusalem, Israel","State","http://aido.bsvgateway.org/api/locations/214854859/",31.7440234492204,35.0033163974724,31.7440234492204,"Mumps"
"111649035.788",2009-12-01,2009-11-30,4,111649035,"67","111649035","P1D","http://aido.bsvgateway.org/api/locations/111649035/","Jerusalem","Jerusalem, Israel","State","http://aido.bsvgateway.org/api/locations/214854859/",35.0033163974724,35.0033163974724,31.7440234492204,"Mumps"
"111649035.789",2009-12-02,2009-12-01,1,111649035,"67","111649035","P1D","http://aido.bsvgateway.org/api/locations/111649035/","Jerusalem","Jerusalem, Israel","State","http://aido.bsvgateway.org/api/locations/214854859/",31.7440234492204,35.0033163974724,31.7440234492204,"Mumps"
"111649035.790",2009-12-03,2009-12-02,0,111649035,"67","111649035","P1D","http://aido.bsvgateway.org/api/locations/111649035/","Jerusalem","Jerusalem, Israel","State","http://aido.bsvgateway.org/api/locations/214854859/",35.0033163974724,35.0033163974724,31.7440234492204,"Mumps"
"111649035.791",2009-12-04,2009-12-03,4,111649035,"67","111649035","P1D","http://aido.bsvgateway.org/api/locations/111649035/","Jerusalem","Jerusalem, Israel","State","http://aido.bsvgateway.org/api/locations/214854859/",31.7440234492204,35.0033163974724,31.7440234492204,"Mumps"
"111649035.792",2009-12-05,2009-12-04,3,111649035,"67","111649035","P1D","http://aido.bsvgateway.org/api/locations/111649035/","Jerusalem","Jerusalem, Israel","State","http://aido.bsvgateway.org/api/locations/214854859/",35.0033163974724,35.0033163974724,31.7440234492204,"Mumps"
"111649035.793",2009-12-06,2009-12-05,2,111649035,"67","111649035","P1D","http://aido.bsvgateway.org/api/locations/111649035/","Jerusalem","Jerusalem, Israel","State","http://aido.bsvgateway.org/api/locations/214854859/",31.7440234492204,35.0033163974724,31.7440234492204,"Mumps"
"111649035.794",2009-12-07,2009-12-06,2,111649035,"67","111649035","P1D","http://aido.bsvgateway.org/api/locations/111649035/","Jerusalem","Jerusalem, Israel","State","http://aido.bsvgateway.org/api/locations/214854859/",35.0033163974724,35.0033163974724,31.7440234492204,"Mumps"
