"","end","start","value","id","disease","location","duration","url","name","full_name","admin_level_name","parent","centroid_lat_long","longitude","latitude","disease_name"
"117113808.1",2013-07-12,2013-07-05,0,117113808,"62","117113808","P7D","http://aido.bsvgateway.org/api/locations/117113808/","Ethiopia","Ethiopia","Country","http://aido.bsvgateway.org/api/locations/93632501/",8.62295173540691,39.6005510814166,8.62295173540691,"Polio"
"117113808.2",2013-07-19,2013-07-12,1,117113808,"62","117113808","P7D","http://aido.bsvgateway.org/api/locations/117113808/","Ethiopia","Ethiopia","Country","http://aido.bsvgateway.org/api/locations/93632501/",39.6005510814166,39.6005510814166,8.62295173540691,"Polio"
"117113808.3",2013-07-26,2013-07-19,1,117113808,"62","117113808","P7D","http://aido.bsvgateway.org/api/locations/117113808/","Ethiopia","Ethiopia","Country","http://aido.bsvgateway.org/api/locations/93632501/",8.62295173540691,39.6005510814166,8.62295173540691,"Polio"
"117113808.4",2013-08-02,2013-07-26,0,117113808,"62","117113808","P7D","http://aido.bsvgateway.org/api/locations/117113808/","Ethiopia","Ethiopia","Country","http://aido.bsvgateway.org/api/locations/93632501/",39.6005510814166,39.6005510814166,8.62295173540691,"Polio"
"117113808.5",2013-08-09,2013-08-02,0,117113808,"62","117113808","P7D","http://aido.bsvgateway.org/api/locations/117113808/","Ethiopia","Ethiopia","Country","http://aido.bsvgateway.org/api/locations/93632501/",8.62295173540691,39.6005510814166,8.62295173540691,"Polio"
"117113808.6",2013-08-16,2013-08-09,0,117113808,"62","117113808","P7D","http://aido.bsvgateway.org/api/locations/117113808/","Ethiopia","Ethiopia","Country","http://aido.bsvgateway.org/api/locations/93632501/",39.6005510814166,39.6005510814166,8.62295173540691,"Polio"
"117113808.7",2013-08-23,2013-08-16,0,117113808,"62","117113808","P7D","http://aido.bsvgateway.org/api/locations/117113808/","Ethiopia","Ethiopia","Country","http://aido.bsvgateway.org/api/locations/93632501/",8.62295173540691,39.6005510814166,8.62295173540691,"Polio"
"117113808.8",2013-08-30,2013-08-23,1,117113808,"62","117113808","P7D","http://aido.bsvgateway.org/api/locations/117113808/","Ethiopia","Ethiopia","Country","http://aido.bsvgateway.org/api/locations/93632501/",39.6005510814166,39.6005510814166,8.62295173540691,"Polio"
"117113808.9",2013-09-06,2013-08-30,1,117113808,"62","117113808","P7D","http://aido.bsvgateway.org/api/locations/117113808/","Ethiopia","Ethiopia","Country","http://aido.bsvgateway.org/api/locations/93632501/",8.62295173540691,39.6005510814166,8.62295173540691,"Polio"
"117113808.10",2013-09-13,2013-09-06,1,117113808,"62","117113808","P7D","http://aido.bsvgateway.org/api/locations/117113808/","Ethiopia","Ethiopia","Country","http://aido.bsvgateway.org/api/locations/93632501/",39.6005510814166,39.6005510814166,8.62295173540691,"Polio"
"117113808.11",2013-09-20,2013-09-13,0,117113808,"62","117113808","P7D","http://aido.bsvgateway.org/api/locations/117113808/","Ethiopia","Ethiopia","Country","http://aido.bsvgateway.org/api/locations/93632501/",8.62295173540691,39.6005510814166,8.62295173540691,"Polio"
"117113808.12",2013-09-27,2013-09-20,1,117113808,"62","117113808","P7D","http://aido.bsvgateway.org/api/locations/117113808/","Ethiopia","Ethiopia","Country","http://aido.bsvgateway.org/api/locations/93632501/",39.6005510814166,39.6005510814166,8.62295173540691,"Polio"
"117113808.13",2013-10-04,2013-09-27,0,117113808,"62","117113808","P7D","http://aido.bsvgateway.org/api/locations/117113808/","Ethiopia","Ethiopia","Country","http://aido.bsvgateway.org/api/locations/93632501/",8.62295173540691,39.6005510814166,8.62295173540691,"Polio"
"117113808.14",2013-10-11,2013-10-04,0,117113808,"62","117113808","P7D","http://aido.bsvgateway.org/api/locations/117113808/","Ethiopia","Ethiopia","Country","http://aido.bsvgateway.org/api/locations/93632501/",39.6005510814166,39.6005510814166,8.62295173540691,"Polio"
"117113808.15",2013-10-18,2013-10-11,0,117113808,"62","117113808","P7D","http://aido.bsvgateway.org/api/locations/117113808/","Ethiopia","Ethiopia","Country","http://aido.bsvgateway.org/api/locations/93632501/",8.62295173540691,39.6005510814166,8.62295173540691,"Polio"
"117113808.16",2013-10-25,2013-10-18,0,117113808,"62","117113808","P7D","http://aido.bsvgateway.org/api/locations/117113808/","Ethiopia","Ethiopia","Country","http://aido.bsvgateway.org/api/locations/93632501/",39.6005510814166,39.6005510814166,8.62295173540691,"Polio"
"117113808.17",2013-11-01,2013-10-25,2,117113808,"62","117113808","P7D","http://aido.bsvgateway.org/api/locations/117113808/","Ethiopia","Ethiopia","Country","http://aido.bsvgateway.org/api/locations/93632501/",8.62295173540691,39.6005510814166,8.62295173540691,"Polio"
"117113808.18",2013-11-08,2013-11-01,0,117113808,"62","117113808","P7D","http://aido.bsvgateway.org/api/locations/117113808/","Ethiopia","Ethiopia","Country","http://aido.bsvgateway.org/api/locations/93632501/",39.6005510814166,39.6005510814166,8.62295173540691,"Polio"
"117113808.19",2013-11-15,2013-11-08,1,117113808,"62","117113808","P7D","http://aido.bsvgateway.org/api/locations/117113808/","Ethiopia","Ethiopia","Country","http://aido.bsvgateway.org/api/locations/93632501/",8.62295173540691,39.6005510814166,8.62295173540691,"Polio"
"117113808.20",2013-11-22,2013-11-15,0,117113808,"62","117113808","P7D","http://aido.bsvgateway.org/api/locations/117113808/","Ethiopia","Ethiopia","Country","http://aido.bsvgateway.org/api/locations/93632501/",39.6005510814166,39.6005510814166,8.62295173540691,"Polio"
"117113808.21",2013-11-29,2013-11-22,0,117113808,"62","117113808","P7D","http://aido.bsvgateway.org/api/locations/117113808/","Ethiopia","Ethiopia","Country","http://aido.bsvgateway.org/api/locations/93632501/",8.62295173540691,39.6005510814166,8.62295173540691,"Polio"
"117113808.22",2013-12-06,2013-11-29,0,117113808,"62","117113808","P7D","http://aido.bsvgateway.org/api/locations/117113808/","Ethiopia","Ethiopia","Country","http://aido.bsvgateway.org/api/locations/93632501/",39.6005510814166,39.6005510814166,8.62295173540691,"Polio"
"117113808.23",2013-12-13,2013-12-06,0,117113808,"62","117113808","P7D","http://aido.bsvgateway.org/api/locations/117113808/","Ethiopia","Ethiopia","Country","http://aido.bsvgateway.org/api/locations/93632501/",8.62295173540691,39.6005510814166,8.62295173540691,"Polio"
"117113808.24",2013-12-20,2013-12-13,0,117113808,"62","117113808","P7D","http://aido.bsvgateway.org/api/locations/117113808/","Ethiopia","Ethiopia","Country","http://aido.bsvgateway.org/api/locations/93632501/",39.6005510814166,39.6005510814166,8.62295173540691,"Polio"
"117113808.25",2013-12-27,2013-12-20,0,117113808,"62","117113808","P7D","http://aido.bsvgateway.org/api/locations/117113808/","Ethiopia","Ethiopia","Country","http://aido.bsvgateway.org/api/locations/93632501/",8.62295173540691,39.6005510814166,8.62295173540691,"Polio"
"117113808.26",2014-01-03,2013-12-27,0,117113808,"62","117113808","P7D","http://aido.bsvgateway.org/api/locations/117113808/","Ethiopia","Ethiopia","Country","http://aido.bsvgateway.org/api/locations/93632501/",39.6005510814166,39.6005510814166,8.62295173540691,"Polio"
