"","end","start","value","id","disease","location","duration","url","name","full_name","admin_level_name","parent","centroid_lat_long","longitude","latitude","disease_name"
"73671182.294",2012-07-15,2012-07-14,2,73671182,"50","73671182","P1D","http://aido.bsvgateway.org/api/locations/73671182/","Adelaide","Adelaide, South Australia, Australia","City","http://aido.bsvgateway.org/api/locations/113468835/",-34.9330385819401,138.598062315983,-34.9330385819401,"Campylobacteriosis"
"73671182.295",2012-07-16,2012-07-15,5,73671182,"50","73671182","P1D","http://aido.bsvgateway.org/api/locations/73671182/","Adelaide","Adelaide, South Australia, Australia","City","http://aido.bsvgateway.org/api/locations/113468835/",138.598062315983,138.598062315983,-34.9330385819401,"Campylobacteriosis"
"73671182.296",2012-07-17,2012-07-16,2,73671182,"50","73671182","P1D","http://aido.bsvgateway.org/api/locations/73671182/","Adelaide","Adelaide, South Australia, Australia","City","http://aido.bsvgateway.org/api/locations/113468835/",-34.9330385819401,138.598062315983,-34.9330385819401,"Campylobacteriosis"
"73671182.297",2012-07-18,2012-07-17,3,73671182,"50","73671182","P1D","http://aido.bsvgateway.org/api/locations/73671182/","Adelaide","Adelaide, South Australia, Australia","City","http://aido.bsvgateway.org/api/locations/113468835/",138.598062315983,138.598062315983,-34.9330385819401,"Campylobacteriosis"
"73671182.298",2012-07-19,2012-07-18,1,73671182,"50","73671182","P1D","http://aido.bsvgateway.org/api/locations/73671182/","Adelaide","Adelaide, South Australia, Australia","City","http://aido.bsvgateway.org/api/locations/113468835/",-34.9330385819401,138.598062315983,-34.9330385819401,"Campylobacteriosis"
"73671182.299",2012-07-20,2012-07-19,1,73671182,"50","73671182","P1D","http://aido.bsvgateway.org/api/locations/73671182/","Adelaide","Adelaide, South Australia, Australia","City","http://aido.bsvgateway.org/api/locations/113468835/",138.598062315983,138.598062315983,-34.9330385819401,"Campylobacteriosis"
"73671182.300",2012-07-21,2012-07-20,1,73671182,"50","73671182","P1D","http://aido.bsvgateway.org/api/locations/73671182/","Adelaide","Adelaide, South Australia, Australia","City","http://aido.bsvgateway.org/api/locations/113468835/",-34.9330385819401,138.598062315983,-34.9330385819401,"Campylobacteriosis"
