"","end","start","value","id","disease","location","duration","url","name","full_name","admin_level_name","parent","centroid_lat_long","longitude","latitude","disease_name"
"209343003.611",2012-04-09,2012-04-08,1,209343003,"48","209343003","P1D","http://aido.bsvgateway.org/api/locations/209343003/","Saint Thomas","Saint Thomas, United States Virgin Islands","State","http://aido.bsvgateway.org/api/locations/119344946/",18.3469387480001,-64.9338700298803,18.3469387480001,"Norovirus"
"209343003.612",2012-04-10,2012-04-09,0,209343003,"48","209343003","P1D","http://aido.bsvgateway.org/api/locations/209343003/","Saint Thomas","Saint Thomas, United States Virgin Islands","State","http://aido.bsvgateway.org/api/locations/119344946/",-64.9338700298803,-64.9338700298803,18.3469387480001,"Norovirus"
"209343003.613",2012-04-11,2012-04-10,2,209343003,"48","209343003","P1D","http://aido.bsvgateway.org/api/locations/209343003/","Saint Thomas","Saint Thomas, United States Virgin Islands","State","http://aido.bsvgateway.org/api/locations/119344946/",18.3469387480001,-64.9338700298803,18.3469387480001,"Norovirus"
"209343003.614",2012-04-12,2012-04-11,0,209343003,"48","209343003","P1D","http://aido.bsvgateway.org/api/locations/209343003/","Saint Thomas","Saint Thomas, United States Virgin Islands","State","http://aido.bsvgateway.org/api/locations/119344946/",-64.9338700298803,-64.9338700298803,18.3469387480001,"Norovirus"
"209343003.615",2012-04-13,2012-04-12,0,209343003,"48","209343003","P1D","http://aido.bsvgateway.org/api/locations/209343003/","Saint Thomas","Saint Thomas, United States Virgin Islands","State","http://aido.bsvgateway.org/api/locations/119344946/",18.3469387480001,-64.9338700298803,18.3469387480001,"Norovirus"
"209343003.616",2012-04-14,2012-04-13,2,209343003,"48","209343003","P1D","http://aido.bsvgateway.org/api/locations/209343003/","Saint Thomas","Saint Thomas, United States Virgin Islands","State","http://aido.bsvgateway.org/api/locations/119344946/",-64.9338700298803,-64.9338700298803,18.3469387480001,"Norovirus"
"209343003.617",2012-04-15,2012-04-14,15,209343003,"48","209343003","P1D","http://aido.bsvgateway.org/api/locations/209343003/","Saint Thomas","Saint Thomas, United States Virgin Islands","State","http://aido.bsvgateway.org/api/locations/119344946/",18.3469387480001,-64.9338700298803,18.3469387480001,"Norovirus"
"209343003.618",2012-04-16,2012-04-15,21,209343003,"48","209343003","P1D","http://aido.bsvgateway.org/api/locations/209343003/","Saint Thomas","Saint Thomas, United States Virgin Islands","State","http://aido.bsvgateway.org/api/locations/119344946/",-64.9338700298803,-64.9338700298803,18.3469387480001,"Norovirus"
"209343003.619",2012-04-17,2012-04-16,13,209343003,"48","209343003","P1D","http://aido.bsvgateway.org/api/locations/209343003/","Saint Thomas","Saint Thomas, United States Virgin Islands","State","http://aido.bsvgateway.org/api/locations/119344946/",18.3469387480001,-64.9338700298803,18.3469387480001,"Norovirus"
"209343003.620",2012-04-18,2012-04-17,5,209343003,"48","209343003","P1D","http://aido.bsvgateway.org/api/locations/209343003/","Saint Thomas","Saint Thomas, United States Virgin Islands","State","http://aido.bsvgateway.org/api/locations/119344946/",-64.9338700298803,-64.9338700298803,18.3469387480001,"Norovirus"
"209343003.621",2012-04-19,2012-04-18,1,209343003,"48","209343003","P1D","http://aido.bsvgateway.org/api/locations/209343003/","Saint Thomas","Saint Thomas, United States Virgin Islands","State","http://aido.bsvgateway.org/api/locations/119344946/",18.3469387480001,-64.9338700298803,18.3469387480001,"Norovirus"
"209343003.622",2012-04-20,2012-04-19,1,209343003,"48","209343003","P1D","http://aido.bsvgateway.org/api/locations/209343003/","Saint Thomas","Saint Thomas, United States Virgin Islands","State","http://aido.bsvgateway.org/api/locations/119344946/",-64.9338700298803,-64.9338700298803,18.3469387480001,"Norovirus"
"209343003.623",2012-04-21,2012-04-20,1,209343003,"48","209343003","P1D","http://aido.bsvgateway.org/api/locations/209343003/","Saint Thomas","Saint Thomas, United States Virgin Islands","State","http://aido.bsvgateway.org/api/locations/119344946/",18.3469387480001,-64.9338700298803,18.3469387480001,"Norovirus"
