"","end","start","value","id","disease","location","duration","url","name","full_name","admin_level_name","parent","centroid_lat_long","longitude","latitude","disease_name"
"219481246.192",2012-02-04,2012-02-03,11,219481246,"31","219481246","P1D","http://aido.bsvgateway.org/api/locations/219481246/","Fiji","Fiji","Country","http://aido.bsvgateway.org/api/locations/156561026/",-17.4475619590472,163.407862101293,-17.4475619590472,"Leptospirosis"
"219481246.193",2012-02-05,2012-02-04,0,219481246,"31","219481246","P1D","http://aido.bsvgateway.org/api/locations/219481246/","Fiji","Fiji","Country","http://aido.bsvgateway.org/api/locations/156561026/",163.407862101293,163.407862101293,-17.4475619590472,"Leptospirosis"
"219481246.194",2012-02-06,2012-02-05,0,219481246,"31","219481246","P1D","http://aido.bsvgateway.org/api/locations/219481246/","Fiji","Fiji","Country","http://aido.bsvgateway.org/api/locations/156561026/",-17.4475619590472,163.407862101293,-17.4475619590472,"Leptospirosis"
"219481246.195",2012-02-07,2012-02-06,0,219481246,"31","219481246","P1D","http://aido.bsvgateway.org/api/locations/219481246/","Fiji","Fiji","Country","http://aido.bsvgateway.org/api/locations/156561026/",163.407862101293,163.407862101293,-17.4475619590472,"Leptospirosis"
"219481246.196",2012-02-08,2012-02-07,0,219481246,"31","219481246","P1D","http://aido.bsvgateway.org/api/locations/219481246/","Fiji","Fiji","Country","http://aido.bsvgateway.org/api/locations/156561026/",-17.4475619590472,163.407862101293,-17.4475619590472,"Leptospirosis"
"219481246.197",2012-02-09,2012-02-08,0,219481246,"31","219481246","P1D","http://aido.bsvgateway.org/api/locations/219481246/","Fiji","Fiji","Country","http://aido.bsvgateway.org/api/locations/156561026/",163.407862101293,163.407862101293,-17.4475619590472,"Leptospirosis"
"219481246.198",2012-02-10,2012-02-09,17,219481246,"31","219481246","P1D","http://aido.bsvgateway.org/api/locations/219481246/","Fiji","Fiji","Country","http://aido.bsvgateway.org/api/locations/156561026/",-17.4475619590472,163.407862101293,-17.4475619590472,"Leptospirosis"
"219481246.199",2012-02-11,2012-02-10,0,219481246,"31","219481246","P1D","http://aido.bsvgateway.org/api/locations/219481246/","Fiji","Fiji","Country","http://aido.bsvgateway.org/api/locations/156561026/",163.407862101293,163.407862101293,-17.4475619590472,"Leptospirosis"
"219481246.200",2012-02-12,2012-02-11,0,219481246,"31","219481246","P1D","http://aido.bsvgateway.org/api/locations/219481246/","Fiji","Fiji","Country","http://aido.bsvgateway.org/api/locations/156561026/",-17.4475619590472,163.407862101293,-17.4475619590472,"Leptospirosis"
"219481246.201",2012-02-13,2012-02-12,0,219481246,"31","219481246","P1D","http://aido.bsvgateway.org/api/locations/219481246/","Fiji","Fiji","Country","http://aido.bsvgateway.org/api/locations/156561026/",163.407862101293,163.407862101293,-17.4475619590472,"Leptospirosis"
"219481246.202",2012-02-14,2012-02-13,0,219481246,"31","219481246","P1D","http://aido.bsvgateway.org/api/locations/219481246/","Fiji","Fiji","Country","http://aido.bsvgateway.org/api/locations/156561026/",-17.4475619590472,163.407862101293,-17.4475619590472,"Leptospirosis"
"219481246.203",2012-02-15,2012-02-14,0,219481246,"31","219481246","P1D","http://aido.bsvgateway.org/api/locations/219481246/","Fiji","Fiji","Country","http://aido.bsvgateway.org/api/locations/156561026/",163.407862101293,163.407862101293,-17.4475619590472,"Leptospirosis"
"219481246.204",2012-02-16,2012-02-15,0,219481246,"31","219481246","P1D","http://aido.bsvgateway.org/api/locations/219481246/","Fiji","Fiji","Country","http://aido.bsvgateway.org/api/locations/156561026/",-17.4475619590472,163.407862101293,-17.4475619590472,"Leptospirosis"
"219481246.205",2012-02-17,2012-02-16,21,219481246,"31","219481246","P1D","http://aido.bsvgateway.org/api/locations/219481246/","Fiji","Fiji","Country","http://aido.bsvgateway.org/api/locations/156561026/",163.407862101293,163.407862101293,-17.4475619590472,"Leptospirosis"
"219481246.206",2012-02-18,2012-02-17,0,219481246,"31","219481246","P1D","http://aido.bsvgateway.org/api/locations/219481246/","Fiji","Fiji","Country","http://aido.bsvgateway.org/api/locations/156561026/",-17.4475619590472,163.407862101293,-17.4475619590472,"Leptospirosis"
"219481246.207",2012-02-19,2012-02-18,0,219481246,"31","219481246","P1D","http://aido.bsvgateway.org/api/locations/219481246/","Fiji","Fiji","Country","http://aido.bsvgateway.org/api/locations/156561026/",163.407862101293,163.407862101293,-17.4475619590472,"Leptospirosis"
"219481246.208",2012-02-20,2012-02-19,0,219481246,"31","219481246","P1D","http://aido.bsvgateway.org/api/locations/219481246/","Fiji","Fiji","Country","http://aido.bsvgateway.org/api/locations/156561026/",-17.4475619590472,163.407862101293,-17.4475619590472,"Leptospirosis"
"219481246.209",2012-02-21,2012-02-20,0,219481246,"31","219481246","P1D","http://aido.bsvgateway.org/api/locations/219481246/","Fiji","Fiji","Country","http://aido.bsvgateway.org/api/locations/156561026/",163.407862101293,163.407862101293,-17.4475619590472,"Leptospirosis"
"219481246.210",2012-02-22,2012-02-21,31,219481246,"31","219481246","P1D","http://aido.bsvgateway.org/api/locations/219481246/","Fiji","Fiji","Country","http://aido.bsvgateway.org/api/locations/156561026/",-17.4475619590472,163.407862101293,-17.4475619590472,"Leptospirosis"
"219481246.211",2012-02-23,2012-02-22,0,219481246,"31","219481246","P1D","http://aido.bsvgateway.org/api/locations/219481246/","Fiji","Fiji","Country","http://aido.bsvgateway.org/api/locations/156561026/",163.407862101293,163.407862101293,-17.4475619590472,"Leptospirosis"
"219481246.212",2012-02-24,2012-02-23,21,219481246,"31","219481246","P1D","http://aido.bsvgateway.org/api/locations/219481246/","Fiji","Fiji","Country","http://aido.bsvgateway.org/api/locations/156561026/",-17.4475619590472,163.407862101293,-17.4475619590472,"Leptospirosis"
"219481246.213",2012-02-25,2012-02-24,0,219481246,"31","219481246","P1D","http://aido.bsvgateway.org/api/locations/219481246/","Fiji","Fiji","Country","http://aido.bsvgateway.org/api/locations/156561026/",163.407862101293,163.407862101293,-17.4475619590472,"Leptospirosis"
"219481246.214",2012-02-26,2012-02-25,0,219481246,"31","219481246","P1D","http://aido.bsvgateway.org/api/locations/219481246/","Fiji","Fiji","Country","http://aido.bsvgateway.org/api/locations/156561026/",-17.4475619590472,163.407862101293,-17.4475619590472,"Leptospirosis"
"219481246.215",2012-02-27,2012-02-26,0,219481246,"31","219481246","P1D","http://aido.bsvgateway.org/api/locations/219481246/","Fiji","Fiji","Country","http://aido.bsvgateway.org/api/locations/156561026/",163.407862101293,163.407862101293,-17.4475619590472,"Leptospirosis"
"219481246.216",2012-02-28,2012-02-27,0,219481246,"31","219481246","P1D","http://aido.bsvgateway.org/api/locations/219481246/","Fiji","Fiji","Country","http://aido.bsvgateway.org/api/locations/156561026/",-17.4475619590472,163.407862101293,-17.4475619590472,"Leptospirosis"
"219481246.217",2012-02-29,2012-02-28,38,219481246,"31","219481246","P1D","http://aido.bsvgateway.org/api/locations/219481246/","Fiji","Fiji","Country","http://aido.bsvgateway.org/api/locations/156561026/",163.407862101293,163.407862101293,-17.4475619590472,"Leptospirosis"
"219481246.218",2012-03-01,2012-02-29,0,219481246,"31","219481246","P1D","http://aido.bsvgateway.org/api/locations/219481246/","Fiji","Fiji","Country","http://aido.bsvgateway.org/api/locations/156561026/",-17.4475619590472,163.407862101293,-17.4475619590472,"Leptospirosis"
"219481246.219",2012-03-02,2012-03-01,47,219481246,"31","219481246","P1D","http://aido.bsvgateway.org/api/locations/219481246/","Fiji","Fiji","Country","http://aido.bsvgateway.org/api/locations/156561026/",163.407862101293,163.407862101293,-17.4475619590472,"Leptospirosis"
"219481246.220",2012-03-03,2012-03-02,0,219481246,"31","219481246","P1D","http://aido.bsvgateway.org/api/locations/219481246/","Fiji","Fiji","Country","http://aido.bsvgateway.org/api/locations/156561026/",-17.4475619590472,163.407862101293,-17.4475619590472,"Leptospirosis"
"219481246.221",2012-03-04,2012-03-03,0,219481246,"31","219481246","P1D","http://aido.bsvgateway.org/api/locations/219481246/","Fiji","Fiji","Country","http://aido.bsvgateway.org/api/locations/156561026/",163.407862101293,163.407862101293,-17.4475619590472,"Leptospirosis"
"219481246.222",2012-03-05,2012-03-04,0,219481246,"31","219481246","P1D","http://aido.bsvgateway.org/api/locations/219481246/","Fiji","Fiji","Country","http://aido.bsvgateway.org/api/locations/156561026/",-17.4475619590472,163.407862101293,-17.4475619590472,"Leptospirosis"
"219481246.223",2012-03-06,2012-03-05,35,219481246,"31","219481246","P1D","http://aido.bsvgateway.org/api/locations/219481246/","Fiji","Fiji","Country","http://aido.bsvgateway.org/api/locations/156561026/",163.407862101293,163.407862101293,-17.4475619590472,"Leptospirosis"
"219481246.224",2012-03-07,2012-03-06,0,219481246,"31","219481246","P1D","http://aido.bsvgateway.org/api/locations/219481246/","Fiji","Fiji","Country","http://aido.bsvgateway.org/api/locations/156561026/",-17.4475619590472,163.407862101293,-17.4475619590472,"Leptospirosis"
"219481246.225",2012-03-08,2012-03-07,0,219481246,"31","219481246","P1D","http://aido.bsvgateway.org/api/locations/219481246/","Fiji","Fiji","Country","http://aido.bsvgateway.org/api/locations/156561026/",163.407862101293,163.407862101293,-17.4475619590472,"Leptospirosis"
"219481246.226",2012-03-09,2012-03-08,0,219481246,"31","219481246","P1D","http://aido.bsvgateway.org/api/locations/219481246/","Fiji","Fiji","Country","http://aido.bsvgateway.org/api/locations/156561026/",-17.4475619590472,163.407862101293,-17.4475619590472,"Leptospirosis"
"219481246.227",2012-03-10,2012-03-09,0,219481246,"31","219481246","P1D","http://aido.bsvgateway.org/api/locations/219481246/","Fiji","Fiji","Country","http://aido.bsvgateway.org/api/locations/156561026/",163.407862101293,163.407862101293,-17.4475619590472,"Leptospirosis"
"219481246.228",2012-03-11,2012-03-10,0,219481246,"31","219481246","P1D","http://aido.bsvgateway.org/api/locations/219481246/","Fiji","Fiji","Country","http://aido.bsvgateway.org/api/locations/156561026/",-17.4475619590472,163.407862101293,-17.4475619590472,"Leptospirosis"
"219481246.229",2012-03-12,2012-03-11,0,219481246,"31","219481246","P1D","http://aido.bsvgateway.org/api/locations/219481246/","Fiji","Fiji","Country","http://aido.bsvgateway.org/api/locations/156561026/",163.407862101293,163.407862101293,-17.4475619590472,"Leptospirosis"
"219481246.230",2012-03-13,2012-03-12,0,219481246,"31","219481246","P1D","http://aido.bsvgateway.org/api/locations/219481246/","Fiji","Fiji","Country","http://aido.bsvgateway.org/api/locations/156561026/",-17.4475619590472,163.407862101293,-17.4475619590472,"Leptospirosis"
"219481246.231",2012-03-14,2012-03-13,40,219481246,"31","219481246","P1D","http://aido.bsvgateway.org/api/locations/219481246/","Fiji","Fiji","Country","http://aido.bsvgateway.org/api/locations/156561026/",163.407862101293,163.407862101293,-17.4475619590472,"Leptospirosis"
"219481246.232",2012-03-15,2012-03-14,0,219481246,"31","219481246","P1D","http://aido.bsvgateway.org/api/locations/219481246/","Fiji","Fiji","Country","http://aido.bsvgateway.org/api/locations/156561026/",-17.4475619590472,163.407862101293,-17.4475619590472,"Leptospirosis"
"219481246.233",2012-03-16,2012-03-15,0,219481246,"31","219481246","P1D","http://aido.bsvgateway.org/api/locations/219481246/","Fiji","Fiji","Country","http://aido.bsvgateway.org/api/locations/156561026/",163.407862101293,163.407862101293,-17.4475619590472,"Leptospirosis"
"219481246.234",2012-03-17,2012-03-16,31,219481246,"31","219481246","P1D","http://aido.bsvgateway.org/api/locations/219481246/","Fiji","Fiji","Country","http://aido.bsvgateway.org/api/locations/156561026/",-17.4475619590472,163.407862101293,-17.4475619590472,"Leptospirosis"
"219481246.235",2012-03-18,2012-03-17,0,219481246,"31","219481246","P1D","http://aido.bsvgateway.org/api/locations/219481246/","Fiji","Fiji","Country","http://aido.bsvgateway.org/api/locations/156561026/",163.407862101293,163.407862101293,-17.4475619590472,"Leptospirosis"
"219481246.236",2012-03-19,2012-03-18,0,219481246,"31","219481246","P1D","http://aido.bsvgateway.org/api/locations/219481246/","Fiji","Fiji","Country","http://aido.bsvgateway.org/api/locations/156561026/",-17.4475619590472,163.407862101293,-17.4475619590472,"Leptospirosis"
"219481246.237",2012-03-20,2012-03-19,0,219481246,"31","219481246","P1D","http://aido.bsvgateway.org/api/locations/219481246/","Fiji","Fiji","Country","http://aido.bsvgateway.org/api/locations/156561026/",163.407862101293,163.407862101293,-17.4475619590472,"Leptospirosis"
"219481246.238",2012-03-21,2012-03-20,20,219481246,"31","219481246","P1D","http://aido.bsvgateway.org/api/locations/219481246/","Fiji","Fiji","Country","http://aido.bsvgateway.org/api/locations/156561026/",-17.4475619590472,163.407862101293,-17.4475619590472,"Leptospirosis"
"219481246.239",2012-03-22,2012-03-21,0,219481246,"31","219481246","P1D","http://aido.bsvgateway.org/api/locations/219481246/","Fiji","Fiji","Country","http://aido.bsvgateway.org/api/locations/156561026/",163.407862101293,163.407862101293,-17.4475619590472,"Leptospirosis"
"219481246.240",2012-03-23,2012-03-22,0,219481246,"31","219481246","P1D","http://aido.bsvgateway.org/api/locations/219481246/","Fiji","Fiji","Country","http://aido.bsvgateway.org/api/locations/156561026/",-17.4475619590472,163.407862101293,-17.4475619590472,"Leptospirosis"
"219481246.241",2012-03-24,2012-03-23,0,219481246,"31","219481246","P1D","http://aido.bsvgateway.org/api/locations/219481246/","Fiji","Fiji","Country","http://aido.bsvgateway.org/api/locations/156561026/",163.407862101293,163.407862101293,-17.4475619590472,"Leptospirosis"
"219481246.242",2012-03-25,2012-03-24,0,219481246,"31","219481246","P1D","http://aido.bsvgateway.org/api/locations/219481246/","Fiji","Fiji","Country","http://aido.bsvgateway.org/api/locations/156561026/",-17.4475619590472,163.407862101293,-17.4475619590472,"Leptospirosis"
"219481246.243",2012-03-26,2012-03-25,0,219481246,"31","219481246","P1D","http://aido.bsvgateway.org/api/locations/219481246/","Fiji","Fiji","Country","http://aido.bsvgateway.org/api/locations/156561026/",163.407862101293,163.407862101293,-17.4475619590472,"Leptospirosis"
"219481246.244",2012-03-27,2012-03-26,0,219481246,"31","219481246","P1D","http://aido.bsvgateway.org/api/locations/219481246/","Fiji","Fiji","Country","http://aido.bsvgateway.org/api/locations/156561026/",-17.4475619590472,163.407862101293,-17.4475619590472,"Leptospirosis"
"219481246.245",2012-03-28,2012-03-27,14,219481246,"31","219481246","P1D","http://aido.bsvgateway.org/api/locations/219481246/","Fiji","Fiji","Country","http://aido.bsvgateway.org/api/locations/156561026/",163.407862101293,163.407862101293,-17.4475619590472,"Leptospirosis"
"219481246.246",2012-03-29,2012-03-28,0,219481246,"31","219481246","P1D","http://aido.bsvgateway.org/api/locations/219481246/","Fiji","Fiji","Country","http://aido.bsvgateway.org/api/locations/156561026/",-17.4475619590472,163.407862101293,-17.4475619590472,"Leptospirosis"
"219481246.247",2012-03-30,2012-03-29,0,219481246,"31","219481246","P1D","http://aido.bsvgateway.org/api/locations/219481246/","Fiji","Fiji","Country","http://aido.bsvgateway.org/api/locations/156561026/",163.407862101293,163.407862101293,-17.4475619590472,"Leptospirosis"
"219481246.248",2012-03-31,2012-03-30,19,219481246,"31","219481246","P1D","http://aido.bsvgateway.org/api/locations/219481246/","Fiji","Fiji","Country","http://aido.bsvgateway.org/api/locations/156561026/",-17.4475619590472,163.407862101293,-17.4475619590472,"Leptospirosis"
"219481246.249",2012-04-01,2012-03-31,0,219481246,"31","219481246","P1D","http://aido.bsvgateway.org/api/locations/219481246/","Fiji","Fiji","Country","http://aido.bsvgateway.org/api/locations/156561026/",163.407862101293,163.407862101293,-17.4475619590472,"Leptospirosis"
"219481246.250",2012-04-02,2012-04-01,0,219481246,"31","219481246","P1D","http://aido.bsvgateway.org/api/locations/219481246/","Fiji","Fiji","Country","http://aido.bsvgateway.org/api/locations/156561026/",-17.4475619590472,163.407862101293,-17.4475619590472,"Leptospirosis"
"219481246.251",2012-04-03,2012-04-02,0,219481246,"31","219481246","P1D","http://aido.bsvgateway.org/api/locations/219481246/","Fiji","Fiji","Country","http://aido.bsvgateway.org/api/locations/156561026/",163.407862101293,163.407862101293,-17.4475619590472,"Leptospirosis"
"219481246.252",2012-04-04,2012-04-03,0,219481246,"31","219481246","P1D","http://aido.bsvgateway.org/api/locations/219481246/","Fiji","Fiji","Country","http://aido.bsvgateway.org/api/locations/156561026/",-17.4475619590472,163.407862101293,-17.4475619590472,"Leptospirosis"
"219481246.253",2012-04-05,2012-04-04,20,219481246,"31","219481246","P1D","http://aido.bsvgateway.org/api/locations/219481246/","Fiji","Fiji","Country","http://aido.bsvgateway.org/api/locations/156561026/",163.407862101293,163.407862101293,-17.4475619590472,"Leptospirosis"
"219481246.254",2012-04-06,2012-04-05,0,219481246,"31","219481246","P1D","http://aido.bsvgateway.org/api/locations/219481246/","Fiji","Fiji","Country","http://aido.bsvgateway.org/api/locations/156561026/",-17.4475619590472,163.407862101293,-17.4475619590472,"Leptospirosis"
"219481246.255",2012-04-07,2012-04-06,0,219481246,"31","219481246","P1D","http://aido.bsvgateway.org/api/locations/219481246/","Fiji","Fiji","Country","http://aido.bsvgateway.org/api/locations/156561026/",163.407862101293,163.407862101293,-17.4475619590472,"Leptospirosis"
"219481246.256",2012-04-08,2012-04-07,0,219481246,"31","219481246","P1D","http://aido.bsvgateway.org/api/locations/219481246/","Fiji","Fiji","Country","http://aido.bsvgateway.org/api/locations/156561026/",-17.4475619590472,163.407862101293,-17.4475619590472,"Leptospirosis"
"219481246.257",2012-04-09,2012-04-08,0,219481246,"31","219481246","P1D","http://aido.bsvgateway.org/api/locations/219481246/","Fiji","Fiji","Country","http://aido.bsvgateway.org/api/locations/156561026/",163.407862101293,163.407862101293,-17.4475619590472,"Leptospirosis"
"219481246.258",2012-04-10,2012-04-09,0,219481246,"31","219481246","P1D","http://aido.bsvgateway.org/api/locations/219481246/","Fiji","Fiji","Country","http://aido.bsvgateway.org/api/locations/156561026/",-17.4475619590472,163.407862101293,-17.4475619590472,"Leptospirosis"
"219481246.259",2012-04-11,2012-04-10,0,219481246,"31","219481246","P1D","http://aido.bsvgateway.org/api/locations/219481246/","Fiji","Fiji","Country","http://aido.bsvgateway.org/api/locations/156561026/",163.407862101293,163.407862101293,-17.4475619590472,"Leptospirosis"
"219481246.260",2012-04-12,2012-04-11,32,219481246,"31","219481246","P1D","http://aido.bsvgateway.org/api/locations/219481246/","Fiji","Fiji","Country","http://aido.bsvgateway.org/api/locations/156561026/",-17.4475619590472,163.407862101293,-17.4475619590472,"Leptospirosis"
"219481246.261",2012-04-13,2012-04-12,0,219481246,"31","219481246","P1D","http://aido.bsvgateway.org/api/locations/219481246/","Fiji","Fiji","Country","http://aido.bsvgateway.org/api/locations/156561026/",163.407862101293,163.407862101293,-17.4475619590472,"Leptospirosis"
"219481246.262",2012-04-14,2012-04-13,0,219481246,"31","219481246","P1D","http://aido.bsvgateway.org/api/locations/219481246/","Fiji","Fiji","Country","http://aido.bsvgateway.org/api/locations/156561026/",-17.4475619590472,163.407862101293,-17.4475619590472,"Leptospirosis"
"219481246.263",2012-04-15,2012-04-14,0,219481246,"31","219481246","P1D","http://aido.bsvgateway.org/api/locations/219481246/","Fiji","Fiji","Country","http://aido.bsvgateway.org/api/locations/156561026/",163.407862101293,163.407862101293,-17.4475619590472,"Leptospirosis"
"219481246.264",2012-04-16,2012-04-15,0,219481246,"31","219481246","P1D","http://aido.bsvgateway.org/api/locations/219481246/","Fiji","Fiji","Country","http://aido.bsvgateway.org/api/locations/156561026/",-17.4475619590472,163.407862101293,-17.4475619590472,"Leptospirosis"
"219481246.265",2012-04-17,2012-04-16,0,219481246,"31","219481246","P1D","http://aido.bsvgateway.org/api/locations/219481246/","Fiji","Fiji","Country","http://aido.bsvgateway.org/api/locations/156561026/",163.407862101293,163.407862101293,-17.4475619590472,"Leptospirosis"
"219481246.266",2012-04-18,2012-04-17,41,219481246,"31","219481246","P1D","http://aido.bsvgateway.org/api/locations/219481246/","Fiji","Fiji","Country","http://aido.bsvgateway.org/api/locations/156561026/",-17.4475619590472,163.407862101293,-17.4475619590472,"Leptospirosis"
"219481246.267",2012-04-19,2012-04-18,0,219481246,"31","219481246","P1D","http://aido.bsvgateway.org/api/locations/219481246/","Fiji","Fiji","Country","http://aido.bsvgateway.org/api/locations/156561026/",163.407862101293,163.407862101293,-17.4475619590472,"Leptospirosis"
"219481246.268",2012-04-20,2012-04-19,0,219481246,"31","219481246","P1D","http://aido.bsvgateway.org/api/locations/219481246/","Fiji","Fiji","Country","http://aido.bsvgateway.org/api/locations/156561026/",-17.4475619590472,163.407862101293,-17.4475619590472,"Leptospirosis"
"219481246.269",2012-04-21,2012-04-20,42,219481246,"31","219481246","P1D","http://aido.bsvgateway.org/api/locations/219481246/","Fiji","Fiji","Country","http://aido.bsvgateway.org/api/locations/156561026/",163.407862101293,163.407862101293,-17.4475619590472,"Leptospirosis"
"219481246.270",2012-04-22,2012-04-21,0,219481246,"31","219481246","P1D","http://aido.bsvgateway.org/api/locations/219481246/","Fiji","Fiji","Country","http://aido.bsvgateway.org/api/locations/156561026/",-17.4475619590472,163.407862101293,-17.4475619590472,"Leptospirosis"
"219481246.271",2012-04-23,2012-04-22,0,219481246,"31","219481246","P1D","http://aido.bsvgateway.org/api/locations/219481246/","Fiji","Fiji","Country","http://aido.bsvgateway.org/api/locations/156561026/",163.407862101293,163.407862101293,-17.4475619590472,"Leptospirosis"
"219481246.272",2012-04-24,2012-04-23,0,219481246,"31","219481246","P1D","http://aido.bsvgateway.org/api/locations/219481246/","Fiji","Fiji","Country","http://aido.bsvgateway.org/api/locations/156561026/",-17.4475619590472,163.407862101293,-17.4475619590472,"Leptospirosis"
"219481246.273",2012-04-25,2012-04-24,0,219481246,"31","219481246","P1D","http://aido.bsvgateway.org/api/locations/219481246/","Fiji","Fiji","Country","http://aido.bsvgateway.org/api/locations/156561026/",163.407862101293,163.407862101293,-17.4475619590472,"Leptospirosis"
"219481246.274",2012-04-26,2012-04-25,0,219481246,"31","219481246","P1D","http://aido.bsvgateway.org/api/locations/219481246/","Fiji","Fiji","Country","http://aido.bsvgateway.org/api/locations/156561026/",-17.4475619590472,163.407862101293,-17.4475619590472,"Leptospirosis"
"219481246.275",2012-04-27,2012-04-26,30,219481246,"31","219481246","P1D","http://aido.bsvgateway.org/api/locations/219481246/","Fiji","Fiji","Country","http://aido.bsvgateway.org/api/locations/156561026/",163.407862101293,163.407862101293,-17.4475619590472,"Leptospirosis"
"219481246.276",2012-04-28,2012-04-27,0,219481246,"31","219481246","P1D","http://aido.bsvgateway.org/api/locations/219481246/","Fiji","Fiji","Country","http://aido.bsvgateway.org/api/locations/156561026/",-17.4475619590472,163.407862101293,-17.4475619590472,"Leptospirosis"
"219481246.277",2012-04-29,2012-04-28,0,219481246,"31","219481246","P1D","http://aido.bsvgateway.org/api/locations/219481246/","Fiji","Fiji","Country","http://aido.bsvgateway.org/api/locations/156561026/",163.407862101293,163.407862101293,-17.4475619590472,"Leptospirosis"
"219481246.278",2012-04-30,2012-04-29,0,219481246,"31","219481246","P1D","http://aido.bsvgateway.org/api/locations/219481246/","Fiji","Fiji","Country","http://aido.bsvgateway.org/api/locations/156561026/",-17.4475619590472,163.407862101293,-17.4475619590472,"Leptospirosis"
"219481246.279",2012-05-01,2012-04-30,0,219481246,"31","219481246","P1D","http://aido.bsvgateway.org/api/locations/219481246/","Fiji","Fiji","Country","http://aido.bsvgateway.org/api/locations/156561026/",163.407862101293,163.407862101293,-17.4475619590472,"Leptospirosis"
"219481246.280",2012-05-02,2012-05-01,25,219481246,"31","219481246","P1D","http://aido.bsvgateway.org/api/locations/219481246/","Fiji","Fiji","Country","http://aido.bsvgateway.org/api/locations/156561026/",-17.4475619590472,163.407862101293,-17.4475619590472,"Leptospirosis"
"219481246.281",2012-05-03,2012-05-02,0,219481246,"31","219481246","P1D","http://aido.bsvgateway.org/api/locations/219481246/","Fiji","Fiji","Country","http://aido.bsvgateway.org/api/locations/156561026/",163.407862101293,163.407862101293,-17.4475619590472,"Leptospirosis"
"219481246.282",2012-05-04,2012-05-03,0,219481246,"31","219481246","P1D","http://aido.bsvgateway.org/api/locations/219481246/","Fiji","Fiji","Country","http://aido.bsvgateway.org/api/locations/156561026/",-17.4475619590472,163.407862101293,-17.4475619590472,"Leptospirosis"
"219481246.283",2012-05-05,2012-05-04,0,219481246,"31","219481246","P1D","http://aido.bsvgateway.org/api/locations/219481246/","Fiji","Fiji","Country","http://aido.bsvgateway.org/api/locations/156561026/",163.407862101293,163.407862101293,-17.4475619590472,"Leptospirosis"
"219481246.284",2012-05-06,2012-05-05,0,219481246,"31","219481246","P1D","http://aido.bsvgateway.org/api/locations/219481246/","Fiji","Fiji","Country","http://aido.bsvgateway.org/api/locations/156561026/",-17.4475619590472,163.407862101293,-17.4475619590472,"Leptospirosis"
"219481246.285",2012-05-07,2012-05-06,0,219481246,"31","219481246","P1D","http://aido.bsvgateway.org/api/locations/219481246/","Fiji","Fiji","Country","http://aido.bsvgateway.org/api/locations/156561026/",163.407862101293,163.407862101293,-17.4475619590472,"Leptospirosis"
"219481246.286",2012-05-08,2012-05-07,0,219481246,"31","219481246","P1D","http://aido.bsvgateway.org/api/locations/219481246/","Fiji","Fiji","Country","http://aido.bsvgateway.org/api/locations/156561026/",-17.4475619590472,163.407862101293,-17.4475619590472,"Leptospirosis"
"219481246.287",2012-05-09,2012-05-08,26,219481246,"31","219481246","P1D","http://aido.bsvgateway.org/api/locations/219481246/","Fiji","Fiji","Country","http://aido.bsvgateway.org/api/locations/156561026/",163.407862101293,163.407862101293,-17.4475619590472,"Leptospirosis"
"219481246.288",2012-05-10,2012-05-09,0,219481246,"31","219481246","P1D","http://aido.bsvgateway.org/api/locations/219481246/","Fiji","Fiji","Country","http://aido.bsvgateway.org/api/locations/156561026/",-17.4475619590472,163.407862101293,-17.4475619590472,"Leptospirosis"
"219481246.289",2012-05-11,2012-05-10,20,219481246,"31","219481246","P1D","http://aido.bsvgateway.org/api/locations/219481246/","Fiji","Fiji","Country","http://aido.bsvgateway.org/api/locations/156561026/",163.407862101293,163.407862101293,-17.4475619590472,"Leptospirosis"
"219481246.290",2012-05-12,2012-05-11,0,219481246,"31","219481246","P1D","http://aido.bsvgateway.org/api/locations/219481246/","Fiji","Fiji","Country","http://aido.bsvgateway.org/api/locations/156561026/",-17.4475619590472,163.407862101293,-17.4475619590472,"Leptospirosis"
"219481246.291",2012-05-13,2012-05-12,0,219481246,"31","219481246","P1D","http://aido.bsvgateway.org/api/locations/219481246/","Fiji","Fiji","Country","http://aido.bsvgateway.org/api/locations/156561026/",163.407862101293,163.407862101293,-17.4475619590472,"Leptospirosis"
"219481246.292",2012-05-14,2012-05-13,0,219481246,"31","219481246","P1D","http://aido.bsvgateway.org/api/locations/219481246/","Fiji","Fiji","Country","http://aido.bsvgateway.org/api/locations/156561026/",-17.4475619590472,163.407862101293,-17.4475619590472,"Leptospirosis"
"219481246.293",2012-05-15,2012-05-14,0,219481246,"31","219481246","P1D","http://aido.bsvgateway.org/api/locations/219481246/","Fiji","Fiji","Country","http://aido.bsvgateway.org/api/locations/156561026/",163.407862101293,163.407862101293,-17.4475619590472,"Leptospirosis"
"219481246.294",2012-05-16,2012-05-15,0,219481246,"31","219481246","P1D","http://aido.bsvgateway.org/api/locations/219481246/","Fiji","Fiji","Country","http://aido.bsvgateway.org/api/locations/156561026/",-17.4475619590472,163.407862101293,-17.4475619590472,"Leptospirosis"
"219481246.295",2012-05-17,2012-05-16,0,219481246,"31","219481246","P1D","http://aido.bsvgateway.org/api/locations/219481246/","Fiji","Fiji","Country","http://aido.bsvgateway.org/api/locations/156561026/",163.407862101293,163.407862101293,-17.4475619590472,"Leptospirosis"
"219481246.296",2012-05-18,2012-05-17,23,219481246,"31","219481246","P1D","http://aido.bsvgateway.org/api/locations/219481246/","Fiji","Fiji","Country","http://aido.bsvgateway.org/api/locations/156561026/",-17.4475619590472,163.407862101293,-17.4475619590472,"Leptospirosis"
"219481246.297",2012-05-19,2012-05-18,0,219481246,"31","219481246","P1D","http://aido.bsvgateway.org/api/locations/219481246/","Fiji","Fiji","Country","http://aido.bsvgateway.org/api/locations/156561026/",163.407862101293,163.407862101293,-17.4475619590472,"Leptospirosis"
"219481246.298",2012-05-20,2012-05-19,0,219481246,"31","219481246","P1D","http://aido.bsvgateway.org/api/locations/219481246/","Fiji","Fiji","Country","http://aido.bsvgateway.org/api/locations/156561026/",-17.4475619590472,163.407862101293,-17.4475619590472,"Leptospirosis"
"219481246.299",2012-05-21,2012-05-20,0,219481246,"31","219481246","P1D","http://aido.bsvgateway.org/api/locations/219481246/","Fiji","Fiji","Country","http://aido.bsvgateway.org/api/locations/156561026/",163.407862101293,163.407862101293,-17.4475619590472,"Leptospirosis"
"219481246.300",2012-05-22,2012-05-21,0,219481246,"31","219481246","P1D","http://aido.bsvgateway.org/api/locations/219481246/","Fiji","Fiji","Country","http://aido.bsvgateway.org/api/locations/156561026/",-17.4475619590472,163.407862101293,-17.4475619590472,"Leptospirosis"
"219481246.301",2012-05-23,2012-05-22,14,219481246,"31","219481246","P1D","http://aido.bsvgateway.org/api/locations/219481246/","Fiji","Fiji","Country","http://aido.bsvgateway.org/api/locations/156561026/",163.407862101293,163.407862101293,-17.4475619590472,"Leptospirosis"
"219481246.302",2012-05-24,2012-05-23,0,219481246,"31","219481246","P1D","http://aido.bsvgateway.org/api/locations/219481246/","Fiji","Fiji","Country","http://aido.bsvgateway.org/api/locations/156561026/",-17.4475619590472,163.407862101293,-17.4475619590472,"Leptospirosis"
"219481246.303",2012-05-25,2012-05-24,0,219481246,"31","219481246","P1D","http://aido.bsvgateway.org/api/locations/219481246/","Fiji","Fiji","Country","http://aido.bsvgateway.org/api/locations/156561026/",163.407862101293,163.407862101293,-17.4475619590472,"Leptospirosis"
"219481246.304",2012-05-26,2012-05-25,0,219481246,"31","219481246","P1D","http://aido.bsvgateway.org/api/locations/219481246/","Fiji","Fiji","Country","http://aido.bsvgateway.org/api/locations/156561026/",-17.4475619590472,163.407862101293,-17.4475619590472,"Leptospirosis"
"219481246.305",2012-05-27,2012-05-26,0,219481246,"31","219481246","P1D","http://aido.bsvgateway.org/api/locations/219481246/","Fiji","Fiji","Country","http://aido.bsvgateway.org/api/locations/156561026/",163.407862101293,163.407862101293,-17.4475619590472,"Leptospirosis"
"219481246.306",2012-05-28,2012-05-27,0,219481246,"31","219481246","P1D","http://aido.bsvgateway.org/api/locations/219481246/","Fiji","Fiji","Country","http://aido.bsvgateway.org/api/locations/156561026/",-17.4475619590472,163.407862101293,-17.4475619590472,"Leptospirosis"
"219481246.307",2012-05-29,2012-05-28,0,219481246,"31","219481246","P1D","http://aido.bsvgateway.org/api/locations/219481246/","Fiji","Fiji","Country","http://aido.bsvgateway.org/api/locations/156561026/",163.407862101293,163.407862101293,-17.4475619590472,"Leptospirosis"
"219481246.308",2012-05-30,2012-05-29,17,219481246,"31","219481246","P1D","http://aido.bsvgateway.org/api/locations/219481246/","Fiji","Fiji","Country","http://aido.bsvgateway.org/api/locations/156561026/",-17.4475619590472,163.407862101293,-17.4475619590472,"Leptospirosis"
"219481246.309",2012-05-31,2012-05-30,0,219481246,"31","219481246","P1D","http://aido.bsvgateway.org/api/locations/219481246/","Fiji","Fiji","Country","http://aido.bsvgateway.org/api/locations/156561026/",163.407862101293,163.407862101293,-17.4475619590472,"Leptospirosis"
"219481246.310",2012-06-01,2012-05-31,0,219481246,"31","219481246","P1D","http://aido.bsvgateway.org/api/locations/219481246/","Fiji","Fiji","Country","http://aido.bsvgateway.org/api/locations/156561026/",-17.4475619590472,163.407862101293,-17.4475619590472,"Leptospirosis"
"219481246.311",2012-06-02,2012-06-01,20,219481246,"31","219481246","P1D","http://aido.bsvgateway.org/api/locations/219481246/","Fiji","Fiji","Country","http://aido.bsvgateway.org/api/locations/156561026/",163.407862101293,163.407862101293,-17.4475619590472,"Leptospirosis"
"219481246.312",2012-06-03,2012-06-02,0,219481246,"31","219481246","P1D","http://aido.bsvgateway.org/api/locations/219481246/","Fiji","Fiji","Country","http://aido.bsvgateway.org/api/locations/156561026/",-17.4475619590472,163.407862101293,-17.4475619590472,"Leptospirosis"
"219481246.313",2012-06-04,2012-06-03,0,219481246,"31","219481246","P1D","http://aido.bsvgateway.org/api/locations/219481246/","Fiji","Fiji","Country","http://aido.bsvgateway.org/api/locations/156561026/",163.407862101293,163.407862101293,-17.4475619590472,"Leptospirosis"
"219481246.314",2012-06-05,2012-06-04,0,219481246,"31","219481246","P1D","http://aido.bsvgateway.org/api/locations/219481246/","Fiji","Fiji","Country","http://aido.bsvgateway.org/api/locations/156561026/",-17.4475619590472,163.407862101293,-17.4475619590472,"Leptospirosis"
"219481246.315",2012-06-06,2012-06-05,0,219481246,"31","219481246","P1D","http://aido.bsvgateway.org/api/locations/219481246/","Fiji","Fiji","Country","http://aido.bsvgateway.org/api/locations/156561026/",163.407862101293,163.407862101293,-17.4475619590472,"Leptospirosis"
"219481246.316",2012-06-07,2012-06-06,0,219481246,"31","219481246","P1D","http://aido.bsvgateway.org/api/locations/219481246/","Fiji","Fiji","Country","http://aido.bsvgateway.org/api/locations/156561026/",-17.4475619590472,163.407862101293,-17.4475619590472,"Leptospirosis"
"219481246.317",2012-06-08,2012-06-07,0,219481246,"31","219481246","P1D","http://aido.bsvgateway.org/api/locations/219481246/","Fiji","Fiji","Country","http://aido.bsvgateway.org/api/locations/156561026/",163.407862101293,163.407862101293,-17.4475619590472,"Leptospirosis"
"219481246.318",2012-06-09,2012-06-08,15,219481246,"31","219481246","P1D","http://aido.bsvgateway.org/api/locations/219481246/","Fiji","Fiji","Country","http://aido.bsvgateway.org/api/locations/156561026/",-17.4475619590472,163.407862101293,-17.4475619590472,"Leptospirosis"
"219481246.319",2012-06-10,2012-06-09,0,219481246,"31","219481246","P1D","http://aido.bsvgateway.org/api/locations/219481246/","Fiji","Fiji","Country","http://aido.bsvgateway.org/api/locations/156561026/",163.407862101293,163.407862101293,-17.4475619590472,"Leptospirosis"
"219481246.320",2012-06-11,2012-06-10,0,219481246,"31","219481246","P1D","http://aido.bsvgateway.org/api/locations/219481246/","Fiji","Fiji","Country","http://aido.bsvgateway.org/api/locations/156561026/",-17.4475619590472,163.407862101293,-17.4475619590472,"Leptospirosis"
"219481246.321",2012-06-12,2012-06-11,0,219481246,"31","219481246","P1D","http://aido.bsvgateway.org/api/locations/219481246/","Fiji","Fiji","Country","http://aido.bsvgateway.org/api/locations/156561026/",163.407862101293,163.407862101293,-17.4475619590472,"Leptospirosis"
"219481246.322",2012-06-13,2012-06-12,0,219481246,"31","219481246","P1D","http://aido.bsvgateway.org/api/locations/219481246/","Fiji","Fiji","Country","http://aido.bsvgateway.org/api/locations/156561026/",-17.4475619590472,163.407862101293,-17.4475619590472,"Leptospirosis"
"219481246.323",2012-06-14,2012-06-13,0,219481246,"31","219481246","P1D","http://aido.bsvgateway.org/api/locations/219481246/","Fiji","Fiji","Country","http://aido.bsvgateway.org/api/locations/156561026/",163.407862101293,163.407862101293,-17.4475619590472,"Leptospirosis"
"219481246.324",2012-06-15,2012-06-14,0,219481246,"31","219481246","P1D","http://aido.bsvgateway.org/api/locations/219481246/","Fiji","Fiji","Country","http://aido.bsvgateway.org/api/locations/156561026/",-17.4475619590472,163.407862101293,-17.4475619590472,"Leptospirosis"
"219481246.325",2012-06-16,2012-06-15,9,219481246,"31","219481246","P1D","http://aido.bsvgateway.org/api/locations/219481246/","Fiji","Fiji","Country","http://aido.bsvgateway.org/api/locations/156561026/",163.407862101293,163.407862101293,-17.4475619590472,"Leptospirosis"
