"","end","start","value","id","disease","location","duration","url","name","full_name","admin_level_name","parent","centroid_lat_long","longitude","latitude","disease_name"
"190650101.884",2005-09-26,2005-09-19,1,190650101,"63","190650101","P7D","http://aido.bsvgateway.org/api/locations/190650101/","Bentiu","Bentiu, Unity, South Sudan","City","http://aido.bsvgateway.org/api/locations/16289065/",9.23333663333336,29.8333366333333,9.23333663333336,"Monkeypox"
"190650101.885",2005-10-03,2005-09-26,1,190650101,"63","190650101","P7D","http://aido.bsvgateway.org/api/locations/190650101/","Bentiu","Bentiu, Unity, South Sudan","City","http://aido.bsvgateway.org/api/locations/16289065/",29.8333366333333,29.8333366333333,9.23333663333336,"Monkeypox"
"190650101.886",2005-10-10,2005-10-03,2,190650101,"63","190650101","P7D","http://aido.bsvgateway.org/api/locations/190650101/","Bentiu","Bentiu, Unity, South Sudan","City","http://aido.bsvgateway.org/api/locations/16289065/",9.23333663333336,29.8333366333333,9.23333663333336,"Monkeypox"
"190650101.887",2005-10-17,2005-10-10,2,190650101,"63","190650101","P7D","http://aido.bsvgateway.org/api/locations/190650101/","Bentiu","Bentiu, Unity, South Sudan","City","http://aido.bsvgateway.org/api/locations/16289065/",29.8333366333333,29.8333366333333,9.23333663333336,"Monkeypox"
"190650101.888",2005-10-24,2005-10-17,0,190650101,"63","190650101","P7D","http://aido.bsvgateway.org/api/locations/190650101/","Bentiu","Bentiu, Unity, South Sudan","City","http://aido.bsvgateway.org/api/locations/16289065/",9.23333663333336,29.8333366333333,9.23333663333336,"Monkeypox"
"190650101.889",2005-10-31,2005-10-24,2,190650101,"63","190650101","P7D","http://aido.bsvgateway.org/api/locations/190650101/","Bentiu","Bentiu, Unity, South Sudan","City","http://aido.bsvgateway.org/api/locations/16289065/",29.8333366333333,29.8333366333333,9.23333663333336,"Monkeypox"
"190650101.890",2005-11-07,2005-10-31,5,190650101,"63","190650101","P7D","http://aido.bsvgateway.org/api/locations/190650101/","Bentiu","Bentiu, Unity, South Sudan","City","http://aido.bsvgateway.org/api/locations/16289065/",9.23333663333336,29.8333366333333,9.23333663333336,"Monkeypox"
"190650101.891",2005-11-14,2005-11-07,2,190650101,"63","190650101","P7D","http://aido.bsvgateway.org/api/locations/190650101/","Bentiu","Bentiu, Unity, South Sudan","City","http://aido.bsvgateway.org/api/locations/16289065/",29.8333366333333,29.8333366333333,9.23333663333336,"Monkeypox"
"190650101.892",2005-11-21,2005-11-14,1,190650101,"63","190650101","P7D","http://aido.bsvgateway.org/api/locations/190650101/","Bentiu","Bentiu, Unity, South Sudan","City","http://aido.bsvgateway.org/api/locations/16289065/",9.23333663333336,29.8333366333333,9.23333663333336,"Monkeypox"
"190650101.893",2005-11-28,2005-11-21,0,190650101,"63","190650101","P7D","http://aido.bsvgateway.org/api/locations/190650101/","Bentiu","Bentiu, Unity, South Sudan","City","http://aido.bsvgateway.org/api/locations/16289065/",29.8333366333333,29.8333366333333,9.23333663333336,"Monkeypox"
"190650101.894",2005-12-05,2005-11-28,1,190650101,"63","190650101","P7D","http://aido.bsvgateway.org/api/locations/190650101/","Bentiu","Bentiu, Unity, South Sudan","City","http://aido.bsvgateway.org/api/locations/16289065/",9.23333663333336,29.8333366333333,9.23333663333336,"Monkeypox"
"190650101.895",2005-12-12,2005-12-05,0,190650101,"63","190650101","P7D","http://aido.bsvgateway.org/api/locations/190650101/","Bentiu","Bentiu, Unity, South Sudan","City","http://aido.bsvgateway.org/api/locations/16289065/",29.8333366333333,29.8333366333333,9.23333663333336,"Monkeypox"
"190650101.896",2005-12-19,2005-12-12,2,190650101,"63","190650101","P7D","http://aido.bsvgateway.org/api/locations/190650101/","Bentiu","Bentiu, Unity, South Sudan","City","http://aido.bsvgateway.org/api/locations/16289065/",9.23333663333336,29.8333366333333,9.23333663333336,"Monkeypox"
