"","end","start","value","id","disease","location","duration","url","name","full_name","admin_level_name","parent","centroid_lat_long","longitude","latitude","disease_name"
"97615058.1910",2018-10-02,2018-10-01,1,97615058,"39","97615058","P1D","http://aido.bsvgateway.org/api/locations/97615058/","New York","New York, United States of America","State","http://aido.bsvgateway.org/api/locations/113309883/",42.9902482242734,-75.6891521001872,42.9902482242734,"Measles"
"97615058.1911",2018-10-03,2018-10-02,0,97615058,"39","97615058","P1D","http://aido.bsvgateway.org/api/locations/97615058/","New York","New York, United States of America","State","http://aido.bsvgateway.org/api/locations/113309883/",-75.6891521001872,-75.6891521001872,42.9902482242734,"Measles"
"97615058.1912",2018-10-04,2018-10-03,0,97615058,"39","97615058","P1D","http://aido.bsvgateway.org/api/locations/97615058/","New York","New York, United States of America","State","http://aido.bsvgateway.org/api/locations/113309883/",42.9902482242734,-75.6891521001872,42.9902482242734,"Measles"
"97615058.1913",2018-10-05,2018-10-04,0,97615058,"39","97615058","P1D","http://aido.bsvgateway.org/api/locations/97615058/","New York","New York, United States of America","State","http://aido.bsvgateway.org/api/locations/113309883/",-75.6891521001872,-75.6891521001872,42.9902482242734,"Measles"
"97615058.1914",2018-10-06,2018-10-05,0,97615058,"39","97615058","P1D","http://aido.bsvgateway.org/api/locations/97615058/","New York","New York, United States of America","State","http://aido.bsvgateway.org/api/locations/113309883/",42.9902482242734,-75.6891521001872,42.9902482242734,"Measles"
"97615058.1915",2018-10-07,2018-10-06,0,97615058,"39","97615058","P1D","http://aido.bsvgateway.org/api/locations/97615058/","New York","New York, United States of America","State","http://aido.bsvgateway.org/api/locations/113309883/",-75.6891521001872,-75.6891521001872,42.9902482242734,"Measles"
"97615058.1916",2018-10-08,2018-10-07,0,97615058,"39","97615058","P1D","http://aido.bsvgateway.org/api/locations/97615058/","New York","New York, United States of America","State","http://aido.bsvgateway.org/api/locations/113309883/",42.9902482242734,-75.6891521001872,42.9902482242734,"Measles"
"97615058.1917",2018-10-09,2018-10-08,0,97615058,"39","97615058","P1D","http://aido.bsvgateway.org/api/locations/97615058/","New York","New York, United States of America","State","http://aido.bsvgateway.org/api/locations/113309883/",-75.6891521001872,-75.6891521001872,42.9902482242734,"Measles"
"97615058.1918",2018-10-10,2018-10-09,1,97615058,"39","97615058","P1D","http://aido.bsvgateway.org/api/locations/97615058/","New York","New York, United States of America","State","http://aido.bsvgateway.org/api/locations/113309883/",42.9902482242734,-75.6891521001872,42.9902482242734,"Measles"
"97615058.1919",2018-10-11,2018-10-10,0,97615058,"39","97615058","P1D","http://aido.bsvgateway.org/api/locations/97615058/","New York","New York, United States of America","State","http://aido.bsvgateway.org/api/locations/113309883/",-75.6891521001872,-75.6891521001872,42.9902482242734,"Measles"
"97615058.1920",2018-10-12,2018-10-11,0,97615058,"39","97615058","P1D","http://aido.bsvgateway.org/api/locations/97615058/","New York","New York, United States of America","State","http://aido.bsvgateway.org/api/locations/113309883/",42.9902482242734,-75.6891521001872,42.9902482242734,"Measles"
"97615058.1921",2018-10-13,2018-10-12,2,97615058,"39","97615058","P1D","http://aido.bsvgateway.org/api/locations/97615058/","New York","New York, United States of America","State","http://aido.bsvgateway.org/api/locations/113309883/",-75.6891521001872,-75.6891521001872,42.9902482242734,"Measles"
"97615058.1922",2018-10-14,2018-10-13,3,97615058,"39","97615058","P1D","http://aido.bsvgateway.org/api/locations/97615058/","New York","New York, United States of America","State","http://aido.bsvgateway.org/api/locations/113309883/",42.9902482242734,-75.6891521001872,42.9902482242734,"Measles"
"97615058.1923",2018-10-15,2018-10-14,2,97615058,"39","97615058","P1D","http://aido.bsvgateway.org/api/locations/97615058/","New York","New York, United States of America","State","http://aido.bsvgateway.org/api/locations/113309883/",-75.6891521001872,-75.6891521001872,42.9902482242734,"Measles"
"97615058.1924",2018-10-16,2018-10-15,1,97615058,"39","97615058","P1D","http://aido.bsvgateway.org/api/locations/97615058/","New York","New York, United States of America","State","http://aido.bsvgateway.org/api/locations/113309883/",42.9902482242734,-75.6891521001872,42.9902482242734,"Measles"
"97615058.1925",2018-10-17,2018-10-16,3,97615058,"39","97615058","P1D","http://aido.bsvgateway.org/api/locations/97615058/","New York","New York, United States of America","State","http://aido.bsvgateway.org/api/locations/113309883/",-75.6891521001872,-75.6891521001872,42.9902482242734,"Measles"
"97615058.1926",2018-10-18,2018-10-17,1,97615058,"39","97615058","P1D","http://aido.bsvgateway.org/api/locations/97615058/","New York","New York, United States of America","State","http://aido.bsvgateway.org/api/locations/113309883/",42.9902482242734,-75.6891521001872,42.9902482242734,"Measles"
"97615058.1927",2018-10-19,2018-10-18,1,97615058,"39","97615058","P1D","http://aido.bsvgateway.org/api/locations/97615058/","New York","New York, United States of America","State","http://aido.bsvgateway.org/api/locations/113309883/",-75.6891521001872,-75.6891521001872,42.9902482242734,"Measles"
"97615058.1928",2018-10-20,2018-10-19,1,97615058,"39","97615058","P1D","http://aido.bsvgateway.org/api/locations/97615058/","New York","New York, United States of America","State","http://aido.bsvgateway.org/api/locations/113309883/",42.9902482242734,-75.6891521001872,42.9902482242734,"Measles"
"97615058.1929",2018-10-21,2018-10-20,1,97615058,"39","97615058","P1D","http://aido.bsvgateway.org/api/locations/97615058/","New York","New York, United States of America","State","http://aido.bsvgateway.org/api/locations/113309883/",-75.6891521001872,-75.6891521001872,42.9902482242734,"Measles"
"97615058.1930",2018-10-22,2018-10-21,1,97615058,"39","97615058","P1D","http://aido.bsvgateway.org/api/locations/97615058/","New York","New York, United States of America","State","http://aido.bsvgateway.org/api/locations/113309883/",42.9902482242734,-75.6891521001872,42.9902482242734,"Measles"
"97615058.1931",2018-10-23,2018-10-22,9,97615058,"39","97615058","P1D","http://aido.bsvgateway.org/api/locations/97615058/","New York","New York, United States of America","State","http://aido.bsvgateway.org/api/locations/113309883/",-75.6891521001872,-75.6891521001872,42.9902482242734,"Measles"
"97615058.1932",2018-10-24,2018-10-23,4,97615058,"39","97615058","P1D","http://aido.bsvgateway.org/api/locations/97615058/","New York","New York, United States of America","State","http://aido.bsvgateway.org/api/locations/113309883/",42.9902482242734,-75.6891521001872,42.9902482242734,"Measles"
"97615058.1933",2018-10-25,2018-10-24,5,97615058,"39","97615058","P1D","http://aido.bsvgateway.org/api/locations/97615058/","New York","New York, United States of America","State","http://aido.bsvgateway.org/api/locations/113309883/",-75.6891521001872,-75.6891521001872,42.9902482242734,"Measles"
"97615058.1934",2018-10-26,2018-10-25,4,97615058,"39","97615058","P1D","http://aido.bsvgateway.org/api/locations/97615058/","New York","New York, United States of America","State","http://aido.bsvgateway.org/api/locations/113309883/",42.9902482242734,-75.6891521001872,42.9902482242734,"Measles"
"97615058.1935",2018-10-27,2018-10-26,3,97615058,"39","97615058","P1D","http://aido.bsvgateway.org/api/locations/97615058/","New York","New York, United States of America","State","http://aido.bsvgateway.org/api/locations/113309883/",-75.6891521001872,-75.6891521001872,42.9902482242734,"Measles"
"97615058.1936",2018-10-28,2018-10-27,2,97615058,"39","97615058","P1D","http://aido.bsvgateway.org/api/locations/97615058/","New York","New York, United States of America","State","http://aido.bsvgateway.org/api/locations/113309883/",42.9902482242734,-75.6891521001872,42.9902482242734,"Measles"
"97615058.1937",2018-10-29,2018-10-28,1,97615058,"39","97615058","P1D","http://aido.bsvgateway.org/api/locations/97615058/","New York","New York, United States of America","State","http://aido.bsvgateway.org/api/locations/113309883/",-75.6891521001872,-75.6891521001872,42.9902482242734,"Measles"
"97615058.1938",2018-10-30,2018-10-29,3,97615058,"39","97615058","P1D","http://aido.bsvgateway.org/api/locations/97615058/","New York","New York, United States of America","State","http://aido.bsvgateway.org/api/locations/113309883/",42.9902482242734,-75.6891521001872,42.9902482242734,"Measles"
"97615058.1939",2018-10-31,2018-10-30,2,97615058,"39","97615058","P1D","http://aido.bsvgateway.org/api/locations/97615058/","New York","New York, United States of America","State","http://aido.bsvgateway.org/api/locations/113309883/",-75.6891521001872,-75.6891521001872,42.9902482242734,"Measles"
"97615058.1940",2018-11-01,2018-10-31,1,97615058,"39","97615058","P1D","http://aido.bsvgateway.org/api/locations/97615058/","New York","New York, United States of America","State","http://aido.bsvgateway.org/api/locations/113309883/",42.9902482242734,-75.6891521001872,42.9902482242734,"Measles"
"97615058.1941",2018-11-02,2018-11-01,1,97615058,"39","97615058","P1D","http://aido.bsvgateway.org/api/locations/97615058/","New York","New York, United States of America","State","http://aido.bsvgateway.org/api/locations/113309883/",-75.6891521001872,-75.6891521001872,42.9902482242734,"Measles"
"97615058.1942",2018-11-03,2018-11-02,0,97615058,"39","97615058","P1D","http://aido.bsvgateway.org/api/locations/97615058/","New York","New York, United States of America","State","http://aido.bsvgateway.org/api/locations/113309883/",42.9902482242734,-75.6891521001872,42.9902482242734,"Measles"
"97615058.1943",2018-11-04,2018-11-03,2,97615058,"39","97615058","P1D","http://aido.bsvgateway.org/api/locations/97615058/","New York","New York, United States of America","State","http://aido.bsvgateway.org/api/locations/113309883/",-75.6891521001872,-75.6891521001872,42.9902482242734,"Measles"
"97615058.1944",2018-11-05,2018-11-04,2,97615058,"39","97615058","P1D","http://aido.bsvgateway.org/api/locations/97615058/","New York","New York, United States of America","State","http://aido.bsvgateway.org/api/locations/113309883/",42.9902482242734,-75.6891521001872,42.9902482242734,"Measles"
"97615058.1945",2018-11-06,2018-11-05,2,97615058,"39","97615058","P1D","http://aido.bsvgateway.org/api/locations/97615058/","New York","New York, United States of America","State","http://aido.bsvgateway.org/api/locations/113309883/",-75.6891521001872,-75.6891521001872,42.9902482242734,"Measles"
"97615058.1946",2018-11-07,2018-11-06,9,97615058,"39","97615058","P1D","http://aido.bsvgateway.org/api/locations/97615058/","New York","New York, United States of America","State","http://aido.bsvgateway.org/api/locations/113309883/",42.9902482242734,-75.6891521001872,42.9902482242734,"Measles"
"97615058.1947",2018-11-08,2018-11-07,4,97615058,"39","97615058","P1D","http://aido.bsvgateway.org/api/locations/97615058/","New York","New York, United States of America","State","http://aido.bsvgateway.org/api/locations/113309883/",-75.6891521001872,-75.6891521001872,42.9902482242734,"Measles"
"97615058.1948",2018-11-09,2018-11-08,4,97615058,"39","97615058","P1D","http://aido.bsvgateway.org/api/locations/97615058/","New York","New York, United States of America","State","http://aido.bsvgateway.org/api/locations/113309883/",42.9902482242734,-75.6891521001872,42.9902482242734,"Measles"
"97615058.1949",2018-11-10,2018-11-09,1,97615058,"39","97615058","P1D","http://aido.bsvgateway.org/api/locations/97615058/","New York","New York, United States of America","State","http://aido.bsvgateway.org/api/locations/113309883/",-75.6891521001872,-75.6891521001872,42.9902482242734,"Measles"
"97615058.1950",2018-11-11,2018-11-10,1,97615058,"39","97615058","P1D","http://aido.bsvgateway.org/api/locations/97615058/","New York","New York, United States of America","State","http://aido.bsvgateway.org/api/locations/113309883/",42.9902482242734,-75.6891521001872,42.9902482242734,"Measles"
"97615058.1951",2018-11-12,2018-11-11,3,97615058,"39","97615058","P1D","http://aido.bsvgateway.org/api/locations/97615058/","New York","New York, United States of America","State","http://aido.bsvgateway.org/api/locations/113309883/",-75.6891521001872,-75.6891521001872,42.9902482242734,"Measles"
"97615058.1952",2018-11-13,2018-11-12,3,97615058,"39","97615058","P1D","http://aido.bsvgateway.org/api/locations/97615058/","New York","New York, United States of America","State","http://aido.bsvgateway.org/api/locations/113309883/",42.9902482242734,-75.6891521001872,42.9902482242734,"Measles"
"97615058.1953",2018-11-14,2018-11-13,2,97615058,"39","97615058","P1D","http://aido.bsvgateway.org/api/locations/97615058/","New York","New York, United States of America","State","http://aido.bsvgateway.org/api/locations/113309883/",-75.6891521001872,-75.6891521001872,42.9902482242734,"Measles"
"97615058.1954",2018-11-15,2018-11-14,1,97615058,"39","97615058","P1D","http://aido.bsvgateway.org/api/locations/97615058/","New York","New York, United States of America","State","http://aido.bsvgateway.org/api/locations/113309883/",42.9902482242734,-75.6891521001872,42.9902482242734,"Measles"
"97615058.1955",2018-11-16,2018-11-15,3,97615058,"39","97615058","P1D","http://aido.bsvgateway.org/api/locations/97615058/","New York","New York, United States of America","State","http://aido.bsvgateway.org/api/locations/113309883/",-75.6891521001872,-75.6891521001872,42.9902482242734,"Measles"
"97615058.1956",2018-11-17,2018-11-16,2,97615058,"39","97615058","P1D","http://aido.bsvgateway.org/api/locations/97615058/","New York","New York, United States of America","State","http://aido.bsvgateway.org/api/locations/113309883/",42.9902482242734,-75.6891521001872,42.9902482242734,"Measles"
"97615058.1957",2018-11-18,2018-11-17,2,97615058,"39","97615058","P1D","http://aido.bsvgateway.org/api/locations/97615058/","New York","New York, United States of America","State","http://aido.bsvgateway.org/api/locations/113309883/",-75.6891521001872,-75.6891521001872,42.9902482242734,"Measles"
"97615058.1958",2018-11-19,2018-11-18,1,97615058,"39","97615058","P1D","http://aido.bsvgateway.org/api/locations/97615058/","New York","New York, United States of America","State","http://aido.bsvgateway.org/api/locations/113309883/",42.9902482242734,-75.6891521001872,42.9902482242734,"Measles"
"97615058.1959",2018-11-20,2018-11-19,2,97615058,"39","97615058","P1D","http://aido.bsvgateway.org/api/locations/97615058/","New York","New York, United States of America","State","http://aido.bsvgateway.org/api/locations/113309883/",-75.6891521001872,-75.6891521001872,42.9902482242734,"Measles"
"97615058.1960",2018-11-21,2018-11-20,6,97615058,"39","97615058","P1D","http://aido.bsvgateway.org/api/locations/97615058/","New York","New York, United States of America","State","http://aido.bsvgateway.org/api/locations/113309883/",42.9902482242734,-75.6891521001872,42.9902482242734,"Measles"
"97615058.1961",2018-11-22,2018-11-21,2,97615058,"39","97615058","P1D","http://aido.bsvgateway.org/api/locations/97615058/","New York","New York, United States of America","State","http://aido.bsvgateway.org/api/locations/113309883/",-75.6891521001872,-75.6891521001872,42.9902482242734,"Measles"
"97615058.1962",2018-11-23,2018-11-22,2,97615058,"39","97615058","P1D","http://aido.bsvgateway.org/api/locations/97615058/","New York","New York, United States of America","State","http://aido.bsvgateway.org/api/locations/113309883/",42.9902482242734,-75.6891521001872,42.9902482242734,"Measles"
"97615058.1963",2018-11-24,2018-11-23,1,97615058,"39","97615058","P1D","http://aido.bsvgateway.org/api/locations/97615058/","New York","New York, United States of America","State","http://aido.bsvgateway.org/api/locations/113309883/",-75.6891521001872,-75.6891521001872,42.9902482242734,"Measles"
"97615058.1964",2018-11-25,2018-11-24,1,97615058,"39","97615058","P1D","http://aido.bsvgateway.org/api/locations/97615058/","New York","New York, United States of America","State","http://aido.bsvgateway.org/api/locations/113309883/",42.9902482242734,-75.6891521001872,42.9902482242734,"Measles"
"97615058.1965",2018-11-26,2018-11-25,5,97615058,"39","97615058","P1D","http://aido.bsvgateway.org/api/locations/97615058/","New York","New York, United States of America","State","http://aido.bsvgateway.org/api/locations/113309883/",-75.6891521001872,-75.6891521001872,42.9902482242734,"Measles"
"97615058.1966",2018-11-27,2018-11-26,1,97615058,"39","97615058","P1D","http://aido.bsvgateway.org/api/locations/97615058/","New York","New York, United States of America","State","http://aido.bsvgateway.org/api/locations/113309883/",42.9902482242734,-75.6891521001872,42.9902482242734,"Measles"
"97615058.1967",2018-11-28,2018-11-27,3,97615058,"39","97615058","P1D","http://aido.bsvgateway.org/api/locations/97615058/","New York","New York, United States of America","State","http://aido.bsvgateway.org/api/locations/113309883/",-75.6891521001872,-75.6891521001872,42.9902482242734,"Measles"
"97615058.1968",2018-11-29,2018-11-28,1,97615058,"39","97615058","P1D","http://aido.bsvgateway.org/api/locations/97615058/","New York","New York, United States of America","State","http://aido.bsvgateway.org/api/locations/113309883/",42.9902482242734,-75.6891521001872,42.9902482242734,"Measles"
"97615058.1969",2018-11-30,2018-11-29,1,97615058,"39","97615058","P1D","http://aido.bsvgateway.org/api/locations/97615058/","New York","New York, United States of America","State","http://aido.bsvgateway.org/api/locations/113309883/",-75.6891521001872,-75.6891521001872,42.9902482242734,"Measles"
"97615058.1970",2018-12-01,2018-11-30,0,97615058,"39","97615058","P1D","http://aido.bsvgateway.org/api/locations/97615058/","New York","New York, United States of America","State","http://aido.bsvgateway.org/api/locations/113309883/",42.9902482242734,-75.6891521001872,42.9902482242734,"Measles"
"97615058.1971",2018-12-02,2018-12-01,0,97615058,"39","97615058","P1D","http://aido.bsvgateway.org/api/locations/97615058/","New York","New York, United States of America","State","http://aido.bsvgateway.org/api/locations/113309883/",-75.6891521001872,-75.6891521001872,42.9902482242734,"Measles"
"97615058.1972",2018-12-03,2018-12-02,0,97615058,"39","97615058","P1D","http://aido.bsvgateway.org/api/locations/97615058/","New York","New York, United States of America","State","http://aido.bsvgateway.org/api/locations/113309883/",42.9902482242734,-75.6891521001872,42.9902482242734,"Measles"
"97615058.1973",2018-12-04,2018-12-03,1,97615058,"39","97615058","P1D","http://aido.bsvgateway.org/api/locations/97615058/","New York","New York, United States of America","State","http://aido.bsvgateway.org/api/locations/113309883/",-75.6891521001872,-75.6891521001872,42.9902482242734,"Measles"
"97615058.1974",2018-12-05,2018-12-04,2,97615058,"39","97615058","P1D","http://aido.bsvgateway.org/api/locations/97615058/","New York","New York, United States of America","State","http://aido.bsvgateway.org/api/locations/113309883/",42.9902482242734,-75.6891521001872,42.9902482242734,"Measles"
"97615058.1975",2018-12-06,2018-12-05,2,97615058,"39","97615058","P1D","http://aido.bsvgateway.org/api/locations/97615058/","New York","New York, United States of America","State","http://aido.bsvgateway.org/api/locations/113309883/",-75.6891521001872,-75.6891521001872,42.9902482242734,"Measles"
"97615058.1976",2018-12-07,2018-12-06,0,97615058,"39","97615058","P1D","http://aido.bsvgateway.org/api/locations/97615058/","New York","New York, United States of America","State","http://aido.bsvgateway.org/api/locations/113309883/",42.9902482242734,-75.6891521001872,42.9902482242734,"Measles"
"97615058.1977",2018-12-08,2018-12-07,0,97615058,"39","97615058","P1D","http://aido.bsvgateway.org/api/locations/97615058/","New York","New York, United States of America","State","http://aido.bsvgateway.org/api/locations/113309883/",-75.6891521001872,-75.6891521001872,42.9902482242734,"Measles"
"97615058.1978",2018-12-09,2018-12-08,0,97615058,"39","97615058","P1D","http://aido.bsvgateway.org/api/locations/97615058/","New York","New York, United States of America","State","http://aido.bsvgateway.org/api/locations/113309883/",42.9902482242734,-75.6891521001872,42.9902482242734,"Measles"
"97615058.1979",2018-12-10,2018-12-09,1,97615058,"39","97615058","P1D","http://aido.bsvgateway.org/api/locations/97615058/","New York","New York, United States of America","State","http://aido.bsvgateway.org/api/locations/113309883/",-75.6891521001872,-75.6891521001872,42.9902482242734,"Measles"
"97615058.1980",2018-12-11,2018-12-10,0,97615058,"39","97615058","P1D","http://aido.bsvgateway.org/api/locations/97615058/","New York","New York, United States of America","State","http://aido.bsvgateway.org/api/locations/113309883/",42.9902482242734,-75.6891521001872,42.9902482242734,"Measles"
"97615058.1981",2018-12-12,2018-12-11,0,97615058,"39","97615058","P1D","http://aido.bsvgateway.org/api/locations/97615058/","New York","New York, United States of America","State","http://aido.bsvgateway.org/api/locations/113309883/",-75.6891521001872,-75.6891521001872,42.9902482242734,"Measles"
"97615058.1982",2018-12-13,2018-12-12,1,97615058,"39","97615058","P1D","http://aido.bsvgateway.org/api/locations/97615058/","New York","New York, United States of America","State","http://aido.bsvgateway.org/api/locations/113309883/",42.9902482242734,-75.6891521001872,42.9902482242734,"Measles"
"97615058.1983",2018-12-14,2018-12-13,1,97615058,"39","97615058","P1D","http://aido.bsvgateway.org/api/locations/97615058/","New York","New York, United States of America","State","http://aido.bsvgateway.org/api/locations/113309883/",-75.6891521001872,-75.6891521001872,42.9902482242734,"Measles"
"97615058.1984",2018-12-15,2018-12-14,0,97615058,"39","97615058","P1D","http://aido.bsvgateway.org/api/locations/97615058/","New York","New York, United States of America","State","http://aido.bsvgateway.org/api/locations/113309883/",42.9902482242734,-75.6891521001872,42.9902482242734,"Measles"
"97615058.1985",2018-12-16,2018-12-15,0,97615058,"39","97615058","P1D","http://aido.bsvgateway.org/api/locations/97615058/","New York","New York, United States of America","State","http://aido.bsvgateway.org/api/locations/113309883/",-75.6891521001872,-75.6891521001872,42.9902482242734,"Measles"
"97615058.1986",2018-12-17,2018-12-16,0,97615058,"39","97615058","P1D","http://aido.bsvgateway.org/api/locations/97615058/","New York","New York, United States of America","State","http://aido.bsvgateway.org/api/locations/113309883/",42.9902482242734,-75.6891521001872,42.9902482242734,"Measles"
"97615058.1987",2018-12-18,2018-12-17,1,97615058,"39","97615058","P1D","http://aido.bsvgateway.org/api/locations/97615058/","New York","New York, United States of America","State","http://aido.bsvgateway.org/api/locations/113309883/",-75.6891521001872,-75.6891521001872,42.9902482242734,"Measles"
"97615058.1988",2018-12-19,2018-12-18,0,97615058,"39","97615058","P1D","http://aido.bsvgateway.org/api/locations/97615058/","New York","New York, United States of America","State","http://aido.bsvgateway.org/api/locations/113309883/",42.9902482242734,-75.6891521001872,42.9902482242734,"Measles"
"97615058.1989",2018-12-20,2018-12-19,0,97615058,"39","97615058","P1D","http://aido.bsvgateway.org/api/locations/97615058/","New York","New York, United States of America","State","http://aido.bsvgateway.org/api/locations/113309883/",-75.6891521001872,-75.6891521001872,42.9902482242734,"Measles"
"97615058.1990",2018-12-21,2018-12-20,1,97615058,"39","97615058","P1D","http://aido.bsvgateway.org/api/locations/97615058/","New York","New York, United States of America","State","http://aido.bsvgateway.org/api/locations/113309883/",42.9902482242734,-75.6891521001872,42.9902482242734,"Measles"
"97615058.1991",2018-12-22,2018-12-21,0,97615058,"39","97615058","P1D","http://aido.bsvgateway.org/api/locations/97615058/","New York","New York, United States of America","State","http://aido.bsvgateway.org/api/locations/113309883/",-75.6891521001872,-75.6891521001872,42.9902482242734,"Measles"
"97615058.1992",2018-12-23,2018-12-22,0,97615058,"39","97615058","P1D","http://aido.bsvgateway.org/api/locations/97615058/","New York","New York, United States of America","State","http://aido.bsvgateway.org/api/locations/113309883/",42.9902482242734,-75.6891521001872,42.9902482242734,"Measles"
"97615058.1993",2018-12-24,2018-12-23,0,97615058,"39","97615058","P1D","http://aido.bsvgateway.org/api/locations/97615058/","New York","New York, United States of America","State","http://aido.bsvgateway.org/api/locations/113309883/",-75.6891521001872,-75.6891521001872,42.9902482242734,"Measles"
"97615058.1994",2018-12-25,2018-12-24,1,97615058,"39","97615058","P1D","http://aido.bsvgateway.org/api/locations/97615058/","New York","New York, United States of America","State","http://aido.bsvgateway.org/api/locations/113309883/",42.9902482242734,-75.6891521001872,42.9902482242734,"Measles"
"97615058.1995",2018-12-26,2018-12-25,0,97615058,"39","97615058","P1D","http://aido.bsvgateway.org/api/locations/97615058/","New York","New York, United States of America","State","http://aido.bsvgateway.org/api/locations/113309883/",-75.6891521001872,-75.6891521001872,42.9902482242734,"Measles"
"97615058.1996",2018-12-27,2018-12-26,3,97615058,"39","97615058","P1D","http://aido.bsvgateway.org/api/locations/97615058/","New York","New York, United States of America","State","http://aido.bsvgateway.org/api/locations/113309883/",42.9902482242734,-75.6891521001872,42.9902482242734,"Measles"
"97615058.1997",2018-12-28,2018-12-27,0,97615058,"39","97615058","P1D","http://aido.bsvgateway.org/api/locations/97615058/","New York","New York, United States of America","State","http://aido.bsvgateway.org/api/locations/113309883/",-75.6891521001872,-75.6891521001872,42.9902482242734,"Measles"
"97615058.1998",2018-12-29,2018-12-28,1,97615058,"39","97615058","P1D","http://aido.bsvgateway.org/api/locations/97615058/","New York","New York, United States of America","State","http://aido.bsvgateway.org/api/locations/113309883/",42.9902482242734,-75.6891521001872,42.9902482242734,"Measles"
"97615058.1999",2018-12-30,2018-12-29,2,97615058,"39","97615058","P1D","http://aido.bsvgateway.org/api/locations/97615058/","New York","New York, United States of America","State","http://aido.bsvgateway.org/api/locations/113309883/",-75.6891521001872,-75.6891521001872,42.9902482242734,"Measles"
"97615058.2000",2018-12-31,2018-12-30,1,97615058,"39","97615058","P1D","http://aido.bsvgateway.org/api/locations/97615058/","New York","New York, United States of America","State","http://aido.bsvgateway.org/api/locations/113309883/",42.9902482242734,-75.6891521001872,42.9902482242734,"Measles"
"97615058.2001",2019-01-01,2018-12-31,0,97615058,"39","97615058","P1D","http://aido.bsvgateway.org/api/locations/97615058/","New York","New York, United States of America","State","http://aido.bsvgateway.org/api/locations/113309883/",-75.6891521001872,-75.6891521001872,42.9902482242734,"Measles"
"97615058.2002",2019-01-02,2019-01-01,1,97615058,"39","97615058","P1D","http://aido.bsvgateway.org/api/locations/97615058/","New York","New York, United States of America","State","http://aido.bsvgateway.org/api/locations/113309883/",42.9902482242734,-75.6891521001872,42.9902482242734,"Measles"
"97615058.2003",2019-01-03,2019-01-02,1,97615058,"39","97615058","P1D","http://aido.bsvgateway.org/api/locations/97615058/","New York","New York, United States of America","State","http://aido.bsvgateway.org/api/locations/113309883/",-75.6891521001872,-75.6891521001872,42.9902482242734,"Measles"
"97615058.2004",2019-01-04,2019-01-03,1,97615058,"39","97615058","P1D","http://aido.bsvgateway.org/api/locations/97615058/","New York","New York, United States of America","State","http://aido.bsvgateway.org/api/locations/113309883/",42.9902482242734,-75.6891521001872,42.9902482242734,"Measles"
"97615058.2005",2019-01-05,2019-01-04,0,97615058,"39","97615058","P1D","http://aido.bsvgateway.org/api/locations/97615058/","New York","New York, United States of America","State","http://aido.bsvgateway.org/api/locations/113309883/",-75.6891521001872,-75.6891521001872,42.9902482242734,"Measles"
"97615058.2006",2019-01-06,2019-01-05,1,97615058,"39","97615058","P1D","http://aido.bsvgateway.org/api/locations/97615058/","New York","New York, United States of America","State","http://aido.bsvgateway.org/api/locations/113309883/",42.9902482242734,-75.6891521001872,42.9902482242734,"Measles"
"97615058.2007",2019-01-07,2019-01-06,5,97615058,"39","97615058","P1D","http://aido.bsvgateway.org/api/locations/97615058/","New York","New York, United States of America","State","http://aido.bsvgateway.org/api/locations/113309883/",-75.6891521001872,-75.6891521001872,42.9902482242734,"Measles"
"97615058.2008",2019-01-08,2019-01-07,3,97615058,"39","97615058","P1D","http://aido.bsvgateway.org/api/locations/97615058/","New York","New York, United States of America","State","http://aido.bsvgateway.org/api/locations/113309883/",42.9902482242734,-75.6891521001872,42.9902482242734,"Measles"
"97615058.2009",2019-01-09,2019-01-08,2,97615058,"39","97615058","P1D","http://aido.bsvgateway.org/api/locations/97615058/","New York","New York, United States of America","State","http://aido.bsvgateway.org/api/locations/113309883/",-75.6891521001872,-75.6891521001872,42.9902482242734,"Measles"
"97615058.2010",2019-01-10,2019-01-09,0,97615058,"39","97615058","P1D","http://aido.bsvgateway.org/api/locations/97615058/","New York","New York, United States of America","State","http://aido.bsvgateway.org/api/locations/113309883/",42.9902482242734,-75.6891521001872,42.9902482242734,"Measles"
"97615058.2011",2019-01-11,2019-01-10,0,97615058,"39","97615058","P1D","http://aido.bsvgateway.org/api/locations/97615058/","New York","New York, United States of America","State","http://aido.bsvgateway.org/api/locations/113309883/",-75.6891521001872,-75.6891521001872,42.9902482242734,"Measles"
"97615058.2012",2019-01-12,2019-01-11,0,97615058,"39","97615058","P1D","http://aido.bsvgateway.org/api/locations/97615058/","New York","New York, United States of America","State","http://aido.bsvgateway.org/api/locations/113309883/",42.9902482242734,-75.6891521001872,42.9902482242734,"Measles"
"97615058.2013",2019-01-13,2019-01-12,1,97615058,"39","97615058","P1D","http://aido.bsvgateway.org/api/locations/97615058/","New York","New York, United States of America","State","http://aido.bsvgateway.org/api/locations/113309883/",-75.6891521001872,-75.6891521001872,42.9902482242734,"Measles"
"97615058.2014",2019-01-14,2019-01-13,0,97615058,"39","97615058","P1D","http://aido.bsvgateway.org/api/locations/97615058/","New York","New York, United States of America","State","http://aido.bsvgateway.org/api/locations/113309883/",42.9902482242734,-75.6891521001872,42.9902482242734,"Measles"
"97615058.2015",2019-01-15,2019-01-14,0,97615058,"39","97615058","P1D","http://aido.bsvgateway.org/api/locations/97615058/","New York","New York, United States of America","State","http://aido.bsvgateway.org/api/locations/113309883/",-75.6891521001872,-75.6891521001872,42.9902482242734,"Measles"
"97615058.2016",2019-01-16,2019-01-15,0,97615058,"39","97615058","P1D","http://aido.bsvgateway.org/api/locations/97615058/","New York","New York, United States of America","State","http://aido.bsvgateway.org/api/locations/113309883/",42.9902482242734,-75.6891521001872,42.9902482242734,"Measles"
"97615058.2017",2019-01-17,2019-01-16,2,97615058,"39","97615058","P1D","http://aido.bsvgateway.org/api/locations/97615058/","New York","New York, United States of America","State","http://aido.bsvgateway.org/api/locations/113309883/",-75.6891521001872,-75.6891521001872,42.9902482242734,"Measles"
"97615058.2018",2019-01-18,2019-01-17,3,97615058,"39","97615058","P1D","http://aido.bsvgateway.org/api/locations/97615058/","New York","New York, United States of America","State","http://aido.bsvgateway.org/api/locations/113309883/",42.9902482242734,-75.6891521001872,42.9902482242734,"Measles"
"97615058.2019",2019-01-19,2019-01-18,0,97615058,"39","97615058","P1D","http://aido.bsvgateway.org/api/locations/97615058/","New York","New York, United States of America","State","http://aido.bsvgateway.org/api/locations/113309883/",-75.6891521001872,-75.6891521001872,42.9902482242734,"Measles"
"97615058.2020",2019-01-20,2019-01-19,2,97615058,"39","97615058","P1D","http://aido.bsvgateway.org/api/locations/97615058/","New York","New York, United States of America","State","http://aido.bsvgateway.org/api/locations/113309883/",42.9902482242734,-75.6891521001872,42.9902482242734,"Measles"
"97615058.2021",2019-01-21,2019-01-20,1,97615058,"39","97615058","P1D","http://aido.bsvgateway.org/api/locations/97615058/","New York","New York, United States of America","State","http://aido.bsvgateway.org/api/locations/113309883/",-75.6891521001872,-75.6891521001872,42.9902482242734,"Measles"
"97615058.2022",2019-01-22,2019-01-21,2,97615058,"39","97615058","P1D","http://aido.bsvgateway.org/api/locations/97615058/","New York","New York, United States of America","State","http://aido.bsvgateway.org/api/locations/113309883/",42.9902482242734,-75.6891521001872,42.9902482242734,"Measles"
"97615058.2023",2019-01-23,2019-01-22,0,97615058,"39","97615058","P1D","http://aido.bsvgateway.org/api/locations/97615058/","New York","New York, United States of America","State","http://aido.bsvgateway.org/api/locations/113309883/",-75.6891521001872,-75.6891521001872,42.9902482242734,"Measles"
"97615058.2024",2019-01-24,2019-01-23,1,97615058,"39","97615058","P1D","http://aido.bsvgateway.org/api/locations/97615058/","New York","New York, United States of America","State","http://aido.bsvgateway.org/api/locations/113309883/",42.9902482242734,-75.6891521001872,42.9902482242734,"Measles"
"97615058.2025",2019-01-25,2019-01-24,0,97615058,"39","97615058","P1D","http://aido.bsvgateway.org/api/locations/97615058/","New York","New York, United States of America","State","http://aido.bsvgateway.org/api/locations/113309883/",-75.6891521001872,-75.6891521001872,42.9902482242734,"Measles"
"97615058.2026",2019-01-26,2019-01-25,0,97615058,"39","97615058","P1D","http://aido.bsvgateway.org/api/locations/97615058/","New York","New York, United States of America","State","http://aido.bsvgateway.org/api/locations/113309883/",42.9902482242734,-75.6891521001872,42.9902482242734,"Measles"
"97615058.2027",2019-01-27,2019-01-26,2,97615058,"39","97615058","P1D","http://aido.bsvgateway.org/api/locations/97615058/","New York","New York, United States of America","State","http://aido.bsvgateway.org/api/locations/113309883/",-75.6891521001872,-75.6891521001872,42.9902482242734,"Measles"
"97615058.2028",2019-01-28,2019-01-27,0,97615058,"39","97615058","P1D","http://aido.bsvgateway.org/api/locations/97615058/","New York","New York, United States of America","State","http://aido.bsvgateway.org/api/locations/113309883/",42.9902482242734,-75.6891521001872,42.9902482242734,"Measles"
"97615058.2029",2019-01-29,2019-01-28,0,97615058,"39","97615058","P1D","http://aido.bsvgateway.org/api/locations/97615058/","New York","New York, United States of America","State","http://aido.bsvgateway.org/api/locations/113309883/",-75.6891521001872,-75.6891521001872,42.9902482242734,"Measles"
"97615058.2030",2019-01-30,2019-01-29,0,97615058,"39","97615058","P1D","http://aido.bsvgateway.org/api/locations/97615058/","New York","New York, United States of America","State","http://aido.bsvgateway.org/api/locations/113309883/",42.9902482242734,-75.6891521001872,42.9902482242734,"Measles"
"97615058.2031",2019-01-31,2019-01-30,0,97615058,"39","97615058","P1D","http://aido.bsvgateway.org/api/locations/97615058/","New York","New York, United States of America","State","http://aido.bsvgateway.org/api/locations/113309883/",-75.6891521001872,-75.6891521001872,42.9902482242734,"Measles"
"97615058.2032",2019-02-01,2019-01-31,0,97615058,"39","97615058","P1D","http://aido.bsvgateway.org/api/locations/97615058/","New York","New York, United States of America","State","http://aido.bsvgateway.org/api/locations/113309883/",42.9902482242734,-75.6891521001872,42.9902482242734,"Measles"
"97615058.2033",2019-02-02,2019-02-01,0,97615058,"39","97615058","P1D","http://aido.bsvgateway.org/api/locations/97615058/","New York","New York, United States of America","State","http://aido.bsvgateway.org/api/locations/113309883/",-75.6891521001872,-75.6891521001872,42.9902482242734,"Measles"
"97615058.2034",2019-02-03,2019-02-02,0,97615058,"39","97615058","P1D","http://aido.bsvgateway.org/api/locations/97615058/","New York","New York, United States of America","State","http://aido.bsvgateway.org/api/locations/113309883/",42.9902482242734,-75.6891521001872,42.9902482242734,"Measles"
"97615058.2035",2019-02-04,2019-02-03,0,97615058,"39","97615058","P1D","http://aido.bsvgateway.org/api/locations/97615058/","New York","New York, United States of America","State","http://aido.bsvgateway.org/api/locations/113309883/",-75.6891521001872,-75.6891521001872,42.9902482242734,"Measles"
"97615058.2036",2019-02-05,2019-02-04,0,97615058,"39","97615058","P1D","http://aido.bsvgateway.org/api/locations/97615058/","New York","New York, United States of America","State","http://aido.bsvgateway.org/api/locations/113309883/",42.9902482242734,-75.6891521001872,42.9902482242734,"Measles"
"97615058.2037",2019-02-06,2019-02-05,0,97615058,"39","97615058","P1D","http://aido.bsvgateway.org/api/locations/97615058/","New York","New York, United States of America","State","http://aido.bsvgateway.org/api/locations/113309883/",-75.6891521001872,-75.6891521001872,42.9902482242734,"Measles"
"97615058.2038",2019-02-07,2019-02-06,1,97615058,"39","97615058","P1D","http://aido.bsvgateway.org/api/locations/97615058/","New York","New York, United States of America","State","http://aido.bsvgateway.org/api/locations/113309883/",42.9902482242734,-75.6891521001872,42.9902482242734,"Measles"
"97615058.2039",2019-02-08,2019-02-07,0,97615058,"39","97615058","P1D","http://aido.bsvgateway.org/api/locations/97615058/","New York","New York, United States of America","State","http://aido.bsvgateway.org/api/locations/113309883/",-75.6891521001872,-75.6891521001872,42.9902482242734,"Measles"
"97615058.2040",2019-02-09,2019-02-08,1,97615058,"39","97615058","P1D","http://aido.bsvgateway.org/api/locations/97615058/","New York","New York, United States of America","State","http://aido.bsvgateway.org/api/locations/113309883/",42.9902482242734,-75.6891521001872,42.9902482242734,"Measles"
"97615058.2041",2019-02-10,2019-02-09,0,97615058,"39","97615058","P1D","http://aido.bsvgateway.org/api/locations/97615058/","New York","New York, United States of America","State","http://aido.bsvgateway.org/api/locations/113309883/",-75.6891521001872,-75.6891521001872,42.9902482242734,"Measles"
"97615058.2042",2019-02-11,2019-02-10,1,97615058,"39","97615058","P1D","http://aido.bsvgateway.org/api/locations/97615058/","New York","New York, United States of America","State","http://aido.bsvgateway.org/api/locations/113309883/",42.9902482242734,-75.6891521001872,42.9902482242734,"Measles"
"97615058.2043",2019-02-12,2019-02-11,1,97615058,"39","97615058","P1D","http://aido.bsvgateway.org/api/locations/97615058/","New York","New York, United States of America","State","http://aido.bsvgateway.org/api/locations/113309883/",-75.6891521001872,-75.6891521001872,42.9902482242734,"Measles"
"97615058.2044",2019-02-13,2019-02-12,1,97615058,"39","97615058","P1D","http://aido.bsvgateway.org/api/locations/97615058/","New York","New York, United States of America","State","http://aido.bsvgateway.org/api/locations/113309883/",42.9902482242734,-75.6891521001872,42.9902482242734,"Measles"
"97615058.2045",2019-02-14,2019-02-13,0,97615058,"39","97615058","P1D","http://aido.bsvgateway.org/api/locations/97615058/","New York","New York, United States of America","State","http://aido.bsvgateway.org/api/locations/113309883/",-75.6891521001872,-75.6891521001872,42.9902482242734,"Measles"
"97615058.2046",2019-02-15,2019-02-14,1,97615058,"39","97615058","P1D","http://aido.bsvgateway.org/api/locations/97615058/","New York","New York, United States of America","State","http://aido.bsvgateway.org/api/locations/113309883/",42.9902482242734,-75.6891521001872,42.9902482242734,"Measles"
"97615058.2047",2019-02-16,2019-02-15,0,97615058,"39","97615058","P1D","http://aido.bsvgateway.org/api/locations/97615058/","New York","New York, United States of America","State","http://aido.bsvgateway.org/api/locations/113309883/",-75.6891521001872,-75.6891521001872,42.9902482242734,"Measles"
"97615058.2048",2019-02-17,2019-02-16,0,97615058,"39","97615058","P1D","http://aido.bsvgateway.org/api/locations/97615058/","New York","New York, United States of America","State","http://aido.bsvgateway.org/api/locations/113309883/",42.9902482242734,-75.6891521001872,42.9902482242734,"Measles"
"97615058.2049",2019-02-18,2019-02-17,0,97615058,"39","97615058","P1D","http://aido.bsvgateway.org/api/locations/97615058/","New York","New York, United States of America","State","http://aido.bsvgateway.org/api/locations/113309883/",-75.6891521001872,-75.6891521001872,42.9902482242734,"Measles"
"97615058.2050",2019-02-19,2019-02-18,0,97615058,"39","97615058","P1D","http://aido.bsvgateway.org/api/locations/97615058/","New York","New York, United States of America","State","http://aido.bsvgateway.org/api/locations/113309883/",42.9902482242734,-75.6891521001872,42.9902482242734,"Measles"
"97615058.2051",2019-02-20,2019-02-19,1,97615058,"39","97615058","P1D","http://aido.bsvgateway.org/api/locations/97615058/","New York","New York, United States of America","State","http://aido.bsvgateway.org/api/locations/113309883/",-75.6891521001872,-75.6891521001872,42.9902482242734,"Measles"
"97615058.2052",2019-02-21,2019-02-20,0,97615058,"39","97615058","P1D","http://aido.bsvgateway.org/api/locations/97615058/","New York","New York, United States of America","State","http://aido.bsvgateway.org/api/locations/113309883/",42.9902482242734,-75.6891521001872,42.9902482242734,"Measles"
"97615058.2053",2019-02-22,2019-02-21,0,97615058,"39","97615058","P1D","http://aido.bsvgateway.org/api/locations/97615058/","New York","New York, United States of America","State","http://aido.bsvgateway.org/api/locations/113309883/",-75.6891521001872,-75.6891521001872,42.9902482242734,"Measles"
"97615058.2054",2019-02-23,2019-02-22,0,97615058,"39","97615058","P1D","http://aido.bsvgateway.org/api/locations/97615058/","New York","New York, United States of America","State","http://aido.bsvgateway.org/api/locations/113309883/",42.9902482242734,-75.6891521001872,42.9902482242734,"Measles"
"97615058.2055",2019-02-24,2019-02-23,0,97615058,"39","97615058","P1D","http://aido.bsvgateway.org/api/locations/97615058/","New York","New York, United States of America","State","http://aido.bsvgateway.org/api/locations/113309883/",-75.6891521001872,-75.6891521001872,42.9902482242734,"Measles"
"97615058.2056",2019-02-25,2019-02-24,0,97615058,"39","97615058","P1D","http://aido.bsvgateway.org/api/locations/97615058/","New York","New York, United States of America","State","http://aido.bsvgateway.org/api/locations/113309883/",42.9902482242734,-75.6891521001872,42.9902482242734,"Measles"
"97615058.2057",2019-02-26,2019-02-25,1,97615058,"39","97615058","P1D","http://aido.bsvgateway.org/api/locations/97615058/","New York","New York, United States of America","State","http://aido.bsvgateway.org/api/locations/113309883/",-75.6891521001872,-75.6891521001872,42.9902482242734,"Measles"
"97615058.2058",2019-02-27,2019-02-26,0,97615058,"39","97615058","P1D","http://aido.bsvgateway.org/api/locations/97615058/","New York","New York, United States of America","State","http://aido.bsvgateway.org/api/locations/113309883/",42.9902482242734,-75.6891521001872,42.9902482242734,"Measles"
"97615058.2059",2019-02-28,2019-02-27,0,97615058,"39","97615058","P1D","http://aido.bsvgateway.org/api/locations/97615058/","New York","New York, United States of America","State","http://aido.bsvgateway.org/api/locations/113309883/",-75.6891521001872,-75.6891521001872,42.9902482242734,"Measles"
"97615058.2060",2019-03-01,2019-02-28,0,97615058,"39","97615058","P1D","http://aido.bsvgateway.org/api/locations/97615058/","New York","New York, United States of America","State","http://aido.bsvgateway.org/api/locations/113309883/",42.9902482242734,-75.6891521001872,42.9902482242734,"Measles"
"97615058.2061",2019-03-02,2019-03-01,1,97615058,"39","97615058","P1D","http://aido.bsvgateway.org/api/locations/97615058/","New York","New York, United States of America","State","http://aido.bsvgateway.org/api/locations/113309883/",-75.6891521001872,-75.6891521001872,42.9902482242734,"Measles"
"97615058.2062",2019-03-03,2019-03-02,2,97615058,"39","97615058","P1D","http://aido.bsvgateway.org/api/locations/97615058/","New York","New York, United States of America","State","http://aido.bsvgateway.org/api/locations/113309883/",42.9902482242734,-75.6891521001872,42.9902482242734,"Measles"
"97615058.2063",2019-03-04,2019-03-03,3,97615058,"39","97615058","P1D","http://aido.bsvgateway.org/api/locations/97615058/","New York","New York, United States of America","State","http://aido.bsvgateway.org/api/locations/113309883/",-75.6891521001872,-75.6891521001872,42.9902482242734,"Measles"
"97615058.2064",2019-03-05,2019-03-04,0,97615058,"39","97615058","P1D","http://aido.bsvgateway.org/api/locations/97615058/","New York","New York, United States of America","State","http://aido.bsvgateway.org/api/locations/113309883/",42.9902482242734,-75.6891521001872,42.9902482242734,"Measles"
"97615058.2065",2019-03-06,2019-03-05,0,97615058,"39","97615058","P1D","http://aido.bsvgateway.org/api/locations/97615058/","New York","New York, United States of America","State","http://aido.bsvgateway.org/api/locations/113309883/",-75.6891521001872,-75.6891521001872,42.9902482242734,"Measles"
"97615058.2066",2019-03-07,2019-03-06,1,97615058,"39","97615058","P1D","http://aido.bsvgateway.org/api/locations/97615058/","New York","New York, United States of America","State","http://aido.bsvgateway.org/api/locations/113309883/",42.9902482242734,-75.6891521001872,42.9902482242734,"Measles"
"97615058.2067",2019-03-08,2019-03-07,1,97615058,"39","97615058","P1D","http://aido.bsvgateway.org/api/locations/97615058/","New York","New York, United States of America","State","http://aido.bsvgateway.org/api/locations/113309883/",-75.6891521001872,-75.6891521001872,42.9902482242734,"Measles"
"97615058.2068",2019-03-09,2019-03-08,2,97615058,"39","97615058","P1D","http://aido.bsvgateway.org/api/locations/97615058/","New York","New York, United States of America","State","http://aido.bsvgateway.org/api/locations/113309883/",42.9902482242734,-75.6891521001872,42.9902482242734,"Measles"
"97615058.2069",2019-03-10,2019-03-09,2,97615058,"39","97615058","P1D","http://aido.bsvgateway.org/api/locations/97615058/","New York","New York, United States of America","State","http://aido.bsvgateway.org/api/locations/113309883/",-75.6891521001872,-75.6891521001872,42.9902482242734,"Measles"
"97615058.2070",2019-03-11,2019-03-10,0,97615058,"39","97615058","P1D","http://aido.bsvgateway.org/api/locations/97615058/","New York","New York, United States of America","State","http://aido.bsvgateway.org/api/locations/113309883/",42.9902482242734,-75.6891521001872,42.9902482242734,"Measles"
"97615058.2071",2019-03-12,2019-03-11,1,97615058,"39","97615058","P1D","http://aido.bsvgateway.org/api/locations/97615058/","New York","New York, United States of America","State","http://aido.bsvgateway.org/api/locations/113309883/",-75.6891521001872,-75.6891521001872,42.9902482242734,"Measles"
"97615058.2072",2019-03-13,2019-03-12,0,97615058,"39","97615058","P1D","http://aido.bsvgateway.org/api/locations/97615058/","New York","New York, United States of America","State","http://aido.bsvgateway.org/api/locations/113309883/",42.9902482242734,-75.6891521001872,42.9902482242734,"Measles"
"97615058.2073",2019-03-14,2019-03-13,0,97615058,"39","97615058","P1D","http://aido.bsvgateway.org/api/locations/97615058/","New York","New York, United States of America","State","http://aido.bsvgateway.org/api/locations/113309883/",-75.6891521001872,-75.6891521001872,42.9902482242734,"Measles"
"97615058.2074",2019-03-15,2019-03-14,3,97615058,"39","97615058","P1D","http://aido.bsvgateway.org/api/locations/97615058/","New York","New York, United States of America","State","http://aido.bsvgateway.org/api/locations/113309883/",42.9902482242734,-75.6891521001872,42.9902482242734,"Measles"
"97615058.2075",2019-03-16,2019-03-15,0,97615058,"39","97615058","P1D","http://aido.bsvgateway.org/api/locations/97615058/","New York","New York, United States of America","State","http://aido.bsvgateway.org/api/locations/113309883/",-75.6891521001872,-75.6891521001872,42.9902482242734,"Measles"
"97615058.2076",2019-03-17,2019-03-16,1,97615058,"39","97615058","P1D","http://aido.bsvgateway.org/api/locations/97615058/","New York","New York, United States of America","State","http://aido.bsvgateway.org/api/locations/113309883/",42.9902482242734,-75.6891521001872,42.9902482242734,"Measles"
"97615058.2077",2019-03-18,2019-03-17,0,97615058,"39","97615058","P1D","http://aido.bsvgateway.org/api/locations/97615058/","New York","New York, United States of America","State","http://aido.bsvgateway.org/api/locations/113309883/",-75.6891521001872,-75.6891521001872,42.9902482242734,"Measles"
"97615058.2078",2019-03-19,2019-03-18,1,97615058,"39","97615058","P1D","http://aido.bsvgateway.org/api/locations/97615058/","New York","New York, United States of America","State","http://aido.bsvgateway.org/api/locations/113309883/",42.9902482242734,-75.6891521001872,42.9902482242734,"Measles"
"97615058.2079",2019-03-20,2019-03-19,1,97615058,"39","97615058","P1D","http://aido.bsvgateway.org/api/locations/97615058/","New York","New York, United States of America","State","http://aido.bsvgateway.org/api/locations/113309883/",-75.6891521001872,-75.6891521001872,42.9902482242734,"Measles"
"97615058.2080",2019-03-21,2019-03-20,1,97615058,"39","97615058","P1D","http://aido.bsvgateway.org/api/locations/97615058/","New York","New York, United States of America","State","http://aido.bsvgateway.org/api/locations/113309883/",42.9902482242734,-75.6891521001872,42.9902482242734,"Measles"
"97615058.2081",2019-03-22,2019-03-21,3,97615058,"39","97615058","P1D","http://aido.bsvgateway.org/api/locations/97615058/","New York","New York, United States of America","State","http://aido.bsvgateway.org/api/locations/113309883/",-75.6891521001872,-75.6891521001872,42.9902482242734,"Measles"
"97615058.2082",2019-03-23,2019-03-22,1,97615058,"39","97615058","P1D","http://aido.bsvgateway.org/api/locations/97615058/","New York","New York, United States of America","State","http://aido.bsvgateway.org/api/locations/113309883/",42.9902482242734,-75.6891521001872,42.9902482242734,"Measles"
"97615058.2083",2019-03-24,2019-03-23,3,97615058,"39","97615058","P1D","http://aido.bsvgateway.org/api/locations/97615058/","New York","New York, United States of America","State","http://aido.bsvgateway.org/api/locations/113309883/",-75.6891521001872,-75.6891521001872,42.9902482242734,"Measles"
"97615058.2084",2019-03-25,2019-03-24,2,97615058,"39","97615058","P1D","http://aido.bsvgateway.org/api/locations/97615058/","New York","New York, United States of America","State","http://aido.bsvgateway.org/api/locations/113309883/",42.9902482242734,-75.6891521001872,42.9902482242734,"Measles"
"97615058.2085",2019-03-26,2019-03-25,1,97615058,"39","97615058","P1D","http://aido.bsvgateway.org/api/locations/97615058/","New York","New York, United States of America","State","http://aido.bsvgateway.org/api/locations/113309883/",-75.6891521001872,-75.6891521001872,42.9902482242734,"Measles"
"97615058.2086",2019-03-27,2019-03-26,0,97615058,"39","97615058","P1D","http://aido.bsvgateway.org/api/locations/97615058/","New York","New York, United States of America","State","http://aido.bsvgateway.org/api/locations/113309883/",42.9902482242734,-75.6891521001872,42.9902482242734,"Measles"
"97615058.2087",2019-03-28,2019-03-27,3,97615058,"39","97615058","P1D","http://aido.bsvgateway.org/api/locations/97615058/","New York","New York, United States of America","State","http://aido.bsvgateway.org/api/locations/113309883/",-75.6891521001872,-75.6891521001872,42.9902482242734,"Measles"
"97615058.2088",2019-03-29,2019-03-28,1,97615058,"39","97615058","P1D","http://aido.bsvgateway.org/api/locations/97615058/","New York","New York, United States of America","State","http://aido.bsvgateway.org/api/locations/113309883/",42.9902482242734,-75.6891521001872,42.9902482242734,"Measles"
"97615058.2089",2019-03-30,2019-03-29,2,97615058,"39","97615058","P1D","http://aido.bsvgateway.org/api/locations/97615058/","New York","New York, United States of America","State","http://aido.bsvgateway.org/api/locations/113309883/",-75.6891521001872,-75.6891521001872,42.9902482242734,"Measles"
"97615058.2090",2019-03-31,2019-03-30,5,97615058,"39","97615058","P1D","http://aido.bsvgateway.org/api/locations/97615058/","New York","New York, United States of America","State","http://aido.bsvgateway.org/api/locations/113309883/",42.9902482242734,-75.6891521001872,42.9902482242734,"Measles"
"97615058.2091",2019-04-01,2019-03-31,0,97615058,"39","97615058","P1D","http://aido.bsvgateway.org/api/locations/97615058/","New York","New York, United States of America","State","http://aido.bsvgateway.org/api/locations/113309883/",-75.6891521001872,-75.6891521001872,42.9902482242734,"Measles"
"97615058.2092",2019-04-02,2019-04-01,4,97615058,"39","97615058","P1D","http://aido.bsvgateway.org/api/locations/97615058/","New York","New York, United States of America","State","http://aido.bsvgateway.org/api/locations/113309883/",42.9902482242734,-75.6891521001872,42.9902482242734,"Measles"
"97615058.2093",2019-04-03,2019-04-02,4,97615058,"39","97615058","P1D","http://aido.bsvgateway.org/api/locations/97615058/","New York","New York, United States of America","State","http://aido.bsvgateway.org/api/locations/113309883/",-75.6891521001872,-75.6891521001872,42.9902482242734,"Measles"
"97615058.2094",2019-04-04,2019-04-03,2,97615058,"39","97615058","P1D","http://aido.bsvgateway.org/api/locations/97615058/","New York","New York, United States of America","State","http://aido.bsvgateway.org/api/locations/113309883/",42.9902482242734,-75.6891521001872,42.9902482242734,"Measles"
"97615058.2095",2019-04-05,2019-04-04,1,97615058,"39","97615058","P1D","http://aido.bsvgateway.org/api/locations/97615058/","New York","New York, United States of America","State","http://aido.bsvgateway.org/api/locations/113309883/",-75.6891521001872,-75.6891521001872,42.9902482242734,"Measles"
"97615058.2096",2019-04-06,2019-04-05,2,97615058,"39","97615058","P1D","http://aido.bsvgateway.org/api/locations/97615058/","New York","New York, United States of America","State","http://aido.bsvgateway.org/api/locations/113309883/",42.9902482242734,-75.6891521001872,42.9902482242734,"Measles"
"97615058.2097",2019-04-07,2019-04-06,3,97615058,"39","97615058","P1D","http://aido.bsvgateway.org/api/locations/97615058/","New York","New York, United States of America","State","http://aido.bsvgateway.org/api/locations/113309883/",-75.6891521001872,-75.6891521001872,42.9902482242734,"Measles"
"97615058.2098",2019-04-08,2019-04-07,4,97615058,"39","97615058","P1D","http://aido.bsvgateway.org/api/locations/97615058/","New York","New York, United States of America","State","http://aido.bsvgateway.org/api/locations/113309883/",42.9902482242734,-75.6891521001872,42.9902482242734,"Measles"
"97615058.2099",2019-04-09,2019-04-08,1,97615058,"39","97615058","P1D","http://aido.bsvgateway.org/api/locations/97615058/","New York","New York, United States of America","State","http://aido.bsvgateway.org/api/locations/113309883/",-75.6891521001872,-75.6891521001872,42.9902482242734,"Measles"
"97615058.2100",2019-04-10,2019-04-09,4,97615058,"39","97615058","P1D","http://aido.bsvgateway.org/api/locations/97615058/","New York","New York, United States of America","State","http://aido.bsvgateway.org/api/locations/113309883/",42.9902482242734,-75.6891521001872,42.9902482242734,"Measles"
"97615058.2101",2019-04-11,2019-04-10,1,97615058,"39","97615058","P1D","http://aido.bsvgateway.org/api/locations/97615058/","New York","New York, United States of America","State","http://aido.bsvgateway.org/api/locations/113309883/",-75.6891521001872,-75.6891521001872,42.9902482242734,"Measles"
"97615058.2102",2019-04-12,2019-04-11,3,97615058,"39","97615058","P1D","http://aido.bsvgateway.org/api/locations/97615058/","New York","New York, United States of America","State","http://aido.bsvgateway.org/api/locations/113309883/",42.9902482242734,-75.6891521001872,42.9902482242734,"Measles"
"97615058.2103",2019-04-13,2019-04-12,2,97615058,"39","97615058","P1D","http://aido.bsvgateway.org/api/locations/97615058/","New York","New York, United States of America","State","http://aido.bsvgateway.org/api/locations/113309883/",-75.6891521001872,-75.6891521001872,42.9902482242734,"Measles"
"97615058.2104",2019-04-14,2019-04-13,1,97615058,"39","97615058","P1D","http://aido.bsvgateway.org/api/locations/97615058/","New York","New York, United States of America","State","http://aido.bsvgateway.org/api/locations/113309883/",42.9902482242734,-75.6891521001872,42.9902482242734,"Measles"
"97615058.2105",2019-04-15,2019-04-14,0,97615058,"39","97615058","P1D","http://aido.bsvgateway.org/api/locations/97615058/","New York","New York, United States of America","State","http://aido.bsvgateway.org/api/locations/113309883/",-75.6891521001872,-75.6891521001872,42.9902482242734,"Measles"
"97615058.2106",2019-04-16,2019-04-15,1,97615058,"39","97615058","P1D","http://aido.bsvgateway.org/api/locations/97615058/","New York","New York, United States of America","State","http://aido.bsvgateway.org/api/locations/113309883/",42.9902482242734,-75.6891521001872,42.9902482242734,"Measles"
"97615058.2107",2019-04-17,2019-04-16,2,97615058,"39","97615058","P1D","http://aido.bsvgateway.org/api/locations/97615058/","New York","New York, United States of America","State","http://aido.bsvgateway.org/api/locations/113309883/",-75.6891521001872,-75.6891521001872,42.9902482242734,"Measles"
"97615058.2108",2019-04-18,2019-04-17,1,97615058,"39","97615058","P1D","http://aido.bsvgateway.org/api/locations/97615058/","New York","New York, United States of America","State","http://aido.bsvgateway.org/api/locations/113309883/",42.9902482242734,-75.6891521001872,42.9902482242734,"Measles"
"97615058.2109",2019-04-19,2019-04-18,3,97615058,"39","97615058","P1D","http://aido.bsvgateway.org/api/locations/97615058/","New York","New York, United States of America","State","http://aido.bsvgateway.org/api/locations/113309883/",-75.6891521001872,-75.6891521001872,42.9902482242734,"Measles"
"97615058.2110",2019-04-20,2019-04-19,2,97615058,"39","97615058","P1D","http://aido.bsvgateway.org/api/locations/97615058/","New York","New York, United States of America","State","http://aido.bsvgateway.org/api/locations/113309883/",42.9902482242734,-75.6891521001872,42.9902482242734,"Measles"
"97615058.2111",2019-04-21,2019-04-20,0,97615058,"39","97615058","P1D","http://aido.bsvgateway.org/api/locations/97615058/","New York","New York, United States of America","State","http://aido.bsvgateway.org/api/locations/113309883/",-75.6891521001872,-75.6891521001872,42.9902482242734,"Measles"
"97615058.2112",2019-04-22,2019-04-21,1,97615058,"39","97615058","P1D","http://aido.bsvgateway.org/api/locations/97615058/","New York","New York, United States of America","State","http://aido.bsvgateway.org/api/locations/113309883/",42.9902482242734,-75.6891521001872,42.9902482242734,"Measles"
"97615058.2113",2019-04-23,2019-04-22,1,97615058,"39","97615058","P1D","http://aido.bsvgateway.org/api/locations/97615058/","New York","New York, United States of America","State","http://aido.bsvgateway.org/api/locations/113309883/",-75.6891521001872,-75.6891521001872,42.9902482242734,"Measles"
"97615058.2114",2019-04-24,2019-04-23,1,97615058,"39","97615058","P1D","http://aido.bsvgateway.org/api/locations/97615058/","New York","New York, United States of America","State","http://aido.bsvgateway.org/api/locations/113309883/",42.9902482242734,-75.6891521001872,42.9902482242734,"Measles"
"97615058.2115",2019-04-25,2019-04-24,0,97615058,"39","97615058","P1D","http://aido.bsvgateway.org/api/locations/97615058/","New York","New York, United States of America","State","http://aido.bsvgateway.org/api/locations/113309883/",-75.6891521001872,-75.6891521001872,42.9902482242734,"Measles"
"97615058.2116",2019-04-26,2019-04-25,1,97615058,"39","97615058","P1D","http://aido.bsvgateway.org/api/locations/97615058/","New York","New York, United States of America","State","http://aido.bsvgateway.org/api/locations/113309883/",42.9902482242734,-75.6891521001872,42.9902482242734,"Measles"
"97615058.2117",2019-04-27,2019-04-26,0,97615058,"39","97615058","P1D","http://aido.bsvgateway.org/api/locations/97615058/","New York","New York, United States of America","State","http://aido.bsvgateway.org/api/locations/113309883/",-75.6891521001872,-75.6891521001872,42.9902482242734,"Measles"
"97615058.2118",2019-04-28,2019-04-27,0,97615058,"39","97615058","P1D","http://aido.bsvgateway.org/api/locations/97615058/","New York","New York, United States of America","State","http://aido.bsvgateway.org/api/locations/113309883/",42.9902482242734,-75.6891521001872,42.9902482242734,"Measles"
"97615058.2119",2019-04-29,2019-04-28,0,97615058,"39","97615058","P1D","http://aido.bsvgateway.org/api/locations/97615058/","New York","New York, United States of America","State","http://aido.bsvgateway.org/api/locations/113309883/",-75.6891521001872,-75.6891521001872,42.9902482242734,"Measles"
"97615058.2120",2019-04-30,2019-04-29,0,97615058,"39","97615058","P1D","http://aido.bsvgateway.org/api/locations/97615058/","New York","New York, United States of America","State","http://aido.bsvgateway.org/api/locations/113309883/",42.9902482242734,-75.6891521001872,42.9902482242734,"Measles"
"97615058.2121",2019-05-01,2019-04-30,1,97615058,"39","97615058","P1D","http://aido.bsvgateway.org/api/locations/97615058/","New York","New York, United States of America","State","http://aido.bsvgateway.org/api/locations/113309883/",-75.6891521001872,-75.6891521001872,42.9902482242734,"Measles"
"97615058.2122",2013-03-10,2013-03-09,1,97615058,"39","97615058","P1D","http://aido.bsvgateway.org/api/locations/97615058/","New York","New York, United States of America","State","http://aido.bsvgateway.org/api/locations/113309883/",42.9902482242734,-75.6891521001872,42.9902482242734,"Measles"
"97615058.2123",2013-03-11,2013-03-10,0,97615058,"39","97615058","P1D","http://aido.bsvgateway.org/api/locations/97615058/","New York","New York, United States of America","State","http://aido.bsvgateway.org/api/locations/113309883/",-75.6891521001872,-75.6891521001872,42.9902482242734,"Measles"
"97615058.2124",2013-03-12,2013-03-11,0,97615058,"39","97615058","P1D","http://aido.bsvgateway.org/api/locations/97615058/","New York","New York, United States of America","State","http://aido.bsvgateway.org/api/locations/113309883/",42.9902482242734,-75.6891521001872,42.9902482242734,"Measles"
"97615058.2125",2013-03-13,2013-03-12,0,97615058,"39","97615058","P1D","http://aido.bsvgateway.org/api/locations/97615058/","New York","New York, United States of America","State","http://aido.bsvgateway.org/api/locations/113309883/",-75.6891521001872,-75.6891521001872,42.9902482242734,"Measles"
"97615058.2126",2013-03-14,2013-03-13,2,97615058,"39","97615058","P1D","http://aido.bsvgateway.org/api/locations/97615058/","New York","New York, United States of America","State","http://aido.bsvgateway.org/api/locations/113309883/",42.9902482242734,-75.6891521001872,42.9902482242734,"Measles"
"97615058.2127",2013-03-15,2013-03-14,0,97615058,"39","97615058","P1D","http://aido.bsvgateway.org/api/locations/97615058/","New York","New York, United States of America","State","http://aido.bsvgateway.org/api/locations/113309883/",-75.6891521001872,-75.6891521001872,42.9902482242734,"Measles"
"97615058.2128",2013-03-16,2013-03-15,0,97615058,"39","97615058","P1D","http://aido.bsvgateway.org/api/locations/97615058/","New York","New York, United States of America","State","http://aido.bsvgateway.org/api/locations/113309883/",42.9902482242734,-75.6891521001872,42.9902482242734,"Measles"
"97615058.2129",2013-03-17,2013-03-16,0,97615058,"39","97615058","P1D","http://aido.bsvgateway.org/api/locations/97615058/","New York","New York, United States of America","State","http://aido.bsvgateway.org/api/locations/113309883/",-75.6891521001872,-75.6891521001872,42.9902482242734,"Measles"
"97615058.2130",2013-03-18,2013-03-17,0,97615058,"39","97615058","P1D","http://aido.bsvgateway.org/api/locations/97615058/","New York","New York, United States of America","State","http://aido.bsvgateway.org/api/locations/113309883/",42.9902482242734,-75.6891521001872,42.9902482242734,"Measles"
"97615058.2131",2013-03-19,2013-03-18,0,97615058,"39","97615058","P1D","http://aido.bsvgateway.org/api/locations/97615058/","New York","New York, United States of America","State","http://aido.bsvgateway.org/api/locations/113309883/",-75.6891521001872,-75.6891521001872,42.9902482242734,"Measles"
"97615058.2132",2013-03-20,2013-03-19,0,97615058,"39","97615058","P1D","http://aido.bsvgateway.org/api/locations/97615058/","New York","New York, United States of America","State","http://aido.bsvgateway.org/api/locations/113309883/",42.9902482242734,-75.6891521001872,42.9902482242734,"Measles"
"97615058.2133",2013-03-21,2013-03-20,0,97615058,"39","97615058","P1D","http://aido.bsvgateway.org/api/locations/97615058/","New York","New York, United States of America","State","http://aido.bsvgateway.org/api/locations/113309883/",-75.6891521001872,-75.6891521001872,42.9902482242734,"Measles"
"97615058.2134",2013-03-22,2013-03-21,0,97615058,"39","97615058","P1D","http://aido.bsvgateway.org/api/locations/97615058/","New York","New York, United States of America","State","http://aido.bsvgateway.org/api/locations/113309883/",42.9902482242734,-75.6891521001872,42.9902482242734,"Measles"
"97615058.2135",2013-03-23,2013-03-22,0,97615058,"39","97615058","P1D","http://aido.bsvgateway.org/api/locations/97615058/","New York","New York, United States of America","State","http://aido.bsvgateway.org/api/locations/113309883/",-75.6891521001872,-75.6891521001872,42.9902482242734,"Measles"
"97615058.2136",2013-03-24,2013-03-23,0,97615058,"39","97615058","P1D","http://aido.bsvgateway.org/api/locations/97615058/","New York","New York, United States of America","State","http://aido.bsvgateway.org/api/locations/113309883/",42.9902482242734,-75.6891521001872,42.9902482242734,"Measles"
"97615058.2137",2013-03-25,2013-03-24,0,97615058,"39","97615058","P1D","http://aido.bsvgateway.org/api/locations/97615058/","New York","New York, United States of America","State","http://aido.bsvgateway.org/api/locations/113309883/",-75.6891521001872,-75.6891521001872,42.9902482242734,"Measles"
"97615058.2138",2013-03-26,2013-03-25,0,97615058,"39","97615058","P1D","http://aido.bsvgateway.org/api/locations/97615058/","New York","New York, United States of America","State","http://aido.bsvgateway.org/api/locations/113309883/",42.9902482242734,-75.6891521001872,42.9902482242734,"Measles"
"97615058.2139",2013-03-27,2013-03-26,0,97615058,"39","97615058","P1D","http://aido.bsvgateway.org/api/locations/97615058/","New York","New York, United States of America","State","http://aido.bsvgateway.org/api/locations/113309883/",-75.6891521001872,-75.6891521001872,42.9902482242734,"Measles"
"97615058.2140",2013-03-28,2013-03-27,0,97615058,"39","97615058","P1D","http://aido.bsvgateway.org/api/locations/97615058/","New York","New York, United States of America","State","http://aido.bsvgateway.org/api/locations/113309883/",42.9902482242734,-75.6891521001872,42.9902482242734,"Measles"
"97615058.2141",2013-03-29,2013-03-28,0,97615058,"39","97615058","P1D","http://aido.bsvgateway.org/api/locations/97615058/","New York","New York, United States of America","State","http://aido.bsvgateway.org/api/locations/113309883/",-75.6891521001872,-75.6891521001872,42.9902482242734,"Measles"
"97615058.2142",2013-03-30,2013-03-29,0,97615058,"39","97615058","P1D","http://aido.bsvgateway.org/api/locations/97615058/","New York","New York, United States of America","State","http://aido.bsvgateway.org/api/locations/113309883/",42.9902482242734,-75.6891521001872,42.9902482242734,"Measles"
"97615058.2143",2013-03-31,2013-03-30,0,97615058,"39","97615058","P1D","http://aido.bsvgateway.org/api/locations/97615058/","New York","New York, United States of America","State","http://aido.bsvgateway.org/api/locations/113309883/",-75.6891521001872,-75.6891521001872,42.9902482242734,"Measles"
"97615058.2144",2013-04-01,2013-03-31,0,97615058,"39","97615058","P1D","http://aido.bsvgateway.org/api/locations/97615058/","New York","New York, United States of America","State","http://aido.bsvgateway.org/api/locations/113309883/",42.9902482242734,-75.6891521001872,42.9902482242734,"Measles"
"97615058.2145",2013-04-02,2013-04-01,0,97615058,"39","97615058","P1D","http://aido.bsvgateway.org/api/locations/97615058/","New York","New York, United States of America","State","http://aido.bsvgateway.org/api/locations/113309883/",-75.6891521001872,-75.6891521001872,42.9902482242734,"Measles"
"97615058.2146",2013-04-03,2013-04-02,0,97615058,"39","97615058","P1D","http://aido.bsvgateway.org/api/locations/97615058/","New York","New York, United States of America","State","http://aido.bsvgateway.org/api/locations/113309883/",42.9902482242734,-75.6891521001872,42.9902482242734,"Measles"
"97615058.2147",2013-04-04,2013-04-03,0,97615058,"39","97615058","P1D","http://aido.bsvgateway.org/api/locations/97615058/","New York","New York, United States of America","State","http://aido.bsvgateway.org/api/locations/113309883/",-75.6891521001872,-75.6891521001872,42.9902482242734,"Measles"
"97615058.2148",2013-04-05,2013-04-04,0,97615058,"39","97615058","P1D","http://aido.bsvgateway.org/api/locations/97615058/","New York","New York, United States of America","State","http://aido.bsvgateway.org/api/locations/113309883/",42.9902482242734,-75.6891521001872,42.9902482242734,"Measles"
"97615058.2149",2013-04-06,2013-04-05,0,97615058,"39","97615058","P1D","http://aido.bsvgateway.org/api/locations/97615058/","New York","New York, United States of America","State","http://aido.bsvgateway.org/api/locations/113309883/",-75.6891521001872,-75.6891521001872,42.9902482242734,"Measles"
"97615058.2150",2013-04-07,2013-04-06,0,97615058,"39","97615058","P1D","http://aido.bsvgateway.org/api/locations/97615058/","New York","New York, United States of America","State","http://aido.bsvgateway.org/api/locations/113309883/",42.9902482242734,-75.6891521001872,42.9902482242734,"Measles"
"97615058.2151",2013-04-08,2013-04-07,0,97615058,"39","97615058","P1D","http://aido.bsvgateway.org/api/locations/97615058/","New York","New York, United States of America","State","http://aido.bsvgateway.org/api/locations/113309883/",-75.6891521001872,-75.6891521001872,42.9902482242734,"Measles"
"97615058.2152",2013-04-09,2013-04-08,0,97615058,"39","97615058","P1D","http://aido.bsvgateway.org/api/locations/97615058/","New York","New York, United States of America","State","http://aido.bsvgateway.org/api/locations/113309883/",42.9902482242734,-75.6891521001872,42.9902482242734,"Measles"
"97615058.2153",2013-04-10,2013-04-09,0,97615058,"39","97615058","P1D","http://aido.bsvgateway.org/api/locations/97615058/","New York","New York, United States of America","State","http://aido.bsvgateway.org/api/locations/113309883/",-75.6891521001872,-75.6891521001872,42.9902482242734,"Measles"
"97615058.2154",2013-04-11,2013-04-10,0,97615058,"39","97615058","P1D","http://aido.bsvgateway.org/api/locations/97615058/","New York","New York, United States of America","State","http://aido.bsvgateway.org/api/locations/113309883/",42.9902482242734,-75.6891521001872,42.9902482242734,"Measles"
"97615058.2155",2013-04-12,2013-04-11,0,97615058,"39","97615058","P1D","http://aido.bsvgateway.org/api/locations/97615058/","New York","New York, United States of America","State","http://aido.bsvgateway.org/api/locations/113309883/",-75.6891521001872,-75.6891521001872,42.9902482242734,"Measles"
"97615058.2156",2013-04-13,2013-04-12,0,97615058,"39","97615058","P1D","http://aido.bsvgateway.org/api/locations/97615058/","New York","New York, United States of America","State","http://aido.bsvgateway.org/api/locations/113309883/",42.9902482242734,-75.6891521001872,42.9902482242734,"Measles"
"97615058.2157",2013-04-14,2013-04-13,0,97615058,"39","97615058","P1D","http://aido.bsvgateway.org/api/locations/97615058/","New York","New York, United States of America","State","http://aido.bsvgateway.org/api/locations/113309883/",-75.6891521001872,-75.6891521001872,42.9902482242734,"Measles"
"97615058.2158",2013-04-15,2013-04-14,0,97615058,"39","97615058","P1D","http://aido.bsvgateway.org/api/locations/97615058/","New York","New York, United States of America","State","http://aido.bsvgateway.org/api/locations/113309883/",42.9902482242734,-75.6891521001872,42.9902482242734,"Measles"
"97615058.2159",2013-04-16,2013-04-15,0,97615058,"39","97615058","P1D","http://aido.bsvgateway.org/api/locations/97615058/","New York","New York, United States of America","State","http://aido.bsvgateway.org/api/locations/113309883/",-75.6891521001872,-75.6891521001872,42.9902482242734,"Measles"
"97615058.2160",2013-04-17,2013-04-16,0,97615058,"39","97615058","P1D","http://aido.bsvgateway.org/api/locations/97615058/","New York","New York, United States of America","State","http://aido.bsvgateway.org/api/locations/113309883/",42.9902482242734,-75.6891521001872,42.9902482242734,"Measles"
"97615058.2161",2013-04-18,2013-04-17,0,97615058,"39","97615058","P1D","http://aido.bsvgateway.org/api/locations/97615058/","New York","New York, United States of America","State","http://aido.bsvgateway.org/api/locations/113309883/",-75.6891521001872,-75.6891521001872,42.9902482242734,"Measles"
"97615058.2162",2013-04-19,2013-04-18,0,97615058,"39","97615058","P1D","http://aido.bsvgateway.org/api/locations/97615058/","New York","New York, United States of America","State","http://aido.bsvgateway.org/api/locations/113309883/",42.9902482242734,-75.6891521001872,42.9902482242734,"Measles"
"97615058.2163",2013-04-20,2013-04-19,0,97615058,"39","97615058","P1D","http://aido.bsvgateway.org/api/locations/97615058/","New York","New York, United States of America","State","http://aido.bsvgateway.org/api/locations/113309883/",-75.6891521001872,-75.6891521001872,42.9902482242734,"Measles"
"97615058.2164",2013-04-21,2013-04-20,0,97615058,"39","97615058","P1D","http://aido.bsvgateway.org/api/locations/97615058/","New York","New York, United States of America","State","http://aido.bsvgateway.org/api/locations/113309883/",42.9902482242734,-75.6891521001872,42.9902482242734,"Measles"
"97615058.2165",2013-04-22,2013-04-21,0,97615058,"39","97615058","P1D","http://aido.bsvgateway.org/api/locations/97615058/","New York","New York, United States of America","State","http://aido.bsvgateway.org/api/locations/113309883/",-75.6891521001872,-75.6891521001872,42.9902482242734,"Measles"
"97615058.2166",2013-04-23,2013-04-22,0,97615058,"39","97615058","P1D","http://aido.bsvgateway.org/api/locations/97615058/","New York","New York, United States of America","State","http://aido.bsvgateway.org/api/locations/113309883/",42.9902482242734,-75.6891521001872,42.9902482242734,"Measles"
"97615058.2167",2013-04-24,2013-04-23,0,97615058,"39","97615058","P1D","http://aido.bsvgateway.org/api/locations/97615058/","New York","New York, United States of America","State","http://aido.bsvgateway.org/api/locations/113309883/",-75.6891521001872,-75.6891521001872,42.9902482242734,"Measles"
"97615058.2168",2013-04-25,2013-04-24,0,97615058,"39","97615058","P1D","http://aido.bsvgateway.org/api/locations/97615058/","New York","New York, United States of America","State","http://aido.bsvgateway.org/api/locations/113309883/",42.9902482242734,-75.6891521001872,42.9902482242734,"Measles"
"97615058.2169",2013-04-26,2013-04-25,0,97615058,"39","97615058","P1D","http://aido.bsvgateway.org/api/locations/97615058/","New York","New York, United States of America","State","http://aido.bsvgateway.org/api/locations/113309883/",-75.6891521001872,-75.6891521001872,42.9902482242734,"Measles"
"97615058.2170",2013-04-27,2013-04-26,0,97615058,"39","97615058","P1D","http://aido.bsvgateway.org/api/locations/97615058/","New York","New York, United States of America","State","http://aido.bsvgateway.org/api/locations/113309883/",42.9902482242734,-75.6891521001872,42.9902482242734,"Measles"
"97615058.2171",2013-04-28,2013-04-27,0,97615058,"39","97615058","P1D","http://aido.bsvgateway.org/api/locations/97615058/","New York","New York, United States of America","State","http://aido.bsvgateway.org/api/locations/113309883/",-75.6891521001872,-75.6891521001872,42.9902482242734,"Measles"
"97615058.2172",2013-04-29,2013-04-28,0,97615058,"39","97615058","P1D","http://aido.bsvgateway.org/api/locations/97615058/","New York","New York, United States of America","State","http://aido.bsvgateway.org/api/locations/113309883/",42.9902482242734,-75.6891521001872,42.9902482242734,"Measles"
"97615058.2173",2013-04-30,2013-04-29,0,97615058,"39","97615058","P1D","http://aido.bsvgateway.org/api/locations/97615058/","New York","New York, United States of America","State","http://aido.bsvgateway.org/api/locations/113309883/",-75.6891521001872,-75.6891521001872,42.9902482242734,"Measles"
"97615058.2174",2013-05-01,2013-04-30,0,97615058,"39","97615058","P1D","http://aido.bsvgateway.org/api/locations/97615058/","New York","New York, United States of America","State","http://aido.bsvgateway.org/api/locations/113309883/",42.9902482242734,-75.6891521001872,42.9902482242734,"Measles"
"97615058.2175",2013-05-02,2013-05-01,0,97615058,"39","97615058","P1D","http://aido.bsvgateway.org/api/locations/97615058/","New York","New York, United States of America","State","http://aido.bsvgateway.org/api/locations/113309883/",-75.6891521001872,-75.6891521001872,42.9902482242734,"Measles"
"97615058.2176",2013-05-03,2013-05-02,5,97615058,"39","97615058","P1D","http://aido.bsvgateway.org/api/locations/97615058/","New York","New York, United States of America","State","http://aido.bsvgateway.org/api/locations/113309883/",42.9902482242734,-75.6891521001872,42.9902482242734,"Measles"
"97615058.2177",2013-05-04,2013-05-03,0,97615058,"39","97615058","P1D","http://aido.bsvgateway.org/api/locations/97615058/","New York","New York, United States of America","State","http://aido.bsvgateway.org/api/locations/113309883/",-75.6891521001872,-75.6891521001872,42.9902482242734,"Measles"
"97615058.2178",2013-05-05,2013-05-04,0,97615058,"39","97615058","P1D","http://aido.bsvgateway.org/api/locations/97615058/","New York","New York, United States of America","State","http://aido.bsvgateway.org/api/locations/113309883/",42.9902482242734,-75.6891521001872,42.9902482242734,"Measles"
"97615058.2179",2013-05-06,2013-05-05,0,97615058,"39","97615058","P1D","http://aido.bsvgateway.org/api/locations/97615058/","New York","New York, United States of America","State","http://aido.bsvgateway.org/api/locations/113309883/",-75.6891521001872,-75.6891521001872,42.9902482242734,"Measles"
"97615058.2180",2013-05-07,2013-05-06,0,97615058,"39","97615058","P1D","http://aido.bsvgateway.org/api/locations/97615058/","New York","New York, United States of America","State","http://aido.bsvgateway.org/api/locations/113309883/",42.9902482242734,-75.6891521001872,42.9902482242734,"Measles"
"97615058.2181",2013-05-08,2013-05-07,0,97615058,"39","97615058","P1D","http://aido.bsvgateway.org/api/locations/97615058/","New York","New York, United States of America","State","http://aido.bsvgateway.org/api/locations/113309883/",-75.6891521001872,-75.6891521001872,42.9902482242734,"Measles"
"97615058.2182",2013-05-09,2013-05-08,0,97615058,"39","97615058","P1D","http://aido.bsvgateway.org/api/locations/97615058/","New York","New York, United States of America","State","http://aido.bsvgateway.org/api/locations/113309883/",42.9902482242734,-75.6891521001872,42.9902482242734,"Measles"
"97615058.2183",2013-05-10,2013-05-09,0,97615058,"39","97615058","P1D","http://aido.bsvgateway.org/api/locations/97615058/","New York","New York, United States of America","State","http://aido.bsvgateway.org/api/locations/113309883/",-75.6891521001872,-75.6891521001872,42.9902482242734,"Measles"
"97615058.2184",2013-05-11,2013-05-10,0,97615058,"39","97615058","P1D","http://aido.bsvgateway.org/api/locations/97615058/","New York","New York, United States of America","State","http://aido.bsvgateway.org/api/locations/113309883/",42.9902482242734,-75.6891521001872,42.9902482242734,"Measles"
"97615058.2185",2013-05-12,2013-05-11,0,97615058,"39","97615058","P1D","http://aido.bsvgateway.org/api/locations/97615058/","New York","New York, United States of America","State","http://aido.bsvgateway.org/api/locations/113309883/",-75.6891521001872,-75.6891521001872,42.9902482242734,"Measles"
"97615058.2186",2013-05-13,2013-05-12,0,97615058,"39","97615058","P1D","http://aido.bsvgateway.org/api/locations/97615058/","New York","New York, United States of America","State","http://aido.bsvgateway.org/api/locations/113309883/",42.9902482242734,-75.6891521001872,42.9902482242734,"Measles"
"97615058.2187",2013-05-14,2013-05-13,0,97615058,"39","97615058","P1D","http://aido.bsvgateway.org/api/locations/97615058/","New York","New York, United States of America","State","http://aido.bsvgateway.org/api/locations/113309883/",-75.6891521001872,-75.6891521001872,42.9902482242734,"Measles"
"97615058.2188",2013-05-15,2013-05-14,0,97615058,"39","97615058","P1D","http://aido.bsvgateway.org/api/locations/97615058/","New York","New York, United States of America","State","http://aido.bsvgateway.org/api/locations/113309883/",42.9902482242734,-75.6891521001872,42.9902482242734,"Measles"
"97615058.2189",2013-05-16,2013-05-15,0,97615058,"39","97615058","P1D","http://aido.bsvgateway.org/api/locations/97615058/","New York","New York, United States of America","State","http://aido.bsvgateway.org/api/locations/113309883/",-75.6891521001872,-75.6891521001872,42.9902482242734,"Measles"
"97615058.2190",2013-05-17,2013-05-16,0,97615058,"39","97615058","P1D","http://aido.bsvgateway.org/api/locations/97615058/","New York","New York, United States of America","State","http://aido.bsvgateway.org/api/locations/113309883/",42.9902482242734,-75.6891521001872,42.9902482242734,"Measles"
"97615058.2191",2013-05-18,2013-05-17,0,97615058,"39","97615058","P1D","http://aido.bsvgateway.org/api/locations/97615058/","New York","New York, United States of America","State","http://aido.bsvgateway.org/api/locations/113309883/",-75.6891521001872,-75.6891521001872,42.9902482242734,"Measles"
"97615058.2192",2013-05-19,2013-05-18,17,97615058,"39","97615058","P1D","http://aido.bsvgateway.org/api/locations/97615058/","New York","New York, United States of America","State","http://aido.bsvgateway.org/api/locations/113309883/",42.9902482242734,-75.6891521001872,42.9902482242734,"Measles"
"97615058.2193",2013-05-20,2013-05-19,0,97615058,"39","97615058","P1D","http://aido.bsvgateway.org/api/locations/97615058/","New York","New York, United States of America","State","http://aido.bsvgateway.org/api/locations/113309883/",-75.6891521001872,-75.6891521001872,42.9902482242734,"Measles"
"97615058.2194",2013-05-21,2013-05-20,0,97615058,"39","97615058","P1D","http://aido.bsvgateway.org/api/locations/97615058/","New York","New York, United States of America","State","http://aido.bsvgateway.org/api/locations/113309883/",42.9902482242734,-75.6891521001872,42.9902482242734,"Measles"
"97615058.2195",2013-05-22,2013-05-21,0,97615058,"39","97615058","P1D","http://aido.bsvgateway.org/api/locations/97615058/","New York","New York, United States of America","State","http://aido.bsvgateway.org/api/locations/113309883/",-75.6891521001872,-75.6891521001872,42.9902482242734,"Measles"
"97615058.2196",2013-05-23,2013-05-22,0,97615058,"39","97615058","P1D","http://aido.bsvgateway.org/api/locations/97615058/","New York","New York, United States of America","State","http://aido.bsvgateway.org/api/locations/113309883/",42.9902482242734,-75.6891521001872,42.9902482242734,"Measles"
"97615058.2197",2013-05-24,2013-05-23,0,97615058,"39","97615058","P1D","http://aido.bsvgateway.org/api/locations/97615058/","New York","New York, United States of America","State","http://aido.bsvgateway.org/api/locations/113309883/",-75.6891521001872,-75.6891521001872,42.9902482242734,"Measles"
"97615058.2198",2013-05-25,2013-05-24,0,97615058,"39","97615058","P1D","http://aido.bsvgateway.org/api/locations/97615058/","New York","New York, United States of America","State","http://aido.bsvgateway.org/api/locations/113309883/",42.9902482242734,-75.6891521001872,42.9902482242734,"Measles"
"97615058.2199",2013-05-26,2013-05-25,0,97615058,"39","97615058","P1D","http://aido.bsvgateway.org/api/locations/97615058/","New York","New York, United States of America","State","http://aido.bsvgateway.org/api/locations/113309883/",-75.6891521001872,-75.6891521001872,42.9902482242734,"Measles"
"97615058.2200",2013-05-27,2013-05-26,0,97615058,"39","97615058","P1D","http://aido.bsvgateway.org/api/locations/97615058/","New York","New York, United States of America","State","http://aido.bsvgateway.org/api/locations/113309883/",42.9902482242734,-75.6891521001872,42.9902482242734,"Measles"
"97615058.2201",2013-05-28,2013-05-27,0,97615058,"39","97615058","P1D","http://aido.bsvgateway.org/api/locations/97615058/","New York","New York, United States of America","State","http://aido.bsvgateway.org/api/locations/113309883/",-75.6891521001872,-75.6891521001872,42.9902482242734,"Measles"
"97615058.2202",2013-05-29,2013-05-28,0,97615058,"39","97615058","P1D","http://aido.bsvgateway.org/api/locations/97615058/","New York","New York, United States of America","State","http://aido.bsvgateway.org/api/locations/113309883/",42.9902482242734,-75.6891521001872,42.9902482242734,"Measles"
"97615058.2203",2013-05-30,2013-05-29,0,97615058,"39","97615058","P1D","http://aido.bsvgateway.org/api/locations/97615058/","New York","New York, United States of America","State","http://aido.bsvgateway.org/api/locations/113309883/",-75.6891521001872,-75.6891521001872,42.9902482242734,"Measles"
"97615058.2204",2013-05-31,2013-05-30,0,97615058,"39","97615058","P1D","http://aido.bsvgateway.org/api/locations/97615058/","New York","New York, United States of America","State","http://aido.bsvgateway.org/api/locations/113309883/",42.9902482242734,-75.6891521001872,42.9902482242734,"Measles"
"97615058.2205",2013-06-01,2013-05-31,0,97615058,"39","97615058","P1D","http://aido.bsvgateway.org/api/locations/97615058/","New York","New York, United States of America","State","http://aido.bsvgateway.org/api/locations/113309883/",-75.6891521001872,-75.6891521001872,42.9902482242734,"Measles"
"97615058.2206",2013-06-02,2013-06-01,0,97615058,"39","97615058","P1D","http://aido.bsvgateway.org/api/locations/97615058/","New York","New York, United States of America","State","http://aido.bsvgateway.org/api/locations/113309883/",42.9902482242734,-75.6891521001872,42.9902482242734,"Measles"
"97615058.2207",2013-06-03,2013-06-02,0,97615058,"39","97615058","P1D","http://aido.bsvgateway.org/api/locations/97615058/","New York","New York, United States of America","State","http://aido.bsvgateway.org/api/locations/113309883/",-75.6891521001872,-75.6891521001872,42.9902482242734,"Measles"
"97615058.2208",2013-06-04,2013-06-03,0,97615058,"39","97615058","P1D","http://aido.bsvgateway.org/api/locations/97615058/","New York","New York, United States of America","State","http://aido.bsvgateway.org/api/locations/113309883/",42.9902482242734,-75.6891521001872,42.9902482242734,"Measles"
"97615058.2209",2013-06-05,2013-06-04,0,97615058,"39","97615058","P1D","http://aido.bsvgateway.org/api/locations/97615058/","New York","New York, United States of America","State","http://aido.bsvgateway.org/api/locations/113309883/",-75.6891521001872,-75.6891521001872,42.9902482242734,"Measles"
"97615058.2210",2013-06-06,2013-06-05,0,97615058,"39","97615058","P1D","http://aido.bsvgateway.org/api/locations/97615058/","New York","New York, United States of America","State","http://aido.bsvgateway.org/api/locations/113309883/",42.9902482242734,-75.6891521001872,42.9902482242734,"Measles"
"97615058.2211",2013-06-07,2013-06-06,0,97615058,"39","97615058","P1D","http://aido.bsvgateway.org/api/locations/97615058/","New York","New York, United States of America","State","http://aido.bsvgateway.org/api/locations/113309883/",-75.6891521001872,-75.6891521001872,42.9902482242734,"Measles"
"97615058.2212",2013-06-08,2013-06-07,0,97615058,"39","97615058","P1D","http://aido.bsvgateway.org/api/locations/97615058/","New York","New York, United States of America","State","http://aido.bsvgateway.org/api/locations/113309883/",42.9902482242734,-75.6891521001872,42.9902482242734,"Measles"
"97615058.2213",2013-06-09,2013-06-08,0,97615058,"39","97615058","P1D","http://aido.bsvgateway.org/api/locations/97615058/","New York","New York, United States of America","State","http://aido.bsvgateway.org/api/locations/113309883/",-75.6891521001872,-75.6891521001872,42.9902482242734,"Measles"
"97615058.2214",2013-06-10,2013-06-09,0,97615058,"39","97615058","P1D","http://aido.bsvgateway.org/api/locations/97615058/","New York","New York, United States of America","State","http://aido.bsvgateway.org/api/locations/113309883/",42.9902482242734,-75.6891521001872,42.9902482242734,"Measles"
"97615058.2215",2013-06-11,2013-06-10,0,97615058,"39","97615058","P1D","http://aido.bsvgateway.org/api/locations/97615058/","New York","New York, United States of America","State","http://aido.bsvgateway.org/api/locations/113309883/",-75.6891521001872,-75.6891521001872,42.9902482242734,"Measles"
"97615058.2216",2013-06-12,2013-06-11,0,97615058,"39","97615058","P1D","http://aido.bsvgateway.org/api/locations/97615058/","New York","New York, United States of America","State","http://aido.bsvgateway.org/api/locations/113309883/",42.9902482242734,-75.6891521001872,42.9902482242734,"Measles"
"97615058.2217",2013-06-13,2013-06-12,0,97615058,"39","97615058","P1D","http://aido.bsvgateway.org/api/locations/97615058/","New York","New York, United States of America","State","http://aido.bsvgateway.org/api/locations/113309883/",-75.6891521001872,-75.6891521001872,42.9902482242734,"Measles"
"97615058.2218",2013-06-14,2013-06-13,0,97615058,"39","97615058","P1D","http://aido.bsvgateway.org/api/locations/97615058/","New York","New York, United States of America","State","http://aido.bsvgateway.org/api/locations/113309883/",42.9902482242734,-75.6891521001872,42.9902482242734,"Measles"
"97615058.2219",2013-06-15,2013-06-14,0,97615058,"39","97615058","P1D","http://aido.bsvgateway.org/api/locations/97615058/","New York","New York, United States of America","State","http://aido.bsvgateway.org/api/locations/113309883/",-75.6891521001872,-75.6891521001872,42.9902482242734,"Measles"
"97615058.2220",2013-06-16,2013-06-15,12,97615058,"39","97615058","P1D","http://aido.bsvgateway.org/api/locations/97615058/","New York","New York, United States of America","State","http://aido.bsvgateway.org/api/locations/113309883/",42.9902482242734,-75.6891521001872,42.9902482242734,"Measles"
"97615058.2221",2013-06-17,2013-06-16,0,97615058,"39","97615058","P1D","http://aido.bsvgateway.org/api/locations/97615058/","New York","New York, United States of America","State","http://aido.bsvgateway.org/api/locations/113309883/",-75.6891521001872,-75.6891521001872,42.9902482242734,"Measles"
"97615058.2222",2013-06-18,2013-06-17,0,97615058,"39","97615058","P1D","http://aido.bsvgateway.org/api/locations/97615058/","New York","New York, United States of America","State","http://aido.bsvgateway.org/api/locations/113309883/",42.9902482242734,-75.6891521001872,42.9902482242734,"Measles"
"97615058.2223",2013-06-19,2013-06-18,0,97615058,"39","97615058","P1D","http://aido.bsvgateway.org/api/locations/97615058/","New York","New York, United States of America","State","http://aido.bsvgateway.org/api/locations/113309883/",-75.6891521001872,-75.6891521001872,42.9902482242734,"Measles"
"97615058.2224",2013-06-20,2013-06-19,0,97615058,"39","97615058","P1D","http://aido.bsvgateway.org/api/locations/97615058/","New York","New York, United States of America","State","http://aido.bsvgateway.org/api/locations/113309883/",42.9902482242734,-75.6891521001872,42.9902482242734,"Measles"
"97615058.2225",2013-06-21,2013-06-20,0,97615058,"39","97615058","P1D","http://aido.bsvgateway.org/api/locations/97615058/","New York","New York, United States of America","State","http://aido.bsvgateway.org/api/locations/113309883/",-75.6891521001872,-75.6891521001872,42.9902482242734,"Measles"
"97615058.2226",2013-06-22,2013-06-21,0,97615058,"39","97615058","P1D","http://aido.bsvgateway.org/api/locations/97615058/","New York","New York, United States of America","State","http://aido.bsvgateway.org/api/locations/113309883/",42.9902482242734,-75.6891521001872,42.9902482242734,"Measles"
"97615058.2227",2013-06-23,2013-06-22,0,97615058,"39","97615058","P1D","http://aido.bsvgateway.org/api/locations/97615058/","New York","New York, United States of America","State","http://aido.bsvgateway.org/api/locations/113309883/",-75.6891521001872,-75.6891521001872,42.9902482242734,"Measles"
"97615058.2228",2013-06-24,2013-06-23,0,97615058,"39","97615058","P1D","http://aido.bsvgateway.org/api/locations/97615058/","New York","New York, United States of America","State","http://aido.bsvgateway.org/api/locations/113309883/",42.9902482242734,-75.6891521001872,42.9902482242734,"Measles"
"97615058.2229",2013-06-25,2013-06-24,0,97615058,"39","97615058","P1D","http://aido.bsvgateway.org/api/locations/97615058/","New York","New York, United States of America","State","http://aido.bsvgateway.org/api/locations/113309883/",-75.6891521001872,-75.6891521001872,42.9902482242734,"Measles"
"97615058.2230",2013-06-26,2013-06-25,0,97615058,"39","97615058","P1D","http://aido.bsvgateway.org/api/locations/97615058/","New York","New York, United States of America","State","http://aido.bsvgateway.org/api/locations/113309883/",42.9902482242734,-75.6891521001872,42.9902482242734,"Measles"
"97615058.2231",2013-06-27,2013-06-26,0,97615058,"39","97615058","P1D","http://aido.bsvgateway.org/api/locations/97615058/","New York","New York, United States of America","State","http://aido.bsvgateway.org/api/locations/113309883/",-75.6891521001872,-75.6891521001872,42.9902482242734,"Measles"
"97615058.2232",2013-06-28,2013-06-27,0,97615058,"39","97615058","P1D","http://aido.bsvgateway.org/api/locations/97615058/","New York","New York, United States of America","State","http://aido.bsvgateway.org/api/locations/113309883/",42.9902482242734,-75.6891521001872,42.9902482242734,"Measles"
"97615058.2233",2013-06-29,2013-06-28,0,97615058,"39","97615058","P1D","http://aido.bsvgateway.org/api/locations/97615058/","New York","New York, United States of America","State","http://aido.bsvgateway.org/api/locations/113309883/",-75.6891521001872,-75.6891521001872,42.9902482242734,"Measles"
"97615058.2234",2013-06-30,2013-06-29,20,97615058,"39","97615058","P1D","http://aido.bsvgateway.org/api/locations/97615058/","New York","New York, United States of America","State","http://aido.bsvgateway.org/api/locations/113309883/",42.9902482242734,-75.6891521001872,42.9902482242734,"Measles"
