"","end","start","value","id","disease","location","duration","url","name","full_name","admin_level_name","parent","centroid_lat_long","longitude","latitude","disease_name"
"188967083.668",2012-09-27,2012-09-26,2,188967083,"27","188967083","P1D","http://aido.bsvgateway.org/api/locations/188967083/","Madeira","Madeira, Portugal","State","http://aido.bsvgateway.org/api/locations/250985871/",32.7561179812144,-16.943973168023,32.7561179812144,"Dengue"
"188967083.669",2012-09-28,2012-09-27,2,188967083,"27","188967083","P1D","http://aido.bsvgateway.org/api/locations/188967083/","Madeira","Madeira, Portugal","State","http://aido.bsvgateway.org/api/locations/250985871/",-16.943973168023,-16.943973168023,32.7561179812144,"Dengue"
"188967083.670",2012-09-29,2012-09-28,1,188967083,"27","188967083","P1D","http://aido.bsvgateway.org/api/locations/188967083/","Madeira","Madeira, Portugal","State","http://aido.bsvgateway.org/api/locations/250985871/",32.7561179812144,-16.943973168023,32.7561179812144,"Dengue"
"188967083.671",2012-09-30,2012-09-29,2,188967083,"27","188967083","P1D","http://aido.bsvgateway.org/api/locations/188967083/","Madeira","Madeira, Portugal","State","http://aido.bsvgateway.org/api/locations/250985871/",-16.943973168023,-16.943973168023,32.7561179812144,"Dengue"
"188967083.672",2012-10-01,2012-09-30,2,188967083,"27","188967083","P1D","http://aido.bsvgateway.org/api/locations/188967083/","Madeira","Madeira, Portugal","State","http://aido.bsvgateway.org/api/locations/250985871/",32.7561179812144,-16.943973168023,32.7561179812144,"Dengue"
"188967083.673",2012-10-02,2012-10-01,10,188967083,"27","188967083","P1D","http://aido.bsvgateway.org/api/locations/188967083/","Madeira","Madeira, Portugal","State","http://aido.bsvgateway.org/api/locations/250985871/",-16.943973168023,-16.943973168023,32.7561179812144,"Dengue"
"188967083.674",2012-10-03,2012-10-02,15,188967083,"27","188967083","P1D","http://aido.bsvgateway.org/api/locations/188967083/","Madeira","Madeira, Portugal","State","http://aido.bsvgateway.org/api/locations/250985871/",32.7561179812144,-16.943973168023,32.7561179812144,"Dengue"
"188967083.675",2012-10-04,2012-10-03,19,188967083,"27","188967083","P1D","http://aido.bsvgateway.org/api/locations/188967083/","Madeira","Madeira, Portugal","State","http://aido.bsvgateway.org/api/locations/250985871/",-16.943973168023,-16.943973168023,32.7561179812144,"Dengue"
"188967083.676",2012-10-05,2012-10-04,35,188967083,"27","188967083","P1D","http://aido.bsvgateway.org/api/locations/188967083/","Madeira","Madeira, Portugal","State","http://aido.bsvgateway.org/api/locations/250985871/",32.7561179812144,-16.943973168023,32.7561179812144,"Dengue"
"188967083.677",2012-10-06,2012-10-05,26,188967083,"27","188967083","P1D","http://aido.bsvgateway.org/api/locations/188967083/","Madeira","Madeira, Portugal","State","http://aido.bsvgateway.org/api/locations/250985871/",-16.943973168023,-16.943973168023,32.7561179812144,"Dengue"
"188967083.678",2012-10-07,2012-10-06,15,188967083,"27","188967083","P1D","http://aido.bsvgateway.org/api/locations/188967083/","Madeira","Madeira, Portugal","State","http://aido.bsvgateway.org/api/locations/250985871/",32.7561179812144,-16.943973168023,32.7561179812144,"Dengue"
"188967083.679",2012-10-08,2012-10-07,25,188967083,"27","188967083","P1D","http://aido.bsvgateway.org/api/locations/188967083/","Madeira","Madeira, Portugal","State","http://aido.bsvgateway.org/api/locations/250985871/",-16.943973168023,-16.943973168023,32.7561179812144,"Dengue"
"188967083.680",2012-10-09,2012-10-08,32,188967083,"27","188967083","P1D","http://aido.bsvgateway.org/api/locations/188967083/","Madeira","Madeira, Portugal","State","http://aido.bsvgateway.org/api/locations/250985871/",32.7561179812144,-16.943973168023,32.7561179812144,"Dengue"
"188967083.681",2012-10-10,2012-10-09,26,188967083,"27","188967083","P1D","http://aido.bsvgateway.org/api/locations/188967083/","Madeira","Madeira, Portugal","State","http://aido.bsvgateway.org/api/locations/250985871/",-16.943973168023,-16.943973168023,32.7561179812144,"Dengue"
"188967083.682",2012-10-11,2012-10-10,19,188967083,"27","188967083","P1D","http://aido.bsvgateway.org/api/locations/188967083/","Madeira","Madeira, Portugal","State","http://aido.bsvgateway.org/api/locations/250985871/",32.7561179812144,-16.943973168023,32.7561179812144,"Dengue"
"188967083.683",2012-10-12,2012-10-11,38,188967083,"27","188967083","P1D","http://aido.bsvgateway.org/api/locations/188967083/","Madeira","Madeira, Portugal","State","http://aido.bsvgateway.org/api/locations/250985871/",-16.943973168023,-16.943973168023,32.7561179812144,"Dengue"
"188967083.684",2012-10-13,2012-10-12,31,188967083,"27","188967083","P1D","http://aido.bsvgateway.org/api/locations/188967083/","Madeira","Madeira, Portugal","State","http://aido.bsvgateway.org/api/locations/250985871/",32.7561179812144,-16.943973168023,32.7561179812144,"Dengue"
"188967083.685",2012-10-14,2012-10-13,17,188967083,"27","188967083","P1D","http://aido.bsvgateway.org/api/locations/188967083/","Madeira","Madeira, Portugal","State","http://aido.bsvgateway.org/api/locations/250985871/",-16.943973168023,-16.943973168023,32.7561179812144,"Dengue"
"188967083.686",2012-10-15,2012-10-14,10,188967083,"27","188967083","P1D","http://aido.bsvgateway.org/api/locations/188967083/","Madeira","Madeira, Portugal","State","http://aido.bsvgateway.org/api/locations/250985871/",32.7561179812144,-16.943973168023,32.7561179812144,"Dengue"
"188967083.687",2012-10-16,2012-10-15,25,188967083,"27","188967083","P1D","http://aido.bsvgateway.org/api/locations/188967083/","Madeira","Madeira, Portugal","State","http://aido.bsvgateway.org/api/locations/250985871/",-16.943973168023,-16.943973168023,32.7561179812144,"Dengue"
"188967083.688",2012-10-17,2012-10-16,29,188967083,"27","188967083","P1D","http://aido.bsvgateway.org/api/locations/188967083/","Madeira","Madeira, Portugal","State","http://aido.bsvgateway.org/api/locations/250985871/",32.7561179812144,-16.943973168023,32.7561179812144,"Dengue"
"188967083.689",2012-10-18,2012-10-17,31,188967083,"27","188967083","P1D","http://aido.bsvgateway.org/api/locations/188967083/","Madeira","Madeira, Portugal","State","http://aido.bsvgateway.org/api/locations/250985871/",-16.943973168023,-16.943973168023,32.7561179812144,"Dengue"
"188967083.690",2012-10-19,2012-10-18,29,188967083,"27","188967083","P1D","http://aido.bsvgateway.org/api/locations/188967083/","Madeira","Madeira, Portugal","State","http://aido.bsvgateway.org/api/locations/250985871/",32.7561179812144,-16.943973168023,32.7561179812144,"Dengue"
"188967083.691",2012-10-20,2012-10-19,48,188967083,"27","188967083","P1D","http://aido.bsvgateway.org/api/locations/188967083/","Madeira","Madeira, Portugal","State","http://aido.bsvgateway.org/api/locations/250985871/",-16.943973168023,-16.943973168023,32.7561179812144,"Dengue"
"188967083.692",2012-10-21,2012-10-20,18,188967083,"27","188967083","P1D","http://aido.bsvgateway.org/api/locations/188967083/","Madeira","Madeira, Portugal","State","http://aido.bsvgateway.org/api/locations/250985871/",32.7561179812144,-16.943973168023,32.7561179812144,"Dengue"
"188967083.693",2012-10-22,2012-10-21,39,188967083,"27","188967083","P1D","http://aido.bsvgateway.org/api/locations/188967083/","Madeira","Madeira, Portugal","State","http://aido.bsvgateway.org/api/locations/250985871/",-16.943973168023,-16.943973168023,32.7561179812144,"Dengue"
"188967083.694",2012-10-23,2012-10-22,59,188967083,"27","188967083","P1D","http://aido.bsvgateway.org/api/locations/188967083/","Madeira","Madeira, Portugal","State","http://aido.bsvgateway.org/api/locations/250985871/",32.7561179812144,-16.943973168023,32.7561179812144,"Dengue"
"188967083.695",2012-10-24,2012-10-23,51,188967083,"27","188967083","P1D","http://aido.bsvgateway.org/api/locations/188967083/","Madeira","Madeira, Portugal","State","http://aido.bsvgateway.org/api/locations/250985871/",-16.943973168023,-16.943973168023,32.7561179812144,"Dengue"
"188967083.696",2012-10-25,2012-10-24,45,188967083,"27","188967083","P1D","http://aido.bsvgateway.org/api/locations/188967083/","Madeira","Madeira, Portugal","State","http://aido.bsvgateway.org/api/locations/250985871/",32.7561179812144,-16.943973168023,32.7561179812144,"Dengue"
"188967083.697",2012-10-26,2012-10-25,61,188967083,"27","188967083","P1D","http://aido.bsvgateway.org/api/locations/188967083/","Madeira","Madeira, Portugal","State","http://aido.bsvgateway.org/api/locations/250985871/",-16.943973168023,-16.943973168023,32.7561179812144,"Dengue"
"188967083.698",2012-10-27,2012-10-26,70,188967083,"27","188967083","P1D","http://aido.bsvgateway.org/api/locations/188967083/","Madeira","Madeira, Portugal","State","http://aido.bsvgateway.org/api/locations/250985871/",32.7561179812144,-16.943973168023,32.7561179812144,"Dengue"
"188967083.699",2012-10-28,2012-10-27,62,188967083,"27","188967083","P1D","http://aido.bsvgateway.org/api/locations/188967083/","Madeira","Madeira, Portugal","State","http://aido.bsvgateway.org/api/locations/250985871/",-16.943973168023,-16.943973168023,32.7561179812144,"Dengue"
"188967083.700",2012-10-29,2012-10-28,47,188967083,"27","188967083","P1D","http://aido.bsvgateway.org/api/locations/188967083/","Madeira","Madeira, Portugal","State","http://aido.bsvgateway.org/api/locations/250985871/",32.7561179812144,-16.943973168023,32.7561179812144,"Dengue"
"188967083.701",2012-10-30,2012-10-29,18,188967083,"27","188967083","P1D","http://aido.bsvgateway.org/api/locations/188967083/","Madeira","Madeira, Portugal","State","http://aido.bsvgateway.org/api/locations/250985871/",-16.943973168023,-16.943973168023,32.7561179812144,"Dengue"
"188967083.702",2012-10-31,2012-10-30,21,188967083,"27","188967083","P1D","http://aido.bsvgateway.org/api/locations/188967083/","Madeira","Madeira, Portugal","State","http://aido.bsvgateway.org/api/locations/250985871/",32.7561179812144,-16.943973168023,32.7561179812144,"Dengue"
"188967083.703",2012-11-01,2012-10-31,25,188967083,"27","188967083","P1D","http://aido.bsvgateway.org/api/locations/188967083/","Madeira","Madeira, Portugal","State","http://aido.bsvgateway.org/api/locations/250985871/",-16.943973168023,-16.943973168023,32.7561179812144,"Dengue"
"188967083.704",2012-11-02,2012-11-01,31,188967083,"27","188967083","P1D","http://aido.bsvgateway.org/api/locations/188967083/","Madeira","Madeira, Portugal","State","http://aido.bsvgateway.org/api/locations/250985871/",32.7561179812144,-16.943973168023,32.7561179812144,"Dengue"
"188967083.705",2012-11-03,2012-11-02,26,188967083,"27","188967083","P1D","http://aido.bsvgateway.org/api/locations/188967083/","Madeira","Madeira, Portugal","State","http://aido.bsvgateway.org/api/locations/250985871/",-16.943973168023,-16.943973168023,32.7561179812144,"Dengue"
"188967083.706",2012-11-04,2012-11-03,12,188967083,"27","188967083","P1D","http://aido.bsvgateway.org/api/locations/188967083/","Madeira","Madeira, Portugal","State","http://aido.bsvgateway.org/api/locations/250985871/",32.7561179812144,-16.943973168023,32.7561179812144,"Dengue"
"188967083.707",2012-11-05,2012-11-04,31,188967083,"27","188967083","P1D","http://aido.bsvgateway.org/api/locations/188967083/","Madeira","Madeira, Portugal","State","http://aido.bsvgateway.org/api/locations/250985871/",-16.943973168023,-16.943973168023,32.7561179812144,"Dengue"
"188967083.708",2012-11-06,2012-11-05,49,188967083,"27","188967083","P1D","http://aido.bsvgateway.org/api/locations/188967083/","Madeira","Madeira, Portugal","State","http://aido.bsvgateway.org/api/locations/250985871/",32.7561179812144,-16.943973168023,32.7561179812144,"Dengue"
"188967083.709",2012-11-07,2012-11-06,38,188967083,"27","188967083","P1D","http://aido.bsvgateway.org/api/locations/188967083/","Madeira","Madeira, Portugal","State","http://aido.bsvgateway.org/api/locations/250985871/",-16.943973168023,-16.943973168023,32.7561179812144,"Dengue"
"188967083.710",2012-11-08,2012-11-07,26,188967083,"27","188967083","P1D","http://aido.bsvgateway.org/api/locations/188967083/","Madeira","Madeira, Portugal","State","http://aido.bsvgateway.org/api/locations/250985871/",32.7561179812144,-16.943973168023,32.7561179812144,"Dengue"
"188967083.711",2012-11-09,2012-11-08,50,188967083,"27","188967083","P1D","http://aido.bsvgateway.org/api/locations/188967083/","Madeira","Madeira, Portugal","State","http://aido.bsvgateway.org/api/locations/250985871/",-16.943973168023,-16.943973168023,32.7561179812144,"Dengue"
"188967083.712",2012-11-10,2012-11-09,34,188967083,"27","188967083","P1D","http://aido.bsvgateway.org/api/locations/188967083/","Madeira","Madeira, Portugal","State","http://aido.bsvgateway.org/api/locations/250985871/",32.7561179812144,-16.943973168023,32.7561179812144,"Dengue"
"188967083.713",2012-11-11,2012-11-10,30,188967083,"27","188967083","P1D","http://aido.bsvgateway.org/api/locations/188967083/","Madeira","Madeira, Portugal","State","http://aido.bsvgateway.org/api/locations/250985871/",-16.943973168023,-16.943973168023,32.7561179812144,"Dengue"
"188967083.714",2012-11-12,2012-11-11,25,188967083,"27","188967083","P1D","http://aido.bsvgateway.org/api/locations/188967083/","Madeira","Madeira, Portugal","State","http://aido.bsvgateway.org/api/locations/250985871/",32.7561179812144,-16.943973168023,32.7561179812144,"Dengue"
