"","end","start","value","id","disease","location","duration","url","name","full_name","admin_level_name","parent","centroid_lat_long","longitude","latitude","disease_name"
"57939877.97",2009-08-10,2009-08-03,2,57939877,"31","57939877","P7D","http://aido.bsvgateway.org/api/locations/57939877/","Taiwan","Taiwan","Country","http://aido.bsvgateway.org/api/locations/20359812/",23.7529851134102,120.949875329769,23.7529851134102,"Leptospirosis"
"57939877.98",2009-08-17,2009-08-10,3,57939877,"31","57939877","P7D","http://aido.bsvgateway.org/api/locations/57939877/","Taiwan","Taiwan","Country","http://aido.bsvgateway.org/api/locations/20359812/",120.949875329769,120.949875329769,23.7529851134102,"Leptospirosis"
"57939877.99",2009-08-24,2009-08-17,88,57939877,"31","57939877","P7D","http://aido.bsvgateway.org/api/locations/57939877/","Taiwan","Taiwan","Country","http://aido.bsvgateway.org/api/locations/20359812/",23.7529851134102,120.949875329769,23.7529851134102,"Leptospirosis"
"57939877.100",2009-08-31,2009-08-24,43,57939877,"31","57939877","P7D","http://aido.bsvgateway.org/api/locations/57939877/","Taiwan","Taiwan","Country","http://aido.bsvgateway.org/api/locations/20359812/",120.949875329769,120.949875329769,23.7529851134102,"Leptospirosis"
"57939877.101",2009-09-07,2009-08-31,5,57939877,"31","57939877","P7D","http://aido.bsvgateway.org/api/locations/57939877/","Taiwan","Taiwan","Country","http://aido.bsvgateway.org/api/locations/20359812/",23.7529851134102,120.949875329769,23.7529851134102,"Leptospirosis"
"57939877.102",2009-09-14,2009-09-07,5,57939877,"31","57939877","P7D","http://aido.bsvgateway.org/api/locations/57939877/","Taiwan","Taiwan","Country","http://aido.bsvgateway.org/api/locations/20359812/",120.949875329769,120.949875329769,23.7529851134102,"Leptospirosis"
"57939877.103",2009-09-21,2009-09-14,3,57939877,"31","57939877","P7D","http://aido.bsvgateway.org/api/locations/57939877/","Taiwan","Taiwan","Country","http://aido.bsvgateway.org/api/locations/20359812/",23.7529851134102,120.949875329769,23.7529851134102,"Leptospirosis"
"57939877.104",2009-09-28,2009-09-21,5,57939877,"31","57939877","P7D","http://aido.bsvgateway.org/api/locations/57939877/","Taiwan","Taiwan","Country","http://aido.bsvgateway.org/api/locations/20359812/",120.949875329769,120.949875329769,23.7529851134102,"Leptospirosis"
"57939877.105",2009-10-05,2009-09-28,3,57939877,"31","57939877","P7D","http://aido.bsvgateway.org/api/locations/57939877/","Taiwan","Taiwan","Country","http://aido.bsvgateway.org/api/locations/20359812/",23.7529851134102,120.949875329769,23.7529851134102,"Leptospirosis"
"57939877.106",2009-10-12,2009-10-05,4,57939877,"31","57939877","P7D","http://aido.bsvgateway.org/api/locations/57939877/","Taiwan","Taiwan","Country","http://aido.bsvgateway.org/api/locations/20359812/",120.949875329769,120.949875329769,23.7529851134102,"Leptospirosis"
"57939877.107",2009-10-19,2009-10-12,3,57939877,"31","57939877","P7D","http://aido.bsvgateway.org/api/locations/57939877/","Taiwan","Taiwan","Country","http://aido.bsvgateway.org/api/locations/20359812/",23.7529851134102,120.949875329769,23.7529851134102,"Leptospirosis"
"57939877.108",2009-10-26,2009-10-19,3,57939877,"31","57939877","P7D","http://aido.bsvgateway.org/api/locations/57939877/","Taiwan","Taiwan","Country","http://aido.bsvgateway.org/api/locations/20359812/",120.949875329769,120.949875329769,23.7529851134102,"Leptospirosis"
"57939877.109",2009-11-02,2009-10-26,2,57939877,"31","57939877","P7D","http://aido.bsvgateway.org/api/locations/57939877/","Taiwan","Taiwan","Country","http://aido.bsvgateway.org/api/locations/20359812/",23.7529851134102,120.949875329769,23.7529851134102,"Leptospirosis"
