"","end","start","value","id","disease","location","duration","url","name","full_name","admin_level_name","parent","centroid_lat_long","longitude","latitude","disease_name"
"199410357.51",2013-03-03,2013-02-24,10,199410357,"78","199410357","P7D","http://aido.bsvgateway.org/api/locations/199410357/","Syria","Syria","Country","http://aido.bsvgateway.org/api/locations/20359812/",35.0230025583862,38.5045643291001,35.0230025583862,"Brucellosis"
"199410357.52",2013-03-10,2013-03-03,3,199410357,"78","199410357","P7D","http://aido.bsvgateway.org/api/locations/199410357/","Syria","Syria","Country","http://aido.bsvgateway.org/api/locations/20359812/",38.5045643291001,38.5045643291001,35.0230025583862,"Brucellosis"
"199410357.53",2013-03-17,2013-03-10,8,199410357,"78","199410357","P7D","http://aido.bsvgateway.org/api/locations/199410357/","Syria","Syria","Country","http://aido.bsvgateway.org/api/locations/20359812/",35.0230025583862,38.5045643291001,35.0230025583862,"Brucellosis"
"199410357.54",2013-03-24,2013-03-17,10,199410357,"78","199410357","P7D","http://aido.bsvgateway.org/api/locations/199410357/","Syria","Syria","Country","http://aido.bsvgateway.org/api/locations/20359812/",38.5045643291001,38.5045643291001,35.0230025583862,"Brucellosis"
"199410357.55",2013-03-31,2013-03-24,2,199410357,"78","199410357","P7D","http://aido.bsvgateway.org/api/locations/199410357/","Syria","Syria","Country","http://aido.bsvgateway.org/api/locations/20359812/",35.0230025583862,38.5045643291001,35.0230025583862,"Brucellosis"
"199410357.56",2013-04-07,2013-03-31,13,199410357,"78","199410357","P7D","http://aido.bsvgateway.org/api/locations/199410357/","Syria","Syria","Country","http://aido.bsvgateway.org/api/locations/20359812/",38.5045643291001,38.5045643291001,35.0230025583862,"Brucellosis"
"199410357.57",2013-04-14,2013-04-07,9,199410357,"78","199410357","P7D","http://aido.bsvgateway.org/api/locations/199410357/","Syria","Syria","Country","http://aido.bsvgateway.org/api/locations/20359812/",35.0230025583862,38.5045643291001,35.0230025583862,"Brucellosis"
"199410357.58",2013-04-21,2013-04-14,6,199410357,"78","199410357","P7D","http://aido.bsvgateway.org/api/locations/199410357/","Syria","Syria","Country","http://aido.bsvgateway.org/api/locations/20359812/",38.5045643291001,38.5045643291001,35.0230025583862,"Brucellosis"
"199410357.59",2013-04-28,2013-04-21,14,199410357,"78","199410357","P7D","http://aido.bsvgateway.org/api/locations/199410357/","Syria","Syria","Country","http://aido.bsvgateway.org/api/locations/20359812/",35.0230025583862,38.5045643291001,35.0230025583862,"Brucellosis"
"199410357.60",2013-05-05,2013-04-28,4,199410357,"78","199410357","P7D","http://aido.bsvgateway.org/api/locations/199410357/","Syria","Syria","Country","http://aido.bsvgateway.org/api/locations/20359812/",38.5045643291001,38.5045643291001,35.0230025583862,"Brucellosis"
"199410357.61",2013-05-12,2013-05-05,11,199410357,"78","199410357","P7D","http://aido.bsvgateway.org/api/locations/199410357/","Syria","Syria","Country","http://aido.bsvgateway.org/api/locations/20359812/",35.0230025583862,38.5045643291001,35.0230025583862,"Brucellosis"
"199410357.62",2013-05-19,2013-05-12,13,199410357,"78","199410357","P7D","http://aido.bsvgateway.org/api/locations/199410357/","Syria","Syria","Country","http://aido.bsvgateway.org/api/locations/20359812/",38.5045643291001,38.5045643291001,35.0230025583862,"Brucellosis"
"199410357.63",2013-05-26,2013-05-19,24,199410357,"78","199410357","P7D","http://aido.bsvgateway.org/api/locations/199410357/","Syria","Syria","Country","http://aido.bsvgateway.org/api/locations/20359812/",35.0230025583862,38.5045643291001,35.0230025583862,"Brucellosis"
"199410357.64",2013-06-02,2013-05-26,21,199410357,"78","199410357","P7D","http://aido.bsvgateway.org/api/locations/199410357/","Syria","Syria","Country","http://aido.bsvgateway.org/api/locations/20359812/",38.5045643291001,38.5045643291001,35.0230025583862,"Brucellosis"
"199410357.65",2013-06-09,2013-06-02,23,199410357,"78","199410357","P7D","http://aido.bsvgateway.org/api/locations/199410357/","Syria","Syria","Country","http://aido.bsvgateway.org/api/locations/20359812/",35.0230025583862,38.5045643291001,35.0230025583862,"Brucellosis"
"199410357.66",2013-06-16,2013-06-09,24,199410357,"78","199410357","P7D","http://aido.bsvgateway.org/api/locations/199410357/","Syria","Syria","Country","http://aido.bsvgateway.org/api/locations/20359812/",38.5045643291001,38.5045643291001,35.0230025583862,"Brucellosis"
"199410357.67",2013-06-23,2013-06-16,87,199410357,"78","199410357","P7D","http://aido.bsvgateway.org/api/locations/199410357/","Syria","Syria","Country","http://aido.bsvgateway.org/api/locations/20359812/",35.0230025583862,38.5045643291001,35.0230025583862,"Brucellosis"
"199410357.68",2013-06-30,2013-06-23,119,199410357,"78","199410357","P7D","http://aido.bsvgateway.org/api/locations/199410357/","Syria","Syria","Country","http://aido.bsvgateway.org/api/locations/20359812/",38.5045643291001,38.5045643291001,35.0230025583862,"Brucellosis"
"199410357.69",2013-07-07,2013-06-30,115,199410357,"78","199410357","P7D","http://aido.bsvgateway.org/api/locations/199410357/","Syria","Syria","Country","http://aido.bsvgateway.org/api/locations/20359812/",35.0230025583862,38.5045643291001,35.0230025583862,"Brucellosis"
"199410357.70",2013-07-14,2013-07-07,120,199410357,"78","199410357","P7D","http://aido.bsvgateway.org/api/locations/199410357/","Syria","Syria","Country","http://aido.bsvgateway.org/api/locations/20359812/",38.5045643291001,38.5045643291001,35.0230025583862,"Brucellosis"
"199410357.71",2013-07-21,2013-07-14,98,199410357,"78","199410357","P7D","http://aido.bsvgateway.org/api/locations/199410357/","Syria","Syria","Country","http://aido.bsvgateway.org/api/locations/20359812/",35.0230025583862,38.5045643291001,35.0230025583862,"Brucellosis"
"199410357.72",2013-07-28,2013-07-21,0,199410357,"78","199410357","P7D","http://aido.bsvgateway.org/api/locations/199410357/","Syria","Syria","Country","http://aido.bsvgateway.org/api/locations/20359812/",38.5045643291001,38.5045643291001,35.0230025583862,"Brucellosis"
"199410357.73",2013-08-04,2013-07-28,0,199410357,"78","199410357","P7D","http://aido.bsvgateway.org/api/locations/199410357/","Syria","Syria","Country","http://aido.bsvgateway.org/api/locations/20359812/",35.0230025583862,38.5045643291001,35.0230025583862,"Brucellosis"
"199410357.74",2013-08-11,2013-08-04,200,199410357,"78","199410357","P7D","http://aido.bsvgateway.org/api/locations/199410357/","Syria","Syria","Country","http://aido.bsvgateway.org/api/locations/20359812/",38.5045643291001,38.5045643291001,35.0230025583862,"Brucellosis"
"199410357.75",2013-08-18,2013-08-11,124,199410357,"78","199410357","P7D","http://aido.bsvgateway.org/api/locations/199410357/","Syria","Syria","Country","http://aido.bsvgateway.org/api/locations/20359812/",35.0230025583862,38.5045643291001,35.0230025583862,"Brucellosis"
