"","end","start","value","id","disease","location","duration","url","name","full_name","admin_level_name","parent","centroid_lat_long","longitude","latitude","disease_name"
"74481847.142",2009-07-04,2009-07-03,19,74481847,"50","74481847","P1D","http://aido.bsvgateway.org/api/locations/74481847/","Gyeonggi","Gyeonggi, South Korea","State","http://aido.bsvgateway.org/api/locations/204325566/",37.5263114175988,127.121300101217,37.5263114175988,"Campylobacteriosis"
"74481847.143",2009-07-05,2009-07-04,41,74481847,"50","74481847","P1D","http://aido.bsvgateway.org/api/locations/74481847/","Gyeonggi","Gyeonggi, South Korea","State","http://aido.bsvgateway.org/api/locations/204325566/",127.121300101217,127.121300101217,37.5263114175988,"Campylobacteriosis"
"74481847.144",2009-07-06,2009-07-05,19,74481847,"50","74481847","P1D","http://aido.bsvgateway.org/api/locations/74481847/","Gyeonggi","Gyeonggi, South Korea","State","http://aido.bsvgateway.org/api/locations/204325566/",37.5263114175988,127.121300101217,37.5263114175988,"Campylobacteriosis"
"74481847.145",2009-07-07,2009-07-06,13,74481847,"50","74481847","P1D","http://aido.bsvgateway.org/api/locations/74481847/","Gyeonggi","Gyeonggi, South Korea","State","http://aido.bsvgateway.org/api/locations/204325566/",127.121300101217,127.121300101217,37.5263114175988,"Campylobacteriosis"
