"","end","start","value","id","disease","location","duration","url","name","full_name","admin_level_name","parent","centroid_lat_long","longitude","latitude","disease_name"
"200547390.106",2005-03-01,2005-02-01,981,200547390,"27","200547390","P1M","http://aido.bsvgateway.org/api/locations/200547390/","Singapore","Singapore","Country","http://aido.bsvgateway.org/api/locations/20359812/",1.35892102024372,103.813467658017,1.35892102024372,"Dengue"
"200547390.107",2005-04-01,2005-03-01,567,200547390,"27","200547390","P1M","http://aido.bsvgateway.org/api/locations/200547390/","Singapore","Singapore","Country","http://aido.bsvgateway.org/api/locations/20359812/",103.813467658017,103.813467658017,1.35892102024372,"Dengue"
"200547390.108",2005-05-01,2005-04-01,511,200547390,"27","200547390","P1M","http://aido.bsvgateway.org/api/locations/200547390/","Singapore","Singapore","Country","http://aido.bsvgateway.org/api/locations/20359812/",1.35892102024372,103.813467658017,1.35892102024372,"Dengue"
"200547390.109",2005-06-01,2005-05-01,636,200547390,"27","200547390","P1M","http://aido.bsvgateway.org/api/locations/200547390/","Singapore","Singapore","Country","http://aido.bsvgateway.org/api/locations/20359812/",103.813467658017,103.813467658017,1.35892102024372,"Dengue"
"200547390.110",2005-07-01,2005-06-01,1090,200547390,"27","200547390","P1M","http://aido.bsvgateway.org/api/locations/200547390/","Singapore","Singapore","Country","http://aido.bsvgateway.org/api/locations/20359812/",1.35892102024372,103.813467658017,1.35892102024372,"Dengue"
"200547390.111",2005-08-01,2005-07-01,1536,200547390,"27","200547390","P1M","http://aido.bsvgateway.org/api/locations/200547390/","Singapore","Singapore","Country","http://aido.bsvgateway.org/api/locations/20359812/",103.813467658017,103.813467658017,1.35892102024372,"Dengue"
"200547390.112",2005-09-01,2005-08-01,1843,200547390,"27","200547390","P1M","http://aido.bsvgateway.org/api/locations/200547390/","Singapore","Singapore","Country","http://aido.bsvgateway.org/api/locations/20359812/",1.35892102024372,103.813467658017,1.35892102024372,"Dengue"
"200547390.113",2005-10-01,2005-09-01,2704,200547390,"27","200547390","P1M","http://aido.bsvgateway.org/api/locations/200547390/","Singapore","Singapore","Country","http://aido.bsvgateway.org/api/locations/20359812/",103.813467658017,103.813467658017,1.35892102024372,"Dengue"
"200547390.114",2005-11-01,2005-10-01,1640,200547390,"27","200547390","P1M","http://aido.bsvgateway.org/api/locations/200547390/","Singapore","Singapore","Country","http://aido.bsvgateway.org/api/locations/20359812/",1.35892102024372,103.813467658017,1.35892102024372,"Dengue"
"200547390.115",2005-12-01,2005-11-01,686,200547390,"27","200547390","P1M","http://aido.bsvgateway.org/api/locations/200547390/","Singapore","Singapore","Country","http://aido.bsvgateway.org/api/locations/20359812/",103.813467658017,103.813467658017,1.35892102024372,"Dengue"
"200547390.116",2006-01-01,2005-12-01,405,200547390,"27","200547390","P1M","http://aido.bsvgateway.org/api/locations/200547390/","Singapore","Singapore","Country","http://aido.bsvgateway.org/api/locations/20359812/",1.35892102024372,103.813467658017,1.35892102024372,"Dengue"
"200547390.117",2006-02-01,2006-01-01,267,200547390,"27","200547390","P1M","http://aido.bsvgateway.org/api/locations/200547390/","Singapore","Singapore","Country","http://aido.bsvgateway.org/api/locations/20359812/",103.813467658017,103.813467658017,1.35892102024372,"Dengue"
"200547390.118",2006-03-01,2006-02-01,261,200547390,"27","200547390","P1M","http://aido.bsvgateway.org/api/locations/200547390/","Singapore","Singapore","Country","http://aido.bsvgateway.org/api/locations/20359812/",1.35892102024372,103.813467658017,1.35892102024372,"Dengue"
"200547390.119",2006-04-01,2006-03-01,203,200547390,"27","200547390","P1M","http://aido.bsvgateway.org/api/locations/200547390/","Singapore","Singapore","Country","http://aido.bsvgateway.org/api/locations/20359812/",103.813467658017,103.813467658017,1.35892102024372,"Dengue"
"200547390.120",2006-05-01,2006-04-01,148,200547390,"27","200547390","P1M","http://aido.bsvgateway.org/api/locations/200547390/","Singapore","Singapore","Country","http://aido.bsvgateway.org/api/locations/20359812/",1.35892102024372,103.813467658017,1.35892102024372,"Dengue"
"200547390.121",2006-06-01,2006-05-01,284,200547390,"27","200547390","P1M","http://aido.bsvgateway.org/api/locations/200547390/","Singapore","Singapore","Country","http://aido.bsvgateway.org/api/locations/20359812/",103.813467658017,103.813467658017,1.35892102024372,"Dengue"
"200547390.122",2007-01-01,2006-12-01,202,200547390,"27","200547390","P1M","http://aido.bsvgateway.org/api/locations/200547390/","Singapore","Singapore","Country","http://aido.bsvgateway.org/api/locations/20359812/",1.35892102024372,103.813467658017,1.35892102024372,"Dengue"
"200547390.123",2007-02-01,2007-01-01,251,200547390,"27","200547390","P1M","http://aido.bsvgateway.org/api/locations/200547390/","Singapore","Singapore","Country","http://aido.bsvgateway.org/api/locations/20359812/",103.813467658017,103.813467658017,1.35892102024372,"Dengue"
"200547390.124",2007-03-01,2007-02-01,187,200547390,"27","200547390","P1M","http://aido.bsvgateway.org/api/locations/200547390/","Singapore","Singapore","Country","http://aido.bsvgateway.org/api/locations/20359812/",1.35892102024372,103.813467658017,1.35892102024372,"Dengue"
"200547390.125",2007-04-01,2007-03-01,291,200547390,"27","200547390","P1M","http://aido.bsvgateway.org/api/locations/200547390/","Singapore","Singapore","Country","http://aido.bsvgateway.org/api/locations/20359812/",103.813467658017,103.813467658017,1.35892102024372,"Dengue"
"200547390.126",2007-05-01,2007-04-01,456,200547390,"27","200547390","P1M","http://aido.bsvgateway.org/api/locations/200547390/","Singapore","Singapore","Country","http://aido.bsvgateway.org/api/locations/20359812/",1.35892102024372,103.813467658017,1.35892102024372,"Dengue"
"200547390.127",2007-06-01,2007-05-01,869,200547390,"27","200547390","P1M","http://aido.bsvgateway.org/api/locations/200547390/","Singapore","Singapore","Country","http://aido.bsvgateway.org/api/locations/20359812/",103.813467658017,103.813467658017,1.35892102024372,"Dengue"
"200547390.128",2007-07-01,2007-06-01,1445,200547390,"27","200547390","P1M","http://aido.bsvgateway.org/api/locations/200547390/","Singapore","Singapore","Country","http://aido.bsvgateway.org/api/locations/20359812/",1.35892102024372,103.813467658017,1.35892102024372,"Dengue"
"200547390.129",2007-08-01,2007-07-01,1601,200547390,"27","200547390","P1M","http://aido.bsvgateway.org/api/locations/200547390/","Singapore","Singapore","Country","http://aido.bsvgateway.org/api/locations/20359812/",103.813467658017,103.813467658017,1.35892102024372,"Dengue"
"200547390.130",2007-09-01,2007-08-01,1051,200547390,"27","200547390","P1M","http://aido.bsvgateway.org/api/locations/200547390/","Singapore","Singapore","Country","http://aido.bsvgateway.org/api/locations/20359812/",1.35892102024372,103.813467658017,1.35892102024372,"Dengue"
"200547390.131",2007-10-01,2007-09-01,803,200547390,"27","200547390","P1M","http://aido.bsvgateway.org/api/locations/200547390/","Singapore","Singapore","Country","http://aido.bsvgateway.org/api/locations/20359812/",103.813467658017,103.813467658017,1.35892102024372,"Dengue"
"200547390.132",2007-11-01,2007-10-01,648,200547390,"27","200547390","P1M","http://aido.bsvgateway.org/api/locations/200547390/","Singapore","Singapore","Country","http://aido.bsvgateway.org/api/locations/20359812/",1.35892102024372,103.813467658017,1.35892102024372,"Dengue"
"200547390.133",2007-12-01,2007-11-01,547,200547390,"27","200547390","P1M","http://aido.bsvgateway.org/api/locations/200547390/","Singapore","Singapore","Country","http://aido.bsvgateway.org/api/locations/20359812/",103.813467658017,103.813467658017,1.35892102024372,"Dengue"
"200547390.134",2008-01-01,2007-12-01,488,200547390,"27","200547390","P1M","http://aido.bsvgateway.org/api/locations/200547390/","Singapore","Singapore","Country","http://aido.bsvgateway.org/api/locations/20359812/",1.35892102024372,103.813467658017,1.35892102024372,"Dengue"
"200547390.135",2013-01-06,2012-12-30,136,200547390,"27","200547390","P7D","http://aido.bsvgateway.org/api/locations/200547390/","Singapore","Singapore","Country","http://aido.bsvgateway.org/api/locations/20359812/",103.813467658017,103.813467658017,1.35892102024372,"Dengue"
"200547390.136",2013-01-13,2013-01-06,209,200547390,"27","200547390","P7D","http://aido.bsvgateway.org/api/locations/200547390/","Singapore","Singapore","Country","http://aido.bsvgateway.org/api/locations/20359812/",1.35892102024372,103.813467658017,1.35892102024372,"Dengue"
"200547390.137",2013-01-20,2013-01-13,222,200547390,"27","200547390","P7D","http://aido.bsvgateway.org/api/locations/200547390/","Singapore","Singapore","Country","http://aido.bsvgateway.org/api/locations/20359812/",103.813467658017,103.813467658017,1.35892102024372,"Dengue"
"200547390.138",2013-01-27,2013-01-20,270,200547390,"27","200547390","P7D","http://aido.bsvgateway.org/api/locations/200547390/","Singapore","Singapore","Country","http://aido.bsvgateway.org/api/locations/20359812/",1.35892102024372,103.813467658017,1.35892102024372,"Dengue"
"200547390.139",2013-02-03,2013-01-27,296,200547390,"27","200547390","P7D","http://aido.bsvgateway.org/api/locations/200547390/","Singapore","Singapore","Country","http://aido.bsvgateway.org/api/locations/20359812/",103.813467658017,103.813467658017,1.35892102024372,"Dengue"
"200547390.140",2013-02-10,2013-02-03,324,200547390,"27","200547390","P7D","http://aido.bsvgateway.org/api/locations/200547390/","Singapore","Singapore","Country","http://aido.bsvgateway.org/api/locations/20359812/",1.35892102024372,103.813467658017,1.35892102024372,"Dengue"
"200547390.141",2013-02-17,2013-02-10,248,200547390,"27","200547390","P7D","http://aido.bsvgateway.org/api/locations/200547390/","Singapore","Singapore","Country","http://aido.bsvgateway.org/api/locations/20359812/",103.813467658017,103.813467658017,1.35892102024372,"Dengue"
"200547390.142",2013-02-24,2013-02-17,301,200547390,"27","200547390","P7D","http://aido.bsvgateway.org/api/locations/200547390/","Singapore","Singapore","Country","http://aido.bsvgateway.org/api/locations/20359812/",1.35892102024372,103.813467658017,1.35892102024372,"Dengue"
"200547390.143",2013-03-03,2013-02-24,253,200547390,"27","200547390","P7D","http://aido.bsvgateway.org/api/locations/200547390/","Singapore","Singapore","Country","http://aido.bsvgateway.org/api/locations/20359812/",103.813467658017,103.813467658017,1.35892102024372,"Dengue"
"200547390.144",2013-03-10,2013-03-03,275,200547390,"27","200547390","P7D","http://aido.bsvgateway.org/api/locations/200547390/","Singapore","Singapore","Country","http://aido.bsvgateway.org/api/locations/20359812/",1.35892102024372,103.813467658017,1.35892102024372,"Dengue"
"200547390.145",2013-03-17,2013-03-10,313,200547390,"27","200547390","P7D","http://aido.bsvgateway.org/api/locations/200547390/","Singapore","Singapore","Country","http://aido.bsvgateway.org/api/locations/20359812/",103.813467658017,103.813467658017,1.35892102024372,"Dengue"
"200547390.146",2013-03-24,2013-03-17,309,200547390,"27","200547390","P7D","http://aido.bsvgateway.org/api/locations/200547390/","Singapore","Singapore","Country","http://aido.bsvgateway.org/api/locations/20359812/",1.35892102024372,103.813467658017,1.35892102024372,"Dengue"
"200547390.147",2013-03-31,2013-03-24,312,200547390,"27","200547390","P7D","http://aido.bsvgateway.org/api/locations/200547390/","Singapore","Singapore","Country","http://aido.bsvgateway.org/api/locations/20359812/",103.813467658017,103.813467658017,1.35892102024372,"Dengue"
"200547390.148",2013-04-07,2013-03-31,409,200547390,"27","200547390","P7D","http://aido.bsvgateway.org/api/locations/200547390/","Singapore","Singapore","Country","http://aido.bsvgateway.org/api/locations/20359812/",1.35892102024372,103.813467658017,1.35892102024372,"Dengue"
"200547390.149",2013-04-14,2013-04-07,496,200547390,"27","200547390","P7D","http://aido.bsvgateway.org/api/locations/200547390/","Singapore","Singapore","Country","http://aido.bsvgateway.org/api/locations/20359812/",103.813467658017,103.813467658017,1.35892102024372,"Dengue"
"200547390.150",2013-04-21,2013-04-14,511,200547390,"27","200547390","P7D","http://aido.bsvgateway.org/api/locations/200547390/","Singapore","Singapore","Country","http://aido.bsvgateway.org/api/locations/20359812/",1.35892102024372,103.813467658017,1.35892102024372,"Dengue"
"200547390.151",2013-04-28,2013-04-21,540,200547390,"27","200547390","P7D","http://aido.bsvgateway.org/api/locations/200547390/","Singapore","Singapore","Country","http://aido.bsvgateway.org/api/locations/20359812/",103.813467658017,103.813467658017,1.35892102024372,"Dengue"
"200547390.152",2013-05-05,2013-04-28,549,200547390,"27","200547390","P7D","http://aido.bsvgateway.org/api/locations/200547390/","Singapore","Singapore","Country","http://aido.bsvgateway.org/api/locations/20359812/",1.35892102024372,103.813467658017,1.35892102024372,"Dengue"
"200547390.153",2013-05-12,2013-05-05,562,200547390,"27","200547390","P7D","http://aido.bsvgateway.org/api/locations/200547390/","Singapore","Singapore","Country","http://aido.bsvgateway.org/api/locations/20359812/",103.813467658017,103.813467658017,1.35892102024372,"Dengue"
"200547390.154",2013-05-19,2013-05-12,610,200547390,"27","200547390","P7D","http://aido.bsvgateway.org/api/locations/200547390/","Singapore","Singapore","Country","http://aido.bsvgateway.org/api/locations/20359812/",1.35892102024372,103.813467658017,1.35892102024372,"Dengue"
"200547390.155",2013-05-26,2013-05-19,642,200547390,"27","200547390","P7D","http://aido.bsvgateway.org/api/locations/200547390/","Singapore","Singapore","Country","http://aido.bsvgateway.org/api/locations/20359812/",103.813467658017,103.813467658017,1.35892102024372,"Dengue"
"200547390.156",2013-06-02,2013-05-26,747,200547390,"27","200547390","P7D","http://aido.bsvgateway.org/api/locations/200547390/","Singapore","Singapore","Country","http://aido.bsvgateway.org/api/locations/20359812/",1.35892102024372,103.813467658017,1.35892102024372,"Dengue"
"200547390.157",2013-06-09,2013-06-02,820,200547390,"27","200547390","P7D","http://aido.bsvgateway.org/api/locations/200547390/","Singapore","Singapore","Country","http://aido.bsvgateway.org/api/locations/20359812/",103.813467658017,103.813467658017,1.35892102024372,"Dengue"
"200547390.158",2013-06-16,2013-06-09,811,200547390,"27","200547390","P7D","http://aido.bsvgateway.org/api/locations/200547390/","Singapore","Singapore","Country","http://aido.bsvgateway.org/api/locations/20359812/",1.35892102024372,103.813467658017,1.35892102024372,"Dengue"
"200547390.159",2013-06-23,2013-06-16,843,200547390,"27","200547390","P7D","http://aido.bsvgateway.org/api/locations/200547390/","Singapore","Singapore","Country","http://aido.bsvgateway.org/api/locations/20359812/",103.813467658017,103.813467658017,1.35892102024372,"Dengue"
"200547390.160",2013-06-30,2013-06-23,812,200547390,"27","200547390","P7D","http://aido.bsvgateway.org/api/locations/200547390/","Singapore","Singapore","Country","http://aido.bsvgateway.org/api/locations/20359812/",1.35892102024372,103.813467658017,1.35892102024372,"Dengue"
"200547390.161",2013-07-07,2013-06-30,683,200547390,"27","200547390","P7D","http://aido.bsvgateway.org/api/locations/200547390/","Singapore","Singapore","Country","http://aido.bsvgateway.org/api/locations/20359812/",103.813467658017,103.813467658017,1.35892102024372,"Dengue"
"200547390.162",2013-07-14,2013-07-07,545,200547390,"27","200547390","P7D","http://aido.bsvgateway.org/api/locations/200547390/","Singapore","Singapore","Country","http://aido.bsvgateway.org/api/locations/20359812/",1.35892102024372,103.813467658017,1.35892102024372,"Dengue"
"200547390.163",2013-07-21,2013-07-14,399,200547390,"27","200547390","P7D","http://aido.bsvgateway.org/api/locations/200547390/","Singapore","Singapore","Country","http://aido.bsvgateway.org/api/locations/20359812/",103.813467658017,103.813467658017,1.35892102024372,"Dengue"
"200547390.164",2013-07-28,2013-07-21,313,200547390,"27","200547390","P7D","http://aido.bsvgateway.org/api/locations/200547390/","Singapore","Singapore","Country","http://aido.bsvgateway.org/api/locations/20359812/",1.35892102024372,103.813467658017,1.35892102024372,"Dengue"
"200547390.165",2013-08-04,2013-07-28,290,200547390,"27","200547390","P7D","http://aido.bsvgateway.org/api/locations/200547390/","Singapore","Singapore","Country","http://aido.bsvgateway.org/api/locations/20359812/",103.813467658017,103.813467658017,1.35892102024372,"Dengue"
"200547390.166",2013-08-11,2013-08-04,260,200547390,"27","200547390","P7D","http://aido.bsvgateway.org/api/locations/200547390/","Singapore","Singapore","Country","http://aido.bsvgateway.org/api/locations/20359812/",1.35892102024372,103.813467658017,1.35892102024372,"Dengue"
"200547390.167",2013-08-18,2013-08-11,385,200547390,"27","200547390","P7D","http://aido.bsvgateway.org/api/locations/200547390/","Singapore","Singapore","Country","http://aido.bsvgateway.org/api/locations/20359812/",103.813467658017,103.813467658017,1.35892102024372,"Dengue"
"200547390.168",2013-08-25,2013-08-18,345,200547390,"27","200547390","P7D","http://aido.bsvgateway.org/api/locations/200547390/","Singapore","Singapore","Country","http://aido.bsvgateway.org/api/locations/20359812/",1.35892102024372,103.813467658017,1.35892102024372,"Dengue"
"200547390.169",2013-09-01,2013-08-25,388,200547390,"27","200547390","P7D","http://aido.bsvgateway.org/api/locations/200547390/","Singapore","Singapore","Country","http://aido.bsvgateway.org/api/locations/20359812/",103.813467658017,103.813467658017,1.35892102024372,"Dengue"
"200547390.170",2013-09-08,2013-09-01,455,200547390,"27","200547390","P7D","http://aido.bsvgateway.org/api/locations/200547390/","Singapore","Singapore","Country","http://aido.bsvgateway.org/api/locations/20359812/",1.35892102024372,103.813467658017,1.35892102024372,"Dengue"
"200547390.171",2013-09-15,2013-09-08,342,200547390,"27","200547390","P7D","http://aido.bsvgateway.org/api/locations/200547390/","Singapore","Singapore","Country","http://aido.bsvgateway.org/api/locations/20359812/",103.813467658017,103.813467658017,1.35892102024372,"Dengue"
"200547390.172",2013-09-22,2013-09-15,380,200547390,"27","200547390","P7D","http://aido.bsvgateway.org/api/locations/200547390/","Singapore","Singapore","Country","http://aido.bsvgateway.org/api/locations/20359812/",1.35892102024372,103.813467658017,1.35892102024372,"Dengue"
"200547390.173",2013-09-29,2013-09-22,413,200547390,"27","200547390","P7D","http://aido.bsvgateway.org/api/locations/200547390/","Singapore","Singapore","Country","http://aido.bsvgateway.org/api/locations/20359812/",103.813467658017,103.813467658017,1.35892102024372,"Dengue"
"200547390.174",2013-10-06,2013-09-29,445,200547390,"27","200547390","P7D","http://aido.bsvgateway.org/api/locations/200547390/","Singapore","Singapore","Country","http://aido.bsvgateway.org/api/locations/20359812/",1.35892102024372,103.813467658017,1.35892102024372,"Dengue"
"200547390.175",2013-10-13,2013-10-06,445,200547390,"27","200547390","P7D","http://aido.bsvgateway.org/api/locations/200547390/","Singapore","Singapore","Country","http://aido.bsvgateway.org/api/locations/20359812/",103.813467658017,103.813467658017,1.35892102024372,"Dengue"
"200547390.176",2013-10-20,2013-10-13,376,200547390,"27","200547390","P7D","http://aido.bsvgateway.org/api/locations/200547390/","Singapore","Singapore","Country","http://aido.bsvgateway.org/api/locations/20359812/",1.35892102024372,103.813467658017,1.35892102024372,"Dengue"
"200547390.177",2013-10-27,2013-10-20,465,200547390,"27","200547390","P7D","http://aido.bsvgateway.org/api/locations/200547390/","Singapore","Singapore","Country","http://aido.bsvgateway.org/api/locations/20359812/",103.813467658017,103.813467658017,1.35892102024372,"Dengue"
"200547390.178",2013-11-03,2013-10-27,461,200547390,"27","200547390","P7D","http://aido.bsvgateway.org/api/locations/200547390/","Singapore","Singapore","Country","http://aido.bsvgateway.org/api/locations/20359812/",1.35892102024372,103.813467658017,1.35892102024372,"Dengue"
"200547390.179",2013-11-10,2013-11-03,405,200547390,"27","200547390","P7D","http://aido.bsvgateway.org/api/locations/200547390/","Singapore","Singapore","Country","http://aido.bsvgateway.org/api/locations/20359812/",103.813467658017,103.813467658017,1.35892102024372,"Dengue"
"200547390.180",2013-11-17,2013-11-10,449,200547390,"27","200547390","P7D","http://aido.bsvgateway.org/api/locations/200547390/","Singapore","Singapore","Country","http://aido.bsvgateway.org/api/locations/20359812/",1.35892102024372,103.813467658017,1.35892102024372,"Dengue"
"200547390.181",2013-11-24,2013-11-17,373,200547390,"27","200547390","P7D","http://aido.bsvgateway.org/api/locations/200547390/","Singapore","Singapore","Country","http://aido.bsvgateway.org/api/locations/20359812/",103.813467658017,103.813467658017,1.35892102024372,"Dengue"
"200547390.182",2013-12-01,2013-11-24,379,200547390,"27","200547390","P7D","http://aido.bsvgateway.org/api/locations/200547390/","Singapore","Singapore","Country","http://aido.bsvgateway.org/api/locations/20359812/",1.35892102024372,103.813467658017,1.35892102024372,"Dengue"
"200547390.183",2013-12-08,2013-12-01,350,200547390,"27","200547390","P7D","http://aido.bsvgateway.org/api/locations/200547390/","Singapore","Singapore","Country","http://aido.bsvgateway.org/api/locations/20359812/",103.813467658017,103.813467658017,1.35892102024372,"Dengue"
"200547390.184",2013-12-15,2013-12-08,385,200547390,"27","200547390","P7D","http://aido.bsvgateway.org/api/locations/200547390/","Singapore","Singapore","Country","http://aido.bsvgateway.org/api/locations/20359812/",1.35892102024372,103.813467658017,1.35892102024372,"Dengue"
"200547390.185",2013-12-22,2013-12-15,375,200547390,"27","200547390","P7D","http://aido.bsvgateway.org/api/locations/200547390/","Singapore","Singapore","Country","http://aido.bsvgateway.org/api/locations/20359812/",103.813467658017,103.813467658017,1.35892102024372,"Dengue"
"200547390.186",2013-12-29,2013-12-22,419,200547390,"27","200547390","P7D","http://aido.bsvgateway.org/api/locations/200547390/","Singapore","Singapore","Country","http://aido.bsvgateway.org/api/locations/20359812/",1.35892102024372,103.813467658017,1.35892102024372,"Dengue"
"200547390.187",2014-01-05,2013-12-29,438,200547390,"27","200547390","P7D","http://aido.bsvgateway.org/api/locations/200547390/","Singapore","Singapore","Country","http://aido.bsvgateway.org/api/locations/20359812/",103.813467658017,103.813467658017,1.35892102024372,"Dengue"
"200547390.188",2014-01-12,2014-01-05,483,200547390,"27","200547390","P7D","http://aido.bsvgateway.org/api/locations/200547390/","Singapore","Singapore","Country","http://aido.bsvgateway.org/api/locations/20359812/",1.35892102024372,103.813467658017,1.35892102024372,"Dengue"
"200547390.189",2014-01-19,2014-01-12,403,200547390,"27","200547390","P7D","http://aido.bsvgateway.org/api/locations/200547390/","Singapore","Singapore","Country","http://aido.bsvgateway.org/api/locations/20359812/",103.813467658017,103.813467658017,1.35892102024372,"Dengue"
"200547390.190",2014-01-26,2014-01-19,338,200547390,"27","200547390","P7D","http://aido.bsvgateway.org/api/locations/200547390/","Singapore","Singapore","Country","http://aido.bsvgateway.org/api/locations/20359812/",1.35892102024372,103.813467658017,1.35892102024372,"Dengue"
"200547390.191",2014-02-02,2014-01-26,237,200547390,"27","200547390","P7D","http://aido.bsvgateway.org/api/locations/200547390/","Singapore","Singapore","Country","http://aido.bsvgateway.org/api/locations/20359812/",103.813467658017,103.813467658017,1.35892102024372,"Dengue"
"200547390.192",2014-02-09,2014-02-02,279,200547390,"27","200547390","P7D","http://aido.bsvgateway.org/api/locations/200547390/","Singapore","Singapore","Country","http://aido.bsvgateway.org/api/locations/20359812/",1.35892102024372,103.813467658017,1.35892102024372,"Dengue"
"200547390.193",2014-02-16,2014-02-09,370,200547390,"27","200547390","P7D","http://aido.bsvgateway.org/api/locations/200547390/","Singapore","Singapore","Country","http://aido.bsvgateway.org/api/locations/20359812/",103.813467658017,103.813467658017,1.35892102024372,"Dengue"
"200547390.194",2014-02-23,2014-02-16,197,200547390,"27","200547390","P7D","http://aido.bsvgateway.org/api/locations/200547390/","Singapore","Singapore","Country","http://aido.bsvgateway.org/api/locations/20359812/",1.35892102024372,103.813467658017,1.35892102024372,"Dengue"
"200547390.195",2014-03-02,2014-02-23,191,200547390,"27","200547390","P7D","http://aido.bsvgateway.org/api/locations/200547390/","Singapore","Singapore","Country","http://aido.bsvgateway.org/api/locations/20359812/",103.813467658017,103.813467658017,1.35892102024372,"Dengue"
"200547390.196",2014-03-09,2014-03-02,211,200547390,"27","200547390","P7D","http://aido.bsvgateway.org/api/locations/200547390/","Singapore","Singapore","Country","http://aido.bsvgateway.org/api/locations/20359812/",1.35892102024372,103.813467658017,1.35892102024372,"Dengue"
"200547390.197",2014-03-16,2014-03-09,228,200547390,"27","200547390","P7D","http://aido.bsvgateway.org/api/locations/200547390/","Singapore","Singapore","Country","http://aido.bsvgateway.org/api/locations/20359812/",103.813467658017,103.813467658017,1.35892102024372,"Dengue"
"200547390.198",2014-03-23,2014-03-16,210,200547390,"27","200547390","P7D","http://aido.bsvgateway.org/api/locations/200547390/","Singapore","Singapore","Country","http://aido.bsvgateway.org/api/locations/20359812/",1.35892102024372,103.813467658017,1.35892102024372,"Dengue"
"200547390.199",2014-03-30,2014-03-23,227,200547390,"27","200547390","P7D","http://aido.bsvgateway.org/api/locations/200547390/","Singapore","Singapore","Country","http://aido.bsvgateway.org/api/locations/20359812/",103.813467658017,103.813467658017,1.35892102024372,"Dengue"
"200547390.200",2014-04-06,2014-03-30,243,200547390,"27","200547390","P7D","http://aido.bsvgateway.org/api/locations/200547390/","Singapore","Singapore","Country","http://aido.bsvgateway.org/api/locations/20359812/",1.35892102024372,103.813467658017,1.35892102024372,"Dengue"
"200547390.201",2014-04-13,2014-04-06,247,200547390,"27","200547390","P7D","http://aido.bsvgateway.org/api/locations/200547390/","Singapore","Singapore","Country","http://aido.bsvgateway.org/api/locations/20359812/",103.813467658017,103.813467658017,1.35892102024372,"Dengue"
