"","end","start","value","id","disease","location","duration","url","name","full_name","admin_level_name","parent","centroid_lat_long","longitude","latitude","disease_name"
"102446886.413",2009-06-22,2009-06-15,13,102446886,"30","102446886","P7D","http://aido.bsvgateway.org/api/locations/102446886/","India","India","Country","http://aido.bsvgateway.org/api/locations/20359812/",22.8879524743579,79.615721549001,22.8879524743579,"Novel Influenza A"
"102446886.414",2009-06-29,2009-06-22,9,102446886,"30","102446886","P7D","http://aido.bsvgateway.org/api/locations/102446886/","India","India","Country","http://aido.bsvgateway.org/api/locations/20359812/",79.615721549001,79.615721549001,22.8879524743579,"Novel Influenza A"
"102446886.415",2009-07-06,2009-06-29,18,102446886,"30","102446886","P7D","http://aido.bsvgateway.org/api/locations/102446886/","India","India","Country","http://aido.bsvgateway.org/api/locations/20359812/",22.8879524743579,79.615721549001,22.8879524743579,"Novel Influenza A"
"102446886.416",2009-07-13,2009-07-06,23,102446886,"30","102446886","P7D","http://aido.bsvgateway.org/api/locations/102446886/","India","India","Country","http://aido.bsvgateway.org/api/locations/20359812/",79.615721549001,79.615721549001,22.8879524743579,"Novel Influenza A"
"102446886.417",2009-07-20,2009-07-13,27,102446886,"30","102446886","P7D","http://aido.bsvgateway.org/api/locations/102446886/","India","India","Country","http://aido.bsvgateway.org/api/locations/20359812/",22.8879524743579,79.615721549001,22.8879524743579,"Novel Influenza A"
"102446886.418",2009-07-27,2009-07-20,45,102446886,"30","102446886","P7D","http://aido.bsvgateway.org/api/locations/102446886/","India","India","Country","http://aido.bsvgateway.org/api/locations/20359812/",79.615721549001,79.615721549001,22.8879524743579,"Novel Influenza A"
"102446886.419",2009-08-03,2009-07-27,67,102446886,"30","102446886","P7D","http://aido.bsvgateway.org/api/locations/102446886/","India","India","Country","http://aido.bsvgateway.org/api/locations/20359812/",22.8879524743579,79.615721549001,22.8879524743579,"Novel Influenza A"
"102446886.420",2009-08-10,2009-08-03,209,102446886,"30","102446886","P7D","http://aido.bsvgateway.org/api/locations/102446886/","India","India","Country","http://aido.bsvgateway.org/api/locations/20359812/",79.615721549001,79.615721549001,22.8879524743579,"Novel Influenza A"
"102446886.421",2009-08-17,2009-08-10,713,102446886,"30","102446886","P7D","http://aido.bsvgateway.org/api/locations/102446886/","India","India","Country","http://aido.bsvgateway.org/api/locations/20359812/",22.8879524743579,79.615721549001,22.8879524743579,"Novel Influenza A"
"102446886.422",2009-08-24,2009-08-17,292,102446886,"30","102446886","P7D","http://aido.bsvgateway.org/api/locations/102446886/","India","India","Country","http://aido.bsvgateway.org/api/locations/20359812/",79.615721549001,79.615721549001,22.8879524743579,"Novel Influenza A"
"102446886.423",2009-08-31,2009-08-24,149,102446886,"30","102446886","P7D","http://aido.bsvgateway.org/api/locations/102446886/","India","India","Country","http://aido.bsvgateway.org/api/locations/20359812/",22.8879524743579,79.615721549001,22.8879524743579,"Novel Influenza A"
"102446886.424",2009-09-07,2009-08-31,113,102446886,"30","102446886","P7D","http://aido.bsvgateway.org/api/locations/102446886/","India","India","Country","http://aido.bsvgateway.org/api/locations/20359812/",79.615721549001,79.615721549001,22.8879524743579,"Novel Influenza A"
"102446886.425",2009-09-14,2009-09-07,166,102446886,"30","102446886","P7D","http://aido.bsvgateway.org/api/locations/102446886/","India","India","Country","http://aido.bsvgateway.org/api/locations/20359812/",22.8879524743579,79.615721549001,22.8879524743579,"Novel Influenza A"
"102446886.426",2009-09-21,2009-09-14,279,102446886,"30","102446886","P7D","http://aido.bsvgateway.org/api/locations/102446886/","India","India","Country","http://aido.bsvgateway.org/api/locations/20359812/",79.615721549001,79.615721549001,22.8879524743579,"Novel Influenza A"
"102446886.427",2009-09-28,2009-09-21,318,102446886,"30","102446886","P7D","http://aido.bsvgateway.org/api/locations/102446886/","India","India","Country","http://aido.bsvgateway.org/api/locations/20359812/",22.8879524743579,79.615721549001,22.8879524743579,"Novel Influenza A"
"102446886.428",2009-10-05,2009-09-28,224,102446886,"30","102446886","P7D","http://aido.bsvgateway.org/api/locations/102446886/","India","India","Country","http://aido.bsvgateway.org/api/locations/20359812/",79.615721549001,79.615721549001,22.8879524743579,"Novel Influenza A"
"102446886.429",2009-10-12,2009-10-05,176,102446886,"30","102446886","P7D","http://aido.bsvgateway.org/api/locations/102446886/","India","India","Country","http://aido.bsvgateway.org/api/locations/20359812/",22.8879524743579,79.615721549001,22.8879524743579,"Novel Influenza A"
"102446886.430",2009-10-19,2009-10-12,146,102446886,"30","102446886","P7D","http://aido.bsvgateway.org/api/locations/102446886/","India","India","Country","http://aido.bsvgateway.org/api/locations/20359812/",79.615721549001,79.615721549001,22.8879524743579,"Novel Influenza A"
"102446886.431",2009-10-26,2009-10-19,105,102446886,"30","102446886","P7D","http://aido.bsvgateway.org/api/locations/102446886/","India","India","Country","http://aido.bsvgateway.org/api/locations/20359812/",22.8879524743579,79.615721549001,22.8879524743579,"Novel Influenza A"
"102446886.432",2009-11-02,2009-10-26,80,102446886,"30","102446886","P7D","http://aido.bsvgateway.org/api/locations/102446886/","India","India","Country","http://aido.bsvgateway.org/api/locations/20359812/",79.615721549001,79.615721549001,22.8879524743579,"Novel Influenza A"
"102446886.433",2009-11-09,2009-11-02,85,102446886,"30","102446886","P7D","http://aido.bsvgateway.org/api/locations/102446886/","India","India","Country","http://aido.bsvgateway.org/api/locations/20359812/",22.8879524743579,79.615721549001,22.8879524743579,"Novel Influenza A"
"102446886.434",2009-11-16,2009-11-09,68,102446886,"30","102446886","P7D","http://aido.bsvgateway.org/api/locations/102446886/","India","India","Country","http://aido.bsvgateway.org/api/locations/20359812/",79.615721549001,79.615721549001,22.8879524743579,"Novel Influenza A"
"102446886.435",2009-11-23,2009-11-16,103,102446886,"30","102446886","P7D","http://aido.bsvgateway.org/api/locations/102446886/","India","India","Country","http://aido.bsvgateway.org/api/locations/20359812/",22.8879524743579,79.615721549001,22.8879524743579,"Novel Influenza A"
"102446886.436",2009-11-30,2009-11-23,122,102446886,"30","102446886","P7D","http://aido.bsvgateway.org/api/locations/102446886/","India","India","Country","http://aido.bsvgateway.org/api/locations/20359812/",79.615721549001,79.615721549001,22.8879524743579,"Novel Influenza A"
"102446886.437",2009-12-07,2009-11-30,120,102446886,"30","102446886","P7D","http://aido.bsvgateway.org/api/locations/102446886/","India","India","Country","http://aido.bsvgateway.org/api/locations/20359812/",22.8879524743579,79.615721549001,22.8879524743579,"Novel Influenza A"
"102446886.438",2009-12-14,2009-12-07,136,102446886,"30","102446886","P7D","http://aido.bsvgateway.org/api/locations/102446886/","India","India","Country","http://aido.bsvgateway.org/api/locations/20359812/",79.615721549001,79.615721549001,22.8879524743579,"Novel Influenza A"
"102446886.439",2009-12-21,2009-12-14,146,102446886,"30","102446886","P7D","http://aido.bsvgateway.org/api/locations/102446886/","India","India","Country","http://aido.bsvgateway.org/api/locations/20359812/",22.8879524743579,79.615721549001,22.8879524743579,"Novel Influenza A"
"102446886.440",2009-12-28,2009-12-21,126,102446886,"30","102446886","P7D","http://aido.bsvgateway.org/api/locations/102446886/","India","India","Country","http://aido.bsvgateway.org/api/locations/20359812/",79.615721549001,79.615721549001,22.8879524743579,"Novel Influenza A"
