"","end","start","value","id","disease","location","duration","url","name","full_name","admin_level_name","parent","centroid_lat_long","longitude","latitude","disease_name"
"168956206.2459",2011-01-29,2011-01-22,2,168956206,"39","168956206","P1W","http://aido.bsvgateway.org/api/locations/168956206/","Douala","Douala, Littoral, Cameroon","City","http://aido.bsvgateway.org/api/locations/16632766/",4.06235896053352,9.70804848083163,4.06235896053352,"Measles"
"168956206.2460",2011-02-05,2011-01-29,1,168956206,"39","168956206","P1W","http://aido.bsvgateway.org/api/locations/168956206/","Douala","Douala, Littoral, Cameroon","City","http://aido.bsvgateway.org/api/locations/16632766/",9.70804848083163,9.70804848083163,4.06235896053352,"Measles"
"168956206.2461",2011-02-12,2011-02-05,4,168956206,"39","168956206","P1W","http://aido.bsvgateway.org/api/locations/168956206/","Douala","Douala, Littoral, Cameroon","City","http://aido.bsvgateway.org/api/locations/16632766/",4.06235896053352,9.70804848083163,4.06235896053352,"Measles"
"168956206.2462",2011-02-19,2011-02-12,6,168956206,"39","168956206","P1W","http://aido.bsvgateway.org/api/locations/168956206/","Douala","Douala, Littoral, Cameroon","City","http://aido.bsvgateway.org/api/locations/16632766/",9.70804848083163,9.70804848083163,4.06235896053352,"Measles"
"168956206.2463",2011-02-26,2011-02-19,3,168956206,"39","168956206","P1W","http://aido.bsvgateway.org/api/locations/168956206/","Douala","Douala, Littoral, Cameroon","City","http://aido.bsvgateway.org/api/locations/16632766/",4.06235896053352,9.70804848083163,4.06235896053352,"Measles"
"168956206.2464",2011-03-05,2011-02-26,9,168956206,"39","168956206","P1W","http://aido.bsvgateway.org/api/locations/168956206/","Douala","Douala, Littoral, Cameroon","City","http://aido.bsvgateway.org/api/locations/16632766/",9.70804848083163,9.70804848083163,4.06235896053352,"Measles"
"168956206.2465",2011-03-12,2011-03-05,15,168956206,"39","168956206","P1W","http://aido.bsvgateway.org/api/locations/168956206/","Douala","Douala, Littoral, Cameroon","City","http://aido.bsvgateway.org/api/locations/16632766/",4.06235896053352,9.70804848083163,4.06235896053352,"Measles"
"168956206.2466",2011-03-19,2011-03-12,18,168956206,"39","168956206","P1W","http://aido.bsvgateway.org/api/locations/168956206/","Douala","Douala, Littoral, Cameroon","City","http://aido.bsvgateway.org/api/locations/16632766/",9.70804848083163,9.70804848083163,4.06235896053352,"Measles"
"168956206.2467",2011-03-26,2011-03-19,16,168956206,"39","168956206","P1W","http://aido.bsvgateway.org/api/locations/168956206/","Douala","Douala, Littoral, Cameroon","City","http://aido.bsvgateway.org/api/locations/16632766/",4.06235896053352,9.70804848083163,4.06235896053352,"Measles"
"168956206.2468",2011-04-02,2011-03-26,31,168956206,"39","168956206","P1W","http://aido.bsvgateway.org/api/locations/168956206/","Douala","Douala, Littoral, Cameroon","City","http://aido.bsvgateway.org/api/locations/16632766/",9.70804848083163,9.70804848083163,4.06235896053352,"Measles"
"168956206.2469",2011-04-09,2011-04-02,14,168956206,"39","168956206","P1W","http://aido.bsvgateway.org/api/locations/168956206/","Douala","Douala, Littoral, Cameroon","City","http://aido.bsvgateway.org/api/locations/16632766/",4.06235896053352,9.70804848083163,4.06235896053352,"Measles"
"168956206.2470",2011-04-16,2011-04-09,7,168956206,"39","168956206","P1W","http://aido.bsvgateway.org/api/locations/168956206/","Douala","Douala, Littoral, Cameroon","City","http://aido.bsvgateway.org/api/locations/16632766/",9.70804848083163,9.70804848083163,4.06235896053352,"Measles"
"168956206.2471",2011-04-23,2011-04-16,3,168956206,"39","168956206","P1W","http://aido.bsvgateway.org/api/locations/168956206/","Douala","Douala, Littoral, Cameroon","City","http://aido.bsvgateway.org/api/locations/16632766/",4.06235896053352,9.70804848083163,4.06235896053352,"Measles"
"168956206.2472",2011-04-30,2011-04-23,4,168956206,"39","168956206","P1W","http://aido.bsvgateway.org/api/locations/168956206/","Douala","Douala, Littoral, Cameroon","City","http://aido.bsvgateway.org/api/locations/16632766/",9.70804848083163,9.70804848083163,4.06235896053352,"Measles"
"168956206.2473",2011-05-07,2011-04-30,6,168956206,"39","168956206","P1W","http://aido.bsvgateway.org/api/locations/168956206/","Douala","Douala, Littoral, Cameroon","City","http://aido.bsvgateway.org/api/locations/16632766/",4.06235896053352,9.70804848083163,4.06235896053352,"Measles"
"168956206.2474",2011-05-14,2011-05-07,8,168956206,"39","168956206","P1W","http://aido.bsvgateway.org/api/locations/168956206/","Douala","Douala, Littoral, Cameroon","City","http://aido.bsvgateway.org/api/locations/16632766/",9.70804848083163,9.70804848083163,4.06235896053352,"Measles"
"168956206.2475",2011-05-21,2011-05-14,5,168956206,"39","168956206","P1W","http://aido.bsvgateway.org/api/locations/168956206/","Douala","Douala, Littoral, Cameroon","City","http://aido.bsvgateway.org/api/locations/16632766/",4.06235896053352,9.70804848083163,4.06235896053352,"Measles"
"168956206.2476",2011-05-28,2011-05-21,2,168956206,"39","168956206","P1W","http://aido.bsvgateway.org/api/locations/168956206/","Douala","Douala, Littoral, Cameroon","City","http://aido.bsvgateway.org/api/locations/16632766/",9.70804848083163,9.70804848083163,4.06235896053352,"Measles"
"168956206.2477",2011-06-04,2011-05-28,2,168956206,"39","168956206","P1W","http://aido.bsvgateway.org/api/locations/168956206/","Douala","Douala, Littoral, Cameroon","City","http://aido.bsvgateway.org/api/locations/16632766/",4.06235896053352,9.70804848083163,4.06235896053352,"Measles"
"168956206.2478",2011-06-11,2011-06-04,4,168956206,"39","168956206","P1W","http://aido.bsvgateway.org/api/locations/168956206/","Douala","Douala, Littoral, Cameroon","City","http://aido.bsvgateway.org/api/locations/16632766/",9.70804848083163,9.70804848083163,4.06235896053352,"Measles"
"168956206.2479",2011-06-18,2011-06-11,1,168956206,"39","168956206","P1W","http://aido.bsvgateway.org/api/locations/168956206/","Douala","Douala, Littoral, Cameroon","City","http://aido.bsvgateway.org/api/locations/16632766/",4.06235896053352,9.70804848083163,4.06235896053352,"Measles"
"168956206.2480",2011-06-25,2011-06-18,1,168956206,"39","168956206","P1W","http://aido.bsvgateway.org/api/locations/168956206/","Douala","Douala, Littoral, Cameroon","City","http://aido.bsvgateway.org/api/locations/16632766/",9.70804848083163,9.70804848083163,4.06235896053352,"Measles"
