"","end","start","value","id","disease","location","duration","url","name","full_name","admin_level_name","parent","centroid_lat_long","longitude","latitude","disease_name"
"236286771.930",2009-05-09,2009-05-08,1,236286771,"30","236286771","P1D","http://aido.bsvgateway.org/api/locations/236286771/","Peru","Peru","Country","http://aido.bsvgateway.org/api/locations/13410479/",-9.15438848311193,-74.3780645707316,-9.15438848311193,"Novel Influenza A"
"236286771.931",2009-05-10,2009-05-09,1,236286771,"30","236286771","P1D","http://aido.bsvgateway.org/api/locations/236286771/","Peru","Peru","Country","http://aido.bsvgateway.org/api/locations/13410479/",-74.3780645707316,-74.3780645707316,-9.15438848311193,"Novel Influenza A"
"236286771.932",2009-05-11,2009-05-10,2,236286771,"30","236286771","P1D","http://aido.bsvgateway.org/api/locations/236286771/","Peru","Peru","Country","http://aido.bsvgateway.org/api/locations/13410479/",-9.15438848311193,-74.3780645707316,-9.15438848311193,"Novel Influenza A"
"236286771.933",2009-05-12,2009-05-11,1,236286771,"30","236286771","P1D","http://aido.bsvgateway.org/api/locations/236286771/","Peru","Peru","Country","http://aido.bsvgateway.org/api/locations/13410479/",-74.3780645707316,-74.3780645707316,-9.15438848311193,"Novel Influenza A"
"236286771.934",2009-05-13,2009-05-12,0,236286771,"30","236286771","P1D","http://aido.bsvgateway.org/api/locations/236286771/","Peru","Peru","Country","http://aido.bsvgateway.org/api/locations/13410479/",-9.15438848311193,-74.3780645707316,-9.15438848311193,"Novel Influenza A"
"236286771.935",2009-05-14,2009-05-13,0,236286771,"30","236286771","P1D","http://aido.bsvgateway.org/api/locations/236286771/","Peru","Peru","Country","http://aido.bsvgateway.org/api/locations/13410479/",-74.3780645707316,-74.3780645707316,-9.15438848311193,"Novel Influenza A"
"236286771.936",2009-05-15,2009-05-14,2,236286771,"30","236286771","P1D","http://aido.bsvgateway.org/api/locations/236286771/","Peru","Peru","Country","http://aido.bsvgateway.org/api/locations/13410479/",-9.15438848311193,-74.3780645707316,-9.15438848311193,"Novel Influenza A"
"236286771.937",2009-05-16,2009-05-15,6,236286771,"30","236286771","P1D","http://aido.bsvgateway.org/api/locations/236286771/","Peru","Peru","Country","http://aido.bsvgateway.org/api/locations/13410479/",-74.3780645707316,-74.3780645707316,-9.15438848311193,"Novel Influenza A"
"236286771.938",2009-05-17,2009-05-16,4,236286771,"30","236286771","P1D","http://aido.bsvgateway.org/api/locations/236286771/","Peru","Peru","Country","http://aido.bsvgateway.org/api/locations/13410479/",-9.15438848311193,-74.3780645707316,-9.15438848311193,"Novel Influenza A"
"236286771.939",2009-05-18,2009-05-17,7,236286771,"30","236286771","P1D","http://aido.bsvgateway.org/api/locations/236286771/","Peru","Peru","Country","http://aido.bsvgateway.org/api/locations/13410479/",-74.3780645707316,-74.3780645707316,-9.15438848311193,"Novel Influenza A"
"236286771.940",2009-05-19,2009-05-18,0,236286771,"30","236286771","P1D","http://aido.bsvgateway.org/api/locations/236286771/","Peru","Peru","Country","http://aido.bsvgateway.org/api/locations/13410479/",-9.15438848311193,-74.3780645707316,-9.15438848311193,"Novel Influenza A"
"236286771.941",2009-05-20,2009-05-19,3,236286771,"30","236286771","P1D","http://aido.bsvgateway.org/api/locations/236286771/","Peru","Peru","Country","http://aido.bsvgateway.org/api/locations/13410479/",-74.3780645707316,-74.3780645707316,-9.15438848311193,"Novel Influenza A"
"236286771.942",2009-05-21,2009-05-20,3,236286771,"30","236286771","P1D","http://aido.bsvgateway.org/api/locations/236286771/","Peru","Peru","Country","http://aido.bsvgateway.org/api/locations/13410479/",-9.15438848311193,-74.3780645707316,-9.15438848311193,"Novel Influenza A"
"236286771.943",2009-05-22,2009-05-21,2,236286771,"30","236286771","P1D","http://aido.bsvgateway.org/api/locations/236286771/","Peru","Peru","Country","http://aido.bsvgateway.org/api/locations/13410479/",-74.3780645707316,-74.3780645707316,-9.15438848311193,"Novel Influenza A"
"236286771.944",2009-05-23,2009-05-22,4,236286771,"30","236286771","P1D","http://aido.bsvgateway.org/api/locations/236286771/","Peru","Peru","Country","http://aido.bsvgateway.org/api/locations/13410479/",-9.15438848311193,-74.3780645707316,-9.15438848311193,"Novel Influenza A"
"236286771.945",2009-05-24,2009-05-23,5,236286771,"30","236286771","P1D","http://aido.bsvgateway.org/api/locations/236286771/","Peru","Peru","Country","http://aido.bsvgateway.org/api/locations/13410479/",-74.3780645707316,-74.3780645707316,-9.15438848311193,"Novel Influenza A"
"236286771.946",2009-05-25,2009-05-24,3,236286771,"30","236286771","P1D","http://aido.bsvgateway.org/api/locations/236286771/","Peru","Peru","Country","http://aido.bsvgateway.org/api/locations/13410479/",-9.15438848311193,-74.3780645707316,-9.15438848311193,"Novel Influenza A"
"236286771.947",2009-05-26,2009-05-25,5,236286771,"30","236286771","P1D","http://aido.bsvgateway.org/api/locations/236286771/","Peru","Peru","Country","http://aido.bsvgateway.org/api/locations/13410479/",-74.3780645707316,-74.3780645707316,-9.15438848311193,"Novel Influenza A"
"236286771.948",2009-05-27,2009-05-26,2,236286771,"30","236286771","P1D","http://aido.bsvgateway.org/api/locations/236286771/","Peru","Peru","Country","http://aido.bsvgateway.org/api/locations/13410479/",-9.15438848311193,-74.3780645707316,-9.15438848311193,"Novel Influenza A"
"236286771.949",2009-05-28,2009-05-27,1,236286771,"30","236286771","P1D","http://aido.bsvgateway.org/api/locations/236286771/","Peru","Peru","Country","http://aido.bsvgateway.org/api/locations/13410479/",-74.3780645707316,-74.3780645707316,-9.15438848311193,"Novel Influenza A"
"236286771.950",2009-05-29,2009-05-28,6,236286771,"30","236286771","P1D","http://aido.bsvgateway.org/api/locations/236286771/","Peru","Peru","Country","http://aido.bsvgateway.org/api/locations/13410479/",-9.15438848311193,-74.3780645707316,-9.15438848311193,"Novel Influenza A"
"236286771.951",2009-05-30,2009-05-29,2,236286771,"30","236286771","P1D","http://aido.bsvgateway.org/api/locations/236286771/","Peru","Peru","Country","http://aido.bsvgateway.org/api/locations/13410479/",-74.3780645707316,-74.3780645707316,-9.15438848311193,"Novel Influenza A"
"236286771.952",2009-05-31,2009-05-30,3,236286771,"30","236286771","P1D","http://aido.bsvgateway.org/api/locations/236286771/","Peru","Peru","Country","http://aido.bsvgateway.org/api/locations/13410479/",-9.15438848311193,-74.3780645707316,-9.15438848311193,"Novel Influenza A"
"236286771.953",2009-06-01,2009-05-31,3,236286771,"30","236286771","P1D","http://aido.bsvgateway.org/api/locations/236286771/","Peru","Peru","Country","http://aido.bsvgateway.org/api/locations/13410479/",-74.3780645707316,-74.3780645707316,-9.15438848311193,"Novel Influenza A"
"236286771.954",2009-06-02,2009-06-01,4,236286771,"30","236286771","P1D","http://aido.bsvgateway.org/api/locations/236286771/","Peru","Peru","Country","http://aido.bsvgateway.org/api/locations/13410479/",-9.15438848311193,-74.3780645707316,-9.15438848311193,"Novel Influenza A"
"236286771.955",2009-06-03,2009-06-02,3,236286771,"30","236286771","P1D","http://aido.bsvgateway.org/api/locations/236286771/","Peru","Peru","Country","http://aido.bsvgateway.org/api/locations/13410479/",-74.3780645707316,-74.3780645707316,-9.15438848311193,"Novel Influenza A"
"236286771.956",2009-06-04,2009-06-03,3,236286771,"30","236286771","P1D","http://aido.bsvgateway.org/api/locations/236286771/","Peru","Peru","Country","http://aido.bsvgateway.org/api/locations/13410479/",-9.15438848311193,-74.3780645707316,-9.15438848311193,"Novel Influenza A"
"236286771.957",2009-06-05,2009-06-04,8,236286771,"30","236286771","P1D","http://aido.bsvgateway.org/api/locations/236286771/","Peru","Peru","Country","http://aido.bsvgateway.org/api/locations/13410479/",-74.3780645707316,-74.3780645707316,-9.15438848311193,"Novel Influenza A"
"236286771.958",2009-06-06,2009-06-05,4,236286771,"30","236286771","P1D","http://aido.bsvgateway.org/api/locations/236286771/","Peru","Peru","Country","http://aido.bsvgateway.org/api/locations/13410479/",-9.15438848311193,-74.3780645707316,-9.15438848311193,"Novel Influenza A"
"236286771.959",2009-06-07,2009-06-06,5,236286771,"30","236286771","P1D","http://aido.bsvgateway.org/api/locations/236286771/","Peru","Peru","Country","http://aido.bsvgateway.org/api/locations/13410479/",-74.3780645707316,-74.3780645707316,-9.15438848311193,"Novel Influenza A"
"236286771.960",2009-06-08,2009-06-07,5,236286771,"30","236286771","P1D","http://aido.bsvgateway.org/api/locations/236286771/","Peru","Peru","Country","http://aido.bsvgateway.org/api/locations/13410479/",-9.15438848311193,-74.3780645707316,-9.15438848311193,"Novel Influenza A"
"236286771.961",2009-06-09,2009-06-08,3,236286771,"30","236286771","P1D","http://aido.bsvgateway.org/api/locations/236286771/","Peru","Peru","Country","http://aido.bsvgateway.org/api/locations/13410479/",-74.3780645707316,-74.3780645707316,-9.15438848311193,"Novel Influenza A"
"236286771.962",2009-06-10,2009-06-09,1,236286771,"30","236286771","P1D","http://aido.bsvgateway.org/api/locations/236286771/","Peru","Peru","Country","http://aido.bsvgateway.org/api/locations/13410479/",-9.15438848311193,-74.3780645707316,-9.15438848311193,"Novel Influenza A"
"236286771.963",2009-06-11,2009-06-10,7,236286771,"30","236286771","P1D","http://aido.bsvgateway.org/api/locations/236286771/","Peru","Peru","Country","http://aido.bsvgateway.org/api/locations/13410479/",-74.3780645707316,-74.3780645707316,-9.15438848311193,"Novel Influenza A"
"236286771.964",2009-06-12,2009-06-11,13,236286771,"30","236286771","P1D","http://aido.bsvgateway.org/api/locations/236286771/","Peru","Peru","Country","http://aido.bsvgateway.org/api/locations/13410479/",-9.15438848311193,-74.3780645707316,-9.15438848311193,"Novel Influenza A"
"236286771.965",2009-06-13,2009-06-12,25,236286771,"30","236286771","P1D","http://aido.bsvgateway.org/api/locations/236286771/","Peru","Peru","Country","http://aido.bsvgateway.org/api/locations/13410479/",-74.3780645707316,-74.3780645707316,-9.15438848311193,"Novel Influenza A"
"236286771.966",2009-06-14,2009-06-13,25,236286771,"30","236286771","P1D","http://aido.bsvgateway.org/api/locations/236286771/","Peru","Peru","Country","http://aido.bsvgateway.org/api/locations/13410479/",-9.15438848311193,-74.3780645707316,-9.15438848311193,"Novel Influenza A"
"236286771.967",2009-06-15,2009-06-14,22,236286771,"30","236286771","P1D","http://aido.bsvgateway.org/api/locations/236286771/","Peru","Peru","Country","http://aido.bsvgateway.org/api/locations/13410479/",-74.3780645707316,-74.3780645707316,-9.15438848311193,"Novel Influenza A"
"236286771.968",2009-06-16,2009-06-15,39,236286771,"30","236286771","P1D","http://aido.bsvgateway.org/api/locations/236286771/","Peru","Peru","Country","http://aido.bsvgateway.org/api/locations/13410479/",-9.15438848311193,-74.3780645707316,-9.15438848311193,"Novel Influenza A"
"236286771.969",2009-06-17,2009-06-16,39,236286771,"30","236286771","P1D","http://aido.bsvgateway.org/api/locations/236286771/","Peru","Peru","Country","http://aido.bsvgateway.org/api/locations/13410479/",-74.3780645707316,-74.3780645707316,-9.15438848311193,"Novel Influenza A"
"236286771.970",2009-06-18,2009-06-17,34,236286771,"30","236286771","P1D","http://aido.bsvgateway.org/api/locations/236286771/","Peru","Peru","Country","http://aido.bsvgateway.org/api/locations/13410479/",-9.15438848311193,-74.3780645707316,-9.15438848311193,"Novel Influenza A"
"236286771.971",2009-06-19,2009-06-18,47,236286771,"30","236286771","P1D","http://aido.bsvgateway.org/api/locations/236286771/","Peru","Peru","Country","http://aido.bsvgateway.org/api/locations/13410479/",-74.3780645707316,-74.3780645707316,-9.15438848311193,"Novel Influenza A"
"236286771.972",2009-06-20,2009-06-19,56,236286771,"30","236286771","P1D","http://aido.bsvgateway.org/api/locations/236286771/","Peru","Peru","Country","http://aido.bsvgateway.org/api/locations/13410479/",-9.15438848311193,-74.3780645707316,-9.15438848311193,"Novel Influenza A"
"236286771.973",2009-06-21,2009-06-20,79,236286771,"30","236286771","P1D","http://aido.bsvgateway.org/api/locations/236286771/","Peru","Peru","Country","http://aido.bsvgateway.org/api/locations/13410479/",-74.3780645707316,-74.3780645707316,-9.15438848311193,"Novel Influenza A"
"236286771.974",2009-06-22,2009-06-21,78,236286771,"30","236286771","P1D","http://aido.bsvgateway.org/api/locations/236286771/","Peru","Peru","Country","http://aido.bsvgateway.org/api/locations/13410479/",-9.15438848311193,-74.3780645707316,-9.15438848311193,"Novel Influenza A"
"236286771.975",2009-06-23,2009-06-22,103,236286771,"30","236286771","P1D","http://aido.bsvgateway.org/api/locations/236286771/","Peru","Peru","Country","http://aido.bsvgateway.org/api/locations/13410479/",-74.3780645707316,-74.3780645707316,-9.15438848311193,"Novel Influenza A"
"236286771.976",2009-06-24,2009-06-23,81,236286771,"30","236286771","P1D","http://aido.bsvgateway.org/api/locations/236286771/","Peru","Peru","Country","http://aido.bsvgateway.org/api/locations/13410479/",-9.15438848311193,-74.3780645707316,-9.15438848311193,"Novel Influenza A"
"236286771.977",2009-06-25,2009-06-24,85,236286771,"30","236286771","P1D","http://aido.bsvgateway.org/api/locations/236286771/","Peru","Peru","Country","http://aido.bsvgateway.org/api/locations/13410479/",-74.3780645707316,-74.3780645707316,-9.15438848311193,"Novel Influenza A"
"236286771.978",2009-06-26,2009-06-25,97,236286771,"30","236286771","P1D","http://aido.bsvgateway.org/api/locations/236286771/","Peru","Peru","Country","http://aido.bsvgateway.org/api/locations/13410479/",-9.15438848311193,-74.3780645707316,-9.15438848311193,"Novel Influenza A"
"236286771.979",2009-06-27,2009-06-26,46,236286771,"30","236286771","P1D","http://aido.bsvgateway.org/api/locations/236286771/","Peru","Peru","Country","http://aido.bsvgateway.org/api/locations/13410479/",-74.3780645707316,-74.3780645707316,-9.15438848311193,"Novel Influenza A"
"236286771.980",2009-06-28,2009-06-27,49,236286771,"30","236286771","P1D","http://aido.bsvgateway.org/api/locations/236286771/","Peru","Peru","Country","http://aido.bsvgateway.org/api/locations/13410479/",-9.15438848311193,-74.3780645707316,-9.15438848311193,"Novel Influenza A"
"236286771.981",2009-06-29,2009-06-28,32,236286771,"30","236286771","P1D","http://aido.bsvgateway.org/api/locations/236286771/","Peru","Peru","Country","http://aido.bsvgateway.org/api/locations/13410479/",-74.3780645707316,-74.3780645707316,-9.15438848311193,"Novel Influenza A"
"236286771.982",2009-06-30,2009-06-29,29,236286771,"30","236286771","P1D","http://aido.bsvgateway.org/api/locations/236286771/","Peru","Peru","Country","http://aido.bsvgateway.org/api/locations/13410479/",-9.15438848311193,-74.3780645707316,-9.15438848311193,"Novel Influenza A"
"236286771.983",2009-07-01,2009-06-30,61,236286771,"30","236286771","P1D","http://aido.bsvgateway.org/api/locations/236286771/","Peru","Peru","Country","http://aido.bsvgateway.org/api/locations/13410479/",-74.3780645707316,-74.3780645707316,-9.15438848311193,"Novel Influenza A"
"236286771.984",2009-07-02,2009-07-01,42,236286771,"30","236286771","P1D","http://aido.bsvgateway.org/api/locations/236286771/","Peru","Peru","Country","http://aido.bsvgateway.org/api/locations/13410479/",-9.15438848311193,-74.3780645707316,-9.15438848311193,"Novel Influenza A"
"236286771.985",2009-07-03,2009-07-02,39,236286771,"30","236286771","P1D","http://aido.bsvgateway.org/api/locations/236286771/","Peru","Peru","Country","http://aido.bsvgateway.org/api/locations/13410479/",-74.3780645707316,-74.3780645707316,-9.15438848311193,"Novel Influenza A"
"236286771.986",2009-07-04,2009-07-03,65,236286771,"30","236286771","P1D","http://aido.bsvgateway.org/api/locations/236286771/","Peru","Peru","Country","http://aido.bsvgateway.org/api/locations/13410479/",-9.15438848311193,-74.3780645707316,-9.15438848311193,"Novel Influenza A"
"236286771.987",2009-07-05,2009-07-04,71,236286771,"30","236286771","P1D","http://aido.bsvgateway.org/api/locations/236286771/","Peru","Peru","Country","http://aido.bsvgateway.org/api/locations/13410479/",-74.3780645707316,-74.3780645707316,-9.15438848311193,"Novel Influenza A"
"236286771.988",2009-07-06,2009-07-05,66,236286771,"30","236286771","P1D","http://aido.bsvgateway.org/api/locations/236286771/","Peru","Peru","Country","http://aido.bsvgateway.org/api/locations/13410479/",-9.15438848311193,-74.3780645707316,-9.15438848311193,"Novel Influenza A"
"236286771.989",2009-07-07,2009-07-06,90,236286771,"30","236286771","P1D","http://aido.bsvgateway.org/api/locations/236286771/","Peru","Peru","Country","http://aido.bsvgateway.org/api/locations/13410479/",-74.3780645707316,-74.3780645707316,-9.15438848311193,"Novel Influenza A"
"236286771.990",2009-07-08,2009-07-07,48,236286771,"30","236286771","P1D","http://aido.bsvgateway.org/api/locations/236286771/","Peru","Peru","Country","http://aido.bsvgateway.org/api/locations/13410479/",-9.15438848311193,-74.3780645707316,-9.15438848311193,"Novel Influenza A"
"236286771.991",2009-07-09,2009-07-08,62,236286771,"30","236286771","P1D","http://aido.bsvgateway.org/api/locations/236286771/","Peru","Peru","Country","http://aido.bsvgateway.org/api/locations/13410479/",-74.3780645707316,-74.3780645707316,-9.15438848311193,"Novel Influenza A"
"236286771.992",2009-07-10,2009-07-09,33,236286771,"30","236286771","P1D","http://aido.bsvgateway.org/api/locations/236286771/","Peru","Peru","Country","http://aido.bsvgateway.org/api/locations/13410479/",-9.15438848311193,-74.3780645707316,-9.15438848311193,"Novel Influenza A"
"236286771.993",2009-07-11,2009-07-10,37,236286771,"30","236286771","P1D","http://aido.bsvgateway.org/api/locations/236286771/","Peru","Peru","Country","http://aido.bsvgateway.org/api/locations/13410479/",-74.3780645707316,-74.3780645707316,-9.15438848311193,"Novel Influenza A"
"236286771.994",2009-07-12,2009-07-11,13,236286771,"30","236286771","P1D","http://aido.bsvgateway.org/api/locations/236286771/","Peru","Peru","Country","http://aido.bsvgateway.org/api/locations/13410479/",-9.15438848311193,-74.3780645707316,-9.15438848311193,"Novel Influenza A"
"236286771.995",2009-07-13,2009-07-12,15,236286771,"30","236286771","P1D","http://aido.bsvgateway.org/api/locations/236286771/","Peru","Peru","Country","http://aido.bsvgateway.org/api/locations/13410479/",-74.3780645707316,-74.3780645707316,-9.15438848311193,"Novel Influenza A"
"236286771.996",2009-07-14,2009-07-13,9,236286771,"30","236286771","P1D","http://aido.bsvgateway.org/api/locations/236286771/","Peru","Peru","Country","http://aido.bsvgateway.org/api/locations/13410479/",-9.15438848311193,-74.3780645707316,-9.15438848311193,"Novel Influenza A"
"236286771.997",2009-07-15,2009-07-14,14,236286771,"30","236286771","P1D","http://aido.bsvgateway.org/api/locations/236286771/","Peru","Peru","Country","http://aido.bsvgateway.org/api/locations/13410479/",-74.3780645707316,-74.3780645707316,-9.15438848311193,"Novel Influenza A"
"236286771.998",2009-07-16,2009-07-15,4,236286771,"30","236286771","P1D","http://aido.bsvgateway.org/api/locations/236286771/","Peru","Peru","Country","http://aido.bsvgateway.org/api/locations/13410479/",-9.15438848311193,-74.3780645707316,-9.15438848311193,"Novel Influenza A"
"236286771.999",2009-07-17,2009-07-16,3,236286771,"30","236286771","P1D","http://aido.bsvgateway.org/api/locations/236286771/","Peru","Peru","Country","http://aido.bsvgateway.org/api/locations/13410479/",-74.3780645707316,-74.3780645707316,-9.15438848311193,"Novel Influenza A"
"236286771.1000",2009-07-18,2009-07-17,2,236286771,"30","236286771","P1D","http://aido.bsvgateway.org/api/locations/236286771/","Peru","Peru","Country","http://aido.bsvgateway.org/api/locations/13410479/",-9.15438848311193,-74.3780645707316,-9.15438848311193,"Novel Influenza A"
