"","end","start","value","id","disease","location","duration","url","name","full_name","admin_level_name","parent","centroid_lat_long","longitude","latitude","disease_name"
"43386078.362",2009-01-01,2008-12-01,1,43386078,"33","43386078","P1M","http://aido.bsvgateway.org/api/locations/43386078/","Landes","Landes, France","State","http://aido.bsvgateway.org/api/locations/181572885/",43.9658737958306,-0.781056397728591,43.9658737958306,"Meningococcal Disease"
"43386078.363",2009-02-01,2009-01-01,4,43386078,"33","43386078","P1M","http://aido.bsvgateway.org/api/locations/43386078/","Landes","Landes, France","State","http://aido.bsvgateway.org/api/locations/181572885/",-0.781056397728591,-0.781056397728591,43.9658737958306,"Meningococcal Disease"
"43386078.364",2009-03-01,2009-02-01,2,43386078,"33","43386078","P1M","http://aido.bsvgateway.org/api/locations/43386078/","Landes","Landes, France","State","http://aido.bsvgateway.org/api/locations/181572885/",43.9658737958306,-0.781056397728591,43.9658737958306,"Meningococcal Disease"
"43386078.365",2009-04-01,2009-03-01,0,43386078,"33","43386078","P1M","http://aido.bsvgateway.org/api/locations/43386078/","Landes","Landes, France","State","http://aido.bsvgateway.org/api/locations/181572885/",-0.781056397728591,-0.781056397728591,43.9658737958306,"Meningococcal Disease"
"43386078.366",2009-05-01,2009-04-01,1,43386078,"33","43386078","P1M","http://aido.bsvgateway.org/api/locations/43386078/","Landes","Landes, France","State","http://aido.bsvgateway.org/api/locations/181572885/",43.9658737958306,-0.781056397728591,43.9658737958306,"Meningococcal Disease"
"43386078.367",2009-06-01,2009-05-01,2,43386078,"33","43386078","P1M","http://aido.bsvgateway.org/api/locations/43386078/","Landes","Landes, France","State","http://aido.bsvgateway.org/api/locations/181572885/",-0.781056397728591,-0.781056397728591,43.9658737958306,"Meningococcal Disease"
"43386078.368",2009-07-01,2009-06-01,0,43386078,"33","43386078","P1M","http://aido.bsvgateway.org/api/locations/43386078/","Landes","Landes, France","State","http://aido.bsvgateway.org/api/locations/181572885/",43.9658737958306,-0.781056397728591,43.9658737958306,"Meningococcal Disease"
"43386078.369",2009-08-01,2009-07-01,0,43386078,"33","43386078","P1M","http://aido.bsvgateway.org/api/locations/43386078/","Landes","Landes, France","State","http://aido.bsvgateway.org/api/locations/181572885/",-0.781056397728591,-0.781056397728591,43.9658737958306,"Meningococcal Disease"
"43386078.370",2009-09-01,2009-08-01,0,43386078,"33","43386078","P1M","http://aido.bsvgateway.org/api/locations/43386078/","Landes","Landes, France","State","http://aido.bsvgateway.org/api/locations/181572885/",43.9658737958306,-0.781056397728591,43.9658737958306,"Meningococcal Disease"
"43386078.371",2009-10-01,2009-09-01,1,43386078,"33","43386078","P1M","http://aido.bsvgateway.org/api/locations/43386078/","Landes","Landes, France","State","http://aido.bsvgateway.org/api/locations/181572885/",-0.781056397728591,-0.781056397728591,43.9658737958306,"Meningococcal Disease"
