"","end","start","value","id","disease","location","duration","url","name","full_name","admin_level_name","parent","centroid_lat_long","longitude","latitude","disease_name"
"149060532.221",2006-02-07,2006-02-06,12,149060532,"25","149060532","P1D","http://aido.bsvgateway.org/api/locations/149060532/","Mauritius","Mauritius","Country","http://aido.bsvgateway.org/api/locations/151424714/",-20.1855438696947,57.8497001647667,-20.1855438696947,"Chikungunya"
"149060532.222",2006-02-08,2006-02-07,49,149060532,"25","149060532","P1D","http://aido.bsvgateway.org/api/locations/149060532/","Mauritius","Mauritius","Country","http://aido.bsvgateway.org/api/locations/151424714/",57.8497001647667,57.8497001647667,-20.1855438696947,"Chikungunya"
"149060532.223",2006-02-09,2006-02-08,57,149060532,"25","149060532","P1D","http://aido.bsvgateway.org/api/locations/149060532/","Mauritius","Mauritius","Country","http://aido.bsvgateway.org/api/locations/151424714/",-20.1855438696947,57.8497001647667,-20.1855438696947,"Chikungunya"
"149060532.224",2006-02-10,2006-02-09,45,149060532,"25","149060532","P1D","http://aido.bsvgateway.org/api/locations/149060532/","Mauritius","Mauritius","Country","http://aido.bsvgateway.org/api/locations/151424714/",57.8497001647667,57.8497001647667,-20.1855438696947,"Chikungunya"
"149060532.225",2006-02-11,2006-02-10,94,149060532,"25","149060532","P1D","http://aido.bsvgateway.org/api/locations/149060532/","Mauritius","Mauritius","Country","http://aido.bsvgateway.org/api/locations/151424714/",-20.1855438696947,57.8497001647667,-20.1855438696947,"Chikungunya"
"149060532.226",2006-02-12,2006-02-11,78,149060532,"25","149060532","P1D","http://aido.bsvgateway.org/api/locations/149060532/","Mauritius","Mauritius","Country","http://aido.bsvgateway.org/api/locations/151424714/",57.8497001647667,57.8497001647667,-20.1855438696947,"Chikungunya"
"149060532.227",2006-02-13,2006-02-12,130,149060532,"25","149060532","P1D","http://aido.bsvgateway.org/api/locations/149060532/","Mauritius","Mauritius","Country","http://aido.bsvgateway.org/api/locations/151424714/",-20.1855438696947,57.8497001647667,-20.1855438696947,"Chikungunya"
"149060532.228",2006-02-14,2006-02-13,171,149060532,"25","149060532","P1D","http://aido.bsvgateway.org/api/locations/149060532/","Mauritius","Mauritius","Country","http://aido.bsvgateway.org/api/locations/151424714/",57.8497001647667,57.8497001647667,-20.1855438696947,"Chikungunya"
"149060532.229",2006-02-15,2006-02-14,142,149060532,"25","149060532","P1D","http://aido.bsvgateway.org/api/locations/149060532/","Mauritius","Mauritius","Country","http://aido.bsvgateway.org/api/locations/151424714/",-20.1855438696947,57.8497001647667,-20.1855438696947,"Chikungunya"
"149060532.230",2006-02-16,2006-02-15,151,149060532,"25","149060532","P1D","http://aido.bsvgateway.org/api/locations/149060532/","Mauritius","Mauritius","Country","http://aido.bsvgateway.org/api/locations/151424714/",57.8497001647667,57.8497001647667,-20.1855438696947,"Chikungunya"
"149060532.231",2006-02-17,2006-02-16,125,149060532,"25","149060532","P1D","http://aido.bsvgateway.org/api/locations/149060532/","Mauritius","Mauritius","Country","http://aido.bsvgateway.org/api/locations/151424714/",-20.1855438696947,57.8497001647667,-20.1855438696947,"Chikungunya"
"149060532.232",2006-02-18,2006-02-17,121,149060532,"25","149060532","P1D","http://aido.bsvgateway.org/api/locations/149060532/","Mauritius","Mauritius","Country","http://aido.bsvgateway.org/api/locations/151424714/",57.8497001647667,57.8497001647667,-20.1855438696947,"Chikungunya"
"149060532.233",2006-02-19,2006-02-18,192,149060532,"25","149060532","P1D","http://aido.bsvgateway.org/api/locations/149060532/","Mauritius","Mauritius","Country","http://aido.bsvgateway.org/api/locations/151424714/",-20.1855438696947,57.8497001647667,-20.1855438696947,"Chikungunya"
"149060532.234",2006-02-20,2006-02-19,202,149060532,"25","149060532","P1D","http://aido.bsvgateway.org/api/locations/149060532/","Mauritius","Mauritius","Country","http://aido.bsvgateway.org/api/locations/151424714/",57.8497001647667,57.8497001647667,-20.1855438696947,"Chikungunya"
"149060532.235",2006-02-21,2006-02-20,177,149060532,"25","149060532","P1D","http://aido.bsvgateway.org/api/locations/149060532/","Mauritius","Mauritius","Country","http://aido.bsvgateway.org/api/locations/151424714/",-20.1855438696947,57.8497001647667,-20.1855438696947,"Chikungunya"
"149060532.236",2006-02-22,2006-02-21,227,149060532,"25","149060532","P1D","http://aido.bsvgateway.org/api/locations/149060532/","Mauritius","Mauritius","Country","http://aido.bsvgateway.org/api/locations/151424714/",57.8497001647667,57.8497001647667,-20.1855438696947,"Chikungunya"
"149060532.237",2006-02-23,2006-02-22,347,149060532,"25","149060532","P1D","http://aido.bsvgateway.org/api/locations/149060532/","Mauritius","Mauritius","Country","http://aido.bsvgateway.org/api/locations/151424714/",-20.1855438696947,57.8497001647667,-20.1855438696947,"Chikungunya"
"149060532.238",2006-02-24,2006-02-23,373,149060532,"25","149060532","P1D","http://aido.bsvgateway.org/api/locations/149060532/","Mauritius","Mauritius","Country","http://aido.bsvgateway.org/api/locations/151424714/",57.8497001647667,57.8497001647667,-20.1855438696947,"Chikungunya"
"149060532.239",2006-02-25,2006-02-24,494,149060532,"25","149060532","P1D","http://aido.bsvgateway.org/api/locations/149060532/","Mauritius","Mauritius","Country","http://aido.bsvgateway.org/api/locations/151424714/",-20.1855438696947,57.8497001647667,-20.1855438696947,"Chikungunya"
"149060532.240",2006-02-26,2006-02-25,510,149060532,"25","149060532","P1D","http://aido.bsvgateway.org/api/locations/149060532/","Mauritius","Mauritius","Country","http://aido.bsvgateway.org/api/locations/151424714/",57.8497001647667,57.8497001647667,-20.1855438696947,"Chikungunya"
"149060532.241",2006-02-27,2006-02-26,410,149060532,"25","149060532","P1D","http://aido.bsvgateway.org/api/locations/149060532/","Mauritius","Mauritius","Country","http://aido.bsvgateway.org/api/locations/151424714/",-20.1855438696947,57.8497001647667,-20.1855438696947,"Chikungunya"
"149060532.242",2006-02-28,2006-02-27,489,149060532,"25","149060532","P1D","http://aido.bsvgateway.org/api/locations/149060532/","Mauritius","Mauritius","Country","http://aido.bsvgateway.org/api/locations/151424714/",57.8497001647667,57.8497001647667,-20.1855438696947,"Chikungunya"
"149060532.243",2006-03-01,2006-02-28,549,149060532,"25","149060532","P1D","http://aido.bsvgateway.org/api/locations/149060532/","Mauritius","Mauritius","Country","http://aido.bsvgateway.org/api/locations/151424714/",-20.1855438696947,57.8497001647667,-20.1855438696947,"Chikungunya"
"149060532.244",2006-03-02,2006-03-01,523,149060532,"25","149060532","P1D","http://aido.bsvgateway.org/api/locations/149060532/","Mauritius","Mauritius","Country","http://aido.bsvgateway.org/api/locations/151424714/",57.8497001647667,57.8497001647667,-20.1855438696947,"Chikungunya"
"149060532.245",2006-03-03,2006-03-02,566,149060532,"25","149060532","P1D","http://aido.bsvgateway.org/api/locations/149060532/","Mauritius","Mauritius","Country","http://aido.bsvgateway.org/api/locations/151424714/",-20.1855438696947,57.8497001647667,-20.1855438696947,"Chikungunya"
"149060532.246",2006-03-04,2006-03-03,414,149060532,"25","149060532","P1D","http://aido.bsvgateway.org/api/locations/149060532/","Mauritius","Mauritius","Country","http://aido.bsvgateway.org/api/locations/151424714/",57.8497001647667,57.8497001647667,-20.1855438696947,"Chikungunya"
"149060532.247",2006-03-05,2006-03-04,214,149060532,"25","149060532","P1D","http://aido.bsvgateway.org/api/locations/149060532/","Mauritius","Mauritius","Country","http://aido.bsvgateway.org/api/locations/151424714/",-20.1855438696947,57.8497001647667,-20.1855438696947,"Chikungunya"
"149060532.248",2006-03-06,2006-03-05,294,149060532,"25","149060532","P1D","http://aido.bsvgateway.org/api/locations/149060532/","Mauritius","Mauritius","Country","http://aido.bsvgateway.org/api/locations/151424714/",57.8497001647667,57.8497001647667,-20.1855438696947,"Chikungunya"
"149060532.249",2006-03-07,2006-03-06,472,149060532,"25","149060532","P1D","http://aido.bsvgateway.org/api/locations/149060532/","Mauritius","Mauritius","Country","http://aido.bsvgateway.org/api/locations/151424714/",-20.1855438696947,57.8497001647667,-20.1855438696947,"Chikungunya"
"149060532.250",2006-03-08,2006-03-07,351,149060532,"25","149060532","P1D","http://aido.bsvgateway.org/api/locations/149060532/","Mauritius","Mauritius","Country","http://aido.bsvgateway.org/api/locations/151424714/",57.8497001647667,57.8497001647667,-20.1855438696947,"Chikungunya"
"149060532.251",2006-03-09,2006-03-08,204,149060532,"25","149060532","P1D","http://aido.bsvgateway.org/api/locations/149060532/","Mauritius","Mauritius","Country","http://aido.bsvgateway.org/api/locations/151424714/",-20.1855438696947,57.8497001647667,-20.1855438696947,"Chikungunya"
"149060532.252",2006-03-10,2006-03-09,129,149060532,"25","149060532","P1D","http://aido.bsvgateway.org/api/locations/149060532/","Mauritius","Mauritius","Country","http://aido.bsvgateway.org/api/locations/151424714/",57.8497001647667,57.8497001647667,-20.1855438696947,"Chikungunya"
"149060532.253",2006-03-11,2006-03-10,101,149060532,"25","149060532","P1D","http://aido.bsvgateway.org/api/locations/149060532/","Mauritius","Mauritius","Country","http://aido.bsvgateway.org/api/locations/151424714/",-20.1855438696947,57.8497001647667,-20.1855438696947,"Chikungunya"
"149060532.254",2006-03-12,2006-03-11,160,149060532,"25","149060532","P1D","http://aido.bsvgateway.org/api/locations/149060532/","Mauritius","Mauritius","Country","http://aido.bsvgateway.org/api/locations/151424714/",57.8497001647667,57.8497001647667,-20.1855438696947,"Chikungunya"
"149060532.255",2006-03-13,2006-03-12,97,149060532,"25","149060532","P1D","http://aido.bsvgateway.org/api/locations/149060532/","Mauritius","Mauritius","Country","http://aido.bsvgateway.org/api/locations/151424714/",-20.1855438696947,57.8497001647667,-20.1855438696947,"Chikungunya"
"149060532.256",2006-03-14,2006-03-13,119,149060532,"25","149060532","P1D","http://aido.bsvgateway.org/api/locations/149060532/","Mauritius","Mauritius","Country","http://aido.bsvgateway.org/api/locations/151424714/",57.8497001647667,57.8497001647667,-20.1855438696947,"Chikungunya"
"149060532.257",2006-03-15,2006-03-14,125,149060532,"25","149060532","P1D","http://aido.bsvgateway.org/api/locations/149060532/","Mauritius","Mauritius","Country","http://aido.bsvgateway.org/api/locations/151424714/",-20.1855438696947,57.8497001647667,-20.1855438696947,"Chikungunya"
"149060532.258",2006-03-16,2006-03-15,121,149060532,"25","149060532","P1D","http://aido.bsvgateway.org/api/locations/149060532/","Mauritius","Mauritius","Country","http://aido.bsvgateway.org/api/locations/151424714/",57.8497001647667,57.8497001647667,-20.1855438696947,"Chikungunya"
"149060532.259",2006-03-17,2006-03-16,100,149060532,"25","149060532","P1D","http://aido.bsvgateway.org/api/locations/149060532/","Mauritius","Mauritius","Country","http://aido.bsvgateway.org/api/locations/151424714/",-20.1855438696947,57.8497001647667,-20.1855438696947,"Chikungunya"
"149060532.260",2006-03-18,2006-03-17,105,149060532,"25","149060532","P1D","http://aido.bsvgateway.org/api/locations/149060532/","Mauritius","Mauritius","Country","http://aido.bsvgateway.org/api/locations/151424714/",57.8497001647667,57.8497001647667,-20.1855438696947,"Chikungunya"
"149060532.261",2006-03-19,2006-03-18,92,149060532,"25","149060532","P1D","http://aido.bsvgateway.org/api/locations/149060532/","Mauritius","Mauritius","Country","http://aido.bsvgateway.org/api/locations/151424714/",-20.1855438696947,57.8497001647667,-20.1855438696947,"Chikungunya"
"149060532.262",2006-03-20,2006-03-19,35,149060532,"25","149060532","P1D","http://aido.bsvgateway.org/api/locations/149060532/","Mauritius","Mauritius","Country","http://aido.bsvgateway.org/api/locations/151424714/",57.8497001647667,57.8497001647667,-20.1855438696947,"Chikungunya"
"149060532.263",2006-03-21,2006-03-20,72,149060532,"25","149060532","P1D","http://aido.bsvgateway.org/api/locations/149060532/","Mauritius","Mauritius","Country","http://aido.bsvgateway.org/api/locations/151424714/",-20.1855438696947,57.8497001647667,-20.1855438696947,"Chikungunya"
"149060532.264",2006-03-22,2006-03-21,75,149060532,"25","149060532","P1D","http://aido.bsvgateway.org/api/locations/149060532/","Mauritius","Mauritius","Country","http://aido.bsvgateway.org/api/locations/151424714/",57.8497001647667,57.8497001647667,-20.1855438696947,"Chikungunya"
"149060532.265",2006-03-23,2006-03-22,63,149060532,"25","149060532","P1D","http://aido.bsvgateway.org/api/locations/149060532/","Mauritius","Mauritius","Country","http://aido.bsvgateway.org/api/locations/151424714/",-20.1855438696947,57.8497001647667,-20.1855438696947,"Chikungunya"
"149060532.266",2006-03-24,2006-03-23,108,149060532,"25","149060532","P1D","http://aido.bsvgateway.org/api/locations/149060532/","Mauritius","Mauritius","Country","http://aido.bsvgateway.org/api/locations/151424714/",57.8497001647667,57.8497001647667,-20.1855438696947,"Chikungunya"
"149060532.267",2006-03-25,2006-03-24,85,149060532,"25","149060532","P1D","http://aido.bsvgateway.org/api/locations/149060532/","Mauritius","Mauritius","Country","http://aido.bsvgateway.org/api/locations/151424714/",-20.1855438696947,57.8497001647667,-20.1855438696947,"Chikungunya"
"149060532.268",2006-03-26,2006-03-25,40,149060532,"25","149060532","P1D","http://aido.bsvgateway.org/api/locations/149060532/","Mauritius","Mauritius","Country","http://aido.bsvgateway.org/api/locations/151424714/",57.8497001647667,57.8497001647667,-20.1855438696947,"Chikungunya"
"149060532.269",2006-03-27,2006-03-26,29,149060532,"25","149060532","P1D","http://aido.bsvgateway.org/api/locations/149060532/","Mauritius","Mauritius","Country","http://aido.bsvgateway.org/api/locations/151424714/",-20.1855438696947,57.8497001647667,-20.1855438696947,"Chikungunya"
"149060532.270",2006-03-28,2006-03-27,58,149060532,"25","149060532","P1D","http://aido.bsvgateway.org/api/locations/149060532/","Mauritius","Mauritius","Country","http://aido.bsvgateway.org/api/locations/151424714/",57.8497001647667,57.8497001647667,-20.1855438696947,"Chikungunya"
"149060532.271",2006-03-29,2006-03-28,50,149060532,"25","149060532","P1D","http://aido.bsvgateway.org/api/locations/149060532/","Mauritius","Mauritius","Country","http://aido.bsvgateway.org/api/locations/151424714/",-20.1855438696947,57.8497001647667,-20.1855438696947,"Chikungunya"
"149060532.272",2006-03-30,2006-03-29,38,149060532,"25","149060532","P1D","http://aido.bsvgateway.org/api/locations/149060532/","Mauritius","Mauritius","Country","http://aido.bsvgateway.org/api/locations/151424714/",57.8497001647667,57.8497001647667,-20.1855438696947,"Chikungunya"
"149060532.273",2006-03-31,2006-03-30,44,149060532,"25","149060532","P1D","http://aido.bsvgateway.org/api/locations/149060532/","Mauritius","Mauritius","Country","http://aido.bsvgateway.org/api/locations/151424714/",-20.1855438696947,57.8497001647667,-20.1855438696947,"Chikungunya"
"149060532.274",2006-04-01,2006-03-31,38,149060532,"25","149060532","P1D","http://aido.bsvgateway.org/api/locations/149060532/","Mauritius","Mauritius","Country","http://aido.bsvgateway.org/api/locations/151424714/",57.8497001647667,57.8497001647667,-20.1855438696947,"Chikungunya"
"149060532.275",2006-04-02,2006-04-01,15,149060532,"25","149060532","P1D","http://aido.bsvgateway.org/api/locations/149060532/","Mauritius","Mauritius","Country","http://aido.bsvgateway.org/api/locations/151424714/",-20.1855438696947,57.8497001647667,-20.1855438696947,"Chikungunya"
"149060532.276",2006-04-03,2006-04-02,32,149060532,"25","149060532","P1D","http://aido.bsvgateway.org/api/locations/149060532/","Mauritius","Mauritius","Country","http://aido.bsvgateway.org/api/locations/151424714/",57.8497001647667,57.8497001647667,-20.1855438696947,"Chikungunya"
"149060532.277",2006-04-04,2006-04-03,72,149060532,"25","149060532","P1D","http://aido.bsvgateway.org/api/locations/149060532/","Mauritius","Mauritius","Country","http://aido.bsvgateway.org/api/locations/151424714/",-20.1855438696947,57.8497001647667,-20.1855438696947,"Chikungunya"
"149060532.278",2006-04-05,2006-04-04,41,149060532,"25","149060532","P1D","http://aido.bsvgateway.org/api/locations/149060532/","Mauritius","Mauritius","Country","http://aido.bsvgateway.org/api/locations/151424714/",57.8497001647667,57.8497001647667,-20.1855438696947,"Chikungunya"
"149060532.279",2006-04-06,2006-04-05,42,149060532,"25","149060532","P1D","http://aido.bsvgateway.org/api/locations/149060532/","Mauritius","Mauritius","Country","http://aido.bsvgateway.org/api/locations/151424714/",-20.1855438696947,57.8497001647667,-20.1855438696947,"Chikungunya"
"149060532.280",2006-04-07,2006-04-06,44,149060532,"25","149060532","P1D","http://aido.bsvgateway.org/api/locations/149060532/","Mauritius","Mauritius","Country","http://aido.bsvgateway.org/api/locations/151424714/",57.8497001647667,57.8497001647667,-20.1855438696947,"Chikungunya"
"149060532.281",2006-04-08,2006-04-07,36,149060532,"25","149060532","P1D","http://aido.bsvgateway.org/api/locations/149060532/","Mauritius","Mauritius","Country","http://aido.bsvgateway.org/api/locations/151424714/",-20.1855438696947,57.8497001647667,-20.1855438696947,"Chikungunya"
"149060532.282",2006-04-09,2006-04-08,36,149060532,"25","149060532","P1D","http://aido.bsvgateway.org/api/locations/149060532/","Mauritius","Mauritius","Country","http://aido.bsvgateway.org/api/locations/151424714/",57.8497001647667,57.8497001647667,-20.1855438696947,"Chikungunya"
"149060532.283",2006-04-10,2006-04-09,22,149060532,"25","149060532","P1D","http://aido.bsvgateway.org/api/locations/149060532/","Mauritius","Mauritius","Country","http://aido.bsvgateway.org/api/locations/151424714/",-20.1855438696947,57.8497001647667,-20.1855438696947,"Chikungunya"
"149060532.284",2006-04-11,2006-04-10,54,149060532,"25","149060532","P1D","http://aido.bsvgateway.org/api/locations/149060532/","Mauritius","Mauritius","Country","http://aido.bsvgateway.org/api/locations/151424714/",57.8497001647667,57.8497001647667,-20.1855438696947,"Chikungunya"
"149060532.285",2006-04-12,2006-04-11,69,149060532,"25","149060532","P1D","http://aido.bsvgateway.org/api/locations/149060532/","Mauritius","Mauritius","Country","http://aido.bsvgateway.org/api/locations/151424714/",-20.1855438696947,57.8497001647667,-20.1855438696947,"Chikungunya"
"149060532.286",2006-04-13,2006-04-12,41,149060532,"25","149060532","P1D","http://aido.bsvgateway.org/api/locations/149060532/","Mauritius","Mauritius","Country","http://aido.bsvgateway.org/api/locations/151424714/",57.8497001647667,57.8497001647667,-20.1855438696947,"Chikungunya"
"149060532.287",2006-04-14,2006-04-13,74,149060532,"25","149060532","P1D","http://aido.bsvgateway.org/api/locations/149060532/","Mauritius","Mauritius","Country","http://aido.bsvgateway.org/api/locations/151424714/",-20.1855438696947,57.8497001647667,-20.1855438696947,"Chikungunya"
"149060532.288",2006-04-15,2006-04-14,24,149060532,"25","149060532","P1D","http://aido.bsvgateway.org/api/locations/149060532/","Mauritius","Mauritius","Country","http://aido.bsvgateway.org/api/locations/151424714/",57.8497001647667,57.8497001647667,-20.1855438696947,"Chikungunya"
"149060532.289",2006-04-16,2006-04-15,19,149060532,"25","149060532","P1D","http://aido.bsvgateway.org/api/locations/149060532/","Mauritius","Mauritius","Country","http://aido.bsvgateway.org/api/locations/151424714/",-20.1855438696947,57.8497001647667,-20.1855438696947,"Chikungunya"
"149060532.290",2006-04-17,2006-04-16,19,149060532,"25","149060532","P1D","http://aido.bsvgateway.org/api/locations/149060532/","Mauritius","Mauritius","Country","http://aido.bsvgateway.org/api/locations/151424714/",57.8497001647667,57.8497001647667,-20.1855438696947,"Chikungunya"
"149060532.291",2006-04-18,2006-04-17,18,149060532,"25","149060532","P1D","http://aido.bsvgateway.org/api/locations/149060532/","Mauritius","Mauritius","Country","http://aido.bsvgateway.org/api/locations/151424714/",-20.1855438696947,57.8497001647667,-20.1855438696947,"Chikungunya"
"149060532.292",2006-04-19,2006-04-18,16,149060532,"25","149060532","P1D","http://aido.bsvgateway.org/api/locations/149060532/","Mauritius","Mauritius","Country","http://aido.bsvgateway.org/api/locations/151424714/",57.8497001647667,57.8497001647667,-20.1855438696947,"Chikungunya"
"149060532.293",2006-04-20,2006-04-19,26,149060532,"25","149060532","P1D","http://aido.bsvgateway.org/api/locations/149060532/","Mauritius","Mauritius","Country","http://aido.bsvgateway.org/api/locations/151424714/",-20.1855438696947,57.8497001647667,-20.1855438696947,"Chikungunya"
