"","end","start","value","id","disease","location","duration","url","name","full_name","admin_level_name","parent","centroid_lat_long","longitude","latitude","disease_name"
"78176009.146",2006-10-03,2006-10-03,0,78176009,"48","78176009","PT12H","http://aido.bsvgateway.org/api/locations/78176009/","Ireland","Ireland","Country","http://aido.bsvgateway.org/api/locations/216709393/",53.1782213913665,-8.14504461756576,53.1782213913665,"Norovirus"
"78176009.147",2006-10-04,2006-10-03,0,78176009,"48","78176009","PT12H","http://aido.bsvgateway.org/api/locations/78176009/","Ireland","Ireland","Country","http://aido.bsvgateway.org/api/locations/216709393/",-8.14504461756576,-8.14504461756576,53.1782213913665,"Norovirus"
"78176009.148",2006-10-04,2006-10-04,0,78176009,"48","78176009","PT12H","http://aido.bsvgateway.org/api/locations/78176009/","Ireland","Ireland","Country","http://aido.bsvgateway.org/api/locations/216709393/",53.1782213913665,-8.14504461756576,53.1782213913665,"Norovirus"
"78176009.149",2006-10-05,2006-10-04,0,78176009,"48","78176009","PT12H","http://aido.bsvgateway.org/api/locations/78176009/","Ireland","Ireland","Country","http://aido.bsvgateway.org/api/locations/216709393/",-8.14504461756576,-8.14504461756576,53.1782213913665,"Norovirus"
"78176009.150",2006-10-05,2006-10-05,0,78176009,"48","78176009","PT12H","http://aido.bsvgateway.org/api/locations/78176009/","Ireland","Ireland","Country","http://aido.bsvgateway.org/api/locations/216709393/",53.1782213913665,-8.14504461756576,53.1782213913665,"Norovirus"
"78176009.151",2006-10-06,2006-10-05,0,78176009,"48","78176009","PT12H","http://aido.bsvgateway.org/api/locations/78176009/","Ireland","Ireland","Country","http://aido.bsvgateway.org/api/locations/216709393/",-8.14504461756576,-8.14504461756576,53.1782213913665,"Norovirus"
"78176009.152",2006-10-06,2006-10-06,0,78176009,"48","78176009","PT12H","http://aido.bsvgateway.org/api/locations/78176009/","Ireland","Ireland","Country","http://aido.bsvgateway.org/api/locations/216709393/",53.1782213913665,-8.14504461756576,53.1782213913665,"Norovirus"
"78176009.153",2006-10-07,2006-10-06,1,78176009,"48","78176009","PT12H","http://aido.bsvgateway.org/api/locations/78176009/","Ireland","Ireland","Country","http://aido.bsvgateway.org/api/locations/216709393/",-8.14504461756576,-8.14504461756576,53.1782213913665,"Norovirus"
"78176009.154",2006-10-07,2006-10-07,2,78176009,"48","78176009","PT12H","http://aido.bsvgateway.org/api/locations/78176009/","Ireland","Ireland","Country","http://aido.bsvgateway.org/api/locations/216709393/",53.1782213913665,-8.14504461756576,53.1782213913665,"Norovirus"
"78176009.155",2006-10-08,2006-10-07,18,78176009,"48","78176009","PT12H","http://aido.bsvgateway.org/api/locations/78176009/","Ireland","Ireland","Country","http://aido.bsvgateway.org/api/locations/216709393/",-8.14504461756576,-8.14504461756576,53.1782213913665,"Norovirus"
"78176009.156",2006-10-08,2006-10-08,29,78176009,"48","78176009","PT12H","http://aido.bsvgateway.org/api/locations/78176009/","Ireland","Ireland","Country","http://aido.bsvgateway.org/api/locations/216709393/",53.1782213913665,-8.14504461756576,53.1782213913665,"Norovirus"
"78176009.157",2006-10-09,2006-10-08,23,78176009,"48","78176009","PT12H","http://aido.bsvgateway.org/api/locations/78176009/","Ireland","Ireland","Country","http://aido.bsvgateway.org/api/locations/216709393/",-8.14504461756576,-8.14504461756576,53.1782213913665,"Norovirus"
"78176009.158",2006-10-09,2006-10-09,9,78176009,"48","78176009","PT12H","http://aido.bsvgateway.org/api/locations/78176009/","Ireland","Ireland","Country","http://aido.bsvgateway.org/api/locations/216709393/",53.1782213913665,-8.14504461756576,53.1782213913665,"Norovirus"
"78176009.159",2006-10-10,2006-10-09,2,78176009,"48","78176009","PT12H","http://aido.bsvgateway.org/api/locations/78176009/","Ireland","Ireland","Country","http://aido.bsvgateway.org/api/locations/216709393/",-8.14504461756576,-8.14504461756576,53.1782213913665,"Norovirus"
"78176009.160",2006-10-10,2006-10-10,1,78176009,"48","78176009","PT12H","http://aido.bsvgateway.org/api/locations/78176009/","Ireland","Ireland","Country","http://aido.bsvgateway.org/api/locations/216709393/",53.1782213913665,-8.14504461756576,53.1782213913665,"Norovirus"
"78176009.161",2006-10-11,2006-10-10,2,78176009,"48","78176009","PT12H","http://aido.bsvgateway.org/api/locations/78176009/","Ireland","Ireland","Country","http://aido.bsvgateway.org/api/locations/216709393/",-8.14504461756576,-8.14504461756576,53.1782213913665,"Norovirus"
"78176009.162",2006-10-11,2006-10-11,0,78176009,"48","78176009","PT12H","http://aido.bsvgateway.org/api/locations/78176009/","Ireland","Ireland","Country","http://aido.bsvgateway.org/api/locations/216709393/",53.1782213913665,-8.14504461756576,53.1782213913665,"Norovirus"
"78176009.163",2006-10-12,2006-10-11,0,78176009,"48","78176009","PT12H","http://aido.bsvgateway.org/api/locations/78176009/","Ireland","Ireland","Country","http://aido.bsvgateway.org/api/locations/216709393/",-8.14504461756576,-8.14504461756576,53.1782213913665,"Norovirus"
"78176009.164",2006-10-12,2006-10-12,0,78176009,"48","78176009","PT12H","http://aido.bsvgateway.org/api/locations/78176009/","Ireland","Ireland","Country","http://aido.bsvgateway.org/api/locations/216709393/",53.1782213913665,-8.14504461756576,53.1782213913665,"Norovirus"
"78176009.165",2006-10-13,2006-10-12,0,78176009,"48","78176009","PT12H","http://aido.bsvgateway.org/api/locations/78176009/","Ireland","Ireland","Country","http://aido.bsvgateway.org/api/locations/216709393/",-8.14504461756576,-8.14504461756576,53.1782213913665,"Norovirus"
"78176009.166",2006-10-13,2006-10-13,0,78176009,"48","78176009","PT12H","http://aido.bsvgateway.org/api/locations/78176009/","Ireland","Ireland","Country","http://aido.bsvgateway.org/api/locations/216709393/",53.1782213913665,-8.14504461756576,53.1782213913665,"Norovirus"
"78176009.167",2006-10-14,2006-10-13,0,78176009,"48","78176009","PT12H","http://aido.bsvgateway.org/api/locations/78176009/","Ireland","Ireland","Country","http://aido.bsvgateway.org/api/locations/216709393/",-8.14504461756576,-8.14504461756576,53.1782213913665,"Norovirus"
"78176009.168",2009-03-02,2009-03-02,2,78176009,"48","78176009","PT4H","http://aido.bsvgateway.org/api/locations/78176009/","Ireland","Ireland","Country","http://aido.bsvgateway.org/api/locations/216709393/",53.1782213913665,-8.14504461756576,53.1782213913665,"Norovirus"
"78176009.169",2009-03-02,2009-03-02,1,78176009,"48","78176009","PT4H","http://aido.bsvgateway.org/api/locations/78176009/","Ireland","Ireland","Country","http://aido.bsvgateway.org/api/locations/216709393/",-8.14504461756576,-8.14504461756576,53.1782213913665,"Norovirus"
"78176009.170",2009-03-02,2009-03-02,3,78176009,"48","78176009","PT4H","http://aido.bsvgateway.org/api/locations/78176009/","Ireland","Ireland","Country","http://aido.bsvgateway.org/api/locations/216709393/",53.1782213913665,-8.14504461756576,53.1782213913665,"Norovirus"
"78176009.171",2009-03-02,2009-03-02,7,78176009,"48","78176009","PT4H","http://aido.bsvgateway.org/api/locations/78176009/","Ireland","Ireland","Country","http://aido.bsvgateway.org/api/locations/216709393/",-8.14504461756576,-8.14504461756576,53.1782213913665,"Norovirus"
"78176009.172",2009-03-03,2009-03-02,6,78176009,"48","78176009","PT4H","http://aido.bsvgateway.org/api/locations/78176009/","Ireland","Ireland","Country","http://aido.bsvgateway.org/api/locations/216709393/",53.1782213913665,-8.14504461756576,53.1782213913665,"Norovirus"
"78176009.173",2009-03-03,2009-03-03,2,78176009,"48","78176009","PT4H","http://aido.bsvgateway.org/api/locations/78176009/","Ireland","Ireland","Country","http://aido.bsvgateway.org/api/locations/216709393/",-8.14504461756576,-8.14504461756576,53.1782213913665,"Norovirus"
"78176009.174",2009-03-03,2009-03-03,2,78176009,"48","78176009","PT4H","http://aido.bsvgateway.org/api/locations/78176009/","Ireland","Ireland","Country","http://aido.bsvgateway.org/api/locations/216709393/",53.1782213913665,-8.14504461756576,53.1782213913665,"Norovirus"
"78176009.175",2009-03-03,2009-03-03,2,78176009,"48","78176009","PT4H","http://aido.bsvgateway.org/api/locations/78176009/","Ireland","Ireland","Country","http://aido.bsvgateway.org/api/locations/216709393/",-8.14504461756576,-8.14504461756576,53.1782213913665,"Norovirus"
"78176009.176",2009-03-03,2009-03-03,0,78176009,"48","78176009","PT4H","http://aido.bsvgateway.org/api/locations/78176009/","Ireland","Ireland","Country","http://aido.bsvgateway.org/api/locations/216709393/",53.1782213913665,-8.14504461756576,53.1782213913665,"Norovirus"
"78176009.177",2009-03-03,2009-03-03,1,78176009,"48","78176009","PT4H","http://aido.bsvgateway.org/api/locations/78176009/","Ireland","Ireland","Country","http://aido.bsvgateway.org/api/locations/216709393/",-8.14504461756576,-8.14504461756576,53.1782213913665,"Norovirus"
