"","end","start","value","id","disease","location","duration","url","name","full_name","admin_level_name","parent","centroid_lat_long","longitude","latitude","disease_name"
"159334257.505",2006-12-11,2006-12-11,0,159334257,"48","159334257","PT1H","http://aido.bsvgateway.org/api/locations/159334257/","New Jersey","New Jersey, United States of America","State","http://aido.bsvgateway.org/api/locations/113309883/",40.1929693467932,-74.6670784922777,40.1929693467932,"Norovirus"
"159334257.506",2006-12-11,2006-12-11,0,159334257,"48","159334257","PT1H","http://aido.bsvgateway.org/api/locations/159334257/","New Jersey","New Jersey, United States of America","State","http://aido.bsvgateway.org/api/locations/113309883/",-74.6670784922777,-74.6670784922777,40.1929693467932,"Norovirus"
"159334257.507",2006-12-11,2006-12-11,0,159334257,"48","159334257","PT1H","http://aido.bsvgateway.org/api/locations/159334257/","New Jersey","New Jersey, United States of America","State","http://aido.bsvgateway.org/api/locations/113309883/",40.1929693467932,-74.6670784922777,40.1929693467932,"Norovirus"
"159334257.508",2006-12-11,2006-12-11,0,159334257,"48","159334257","PT1H","http://aido.bsvgateway.org/api/locations/159334257/","New Jersey","New Jersey, United States of America","State","http://aido.bsvgateway.org/api/locations/113309883/",-74.6670784922777,-74.6670784922777,40.1929693467932,"Norovirus"
"159334257.509",2006-12-11,2006-12-11,0,159334257,"48","159334257","PT1H","http://aido.bsvgateway.org/api/locations/159334257/","New Jersey","New Jersey, United States of America","State","http://aido.bsvgateway.org/api/locations/113309883/",40.1929693467932,-74.6670784922777,40.1929693467932,"Norovirus"
"159334257.510",2006-12-11,2006-12-11,0,159334257,"48","159334257","PT1H","http://aido.bsvgateway.org/api/locations/159334257/","New Jersey","New Jersey, United States of America","State","http://aido.bsvgateway.org/api/locations/113309883/",-74.6670784922777,-74.6670784922777,40.1929693467932,"Norovirus"
"159334257.511",2006-12-11,2006-12-11,1,159334257,"48","159334257","PT1H","http://aido.bsvgateway.org/api/locations/159334257/","New Jersey","New Jersey, United States of America","State","http://aido.bsvgateway.org/api/locations/113309883/",40.1929693467932,-74.6670784922777,40.1929693467932,"Norovirus"
"159334257.512",2006-12-11,2006-12-11,1,159334257,"48","159334257","PT1H","http://aido.bsvgateway.org/api/locations/159334257/","New Jersey","New Jersey, United States of America","State","http://aido.bsvgateway.org/api/locations/113309883/",-74.6670784922777,-74.6670784922777,40.1929693467932,"Norovirus"
"159334257.513",2006-12-11,2006-12-11,0,159334257,"48","159334257","PT1H","http://aido.bsvgateway.org/api/locations/159334257/","New Jersey","New Jersey, United States of America","State","http://aido.bsvgateway.org/api/locations/113309883/",40.1929693467932,-74.6670784922777,40.1929693467932,"Norovirus"
"159334257.514",2006-12-11,2006-12-11,0,159334257,"48","159334257","PT1H","http://aido.bsvgateway.org/api/locations/159334257/","New Jersey","New Jersey, United States of America","State","http://aido.bsvgateway.org/api/locations/113309883/",-74.6670784922777,-74.6670784922777,40.1929693467932,"Norovirus"
"159334257.515",2006-12-11,2006-12-11,0,159334257,"48","159334257","PT1H","http://aido.bsvgateway.org/api/locations/159334257/","New Jersey","New Jersey, United States of America","State","http://aido.bsvgateway.org/api/locations/113309883/",40.1929693467932,-74.6670784922777,40.1929693467932,"Norovirus"
"159334257.516",2006-12-12,2006-12-11,0,159334257,"48","159334257","PT1H","http://aido.bsvgateway.org/api/locations/159334257/","New Jersey","New Jersey, United States of America","State","http://aido.bsvgateway.org/api/locations/113309883/",-74.6670784922777,-74.6670784922777,40.1929693467932,"Norovirus"
"159334257.517",2006-12-12,2006-12-12,0,159334257,"48","159334257","PT1H","http://aido.bsvgateway.org/api/locations/159334257/","New Jersey","New Jersey, United States of America","State","http://aido.bsvgateway.org/api/locations/113309883/",40.1929693467932,-74.6670784922777,40.1929693467932,"Norovirus"
"159334257.518",2006-12-12,2006-12-12,1,159334257,"48","159334257","PT1H","http://aido.bsvgateway.org/api/locations/159334257/","New Jersey","New Jersey, United States of America","State","http://aido.bsvgateway.org/api/locations/113309883/",-74.6670784922777,-74.6670784922777,40.1929693467932,"Norovirus"
"159334257.519",2006-12-12,2006-12-12,1,159334257,"48","159334257","PT1H","http://aido.bsvgateway.org/api/locations/159334257/","New Jersey","New Jersey, United States of America","State","http://aido.bsvgateway.org/api/locations/113309883/",40.1929693467932,-74.6670784922777,40.1929693467932,"Norovirus"
"159334257.520",2006-12-12,2006-12-12,1,159334257,"48","159334257","PT1H","http://aido.bsvgateway.org/api/locations/159334257/","New Jersey","New Jersey, United States of America","State","http://aido.bsvgateway.org/api/locations/113309883/",-74.6670784922777,-74.6670784922777,40.1929693467932,"Norovirus"
"159334257.521",2006-12-12,2006-12-12,3,159334257,"48","159334257","PT1H","http://aido.bsvgateway.org/api/locations/159334257/","New Jersey","New Jersey, United States of America","State","http://aido.bsvgateway.org/api/locations/113309883/",40.1929693467932,-74.6670784922777,40.1929693467932,"Norovirus"
"159334257.522",2006-12-12,2006-12-12,3,159334257,"48","159334257","PT1H","http://aido.bsvgateway.org/api/locations/159334257/","New Jersey","New Jersey, United States of America","State","http://aido.bsvgateway.org/api/locations/113309883/",-74.6670784922777,-74.6670784922777,40.1929693467932,"Norovirus"
"159334257.523",2006-12-12,2006-12-12,3,159334257,"48","159334257","PT1H","http://aido.bsvgateway.org/api/locations/159334257/","New Jersey","New Jersey, United States of America","State","http://aido.bsvgateway.org/api/locations/113309883/",40.1929693467932,-74.6670784922777,40.1929693467932,"Norovirus"
"159334257.524",2006-12-12,2006-12-12,2,159334257,"48","159334257","PT1H","http://aido.bsvgateway.org/api/locations/159334257/","New Jersey","New Jersey, United States of America","State","http://aido.bsvgateway.org/api/locations/113309883/",-74.6670784922777,-74.6670784922777,40.1929693467932,"Norovirus"
"159334257.525",2006-12-12,2006-12-12,2,159334257,"48","159334257","PT1H","http://aido.bsvgateway.org/api/locations/159334257/","New Jersey","New Jersey, United States of America","State","http://aido.bsvgateway.org/api/locations/113309883/",40.1929693467932,-74.6670784922777,40.1929693467932,"Norovirus"
"159334257.526",2006-12-12,2006-12-12,0,159334257,"48","159334257","PT1H","http://aido.bsvgateway.org/api/locations/159334257/","New Jersey","New Jersey, United States of America","State","http://aido.bsvgateway.org/api/locations/113309883/",-74.6670784922777,-74.6670784922777,40.1929693467932,"Norovirus"
"159334257.527",2006-12-12,2006-12-12,2,159334257,"48","159334257","PT1H","http://aido.bsvgateway.org/api/locations/159334257/","New Jersey","New Jersey, United States of America","State","http://aido.bsvgateway.org/api/locations/113309883/",40.1929693467932,-74.6670784922777,40.1929693467932,"Norovirus"
"159334257.528",2006-12-12,2006-12-12,1,159334257,"48","159334257","PT1H","http://aido.bsvgateway.org/api/locations/159334257/","New Jersey","New Jersey, United States of America","State","http://aido.bsvgateway.org/api/locations/113309883/",-74.6670784922777,-74.6670784922777,40.1929693467932,"Norovirus"
"159334257.529",2006-12-12,2006-12-12,2,159334257,"48","159334257","PT1H","http://aido.bsvgateway.org/api/locations/159334257/","New Jersey","New Jersey, United States of America","State","http://aido.bsvgateway.org/api/locations/113309883/",40.1929693467932,-74.6670784922777,40.1929693467932,"Norovirus"
"159334257.530",2006-12-12,2006-12-12,4,159334257,"48","159334257","PT1H","http://aido.bsvgateway.org/api/locations/159334257/","New Jersey","New Jersey, United States of America","State","http://aido.bsvgateway.org/api/locations/113309883/",-74.6670784922777,-74.6670784922777,40.1929693467932,"Norovirus"
"159334257.531",2006-12-12,2006-12-12,1,159334257,"48","159334257","PT1H","http://aido.bsvgateway.org/api/locations/159334257/","New Jersey","New Jersey, United States of America","State","http://aido.bsvgateway.org/api/locations/113309883/",40.1929693467932,-74.6670784922777,40.1929693467932,"Norovirus"
"159334257.532",2006-12-12,2006-12-12,1,159334257,"48","159334257","PT1H","http://aido.bsvgateway.org/api/locations/159334257/","New Jersey","New Jersey, United States of America","State","http://aido.bsvgateway.org/api/locations/113309883/",-74.6670784922777,-74.6670784922777,40.1929693467932,"Norovirus"
"159334257.533",2006-12-12,2006-12-12,0,159334257,"48","159334257","PT1H","http://aido.bsvgateway.org/api/locations/159334257/","New Jersey","New Jersey, United States of America","State","http://aido.bsvgateway.org/api/locations/113309883/",40.1929693467932,-74.6670784922777,40.1929693467932,"Norovirus"
"159334257.534",2006-12-12,2006-12-12,1,159334257,"48","159334257","PT1H","http://aido.bsvgateway.org/api/locations/159334257/","New Jersey","New Jersey, United States of America","State","http://aido.bsvgateway.org/api/locations/113309883/",-74.6670784922777,-74.6670784922777,40.1929693467932,"Norovirus"
"159334257.535",2006-12-12,2006-12-12,1,159334257,"48","159334257","PT1H","http://aido.bsvgateway.org/api/locations/159334257/","New Jersey","New Jersey, United States of America","State","http://aido.bsvgateway.org/api/locations/113309883/",40.1929693467932,-74.6670784922777,40.1929693467932,"Norovirus"
"159334257.536",2006-12-12,2006-12-12,0,159334257,"48","159334257","PT1H","http://aido.bsvgateway.org/api/locations/159334257/","New Jersey","New Jersey, United States of America","State","http://aido.bsvgateway.org/api/locations/113309883/",-74.6670784922777,-74.6670784922777,40.1929693467932,"Norovirus"
"159334257.537",2006-12-12,2006-12-12,0,159334257,"48","159334257","PT1H","http://aido.bsvgateway.org/api/locations/159334257/","New Jersey","New Jersey, United States of America","State","http://aido.bsvgateway.org/api/locations/113309883/",40.1929693467932,-74.6670784922777,40.1929693467932,"Norovirus"
"159334257.538",2006-12-12,2006-12-12,0,159334257,"48","159334257","PT1H","http://aido.bsvgateway.org/api/locations/159334257/","New Jersey","New Jersey, United States of America","State","http://aido.bsvgateway.org/api/locations/113309883/",-74.6670784922777,-74.6670784922777,40.1929693467932,"Norovirus"
"159334257.539",2006-12-12,2006-12-12,1,159334257,"48","159334257","PT1H","http://aido.bsvgateway.org/api/locations/159334257/","New Jersey","New Jersey, United States of America","State","http://aido.bsvgateway.org/api/locations/113309883/",40.1929693467932,-74.6670784922777,40.1929693467932,"Norovirus"
"159334257.540",2006-12-13,2006-12-12,0,159334257,"48","159334257","PT1H","http://aido.bsvgateway.org/api/locations/159334257/","New Jersey","New Jersey, United States of America","State","http://aido.bsvgateway.org/api/locations/113309883/",-74.6670784922777,-74.6670784922777,40.1929693467932,"Norovirus"
"159334257.541",2006-12-13,2006-12-13,0,159334257,"48","159334257","PT1H","http://aido.bsvgateway.org/api/locations/159334257/","New Jersey","New Jersey, United States of America","State","http://aido.bsvgateway.org/api/locations/113309883/",40.1929693467932,-74.6670784922777,40.1929693467932,"Norovirus"
"159334257.542",2006-12-13,2006-12-13,0,159334257,"48","159334257","PT1H","http://aido.bsvgateway.org/api/locations/159334257/","New Jersey","New Jersey, United States of America","State","http://aido.bsvgateway.org/api/locations/113309883/",-74.6670784922777,-74.6670784922777,40.1929693467932,"Norovirus"
"159334257.543",2006-12-13,2006-12-13,0,159334257,"48","159334257","PT1H","http://aido.bsvgateway.org/api/locations/159334257/","New Jersey","New Jersey, United States of America","State","http://aido.bsvgateway.org/api/locations/113309883/",40.1929693467932,-74.6670784922777,40.1929693467932,"Norovirus"
"159334257.544",2006-12-13,2006-12-13,1,159334257,"48","159334257","PT1H","http://aido.bsvgateway.org/api/locations/159334257/","New Jersey","New Jersey, United States of America","State","http://aido.bsvgateway.org/api/locations/113309883/",-74.6670784922777,-74.6670784922777,40.1929693467932,"Norovirus"
"159334257.545",2006-12-13,2006-12-13,0,159334257,"48","159334257","PT1H","http://aido.bsvgateway.org/api/locations/159334257/","New Jersey","New Jersey, United States of America","State","http://aido.bsvgateway.org/api/locations/113309883/",40.1929693467932,-74.6670784922777,40.1929693467932,"Norovirus"
"159334257.546",2006-12-13,2006-12-13,2,159334257,"48","159334257","PT1H","http://aido.bsvgateway.org/api/locations/159334257/","New Jersey","New Jersey, United States of America","State","http://aido.bsvgateway.org/api/locations/113309883/",-74.6670784922777,-74.6670784922777,40.1929693467932,"Norovirus"
"159334257.547",2006-12-13,2006-12-13,1,159334257,"48","159334257","PT1H","http://aido.bsvgateway.org/api/locations/159334257/","New Jersey","New Jersey, United States of America","State","http://aido.bsvgateway.org/api/locations/113309883/",40.1929693467932,-74.6670784922777,40.1929693467932,"Norovirus"
"159334257.548",2006-12-13,2006-12-13,0,159334257,"48","159334257","PT1H","http://aido.bsvgateway.org/api/locations/159334257/","New Jersey","New Jersey, United States of America","State","http://aido.bsvgateway.org/api/locations/113309883/",-74.6670784922777,-74.6670784922777,40.1929693467932,"Norovirus"
"159334257.549",2006-12-13,2006-12-13,0,159334257,"48","159334257","PT1H","http://aido.bsvgateway.org/api/locations/159334257/","New Jersey","New Jersey, United States of America","State","http://aido.bsvgateway.org/api/locations/113309883/",40.1929693467932,-74.6670784922777,40.1929693467932,"Norovirus"
"159334257.550",2006-12-13,2006-12-13,0,159334257,"48","159334257","PT1H","http://aido.bsvgateway.org/api/locations/159334257/","New Jersey","New Jersey, United States of America","State","http://aido.bsvgateway.org/api/locations/113309883/",-74.6670784922777,-74.6670784922777,40.1929693467932,"Norovirus"
"159334257.551",2006-12-13,2006-12-13,0,159334257,"48","159334257","PT1H","http://aido.bsvgateway.org/api/locations/159334257/","New Jersey","New Jersey, United States of America","State","http://aido.bsvgateway.org/api/locations/113309883/",40.1929693467932,-74.6670784922777,40.1929693467932,"Norovirus"
"159334257.552",2006-12-13,2006-12-13,0,159334257,"48","159334257","PT1H","http://aido.bsvgateway.org/api/locations/159334257/","New Jersey","New Jersey, United States of America","State","http://aido.bsvgateway.org/api/locations/113309883/",-74.6670784922777,-74.6670784922777,40.1929693467932,"Norovirus"
"159334257.553",2006-12-13,2006-12-13,0,159334257,"48","159334257","PT1H","http://aido.bsvgateway.org/api/locations/159334257/","New Jersey","New Jersey, United States of America","State","http://aido.bsvgateway.org/api/locations/113309883/",40.1929693467932,-74.6670784922777,40.1929693467932,"Norovirus"
"159334257.554",2006-12-13,2006-12-13,2,159334257,"48","159334257","PT1H","http://aido.bsvgateway.org/api/locations/159334257/","New Jersey","New Jersey, United States of America","State","http://aido.bsvgateway.org/api/locations/113309883/",-74.6670784922777,-74.6670784922777,40.1929693467932,"Norovirus"
"159334257.555",2006-12-13,2006-12-13,0,159334257,"48","159334257","PT1H","http://aido.bsvgateway.org/api/locations/159334257/","New Jersey","New Jersey, United States of America","State","http://aido.bsvgateway.org/api/locations/113309883/",40.1929693467932,-74.6670784922777,40.1929693467932,"Norovirus"
"159334257.556",2006-12-13,2006-12-13,0,159334257,"48","159334257","PT1H","http://aido.bsvgateway.org/api/locations/159334257/","New Jersey","New Jersey, United States of America","State","http://aido.bsvgateway.org/api/locations/113309883/",-74.6670784922777,-74.6670784922777,40.1929693467932,"Norovirus"
"159334257.557",2006-12-13,2006-12-13,0,159334257,"48","159334257","PT1H","http://aido.bsvgateway.org/api/locations/159334257/","New Jersey","New Jersey, United States of America","State","http://aido.bsvgateway.org/api/locations/113309883/",40.1929693467932,-74.6670784922777,40.1929693467932,"Norovirus"
"159334257.558",2006-12-13,2006-12-13,0,159334257,"48","159334257","PT1H","http://aido.bsvgateway.org/api/locations/159334257/","New Jersey","New Jersey, United States of America","State","http://aido.bsvgateway.org/api/locations/113309883/",-74.6670784922777,-74.6670784922777,40.1929693467932,"Norovirus"
"159334257.559",2006-12-13,2006-12-13,0,159334257,"48","159334257","PT1H","http://aido.bsvgateway.org/api/locations/159334257/","New Jersey","New Jersey, United States of America","State","http://aido.bsvgateway.org/api/locations/113309883/",40.1929693467932,-74.6670784922777,40.1929693467932,"Norovirus"
"159334257.560",2006-12-13,2006-12-13,0,159334257,"48","159334257","PT1H","http://aido.bsvgateway.org/api/locations/159334257/","New Jersey","New Jersey, United States of America","State","http://aido.bsvgateway.org/api/locations/113309883/",-74.6670784922777,-74.6670784922777,40.1929693467932,"Norovirus"
"159334257.561",2006-12-13,2006-12-13,1,159334257,"48","159334257","PT1H","http://aido.bsvgateway.org/api/locations/159334257/","New Jersey","New Jersey, United States of America","State","http://aido.bsvgateway.org/api/locations/113309883/",40.1929693467932,-74.6670784922777,40.1929693467932,"Norovirus"
"159334257.562",2006-12-13,2006-12-13,0,159334257,"48","159334257","PT1H","http://aido.bsvgateway.org/api/locations/159334257/","New Jersey","New Jersey, United States of America","State","http://aido.bsvgateway.org/api/locations/113309883/",-74.6670784922777,-74.6670784922777,40.1929693467932,"Norovirus"
"159334257.563",2006-12-13,2006-12-13,0,159334257,"48","159334257","PT1H","http://aido.bsvgateway.org/api/locations/159334257/","New Jersey","New Jersey, United States of America","State","http://aido.bsvgateway.org/api/locations/113309883/",40.1929693467932,-74.6670784922777,40.1929693467932,"Norovirus"
"159334257.564",2006-12-14,2006-12-13,0,159334257,"48","159334257","PT1H","http://aido.bsvgateway.org/api/locations/159334257/","New Jersey","New Jersey, United States of America","State","http://aido.bsvgateway.org/api/locations/113309883/",-74.6670784922777,-74.6670784922777,40.1929693467932,"Norovirus"
"159334257.565",2006-12-14,2006-12-14,0,159334257,"48","159334257","PT1H","http://aido.bsvgateway.org/api/locations/159334257/","New Jersey","New Jersey, United States of America","State","http://aido.bsvgateway.org/api/locations/113309883/",40.1929693467932,-74.6670784922777,40.1929693467932,"Norovirus"
"159334257.566",2006-12-14,2006-12-14,0,159334257,"48","159334257","PT1H","http://aido.bsvgateway.org/api/locations/159334257/","New Jersey","New Jersey, United States of America","State","http://aido.bsvgateway.org/api/locations/113309883/",-74.6670784922777,-74.6670784922777,40.1929693467932,"Norovirus"
"159334257.567",2006-12-14,2006-12-14,0,159334257,"48","159334257","PT1H","http://aido.bsvgateway.org/api/locations/159334257/","New Jersey","New Jersey, United States of America","State","http://aido.bsvgateway.org/api/locations/113309883/",40.1929693467932,-74.6670784922777,40.1929693467932,"Norovirus"
"159334257.568",2006-12-14,2006-12-14,0,159334257,"48","159334257","PT1H","http://aido.bsvgateway.org/api/locations/159334257/","New Jersey","New Jersey, United States of America","State","http://aido.bsvgateway.org/api/locations/113309883/",-74.6670784922777,-74.6670784922777,40.1929693467932,"Norovirus"
"159334257.569",2006-12-14,2006-12-14,0,159334257,"48","159334257","PT1H","http://aido.bsvgateway.org/api/locations/159334257/","New Jersey","New Jersey, United States of America","State","http://aido.bsvgateway.org/api/locations/113309883/",40.1929693467932,-74.6670784922777,40.1929693467932,"Norovirus"
"159334257.570",2006-12-14,2006-12-14,1,159334257,"48","159334257","PT1H","http://aido.bsvgateway.org/api/locations/159334257/","New Jersey","New Jersey, United States of America","State","http://aido.bsvgateway.org/api/locations/113309883/",-74.6670784922777,-74.6670784922777,40.1929693467932,"Norovirus"
"159334257.571",2006-12-14,2006-12-14,0,159334257,"48","159334257","PT1H","http://aido.bsvgateway.org/api/locations/159334257/","New Jersey","New Jersey, United States of America","State","http://aido.bsvgateway.org/api/locations/113309883/",40.1929693467932,-74.6670784922777,40.1929693467932,"Norovirus"
"159334257.572",2006-12-14,2006-12-14,0,159334257,"48","159334257","PT1H","http://aido.bsvgateway.org/api/locations/159334257/","New Jersey","New Jersey, United States of America","State","http://aido.bsvgateway.org/api/locations/113309883/",-74.6670784922777,-74.6670784922777,40.1929693467932,"Norovirus"
"159334257.573",2006-12-14,2006-12-14,0,159334257,"48","159334257","PT1H","http://aido.bsvgateway.org/api/locations/159334257/","New Jersey","New Jersey, United States of America","State","http://aido.bsvgateway.org/api/locations/113309883/",40.1929693467932,-74.6670784922777,40.1929693467932,"Norovirus"
"159334257.574",2006-12-14,2006-12-14,0,159334257,"48","159334257","PT1H","http://aido.bsvgateway.org/api/locations/159334257/","New Jersey","New Jersey, United States of America","State","http://aido.bsvgateway.org/api/locations/113309883/",-74.6670784922777,-74.6670784922777,40.1929693467932,"Norovirus"
"159334257.575",2006-12-14,2006-12-14,0,159334257,"48","159334257","PT1H","http://aido.bsvgateway.org/api/locations/159334257/","New Jersey","New Jersey, United States of America","State","http://aido.bsvgateway.org/api/locations/113309883/",40.1929693467932,-74.6670784922777,40.1929693467932,"Norovirus"
"159334257.576",2006-12-14,2006-12-14,0,159334257,"48","159334257","PT1H","http://aido.bsvgateway.org/api/locations/159334257/","New Jersey","New Jersey, United States of America","State","http://aido.bsvgateway.org/api/locations/113309883/",-74.6670784922777,-74.6670784922777,40.1929693467932,"Norovirus"
"159334257.577",2006-12-14,2006-12-14,0,159334257,"48","159334257","PT1H","http://aido.bsvgateway.org/api/locations/159334257/","New Jersey","New Jersey, United States of America","State","http://aido.bsvgateway.org/api/locations/113309883/",40.1929693467932,-74.6670784922777,40.1929693467932,"Norovirus"
"159334257.578",2006-12-14,2006-12-14,0,159334257,"48","159334257","PT1H","http://aido.bsvgateway.org/api/locations/159334257/","New Jersey","New Jersey, United States of America","State","http://aido.bsvgateway.org/api/locations/113309883/",-74.6670784922777,-74.6670784922777,40.1929693467932,"Norovirus"
"159334257.579",2006-12-14,2006-12-14,0,159334257,"48","159334257","PT1H","http://aido.bsvgateway.org/api/locations/159334257/","New Jersey","New Jersey, United States of America","State","http://aido.bsvgateway.org/api/locations/113309883/",40.1929693467932,-74.6670784922777,40.1929693467932,"Norovirus"
"159334257.580",2006-12-14,2006-12-14,0,159334257,"48","159334257","PT1H","http://aido.bsvgateway.org/api/locations/159334257/","New Jersey","New Jersey, United States of America","State","http://aido.bsvgateway.org/api/locations/113309883/",-74.6670784922777,-74.6670784922777,40.1929693467932,"Norovirus"
"159334257.581",2006-12-14,2006-12-14,0,159334257,"48","159334257","PT1H","http://aido.bsvgateway.org/api/locations/159334257/","New Jersey","New Jersey, United States of America","State","http://aido.bsvgateway.org/api/locations/113309883/",40.1929693467932,-74.6670784922777,40.1929693467932,"Norovirus"
"159334257.582",2006-12-14,2006-12-14,0,159334257,"48","159334257","PT1H","http://aido.bsvgateway.org/api/locations/159334257/","New Jersey","New Jersey, United States of America","State","http://aido.bsvgateway.org/api/locations/113309883/",-74.6670784922777,-74.6670784922777,40.1929693467932,"Norovirus"
"159334257.583",2006-12-14,2006-12-14,0,159334257,"48","159334257","PT1H","http://aido.bsvgateway.org/api/locations/159334257/","New Jersey","New Jersey, United States of America","State","http://aido.bsvgateway.org/api/locations/113309883/",40.1929693467932,-74.6670784922777,40.1929693467932,"Norovirus"
"159334257.584",2006-12-14,2006-12-14,0,159334257,"48","159334257","PT1H","http://aido.bsvgateway.org/api/locations/159334257/","New Jersey","New Jersey, United States of America","State","http://aido.bsvgateway.org/api/locations/113309883/",-74.6670784922777,-74.6670784922777,40.1929693467932,"Norovirus"
"159334257.585",2006-12-14,2006-12-14,2,159334257,"48","159334257","PT1H","http://aido.bsvgateway.org/api/locations/159334257/","New Jersey","New Jersey, United States of America","State","http://aido.bsvgateway.org/api/locations/113309883/",40.1929693467932,-74.6670784922777,40.1929693467932,"Norovirus"
"159334257.586",2006-12-14,2006-12-14,0,159334257,"48","159334257","PT1H","http://aido.bsvgateway.org/api/locations/159334257/","New Jersey","New Jersey, United States of America","State","http://aido.bsvgateway.org/api/locations/113309883/",-74.6670784922777,-74.6670784922777,40.1929693467932,"Norovirus"
"159334257.587",2006-12-14,2006-12-14,0,159334257,"48","159334257","PT1H","http://aido.bsvgateway.org/api/locations/159334257/","New Jersey","New Jersey, United States of America","State","http://aido.bsvgateway.org/api/locations/113309883/",40.1929693467932,-74.6670784922777,40.1929693467932,"Norovirus"
"159334257.588",2006-12-15,2006-12-14,0,159334257,"48","159334257","PT1H","http://aido.bsvgateway.org/api/locations/159334257/","New Jersey","New Jersey, United States of America","State","http://aido.bsvgateway.org/api/locations/113309883/",-74.6670784922777,-74.6670784922777,40.1929693467932,"Norovirus"
