"","end","start","value","id","disease","location","duration","url","name","full_name","admin_level_name","parent","centroid_lat_long","longitude","latitude","disease_name"
"133144877.166",2010-10-04,2010-09-27,0,133144877,"76","133144877","P7D","http://aido.bsvgateway.org/api/locations/133144877/","Miyazaki","Miyazaki, Japan","State","http://aido.bsvgateway.org/api/locations/62292347/",32.1835300161215,131.290364458202,32.1835300161215,"Pertussis"
"133144877.167",2010-10-11,2010-10-04,0,133144877,"76","133144877","P7D","http://aido.bsvgateway.org/api/locations/133144877/","Miyazaki","Miyazaki, Japan","State","http://aido.bsvgateway.org/api/locations/62292347/",131.290364458202,131.290364458202,32.1835300161215,"Pertussis"
"133144877.168",2010-10-18,2010-10-11,0,133144877,"76","133144877","P7D","http://aido.bsvgateway.org/api/locations/133144877/","Miyazaki","Miyazaki, Japan","State","http://aido.bsvgateway.org/api/locations/62292347/",32.1835300161215,131.290364458202,32.1835300161215,"Pertussis"
"133144877.169",2010-10-25,2010-10-18,0,133144877,"76","133144877","P7D","http://aido.bsvgateway.org/api/locations/133144877/","Miyazaki","Miyazaki, Japan","State","http://aido.bsvgateway.org/api/locations/62292347/",131.290364458202,131.290364458202,32.1835300161215,"Pertussis"
"133144877.170",2010-11-01,2010-10-25,0,133144877,"76","133144877","P7D","http://aido.bsvgateway.org/api/locations/133144877/","Miyazaki","Miyazaki, Japan","State","http://aido.bsvgateway.org/api/locations/62292347/",32.1835300161215,131.290364458202,32.1835300161215,"Pertussis"
"133144877.171",2010-11-08,2010-11-01,0,133144877,"76","133144877","P7D","http://aido.bsvgateway.org/api/locations/133144877/","Miyazaki","Miyazaki, Japan","State","http://aido.bsvgateway.org/api/locations/62292347/",131.290364458202,131.290364458202,32.1835300161215,"Pertussis"
"133144877.172",2010-11-15,2010-11-08,2,133144877,"76","133144877","P7D","http://aido.bsvgateway.org/api/locations/133144877/","Miyazaki","Miyazaki, Japan","State","http://aido.bsvgateway.org/api/locations/62292347/",32.1835300161215,131.290364458202,32.1835300161215,"Pertussis"
"133144877.173",2010-11-22,2010-11-15,2,133144877,"76","133144877","P7D","http://aido.bsvgateway.org/api/locations/133144877/","Miyazaki","Miyazaki, Japan","State","http://aido.bsvgateway.org/api/locations/62292347/",131.290364458202,131.290364458202,32.1835300161215,"Pertussis"
"133144877.174",2010-11-29,2010-11-22,1,133144877,"76","133144877","P7D","http://aido.bsvgateway.org/api/locations/133144877/","Miyazaki","Miyazaki, Japan","State","http://aido.bsvgateway.org/api/locations/62292347/",32.1835300161215,131.290364458202,32.1835300161215,"Pertussis"
"133144877.175",2010-12-06,2010-11-29,2,133144877,"76","133144877","P7D","http://aido.bsvgateway.org/api/locations/133144877/","Miyazaki","Miyazaki, Japan","State","http://aido.bsvgateway.org/api/locations/62292347/",131.290364458202,131.290364458202,32.1835300161215,"Pertussis"
"133144877.176",2010-12-13,2010-12-06,1,133144877,"76","133144877","P7D","http://aido.bsvgateway.org/api/locations/133144877/","Miyazaki","Miyazaki, Japan","State","http://aido.bsvgateway.org/api/locations/62292347/",32.1835300161215,131.290364458202,32.1835300161215,"Pertussis"
"133144877.177",2010-12-20,2010-12-13,3,133144877,"76","133144877","P7D","http://aido.bsvgateway.org/api/locations/133144877/","Miyazaki","Miyazaki, Japan","State","http://aido.bsvgateway.org/api/locations/62292347/",131.290364458202,131.290364458202,32.1835300161215,"Pertussis"
"133144877.178",2010-12-27,2010-12-20,1,133144877,"76","133144877","P7D","http://aido.bsvgateway.org/api/locations/133144877/","Miyazaki","Miyazaki, Japan","State","http://aido.bsvgateway.org/api/locations/62292347/",32.1835300161215,131.290364458202,32.1835300161215,"Pertussis"
"133144877.179",2011-01-03,2010-12-27,1,133144877,"76","133144877","P7D","http://aido.bsvgateway.org/api/locations/133144877/","Miyazaki","Miyazaki, Japan","State","http://aido.bsvgateway.org/api/locations/62292347/",131.290364458202,131.290364458202,32.1835300161215,"Pertussis"
"133144877.180",2011-01-10,2011-01-03,2,133144877,"76","133144877","P7D","http://aido.bsvgateway.org/api/locations/133144877/","Miyazaki","Miyazaki, Japan","State","http://aido.bsvgateway.org/api/locations/62292347/",32.1835300161215,131.290364458202,32.1835300161215,"Pertussis"
"133144877.181",2011-01-17,2011-01-10,3,133144877,"76","133144877","P7D","http://aido.bsvgateway.org/api/locations/133144877/","Miyazaki","Miyazaki, Japan","State","http://aido.bsvgateway.org/api/locations/62292347/",131.290364458202,131.290364458202,32.1835300161215,"Pertussis"
"133144877.182",2011-01-24,2011-01-17,0,133144877,"76","133144877","P7D","http://aido.bsvgateway.org/api/locations/133144877/","Miyazaki","Miyazaki, Japan","State","http://aido.bsvgateway.org/api/locations/62292347/",32.1835300161215,131.290364458202,32.1835300161215,"Pertussis"
"133144877.183",2011-01-31,2011-01-24,1,133144877,"76","133144877","P7D","http://aido.bsvgateway.org/api/locations/133144877/","Miyazaki","Miyazaki, Japan","State","http://aido.bsvgateway.org/api/locations/62292347/",131.290364458202,131.290364458202,32.1835300161215,"Pertussis"
"133144877.184",2011-02-07,2011-01-31,0,133144877,"76","133144877","P7D","http://aido.bsvgateway.org/api/locations/133144877/","Miyazaki","Miyazaki, Japan","State","http://aido.bsvgateway.org/api/locations/62292347/",32.1835300161215,131.290364458202,32.1835300161215,"Pertussis"
"133144877.185",2011-02-14,2011-02-07,1,133144877,"76","133144877","P7D","http://aido.bsvgateway.org/api/locations/133144877/","Miyazaki","Miyazaki, Japan","State","http://aido.bsvgateway.org/api/locations/62292347/",131.290364458202,131.290364458202,32.1835300161215,"Pertussis"
"133144877.186",2011-02-21,2011-02-14,2,133144877,"76","133144877","P7D","http://aido.bsvgateway.org/api/locations/133144877/","Miyazaki","Miyazaki, Japan","State","http://aido.bsvgateway.org/api/locations/62292347/",32.1835300161215,131.290364458202,32.1835300161215,"Pertussis"
"133144877.187",2011-02-28,2011-02-21,1,133144877,"76","133144877","P7D","http://aido.bsvgateway.org/api/locations/133144877/","Miyazaki","Miyazaki, Japan","State","http://aido.bsvgateway.org/api/locations/62292347/",131.290364458202,131.290364458202,32.1835300161215,"Pertussis"
"133144877.188",2011-03-07,2011-02-28,0,133144877,"76","133144877","P7D","http://aido.bsvgateway.org/api/locations/133144877/","Miyazaki","Miyazaki, Japan","State","http://aido.bsvgateway.org/api/locations/62292347/",32.1835300161215,131.290364458202,32.1835300161215,"Pertussis"
"133144877.189",2011-03-14,2011-03-07,2,133144877,"76","133144877","P7D","http://aido.bsvgateway.org/api/locations/133144877/","Miyazaki","Miyazaki, Japan","State","http://aido.bsvgateway.org/api/locations/62292347/",131.290364458202,131.290364458202,32.1835300161215,"Pertussis"
"133144877.190",2011-03-21,2011-03-14,2,133144877,"76","133144877","P7D","http://aido.bsvgateway.org/api/locations/133144877/","Miyazaki","Miyazaki, Japan","State","http://aido.bsvgateway.org/api/locations/62292347/",32.1835300161215,131.290364458202,32.1835300161215,"Pertussis"
"133144877.191",2011-03-28,2011-03-21,2,133144877,"76","133144877","P7D","http://aido.bsvgateway.org/api/locations/133144877/","Miyazaki","Miyazaki, Japan","State","http://aido.bsvgateway.org/api/locations/62292347/",131.290364458202,131.290364458202,32.1835300161215,"Pertussis"
"133144877.192",2011-04-04,2011-03-28,0,133144877,"76","133144877","P7D","http://aido.bsvgateway.org/api/locations/133144877/","Miyazaki","Miyazaki, Japan","State","http://aido.bsvgateway.org/api/locations/62292347/",32.1835300161215,131.290364458202,32.1835300161215,"Pertussis"
