"","end","start","value","id","disease","location","duration","url","name","full_name","admin_level_name","parent","centroid_lat_long","longitude","latitude","disease_name"
"248132959.407",2011-01-28,2011-01-28,0,248132959,"48","248132959","PT12H","http://aido.bsvgateway.org/api/locations/248132959/","Oslo","Oslo, Norway","State","http://aido.bsvgateway.org/api/locations/263703205/",59.9692463480956,10.6523437982709,59.9692463480956,"Norovirus"
"248132959.408",2011-01-29,2011-01-28,1,248132959,"48","248132959","PT12H","http://aido.bsvgateway.org/api/locations/248132959/","Oslo","Oslo, Norway","State","http://aido.bsvgateway.org/api/locations/263703205/",10.6523437982709,10.6523437982709,59.9692463480956,"Norovirus"
"248132959.409",2011-01-29,2011-01-29,8,248132959,"48","248132959","PT12H","http://aido.bsvgateway.org/api/locations/248132959/","Oslo","Oslo, Norway","State","http://aido.bsvgateway.org/api/locations/263703205/",59.9692463480956,10.6523437982709,59.9692463480956,"Norovirus"
"248132959.410",2011-01-30,2011-01-29,7,248132959,"48","248132959","PT12H","http://aido.bsvgateway.org/api/locations/248132959/","Oslo","Oslo, Norway","State","http://aido.bsvgateway.org/api/locations/263703205/",10.6523437982709,10.6523437982709,59.9692463480956,"Norovirus"
"248132959.411",2011-01-30,2011-01-30,11,248132959,"48","248132959","PT12H","http://aido.bsvgateway.org/api/locations/248132959/","Oslo","Oslo, Norway","State","http://aido.bsvgateway.org/api/locations/263703205/",59.9692463480956,10.6523437982709,59.9692463480956,"Norovirus"
"248132959.412",2011-01-31,2011-01-30,16,248132959,"48","248132959","PT12H","http://aido.bsvgateway.org/api/locations/248132959/","Oslo","Oslo, Norway","State","http://aido.bsvgateway.org/api/locations/263703205/",10.6523437982709,10.6523437982709,59.9692463480956,"Norovirus"
"248132959.413",2011-01-31,2011-01-31,6,248132959,"48","248132959","PT12H","http://aido.bsvgateway.org/api/locations/248132959/","Oslo","Oslo, Norway","State","http://aido.bsvgateway.org/api/locations/263703205/",59.9692463480956,10.6523437982709,59.9692463480956,"Norovirus"
"248132959.414",2011-02-01,2011-01-31,7,248132959,"48","248132959","PT12H","http://aido.bsvgateway.org/api/locations/248132959/","Oslo","Oslo, Norway","State","http://aido.bsvgateway.org/api/locations/263703205/",10.6523437982709,10.6523437982709,59.9692463480956,"Norovirus"
