"","end","start","value","id","disease","location","duration","url","name","full_name","admin_level_name","parent","centroid_lat_long","longitude","latitude","disease_name"
"96271664.1",2004-12-20,2004-12-13,1,96271664,"35","96271664","P7D","http://aido.bsvgateway.org/api/locations/96271664/","Democratic Republic of the Congo","Democratic Republic of the Congo","Country","http://aido.bsvgateway.org/api/locations/93632501/",-2.87979986177552,23.6451136996279,-2.87979986177552,"Plague"
"96271664.2",2004-12-27,2004-12-20,1,96271664,"35","96271664","P7D","http://aido.bsvgateway.org/api/locations/96271664/","Democratic Republic of the Congo","Democratic Republic of the Congo","Country","http://aido.bsvgateway.org/api/locations/93632501/",23.645113699628,23.6451136996279,-2.87979986177552,"Plague"
"96271664.3",2005-01-03,2004-12-27,6,96271664,"35","96271664","P7D","http://aido.bsvgateway.org/api/locations/96271664/","Democratic Republic of the Congo","Democratic Republic of the Congo","Country","http://aido.bsvgateway.org/api/locations/93632501/",-2.87979986177552,23.6451136996279,-2.87979986177552,"Plague"
"96271664.4",2005-01-10,2005-01-03,3,96271664,"35","96271664","P7D","http://aido.bsvgateway.org/api/locations/96271664/","Democratic Republic of the Congo","Democratic Republic of the Congo","Country","http://aido.bsvgateway.org/api/locations/93632501/",23.645113699628,23.6451136996279,-2.87979986177552,"Plague"
"96271664.5",2005-01-17,2005-01-10,12,96271664,"35","96271664","P7D","http://aido.bsvgateway.org/api/locations/96271664/","Democratic Republic of the Congo","Democratic Republic of the Congo","Country","http://aido.bsvgateway.org/api/locations/93632501/",-2.87979986177552,23.6451136996279,-2.87979986177552,"Plague"
"96271664.6",2005-01-24,2005-01-17,12,96271664,"35","96271664","P7D","http://aido.bsvgateway.org/api/locations/96271664/","Democratic Republic of the Congo","Democratic Republic of the Congo","Country","http://aido.bsvgateway.org/api/locations/93632501/",23.645113699628,23.6451136996279,-2.87979986177552,"Plague"
"96271664.7",2005-01-31,2005-01-24,15,96271664,"35","96271664","P7D","http://aido.bsvgateway.org/api/locations/96271664/","Democratic Republic of the Congo","Democratic Republic of the Congo","Country","http://aido.bsvgateway.org/api/locations/93632501/",-2.87979986177552,23.6451136996279,-2.87979986177552,"Plague"
"96271664.8",2005-02-07,2005-01-31,21,96271664,"35","96271664","P7D","http://aido.bsvgateway.org/api/locations/96271664/","Democratic Republic of the Congo","Democratic Republic of the Congo","Country","http://aido.bsvgateway.org/api/locations/93632501/",23.645113699628,23.6451136996279,-2.87979986177552,"Plague"
"96271664.9",2005-02-14,2005-02-07,11,96271664,"35","96271664","P7D","http://aido.bsvgateway.org/api/locations/96271664/","Democratic Republic of the Congo","Democratic Republic of the Congo","Country","http://aido.bsvgateway.org/api/locations/93632501/",-2.87979986177552,23.6451136996279,-2.87979986177552,"Plague"
"96271664.10",2005-02-21,2005-02-14,16,96271664,"35","96271664","P7D","http://aido.bsvgateway.org/api/locations/96271664/","Democratic Republic of the Congo","Democratic Republic of the Congo","Country","http://aido.bsvgateway.org/api/locations/93632501/",23.645113699628,23.6451136996279,-2.87979986177552,"Plague"
"96271664.11",2005-02-28,2005-02-21,16,96271664,"35","96271664","P7D","http://aido.bsvgateway.org/api/locations/96271664/","Democratic Republic of the Congo","Democratic Republic of the Congo","Country","http://aido.bsvgateway.org/api/locations/93632501/",-2.87979986177552,23.6451136996279,-2.87979986177552,"Plague"
"96271664.12",2005-03-07,2005-02-28,9,96271664,"35","96271664","P7D","http://aido.bsvgateway.org/api/locations/96271664/","Democratic Republic of the Congo","Democratic Republic of the Congo","Country","http://aido.bsvgateway.org/api/locations/93632501/",23.645113699628,23.6451136996279,-2.87979986177552,"Plague"
"96271664.13",2005-03-14,2005-03-07,9,96271664,"35","96271664","P7D","http://aido.bsvgateway.org/api/locations/96271664/","Democratic Republic of the Congo","Democratic Republic of the Congo","Country","http://aido.bsvgateway.org/api/locations/93632501/",-2.87979986177552,23.6451136996279,-2.87979986177552,"Plague"
"96271664.14",2005-03-21,2005-03-14,2,96271664,"35","96271664","P7D","http://aido.bsvgateway.org/api/locations/96271664/","Democratic Republic of the Congo","Democratic Republic of the Congo","Country","http://aido.bsvgateway.org/api/locations/93632501/",23.645113699628,23.6451136996279,-2.87979986177552,"Plague"
