"","end","start","value","id","disease","location","duration","url","name","full_name","admin_level_name","parent","centroid_lat_long","longitude","latitude","disease_name"
"43446789.565",1998-07-29,1998-07-15,1,43446789,"36","43446789","P14D","http://aido.bsvgateway.org/api/locations/43446789/","New South Wales","New South Wales, Australia","State","http://aido.bsvgateway.org/api/locations/118006383/",-32.1688681913836,147.011661875049,-32.1688681913836,"Q Fever"
"43446789.566",1998-08-12,1998-07-29,0,43446789,"36","43446789","P14D","http://aido.bsvgateway.org/api/locations/43446789/","New South Wales","New South Wales, Australia","State","http://aido.bsvgateway.org/api/locations/118006383/",147.011661875049,147.011661875049,-32.1688681913836,"Q Fever"
"43446789.567",1998-08-26,1998-08-12,2,43446789,"36","43446789","P14D","http://aido.bsvgateway.org/api/locations/43446789/","New South Wales","New South Wales, Australia","State","http://aido.bsvgateway.org/api/locations/118006383/",-32.1688681913836,147.011661875049,-32.1688681913836,"Q Fever"
"43446789.568",1998-09-09,1998-08-26,20,43446789,"36","43446789","P14D","http://aido.bsvgateway.org/api/locations/43446789/","New South Wales","New South Wales, Australia","State","http://aido.bsvgateway.org/api/locations/118006383/",147.011661875049,147.011661875049,-32.1688681913836,"Q Fever"
"43446789.569",1998-09-23,1998-09-09,3,43446789,"36","43446789","P14D","http://aido.bsvgateway.org/api/locations/43446789/","New South Wales","New South Wales, Australia","State","http://aido.bsvgateway.org/api/locations/118006383/",-32.1688681913836,147.011661875049,-32.1688681913836,"Q Fever"
"43446789.570",1998-10-07,1998-09-23,2,43446789,"36","43446789","P14D","http://aido.bsvgateway.org/api/locations/43446789/","New South Wales","New South Wales, Australia","State","http://aido.bsvgateway.org/api/locations/118006383/",147.011661875049,147.011661875049,-32.1688681913836,"Q Fever"
"43446789.571",1998-10-21,1998-10-07,1,43446789,"36","43446789","P14D","http://aido.bsvgateway.org/api/locations/43446789/","New South Wales","New South Wales, Australia","State","http://aido.bsvgateway.org/api/locations/118006383/",-32.1688681913836,147.011661875049,-32.1688681913836,"Q Fever"
