"","end","start","value","id","disease","location","duration","url","name","full_name","admin_level_name","parent","centroid_lat_long","longitude","latitude","disease_name"
"244588846.918",2008-08-23,2008-08-16,1,244588846,"25","244588846","P7D","http://aido.bsvgateway.org/api/locations/244588846/","Songkhla","Songkhla, Thailand","State","http://aido.bsvgateway.org/api/locations/237782751/",6.89655353059666,100.556191977615,6.89655353059666,"Chikungunya"
"244588846.919",2008-08-30,2008-08-23,1,244588846,"25","244588846","P7D","http://aido.bsvgateway.org/api/locations/244588846/","Songkhla","Songkhla, Thailand","State","http://aido.bsvgateway.org/api/locations/237782751/",100.556191977615,100.556191977615,6.89655353059666,"Chikungunya"
"244588846.920",2008-09-06,2008-08-30,1,244588846,"25","244588846","P7D","http://aido.bsvgateway.org/api/locations/244588846/","Songkhla","Songkhla, Thailand","State","http://aido.bsvgateway.org/api/locations/237782751/",6.89655353059666,100.556191977615,6.89655353059666,"Chikungunya"
"244588846.921",2008-09-13,2008-09-06,11,244588846,"25","244588846","P7D","http://aido.bsvgateway.org/api/locations/244588846/","Songkhla","Songkhla, Thailand","State","http://aido.bsvgateway.org/api/locations/237782751/",100.556191977615,100.556191977615,6.89655353059666,"Chikungunya"
"244588846.922",2008-09-20,2008-09-13,14,244588846,"25","244588846","P7D","http://aido.bsvgateway.org/api/locations/244588846/","Songkhla","Songkhla, Thailand","State","http://aido.bsvgateway.org/api/locations/237782751/",6.89655353059666,100.556191977615,6.89655353059666,"Chikungunya"
"244588846.923",2008-09-27,2008-09-20,46,244588846,"25","244588846","P7D","http://aido.bsvgateway.org/api/locations/244588846/","Songkhla","Songkhla, Thailand","State","http://aido.bsvgateway.org/api/locations/237782751/",100.556191977615,100.556191977615,6.89655353059666,"Chikungunya"
"244588846.924",2008-10-04,2008-09-27,31,244588846,"25","244588846","P7D","http://aido.bsvgateway.org/api/locations/244588846/","Songkhla","Songkhla, Thailand","State","http://aido.bsvgateway.org/api/locations/237782751/",6.89655353059666,100.556191977615,6.89655353059666,"Chikungunya"
"244588846.925",2008-10-11,2008-10-04,48,244588846,"25","244588846","P7D","http://aido.bsvgateway.org/api/locations/244588846/","Songkhla","Songkhla, Thailand","State","http://aido.bsvgateway.org/api/locations/237782751/",100.556191977615,100.556191977615,6.89655353059666,"Chikungunya"
"244588846.926",2008-10-18,2008-10-11,75,244588846,"25","244588846","P7D","http://aido.bsvgateway.org/api/locations/244588846/","Songkhla","Songkhla, Thailand","State","http://aido.bsvgateway.org/api/locations/237782751/",6.89655353059666,100.556191977615,6.89655353059666,"Chikungunya"
"244588846.927",2008-10-25,2008-10-18,74,244588846,"25","244588846","P7D","http://aido.bsvgateway.org/api/locations/244588846/","Songkhla","Songkhla, Thailand","State","http://aido.bsvgateway.org/api/locations/237782751/",100.556191977615,100.556191977615,6.89655353059666,"Chikungunya"
"244588846.928",2008-11-01,2008-10-25,66,244588846,"25","244588846","P7D","http://aido.bsvgateway.org/api/locations/244588846/","Songkhla","Songkhla, Thailand","State","http://aido.bsvgateway.org/api/locations/237782751/",6.89655353059666,100.556191977615,6.89655353059666,"Chikungunya"
"244588846.929",2008-11-08,2008-11-01,87,244588846,"25","244588846","P7D","http://aido.bsvgateway.org/api/locations/244588846/","Songkhla","Songkhla, Thailand","State","http://aido.bsvgateway.org/api/locations/237782751/",100.556191977615,100.556191977615,6.89655353059666,"Chikungunya"
"244588846.930",2008-11-15,2008-11-08,115,244588846,"25","244588846","P7D","http://aido.bsvgateway.org/api/locations/244588846/","Songkhla","Songkhla, Thailand","State","http://aido.bsvgateway.org/api/locations/237782751/",6.89655353059666,100.556191977615,6.89655353059666,"Chikungunya"
"244588846.931",2008-11-22,2008-11-15,116,244588846,"25","244588846","P7D","http://aido.bsvgateway.org/api/locations/244588846/","Songkhla","Songkhla, Thailand","State","http://aido.bsvgateway.org/api/locations/237782751/",100.556191977615,100.556191977615,6.89655353059666,"Chikungunya"
"244588846.932",2008-11-29,2008-11-22,151,244588846,"25","244588846","P7D","http://aido.bsvgateway.org/api/locations/244588846/","Songkhla","Songkhla, Thailand","State","http://aido.bsvgateway.org/api/locations/237782751/",6.89655353059666,100.556191977615,6.89655353059666,"Chikungunya"
"244588846.933",2008-12-06,2008-11-29,137,244588846,"25","244588846","P7D","http://aido.bsvgateway.org/api/locations/244588846/","Songkhla","Songkhla, Thailand","State","http://aido.bsvgateway.org/api/locations/237782751/",100.556191977615,100.556191977615,6.89655353059666,"Chikungunya"
"244588846.934",2008-12-13,2008-12-06,145,244588846,"25","244588846","P7D","http://aido.bsvgateway.org/api/locations/244588846/","Songkhla","Songkhla, Thailand","State","http://aido.bsvgateway.org/api/locations/237782751/",6.89655353059666,100.556191977615,6.89655353059666,"Chikungunya"
"244588846.935",2008-12-20,2008-12-13,192,244588846,"25","244588846","P7D","http://aido.bsvgateway.org/api/locations/244588846/","Songkhla","Songkhla, Thailand","State","http://aido.bsvgateway.org/api/locations/237782751/",100.556191977615,100.556191977615,6.89655353059666,"Chikungunya"
"244588846.936",2008-12-27,2008-12-20,342,244588846,"25","244588846","P7D","http://aido.bsvgateway.org/api/locations/244588846/","Songkhla","Songkhla, Thailand","State","http://aido.bsvgateway.org/api/locations/237782751/",6.89655353059666,100.556191977615,6.89655353059666,"Chikungunya"
"244588846.937",2009-01-03,2008-12-27,405,244588846,"25","244588846","P7D","http://aido.bsvgateway.org/api/locations/244588846/","Songkhla","Songkhla, Thailand","State","http://aido.bsvgateway.org/api/locations/237782751/",100.556191977615,100.556191977615,6.89655353059666,"Chikungunya"
"244588846.938",2009-01-10,2009-01-03,244,244588846,"25","244588846","P7D","http://aido.bsvgateway.org/api/locations/244588846/","Songkhla","Songkhla, Thailand","State","http://aido.bsvgateway.org/api/locations/237782751/",6.89655353059666,100.556191977615,6.89655353059666,"Chikungunya"
"244588846.939",2009-01-17,2009-01-10,1040,244588846,"25","244588846","P7D","http://aido.bsvgateway.org/api/locations/244588846/","Songkhla","Songkhla, Thailand","State","http://aido.bsvgateway.org/api/locations/237782751/",100.556191977615,100.556191977615,6.89655353059666,"Chikungunya"
"244588846.940",2009-01-24,2009-01-17,931,244588846,"25","244588846","P7D","http://aido.bsvgateway.org/api/locations/244588846/","Songkhla","Songkhla, Thailand","State","http://aido.bsvgateway.org/api/locations/237782751/",6.89655353059666,100.556191977615,6.89655353059666,"Chikungunya"
"244588846.941",2009-01-31,2009-01-24,1205,244588846,"25","244588846","P7D","http://aido.bsvgateway.org/api/locations/244588846/","Songkhla","Songkhla, Thailand","State","http://aido.bsvgateway.org/api/locations/237782751/",100.556191977615,100.556191977615,6.89655353059666,"Chikungunya"
"244588846.942",2009-02-07,2009-01-31,1791,244588846,"25","244588846","P7D","http://aido.bsvgateway.org/api/locations/244588846/","Songkhla","Songkhla, Thailand","State","http://aido.bsvgateway.org/api/locations/237782751/",6.89655353059666,100.556191977615,6.89655353059666,"Chikungunya"
"244588846.943",2009-02-14,2009-02-07,1770,244588846,"25","244588846","P7D","http://aido.bsvgateway.org/api/locations/244588846/","Songkhla","Songkhla, Thailand","State","http://aido.bsvgateway.org/api/locations/237782751/",100.556191977615,100.556191977615,6.89655353059666,"Chikungunya"
"244588846.944",2009-02-21,2009-02-14,1507,244588846,"25","244588846","P7D","http://aido.bsvgateway.org/api/locations/244588846/","Songkhla","Songkhla, Thailand","State","http://aido.bsvgateway.org/api/locations/237782751/",6.89655353059666,100.556191977615,6.89655353059666,"Chikungunya"
"244588846.945",2009-02-28,2009-02-21,1327,244588846,"25","244588846","P7D","http://aido.bsvgateway.org/api/locations/244588846/","Songkhla","Songkhla, Thailand","State","http://aido.bsvgateway.org/api/locations/237782751/",100.556191977615,100.556191977615,6.89655353059666,"Chikungunya"
"244588846.946",2009-03-07,2009-02-28,944,244588846,"25","244588846","P7D","http://aido.bsvgateway.org/api/locations/244588846/","Songkhla","Songkhla, Thailand","State","http://aido.bsvgateway.org/api/locations/237782751/",6.89655353059666,100.556191977615,6.89655353059666,"Chikungunya"
"244588846.947",2009-03-14,2009-03-07,775,244588846,"25","244588846","P7D","http://aido.bsvgateway.org/api/locations/244588846/","Songkhla","Songkhla, Thailand","State","http://aido.bsvgateway.org/api/locations/237782751/",100.556191977615,100.556191977615,6.89655353059666,"Chikungunya"
"244588846.948",2009-03-21,2009-03-14,733,244588846,"25","244588846","P7D","http://aido.bsvgateway.org/api/locations/244588846/","Songkhla","Songkhla, Thailand","State","http://aido.bsvgateway.org/api/locations/237782751/",6.89655353059666,100.556191977615,6.89655353059666,"Chikungunya"
"244588846.949",2009-03-28,2009-03-21,463,244588846,"25","244588846","P7D","http://aido.bsvgateway.org/api/locations/244588846/","Songkhla","Songkhla, Thailand","State","http://aido.bsvgateway.org/api/locations/237782751/",100.556191977615,100.556191977615,6.89655353059666,"Chikungunya"
"244588846.950",2009-04-04,2009-03-28,513,244588846,"25","244588846","P7D","http://aido.bsvgateway.org/api/locations/244588846/","Songkhla","Songkhla, Thailand","State","http://aido.bsvgateway.org/api/locations/237782751/",6.89655353059666,100.556191977615,6.89655353059666,"Chikungunya"
"244588846.951",2009-04-11,2009-04-04,609,244588846,"25","244588846","P7D","http://aido.bsvgateway.org/api/locations/244588846/","Songkhla","Songkhla, Thailand","State","http://aido.bsvgateway.org/api/locations/237782751/",100.556191977615,100.556191977615,6.89655353059666,"Chikungunya"
"244588846.952",2009-04-18,2009-04-11,657,244588846,"25","244588846","P7D","http://aido.bsvgateway.org/api/locations/244588846/","Songkhla","Songkhla, Thailand","State","http://aido.bsvgateway.org/api/locations/237782751/",6.89655353059666,100.556191977615,6.89655353059666,"Chikungunya"
"244588846.953",2009-04-25,2009-04-18,1186,244588846,"25","244588846","P7D","http://aido.bsvgateway.org/api/locations/244588846/","Songkhla","Songkhla, Thailand","State","http://aido.bsvgateway.org/api/locations/237782751/",100.556191977615,100.556191977615,6.89655353059666,"Chikungunya"
"244588846.954",2009-05-02,2009-04-25,1791,244588846,"25","244588846","P7D","http://aido.bsvgateway.org/api/locations/244588846/","Songkhla","Songkhla, Thailand","State","http://aido.bsvgateway.org/api/locations/237782751/",6.89655353059666,100.556191977615,6.89655353059666,"Chikungunya"
"244588846.955",2009-05-09,2009-05-02,1614,244588846,"25","244588846","P7D","http://aido.bsvgateway.org/api/locations/244588846/","Songkhla","Songkhla, Thailand","State","http://aido.bsvgateway.org/api/locations/237782751/",100.556191977615,100.556191977615,6.89655353059666,"Chikungunya"
"244588846.956",2009-05-16,2009-05-09,1515,244588846,"25","244588846","P7D","http://aido.bsvgateway.org/api/locations/244588846/","Songkhla","Songkhla, Thailand","State","http://aido.bsvgateway.org/api/locations/237782751/",6.89655353059666,100.556191977615,6.89655353059666,"Chikungunya"
"244588846.957",2009-05-23,2009-05-16,1746,244588846,"25","244588846","P7D","http://aido.bsvgateway.org/api/locations/244588846/","Songkhla","Songkhla, Thailand","State","http://aido.bsvgateway.org/api/locations/237782751/",100.556191977615,100.556191977615,6.89655353059666,"Chikungunya"
"244588846.958",2009-05-30,2009-05-23,1921,244588846,"25","244588846","P7D","http://aido.bsvgateway.org/api/locations/244588846/","Songkhla","Songkhla, Thailand","State","http://aido.bsvgateway.org/api/locations/237782751/",6.89655353059666,100.556191977615,6.89655353059666,"Chikungunya"
"244588846.959",2009-06-06,2009-05-30,2054,244588846,"25","244588846","P7D","http://aido.bsvgateway.org/api/locations/244588846/","Songkhla","Songkhla, Thailand","State","http://aido.bsvgateway.org/api/locations/237782751/",100.556191977615,100.556191977615,6.89655353059666,"Chikungunya"
"244588846.960",2009-06-13,2009-06-06,2068,244588846,"25","244588846","P7D","http://aido.bsvgateway.org/api/locations/244588846/","Songkhla","Songkhla, Thailand","State","http://aido.bsvgateway.org/api/locations/237782751/",6.89655353059666,100.556191977615,6.89655353059666,"Chikungunya"
"244588846.961",2009-06-20,2009-06-13,1715,244588846,"25","244588846","P7D","http://aido.bsvgateway.org/api/locations/244588846/","Songkhla","Songkhla, Thailand","State","http://aido.bsvgateway.org/api/locations/237782751/",100.556191977615,100.556191977615,6.89655353059666,"Chikungunya"
"244588846.962",2009-06-27,2009-06-20,985,244588846,"25","244588846","P7D","http://aido.bsvgateway.org/api/locations/244588846/","Songkhla","Songkhla, Thailand","State","http://aido.bsvgateway.org/api/locations/237782751/",6.89655353059666,100.556191977615,6.89655353059666,"Chikungunya"
"244588846.963",2009-07-04,2009-06-27,472,244588846,"25","244588846","P7D","http://aido.bsvgateway.org/api/locations/244588846/","Songkhla","Songkhla, Thailand","State","http://aido.bsvgateway.org/api/locations/237782751/",100.556191977615,100.556191977615,6.89655353059666,"Chikungunya"
