"","end","start","value","id","disease","location","duration","url","name","full_name","admin_level_name","parent","centroid_lat_long","longitude","latitude","disease_name"
"119040980.1347",2011-03-30,2011-03-29,11,119040980,"53","119040980","P1D","http://aido.bsvgateway.org/api/locations/119040980/","Rhode Island","Rhode Island, United States of America","State","http://aido.bsvgateway.org/api/locations/113309883/",41.6771664135888,-71.5590066465294,41.6771664135888,"Salmonellosis"
"119040980.1348",2011-03-31,2011-03-30,0,119040980,"53","119040980","P1D","http://aido.bsvgateway.org/api/locations/119040980/","Rhode Island","Rhode Island, United States of America","State","http://aido.bsvgateway.org/api/locations/113309883/",-71.5590066465294,-71.5590066465294,41.6771664135888,"Salmonellosis"
"119040980.1349",2011-04-01,2011-03-31,0,119040980,"53","119040980","P1D","http://aido.bsvgateway.org/api/locations/119040980/","Rhode Island","Rhode Island, United States of America","State","http://aido.bsvgateway.org/api/locations/113309883/",41.6771664135888,-71.5590066465294,41.6771664135888,"Salmonellosis"
"119040980.1350",2011-04-02,2011-04-01,0,119040980,"53","119040980","P1D","http://aido.bsvgateway.org/api/locations/119040980/","Rhode Island","Rhode Island, United States of America","State","http://aido.bsvgateway.org/api/locations/113309883/",-71.5590066465294,-71.5590066465294,41.6771664135888,"Salmonellosis"
"119040980.1351",2011-04-03,2011-04-02,0,119040980,"53","119040980","P1D","http://aido.bsvgateway.org/api/locations/119040980/","Rhode Island","Rhode Island, United States of America","State","http://aido.bsvgateway.org/api/locations/113309883/",41.6771664135888,-71.5590066465294,41.6771664135888,"Salmonellosis"
"119040980.1352",2011-04-04,2011-04-03,0,119040980,"53","119040980","P1D","http://aido.bsvgateway.org/api/locations/119040980/","Rhode Island","Rhode Island, United States of America","State","http://aido.bsvgateway.org/api/locations/113309883/",-71.5590066465294,-71.5590066465294,41.6771664135888,"Salmonellosis"
"119040980.1353",2011-04-05,2011-04-04,0,119040980,"53","119040980","P1D","http://aido.bsvgateway.org/api/locations/119040980/","Rhode Island","Rhode Island, United States of America","State","http://aido.bsvgateway.org/api/locations/113309883/",41.6771664135888,-71.5590066465294,41.6771664135888,"Salmonellosis"
"119040980.1354",2011-04-06,2011-04-05,56,119040980,"53","119040980","P1D","http://aido.bsvgateway.org/api/locations/119040980/","Rhode Island","Rhode Island, United States of America","State","http://aido.bsvgateway.org/api/locations/113309883/",-71.5590066465294,-71.5590066465294,41.6771664135888,"Salmonellosis"
"119040980.1355",2011-04-07,2011-04-06,0,119040980,"53","119040980","P1D","http://aido.bsvgateway.org/api/locations/119040980/","Rhode Island","Rhode Island, United States of America","State","http://aido.bsvgateway.org/api/locations/113309883/",41.6771664135888,-71.5590066465294,41.6771664135888,"Salmonellosis"
"119040980.1356",2011-04-08,2011-04-07,0,119040980,"53","119040980","P1D","http://aido.bsvgateway.org/api/locations/119040980/","Rhode Island","Rhode Island, United States of America","State","http://aido.bsvgateway.org/api/locations/113309883/",-71.5590066465294,-71.5590066465294,41.6771664135888,"Salmonellosis"
"119040980.1357",2011-04-09,2011-04-08,0,119040980,"53","119040980","P1D","http://aido.bsvgateway.org/api/locations/119040980/","Rhode Island","Rhode Island, United States of America","State","http://aido.bsvgateway.org/api/locations/113309883/",41.6771664135888,-71.5590066465294,41.6771664135888,"Salmonellosis"
"119040980.1358",2011-04-10,2011-04-09,0,119040980,"53","119040980","P1D","http://aido.bsvgateway.org/api/locations/119040980/","Rhode Island","Rhode Island, United States of America","State","http://aido.bsvgateway.org/api/locations/113309883/",-71.5590066465294,-71.5590066465294,41.6771664135888,"Salmonellosis"
"119040980.1359",2011-04-11,2011-04-10,0,119040980,"53","119040980","P1D","http://aido.bsvgateway.org/api/locations/119040980/","Rhode Island","Rhode Island, United States of America","State","http://aido.bsvgateway.org/api/locations/113309883/",41.6771664135888,-71.5590066465294,41.6771664135888,"Salmonellosis"
"119040980.1360",2011-04-12,2011-04-11,66,119040980,"53","119040980","P1D","http://aido.bsvgateway.org/api/locations/119040980/","Rhode Island","Rhode Island, United States of America","State","http://aido.bsvgateway.org/api/locations/113309883/",-71.5590066465294,-71.5590066465294,41.6771664135888,"Salmonellosis"
