"","end","start","value","id","disease","location","duration","url","name","full_name","admin_level_name","parent","centroid_lat_long","longitude","latitude","disease_name"
"115027180.63",2011-10-02,2011-10-01,2,115027180,"53","115027180","P1D","http://aido.bsvgateway.org/api/locations/115027180/","Germany","Germany","Country","http://aido.bsvgateway.org/api/locations/216709393/",51.1063634685225,10.3814938873536,51.1063634685226,"Salmonellosis"
"115027180.64",2011-10-03,2011-10-02,0,115027180,"53","115027180","P1D","http://aido.bsvgateway.org/api/locations/115027180/","Germany","Germany","Country","http://aido.bsvgateway.org/api/locations/216709393/",10.3814938873536,10.3814938873536,51.1063634685226,"Salmonellosis"
"115027180.65",2011-10-04,2011-10-03,0,115027180,"53","115027180","P1D","http://aido.bsvgateway.org/api/locations/115027180/","Germany","Germany","Country","http://aido.bsvgateway.org/api/locations/216709393/",51.1063634685225,10.3814938873536,51.1063634685226,"Salmonellosis"
"115027180.66",2011-10-05,2011-10-04,0,115027180,"53","115027180","P1D","http://aido.bsvgateway.org/api/locations/115027180/","Germany","Germany","Country","http://aido.bsvgateway.org/api/locations/216709393/",10.3814938873536,10.3814938873536,51.1063634685226,"Salmonellosis"
"115027180.67",2011-10-06,2011-10-05,0,115027180,"53","115027180","P1D","http://aido.bsvgateway.org/api/locations/115027180/","Germany","Germany","Country","http://aido.bsvgateway.org/api/locations/216709393/",51.1063634685225,10.3814938873536,51.1063634685226,"Salmonellosis"
"115027180.68",2011-10-07,2011-10-06,0,115027180,"53","115027180","P1D","http://aido.bsvgateway.org/api/locations/115027180/","Germany","Germany","Country","http://aido.bsvgateway.org/api/locations/216709393/",10.3814938873536,10.3814938873536,51.1063634685226,"Salmonellosis"
"115027180.69",2011-10-08,2011-10-07,0,115027180,"53","115027180","P1D","http://aido.bsvgateway.org/api/locations/115027180/","Germany","Germany","Country","http://aido.bsvgateway.org/api/locations/216709393/",51.1063634685225,10.3814938873536,51.1063634685226,"Salmonellosis"
"115027180.70",2011-10-09,2011-10-08,1,115027180,"53","115027180","P1D","http://aido.bsvgateway.org/api/locations/115027180/","Germany","Germany","Country","http://aido.bsvgateway.org/api/locations/216709393/",10.3814938873536,10.3814938873536,51.1063634685226,"Salmonellosis"
"115027180.71",2011-10-10,2011-10-09,1,115027180,"53","115027180","P1D","http://aido.bsvgateway.org/api/locations/115027180/","Germany","Germany","Country","http://aido.bsvgateway.org/api/locations/216709393/",51.1063634685225,10.3814938873536,51.1063634685226,"Salmonellosis"
"115027180.72",2011-10-11,2011-10-10,0,115027180,"53","115027180","P1D","http://aido.bsvgateway.org/api/locations/115027180/","Germany","Germany","Country","http://aido.bsvgateway.org/api/locations/216709393/",10.3814938873536,10.3814938873536,51.1063634685226,"Salmonellosis"
"115027180.73",2011-10-12,2011-10-11,1,115027180,"53","115027180","P1D","http://aido.bsvgateway.org/api/locations/115027180/","Germany","Germany","Country","http://aido.bsvgateway.org/api/locations/216709393/",51.1063634685225,10.3814938873536,51.1063634685226,"Salmonellosis"
"115027180.74",2011-10-13,2011-10-12,0,115027180,"53","115027180","P1D","http://aido.bsvgateway.org/api/locations/115027180/","Germany","Germany","Country","http://aido.bsvgateway.org/api/locations/216709393/",10.3814938873536,10.3814938873536,51.1063634685226,"Salmonellosis"
"115027180.75",2011-10-14,2011-10-13,1,115027180,"53","115027180","P1D","http://aido.bsvgateway.org/api/locations/115027180/","Germany","Germany","Country","http://aido.bsvgateway.org/api/locations/216709393/",51.1063634685225,10.3814938873536,51.1063634685226,"Salmonellosis"
"115027180.76",2011-10-15,2011-10-14,0,115027180,"53","115027180","P1D","http://aido.bsvgateway.org/api/locations/115027180/","Germany","Germany","Country","http://aido.bsvgateway.org/api/locations/216709393/",10.3814938873536,10.3814938873536,51.1063634685226,"Salmonellosis"
"115027180.77",2011-10-16,2011-10-15,0,115027180,"53","115027180","P1D","http://aido.bsvgateway.org/api/locations/115027180/","Germany","Germany","Country","http://aido.bsvgateway.org/api/locations/216709393/",51.1063634685225,10.3814938873536,51.1063634685226,"Salmonellosis"
"115027180.78",2011-10-17,2011-10-16,1,115027180,"53","115027180","P1D","http://aido.bsvgateway.org/api/locations/115027180/","Germany","Germany","Country","http://aido.bsvgateway.org/api/locations/216709393/",10.3814938873536,10.3814938873536,51.1063634685226,"Salmonellosis"
"115027180.79",2011-10-18,2011-10-17,3,115027180,"53","115027180","P1D","http://aido.bsvgateway.org/api/locations/115027180/","Germany","Germany","Country","http://aido.bsvgateway.org/api/locations/216709393/",51.1063634685225,10.3814938873536,51.1063634685226,"Salmonellosis"
"115027180.80",2011-10-19,2011-10-18,0,115027180,"53","115027180","P1D","http://aido.bsvgateway.org/api/locations/115027180/","Germany","Germany","Country","http://aido.bsvgateway.org/api/locations/216709393/",10.3814938873536,10.3814938873536,51.1063634685226,"Salmonellosis"
"115027180.81",2011-10-20,2011-10-19,0,115027180,"53","115027180","P1D","http://aido.bsvgateway.org/api/locations/115027180/","Germany","Germany","Country","http://aido.bsvgateway.org/api/locations/216709393/",51.1063634685225,10.3814938873536,51.1063634685226,"Salmonellosis"
"115027180.82",2011-10-21,2011-10-20,3,115027180,"53","115027180","P1D","http://aido.bsvgateway.org/api/locations/115027180/","Germany","Germany","Country","http://aido.bsvgateway.org/api/locations/216709393/",10.3814938873536,10.3814938873536,51.1063634685226,"Salmonellosis"
"115027180.83",2011-10-22,2011-10-21,6,115027180,"53","115027180","P1D","http://aido.bsvgateway.org/api/locations/115027180/","Germany","Germany","Country","http://aido.bsvgateway.org/api/locations/216709393/",51.1063634685225,10.3814938873536,51.1063634685226,"Salmonellosis"
"115027180.84",2011-10-23,2011-10-22,5,115027180,"53","115027180","P1D","http://aido.bsvgateway.org/api/locations/115027180/","Germany","Germany","Country","http://aido.bsvgateway.org/api/locations/216709393/",10.3814938873536,10.3814938873536,51.1063634685226,"Salmonellosis"
"115027180.85",2011-10-24,2011-10-23,4,115027180,"53","115027180","P1D","http://aido.bsvgateway.org/api/locations/115027180/","Germany","Germany","Country","http://aido.bsvgateway.org/api/locations/216709393/",51.1063634685225,10.3814938873536,51.1063634685226,"Salmonellosis"
"115027180.86",2011-10-25,2011-10-24,11,115027180,"53","115027180","P1D","http://aido.bsvgateway.org/api/locations/115027180/","Germany","Germany","Country","http://aido.bsvgateway.org/api/locations/216709393/",10.3814938873536,10.3814938873536,51.1063634685226,"Salmonellosis"
"115027180.87",2011-10-26,2011-10-25,15,115027180,"53","115027180","P1D","http://aido.bsvgateway.org/api/locations/115027180/","Germany","Germany","Country","http://aido.bsvgateway.org/api/locations/216709393/",51.1063634685225,10.3814938873536,51.1063634685226,"Salmonellosis"
"115027180.88",2011-10-27,2011-10-26,14,115027180,"53","115027180","P1D","http://aido.bsvgateway.org/api/locations/115027180/","Germany","Germany","Country","http://aido.bsvgateway.org/api/locations/216709393/",10.3814938873536,10.3814938873536,51.1063634685226,"Salmonellosis"
"115027180.89",2011-10-28,2011-10-27,10,115027180,"53","115027180","P1D","http://aido.bsvgateway.org/api/locations/115027180/","Germany","Germany","Country","http://aido.bsvgateway.org/api/locations/216709393/",51.1063634685225,10.3814938873536,51.1063634685226,"Salmonellosis"
"115027180.90",2011-10-29,2011-10-28,7,115027180,"53","115027180","P1D","http://aido.bsvgateway.org/api/locations/115027180/","Germany","Germany","Country","http://aido.bsvgateway.org/api/locations/216709393/",10.3814938873536,10.3814938873536,51.1063634685226,"Salmonellosis"
"115027180.91",2011-10-30,2011-10-29,7,115027180,"53","115027180","P1D","http://aido.bsvgateway.org/api/locations/115027180/","Germany","Germany","Country","http://aido.bsvgateway.org/api/locations/216709393/",51.1063634685225,10.3814938873536,51.1063634685226,"Salmonellosis"
"115027180.92",2011-10-31,2011-10-30,11,115027180,"53","115027180","P1D","http://aido.bsvgateway.org/api/locations/115027180/","Germany","Germany","Country","http://aido.bsvgateway.org/api/locations/216709393/",10.3814938873536,10.3814938873536,51.1063634685226,"Salmonellosis"
"115027180.93",2011-11-01,2011-10-31,10,115027180,"53","115027180","P1D","http://aido.bsvgateway.org/api/locations/115027180/","Germany","Germany","Country","http://aido.bsvgateway.org/api/locations/216709393/",51.1063634685225,10.3814938873536,51.1063634685226,"Salmonellosis"
"115027180.94",2011-11-02,2011-11-01,5,115027180,"53","115027180","P1D","http://aido.bsvgateway.org/api/locations/115027180/","Germany","Germany","Country","http://aido.bsvgateway.org/api/locations/216709393/",10.3814938873536,10.3814938873536,51.1063634685226,"Salmonellosis"
"115027180.95",2011-11-03,2011-11-02,0,115027180,"53","115027180","P1D","http://aido.bsvgateway.org/api/locations/115027180/","Germany","Germany","Country","http://aido.bsvgateway.org/api/locations/216709393/",51.1063634685225,10.3814938873536,51.1063634685226,"Salmonellosis"
"115027180.96",2011-11-04,2011-11-03,1,115027180,"53","115027180","P1D","http://aido.bsvgateway.org/api/locations/115027180/","Germany","Germany","Country","http://aido.bsvgateway.org/api/locations/216709393/",10.3814938873536,10.3814938873536,51.1063634685226,"Salmonellosis"
"115027180.97",2011-11-05,2011-11-04,1,115027180,"53","115027180","P1D","http://aido.bsvgateway.org/api/locations/115027180/","Germany","Germany","Country","http://aido.bsvgateway.org/api/locations/216709393/",51.1063634685225,10.3814938873536,51.1063634685226,"Salmonellosis"
"115027180.98",2011-11-06,2011-11-05,5,115027180,"53","115027180","P1D","http://aido.bsvgateway.org/api/locations/115027180/","Germany","Germany","Country","http://aido.bsvgateway.org/api/locations/216709393/",10.3814938873536,10.3814938873536,51.1063634685226,"Salmonellosis"
"115027180.99",2011-11-07,2011-11-06,2,115027180,"53","115027180","P1D","http://aido.bsvgateway.org/api/locations/115027180/","Germany","Germany","Country","http://aido.bsvgateway.org/api/locations/216709393/",51.1063634685225,10.3814938873536,51.1063634685226,"Salmonellosis"
"115027180.100",2011-11-08,2011-11-07,1,115027180,"53","115027180","P1D","http://aido.bsvgateway.org/api/locations/115027180/","Germany","Germany","Country","http://aido.bsvgateway.org/api/locations/216709393/",10.3814938873536,10.3814938873536,51.1063634685226,"Salmonellosis"
"115027180.101",2011-11-09,2011-11-08,1,115027180,"53","115027180","P1D","http://aido.bsvgateway.org/api/locations/115027180/","Germany","Germany","Country","http://aido.bsvgateway.org/api/locations/216709393/",51.1063634685225,10.3814938873536,51.1063634685226,"Salmonellosis"
"115027180.102",2011-11-10,2011-11-09,1,115027180,"53","115027180","P1D","http://aido.bsvgateway.org/api/locations/115027180/","Germany","Germany","Country","http://aido.bsvgateway.org/api/locations/216709393/",10.3814938873536,10.3814938873536,51.1063634685226,"Salmonellosis"
"115027180.103",2011-11-11,2011-11-10,1,115027180,"53","115027180","P1D","http://aido.bsvgateway.org/api/locations/115027180/","Germany","Germany","Country","http://aido.bsvgateway.org/api/locations/216709393/",51.1063634685225,10.3814938873536,51.1063634685226,"Salmonellosis"
"115027180.104",2011-11-12,2011-11-11,0,115027180,"53","115027180","P1D","http://aido.bsvgateway.org/api/locations/115027180/","Germany","Germany","Country","http://aido.bsvgateway.org/api/locations/216709393/",10.3814938873536,10.3814938873536,51.1063634685226,"Salmonellosis"
"115027180.105",2011-11-13,2011-11-12,1,115027180,"53","115027180","P1D","http://aido.bsvgateway.org/api/locations/115027180/","Germany","Germany","Country","http://aido.bsvgateway.org/api/locations/216709393/",51.1063634685225,10.3814938873536,51.1063634685226,"Salmonellosis"
"115027180.106",2011-11-14,2011-11-13,0,115027180,"53","115027180","P1D","http://aido.bsvgateway.org/api/locations/115027180/","Germany","Germany","Country","http://aido.bsvgateway.org/api/locations/216709393/",10.3814938873536,10.3814938873536,51.1063634685226,"Salmonellosis"
"115027180.107",2011-11-15,2011-11-14,1,115027180,"53","115027180","P1D","http://aido.bsvgateway.org/api/locations/115027180/","Germany","Germany","Country","http://aido.bsvgateway.org/api/locations/216709393/",51.1063634685225,10.3814938873536,51.1063634685226,"Salmonellosis"
"115027180.108",2011-11-16,2011-11-15,0,115027180,"53","115027180","P1D","http://aido.bsvgateway.org/api/locations/115027180/","Germany","Germany","Country","http://aido.bsvgateway.org/api/locations/216709393/",10.3814938873536,10.3814938873536,51.1063634685226,"Salmonellosis"
"115027180.109",2014-05-27,2014-05-26,2,115027180,"53","115027180","P1D","http://aido.bsvgateway.org/api/locations/115027180/","Germany","Germany","Country","http://aido.bsvgateway.org/api/locations/216709393/",51.1063634685225,10.3814938873536,51.1063634685226,"Salmonellosis"
"115027180.110",2014-05-28,2014-05-27,1,115027180,"53","115027180","P1D","http://aido.bsvgateway.org/api/locations/115027180/","Germany","Germany","Country","http://aido.bsvgateway.org/api/locations/216709393/",10.3814938873536,10.3814938873536,51.1063634685226,"Salmonellosis"
"115027180.111",2014-05-29,2014-05-28,2,115027180,"53","115027180","P1D","http://aido.bsvgateway.org/api/locations/115027180/","Germany","Germany","Country","http://aido.bsvgateway.org/api/locations/216709393/",51.1063634685225,10.3814938873536,51.1063634685226,"Salmonellosis"
"115027180.112",2014-05-30,2014-05-29,13,115027180,"53","115027180","P1D","http://aido.bsvgateway.org/api/locations/115027180/","Germany","Germany","Country","http://aido.bsvgateway.org/api/locations/216709393/",10.3814938873536,10.3814938873536,51.1063634685226,"Salmonellosis"
"115027180.113",2014-05-31,2014-05-30,20,115027180,"53","115027180","P1D","http://aido.bsvgateway.org/api/locations/115027180/","Germany","Germany","Country","http://aido.bsvgateway.org/api/locations/216709393/",51.1063634685225,10.3814938873536,51.1063634685226,"Salmonellosis"
"115027180.114",2014-06-01,2014-05-31,5,115027180,"53","115027180","P1D","http://aido.bsvgateway.org/api/locations/115027180/","Germany","Germany","Country","http://aido.bsvgateway.org/api/locations/216709393/",10.3814938873536,10.3814938873536,51.1063634685226,"Salmonellosis"
"115027180.115",2014-06-02,2014-06-01,19,115027180,"53","115027180","P1D","http://aido.bsvgateway.org/api/locations/115027180/","Germany","Germany","Country","http://aido.bsvgateway.org/api/locations/216709393/",51.1063634685225,10.3814938873536,51.1063634685226,"Salmonellosis"
"115027180.116",2014-06-03,2014-06-02,25,115027180,"53","115027180","P1D","http://aido.bsvgateway.org/api/locations/115027180/","Germany","Germany","Country","http://aido.bsvgateway.org/api/locations/216709393/",10.3814938873536,10.3814938873536,51.1063634685226,"Salmonellosis"
"115027180.117",2014-06-04,2014-06-03,14,115027180,"53","115027180","P1D","http://aido.bsvgateway.org/api/locations/115027180/","Germany","Germany","Country","http://aido.bsvgateway.org/api/locations/216709393/",51.1063634685225,10.3814938873536,51.1063634685226,"Salmonellosis"
"115027180.118",2014-06-05,2014-06-04,12,115027180,"53","115027180","P1D","http://aido.bsvgateway.org/api/locations/115027180/","Germany","Germany","Country","http://aido.bsvgateway.org/api/locations/216709393/",10.3814938873536,10.3814938873536,51.1063634685226,"Salmonellosis"
"115027180.119",2014-06-06,2014-06-05,5,115027180,"53","115027180","P1D","http://aido.bsvgateway.org/api/locations/115027180/","Germany","Germany","Country","http://aido.bsvgateway.org/api/locations/216709393/",51.1063634685225,10.3814938873536,51.1063634685226,"Salmonellosis"
"115027180.120",2014-06-07,2014-06-06,10,115027180,"53","115027180","P1D","http://aido.bsvgateway.org/api/locations/115027180/","Germany","Germany","Country","http://aido.bsvgateway.org/api/locations/216709393/",10.3814938873536,10.3814938873536,51.1063634685226,"Salmonellosis"
"115027180.121",2014-06-08,2014-06-07,4,115027180,"53","115027180","P1D","http://aido.bsvgateway.org/api/locations/115027180/","Germany","Germany","Country","http://aido.bsvgateway.org/api/locations/216709393/",51.1063634685225,10.3814938873536,51.1063634685226,"Salmonellosis"
"115027180.122",2014-06-09,2014-06-08,6,115027180,"53","115027180","P1D","http://aido.bsvgateway.org/api/locations/115027180/","Germany","Germany","Country","http://aido.bsvgateway.org/api/locations/216709393/",10.3814938873536,10.3814938873536,51.1063634685226,"Salmonellosis"
"115027180.123",2014-06-10,2014-06-09,10,115027180,"53","115027180","P1D","http://aido.bsvgateway.org/api/locations/115027180/","Germany","Germany","Country","http://aido.bsvgateway.org/api/locations/216709393/",51.1063634685225,10.3814938873536,51.1063634685226,"Salmonellosis"
"115027180.124",2014-06-11,2014-06-10,5,115027180,"53","115027180","P1D","http://aido.bsvgateway.org/api/locations/115027180/","Germany","Germany","Country","http://aido.bsvgateway.org/api/locations/216709393/",10.3814938873536,10.3814938873536,51.1063634685226,"Salmonellosis"
"115027180.125",2014-06-12,2014-06-11,5,115027180,"53","115027180","P1D","http://aido.bsvgateway.org/api/locations/115027180/","Germany","Germany","Country","http://aido.bsvgateway.org/api/locations/216709393/",51.1063634685225,10.3814938873536,51.1063634685226,"Salmonellosis"
"115027180.126",2014-06-13,2014-06-12,3,115027180,"53","115027180","P1D","http://aido.bsvgateway.org/api/locations/115027180/","Germany","Germany","Country","http://aido.bsvgateway.org/api/locations/216709393/",10.3814938873536,10.3814938873536,51.1063634685226,"Salmonellosis"
"115027180.127",2014-06-14,2014-06-13,4,115027180,"53","115027180","P1D","http://aido.bsvgateway.org/api/locations/115027180/","Germany","Germany","Country","http://aido.bsvgateway.org/api/locations/216709393/",51.1063634685225,10.3814938873536,51.1063634685226,"Salmonellosis"
"115027180.128",2014-06-15,2014-06-14,1,115027180,"53","115027180","P1D","http://aido.bsvgateway.org/api/locations/115027180/","Germany","Germany","Country","http://aido.bsvgateway.org/api/locations/216709393/",10.3814938873536,10.3814938873536,51.1063634685226,"Salmonellosis"
"115027180.129",2014-06-16,2014-06-15,3,115027180,"53","115027180","P1D","http://aido.bsvgateway.org/api/locations/115027180/","Germany","Germany","Country","http://aido.bsvgateway.org/api/locations/216709393/",51.1063634685225,10.3814938873536,51.1063634685226,"Salmonellosis"
"115027180.130",2014-06-17,2014-06-16,5,115027180,"53","115027180","P1D","http://aido.bsvgateway.org/api/locations/115027180/","Germany","Germany","Country","http://aido.bsvgateway.org/api/locations/216709393/",10.3814938873536,10.3814938873536,51.1063634685226,"Salmonellosis"
"115027180.131",2014-06-18,2014-06-17,5,115027180,"53","115027180","P1D","http://aido.bsvgateway.org/api/locations/115027180/","Germany","Germany","Country","http://aido.bsvgateway.org/api/locations/216709393/",51.1063634685225,10.3814938873536,51.1063634685226,"Salmonellosis"
"115027180.132",2014-06-19,2014-06-18,1,115027180,"53","115027180","P1D","http://aido.bsvgateway.org/api/locations/115027180/","Germany","Germany","Country","http://aido.bsvgateway.org/api/locations/216709393/",10.3814938873536,10.3814938873536,51.1063634685226,"Salmonellosis"
"115027180.133",2014-06-20,2014-06-19,1,115027180,"53","115027180","P1D","http://aido.bsvgateway.org/api/locations/115027180/","Germany","Germany","Country","http://aido.bsvgateway.org/api/locations/216709393/",51.1063634685225,10.3814938873536,51.1063634685226,"Salmonellosis"
"115027180.134",2014-06-21,2014-06-20,1,115027180,"53","115027180","P1D","http://aido.bsvgateway.org/api/locations/115027180/","Germany","Germany","Country","http://aido.bsvgateway.org/api/locations/216709393/",10.3814938873536,10.3814938873536,51.1063634685226,"Salmonellosis"
"115027180.135",2014-06-22,2014-06-21,1,115027180,"53","115027180","P1D","http://aido.bsvgateway.org/api/locations/115027180/","Germany","Germany","Country","http://aido.bsvgateway.org/api/locations/216709393/",51.1063634685225,10.3814938873536,51.1063634685226,"Salmonellosis"
"115027180.136",2014-06-23,2014-06-22,1,115027180,"53","115027180","P1D","http://aido.bsvgateway.org/api/locations/115027180/","Germany","Germany","Country","http://aido.bsvgateway.org/api/locations/216709393/",10.3814938873536,10.3814938873536,51.1063634685226,"Salmonellosis"
"115027180.137",2014-06-24,2014-06-23,6,115027180,"53","115027180","P1D","http://aido.bsvgateway.org/api/locations/115027180/","Germany","Germany","Country","http://aido.bsvgateway.org/api/locations/216709393/",51.1063634685225,10.3814938873536,51.1063634685226,"Salmonellosis"
"115027180.138",2014-06-25,2014-06-24,2,115027180,"53","115027180","P1D","http://aido.bsvgateway.org/api/locations/115027180/","Germany","Germany","Country","http://aido.bsvgateway.org/api/locations/216709393/",10.3814938873536,10.3814938873536,51.1063634685226,"Salmonellosis"
"115027180.139",2014-06-26,2014-06-25,1,115027180,"53","115027180","P1D","http://aido.bsvgateway.org/api/locations/115027180/","Germany","Germany","Country","http://aido.bsvgateway.org/api/locations/216709393/",51.1063634685225,10.3814938873536,51.1063634685226,"Salmonellosis"
"115027180.140",2014-06-27,2014-06-26,0,115027180,"53","115027180","P1D","http://aido.bsvgateway.org/api/locations/115027180/","Germany","Germany","Country","http://aido.bsvgateway.org/api/locations/216709393/",10.3814938873536,10.3814938873536,51.1063634685226,"Salmonellosis"
"115027180.141",2014-06-28,2014-06-27,2,115027180,"53","115027180","P1D","http://aido.bsvgateway.org/api/locations/115027180/","Germany","Germany","Country","http://aido.bsvgateway.org/api/locations/216709393/",51.1063634685225,10.3814938873536,51.1063634685226,"Salmonellosis"
"115027180.142",2014-06-29,2014-06-28,0,115027180,"53","115027180","P1D","http://aido.bsvgateway.org/api/locations/115027180/","Germany","Germany","Country","http://aido.bsvgateway.org/api/locations/216709393/",10.3814938873536,10.3814938873536,51.1063634685226,"Salmonellosis"
"115027180.143",2014-06-30,2014-06-29,0,115027180,"53","115027180","P1D","http://aido.bsvgateway.org/api/locations/115027180/","Germany","Germany","Country","http://aido.bsvgateway.org/api/locations/216709393/",51.1063634685225,10.3814938873536,51.1063634685226,"Salmonellosis"
"115027180.144",2014-07-01,2014-06-30,3,115027180,"53","115027180","P1D","http://aido.bsvgateway.org/api/locations/115027180/","Germany","Germany","Country","http://aido.bsvgateway.org/api/locations/216709393/",10.3814938873536,10.3814938873536,51.1063634685226,"Salmonellosis"
"115027180.145",2014-07-02,2014-07-01,2,115027180,"53","115027180","P1D","http://aido.bsvgateway.org/api/locations/115027180/","Germany","Germany","Country","http://aido.bsvgateway.org/api/locations/216709393/",51.1063634685225,10.3814938873536,51.1063634685226,"Salmonellosis"
"115027180.146",2014-07-03,2014-07-02,2,115027180,"53","115027180","P1D","http://aido.bsvgateway.org/api/locations/115027180/","Germany","Germany","Country","http://aido.bsvgateway.org/api/locations/216709393/",10.3814938873536,10.3814938873536,51.1063634685226,"Salmonellosis"
"115027180.147",2014-07-04,2014-07-03,0,115027180,"53","115027180","P1D","http://aido.bsvgateway.org/api/locations/115027180/","Germany","Germany","Country","http://aido.bsvgateway.org/api/locations/216709393/",51.1063634685225,10.3814938873536,51.1063634685226,"Salmonellosis"
"115027180.148",2014-07-05,2014-07-04,0,115027180,"53","115027180","P1D","http://aido.bsvgateway.org/api/locations/115027180/","Germany","Germany","Country","http://aido.bsvgateway.org/api/locations/216709393/",10.3814938873536,10.3814938873536,51.1063634685226,"Salmonellosis"
"115027180.149",2014-07-06,2014-07-05,0,115027180,"53","115027180","P1D","http://aido.bsvgateway.org/api/locations/115027180/","Germany","Germany","Country","http://aido.bsvgateway.org/api/locations/216709393/",51.1063634685225,10.3814938873536,51.1063634685226,"Salmonellosis"
"115027180.150",2014-07-07,2014-07-06,0,115027180,"53","115027180","P1D","http://aido.bsvgateway.org/api/locations/115027180/","Germany","Germany","Country","http://aido.bsvgateway.org/api/locations/216709393/",10.3814938873536,10.3814938873536,51.1063634685226,"Salmonellosis"
"115027180.151",2014-07-08,2014-07-07,0,115027180,"53","115027180","P1D","http://aido.bsvgateway.org/api/locations/115027180/","Germany","Germany","Country","http://aido.bsvgateway.org/api/locations/216709393/",51.1063634685225,10.3814938873536,51.1063634685226,"Salmonellosis"
"115027180.152",2014-07-09,2014-07-08,0,115027180,"53","115027180","P1D","http://aido.bsvgateway.org/api/locations/115027180/","Germany","Germany","Country","http://aido.bsvgateway.org/api/locations/216709393/",10.3814938873536,10.3814938873536,51.1063634685226,"Salmonellosis"
"115027180.153",2014-07-10,2014-07-09,2,115027180,"53","115027180","P1D","http://aido.bsvgateway.org/api/locations/115027180/","Germany","Germany","Country","http://aido.bsvgateway.org/api/locations/216709393/",51.1063634685225,10.3814938873536,51.1063634685226,"Salmonellosis"
"115027180.154",2014-07-11,2014-07-10,0,115027180,"53","115027180","P1D","http://aido.bsvgateway.org/api/locations/115027180/","Germany","Germany","Country","http://aido.bsvgateway.org/api/locations/216709393/",10.3814938873536,10.3814938873536,51.1063634685226,"Salmonellosis"
"115027180.155",2014-07-12,2014-07-11,0,115027180,"53","115027180","P1D","http://aido.bsvgateway.org/api/locations/115027180/","Germany","Germany","Country","http://aido.bsvgateway.org/api/locations/216709393/",51.1063634685225,10.3814938873536,51.1063634685226,"Salmonellosis"
"115027180.156",2014-07-13,2014-07-12,2,115027180,"53","115027180","P1D","http://aido.bsvgateway.org/api/locations/115027180/","Germany","Germany","Country","http://aido.bsvgateway.org/api/locations/216709393/",10.3814938873536,10.3814938873536,51.1063634685226,"Salmonellosis"
"115027180.157",2014-07-14,2014-07-13,1,115027180,"53","115027180","P1D","http://aido.bsvgateway.org/api/locations/115027180/","Germany","Germany","Country","http://aido.bsvgateway.org/api/locations/216709393/",51.1063634685225,10.3814938873536,51.1063634685226,"Salmonellosis"
"115027180.158",2014-07-15,2014-07-14,1,115027180,"53","115027180","P1D","http://aido.bsvgateway.org/api/locations/115027180/","Germany","Germany","Country","http://aido.bsvgateway.org/api/locations/216709393/",10.3814938873536,10.3814938873536,51.1063634685226,"Salmonellosis"
"115027180.159",2014-07-16,2014-07-15,0,115027180,"53","115027180","P1D","http://aido.bsvgateway.org/api/locations/115027180/","Germany","Germany","Country","http://aido.bsvgateway.org/api/locations/216709393/",51.1063634685225,10.3814938873536,51.1063634685226,"Salmonellosis"
"115027180.160",2014-07-17,2014-07-16,1,115027180,"53","115027180","P1D","http://aido.bsvgateway.org/api/locations/115027180/","Germany","Germany","Country","http://aido.bsvgateway.org/api/locations/216709393/",10.3814938873536,10.3814938873536,51.1063634685226,"Salmonellosis"
"115027180.161",2014-07-18,2014-07-17,1,115027180,"53","115027180","P1D","http://aido.bsvgateway.org/api/locations/115027180/","Germany","Germany","Country","http://aido.bsvgateway.org/api/locations/216709393/",51.1063634685225,10.3814938873536,51.1063634685226,"Salmonellosis"
"115027180.162",2014-07-19,2014-07-18,0,115027180,"53","115027180","P1D","http://aido.bsvgateway.org/api/locations/115027180/","Germany","Germany","Country","http://aido.bsvgateway.org/api/locations/216709393/",10.3814938873536,10.3814938873536,51.1063634685226,"Salmonellosis"
"115027180.163",2014-07-20,2014-07-19,0,115027180,"53","115027180","P1D","http://aido.bsvgateway.org/api/locations/115027180/","Germany","Germany","Country","http://aido.bsvgateway.org/api/locations/216709393/",51.1063634685225,10.3814938873536,51.1063634685226,"Salmonellosis"
"115027180.164",2014-07-21,2014-07-20,0,115027180,"53","115027180","P1D","http://aido.bsvgateway.org/api/locations/115027180/","Germany","Germany","Country","http://aido.bsvgateway.org/api/locations/216709393/",10.3814938873536,10.3814938873536,51.1063634685226,"Salmonellosis"
"115027180.165",2014-07-22,2014-07-21,1,115027180,"53","115027180","P1D","http://aido.bsvgateway.org/api/locations/115027180/","Germany","Germany","Country","http://aido.bsvgateway.org/api/locations/216709393/",51.1063634685225,10.3814938873536,51.1063634685226,"Salmonellosis"
"115027180.166",2014-07-23,2014-07-22,0,115027180,"53","115027180","P1D","http://aido.bsvgateway.org/api/locations/115027180/","Germany","Germany","Country","http://aido.bsvgateway.org/api/locations/216709393/",10.3814938873536,10.3814938873536,51.1063634685226,"Salmonellosis"
"115027180.167",2014-07-24,2014-07-23,1,115027180,"53","115027180","P1D","http://aido.bsvgateway.org/api/locations/115027180/","Germany","Germany","Country","http://aido.bsvgateway.org/api/locations/216709393/",51.1063634685225,10.3814938873536,51.1063634685226,"Salmonellosis"
"115027180.168",2014-07-25,2014-07-24,0,115027180,"53","115027180","P1D","http://aido.bsvgateway.org/api/locations/115027180/","Germany","Germany","Country","http://aido.bsvgateway.org/api/locations/216709393/",10.3814938873536,10.3814938873536,51.1063634685226,"Salmonellosis"
"115027180.169",2014-07-26,2014-07-25,0,115027180,"53","115027180","P1D","http://aido.bsvgateway.org/api/locations/115027180/","Germany","Germany","Country","http://aido.bsvgateway.org/api/locations/216709393/",51.1063634685225,10.3814938873536,51.1063634685226,"Salmonellosis"
"115027180.170",2014-07-27,2014-07-26,0,115027180,"53","115027180","P1D","http://aido.bsvgateway.org/api/locations/115027180/","Germany","Germany","Country","http://aido.bsvgateway.org/api/locations/216709393/",10.3814938873536,10.3814938873536,51.1063634685226,"Salmonellosis"
"115027180.171",2014-07-28,2014-07-27,1,115027180,"53","115027180","P1D","http://aido.bsvgateway.org/api/locations/115027180/","Germany","Germany","Country","http://aido.bsvgateway.org/api/locations/216709393/",51.1063634685225,10.3814938873536,51.1063634685226,"Salmonellosis"
"115027180.172",2014-07-29,2014-07-28,2,115027180,"53","115027180","P1D","http://aido.bsvgateway.org/api/locations/115027180/","Germany","Germany","Country","http://aido.bsvgateway.org/api/locations/216709393/",10.3814938873536,10.3814938873536,51.1063634685226,"Salmonellosis"
"115027180.173",2014-07-30,2014-07-29,1,115027180,"53","115027180","P1D","http://aido.bsvgateway.org/api/locations/115027180/","Germany","Germany","Country","http://aido.bsvgateway.org/api/locations/216709393/",51.1063634685225,10.3814938873536,51.1063634685226,"Salmonellosis"
"115027180.174",2014-07-31,2014-07-30,0,115027180,"53","115027180","P1D","http://aido.bsvgateway.org/api/locations/115027180/","Germany","Germany","Country","http://aido.bsvgateway.org/api/locations/216709393/",10.3814938873536,10.3814938873536,51.1063634685226,"Salmonellosis"
"115027180.175",2014-08-01,2014-07-31,0,115027180,"53","115027180","P1D","http://aido.bsvgateway.org/api/locations/115027180/","Germany","Germany","Country","http://aido.bsvgateway.org/api/locations/216709393/",51.1063634685225,10.3814938873536,51.1063634685226,"Salmonellosis"
"115027180.176",2014-08-02,2014-08-01,0,115027180,"53","115027180","P1D","http://aido.bsvgateway.org/api/locations/115027180/","Germany","Germany","Country","http://aido.bsvgateway.org/api/locations/216709393/",10.3814938873536,10.3814938873536,51.1063634685226,"Salmonellosis"
"115027180.177",2014-08-03,2014-08-02,0,115027180,"53","115027180","P1D","http://aido.bsvgateway.org/api/locations/115027180/","Germany","Germany","Country","http://aido.bsvgateway.org/api/locations/216709393/",51.1063634685225,10.3814938873536,51.1063634685226,"Salmonellosis"
"115027180.178",2014-08-04,2014-08-03,1,115027180,"53","115027180","P1D","http://aido.bsvgateway.org/api/locations/115027180/","Germany","Germany","Country","http://aido.bsvgateway.org/api/locations/216709393/",10.3814938873536,10.3814938873536,51.1063634685226,"Salmonellosis"
