"","end","start","value","id","disease","location","duration","url","name","full_name","admin_level_name","parent","centroid_lat_long","longitude","latitude","disease_name"
"17995705.390",2008-12-01,2008-11-01,1,17995705,"33","17995705","P1M","http://aido.bsvgateway.org/api/locations/17995705/","Ohio","Ohio, United States of America","State","http://aido.bsvgateway.org/api/locations/113309883/",40.416042353125,-82.7109082023146,40.416042353125,"Meningococcal Disease"
"17995705.391",2009-01-01,2008-12-01,0,17995705,"33","17995705","P1M","http://aido.bsvgateway.org/api/locations/17995705/","Ohio","Ohio, United States of America","State","http://aido.bsvgateway.org/api/locations/113309883/",-82.7109082023146,-82.7109082023146,40.416042353125,"Meningococcal Disease"
"17995705.392",2009-02-01,2009-01-01,1,17995705,"33","17995705","P1M","http://aido.bsvgateway.org/api/locations/17995705/","Ohio","Ohio, United States of America","State","http://aido.bsvgateway.org/api/locations/113309883/",40.416042353125,-82.7109082023146,40.416042353125,"Meningococcal Disease"
"17995705.393",2009-03-01,2009-02-01,2,17995705,"33","17995705","P1M","http://aido.bsvgateway.org/api/locations/17995705/","Ohio","Ohio, United States of America","State","http://aido.bsvgateway.org/api/locations/113309883/",-82.7109082023146,-82.7109082023146,40.416042353125,"Meningococcal Disease"
"17995705.394",2009-04-01,2009-03-01,1,17995705,"33","17995705","P1M","http://aido.bsvgateway.org/api/locations/17995705/","Ohio","Ohio, United States of America","State","http://aido.bsvgateway.org/api/locations/113309883/",40.416042353125,-82.7109082023146,40.416042353125,"Meningococcal Disease"
"17995705.395",2009-05-01,2009-04-01,0,17995705,"33","17995705","P1M","http://aido.bsvgateway.org/api/locations/17995705/","Ohio","Ohio, United States of America","State","http://aido.bsvgateway.org/api/locations/113309883/",-82.7109082023146,-82.7109082023146,40.416042353125,"Meningococcal Disease"
"17995705.396",2009-06-01,2009-05-01,0,17995705,"33","17995705","P1M","http://aido.bsvgateway.org/api/locations/17995705/","Ohio","Ohio, United States of America","State","http://aido.bsvgateway.org/api/locations/113309883/",40.416042353125,-82.7109082023146,40.416042353125,"Meningococcal Disease"
"17995705.397",2009-07-01,2009-06-01,2,17995705,"33","17995705","P1M","http://aido.bsvgateway.org/api/locations/17995705/","Ohio","Ohio, United States of America","State","http://aido.bsvgateway.org/api/locations/113309883/",-82.7109082023146,-82.7109082023146,40.416042353125,"Meningococcal Disease"
"17995705.398",2009-08-01,2009-07-01,0,17995705,"33","17995705","P1M","http://aido.bsvgateway.org/api/locations/17995705/","Ohio","Ohio, United States of America","State","http://aido.bsvgateway.org/api/locations/113309883/",40.416042353125,-82.7109082023146,40.416042353125,"Meningococcal Disease"
"17995705.399",2009-09-01,2009-08-01,0,17995705,"33","17995705","P1M","http://aido.bsvgateway.org/api/locations/17995705/","Ohio","Ohio, United States of America","State","http://aido.bsvgateway.org/api/locations/113309883/",-82.7109082023146,-82.7109082023146,40.416042353125,"Meningococcal Disease"
"17995705.400",2009-10-01,2009-09-01,0,17995705,"33","17995705","P1M","http://aido.bsvgateway.org/api/locations/17995705/","Ohio","Ohio, United States of America","State","http://aido.bsvgateway.org/api/locations/113309883/",40.416042353125,-82.7109082023146,40.416042353125,"Meningococcal Disease"
"17995705.401",2009-11-01,2009-10-01,1,17995705,"33","17995705","P1M","http://aido.bsvgateway.org/api/locations/17995705/","Ohio","Ohio, United States of America","State","http://aido.bsvgateway.org/api/locations/113309883/",-82.7109082023146,-82.7109082023146,40.416042353125,"Meningococcal Disease"
"17995705.402",2009-12-01,2009-11-01,0,17995705,"33","17995705","P1M","http://aido.bsvgateway.org/api/locations/17995705/","Ohio","Ohio, United States of America","State","http://aido.bsvgateway.org/api/locations/113309883/",40.416042353125,-82.7109082023146,40.416042353125,"Meningococcal Disease"
"17995705.403",2010-01-01,2009-12-01,0,17995705,"33","17995705","P1M","http://aido.bsvgateway.org/api/locations/17995705/","Ohio","Ohio, United States of America","State","http://aido.bsvgateway.org/api/locations/113309883/",-82.7109082023146,-82.7109082023146,40.416042353125,"Meningococcal Disease"
"17995705.404",2010-02-01,2010-01-01,0,17995705,"33","17995705","P1M","http://aido.bsvgateway.org/api/locations/17995705/","Ohio","Ohio, United States of America","State","http://aido.bsvgateway.org/api/locations/113309883/",40.416042353125,-82.7109082023146,40.416042353125,"Meningococcal Disease"
"17995705.405",2010-03-01,2010-02-01,3,17995705,"33","17995705","P1M","http://aido.bsvgateway.org/api/locations/17995705/","Ohio","Ohio, United States of America","State","http://aido.bsvgateway.org/api/locations/113309883/",-82.7109082023146,-82.7109082023146,40.416042353125,"Meningococcal Disease"
"17995705.406",2010-04-01,2010-03-01,0,17995705,"33","17995705","P1M","http://aido.bsvgateway.org/api/locations/17995705/","Ohio","Ohio, United States of America","State","http://aido.bsvgateway.org/api/locations/113309883/",40.416042353125,-82.7109082023146,40.416042353125,"Meningococcal Disease"
"17995705.407",2010-05-01,2010-04-01,0,17995705,"33","17995705","P1M","http://aido.bsvgateway.org/api/locations/17995705/","Ohio","Ohio, United States of America","State","http://aido.bsvgateway.org/api/locations/113309883/",-82.7109082023146,-82.7109082023146,40.416042353125,"Meningococcal Disease"
"17995705.408",2010-06-01,2010-05-01,0,17995705,"33","17995705","P1M","http://aido.bsvgateway.org/api/locations/17995705/","Ohio","Ohio, United States of America","State","http://aido.bsvgateway.org/api/locations/113309883/",40.416042353125,-82.7109082023146,40.416042353125,"Meningococcal Disease"
"17995705.409",2010-07-01,2010-06-01,0,17995705,"33","17995705","P1M","http://aido.bsvgateway.org/api/locations/17995705/","Ohio","Ohio, United States of America","State","http://aido.bsvgateway.org/api/locations/113309883/",-82.7109082023146,-82.7109082023146,40.416042353125,"Meningococcal Disease"
"17995705.410",2010-08-01,2010-07-01,0,17995705,"33","17995705","P1M","http://aido.bsvgateway.org/api/locations/17995705/","Ohio","Ohio, United States of America","State","http://aido.bsvgateway.org/api/locations/113309883/",40.416042353125,-82.7109082023146,40.416042353125,"Meningococcal Disease"
"17995705.411",2010-09-01,2010-08-01,0,17995705,"33","17995705","P1M","http://aido.bsvgateway.org/api/locations/17995705/","Ohio","Ohio, United States of America","State","http://aido.bsvgateway.org/api/locations/113309883/",-82.7109082023146,-82.7109082023146,40.416042353125,"Meningococcal Disease"
"17995705.412",2010-10-01,2010-09-01,0,17995705,"33","17995705","P1M","http://aido.bsvgateway.org/api/locations/17995705/","Ohio","Ohio, United States of America","State","http://aido.bsvgateway.org/api/locations/113309883/",40.416042353125,-82.7109082023146,40.416042353125,"Meningococcal Disease"
"17995705.413",2010-11-01,2010-10-01,1,17995705,"33","17995705","P1M","http://aido.bsvgateway.org/api/locations/17995705/","Ohio","Ohio, United States of America","State","http://aido.bsvgateway.org/api/locations/113309883/",-82.7109082023146,-82.7109082023146,40.416042353125,"Meningococcal Disease"
