"","end","start","value","id","disease","location","duration","url","name","full_name","admin_level_name","parent","centroid_lat_long","longitude","latitude","disease_name"
"178413107.965",2013-09-01,2013-08-25,2,178413107,"26","178413107","P7D","http://aido.bsvgateway.org/api/locations/178413107/","Mexico","Mexico","Country","http://aido.bsvgateway.org/api/locations/71269652/",23.9491712104635,-102.530307855482,23.9491712104635,"Cholera"
"178413107.966",2013-09-08,2013-09-01,0,178413107,"26","178413107","P7D","http://aido.bsvgateway.org/api/locations/178413107/","Mexico","Mexico","Country","http://aido.bsvgateway.org/api/locations/71269652/",-102.530307855482,-102.530307855482,23.9491712104635,"Cholera"
"178413107.967",2013-09-15,2013-09-08,0,178413107,"26","178413107","P7D","http://aido.bsvgateway.org/api/locations/178413107/","Mexico","Mexico","Country","http://aido.bsvgateway.org/api/locations/71269652/",23.9491712104635,-102.530307855482,23.9491712104635,"Cholera"
"178413107.968",2013-09-22,2013-09-15,8,178413107,"26","178413107","P7D","http://aido.bsvgateway.org/api/locations/178413107/","Mexico","Mexico","Country","http://aido.bsvgateway.org/api/locations/71269652/",-102.530307855482,-102.530307855482,23.9491712104635,"Cholera"
"178413107.969",2013-09-29,2013-09-22,36,178413107,"26","178413107","P7D","http://aido.bsvgateway.org/api/locations/178413107/","Mexico","Mexico","Country","http://aido.bsvgateway.org/api/locations/71269652/",23.9491712104635,-102.530307855482,23.9491712104635,"Cholera"
"178413107.970",2013-10-06,2013-09-29,113,178413107,"26","178413107","P7D","http://aido.bsvgateway.org/api/locations/178413107/","Mexico","Mexico","Country","http://aido.bsvgateway.org/api/locations/71269652/",-102.530307855482,-102.530307855482,23.9491712104635,"Cholera"
"178413107.971",2013-10-13,2013-10-06,12,178413107,"26","178413107","P7D","http://aido.bsvgateway.org/api/locations/178413107/","Mexico","Mexico","Country","http://aido.bsvgateway.org/api/locations/71269652/",23.9491712104635,-102.530307855482,23.9491712104635,"Cholera"
"178413107.972",2013-10-20,2013-10-13,5,178413107,"26","178413107","P7D","http://aido.bsvgateway.org/api/locations/178413107/","Mexico","Mexico","Country","http://aido.bsvgateway.org/api/locations/71269652/",-102.530307855482,-102.530307855482,23.9491712104635,"Cholera"
"178413107.973",2013-10-27,2013-10-20,0,178413107,"26","178413107","P7D","http://aido.bsvgateway.org/api/locations/178413107/","Mexico","Mexico","Country","http://aido.bsvgateway.org/api/locations/71269652/",23.9491712104635,-102.530307855482,23.9491712104635,"Cholera"
"178413107.974",2013-11-03,2013-10-27,4,178413107,"26","178413107","P7D","http://aido.bsvgateway.org/api/locations/178413107/","Mexico","Mexico","Country","http://aido.bsvgateway.org/api/locations/71269652/",-102.530307855482,-102.530307855482,23.9491712104635,"Cholera"
"178413107.975",2013-11-10,2013-11-03,0,178413107,"26","178413107","P7D","http://aido.bsvgateway.org/api/locations/178413107/","Mexico","Mexico","Country","http://aido.bsvgateway.org/api/locations/71269652/",23.9491712104635,-102.530307855482,23.9491712104635,"Cholera"
"178413107.976",2013-11-17,2013-11-10,4,178413107,"26","178413107","P7D","http://aido.bsvgateway.org/api/locations/178413107/","Mexico","Mexico","Country","http://aido.bsvgateway.org/api/locations/71269652/",-102.530307855482,-102.530307855482,23.9491712104635,"Cholera"
"178413107.977",2013-11-24,2013-11-17,0,178413107,"26","178413107","P7D","http://aido.bsvgateway.org/api/locations/178413107/","Mexico","Mexico","Country","http://aido.bsvgateway.org/api/locations/71269652/",23.9491712104635,-102.530307855482,23.9491712104635,"Cholera"
"178413107.978",2013-12-01,2013-11-24,0,178413107,"26","178413107","P7D","http://aido.bsvgateway.org/api/locations/178413107/","Mexico","Mexico","Country","http://aido.bsvgateway.org/api/locations/71269652/",-102.530307855482,-102.530307855482,23.9491712104635,"Cholera"
"178413107.979",2013-12-08,2013-12-01,0,178413107,"26","178413107","P7D","http://aido.bsvgateway.org/api/locations/178413107/","Mexico","Mexico","Country","http://aido.bsvgateway.org/api/locations/71269652/",23.9491712104635,-102.530307855482,23.9491712104635,"Cholera"
"178413107.980",2013-12-15,2013-12-08,3,178413107,"26","178413107","P7D","http://aido.bsvgateway.org/api/locations/178413107/","Mexico","Mexico","Country","http://aido.bsvgateway.org/api/locations/71269652/",-102.530307855482,-102.530307855482,23.9491712104635,"Cholera"
"178413107.981",2013-12-22,2013-12-15,0,178413107,"26","178413107","P7D","http://aido.bsvgateway.org/api/locations/178413107/","Mexico","Mexico","Country","http://aido.bsvgateway.org/api/locations/71269652/",23.9491712104635,-102.530307855482,23.9491712104635,"Cholera"
"178413107.982",2013-12-29,2013-12-22,0,178413107,"26","178413107","P7D","http://aido.bsvgateway.org/api/locations/178413107/","Mexico","Mexico","Country","http://aido.bsvgateway.org/api/locations/71269652/",-102.530307855482,-102.530307855482,23.9491712104635,"Cholera"
"178413107.983",2014-01-05,2013-12-29,0,178413107,"26","178413107","P7D","http://aido.bsvgateway.org/api/locations/178413107/","Mexico","Mexico","Country","http://aido.bsvgateway.org/api/locations/71269652/",23.9491712104635,-102.530307855482,23.9491712104635,"Cholera"
"178413107.984",2014-01-12,2014-01-05,0,178413107,"26","178413107","P7D","http://aido.bsvgateway.org/api/locations/178413107/","Mexico","Mexico","Country","http://aido.bsvgateway.org/api/locations/71269652/",-102.530307855482,-102.530307855482,23.9491712104635,"Cholera"
"178413107.985",2014-01-19,2014-01-12,0,178413107,"26","178413107","P7D","http://aido.bsvgateway.org/api/locations/178413107/","Mexico","Mexico","Country","http://aido.bsvgateway.org/api/locations/71269652/",23.9491712104635,-102.530307855482,23.9491712104635,"Cholera"
"178413107.986",2014-01-26,2014-01-19,0,178413107,"26","178413107","P7D","http://aido.bsvgateway.org/api/locations/178413107/","Mexico","Mexico","Country","http://aido.bsvgateway.org/api/locations/71269652/",-102.530307855482,-102.530307855482,23.9491712104635,"Cholera"
