"","end","start","value","id","disease","location","duration","url","name","full_name","admin_level_name","parent","centroid_lat_long","longitude","latitude","disease_name"
"63718709.1386",2016-09-13,2016-09-12,1,63718709,"53","63718709","P1D","http://aido.bsvgateway.org/api/locations/63718709/","Madrid","Madrid, Madrid, Spain","City","http://aido.bsvgateway.org/api/locations/19245522/",40.4019754564471,-3.68529421127919,40.4019754564471,"Salmonellosis"
"63718709.1387",2016-09-14,2016-09-13,0,63718709,"53","63718709","P1D","http://aido.bsvgateway.org/api/locations/63718709/","Madrid","Madrid, Madrid, Spain","City","http://aido.bsvgateway.org/api/locations/19245522/",-3.68529421127919,-3.68529421127919,40.4019754564471,"Salmonellosis"
"63718709.1388",2016-09-15,2016-09-14,1,63718709,"53","63718709","P1D","http://aido.bsvgateway.org/api/locations/63718709/","Madrid","Madrid, Madrid, Spain","City","http://aido.bsvgateway.org/api/locations/19245522/",40.4019754564471,-3.68529421127919,40.4019754564471,"Salmonellosis"
"63718709.1389",2016-09-16,2016-09-15,0,63718709,"53","63718709","P1D","http://aido.bsvgateway.org/api/locations/63718709/","Madrid","Madrid, Madrid, Spain","City","http://aido.bsvgateway.org/api/locations/19245522/",-3.68529421127919,-3.68529421127919,40.4019754564471,"Salmonellosis"
"63718709.1390",2016-09-17,2016-09-16,2,63718709,"53","63718709","P1D","http://aido.bsvgateway.org/api/locations/63718709/","Madrid","Madrid, Madrid, Spain","City","http://aido.bsvgateway.org/api/locations/19245522/",40.4019754564471,-3.68529421127919,40.4019754564471,"Salmonellosis"
"63718709.1391",2016-09-18,2016-09-17,0,63718709,"53","63718709","P1D","http://aido.bsvgateway.org/api/locations/63718709/","Madrid","Madrid, Madrid, Spain","City","http://aido.bsvgateway.org/api/locations/19245522/",-3.68529421127919,-3.68529421127919,40.4019754564471,"Salmonellosis"
"63718709.1392",2016-09-19,2016-09-18,1,63718709,"53","63718709","P1D","http://aido.bsvgateway.org/api/locations/63718709/","Madrid","Madrid, Madrid, Spain","City","http://aido.bsvgateway.org/api/locations/19245522/",40.4019754564471,-3.68529421127919,40.4019754564471,"Salmonellosis"
"63718709.1393",2016-09-20,2016-09-19,1,63718709,"53","63718709","P1D","http://aido.bsvgateway.org/api/locations/63718709/","Madrid","Madrid, Madrid, Spain","City","http://aido.bsvgateway.org/api/locations/19245522/",-3.68529421127919,-3.68529421127919,40.4019754564471,"Salmonellosis"
"63718709.1394",2016-09-21,2016-09-20,0,63718709,"53","63718709","P1D","http://aido.bsvgateway.org/api/locations/63718709/","Madrid","Madrid, Madrid, Spain","City","http://aido.bsvgateway.org/api/locations/19245522/",40.4019754564471,-3.68529421127919,40.4019754564471,"Salmonellosis"
"63718709.1395",2016-09-22,2016-09-21,0,63718709,"53","63718709","P1D","http://aido.bsvgateway.org/api/locations/63718709/","Madrid","Madrid, Madrid, Spain","City","http://aido.bsvgateway.org/api/locations/19245522/",-3.68529421127919,-3.68529421127919,40.4019754564471,"Salmonellosis"
"63718709.1396",2016-09-23,2016-09-22,3,63718709,"53","63718709","P1D","http://aido.bsvgateway.org/api/locations/63718709/","Madrid","Madrid, Madrid, Spain","City","http://aido.bsvgateway.org/api/locations/19245522/",40.4019754564471,-3.68529421127919,40.4019754564471,"Salmonellosis"
"63718709.1397",2016-09-24,2016-09-23,2,63718709,"53","63718709","P1D","http://aido.bsvgateway.org/api/locations/63718709/","Madrid","Madrid, Madrid, Spain","City","http://aido.bsvgateway.org/api/locations/19245522/",-3.68529421127919,-3.68529421127919,40.4019754564471,"Salmonellosis"
"63718709.1398",2016-09-25,2016-09-24,1,63718709,"53","63718709","P1D","http://aido.bsvgateway.org/api/locations/63718709/","Madrid","Madrid, Madrid, Spain","City","http://aido.bsvgateway.org/api/locations/19245522/",40.4019754564471,-3.68529421127919,40.4019754564471,"Salmonellosis"
"63718709.1399",2016-09-26,2016-09-25,0,63718709,"53","63718709","P1D","http://aido.bsvgateway.org/api/locations/63718709/","Madrid","Madrid, Madrid, Spain","City","http://aido.bsvgateway.org/api/locations/19245522/",-3.68529421127919,-3.68529421127919,40.4019754564471,"Salmonellosis"
"63718709.1400",2016-09-27,2016-09-26,1,63718709,"53","63718709","P1D","http://aido.bsvgateway.org/api/locations/63718709/","Madrid","Madrid, Madrid, Spain","City","http://aido.bsvgateway.org/api/locations/19245522/",40.4019754564471,-3.68529421127919,40.4019754564471,"Salmonellosis"
"63718709.1401",2016-09-28,2016-09-27,0,63718709,"53","63718709","P1D","http://aido.bsvgateway.org/api/locations/63718709/","Madrid","Madrid, Madrid, Spain","City","http://aido.bsvgateway.org/api/locations/19245522/",-3.68529421127919,-3.68529421127919,40.4019754564471,"Salmonellosis"
"63718709.1402",2016-09-29,2016-09-28,1,63718709,"53","63718709","P1D","http://aido.bsvgateway.org/api/locations/63718709/","Madrid","Madrid, Madrid, Spain","City","http://aido.bsvgateway.org/api/locations/19245522/",40.4019754564471,-3.68529421127919,40.4019754564471,"Salmonellosis"
"63718709.1403",2016-09-30,2016-09-29,1,63718709,"53","63718709","P1D","http://aido.bsvgateway.org/api/locations/63718709/","Madrid","Madrid, Madrid, Spain","City","http://aido.bsvgateway.org/api/locations/19245522/",-3.68529421127919,-3.68529421127919,40.4019754564471,"Salmonellosis"
"63718709.1404",2016-10-01,2016-09-30,0,63718709,"53","63718709","P1D","http://aido.bsvgateway.org/api/locations/63718709/","Madrid","Madrid, Madrid, Spain","City","http://aido.bsvgateway.org/api/locations/19245522/",40.4019754564471,-3.68529421127919,40.4019754564471,"Salmonellosis"
"63718709.1405",2016-10-02,2016-10-01,0,63718709,"53","63718709","P1D","http://aido.bsvgateway.org/api/locations/63718709/","Madrid","Madrid, Madrid, Spain","City","http://aido.bsvgateway.org/api/locations/19245522/",-3.68529421127919,-3.68529421127919,40.4019754564471,"Salmonellosis"
"63718709.1406",2016-10-03,2016-10-02,1,63718709,"53","63718709","P1D","http://aido.bsvgateway.org/api/locations/63718709/","Madrid","Madrid, Madrid, Spain","City","http://aido.bsvgateway.org/api/locations/19245522/",40.4019754564471,-3.68529421127919,40.4019754564471,"Salmonellosis"
"63718709.1407",2016-10-04,2016-10-03,0,63718709,"53","63718709","P1D","http://aido.bsvgateway.org/api/locations/63718709/","Madrid","Madrid, Madrid, Spain","City","http://aido.bsvgateway.org/api/locations/19245522/",-3.68529421127919,-3.68529421127919,40.4019754564471,"Salmonellosis"
"63718709.1408",2016-10-05,2016-10-04,1,63718709,"53","63718709","P1D","http://aido.bsvgateway.org/api/locations/63718709/","Madrid","Madrid, Madrid, Spain","City","http://aido.bsvgateway.org/api/locations/19245522/",40.4019754564471,-3.68529421127919,40.4019754564471,"Salmonellosis"
"63718709.1409",2016-10-06,2016-10-05,0,63718709,"53","63718709","P1D","http://aido.bsvgateway.org/api/locations/63718709/","Madrid","Madrid, Madrid, Spain","City","http://aido.bsvgateway.org/api/locations/19245522/",-3.68529421127919,-3.68529421127919,40.4019754564471,"Salmonellosis"
"63718709.1410",2016-10-07,2016-10-06,0,63718709,"53","63718709","P1D","http://aido.bsvgateway.org/api/locations/63718709/","Madrid","Madrid, Madrid, Spain","City","http://aido.bsvgateway.org/api/locations/19245522/",40.4019754564471,-3.68529421127919,40.4019754564471,"Salmonellosis"
"63718709.1411",2016-10-08,2016-10-07,0,63718709,"53","63718709","P1D","http://aido.bsvgateway.org/api/locations/63718709/","Madrid","Madrid, Madrid, Spain","City","http://aido.bsvgateway.org/api/locations/19245522/",-3.68529421127919,-3.68529421127919,40.4019754564471,"Salmonellosis"
"63718709.1412",2016-10-09,2016-10-08,0,63718709,"53","63718709","P1D","http://aido.bsvgateway.org/api/locations/63718709/","Madrid","Madrid, Madrid, Spain","City","http://aido.bsvgateway.org/api/locations/19245522/",40.4019754564471,-3.68529421127919,40.4019754564471,"Salmonellosis"
"63718709.1413",2016-10-10,2016-10-09,0,63718709,"53","63718709","P1D","http://aido.bsvgateway.org/api/locations/63718709/","Madrid","Madrid, Madrid, Spain","City","http://aido.bsvgateway.org/api/locations/19245522/",-3.68529421127919,-3.68529421127919,40.4019754564471,"Salmonellosis"
"63718709.1414",2016-10-11,2016-10-10,2,63718709,"53","63718709","P1D","http://aido.bsvgateway.org/api/locations/63718709/","Madrid","Madrid, Madrid, Spain","City","http://aido.bsvgateway.org/api/locations/19245522/",40.4019754564471,-3.68529421127919,40.4019754564471,"Salmonellosis"
"63718709.1415",2016-10-12,2016-10-11,3,63718709,"53","63718709","P1D","http://aido.bsvgateway.org/api/locations/63718709/","Madrid","Madrid, Madrid, Spain","City","http://aido.bsvgateway.org/api/locations/19245522/",-3.68529421127919,-3.68529421127919,40.4019754564471,"Salmonellosis"
"63718709.1416",2016-10-13,2016-10-12,1,63718709,"53","63718709","P1D","http://aido.bsvgateway.org/api/locations/63718709/","Madrid","Madrid, Madrid, Spain","City","http://aido.bsvgateway.org/api/locations/19245522/",40.4019754564471,-3.68529421127919,40.4019754564471,"Salmonellosis"
"63718709.1417",2016-10-14,2016-10-13,0,63718709,"53","63718709","P1D","http://aido.bsvgateway.org/api/locations/63718709/","Madrid","Madrid, Madrid, Spain","City","http://aido.bsvgateway.org/api/locations/19245522/",-3.68529421127919,-3.68529421127919,40.4019754564471,"Salmonellosis"
"63718709.1418",2016-10-15,2016-10-14,0,63718709,"53","63718709","P1D","http://aido.bsvgateway.org/api/locations/63718709/","Madrid","Madrid, Madrid, Spain","City","http://aido.bsvgateway.org/api/locations/19245522/",40.4019754564471,-3.68529421127919,40.4019754564471,"Salmonellosis"
"63718709.1419",2016-10-16,2016-10-15,0,63718709,"53","63718709","P1D","http://aido.bsvgateway.org/api/locations/63718709/","Madrid","Madrid, Madrid, Spain","City","http://aido.bsvgateway.org/api/locations/19245522/",-3.68529421127919,-3.68529421127919,40.4019754564471,"Salmonellosis"
"63718709.1420",2016-10-17,2016-10-16,0,63718709,"53","63718709","P1D","http://aido.bsvgateway.org/api/locations/63718709/","Madrid","Madrid, Madrid, Spain","City","http://aido.bsvgateway.org/api/locations/19245522/",40.4019754564471,-3.68529421127919,40.4019754564471,"Salmonellosis"
"63718709.1421",2016-10-18,2016-10-17,0,63718709,"53","63718709","P1D","http://aido.bsvgateway.org/api/locations/63718709/","Madrid","Madrid, Madrid, Spain","City","http://aido.bsvgateway.org/api/locations/19245522/",-3.68529421127919,-3.68529421127919,40.4019754564471,"Salmonellosis"
"63718709.1422",2016-10-19,2016-10-18,0,63718709,"53","63718709","P1D","http://aido.bsvgateway.org/api/locations/63718709/","Madrid","Madrid, Madrid, Spain","City","http://aido.bsvgateway.org/api/locations/19245522/",40.4019754564471,-3.68529421127919,40.4019754564471,"Salmonellosis"
"63718709.1423",2016-10-20,2016-10-19,1,63718709,"53","63718709","P1D","http://aido.bsvgateway.org/api/locations/63718709/","Madrid","Madrid, Madrid, Spain","City","http://aido.bsvgateway.org/api/locations/19245522/",-3.68529421127919,-3.68529421127919,40.4019754564471,"Salmonellosis"
