"","end","start","value","id","disease","location","duration","url","name","full_name","admin_level_name","parent","centroid_lat_long","longitude","latitude","disease_name"
"126406511.143",2003-06-02,2003-06-01,0,126406511,"35","126406511","P1D","http://aido.bsvgateway.org/api/locations/126406511/","Oran","Oran, Algeria","State","http://aido.bsvgateway.org/api/locations/226303214/",35.629657430082,-0.632056723392724,35.629657430082,"Plague"
"126406511.144",2003-06-03,2003-06-02,0,126406511,"35","126406511","P1D","http://aido.bsvgateway.org/api/locations/126406511/","Oran","Oran, Algeria","State","http://aido.bsvgateway.org/api/locations/226303214/",-0.632056723392724,-0.632056723392724,35.629657430082,"Plague"
"126406511.145",2003-06-04,2003-06-03,0,126406511,"35","126406511","P1D","http://aido.bsvgateway.org/api/locations/126406511/","Oran","Oran, Algeria","State","http://aido.bsvgateway.org/api/locations/226303214/",35.629657430082,-0.632056723392724,35.629657430082,"Plague"
"126406511.146",2003-06-05,2003-06-04,1,126406511,"35","126406511","P1D","http://aido.bsvgateway.org/api/locations/126406511/","Oran","Oran, Algeria","State","http://aido.bsvgateway.org/api/locations/226303214/",-0.632056723392724,-0.632056723392724,35.629657430082,"Plague"
"126406511.147",2003-06-06,2003-06-05,0,126406511,"35","126406511","P1D","http://aido.bsvgateway.org/api/locations/126406511/","Oran","Oran, Algeria","State","http://aido.bsvgateway.org/api/locations/226303214/",35.629657430082,-0.632056723392724,35.629657430082,"Plague"
"126406511.148",2003-06-07,2003-06-06,0,126406511,"35","126406511","P1D","http://aido.bsvgateway.org/api/locations/126406511/","Oran","Oran, Algeria","State","http://aido.bsvgateway.org/api/locations/226303214/",-0.632056723392724,-0.632056723392724,35.629657430082,"Plague"
"126406511.149",2003-06-08,2003-06-07,0,126406511,"35","126406511","P1D","http://aido.bsvgateway.org/api/locations/126406511/","Oran","Oran, Algeria","State","http://aido.bsvgateway.org/api/locations/226303214/",35.629657430082,-0.632056723392724,35.629657430082,"Plague"
"126406511.150",2003-06-09,2003-06-08,0,126406511,"35","126406511","P1D","http://aido.bsvgateway.org/api/locations/126406511/","Oran","Oran, Algeria","State","http://aido.bsvgateway.org/api/locations/226303214/",-0.632056723392724,-0.632056723392724,35.629657430082,"Plague"
"126406511.151",2003-06-10,2003-06-09,1,126406511,"35","126406511","P1D","http://aido.bsvgateway.org/api/locations/126406511/","Oran","Oran, Algeria","State","http://aido.bsvgateway.org/api/locations/226303214/",35.629657430082,-0.632056723392724,35.629657430082,"Plague"
"126406511.152",2003-06-11,2003-06-10,0,126406511,"35","126406511","P1D","http://aido.bsvgateway.org/api/locations/126406511/","Oran","Oran, Algeria","State","http://aido.bsvgateway.org/api/locations/226303214/",-0.632056723392724,-0.632056723392724,35.629657430082,"Plague"
"126406511.153",2003-06-12,2003-06-11,0,126406511,"35","126406511","P1D","http://aido.bsvgateway.org/api/locations/126406511/","Oran","Oran, Algeria","State","http://aido.bsvgateway.org/api/locations/226303214/",35.629657430082,-0.632056723392724,35.629657430082,"Plague"
"126406511.154",2003-06-13,2003-06-12,0,126406511,"35","126406511","P1D","http://aido.bsvgateway.org/api/locations/126406511/","Oran","Oran, Algeria","State","http://aido.bsvgateway.org/api/locations/226303214/",-0.632056723392724,-0.632056723392724,35.629657430082,"Plague"
"126406511.155",2003-06-14,2003-06-13,1,126406511,"35","126406511","P1D","http://aido.bsvgateway.org/api/locations/126406511/","Oran","Oran, Algeria","State","http://aido.bsvgateway.org/api/locations/226303214/",35.629657430082,-0.632056723392724,35.629657430082,"Plague"
"126406511.156",2003-06-15,2003-06-14,1,126406511,"35","126406511","P1D","http://aido.bsvgateway.org/api/locations/126406511/","Oran","Oran, Algeria","State","http://aido.bsvgateway.org/api/locations/226303214/",-0.632056723392724,-0.632056723392724,35.629657430082,"Plague"
"126406511.157",2003-06-16,2003-06-15,1,126406511,"35","126406511","P1D","http://aido.bsvgateway.org/api/locations/126406511/","Oran","Oran, Algeria","State","http://aido.bsvgateway.org/api/locations/226303214/",35.629657430082,-0.632056723392724,35.629657430082,"Plague"
"126406511.158",2003-06-17,2003-06-16,1,126406511,"35","126406511","P1D","http://aido.bsvgateway.org/api/locations/126406511/","Oran","Oran, Algeria","State","http://aido.bsvgateway.org/api/locations/226303214/",-0.632056723392724,-0.632056723392724,35.629657430082,"Plague"
"126406511.159",2003-06-18,2003-06-17,2,126406511,"35","126406511","P1D","http://aido.bsvgateway.org/api/locations/126406511/","Oran","Oran, Algeria","State","http://aido.bsvgateway.org/api/locations/226303214/",35.629657430082,-0.632056723392724,35.629657430082,"Plague"
"126406511.160",2003-06-19,2003-06-18,0,126406511,"35","126406511","P1D","http://aido.bsvgateway.org/api/locations/126406511/","Oran","Oran, Algeria","State","http://aido.bsvgateway.org/api/locations/226303214/",-0.632056723392724,-0.632056723392724,35.629657430082,"Plague"
"126406511.161",2003-06-20,2003-06-19,1,126406511,"35","126406511","P1D","http://aido.bsvgateway.org/api/locations/126406511/","Oran","Oran, Algeria","State","http://aido.bsvgateway.org/api/locations/226303214/",35.629657430082,-0.632056723392724,35.629657430082,"Plague"
"126406511.162",2003-06-21,2003-06-20,0,126406511,"35","126406511","P1D","http://aido.bsvgateway.org/api/locations/126406511/","Oran","Oran, Algeria","State","http://aido.bsvgateway.org/api/locations/226303214/",-0.632056723392724,-0.632056723392724,35.629657430082,"Plague"
"126406511.163",2003-06-22,2003-06-21,1,126406511,"35","126406511","P1D","http://aido.bsvgateway.org/api/locations/126406511/","Oran","Oran, Algeria","State","http://aido.bsvgateway.org/api/locations/226303214/",35.629657430082,-0.632056723392724,35.629657430082,"Plague"
"126406511.164",2003-06-23,2003-06-22,0,126406511,"35","126406511","P1D","http://aido.bsvgateway.org/api/locations/126406511/","Oran","Oran, Algeria","State","http://aido.bsvgateway.org/api/locations/226303214/",-0.632056723392724,-0.632056723392724,35.629657430082,"Plague"
"126406511.165",2003-06-24,2003-06-23,0,126406511,"35","126406511","P1D","http://aido.bsvgateway.org/api/locations/126406511/","Oran","Oran, Algeria","State","http://aido.bsvgateway.org/api/locations/226303214/",35.629657430082,-0.632056723392724,35.629657430082,"Plague"
"126406511.166",2003-06-25,2003-06-24,0,126406511,"35","126406511","P1D","http://aido.bsvgateway.org/api/locations/126406511/","Oran","Oran, Algeria","State","http://aido.bsvgateway.org/api/locations/226303214/",-0.632056723392724,-0.632056723392724,35.629657430082,"Plague"
"126406511.167",2003-06-26,2003-06-25,0,126406511,"35","126406511","P1D","http://aido.bsvgateway.org/api/locations/126406511/","Oran","Oran, Algeria","State","http://aido.bsvgateway.org/api/locations/226303214/",35.629657430082,-0.632056723392724,35.629657430082,"Plague"
"126406511.168",2003-06-27,2003-06-26,0,126406511,"35","126406511","P1D","http://aido.bsvgateway.org/api/locations/126406511/","Oran","Oran, Algeria","State","http://aido.bsvgateway.org/api/locations/226303214/",-0.632056723392724,-0.632056723392724,35.629657430082,"Plague"
"126406511.169",2003-06-28,2003-06-27,1,126406511,"35","126406511","P1D","http://aido.bsvgateway.org/api/locations/126406511/","Oran","Oran, Algeria","State","http://aido.bsvgateway.org/api/locations/226303214/",35.629657430082,-0.632056723392724,35.629657430082,"Plague"
"126406511.170",2003-06-29,2003-06-28,2,126406511,"35","126406511","P1D","http://aido.bsvgateway.org/api/locations/126406511/","Oran","Oran, Algeria","State","http://aido.bsvgateway.org/api/locations/226303214/",-0.632056723392724,-0.632056723392724,35.629657430082,"Plague"
"126406511.171",2003-06-30,2003-06-29,0,126406511,"35","126406511","P1D","http://aido.bsvgateway.org/api/locations/126406511/","Oran","Oran, Algeria","State","http://aido.bsvgateway.org/api/locations/226303214/",35.629657430082,-0.632056723392724,35.629657430082,"Plague"
"126406511.172",2003-07-01,2003-06-30,2,126406511,"35","126406511","P1D","http://aido.bsvgateway.org/api/locations/126406511/","Oran","Oran, Algeria","State","http://aido.bsvgateway.org/api/locations/226303214/",-0.632056723392724,-0.632056723392724,35.629657430082,"Plague"
"126406511.173",2003-07-02,2003-07-01,1,126406511,"35","126406511","P1D","http://aido.bsvgateway.org/api/locations/126406511/","Oran","Oran, Algeria","State","http://aido.bsvgateway.org/api/locations/226303214/",35.629657430082,-0.632056723392724,35.629657430082,"Plague"
"126406511.174",2003-07-03,2003-07-02,0,126406511,"35","126406511","P1D","http://aido.bsvgateway.org/api/locations/126406511/","Oran","Oran, Algeria","State","http://aido.bsvgateway.org/api/locations/226303214/",-0.632056723392724,-0.632056723392724,35.629657430082,"Plague"
"126406511.175",2003-07-04,2003-07-03,0,126406511,"35","126406511","P1D","http://aido.bsvgateway.org/api/locations/126406511/","Oran","Oran, Algeria","State","http://aido.bsvgateway.org/api/locations/226303214/",35.629657430082,-0.632056723392724,35.629657430082,"Plague"
"126406511.176",2003-07-05,2003-07-04,0,126406511,"35","126406511","P1D","http://aido.bsvgateway.org/api/locations/126406511/","Oran","Oran, Algeria","State","http://aido.bsvgateway.org/api/locations/226303214/",-0.632056723392724,-0.632056723392724,35.629657430082,"Plague"
"126406511.177",2003-07-06,2003-07-05,0,126406511,"35","126406511","P1D","http://aido.bsvgateway.org/api/locations/126406511/","Oran","Oran, Algeria","State","http://aido.bsvgateway.org/api/locations/226303214/",35.629657430082,-0.632056723392724,35.629657430082,"Plague"
"126406511.178",2003-07-07,2003-07-06,0,126406511,"35","126406511","P1D","http://aido.bsvgateway.org/api/locations/126406511/","Oran","Oran, Algeria","State","http://aido.bsvgateway.org/api/locations/226303214/",-0.632056723392724,-0.632056723392724,35.629657430082,"Plague"
"126406511.179",2003-07-08,2003-07-07,0,126406511,"35","126406511","P1D","http://aido.bsvgateway.org/api/locations/126406511/","Oran","Oran, Algeria","State","http://aido.bsvgateway.org/api/locations/226303214/",35.629657430082,-0.632056723392724,35.629657430082,"Plague"
"126406511.180",2003-07-09,2003-07-08,0,126406511,"35","126406511","P1D","http://aido.bsvgateway.org/api/locations/126406511/","Oran","Oran, Algeria","State","http://aido.bsvgateway.org/api/locations/226303214/",-0.632056723392724,-0.632056723392724,35.629657430082,"Plague"
"126406511.181",2003-07-10,2003-07-09,0,126406511,"35","126406511","P1D","http://aido.bsvgateway.org/api/locations/126406511/","Oran","Oran, Algeria","State","http://aido.bsvgateway.org/api/locations/226303214/",35.629657430082,-0.632056723392724,35.629657430082,"Plague"
"126406511.182",2003-07-11,2003-07-10,0,126406511,"35","126406511","P1D","http://aido.bsvgateway.org/api/locations/126406511/","Oran","Oran, Algeria","State","http://aido.bsvgateway.org/api/locations/226303214/",-0.632056723392724,-0.632056723392724,35.629657430082,"Plague"
"126406511.183",2003-07-12,2003-07-11,0,126406511,"35","126406511","P1D","http://aido.bsvgateway.org/api/locations/126406511/","Oran","Oran, Algeria","State","http://aido.bsvgateway.org/api/locations/226303214/",35.629657430082,-0.632056723392724,35.629657430082,"Plague"
"126406511.184",2003-07-13,2003-07-12,0,126406511,"35","126406511","P1D","http://aido.bsvgateway.org/api/locations/126406511/","Oran","Oran, Algeria","State","http://aido.bsvgateway.org/api/locations/226303214/",-0.632056723392724,-0.632056723392724,35.629657430082,"Plague"
"126406511.185",2003-07-14,2003-07-13,0,126406511,"35","126406511","P1D","http://aido.bsvgateway.org/api/locations/126406511/","Oran","Oran, Algeria","State","http://aido.bsvgateway.org/api/locations/226303214/",35.629657430082,-0.632056723392724,35.629657430082,"Plague"
"126406511.186",2003-07-15,2003-07-14,0,126406511,"35","126406511","P1D","http://aido.bsvgateway.org/api/locations/126406511/","Oran","Oran, Algeria","State","http://aido.bsvgateway.org/api/locations/226303214/",-0.632056723392724,-0.632056723392724,35.629657430082,"Plague"
"126406511.187",2003-07-16,2003-07-15,0,126406511,"35","126406511","P1D","http://aido.bsvgateway.org/api/locations/126406511/","Oran","Oran, Algeria","State","http://aido.bsvgateway.org/api/locations/226303214/",35.629657430082,-0.632056723392724,35.629657430082,"Plague"
"126406511.188",2003-07-17,2003-07-16,1,126406511,"35","126406511","P1D","http://aido.bsvgateway.org/api/locations/126406511/","Oran","Oran, Algeria","State","http://aido.bsvgateway.org/api/locations/226303214/",-0.632056723392724,-0.632056723392724,35.629657430082,"Plague"
"126406511.189",2003-07-18,2003-07-17,0,126406511,"35","126406511","P1D","http://aido.bsvgateway.org/api/locations/126406511/","Oran","Oran, Algeria","State","http://aido.bsvgateway.org/api/locations/226303214/",35.629657430082,-0.632056723392724,35.629657430082,"Plague"
"126406511.190",2003-07-19,2003-07-18,0,126406511,"35","126406511","P1D","http://aido.bsvgateway.org/api/locations/126406511/","Oran","Oran, Algeria","State","http://aido.bsvgateway.org/api/locations/226303214/",-0.632056723392724,-0.632056723392724,35.629657430082,"Plague"
"126406511.191",2003-07-20,2003-07-19,0,126406511,"35","126406511","P1D","http://aido.bsvgateway.org/api/locations/126406511/","Oran","Oran, Algeria","State","http://aido.bsvgateway.org/api/locations/226303214/",35.629657430082,-0.632056723392724,35.629657430082,"Plague"
"126406511.192",2003-07-21,2003-07-20,0,126406511,"35","126406511","P1D","http://aido.bsvgateway.org/api/locations/126406511/","Oran","Oran, Algeria","State","http://aido.bsvgateway.org/api/locations/226303214/",-0.632056723392724,-0.632056723392724,35.629657430082,"Plague"
"126406511.193",2003-07-22,2003-07-21,0,126406511,"35","126406511","P1D","http://aido.bsvgateway.org/api/locations/126406511/","Oran","Oran, Algeria","State","http://aido.bsvgateway.org/api/locations/226303214/",35.629657430082,-0.632056723392724,35.629657430082,"Plague"
"126406511.194",2003-07-23,2003-07-22,1,126406511,"35","126406511","P1D","http://aido.bsvgateway.org/api/locations/126406511/","Oran","Oran, Algeria","State","http://aido.bsvgateway.org/api/locations/226303214/",-0.632056723392724,-0.632056723392724,35.629657430082,"Plague"
"126406511.195",2003-07-24,2003-07-23,0,126406511,"35","126406511","P1D","http://aido.bsvgateway.org/api/locations/126406511/","Oran","Oran, Algeria","State","http://aido.bsvgateway.org/api/locations/226303214/",35.629657430082,-0.632056723392724,35.629657430082,"Plague"
