"","end","start","value","id","disease","location","duration","url","name","full_name","admin_level_name","parent","centroid_lat_long","longitude","latitude","disease_name"
"50153991.236",2015-03-27,2015-03-26,1,50153991,"35","50153991","P1D","http://aido.bsvgateway.org/api/locations/50153991/","Eastern","Eastern, Zambia","State","http://aido.bsvgateway.org/api/locations/80374583/",-13.5879627406301,31.8881838344769,-13.5879627406301,"Plague"
"50153991.237",2015-03-28,2015-03-27,0,50153991,"35","50153991","P1D","http://aido.bsvgateway.org/api/locations/50153991/","Eastern","Eastern, Zambia","State","http://aido.bsvgateway.org/api/locations/80374583/",31.8881838344769,31.8881838344769,-13.5879627406301,"Plague"
"50153991.238",2015-03-29,2015-03-28,0,50153991,"35","50153991","P1D","http://aido.bsvgateway.org/api/locations/50153991/","Eastern","Eastern, Zambia","State","http://aido.bsvgateway.org/api/locations/80374583/",-13.5879627406301,31.8881838344769,-13.5879627406301,"Plague"
"50153991.239",2015-03-30,2015-03-29,0,50153991,"35","50153991","P1D","http://aido.bsvgateway.org/api/locations/50153991/","Eastern","Eastern, Zambia","State","http://aido.bsvgateway.org/api/locations/80374583/",31.8881838344769,31.8881838344769,-13.5879627406301,"Plague"
"50153991.240",2015-03-31,2015-03-30,1,50153991,"35","50153991","P1D","http://aido.bsvgateway.org/api/locations/50153991/","Eastern","Eastern, Zambia","State","http://aido.bsvgateway.org/api/locations/80374583/",-13.5879627406301,31.8881838344769,-13.5879627406301,"Plague"
"50153991.241",2015-04-01,2015-03-31,0,50153991,"35","50153991","P1D","http://aido.bsvgateway.org/api/locations/50153991/","Eastern","Eastern, Zambia","State","http://aido.bsvgateway.org/api/locations/80374583/",31.8881838344769,31.8881838344769,-13.5879627406301,"Plague"
"50153991.242",2015-04-02,2015-04-01,0,50153991,"35","50153991","P1D","http://aido.bsvgateway.org/api/locations/50153991/","Eastern","Eastern, Zambia","State","http://aido.bsvgateway.org/api/locations/80374583/",-13.5879627406301,31.8881838344769,-13.5879627406301,"Plague"
"50153991.243",2015-04-03,2015-04-02,0,50153991,"35","50153991","P1D","http://aido.bsvgateway.org/api/locations/50153991/","Eastern","Eastern, Zambia","State","http://aido.bsvgateway.org/api/locations/80374583/",31.8881838344769,31.8881838344769,-13.5879627406301,"Plague"
"50153991.244",2015-04-04,2015-04-03,0,50153991,"35","50153991","P1D","http://aido.bsvgateway.org/api/locations/50153991/","Eastern","Eastern, Zambia","State","http://aido.bsvgateway.org/api/locations/80374583/",-13.5879627406301,31.8881838344769,-13.5879627406301,"Plague"
"50153991.245",2015-04-05,2015-04-04,0,50153991,"35","50153991","P1D","http://aido.bsvgateway.org/api/locations/50153991/","Eastern","Eastern, Zambia","State","http://aido.bsvgateway.org/api/locations/80374583/",31.8881838344769,31.8881838344769,-13.5879627406301,"Plague"
"50153991.246",2015-04-06,2015-04-05,2,50153991,"35","50153991","P1D","http://aido.bsvgateway.org/api/locations/50153991/","Eastern","Eastern, Zambia","State","http://aido.bsvgateway.org/api/locations/80374583/",-13.5879627406301,31.8881838344769,-13.5879627406301,"Plague"
"50153991.247",2015-04-07,2015-04-06,3,50153991,"35","50153991","P1D","http://aido.bsvgateway.org/api/locations/50153991/","Eastern","Eastern, Zambia","State","http://aido.bsvgateway.org/api/locations/80374583/",31.8881838344769,31.8881838344769,-13.5879627406301,"Plague"
"50153991.248",2015-04-08,2015-04-07,4,50153991,"35","50153991","P1D","http://aido.bsvgateway.org/api/locations/50153991/","Eastern","Eastern, Zambia","State","http://aido.bsvgateway.org/api/locations/80374583/",-13.5879627406301,31.8881838344769,-13.5879627406301,"Plague"
"50153991.249",2015-04-09,2015-04-08,1,50153991,"35","50153991","P1D","http://aido.bsvgateway.org/api/locations/50153991/","Eastern","Eastern, Zambia","State","http://aido.bsvgateway.org/api/locations/80374583/",31.8881838344769,31.8881838344769,-13.5879627406301,"Plague"
"50153991.250",2015-04-10,2015-04-09,0,50153991,"35","50153991","P1D","http://aido.bsvgateway.org/api/locations/50153991/","Eastern","Eastern, Zambia","State","http://aido.bsvgateway.org/api/locations/80374583/",-13.5879627406301,31.8881838344769,-13.5879627406301,"Plague"
"50153991.251",2015-04-11,2015-04-10,0,50153991,"35","50153991","P1D","http://aido.bsvgateway.org/api/locations/50153991/","Eastern","Eastern, Zambia","State","http://aido.bsvgateway.org/api/locations/80374583/",31.8881838344769,31.8881838344769,-13.5879627406301,"Plague"
"50153991.252",2015-04-12,2015-04-11,0,50153991,"35","50153991","P1D","http://aido.bsvgateway.org/api/locations/50153991/","Eastern","Eastern, Zambia","State","http://aido.bsvgateway.org/api/locations/80374583/",-13.5879627406301,31.8881838344769,-13.5879627406301,"Plague"
"50153991.253",2015-04-13,2015-04-12,1,50153991,"35","50153991","P1D","http://aido.bsvgateway.org/api/locations/50153991/","Eastern","Eastern, Zambia","State","http://aido.bsvgateway.org/api/locations/80374583/",31.8881838344769,31.8881838344769,-13.5879627406301,"Plague"
"50153991.254",2015-04-14,2015-04-13,1,50153991,"35","50153991","P1D","http://aido.bsvgateway.org/api/locations/50153991/","Eastern","Eastern, Zambia","State","http://aido.bsvgateway.org/api/locations/80374583/",-13.5879627406301,31.8881838344769,-13.5879627406301,"Plague"
"50153991.255",2015-04-15,2015-04-14,0,50153991,"35","50153991","P1D","http://aido.bsvgateway.org/api/locations/50153991/","Eastern","Eastern, Zambia","State","http://aido.bsvgateway.org/api/locations/80374583/",31.8881838344769,31.8881838344769,-13.5879627406301,"Plague"
"50153991.256",2015-04-16,2015-04-15,1,50153991,"35","50153991","P1D","http://aido.bsvgateway.org/api/locations/50153991/","Eastern","Eastern, Zambia","State","http://aido.bsvgateway.org/api/locations/80374583/",-13.5879627406301,31.8881838344769,-13.5879627406301,"Plague"
"50153991.257",2015-04-17,2015-04-16,0,50153991,"35","50153991","P1D","http://aido.bsvgateway.org/api/locations/50153991/","Eastern","Eastern, Zambia","State","http://aido.bsvgateway.org/api/locations/80374583/",31.8881838344769,31.8881838344769,-13.5879627406301,"Plague"
"50153991.258",2015-04-18,2015-04-17,0,50153991,"35","50153991","P1D","http://aido.bsvgateway.org/api/locations/50153991/","Eastern","Eastern, Zambia","State","http://aido.bsvgateway.org/api/locations/80374583/",-13.5879627406301,31.8881838344769,-13.5879627406301,"Plague"
"50153991.259",2015-04-19,2015-04-18,2,50153991,"35","50153991","P1D","http://aido.bsvgateway.org/api/locations/50153991/","Eastern","Eastern, Zambia","State","http://aido.bsvgateway.org/api/locations/80374583/",31.8881838344769,31.8881838344769,-13.5879627406301,"Plague"
"50153991.260",2015-04-20,2015-04-19,2,50153991,"35","50153991","P1D","http://aido.bsvgateway.org/api/locations/50153991/","Eastern","Eastern, Zambia","State","http://aido.bsvgateway.org/api/locations/80374583/",-13.5879627406301,31.8881838344769,-13.5879627406301,"Plague"
"50153991.261",2015-04-21,2015-04-20,0,50153991,"35","50153991","P1D","http://aido.bsvgateway.org/api/locations/50153991/","Eastern","Eastern, Zambia","State","http://aido.bsvgateway.org/api/locations/80374583/",31.8881838344769,31.8881838344769,-13.5879627406301,"Plague"
"50153991.262",2015-04-22,2015-04-21,0,50153991,"35","50153991","P1D","http://aido.bsvgateway.org/api/locations/50153991/","Eastern","Eastern, Zambia","State","http://aido.bsvgateway.org/api/locations/80374583/",-13.5879627406301,31.8881838344769,-13.5879627406301,"Plague"
"50153991.263",2015-04-23,2015-04-22,1,50153991,"35","50153991","P1D","http://aido.bsvgateway.org/api/locations/50153991/","Eastern","Eastern, Zambia","State","http://aido.bsvgateway.org/api/locations/80374583/",31.8881838344769,31.8881838344769,-13.5879627406301,"Plague"
"50153991.264",2015-04-24,2015-04-23,0,50153991,"35","50153991","P1D","http://aido.bsvgateway.org/api/locations/50153991/","Eastern","Eastern, Zambia","State","http://aido.bsvgateway.org/api/locations/80374583/",-13.5879627406301,31.8881838344769,-13.5879627406301,"Plague"
"50153991.265",2015-04-25,2015-04-24,0,50153991,"35","50153991","P1D","http://aido.bsvgateway.org/api/locations/50153991/","Eastern","Eastern, Zambia","State","http://aido.bsvgateway.org/api/locations/80374583/",31.8881838344769,31.8881838344769,-13.5879627406301,"Plague"
"50153991.266",2015-04-26,2015-04-25,0,50153991,"35","50153991","P1D","http://aido.bsvgateway.org/api/locations/50153991/","Eastern","Eastern, Zambia","State","http://aido.bsvgateway.org/api/locations/80374583/",-13.5879627406301,31.8881838344769,-13.5879627406301,"Plague"
"50153991.267",2015-04-27,2015-04-26,0,50153991,"35","50153991","P1D","http://aido.bsvgateway.org/api/locations/50153991/","Eastern","Eastern, Zambia","State","http://aido.bsvgateway.org/api/locations/80374583/",31.8881838344769,31.8881838344769,-13.5879627406301,"Plague"
"50153991.268",2015-04-28,2015-04-27,0,50153991,"35","50153991","P1D","http://aido.bsvgateway.org/api/locations/50153991/","Eastern","Eastern, Zambia","State","http://aido.bsvgateway.org/api/locations/80374583/",-13.5879627406301,31.8881838344769,-13.5879627406301,"Plague"
"50153991.269",2015-04-29,2015-04-28,0,50153991,"35","50153991","P1D","http://aido.bsvgateway.org/api/locations/50153991/","Eastern","Eastern, Zambia","State","http://aido.bsvgateway.org/api/locations/80374583/",31.8881838344769,31.8881838344769,-13.5879627406301,"Plague"
"50153991.270",2015-04-30,2015-04-29,0,50153991,"35","50153991","P1D","http://aido.bsvgateway.org/api/locations/50153991/","Eastern","Eastern, Zambia","State","http://aido.bsvgateway.org/api/locations/80374583/",-13.5879627406301,31.8881838344769,-13.5879627406301,"Plague"
"50153991.271",2015-05-01,2015-04-30,0,50153991,"35","50153991","P1D","http://aido.bsvgateway.org/api/locations/50153991/","Eastern","Eastern, Zambia","State","http://aido.bsvgateway.org/api/locations/80374583/",31.8881838344769,31.8881838344769,-13.5879627406301,"Plague"
"50153991.272",2015-05-02,2015-05-01,1,50153991,"35","50153991","P1D","http://aido.bsvgateway.org/api/locations/50153991/","Eastern","Eastern, Zambia","State","http://aido.bsvgateway.org/api/locations/80374583/",-13.5879627406301,31.8881838344769,-13.5879627406301,"Plague"
