"","end","start","value","id","disease","location","duration","url","name","full_name","admin_level_name","parent","centroid_lat_long","longitude","latitude","disease_name"
"138532487.662",2009-09-08,2009-09-01,0,138532487,"67","138532487","P7D","http://aido.bsvgateway.org/api/locations/138532487/","Ontario","Ontario, Canada","State","http://aido.bsvgateway.org/api/locations/14428333/",50.067078594139,-85.8289180896749,50.067078594139,"Mumps"
"138532487.663",2009-09-15,2009-09-08,4,138532487,"67","138532487","P7D","http://aido.bsvgateway.org/api/locations/138532487/","Ontario","Ontario, Canada","State","http://aido.bsvgateway.org/api/locations/14428333/",-85.8289180896749,-85.8289180896749,50.067078594139,"Mumps"
"138532487.664",2009-09-22,2009-09-15,1,138532487,"67","138532487","P7D","http://aido.bsvgateway.org/api/locations/138532487/","Ontario","Ontario, Canada","State","http://aido.bsvgateway.org/api/locations/14428333/",50.067078594139,-85.8289180896749,50.067078594139,"Mumps"
"138532487.665",2009-09-29,2009-09-22,6,138532487,"67","138532487","P7D","http://aido.bsvgateway.org/api/locations/138532487/","Ontario","Ontario, Canada","State","http://aido.bsvgateway.org/api/locations/14428333/",-85.8289180896749,-85.8289180896749,50.067078594139,"Mumps"
"138532487.666",2009-10-06,2009-09-29,2,138532487,"67","138532487","P7D","http://aido.bsvgateway.org/api/locations/138532487/","Ontario","Ontario, Canada","State","http://aido.bsvgateway.org/api/locations/14428333/",50.067078594139,-85.8289180896749,50.067078594139,"Mumps"
"138532487.667",2009-10-13,2009-10-06,0,138532487,"67","138532487","P7D","http://aido.bsvgateway.org/api/locations/138532487/","Ontario","Ontario, Canada","State","http://aido.bsvgateway.org/api/locations/14428333/",-85.8289180896749,-85.8289180896749,50.067078594139,"Mumps"
"138532487.668",2009-10-20,2009-10-13,4,138532487,"67","138532487","P7D","http://aido.bsvgateway.org/api/locations/138532487/","Ontario","Ontario, Canada","State","http://aido.bsvgateway.org/api/locations/14428333/",50.067078594139,-85.8289180896749,50.067078594139,"Mumps"
"138532487.669",2009-10-27,2009-10-20,5,138532487,"67","138532487","P7D","http://aido.bsvgateway.org/api/locations/138532487/","Ontario","Ontario, Canada","State","http://aido.bsvgateway.org/api/locations/14428333/",-85.8289180896749,-85.8289180896749,50.067078594139,"Mumps"
"138532487.670",2009-11-03,2009-10-27,6,138532487,"67","138532487","P7D","http://aido.bsvgateway.org/api/locations/138532487/","Ontario","Ontario, Canada","State","http://aido.bsvgateway.org/api/locations/14428333/",50.067078594139,-85.8289180896749,50.067078594139,"Mumps"
"138532487.671",2009-11-10,2009-11-03,3,138532487,"67","138532487","P7D","http://aido.bsvgateway.org/api/locations/138532487/","Ontario","Ontario, Canada","State","http://aido.bsvgateway.org/api/locations/14428333/",-85.8289180896749,-85.8289180896749,50.067078594139,"Mumps"
"138532487.672",2009-11-17,2009-11-10,8,138532487,"67","138532487","P7D","http://aido.bsvgateway.org/api/locations/138532487/","Ontario","Ontario, Canada","State","http://aido.bsvgateway.org/api/locations/14428333/",50.067078594139,-85.8289180896749,50.067078594139,"Mumps"
"138532487.673",2009-11-24,2009-11-17,4,138532487,"67","138532487","P7D","http://aido.bsvgateway.org/api/locations/138532487/","Ontario","Ontario, Canada","State","http://aido.bsvgateway.org/api/locations/14428333/",-85.8289180896749,-85.8289180896749,50.067078594139,"Mumps"
"138532487.674",2009-12-01,2009-11-24,7,138532487,"67","138532487","P7D","http://aido.bsvgateway.org/api/locations/138532487/","Ontario","Ontario, Canada","State","http://aido.bsvgateway.org/api/locations/14428333/",50.067078594139,-85.8289180896749,50.067078594139,"Mumps"
"138532487.675",2009-12-08,2009-12-01,8,138532487,"67","138532487","P7D","http://aido.bsvgateway.org/api/locations/138532487/","Ontario","Ontario, Canada","State","http://aido.bsvgateway.org/api/locations/14428333/",-85.8289180896749,-85.8289180896749,50.067078594139,"Mumps"
"138532487.676",2009-12-15,2009-12-08,5,138532487,"67","138532487","P7D","http://aido.bsvgateway.org/api/locations/138532487/","Ontario","Ontario, Canada","State","http://aido.bsvgateway.org/api/locations/14428333/",50.067078594139,-85.8289180896749,50.067078594139,"Mumps"
"138532487.677",2009-12-22,2009-12-15,9,138532487,"67","138532487","P7D","http://aido.bsvgateway.org/api/locations/138532487/","Ontario","Ontario, Canada","State","http://aido.bsvgateway.org/api/locations/14428333/",-85.8289180896749,-85.8289180896749,50.067078594139,"Mumps"
"138532487.678",2009-12-29,2009-12-22,5,138532487,"67","138532487","P7D","http://aido.bsvgateway.org/api/locations/138532487/","Ontario","Ontario, Canada","State","http://aido.bsvgateway.org/api/locations/14428333/",50.067078594139,-85.8289180896749,50.067078594139,"Mumps"
"138532487.679",2010-01-05,2009-12-29,4,138532487,"67","138532487","P7D","http://aido.bsvgateway.org/api/locations/138532487/","Ontario","Ontario, Canada","State","http://aido.bsvgateway.org/api/locations/14428333/",-85.8289180896749,-85.8289180896749,50.067078594139,"Mumps"
"138532487.680",2010-01-12,2010-01-05,12,138532487,"67","138532487","P7D","http://aido.bsvgateway.org/api/locations/138532487/","Ontario","Ontario, Canada","State","http://aido.bsvgateway.org/api/locations/14428333/",50.067078594139,-85.8289180896749,50.067078594139,"Mumps"
"138532487.681",2010-01-19,2010-01-12,3,138532487,"67","138532487","P7D","http://aido.bsvgateway.org/api/locations/138532487/","Ontario","Ontario, Canada","State","http://aido.bsvgateway.org/api/locations/14428333/",-85.8289180896749,-85.8289180896749,50.067078594139,"Mumps"
"138532487.682",2010-01-26,2010-01-19,9,138532487,"67","138532487","P7D","http://aido.bsvgateway.org/api/locations/138532487/","Ontario","Ontario, Canada","State","http://aido.bsvgateway.org/api/locations/14428333/",50.067078594139,-85.8289180896749,50.067078594139,"Mumps"
"138532487.683",2010-02-02,2010-01-26,7,138532487,"67","138532487","P7D","http://aido.bsvgateway.org/api/locations/138532487/","Ontario","Ontario, Canada","State","http://aido.bsvgateway.org/api/locations/14428333/",-85.8289180896749,-85.8289180896749,50.067078594139,"Mumps"
"138532487.684",2010-02-09,2010-02-02,3,138532487,"67","138532487","P7D","http://aido.bsvgateway.org/api/locations/138532487/","Ontario","Ontario, Canada","State","http://aido.bsvgateway.org/api/locations/14428333/",50.067078594139,-85.8289180896749,50.067078594139,"Mumps"
"138532487.685",2010-02-16,2010-02-09,2,138532487,"67","138532487","P7D","http://aido.bsvgateway.org/api/locations/138532487/","Ontario","Ontario, Canada","State","http://aido.bsvgateway.org/api/locations/14428333/",-85.8289180896749,-85.8289180896749,50.067078594139,"Mumps"
"138532487.686",2010-02-23,2010-02-16,3,138532487,"67","138532487","P7D","http://aido.bsvgateway.org/api/locations/138532487/","Ontario","Ontario, Canada","State","http://aido.bsvgateway.org/api/locations/14428333/",50.067078594139,-85.8289180896749,50.067078594139,"Mumps"
"138532487.687",2010-03-02,2010-02-23,1,138532487,"67","138532487","P7D","http://aido.bsvgateway.org/api/locations/138532487/","Ontario","Ontario, Canada","State","http://aido.bsvgateway.org/api/locations/14428333/",-85.8289180896749,-85.8289180896749,50.067078594139,"Mumps"
"138532487.688",2010-03-09,2010-03-02,1,138532487,"67","138532487","P7D","http://aido.bsvgateway.org/api/locations/138532487/","Ontario","Ontario, Canada","State","http://aido.bsvgateway.org/api/locations/14428333/",50.067078594139,-85.8289180896749,50.067078594139,"Mumps"
"138532487.689",2010-03-16,2010-03-09,2,138532487,"67","138532487","P7D","http://aido.bsvgateway.org/api/locations/138532487/","Ontario","Ontario, Canada","State","http://aido.bsvgateway.org/api/locations/14428333/",-85.8289180896749,-85.8289180896749,50.067078594139,"Mumps"
"138532487.690",2010-03-23,2010-03-16,3,138532487,"67","138532487","P7D","http://aido.bsvgateway.org/api/locations/138532487/","Ontario","Ontario, Canada","State","http://aido.bsvgateway.org/api/locations/14428333/",50.067078594139,-85.8289180896749,50.067078594139,"Mumps"
"138532487.691",2010-03-30,2010-03-23,0,138532487,"67","138532487","P7D","http://aido.bsvgateway.org/api/locations/138532487/","Ontario","Ontario, Canada","State","http://aido.bsvgateway.org/api/locations/14428333/",-85.8289180896749,-85.8289180896749,50.067078594139,"Mumps"
"138532487.692",2010-04-06,2010-03-30,1,138532487,"67","138532487","P7D","http://aido.bsvgateway.org/api/locations/138532487/","Ontario","Ontario, Canada","State","http://aido.bsvgateway.org/api/locations/14428333/",50.067078594139,-85.8289180896749,50.067078594139,"Mumps"
"138532487.693",2010-04-13,2010-04-06,1,138532487,"67","138532487","P7D","http://aido.bsvgateway.org/api/locations/138532487/","Ontario","Ontario, Canada","State","http://aido.bsvgateway.org/api/locations/14428333/",-85.8289180896749,-85.8289180896749,50.067078594139,"Mumps"
"138532487.694",2010-04-20,2010-04-13,0,138532487,"67","138532487","P7D","http://aido.bsvgateway.org/api/locations/138532487/","Ontario","Ontario, Canada","State","http://aido.bsvgateway.org/api/locations/14428333/",50.067078594139,-85.8289180896749,50.067078594139,"Mumps"
"138532487.695",2010-04-27,2010-04-20,2,138532487,"67","138532487","P7D","http://aido.bsvgateway.org/api/locations/138532487/","Ontario","Ontario, Canada","State","http://aido.bsvgateway.org/api/locations/14428333/",-85.8289180896749,-85.8289180896749,50.067078594139,"Mumps"
"138532487.696",2010-05-04,2010-04-27,0,138532487,"67","138532487","P7D","http://aido.bsvgateway.org/api/locations/138532487/","Ontario","Ontario, Canada","State","http://aido.bsvgateway.org/api/locations/14428333/",50.067078594139,-85.8289180896749,50.067078594139,"Mumps"
"138532487.697",2010-05-11,2010-05-04,2,138532487,"67","138532487","P7D","http://aido.bsvgateway.org/api/locations/138532487/","Ontario","Ontario, Canada","State","http://aido.bsvgateway.org/api/locations/14428333/",-85.8289180896749,-85.8289180896749,50.067078594139,"Mumps"
"138532487.698",2010-05-18,2010-05-11,0,138532487,"67","138532487","P7D","http://aido.bsvgateway.org/api/locations/138532487/","Ontario","Ontario, Canada","State","http://aido.bsvgateway.org/api/locations/14428333/",50.067078594139,-85.8289180896749,50.067078594139,"Mumps"
"138532487.699",2010-05-25,2010-05-18,0,138532487,"67","138532487","P7D","http://aido.bsvgateway.org/api/locations/138532487/","Ontario","Ontario, Canada","State","http://aido.bsvgateway.org/api/locations/14428333/",-85.8289180896749,-85.8289180896749,50.067078594139,"Mumps"
"138532487.700",2010-06-01,2010-05-25,1,138532487,"67","138532487","P7D","http://aido.bsvgateway.org/api/locations/138532487/","Ontario","Ontario, Canada","State","http://aido.bsvgateway.org/api/locations/14428333/",50.067078594139,-85.8289180896749,50.067078594139,"Mumps"
"138532487.701",2010-06-08,2010-06-01,0,138532487,"67","138532487","P7D","http://aido.bsvgateway.org/api/locations/138532487/","Ontario","Ontario, Canada","State","http://aido.bsvgateway.org/api/locations/14428333/",-85.8289180896749,-85.8289180896749,50.067078594139,"Mumps"
"138532487.702",2010-06-15,2010-06-08,0,138532487,"67","138532487","P7D","http://aido.bsvgateway.org/api/locations/138532487/","Ontario","Ontario, Canada","State","http://aido.bsvgateway.org/api/locations/14428333/",50.067078594139,-85.8289180896749,50.067078594139,"Mumps"
