"","end","start","value","id","disease","location","duration","url","name","full_name","admin_level_name","parent","centroid_lat_long","longitude","latitude","disease_name"
"196047466.516",2007-04-02,2007-04-01,1,196047466,"28","196047466","P1D","http://aido.bsvgateway.org/api/locations/196047466/","Kasaï-Occidental","Kasaï-Occidental, Democratic Republic of the Congo","State","http://aido.bsvgateway.org/api/locations/96271664/",-5.41263145560784,21.6220693676146,-5.41263145560784,"Ebola"
"196047466.517",2007-04-03,2007-04-02,1,196047466,"28","196047466","P1D","http://aido.bsvgateway.org/api/locations/196047466/","Kasaï-Occidental","Kasaï-Occidental, Democratic Republic of the Congo","State","http://aido.bsvgateway.org/api/locations/96271664/",21.6220693676146,21.6220693676146,-5.41263145560784,"Ebola"
"196047466.518",2007-04-04,2007-04-03,0,196047466,"28","196047466","P1D","http://aido.bsvgateway.org/api/locations/196047466/","Kasaï-Occidental","Kasaï-Occidental, Democratic Republic of the Congo","State","http://aido.bsvgateway.org/api/locations/96271664/",-5.41263145560784,21.6220693676146,-5.41263145560784,"Ebola"
"196047466.519",2007-04-05,2007-04-04,1,196047466,"28","196047466","P1D","http://aido.bsvgateway.org/api/locations/196047466/","Kasaï-Occidental","Kasaï-Occidental, Democratic Republic of the Congo","State","http://aido.bsvgateway.org/api/locations/96271664/",21.6220693676146,21.6220693676146,-5.41263145560784,"Ebola"
"196047466.520",2007-04-06,2007-04-05,0,196047466,"28","196047466","P1D","http://aido.bsvgateway.org/api/locations/196047466/","Kasaï-Occidental","Kasaï-Occidental, Democratic Republic of the Congo","State","http://aido.bsvgateway.org/api/locations/96271664/",-5.41263145560784,21.6220693676146,-5.41263145560784,"Ebola"
"196047466.521",2007-04-07,2007-04-06,1,196047466,"28","196047466","P1D","http://aido.bsvgateway.org/api/locations/196047466/","Kasaï-Occidental","Kasaï-Occidental, Democratic Republic of the Congo","State","http://aido.bsvgateway.org/api/locations/96271664/",21.6220693676146,21.6220693676146,-5.41263145560784,"Ebola"
"196047466.522",2007-04-08,2007-04-07,0,196047466,"28","196047466","P1D","http://aido.bsvgateway.org/api/locations/196047466/","Kasaï-Occidental","Kasaï-Occidental, Democratic Republic of the Congo","State","http://aido.bsvgateway.org/api/locations/96271664/",-5.41263145560784,21.6220693676146,-5.41263145560784,"Ebola"
"196047466.523",2007-04-09,2007-04-08,0,196047466,"28","196047466","P1D","http://aido.bsvgateway.org/api/locations/196047466/","Kasaï-Occidental","Kasaï-Occidental, Democratic Republic of the Congo","State","http://aido.bsvgateway.org/api/locations/96271664/",21.6220693676146,21.6220693676146,-5.41263145560784,"Ebola"
"196047466.524",2007-04-10,2007-04-09,0,196047466,"28","196047466","P1D","http://aido.bsvgateway.org/api/locations/196047466/","Kasaï-Occidental","Kasaï-Occidental, Democratic Republic of the Congo","State","http://aido.bsvgateway.org/api/locations/96271664/",-5.41263145560784,21.6220693676146,-5.41263145560784,"Ebola"
"196047466.525",2007-04-11,2007-04-10,3,196047466,"28","196047466","P1D","http://aido.bsvgateway.org/api/locations/196047466/","Kasaï-Occidental","Kasaï-Occidental, Democratic Republic of the Congo","State","http://aido.bsvgateway.org/api/locations/96271664/",21.6220693676146,21.6220693676146,-5.41263145560784,"Ebola"
"196047466.526",2007-04-12,2007-04-11,0,196047466,"28","196047466","P1D","http://aido.bsvgateway.org/api/locations/196047466/","Kasaï-Occidental","Kasaï-Occidental, Democratic Republic of the Congo","State","http://aido.bsvgateway.org/api/locations/96271664/",-5.41263145560784,21.6220693676146,-5.41263145560784,"Ebola"
"196047466.527",2007-04-13,2007-04-12,0,196047466,"28","196047466","P1D","http://aido.bsvgateway.org/api/locations/196047466/","Kasaï-Occidental","Kasaï-Occidental, Democratic Republic of the Congo","State","http://aido.bsvgateway.org/api/locations/96271664/",21.6220693676146,21.6220693676146,-5.41263145560784,"Ebola"
"196047466.528",2007-04-14,2007-04-13,0,196047466,"28","196047466","P1D","http://aido.bsvgateway.org/api/locations/196047466/","Kasaï-Occidental","Kasaï-Occidental, Democratic Republic of the Congo","State","http://aido.bsvgateway.org/api/locations/96271664/",-5.41263145560784,21.6220693676146,-5.41263145560784,"Ebola"
"196047466.529",2007-04-15,2007-04-14,0,196047466,"28","196047466","P1D","http://aido.bsvgateway.org/api/locations/196047466/","Kasaï-Occidental","Kasaï-Occidental, Democratic Republic of the Congo","State","http://aido.bsvgateway.org/api/locations/96271664/",21.6220693676146,21.6220693676146,-5.41263145560784,"Ebola"
"196047466.530",2007-04-16,2007-04-15,3,196047466,"28","196047466","P1D","http://aido.bsvgateway.org/api/locations/196047466/","Kasaï-Occidental","Kasaï-Occidental, Democratic Republic of the Congo","State","http://aido.bsvgateway.org/api/locations/96271664/",-5.41263145560784,21.6220693676146,-5.41263145560784,"Ebola"
"196047466.531",2007-04-17,2007-04-16,1,196047466,"28","196047466","P1D","http://aido.bsvgateway.org/api/locations/196047466/","Kasaï-Occidental","Kasaï-Occidental, Democratic Republic of the Congo","State","http://aido.bsvgateway.org/api/locations/96271664/",21.6220693676146,21.6220693676146,-5.41263145560784,"Ebola"
"196047466.532",2007-04-18,2007-04-17,0,196047466,"28","196047466","P1D","http://aido.bsvgateway.org/api/locations/196047466/","Kasaï-Occidental","Kasaï-Occidental, Democratic Republic of the Congo","State","http://aido.bsvgateway.org/api/locations/96271664/",-5.41263145560784,21.6220693676146,-5.41263145560784,"Ebola"
"196047466.533",2007-04-19,2007-04-18,1,196047466,"28","196047466","P1D","http://aido.bsvgateway.org/api/locations/196047466/","Kasaï-Occidental","Kasaï-Occidental, Democratic Republic of the Congo","State","http://aido.bsvgateway.org/api/locations/96271664/",21.6220693676146,21.6220693676146,-5.41263145560784,"Ebola"
"196047466.534",2007-04-20,2007-04-19,0,196047466,"28","196047466","P1D","http://aido.bsvgateway.org/api/locations/196047466/","Kasaï-Occidental","Kasaï-Occidental, Democratic Republic of the Congo","State","http://aido.bsvgateway.org/api/locations/96271664/",-5.41263145560784,21.6220693676146,-5.41263145560784,"Ebola"
"196047466.535",2007-04-21,2007-04-20,0,196047466,"28","196047466","P1D","http://aido.bsvgateway.org/api/locations/196047466/","Kasaï-Occidental","Kasaï-Occidental, Democratic Republic of the Congo","State","http://aido.bsvgateway.org/api/locations/96271664/",21.6220693676146,21.6220693676146,-5.41263145560784,"Ebola"
"196047466.536",2007-04-22,2007-04-21,0,196047466,"28","196047466","P1D","http://aido.bsvgateway.org/api/locations/196047466/","Kasaï-Occidental","Kasaï-Occidental, Democratic Republic of the Congo","State","http://aido.bsvgateway.org/api/locations/96271664/",-5.41263145560784,21.6220693676146,-5.41263145560784,"Ebola"
"196047466.537",2007-04-23,2007-04-22,0,196047466,"28","196047466","P1D","http://aido.bsvgateway.org/api/locations/196047466/","Kasaï-Occidental","Kasaï-Occidental, Democratic Republic of the Congo","State","http://aido.bsvgateway.org/api/locations/96271664/",21.6220693676146,21.6220693676146,-5.41263145560784,"Ebola"
"196047466.538",2007-04-24,2007-04-23,0,196047466,"28","196047466","P1D","http://aido.bsvgateway.org/api/locations/196047466/","Kasaï-Occidental","Kasaï-Occidental, Democratic Republic of the Congo","State","http://aido.bsvgateway.org/api/locations/96271664/",-5.41263145560784,21.6220693676146,-5.41263145560784,"Ebola"
"196047466.539",2007-04-25,2007-04-24,0,196047466,"28","196047466","P1D","http://aido.bsvgateway.org/api/locations/196047466/","Kasaï-Occidental","Kasaï-Occidental, Democratic Republic of the Congo","State","http://aido.bsvgateway.org/api/locations/96271664/",21.6220693676146,21.6220693676146,-5.41263145560784,"Ebola"
"196047466.540",2007-04-26,2007-04-25,0,196047466,"28","196047466","P1D","http://aido.bsvgateway.org/api/locations/196047466/","Kasaï-Occidental","Kasaï-Occidental, Democratic Republic of the Congo","State","http://aido.bsvgateway.org/api/locations/96271664/",-5.41263145560784,21.6220693676146,-5.41263145560784,"Ebola"
"196047466.541",2007-04-27,2007-04-26,0,196047466,"28","196047466","P1D","http://aido.bsvgateway.org/api/locations/196047466/","Kasaï-Occidental","Kasaï-Occidental, Democratic Republic of the Congo","State","http://aido.bsvgateway.org/api/locations/96271664/",21.6220693676146,21.6220693676146,-5.41263145560784,"Ebola"
"196047466.542",2007-04-28,2007-04-27,0,196047466,"28","196047466","P1D","http://aido.bsvgateway.org/api/locations/196047466/","Kasaï-Occidental","Kasaï-Occidental, Democratic Republic of the Congo","State","http://aido.bsvgateway.org/api/locations/96271664/",-5.41263145560784,21.6220693676146,-5.41263145560784,"Ebola"
"196047466.543",2007-04-29,2007-04-28,0,196047466,"28","196047466","P1D","http://aido.bsvgateway.org/api/locations/196047466/","Kasaï-Occidental","Kasaï-Occidental, Democratic Republic of the Congo","State","http://aido.bsvgateway.org/api/locations/96271664/",21.6220693676146,21.6220693676146,-5.41263145560784,"Ebola"
"196047466.544",2007-04-30,2007-04-29,0,196047466,"28","196047466","P1D","http://aido.bsvgateway.org/api/locations/196047466/","Kasaï-Occidental","Kasaï-Occidental, Democratic Republic of the Congo","State","http://aido.bsvgateway.org/api/locations/96271664/",-5.41263145560784,21.6220693676146,-5.41263145560784,"Ebola"
"196047466.545",2007-05-01,2007-04-30,0,196047466,"28","196047466","P1D","http://aido.bsvgateway.org/api/locations/196047466/","Kasaï-Occidental","Kasaï-Occidental, Democratic Republic of the Congo","State","http://aido.bsvgateway.org/api/locations/96271664/",21.6220693676146,21.6220693676146,-5.41263145560784,"Ebola"
"196047466.546",2007-05-02,2007-05-01,1,196047466,"28","196047466","P1D","http://aido.bsvgateway.org/api/locations/196047466/","Kasaï-Occidental","Kasaï-Occidental, Democratic Republic of the Congo","State","http://aido.bsvgateway.org/api/locations/96271664/",-5.41263145560784,21.6220693676146,-5.41263145560784,"Ebola"
"196047466.547",2007-05-03,2007-05-02,0,196047466,"28","196047466","P1D","http://aido.bsvgateway.org/api/locations/196047466/","Kasaï-Occidental","Kasaï-Occidental, Democratic Republic of the Congo","State","http://aido.bsvgateway.org/api/locations/96271664/",21.6220693676146,21.6220693676146,-5.41263145560784,"Ebola"
"196047466.548",2007-05-04,2007-05-03,0,196047466,"28","196047466","P1D","http://aido.bsvgateway.org/api/locations/196047466/","Kasaï-Occidental","Kasaï-Occidental, Democratic Republic of the Congo","State","http://aido.bsvgateway.org/api/locations/96271664/",-5.41263145560784,21.6220693676146,-5.41263145560784,"Ebola"
"196047466.549",2007-05-05,2007-05-04,0,196047466,"28","196047466","P1D","http://aido.bsvgateway.org/api/locations/196047466/","Kasaï-Occidental","Kasaï-Occidental, Democratic Republic of the Congo","State","http://aido.bsvgateway.org/api/locations/96271664/",21.6220693676146,21.6220693676146,-5.41263145560784,"Ebola"
"196047466.550",2007-05-06,2007-05-05,1,196047466,"28","196047466","P1D","http://aido.bsvgateway.org/api/locations/196047466/","Kasaï-Occidental","Kasaï-Occidental, Democratic Republic of the Congo","State","http://aido.bsvgateway.org/api/locations/96271664/",-5.41263145560784,21.6220693676146,-5.41263145560784,"Ebola"
"196047466.551",2007-05-07,2007-05-06,0,196047466,"28","196047466","P1D","http://aido.bsvgateway.org/api/locations/196047466/","Kasaï-Occidental","Kasaï-Occidental, Democratic Republic of the Congo","State","http://aido.bsvgateway.org/api/locations/96271664/",21.6220693676146,21.6220693676146,-5.41263145560784,"Ebola"
"196047466.552",2007-05-08,2007-05-07,0,196047466,"28","196047466","P1D","http://aido.bsvgateway.org/api/locations/196047466/","Kasaï-Occidental","Kasaï-Occidental, Democratic Republic of the Congo","State","http://aido.bsvgateway.org/api/locations/96271664/",-5.41263145560784,21.6220693676146,-5.41263145560784,"Ebola"
"196047466.553",2007-05-09,2007-05-08,0,196047466,"28","196047466","P1D","http://aido.bsvgateway.org/api/locations/196047466/","Kasaï-Occidental","Kasaï-Occidental, Democratic Republic of the Congo","State","http://aido.bsvgateway.org/api/locations/96271664/",21.6220693676146,21.6220693676146,-5.41263145560784,"Ebola"
"196047466.554",2007-05-10,2007-05-09,0,196047466,"28","196047466","P1D","http://aido.bsvgateway.org/api/locations/196047466/","Kasaï-Occidental","Kasaï-Occidental, Democratic Republic of the Congo","State","http://aido.bsvgateway.org/api/locations/96271664/",-5.41263145560784,21.6220693676146,-5.41263145560784,"Ebola"
"196047466.555",2007-05-11,2007-05-10,0,196047466,"28","196047466","P1D","http://aido.bsvgateway.org/api/locations/196047466/","Kasaï-Occidental","Kasaï-Occidental, Democratic Republic of the Congo","State","http://aido.bsvgateway.org/api/locations/96271664/",21.6220693676146,21.6220693676146,-5.41263145560784,"Ebola"
"196047466.556",2007-05-12,2007-05-11,0,196047466,"28","196047466","P1D","http://aido.bsvgateway.org/api/locations/196047466/","Kasaï-Occidental","Kasaï-Occidental, Democratic Republic of the Congo","State","http://aido.bsvgateway.org/api/locations/96271664/",-5.41263145560784,21.6220693676146,-5.41263145560784,"Ebola"
"196047466.557",2007-05-13,2007-05-12,1,196047466,"28","196047466","P1D","http://aido.bsvgateway.org/api/locations/196047466/","Kasaï-Occidental","Kasaï-Occidental, Democratic Republic of the Congo","State","http://aido.bsvgateway.org/api/locations/96271664/",21.6220693676146,21.6220693676146,-5.41263145560784,"Ebola"
"196047466.558",2007-05-14,2007-05-13,0,196047466,"28","196047466","P1D","http://aido.bsvgateway.org/api/locations/196047466/","Kasaï-Occidental","Kasaï-Occidental, Democratic Republic of the Congo","State","http://aido.bsvgateway.org/api/locations/96271664/",-5.41263145560784,21.6220693676146,-5.41263145560784,"Ebola"
"196047466.559",2007-05-15,2007-05-14,0,196047466,"28","196047466","P1D","http://aido.bsvgateway.org/api/locations/196047466/","Kasaï-Occidental","Kasaï-Occidental, Democratic Republic of the Congo","State","http://aido.bsvgateway.org/api/locations/96271664/",21.6220693676146,21.6220693676146,-5.41263145560784,"Ebola"
"196047466.560",2007-05-16,2007-05-15,1,196047466,"28","196047466","P1D","http://aido.bsvgateway.org/api/locations/196047466/","Kasaï-Occidental","Kasaï-Occidental, Democratic Republic of the Congo","State","http://aido.bsvgateway.org/api/locations/96271664/",-5.41263145560784,21.6220693676146,-5.41263145560784,"Ebola"
"196047466.561",2007-05-17,2007-05-16,1,196047466,"28","196047466","P1D","http://aido.bsvgateway.org/api/locations/196047466/","Kasaï-Occidental","Kasaï-Occidental, Democratic Republic of the Congo","State","http://aido.bsvgateway.org/api/locations/96271664/",21.6220693676146,21.6220693676146,-5.41263145560784,"Ebola"
"196047466.562",2007-05-18,2007-05-17,1,196047466,"28","196047466","P1D","http://aido.bsvgateway.org/api/locations/196047466/","Kasaï-Occidental","Kasaï-Occidental, Democratic Republic of the Congo","State","http://aido.bsvgateway.org/api/locations/96271664/",-5.41263145560784,21.6220693676146,-5.41263145560784,"Ebola"
"196047466.563",2007-05-19,2007-05-18,0,196047466,"28","196047466","P1D","http://aido.bsvgateway.org/api/locations/196047466/","Kasaï-Occidental","Kasaï-Occidental, Democratic Republic of the Congo","State","http://aido.bsvgateway.org/api/locations/96271664/",21.6220693676146,21.6220693676146,-5.41263145560784,"Ebola"
"196047466.564",2007-05-20,2007-05-19,0,196047466,"28","196047466","P1D","http://aido.bsvgateway.org/api/locations/196047466/","Kasaï-Occidental","Kasaï-Occidental, Democratic Republic of the Congo","State","http://aido.bsvgateway.org/api/locations/96271664/",-5.41263145560784,21.6220693676146,-5.41263145560784,"Ebola"
"196047466.565",2007-05-21,2007-05-20,1,196047466,"28","196047466","P1D","http://aido.bsvgateway.org/api/locations/196047466/","Kasaï-Occidental","Kasaï-Occidental, Democratic Republic of the Congo","State","http://aido.bsvgateway.org/api/locations/96271664/",21.6220693676146,21.6220693676146,-5.41263145560784,"Ebola"
"196047466.566",2007-05-22,2007-05-21,1,196047466,"28","196047466","P1D","http://aido.bsvgateway.org/api/locations/196047466/","Kasaï-Occidental","Kasaï-Occidental, Democratic Republic of the Congo","State","http://aido.bsvgateway.org/api/locations/96271664/",-5.41263145560784,21.6220693676146,-5.41263145560784,"Ebola"
"196047466.567",2007-05-23,2007-05-22,0,196047466,"28","196047466","P1D","http://aido.bsvgateway.org/api/locations/196047466/","Kasaï-Occidental","Kasaï-Occidental, Democratic Republic of the Congo","State","http://aido.bsvgateway.org/api/locations/96271664/",21.6220693676146,21.6220693676146,-5.41263145560784,"Ebola"
"196047466.568",2007-05-24,2007-05-23,0,196047466,"28","196047466","P1D","http://aido.bsvgateway.org/api/locations/196047466/","Kasaï-Occidental","Kasaï-Occidental, Democratic Republic of the Congo","State","http://aido.bsvgateway.org/api/locations/96271664/",-5.41263145560784,21.6220693676146,-5.41263145560784,"Ebola"
"196047466.569",2007-05-25,2007-05-24,0,196047466,"28","196047466","P1D","http://aido.bsvgateway.org/api/locations/196047466/","Kasaï-Occidental","Kasaï-Occidental, Democratic Republic of the Congo","State","http://aido.bsvgateway.org/api/locations/96271664/",21.6220693676146,21.6220693676146,-5.41263145560784,"Ebola"
"196047466.570",2007-05-26,2007-05-25,0,196047466,"28","196047466","P1D","http://aido.bsvgateway.org/api/locations/196047466/","Kasaï-Occidental","Kasaï-Occidental, Democratic Republic of the Congo","State","http://aido.bsvgateway.org/api/locations/96271664/",-5.41263145560784,21.6220693676146,-5.41263145560784,"Ebola"
"196047466.571",2007-05-27,2007-05-26,0,196047466,"28","196047466","P1D","http://aido.bsvgateway.org/api/locations/196047466/","Kasaï-Occidental","Kasaï-Occidental, Democratic Republic of the Congo","State","http://aido.bsvgateway.org/api/locations/96271664/",21.6220693676146,21.6220693676146,-5.41263145560784,"Ebola"
"196047466.572",2007-05-28,2007-05-27,0,196047466,"28","196047466","P1D","http://aido.bsvgateway.org/api/locations/196047466/","Kasaï-Occidental","Kasaï-Occidental, Democratic Republic of the Congo","State","http://aido.bsvgateway.org/api/locations/96271664/",-5.41263145560784,21.6220693676146,-5.41263145560784,"Ebola"
"196047466.573",2007-05-29,2007-05-28,0,196047466,"28","196047466","P1D","http://aido.bsvgateway.org/api/locations/196047466/","Kasaï-Occidental","Kasaï-Occidental, Democratic Republic of the Congo","State","http://aido.bsvgateway.org/api/locations/96271664/",21.6220693676146,21.6220693676146,-5.41263145560784,"Ebola"
"196047466.574",2007-05-30,2007-05-29,0,196047466,"28","196047466","P1D","http://aido.bsvgateway.org/api/locations/196047466/","Kasaï-Occidental","Kasaï-Occidental, Democratic Republic of the Congo","State","http://aido.bsvgateway.org/api/locations/96271664/",-5.41263145560784,21.6220693676146,-5.41263145560784,"Ebola"
"196047466.575",2007-05-31,2007-05-30,1,196047466,"28","196047466","P1D","http://aido.bsvgateway.org/api/locations/196047466/","Kasaï-Occidental","Kasaï-Occidental, Democratic Republic of the Congo","State","http://aido.bsvgateway.org/api/locations/96271664/",21.6220693676146,21.6220693676146,-5.41263145560784,"Ebola"
"196047466.576",2007-06-01,2007-05-31,1,196047466,"28","196047466","P1D","http://aido.bsvgateway.org/api/locations/196047466/","Kasaï-Occidental","Kasaï-Occidental, Democratic Republic of the Congo","State","http://aido.bsvgateway.org/api/locations/96271664/",-5.41263145560784,21.6220693676146,-5.41263145560784,"Ebola"
"196047466.577",2007-06-02,2007-06-01,1,196047466,"28","196047466","P1D","http://aido.bsvgateway.org/api/locations/196047466/","Kasaï-Occidental","Kasaï-Occidental, Democratic Republic of the Congo","State","http://aido.bsvgateway.org/api/locations/96271664/",21.6220693676146,21.6220693676146,-5.41263145560784,"Ebola"
"196047466.578",2007-06-03,2007-06-02,0,196047466,"28","196047466","P1D","http://aido.bsvgateway.org/api/locations/196047466/","Kasaï-Occidental","Kasaï-Occidental, Democratic Republic of the Congo","State","http://aido.bsvgateway.org/api/locations/96271664/",-5.41263145560784,21.6220693676146,-5.41263145560784,"Ebola"
"196047466.579",2007-06-04,2007-06-03,0,196047466,"28","196047466","P1D","http://aido.bsvgateway.org/api/locations/196047466/","Kasaï-Occidental","Kasaï-Occidental, Democratic Republic of the Congo","State","http://aido.bsvgateway.org/api/locations/96271664/",21.6220693676146,21.6220693676146,-5.41263145560784,"Ebola"
"196047466.580",2007-06-05,2007-06-04,2,196047466,"28","196047466","P1D","http://aido.bsvgateway.org/api/locations/196047466/","Kasaï-Occidental","Kasaï-Occidental, Democratic Republic of the Congo","State","http://aido.bsvgateway.org/api/locations/96271664/",-5.41263145560784,21.6220693676146,-5.41263145560784,"Ebola"
"196047466.581",2007-06-06,2007-06-05,1,196047466,"28","196047466","P1D","http://aido.bsvgateway.org/api/locations/196047466/","Kasaï-Occidental","Kasaï-Occidental, Democratic Republic of the Congo","State","http://aido.bsvgateway.org/api/locations/96271664/",21.6220693676146,21.6220693676146,-5.41263145560784,"Ebola"
"196047466.582",2007-06-07,2007-06-06,0,196047466,"28","196047466","P1D","http://aido.bsvgateway.org/api/locations/196047466/","Kasaï-Occidental","Kasaï-Occidental, Democratic Republic of the Congo","State","http://aido.bsvgateway.org/api/locations/96271664/",-5.41263145560784,21.6220693676146,-5.41263145560784,"Ebola"
"196047466.583",2007-06-08,2007-06-07,0,196047466,"28","196047466","P1D","http://aido.bsvgateway.org/api/locations/196047466/","Kasaï-Occidental","Kasaï-Occidental, Democratic Republic of the Congo","State","http://aido.bsvgateway.org/api/locations/96271664/",21.6220693676146,21.6220693676146,-5.41263145560784,"Ebola"
"196047466.584",2007-06-09,2007-06-08,1,196047466,"28","196047466","P1D","http://aido.bsvgateway.org/api/locations/196047466/","Kasaï-Occidental","Kasaï-Occidental, Democratic Republic of the Congo","State","http://aido.bsvgateway.org/api/locations/96271664/",-5.41263145560784,21.6220693676146,-5.41263145560784,"Ebola"
"196047466.585",2007-06-10,2007-06-09,0,196047466,"28","196047466","P1D","http://aido.bsvgateway.org/api/locations/196047466/","Kasaï-Occidental","Kasaï-Occidental, Democratic Republic of the Congo","State","http://aido.bsvgateway.org/api/locations/96271664/",21.6220693676146,21.6220693676146,-5.41263145560784,"Ebola"
"196047466.586",2007-06-11,2007-06-10,1,196047466,"28","196047466","P1D","http://aido.bsvgateway.org/api/locations/196047466/","Kasaï-Occidental","Kasaï-Occidental, Democratic Republic of the Congo","State","http://aido.bsvgateway.org/api/locations/96271664/",-5.41263145560784,21.6220693676146,-5.41263145560784,"Ebola"
"196047466.587",2007-06-12,2007-06-11,0,196047466,"28","196047466","P1D","http://aido.bsvgateway.org/api/locations/196047466/","Kasaï-Occidental","Kasaï-Occidental, Democratic Republic of the Congo","State","http://aido.bsvgateway.org/api/locations/96271664/",21.6220693676146,21.6220693676146,-5.41263145560784,"Ebola"
"196047466.588",2007-06-13,2007-06-12,1,196047466,"28","196047466","P1D","http://aido.bsvgateway.org/api/locations/196047466/","Kasaï-Occidental","Kasaï-Occidental, Democratic Republic of the Congo","State","http://aido.bsvgateway.org/api/locations/96271664/",-5.41263145560784,21.6220693676146,-5.41263145560784,"Ebola"
"196047466.589",2007-06-14,2007-06-13,3,196047466,"28","196047466","P1D","http://aido.bsvgateway.org/api/locations/196047466/","Kasaï-Occidental","Kasaï-Occidental, Democratic Republic of the Congo","State","http://aido.bsvgateway.org/api/locations/96271664/",21.6220693676146,21.6220693676146,-5.41263145560784,"Ebola"
"196047466.590",2007-06-15,2007-06-14,0,196047466,"28","196047466","P1D","http://aido.bsvgateway.org/api/locations/196047466/","Kasaï-Occidental","Kasaï-Occidental, Democratic Republic of the Congo","State","http://aido.bsvgateway.org/api/locations/96271664/",-5.41263145560784,21.6220693676146,-5.41263145560784,"Ebola"
"196047466.591",2007-06-16,2007-06-15,5,196047466,"28","196047466","P1D","http://aido.bsvgateway.org/api/locations/196047466/","Kasaï-Occidental","Kasaï-Occidental, Democratic Republic of the Congo","State","http://aido.bsvgateway.org/api/locations/96271664/",21.6220693676146,21.6220693676146,-5.41263145560784,"Ebola"
"196047466.592",2007-06-17,2007-06-16,1,196047466,"28","196047466","P1D","http://aido.bsvgateway.org/api/locations/196047466/","Kasaï-Occidental","Kasaï-Occidental, Democratic Republic of the Congo","State","http://aido.bsvgateway.org/api/locations/96271664/",-5.41263145560784,21.6220693676146,-5.41263145560784,"Ebola"
"196047466.593",2007-06-18,2007-06-17,1,196047466,"28","196047466","P1D","http://aido.bsvgateway.org/api/locations/196047466/","Kasaï-Occidental","Kasaï-Occidental, Democratic Republic of the Congo","State","http://aido.bsvgateway.org/api/locations/96271664/",21.6220693676146,21.6220693676146,-5.41263145560784,"Ebola"
"196047466.594",2007-06-19,2007-06-18,1,196047466,"28","196047466","P1D","http://aido.bsvgateway.org/api/locations/196047466/","Kasaï-Occidental","Kasaï-Occidental, Democratic Republic of the Congo","State","http://aido.bsvgateway.org/api/locations/96271664/",-5.41263145560784,21.6220693676146,-5.41263145560784,"Ebola"
"196047466.595",2007-06-20,2007-06-19,0,196047466,"28","196047466","P1D","http://aido.bsvgateway.org/api/locations/196047466/","Kasaï-Occidental","Kasaï-Occidental, Democratic Republic of the Congo","State","http://aido.bsvgateway.org/api/locations/96271664/",21.6220693676146,21.6220693676146,-5.41263145560784,"Ebola"
"196047466.596",2007-06-21,2007-06-20,0,196047466,"28","196047466","P1D","http://aido.bsvgateway.org/api/locations/196047466/","Kasaï-Occidental","Kasaï-Occidental, Democratic Republic of the Congo","State","http://aido.bsvgateway.org/api/locations/96271664/",-5.41263145560784,21.6220693676146,-5.41263145560784,"Ebola"
"196047466.597",2007-06-22,2007-06-21,0,196047466,"28","196047466","P1D","http://aido.bsvgateway.org/api/locations/196047466/","Kasaï-Occidental","Kasaï-Occidental, Democratic Republic of the Congo","State","http://aido.bsvgateway.org/api/locations/96271664/",21.6220693676146,21.6220693676146,-5.41263145560784,"Ebola"
"196047466.598",2007-06-23,2007-06-22,3,196047466,"28","196047466","P1D","http://aido.bsvgateway.org/api/locations/196047466/","Kasaï-Occidental","Kasaï-Occidental, Democratic Republic of the Congo","State","http://aido.bsvgateway.org/api/locations/96271664/",-5.41263145560784,21.6220693676146,-5.41263145560784,"Ebola"
"196047466.599",2007-06-24,2007-06-23,0,196047466,"28","196047466","P1D","http://aido.bsvgateway.org/api/locations/196047466/","Kasaï-Occidental","Kasaï-Occidental, Democratic Republic of the Congo","State","http://aido.bsvgateway.org/api/locations/96271664/",21.6220693676146,21.6220693676146,-5.41263145560784,"Ebola"
"196047466.600",2007-06-25,2007-06-24,1,196047466,"28","196047466","P1D","http://aido.bsvgateway.org/api/locations/196047466/","Kasaï-Occidental","Kasaï-Occidental, Democratic Republic of the Congo","State","http://aido.bsvgateway.org/api/locations/96271664/",-5.41263145560784,21.6220693676146,-5.41263145560784,"Ebola"
"196047466.601",2007-06-26,2007-06-25,0,196047466,"28","196047466","P1D","http://aido.bsvgateway.org/api/locations/196047466/","Kasaï-Occidental","Kasaï-Occidental, Democratic Republic of the Congo","State","http://aido.bsvgateway.org/api/locations/96271664/",21.6220693676146,21.6220693676146,-5.41263145560784,"Ebola"
"196047466.602",2007-06-27,2007-06-26,0,196047466,"28","196047466","P1D","http://aido.bsvgateway.org/api/locations/196047466/","Kasaï-Occidental","Kasaï-Occidental, Democratic Republic of the Congo","State","http://aido.bsvgateway.org/api/locations/96271664/",-5.41263145560784,21.6220693676146,-5.41263145560784,"Ebola"
"196047466.603",2007-06-28,2007-06-27,1,196047466,"28","196047466","P1D","http://aido.bsvgateway.org/api/locations/196047466/","Kasaï-Occidental","Kasaï-Occidental, Democratic Republic of the Congo","State","http://aido.bsvgateway.org/api/locations/96271664/",21.6220693676146,21.6220693676146,-5.41263145560784,"Ebola"
"196047466.604",2007-06-29,2007-06-28,1,196047466,"28","196047466","P1D","http://aido.bsvgateway.org/api/locations/196047466/","Kasaï-Occidental","Kasaï-Occidental, Democratic Republic of the Congo","State","http://aido.bsvgateway.org/api/locations/96271664/",-5.41263145560784,21.6220693676146,-5.41263145560784,"Ebola"
"196047466.605",2007-06-30,2007-06-29,2,196047466,"28","196047466","P1D","http://aido.bsvgateway.org/api/locations/196047466/","Kasaï-Occidental","Kasaï-Occidental, Democratic Republic of the Congo","State","http://aido.bsvgateway.org/api/locations/96271664/",21.6220693676146,21.6220693676146,-5.41263145560784,"Ebola"
"196047466.606",2007-07-01,2007-06-30,2,196047466,"28","196047466","P1D","http://aido.bsvgateway.org/api/locations/196047466/","Kasaï-Occidental","Kasaï-Occidental, Democratic Republic of the Congo","State","http://aido.bsvgateway.org/api/locations/96271664/",-5.41263145560784,21.6220693676146,-5.41263145560784,"Ebola"
"196047466.607",2007-07-02,2007-07-01,0,196047466,"28","196047466","P1D","http://aido.bsvgateway.org/api/locations/196047466/","Kasaï-Occidental","Kasaï-Occidental, Democratic Republic of the Congo","State","http://aido.bsvgateway.org/api/locations/96271664/",21.6220693676146,21.6220693676146,-5.41263145560784,"Ebola"
"196047466.608",2007-07-03,2007-07-02,0,196047466,"28","196047466","P1D","http://aido.bsvgateway.org/api/locations/196047466/","Kasaï-Occidental","Kasaï-Occidental, Democratic Republic of the Congo","State","http://aido.bsvgateway.org/api/locations/96271664/",-5.41263145560784,21.6220693676146,-5.41263145560784,"Ebola"
"196047466.609",2007-07-04,2007-07-03,1,196047466,"28","196047466","P1D","http://aido.bsvgateway.org/api/locations/196047466/","Kasaï-Occidental","Kasaï-Occidental, Democratic Republic of the Congo","State","http://aido.bsvgateway.org/api/locations/96271664/",21.6220693676146,21.6220693676146,-5.41263145560784,"Ebola"
"196047466.610",2007-07-05,2007-07-04,0,196047466,"28","196047466","P1D","http://aido.bsvgateway.org/api/locations/196047466/","Kasaï-Occidental","Kasaï-Occidental, Democratic Republic of the Congo","State","http://aido.bsvgateway.org/api/locations/96271664/",-5.41263145560784,21.6220693676146,-5.41263145560784,"Ebola"
"196047466.611",2007-07-06,2007-07-05,2,196047466,"28","196047466","P1D","http://aido.bsvgateway.org/api/locations/196047466/","Kasaï-Occidental","Kasaï-Occidental, Democratic Republic of the Congo","State","http://aido.bsvgateway.org/api/locations/96271664/",21.6220693676146,21.6220693676146,-5.41263145560784,"Ebola"
"196047466.612",2007-07-07,2007-07-06,5,196047466,"28","196047466","P1D","http://aido.bsvgateway.org/api/locations/196047466/","Kasaï-Occidental","Kasaï-Occidental, Democratic Republic of the Congo","State","http://aido.bsvgateway.org/api/locations/96271664/",-5.41263145560784,21.6220693676146,-5.41263145560784,"Ebola"
"196047466.613",2007-07-08,2007-07-07,13,196047466,"28","196047466","P1D","http://aido.bsvgateway.org/api/locations/196047466/","Kasaï-Occidental","Kasaï-Occidental, Democratic Republic of the Congo","State","http://aido.bsvgateway.org/api/locations/96271664/",21.6220693676146,21.6220693676146,-5.41263145560784,"Ebola"
"196047466.614",2007-07-09,2007-07-08,20,196047466,"28","196047466","P1D","http://aido.bsvgateway.org/api/locations/196047466/","Kasaï-Occidental","Kasaï-Occidental, Democratic Republic of the Congo","State","http://aido.bsvgateway.org/api/locations/96271664/",-5.41263145560784,21.6220693676146,-5.41263145560784,"Ebola"
"196047466.615",2007-07-10,2007-07-09,4,196047466,"28","196047466","P1D","http://aido.bsvgateway.org/api/locations/196047466/","Kasaï-Occidental","Kasaï-Occidental, Democratic Republic of the Congo","State","http://aido.bsvgateway.org/api/locations/96271664/",21.6220693676146,21.6220693676146,-5.41263145560784,"Ebola"
"196047466.616",2007-07-11,2007-07-10,3,196047466,"28","196047466","P1D","http://aido.bsvgateway.org/api/locations/196047466/","Kasaï-Occidental","Kasaï-Occidental, Democratic Republic of the Congo","State","http://aido.bsvgateway.org/api/locations/96271664/",-5.41263145560784,21.6220693676146,-5.41263145560784,"Ebola"
"196047466.617",2007-07-12,2007-07-11,2,196047466,"28","196047466","P1D","http://aido.bsvgateway.org/api/locations/196047466/","Kasaï-Occidental","Kasaï-Occidental, Democratic Republic of the Congo","State","http://aido.bsvgateway.org/api/locations/96271664/",21.6220693676146,21.6220693676146,-5.41263145560784,"Ebola"
"196047466.618",2007-07-13,2007-07-12,1,196047466,"28","196047466","P1D","http://aido.bsvgateway.org/api/locations/196047466/","Kasaï-Occidental","Kasaï-Occidental, Democratic Republic of the Congo","State","http://aido.bsvgateway.org/api/locations/96271664/",-5.41263145560784,21.6220693676146,-5.41263145560784,"Ebola"
"196047466.619",2007-07-14,2007-07-13,2,196047466,"28","196047466","P1D","http://aido.bsvgateway.org/api/locations/196047466/","Kasaï-Occidental","Kasaï-Occidental, Democratic Republic of the Congo","State","http://aido.bsvgateway.org/api/locations/96271664/",21.6220693676146,21.6220693676146,-5.41263145560784,"Ebola"
"196047466.620",2007-07-15,2007-07-14,1,196047466,"28","196047466","P1D","http://aido.bsvgateway.org/api/locations/196047466/","Kasaï-Occidental","Kasaï-Occidental, Democratic Republic of the Congo","State","http://aido.bsvgateway.org/api/locations/96271664/",-5.41263145560784,21.6220693676146,-5.41263145560784,"Ebola"
"196047466.621",2007-07-16,2007-07-15,3,196047466,"28","196047466","P1D","http://aido.bsvgateway.org/api/locations/196047466/","Kasaï-Occidental","Kasaï-Occidental, Democratic Republic of the Congo","State","http://aido.bsvgateway.org/api/locations/96271664/",21.6220693676146,21.6220693676146,-5.41263145560784,"Ebola"
"196047466.622",2007-07-17,2007-07-16,2,196047466,"28","196047466","P1D","http://aido.bsvgateway.org/api/locations/196047466/","Kasaï-Occidental","Kasaï-Occidental, Democratic Republic of the Congo","State","http://aido.bsvgateway.org/api/locations/96271664/",-5.41263145560784,21.6220693676146,-5.41263145560784,"Ebola"
"196047466.623",2007-07-18,2007-07-17,2,196047466,"28","196047466","P1D","http://aido.bsvgateway.org/api/locations/196047466/","Kasaï-Occidental","Kasaï-Occidental, Democratic Republic of the Congo","State","http://aido.bsvgateway.org/api/locations/96271664/",21.6220693676146,21.6220693676146,-5.41263145560784,"Ebola"
"196047466.624",2007-07-19,2007-07-18,1,196047466,"28","196047466","P1D","http://aido.bsvgateway.org/api/locations/196047466/","Kasaï-Occidental","Kasaï-Occidental, Democratic Republic of the Congo","State","http://aido.bsvgateway.org/api/locations/96271664/",-5.41263145560784,21.6220693676146,-5.41263145560784,"Ebola"
"196047466.625",2007-07-20,2007-07-19,0,196047466,"28","196047466","P1D","http://aido.bsvgateway.org/api/locations/196047466/","Kasaï-Occidental","Kasaï-Occidental, Democratic Republic of the Congo","State","http://aido.bsvgateway.org/api/locations/96271664/",21.6220693676146,21.6220693676146,-5.41263145560784,"Ebola"
"196047466.626",2007-07-21,2007-07-20,3,196047466,"28","196047466","P1D","http://aido.bsvgateway.org/api/locations/196047466/","Kasaï-Occidental","Kasaï-Occidental, Democratic Republic of the Congo","State","http://aido.bsvgateway.org/api/locations/96271664/",-5.41263145560784,21.6220693676146,-5.41263145560784,"Ebola"
"196047466.627",2007-07-22,2007-07-21,3,196047466,"28","196047466","P1D","http://aido.bsvgateway.org/api/locations/196047466/","Kasaï-Occidental","Kasaï-Occidental, Democratic Republic of the Congo","State","http://aido.bsvgateway.org/api/locations/96271664/",21.6220693676146,21.6220693676146,-5.41263145560784,"Ebola"
"196047466.628",2007-07-23,2007-07-22,1,196047466,"28","196047466","P1D","http://aido.bsvgateway.org/api/locations/196047466/","Kasaï-Occidental","Kasaï-Occidental, Democratic Republic of the Congo","State","http://aido.bsvgateway.org/api/locations/96271664/",-5.41263145560784,21.6220693676146,-5.41263145560784,"Ebola"
"196047466.629",2007-07-24,2007-07-23,0,196047466,"28","196047466","P1D","http://aido.bsvgateway.org/api/locations/196047466/","Kasaï-Occidental","Kasaï-Occidental, Democratic Republic of the Congo","State","http://aido.bsvgateway.org/api/locations/96271664/",21.6220693676146,21.6220693676146,-5.41263145560784,"Ebola"
"196047466.630",2007-07-25,2007-07-24,0,196047466,"28","196047466","P1D","http://aido.bsvgateway.org/api/locations/196047466/","Kasaï-Occidental","Kasaï-Occidental, Democratic Republic of the Congo","State","http://aido.bsvgateway.org/api/locations/96271664/",-5.41263145560784,21.6220693676146,-5.41263145560784,"Ebola"
"196047466.631",2007-07-26,2007-07-25,1,196047466,"28","196047466","P1D","http://aido.bsvgateway.org/api/locations/196047466/","Kasaï-Occidental","Kasaï-Occidental, Democratic Republic of the Congo","State","http://aido.bsvgateway.org/api/locations/96271664/",21.6220693676146,21.6220693676146,-5.41263145560784,"Ebola"
"196047466.632",2007-07-27,2007-07-26,2,196047466,"28","196047466","P1D","http://aido.bsvgateway.org/api/locations/196047466/","Kasaï-Occidental","Kasaï-Occidental, Democratic Republic of the Congo","State","http://aido.bsvgateway.org/api/locations/96271664/",-5.41263145560784,21.6220693676146,-5.41263145560784,"Ebola"
"196047466.633",2007-07-28,2007-07-27,0,196047466,"28","196047466","P1D","http://aido.bsvgateway.org/api/locations/196047466/","Kasaï-Occidental","Kasaï-Occidental, Democratic Republic of the Congo","State","http://aido.bsvgateway.org/api/locations/96271664/",21.6220693676146,21.6220693676146,-5.41263145560784,"Ebola"
"196047466.634",2007-07-29,2007-07-28,1,196047466,"28","196047466","P1D","http://aido.bsvgateway.org/api/locations/196047466/","Kasaï-Occidental","Kasaï-Occidental, Democratic Republic of the Congo","State","http://aido.bsvgateway.org/api/locations/96271664/",-5.41263145560784,21.6220693676146,-5.41263145560784,"Ebola"
"196047466.635",2007-07-30,2007-07-29,0,196047466,"28","196047466","P1D","http://aido.bsvgateway.org/api/locations/196047466/","Kasaï-Occidental","Kasaï-Occidental, Democratic Republic of the Congo","State","http://aido.bsvgateway.org/api/locations/96271664/",21.6220693676146,21.6220693676146,-5.41263145560784,"Ebola"
"196047466.636",2007-07-31,2007-07-30,5,196047466,"28","196047466","P1D","http://aido.bsvgateway.org/api/locations/196047466/","Kasaï-Occidental","Kasaï-Occidental, Democratic Republic of the Congo","State","http://aido.bsvgateway.org/api/locations/96271664/",-5.41263145560784,21.6220693676146,-5.41263145560784,"Ebola"
"196047466.637",2007-08-01,2007-07-31,0,196047466,"28","196047466","P1D","http://aido.bsvgateway.org/api/locations/196047466/","Kasaï-Occidental","Kasaï-Occidental, Democratic Republic of the Congo","State","http://aido.bsvgateway.org/api/locations/96271664/",21.6220693676146,21.6220693676146,-5.41263145560784,"Ebola"
"196047466.638",2007-08-02,2007-08-01,2,196047466,"28","196047466","P1D","http://aido.bsvgateway.org/api/locations/196047466/","Kasaï-Occidental","Kasaï-Occidental, Democratic Republic of the Congo","State","http://aido.bsvgateway.org/api/locations/96271664/",-5.41263145560784,21.6220693676146,-5.41263145560784,"Ebola"
"196047466.639",2007-08-03,2007-08-02,4,196047466,"28","196047466","P1D","http://aido.bsvgateway.org/api/locations/196047466/","Kasaï-Occidental","Kasaï-Occidental, Democratic Republic of the Congo","State","http://aido.bsvgateway.org/api/locations/96271664/",21.6220693676146,21.6220693676146,-5.41263145560784,"Ebola"
"196047466.640",2007-08-04,2007-08-03,3,196047466,"28","196047466","P1D","http://aido.bsvgateway.org/api/locations/196047466/","Kasaï-Occidental","Kasaï-Occidental, Democratic Republic of the Congo","State","http://aido.bsvgateway.org/api/locations/96271664/",-5.41263145560784,21.6220693676146,-5.41263145560784,"Ebola"
"196047466.641",2007-08-05,2007-08-04,1,196047466,"28","196047466","P1D","http://aido.bsvgateway.org/api/locations/196047466/","Kasaï-Occidental","Kasaï-Occidental, Democratic Republic of the Congo","State","http://aido.bsvgateway.org/api/locations/96271664/",21.6220693676146,21.6220693676146,-5.41263145560784,"Ebola"
"196047466.642",2007-08-06,2007-08-05,0,196047466,"28","196047466","P1D","http://aido.bsvgateway.org/api/locations/196047466/","Kasaï-Occidental","Kasaï-Occidental, Democratic Republic of the Congo","State","http://aido.bsvgateway.org/api/locations/96271664/",-5.41263145560784,21.6220693676146,-5.41263145560784,"Ebola"
"196047466.643",2007-08-07,2007-08-06,0,196047466,"28","196047466","P1D","http://aido.bsvgateway.org/api/locations/196047466/","Kasaï-Occidental","Kasaï-Occidental, Democratic Republic of the Congo","State","http://aido.bsvgateway.org/api/locations/96271664/",21.6220693676146,21.6220693676146,-5.41263145560784,"Ebola"
"196047466.644",2007-08-08,2007-08-07,0,196047466,"28","196047466","P1D","http://aido.bsvgateway.org/api/locations/196047466/","Kasaï-Occidental","Kasaï-Occidental, Democratic Republic of the Congo","State","http://aido.bsvgateway.org/api/locations/96271664/",-5.41263145560784,21.6220693676146,-5.41263145560784,"Ebola"
"196047466.645",2007-08-09,2007-08-08,1,196047466,"28","196047466","P1D","http://aido.bsvgateway.org/api/locations/196047466/","Kasaï-Occidental","Kasaï-Occidental, Democratic Republic of the Congo","State","http://aido.bsvgateway.org/api/locations/96271664/",21.6220693676146,21.6220693676146,-5.41263145560784,"Ebola"
"196047466.646",2007-08-10,2007-08-09,1,196047466,"28","196047466","P1D","http://aido.bsvgateway.org/api/locations/196047466/","Kasaï-Occidental","Kasaï-Occidental, Democratic Republic of the Congo","State","http://aido.bsvgateway.org/api/locations/96271664/",-5.41263145560784,21.6220693676146,-5.41263145560784,"Ebola"
"196047466.647",2007-08-11,2007-08-10,5,196047466,"28","196047466","P1D","http://aido.bsvgateway.org/api/locations/196047466/","Kasaï-Occidental","Kasaï-Occidental, Democratic Republic of the Congo","State","http://aido.bsvgateway.org/api/locations/96271664/",21.6220693676146,21.6220693676146,-5.41263145560784,"Ebola"
"196047466.648",2007-08-12,2007-08-11,2,196047466,"28","196047466","P1D","http://aido.bsvgateway.org/api/locations/196047466/","Kasaï-Occidental","Kasaï-Occidental, Democratic Republic of the Congo","State","http://aido.bsvgateway.org/api/locations/96271664/",-5.41263145560784,21.6220693676146,-5.41263145560784,"Ebola"
"196047466.649",2007-08-13,2007-08-12,2,196047466,"28","196047466","P1D","http://aido.bsvgateway.org/api/locations/196047466/","Kasaï-Occidental","Kasaï-Occidental, Democratic Republic of the Congo","State","http://aido.bsvgateway.org/api/locations/96271664/",21.6220693676146,21.6220693676146,-5.41263145560784,"Ebola"
"196047466.650",2007-08-14,2007-08-13,1,196047466,"28","196047466","P1D","http://aido.bsvgateway.org/api/locations/196047466/","Kasaï-Occidental","Kasaï-Occidental, Democratic Republic of the Congo","State","http://aido.bsvgateway.org/api/locations/96271664/",-5.41263145560784,21.6220693676146,-5.41263145560784,"Ebola"
"196047466.651",2007-08-15,2007-08-14,4,196047466,"28","196047466","P1D","http://aido.bsvgateway.org/api/locations/196047466/","Kasaï-Occidental","Kasaï-Occidental, Democratic Republic of the Congo","State","http://aido.bsvgateway.org/api/locations/96271664/",21.6220693676146,21.6220693676146,-5.41263145560784,"Ebola"
"196047466.652",2007-08-16,2007-08-15,3,196047466,"28","196047466","P1D","http://aido.bsvgateway.org/api/locations/196047466/","Kasaï-Occidental","Kasaï-Occidental, Democratic Republic of the Congo","State","http://aido.bsvgateway.org/api/locations/96271664/",-5.41263145560784,21.6220693676146,-5.41263145560784,"Ebola"
"196047466.653",2007-08-17,2007-08-16,1,196047466,"28","196047466","P1D","http://aido.bsvgateway.org/api/locations/196047466/","Kasaï-Occidental","Kasaï-Occidental, Democratic Republic of the Congo","State","http://aido.bsvgateway.org/api/locations/96271664/",21.6220693676146,21.6220693676146,-5.41263145560784,"Ebola"
"196047466.654",2007-08-18,2007-08-17,2,196047466,"28","196047466","P1D","http://aido.bsvgateway.org/api/locations/196047466/","Kasaï-Occidental","Kasaï-Occidental, Democratic Republic of the Congo","State","http://aido.bsvgateway.org/api/locations/96271664/",-5.41263145560784,21.6220693676146,-5.41263145560784,"Ebola"
"196047466.655",2007-08-19,2007-08-18,3,196047466,"28","196047466","P1D","http://aido.bsvgateway.org/api/locations/196047466/","Kasaï-Occidental","Kasaï-Occidental, Democratic Republic of the Congo","State","http://aido.bsvgateway.org/api/locations/96271664/",21.6220693676146,21.6220693676146,-5.41263145560784,"Ebola"
"196047466.656",2007-08-20,2007-08-19,1,196047466,"28","196047466","P1D","http://aido.bsvgateway.org/api/locations/196047466/","Kasaï-Occidental","Kasaï-Occidental, Democratic Republic of the Congo","State","http://aido.bsvgateway.org/api/locations/96271664/",-5.41263145560784,21.6220693676146,-5.41263145560784,"Ebola"
"196047466.657",2007-08-21,2007-08-20,3,196047466,"28","196047466","P1D","http://aido.bsvgateway.org/api/locations/196047466/","Kasaï-Occidental","Kasaï-Occidental, Democratic Republic of the Congo","State","http://aido.bsvgateway.org/api/locations/96271664/",21.6220693676146,21.6220693676146,-5.41263145560784,"Ebola"
"196047466.658",2007-08-22,2007-08-21,0,196047466,"28","196047466","P1D","http://aido.bsvgateway.org/api/locations/196047466/","Kasaï-Occidental","Kasaï-Occidental, Democratic Republic of the Congo","State","http://aido.bsvgateway.org/api/locations/96271664/",-5.41263145560784,21.6220693676146,-5.41263145560784,"Ebola"
"196047466.659",2007-08-23,2007-08-22,4,196047466,"28","196047466","P1D","http://aido.bsvgateway.org/api/locations/196047466/","Kasaï-Occidental","Kasaï-Occidental, Democratic Republic of the Congo","State","http://aido.bsvgateway.org/api/locations/96271664/",21.6220693676146,21.6220693676146,-5.41263145560784,"Ebola"
"196047466.660",2007-08-24,2007-08-23,1,196047466,"28","196047466","P1D","http://aido.bsvgateway.org/api/locations/196047466/","Kasaï-Occidental","Kasaï-Occidental, Democratic Republic of the Congo","State","http://aido.bsvgateway.org/api/locations/96271664/",-5.41263145560784,21.6220693676146,-5.41263145560784,"Ebola"
"196047466.661",2007-08-25,2007-08-24,0,196047466,"28","196047466","P1D","http://aido.bsvgateway.org/api/locations/196047466/","Kasaï-Occidental","Kasaï-Occidental, Democratic Republic of the Congo","State","http://aido.bsvgateway.org/api/locations/96271664/",21.6220693676146,21.6220693676146,-5.41263145560784,"Ebola"
"196047466.662",2007-08-26,2007-08-25,4,196047466,"28","196047466","P1D","http://aido.bsvgateway.org/api/locations/196047466/","Kasaï-Occidental","Kasaï-Occidental, Democratic Republic of the Congo","State","http://aido.bsvgateway.org/api/locations/96271664/",-5.41263145560784,21.6220693676146,-5.41263145560784,"Ebola"
"196047466.663",2007-08-27,2007-08-26,5,196047466,"28","196047466","P1D","http://aido.bsvgateway.org/api/locations/196047466/","Kasaï-Occidental","Kasaï-Occidental, Democratic Republic of the Congo","State","http://aido.bsvgateway.org/api/locations/96271664/",21.6220693676146,21.6220693676146,-5.41263145560784,"Ebola"
"196047466.664",2007-08-28,2007-08-27,9,196047466,"28","196047466","P1D","http://aido.bsvgateway.org/api/locations/196047466/","Kasaï-Occidental","Kasaï-Occidental, Democratic Republic of the Congo","State","http://aido.bsvgateway.org/api/locations/96271664/",-5.41263145560784,21.6220693676146,-5.41263145560784,"Ebola"
"196047466.665",2007-08-29,2007-08-28,8,196047466,"28","196047466","P1D","http://aido.bsvgateway.org/api/locations/196047466/","Kasaï-Occidental","Kasaï-Occidental, Democratic Republic of the Congo","State","http://aido.bsvgateway.org/api/locations/96271664/",21.6220693676146,21.6220693676146,-5.41263145560784,"Ebola"
"196047466.666",2007-08-30,2007-08-29,7,196047466,"28","196047466","P1D","http://aido.bsvgateway.org/api/locations/196047466/","Kasaï-Occidental","Kasaï-Occidental, Democratic Republic of the Congo","State","http://aido.bsvgateway.org/api/locations/96271664/",-5.41263145560784,21.6220693676146,-5.41263145560784,"Ebola"
"196047466.667",2007-08-31,2007-08-30,3,196047466,"28","196047466","P1D","http://aido.bsvgateway.org/api/locations/196047466/","Kasaï-Occidental","Kasaï-Occidental, Democratic Republic of the Congo","State","http://aido.bsvgateway.org/api/locations/96271664/",21.6220693676146,21.6220693676146,-5.41263145560784,"Ebola"
"196047466.668",2007-09-01,2007-08-31,5,196047466,"28","196047466","P1D","http://aido.bsvgateway.org/api/locations/196047466/","Kasaï-Occidental","Kasaï-Occidental, Democratic Republic of the Congo","State","http://aido.bsvgateway.org/api/locations/96271664/",-5.41263145560784,21.6220693676146,-5.41263145560784,"Ebola"
"196047466.669",2007-09-02,2007-09-01,6,196047466,"28","196047466","P1D","http://aido.bsvgateway.org/api/locations/196047466/","Kasaï-Occidental","Kasaï-Occidental, Democratic Republic of the Congo","State","http://aido.bsvgateway.org/api/locations/96271664/",21.6220693676146,21.6220693676146,-5.41263145560784,"Ebola"
"196047466.670",2007-09-03,2007-09-02,2,196047466,"28","196047466","P1D","http://aido.bsvgateway.org/api/locations/196047466/","Kasaï-Occidental","Kasaï-Occidental, Democratic Republic of the Congo","State","http://aido.bsvgateway.org/api/locations/96271664/",-5.41263145560784,21.6220693676146,-5.41263145560784,"Ebola"
"196047466.671",2007-09-04,2007-09-03,14,196047466,"28","196047466","P1D","http://aido.bsvgateway.org/api/locations/196047466/","Kasaï-Occidental","Kasaï-Occidental, Democratic Republic of the Congo","State","http://aido.bsvgateway.org/api/locations/96271664/",21.6220693676146,21.6220693676146,-5.41263145560784,"Ebola"
"196047466.672",2007-09-05,2007-09-04,9,196047466,"28","196047466","P1D","http://aido.bsvgateway.org/api/locations/196047466/","Kasaï-Occidental","Kasaï-Occidental, Democratic Republic of the Congo","State","http://aido.bsvgateway.org/api/locations/96271664/",-5.41263145560784,21.6220693676146,-5.41263145560784,"Ebola"
"196047466.673",2007-09-06,2007-09-05,1,196047466,"28","196047466","P1D","http://aido.bsvgateway.org/api/locations/196047466/","Kasaï-Occidental","Kasaï-Occidental, Democratic Republic of the Congo","State","http://aido.bsvgateway.org/api/locations/96271664/",21.6220693676146,21.6220693676146,-5.41263145560784,"Ebola"
"196047466.674",2007-09-07,2007-09-06,7,196047466,"28","196047466","P1D","http://aido.bsvgateway.org/api/locations/196047466/","Kasaï-Occidental","Kasaï-Occidental, Democratic Republic of the Congo","State","http://aido.bsvgateway.org/api/locations/96271664/",-5.41263145560784,21.6220693676146,-5.41263145560784,"Ebola"
"196047466.675",2007-09-08,2007-09-07,0,196047466,"28","196047466","P1D","http://aido.bsvgateway.org/api/locations/196047466/","Kasaï-Occidental","Kasaï-Occidental, Democratic Republic of the Congo","State","http://aido.bsvgateway.org/api/locations/96271664/",21.6220693676146,21.6220693676146,-5.41263145560784,"Ebola"
"196047466.676",2007-09-09,2007-09-08,0,196047466,"28","196047466","P1D","http://aido.bsvgateway.org/api/locations/196047466/","Kasaï-Occidental","Kasaï-Occidental, Democratic Republic of the Congo","State","http://aido.bsvgateway.org/api/locations/96271664/",-5.41263145560784,21.6220693676146,-5.41263145560784,"Ebola"
"196047466.677",2007-09-10,2007-09-09,2,196047466,"28","196047466","P1D","http://aido.bsvgateway.org/api/locations/196047466/","Kasaï-Occidental","Kasaï-Occidental, Democratic Republic of the Congo","State","http://aido.bsvgateway.org/api/locations/96271664/",21.6220693676146,21.6220693676146,-5.41263145560784,"Ebola"
"196047466.678",2007-09-11,2007-09-10,0,196047466,"28","196047466","P1D","http://aido.bsvgateway.org/api/locations/196047466/","Kasaï-Occidental","Kasaï-Occidental, Democratic Republic of the Congo","State","http://aido.bsvgateway.org/api/locations/96271664/",-5.41263145560784,21.6220693676146,-5.41263145560784,"Ebola"
"196047466.679",2007-09-12,2007-09-11,0,196047466,"28","196047466","P1D","http://aido.bsvgateway.org/api/locations/196047466/","Kasaï-Occidental","Kasaï-Occidental, Democratic Republic of the Congo","State","http://aido.bsvgateway.org/api/locations/96271664/",21.6220693676146,21.6220693676146,-5.41263145560784,"Ebola"
"196047466.680",2007-09-13,2007-09-12,1,196047466,"28","196047466","P1D","http://aido.bsvgateway.org/api/locations/196047466/","Kasaï-Occidental","Kasaï-Occidental, Democratic Republic of the Congo","State","http://aido.bsvgateway.org/api/locations/96271664/",-5.41263145560784,21.6220693676146,-5.41263145560784,"Ebola"
"196047466.681",2007-09-14,2007-09-13,0,196047466,"28","196047466","P1D","http://aido.bsvgateway.org/api/locations/196047466/","Kasaï-Occidental","Kasaï-Occidental, Democratic Republic of the Congo","State","http://aido.bsvgateway.org/api/locations/96271664/",21.6220693676146,21.6220693676146,-5.41263145560784,"Ebola"
"196047466.682",2007-09-15,2007-09-14,1,196047466,"28","196047466","P1D","http://aido.bsvgateway.org/api/locations/196047466/","Kasaï-Occidental","Kasaï-Occidental, Democratic Republic of the Congo","State","http://aido.bsvgateway.org/api/locations/96271664/",-5.41263145560784,21.6220693676146,-5.41263145560784,"Ebola"
"196047466.683",2007-09-16,2007-09-15,1,196047466,"28","196047466","P1D","http://aido.bsvgateway.org/api/locations/196047466/","Kasaï-Occidental","Kasaï-Occidental, Democratic Republic of the Congo","State","http://aido.bsvgateway.org/api/locations/96271664/",21.6220693676146,21.6220693676146,-5.41263145560784,"Ebola"
"196047466.684",2007-09-17,2007-09-16,0,196047466,"28","196047466","P1D","http://aido.bsvgateway.org/api/locations/196047466/","Kasaï-Occidental","Kasaï-Occidental, Democratic Republic of the Congo","State","http://aido.bsvgateway.org/api/locations/96271664/",-5.41263145560784,21.6220693676146,-5.41263145560784,"Ebola"
"196047466.685",2007-09-18,2007-09-17,1,196047466,"28","196047466","P1D","http://aido.bsvgateway.org/api/locations/196047466/","Kasaï-Occidental","Kasaï-Occidental, Democratic Republic of the Congo","State","http://aido.bsvgateway.org/api/locations/96271664/",21.6220693676146,21.6220693676146,-5.41263145560784,"Ebola"
"196047466.686",2007-09-19,2007-09-18,0,196047466,"28","196047466","P1D","http://aido.bsvgateway.org/api/locations/196047466/","Kasaï-Occidental","Kasaï-Occidental, Democratic Republic of the Congo","State","http://aido.bsvgateway.org/api/locations/96271664/",-5.41263145560784,21.6220693676146,-5.41263145560784,"Ebola"
"196047466.687",2007-09-20,2007-09-19,0,196047466,"28","196047466","P1D","http://aido.bsvgateway.org/api/locations/196047466/","Kasaï-Occidental","Kasaï-Occidental, Democratic Republic of the Congo","State","http://aido.bsvgateway.org/api/locations/96271664/",21.6220693676146,21.6220693676146,-5.41263145560784,"Ebola"
"196047466.688",2007-09-21,2007-09-20,1,196047466,"28","196047466","P1D","http://aido.bsvgateway.org/api/locations/196047466/","Kasaï-Occidental","Kasaï-Occidental, Democratic Republic of the Congo","State","http://aido.bsvgateway.org/api/locations/96271664/",-5.41263145560784,21.6220693676146,-5.41263145560784,"Ebola"
"196047466.689",2007-09-22,2007-09-21,0,196047466,"28","196047466","P1D","http://aido.bsvgateway.org/api/locations/196047466/","Kasaï-Occidental","Kasaï-Occidental, Democratic Republic of the Congo","State","http://aido.bsvgateway.org/api/locations/96271664/",21.6220693676146,21.6220693676146,-5.41263145560784,"Ebola"
"196047466.690",2007-09-23,2007-09-22,0,196047466,"28","196047466","P1D","http://aido.bsvgateway.org/api/locations/196047466/","Kasaï-Occidental","Kasaï-Occidental, Democratic Republic of the Congo","State","http://aido.bsvgateway.org/api/locations/96271664/",-5.41263145560784,21.6220693676146,-5.41263145560784,"Ebola"
"196047466.691",2007-09-24,2007-09-23,1,196047466,"28","196047466","P1D","http://aido.bsvgateway.org/api/locations/196047466/","Kasaï-Occidental","Kasaï-Occidental, Democratic Republic of the Congo","State","http://aido.bsvgateway.org/api/locations/96271664/",21.6220693676146,21.6220693676146,-5.41263145560784,"Ebola"
"196047466.692",2007-09-25,2007-09-24,1,196047466,"28","196047466","P1D","http://aido.bsvgateway.org/api/locations/196047466/","Kasaï-Occidental","Kasaï-Occidental, Democratic Republic of the Congo","State","http://aido.bsvgateway.org/api/locations/96271664/",-5.41263145560784,21.6220693676146,-5.41263145560784,"Ebola"
"196047466.693",2007-09-26,2007-09-25,1,196047466,"28","196047466","P1D","http://aido.bsvgateway.org/api/locations/196047466/","Kasaï-Occidental","Kasaï-Occidental, Democratic Republic of the Congo","State","http://aido.bsvgateway.org/api/locations/96271664/",21.6220693676146,21.6220693676146,-5.41263145560784,"Ebola"
"196047466.694",2007-09-27,2007-09-26,0,196047466,"28","196047466","P1D","http://aido.bsvgateway.org/api/locations/196047466/","Kasaï-Occidental","Kasaï-Occidental, Democratic Republic of the Congo","State","http://aido.bsvgateway.org/api/locations/96271664/",-5.41263145560784,21.6220693676146,-5.41263145560784,"Ebola"
"196047466.695",2007-09-28,2007-09-27,0,196047466,"28","196047466","P1D","http://aido.bsvgateway.org/api/locations/196047466/","Kasaï-Occidental","Kasaï-Occidental, Democratic Republic of the Congo","State","http://aido.bsvgateway.org/api/locations/96271664/",21.6220693676146,21.6220693676146,-5.41263145560784,"Ebola"
"196047466.696",2007-09-29,2007-09-28,0,196047466,"28","196047466","P1D","http://aido.bsvgateway.org/api/locations/196047466/","Kasaï-Occidental","Kasaï-Occidental, Democratic Republic of the Congo","State","http://aido.bsvgateway.org/api/locations/96271664/",-5.41263145560784,21.6220693676146,-5.41263145560784,"Ebola"
"196047466.697",2007-09-30,2007-09-29,0,196047466,"28","196047466","P1D","http://aido.bsvgateway.org/api/locations/196047466/","Kasaï-Occidental","Kasaï-Occidental, Democratic Republic of the Congo","State","http://aido.bsvgateway.org/api/locations/96271664/",21.6220693676146,21.6220693676146,-5.41263145560784,"Ebola"
"196047466.698",2007-10-01,2007-09-30,0,196047466,"28","196047466","P1D","http://aido.bsvgateway.org/api/locations/196047466/","Kasaï-Occidental","Kasaï-Occidental, Democratic Republic of the Congo","State","http://aido.bsvgateway.org/api/locations/96271664/",-5.41263145560784,21.6220693676146,-5.41263145560784,"Ebola"
"196047466.699",2007-10-02,2007-10-01,0,196047466,"28","196047466","P1D","http://aido.bsvgateway.org/api/locations/196047466/","Kasaï-Occidental","Kasaï-Occidental, Democratic Republic of the Congo","State","http://aido.bsvgateway.org/api/locations/96271664/",21.6220693676146,21.6220693676146,-5.41263145560784,"Ebola"
"196047466.700",2007-10-03,2007-10-02,1,196047466,"28","196047466","P1D","http://aido.bsvgateway.org/api/locations/196047466/","Kasaï-Occidental","Kasaï-Occidental, Democratic Republic of the Congo","State","http://aido.bsvgateway.org/api/locations/96271664/",-5.41263145560784,21.6220693676146,-5.41263145560784,"Ebola"
"196047466.701",2007-10-04,2007-10-03,0,196047466,"28","196047466","P1D","http://aido.bsvgateway.org/api/locations/196047466/","Kasaï-Occidental","Kasaï-Occidental, Democratic Republic of the Congo","State","http://aido.bsvgateway.org/api/locations/96271664/",21.6220693676146,21.6220693676146,-5.41263145560784,"Ebola"
"196047466.702",2007-10-05,2007-10-04,1,196047466,"28","196047466","P1D","http://aido.bsvgateway.org/api/locations/196047466/","Kasaï-Occidental","Kasaï-Occidental, Democratic Republic of the Congo","State","http://aido.bsvgateway.org/api/locations/96271664/",-5.41263145560784,21.6220693676146,-5.41263145560784,"Ebola"
"196047466.703",2008-11-19,2008-11-18,1,196047466,"28","196047466","P1D","http://aido.bsvgateway.org/api/locations/196047466/","Kasaï-Occidental","Kasaï-Occidental, Democratic Republic of the Congo","State","http://aido.bsvgateway.org/api/locations/96271664/",21.6220693676146,21.6220693676146,-5.41263145560784,"Ebola"
"196047466.704",2008-11-20,2008-11-19,0,196047466,"28","196047466","P1D","http://aido.bsvgateway.org/api/locations/196047466/","Kasaï-Occidental","Kasaï-Occidental, Democratic Republic of the Congo","State","http://aido.bsvgateway.org/api/locations/96271664/",-5.41263145560784,21.6220693676146,-5.41263145560784,"Ebola"
"196047466.705",2008-11-21,2008-11-20,0,196047466,"28","196047466","P1D","http://aido.bsvgateway.org/api/locations/196047466/","Kasaï-Occidental","Kasaï-Occidental, Democratic Republic of the Congo","State","http://aido.bsvgateway.org/api/locations/96271664/",21.6220693676146,21.6220693676146,-5.41263145560784,"Ebola"
"196047466.706",2008-11-22,2008-11-21,0,196047466,"28","196047466","P1D","http://aido.bsvgateway.org/api/locations/196047466/","Kasaï-Occidental","Kasaï-Occidental, Democratic Republic of the Congo","State","http://aido.bsvgateway.org/api/locations/96271664/",-5.41263145560784,21.6220693676146,-5.41263145560784,"Ebola"
"196047466.707",2008-11-23,2008-11-22,0,196047466,"28","196047466","P1D","http://aido.bsvgateway.org/api/locations/196047466/","Kasaï-Occidental","Kasaï-Occidental, Democratic Republic of the Congo","State","http://aido.bsvgateway.org/api/locations/96271664/",21.6220693676146,21.6220693676146,-5.41263145560784,"Ebola"
"196047466.708",2008-11-24,2008-11-23,0,196047466,"28","196047466","P1D","http://aido.bsvgateway.org/api/locations/196047466/","Kasaï-Occidental","Kasaï-Occidental, Democratic Republic of the Congo","State","http://aido.bsvgateway.org/api/locations/96271664/",-5.41263145560784,21.6220693676146,-5.41263145560784,"Ebola"
"196047466.709",2008-11-25,2008-11-24,0,196047466,"28","196047466","P1D","http://aido.bsvgateway.org/api/locations/196047466/","Kasaï-Occidental","Kasaï-Occidental, Democratic Republic of the Congo","State","http://aido.bsvgateway.org/api/locations/96271664/",21.6220693676146,21.6220693676146,-5.41263145560784,"Ebola"
"196047466.710",2008-11-26,2008-11-25,0,196047466,"28","196047466","P1D","http://aido.bsvgateway.org/api/locations/196047466/","Kasaï-Occidental","Kasaï-Occidental, Democratic Republic of the Congo","State","http://aido.bsvgateway.org/api/locations/96271664/",-5.41263145560784,21.6220693676146,-5.41263145560784,"Ebola"
"196047466.711",2008-11-27,2008-11-26,0,196047466,"28","196047466","P1D","http://aido.bsvgateway.org/api/locations/196047466/","Kasaï-Occidental","Kasaï-Occidental, Democratic Republic of the Congo","State","http://aido.bsvgateway.org/api/locations/96271664/",21.6220693676146,21.6220693676146,-5.41263145560784,"Ebola"
"196047466.712",2008-11-28,2008-11-27,1,196047466,"28","196047466","P1D","http://aido.bsvgateway.org/api/locations/196047466/","Kasaï-Occidental","Kasaï-Occidental, Democratic Republic of the Congo","State","http://aido.bsvgateway.org/api/locations/96271664/",-5.41263145560784,21.6220693676146,-5.41263145560784,"Ebola"
"196047466.713",2008-11-29,2008-11-28,0,196047466,"28","196047466","P1D","http://aido.bsvgateway.org/api/locations/196047466/","Kasaï-Occidental","Kasaï-Occidental, Democratic Republic of the Congo","State","http://aido.bsvgateway.org/api/locations/96271664/",21.6220693676146,21.6220693676146,-5.41263145560784,"Ebola"
"196047466.714",2008-11-30,2008-11-29,0,196047466,"28","196047466","P1D","http://aido.bsvgateway.org/api/locations/196047466/","Kasaï-Occidental","Kasaï-Occidental, Democratic Republic of the Congo","State","http://aido.bsvgateway.org/api/locations/96271664/",-5.41263145560784,21.6220693676146,-5.41263145560784,"Ebola"
"196047466.715",2008-12-01,2008-11-30,0,196047466,"28","196047466","P1D","http://aido.bsvgateway.org/api/locations/196047466/","Kasaï-Occidental","Kasaï-Occidental, Democratic Republic of the Congo","State","http://aido.bsvgateway.org/api/locations/96271664/",21.6220693676146,21.6220693676146,-5.41263145560784,"Ebola"
"196047466.716",2008-12-02,2008-12-01,1,196047466,"28","196047466","P1D","http://aido.bsvgateway.org/api/locations/196047466/","Kasaï-Occidental","Kasaï-Occidental, Democratic Republic of the Congo","State","http://aido.bsvgateway.org/api/locations/96271664/",-5.41263145560784,21.6220693676146,-5.41263145560784,"Ebola"
"196047466.717",2008-12-03,2008-12-02,0,196047466,"28","196047466","P1D","http://aido.bsvgateway.org/api/locations/196047466/","Kasaï-Occidental","Kasaï-Occidental, Democratic Republic of the Congo","State","http://aido.bsvgateway.org/api/locations/96271664/",21.6220693676146,21.6220693676146,-5.41263145560784,"Ebola"
"196047466.718",2008-12-04,2008-12-03,4,196047466,"28","196047466","P1D","http://aido.bsvgateway.org/api/locations/196047466/","Kasaï-Occidental","Kasaï-Occidental, Democratic Republic of the Congo","State","http://aido.bsvgateway.org/api/locations/96271664/",-5.41263145560784,21.6220693676146,-5.41263145560784,"Ebola"
"196047466.719",2008-12-05,2008-12-04,1,196047466,"28","196047466","P1D","http://aido.bsvgateway.org/api/locations/196047466/","Kasaï-Occidental","Kasaï-Occidental, Democratic Republic of the Congo","State","http://aido.bsvgateway.org/api/locations/96271664/",21.6220693676146,21.6220693676146,-5.41263145560784,"Ebola"
"196047466.720",2008-12-06,2008-12-05,1,196047466,"28","196047466","P1D","http://aido.bsvgateway.org/api/locations/196047466/","Kasaï-Occidental","Kasaï-Occidental, Democratic Republic of the Congo","State","http://aido.bsvgateway.org/api/locations/96271664/",-5.41263145560784,21.6220693676146,-5.41263145560784,"Ebola"
"196047466.721",2008-12-07,2008-12-06,1,196047466,"28","196047466","P1D","http://aido.bsvgateway.org/api/locations/196047466/","Kasaï-Occidental","Kasaï-Occidental, Democratic Republic of the Congo","State","http://aido.bsvgateway.org/api/locations/96271664/",21.6220693676146,21.6220693676146,-5.41263145560784,"Ebola"
"196047466.722",2008-12-08,2008-12-07,0,196047466,"28","196047466","P1D","http://aido.bsvgateway.org/api/locations/196047466/","Kasaï-Occidental","Kasaï-Occidental, Democratic Republic of the Congo","State","http://aido.bsvgateway.org/api/locations/96271664/",-5.41263145560784,21.6220693676146,-5.41263145560784,"Ebola"
"196047466.723",2008-12-09,2008-12-08,1,196047466,"28","196047466","P1D","http://aido.bsvgateway.org/api/locations/196047466/","Kasaï-Occidental","Kasaï-Occidental, Democratic Republic of the Congo","State","http://aido.bsvgateway.org/api/locations/96271664/",21.6220693676146,21.6220693676146,-5.41263145560784,"Ebola"
"196047466.724",2008-12-10,2008-12-09,1,196047466,"28","196047466","P1D","http://aido.bsvgateway.org/api/locations/196047466/","Kasaï-Occidental","Kasaï-Occidental, Democratic Republic of the Congo","State","http://aido.bsvgateway.org/api/locations/96271664/",-5.41263145560784,21.6220693676146,-5.41263145560784,"Ebola"
"196047466.725",2008-12-11,2008-12-10,2,196047466,"28","196047466","P1D","http://aido.bsvgateway.org/api/locations/196047466/","Kasaï-Occidental","Kasaï-Occidental, Democratic Republic of the Congo","State","http://aido.bsvgateway.org/api/locations/96271664/",21.6220693676146,21.6220693676146,-5.41263145560784,"Ebola"
"196047466.726",2008-12-12,2008-12-11,0,196047466,"28","196047466","P1D","http://aido.bsvgateway.org/api/locations/196047466/","Kasaï-Occidental","Kasaï-Occidental, Democratic Republic of the Congo","State","http://aido.bsvgateway.org/api/locations/96271664/",-5.41263145560784,21.6220693676146,-5.41263145560784,"Ebola"
"196047466.727",2008-12-13,2008-12-12,0,196047466,"28","196047466","P1D","http://aido.bsvgateway.org/api/locations/196047466/","Kasaï-Occidental","Kasaï-Occidental, Democratic Republic of the Congo","State","http://aido.bsvgateway.org/api/locations/96271664/",21.6220693676146,21.6220693676146,-5.41263145560784,"Ebola"
"196047466.728",2008-12-14,2008-12-13,0,196047466,"28","196047466","P1D","http://aido.bsvgateway.org/api/locations/196047466/","Kasaï-Occidental","Kasaï-Occidental, Democratic Republic of the Congo","State","http://aido.bsvgateway.org/api/locations/96271664/",-5.41263145560784,21.6220693676146,-5.41263145560784,"Ebola"
"196047466.729",2008-12-15,2008-12-14,3,196047466,"28","196047466","P1D","http://aido.bsvgateway.org/api/locations/196047466/","Kasaï-Occidental","Kasaï-Occidental, Democratic Republic of the Congo","State","http://aido.bsvgateway.org/api/locations/96271664/",21.6220693676146,21.6220693676146,-5.41263145560784,"Ebola"
"196047466.730",2008-12-16,2008-12-15,0,196047466,"28","196047466","P1D","http://aido.bsvgateway.org/api/locations/196047466/","Kasaï-Occidental","Kasaï-Occidental, Democratic Republic of the Congo","State","http://aido.bsvgateway.org/api/locations/96271664/",-5.41263145560784,21.6220693676146,-5.41263145560784,"Ebola"
"196047466.731",2008-12-17,2008-12-16,0,196047466,"28","196047466","P1D","http://aido.bsvgateway.org/api/locations/196047466/","Kasaï-Occidental","Kasaï-Occidental, Democratic Republic of the Congo","State","http://aido.bsvgateway.org/api/locations/96271664/",21.6220693676146,21.6220693676146,-5.41263145560784,"Ebola"
"196047466.732",2008-12-18,2008-12-17,1,196047466,"28","196047466","P1D","http://aido.bsvgateway.org/api/locations/196047466/","Kasaï-Occidental","Kasaï-Occidental, Democratic Republic of the Congo","State","http://aido.bsvgateway.org/api/locations/96271664/",-5.41263145560784,21.6220693676146,-5.41263145560784,"Ebola"
"196047466.733",2008-12-19,2008-12-18,2,196047466,"28","196047466","P1D","http://aido.bsvgateway.org/api/locations/196047466/","Kasaï-Occidental","Kasaï-Occidental, Democratic Republic of the Congo","State","http://aido.bsvgateway.org/api/locations/96271664/",21.6220693676146,21.6220693676146,-5.41263145560784,"Ebola"
"196047466.734",2008-12-20,2008-12-19,0,196047466,"28","196047466","P1D","http://aido.bsvgateway.org/api/locations/196047466/","Kasaï-Occidental","Kasaï-Occidental, Democratic Republic of the Congo","State","http://aido.bsvgateway.org/api/locations/96271664/",-5.41263145560784,21.6220693676146,-5.41263145560784,"Ebola"
"196047466.735",2008-12-21,2008-12-20,4,196047466,"28","196047466","P1D","http://aido.bsvgateway.org/api/locations/196047466/","Kasaï-Occidental","Kasaï-Occidental, Democratic Republic of the Congo","State","http://aido.bsvgateway.org/api/locations/96271664/",21.6220693676146,21.6220693676146,-5.41263145560784,"Ebola"
"196047466.736",2008-12-22,2008-12-21,4,196047466,"28","196047466","P1D","http://aido.bsvgateway.org/api/locations/196047466/","Kasaï-Occidental","Kasaï-Occidental, Democratic Republic of the Congo","State","http://aido.bsvgateway.org/api/locations/96271664/",-5.41263145560784,21.6220693676146,-5.41263145560784,"Ebola"
"196047466.737",2008-12-23,2008-12-22,0,196047466,"28","196047466","P1D","http://aido.bsvgateway.org/api/locations/196047466/","Kasaï-Occidental","Kasaï-Occidental, Democratic Republic of the Congo","State","http://aido.bsvgateway.org/api/locations/96271664/",21.6220693676146,21.6220693676146,-5.41263145560784,"Ebola"
"196047466.738",2008-12-24,2008-12-23,0,196047466,"28","196047466","P1D","http://aido.bsvgateway.org/api/locations/196047466/","Kasaï-Occidental","Kasaï-Occidental, Democratic Republic of the Congo","State","http://aido.bsvgateway.org/api/locations/96271664/",-5.41263145560784,21.6220693676146,-5.41263145560784,"Ebola"
"196047466.739",2008-12-25,2008-12-24,0,196047466,"28","196047466","P1D","http://aido.bsvgateway.org/api/locations/196047466/","Kasaï-Occidental","Kasaï-Occidental, Democratic Republic of the Congo","State","http://aido.bsvgateway.org/api/locations/96271664/",21.6220693676146,21.6220693676146,-5.41263145560784,"Ebola"
"196047466.740",2008-12-26,2008-12-25,1,196047466,"28","196047466","P1D","http://aido.bsvgateway.org/api/locations/196047466/","Kasaï-Occidental","Kasaï-Occidental, Democratic Republic of the Congo","State","http://aido.bsvgateway.org/api/locations/96271664/",-5.41263145560784,21.6220693676146,-5.41263145560784,"Ebola"
"196047466.741",2008-12-27,2008-12-26,0,196047466,"28","196047466","P1D","http://aido.bsvgateway.org/api/locations/196047466/","Kasaï-Occidental","Kasaï-Occidental, Democratic Republic of the Congo","State","http://aido.bsvgateway.org/api/locations/96271664/",21.6220693676146,21.6220693676146,-5.41263145560784,"Ebola"
"196047466.742",2008-12-28,2008-12-27,3,196047466,"28","196047466","P1D","http://aido.bsvgateway.org/api/locations/196047466/","Kasaï-Occidental","Kasaï-Occidental, Democratic Republic of the Congo","State","http://aido.bsvgateway.org/api/locations/96271664/",-5.41263145560784,21.6220693676146,-5.41263145560784,"Ebola"
