"","end","start","value","id","disease","location","duration","url","name","full_name","admin_level_name","parent","centroid_lat_long","longitude","latitude","disease_name"
"80374583.610",2017-10-12,2017-10-05,12,80374583,"26","80374583","P7D","http://aido.bsvgateway.org/api/locations/80374583/","Zambia","Zambia","Country","http://aido.bsvgateway.org/api/locations/93632501/",-13.4601100183656,27.7742123347967,-13.4601100183656,"Cholera"
"80374583.611",2017-10-19,2017-10-12,40,80374583,"26","80374583","P7D","http://aido.bsvgateway.org/api/locations/80374583/","Zambia","Zambia","Country","http://aido.bsvgateway.org/api/locations/93632501/",27.7742123347967,27.7742123347967,-13.4601100183656,"Cholera"
"80374583.612",2017-10-26,2017-10-19,75,80374583,"26","80374583","P7D","http://aido.bsvgateway.org/api/locations/80374583/","Zambia","Zambia","Country","http://aido.bsvgateway.org/api/locations/93632501/",-13.4601100183656,27.7742123347967,-13.4601100183656,"Cholera"
"80374583.613",2017-11-02,2017-10-26,3,80374583,"26","80374583","P7D","http://aido.bsvgateway.org/api/locations/80374583/","Zambia","Zambia","Country","http://aido.bsvgateway.org/api/locations/93632501/",27.7742123347967,27.7742123347967,-13.4601100183656,"Cholera"
"80374583.614",2017-11-09,2017-11-02,4,80374583,"26","80374583","P7D","http://aido.bsvgateway.org/api/locations/80374583/","Zambia","Zambia","Country","http://aido.bsvgateway.org/api/locations/93632501/",-13.4601100183656,27.7742123347967,-13.4601100183656,"Cholera"
"80374583.615",2017-11-16,2017-11-09,8,80374583,"26","80374583","P7D","http://aido.bsvgateway.org/api/locations/80374583/","Zambia","Zambia","Country","http://aido.bsvgateway.org/api/locations/93632501/",27.7742123347967,27.7742123347967,-13.4601100183656,"Cholera"
"80374583.616",2017-11-23,2017-11-16,38,80374583,"26","80374583","P7D","http://aido.bsvgateway.org/api/locations/80374583/","Zambia","Zambia","Country","http://aido.bsvgateway.org/api/locations/93632501/",-13.4601100183656,27.7742123347967,-13.4601100183656,"Cholera"
"80374583.617",2017-11-30,2017-11-23,73,80374583,"26","80374583","P7D","http://aido.bsvgateway.org/api/locations/80374583/","Zambia","Zambia","Country","http://aido.bsvgateway.org/api/locations/93632501/",27.7742123347967,27.7742123347967,-13.4601100183656,"Cholera"
"80374583.618",2017-12-07,2017-11-30,120,80374583,"26","80374583","P7D","http://aido.bsvgateway.org/api/locations/80374583/","Zambia","Zambia","Country","http://aido.bsvgateway.org/api/locations/93632501/",-13.4601100183656,27.7742123347967,-13.4601100183656,"Cholera"
"80374583.619",2017-12-14,2017-12-07,43,80374583,"26","80374583","P7D","http://aido.bsvgateway.org/api/locations/80374583/","Zambia","Zambia","Country","http://aido.bsvgateway.org/api/locations/93632501/",27.7742123347967,27.7742123347967,-13.4601100183656,"Cholera"
