"","end","start","value","id","disease","location","duration","url","name","full_name","admin_level_name","parent","centroid_lat_long","longitude","latitude","disease_name"
"91078113.248",2012-04-23,2012-04-16,1,91078113,"75","91078113","P7D","http://aido.bsvgateway.org/api/locations/91078113/","Chandigarh","Chandigarh, India","State","http://aido.bsvgateway.org/api/locations/102446886/",30.7435350139614,76.7683797851754,30.7435350139614,"Rubella"
"91078113.249",2012-04-30,2012-04-23,1,91078113,"75","91078113","P7D","http://aido.bsvgateway.org/api/locations/91078113/","Chandigarh","Chandigarh, India","State","http://aido.bsvgateway.org/api/locations/102446886/",76.7683797851754,76.7683797851754,30.7435350139614,"Rubella"
"91078113.250",2012-05-07,2012-04-30,2,91078113,"75","91078113","P7D","http://aido.bsvgateway.org/api/locations/91078113/","Chandigarh","Chandigarh, India","State","http://aido.bsvgateway.org/api/locations/102446886/",30.7435350139614,76.7683797851754,30.7435350139614,"Rubella"
"91078113.251",2012-05-14,2012-05-07,1,91078113,"75","91078113","P7D","http://aido.bsvgateway.org/api/locations/91078113/","Chandigarh","Chandigarh, India","State","http://aido.bsvgateway.org/api/locations/102446886/",76.7683797851754,76.7683797851754,30.7435350139614,"Rubella"
"91078113.252",2012-05-21,2012-05-14,12,91078113,"75","91078113","P7D","http://aido.bsvgateway.org/api/locations/91078113/","Chandigarh","Chandigarh, India","State","http://aido.bsvgateway.org/api/locations/102446886/",30.7435350139614,76.7683797851754,30.7435350139614,"Rubella"
"91078113.253",2012-05-28,2012-05-21,8,91078113,"75","91078113","P7D","http://aido.bsvgateway.org/api/locations/91078113/","Chandigarh","Chandigarh, India","State","http://aido.bsvgateway.org/api/locations/102446886/",76.7683797851754,76.7683797851754,30.7435350139614,"Rubella"
"91078113.254",2012-06-04,2012-05-28,12,91078113,"75","91078113","P7D","http://aido.bsvgateway.org/api/locations/91078113/","Chandigarh","Chandigarh, India","State","http://aido.bsvgateway.org/api/locations/102446886/",30.7435350139614,76.7683797851754,30.7435350139614,"Rubella"
"91078113.255",2012-06-11,2012-06-04,17,91078113,"75","91078113","P7D","http://aido.bsvgateway.org/api/locations/91078113/","Chandigarh","Chandigarh, India","State","http://aido.bsvgateway.org/api/locations/102446886/",76.7683797851754,76.7683797851754,30.7435350139614,"Rubella"
"91078113.256",2012-06-18,2012-06-11,13,91078113,"75","91078113","P7D","http://aido.bsvgateway.org/api/locations/91078113/","Chandigarh","Chandigarh, India","State","http://aido.bsvgateway.org/api/locations/102446886/",30.7435350139614,76.7683797851754,30.7435350139614,"Rubella"
"91078113.257",2012-06-25,2012-06-18,11,91078113,"75","91078113","P7D","http://aido.bsvgateway.org/api/locations/91078113/","Chandigarh","Chandigarh, India","State","http://aido.bsvgateway.org/api/locations/102446886/",76.7683797851754,76.7683797851754,30.7435350139614,"Rubella"
"91078113.258",2012-07-02,2012-06-25,4,91078113,"75","91078113","P7D","http://aido.bsvgateway.org/api/locations/91078113/","Chandigarh","Chandigarh, India","State","http://aido.bsvgateway.org/api/locations/102446886/",30.7435350139614,76.7683797851754,30.7435350139614,"Rubella"
"91078113.259",2012-07-09,2012-07-02,1,91078113,"75","91078113","P7D","http://aido.bsvgateway.org/api/locations/91078113/","Chandigarh","Chandigarh, India","State","http://aido.bsvgateway.org/api/locations/102446886/",76.7683797851754,76.7683797851754,30.7435350139614,"Rubella"
"91078113.260",2012-07-16,2012-07-09,0,91078113,"75","91078113","P7D","http://aido.bsvgateway.org/api/locations/91078113/","Chandigarh","Chandigarh, India","State","http://aido.bsvgateway.org/api/locations/102446886/",30.7435350139614,76.7683797851754,30.7435350139614,"Rubella"
"91078113.261",2012-07-23,2012-07-16,0,91078113,"75","91078113","P7D","http://aido.bsvgateway.org/api/locations/91078113/","Chandigarh","Chandigarh, India","State","http://aido.bsvgateway.org/api/locations/102446886/",76.7683797851754,76.7683797851754,30.7435350139614,"Rubella"
"91078113.262",2012-07-30,2012-07-23,0,91078113,"75","91078113","P7D","http://aido.bsvgateway.org/api/locations/91078113/","Chandigarh","Chandigarh, India","State","http://aido.bsvgateway.org/api/locations/102446886/",30.7435350139614,76.7683797851754,30.7435350139614,"Rubella"
