"","end","start","value","id","disease","location","duration","url","name","full_name","admin_level_name","parent","centroid_lat_long","longitude","latitude","disease_name"
"170415761.209",2007-05-14,2007-05-07,3,170415761,"75","170415761","P7D","http://aido.bsvgateway.org/api/locations/170415761/","Chile","Chile","Country","http://aido.bsvgateway.org/api/locations/13410479/",-37.7436061218903,-71.3643742494707,-37.7436061218903,"Rubella"
"170415761.210",2007-05-21,2007-05-14,9,170415761,"75","170415761","P7D","http://aido.bsvgateway.org/api/locations/170415761/","Chile","Chile","Country","http://aido.bsvgateway.org/api/locations/13410479/",-71.3643742494707,-71.3643742494707,-37.7436061218903,"Rubella"
"170415761.211",2007-05-28,2007-05-21,7,170415761,"75","170415761","P7D","http://aido.bsvgateway.org/api/locations/170415761/","Chile","Chile","Country","http://aido.bsvgateway.org/api/locations/13410479/",-37.7436061218903,-71.3643742494707,-37.7436061218903,"Rubella"
"170415761.212",2007-06-04,2007-05-28,18,170415761,"75","170415761","P7D","http://aido.bsvgateway.org/api/locations/170415761/","Chile","Chile","Country","http://aido.bsvgateway.org/api/locations/13410479/",-71.3643742494707,-71.3643742494707,-37.7436061218903,"Rubella"
"170415761.213",2007-06-11,2007-06-04,32,170415761,"75","170415761","P7D","http://aido.bsvgateway.org/api/locations/170415761/","Chile","Chile","Country","http://aido.bsvgateway.org/api/locations/13410479/",-37.7436061218903,-71.3643742494707,-37.7436061218903,"Rubella"
"170415761.214",2007-06-18,2007-06-11,17,170415761,"75","170415761","P7D","http://aido.bsvgateway.org/api/locations/170415761/","Chile","Chile","Country","http://aido.bsvgateway.org/api/locations/13410479/",-71.3643742494707,-71.3643742494707,-37.7436061218903,"Rubella"
"170415761.215",2007-06-25,2007-06-18,32,170415761,"75","170415761","P7D","http://aido.bsvgateway.org/api/locations/170415761/","Chile","Chile","Country","http://aido.bsvgateway.org/api/locations/13410479/",-37.7436061218903,-71.3643742494707,-37.7436061218903,"Rubella"
"170415761.216",2007-07-02,2007-06-25,51,170415761,"75","170415761","P7D","http://aido.bsvgateway.org/api/locations/170415761/","Chile","Chile","Country","http://aido.bsvgateway.org/api/locations/13410479/",-71.3643742494707,-71.3643742494707,-37.7436061218903,"Rubella"
"170415761.217",2007-07-09,2007-07-02,38,170415761,"75","170415761","P7D","http://aido.bsvgateway.org/api/locations/170415761/","Chile","Chile","Country","http://aido.bsvgateway.org/api/locations/13410479/",-37.7436061218903,-71.3643742494707,-37.7436061218903,"Rubella"
"170415761.218",2007-07-16,2007-07-09,71,170415761,"75","170415761","P7D","http://aido.bsvgateway.org/api/locations/170415761/","Chile","Chile","Country","http://aido.bsvgateway.org/api/locations/13410479/",-71.3643742494707,-71.3643742494707,-37.7436061218903,"Rubella"
"170415761.219",2007-07-23,2007-07-16,92,170415761,"75","170415761","P7D","http://aido.bsvgateway.org/api/locations/170415761/","Chile","Chile","Country","http://aido.bsvgateway.org/api/locations/13410479/",-37.7436061218903,-71.3643742494707,-37.7436061218903,"Rubella"
"170415761.220",2007-07-30,2007-07-23,79,170415761,"75","170415761","P7D","http://aido.bsvgateway.org/api/locations/170415761/","Chile","Chile","Country","http://aido.bsvgateway.org/api/locations/13410479/",-71.3643742494707,-71.3643742494707,-37.7436061218903,"Rubella"
"170415761.221",2007-08-06,2007-07-30,146,170415761,"75","170415761","P7D","http://aido.bsvgateway.org/api/locations/170415761/","Chile","Chile","Country","http://aido.bsvgateway.org/api/locations/13410479/",-37.7436061218903,-71.3643742494707,-37.7436061218903,"Rubella"
"170415761.222",2007-08-13,2007-08-06,149,170415761,"75","170415761","P7D","http://aido.bsvgateway.org/api/locations/170415761/","Chile","Chile","Country","http://aido.bsvgateway.org/api/locations/13410479/",-71.3643742494707,-71.3643742494707,-37.7436061218903,"Rubella"
"170415761.223",2007-08-20,2007-08-13,200,170415761,"75","170415761","P7D","http://aido.bsvgateway.org/api/locations/170415761/","Chile","Chile","Country","http://aido.bsvgateway.org/api/locations/13410479/",-37.7436061218903,-71.3643742494707,-37.7436061218903,"Rubella"
"170415761.224",2007-08-27,2007-08-20,264,170415761,"75","170415761","P7D","http://aido.bsvgateway.org/api/locations/170415761/","Chile","Chile","Country","http://aido.bsvgateway.org/api/locations/13410479/",-71.3643742494707,-71.3643742494707,-37.7436061218903,"Rubella"
"170415761.225",2007-09-03,2007-08-27,268,170415761,"75","170415761","P7D","http://aido.bsvgateway.org/api/locations/170415761/","Chile","Chile","Country","http://aido.bsvgateway.org/api/locations/13410479/",-37.7436061218903,-71.3643742494707,-37.7436061218903,"Rubella"
"170415761.226",2007-09-10,2007-09-03,302,170415761,"75","170415761","P7D","http://aido.bsvgateway.org/api/locations/170415761/","Chile","Chile","Country","http://aido.bsvgateway.org/api/locations/13410479/",-71.3643742494707,-71.3643742494707,-37.7436061218903,"Rubella"
"170415761.227",2007-09-17,2007-09-10,251,170415761,"75","170415761","P7D","http://aido.bsvgateway.org/api/locations/170415761/","Chile","Chile","Country","http://aido.bsvgateway.org/api/locations/13410479/",-37.7436061218903,-71.3643742494707,-37.7436061218903,"Rubella"
"170415761.228",2007-09-24,2007-09-17,241,170415761,"75","170415761","P7D","http://aido.bsvgateway.org/api/locations/170415761/","Chile","Chile","Country","http://aido.bsvgateway.org/api/locations/13410479/",-71.3643742494707,-71.3643742494707,-37.7436061218903,"Rubella"
"170415761.229",2007-10-01,2007-09-24,213,170415761,"75","170415761","P7D","http://aido.bsvgateway.org/api/locations/170415761/","Chile","Chile","Country","http://aido.bsvgateway.org/api/locations/13410479/",-37.7436061218903,-71.3643742494707,-37.7436061218903,"Rubella"
"170415761.230",2007-10-08,2007-10-01,235,170415761,"75","170415761","P7D","http://aido.bsvgateway.org/api/locations/170415761/","Chile","Chile","Country","http://aido.bsvgateway.org/api/locations/13410479/",-71.3643742494707,-71.3643742494707,-37.7436061218903,"Rubella"
"170415761.231",2007-10-15,2007-10-08,210,170415761,"75","170415761","P7D","http://aido.bsvgateway.org/api/locations/170415761/","Chile","Chile","Country","http://aido.bsvgateway.org/api/locations/13410479/",-37.7436061218903,-71.3643742494707,-37.7436061218903,"Rubella"
"170415761.232",2007-10-22,2007-10-15,214,170415761,"75","170415761","P7D","http://aido.bsvgateway.org/api/locations/170415761/","Chile","Chile","Country","http://aido.bsvgateway.org/api/locations/13410479/",-71.3643742494707,-71.3643742494707,-37.7436061218903,"Rubella"
"170415761.233",2007-10-29,2007-10-22,233,170415761,"75","170415761","P7D","http://aido.bsvgateway.org/api/locations/170415761/","Chile","Chile","Country","http://aido.bsvgateway.org/api/locations/13410479/",-37.7436061218903,-71.3643742494707,-37.7436061218903,"Rubella"
"170415761.234",2007-11-05,2007-10-29,169,170415761,"75","170415761","P7D","http://aido.bsvgateway.org/api/locations/170415761/","Chile","Chile","Country","http://aido.bsvgateway.org/api/locations/13410479/",-71.3643742494707,-71.3643742494707,-37.7436061218903,"Rubella"
"170415761.235",2007-11-12,2007-11-05,211,170415761,"75","170415761","P7D","http://aido.bsvgateway.org/api/locations/170415761/","Chile","Chile","Country","http://aido.bsvgateway.org/api/locations/13410479/",-37.7436061218903,-71.3643742494707,-37.7436061218903,"Rubella"
"170415761.236",2007-11-19,2007-11-12,161,170415761,"75","170415761","P7D","http://aido.bsvgateway.org/api/locations/170415761/","Chile","Chile","Country","http://aido.bsvgateway.org/api/locations/13410479/",-71.3643742494707,-71.3643742494707,-37.7436061218903,"Rubella"
"170415761.237",2007-11-26,2007-11-19,148,170415761,"75","170415761","P7D","http://aido.bsvgateway.org/api/locations/170415761/","Chile","Chile","Country","http://aido.bsvgateway.org/api/locations/13410479/",-37.7436061218903,-71.3643742494707,-37.7436061218903,"Rubella"
"170415761.238",2007-12-03,2007-11-26,81,170415761,"75","170415761","P7D","http://aido.bsvgateway.org/api/locations/170415761/","Chile","Chile","Country","http://aido.bsvgateway.org/api/locations/13410479/",-71.3643742494707,-71.3643742494707,-37.7436061218903,"Rubella"
"170415761.239",2007-12-10,2007-12-03,43,170415761,"75","170415761","P7D","http://aido.bsvgateway.org/api/locations/170415761/","Chile","Chile","Country","http://aido.bsvgateway.org/api/locations/13410479/",-37.7436061218903,-71.3643742494707,-37.7436061218903,"Rubella"
"170415761.240",2007-12-17,2007-12-10,30,170415761,"75","170415761","P7D","http://aido.bsvgateway.org/api/locations/170415761/","Chile","Chile","Country","http://aido.bsvgateway.org/api/locations/13410479/",-71.3643742494707,-71.3643742494707,-37.7436061218903,"Rubella"
"170415761.241",2007-12-24,2007-12-17,16,170415761,"75","170415761","P7D","http://aido.bsvgateway.org/api/locations/170415761/","Chile","Chile","Country","http://aido.bsvgateway.org/api/locations/13410479/",-37.7436061218903,-71.3643742494707,-37.7436061218903,"Rubella"
"170415761.242",2007-12-31,2007-12-24,16,170415761,"75","170415761","P7D","http://aido.bsvgateway.org/api/locations/170415761/","Chile","Chile","Country","http://aido.bsvgateway.org/api/locations/13410479/",-71.3643742494707,-71.3643742494707,-37.7436061218903,"Rubella"
"170415761.243",2008-01-07,2007-12-31,5,170415761,"75","170415761","P7D","http://aido.bsvgateway.org/api/locations/170415761/","Chile","Chile","Country","http://aido.bsvgateway.org/api/locations/13410479/",-37.7436061218903,-71.3643742494707,-37.7436061218903,"Rubella"
"170415761.244",2008-01-14,2008-01-07,3,170415761,"75","170415761","P7D","http://aido.bsvgateway.org/api/locations/170415761/","Chile","Chile","Country","http://aido.bsvgateway.org/api/locations/13410479/",-71.3643742494707,-71.3643742494707,-37.7436061218903,"Rubella"
"170415761.245",2008-01-21,2008-01-14,2,170415761,"75","170415761","P7D","http://aido.bsvgateway.org/api/locations/170415761/","Chile","Chile","Country","http://aido.bsvgateway.org/api/locations/13410479/",-37.7436061218903,-71.3643742494707,-37.7436061218903,"Rubella"
"170415761.246",2008-01-28,2008-01-21,4,170415761,"75","170415761","P7D","http://aido.bsvgateway.org/api/locations/170415761/","Chile","Chile","Country","http://aido.bsvgateway.org/api/locations/13410479/",-71.3643742494707,-71.3643742494707,-37.7436061218903,"Rubella"
"170415761.247",2008-02-04,2008-01-28,1,170415761,"75","170415761","P7D","http://aido.bsvgateway.org/api/locations/170415761/","Chile","Chile","Country","http://aido.bsvgateway.org/api/locations/13410479/",-37.7436061218903,-71.3643742494707,-37.7436061218903,"Rubella"
