"","end","start","value","id","disease","location","duration","url","name","full_name","admin_level_name","parent","centroid_lat_long","longitude","latitude","disease_name"
"142369952.48",2008-01-31,2008-01-30,1,142369952,"66","142369952","P1D","http://aido.bsvgateway.org/api/locations/142369952/","Madagascar","Madagascar","Country","http://aido.bsvgateway.org/api/locations/93632501/",-19.3731675300067,46.7059983133487,-19.3731675300067,"Rift Valley Fever"
"142369952.49",2008-02-01,2008-01-31,0,142369952,"66","142369952","P1D","http://aido.bsvgateway.org/api/locations/142369952/","Madagascar","Madagascar","Country","http://aido.bsvgateway.org/api/locations/93632501/",46.7059983133487,46.7059983133487,-19.3731675300067,"Rift Valley Fever"
"142369952.50",2008-02-02,2008-02-01,0,142369952,"66","142369952","P1D","http://aido.bsvgateway.org/api/locations/142369952/","Madagascar","Madagascar","Country","http://aido.bsvgateway.org/api/locations/93632501/",-19.3731675300067,46.7059983133487,-19.3731675300067,"Rift Valley Fever"
"142369952.51",2008-02-03,2008-02-02,0,142369952,"66","142369952","P1D","http://aido.bsvgateway.org/api/locations/142369952/","Madagascar","Madagascar","Country","http://aido.bsvgateway.org/api/locations/93632501/",46.7059983133487,46.7059983133487,-19.3731675300067,"Rift Valley Fever"
"142369952.52",2008-02-04,2008-02-03,0,142369952,"66","142369952","P1D","http://aido.bsvgateway.org/api/locations/142369952/","Madagascar","Madagascar","Country","http://aido.bsvgateway.org/api/locations/93632501/",-19.3731675300067,46.7059983133487,-19.3731675300067,"Rift Valley Fever"
"142369952.53",2008-02-05,2008-02-04,0,142369952,"66","142369952","P1D","http://aido.bsvgateway.org/api/locations/142369952/","Madagascar","Madagascar","Country","http://aido.bsvgateway.org/api/locations/93632501/",46.7059983133487,46.7059983133487,-19.3731675300067,"Rift Valley Fever"
"142369952.54",2008-02-06,2008-02-05,0,142369952,"66","142369952","P1D","http://aido.bsvgateway.org/api/locations/142369952/","Madagascar","Madagascar","Country","http://aido.bsvgateway.org/api/locations/93632501/",-19.3731675300067,46.7059983133487,-19.3731675300067,"Rift Valley Fever"
"142369952.55",2008-02-07,2008-02-06,0,142369952,"66","142369952","P1D","http://aido.bsvgateway.org/api/locations/142369952/","Madagascar","Madagascar","Country","http://aido.bsvgateway.org/api/locations/93632501/",46.7059983133487,46.7059983133487,-19.3731675300067,"Rift Valley Fever"
"142369952.56",2008-02-08,2008-02-07,0,142369952,"66","142369952","P1D","http://aido.bsvgateway.org/api/locations/142369952/","Madagascar","Madagascar","Country","http://aido.bsvgateway.org/api/locations/93632501/",-19.3731675300067,46.7059983133487,-19.3731675300067,"Rift Valley Fever"
"142369952.57",2008-02-09,2008-02-08,0,142369952,"66","142369952","P1D","http://aido.bsvgateway.org/api/locations/142369952/","Madagascar","Madagascar","Country","http://aido.bsvgateway.org/api/locations/93632501/",46.7059983133487,46.7059983133487,-19.3731675300067,"Rift Valley Fever"
"142369952.58",2008-02-10,2008-02-09,0,142369952,"66","142369952","P1D","http://aido.bsvgateway.org/api/locations/142369952/","Madagascar","Madagascar","Country","http://aido.bsvgateway.org/api/locations/93632501/",-19.3731675300067,46.7059983133487,-19.3731675300067,"Rift Valley Fever"
"142369952.59",2008-02-11,2008-02-10,0,142369952,"66","142369952","P1D","http://aido.bsvgateway.org/api/locations/142369952/","Madagascar","Madagascar","Country","http://aido.bsvgateway.org/api/locations/93632501/",46.7059983133487,46.7059983133487,-19.3731675300067,"Rift Valley Fever"
"142369952.60",2008-02-12,2008-02-11,0,142369952,"66","142369952","P1D","http://aido.bsvgateway.org/api/locations/142369952/","Madagascar","Madagascar","Country","http://aido.bsvgateway.org/api/locations/93632501/",-19.3731675300067,46.7059983133487,-19.3731675300067,"Rift Valley Fever"
"142369952.61",2008-02-13,2008-02-12,0,142369952,"66","142369952","P1D","http://aido.bsvgateway.org/api/locations/142369952/","Madagascar","Madagascar","Country","http://aido.bsvgateway.org/api/locations/93632501/",46.7059983133487,46.7059983133487,-19.3731675300067,"Rift Valley Fever"
"142369952.62",2008-02-14,2008-02-13,0,142369952,"66","142369952","P1D","http://aido.bsvgateway.org/api/locations/142369952/","Madagascar","Madagascar","Country","http://aido.bsvgateway.org/api/locations/93632501/",-19.3731675300067,46.7059983133487,-19.3731675300067,"Rift Valley Fever"
"142369952.63",2008-02-15,2008-02-14,0,142369952,"66","142369952","P1D","http://aido.bsvgateway.org/api/locations/142369952/","Madagascar","Madagascar","Country","http://aido.bsvgateway.org/api/locations/93632501/",46.7059983133487,46.7059983133487,-19.3731675300067,"Rift Valley Fever"
"142369952.64",2008-02-16,2008-02-15,1,142369952,"66","142369952","P1D","http://aido.bsvgateway.org/api/locations/142369952/","Madagascar","Madagascar","Country","http://aido.bsvgateway.org/api/locations/93632501/",-19.3731675300067,46.7059983133487,-19.3731675300067,"Rift Valley Fever"
"142369952.65",2008-02-17,2008-02-16,0,142369952,"66","142369952","P1D","http://aido.bsvgateway.org/api/locations/142369952/","Madagascar","Madagascar","Country","http://aido.bsvgateway.org/api/locations/93632501/",46.7059983133487,46.7059983133487,-19.3731675300067,"Rift Valley Fever"
"142369952.66",2008-02-18,2008-02-17,0,142369952,"66","142369952","P1D","http://aido.bsvgateway.org/api/locations/142369952/","Madagascar","Madagascar","Country","http://aido.bsvgateway.org/api/locations/93632501/",-19.3731675300067,46.7059983133487,-19.3731675300067,"Rift Valley Fever"
"142369952.67",2008-02-19,2008-02-18,0,142369952,"66","142369952","P1D","http://aido.bsvgateway.org/api/locations/142369952/","Madagascar","Madagascar","Country","http://aido.bsvgateway.org/api/locations/93632501/",46.7059983133487,46.7059983133487,-19.3731675300067,"Rift Valley Fever"
"142369952.68",2008-02-20,2008-02-19,0,142369952,"66","142369952","P1D","http://aido.bsvgateway.org/api/locations/142369952/","Madagascar","Madagascar","Country","http://aido.bsvgateway.org/api/locations/93632501/",-19.3731675300067,46.7059983133487,-19.3731675300067,"Rift Valley Fever"
"142369952.69",2008-02-21,2008-02-20,0,142369952,"66","142369952","P1D","http://aido.bsvgateway.org/api/locations/142369952/","Madagascar","Madagascar","Country","http://aido.bsvgateway.org/api/locations/93632501/",46.7059983133487,46.7059983133487,-19.3731675300067,"Rift Valley Fever"
"142369952.70",2008-02-22,2008-02-21,0,142369952,"66","142369952","P1D","http://aido.bsvgateway.org/api/locations/142369952/","Madagascar","Madagascar","Country","http://aido.bsvgateway.org/api/locations/93632501/",-19.3731675300067,46.7059983133487,-19.3731675300067,"Rift Valley Fever"
"142369952.71",2008-02-23,2008-02-22,1,142369952,"66","142369952","P1D","http://aido.bsvgateway.org/api/locations/142369952/","Madagascar","Madagascar","Country","http://aido.bsvgateway.org/api/locations/93632501/",46.7059983133487,46.7059983133487,-19.3731675300067,"Rift Valley Fever"
"142369952.72",2008-02-24,2008-02-23,0,142369952,"66","142369952","P1D","http://aido.bsvgateway.org/api/locations/142369952/","Madagascar","Madagascar","Country","http://aido.bsvgateway.org/api/locations/93632501/",-19.3731675300067,46.7059983133487,-19.3731675300067,"Rift Valley Fever"
"142369952.73",2008-02-25,2008-02-24,0,142369952,"66","142369952","P1D","http://aido.bsvgateway.org/api/locations/142369952/","Madagascar","Madagascar","Country","http://aido.bsvgateway.org/api/locations/93632501/",46.7059983133487,46.7059983133487,-19.3731675300067,"Rift Valley Fever"
"142369952.74",2008-02-26,2008-02-25,0,142369952,"66","142369952","P1D","http://aido.bsvgateway.org/api/locations/142369952/","Madagascar","Madagascar","Country","http://aido.bsvgateway.org/api/locations/93632501/",-19.3731675300067,46.7059983133487,-19.3731675300067,"Rift Valley Fever"
"142369952.75",2008-02-27,2008-02-26,2,142369952,"66","142369952","P1D","http://aido.bsvgateway.org/api/locations/142369952/","Madagascar","Madagascar","Country","http://aido.bsvgateway.org/api/locations/93632501/",46.7059983133487,46.7059983133487,-19.3731675300067,"Rift Valley Fever"
"142369952.76",2008-02-28,2008-02-27,0,142369952,"66","142369952","P1D","http://aido.bsvgateway.org/api/locations/142369952/","Madagascar","Madagascar","Country","http://aido.bsvgateway.org/api/locations/93632501/",-19.3731675300067,46.7059983133487,-19.3731675300067,"Rift Valley Fever"
"142369952.77",2008-02-29,2008-02-28,0,142369952,"66","142369952","P1D","http://aido.bsvgateway.org/api/locations/142369952/","Madagascar","Madagascar","Country","http://aido.bsvgateway.org/api/locations/93632501/",46.7059983133487,46.7059983133487,-19.3731675300067,"Rift Valley Fever"
"142369952.78",2008-03-01,2008-02-29,0,142369952,"66","142369952","P1D","http://aido.bsvgateway.org/api/locations/142369952/","Madagascar","Madagascar","Country","http://aido.bsvgateway.org/api/locations/93632501/",-19.3731675300067,46.7059983133487,-19.3731675300067,"Rift Valley Fever"
"142369952.79",2008-03-02,2008-03-01,0,142369952,"66","142369952","P1D","http://aido.bsvgateway.org/api/locations/142369952/","Madagascar","Madagascar","Country","http://aido.bsvgateway.org/api/locations/93632501/",46.7059983133487,46.7059983133487,-19.3731675300067,"Rift Valley Fever"
"142369952.80",2008-03-03,2008-03-02,0,142369952,"66","142369952","P1D","http://aido.bsvgateway.org/api/locations/142369952/","Madagascar","Madagascar","Country","http://aido.bsvgateway.org/api/locations/93632501/",-19.3731675300067,46.7059983133487,-19.3731675300067,"Rift Valley Fever"
"142369952.81",2008-03-04,2008-03-03,0,142369952,"66","142369952","P1D","http://aido.bsvgateway.org/api/locations/142369952/","Madagascar","Madagascar","Country","http://aido.bsvgateway.org/api/locations/93632501/",46.7059983133487,46.7059983133487,-19.3731675300067,"Rift Valley Fever"
"142369952.82",2008-03-05,2008-03-04,0,142369952,"66","142369952","P1D","http://aido.bsvgateway.org/api/locations/142369952/","Madagascar","Madagascar","Country","http://aido.bsvgateway.org/api/locations/93632501/",-19.3731675300067,46.7059983133487,-19.3731675300067,"Rift Valley Fever"
"142369952.83",2008-03-06,2008-03-05,0,142369952,"66","142369952","P1D","http://aido.bsvgateway.org/api/locations/142369952/","Madagascar","Madagascar","Country","http://aido.bsvgateway.org/api/locations/93632501/",46.7059983133487,46.7059983133487,-19.3731675300067,"Rift Valley Fever"
"142369952.84",2008-03-07,2008-03-06,0,142369952,"66","142369952","P1D","http://aido.bsvgateway.org/api/locations/142369952/","Madagascar","Madagascar","Country","http://aido.bsvgateway.org/api/locations/93632501/",-19.3731675300067,46.7059983133487,-19.3731675300067,"Rift Valley Fever"
"142369952.85",2008-03-08,2008-03-07,0,142369952,"66","142369952","P1D","http://aido.bsvgateway.org/api/locations/142369952/","Madagascar","Madagascar","Country","http://aido.bsvgateway.org/api/locations/93632501/",46.7059983133487,46.7059983133487,-19.3731675300067,"Rift Valley Fever"
"142369952.86",2008-03-09,2008-03-08,0,142369952,"66","142369952","P1D","http://aido.bsvgateway.org/api/locations/142369952/","Madagascar","Madagascar","Country","http://aido.bsvgateway.org/api/locations/93632501/",-19.3731675300067,46.7059983133487,-19.3731675300067,"Rift Valley Fever"
"142369952.87",2008-03-10,2008-03-09,1,142369952,"66","142369952","P1D","http://aido.bsvgateway.org/api/locations/142369952/","Madagascar","Madagascar","Country","http://aido.bsvgateway.org/api/locations/93632501/",46.7059983133487,46.7059983133487,-19.3731675300067,"Rift Valley Fever"
"142369952.88",2008-03-11,2008-03-10,0,142369952,"66","142369952","P1D","http://aido.bsvgateway.org/api/locations/142369952/","Madagascar","Madagascar","Country","http://aido.bsvgateway.org/api/locations/93632501/",-19.3731675300067,46.7059983133487,-19.3731675300067,"Rift Valley Fever"
"142369952.89",2008-03-12,2008-03-11,1,142369952,"66","142369952","P1D","http://aido.bsvgateway.org/api/locations/142369952/","Madagascar","Madagascar","Country","http://aido.bsvgateway.org/api/locations/93632501/",46.7059983133487,46.7059983133487,-19.3731675300067,"Rift Valley Fever"
"142369952.90",2008-03-13,2008-03-12,3,142369952,"66","142369952","P1D","http://aido.bsvgateway.org/api/locations/142369952/","Madagascar","Madagascar","Country","http://aido.bsvgateway.org/api/locations/93632501/",-19.3731675300067,46.7059983133487,-19.3731675300067,"Rift Valley Fever"
"142369952.91",2008-03-14,2008-03-13,0,142369952,"66","142369952","P1D","http://aido.bsvgateway.org/api/locations/142369952/","Madagascar","Madagascar","Country","http://aido.bsvgateway.org/api/locations/93632501/",46.7059983133487,46.7059983133487,-19.3731675300067,"Rift Valley Fever"
"142369952.92",2008-03-15,2008-03-14,1,142369952,"66","142369952","P1D","http://aido.bsvgateway.org/api/locations/142369952/","Madagascar","Madagascar","Country","http://aido.bsvgateway.org/api/locations/93632501/",-19.3731675300067,46.7059983133487,-19.3731675300067,"Rift Valley Fever"
"142369952.93",2008-03-16,2008-03-15,0,142369952,"66","142369952","P1D","http://aido.bsvgateway.org/api/locations/142369952/","Madagascar","Madagascar","Country","http://aido.bsvgateway.org/api/locations/93632501/",46.7059983133487,46.7059983133487,-19.3731675300067,"Rift Valley Fever"
"142369952.94",2008-03-17,2008-03-16,1,142369952,"66","142369952","P1D","http://aido.bsvgateway.org/api/locations/142369952/","Madagascar","Madagascar","Country","http://aido.bsvgateway.org/api/locations/93632501/",-19.3731675300067,46.7059983133487,-19.3731675300067,"Rift Valley Fever"
"142369952.95",2008-03-18,2008-03-17,0,142369952,"66","142369952","P1D","http://aido.bsvgateway.org/api/locations/142369952/","Madagascar","Madagascar","Country","http://aido.bsvgateway.org/api/locations/93632501/",46.7059983133487,46.7059983133487,-19.3731675300067,"Rift Valley Fever"
"142369952.96",2008-03-19,2008-03-18,0,142369952,"66","142369952","P1D","http://aido.bsvgateway.org/api/locations/142369952/","Madagascar","Madagascar","Country","http://aido.bsvgateway.org/api/locations/93632501/",-19.3731675300067,46.7059983133487,-19.3731675300067,"Rift Valley Fever"
"142369952.97",2008-03-20,2008-03-19,0,142369952,"66","142369952","P1D","http://aido.bsvgateway.org/api/locations/142369952/","Madagascar","Madagascar","Country","http://aido.bsvgateway.org/api/locations/93632501/",46.7059983133487,46.7059983133487,-19.3731675300067,"Rift Valley Fever"
"142369952.98",2008-03-21,2008-03-20,0,142369952,"66","142369952","P1D","http://aido.bsvgateway.org/api/locations/142369952/","Madagascar","Madagascar","Country","http://aido.bsvgateway.org/api/locations/93632501/",-19.3731675300067,46.7059983133487,-19.3731675300067,"Rift Valley Fever"
"142369952.99",2008-03-22,2008-03-21,0,142369952,"66","142369952","P1D","http://aido.bsvgateway.org/api/locations/142369952/","Madagascar","Madagascar","Country","http://aido.bsvgateway.org/api/locations/93632501/",46.7059983133487,46.7059983133487,-19.3731675300067,"Rift Valley Fever"
"142369952.100",2008-03-23,2008-03-22,0,142369952,"66","142369952","P1D","http://aido.bsvgateway.org/api/locations/142369952/","Madagascar","Madagascar","Country","http://aido.bsvgateway.org/api/locations/93632501/",-19.3731675300067,46.7059983133487,-19.3731675300067,"Rift Valley Fever"
"142369952.101",2008-03-24,2008-03-23,10,142369952,"66","142369952","P1D","http://aido.bsvgateway.org/api/locations/142369952/","Madagascar","Madagascar","Country","http://aido.bsvgateway.org/api/locations/93632501/",46.7059983133487,46.7059983133487,-19.3731675300067,"Rift Valley Fever"
"142369952.102",2008-03-25,2008-03-24,0,142369952,"66","142369952","P1D","http://aido.bsvgateway.org/api/locations/142369952/","Madagascar","Madagascar","Country","http://aido.bsvgateway.org/api/locations/93632501/",-19.3731675300067,46.7059983133487,-19.3731675300067,"Rift Valley Fever"
"142369952.103",2008-03-26,2008-03-25,1,142369952,"66","142369952","P1D","http://aido.bsvgateway.org/api/locations/142369952/","Madagascar","Madagascar","Country","http://aido.bsvgateway.org/api/locations/93632501/",46.7059983133487,46.7059983133487,-19.3731675300067,"Rift Valley Fever"
"142369952.104",2008-03-27,2008-03-26,6,142369952,"66","142369952","P1D","http://aido.bsvgateway.org/api/locations/142369952/","Madagascar","Madagascar","Country","http://aido.bsvgateway.org/api/locations/93632501/",-19.3731675300067,46.7059983133487,-19.3731675300067,"Rift Valley Fever"
"142369952.105",2008-03-28,2008-03-27,0,142369952,"66","142369952","P1D","http://aido.bsvgateway.org/api/locations/142369952/","Madagascar","Madagascar","Country","http://aido.bsvgateway.org/api/locations/93632501/",46.7059983133487,46.7059983133487,-19.3731675300067,"Rift Valley Fever"
"142369952.106",2008-03-29,2008-03-28,1,142369952,"66","142369952","P1D","http://aido.bsvgateway.org/api/locations/142369952/","Madagascar","Madagascar","Country","http://aido.bsvgateway.org/api/locations/93632501/",-19.3731675300067,46.7059983133487,-19.3731675300067,"Rift Valley Fever"
"142369952.107",2008-03-30,2008-03-29,0,142369952,"66","142369952","P1D","http://aido.bsvgateway.org/api/locations/142369952/","Madagascar","Madagascar","Country","http://aido.bsvgateway.org/api/locations/93632501/",46.7059983133487,46.7059983133487,-19.3731675300067,"Rift Valley Fever"
"142369952.108",2008-03-31,2008-03-30,0,142369952,"66","142369952","P1D","http://aido.bsvgateway.org/api/locations/142369952/","Madagascar","Madagascar","Country","http://aido.bsvgateway.org/api/locations/93632501/",-19.3731675300067,46.7059983133487,-19.3731675300067,"Rift Valley Fever"
"142369952.109",2008-04-01,2008-03-31,0,142369952,"66","142369952","P1D","http://aido.bsvgateway.org/api/locations/142369952/","Madagascar","Madagascar","Country","http://aido.bsvgateway.org/api/locations/93632501/",46.7059983133487,46.7059983133487,-19.3731675300067,"Rift Valley Fever"
"142369952.110",2008-04-02,2008-04-01,0,142369952,"66","142369952","P1D","http://aido.bsvgateway.org/api/locations/142369952/","Madagascar","Madagascar","Country","http://aido.bsvgateway.org/api/locations/93632501/",-19.3731675300067,46.7059983133487,-19.3731675300067,"Rift Valley Fever"
"142369952.111",2008-04-03,2008-04-02,0,142369952,"66","142369952","P1D","http://aido.bsvgateway.org/api/locations/142369952/","Madagascar","Madagascar","Country","http://aido.bsvgateway.org/api/locations/93632501/",46.7059983133487,46.7059983133487,-19.3731675300067,"Rift Valley Fever"
"142369952.112",2008-04-04,2008-04-03,0,142369952,"66","142369952","P1D","http://aido.bsvgateway.org/api/locations/142369952/","Madagascar","Madagascar","Country","http://aido.bsvgateway.org/api/locations/93632501/",-19.3731675300067,46.7059983133487,-19.3731675300067,"Rift Valley Fever"
"142369952.113",2008-04-05,2008-04-04,0,142369952,"66","142369952","P1D","http://aido.bsvgateway.org/api/locations/142369952/","Madagascar","Madagascar","Country","http://aido.bsvgateway.org/api/locations/93632501/",46.7059983133487,46.7059983133487,-19.3731675300067,"Rift Valley Fever"
"142369952.114",2008-04-06,2008-04-05,0,142369952,"66","142369952","P1D","http://aido.bsvgateway.org/api/locations/142369952/","Madagascar","Madagascar","Country","http://aido.bsvgateway.org/api/locations/93632501/",-19.3731675300067,46.7059983133487,-19.3731675300067,"Rift Valley Fever"
"142369952.115",2008-04-07,2008-04-06,0,142369952,"66","142369952","P1D","http://aido.bsvgateway.org/api/locations/142369952/","Madagascar","Madagascar","Country","http://aido.bsvgateway.org/api/locations/93632501/",46.7059983133487,46.7059983133487,-19.3731675300067,"Rift Valley Fever"
"142369952.116",2008-04-08,2008-04-07,0,142369952,"66","142369952","P1D","http://aido.bsvgateway.org/api/locations/142369952/","Madagascar","Madagascar","Country","http://aido.bsvgateway.org/api/locations/93632501/",-19.3731675300067,46.7059983133487,-19.3731675300067,"Rift Valley Fever"
"142369952.117",2008-04-09,2008-04-08,0,142369952,"66","142369952","P1D","http://aido.bsvgateway.org/api/locations/142369952/","Madagascar","Madagascar","Country","http://aido.bsvgateway.org/api/locations/93632501/",46.7059983133487,46.7059983133487,-19.3731675300067,"Rift Valley Fever"
"142369952.118",2008-04-10,2008-04-09,0,142369952,"66","142369952","P1D","http://aido.bsvgateway.org/api/locations/142369952/","Madagascar","Madagascar","Country","http://aido.bsvgateway.org/api/locations/93632501/",-19.3731675300067,46.7059983133487,-19.3731675300067,"Rift Valley Fever"
"142369952.119",2008-04-11,2008-04-10,0,142369952,"66","142369952","P1D","http://aido.bsvgateway.org/api/locations/142369952/","Madagascar","Madagascar","Country","http://aido.bsvgateway.org/api/locations/93632501/",46.7059983133487,46.7059983133487,-19.3731675300067,"Rift Valley Fever"
"142369952.120",2008-04-12,2008-04-11,0,142369952,"66","142369952","P1D","http://aido.bsvgateway.org/api/locations/142369952/","Madagascar","Madagascar","Country","http://aido.bsvgateway.org/api/locations/93632501/",-19.3731675300067,46.7059983133487,-19.3731675300067,"Rift Valley Fever"
"142369952.121",2008-04-13,2008-04-12,0,142369952,"66","142369952","P1D","http://aido.bsvgateway.org/api/locations/142369952/","Madagascar","Madagascar","Country","http://aido.bsvgateway.org/api/locations/93632501/",46.7059983133487,46.7059983133487,-19.3731675300067,"Rift Valley Fever"
"142369952.122",2008-04-14,2008-04-13,0,142369952,"66","142369952","P1D","http://aido.bsvgateway.org/api/locations/142369952/","Madagascar","Madagascar","Country","http://aido.bsvgateway.org/api/locations/93632501/",-19.3731675300067,46.7059983133487,-19.3731675300067,"Rift Valley Fever"
"142369952.123",2008-04-15,2008-04-14,0,142369952,"66","142369952","P1D","http://aido.bsvgateway.org/api/locations/142369952/","Madagascar","Madagascar","Country","http://aido.bsvgateway.org/api/locations/93632501/",46.7059983133487,46.7059983133487,-19.3731675300067,"Rift Valley Fever"
"142369952.124",2008-04-16,2008-04-15,1,142369952,"66","142369952","P1D","http://aido.bsvgateway.org/api/locations/142369952/","Madagascar","Madagascar","Country","http://aido.bsvgateway.org/api/locations/93632501/",-19.3731675300067,46.7059983133487,-19.3731675300067,"Rift Valley Fever"
"142369952.125",2008-04-17,2008-04-16,0,142369952,"66","142369952","P1D","http://aido.bsvgateway.org/api/locations/142369952/","Madagascar","Madagascar","Country","http://aido.bsvgateway.org/api/locations/93632501/",46.7059983133487,46.7059983133487,-19.3731675300067,"Rift Valley Fever"
"142369952.126",2008-04-18,2008-04-17,0,142369952,"66","142369952","P1D","http://aido.bsvgateway.org/api/locations/142369952/","Madagascar","Madagascar","Country","http://aido.bsvgateway.org/api/locations/93632501/",-19.3731675300067,46.7059983133487,-19.3731675300067,"Rift Valley Fever"
"142369952.127",2008-04-19,2008-04-18,0,142369952,"66","142369952","P1D","http://aido.bsvgateway.org/api/locations/142369952/","Madagascar","Madagascar","Country","http://aido.bsvgateway.org/api/locations/93632501/",46.7059983133487,46.7059983133487,-19.3731675300067,"Rift Valley Fever"
"142369952.128",2008-04-20,2008-04-19,0,142369952,"66","142369952","P1D","http://aido.bsvgateway.org/api/locations/142369952/","Madagascar","Madagascar","Country","http://aido.bsvgateway.org/api/locations/93632501/",-19.3731675300067,46.7059983133487,-19.3731675300067,"Rift Valley Fever"
"142369952.129",2008-04-21,2008-04-20,0,142369952,"66","142369952","P1D","http://aido.bsvgateway.org/api/locations/142369952/","Madagascar","Madagascar","Country","http://aido.bsvgateway.org/api/locations/93632501/",46.7059983133487,46.7059983133487,-19.3731675300067,"Rift Valley Fever"
"142369952.130",2008-04-22,2008-04-21,0,142369952,"66","142369952","P1D","http://aido.bsvgateway.org/api/locations/142369952/","Madagascar","Madagascar","Country","http://aido.bsvgateway.org/api/locations/93632501/",-19.3731675300067,46.7059983133487,-19.3731675300067,"Rift Valley Fever"
"142369952.131",2008-04-23,2008-04-22,0,142369952,"66","142369952","P1D","http://aido.bsvgateway.org/api/locations/142369952/","Madagascar","Madagascar","Country","http://aido.bsvgateway.org/api/locations/93632501/",46.7059983133487,46.7059983133487,-19.3731675300067,"Rift Valley Fever"
"142369952.132",2008-04-24,2008-04-23,1,142369952,"66","142369952","P1D","http://aido.bsvgateway.org/api/locations/142369952/","Madagascar","Madagascar","Country","http://aido.bsvgateway.org/api/locations/93632501/",-19.3731675300067,46.7059983133487,-19.3731675300067,"Rift Valley Fever"
"142369952.133",2008-04-25,2008-04-24,0,142369952,"66","142369952","P1D","http://aido.bsvgateway.org/api/locations/142369952/","Madagascar","Madagascar","Country","http://aido.bsvgateway.org/api/locations/93632501/",46.7059983133487,46.7059983133487,-19.3731675300067,"Rift Valley Fever"
"142369952.134",2008-04-26,2008-04-25,0,142369952,"66","142369952","P1D","http://aido.bsvgateway.org/api/locations/142369952/","Madagascar","Madagascar","Country","http://aido.bsvgateway.org/api/locations/93632501/",-19.3731675300067,46.7059983133487,-19.3731675300067,"Rift Valley Fever"
"142369952.135",2008-04-27,2008-04-26,0,142369952,"66","142369952","P1D","http://aido.bsvgateway.org/api/locations/142369952/","Madagascar","Madagascar","Country","http://aido.bsvgateway.org/api/locations/93632501/",46.7059983133487,46.7059983133487,-19.3731675300067,"Rift Valley Fever"
"142369952.136",2008-04-28,2008-04-27,0,142369952,"66","142369952","P1D","http://aido.bsvgateway.org/api/locations/142369952/","Madagascar","Madagascar","Country","http://aido.bsvgateway.org/api/locations/93632501/",-19.3731675300067,46.7059983133487,-19.3731675300067,"Rift Valley Fever"
"142369952.137",2008-04-29,2008-04-28,0,142369952,"66","142369952","P1D","http://aido.bsvgateway.org/api/locations/142369952/","Madagascar","Madagascar","Country","http://aido.bsvgateway.org/api/locations/93632501/",46.7059983133487,46.7059983133487,-19.3731675300067,"Rift Valley Fever"
"142369952.138",2008-04-30,2008-04-29,1,142369952,"66","142369952","P1D","http://aido.bsvgateway.org/api/locations/142369952/","Madagascar","Madagascar","Country","http://aido.bsvgateway.org/api/locations/93632501/",-19.3731675300067,46.7059983133487,-19.3731675300067,"Rift Valley Fever"
"142369952.139",2008-05-01,2008-04-30,0,142369952,"66","142369952","P1D","http://aido.bsvgateway.org/api/locations/142369952/","Madagascar","Madagascar","Country","http://aido.bsvgateway.org/api/locations/93632501/",46.7059983133487,46.7059983133487,-19.3731675300067,"Rift Valley Fever"
"142369952.140",2008-05-02,2008-05-01,0,142369952,"66","142369952","P1D","http://aido.bsvgateway.org/api/locations/142369952/","Madagascar","Madagascar","Country","http://aido.bsvgateway.org/api/locations/93632501/",-19.3731675300067,46.7059983133487,-19.3731675300067,"Rift Valley Fever"
"142369952.141",2008-05-03,2008-05-02,0,142369952,"66","142369952","P1D","http://aido.bsvgateway.org/api/locations/142369952/","Madagascar","Madagascar","Country","http://aido.bsvgateway.org/api/locations/93632501/",46.7059983133487,46.7059983133487,-19.3731675300067,"Rift Valley Fever"
"142369952.142",2008-05-04,2008-05-03,0,142369952,"66","142369952","P1D","http://aido.bsvgateway.org/api/locations/142369952/","Madagascar","Madagascar","Country","http://aido.bsvgateway.org/api/locations/93632501/",-19.3731675300067,46.7059983133487,-19.3731675300067,"Rift Valley Fever"
"142369952.143",2008-05-05,2008-05-04,0,142369952,"66","142369952","P1D","http://aido.bsvgateway.org/api/locations/142369952/","Madagascar","Madagascar","Country","http://aido.bsvgateway.org/api/locations/93632501/",46.7059983133487,46.7059983133487,-19.3731675300067,"Rift Valley Fever"
"142369952.144",2008-05-06,2008-05-05,0,142369952,"66","142369952","P1D","http://aido.bsvgateway.org/api/locations/142369952/","Madagascar","Madagascar","Country","http://aido.bsvgateway.org/api/locations/93632501/",-19.3731675300067,46.7059983133487,-19.3731675300067,"Rift Valley Fever"
"142369952.145",2008-05-07,2008-05-06,0,142369952,"66","142369952","P1D","http://aido.bsvgateway.org/api/locations/142369952/","Madagascar","Madagascar","Country","http://aido.bsvgateway.org/api/locations/93632501/",46.7059983133487,46.7059983133487,-19.3731675300067,"Rift Valley Fever"
"142369952.146",2008-05-08,2008-05-07,0,142369952,"66","142369952","P1D","http://aido.bsvgateway.org/api/locations/142369952/","Madagascar","Madagascar","Country","http://aido.bsvgateway.org/api/locations/93632501/",-19.3731675300067,46.7059983133487,-19.3731675300067,"Rift Valley Fever"
"142369952.147",2008-05-09,2008-05-08,0,142369952,"66","142369952","P1D","http://aido.bsvgateway.org/api/locations/142369952/","Madagascar","Madagascar","Country","http://aido.bsvgateway.org/api/locations/93632501/",46.7059983133487,46.7059983133487,-19.3731675300067,"Rift Valley Fever"
"142369952.148",2008-05-10,2008-05-09,0,142369952,"66","142369952","P1D","http://aido.bsvgateway.org/api/locations/142369952/","Madagascar","Madagascar","Country","http://aido.bsvgateway.org/api/locations/93632501/",-19.3731675300067,46.7059983133487,-19.3731675300067,"Rift Valley Fever"
"142369952.149",2008-05-11,2008-05-10,0,142369952,"66","142369952","P1D","http://aido.bsvgateway.org/api/locations/142369952/","Madagascar","Madagascar","Country","http://aido.bsvgateway.org/api/locations/93632501/",46.7059983133487,46.7059983133487,-19.3731675300067,"Rift Valley Fever"
"142369952.150",2008-05-12,2008-05-11,0,142369952,"66","142369952","P1D","http://aido.bsvgateway.org/api/locations/142369952/","Madagascar","Madagascar","Country","http://aido.bsvgateway.org/api/locations/93632501/",-19.3731675300067,46.7059983133487,-19.3731675300067,"Rift Valley Fever"
"142369952.151",2008-05-13,2008-05-12,0,142369952,"66","142369952","P1D","http://aido.bsvgateway.org/api/locations/142369952/","Madagascar","Madagascar","Country","http://aido.bsvgateway.org/api/locations/93632501/",46.7059983133487,46.7059983133487,-19.3731675300067,"Rift Valley Fever"
"142369952.152",2008-05-14,2008-05-13,0,142369952,"66","142369952","P1D","http://aido.bsvgateway.org/api/locations/142369952/","Madagascar","Madagascar","Country","http://aido.bsvgateway.org/api/locations/93632501/",-19.3731675300067,46.7059983133487,-19.3731675300067,"Rift Valley Fever"
"142369952.153",2008-05-15,2008-05-14,0,142369952,"66","142369952","P1D","http://aido.bsvgateway.org/api/locations/142369952/","Madagascar","Madagascar","Country","http://aido.bsvgateway.org/api/locations/93632501/",46.7059983133487,46.7059983133487,-19.3731675300067,"Rift Valley Fever"
"142369952.154",2008-05-16,2008-05-15,0,142369952,"66","142369952","P1D","http://aido.bsvgateway.org/api/locations/142369952/","Madagascar","Madagascar","Country","http://aido.bsvgateway.org/api/locations/93632501/",-19.3731675300067,46.7059983133487,-19.3731675300067,"Rift Valley Fever"
"142369952.155",2008-05-17,2008-05-16,0,142369952,"66","142369952","P1D","http://aido.bsvgateway.org/api/locations/142369952/","Madagascar","Madagascar","Country","http://aido.bsvgateway.org/api/locations/93632501/",46.7059983133487,46.7059983133487,-19.3731675300067,"Rift Valley Fever"
"142369952.156",2008-05-18,2008-05-17,0,142369952,"66","142369952","P1D","http://aido.bsvgateway.org/api/locations/142369952/","Madagascar","Madagascar","Country","http://aido.bsvgateway.org/api/locations/93632501/",-19.3731675300067,46.7059983133487,-19.3731675300067,"Rift Valley Fever"
"142369952.157",2008-05-19,2008-05-18,0,142369952,"66","142369952","P1D","http://aido.bsvgateway.org/api/locations/142369952/","Madagascar","Madagascar","Country","http://aido.bsvgateway.org/api/locations/93632501/",46.7059983133487,46.7059983133487,-19.3731675300067,"Rift Valley Fever"
"142369952.158",2008-05-20,2008-05-19,0,142369952,"66","142369952","P1D","http://aido.bsvgateway.org/api/locations/142369952/","Madagascar","Madagascar","Country","http://aido.bsvgateway.org/api/locations/93632501/",-19.3731675300067,46.7059983133487,-19.3731675300067,"Rift Valley Fever"
"142369952.159",2008-05-21,2008-05-20,0,142369952,"66","142369952","P1D","http://aido.bsvgateway.org/api/locations/142369952/","Madagascar","Madagascar","Country","http://aido.bsvgateway.org/api/locations/93632501/",46.7059983133487,46.7059983133487,-19.3731675300067,"Rift Valley Fever"
"142369952.160",2008-05-22,2008-05-21,0,142369952,"66","142369952","P1D","http://aido.bsvgateway.org/api/locations/142369952/","Madagascar","Madagascar","Country","http://aido.bsvgateway.org/api/locations/93632501/",-19.3731675300067,46.7059983133487,-19.3731675300067,"Rift Valley Fever"
"142369952.161",2008-05-23,2008-05-22,0,142369952,"66","142369952","P1D","http://aido.bsvgateway.org/api/locations/142369952/","Madagascar","Madagascar","Country","http://aido.bsvgateway.org/api/locations/93632501/",46.7059983133487,46.7059983133487,-19.3731675300067,"Rift Valley Fever"
"142369952.162",2008-05-24,2008-05-23,0,142369952,"66","142369952","P1D","http://aido.bsvgateway.org/api/locations/142369952/","Madagascar","Madagascar","Country","http://aido.bsvgateway.org/api/locations/93632501/",-19.3731675300067,46.7059983133487,-19.3731675300067,"Rift Valley Fever"
"142369952.163",2008-05-25,2008-05-24,0,142369952,"66","142369952","P1D","http://aido.bsvgateway.org/api/locations/142369952/","Madagascar","Madagascar","Country","http://aido.bsvgateway.org/api/locations/93632501/",46.7059983133487,46.7059983133487,-19.3731675300067,"Rift Valley Fever"
"142369952.164",2008-05-26,2008-05-25,1,142369952,"66","142369952","P1D","http://aido.bsvgateway.org/api/locations/142369952/","Madagascar","Madagascar","Country","http://aido.bsvgateway.org/api/locations/93632501/",-19.3731675300067,46.7059983133487,-19.3731675300067,"Rift Valley Fever"
