"","end","start","value","id","disease","location","duration","url","name","full_name","admin_level_name","parent","centroid_lat_long","longitude","latitude","disease_name"
"70225325.173",1970-09-13,1970-09-12,1,70225325,"63","70225325","P1D","http://aido.bsvgateway.org/api/locations/70225325/","Liberia","Liberia","Country","http://aido.bsvgateway.org/api/locations/93632501/",6.45223255462257,-9.31986399326337,6.45223255462257,"Monkeypox"
"70225325.174",1970-09-14,1970-09-13,2,70225325,"63","70225325","P1D","http://aido.bsvgateway.org/api/locations/70225325/","Liberia","Liberia","Country","http://aido.bsvgateway.org/api/locations/93632501/",-9.31986399326337,-9.31986399326337,6.45223255462257,"Monkeypox"
"70225325.175",1970-09-15,1970-09-14,0,70225325,"63","70225325","P1D","http://aido.bsvgateway.org/api/locations/70225325/","Liberia","Liberia","Country","http://aido.bsvgateway.org/api/locations/93632501/",6.45223255462257,-9.31986399326337,6.45223255462257,"Monkeypox"
"70225325.176",1970-09-16,1970-09-15,0,70225325,"63","70225325","P1D","http://aido.bsvgateway.org/api/locations/70225325/","Liberia","Liberia","Country","http://aido.bsvgateway.org/api/locations/93632501/",-9.31986399326337,-9.31986399326337,6.45223255462257,"Monkeypox"
"70225325.177",1970-09-17,1970-09-16,0,70225325,"63","70225325","P1D","http://aido.bsvgateway.org/api/locations/70225325/","Liberia","Liberia","Country","http://aido.bsvgateway.org/api/locations/93632501/",6.45223255462257,-9.31986399326337,6.45223255462257,"Monkeypox"
"70225325.178",1970-09-18,1970-09-17,0,70225325,"63","70225325","P1D","http://aido.bsvgateway.org/api/locations/70225325/","Liberia","Liberia","Country","http://aido.bsvgateway.org/api/locations/93632501/",-9.31986399326337,-9.31986399326337,6.45223255462257,"Monkeypox"
"70225325.179",1970-09-19,1970-09-18,0,70225325,"63","70225325","P1D","http://aido.bsvgateway.org/api/locations/70225325/","Liberia","Liberia","Country","http://aido.bsvgateway.org/api/locations/93632501/",6.45223255462257,-9.31986399326337,6.45223255462257,"Monkeypox"
"70225325.180",1970-09-20,1970-09-19,0,70225325,"63","70225325","P1D","http://aido.bsvgateway.org/api/locations/70225325/","Liberia","Liberia","Country","http://aido.bsvgateway.org/api/locations/93632501/",-9.31986399326337,-9.31986399326337,6.45223255462257,"Monkeypox"
"70225325.181",1970-09-21,1970-09-20,0,70225325,"63","70225325","P1D","http://aido.bsvgateway.org/api/locations/70225325/","Liberia","Liberia","Country","http://aido.bsvgateway.org/api/locations/93632501/",6.45223255462257,-9.31986399326337,6.45223255462257,"Monkeypox"
"70225325.182",1970-09-22,1970-09-21,0,70225325,"63","70225325","P1D","http://aido.bsvgateway.org/api/locations/70225325/","Liberia","Liberia","Country","http://aido.bsvgateway.org/api/locations/93632501/",-9.31986399326337,-9.31986399326337,6.45223255462257,"Monkeypox"
"70225325.183",1970-09-23,1970-09-22,0,70225325,"63","70225325","P1D","http://aido.bsvgateway.org/api/locations/70225325/","Liberia","Liberia","Country","http://aido.bsvgateway.org/api/locations/93632501/",6.45223255462257,-9.31986399326337,6.45223255462257,"Monkeypox"
"70225325.184",1970-09-24,1970-09-23,0,70225325,"63","70225325","P1D","http://aido.bsvgateway.org/api/locations/70225325/","Liberia","Liberia","Country","http://aido.bsvgateway.org/api/locations/93632501/",-9.31986399326337,-9.31986399326337,6.45223255462257,"Monkeypox"
"70225325.185",1970-09-25,1970-09-24,0,70225325,"63","70225325","P1D","http://aido.bsvgateway.org/api/locations/70225325/","Liberia","Liberia","Country","http://aido.bsvgateway.org/api/locations/93632501/",6.45223255462257,-9.31986399326337,6.45223255462257,"Monkeypox"
"70225325.186",1970-09-26,1970-09-25,0,70225325,"63","70225325","P1D","http://aido.bsvgateway.org/api/locations/70225325/","Liberia","Liberia","Country","http://aido.bsvgateway.org/api/locations/93632501/",-9.31986399326337,-9.31986399326337,6.45223255462257,"Monkeypox"
"70225325.187",1970-09-27,1970-09-26,0,70225325,"63","70225325","P1D","http://aido.bsvgateway.org/api/locations/70225325/","Liberia","Liberia","Country","http://aido.bsvgateway.org/api/locations/93632501/",6.45223255462257,-9.31986399326337,6.45223255462257,"Monkeypox"
"70225325.188",1970-09-28,1970-09-27,0,70225325,"63","70225325","P1D","http://aido.bsvgateway.org/api/locations/70225325/","Liberia","Liberia","Country","http://aido.bsvgateway.org/api/locations/93632501/",-9.31986399326337,-9.31986399326337,6.45223255462257,"Monkeypox"
"70225325.189",1970-09-29,1970-09-28,0,70225325,"63","70225325","P1D","http://aido.bsvgateway.org/api/locations/70225325/","Liberia","Liberia","Country","http://aido.bsvgateway.org/api/locations/93632501/",6.45223255462257,-9.31986399326337,6.45223255462257,"Monkeypox"
"70225325.190",1970-09-30,1970-09-29,0,70225325,"63","70225325","P1D","http://aido.bsvgateway.org/api/locations/70225325/","Liberia","Liberia","Country","http://aido.bsvgateway.org/api/locations/93632501/",-9.31986399326337,-9.31986399326337,6.45223255462257,"Monkeypox"
"70225325.191",1970-10-01,1970-09-30,0,70225325,"63","70225325","P1D","http://aido.bsvgateway.org/api/locations/70225325/","Liberia","Liberia","Country","http://aido.bsvgateway.org/api/locations/93632501/",6.45223255462257,-9.31986399326337,6.45223255462257,"Monkeypox"
"70225325.192",1970-10-02,1970-10-01,0,70225325,"63","70225325","P1D","http://aido.bsvgateway.org/api/locations/70225325/","Liberia","Liberia","Country","http://aido.bsvgateway.org/api/locations/93632501/",-9.31986399326337,-9.31986399326337,6.45223255462257,"Monkeypox"
"70225325.193",1970-10-03,1970-10-02,1,70225325,"63","70225325","P1D","http://aido.bsvgateway.org/api/locations/70225325/","Liberia","Liberia","Country","http://aido.bsvgateway.org/api/locations/93632501/",6.45223255462257,-9.31986399326337,6.45223255462257,"Monkeypox"
"70225325.194",1970-10-04,1970-10-03,0,70225325,"63","70225325","P1D","http://aido.bsvgateway.org/api/locations/70225325/","Liberia","Liberia","Country","http://aido.bsvgateway.org/api/locations/93632501/",-9.31986399326337,-9.31986399326337,6.45223255462257,"Monkeypox"
"70225325.195",1970-10-05,1970-10-04,0,70225325,"63","70225325","P1D","http://aido.bsvgateway.org/api/locations/70225325/","Liberia","Liberia","Country","http://aido.bsvgateway.org/api/locations/93632501/",6.45223255462257,-9.31986399326337,6.45223255462257,"Monkeypox"
"70225325.196",1970-10-06,1970-10-05,0,70225325,"63","70225325","P1D","http://aido.bsvgateway.org/api/locations/70225325/","Liberia","Liberia","Country","http://aido.bsvgateway.org/api/locations/93632501/",-9.31986399326337,-9.31986399326337,6.45223255462257,"Monkeypox"
"70225325.197",1970-10-07,1970-10-06,0,70225325,"63","70225325","P1D","http://aido.bsvgateway.org/api/locations/70225325/","Liberia","Liberia","Country","http://aido.bsvgateway.org/api/locations/93632501/",6.45223255462257,-9.31986399326337,6.45223255462257,"Monkeypox"
"70225325.198",1970-10-08,1970-10-07,0,70225325,"63","70225325","P1D","http://aido.bsvgateway.org/api/locations/70225325/","Liberia","Liberia","Country","http://aido.bsvgateway.org/api/locations/93632501/",-9.31986399326337,-9.31986399326337,6.45223255462257,"Monkeypox"
"70225325.199",1970-10-09,1970-10-08,0,70225325,"63","70225325","P1D","http://aido.bsvgateway.org/api/locations/70225325/","Liberia","Liberia","Country","http://aido.bsvgateway.org/api/locations/93632501/",6.45223255462257,-9.31986399326337,6.45223255462257,"Monkeypox"
"70225325.200",1970-10-10,1970-10-09,0,70225325,"63","70225325","P1D","http://aido.bsvgateway.org/api/locations/70225325/","Liberia","Liberia","Country","http://aido.bsvgateway.org/api/locations/93632501/",-9.31986399326337,-9.31986399326337,6.45223255462257,"Monkeypox"
"70225325.201",1970-10-11,1970-10-10,0,70225325,"63","70225325","P1D","http://aido.bsvgateway.org/api/locations/70225325/","Liberia","Liberia","Country","http://aido.bsvgateway.org/api/locations/93632501/",6.45223255462257,-9.31986399326337,6.45223255462257,"Monkeypox"
"70225325.202",1970-10-12,1970-10-11,0,70225325,"63","70225325","P1D","http://aido.bsvgateway.org/api/locations/70225325/","Liberia","Liberia","Country","http://aido.bsvgateway.org/api/locations/93632501/",-9.31986399326337,-9.31986399326337,6.45223255462257,"Monkeypox"
"70225325.203",1970-10-13,1970-10-12,0,70225325,"63","70225325","P1D","http://aido.bsvgateway.org/api/locations/70225325/","Liberia","Liberia","Country","http://aido.bsvgateway.org/api/locations/93632501/",6.45223255462257,-9.31986399326337,6.45223255462257,"Monkeypox"
"70225325.204",1970-10-14,1970-10-13,0,70225325,"63","70225325","P1D","http://aido.bsvgateway.org/api/locations/70225325/","Liberia","Liberia","Country","http://aido.bsvgateway.org/api/locations/93632501/",-9.31986399326337,-9.31986399326337,6.45223255462257,"Monkeypox"
"70225325.205",1970-10-15,1970-10-14,0,70225325,"63","70225325","P1D","http://aido.bsvgateway.org/api/locations/70225325/","Liberia","Liberia","Country","http://aido.bsvgateway.org/api/locations/93632501/",6.45223255462257,-9.31986399326337,6.45223255462257,"Monkeypox"
"70225325.206",1970-10-16,1970-10-15,0,70225325,"63","70225325","P1D","http://aido.bsvgateway.org/api/locations/70225325/","Liberia","Liberia","Country","http://aido.bsvgateway.org/api/locations/93632501/",-9.31986399326337,-9.31986399326337,6.45223255462257,"Monkeypox"
"70225325.207",1970-10-17,1970-10-16,0,70225325,"63","70225325","P1D","http://aido.bsvgateway.org/api/locations/70225325/","Liberia","Liberia","Country","http://aido.bsvgateway.org/api/locations/93632501/",6.45223255462257,-9.31986399326337,6.45223255462257,"Monkeypox"
"70225325.208",1970-10-18,1970-10-17,0,70225325,"63","70225325","P1D","http://aido.bsvgateway.org/api/locations/70225325/","Liberia","Liberia","Country","http://aido.bsvgateway.org/api/locations/93632501/",-9.31986399326337,-9.31986399326337,6.45223255462257,"Monkeypox"
"70225325.209",1970-10-19,1970-10-18,0,70225325,"63","70225325","P1D","http://aido.bsvgateway.org/api/locations/70225325/","Liberia","Liberia","Country","http://aido.bsvgateway.org/api/locations/93632501/",6.45223255462257,-9.31986399326337,6.45223255462257,"Monkeypox"
"70225325.210",1970-10-20,1970-10-19,0,70225325,"63","70225325","P1D","http://aido.bsvgateway.org/api/locations/70225325/","Liberia","Liberia","Country","http://aido.bsvgateway.org/api/locations/93632501/",-9.31986399326337,-9.31986399326337,6.45223255462257,"Monkeypox"
"70225325.211",1970-10-21,1970-10-20,0,70225325,"63","70225325","P1D","http://aido.bsvgateway.org/api/locations/70225325/","Liberia","Liberia","Country","http://aido.bsvgateway.org/api/locations/93632501/",6.45223255462257,-9.31986399326337,6.45223255462257,"Monkeypox"
"70225325.212",1970-10-22,1970-10-21,0,70225325,"63","70225325","P1D","http://aido.bsvgateway.org/api/locations/70225325/","Liberia","Liberia","Country","http://aido.bsvgateway.org/api/locations/93632501/",-9.31986399326337,-9.31986399326337,6.45223255462257,"Monkeypox"
"70225325.213",1970-10-23,1970-10-22,0,70225325,"63","70225325","P1D","http://aido.bsvgateway.org/api/locations/70225325/","Liberia","Liberia","Country","http://aido.bsvgateway.org/api/locations/93632501/",6.45223255462257,-9.31986399326337,6.45223255462257,"Monkeypox"
"70225325.214",1970-10-24,1970-10-23,0,70225325,"63","70225325","P1D","http://aido.bsvgateway.org/api/locations/70225325/","Liberia","Liberia","Country","http://aido.bsvgateway.org/api/locations/93632501/",-9.31986399326337,-9.31986399326337,6.45223255462257,"Monkeypox"
"70225325.215",1970-10-25,1970-10-24,0,70225325,"63","70225325","P1D","http://aido.bsvgateway.org/api/locations/70225325/","Liberia","Liberia","Country","http://aido.bsvgateway.org/api/locations/93632501/",6.45223255462257,-9.31986399326337,6.45223255462257,"Monkeypox"
"70225325.216",1970-10-26,1970-10-25,0,70225325,"63","70225325","P1D","http://aido.bsvgateway.org/api/locations/70225325/","Liberia","Liberia","Country","http://aido.bsvgateway.org/api/locations/93632501/",-9.31986399326337,-9.31986399326337,6.45223255462257,"Monkeypox"
"70225325.217",1970-10-27,1970-10-26,0,70225325,"63","70225325","P1D","http://aido.bsvgateway.org/api/locations/70225325/","Liberia","Liberia","Country","http://aido.bsvgateway.org/api/locations/93632501/",6.45223255462257,-9.31986399326337,6.45223255462257,"Monkeypox"
"70225325.218",1970-10-28,1970-10-27,0,70225325,"63","70225325","P1D","http://aido.bsvgateway.org/api/locations/70225325/","Liberia","Liberia","Country","http://aido.bsvgateway.org/api/locations/93632501/",-9.31986399326337,-9.31986399326337,6.45223255462257,"Monkeypox"
"70225325.219",1970-10-29,1970-10-28,0,70225325,"63","70225325","P1D","http://aido.bsvgateway.org/api/locations/70225325/","Liberia","Liberia","Country","http://aido.bsvgateway.org/api/locations/93632501/",6.45223255462257,-9.31986399326337,6.45223255462257,"Monkeypox"
"70225325.220",1970-10-30,1970-10-29,0,70225325,"63","70225325","P1D","http://aido.bsvgateway.org/api/locations/70225325/","Liberia","Liberia","Country","http://aido.bsvgateway.org/api/locations/93632501/",-9.31986399326337,-9.31986399326337,6.45223255462257,"Monkeypox"
"70225325.221",1970-10-31,1970-10-30,0,70225325,"63","70225325","P1D","http://aido.bsvgateway.org/api/locations/70225325/","Liberia","Liberia","Country","http://aido.bsvgateway.org/api/locations/93632501/",6.45223255462257,-9.31986399326337,6.45223255462257,"Monkeypox"
"70225325.222",1970-11-01,1970-10-31,0,70225325,"63","70225325","P1D","http://aido.bsvgateway.org/api/locations/70225325/","Liberia","Liberia","Country","http://aido.bsvgateway.org/api/locations/93632501/",-9.31986399326337,-9.31986399326337,6.45223255462257,"Monkeypox"
"70225325.223",1970-11-02,1970-11-01,0,70225325,"63","70225325","P1D","http://aido.bsvgateway.org/api/locations/70225325/","Liberia","Liberia","Country","http://aido.bsvgateway.org/api/locations/93632501/",6.45223255462257,-9.31986399326337,6.45223255462257,"Monkeypox"
"70225325.224",1970-11-03,1970-11-02,0,70225325,"63","70225325","P1D","http://aido.bsvgateway.org/api/locations/70225325/","Liberia","Liberia","Country","http://aido.bsvgateway.org/api/locations/93632501/",-9.31986399326337,-9.31986399326337,6.45223255462257,"Monkeypox"
"70225325.225",1970-11-04,1970-11-03,0,70225325,"63","70225325","P1D","http://aido.bsvgateway.org/api/locations/70225325/","Liberia","Liberia","Country","http://aido.bsvgateway.org/api/locations/93632501/",6.45223255462257,-9.31986399326337,6.45223255462257,"Monkeypox"
"70225325.226",1970-11-05,1970-11-04,0,70225325,"63","70225325","P1D","http://aido.bsvgateway.org/api/locations/70225325/","Liberia","Liberia","Country","http://aido.bsvgateway.org/api/locations/93632501/",-9.31986399326337,-9.31986399326337,6.45223255462257,"Monkeypox"
"70225325.227",1970-11-06,1970-11-05,0,70225325,"63","70225325","P1D","http://aido.bsvgateway.org/api/locations/70225325/","Liberia","Liberia","Country","http://aido.bsvgateway.org/api/locations/93632501/",6.45223255462257,-9.31986399326337,6.45223255462257,"Monkeypox"
"70225325.228",1970-11-07,1970-11-06,0,70225325,"63","70225325","P1D","http://aido.bsvgateway.org/api/locations/70225325/","Liberia","Liberia","Country","http://aido.bsvgateway.org/api/locations/93632501/",-9.31986399326337,-9.31986399326337,6.45223255462257,"Monkeypox"
"70225325.229",1970-11-08,1970-11-07,0,70225325,"63","70225325","P1D","http://aido.bsvgateway.org/api/locations/70225325/","Liberia","Liberia","Country","http://aido.bsvgateway.org/api/locations/93632501/",6.45223255462257,-9.31986399326337,6.45223255462257,"Monkeypox"
"70225325.230",1970-11-09,1970-11-08,0,70225325,"63","70225325","P1D","http://aido.bsvgateway.org/api/locations/70225325/","Liberia","Liberia","Country","http://aido.bsvgateway.org/api/locations/93632501/",-9.31986399326337,-9.31986399326337,6.45223255462257,"Monkeypox"
"70225325.231",1970-11-10,1970-11-09,0,70225325,"63","70225325","P1D","http://aido.bsvgateway.org/api/locations/70225325/","Liberia","Liberia","Country","http://aido.bsvgateway.org/api/locations/93632501/",6.45223255462257,-9.31986399326337,6.45223255462257,"Monkeypox"
"70225325.232",1970-11-11,1970-11-10,0,70225325,"63","70225325","P1D","http://aido.bsvgateway.org/api/locations/70225325/","Liberia","Liberia","Country","http://aido.bsvgateway.org/api/locations/93632501/",-9.31986399326337,-9.31986399326337,6.45223255462257,"Monkeypox"
"70225325.233",1970-11-12,1970-11-11,0,70225325,"63","70225325","P1D","http://aido.bsvgateway.org/api/locations/70225325/","Liberia","Liberia","Country","http://aido.bsvgateway.org/api/locations/93632501/",6.45223255462257,-9.31986399326337,6.45223255462257,"Monkeypox"
"70225325.234",1970-11-13,1970-11-12,0,70225325,"63","70225325","P1D","http://aido.bsvgateway.org/api/locations/70225325/","Liberia","Liberia","Country","http://aido.bsvgateway.org/api/locations/93632501/",-9.31986399326337,-9.31986399326337,6.45223255462257,"Monkeypox"
"70225325.235",1970-11-14,1970-11-13,0,70225325,"63","70225325","P1D","http://aido.bsvgateway.org/api/locations/70225325/","Liberia","Liberia","Country","http://aido.bsvgateway.org/api/locations/93632501/",6.45223255462257,-9.31986399326337,6.45223255462257,"Monkeypox"
"70225325.236",1970-11-15,1970-11-14,0,70225325,"63","70225325","P1D","http://aido.bsvgateway.org/api/locations/70225325/","Liberia","Liberia","Country","http://aido.bsvgateway.org/api/locations/93632501/",-9.31986399326337,-9.31986399326337,6.45223255462257,"Monkeypox"
"70225325.237",1970-11-16,1970-11-15,0,70225325,"63","70225325","P1D","http://aido.bsvgateway.org/api/locations/70225325/","Liberia","Liberia","Country","http://aido.bsvgateway.org/api/locations/93632501/",6.45223255462257,-9.31986399326337,6.45223255462257,"Monkeypox"
"70225325.238",1970-11-17,1970-11-16,0,70225325,"63","70225325","P1D","http://aido.bsvgateway.org/api/locations/70225325/","Liberia","Liberia","Country","http://aido.bsvgateway.org/api/locations/93632501/",-9.31986399326337,-9.31986399326337,6.45223255462257,"Monkeypox"
"70225325.239",1970-11-18,1970-11-17,0,70225325,"63","70225325","P1D","http://aido.bsvgateway.org/api/locations/70225325/","Liberia","Liberia","Country","http://aido.bsvgateway.org/api/locations/93632501/",6.45223255462257,-9.31986399326337,6.45223255462257,"Monkeypox"
"70225325.240",1970-11-19,1970-11-18,0,70225325,"63","70225325","P1D","http://aido.bsvgateway.org/api/locations/70225325/","Liberia","Liberia","Country","http://aido.bsvgateway.org/api/locations/93632501/",-9.31986399326337,-9.31986399326337,6.45223255462257,"Monkeypox"
"70225325.241",1970-11-20,1970-11-19,0,70225325,"63","70225325","P1D","http://aido.bsvgateway.org/api/locations/70225325/","Liberia","Liberia","Country","http://aido.bsvgateway.org/api/locations/93632501/",6.45223255462257,-9.31986399326337,6.45223255462257,"Monkeypox"
"70225325.242",1970-11-21,1970-11-20,0,70225325,"63","70225325","P1D","http://aido.bsvgateway.org/api/locations/70225325/","Liberia","Liberia","Country","http://aido.bsvgateway.org/api/locations/93632501/",-9.31986399326337,-9.31986399326337,6.45223255462257,"Monkeypox"
"70225325.243",1970-11-22,1970-11-21,0,70225325,"63","70225325","P1D","http://aido.bsvgateway.org/api/locations/70225325/","Liberia","Liberia","Country","http://aido.bsvgateway.org/api/locations/93632501/",6.45223255462257,-9.31986399326337,6.45223255462257,"Monkeypox"
"70225325.244",1970-11-23,1970-11-22,0,70225325,"63","70225325","P1D","http://aido.bsvgateway.org/api/locations/70225325/","Liberia","Liberia","Country","http://aido.bsvgateway.org/api/locations/93632501/",-9.31986399326337,-9.31986399326337,6.45223255462257,"Monkeypox"
"70225325.245",1970-11-24,1970-11-23,0,70225325,"63","70225325","P1D","http://aido.bsvgateway.org/api/locations/70225325/","Liberia","Liberia","Country","http://aido.bsvgateway.org/api/locations/93632501/",6.45223255462257,-9.31986399326337,6.45223255462257,"Monkeypox"
"70225325.246",1970-11-25,1970-11-24,0,70225325,"63","70225325","P1D","http://aido.bsvgateway.org/api/locations/70225325/","Liberia","Liberia","Country","http://aido.bsvgateway.org/api/locations/93632501/",-9.31986399326337,-9.31986399326337,6.45223255462257,"Monkeypox"
"70225325.247",1970-11-26,1970-11-25,0,70225325,"63","70225325","P1D","http://aido.bsvgateway.org/api/locations/70225325/","Liberia","Liberia","Country","http://aido.bsvgateway.org/api/locations/93632501/",6.45223255462257,-9.31986399326337,6.45223255462257,"Monkeypox"
"70225325.248",1970-11-27,1970-11-26,0,70225325,"63","70225325","P1D","http://aido.bsvgateway.org/api/locations/70225325/","Liberia","Liberia","Country","http://aido.bsvgateway.org/api/locations/93632501/",-9.31986399326337,-9.31986399326337,6.45223255462257,"Monkeypox"
"70225325.249",1970-11-28,1970-11-27,0,70225325,"63","70225325","P1D","http://aido.bsvgateway.org/api/locations/70225325/","Liberia","Liberia","Country","http://aido.bsvgateway.org/api/locations/93632501/",6.45223255462257,-9.31986399326337,6.45223255462257,"Monkeypox"
"70225325.250",1970-11-29,1970-11-28,0,70225325,"63","70225325","P1D","http://aido.bsvgateway.org/api/locations/70225325/","Liberia","Liberia","Country","http://aido.bsvgateway.org/api/locations/93632501/",-9.31986399326337,-9.31986399326337,6.45223255462257,"Monkeypox"
"70225325.251",1970-11-30,1970-11-29,0,70225325,"63","70225325","P1D","http://aido.bsvgateway.org/api/locations/70225325/","Liberia","Liberia","Country","http://aido.bsvgateway.org/api/locations/93632501/",6.45223255462257,-9.31986399326337,6.45223255462257,"Monkeypox"
"70225325.252",1970-12-01,1970-11-30,0,70225325,"63","70225325","P1D","http://aido.bsvgateway.org/api/locations/70225325/","Liberia","Liberia","Country","http://aido.bsvgateway.org/api/locations/93632501/",-9.31986399326337,-9.31986399326337,6.45223255462257,"Monkeypox"
"70225325.253",1970-12-02,1970-12-01,1,70225325,"63","70225325","P1D","http://aido.bsvgateway.org/api/locations/70225325/","Liberia","Liberia","Country","http://aido.bsvgateway.org/api/locations/93632501/",6.45223255462257,-9.31986399326337,6.45223255462257,"Monkeypox"
"70225325.254",1970-12-03,1970-12-02,0,70225325,"63","70225325","P1D","http://aido.bsvgateway.org/api/locations/70225325/","Liberia","Liberia","Country","http://aido.bsvgateway.org/api/locations/93632501/",-9.31986399326337,-9.31986399326337,6.45223255462257,"Monkeypox"
"70225325.255",1970-12-04,1970-12-03,0,70225325,"63","70225325","P1D","http://aido.bsvgateway.org/api/locations/70225325/","Liberia","Liberia","Country","http://aido.bsvgateway.org/api/locations/93632501/",6.45223255462257,-9.31986399326337,6.45223255462257,"Monkeypox"
"70225325.256",1970-12-05,1970-12-04,0,70225325,"63","70225325","P1D","http://aido.bsvgateway.org/api/locations/70225325/","Liberia","Liberia","Country","http://aido.bsvgateway.org/api/locations/93632501/",-9.31986399326337,-9.31986399326337,6.45223255462257,"Monkeypox"
"70225325.257",1970-12-06,1970-12-05,0,70225325,"63","70225325","P1D","http://aido.bsvgateway.org/api/locations/70225325/","Liberia","Liberia","Country","http://aido.bsvgateway.org/api/locations/93632501/",6.45223255462257,-9.31986399326337,6.45223255462257,"Monkeypox"
"70225325.258",1970-12-07,1970-12-06,0,70225325,"63","70225325","P1D","http://aido.bsvgateway.org/api/locations/70225325/","Liberia","Liberia","Country","http://aido.bsvgateway.org/api/locations/93632501/",-9.31986399326337,-9.31986399326337,6.45223255462257,"Monkeypox"
"70225325.259",1970-12-08,1970-12-07,0,70225325,"63","70225325","P1D","http://aido.bsvgateway.org/api/locations/70225325/","Liberia","Liberia","Country","http://aido.bsvgateway.org/api/locations/93632501/",6.45223255462257,-9.31986399326337,6.45223255462257,"Monkeypox"
"70225325.260",1970-12-09,1970-12-08,0,70225325,"63","70225325","P1D","http://aido.bsvgateway.org/api/locations/70225325/","Liberia","Liberia","Country","http://aido.bsvgateway.org/api/locations/93632501/",-9.31986399326337,-9.31986399326337,6.45223255462257,"Monkeypox"
"70225325.261",1970-12-10,1970-12-09,0,70225325,"63","70225325","P1D","http://aido.bsvgateway.org/api/locations/70225325/","Liberia","Liberia","Country","http://aido.bsvgateway.org/api/locations/93632501/",6.45223255462257,-9.31986399326337,6.45223255462257,"Monkeypox"
"70225325.262",1970-12-11,1970-12-10,0,70225325,"63","70225325","P1D","http://aido.bsvgateway.org/api/locations/70225325/","Liberia","Liberia","Country","http://aido.bsvgateway.org/api/locations/93632501/",-9.31986399326337,-9.31986399326337,6.45223255462257,"Monkeypox"
"70225325.263",1970-12-12,1970-12-11,0,70225325,"63","70225325","P1D","http://aido.bsvgateway.org/api/locations/70225325/","Liberia","Liberia","Country","http://aido.bsvgateway.org/api/locations/93632501/",6.45223255462257,-9.31986399326337,6.45223255462257,"Monkeypox"
"70225325.264",1970-12-13,1970-12-12,0,70225325,"63","70225325","P1D","http://aido.bsvgateway.org/api/locations/70225325/","Liberia","Liberia","Country","http://aido.bsvgateway.org/api/locations/93632501/",-9.31986399326337,-9.31986399326337,6.45223255462257,"Monkeypox"
"70225325.265",1970-12-14,1970-12-13,0,70225325,"63","70225325","P1D","http://aido.bsvgateway.org/api/locations/70225325/","Liberia","Liberia","Country","http://aido.bsvgateway.org/api/locations/93632501/",6.45223255462257,-9.31986399326337,6.45223255462257,"Monkeypox"
"70225325.266",1970-12-15,1970-12-14,0,70225325,"63","70225325","P1D","http://aido.bsvgateway.org/api/locations/70225325/","Liberia","Liberia","Country","http://aido.bsvgateway.org/api/locations/93632501/",-9.31986399326337,-9.31986399326337,6.45223255462257,"Monkeypox"
"70225325.267",1970-12-16,1970-12-15,0,70225325,"63","70225325","P1D","http://aido.bsvgateway.org/api/locations/70225325/","Liberia","Liberia","Country","http://aido.bsvgateway.org/api/locations/93632501/",6.45223255462257,-9.31986399326337,6.45223255462257,"Monkeypox"
"70225325.268",1970-12-17,1970-12-16,0,70225325,"63","70225325","P1D","http://aido.bsvgateway.org/api/locations/70225325/","Liberia","Liberia","Country","http://aido.bsvgateway.org/api/locations/93632501/",-9.31986399326337,-9.31986399326337,6.45223255462257,"Monkeypox"
"70225325.269",1970-12-18,1970-12-17,0,70225325,"63","70225325","P1D","http://aido.bsvgateway.org/api/locations/70225325/","Liberia","Liberia","Country","http://aido.bsvgateway.org/api/locations/93632501/",6.45223255462257,-9.31986399326337,6.45223255462257,"Monkeypox"
"70225325.270",1970-12-19,1970-12-18,0,70225325,"63","70225325","P1D","http://aido.bsvgateway.org/api/locations/70225325/","Liberia","Liberia","Country","http://aido.bsvgateway.org/api/locations/93632501/",-9.31986399326337,-9.31986399326337,6.45223255462257,"Monkeypox"
"70225325.271",1970-12-20,1970-12-19,0,70225325,"63","70225325","P1D","http://aido.bsvgateway.org/api/locations/70225325/","Liberia","Liberia","Country","http://aido.bsvgateway.org/api/locations/93632501/",6.45223255462257,-9.31986399326337,6.45223255462257,"Monkeypox"
"70225325.272",1970-12-21,1970-12-20,0,70225325,"63","70225325","P1D","http://aido.bsvgateway.org/api/locations/70225325/","Liberia","Liberia","Country","http://aido.bsvgateway.org/api/locations/93632501/",-9.31986399326337,-9.31986399326337,6.45223255462257,"Monkeypox"
"70225325.273",1970-12-22,1970-12-21,0,70225325,"63","70225325","P1D","http://aido.bsvgateway.org/api/locations/70225325/","Liberia","Liberia","Country","http://aido.bsvgateway.org/api/locations/93632501/",6.45223255462257,-9.31986399326337,6.45223255462257,"Monkeypox"
"70225325.274",1970-12-23,1970-12-22,0,70225325,"63","70225325","P1D","http://aido.bsvgateway.org/api/locations/70225325/","Liberia","Liberia","Country","http://aido.bsvgateway.org/api/locations/93632501/",-9.31986399326337,-9.31986399326337,6.45223255462257,"Monkeypox"
"70225325.275",1970-12-24,1970-12-23,0,70225325,"63","70225325","P1D","http://aido.bsvgateway.org/api/locations/70225325/","Liberia","Liberia","Country","http://aido.bsvgateway.org/api/locations/93632501/",6.45223255462257,-9.31986399326337,6.45223255462257,"Monkeypox"
"70225325.276",1970-12-25,1970-12-24,0,70225325,"63","70225325","P1D","http://aido.bsvgateway.org/api/locations/70225325/","Liberia","Liberia","Country","http://aido.bsvgateway.org/api/locations/93632501/",-9.31986399326337,-9.31986399326337,6.45223255462257,"Monkeypox"
"70225325.277",1970-12-26,1970-12-25,0,70225325,"63","70225325","P1D","http://aido.bsvgateway.org/api/locations/70225325/","Liberia","Liberia","Country","http://aido.bsvgateway.org/api/locations/93632501/",6.45223255462257,-9.31986399326337,6.45223255462257,"Monkeypox"
"70225325.278",1970-12-27,1970-12-26,0,70225325,"63","70225325","P1D","http://aido.bsvgateway.org/api/locations/70225325/","Liberia","Liberia","Country","http://aido.bsvgateway.org/api/locations/93632501/",-9.31986399326337,-9.31986399326337,6.45223255462257,"Monkeypox"
"70225325.279",1970-12-28,1970-12-27,0,70225325,"63","70225325","P1D","http://aido.bsvgateway.org/api/locations/70225325/","Liberia","Liberia","Country","http://aido.bsvgateway.org/api/locations/93632501/",6.45223255462257,-9.31986399326337,6.45223255462257,"Monkeypox"
"70225325.280",1970-12-29,1970-12-28,0,70225325,"63","70225325","P1D","http://aido.bsvgateway.org/api/locations/70225325/","Liberia","Liberia","Country","http://aido.bsvgateway.org/api/locations/93632501/",-9.31986399326337,-9.31986399326337,6.45223255462257,"Monkeypox"
"70225325.281",1970-12-30,1970-12-29,0,70225325,"63","70225325","P1D","http://aido.bsvgateway.org/api/locations/70225325/","Liberia","Liberia","Country","http://aido.bsvgateway.org/api/locations/93632501/",6.45223255462257,-9.31986399326337,6.45223255462257,"Monkeypox"
"70225325.282",1970-12-31,1970-12-30,0,70225325,"63","70225325","P1D","http://aido.bsvgateway.org/api/locations/70225325/","Liberia","Liberia","Country","http://aido.bsvgateway.org/api/locations/93632501/",-9.31986399326337,-9.31986399326337,6.45223255462257,"Monkeypox"
"70225325.283",1971-01-01,1970-12-31,0,70225325,"63","70225325","P1D","http://aido.bsvgateway.org/api/locations/70225325/","Liberia","Liberia","Country","http://aido.bsvgateway.org/api/locations/93632501/",6.45223255462257,-9.31986399326337,6.45223255462257,"Monkeypox"
"70225325.284",1971-01-02,1971-01-01,0,70225325,"63","70225325","P1D","http://aido.bsvgateway.org/api/locations/70225325/","Liberia","Liberia","Country","http://aido.bsvgateway.org/api/locations/93632501/",-9.31986399326337,-9.31986399326337,6.45223255462257,"Monkeypox"
"70225325.285",1971-01-03,1971-01-02,0,70225325,"63","70225325","P1D","http://aido.bsvgateway.org/api/locations/70225325/","Liberia","Liberia","Country","http://aido.bsvgateway.org/api/locations/93632501/",6.45223255462257,-9.31986399326337,6.45223255462257,"Monkeypox"
"70225325.286",1971-01-04,1971-01-03,0,70225325,"63","70225325","P1D","http://aido.bsvgateway.org/api/locations/70225325/","Liberia","Liberia","Country","http://aido.bsvgateway.org/api/locations/93632501/",-9.31986399326337,-9.31986399326337,6.45223255462257,"Monkeypox"
"70225325.287",1971-01-05,1971-01-04,0,70225325,"63","70225325","P1D","http://aido.bsvgateway.org/api/locations/70225325/","Liberia","Liberia","Country","http://aido.bsvgateway.org/api/locations/93632501/",6.45223255462257,-9.31986399326337,6.45223255462257,"Monkeypox"
"70225325.288",1971-01-06,1971-01-05,0,70225325,"63","70225325","P1D","http://aido.bsvgateway.org/api/locations/70225325/","Liberia","Liberia","Country","http://aido.bsvgateway.org/api/locations/93632501/",-9.31986399326337,-9.31986399326337,6.45223255462257,"Monkeypox"
"70225325.289",1971-01-07,1971-01-06,0,70225325,"63","70225325","P1D","http://aido.bsvgateway.org/api/locations/70225325/","Liberia","Liberia","Country","http://aido.bsvgateway.org/api/locations/93632501/",6.45223255462257,-9.31986399326337,6.45223255462257,"Monkeypox"
"70225325.290",1971-01-08,1971-01-07,0,70225325,"63","70225325","P1D","http://aido.bsvgateway.org/api/locations/70225325/","Liberia","Liberia","Country","http://aido.bsvgateway.org/api/locations/93632501/",-9.31986399326337,-9.31986399326337,6.45223255462257,"Monkeypox"
"70225325.291",1971-01-09,1971-01-08,0,70225325,"63","70225325","P1D","http://aido.bsvgateway.org/api/locations/70225325/","Liberia","Liberia","Country","http://aido.bsvgateway.org/api/locations/93632501/",6.45223255462257,-9.31986399326337,6.45223255462257,"Monkeypox"
"70225325.292",1971-01-10,1971-01-09,0,70225325,"63","70225325","P1D","http://aido.bsvgateway.org/api/locations/70225325/","Liberia","Liberia","Country","http://aido.bsvgateway.org/api/locations/93632501/",-9.31986399326337,-9.31986399326337,6.45223255462257,"Monkeypox"
"70225325.293",1971-01-11,1971-01-10,0,70225325,"63","70225325","P1D","http://aido.bsvgateway.org/api/locations/70225325/","Liberia","Liberia","Country","http://aido.bsvgateway.org/api/locations/93632501/",6.45223255462257,-9.31986399326337,6.45223255462257,"Monkeypox"
"70225325.294",1971-01-12,1971-01-11,0,70225325,"63","70225325","P1D","http://aido.bsvgateway.org/api/locations/70225325/","Liberia","Liberia","Country","http://aido.bsvgateway.org/api/locations/93632501/",-9.31986399326337,-9.31986399326337,6.45223255462257,"Monkeypox"
"70225325.295",1971-01-13,1971-01-12,0,70225325,"63","70225325","P1D","http://aido.bsvgateway.org/api/locations/70225325/","Liberia","Liberia","Country","http://aido.bsvgateway.org/api/locations/93632501/",6.45223255462257,-9.31986399326337,6.45223255462257,"Monkeypox"
"70225325.296",1971-01-14,1971-01-13,0,70225325,"63","70225325","P1D","http://aido.bsvgateway.org/api/locations/70225325/","Liberia","Liberia","Country","http://aido.bsvgateway.org/api/locations/93632501/",-9.31986399326337,-9.31986399326337,6.45223255462257,"Monkeypox"
"70225325.297",1971-01-15,1971-01-14,0,70225325,"63","70225325","P1D","http://aido.bsvgateway.org/api/locations/70225325/","Liberia","Liberia","Country","http://aido.bsvgateway.org/api/locations/93632501/",6.45223255462257,-9.31986399326337,6.45223255462257,"Monkeypox"
"70225325.298",1971-01-16,1971-01-15,0,70225325,"63","70225325","P1D","http://aido.bsvgateway.org/api/locations/70225325/","Liberia","Liberia","Country","http://aido.bsvgateway.org/api/locations/93632501/",-9.31986399326337,-9.31986399326337,6.45223255462257,"Monkeypox"
"70225325.299",1971-01-17,1971-01-16,0,70225325,"63","70225325","P1D","http://aido.bsvgateway.org/api/locations/70225325/","Liberia","Liberia","Country","http://aido.bsvgateway.org/api/locations/93632501/",6.45223255462257,-9.31986399326337,6.45223255462257,"Monkeypox"
"70225325.300",1971-01-18,1971-01-17,0,70225325,"63","70225325","P1D","http://aido.bsvgateway.org/api/locations/70225325/","Liberia","Liberia","Country","http://aido.bsvgateway.org/api/locations/93632501/",-9.31986399326337,-9.31986399326337,6.45223255462257,"Monkeypox"
"70225325.301",1971-01-19,1971-01-18,0,70225325,"63","70225325","P1D","http://aido.bsvgateway.org/api/locations/70225325/","Liberia","Liberia","Country","http://aido.bsvgateway.org/api/locations/93632501/",6.45223255462257,-9.31986399326337,6.45223255462257,"Monkeypox"
"70225325.302",1971-01-20,1971-01-19,0,70225325,"63","70225325","P1D","http://aido.bsvgateway.org/api/locations/70225325/","Liberia","Liberia","Country","http://aido.bsvgateway.org/api/locations/93632501/",-9.31986399326337,-9.31986399326337,6.45223255462257,"Monkeypox"
"70225325.303",1971-01-21,1971-01-20,0,70225325,"63","70225325","P1D","http://aido.bsvgateway.org/api/locations/70225325/","Liberia","Liberia","Country","http://aido.bsvgateway.org/api/locations/93632501/",6.45223255462257,-9.31986399326337,6.45223255462257,"Monkeypox"
"70225325.304",1971-01-22,1971-01-21,0,70225325,"63","70225325","P1D","http://aido.bsvgateway.org/api/locations/70225325/","Liberia","Liberia","Country","http://aido.bsvgateway.org/api/locations/93632501/",-9.31986399326337,-9.31986399326337,6.45223255462257,"Monkeypox"
"70225325.305",1971-01-23,1971-01-22,0,70225325,"63","70225325","P1D","http://aido.bsvgateway.org/api/locations/70225325/","Liberia","Liberia","Country","http://aido.bsvgateway.org/api/locations/93632501/",6.45223255462257,-9.31986399326337,6.45223255462257,"Monkeypox"
"70225325.306",1971-01-24,1971-01-23,0,70225325,"63","70225325","P1D","http://aido.bsvgateway.org/api/locations/70225325/","Liberia","Liberia","Country","http://aido.bsvgateway.org/api/locations/93632501/",-9.31986399326337,-9.31986399326337,6.45223255462257,"Monkeypox"
"70225325.307",1971-01-25,1971-01-24,0,70225325,"63","70225325","P1D","http://aido.bsvgateway.org/api/locations/70225325/","Liberia","Liberia","Country","http://aido.bsvgateway.org/api/locations/93632501/",6.45223255462257,-9.31986399326337,6.45223255462257,"Monkeypox"
"70225325.308",1971-01-26,1971-01-25,0,70225325,"63","70225325","P1D","http://aido.bsvgateway.org/api/locations/70225325/","Liberia","Liberia","Country","http://aido.bsvgateway.org/api/locations/93632501/",-9.31986399326337,-9.31986399326337,6.45223255462257,"Monkeypox"
"70225325.309",1971-01-27,1971-01-26,0,70225325,"63","70225325","P1D","http://aido.bsvgateway.org/api/locations/70225325/","Liberia","Liberia","Country","http://aido.bsvgateway.org/api/locations/93632501/",6.45223255462257,-9.31986399326337,6.45223255462257,"Monkeypox"
"70225325.310",1971-01-28,1971-01-27,0,70225325,"63","70225325","P1D","http://aido.bsvgateway.org/api/locations/70225325/","Liberia","Liberia","Country","http://aido.bsvgateway.org/api/locations/93632501/",-9.31986399326337,-9.31986399326337,6.45223255462257,"Monkeypox"
"70225325.311",1971-01-29,1971-01-28,0,70225325,"63","70225325","P1D","http://aido.bsvgateway.org/api/locations/70225325/","Liberia","Liberia","Country","http://aido.bsvgateway.org/api/locations/93632501/",6.45223255462257,-9.31986399326337,6.45223255462257,"Monkeypox"
"70225325.312",1971-01-30,1971-01-29,0,70225325,"63","70225325","P1D","http://aido.bsvgateway.org/api/locations/70225325/","Liberia","Liberia","Country","http://aido.bsvgateway.org/api/locations/93632501/",-9.31986399326337,-9.31986399326337,6.45223255462257,"Monkeypox"
"70225325.313",1971-01-31,1971-01-30,0,70225325,"63","70225325","P1D","http://aido.bsvgateway.org/api/locations/70225325/","Liberia","Liberia","Country","http://aido.bsvgateway.org/api/locations/93632501/",6.45223255462257,-9.31986399326337,6.45223255462257,"Monkeypox"
"70225325.314",1971-02-01,1971-01-31,0,70225325,"63","70225325","P1D","http://aido.bsvgateway.org/api/locations/70225325/","Liberia","Liberia","Country","http://aido.bsvgateway.org/api/locations/93632501/",-9.31986399326337,-9.31986399326337,6.45223255462257,"Monkeypox"
"70225325.315",1971-02-02,1971-02-01,0,70225325,"63","70225325","P1D","http://aido.bsvgateway.org/api/locations/70225325/","Liberia","Liberia","Country","http://aido.bsvgateway.org/api/locations/93632501/",6.45223255462257,-9.31986399326337,6.45223255462257,"Monkeypox"
"70225325.316",1971-02-03,1971-02-02,0,70225325,"63","70225325","P1D","http://aido.bsvgateway.org/api/locations/70225325/","Liberia","Liberia","Country","http://aido.bsvgateway.org/api/locations/93632501/",-9.31986399326337,-9.31986399326337,6.45223255462257,"Monkeypox"
"70225325.317",1971-02-04,1971-02-03,0,70225325,"63","70225325","P1D","http://aido.bsvgateway.org/api/locations/70225325/","Liberia","Liberia","Country","http://aido.bsvgateway.org/api/locations/93632501/",6.45223255462257,-9.31986399326337,6.45223255462257,"Monkeypox"
"70225325.318",1971-02-05,1971-02-04,0,70225325,"63","70225325","P1D","http://aido.bsvgateway.org/api/locations/70225325/","Liberia","Liberia","Country","http://aido.bsvgateway.org/api/locations/93632501/",-9.31986399326337,-9.31986399326337,6.45223255462257,"Monkeypox"
"70225325.319",1971-02-06,1971-02-05,0,70225325,"63","70225325","P1D","http://aido.bsvgateway.org/api/locations/70225325/","Liberia","Liberia","Country","http://aido.bsvgateway.org/api/locations/93632501/",6.45223255462257,-9.31986399326337,6.45223255462257,"Monkeypox"
"70225325.320",1971-02-07,1971-02-06,0,70225325,"63","70225325","P1D","http://aido.bsvgateway.org/api/locations/70225325/","Liberia","Liberia","Country","http://aido.bsvgateway.org/api/locations/93632501/",-9.31986399326337,-9.31986399326337,6.45223255462257,"Monkeypox"
"70225325.321",1971-02-08,1971-02-07,0,70225325,"63","70225325","P1D","http://aido.bsvgateway.org/api/locations/70225325/","Liberia","Liberia","Country","http://aido.bsvgateway.org/api/locations/93632501/",6.45223255462257,-9.31986399326337,6.45223255462257,"Monkeypox"
"70225325.322",1971-02-09,1971-02-08,0,70225325,"63","70225325","P1D","http://aido.bsvgateway.org/api/locations/70225325/","Liberia","Liberia","Country","http://aido.bsvgateway.org/api/locations/93632501/",-9.31986399326337,-9.31986399326337,6.45223255462257,"Monkeypox"
"70225325.323",1971-02-10,1971-02-09,0,70225325,"63","70225325","P1D","http://aido.bsvgateway.org/api/locations/70225325/","Liberia","Liberia","Country","http://aido.bsvgateway.org/api/locations/93632501/",6.45223255462257,-9.31986399326337,6.45223255462257,"Monkeypox"
"70225325.324",1971-02-11,1971-02-10,0,70225325,"63","70225325","P1D","http://aido.bsvgateway.org/api/locations/70225325/","Liberia","Liberia","Country","http://aido.bsvgateway.org/api/locations/93632501/",-9.31986399326337,-9.31986399326337,6.45223255462257,"Monkeypox"
"70225325.325",1971-02-12,1971-02-11,0,70225325,"63","70225325","P1D","http://aido.bsvgateway.org/api/locations/70225325/","Liberia","Liberia","Country","http://aido.bsvgateway.org/api/locations/93632501/",6.45223255462257,-9.31986399326337,6.45223255462257,"Monkeypox"
"70225325.326",1971-02-13,1971-02-12,0,70225325,"63","70225325","P1D","http://aido.bsvgateway.org/api/locations/70225325/","Liberia","Liberia","Country","http://aido.bsvgateway.org/api/locations/93632501/",-9.31986399326337,-9.31986399326337,6.45223255462257,"Monkeypox"
"70225325.327",1971-02-14,1971-02-13,0,70225325,"63","70225325","P1D","http://aido.bsvgateway.org/api/locations/70225325/","Liberia","Liberia","Country","http://aido.bsvgateway.org/api/locations/93632501/",6.45223255462257,-9.31986399326337,6.45223255462257,"Monkeypox"
"70225325.328",1971-02-15,1971-02-14,0,70225325,"63","70225325","P1D","http://aido.bsvgateway.org/api/locations/70225325/","Liberia","Liberia","Country","http://aido.bsvgateway.org/api/locations/93632501/",-9.31986399326337,-9.31986399326337,6.45223255462257,"Monkeypox"
"70225325.329",1971-02-16,1971-02-15,0,70225325,"63","70225325","P1D","http://aido.bsvgateway.org/api/locations/70225325/","Liberia","Liberia","Country","http://aido.bsvgateway.org/api/locations/93632501/",6.45223255462257,-9.31986399326337,6.45223255462257,"Monkeypox"
"70225325.330",1971-02-17,1971-02-16,0,70225325,"63","70225325","P1D","http://aido.bsvgateway.org/api/locations/70225325/","Liberia","Liberia","Country","http://aido.bsvgateway.org/api/locations/93632501/",-9.31986399326337,-9.31986399326337,6.45223255462257,"Monkeypox"
"70225325.331",1971-02-18,1971-02-17,0,70225325,"63","70225325","P1D","http://aido.bsvgateway.org/api/locations/70225325/","Liberia","Liberia","Country","http://aido.bsvgateway.org/api/locations/93632501/",6.45223255462257,-9.31986399326337,6.45223255462257,"Monkeypox"
"70225325.332",1971-02-19,1971-02-18,0,70225325,"63","70225325","P1D","http://aido.bsvgateway.org/api/locations/70225325/","Liberia","Liberia","Country","http://aido.bsvgateway.org/api/locations/93632501/",-9.31986399326337,-9.31986399326337,6.45223255462257,"Monkeypox"
"70225325.333",1971-02-20,1971-02-19,0,70225325,"63","70225325","P1D","http://aido.bsvgateway.org/api/locations/70225325/","Liberia","Liberia","Country","http://aido.bsvgateway.org/api/locations/93632501/",6.45223255462257,-9.31986399326337,6.45223255462257,"Monkeypox"
"70225325.334",1971-02-21,1971-02-20,0,70225325,"63","70225325","P1D","http://aido.bsvgateway.org/api/locations/70225325/","Liberia","Liberia","Country","http://aido.bsvgateway.org/api/locations/93632501/",-9.31986399326337,-9.31986399326337,6.45223255462257,"Monkeypox"
"70225325.335",1971-02-22,1971-02-21,0,70225325,"63","70225325","P1D","http://aido.bsvgateway.org/api/locations/70225325/","Liberia","Liberia","Country","http://aido.bsvgateway.org/api/locations/93632501/",6.45223255462257,-9.31986399326337,6.45223255462257,"Monkeypox"
"70225325.336",1971-02-23,1971-02-22,0,70225325,"63","70225325","P1D","http://aido.bsvgateway.org/api/locations/70225325/","Liberia","Liberia","Country","http://aido.bsvgateway.org/api/locations/93632501/",-9.31986399326337,-9.31986399326337,6.45223255462257,"Monkeypox"
"70225325.337",1971-02-24,1971-02-23,0,70225325,"63","70225325","P1D","http://aido.bsvgateway.org/api/locations/70225325/","Liberia","Liberia","Country","http://aido.bsvgateway.org/api/locations/93632501/",6.45223255462257,-9.31986399326337,6.45223255462257,"Monkeypox"
"70225325.338",1971-02-25,1971-02-24,0,70225325,"63","70225325","P1D","http://aido.bsvgateway.org/api/locations/70225325/","Liberia","Liberia","Country","http://aido.bsvgateway.org/api/locations/93632501/",-9.31986399326337,-9.31986399326337,6.45223255462257,"Monkeypox"
"70225325.339",1971-02-26,1971-02-25,0,70225325,"63","70225325","P1D","http://aido.bsvgateway.org/api/locations/70225325/","Liberia","Liberia","Country","http://aido.bsvgateway.org/api/locations/93632501/",6.45223255462257,-9.31986399326337,6.45223255462257,"Monkeypox"
"70225325.340",1971-02-27,1971-02-26,0,70225325,"63","70225325","P1D","http://aido.bsvgateway.org/api/locations/70225325/","Liberia","Liberia","Country","http://aido.bsvgateway.org/api/locations/93632501/",-9.31986399326337,-9.31986399326337,6.45223255462257,"Monkeypox"
"70225325.341",1971-02-28,1971-02-27,0,70225325,"63","70225325","P1D","http://aido.bsvgateway.org/api/locations/70225325/","Liberia","Liberia","Country","http://aido.bsvgateway.org/api/locations/93632501/",6.45223255462257,-9.31986399326337,6.45223255462257,"Monkeypox"
"70225325.342",1971-03-01,1971-02-28,0,70225325,"63","70225325","P1D","http://aido.bsvgateway.org/api/locations/70225325/","Liberia","Liberia","Country","http://aido.bsvgateway.org/api/locations/93632501/",-9.31986399326337,-9.31986399326337,6.45223255462257,"Monkeypox"
"70225325.343",1971-03-02,1971-03-01,0,70225325,"63","70225325","P1D","http://aido.bsvgateway.org/api/locations/70225325/","Liberia","Liberia","Country","http://aido.bsvgateway.org/api/locations/93632501/",6.45223255462257,-9.31986399326337,6.45223255462257,"Monkeypox"
"70225325.344",1971-03-03,1971-03-02,0,70225325,"63","70225325","P1D","http://aido.bsvgateway.org/api/locations/70225325/","Liberia","Liberia","Country","http://aido.bsvgateway.org/api/locations/93632501/",-9.31986399326337,-9.31986399326337,6.45223255462257,"Monkeypox"
"70225325.345",1971-03-04,1971-03-03,0,70225325,"63","70225325","P1D","http://aido.bsvgateway.org/api/locations/70225325/","Liberia","Liberia","Country","http://aido.bsvgateway.org/api/locations/93632501/",6.45223255462257,-9.31986399326337,6.45223255462257,"Monkeypox"
"70225325.346",1971-03-05,1971-03-04,0,70225325,"63","70225325","P1D","http://aido.bsvgateway.org/api/locations/70225325/","Liberia","Liberia","Country","http://aido.bsvgateway.org/api/locations/93632501/",-9.31986399326337,-9.31986399326337,6.45223255462257,"Monkeypox"
"70225325.347",1971-03-06,1971-03-05,0,70225325,"63","70225325","P1D","http://aido.bsvgateway.org/api/locations/70225325/","Liberia","Liberia","Country","http://aido.bsvgateway.org/api/locations/93632501/",6.45223255462257,-9.31986399326337,6.45223255462257,"Monkeypox"
"70225325.348",1971-03-07,1971-03-06,0,70225325,"63","70225325","P1D","http://aido.bsvgateway.org/api/locations/70225325/","Liberia","Liberia","Country","http://aido.bsvgateway.org/api/locations/93632501/",-9.31986399326337,-9.31986399326337,6.45223255462257,"Monkeypox"
"70225325.349",1971-03-08,1971-03-07,0,70225325,"63","70225325","P1D","http://aido.bsvgateway.org/api/locations/70225325/","Liberia","Liberia","Country","http://aido.bsvgateway.org/api/locations/93632501/",6.45223255462257,-9.31986399326337,6.45223255462257,"Monkeypox"
"70225325.350",1971-03-09,1971-03-08,0,70225325,"63","70225325","P1D","http://aido.bsvgateway.org/api/locations/70225325/","Liberia","Liberia","Country","http://aido.bsvgateway.org/api/locations/93632501/",-9.31986399326337,-9.31986399326337,6.45223255462257,"Monkeypox"
"70225325.351",1971-03-10,1971-03-09,0,70225325,"63","70225325","P1D","http://aido.bsvgateway.org/api/locations/70225325/","Liberia","Liberia","Country","http://aido.bsvgateway.org/api/locations/93632501/",6.45223255462257,-9.31986399326337,6.45223255462257,"Monkeypox"
"70225325.352",1971-03-11,1971-03-10,0,70225325,"63","70225325","P1D","http://aido.bsvgateway.org/api/locations/70225325/","Liberia","Liberia","Country","http://aido.bsvgateway.org/api/locations/93632501/",-9.31986399326337,-9.31986399326337,6.45223255462257,"Monkeypox"
"70225325.353",1971-03-12,1971-03-11,0,70225325,"63","70225325","P1D","http://aido.bsvgateway.org/api/locations/70225325/","Liberia","Liberia","Country","http://aido.bsvgateway.org/api/locations/93632501/",6.45223255462257,-9.31986399326337,6.45223255462257,"Monkeypox"
"70225325.354",1971-03-13,1971-03-12,0,70225325,"63","70225325","P1D","http://aido.bsvgateway.org/api/locations/70225325/","Liberia","Liberia","Country","http://aido.bsvgateway.org/api/locations/93632501/",-9.31986399326337,-9.31986399326337,6.45223255462257,"Monkeypox"
"70225325.355",1971-03-14,1971-03-13,0,70225325,"63","70225325","P1D","http://aido.bsvgateway.org/api/locations/70225325/","Liberia","Liberia","Country","http://aido.bsvgateway.org/api/locations/93632501/",6.45223255462257,-9.31986399326337,6.45223255462257,"Monkeypox"
"70225325.356",1971-03-15,1971-03-14,0,70225325,"63","70225325","P1D","http://aido.bsvgateway.org/api/locations/70225325/","Liberia","Liberia","Country","http://aido.bsvgateway.org/api/locations/93632501/",-9.31986399326337,-9.31986399326337,6.45223255462257,"Monkeypox"
"70225325.357",1971-03-16,1971-03-15,0,70225325,"63","70225325","P1D","http://aido.bsvgateway.org/api/locations/70225325/","Liberia","Liberia","Country","http://aido.bsvgateway.org/api/locations/93632501/",6.45223255462257,-9.31986399326337,6.45223255462257,"Monkeypox"
"70225325.358",1971-03-17,1971-03-16,0,70225325,"63","70225325","P1D","http://aido.bsvgateway.org/api/locations/70225325/","Liberia","Liberia","Country","http://aido.bsvgateway.org/api/locations/93632501/",-9.31986399326337,-9.31986399326337,6.45223255462257,"Monkeypox"
"70225325.359",1971-03-18,1971-03-17,0,70225325,"63","70225325","P1D","http://aido.bsvgateway.org/api/locations/70225325/","Liberia","Liberia","Country","http://aido.bsvgateway.org/api/locations/93632501/",6.45223255462257,-9.31986399326337,6.45223255462257,"Monkeypox"
"70225325.360",1971-03-19,1971-03-18,0,70225325,"63","70225325","P1D","http://aido.bsvgateway.org/api/locations/70225325/","Liberia","Liberia","Country","http://aido.bsvgateway.org/api/locations/93632501/",-9.31986399326337,-9.31986399326337,6.45223255462257,"Monkeypox"
"70225325.361",1971-03-20,1971-03-19,0,70225325,"63","70225325","P1D","http://aido.bsvgateway.org/api/locations/70225325/","Liberia","Liberia","Country","http://aido.bsvgateway.org/api/locations/93632501/",6.45223255462257,-9.31986399326337,6.45223255462257,"Monkeypox"
"70225325.362",1971-03-21,1971-03-20,0,70225325,"63","70225325","P1D","http://aido.bsvgateway.org/api/locations/70225325/","Liberia","Liberia","Country","http://aido.bsvgateway.org/api/locations/93632501/",-9.31986399326337,-9.31986399326337,6.45223255462257,"Monkeypox"
"70225325.363",1971-03-22,1971-03-21,0,70225325,"63","70225325","P1D","http://aido.bsvgateway.org/api/locations/70225325/","Liberia","Liberia","Country","http://aido.bsvgateway.org/api/locations/93632501/",6.45223255462257,-9.31986399326337,6.45223255462257,"Monkeypox"
"70225325.364",1971-03-23,1971-03-22,0,70225325,"63","70225325","P1D","http://aido.bsvgateway.org/api/locations/70225325/","Liberia","Liberia","Country","http://aido.bsvgateway.org/api/locations/93632501/",-9.31986399326337,-9.31986399326337,6.45223255462257,"Monkeypox"
"70225325.365",1971-03-24,1971-03-23,0,70225325,"63","70225325","P1D","http://aido.bsvgateway.org/api/locations/70225325/","Liberia","Liberia","Country","http://aido.bsvgateway.org/api/locations/93632501/",6.45223255462257,-9.31986399326337,6.45223255462257,"Monkeypox"
"70225325.366",1971-03-25,1971-03-24,0,70225325,"63","70225325","P1D","http://aido.bsvgateway.org/api/locations/70225325/","Liberia","Liberia","Country","http://aido.bsvgateway.org/api/locations/93632501/",-9.31986399326337,-9.31986399326337,6.45223255462257,"Monkeypox"
"70225325.367",1971-03-26,1971-03-25,0,70225325,"63","70225325","P1D","http://aido.bsvgateway.org/api/locations/70225325/","Liberia","Liberia","Country","http://aido.bsvgateway.org/api/locations/93632501/",6.45223255462257,-9.31986399326337,6.45223255462257,"Monkeypox"
"70225325.368",1971-03-27,1971-03-26,0,70225325,"63","70225325","P1D","http://aido.bsvgateway.org/api/locations/70225325/","Liberia","Liberia","Country","http://aido.bsvgateway.org/api/locations/93632501/",-9.31986399326337,-9.31986399326337,6.45223255462257,"Monkeypox"
"70225325.369",1971-03-28,1971-03-27,0,70225325,"63","70225325","P1D","http://aido.bsvgateway.org/api/locations/70225325/","Liberia","Liberia","Country","http://aido.bsvgateway.org/api/locations/93632501/",6.45223255462257,-9.31986399326337,6.45223255462257,"Monkeypox"
"70225325.370",1971-03-29,1971-03-28,0,70225325,"63","70225325","P1D","http://aido.bsvgateway.org/api/locations/70225325/","Liberia","Liberia","Country","http://aido.bsvgateway.org/api/locations/93632501/",-9.31986399326337,-9.31986399326337,6.45223255462257,"Monkeypox"
"70225325.371",1971-03-30,1971-03-29,0,70225325,"63","70225325","P1D","http://aido.bsvgateway.org/api/locations/70225325/","Liberia","Liberia","Country","http://aido.bsvgateway.org/api/locations/93632501/",6.45223255462257,-9.31986399326337,6.45223255462257,"Monkeypox"
"70225325.372",1971-03-31,1971-03-30,0,70225325,"63","70225325","P1D","http://aido.bsvgateway.org/api/locations/70225325/","Liberia","Liberia","Country","http://aido.bsvgateway.org/api/locations/93632501/",-9.31986399326337,-9.31986399326337,6.45223255462257,"Monkeypox"
"70225325.373",1971-04-01,1971-03-31,0,70225325,"63","70225325","P1D","http://aido.bsvgateway.org/api/locations/70225325/","Liberia","Liberia","Country","http://aido.bsvgateway.org/api/locations/93632501/",6.45223255462257,-9.31986399326337,6.45223255462257,"Monkeypox"
"70225325.374",1971-04-02,1971-04-01,0,70225325,"63","70225325","P1D","http://aido.bsvgateway.org/api/locations/70225325/","Liberia","Liberia","Country","http://aido.bsvgateway.org/api/locations/93632501/",-9.31986399326337,-9.31986399326337,6.45223255462257,"Monkeypox"
"70225325.375",1971-04-03,1971-04-02,0,70225325,"63","70225325","P1D","http://aido.bsvgateway.org/api/locations/70225325/","Liberia","Liberia","Country","http://aido.bsvgateway.org/api/locations/93632501/",6.45223255462257,-9.31986399326337,6.45223255462257,"Monkeypox"
"70225325.376",1971-04-04,1971-04-03,0,70225325,"63","70225325","P1D","http://aido.bsvgateway.org/api/locations/70225325/","Liberia","Liberia","Country","http://aido.bsvgateway.org/api/locations/93632501/",-9.31986399326337,-9.31986399326337,6.45223255462257,"Monkeypox"
"70225325.377",1971-04-05,1971-04-04,1,70225325,"63","70225325","P1D","http://aido.bsvgateway.org/api/locations/70225325/","Liberia","Liberia","Country","http://aido.bsvgateway.org/api/locations/93632501/",6.45223255462257,-9.31986399326337,6.45223255462257,"Monkeypox"
