"","end","start","value","id","disease","location","duration","url","name","full_name","admin_level_name","parent","centroid_lat_long","longitude","latitude","disease_name"
"264470524.550",2003-08-16,2003-08-15,1,264470524,"56","264470524","P1D","http://aido.bsvgateway.org/api/locations/264470524/","Montserrado","Montserrado, Liberia","State","http://aido.bsvgateway.org/api/locations/70225325/",6.51430444195234,-10.5730441964266,6.51430444195234,"Malaria"
"264470524.551",2003-08-17,2003-08-16,0,264470524,"56","264470524","P1D","http://aido.bsvgateway.org/api/locations/264470524/","Montserrado","Montserrado, Liberia","State","http://aido.bsvgateway.org/api/locations/70225325/",-10.5730441964266,-10.5730441964266,6.51430444195234,"Malaria"
"264470524.552",2003-08-18,2003-08-17,0,264470524,"56","264470524","P1D","http://aido.bsvgateway.org/api/locations/264470524/","Montserrado","Montserrado, Liberia","State","http://aido.bsvgateway.org/api/locations/70225325/",6.51430444195234,-10.5730441964266,6.51430444195234,"Malaria"
"264470524.553",2003-08-19,2003-08-18,0,264470524,"56","264470524","P1D","http://aido.bsvgateway.org/api/locations/264470524/","Montserrado","Montserrado, Liberia","State","http://aido.bsvgateway.org/api/locations/70225325/",-10.5730441964266,-10.5730441964266,6.51430444195234,"Malaria"
"264470524.554",2003-08-20,2003-08-19,0,264470524,"56","264470524","P1D","http://aido.bsvgateway.org/api/locations/264470524/","Montserrado","Montserrado, Liberia","State","http://aido.bsvgateway.org/api/locations/70225325/",6.51430444195234,-10.5730441964266,6.51430444195234,"Malaria"
"264470524.555",2003-08-21,2003-08-20,0,264470524,"56","264470524","P1D","http://aido.bsvgateway.org/api/locations/264470524/","Montserrado","Montserrado, Liberia","State","http://aido.bsvgateway.org/api/locations/70225325/",-10.5730441964266,-10.5730441964266,6.51430444195234,"Malaria"
"264470524.556",2003-08-22,2003-08-21,0,264470524,"56","264470524","P1D","http://aido.bsvgateway.org/api/locations/264470524/","Montserrado","Montserrado, Liberia","State","http://aido.bsvgateway.org/api/locations/70225325/",6.51430444195234,-10.5730441964266,6.51430444195234,"Malaria"
"264470524.557",2003-08-23,2003-08-22,0,264470524,"56","264470524","P1D","http://aido.bsvgateway.org/api/locations/264470524/","Montserrado","Montserrado, Liberia","State","http://aido.bsvgateway.org/api/locations/70225325/",-10.5730441964266,-10.5730441964266,6.51430444195234,"Malaria"
"264470524.558",2003-08-24,2003-08-23,2,264470524,"56","264470524","P1D","http://aido.bsvgateway.org/api/locations/264470524/","Montserrado","Montserrado, Liberia","State","http://aido.bsvgateway.org/api/locations/70225325/",6.51430444195234,-10.5730441964266,6.51430444195234,"Malaria"
"264470524.559",2003-08-25,2003-08-24,0,264470524,"56","264470524","P1D","http://aido.bsvgateway.org/api/locations/264470524/","Montserrado","Montserrado, Liberia","State","http://aido.bsvgateway.org/api/locations/70225325/",-10.5730441964266,-10.5730441964266,6.51430444195234,"Malaria"
"264470524.560",2003-08-26,2003-08-25,4,264470524,"56","264470524","P1D","http://aido.bsvgateway.org/api/locations/264470524/","Montserrado","Montserrado, Liberia","State","http://aido.bsvgateway.org/api/locations/70225325/",6.51430444195234,-10.5730441964266,6.51430444195234,"Malaria"
"264470524.561",2003-08-27,2003-08-26,3,264470524,"56","264470524","P1D","http://aido.bsvgateway.org/api/locations/264470524/","Montserrado","Montserrado, Liberia","State","http://aido.bsvgateway.org/api/locations/70225325/",-10.5730441964266,-10.5730441964266,6.51430444195234,"Malaria"
"264470524.562",2003-08-28,2003-08-27,4,264470524,"56","264470524","P1D","http://aido.bsvgateway.org/api/locations/264470524/","Montserrado","Montserrado, Liberia","State","http://aido.bsvgateway.org/api/locations/70225325/",6.51430444195234,-10.5730441964266,6.51430444195234,"Malaria"
"264470524.563",2003-08-29,2003-08-28,5,264470524,"56","264470524","P1D","http://aido.bsvgateway.org/api/locations/264470524/","Montserrado","Montserrado, Liberia","State","http://aido.bsvgateway.org/api/locations/70225325/",-10.5730441964266,-10.5730441964266,6.51430444195234,"Malaria"
"264470524.564",2003-08-30,2003-08-29,4,264470524,"56","264470524","P1D","http://aido.bsvgateway.org/api/locations/264470524/","Montserrado","Montserrado, Liberia","State","http://aido.bsvgateway.org/api/locations/70225325/",6.51430444195234,-10.5730441964266,6.51430444195234,"Malaria"
"264470524.565",2003-08-31,2003-08-30,4,264470524,"56","264470524","P1D","http://aido.bsvgateway.org/api/locations/264470524/","Montserrado","Montserrado, Liberia","State","http://aido.bsvgateway.org/api/locations/70225325/",-10.5730441964266,-10.5730441964266,6.51430444195234,"Malaria"
"264470524.566",2003-09-01,2003-08-31,1,264470524,"56","264470524","P1D","http://aido.bsvgateway.org/api/locations/264470524/","Montserrado","Montserrado, Liberia","State","http://aido.bsvgateway.org/api/locations/70225325/",6.51430444195234,-10.5730441964266,6.51430444195234,"Malaria"
"264470524.567",2003-09-02,2003-09-01,2,264470524,"56","264470524","P1D","http://aido.bsvgateway.org/api/locations/264470524/","Montserrado","Montserrado, Liberia","State","http://aido.bsvgateway.org/api/locations/70225325/",-10.5730441964266,-10.5730441964266,6.51430444195234,"Malaria"
"264470524.568",2003-09-03,2003-09-02,5,264470524,"56","264470524","P1D","http://aido.bsvgateway.org/api/locations/264470524/","Montserrado","Montserrado, Liberia","State","http://aido.bsvgateway.org/api/locations/70225325/",6.51430444195234,-10.5730441964266,6.51430444195234,"Malaria"
"264470524.569",2003-09-04,2003-09-03,2,264470524,"56","264470524","P1D","http://aido.bsvgateway.org/api/locations/264470524/","Montserrado","Montserrado, Liberia","State","http://aido.bsvgateway.org/api/locations/70225325/",-10.5730441964266,-10.5730441964266,6.51430444195234,"Malaria"
"264470524.570",2003-09-05,2003-09-04,2,264470524,"56","264470524","P1D","http://aido.bsvgateway.org/api/locations/264470524/","Montserrado","Montserrado, Liberia","State","http://aido.bsvgateway.org/api/locations/70225325/",6.51430444195234,-10.5730441964266,6.51430444195234,"Malaria"
"264470524.571",2003-09-06,2003-09-05,1,264470524,"56","264470524","P1D","http://aido.bsvgateway.org/api/locations/264470524/","Montserrado","Montserrado, Liberia","State","http://aido.bsvgateway.org/api/locations/70225325/",-10.5730441964266,-10.5730441964266,6.51430444195234,"Malaria"
"264470524.572",2003-09-07,2003-09-06,1,264470524,"56","264470524","P1D","http://aido.bsvgateway.org/api/locations/264470524/","Montserrado","Montserrado, Liberia","State","http://aido.bsvgateway.org/api/locations/70225325/",6.51430444195234,-10.5730441964266,6.51430444195234,"Malaria"
"264470524.573",2003-09-08,2003-09-07,1,264470524,"56","264470524","P1D","http://aido.bsvgateway.org/api/locations/264470524/","Montserrado","Montserrado, Liberia","State","http://aido.bsvgateway.org/api/locations/70225325/",-10.5730441964266,-10.5730441964266,6.51430444195234,"Malaria"
"264470524.574",2003-09-09,2003-09-08,0,264470524,"56","264470524","P1D","http://aido.bsvgateway.org/api/locations/264470524/","Montserrado","Montserrado, Liberia","State","http://aido.bsvgateway.org/api/locations/70225325/",6.51430444195234,-10.5730441964266,6.51430444195234,"Malaria"
"264470524.575",2003-09-10,2003-09-09,1,264470524,"56","264470524","P1D","http://aido.bsvgateway.org/api/locations/264470524/","Montserrado","Montserrado, Liberia","State","http://aido.bsvgateway.org/api/locations/70225325/",-10.5730441964266,-10.5730441964266,6.51430444195234,"Malaria"
