"","end","start","value","id","disease","location","duration","url","name","full_name","admin_level_name","parent","centroid_lat_long","longitude","latitude","disease_name"
"236286771.397",2013-01-06,2012-12-30,3,236286771,"31","236286771","P7D","http://aido.bsvgateway.org/api/locations/236286771/","Peru","Peru","Country","http://aido.bsvgateway.org/api/locations/13410479/",-9.15438848311193,-74.3780645707316,-9.15438848311193,"Leptospirosis"
"236286771.398",2013-01-13,2013-01-06,0,236286771,"31","236286771","P7D","http://aido.bsvgateway.org/api/locations/236286771/","Peru","Peru","Country","http://aido.bsvgateway.org/api/locations/13410479/",-74.3780645707316,-74.3780645707316,-9.15438848311193,"Leptospirosis"
"236286771.399",2013-01-20,2013-01-13,4,236286771,"31","236286771","P7D","http://aido.bsvgateway.org/api/locations/236286771/","Peru","Peru","Country","http://aido.bsvgateway.org/api/locations/13410479/",-9.15438848311193,-74.3780645707316,-9.15438848311193,"Leptospirosis"
"236286771.400",2013-01-27,2013-01-20,4,236286771,"31","236286771","P7D","http://aido.bsvgateway.org/api/locations/236286771/","Peru","Peru","Country","http://aido.bsvgateway.org/api/locations/13410479/",-74.3780645707316,-74.3780645707316,-9.15438848311193,"Leptospirosis"
"236286771.401",2013-02-03,2013-01-27,52,236286771,"31","236286771","P7D","http://aido.bsvgateway.org/api/locations/236286771/","Peru","Peru","Country","http://aido.bsvgateway.org/api/locations/13410479/",-9.15438848311193,-74.3780645707316,-9.15438848311193,"Leptospirosis"
"236286771.402",2013-02-10,2013-02-03,35,236286771,"31","236286771","P7D","http://aido.bsvgateway.org/api/locations/236286771/","Peru","Peru","Country","http://aido.bsvgateway.org/api/locations/13410479/",-74.3780645707316,-74.3780645707316,-9.15438848311193,"Leptospirosis"
"236286771.403",2013-02-17,2013-02-10,21,236286771,"31","236286771","P7D","http://aido.bsvgateway.org/api/locations/236286771/","Peru","Peru","Country","http://aido.bsvgateway.org/api/locations/13410479/",-9.15438848311193,-74.3780645707316,-9.15438848311193,"Leptospirosis"
"236286771.404",2013-02-24,2013-02-17,7,236286771,"31","236286771","P7D","http://aido.bsvgateway.org/api/locations/236286771/","Peru","Peru","Country","http://aido.bsvgateway.org/api/locations/13410479/",-74.3780645707316,-74.3780645707316,-9.15438848311193,"Leptospirosis"
"236286771.405",2013-03-03,2013-02-24,20,236286771,"31","236286771","P7D","http://aido.bsvgateway.org/api/locations/236286771/","Peru","Peru","Country","http://aido.bsvgateway.org/api/locations/13410479/",-9.15438848311193,-74.3780645707316,-9.15438848311193,"Leptospirosis"
"236286771.406",2013-03-10,2013-03-03,21,236286771,"31","236286771","P7D","http://aido.bsvgateway.org/api/locations/236286771/","Peru","Peru","Country","http://aido.bsvgateway.org/api/locations/13410479/",-74.3780645707316,-74.3780645707316,-9.15438848311193,"Leptospirosis"
"236286771.407",2013-03-17,2013-03-10,15,236286771,"31","236286771","P7D","http://aido.bsvgateway.org/api/locations/236286771/","Peru","Peru","Country","http://aido.bsvgateway.org/api/locations/13410479/",-9.15438848311193,-74.3780645707316,-9.15438848311193,"Leptospirosis"
"236286771.408",2013-03-24,2013-03-17,10,236286771,"31","236286771","P7D","http://aido.bsvgateway.org/api/locations/236286771/","Peru","Peru","Country","http://aido.bsvgateway.org/api/locations/13410479/",-74.3780645707316,-74.3780645707316,-9.15438848311193,"Leptospirosis"
"236286771.409",2013-03-31,2013-03-24,10,236286771,"31","236286771","P7D","http://aido.bsvgateway.org/api/locations/236286771/","Peru","Peru","Country","http://aido.bsvgateway.org/api/locations/13410479/",-9.15438848311193,-74.3780645707316,-9.15438848311193,"Leptospirosis"
"236286771.410",2013-04-07,2013-03-31,3,236286771,"31","236286771","P7D","http://aido.bsvgateway.org/api/locations/236286771/","Peru","Peru","Country","http://aido.bsvgateway.org/api/locations/13410479/",-74.3780645707316,-74.3780645707316,-9.15438848311193,"Leptospirosis"
"236286771.411",2013-04-14,2013-04-07,6,236286771,"31","236286771","P7D","http://aido.bsvgateway.org/api/locations/236286771/","Peru","Peru","Country","http://aido.bsvgateway.org/api/locations/13410479/",-9.15438848311193,-74.3780645707316,-9.15438848311193,"Leptospirosis"
"236286771.412",2013-04-21,2013-04-14,9,236286771,"31","236286771","P7D","http://aido.bsvgateway.org/api/locations/236286771/","Peru","Peru","Country","http://aido.bsvgateway.org/api/locations/13410479/",-74.3780645707316,-74.3780645707316,-9.15438848311193,"Leptospirosis"
"236286771.413",2013-04-28,2013-04-21,13,236286771,"31","236286771","P7D","http://aido.bsvgateway.org/api/locations/236286771/","Peru","Peru","Country","http://aido.bsvgateway.org/api/locations/13410479/",-9.15438848311193,-74.3780645707316,-9.15438848311193,"Leptospirosis"
"236286771.414",2013-05-05,2013-04-28,7,236286771,"31","236286771","P7D","http://aido.bsvgateway.org/api/locations/236286771/","Peru","Peru","Country","http://aido.bsvgateway.org/api/locations/13410479/",-74.3780645707316,-74.3780645707316,-9.15438848311193,"Leptospirosis"
"236286771.415",2013-05-12,2013-05-05,1,236286771,"31","236286771","P7D","http://aido.bsvgateway.org/api/locations/236286771/","Peru","Peru","Country","http://aido.bsvgateway.org/api/locations/13410479/",-9.15438848311193,-74.3780645707316,-9.15438848311193,"Leptospirosis"
"236286771.416",2013-05-19,2013-05-12,2,236286771,"31","236286771","P7D","http://aido.bsvgateway.org/api/locations/236286771/","Peru","Peru","Country","http://aido.bsvgateway.org/api/locations/13410479/",-74.3780645707316,-74.3780645707316,-9.15438848311193,"Leptospirosis"
"236286771.417",2013-05-26,2013-05-19,2,236286771,"31","236286771","P7D","http://aido.bsvgateway.org/api/locations/236286771/","Peru","Peru","Country","http://aido.bsvgateway.org/api/locations/13410479/",-9.15438848311193,-74.3780645707316,-9.15438848311193,"Leptospirosis"
"236286771.418",2013-06-02,2013-05-26,5,236286771,"31","236286771","P7D","http://aido.bsvgateway.org/api/locations/236286771/","Peru","Peru","Country","http://aido.bsvgateway.org/api/locations/13410479/",-74.3780645707316,-74.3780645707316,-9.15438848311193,"Leptospirosis"
"236286771.419",2013-06-09,2013-06-02,4,236286771,"31","236286771","P7D","http://aido.bsvgateway.org/api/locations/236286771/","Peru","Peru","Country","http://aido.bsvgateway.org/api/locations/13410479/",-9.15438848311193,-74.3780645707316,-9.15438848311193,"Leptospirosis"
"236286771.420",2013-06-16,2013-06-09,5,236286771,"31","236286771","P7D","http://aido.bsvgateway.org/api/locations/236286771/","Peru","Peru","Country","http://aido.bsvgateway.org/api/locations/13410479/",-74.3780645707316,-74.3780645707316,-9.15438848311193,"Leptospirosis"
"236286771.421",2013-06-23,2013-06-16,7,236286771,"31","236286771","P7D","http://aido.bsvgateway.org/api/locations/236286771/","Peru","Peru","Country","http://aido.bsvgateway.org/api/locations/13410479/",-9.15438848311193,-74.3780645707316,-9.15438848311193,"Leptospirosis"
"236286771.422",2013-06-30,2013-06-23,3,236286771,"31","236286771","P7D","http://aido.bsvgateway.org/api/locations/236286771/","Peru","Peru","Country","http://aido.bsvgateway.org/api/locations/13410479/",-74.3780645707316,-74.3780645707316,-9.15438848311193,"Leptospirosis"
"236286771.423",2013-07-07,2013-06-30,4,236286771,"31","236286771","P7D","http://aido.bsvgateway.org/api/locations/236286771/","Peru","Peru","Country","http://aido.bsvgateway.org/api/locations/13410479/",-9.15438848311193,-74.3780645707316,-9.15438848311193,"Leptospirosis"
"236286771.424",2013-07-14,2013-07-07,2,236286771,"31","236286771","P7D","http://aido.bsvgateway.org/api/locations/236286771/","Peru","Peru","Country","http://aido.bsvgateway.org/api/locations/13410479/",-74.3780645707316,-74.3780645707316,-9.15438848311193,"Leptospirosis"
"236286771.425",2013-07-21,2013-07-14,2,236286771,"31","236286771","P7D","http://aido.bsvgateway.org/api/locations/236286771/","Peru","Peru","Country","http://aido.bsvgateway.org/api/locations/13410479/",-9.15438848311193,-74.3780645707316,-9.15438848311193,"Leptospirosis"
"236286771.426",2013-07-28,2013-07-21,7,236286771,"31","236286771","P7D","http://aido.bsvgateway.org/api/locations/236286771/","Peru","Peru","Country","http://aido.bsvgateway.org/api/locations/13410479/",-74.3780645707316,-74.3780645707316,-9.15438848311193,"Leptospirosis"
"236286771.427",2013-08-04,2013-07-28,3,236286771,"31","236286771","P7D","http://aido.bsvgateway.org/api/locations/236286771/","Peru","Peru","Country","http://aido.bsvgateway.org/api/locations/13410479/",-9.15438848311193,-74.3780645707316,-9.15438848311193,"Leptospirosis"
"236286771.428",2013-08-11,2013-08-04,1,236286771,"31","236286771","P7D","http://aido.bsvgateway.org/api/locations/236286771/","Peru","Peru","Country","http://aido.bsvgateway.org/api/locations/13410479/",-74.3780645707316,-74.3780645707316,-9.15438848311193,"Leptospirosis"
"236286771.429",2013-08-18,2013-08-11,2,236286771,"31","236286771","P7D","http://aido.bsvgateway.org/api/locations/236286771/","Peru","Peru","Country","http://aido.bsvgateway.org/api/locations/13410479/",-9.15438848311193,-74.3780645707316,-9.15438848311193,"Leptospirosis"
"236286771.430",2013-08-25,2013-08-18,4,236286771,"31","236286771","P7D","http://aido.bsvgateway.org/api/locations/236286771/","Peru","Peru","Country","http://aido.bsvgateway.org/api/locations/13410479/",-74.3780645707316,-74.3780645707316,-9.15438848311193,"Leptospirosis"
"236286771.431",2013-09-01,2013-08-25,4,236286771,"31","236286771","P7D","http://aido.bsvgateway.org/api/locations/236286771/","Peru","Peru","Country","http://aido.bsvgateway.org/api/locations/13410479/",-9.15438848311193,-74.3780645707316,-9.15438848311193,"Leptospirosis"
"236286771.432",2013-09-08,2013-09-01,0,236286771,"31","236286771","P7D","http://aido.bsvgateway.org/api/locations/236286771/","Peru","Peru","Country","http://aido.bsvgateway.org/api/locations/13410479/",-74.3780645707316,-74.3780645707316,-9.15438848311193,"Leptospirosis"
"236286771.433",2013-09-15,2013-09-08,3,236286771,"31","236286771","P7D","http://aido.bsvgateway.org/api/locations/236286771/","Peru","Peru","Country","http://aido.bsvgateway.org/api/locations/13410479/",-9.15438848311193,-74.3780645707316,-9.15438848311193,"Leptospirosis"
"236286771.434",2013-09-22,2013-09-15,5,236286771,"31","236286771","P7D","http://aido.bsvgateway.org/api/locations/236286771/","Peru","Peru","Country","http://aido.bsvgateway.org/api/locations/13410479/",-74.3780645707316,-74.3780645707316,-9.15438848311193,"Leptospirosis"
"236286771.435",2013-09-29,2013-09-22,5,236286771,"31","236286771","P7D","http://aido.bsvgateway.org/api/locations/236286771/","Peru","Peru","Country","http://aido.bsvgateway.org/api/locations/13410479/",-9.15438848311193,-74.3780645707316,-9.15438848311193,"Leptospirosis"
"236286771.436",2013-10-06,2013-09-29,1,236286771,"31","236286771","P7D","http://aido.bsvgateway.org/api/locations/236286771/","Peru","Peru","Country","http://aido.bsvgateway.org/api/locations/13410479/",-74.3780645707316,-74.3780645707316,-9.15438848311193,"Leptospirosis"
"236286771.437",2013-10-13,2013-10-06,3,236286771,"31","236286771","P7D","http://aido.bsvgateway.org/api/locations/236286771/","Peru","Peru","Country","http://aido.bsvgateway.org/api/locations/13410479/",-9.15438848311193,-74.3780645707316,-9.15438848311193,"Leptospirosis"
"236286771.438",2013-10-20,2013-10-13,7,236286771,"31","236286771","P7D","http://aido.bsvgateway.org/api/locations/236286771/","Peru","Peru","Country","http://aido.bsvgateway.org/api/locations/13410479/",-74.3780645707316,-74.3780645707316,-9.15438848311193,"Leptospirosis"
"236286771.439",2013-10-27,2013-10-20,7,236286771,"31","236286771","P7D","http://aido.bsvgateway.org/api/locations/236286771/","Peru","Peru","Country","http://aido.bsvgateway.org/api/locations/13410479/",-9.15438848311193,-74.3780645707316,-9.15438848311193,"Leptospirosis"
"236286771.440",2013-11-03,2013-10-27,6,236286771,"31","236286771","P7D","http://aido.bsvgateway.org/api/locations/236286771/","Peru","Peru","Country","http://aido.bsvgateway.org/api/locations/13410479/",-74.3780645707316,-74.3780645707316,-9.15438848311193,"Leptospirosis"
"236286771.441",2013-11-10,2013-11-03,5,236286771,"31","236286771","P7D","http://aido.bsvgateway.org/api/locations/236286771/","Peru","Peru","Country","http://aido.bsvgateway.org/api/locations/13410479/",-9.15438848311193,-74.3780645707316,-9.15438848311193,"Leptospirosis"
"236286771.442",2013-11-17,2013-11-10,5,236286771,"31","236286771","P7D","http://aido.bsvgateway.org/api/locations/236286771/","Peru","Peru","Country","http://aido.bsvgateway.org/api/locations/13410479/",-74.3780645707316,-74.3780645707316,-9.15438848311193,"Leptospirosis"
"236286771.443",2013-11-24,2013-11-17,9,236286771,"31","236286771","P7D","http://aido.bsvgateway.org/api/locations/236286771/","Peru","Peru","Country","http://aido.bsvgateway.org/api/locations/13410479/",-9.15438848311193,-74.3780645707316,-9.15438848311193,"Leptospirosis"
"236286771.444",2013-12-01,2013-11-24,1,236286771,"31","236286771","P7D","http://aido.bsvgateway.org/api/locations/236286771/","Peru","Peru","Country","http://aido.bsvgateway.org/api/locations/13410479/",-74.3780645707316,-74.3780645707316,-9.15438848311193,"Leptospirosis"
"236286771.445",2013-12-08,2013-12-01,2,236286771,"31","236286771","P7D","http://aido.bsvgateway.org/api/locations/236286771/","Peru","Peru","Country","http://aido.bsvgateway.org/api/locations/13410479/",-9.15438848311193,-74.3780645707316,-9.15438848311193,"Leptospirosis"
"236286771.446",2013-12-15,2013-12-08,2,236286771,"31","236286771","P7D","http://aido.bsvgateway.org/api/locations/236286771/","Peru","Peru","Country","http://aido.bsvgateway.org/api/locations/13410479/",-74.3780645707316,-74.3780645707316,-9.15438848311193,"Leptospirosis"
"236286771.447",2013-12-22,2013-12-15,0,236286771,"31","236286771","P7D","http://aido.bsvgateway.org/api/locations/236286771/","Peru","Peru","Country","http://aido.bsvgateway.org/api/locations/13410479/",-9.15438848311193,-74.3780645707316,-9.15438848311193,"Leptospirosis"
"236286771.448",2013-12-29,2013-12-22,6,236286771,"31","236286771","P7D","http://aido.bsvgateway.org/api/locations/236286771/","Peru","Peru","Country","http://aido.bsvgateway.org/api/locations/13410479/",-74.3780645707316,-74.3780645707316,-9.15438848311193,"Leptospirosis"
"236286771.449",1999-04-21,1999-04-20,1,236286771,"31","236286771","P1D","http://aido.bsvgateway.org/api/locations/236286771/","Peru","Peru","Country","http://aido.bsvgateway.org/api/locations/13410479/",-9.15438848311193,-74.3780645707316,-9.15438848311193,"Leptospirosis"
"236286771.450",1999-04-22,1999-04-21,0,236286771,"31","236286771","P1D","http://aido.bsvgateway.org/api/locations/236286771/","Peru","Peru","Country","http://aido.bsvgateway.org/api/locations/13410479/",-74.3780645707316,-74.3780645707316,-9.15438848311193,"Leptospirosis"
"236286771.451",1999-04-23,1999-04-22,0,236286771,"31","236286771","P1D","http://aido.bsvgateway.org/api/locations/236286771/","Peru","Peru","Country","http://aido.bsvgateway.org/api/locations/13410479/",-9.15438848311193,-74.3780645707316,-9.15438848311193,"Leptospirosis"
"236286771.452",1999-04-24,1999-04-23,0,236286771,"31","236286771","P1D","http://aido.bsvgateway.org/api/locations/236286771/","Peru","Peru","Country","http://aido.bsvgateway.org/api/locations/13410479/",-74.3780645707316,-74.3780645707316,-9.15438848311193,"Leptospirosis"
"236286771.453",1999-04-25,1999-04-24,0,236286771,"31","236286771","P1D","http://aido.bsvgateway.org/api/locations/236286771/","Peru","Peru","Country","http://aido.bsvgateway.org/api/locations/13410479/",-9.15438848311193,-74.3780645707316,-9.15438848311193,"Leptospirosis"
"236286771.454",1999-04-26,1999-04-25,0,236286771,"31","236286771","P1D","http://aido.bsvgateway.org/api/locations/236286771/","Peru","Peru","Country","http://aido.bsvgateway.org/api/locations/13410479/",-74.3780645707316,-74.3780645707316,-9.15438848311193,"Leptospirosis"
"236286771.455",1999-04-27,1999-04-26,0,236286771,"31","236286771","P1D","http://aido.bsvgateway.org/api/locations/236286771/","Peru","Peru","Country","http://aido.bsvgateway.org/api/locations/13410479/",-9.15438848311193,-74.3780645707316,-9.15438848311193,"Leptospirosis"
"236286771.456",1999-04-28,1999-04-27,0,236286771,"31","236286771","P1D","http://aido.bsvgateway.org/api/locations/236286771/","Peru","Peru","Country","http://aido.bsvgateway.org/api/locations/13410479/",-74.3780645707316,-74.3780645707316,-9.15438848311193,"Leptospirosis"
"236286771.457",1999-04-29,1999-04-28,0,236286771,"31","236286771","P1D","http://aido.bsvgateway.org/api/locations/236286771/","Peru","Peru","Country","http://aido.bsvgateway.org/api/locations/13410479/",-9.15438848311193,-74.3780645707316,-9.15438848311193,"Leptospirosis"
"236286771.458",1999-04-30,1999-04-29,0,236286771,"31","236286771","P1D","http://aido.bsvgateway.org/api/locations/236286771/","Peru","Peru","Country","http://aido.bsvgateway.org/api/locations/13410479/",-74.3780645707316,-74.3780645707316,-9.15438848311193,"Leptospirosis"
"236286771.459",1999-05-01,1999-04-30,0,236286771,"31","236286771","P1D","http://aido.bsvgateway.org/api/locations/236286771/","Peru","Peru","Country","http://aido.bsvgateway.org/api/locations/13410479/",-9.15438848311193,-74.3780645707316,-9.15438848311193,"Leptospirosis"
"236286771.460",1999-05-02,1999-05-01,0,236286771,"31","236286771","P1D","http://aido.bsvgateway.org/api/locations/236286771/","Peru","Peru","Country","http://aido.bsvgateway.org/api/locations/13410479/",-74.3780645707316,-74.3780645707316,-9.15438848311193,"Leptospirosis"
"236286771.461",1999-05-03,1999-05-02,1,236286771,"31","236286771","P1D","http://aido.bsvgateway.org/api/locations/236286771/","Peru","Peru","Country","http://aido.bsvgateway.org/api/locations/13410479/",-9.15438848311193,-74.3780645707316,-9.15438848311193,"Leptospirosis"
"236286771.462",1999-05-04,1999-05-03,0,236286771,"31","236286771","P1D","http://aido.bsvgateway.org/api/locations/236286771/","Peru","Peru","Country","http://aido.bsvgateway.org/api/locations/13410479/",-74.3780645707316,-74.3780645707316,-9.15438848311193,"Leptospirosis"
"236286771.463",1999-05-05,1999-05-04,2,236286771,"31","236286771","P1D","http://aido.bsvgateway.org/api/locations/236286771/","Peru","Peru","Country","http://aido.bsvgateway.org/api/locations/13410479/",-9.15438848311193,-74.3780645707316,-9.15438848311193,"Leptospirosis"
"236286771.464",1999-05-06,1999-05-05,0,236286771,"31","236286771","P1D","http://aido.bsvgateway.org/api/locations/236286771/","Peru","Peru","Country","http://aido.bsvgateway.org/api/locations/13410479/",-74.3780645707316,-74.3780645707316,-9.15438848311193,"Leptospirosis"
"236286771.465",1999-05-07,1999-05-06,2,236286771,"31","236286771","P1D","http://aido.bsvgateway.org/api/locations/236286771/","Peru","Peru","Country","http://aido.bsvgateway.org/api/locations/13410479/",-9.15438848311193,-74.3780645707316,-9.15438848311193,"Leptospirosis"
"236286771.466",1999-05-08,1999-05-07,0,236286771,"31","236286771","P1D","http://aido.bsvgateway.org/api/locations/236286771/","Peru","Peru","Country","http://aido.bsvgateway.org/api/locations/13410479/",-74.3780645707316,-74.3780645707316,-9.15438848311193,"Leptospirosis"
"236286771.467",1999-05-09,1999-05-08,0,236286771,"31","236286771","P1D","http://aido.bsvgateway.org/api/locations/236286771/","Peru","Peru","Country","http://aido.bsvgateway.org/api/locations/13410479/",-9.15438848311193,-74.3780645707316,-9.15438848311193,"Leptospirosis"
"236286771.468",1999-05-10,1999-05-09,2,236286771,"31","236286771","P1D","http://aido.bsvgateway.org/api/locations/236286771/","Peru","Peru","Country","http://aido.bsvgateway.org/api/locations/13410479/",-74.3780645707316,-74.3780645707316,-9.15438848311193,"Leptospirosis"
"236286771.469",1999-05-11,1999-05-10,1,236286771,"31","236286771","P1D","http://aido.bsvgateway.org/api/locations/236286771/","Peru","Peru","Country","http://aido.bsvgateway.org/api/locations/13410479/",-9.15438848311193,-74.3780645707316,-9.15438848311193,"Leptospirosis"
"236286771.470",1999-05-12,1999-05-11,1,236286771,"31","236286771","P1D","http://aido.bsvgateway.org/api/locations/236286771/","Peru","Peru","Country","http://aido.bsvgateway.org/api/locations/13410479/",-74.3780645707316,-74.3780645707316,-9.15438848311193,"Leptospirosis"
"236286771.471",1999-05-13,1999-05-12,2,236286771,"31","236286771","P1D","http://aido.bsvgateway.org/api/locations/236286771/","Peru","Peru","Country","http://aido.bsvgateway.org/api/locations/13410479/",-9.15438848311193,-74.3780645707316,-9.15438848311193,"Leptospirosis"
"236286771.472",1999-05-14,1999-05-13,3,236286771,"31","236286771","P1D","http://aido.bsvgateway.org/api/locations/236286771/","Peru","Peru","Country","http://aido.bsvgateway.org/api/locations/13410479/",-74.3780645707316,-74.3780645707316,-9.15438848311193,"Leptospirosis"
"236286771.473",1999-05-15,1999-05-14,5,236286771,"31","236286771","P1D","http://aido.bsvgateway.org/api/locations/236286771/","Peru","Peru","Country","http://aido.bsvgateway.org/api/locations/13410479/",-9.15438848311193,-74.3780645707316,-9.15438848311193,"Leptospirosis"
"236286771.474",1999-05-16,1999-05-15,6,236286771,"31","236286771","P1D","http://aido.bsvgateway.org/api/locations/236286771/","Peru","Peru","Country","http://aido.bsvgateway.org/api/locations/13410479/",-74.3780645707316,-74.3780645707316,-9.15438848311193,"Leptospirosis"
"236286771.475",1999-05-17,1999-05-16,6,236286771,"31","236286771","P1D","http://aido.bsvgateway.org/api/locations/236286771/","Peru","Peru","Country","http://aido.bsvgateway.org/api/locations/13410479/",-9.15438848311193,-74.3780645707316,-9.15438848311193,"Leptospirosis"
"236286771.476",1999-05-18,1999-05-17,10,236286771,"31","236286771","P1D","http://aido.bsvgateway.org/api/locations/236286771/","Peru","Peru","Country","http://aido.bsvgateway.org/api/locations/13410479/",-74.3780645707316,-74.3780645707316,-9.15438848311193,"Leptospirosis"
"236286771.477",1999-05-19,1999-05-18,5,236286771,"31","236286771","P1D","http://aido.bsvgateway.org/api/locations/236286771/","Peru","Peru","Country","http://aido.bsvgateway.org/api/locations/13410479/",-9.15438848311193,-74.3780645707316,-9.15438848311193,"Leptospirosis"
"236286771.478",1999-05-20,1999-05-19,7,236286771,"31","236286771","P1D","http://aido.bsvgateway.org/api/locations/236286771/","Peru","Peru","Country","http://aido.bsvgateway.org/api/locations/13410479/",-74.3780645707316,-74.3780645707316,-9.15438848311193,"Leptospirosis"
"236286771.479",1999-05-21,1999-05-20,5,236286771,"31","236286771","P1D","http://aido.bsvgateway.org/api/locations/236286771/","Peru","Peru","Country","http://aido.bsvgateway.org/api/locations/13410479/",-9.15438848311193,-74.3780645707316,-9.15438848311193,"Leptospirosis"
"236286771.480",1999-05-22,1999-05-21,5,236286771,"31","236286771","P1D","http://aido.bsvgateway.org/api/locations/236286771/","Peru","Peru","Country","http://aido.bsvgateway.org/api/locations/13410479/",-74.3780645707316,-74.3780645707316,-9.15438848311193,"Leptospirosis"
"236286771.481",1999-05-23,1999-05-22,1,236286771,"31","236286771","P1D","http://aido.bsvgateway.org/api/locations/236286771/","Peru","Peru","Country","http://aido.bsvgateway.org/api/locations/13410479/",-9.15438848311193,-74.3780645707316,-9.15438848311193,"Leptospirosis"
"236286771.482",1999-05-24,1999-05-23,1,236286771,"31","236286771","P1D","http://aido.bsvgateway.org/api/locations/236286771/","Peru","Peru","Country","http://aido.bsvgateway.org/api/locations/13410479/",-74.3780645707316,-74.3780645707316,-9.15438848311193,"Leptospirosis"
