"","end","start","value","id","disease","location","duration","url","name","full_name","admin_level_name","parent","centroid_lat_long","longitude","latitude","disease_name"
"123057963.1305",2015-08-03,2015-08-02,1,123057963,"53","123057963","P1D","http://aido.bsvgateway.org/api/locations/123057963/","District of Columbia","District of Columbia, United States of America","State","http://aido.bsvgateway.org/api/locations/113309883/",38.9097215249098,-77.0142421611682,38.9097215249098,"Salmonellosis"
"123057963.1306",2015-08-04,2015-08-03,0,123057963,"53","123057963","P1D","http://aido.bsvgateway.org/api/locations/123057963/","District of Columbia","District of Columbia, United States of America","State","http://aido.bsvgateway.org/api/locations/113309883/",-77.0142421611682,-77.0142421611682,38.9097215249098,"Salmonellosis"
"123057963.1307",2015-08-05,2015-08-04,0,123057963,"53","123057963","P1D","http://aido.bsvgateway.org/api/locations/123057963/","District of Columbia","District of Columbia, United States of America","State","http://aido.bsvgateway.org/api/locations/113309883/",38.9097215249098,-77.0142421611682,38.9097215249098,"Salmonellosis"
"123057963.1308",2015-08-06,2015-08-05,0,123057963,"53","123057963","P1D","http://aido.bsvgateway.org/api/locations/123057963/","District of Columbia","District of Columbia, United States of America","State","http://aido.bsvgateway.org/api/locations/113309883/",-77.0142421611682,-77.0142421611682,38.9097215249098,"Salmonellosis"
"123057963.1309",2015-08-07,2015-08-06,0,123057963,"53","123057963","P1D","http://aido.bsvgateway.org/api/locations/123057963/","District of Columbia","District of Columbia, United States of America","State","http://aido.bsvgateway.org/api/locations/113309883/",38.9097215249098,-77.0142421611682,38.9097215249098,"Salmonellosis"
"123057963.1310",2015-08-08,2015-08-07,0,123057963,"53","123057963","P1D","http://aido.bsvgateway.org/api/locations/123057963/","District of Columbia","District of Columbia, United States of America","State","http://aido.bsvgateway.org/api/locations/113309883/",-77.0142421611682,-77.0142421611682,38.9097215249098,"Salmonellosis"
"123057963.1311",2015-08-09,2015-08-08,0,123057963,"53","123057963","P1D","http://aido.bsvgateway.org/api/locations/123057963/","District of Columbia","District of Columbia, United States of America","State","http://aido.bsvgateway.org/api/locations/113309883/",38.9097215249098,-77.0142421611682,38.9097215249098,"Salmonellosis"
"123057963.1312",2015-08-10,2015-08-09,0,123057963,"53","123057963","P1D","http://aido.bsvgateway.org/api/locations/123057963/","District of Columbia","District of Columbia, United States of America","State","http://aido.bsvgateway.org/api/locations/113309883/",-77.0142421611682,-77.0142421611682,38.9097215249098,"Salmonellosis"
"123057963.1313",2015-08-11,2015-08-10,0,123057963,"53","123057963","P1D","http://aido.bsvgateway.org/api/locations/123057963/","District of Columbia","District of Columbia, United States of America","State","http://aido.bsvgateway.org/api/locations/113309883/",38.9097215249098,-77.0142421611682,38.9097215249098,"Salmonellosis"
"123057963.1314",2015-08-12,2015-08-11,0,123057963,"53","123057963","P1D","http://aido.bsvgateway.org/api/locations/123057963/","District of Columbia","District of Columbia, United States of America","State","http://aido.bsvgateway.org/api/locations/113309883/",-77.0142421611682,-77.0142421611682,38.9097215249098,"Salmonellosis"
"123057963.1315",2015-08-13,2015-08-12,0,123057963,"53","123057963","P1D","http://aido.bsvgateway.org/api/locations/123057963/","District of Columbia","District of Columbia, United States of America","State","http://aido.bsvgateway.org/api/locations/113309883/",38.9097215249098,-77.0142421611682,38.9097215249098,"Salmonellosis"
"123057963.1316",2015-08-14,2015-08-13,0,123057963,"53","123057963","P1D","http://aido.bsvgateway.org/api/locations/123057963/","District of Columbia","District of Columbia, United States of America","State","http://aido.bsvgateway.org/api/locations/113309883/",-77.0142421611682,-77.0142421611682,38.9097215249098,"Salmonellosis"
"123057963.1317",2015-08-15,2015-08-14,0,123057963,"53","123057963","P1D","http://aido.bsvgateway.org/api/locations/123057963/","District of Columbia","District of Columbia, United States of America","State","http://aido.bsvgateway.org/api/locations/113309883/",38.9097215249098,-77.0142421611682,38.9097215249098,"Salmonellosis"
"123057963.1318",2015-08-16,2015-08-15,1,123057963,"53","123057963","P1D","http://aido.bsvgateway.org/api/locations/123057963/","District of Columbia","District of Columbia, United States of America","State","http://aido.bsvgateway.org/api/locations/113309883/",-77.0142421611682,-77.0142421611682,38.9097215249098,"Salmonellosis"
"123057963.1319",2015-08-17,2015-08-16,0,123057963,"53","123057963","P1D","http://aido.bsvgateway.org/api/locations/123057963/","District of Columbia","District of Columbia, United States of America","State","http://aido.bsvgateway.org/api/locations/113309883/",38.9097215249098,-77.0142421611682,38.9097215249098,"Salmonellosis"
"123057963.1320",2015-08-18,2015-08-17,0,123057963,"53","123057963","P1D","http://aido.bsvgateway.org/api/locations/123057963/","District of Columbia","District of Columbia, United States of America","State","http://aido.bsvgateway.org/api/locations/113309883/",-77.0142421611682,-77.0142421611682,38.9097215249098,"Salmonellosis"
"123057963.1321",2015-08-19,2015-08-18,0,123057963,"53","123057963","P1D","http://aido.bsvgateway.org/api/locations/123057963/","District of Columbia","District of Columbia, United States of America","State","http://aido.bsvgateway.org/api/locations/113309883/",38.9097215249098,-77.0142421611682,38.9097215249098,"Salmonellosis"
"123057963.1322",2015-08-20,2015-08-19,0,123057963,"53","123057963","P1D","http://aido.bsvgateway.org/api/locations/123057963/","District of Columbia","District of Columbia, United States of America","State","http://aido.bsvgateway.org/api/locations/113309883/",-77.0142421611682,-77.0142421611682,38.9097215249098,"Salmonellosis"
"123057963.1323",2015-08-21,2015-08-20,0,123057963,"53","123057963","P1D","http://aido.bsvgateway.org/api/locations/123057963/","District of Columbia","District of Columbia, United States of America","State","http://aido.bsvgateway.org/api/locations/113309883/",38.9097215249098,-77.0142421611682,38.9097215249098,"Salmonellosis"
"123057963.1324",2015-08-22,2015-08-21,0,123057963,"53","123057963","P1D","http://aido.bsvgateway.org/api/locations/123057963/","District of Columbia","District of Columbia, United States of America","State","http://aido.bsvgateway.org/api/locations/113309883/",-77.0142421611682,-77.0142421611682,38.9097215249098,"Salmonellosis"
"123057963.1325",2015-08-23,2015-08-22,1,123057963,"53","123057963","P1D","http://aido.bsvgateway.org/api/locations/123057963/","District of Columbia","District of Columbia, United States of America","State","http://aido.bsvgateway.org/api/locations/113309883/",38.9097215249098,-77.0142421611682,38.9097215249098,"Salmonellosis"
"123057963.1326",2015-08-24,2015-08-23,0,123057963,"53","123057963","P1D","http://aido.bsvgateway.org/api/locations/123057963/","District of Columbia","District of Columbia, United States of America","State","http://aido.bsvgateway.org/api/locations/113309883/",-77.0142421611682,-77.0142421611682,38.9097215249098,"Salmonellosis"
"123057963.1327",2015-08-25,2015-08-24,0,123057963,"53","123057963","P1D","http://aido.bsvgateway.org/api/locations/123057963/","District of Columbia","District of Columbia, United States of America","State","http://aido.bsvgateway.org/api/locations/113309883/",38.9097215249098,-77.0142421611682,38.9097215249098,"Salmonellosis"
"123057963.1328",2015-08-26,2015-08-25,0,123057963,"53","123057963","P1D","http://aido.bsvgateway.org/api/locations/123057963/","District of Columbia","District of Columbia, United States of America","State","http://aido.bsvgateway.org/api/locations/113309883/",-77.0142421611682,-77.0142421611682,38.9097215249098,"Salmonellosis"
"123057963.1329",2015-08-27,2015-08-26,0,123057963,"53","123057963","P1D","http://aido.bsvgateway.org/api/locations/123057963/","District of Columbia","District of Columbia, United States of America","State","http://aido.bsvgateway.org/api/locations/113309883/",38.9097215249098,-77.0142421611682,38.9097215249098,"Salmonellosis"
"123057963.1330",2015-08-28,2015-08-27,1,123057963,"53","123057963","P1D","http://aido.bsvgateway.org/api/locations/123057963/","District of Columbia","District of Columbia, United States of America","State","http://aido.bsvgateway.org/api/locations/113309883/",-77.0142421611682,-77.0142421611682,38.9097215249098,"Salmonellosis"
"123057963.1331",2015-08-29,2015-08-28,1,123057963,"53","123057963","P1D","http://aido.bsvgateway.org/api/locations/123057963/","District of Columbia","District of Columbia, United States of America","State","http://aido.bsvgateway.org/api/locations/113309883/",38.9097215249098,-77.0142421611682,38.9097215249098,"Salmonellosis"
"123057963.1332",2015-08-30,2015-08-29,1,123057963,"53","123057963","P1D","http://aido.bsvgateway.org/api/locations/123057963/","District of Columbia","District of Columbia, United States of America","State","http://aido.bsvgateway.org/api/locations/113309883/",-77.0142421611682,-77.0142421611682,38.9097215249098,"Salmonellosis"
"123057963.1333",2015-08-31,2015-08-30,3,123057963,"53","123057963","P1D","http://aido.bsvgateway.org/api/locations/123057963/","District of Columbia","District of Columbia, United States of America","State","http://aido.bsvgateway.org/api/locations/113309883/",38.9097215249098,-77.0142421611682,38.9097215249098,"Salmonellosis"
"123057963.1334",2015-09-01,2015-08-31,7,123057963,"53","123057963","P1D","http://aido.bsvgateway.org/api/locations/123057963/","District of Columbia","District of Columbia, United States of America","State","http://aido.bsvgateway.org/api/locations/113309883/",-77.0142421611682,-77.0142421611682,38.9097215249098,"Salmonellosis"
"123057963.1335",2015-09-02,2015-09-01,13,123057963,"53","123057963","P1D","http://aido.bsvgateway.org/api/locations/123057963/","District of Columbia","District of Columbia, United States of America","State","http://aido.bsvgateway.org/api/locations/113309883/",38.9097215249098,-77.0142421611682,38.9097215249098,"Salmonellosis"
"123057963.1336",2015-09-03,2015-09-02,19,123057963,"53","123057963","P1D","http://aido.bsvgateway.org/api/locations/123057963/","District of Columbia","District of Columbia, United States of America","State","http://aido.bsvgateway.org/api/locations/113309883/",-77.0142421611682,-77.0142421611682,38.9097215249098,"Salmonellosis"
"123057963.1337",2015-09-04,2015-09-03,7,123057963,"53","123057963","P1D","http://aido.bsvgateway.org/api/locations/123057963/","District of Columbia","District of Columbia, United States of America","State","http://aido.bsvgateway.org/api/locations/113309883/",38.9097215249098,-77.0142421611682,38.9097215249098,"Salmonellosis"
"123057963.1338",2015-09-05,2015-09-04,16,123057963,"53","123057963","P1D","http://aido.bsvgateway.org/api/locations/123057963/","District of Columbia","District of Columbia, United States of America","State","http://aido.bsvgateway.org/api/locations/113309883/",-77.0142421611682,-77.0142421611682,38.9097215249098,"Salmonellosis"
"123057963.1339",2015-09-06,2015-09-05,17,123057963,"53","123057963","P1D","http://aido.bsvgateway.org/api/locations/123057963/","District of Columbia","District of Columbia, United States of America","State","http://aido.bsvgateway.org/api/locations/113309883/",38.9097215249098,-77.0142421611682,38.9097215249098,"Salmonellosis"
"123057963.1340",2015-09-07,2015-09-06,14,123057963,"53","123057963","P1D","http://aido.bsvgateway.org/api/locations/123057963/","District of Columbia","District of Columbia, United States of America","State","http://aido.bsvgateway.org/api/locations/113309883/",-77.0142421611682,-77.0142421611682,38.9097215249098,"Salmonellosis"
"123057963.1341",2015-09-08,2015-09-07,12,123057963,"53","123057963","P1D","http://aido.bsvgateway.org/api/locations/123057963/","District of Columbia","District of Columbia, United States of America","State","http://aido.bsvgateway.org/api/locations/113309883/",38.9097215249098,-77.0142421611682,38.9097215249098,"Salmonellosis"
"123057963.1342",2015-09-09,2015-09-08,23,123057963,"53","123057963","P1D","http://aido.bsvgateway.org/api/locations/123057963/","District of Columbia","District of Columbia, United States of America","State","http://aido.bsvgateway.org/api/locations/113309883/",-77.0142421611682,-77.0142421611682,38.9097215249098,"Salmonellosis"
"123057963.1343",2015-09-10,2015-09-09,6,123057963,"53","123057963","P1D","http://aido.bsvgateway.org/api/locations/123057963/","District of Columbia","District of Columbia, United States of America","State","http://aido.bsvgateway.org/api/locations/113309883/",38.9097215249098,-77.0142421611682,38.9097215249098,"Salmonellosis"
"123057963.1344",2015-09-11,2015-09-10,10,123057963,"53","123057963","P1D","http://aido.bsvgateway.org/api/locations/123057963/","District of Columbia","District of Columbia, United States of America","State","http://aido.bsvgateway.org/api/locations/113309883/",-77.0142421611682,-77.0142421611682,38.9097215249098,"Salmonellosis"
"123057963.1345",2015-09-12,2015-09-11,5,123057963,"53","123057963","P1D","http://aido.bsvgateway.org/api/locations/123057963/","District of Columbia","District of Columbia, United States of America","State","http://aido.bsvgateway.org/api/locations/113309883/",38.9097215249098,-77.0142421611682,38.9097215249098,"Salmonellosis"
"123057963.1346",2015-09-13,2015-09-12,1,123057963,"53","123057963","P1D","http://aido.bsvgateway.org/api/locations/123057963/","District of Columbia","District of Columbia, United States of America","State","http://aido.bsvgateway.org/api/locations/113309883/",-77.0142421611682,-77.0142421611682,38.9097215249098,"Salmonellosis"
