"","end","start","value","id","disease","location","duration","url","name","full_name","admin_level_name","parent","centroid_lat_long","longitude","latitude","disease_name"
"168924442.858",2014-11-26,2014-11-25,2,168924442,"39","168924442","P1D","http://aido.bsvgateway.org/api/locations/168924442/","Slovenia","Slovenia","Country","http://aido.bsvgateway.org/api/locations/216709393/",46.1161110731438,14.808089734627,46.1161110731438,"Measles"
"168924442.859",2014-11-27,2014-11-26,0,168924442,"39","168924442","P1D","http://aido.bsvgateway.org/api/locations/168924442/","Slovenia","Slovenia","Country","http://aido.bsvgateway.org/api/locations/216709393/",14.808089734627,14.808089734627,46.1161110731438,"Measles"
"168924442.860",2014-11-28,2014-11-27,0,168924442,"39","168924442","P1D","http://aido.bsvgateway.org/api/locations/168924442/","Slovenia","Slovenia","Country","http://aido.bsvgateway.org/api/locations/216709393/",46.1161110731438,14.808089734627,46.1161110731438,"Measles"
"168924442.861",2014-11-29,2014-11-28,0,168924442,"39","168924442","P1D","http://aido.bsvgateway.org/api/locations/168924442/","Slovenia","Slovenia","Country","http://aido.bsvgateway.org/api/locations/216709393/",14.808089734627,14.808089734627,46.1161110731438,"Measles"
"168924442.862",2014-11-30,2014-11-29,0,168924442,"39","168924442","P1D","http://aido.bsvgateway.org/api/locations/168924442/","Slovenia","Slovenia","Country","http://aido.bsvgateway.org/api/locations/216709393/",46.1161110731438,14.808089734627,46.1161110731438,"Measles"
"168924442.863",2014-12-01,2014-11-30,0,168924442,"39","168924442","P1D","http://aido.bsvgateway.org/api/locations/168924442/","Slovenia","Slovenia","Country","http://aido.bsvgateway.org/api/locations/216709393/",14.808089734627,14.808089734627,46.1161110731438,"Measles"
"168924442.864",2014-12-02,2014-12-01,0,168924442,"39","168924442","P1D","http://aido.bsvgateway.org/api/locations/168924442/","Slovenia","Slovenia","Country","http://aido.bsvgateway.org/api/locations/216709393/",46.1161110731438,14.808089734627,46.1161110731438,"Measles"
"168924442.865",2014-12-03,2014-12-02,0,168924442,"39","168924442","P1D","http://aido.bsvgateway.org/api/locations/168924442/","Slovenia","Slovenia","Country","http://aido.bsvgateway.org/api/locations/216709393/",14.808089734627,14.808089734627,46.1161110731438,"Measles"
"168924442.866",2014-12-04,2014-12-03,17,168924442,"39","168924442","P1D","http://aido.bsvgateway.org/api/locations/168924442/","Slovenia","Slovenia","Country","http://aido.bsvgateway.org/api/locations/216709393/",46.1161110731438,14.808089734627,46.1161110731438,"Measles"
