"","end","start","value","id","disease","location","duration","url","name","full_name","admin_level_name","parent","centroid_lat_long","longitude","latitude","disease_name"
"129056915.1424",2010-10-20,2010-10-19,0,129056915,"53","129056915","P1D","http://aido.bsvgateway.org/api/locations/129056915/","Poitier","Poitier, Vienne, France","City","http://aido.bsvgateway.org/api/locations/41062263/",46.5832955890699,0.333279861867888,46.5832955890699,"Salmonellosis"
"129056915.1425",2010-10-21,2010-10-20,19,129056915,"53","129056915","P1D","http://aido.bsvgateway.org/api/locations/129056915/","Poitier","Poitier, Vienne, France","City","http://aido.bsvgateway.org/api/locations/41062263/",0.333279861867888,0.333279861867888,46.5832955890699,"Salmonellosis"
"129056915.1426",2010-10-22,2010-10-21,36,129056915,"53","129056915","P1D","http://aido.bsvgateway.org/api/locations/129056915/","Poitier","Poitier, Vienne, France","City","http://aido.bsvgateway.org/api/locations/41062263/",46.5832955890699,0.333279861867888,46.5832955890699,"Salmonellosis"
"129056915.1427",2010-10-23,2010-10-22,48,129056915,"53","129056915","P1D","http://aido.bsvgateway.org/api/locations/129056915/","Poitier","Poitier, Vienne, France","City","http://aido.bsvgateway.org/api/locations/41062263/",0.333279861867888,0.333279861867888,46.5832955890699,"Salmonellosis"
"129056915.1428",2010-10-24,2010-10-23,184,129056915,"53","129056915","P1D","http://aido.bsvgateway.org/api/locations/129056915/","Poitier","Poitier, Vienne, France","City","http://aido.bsvgateway.org/api/locations/41062263/",46.5832955890699,0.333279861867888,46.5832955890699,"Salmonellosis"
"129056915.1429",2010-10-25,2010-10-24,118,129056915,"53","129056915","P1D","http://aido.bsvgateway.org/api/locations/129056915/","Poitier","Poitier, Vienne, France","City","http://aido.bsvgateway.org/api/locations/41062263/",0.333279861867888,0.333279861867888,46.5832955890699,"Salmonellosis"
"129056915.1430",2010-10-26,2010-10-25,49,129056915,"53","129056915","P1D","http://aido.bsvgateway.org/api/locations/129056915/","Poitier","Poitier, Vienne, France","City","http://aido.bsvgateway.org/api/locations/41062263/",46.5832955890699,0.333279861867888,46.5832955890699,"Salmonellosis"
"129056915.1431",2010-10-27,2010-10-26,23,129056915,"53","129056915","P1D","http://aido.bsvgateway.org/api/locations/129056915/","Poitier","Poitier, Vienne, France","City","http://aido.bsvgateway.org/api/locations/41062263/",0.333279861867888,0.333279861867888,46.5832955890699,"Salmonellosis"
"129056915.1432",2010-10-28,2010-10-27,15,129056915,"53","129056915","P1D","http://aido.bsvgateway.org/api/locations/129056915/","Poitier","Poitier, Vienne, France","City","http://aido.bsvgateway.org/api/locations/41062263/",46.5832955890699,0.333279861867888,46.5832955890699,"Salmonellosis"
