"","end","start","value","id","disease","location","duration","url","name","full_name","admin_level_name","parent","centroid_lat_long","longitude","latitude","disease_name"
"136085430.1",2007-06-02,2007-06-01,1,136085430,"64","136085430","P1D","http://aido.bsvgateway.org/api/locations/136085430/","Uganda","Uganda","Country","http://aido.bsvgateway.org/api/locations/93632501/",1.27569119250862,32.367039852725,1.27569119250862,"Marburg"
"136085430.2",2007-06-03,2007-06-02,0,136085430,"64","136085430","P1D","http://aido.bsvgateway.org/api/locations/136085430/","Uganda","Uganda","Country","http://aido.bsvgateway.org/api/locations/93632501/",32.367039852725,32.367039852725,1.27569119250862,"Marburg"
"136085430.3",2007-06-04,2007-06-03,0,136085430,"64","136085430","P1D","http://aido.bsvgateway.org/api/locations/136085430/","Uganda","Uganda","Country","http://aido.bsvgateway.org/api/locations/93632501/",1.27569119250862,32.367039852725,1.27569119250862,"Marburg"
"136085430.4",2007-06-05,2007-06-04,0,136085430,"64","136085430","P1D","http://aido.bsvgateway.org/api/locations/136085430/","Uganda","Uganda","Country","http://aido.bsvgateway.org/api/locations/93632501/",32.367039852725,32.367039852725,1.27569119250862,"Marburg"
"136085430.5",2007-06-06,2007-06-05,0,136085430,"64","136085430","P1D","http://aido.bsvgateway.org/api/locations/136085430/","Uganda","Uganda","Country","http://aido.bsvgateway.org/api/locations/93632501/",1.27569119250862,32.367039852725,1.27569119250862,"Marburg"
"136085430.6",2007-06-07,2007-06-06,0,136085430,"64","136085430","P1D","http://aido.bsvgateway.org/api/locations/136085430/","Uganda","Uganda","Country","http://aido.bsvgateway.org/api/locations/93632501/",32.367039852725,32.367039852725,1.27569119250862,"Marburg"
"136085430.7",2007-06-08,2007-06-07,0,136085430,"64","136085430","P1D","http://aido.bsvgateway.org/api/locations/136085430/","Uganda","Uganda","Country","http://aido.bsvgateway.org/api/locations/93632501/",1.27569119250862,32.367039852725,1.27569119250862,"Marburg"
"136085430.8",2007-06-09,2007-06-08,0,136085430,"64","136085430","P1D","http://aido.bsvgateway.org/api/locations/136085430/","Uganda","Uganda","Country","http://aido.bsvgateway.org/api/locations/93632501/",32.367039852725,32.367039852725,1.27569119250862,"Marburg"
"136085430.9",2007-06-10,2007-06-09,0,136085430,"64","136085430","P1D","http://aido.bsvgateway.org/api/locations/136085430/","Uganda","Uganda","Country","http://aido.bsvgateway.org/api/locations/93632501/",1.27569119250862,32.367039852725,1.27569119250862,"Marburg"
"136085430.10",2007-06-11,2007-06-10,0,136085430,"64","136085430","P1D","http://aido.bsvgateway.org/api/locations/136085430/","Uganda","Uganda","Country","http://aido.bsvgateway.org/api/locations/93632501/",32.367039852725,32.367039852725,1.27569119250862,"Marburg"
"136085430.11",2007-06-12,2007-06-11,0,136085430,"64","136085430","P1D","http://aido.bsvgateway.org/api/locations/136085430/","Uganda","Uganda","Country","http://aido.bsvgateway.org/api/locations/93632501/",1.27569119250862,32.367039852725,1.27569119250862,"Marburg"
"136085430.12",2007-06-13,2007-06-12,0,136085430,"64","136085430","P1D","http://aido.bsvgateway.org/api/locations/136085430/","Uganda","Uganda","Country","http://aido.bsvgateway.org/api/locations/93632501/",32.367039852725,32.367039852725,1.27569119250862,"Marburg"
"136085430.13",2007-06-14,2007-06-13,0,136085430,"64","136085430","P1D","http://aido.bsvgateway.org/api/locations/136085430/","Uganda","Uganda","Country","http://aido.bsvgateway.org/api/locations/93632501/",1.27569119250862,32.367039852725,1.27569119250862,"Marburg"
"136085430.14",2007-06-15,2007-06-14,0,136085430,"64","136085430","P1D","http://aido.bsvgateway.org/api/locations/136085430/","Uganda","Uganda","Country","http://aido.bsvgateway.org/api/locations/93632501/",32.367039852725,32.367039852725,1.27569119250862,"Marburg"
"136085430.15",2007-06-16,2007-06-15,0,136085430,"64","136085430","P1D","http://aido.bsvgateway.org/api/locations/136085430/","Uganda","Uganda","Country","http://aido.bsvgateway.org/api/locations/93632501/",1.27569119250862,32.367039852725,1.27569119250862,"Marburg"
"136085430.16",2007-06-17,2007-06-16,0,136085430,"64","136085430","P1D","http://aido.bsvgateway.org/api/locations/136085430/","Uganda","Uganda","Country","http://aido.bsvgateway.org/api/locations/93632501/",32.367039852725,32.367039852725,1.27569119250862,"Marburg"
"136085430.17",2007-06-18,2007-06-17,0,136085430,"64","136085430","P1D","http://aido.bsvgateway.org/api/locations/136085430/","Uganda","Uganda","Country","http://aido.bsvgateway.org/api/locations/93632501/",1.27569119250862,32.367039852725,1.27569119250862,"Marburg"
"136085430.18",2007-06-19,2007-06-18,0,136085430,"64","136085430","P1D","http://aido.bsvgateway.org/api/locations/136085430/","Uganda","Uganda","Country","http://aido.bsvgateway.org/api/locations/93632501/",32.367039852725,32.367039852725,1.27569119250862,"Marburg"
"136085430.19",2007-06-20,2007-06-19,0,136085430,"64","136085430","P1D","http://aido.bsvgateway.org/api/locations/136085430/","Uganda","Uganda","Country","http://aido.bsvgateway.org/api/locations/93632501/",1.27569119250862,32.367039852725,1.27569119250862,"Marburg"
"136085430.20",2007-06-21,2007-06-20,0,136085430,"64","136085430","P1D","http://aido.bsvgateway.org/api/locations/136085430/","Uganda","Uganda","Country","http://aido.bsvgateway.org/api/locations/93632501/",32.367039852725,32.367039852725,1.27569119250862,"Marburg"
"136085430.21",2007-06-22,2007-06-21,1,136085430,"64","136085430","P1D","http://aido.bsvgateway.org/api/locations/136085430/","Uganda","Uganda","Country","http://aido.bsvgateway.org/api/locations/93632501/",1.27569119250862,32.367039852725,1.27569119250862,"Marburg"
"136085430.22",2007-06-23,2007-06-22,0,136085430,"64","136085430","P1D","http://aido.bsvgateway.org/api/locations/136085430/","Uganda","Uganda","Country","http://aido.bsvgateway.org/api/locations/93632501/",32.367039852725,32.367039852725,1.27569119250862,"Marburg"
"136085430.23",2007-06-24,2007-06-23,0,136085430,"64","136085430","P1D","http://aido.bsvgateway.org/api/locations/136085430/","Uganda","Uganda","Country","http://aido.bsvgateway.org/api/locations/93632501/",1.27569119250862,32.367039852725,1.27569119250862,"Marburg"
"136085430.24",2007-06-25,2007-06-24,0,136085430,"64","136085430","P1D","http://aido.bsvgateway.org/api/locations/136085430/","Uganda","Uganda","Country","http://aido.bsvgateway.org/api/locations/93632501/",32.367039852725,32.367039852725,1.27569119250862,"Marburg"
"136085430.25",2007-06-26,2007-06-25,0,136085430,"64","136085430","P1D","http://aido.bsvgateway.org/api/locations/136085430/","Uganda","Uganda","Country","http://aido.bsvgateway.org/api/locations/93632501/",1.27569119250862,32.367039852725,1.27569119250862,"Marburg"
"136085430.26",2007-06-27,2007-06-26,0,136085430,"64","136085430","P1D","http://aido.bsvgateway.org/api/locations/136085430/","Uganda","Uganda","Country","http://aido.bsvgateway.org/api/locations/93632501/",32.367039852725,32.367039852725,1.27569119250862,"Marburg"
"136085430.27",2007-06-28,2007-06-27,0,136085430,"64","136085430","P1D","http://aido.bsvgateway.org/api/locations/136085430/","Uganda","Uganda","Country","http://aido.bsvgateway.org/api/locations/93632501/",1.27569119250862,32.367039852725,1.27569119250862,"Marburg"
"136085430.28",2007-06-29,2007-06-28,0,136085430,"64","136085430","P1D","http://aido.bsvgateway.org/api/locations/136085430/","Uganda","Uganda","Country","http://aido.bsvgateway.org/api/locations/93632501/",32.367039852725,32.367039852725,1.27569119250862,"Marburg"
"136085430.29",2007-06-30,2007-06-29,0,136085430,"64","136085430","P1D","http://aido.bsvgateway.org/api/locations/136085430/","Uganda","Uganda","Country","http://aido.bsvgateway.org/api/locations/93632501/",1.27569119250862,32.367039852725,1.27569119250862,"Marburg"
"136085430.30",2007-07-01,2007-06-30,0,136085430,"64","136085430","P1D","http://aido.bsvgateway.org/api/locations/136085430/","Uganda","Uganda","Country","http://aido.bsvgateway.org/api/locations/93632501/",32.367039852725,32.367039852725,1.27569119250862,"Marburg"
"136085430.31",2007-07-02,2007-07-01,0,136085430,"64","136085430","P1D","http://aido.bsvgateway.org/api/locations/136085430/","Uganda","Uganda","Country","http://aido.bsvgateway.org/api/locations/93632501/",1.27569119250862,32.367039852725,1.27569119250862,"Marburg"
"136085430.32",2007-07-03,2007-07-02,0,136085430,"64","136085430","P1D","http://aido.bsvgateway.org/api/locations/136085430/","Uganda","Uganda","Country","http://aido.bsvgateway.org/api/locations/93632501/",32.367039852725,32.367039852725,1.27569119250862,"Marburg"
"136085430.33",2007-07-04,2007-07-03,0,136085430,"64","136085430","P1D","http://aido.bsvgateway.org/api/locations/136085430/","Uganda","Uganda","Country","http://aido.bsvgateway.org/api/locations/93632501/",1.27569119250862,32.367039852725,1.27569119250862,"Marburg"
"136085430.34",2007-07-05,2007-07-04,0,136085430,"64","136085430","P1D","http://aido.bsvgateway.org/api/locations/136085430/","Uganda","Uganda","Country","http://aido.bsvgateway.org/api/locations/93632501/",32.367039852725,32.367039852725,1.27569119250862,"Marburg"
"136085430.35",2007-07-06,2007-07-05,0,136085430,"64","136085430","P1D","http://aido.bsvgateway.org/api/locations/136085430/","Uganda","Uganda","Country","http://aido.bsvgateway.org/api/locations/93632501/",1.27569119250862,32.367039852725,1.27569119250862,"Marburg"
"136085430.36",2007-07-07,2007-07-06,0,136085430,"64","136085430","P1D","http://aido.bsvgateway.org/api/locations/136085430/","Uganda","Uganda","Country","http://aido.bsvgateway.org/api/locations/93632501/",32.367039852725,32.367039852725,1.27569119250862,"Marburg"
"136085430.37",2007-07-08,2007-07-07,0,136085430,"64","136085430","P1D","http://aido.bsvgateway.org/api/locations/136085430/","Uganda","Uganda","Country","http://aido.bsvgateway.org/api/locations/93632501/",1.27569119250862,32.367039852725,1.27569119250862,"Marburg"
"136085430.38",2007-07-09,2007-07-08,0,136085430,"64","136085430","P1D","http://aido.bsvgateway.org/api/locations/136085430/","Uganda","Uganda","Country","http://aido.bsvgateway.org/api/locations/93632501/",32.367039852725,32.367039852725,1.27569119250862,"Marburg"
"136085430.39",2007-07-10,2007-07-09,0,136085430,"64","136085430","P1D","http://aido.bsvgateway.org/api/locations/136085430/","Uganda","Uganda","Country","http://aido.bsvgateway.org/api/locations/93632501/",1.27569119250862,32.367039852725,1.27569119250862,"Marburg"
"136085430.40",2007-07-11,2007-07-10,0,136085430,"64","136085430","P1D","http://aido.bsvgateway.org/api/locations/136085430/","Uganda","Uganda","Country","http://aido.bsvgateway.org/api/locations/93632501/",32.367039852725,32.367039852725,1.27569119250862,"Marburg"
"136085430.41",2007-07-12,2007-07-11,0,136085430,"64","136085430","P1D","http://aido.bsvgateway.org/api/locations/136085430/","Uganda","Uganda","Country","http://aido.bsvgateway.org/api/locations/93632501/",1.27569119250862,32.367039852725,1.27569119250862,"Marburg"
"136085430.42",2007-07-13,2007-07-12,0,136085430,"64","136085430","P1D","http://aido.bsvgateway.org/api/locations/136085430/","Uganda","Uganda","Country","http://aido.bsvgateway.org/api/locations/93632501/",32.367039852725,32.367039852725,1.27569119250862,"Marburg"
"136085430.43",2007-07-14,2007-07-13,1,136085430,"64","136085430","P1D","http://aido.bsvgateway.org/api/locations/136085430/","Uganda","Uganda","Country","http://aido.bsvgateway.org/api/locations/93632501/",1.27569119250862,32.367039852725,1.27569119250862,"Marburg"
"136085430.44",2007-07-15,2007-07-14,0,136085430,"64","136085430","P1D","http://aido.bsvgateway.org/api/locations/136085430/","Uganda","Uganda","Country","http://aido.bsvgateway.org/api/locations/93632501/",32.367039852725,32.367039852725,1.27569119250862,"Marburg"
"136085430.45",2007-07-16,2007-07-15,0,136085430,"64","136085430","P1D","http://aido.bsvgateway.org/api/locations/136085430/","Uganda","Uganda","Country","http://aido.bsvgateway.org/api/locations/93632501/",1.27569119250862,32.367039852725,1.27569119250862,"Marburg"
"136085430.46",2007-07-17,2007-07-16,0,136085430,"64","136085430","P1D","http://aido.bsvgateway.org/api/locations/136085430/","Uganda","Uganda","Country","http://aido.bsvgateway.org/api/locations/93632501/",32.367039852725,32.367039852725,1.27569119250862,"Marburg"
"136085430.47",2007-07-18,2007-07-17,0,136085430,"64","136085430","P1D","http://aido.bsvgateway.org/api/locations/136085430/","Uganda","Uganda","Country","http://aido.bsvgateway.org/api/locations/93632501/",1.27569119250862,32.367039852725,1.27569119250862,"Marburg"
"136085430.48",2007-07-19,2007-07-18,0,136085430,"64","136085430","P1D","http://aido.bsvgateway.org/api/locations/136085430/","Uganda","Uganda","Country","http://aido.bsvgateway.org/api/locations/93632501/",32.367039852725,32.367039852725,1.27569119250862,"Marburg"
"136085430.49",2007-07-20,2007-07-19,0,136085430,"64","136085430","P1D","http://aido.bsvgateway.org/api/locations/136085430/","Uganda","Uganda","Country","http://aido.bsvgateway.org/api/locations/93632501/",1.27569119250862,32.367039852725,1.27569119250862,"Marburg"
"136085430.50",2007-07-21,2007-07-20,0,136085430,"64","136085430","P1D","http://aido.bsvgateway.org/api/locations/136085430/","Uganda","Uganda","Country","http://aido.bsvgateway.org/api/locations/93632501/",32.367039852725,32.367039852725,1.27569119250862,"Marburg"
"136085430.51",2007-07-22,2007-07-21,0,136085430,"64","136085430","P1D","http://aido.bsvgateway.org/api/locations/136085430/","Uganda","Uganda","Country","http://aido.bsvgateway.org/api/locations/93632501/",1.27569119250862,32.367039852725,1.27569119250862,"Marburg"
"136085430.52",2007-07-23,2007-07-22,0,136085430,"64","136085430","P1D","http://aido.bsvgateway.org/api/locations/136085430/","Uganda","Uganda","Country","http://aido.bsvgateway.org/api/locations/93632501/",32.367039852725,32.367039852725,1.27569119250862,"Marburg"
"136085430.53",2007-07-24,2007-07-23,0,136085430,"64","136085430","P1D","http://aido.bsvgateway.org/api/locations/136085430/","Uganda","Uganda","Country","http://aido.bsvgateway.org/api/locations/93632501/",1.27569119250862,32.367039852725,1.27569119250862,"Marburg"
"136085430.54",2007-07-25,2007-07-24,0,136085430,"64","136085430","P1D","http://aido.bsvgateway.org/api/locations/136085430/","Uganda","Uganda","Country","http://aido.bsvgateway.org/api/locations/93632501/",32.367039852725,32.367039852725,1.27569119250862,"Marburg"
"136085430.55",2007-07-26,2007-07-25,0,136085430,"64","136085430","P1D","http://aido.bsvgateway.org/api/locations/136085430/","Uganda","Uganda","Country","http://aido.bsvgateway.org/api/locations/93632501/",1.27569119250862,32.367039852725,1.27569119250862,"Marburg"
"136085430.56",2007-07-27,2007-07-26,0,136085430,"64","136085430","P1D","http://aido.bsvgateway.org/api/locations/136085430/","Uganda","Uganda","Country","http://aido.bsvgateway.org/api/locations/93632501/",32.367039852725,32.367039852725,1.27569119250862,"Marburg"
"136085430.57",2007-07-28,2007-07-27,0,136085430,"64","136085430","P1D","http://aido.bsvgateway.org/api/locations/136085430/","Uganda","Uganda","Country","http://aido.bsvgateway.org/api/locations/93632501/",1.27569119250862,32.367039852725,1.27569119250862,"Marburg"
"136085430.58",2007-07-29,2007-07-28,0,136085430,"64","136085430","P1D","http://aido.bsvgateway.org/api/locations/136085430/","Uganda","Uganda","Country","http://aido.bsvgateway.org/api/locations/93632501/",32.367039852725,32.367039852725,1.27569119250862,"Marburg"
"136085430.59",2007-07-30,2007-07-29,0,136085430,"64","136085430","P1D","http://aido.bsvgateway.org/api/locations/136085430/","Uganda","Uganda","Country","http://aido.bsvgateway.org/api/locations/93632501/",1.27569119250862,32.367039852725,1.27569119250862,"Marburg"
"136085430.60",2007-07-31,2007-07-30,0,136085430,"64","136085430","P1D","http://aido.bsvgateway.org/api/locations/136085430/","Uganda","Uganda","Country","http://aido.bsvgateway.org/api/locations/93632501/",32.367039852725,32.367039852725,1.27569119250862,"Marburg"
"136085430.61",2007-08-01,2007-07-31,0,136085430,"64","136085430","P1D","http://aido.bsvgateway.org/api/locations/136085430/","Uganda","Uganda","Country","http://aido.bsvgateway.org/api/locations/93632501/",1.27569119250862,32.367039852725,1.27569119250862,"Marburg"
"136085430.62",2007-08-02,2007-08-01,0,136085430,"64","136085430","P1D","http://aido.bsvgateway.org/api/locations/136085430/","Uganda","Uganda","Country","http://aido.bsvgateway.org/api/locations/93632501/",32.367039852725,32.367039852725,1.27569119250862,"Marburg"
"136085430.63",2007-08-03,2007-08-02,0,136085430,"64","136085430","P1D","http://aido.bsvgateway.org/api/locations/136085430/","Uganda","Uganda","Country","http://aido.bsvgateway.org/api/locations/93632501/",1.27569119250862,32.367039852725,1.27569119250862,"Marburg"
"136085430.64",2007-08-04,2007-08-03,0,136085430,"64","136085430","P1D","http://aido.bsvgateway.org/api/locations/136085430/","Uganda","Uganda","Country","http://aido.bsvgateway.org/api/locations/93632501/",32.367039852725,32.367039852725,1.27569119250862,"Marburg"
"136085430.65",2007-08-05,2007-08-04,0,136085430,"64","136085430","P1D","http://aido.bsvgateway.org/api/locations/136085430/","Uganda","Uganda","Country","http://aido.bsvgateway.org/api/locations/93632501/",1.27569119250862,32.367039852725,1.27569119250862,"Marburg"
"136085430.66",2007-08-06,2007-08-05,0,136085430,"64","136085430","P1D","http://aido.bsvgateway.org/api/locations/136085430/","Uganda","Uganda","Country","http://aido.bsvgateway.org/api/locations/93632501/",32.367039852725,32.367039852725,1.27569119250862,"Marburg"
"136085430.67",2007-08-07,2007-08-06,0,136085430,"64","136085430","P1D","http://aido.bsvgateway.org/api/locations/136085430/","Uganda","Uganda","Country","http://aido.bsvgateway.org/api/locations/93632501/",1.27569119250862,32.367039852725,1.27569119250862,"Marburg"
"136085430.68",2007-08-08,2007-08-07,0,136085430,"64","136085430","P1D","http://aido.bsvgateway.org/api/locations/136085430/","Uganda","Uganda","Country","http://aido.bsvgateway.org/api/locations/93632501/",32.367039852725,32.367039852725,1.27569119250862,"Marburg"
"136085430.69",2007-08-09,2007-08-08,0,136085430,"64","136085430","P1D","http://aido.bsvgateway.org/api/locations/136085430/","Uganda","Uganda","Country","http://aido.bsvgateway.org/api/locations/93632501/",1.27569119250862,32.367039852725,1.27569119250862,"Marburg"
"136085430.70",2007-08-10,2007-08-09,0,136085430,"64","136085430","P1D","http://aido.bsvgateway.org/api/locations/136085430/","Uganda","Uganda","Country","http://aido.bsvgateway.org/api/locations/93632501/",32.367039852725,32.367039852725,1.27569119250862,"Marburg"
"136085430.71",2007-08-11,2007-08-10,0,136085430,"64","136085430","P1D","http://aido.bsvgateway.org/api/locations/136085430/","Uganda","Uganda","Country","http://aido.bsvgateway.org/api/locations/93632501/",1.27569119250862,32.367039852725,1.27569119250862,"Marburg"
"136085430.72",2007-08-12,2007-08-11,0,136085430,"64","136085430","P1D","http://aido.bsvgateway.org/api/locations/136085430/","Uganda","Uganda","Country","http://aido.bsvgateway.org/api/locations/93632501/",32.367039852725,32.367039852725,1.27569119250862,"Marburg"
"136085430.73",2007-08-13,2007-08-12,0,136085430,"64","136085430","P1D","http://aido.bsvgateway.org/api/locations/136085430/","Uganda","Uganda","Country","http://aido.bsvgateway.org/api/locations/93632501/",1.27569119250862,32.367039852725,1.27569119250862,"Marburg"
"136085430.74",2007-08-14,2007-08-13,0,136085430,"64","136085430","P1D","http://aido.bsvgateway.org/api/locations/136085430/","Uganda","Uganda","Country","http://aido.bsvgateway.org/api/locations/93632501/",32.367039852725,32.367039852725,1.27569119250862,"Marburg"
"136085430.75",2007-08-15,2007-08-14,0,136085430,"64","136085430","P1D","http://aido.bsvgateway.org/api/locations/136085430/","Uganda","Uganda","Country","http://aido.bsvgateway.org/api/locations/93632501/",1.27569119250862,32.367039852725,1.27569119250862,"Marburg"
"136085430.76",2007-08-16,2007-08-15,0,136085430,"64","136085430","P1D","http://aido.bsvgateway.org/api/locations/136085430/","Uganda","Uganda","Country","http://aido.bsvgateway.org/api/locations/93632501/",32.367039852725,32.367039852725,1.27569119250862,"Marburg"
"136085430.77",2007-08-17,2007-08-16,0,136085430,"64","136085430","P1D","http://aido.bsvgateway.org/api/locations/136085430/","Uganda","Uganda","Country","http://aido.bsvgateway.org/api/locations/93632501/",1.27569119250862,32.367039852725,1.27569119250862,"Marburg"
"136085430.78",2007-08-18,2007-08-17,0,136085430,"64","136085430","P1D","http://aido.bsvgateway.org/api/locations/136085430/","Uganda","Uganda","Country","http://aido.bsvgateway.org/api/locations/93632501/",32.367039852725,32.367039852725,1.27569119250862,"Marburg"
"136085430.79",2007-08-19,2007-08-18,0,136085430,"64","136085430","P1D","http://aido.bsvgateway.org/api/locations/136085430/","Uganda","Uganda","Country","http://aido.bsvgateway.org/api/locations/93632501/",1.27569119250862,32.367039852725,1.27569119250862,"Marburg"
"136085430.80",2007-08-20,2007-08-19,0,136085430,"64","136085430","P1D","http://aido.bsvgateway.org/api/locations/136085430/","Uganda","Uganda","Country","http://aido.bsvgateway.org/api/locations/93632501/",32.367039852725,32.367039852725,1.27569119250862,"Marburg"
"136085430.81",2007-08-21,2007-08-20,0,136085430,"64","136085430","P1D","http://aido.bsvgateway.org/api/locations/136085430/","Uganda","Uganda","Country","http://aido.bsvgateway.org/api/locations/93632501/",1.27569119250862,32.367039852725,1.27569119250862,"Marburg"
"136085430.82",2007-08-22,2007-08-21,0,136085430,"64","136085430","P1D","http://aido.bsvgateway.org/api/locations/136085430/","Uganda","Uganda","Country","http://aido.bsvgateway.org/api/locations/93632501/",32.367039852725,32.367039852725,1.27569119250862,"Marburg"
"136085430.83",2007-08-23,2007-08-22,0,136085430,"64","136085430","P1D","http://aido.bsvgateway.org/api/locations/136085430/","Uganda","Uganda","Country","http://aido.bsvgateway.org/api/locations/93632501/",1.27569119250862,32.367039852725,1.27569119250862,"Marburg"
"136085430.84",2007-08-24,2007-08-23,0,136085430,"64","136085430","P1D","http://aido.bsvgateway.org/api/locations/136085430/","Uganda","Uganda","Country","http://aido.bsvgateway.org/api/locations/93632501/",32.367039852725,32.367039852725,1.27569119250862,"Marburg"
"136085430.85",2007-08-25,2007-08-24,0,136085430,"64","136085430","P1D","http://aido.bsvgateway.org/api/locations/136085430/","Uganda","Uganda","Country","http://aido.bsvgateway.org/api/locations/93632501/",1.27569119250862,32.367039852725,1.27569119250862,"Marburg"
"136085430.86",2007-08-26,2007-08-25,0,136085430,"64","136085430","P1D","http://aido.bsvgateway.org/api/locations/136085430/","Uganda","Uganda","Country","http://aido.bsvgateway.org/api/locations/93632501/",32.367039852725,32.367039852725,1.27569119250862,"Marburg"
"136085430.87",2007-08-27,2007-08-26,0,136085430,"64","136085430","P1D","http://aido.bsvgateway.org/api/locations/136085430/","Uganda","Uganda","Country","http://aido.bsvgateway.org/api/locations/93632501/",1.27569119250862,32.367039852725,1.27569119250862,"Marburg"
"136085430.88",2007-08-28,2007-08-27,0,136085430,"64","136085430","P1D","http://aido.bsvgateway.org/api/locations/136085430/","Uganda","Uganda","Country","http://aido.bsvgateway.org/api/locations/93632501/",32.367039852725,32.367039852725,1.27569119250862,"Marburg"
"136085430.89",2007-08-29,2007-08-28,0,136085430,"64","136085430","P1D","http://aido.bsvgateway.org/api/locations/136085430/","Uganda","Uganda","Country","http://aido.bsvgateway.org/api/locations/93632501/",1.27569119250862,32.367039852725,1.27569119250862,"Marburg"
"136085430.90",2007-08-30,2007-08-29,0,136085430,"64","136085430","P1D","http://aido.bsvgateway.org/api/locations/136085430/","Uganda","Uganda","Country","http://aido.bsvgateway.org/api/locations/93632501/",32.367039852725,32.367039852725,1.27569119250862,"Marburg"
"136085430.91",2007-08-31,2007-08-30,0,136085430,"64","136085430","P1D","http://aido.bsvgateway.org/api/locations/136085430/","Uganda","Uganda","Country","http://aido.bsvgateway.org/api/locations/93632501/",1.27569119250862,32.367039852725,1.27569119250862,"Marburg"
"136085430.92",2007-09-01,2007-08-31,0,136085430,"64","136085430","P1D","http://aido.bsvgateway.org/api/locations/136085430/","Uganda","Uganda","Country","http://aido.bsvgateway.org/api/locations/93632501/",32.367039852725,32.367039852725,1.27569119250862,"Marburg"
"136085430.93",2007-09-02,2007-09-01,0,136085430,"64","136085430","P1D","http://aido.bsvgateway.org/api/locations/136085430/","Uganda","Uganda","Country","http://aido.bsvgateway.org/api/locations/93632501/",1.27569119250862,32.367039852725,1.27569119250862,"Marburg"
"136085430.94",2007-09-03,2007-09-02,0,136085430,"64","136085430","P1D","http://aido.bsvgateway.org/api/locations/136085430/","Uganda","Uganda","Country","http://aido.bsvgateway.org/api/locations/93632501/",32.367039852725,32.367039852725,1.27569119250862,"Marburg"
"136085430.95",2007-09-04,2007-09-03,0,136085430,"64","136085430","P1D","http://aido.bsvgateway.org/api/locations/136085430/","Uganda","Uganda","Country","http://aido.bsvgateway.org/api/locations/93632501/",1.27569119250862,32.367039852725,1.27569119250862,"Marburg"
"136085430.96",2007-09-05,2007-09-04,0,136085430,"64","136085430","P1D","http://aido.bsvgateway.org/api/locations/136085430/","Uganda","Uganda","Country","http://aido.bsvgateway.org/api/locations/93632501/",32.367039852725,32.367039852725,1.27569119250862,"Marburg"
"136085430.97",2007-09-06,2007-09-05,0,136085430,"64","136085430","P1D","http://aido.bsvgateway.org/api/locations/136085430/","Uganda","Uganda","Country","http://aido.bsvgateway.org/api/locations/93632501/",1.27569119250862,32.367039852725,1.27569119250862,"Marburg"
"136085430.98",2007-09-07,2007-09-06,0,136085430,"64","136085430","P1D","http://aido.bsvgateway.org/api/locations/136085430/","Uganda","Uganda","Country","http://aido.bsvgateway.org/api/locations/93632501/",32.367039852725,32.367039852725,1.27569119250862,"Marburg"
"136085430.99",2007-09-08,2007-09-07,0,136085430,"64","136085430","P1D","http://aido.bsvgateway.org/api/locations/136085430/","Uganda","Uganda","Country","http://aido.bsvgateway.org/api/locations/93632501/",1.27569119250862,32.367039852725,1.27569119250862,"Marburg"
"136085430.100",2007-09-09,2007-09-08,0,136085430,"64","136085430","P1D","http://aido.bsvgateway.org/api/locations/136085430/","Uganda","Uganda","Country","http://aido.bsvgateway.org/api/locations/93632501/",32.367039852725,32.367039852725,1.27569119250862,"Marburg"
"136085430.101",2007-09-10,2007-09-09,0,136085430,"64","136085430","P1D","http://aido.bsvgateway.org/api/locations/136085430/","Uganda","Uganda","Country","http://aido.bsvgateway.org/api/locations/93632501/",1.27569119250862,32.367039852725,1.27569119250862,"Marburg"
"136085430.102",2007-09-11,2007-09-10,0,136085430,"64","136085430","P1D","http://aido.bsvgateway.org/api/locations/136085430/","Uganda","Uganda","Country","http://aido.bsvgateway.org/api/locations/93632501/",32.367039852725,32.367039852725,1.27569119250862,"Marburg"
"136085430.103",2007-09-12,2007-09-11,0,136085430,"64","136085430","P1D","http://aido.bsvgateway.org/api/locations/136085430/","Uganda","Uganda","Country","http://aido.bsvgateway.org/api/locations/93632501/",1.27569119250862,32.367039852725,1.27569119250862,"Marburg"
"136085430.104",2007-09-13,2007-09-12,0,136085430,"64","136085430","P1D","http://aido.bsvgateway.org/api/locations/136085430/","Uganda","Uganda","Country","http://aido.bsvgateway.org/api/locations/93632501/",32.367039852725,32.367039852725,1.27569119250862,"Marburg"
"136085430.105",2007-09-14,2007-09-13,0,136085430,"64","136085430","P1D","http://aido.bsvgateway.org/api/locations/136085430/","Uganda","Uganda","Country","http://aido.bsvgateway.org/api/locations/93632501/",1.27569119250862,32.367039852725,1.27569119250862,"Marburg"
"136085430.106",2007-09-15,2007-09-14,1,136085430,"64","136085430","P1D","http://aido.bsvgateway.org/api/locations/136085430/","Uganda","Uganda","Country","http://aido.bsvgateway.org/api/locations/93632501/",32.367039852725,32.367039852725,1.27569119250862,"Marburg"
