"","end","start","value","id","disease","location","duration","url","name","full_name","admin_level_name","parent","centroid_lat_long","longitude","latitude","disease_name"
"80366504.264",1999-11-12,1999-11-11,1,80366504,"56","80366504","P1D","http://aido.bsvgateway.org/api/locations/80366504/","Honduras","Honduras","Country","http://aido.bsvgateway.org/api/locations/71269652/",14.8210093554476,-86.6252268282858,14.8210093554477,"Malaria"
"80366504.265",1999-11-13,1999-11-12,0,80366504,"56","80366504","P1D","http://aido.bsvgateway.org/api/locations/80366504/","Honduras","Honduras","Country","http://aido.bsvgateway.org/api/locations/71269652/",-86.6252268282858,-86.6252268282858,14.8210093554477,"Malaria"
"80366504.266",1999-11-14,1999-11-13,0,80366504,"56","80366504","P1D","http://aido.bsvgateway.org/api/locations/80366504/","Honduras","Honduras","Country","http://aido.bsvgateway.org/api/locations/71269652/",14.8210093554476,-86.6252268282858,14.8210093554477,"Malaria"
"80366504.267",1999-11-15,1999-11-14,0,80366504,"56","80366504","P1D","http://aido.bsvgateway.org/api/locations/80366504/","Honduras","Honduras","Country","http://aido.bsvgateway.org/api/locations/71269652/",-86.6252268282858,-86.6252268282858,14.8210093554477,"Malaria"
"80366504.268",1999-11-16,1999-11-15,0,80366504,"56","80366504","P1D","http://aido.bsvgateway.org/api/locations/80366504/","Honduras","Honduras","Country","http://aido.bsvgateway.org/api/locations/71269652/",14.8210093554476,-86.6252268282858,14.8210093554477,"Malaria"
"80366504.269",1999-11-17,1999-11-16,0,80366504,"56","80366504","P1D","http://aido.bsvgateway.org/api/locations/80366504/","Honduras","Honduras","Country","http://aido.bsvgateway.org/api/locations/71269652/",-86.6252268282858,-86.6252268282858,14.8210093554477,"Malaria"
"80366504.270",1999-11-18,1999-11-17,1,80366504,"56","80366504","P1D","http://aido.bsvgateway.org/api/locations/80366504/","Honduras","Honduras","Country","http://aido.bsvgateway.org/api/locations/71269652/",14.8210093554476,-86.6252268282858,14.8210093554477,"Malaria"
"80366504.271",1999-11-19,1999-11-18,0,80366504,"56","80366504","P1D","http://aido.bsvgateway.org/api/locations/80366504/","Honduras","Honduras","Country","http://aido.bsvgateway.org/api/locations/71269652/",-86.6252268282858,-86.6252268282858,14.8210093554477,"Malaria"
"80366504.272",1999-11-20,1999-11-19,1,80366504,"56","80366504","P1D","http://aido.bsvgateway.org/api/locations/80366504/","Honduras","Honduras","Country","http://aido.bsvgateway.org/api/locations/71269652/",14.8210093554476,-86.6252268282858,14.8210093554477,"Malaria"
"80366504.273",1999-11-21,1999-11-20,1,80366504,"56","80366504","P1D","http://aido.bsvgateway.org/api/locations/80366504/","Honduras","Honduras","Country","http://aido.bsvgateway.org/api/locations/71269652/",-86.6252268282858,-86.6252268282858,14.8210093554477,"Malaria"
