"","end","start","value","id","disease","location","duration","url","name","full_name","admin_level_name","parent","centroid_lat_long","longitude","latitude","disease_name"
"1090487.612",2001-02-02,2001-02-01,7,1090487,"63","1090487","P1D","http://aido.bsvgateway.org/api/locations/1090487/","Équateur","Équateur, Democratic Republic of the Congo","State","http://aido.bsvgateway.org/api/locations/96271664/",1.04656484532753,20.605892236688,1.04656484532753,"Monkeypox"
"1090487.613",2001-02-03,2001-02-02,0,1090487,"63","1090487","P1D","http://aido.bsvgateway.org/api/locations/1090487/","Équateur","Équateur, Democratic Republic of the Congo","State","http://aido.bsvgateway.org/api/locations/96271664/",20.605892236688,20.605892236688,1.04656484532753,"Monkeypox"
"1090487.614",2001-02-04,2001-02-03,0,1090487,"63","1090487","P1D","http://aido.bsvgateway.org/api/locations/1090487/","Équateur","Équateur, Democratic Republic of the Congo","State","http://aido.bsvgateway.org/api/locations/96271664/",1.04656484532753,20.605892236688,1.04656484532753,"Monkeypox"
"1090487.615",2001-02-05,2001-02-04,0,1090487,"63","1090487","P1D","http://aido.bsvgateway.org/api/locations/1090487/","Équateur","Équateur, Democratic Republic of the Congo","State","http://aido.bsvgateway.org/api/locations/96271664/",20.605892236688,20.605892236688,1.04656484532753,"Monkeypox"
"1090487.616",2001-02-06,2001-02-05,0,1090487,"63","1090487","P1D","http://aido.bsvgateway.org/api/locations/1090487/","Équateur","Équateur, Democratic Republic of the Congo","State","http://aido.bsvgateway.org/api/locations/96271664/",1.04656484532753,20.605892236688,1.04656484532753,"Monkeypox"
"1090487.617",2001-02-07,2001-02-06,0,1090487,"63","1090487","P1D","http://aido.bsvgateway.org/api/locations/1090487/","Équateur","Équateur, Democratic Republic of the Congo","State","http://aido.bsvgateway.org/api/locations/96271664/",20.605892236688,20.605892236688,1.04656484532753,"Monkeypox"
"1090487.618",2001-02-08,2001-02-07,0,1090487,"63","1090487","P1D","http://aido.bsvgateway.org/api/locations/1090487/","Équateur","Équateur, Democratic Republic of the Congo","State","http://aido.bsvgateway.org/api/locations/96271664/",1.04656484532753,20.605892236688,1.04656484532753,"Monkeypox"
"1090487.619",2001-02-09,2001-02-08,0,1090487,"63","1090487","P1D","http://aido.bsvgateway.org/api/locations/1090487/","Équateur","Équateur, Democratic Republic of the Congo","State","http://aido.bsvgateway.org/api/locations/96271664/",20.605892236688,20.605892236688,1.04656484532753,"Monkeypox"
"1090487.620",2001-02-10,2001-02-09,0,1090487,"63","1090487","P1D","http://aido.bsvgateway.org/api/locations/1090487/","Équateur","Équateur, Democratic Republic of the Congo","State","http://aido.bsvgateway.org/api/locations/96271664/",1.04656484532753,20.605892236688,1.04656484532753,"Monkeypox"
"1090487.621",2001-02-11,2001-02-10,0,1090487,"63","1090487","P1D","http://aido.bsvgateway.org/api/locations/1090487/","Équateur","Équateur, Democratic Republic of the Congo","State","http://aido.bsvgateway.org/api/locations/96271664/",20.605892236688,20.605892236688,1.04656484532753,"Monkeypox"
"1090487.622",2001-02-12,2001-02-11,0,1090487,"63","1090487","P1D","http://aido.bsvgateway.org/api/locations/1090487/","Équateur","Équateur, Democratic Republic of the Congo","State","http://aido.bsvgateway.org/api/locations/96271664/",1.04656484532753,20.605892236688,1.04656484532753,"Monkeypox"
"1090487.623",2001-02-13,2001-02-12,0,1090487,"63","1090487","P1D","http://aido.bsvgateway.org/api/locations/1090487/","Équateur","Équateur, Democratic Republic of the Congo","State","http://aido.bsvgateway.org/api/locations/96271664/",20.605892236688,20.605892236688,1.04656484532753,"Monkeypox"
"1090487.624",2001-02-14,2001-02-13,0,1090487,"63","1090487","P1D","http://aido.bsvgateway.org/api/locations/1090487/","Équateur","Équateur, Democratic Republic of the Congo","State","http://aido.bsvgateway.org/api/locations/96271664/",1.04656484532753,20.605892236688,1.04656484532753,"Monkeypox"
"1090487.625",2001-02-15,2001-02-14,0,1090487,"63","1090487","P1D","http://aido.bsvgateway.org/api/locations/1090487/","Équateur","Équateur, Democratic Republic of the Congo","State","http://aido.bsvgateway.org/api/locations/96271664/",20.605892236688,20.605892236688,1.04656484532753,"Monkeypox"
"1090487.626",2001-02-16,2001-02-15,0,1090487,"63","1090487","P1D","http://aido.bsvgateway.org/api/locations/1090487/","Équateur","Équateur, Democratic Republic of the Congo","State","http://aido.bsvgateway.org/api/locations/96271664/",1.04656484532753,20.605892236688,1.04656484532753,"Monkeypox"
"1090487.627",2001-02-17,2001-02-16,0,1090487,"63","1090487","P1D","http://aido.bsvgateway.org/api/locations/1090487/","Équateur","Équateur, Democratic Republic of the Congo","State","http://aido.bsvgateway.org/api/locations/96271664/",20.605892236688,20.605892236688,1.04656484532753,"Monkeypox"
"1090487.628",2001-02-18,2001-02-17,0,1090487,"63","1090487","P1D","http://aido.bsvgateway.org/api/locations/1090487/","Équateur","Équateur, Democratic Republic of the Congo","State","http://aido.bsvgateway.org/api/locations/96271664/",1.04656484532753,20.605892236688,1.04656484532753,"Monkeypox"
"1090487.629",2001-02-19,2001-02-18,0,1090487,"63","1090487","P1D","http://aido.bsvgateway.org/api/locations/1090487/","Équateur","Équateur, Democratic Republic of the Congo","State","http://aido.bsvgateway.org/api/locations/96271664/",20.605892236688,20.605892236688,1.04656484532753,"Monkeypox"
"1090487.630",2001-02-20,2001-02-19,0,1090487,"63","1090487","P1D","http://aido.bsvgateway.org/api/locations/1090487/","Équateur","Équateur, Democratic Republic of the Congo","State","http://aido.bsvgateway.org/api/locations/96271664/",1.04656484532753,20.605892236688,1.04656484532753,"Monkeypox"
"1090487.631",2001-02-21,2001-02-20,0,1090487,"63","1090487","P1D","http://aido.bsvgateway.org/api/locations/1090487/","Équateur","Équateur, Democratic Republic of the Congo","State","http://aido.bsvgateway.org/api/locations/96271664/",20.605892236688,20.605892236688,1.04656484532753,"Monkeypox"
"1090487.632",2001-02-22,2001-02-21,0,1090487,"63","1090487","P1D","http://aido.bsvgateway.org/api/locations/1090487/","Équateur","Équateur, Democratic Republic of the Congo","State","http://aido.bsvgateway.org/api/locations/96271664/",1.04656484532753,20.605892236688,1.04656484532753,"Monkeypox"
"1090487.633",2001-02-23,2001-02-22,0,1090487,"63","1090487","P1D","http://aido.bsvgateway.org/api/locations/1090487/","Équateur","Équateur, Democratic Republic of the Congo","State","http://aido.bsvgateway.org/api/locations/96271664/",20.605892236688,20.605892236688,1.04656484532753,"Monkeypox"
"1090487.634",2001-02-24,2001-02-23,0,1090487,"63","1090487","P1D","http://aido.bsvgateway.org/api/locations/1090487/","Équateur","Équateur, Democratic Republic of the Congo","State","http://aido.bsvgateway.org/api/locations/96271664/",1.04656484532753,20.605892236688,1.04656484532753,"Monkeypox"
"1090487.635",2001-02-25,2001-02-24,0,1090487,"63","1090487","P1D","http://aido.bsvgateway.org/api/locations/1090487/","Équateur","Équateur, Democratic Republic of the Congo","State","http://aido.bsvgateway.org/api/locations/96271664/",20.605892236688,20.605892236688,1.04656484532753,"Monkeypox"
"1090487.636",2001-02-26,2001-02-25,6,1090487,"63","1090487","P1D","http://aido.bsvgateway.org/api/locations/1090487/","Équateur","Équateur, Democratic Republic of the Congo","State","http://aido.bsvgateway.org/api/locations/96271664/",1.04656484532753,20.605892236688,1.04656484532753,"Monkeypox"
"1090487.637",2001-02-27,2001-02-26,0,1090487,"63","1090487","P1D","http://aido.bsvgateway.org/api/locations/1090487/","Équateur","Équateur, Democratic Republic of the Congo","State","http://aido.bsvgateway.org/api/locations/96271664/",20.605892236688,20.605892236688,1.04656484532753,"Monkeypox"
"1090487.638",2001-02-28,2001-02-27,0,1090487,"63","1090487","P1D","http://aido.bsvgateway.org/api/locations/1090487/","Équateur","Équateur, Democratic Republic of the Congo","State","http://aido.bsvgateway.org/api/locations/96271664/",1.04656484532753,20.605892236688,1.04656484532753,"Monkeypox"
"1090487.639",2001-03-01,2001-02-28,0,1090487,"63","1090487","P1D","http://aido.bsvgateway.org/api/locations/1090487/","Équateur","Équateur, Democratic Republic of the Congo","State","http://aido.bsvgateway.org/api/locations/96271664/",20.605892236688,20.605892236688,1.04656484532753,"Monkeypox"
"1090487.640",2001-03-02,2001-03-01,0,1090487,"63","1090487","P1D","http://aido.bsvgateway.org/api/locations/1090487/","Équateur","Équateur, Democratic Republic of the Congo","State","http://aido.bsvgateway.org/api/locations/96271664/",1.04656484532753,20.605892236688,1.04656484532753,"Monkeypox"
"1090487.641",2001-03-03,2001-03-02,0,1090487,"63","1090487","P1D","http://aido.bsvgateway.org/api/locations/1090487/","Équateur","Équateur, Democratic Republic of the Congo","State","http://aido.bsvgateway.org/api/locations/96271664/",20.605892236688,20.605892236688,1.04656484532753,"Monkeypox"
"1090487.642",2001-03-04,2001-03-03,0,1090487,"63","1090487","P1D","http://aido.bsvgateway.org/api/locations/1090487/","Équateur","Équateur, Democratic Republic of the Congo","State","http://aido.bsvgateway.org/api/locations/96271664/",1.04656484532753,20.605892236688,1.04656484532753,"Monkeypox"
"1090487.643",2001-03-05,2001-03-04,0,1090487,"63","1090487","P1D","http://aido.bsvgateway.org/api/locations/1090487/","Équateur","Équateur, Democratic Republic of the Congo","State","http://aido.bsvgateway.org/api/locations/96271664/",20.605892236688,20.605892236688,1.04656484532753,"Monkeypox"
"1090487.644",2001-03-06,2001-03-05,0,1090487,"63","1090487","P1D","http://aido.bsvgateway.org/api/locations/1090487/","Équateur","Équateur, Democratic Republic of the Congo","State","http://aido.bsvgateway.org/api/locations/96271664/",1.04656484532753,20.605892236688,1.04656484532753,"Monkeypox"
"1090487.645",2001-03-07,2001-03-06,0,1090487,"63","1090487","P1D","http://aido.bsvgateway.org/api/locations/1090487/","Équateur","Équateur, Democratic Republic of the Congo","State","http://aido.bsvgateway.org/api/locations/96271664/",20.605892236688,20.605892236688,1.04656484532753,"Monkeypox"
"1090487.646",2001-03-08,2001-03-07,0,1090487,"63","1090487","P1D","http://aido.bsvgateway.org/api/locations/1090487/","Équateur","Équateur, Democratic Republic of the Congo","State","http://aido.bsvgateway.org/api/locations/96271664/",1.04656484532753,20.605892236688,1.04656484532753,"Monkeypox"
"1090487.647",2001-03-09,2001-03-08,0,1090487,"63","1090487","P1D","http://aido.bsvgateway.org/api/locations/1090487/","Équateur","Équateur, Democratic Republic of the Congo","State","http://aido.bsvgateway.org/api/locations/96271664/",20.605892236688,20.605892236688,1.04656484532753,"Monkeypox"
"1090487.648",2001-03-10,2001-03-09,0,1090487,"63","1090487","P1D","http://aido.bsvgateway.org/api/locations/1090487/","Équateur","Équateur, Democratic Republic of the Congo","State","http://aido.bsvgateway.org/api/locations/96271664/",1.04656484532753,20.605892236688,1.04656484532753,"Monkeypox"
"1090487.649",2001-03-11,2001-03-10,2,1090487,"63","1090487","P1D","http://aido.bsvgateway.org/api/locations/1090487/","Équateur","Équateur, Democratic Republic of the Congo","State","http://aido.bsvgateway.org/api/locations/96271664/",20.605892236688,20.605892236688,1.04656484532753,"Monkeypox"
"1090487.650",2001-03-12,2001-03-11,0,1090487,"63","1090487","P1D","http://aido.bsvgateway.org/api/locations/1090487/","Équateur","Équateur, Democratic Republic of the Congo","State","http://aido.bsvgateway.org/api/locations/96271664/",1.04656484532753,20.605892236688,1.04656484532753,"Monkeypox"
"1090487.651",2001-03-13,2001-03-12,0,1090487,"63","1090487","P1D","http://aido.bsvgateway.org/api/locations/1090487/","Équateur","Équateur, Democratic Republic of the Congo","State","http://aido.bsvgateway.org/api/locations/96271664/",20.605892236688,20.605892236688,1.04656484532753,"Monkeypox"
"1090487.652",2001-03-14,2001-03-13,2,1090487,"63","1090487","P1D","http://aido.bsvgateway.org/api/locations/1090487/","Équateur","Équateur, Democratic Republic of the Congo","State","http://aido.bsvgateway.org/api/locations/96271664/",1.04656484532753,20.605892236688,1.04656484532753,"Monkeypox"
"1090487.653",2001-03-15,2001-03-14,0,1090487,"63","1090487","P1D","http://aido.bsvgateway.org/api/locations/1090487/","Équateur","Équateur, Democratic Republic of the Congo","State","http://aido.bsvgateway.org/api/locations/96271664/",20.605892236688,20.605892236688,1.04656484532753,"Monkeypox"
"1090487.654",2001-03-16,2001-03-15,4,1090487,"63","1090487","P1D","http://aido.bsvgateway.org/api/locations/1090487/","Équateur","Équateur, Democratic Republic of the Congo","State","http://aido.bsvgateway.org/api/locations/96271664/",1.04656484532753,20.605892236688,1.04656484532753,"Monkeypox"
"1090487.655",2001-03-17,2001-03-16,0,1090487,"63","1090487","P1D","http://aido.bsvgateway.org/api/locations/1090487/","Équateur","Équateur, Democratic Republic of the Congo","State","http://aido.bsvgateway.org/api/locations/96271664/",20.605892236688,20.605892236688,1.04656484532753,"Monkeypox"
"1090487.656",2001-03-18,2001-03-17,0,1090487,"63","1090487","P1D","http://aido.bsvgateway.org/api/locations/1090487/","Équateur","Équateur, Democratic Republic of the Congo","State","http://aido.bsvgateway.org/api/locations/96271664/",1.04656484532753,20.605892236688,1.04656484532753,"Monkeypox"
"1090487.657",2001-03-19,2001-03-18,0,1090487,"63","1090487","P1D","http://aido.bsvgateway.org/api/locations/1090487/","Équateur","Équateur, Democratic Republic of the Congo","State","http://aido.bsvgateway.org/api/locations/96271664/",20.605892236688,20.605892236688,1.04656484532753,"Monkeypox"
"1090487.658",2001-03-20,2001-03-19,1,1090487,"63","1090487","P1D","http://aido.bsvgateway.org/api/locations/1090487/","Équateur","Équateur, Democratic Republic of the Congo","State","http://aido.bsvgateway.org/api/locations/96271664/",1.04656484532753,20.605892236688,1.04656484532753,"Monkeypox"
"1090487.659",2001-03-21,2001-03-20,0,1090487,"63","1090487","P1D","http://aido.bsvgateway.org/api/locations/1090487/","Équateur","Équateur, Democratic Republic of the Congo","State","http://aido.bsvgateway.org/api/locations/96271664/",20.605892236688,20.605892236688,1.04656484532753,"Monkeypox"
"1090487.660",2001-03-22,2001-03-21,0,1090487,"63","1090487","P1D","http://aido.bsvgateway.org/api/locations/1090487/","Équateur","Équateur, Democratic Republic of the Congo","State","http://aido.bsvgateway.org/api/locations/96271664/",1.04656484532753,20.605892236688,1.04656484532753,"Monkeypox"
"1090487.661",2001-03-23,2001-03-22,0,1090487,"63","1090487","P1D","http://aido.bsvgateway.org/api/locations/1090487/","Équateur","Équateur, Democratic Republic of the Congo","State","http://aido.bsvgateway.org/api/locations/96271664/",20.605892236688,20.605892236688,1.04656484532753,"Monkeypox"
"1090487.662",2001-03-24,2001-03-23,0,1090487,"63","1090487","P1D","http://aido.bsvgateway.org/api/locations/1090487/","Équateur","Équateur, Democratic Republic of the Congo","State","http://aido.bsvgateway.org/api/locations/96271664/",1.04656484532753,20.605892236688,1.04656484532753,"Monkeypox"
"1090487.663",2001-03-25,2001-03-24,0,1090487,"63","1090487","P1D","http://aido.bsvgateway.org/api/locations/1090487/","Équateur","Équateur, Democratic Republic of the Congo","State","http://aido.bsvgateway.org/api/locations/96271664/",20.605892236688,20.605892236688,1.04656484532753,"Monkeypox"
"1090487.664",2001-03-26,2001-03-25,0,1090487,"63","1090487","P1D","http://aido.bsvgateway.org/api/locations/1090487/","Équateur","Équateur, Democratic Republic of the Congo","State","http://aido.bsvgateway.org/api/locations/96271664/",1.04656484532753,20.605892236688,1.04656484532753,"Monkeypox"
"1090487.665",2001-03-27,2001-03-26,0,1090487,"63","1090487","P1D","http://aido.bsvgateway.org/api/locations/1090487/","Équateur","Équateur, Democratic Republic of the Congo","State","http://aido.bsvgateway.org/api/locations/96271664/",20.605892236688,20.605892236688,1.04656484532753,"Monkeypox"
"1090487.666",2001-03-28,2001-03-27,0,1090487,"63","1090487","P1D","http://aido.bsvgateway.org/api/locations/1090487/","Équateur","Équateur, Democratic Republic of the Congo","State","http://aido.bsvgateway.org/api/locations/96271664/",1.04656484532753,20.605892236688,1.04656484532753,"Monkeypox"
"1090487.667",2001-03-29,2001-03-28,0,1090487,"63","1090487","P1D","http://aido.bsvgateway.org/api/locations/1090487/","Équateur","Équateur, Democratic Republic of the Congo","State","http://aido.bsvgateway.org/api/locations/96271664/",20.605892236688,20.605892236688,1.04656484532753,"Monkeypox"
"1090487.668",2001-03-30,2001-03-29,0,1090487,"63","1090487","P1D","http://aido.bsvgateway.org/api/locations/1090487/","Équateur","Équateur, Democratic Republic of the Congo","State","http://aido.bsvgateway.org/api/locations/96271664/",1.04656484532753,20.605892236688,1.04656484532753,"Monkeypox"
"1090487.669",2001-03-31,2001-03-30,0,1090487,"63","1090487","P1D","http://aido.bsvgateway.org/api/locations/1090487/","Équateur","Équateur, Democratic Republic of the Congo","State","http://aido.bsvgateway.org/api/locations/96271664/",20.605892236688,20.605892236688,1.04656484532753,"Monkeypox"
"1090487.670",2001-04-01,2001-03-31,0,1090487,"63","1090487","P1D","http://aido.bsvgateway.org/api/locations/1090487/","Équateur","Équateur, Democratic Republic of the Congo","State","http://aido.bsvgateway.org/api/locations/96271664/",1.04656484532753,20.605892236688,1.04656484532753,"Monkeypox"
"1090487.671",2001-04-02,2001-04-01,0,1090487,"63","1090487","P1D","http://aido.bsvgateway.org/api/locations/1090487/","Équateur","Équateur, Democratic Republic of the Congo","State","http://aido.bsvgateway.org/api/locations/96271664/",20.605892236688,20.605892236688,1.04656484532753,"Monkeypox"
"1090487.672",2001-04-03,2001-04-02,0,1090487,"63","1090487","P1D","http://aido.bsvgateway.org/api/locations/1090487/","Équateur","Équateur, Democratic Republic of the Congo","State","http://aido.bsvgateway.org/api/locations/96271664/",1.04656484532753,20.605892236688,1.04656484532753,"Monkeypox"
"1090487.673",2001-04-04,2001-04-03,0,1090487,"63","1090487","P1D","http://aido.bsvgateway.org/api/locations/1090487/","Équateur","Équateur, Democratic Republic of the Congo","State","http://aido.bsvgateway.org/api/locations/96271664/",20.605892236688,20.605892236688,1.04656484532753,"Monkeypox"
"1090487.674",2001-04-05,2001-04-04,0,1090487,"63","1090487","P1D","http://aido.bsvgateway.org/api/locations/1090487/","Équateur","Équateur, Democratic Republic of the Congo","State","http://aido.bsvgateway.org/api/locations/96271664/",1.04656484532753,20.605892236688,1.04656484532753,"Monkeypox"
"1090487.675",2001-04-06,2001-04-05,0,1090487,"63","1090487","P1D","http://aido.bsvgateway.org/api/locations/1090487/","Équateur","Équateur, Democratic Republic of the Congo","State","http://aido.bsvgateway.org/api/locations/96271664/",20.605892236688,20.605892236688,1.04656484532753,"Monkeypox"
"1090487.676",2001-04-07,2001-04-06,0,1090487,"63","1090487","P1D","http://aido.bsvgateway.org/api/locations/1090487/","Équateur","Équateur, Democratic Republic of the Congo","State","http://aido.bsvgateway.org/api/locations/96271664/",1.04656484532753,20.605892236688,1.04656484532753,"Monkeypox"
"1090487.677",2001-04-08,2001-04-07,0,1090487,"63","1090487","P1D","http://aido.bsvgateway.org/api/locations/1090487/","Équateur","Équateur, Democratic Republic of the Congo","State","http://aido.bsvgateway.org/api/locations/96271664/",20.605892236688,20.605892236688,1.04656484532753,"Monkeypox"
"1090487.678",2001-04-09,2001-04-08,0,1090487,"63","1090487","P1D","http://aido.bsvgateway.org/api/locations/1090487/","Équateur","Équateur, Democratic Republic of the Congo","State","http://aido.bsvgateway.org/api/locations/96271664/",1.04656484532753,20.605892236688,1.04656484532753,"Monkeypox"
"1090487.679",2001-04-10,2001-04-09,0,1090487,"63","1090487","P1D","http://aido.bsvgateway.org/api/locations/1090487/","Équateur","Équateur, Democratic Republic of the Congo","State","http://aido.bsvgateway.org/api/locations/96271664/",20.605892236688,20.605892236688,1.04656484532753,"Monkeypox"
"1090487.680",2001-04-11,2001-04-10,0,1090487,"63","1090487","P1D","http://aido.bsvgateway.org/api/locations/1090487/","Équateur","Équateur, Democratic Republic of the Congo","State","http://aido.bsvgateway.org/api/locations/96271664/",1.04656484532753,20.605892236688,1.04656484532753,"Monkeypox"
"1090487.681",2001-04-12,2001-04-11,0,1090487,"63","1090487","P1D","http://aido.bsvgateway.org/api/locations/1090487/","Équateur","Équateur, Democratic Republic of the Congo","State","http://aido.bsvgateway.org/api/locations/96271664/",20.605892236688,20.605892236688,1.04656484532753,"Monkeypox"
"1090487.682",2001-04-13,2001-04-12,0,1090487,"63","1090487","P1D","http://aido.bsvgateway.org/api/locations/1090487/","Équateur","Équateur, Democratic Republic of the Congo","State","http://aido.bsvgateway.org/api/locations/96271664/",1.04656484532753,20.605892236688,1.04656484532753,"Monkeypox"
"1090487.683",2001-04-14,2001-04-13,0,1090487,"63","1090487","P1D","http://aido.bsvgateway.org/api/locations/1090487/","Équateur","Équateur, Democratic Republic of the Congo","State","http://aido.bsvgateway.org/api/locations/96271664/",20.605892236688,20.605892236688,1.04656484532753,"Monkeypox"
"1090487.684",2001-04-15,2001-04-14,0,1090487,"63","1090487","P1D","http://aido.bsvgateway.org/api/locations/1090487/","Équateur","Équateur, Democratic Republic of the Congo","State","http://aido.bsvgateway.org/api/locations/96271664/",1.04656484532753,20.605892236688,1.04656484532753,"Monkeypox"
"1090487.685",2001-04-16,2001-04-15,0,1090487,"63","1090487","P1D","http://aido.bsvgateway.org/api/locations/1090487/","Équateur","Équateur, Democratic Republic of the Congo","State","http://aido.bsvgateway.org/api/locations/96271664/",20.605892236688,20.605892236688,1.04656484532753,"Monkeypox"
"1090487.686",2001-04-17,2001-04-16,0,1090487,"63","1090487","P1D","http://aido.bsvgateway.org/api/locations/1090487/","Équateur","Équateur, Democratic Republic of the Congo","State","http://aido.bsvgateway.org/api/locations/96271664/",1.04656484532753,20.605892236688,1.04656484532753,"Monkeypox"
"1090487.687",2001-04-18,2001-04-17,0,1090487,"63","1090487","P1D","http://aido.bsvgateway.org/api/locations/1090487/","Équateur","Équateur, Democratic Republic of the Congo","State","http://aido.bsvgateway.org/api/locations/96271664/",20.605892236688,20.605892236688,1.04656484532753,"Monkeypox"
"1090487.688",2001-04-19,2001-04-18,0,1090487,"63","1090487","P1D","http://aido.bsvgateway.org/api/locations/1090487/","Équateur","Équateur, Democratic Republic of the Congo","State","http://aido.bsvgateway.org/api/locations/96271664/",1.04656484532753,20.605892236688,1.04656484532753,"Monkeypox"
"1090487.689",2001-04-20,2001-04-19,0,1090487,"63","1090487","P1D","http://aido.bsvgateway.org/api/locations/1090487/","Équateur","Équateur, Democratic Republic of the Congo","State","http://aido.bsvgateway.org/api/locations/96271664/",20.605892236688,20.605892236688,1.04656484532753,"Monkeypox"
"1090487.690",2001-04-21,2001-04-20,0,1090487,"63","1090487","P1D","http://aido.bsvgateway.org/api/locations/1090487/","Équateur","Équateur, Democratic Republic of the Congo","State","http://aido.bsvgateway.org/api/locations/96271664/",1.04656484532753,20.605892236688,1.04656484532753,"Monkeypox"
"1090487.691",2001-04-22,2001-04-21,0,1090487,"63","1090487","P1D","http://aido.bsvgateway.org/api/locations/1090487/","Équateur","Équateur, Democratic Republic of the Congo","State","http://aido.bsvgateway.org/api/locations/96271664/",20.605892236688,20.605892236688,1.04656484532753,"Monkeypox"
"1090487.692",2001-04-23,2001-04-22,0,1090487,"63","1090487","P1D","http://aido.bsvgateway.org/api/locations/1090487/","Équateur","Équateur, Democratic Republic of the Congo","State","http://aido.bsvgateway.org/api/locations/96271664/",1.04656484532753,20.605892236688,1.04656484532753,"Monkeypox"
"1090487.693",2001-04-24,2001-04-23,0,1090487,"63","1090487","P1D","http://aido.bsvgateway.org/api/locations/1090487/","Équateur","Équateur, Democratic Republic of the Congo","State","http://aido.bsvgateway.org/api/locations/96271664/",20.605892236688,20.605892236688,1.04656484532753,"Monkeypox"
"1090487.694",2001-04-25,2001-04-24,0,1090487,"63","1090487","P1D","http://aido.bsvgateway.org/api/locations/1090487/","Équateur","Équateur, Democratic Republic of the Congo","State","http://aido.bsvgateway.org/api/locations/96271664/",1.04656484532753,20.605892236688,1.04656484532753,"Monkeypox"
"1090487.695",2001-04-26,2001-04-25,0,1090487,"63","1090487","P1D","http://aido.bsvgateway.org/api/locations/1090487/","Équateur","Équateur, Democratic Republic of the Congo","State","http://aido.bsvgateway.org/api/locations/96271664/",20.605892236688,20.605892236688,1.04656484532753,"Monkeypox"
"1090487.696",2001-04-27,2001-04-26,0,1090487,"63","1090487","P1D","http://aido.bsvgateway.org/api/locations/1090487/","Équateur","Équateur, Democratic Republic of the Congo","State","http://aido.bsvgateway.org/api/locations/96271664/",1.04656484532753,20.605892236688,1.04656484532753,"Monkeypox"
"1090487.697",2001-04-28,2001-04-27,0,1090487,"63","1090487","P1D","http://aido.bsvgateway.org/api/locations/1090487/","Équateur","Équateur, Democratic Republic of the Congo","State","http://aido.bsvgateway.org/api/locations/96271664/",20.605892236688,20.605892236688,1.04656484532753,"Monkeypox"
"1090487.698",2001-04-29,2001-04-28,0,1090487,"63","1090487","P1D","http://aido.bsvgateway.org/api/locations/1090487/","Équateur","Équateur, Democratic Republic of the Congo","State","http://aido.bsvgateway.org/api/locations/96271664/",1.04656484532753,20.605892236688,1.04656484532753,"Monkeypox"
"1090487.699",2001-04-30,2001-04-29,0,1090487,"63","1090487","P1D","http://aido.bsvgateway.org/api/locations/1090487/","Équateur","Équateur, Democratic Republic of the Congo","State","http://aido.bsvgateway.org/api/locations/96271664/",20.605892236688,20.605892236688,1.04656484532753,"Monkeypox"
"1090487.700",2001-05-01,2001-04-30,0,1090487,"63","1090487","P1D","http://aido.bsvgateway.org/api/locations/1090487/","Équateur","Équateur, Democratic Republic of the Congo","State","http://aido.bsvgateway.org/api/locations/96271664/",1.04656484532753,20.605892236688,1.04656484532753,"Monkeypox"
"1090487.701",2001-05-02,2001-05-01,0,1090487,"63","1090487","P1D","http://aido.bsvgateway.org/api/locations/1090487/","Équateur","Équateur, Democratic Republic of the Congo","State","http://aido.bsvgateway.org/api/locations/96271664/",20.605892236688,20.605892236688,1.04656484532753,"Monkeypox"
"1090487.702",2001-05-03,2001-05-02,0,1090487,"63","1090487","P1D","http://aido.bsvgateway.org/api/locations/1090487/","Équateur","Équateur, Democratic Republic of the Congo","State","http://aido.bsvgateway.org/api/locations/96271664/",1.04656484532753,20.605892236688,1.04656484532753,"Monkeypox"
"1090487.703",2001-05-04,2001-05-03,0,1090487,"63","1090487","P1D","http://aido.bsvgateway.org/api/locations/1090487/","Équateur","Équateur, Democratic Republic of the Congo","State","http://aido.bsvgateway.org/api/locations/96271664/",20.605892236688,20.605892236688,1.04656484532753,"Monkeypox"
"1090487.704",2001-05-05,2001-05-04,0,1090487,"63","1090487","P1D","http://aido.bsvgateway.org/api/locations/1090487/","Équateur","Équateur, Democratic Republic of the Congo","State","http://aido.bsvgateway.org/api/locations/96271664/",1.04656484532753,20.605892236688,1.04656484532753,"Monkeypox"
"1090487.705",2001-05-06,2001-05-05,0,1090487,"63","1090487","P1D","http://aido.bsvgateway.org/api/locations/1090487/","Équateur","Équateur, Democratic Republic of the Congo","State","http://aido.bsvgateway.org/api/locations/96271664/",20.605892236688,20.605892236688,1.04656484532753,"Monkeypox"
"1090487.706",2001-05-07,2001-05-06,0,1090487,"63","1090487","P1D","http://aido.bsvgateway.org/api/locations/1090487/","Équateur","Équateur, Democratic Republic of the Congo","State","http://aido.bsvgateway.org/api/locations/96271664/",1.04656484532753,20.605892236688,1.04656484532753,"Monkeypox"
"1090487.707",2001-05-08,2001-05-07,0,1090487,"63","1090487","P1D","http://aido.bsvgateway.org/api/locations/1090487/","Équateur","Équateur, Democratic Republic of the Congo","State","http://aido.bsvgateway.org/api/locations/96271664/",20.605892236688,20.605892236688,1.04656484532753,"Monkeypox"
"1090487.708",2001-05-09,2001-05-08,0,1090487,"63","1090487","P1D","http://aido.bsvgateway.org/api/locations/1090487/","Équateur","Équateur, Democratic Republic of the Congo","State","http://aido.bsvgateway.org/api/locations/96271664/",1.04656484532753,20.605892236688,1.04656484532753,"Monkeypox"
"1090487.709",2001-05-10,2001-05-09,0,1090487,"63","1090487","P1D","http://aido.bsvgateway.org/api/locations/1090487/","Équateur","Équateur, Democratic Republic of the Congo","State","http://aido.bsvgateway.org/api/locations/96271664/",20.605892236688,20.605892236688,1.04656484532753,"Monkeypox"
"1090487.710",2001-05-11,2001-05-10,0,1090487,"63","1090487","P1D","http://aido.bsvgateway.org/api/locations/1090487/","Équateur","Équateur, Democratic Republic of the Congo","State","http://aido.bsvgateway.org/api/locations/96271664/",1.04656484532753,20.605892236688,1.04656484532753,"Monkeypox"
"1090487.711",2001-05-12,2001-05-11,0,1090487,"63","1090487","P1D","http://aido.bsvgateway.org/api/locations/1090487/","Équateur","Équateur, Democratic Republic of the Congo","State","http://aido.bsvgateway.org/api/locations/96271664/",20.605892236688,20.605892236688,1.04656484532753,"Monkeypox"
"1090487.712",2001-05-13,2001-05-12,0,1090487,"63","1090487","P1D","http://aido.bsvgateway.org/api/locations/1090487/","Équateur","Équateur, Democratic Republic of the Congo","State","http://aido.bsvgateway.org/api/locations/96271664/",1.04656484532753,20.605892236688,1.04656484532753,"Monkeypox"
"1090487.713",2001-05-14,2001-05-13,0,1090487,"63","1090487","P1D","http://aido.bsvgateway.org/api/locations/1090487/","Équateur","Équateur, Democratic Republic of the Congo","State","http://aido.bsvgateway.org/api/locations/96271664/",20.605892236688,20.605892236688,1.04656484532753,"Monkeypox"
"1090487.714",2001-05-15,2001-05-14,0,1090487,"63","1090487","P1D","http://aido.bsvgateway.org/api/locations/1090487/","Équateur","Équateur, Democratic Republic of the Congo","State","http://aido.bsvgateway.org/api/locations/96271664/",1.04656484532753,20.605892236688,1.04656484532753,"Monkeypox"
"1090487.715",2001-05-16,2001-05-15,0,1090487,"63","1090487","P1D","http://aido.bsvgateway.org/api/locations/1090487/","Équateur","Équateur, Democratic Republic of the Congo","State","http://aido.bsvgateway.org/api/locations/96271664/",20.605892236688,20.605892236688,1.04656484532753,"Monkeypox"
"1090487.716",2001-05-17,2001-05-16,0,1090487,"63","1090487","P1D","http://aido.bsvgateway.org/api/locations/1090487/","Équateur","Équateur, Democratic Republic of the Congo","State","http://aido.bsvgateway.org/api/locations/96271664/",1.04656484532753,20.605892236688,1.04656484532753,"Monkeypox"
"1090487.717",2001-05-18,2001-05-17,0,1090487,"63","1090487","P1D","http://aido.bsvgateway.org/api/locations/1090487/","Équateur","Équateur, Democratic Republic of the Congo","State","http://aido.bsvgateway.org/api/locations/96271664/",20.605892236688,20.605892236688,1.04656484532753,"Monkeypox"
"1090487.718",2001-05-19,2001-05-18,0,1090487,"63","1090487","P1D","http://aido.bsvgateway.org/api/locations/1090487/","Équateur","Équateur, Democratic Republic of the Congo","State","http://aido.bsvgateway.org/api/locations/96271664/",1.04656484532753,20.605892236688,1.04656484532753,"Monkeypox"
"1090487.719",2001-05-20,2001-05-19,0,1090487,"63","1090487","P1D","http://aido.bsvgateway.org/api/locations/1090487/","Équateur","Équateur, Democratic Republic of the Congo","State","http://aido.bsvgateway.org/api/locations/96271664/",20.605892236688,20.605892236688,1.04656484532753,"Monkeypox"
"1090487.720",2001-05-21,2001-05-20,0,1090487,"63","1090487","P1D","http://aido.bsvgateway.org/api/locations/1090487/","Équateur","Équateur, Democratic Republic of the Congo","State","http://aido.bsvgateway.org/api/locations/96271664/",1.04656484532753,20.605892236688,1.04656484532753,"Monkeypox"
"1090487.721",2001-05-22,2001-05-21,0,1090487,"63","1090487","P1D","http://aido.bsvgateway.org/api/locations/1090487/","Équateur","Équateur, Democratic Republic of the Congo","State","http://aido.bsvgateway.org/api/locations/96271664/",20.605892236688,20.605892236688,1.04656484532753,"Monkeypox"
"1090487.722",2001-05-23,2001-05-22,0,1090487,"63","1090487","P1D","http://aido.bsvgateway.org/api/locations/1090487/","Équateur","Équateur, Democratic Republic of the Congo","State","http://aido.bsvgateway.org/api/locations/96271664/",1.04656484532753,20.605892236688,1.04656484532753,"Monkeypox"
"1090487.723",2001-05-24,2001-05-23,0,1090487,"63","1090487","P1D","http://aido.bsvgateway.org/api/locations/1090487/","Équateur","Équateur, Democratic Republic of the Congo","State","http://aido.bsvgateway.org/api/locations/96271664/",20.605892236688,20.605892236688,1.04656484532753,"Monkeypox"
"1090487.724",2001-05-25,2001-05-24,0,1090487,"63","1090487","P1D","http://aido.bsvgateway.org/api/locations/1090487/","Équateur","Équateur, Democratic Republic of the Congo","State","http://aido.bsvgateway.org/api/locations/96271664/",1.04656484532753,20.605892236688,1.04656484532753,"Monkeypox"
"1090487.725",2001-05-26,2001-05-25,0,1090487,"63","1090487","P1D","http://aido.bsvgateway.org/api/locations/1090487/","Équateur","Équateur, Democratic Republic of the Congo","State","http://aido.bsvgateway.org/api/locations/96271664/",20.605892236688,20.605892236688,1.04656484532753,"Monkeypox"
"1090487.726",2001-05-27,2001-05-26,0,1090487,"63","1090487","P1D","http://aido.bsvgateway.org/api/locations/1090487/","Équateur","Équateur, Democratic Republic of the Congo","State","http://aido.bsvgateway.org/api/locations/96271664/",1.04656484532753,20.605892236688,1.04656484532753,"Monkeypox"
"1090487.727",2001-05-28,2001-05-27,0,1090487,"63","1090487","P1D","http://aido.bsvgateway.org/api/locations/1090487/","Équateur","Équateur, Democratic Republic of the Congo","State","http://aido.bsvgateway.org/api/locations/96271664/",20.605892236688,20.605892236688,1.04656484532753,"Monkeypox"
"1090487.728",2001-05-29,2001-05-28,0,1090487,"63","1090487","P1D","http://aido.bsvgateway.org/api/locations/1090487/","Équateur","Équateur, Democratic Republic of the Congo","State","http://aido.bsvgateway.org/api/locations/96271664/",1.04656484532753,20.605892236688,1.04656484532753,"Monkeypox"
"1090487.729",2001-05-30,2001-05-29,0,1090487,"63","1090487","P1D","http://aido.bsvgateway.org/api/locations/1090487/","Équateur","Équateur, Democratic Republic of the Congo","State","http://aido.bsvgateway.org/api/locations/96271664/",20.605892236688,20.605892236688,1.04656484532753,"Monkeypox"
"1090487.730",2001-05-31,2001-05-30,0,1090487,"63","1090487","P1D","http://aido.bsvgateway.org/api/locations/1090487/","Équateur","Équateur, Democratic Republic of the Congo","State","http://aido.bsvgateway.org/api/locations/96271664/",1.04656484532753,20.605892236688,1.04656484532753,"Monkeypox"
"1090487.731",2001-06-01,2001-05-31,0,1090487,"63","1090487","P1D","http://aido.bsvgateway.org/api/locations/1090487/","Équateur","Équateur, Democratic Republic of the Congo","State","http://aido.bsvgateway.org/api/locations/96271664/",20.605892236688,20.605892236688,1.04656484532753,"Monkeypox"
"1090487.732",2001-06-02,2001-06-01,0,1090487,"63","1090487","P1D","http://aido.bsvgateway.org/api/locations/1090487/","Équateur","Équateur, Democratic Republic of the Congo","State","http://aido.bsvgateway.org/api/locations/96271664/",1.04656484532753,20.605892236688,1.04656484532753,"Monkeypox"
"1090487.733",2001-06-03,2001-06-02,0,1090487,"63","1090487","P1D","http://aido.bsvgateway.org/api/locations/1090487/","Équateur","Équateur, Democratic Republic of the Congo","State","http://aido.bsvgateway.org/api/locations/96271664/",20.605892236688,20.605892236688,1.04656484532753,"Monkeypox"
"1090487.734",2001-06-04,2001-06-03,0,1090487,"63","1090487","P1D","http://aido.bsvgateway.org/api/locations/1090487/","Équateur","Équateur, Democratic Republic of the Congo","State","http://aido.bsvgateway.org/api/locations/96271664/",1.04656484532753,20.605892236688,1.04656484532753,"Monkeypox"
"1090487.735",2001-06-05,2001-06-04,0,1090487,"63","1090487","P1D","http://aido.bsvgateway.org/api/locations/1090487/","Équateur","Équateur, Democratic Republic of the Congo","State","http://aido.bsvgateway.org/api/locations/96271664/",20.605892236688,20.605892236688,1.04656484532753,"Monkeypox"
"1090487.736",2001-06-06,2001-06-05,0,1090487,"63","1090487","P1D","http://aido.bsvgateway.org/api/locations/1090487/","Équateur","Équateur, Democratic Republic of the Congo","State","http://aido.bsvgateway.org/api/locations/96271664/",1.04656484532753,20.605892236688,1.04656484532753,"Monkeypox"
"1090487.737",2001-06-07,2001-06-06,0,1090487,"63","1090487","P1D","http://aido.bsvgateway.org/api/locations/1090487/","Équateur","Équateur, Democratic Republic of the Congo","State","http://aido.bsvgateway.org/api/locations/96271664/",20.605892236688,20.605892236688,1.04656484532753,"Monkeypox"
"1090487.738",2001-06-08,2001-06-07,0,1090487,"63","1090487","P1D","http://aido.bsvgateway.org/api/locations/1090487/","Équateur","Équateur, Democratic Republic of the Congo","State","http://aido.bsvgateway.org/api/locations/96271664/",1.04656484532753,20.605892236688,1.04656484532753,"Monkeypox"
"1090487.739",2001-06-09,2001-06-08,0,1090487,"63","1090487","P1D","http://aido.bsvgateway.org/api/locations/1090487/","Équateur","Équateur, Democratic Republic of the Congo","State","http://aido.bsvgateway.org/api/locations/96271664/",20.605892236688,20.605892236688,1.04656484532753,"Monkeypox"
"1090487.740",2001-06-10,2001-06-09,0,1090487,"63","1090487","P1D","http://aido.bsvgateway.org/api/locations/1090487/","Équateur","Équateur, Democratic Republic of the Congo","State","http://aido.bsvgateway.org/api/locations/96271664/",1.04656484532753,20.605892236688,1.04656484532753,"Monkeypox"
"1090487.741",2001-06-11,2001-06-10,0,1090487,"63","1090487","P1D","http://aido.bsvgateway.org/api/locations/1090487/","Équateur","Équateur, Democratic Republic of the Congo","State","http://aido.bsvgateway.org/api/locations/96271664/",20.605892236688,20.605892236688,1.04656484532753,"Monkeypox"
"1090487.742",2001-06-12,2001-06-11,0,1090487,"63","1090487","P1D","http://aido.bsvgateway.org/api/locations/1090487/","Équateur","Équateur, Democratic Republic of the Congo","State","http://aido.bsvgateway.org/api/locations/96271664/",1.04656484532753,20.605892236688,1.04656484532753,"Monkeypox"
"1090487.743",2001-06-13,2001-06-12,0,1090487,"63","1090487","P1D","http://aido.bsvgateway.org/api/locations/1090487/","Équateur","Équateur, Democratic Republic of the Congo","State","http://aido.bsvgateway.org/api/locations/96271664/",20.605892236688,20.605892236688,1.04656484532753,"Monkeypox"
"1090487.744",2001-06-14,2001-06-13,0,1090487,"63","1090487","P1D","http://aido.bsvgateway.org/api/locations/1090487/","Équateur","Équateur, Democratic Republic of the Congo","State","http://aido.bsvgateway.org/api/locations/96271664/",1.04656484532753,20.605892236688,1.04656484532753,"Monkeypox"
"1090487.745",2001-06-15,2001-06-14,0,1090487,"63","1090487","P1D","http://aido.bsvgateway.org/api/locations/1090487/","Équateur","Équateur, Democratic Republic of the Congo","State","http://aido.bsvgateway.org/api/locations/96271664/",20.605892236688,20.605892236688,1.04656484532753,"Monkeypox"
"1090487.746",2001-06-16,2001-06-15,0,1090487,"63","1090487","P1D","http://aido.bsvgateway.org/api/locations/1090487/","Équateur","Équateur, Democratic Republic of the Congo","State","http://aido.bsvgateway.org/api/locations/96271664/",1.04656484532753,20.605892236688,1.04656484532753,"Monkeypox"
"1090487.747",2001-06-17,2001-06-16,0,1090487,"63","1090487","P1D","http://aido.bsvgateway.org/api/locations/1090487/","Équateur","Équateur, Democratic Republic of the Congo","State","http://aido.bsvgateway.org/api/locations/96271664/",20.605892236688,20.605892236688,1.04656484532753,"Monkeypox"
"1090487.748",2001-06-18,2001-06-17,0,1090487,"63","1090487","P1D","http://aido.bsvgateway.org/api/locations/1090487/","Équateur","Équateur, Democratic Republic of the Congo","State","http://aido.bsvgateway.org/api/locations/96271664/",1.04656484532753,20.605892236688,1.04656484532753,"Monkeypox"
"1090487.749",2001-06-19,2001-06-18,0,1090487,"63","1090487","P1D","http://aido.bsvgateway.org/api/locations/1090487/","Équateur","Équateur, Democratic Republic of the Congo","State","http://aido.bsvgateway.org/api/locations/96271664/",20.605892236688,20.605892236688,1.04656484532753,"Monkeypox"
"1090487.750",2001-06-20,2001-06-19,0,1090487,"63","1090487","P1D","http://aido.bsvgateway.org/api/locations/1090487/","Équateur","Équateur, Democratic Republic of the Congo","State","http://aido.bsvgateway.org/api/locations/96271664/",1.04656484532753,20.605892236688,1.04656484532753,"Monkeypox"
"1090487.751",2001-06-21,2001-06-20,0,1090487,"63","1090487","P1D","http://aido.bsvgateway.org/api/locations/1090487/","Équateur","Équateur, Democratic Republic of the Congo","State","http://aido.bsvgateway.org/api/locations/96271664/",20.605892236688,20.605892236688,1.04656484532753,"Monkeypox"
"1090487.752",2001-06-22,2001-06-21,0,1090487,"63","1090487","P1D","http://aido.bsvgateway.org/api/locations/1090487/","Équateur","Équateur, Democratic Republic of the Congo","State","http://aido.bsvgateway.org/api/locations/96271664/",1.04656484532753,20.605892236688,1.04656484532753,"Monkeypox"
"1090487.753",2001-06-23,2001-06-22,0,1090487,"63","1090487","P1D","http://aido.bsvgateway.org/api/locations/1090487/","Équateur","Équateur, Democratic Republic of the Congo","State","http://aido.bsvgateway.org/api/locations/96271664/",20.605892236688,20.605892236688,1.04656484532753,"Monkeypox"
"1090487.754",2001-06-24,2001-06-23,0,1090487,"63","1090487","P1D","http://aido.bsvgateway.org/api/locations/1090487/","Équateur","Équateur, Democratic Republic of the Congo","State","http://aido.bsvgateway.org/api/locations/96271664/",1.04656484532753,20.605892236688,1.04656484532753,"Monkeypox"
"1090487.755",2001-06-25,2001-06-24,0,1090487,"63","1090487","P1D","http://aido.bsvgateway.org/api/locations/1090487/","Équateur","Équateur, Democratic Republic of the Congo","State","http://aido.bsvgateway.org/api/locations/96271664/",20.605892236688,20.605892236688,1.04656484532753,"Monkeypox"
"1090487.756",2001-06-26,2001-06-25,0,1090487,"63","1090487","P1D","http://aido.bsvgateway.org/api/locations/1090487/","Équateur","Équateur, Democratic Republic of the Congo","State","http://aido.bsvgateway.org/api/locations/96271664/",1.04656484532753,20.605892236688,1.04656484532753,"Monkeypox"
"1090487.757",2001-06-27,2001-06-26,0,1090487,"63","1090487","P1D","http://aido.bsvgateway.org/api/locations/1090487/","Équateur","Équateur, Democratic Republic of the Congo","State","http://aido.bsvgateway.org/api/locations/96271664/",20.605892236688,20.605892236688,1.04656484532753,"Monkeypox"
"1090487.758",2001-06-28,2001-06-27,0,1090487,"63","1090487","P1D","http://aido.bsvgateway.org/api/locations/1090487/","Équateur","Équateur, Democratic Republic of the Congo","State","http://aido.bsvgateway.org/api/locations/96271664/",1.04656484532753,20.605892236688,1.04656484532753,"Monkeypox"
"1090487.759",2001-06-29,2001-06-28,0,1090487,"63","1090487","P1D","http://aido.bsvgateway.org/api/locations/1090487/","Équateur","Équateur, Democratic Republic of the Congo","State","http://aido.bsvgateway.org/api/locations/96271664/",20.605892236688,20.605892236688,1.04656484532753,"Monkeypox"
"1090487.760",2001-06-30,2001-06-29,0,1090487,"63","1090487","P1D","http://aido.bsvgateway.org/api/locations/1090487/","Équateur","Équateur, Democratic Republic of the Congo","State","http://aido.bsvgateway.org/api/locations/96271664/",1.04656484532753,20.605892236688,1.04656484532753,"Monkeypox"
"1090487.761",2001-07-01,2001-06-30,0,1090487,"63","1090487","P1D","http://aido.bsvgateway.org/api/locations/1090487/","Équateur","Équateur, Democratic Republic of the Congo","State","http://aido.bsvgateway.org/api/locations/96271664/",20.605892236688,20.605892236688,1.04656484532753,"Monkeypox"
"1090487.762",2001-07-02,2001-07-01,0,1090487,"63","1090487","P1D","http://aido.bsvgateway.org/api/locations/1090487/","Équateur","Équateur, Democratic Republic of the Congo","State","http://aido.bsvgateway.org/api/locations/96271664/",1.04656484532753,20.605892236688,1.04656484532753,"Monkeypox"
"1090487.763",2001-07-03,2001-07-02,0,1090487,"63","1090487","P1D","http://aido.bsvgateway.org/api/locations/1090487/","Équateur","Équateur, Democratic Republic of the Congo","State","http://aido.bsvgateway.org/api/locations/96271664/",20.605892236688,20.605892236688,1.04656484532753,"Monkeypox"
"1090487.764",2001-07-04,2001-07-03,0,1090487,"63","1090487","P1D","http://aido.bsvgateway.org/api/locations/1090487/","Équateur","Équateur, Democratic Republic of the Congo","State","http://aido.bsvgateway.org/api/locations/96271664/",1.04656484532753,20.605892236688,1.04656484532753,"Monkeypox"
"1090487.765",2001-07-05,2001-07-04,0,1090487,"63","1090487","P1D","http://aido.bsvgateway.org/api/locations/1090487/","Équateur","Équateur, Democratic Republic of the Congo","State","http://aido.bsvgateway.org/api/locations/96271664/",20.605892236688,20.605892236688,1.04656484532753,"Monkeypox"
"1090487.766",2001-07-06,2001-07-05,0,1090487,"63","1090487","P1D","http://aido.bsvgateway.org/api/locations/1090487/","Équateur","Équateur, Democratic Republic of the Congo","State","http://aido.bsvgateway.org/api/locations/96271664/",1.04656484532753,20.605892236688,1.04656484532753,"Monkeypox"
"1090487.767",2001-07-07,2001-07-06,0,1090487,"63","1090487","P1D","http://aido.bsvgateway.org/api/locations/1090487/","Équateur","Équateur, Democratic Republic of the Congo","State","http://aido.bsvgateway.org/api/locations/96271664/",20.605892236688,20.605892236688,1.04656484532753,"Monkeypox"
"1090487.768",2001-07-08,2001-07-07,0,1090487,"63","1090487","P1D","http://aido.bsvgateway.org/api/locations/1090487/","Équateur","Équateur, Democratic Republic of the Congo","State","http://aido.bsvgateway.org/api/locations/96271664/",1.04656484532753,20.605892236688,1.04656484532753,"Monkeypox"
"1090487.769",2001-07-09,2001-07-08,0,1090487,"63","1090487","P1D","http://aido.bsvgateway.org/api/locations/1090487/","Équateur","Équateur, Democratic Republic of the Congo","State","http://aido.bsvgateway.org/api/locations/96271664/",20.605892236688,20.605892236688,1.04656484532753,"Monkeypox"
"1090487.770",2001-07-10,2001-07-09,0,1090487,"63","1090487","P1D","http://aido.bsvgateway.org/api/locations/1090487/","Équateur","Équateur, Democratic Republic of the Congo","State","http://aido.bsvgateway.org/api/locations/96271664/",1.04656484532753,20.605892236688,1.04656484532753,"Monkeypox"
"1090487.771",2001-07-11,2001-07-10,0,1090487,"63","1090487","P1D","http://aido.bsvgateway.org/api/locations/1090487/","Équateur","Équateur, Democratic Republic of the Congo","State","http://aido.bsvgateway.org/api/locations/96271664/",20.605892236688,20.605892236688,1.04656484532753,"Monkeypox"
"1090487.772",2001-07-12,2001-07-11,0,1090487,"63","1090487","P1D","http://aido.bsvgateway.org/api/locations/1090487/","Équateur","Équateur, Democratic Republic of the Congo","State","http://aido.bsvgateway.org/api/locations/96271664/",1.04656484532753,20.605892236688,1.04656484532753,"Monkeypox"
"1090487.773",2001-07-13,2001-07-12,0,1090487,"63","1090487","P1D","http://aido.bsvgateway.org/api/locations/1090487/","Équateur","Équateur, Democratic Republic of the Congo","State","http://aido.bsvgateway.org/api/locations/96271664/",20.605892236688,20.605892236688,1.04656484532753,"Monkeypox"
"1090487.774",2001-07-14,2001-07-13,0,1090487,"63","1090487","P1D","http://aido.bsvgateway.org/api/locations/1090487/","Équateur","Équateur, Democratic Republic of the Congo","State","http://aido.bsvgateway.org/api/locations/96271664/",1.04656484532753,20.605892236688,1.04656484532753,"Monkeypox"
"1090487.775",2001-07-15,2001-07-14,0,1090487,"63","1090487","P1D","http://aido.bsvgateway.org/api/locations/1090487/","Équateur","Équateur, Democratic Republic of the Congo","State","http://aido.bsvgateway.org/api/locations/96271664/",20.605892236688,20.605892236688,1.04656484532753,"Monkeypox"
"1090487.776",2001-07-16,2001-07-15,0,1090487,"63","1090487","P1D","http://aido.bsvgateway.org/api/locations/1090487/","Équateur","Équateur, Democratic Republic of the Congo","State","http://aido.bsvgateway.org/api/locations/96271664/",1.04656484532753,20.605892236688,1.04656484532753,"Monkeypox"
"1090487.777",2001-07-17,2001-07-16,0,1090487,"63","1090487","P1D","http://aido.bsvgateway.org/api/locations/1090487/","Équateur","Équateur, Democratic Republic of the Congo","State","http://aido.bsvgateway.org/api/locations/96271664/",20.605892236688,20.605892236688,1.04656484532753,"Monkeypox"
"1090487.778",2001-07-18,2001-07-17,0,1090487,"63","1090487","P1D","http://aido.bsvgateway.org/api/locations/1090487/","Équateur","Équateur, Democratic Republic of the Congo","State","http://aido.bsvgateway.org/api/locations/96271664/",1.04656484532753,20.605892236688,1.04656484532753,"Monkeypox"
"1090487.779",2001-07-19,2001-07-18,0,1090487,"63","1090487","P1D","http://aido.bsvgateway.org/api/locations/1090487/","Équateur","Équateur, Democratic Republic of the Congo","State","http://aido.bsvgateway.org/api/locations/96271664/",20.605892236688,20.605892236688,1.04656484532753,"Monkeypox"
"1090487.780",2001-07-20,2001-07-19,0,1090487,"63","1090487","P1D","http://aido.bsvgateway.org/api/locations/1090487/","Équateur","Équateur, Democratic Republic of the Congo","State","http://aido.bsvgateway.org/api/locations/96271664/",1.04656484532753,20.605892236688,1.04656484532753,"Monkeypox"
"1090487.781",2001-07-21,2001-07-20,0,1090487,"63","1090487","P1D","http://aido.bsvgateway.org/api/locations/1090487/","Équateur","Équateur, Democratic Republic of the Congo","State","http://aido.bsvgateway.org/api/locations/96271664/",20.605892236688,20.605892236688,1.04656484532753,"Monkeypox"
"1090487.782",2001-07-22,2001-07-21,0,1090487,"63","1090487","P1D","http://aido.bsvgateway.org/api/locations/1090487/","Équateur","Équateur, Democratic Republic of the Congo","State","http://aido.bsvgateway.org/api/locations/96271664/",1.04656484532753,20.605892236688,1.04656484532753,"Monkeypox"
"1090487.783",2001-07-23,2001-07-22,0,1090487,"63","1090487","P1D","http://aido.bsvgateway.org/api/locations/1090487/","Équateur","Équateur, Democratic Republic of the Congo","State","http://aido.bsvgateway.org/api/locations/96271664/",20.605892236688,20.605892236688,1.04656484532753,"Monkeypox"
"1090487.784",2001-07-24,2001-07-23,0,1090487,"63","1090487","P1D","http://aido.bsvgateway.org/api/locations/1090487/","Équateur","Équateur, Democratic Republic of the Congo","State","http://aido.bsvgateway.org/api/locations/96271664/",1.04656484532753,20.605892236688,1.04656484532753,"Monkeypox"
"1090487.785",2001-07-25,2001-07-24,0,1090487,"63","1090487","P1D","http://aido.bsvgateway.org/api/locations/1090487/","Équateur","Équateur, Democratic Republic of the Congo","State","http://aido.bsvgateway.org/api/locations/96271664/",20.605892236688,20.605892236688,1.04656484532753,"Monkeypox"
"1090487.786",2001-07-26,2001-07-25,0,1090487,"63","1090487","P1D","http://aido.bsvgateway.org/api/locations/1090487/","Équateur","Équateur, Democratic Republic of the Congo","State","http://aido.bsvgateway.org/api/locations/96271664/",1.04656484532753,20.605892236688,1.04656484532753,"Monkeypox"
"1090487.787",2001-07-27,2001-07-26,0,1090487,"63","1090487","P1D","http://aido.bsvgateway.org/api/locations/1090487/","Équateur","Équateur, Democratic Republic of the Congo","State","http://aido.bsvgateway.org/api/locations/96271664/",20.605892236688,20.605892236688,1.04656484532753,"Monkeypox"
"1090487.788",2001-07-28,2001-07-27,0,1090487,"63","1090487","P1D","http://aido.bsvgateway.org/api/locations/1090487/","Équateur","Équateur, Democratic Republic of the Congo","State","http://aido.bsvgateway.org/api/locations/96271664/",1.04656484532753,20.605892236688,1.04656484532753,"Monkeypox"
"1090487.789",2001-07-29,2001-07-28,0,1090487,"63","1090487","P1D","http://aido.bsvgateway.org/api/locations/1090487/","Équateur","Équateur, Democratic Republic of the Congo","State","http://aido.bsvgateway.org/api/locations/96271664/",20.605892236688,20.605892236688,1.04656484532753,"Monkeypox"
"1090487.790",2001-07-30,2001-07-29,0,1090487,"63","1090487","P1D","http://aido.bsvgateway.org/api/locations/1090487/","Équateur","Équateur, Democratic Republic of the Congo","State","http://aido.bsvgateway.org/api/locations/96271664/",1.04656484532753,20.605892236688,1.04656484532753,"Monkeypox"
"1090487.791",2001-07-31,2001-07-30,0,1090487,"63","1090487","P1D","http://aido.bsvgateway.org/api/locations/1090487/","Équateur","Équateur, Democratic Republic of the Congo","State","http://aido.bsvgateway.org/api/locations/96271664/",20.605892236688,20.605892236688,1.04656484532753,"Monkeypox"
"1090487.792",2001-08-01,2001-07-31,0,1090487,"63","1090487","P1D","http://aido.bsvgateway.org/api/locations/1090487/","Équateur","Équateur, Democratic Republic of the Congo","State","http://aido.bsvgateway.org/api/locations/96271664/",1.04656484532753,20.605892236688,1.04656484532753,"Monkeypox"
"1090487.793",2001-08-02,2001-08-01,0,1090487,"63","1090487","P1D","http://aido.bsvgateway.org/api/locations/1090487/","Équateur","Équateur, Democratic Republic of the Congo","State","http://aido.bsvgateway.org/api/locations/96271664/",20.605892236688,20.605892236688,1.04656484532753,"Monkeypox"
"1090487.794",2001-08-03,2001-08-02,0,1090487,"63","1090487","P1D","http://aido.bsvgateway.org/api/locations/1090487/","Équateur","Équateur, Democratic Republic of the Congo","State","http://aido.bsvgateway.org/api/locations/96271664/",1.04656484532753,20.605892236688,1.04656484532753,"Monkeypox"
"1090487.795",2001-08-04,2001-08-03,0,1090487,"63","1090487","P1D","http://aido.bsvgateway.org/api/locations/1090487/","Équateur","Équateur, Democratic Republic of the Congo","State","http://aido.bsvgateway.org/api/locations/96271664/",20.605892236688,20.605892236688,1.04656484532753,"Monkeypox"
"1090487.796",2001-08-05,2001-08-04,0,1090487,"63","1090487","P1D","http://aido.bsvgateway.org/api/locations/1090487/","Équateur","Équateur, Democratic Republic of the Congo","State","http://aido.bsvgateway.org/api/locations/96271664/",1.04656484532753,20.605892236688,1.04656484532753,"Monkeypox"
"1090487.797",2001-08-06,2001-08-05,0,1090487,"63","1090487","P1D","http://aido.bsvgateway.org/api/locations/1090487/","Équateur","Équateur, Democratic Republic of the Congo","State","http://aido.bsvgateway.org/api/locations/96271664/",20.605892236688,20.605892236688,1.04656484532753,"Monkeypox"
"1090487.798",2001-08-07,2001-08-06,0,1090487,"63","1090487","P1D","http://aido.bsvgateway.org/api/locations/1090487/","Équateur","Équateur, Democratic Republic of the Congo","State","http://aido.bsvgateway.org/api/locations/96271664/",1.04656484532753,20.605892236688,1.04656484532753,"Monkeypox"
"1090487.799",2001-08-08,2001-08-07,0,1090487,"63","1090487","P1D","http://aido.bsvgateway.org/api/locations/1090487/","Équateur","Équateur, Democratic Republic of the Congo","State","http://aido.bsvgateway.org/api/locations/96271664/",20.605892236688,20.605892236688,1.04656484532753,"Monkeypox"
"1090487.800",2001-08-09,2001-08-08,0,1090487,"63","1090487","P1D","http://aido.bsvgateway.org/api/locations/1090487/","Équateur","Équateur, Democratic Republic of the Congo","State","http://aido.bsvgateway.org/api/locations/96271664/",1.04656484532753,20.605892236688,1.04656484532753,"Monkeypox"
"1090487.801",2001-08-10,2001-08-09,9,1090487,"63","1090487","P1D","http://aido.bsvgateway.org/api/locations/1090487/","Équateur","Équateur, Democratic Republic of the Congo","State","http://aido.bsvgateway.org/api/locations/96271664/",20.605892236688,20.605892236688,1.04656484532753,"Monkeypox"
"1090487.802",2013-02-01,2013-01-01,3,1090487,"63","1090487","P1M","http://aido.bsvgateway.org/api/locations/1090487/","Équateur","Équateur, Democratic Republic of the Congo","State","http://aido.bsvgateway.org/api/locations/96271664/",1.04656484532753,20.605892236688,1.04656484532753,"Monkeypox"
"1090487.803",2013-03-01,2013-02-01,0,1090487,"63","1090487","P1M","http://aido.bsvgateway.org/api/locations/1090487/","Équateur","Équateur, Democratic Republic of the Congo","State","http://aido.bsvgateway.org/api/locations/96271664/",20.605892236688,20.605892236688,1.04656484532753,"Monkeypox"
"1090487.804",2013-04-01,2013-03-01,2,1090487,"63","1090487","P1M","http://aido.bsvgateway.org/api/locations/1090487/","Équateur","Équateur, Democratic Republic of the Congo","State","http://aido.bsvgateway.org/api/locations/96271664/",1.04656484532753,20.605892236688,1.04656484532753,"Monkeypox"
"1090487.805",2013-05-01,2013-04-01,3,1090487,"63","1090487","P1M","http://aido.bsvgateway.org/api/locations/1090487/","Équateur","Équateur, Democratic Republic of the Congo","State","http://aido.bsvgateway.org/api/locations/96271664/",20.605892236688,20.605892236688,1.04656484532753,"Monkeypox"
"1090487.806",2013-06-01,2013-05-01,0,1090487,"63","1090487","P1M","http://aido.bsvgateway.org/api/locations/1090487/","Équateur","Équateur, Democratic Republic of the Congo","State","http://aido.bsvgateway.org/api/locations/96271664/",1.04656484532753,20.605892236688,1.04656484532753,"Monkeypox"
"1090487.807",2013-07-01,2013-06-01,10,1090487,"63","1090487","P1M","http://aido.bsvgateway.org/api/locations/1090487/","Équateur","Équateur, Democratic Republic of the Congo","State","http://aido.bsvgateway.org/api/locations/96271664/",20.605892236688,20.605892236688,1.04656484532753,"Monkeypox"
"1090487.808",2013-08-01,2013-07-01,6,1090487,"63","1090487","P1M","http://aido.bsvgateway.org/api/locations/1090487/","Équateur","Équateur, Democratic Republic of the Congo","State","http://aido.bsvgateway.org/api/locations/96271664/",1.04656484532753,20.605892236688,1.04656484532753,"Monkeypox"
"1090487.809",2013-09-01,2013-08-01,0,1090487,"63","1090487","P1M","http://aido.bsvgateway.org/api/locations/1090487/","Équateur","Équateur, Democratic Republic of the Congo","State","http://aido.bsvgateway.org/api/locations/96271664/",20.605892236688,20.605892236688,1.04656484532753,"Monkeypox"
"1090487.810",2013-10-01,2013-09-01,1,1090487,"63","1090487","P1M","http://aido.bsvgateway.org/api/locations/1090487/","Équateur","Équateur, Democratic Republic of the Congo","State","http://aido.bsvgateway.org/api/locations/96271664/",1.04656484532753,20.605892236688,1.04656484532753,"Monkeypox"
"1090487.811",2013-11-01,2013-10-01,61,1090487,"63","1090487","P1M","http://aido.bsvgateway.org/api/locations/1090487/","Équateur","Équateur, Democratic Republic of the Congo","State","http://aido.bsvgateway.org/api/locations/96271664/",20.605892236688,20.605892236688,1.04656484532753,"Monkeypox"
"1090487.812",2013-12-01,2013-11-01,2,1090487,"63","1090487","P1M","http://aido.bsvgateway.org/api/locations/1090487/","Équateur","Équateur, Democratic Republic of the Congo","State","http://aido.bsvgateway.org/api/locations/96271664/",1.04656484532753,20.605892236688,1.04656484532753,"Monkeypox"
"1090487.813",2014-01-01,2013-12-01,16,1090487,"63","1090487","P1M","http://aido.bsvgateway.org/api/locations/1090487/","Équateur","Équateur, Democratic Republic of the Congo","State","http://aido.bsvgateway.org/api/locations/96271664/",20.605892236688,20.605892236688,1.04656484532753,"Monkeypox"
