"","end","start","value","id","disease","location","duration","url","name","full_name","admin_level_name","parent","centroid_lat_long","longitude","latitude","disease_name"
"255857440.1443",2008-11-03,2008-10-27,18,255857440,"39","255857440","P7D","http://aido.bsvgateway.org/api/locations/255857440/","Extrême-Nord","Extrême-Nord, Cameroon","State","http://aido.bsvgateway.org/api/locations/253922372/",11.0647023792191,14.5116726846189,11.0647023792191,"Measles"
"255857440.1444",2008-11-10,2008-11-03,14,255857440,"39","255857440","P7D","http://aido.bsvgateway.org/api/locations/255857440/","Extrême-Nord","Extrême-Nord, Cameroon","State","http://aido.bsvgateway.org/api/locations/253922372/",14.5116726846189,14.5116726846189,11.0647023792191,"Measles"
"255857440.1445",2008-11-17,2008-11-10,10,255857440,"39","255857440","P7D","http://aido.bsvgateway.org/api/locations/255857440/","Extrême-Nord","Extrême-Nord, Cameroon","State","http://aido.bsvgateway.org/api/locations/253922372/",11.0647023792191,14.5116726846189,11.0647023792191,"Measles"
"255857440.1446",2008-11-24,2008-11-17,15,255857440,"39","255857440","P7D","http://aido.bsvgateway.org/api/locations/255857440/","Extrême-Nord","Extrême-Nord, Cameroon","State","http://aido.bsvgateway.org/api/locations/253922372/",14.5116726846189,14.5116726846189,11.0647023792191,"Measles"
"255857440.1447",2008-12-01,2008-11-24,21,255857440,"39","255857440","P7D","http://aido.bsvgateway.org/api/locations/255857440/","Extrême-Nord","Extrême-Nord, Cameroon","State","http://aido.bsvgateway.org/api/locations/253922372/",11.0647023792191,14.5116726846189,11.0647023792191,"Measles"
"255857440.1448",2008-12-08,2008-12-01,48,255857440,"39","255857440","P7D","http://aido.bsvgateway.org/api/locations/255857440/","Extrême-Nord","Extrême-Nord, Cameroon","State","http://aido.bsvgateway.org/api/locations/253922372/",14.5116726846189,14.5116726846189,11.0647023792191,"Measles"
"255857440.1449",2008-12-15,2008-12-08,13,255857440,"39","255857440","P7D","http://aido.bsvgateway.org/api/locations/255857440/","Extrême-Nord","Extrême-Nord, Cameroon","State","http://aido.bsvgateway.org/api/locations/253922372/",11.0647023792191,14.5116726846189,11.0647023792191,"Measles"
"255857440.1450",2008-12-22,2008-12-15,19,255857440,"39","255857440","P7D","http://aido.bsvgateway.org/api/locations/255857440/","Extrême-Nord","Extrême-Nord, Cameroon","State","http://aido.bsvgateway.org/api/locations/253922372/",14.5116726846189,14.5116726846189,11.0647023792191,"Measles"
"255857440.1451",2008-12-29,2008-12-22,69,255857440,"39","255857440","P7D","http://aido.bsvgateway.org/api/locations/255857440/","Extrême-Nord","Extrême-Nord, Cameroon","State","http://aido.bsvgateway.org/api/locations/253922372/",11.0647023792191,14.5116726846189,11.0647023792191,"Measles"
"255857440.1452",2009-01-05,2008-12-29,57,255857440,"39","255857440","P7D","http://aido.bsvgateway.org/api/locations/255857440/","Extrême-Nord","Extrême-Nord, Cameroon","State","http://aido.bsvgateway.org/api/locations/253922372/",14.5116726846189,14.5116726846189,11.0647023792191,"Measles"
"255857440.1453",2009-01-12,2009-01-05,80,255857440,"39","255857440","P7D","http://aido.bsvgateway.org/api/locations/255857440/","Extrême-Nord","Extrême-Nord, Cameroon","State","http://aido.bsvgateway.org/api/locations/253922372/",11.0647023792191,14.5116726846189,11.0647023792191,"Measles"
"255857440.1454",2009-01-19,2009-01-12,70,255857440,"39","255857440","P7D","http://aido.bsvgateway.org/api/locations/255857440/","Extrême-Nord","Extrême-Nord, Cameroon","State","http://aido.bsvgateway.org/api/locations/253922372/",14.5116726846189,14.5116726846189,11.0647023792191,"Measles"
"255857440.1455",2009-01-26,2009-01-19,89,255857440,"39","255857440","P7D","http://aido.bsvgateway.org/api/locations/255857440/","Extrême-Nord","Extrême-Nord, Cameroon","State","http://aido.bsvgateway.org/api/locations/253922372/",11.0647023792191,14.5116726846189,11.0647023792191,"Measles"
"255857440.1456",2009-02-02,2009-01-26,81,255857440,"39","255857440","P7D","http://aido.bsvgateway.org/api/locations/255857440/","Extrême-Nord","Extrême-Nord, Cameroon","State","http://aido.bsvgateway.org/api/locations/253922372/",14.5116726846189,14.5116726846189,11.0647023792191,"Measles"
"255857440.1457",2009-02-09,2009-02-02,25,255857440,"39","255857440","P7D","http://aido.bsvgateway.org/api/locations/255857440/","Extrême-Nord","Extrême-Nord, Cameroon","State","http://aido.bsvgateway.org/api/locations/253922372/",11.0647023792191,14.5116726846189,11.0647023792191,"Measles"
"255857440.1458",2009-02-16,2009-02-09,21,255857440,"39","255857440","P7D","http://aido.bsvgateway.org/api/locations/255857440/","Extrême-Nord","Extrême-Nord, Cameroon","State","http://aido.bsvgateway.org/api/locations/253922372/",14.5116726846189,14.5116726846189,11.0647023792191,"Measles"
"255857440.1459",2009-02-23,2009-02-16,19,255857440,"39","255857440","P7D","http://aido.bsvgateway.org/api/locations/255857440/","Extrême-Nord","Extrême-Nord, Cameroon","State","http://aido.bsvgateway.org/api/locations/253922372/",11.0647023792191,14.5116726846189,11.0647023792191,"Measles"
"255857440.1460",2009-03-02,2009-02-23,8,255857440,"39","255857440","P7D","http://aido.bsvgateway.org/api/locations/255857440/","Extrême-Nord","Extrême-Nord, Cameroon","State","http://aido.bsvgateway.org/api/locations/253922372/",14.5116726846189,14.5116726846189,11.0647023792191,"Measles"
"255857440.1461",2009-03-09,2009-03-02,10,255857440,"39","255857440","P7D","http://aido.bsvgateway.org/api/locations/255857440/","Extrême-Nord","Extrême-Nord, Cameroon","State","http://aido.bsvgateway.org/api/locations/253922372/",11.0647023792191,14.5116726846189,11.0647023792191,"Measles"
"255857440.1462",2009-03-16,2009-03-09,11,255857440,"39","255857440","P7D","http://aido.bsvgateway.org/api/locations/255857440/","Extrême-Nord","Extrême-Nord, Cameroon","State","http://aido.bsvgateway.org/api/locations/253922372/",14.5116726846189,14.5116726846189,11.0647023792191,"Measles"
"255857440.1463",2009-03-23,2009-03-16,4,255857440,"39","255857440","P7D","http://aido.bsvgateway.org/api/locations/255857440/","Extrême-Nord","Extrême-Nord, Cameroon","State","http://aido.bsvgateway.org/api/locations/253922372/",11.0647023792191,14.5116726846189,11.0647023792191,"Measles"
"255857440.1464",2009-03-30,2009-03-23,0,255857440,"39","255857440","P7D","http://aido.bsvgateway.org/api/locations/255857440/","Extrême-Nord","Extrême-Nord, Cameroon","State","http://aido.bsvgateway.org/api/locations/253922372/",14.5116726846189,14.5116726846189,11.0647023792191,"Measles"
