"","end","start","value","id","disease","location","duration","url","name","full_name","admin_level_name","parent","centroid_lat_long","longitude","latitude","disease_name"
"70225325.216",2014-03-24,2014-03-17,1,70225325,"28","70225325","P7D","http://aido.bsvgateway.org/api/locations/70225325/","Liberia","Liberia","Country","http://aido.bsvgateway.org/api/locations/93632501/",6.45223255462257,-9.31986399326337,6.45223255462257,"Ebola"
"70225325.217",2014-03-31,2014-03-24,1,70225325,"28","70225325","P7D","http://aido.bsvgateway.org/api/locations/70225325/","Liberia","Liberia","Country","http://aido.bsvgateway.org/api/locations/93632501/",-9.31986399326337,-9.31986399326337,6.45223255462257,"Ebola"
"70225325.218",2014-04-07,2014-03-31,2,70225325,"28","70225325","P7D","http://aido.bsvgateway.org/api/locations/70225325/","Liberia","Liberia","Country","http://aido.bsvgateway.org/api/locations/93632501/",6.45223255462257,-9.31986399326337,6.45223255462257,"Ebola"
"70225325.219",2014-04-14,2014-04-07,0,70225325,"28","70225325","P7D","http://aido.bsvgateway.org/api/locations/70225325/","Liberia","Liberia","Country","http://aido.bsvgateway.org/api/locations/93632501/",-9.31986399326337,-9.31986399326337,6.45223255462257,"Ebola"
"70225325.220",2014-04-21,2014-04-14,0,70225325,"28","70225325","P7D","http://aido.bsvgateway.org/api/locations/70225325/","Liberia","Liberia","Country","http://aido.bsvgateway.org/api/locations/93632501/",6.45223255462257,-9.31986399326337,6.45223255462257,"Ebola"
"70225325.221",2014-04-28,2014-04-21,0,70225325,"28","70225325","P7D","http://aido.bsvgateway.org/api/locations/70225325/","Liberia","Liberia","Country","http://aido.bsvgateway.org/api/locations/93632501/",-9.31986399326337,-9.31986399326337,6.45223255462257,"Ebola"
"70225325.222",2014-05-05,2014-04-28,1,70225325,"28","70225325","P7D","http://aido.bsvgateway.org/api/locations/70225325/","Liberia","Liberia","Country","http://aido.bsvgateway.org/api/locations/93632501/",6.45223255462257,-9.31986399326337,6.45223255462257,"Ebola"
"70225325.223",2014-05-12,2014-05-05,4,70225325,"28","70225325","P7D","http://aido.bsvgateway.org/api/locations/70225325/","Liberia","Liberia","Country","http://aido.bsvgateway.org/api/locations/93632501/",-9.31986399326337,-9.31986399326337,6.45223255462257,"Ebola"
"70225325.224",2014-05-19,2014-05-12,0,70225325,"28","70225325","P7D","http://aido.bsvgateway.org/api/locations/70225325/","Liberia","Liberia","Country","http://aido.bsvgateway.org/api/locations/93632501/",6.45223255462257,-9.31986399326337,6.45223255462257,"Ebola"
"70225325.225",2014-05-26,2014-05-19,1,70225325,"28","70225325","P7D","http://aido.bsvgateway.org/api/locations/70225325/","Liberia","Liberia","Country","http://aido.bsvgateway.org/api/locations/93632501/",-9.31986399326337,-9.31986399326337,6.45223255462257,"Ebola"
"70225325.226",2014-06-02,2014-05-26,0,70225325,"28","70225325","P7D","http://aido.bsvgateway.org/api/locations/70225325/","Liberia","Liberia","Country","http://aido.bsvgateway.org/api/locations/93632501/",6.45223255462257,-9.31986399326337,6.45223255462257,"Ebola"
"70225325.227",2014-06-09,2014-06-02,3,70225325,"28","70225325","P7D","http://aido.bsvgateway.org/api/locations/70225325/","Liberia","Liberia","Country","http://aido.bsvgateway.org/api/locations/93632501/",-9.31986399326337,-9.31986399326337,6.45223255462257,"Ebola"
"70225325.228",2014-06-16,2014-06-09,17,70225325,"28","70225325","P7D","http://aido.bsvgateway.org/api/locations/70225325/","Liberia","Liberia","Country","http://aido.bsvgateway.org/api/locations/93632501/",6.45223255462257,-9.31986399326337,6.45223255462257,"Ebola"
"70225325.229",2014-06-23,2014-06-16,28,70225325,"28","70225325","P7D","http://aido.bsvgateway.org/api/locations/70225325/","Liberia","Liberia","Country","http://aido.bsvgateway.org/api/locations/93632501/",-9.31986399326337,-9.31986399326337,6.45223255462257,"Ebola"
"70225325.230",2014-06-30,2014-06-23,28,70225325,"28","70225325","P7D","http://aido.bsvgateway.org/api/locations/70225325/","Liberia","Liberia","Country","http://aido.bsvgateway.org/api/locations/93632501/",6.45223255462257,-9.31986399326337,6.45223255462257,"Ebola"
"70225325.231",2014-07-07,2014-06-30,22,70225325,"28","70225325","P7D","http://aido.bsvgateway.org/api/locations/70225325/","Liberia","Liberia","Country","http://aido.bsvgateway.org/api/locations/93632501/",-9.31986399326337,-9.31986399326337,6.45223255462257,"Ebola"
"70225325.232",2014-07-14,2014-07-07,34,70225325,"28","70225325","P7D","http://aido.bsvgateway.org/api/locations/70225325/","Liberia","Liberia","Country","http://aido.bsvgateway.org/api/locations/93632501/",6.45223255462257,-9.31986399326337,6.45223255462257,"Ebola"
"70225325.233",2014-07-21,2014-07-14,28,70225325,"28","70225325","P7D","http://aido.bsvgateway.org/api/locations/70225325/","Liberia","Liberia","Country","http://aido.bsvgateway.org/api/locations/93632501/",-9.31986399326337,-9.31986399326337,6.45223255462257,"Ebola"
"70225325.234",2014-07-28,2014-07-21,88,70225325,"28","70225325","P7D","http://aido.bsvgateway.org/api/locations/70225325/","Liberia","Liberia","Country","http://aido.bsvgateway.org/api/locations/93632501/",6.45223255462257,-9.31986399326337,6.45223255462257,"Ebola"
"70225325.235",2014-08-04,2014-07-28,83,70225325,"28","70225325","P7D","http://aido.bsvgateway.org/api/locations/70225325/","Liberia","Liberia","Country","http://aido.bsvgateway.org/api/locations/93632501/",-9.31986399326337,-9.31986399326337,6.45223255462257,"Ebola"
"70225325.236",2014-08-11,2014-08-04,167,70225325,"28","70225325","P7D","http://aido.bsvgateway.org/api/locations/70225325/","Liberia","Liberia","Country","http://aido.bsvgateway.org/api/locations/93632501/",6.45223255462257,-9.31986399326337,6.45223255462257,"Ebola"
"70225325.237",2014-08-18,2014-08-11,223,70225325,"28","70225325","P7D","http://aido.bsvgateway.org/api/locations/70225325/","Liberia","Liberia","Country","http://aido.bsvgateway.org/api/locations/93632501/",-9.31986399326337,-9.31986399326337,6.45223255462257,"Ebola"
"70225325.238",2014-08-25,2014-08-18,348,70225325,"28","70225325","P7D","http://aido.bsvgateway.org/api/locations/70225325/","Liberia","Liberia","Country","http://aido.bsvgateway.org/api/locations/93632501/",6.45223255462257,-9.31986399326337,6.45223255462257,"Ebola"
"70225325.239",2014-09-01,2014-08-25,330,70225325,"28","70225325","P7D","http://aido.bsvgateway.org/api/locations/70225325/","Liberia","Liberia","Country","http://aido.bsvgateway.org/api/locations/93632501/",-9.31986399326337,-9.31986399326337,6.45223255462257,"Ebola"
"70225325.240",2014-09-08,2014-09-01,359,70225325,"28","70225325","P7D","http://aido.bsvgateway.org/api/locations/70225325/","Liberia","Liberia","Country","http://aido.bsvgateway.org/api/locations/93632501/",6.45223255462257,-9.31986399326337,6.45223255462257,"Ebola"
"70225325.241",2014-09-15,2014-09-08,323,70225325,"28","70225325","P7D","http://aido.bsvgateway.org/api/locations/70225325/","Liberia","Liberia","Country","http://aido.bsvgateway.org/api/locations/93632501/",-9.31986399326337,-9.31986399326337,6.45223255462257,"Ebola"
"70225325.242",2014-09-22,2014-09-15,308,70225325,"28","70225325","P7D","http://aido.bsvgateway.org/api/locations/70225325/","Liberia","Liberia","Country","http://aido.bsvgateway.org/api/locations/93632501/",6.45223255462257,-9.31986399326337,6.45223255462257,"Ebola"
"70225325.243",2014-09-29,2014-09-22,304,70225325,"28","70225325","P7D","http://aido.bsvgateway.org/api/locations/70225325/","Liberia","Liberia","Country","http://aido.bsvgateway.org/api/locations/93632501/",-9.31986399326337,-9.31986399326337,6.45223255462257,"Ebola"
"70225325.244",2014-10-06,2014-09-29,217,70225325,"28","70225325","P7D","http://aido.bsvgateway.org/api/locations/70225325/","Liberia","Liberia","Country","http://aido.bsvgateway.org/api/locations/93632501/",6.45223255462257,-9.31986399326337,6.45223255462257,"Ebola"
"70225325.245",2014-10-13,2014-10-06,136,70225325,"28","70225325","P7D","http://aido.bsvgateway.org/api/locations/70225325/","Liberia","Liberia","Country","http://aido.bsvgateway.org/api/locations/93632501/",-9.31986399326337,-9.31986399326337,6.45223255462257,"Ebola"
"70225325.246",2014-10-20,2014-10-13,76,70225325,"28","70225325","P7D","http://aido.bsvgateway.org/api/locations/70225325/","Liberia","Liberia","Country","http://aido.bsvgateway.org/api/locations/93632501/",6.45223255462257,-9.31986399326337,6.45223255462257,"Ebola"
"70225325.247",2014-10-27,2014-10-20,46,70225325,"28","70225325","P7D","http://aido.bsvgateway.org/api/locations/70225325/","Liberia","Liberia","Country","http://aido.bsvgateway.org/api/locations/93632501/",-9.31986399326337,-9.31986399326337,6.45223255462257,"Ebola"
"70225325.248",2014-11-03,2014-10-27,56,70225325,"28","70225325","P7D","http://aido.bsvgateway.org/api/locations/70225325/","Liberia","Liberia","Country","http://aido.bsvgateway.org/api/locations/93632501/",6.45223255462257,-9.31986399326337,6.45223255462257,"Ebola"
"70225325.249",2014-11-10,2014-11-03,136,70225325,"28","70225325","P7D","http://aido.bsvgateway.org/api/locations/70225325/","Liberia","Liberia","Country","http://aido.bsvgateway.org/api/locations/93632501/",-9.31986399326337,-9.31986399326337,6.45223255462257,"Ebola"
"70225325.250",2014-11-17,2014-11-10,116,70225325,"28","70225325","P7D","http://aido.bsvgateway.org/api/locations/70225325/","Liberia","Liberia","Country","http://aido.bsvgateway.org/api/locations/93632501/",6.45223255462257,-9.31986399326337,6.45223255462257,"Ebola"
"70225325.251",2014-11-24,2014-11-17,78,70225325,"28","70225325","P7D","http://aido.bsvgateway.org/api/locations/70225325/","Liberia","Liberia","Country","http://aido.bsvgateway.org/api/locations/93632501/",-9.31986399326337,-9.31986399326337,6.45223255462257,"Ebola"
"70225325.252",2014-12-01,2014-11-24,63,70225325,"28","70225325","P7D","http://aido.bsvgateway.org/api/locations/70225325/","Liberia","Liberia","Country","http://aido.bsvgateway.org/api/locations/93632501/",6.45223255462257,-9.31986399326337,6.45223255462257,"Ebola"
"70225325.253",2014-12-08,2014-12-01,53,70225325,"28","70225325","P7D","http://aido.bsvgateway.org/api/locations/70225325/","Liberia","Liberia","Country","http://aido.bsvgateway.org/api/locations/93632501/",-9.31986399326337,-9.31986399326337,6.45223255462257,"Ebola"
"70225325.254",2014-12-15,2014-12-08,37,70225325,"28","70225325","P7D","http://aido.bsvgateway.org/api/locations/70225325/","Liberia","Liberia","Country","http://aido.bsvgateway.org/api/locations/93632501/",6.45223255462257,-9.31986399326337,6.45223255462257,"Ebola"
"70225325.255",2014-12-22,2014-12-15,23,70225325,"28","70225325","P7D","http://aido.bsvgateway.org/api/locations/70225325/","Liberia","Liberia","Country","http://aido.bsvgateway.org/api/locations/93632501/",-9.31986399326337,-9.31986399326337,6.45223255462257,"Ebola"
"70225325.256",2014-12-29,2014-12-22,31,70225325,"28","70225325","P7D","http://aido.bsvgateway.org/api/locations/70225325/","Liberia","Liberia","Country","http://aido.bsvgateway.org/api/locations/93632501/",6.45223255462257,-9.31986399326337,6.45223255462257,"Ebola"
"70225325.257",2015-01-05,2014-12-29,9,70225325,"28","70225325","P7D","http://aido.bsvgateway.org/api/locations/70225325/","Liberia","Liberia","Country","http://aido.bsvgateway.org/api/locations/93632501/",-9.31986399326337,-9.31986399326337,6.45223255462257,"Ebola"
"70225325.258",2015-01-12,2015-01-05,8,70225325,"28","70225325","P7D","http://aido.bsvgateway.org/api/locations/70225325/","Liberia","Liberia","Country","http://aido.bsvgateway.org/api/locations/93632501/",6.45223255462257,-9.31986399326337,6.45223255462257,"Ebola"
"70225325.259",2015-01-19,2015-01-12,8,70225325,"28","70225325","P7D","http://aido.bsvgateway.org/api/locations/70225325/","Liberia","Liberia","Country","http://aido.bsvgateway.org/api/locations/93632501/",-9.31986399326337,-9.31986399326337,6.45223255462257,"Ebola"
"70225325.260",2015-01-26,2015-01-19,4,70225325,"28","70225325","P7D","http://aido.bsvgateway.org/api/locations/70225325/","Liberia","Liberia","Country","http://aido.bsvgateway.org/api/locations/93632501/",6.45223255462257,-9.31986399326337,6.45223255462257,"Ebola"
"70225325.261",2015-02-02,2015-01-26,5,70225325,"28","70225325","P7D","http://aido.bsvgateway.org/api/locations/70225325/","Liberia","Liberia","Country","http://aido.bsvgateway.org/api/locations/93632501/",-9.31986399326337,-9.31986399326337,6.45223255462257,"Ebola"
"70225325.262",2015-02-09,2015-02-02,4,70225325,"28","70225325","P7D","http://aido.bsvgateway.org/api/locations/70225325/","Liberia","Liberia","Country","http://aido.bsvgateway.org/api/locations/93632501/",6.45223255462257,-9.31986399326337,6.45223255462257,"Ebola"
"70225325.263",2015-02-16,2015-02-09,5,70225325,"28","70225325","P7D","http://aido.bsvgateway.org/api/locations/70225325/","Liberia","Liberia","Country","http://aido.bsvgateway.org/api/locations/93632501/",-9.31986399326337,-9.31986399326337,6.45223255462257,"Ebola"
"70225325.264",2015-02-23,2015-02-16,1,70225325,"28","70225325","P7D","http://aido.bsvgateway.org/api/locations/70225325/","Liberia","Liberia","Country","http://aido.bsvgateway.org/api/locations/93632501/",6.45223255462257,-9.31986399326337,6.45223255462257,"Ebola"
"70225325.265",2015-03-02,2015-02-23,0,70225325,"28","70225325","P7D","http://aido.bsvgateway.org/api/locations/70225325/","Liberia","Liberia","Country","http://aido.bsvgateway.org/api/locations/93632501/",-9.31986399326337,-9.31986399326337,6.45223255462257,"Ebola"
"70225325.266",2015-03-09,2015-03-02,0,70225325,"28","70225325","P7D","http://aido.bsvgateway.org/api/locations/70225325/","Liberia","Liberia","Country","http://aido.bsvgateway.org/api/locations/93632501/",6.45223255462257,-9.31986399326337,6.45223255462257,"Ebola"
"70225325.267",2015-03-16,2015-03-09,0,70225325,"28","70225325","P7D","http://aido.bsvgateway.org/api/locations/70225325/","Liberia","Liberia","Country","http://aido.bsvgateway.org/api/locations/93632501/",-9.31986399326337,-9.31986399326337,6.45223255462257,"Ebola"
"70225325.268",2015-03-23,2015-03-16,1,70225325,"28","70225325","P7D","http://aido.bsvgateway.org/api/locations/70225325/","Liberia","Liberia","Country","http://aido.bsvgateway.org/api/locations/93632501/",6.45223255462257,-9.31986399326337,6.45223255462257,"Ebola"
"70225325.269",2015-03-30,2015-03-23,0,70225325,"28","70225325","P7D","http://aido.bsvgateway.org/api/locations/70225325/","Liberia","Liberia","Country","http://aido.bsvgateway.org/api/locations/93632501/",-9.31986399326337,-9.31986399326337,6.45223255462257,"Ebola"
"70225325.270",2015-04-06,2015-03-30,0,70225325,"28","70225325","P7D","http://aido.bsvgateway.org/api/locations/70225325/","Liberia","Liberia","Country","http://aido.bsvgateway.org/api/locations/93632501/",6.45223255462257,-9.31986399326337,6.45223255462257,"Ebola"
"70225325.271",2015-04-13,2015-04-06,0,70225325,"28","70225325","P7D","http://aido.bsvgateway.org/api/locations/70225325/","Liberia","Liberia","Country","http://aido.bsvgateway.org/api/locations/93632501/",-9.31986399326337,-9.31986399326337,6.45223255462257,"Ebola"
"70225325.272",2015-04-20,2015-04-13,0,70225325,"28","70225325","P7D","http://aido.bsvgateway.org/api/locations/70225325/","Liberia","Liberia","Country","http://aido.bsvgateway.org/api/locations/93632501/",6.45223255462257,-9.31986399326337,6.45223255462257,"Ebola"
"70225325.273",2015-04-27,2015-04-20,0,70225325,"28","70225325","P7D","http://aido.bsvgateway.org/api/locations/70225325/","Liberia","Liberia","Country","http://aido.bsvgateway.org/api/locations/93632501/",-9.31986399326337,-9.31986399326337,6.45223255462257,"Ebola"
"70225325.274",2015-05-04,2015-04-27,0,70225325,"28","70225325","P7D","http://aido.bsvgateway.org/api/locations/70225325/","Liberia","Liberia","Country","http://aido.bsvgateway.org/api/locations/93632501/",6.45223255462257,-9.31986399326337,6.45223255462257,"Ebola"
"70225325.275",2015-05-11,2015-05-04,0,70225325,"28","70225325","P7D","http://aido.bsvgateway.org/api/locations/70225325/","Liberia","Liberia","Country","http://aido.bsvgateway.org/api/locations/93632501/",-9.31986399326337,-9.31986399326337,6.45223255462257,"Ebola"
"70225325.276",2015-05-18,2015-05-11,0,70225325,"28","70225325","P7D","http://aido.bsvgateway.org/api/locations/70225325/","Liberia","Liberia","Country","http://aido.bsvgateway.org/api/locations/93632501/",6.45223255462257,-9.31986399326337,6.45223255462257,"Ebola"
"70225325.277",2015-05-25,2015-05-18,0,70225325,"28","70225325","P7D","http://aido.bsvgateway.org/api/locations/70225325/","Liberia","Liberia","Country","http://aido.bsvgateway.org/api/locations/93632501/",-9.31986399326337,-9.31986399326337,6.45223255462257,"Ebola"
"70225325.278",2015-06-01,2015-05-25,0,70225325,"28","70225325","P7D","http://aido.bsvgateway.org/api/locations/70225325/","Liberia","Liberia","Country","http://aido.bsvgateway.org/api/locations/93632501/",6.45223255462257,-9.31986399326337,6.45223255462257,"Ebola"
"70225325.279",2015-06-08,2015-06-01,0,70225325,"28","70225325","P7D","http://aido.bsvgateway.org/api/locations/70225325/","Liberia","Liberia","Country","http://aido.bsvgateway.org/api/locations/93632501/",-9.31986399326337,-9.31986399326337,6.45223255462257,"Ebola"
"70225325.280",2015-06-15,2015-06-08,0,70225325,"28","70225325","P7D","http://aido.bsvgateway.org/api/locations/70225325/","Liberia","Liberia","Country","http://aido.bsvgateway.org/api/locations/93632501/",6.45223255462257,-9.31986399326337,6.45223255462257,"Ebola"
"70225325.281",2015-06-22,2015-06-15,0,70225325,"28","70225325","P7D","http://aido.bsvgateway.org/api/locations/70225325/","Liberia","Liberia","Country","http://aido.bsvgateway.org/api/locations/93632501/",-9.31986399326337,-9.31986399326337,6.45223255462257,"Ebola"
"70225325.282",2015-06-29,2015-06-22,0,70225325,"28","70225325","P7D","http://aido.bsvgateway.org/api/locations/70225325/","Liberia","Liberia","Country","http://aido.bsvgateway.org/api/locations/93632501/",6.45223255462257,-9.31986399326337,6.45223255462257,"Ebola"
"70225325.283",2015-07-06,2015-06-29,3,70225325,"28","70225325","P7D","http://aido.bsvgateway.org/api/locations/70225325/","Liberia","Liberia","Country","http://aido.bsvgateway.org/api/locations/93632501/",-9.31986399326337,-9.31986399326337,6.45223255462257,"Ebola"
"70225325.284",2015-07-13,2015-07-06,3,70225325,"28","70225325","P7D","http://aido.bsvgateway.org/api/locations/70225325/","Liberia","Liberia","Country","http://aido.bsvgateway.org/api/locations/93632501/",6.45223255462257,-9.31986399326337,6.45223255462257,"Ebola"
"70225325.285",2015-07-20,2015-07-13,0,70225325,"28","70225325","P7D","http://aido.bsvgateway.org/api/locations/70225325/","Liberia","Liberia","Country","http://aido.bsvgateway.org/api/locations/93632501/",-9.31986399326337,-9.31986399326337,6.45223255462257,"Ebola"
"70225325.286",2015-07-27,2015-07-20,0,70225325,"28","70225325","P7D","http://aido.bsvgateway.org/api/locations/70225325/","Liberia","Liberia","Country","http://aido.bsvgateway.org/api/locations/93632501/",6.45223255462257,-9.31986399326337,6.45223255462257,"Ebola"
"70225325.287",2015-08-03,2015-07-27,0,70225325,"28","70225325","P7D","http://aido.bsvgateway.org/api/locations/70225325/","Liberia","Liberia","Country","http://aido.bsvgateway.org/api/locations/93632501/",-9.31986399326337,-9.31986399326337,6.45223255462257,"Ebola"
"70225325.288",2015-08-10,2015-08-03,0,70225325,"28","70225325","P7D","http://aido.bsvgateway.org/api/locations/70225325/","Liberia","Liberia","Country","http://aido.bsvgateway.org/api/locations/93632501/",6.45223255462257,-9.31986399326337,6.45223255462257,"Ebola"
"70225325.289",2015-08-17,2015-08-10,0,70225325,"28","70225325","P7D","http://aido.bsvgateway.org/api/locations/70225325/","Liberia","Liberia","Country","http://aido.bsvgateway.org/api/locations/93632501/",-9.31986399326337,-9.31986399326337,6.45223255462257,"Ebola"
"70225325.290",2015-08-24,2015-08-17,0,70225325,"28","70225325","P7D","http://aido.bsvgateway.org/api/locations/70225325/","Liberia","Liberia","Country","http://aido.bsvgateway.org/api/locations/93632501/",6.45223255462257,-9.31986399326337,6.45223255462257,"Ebola"
"70225325.291",2015-08-31,2015-08-24,0,70225325,"28","70225325","P7D","http://aido.bsvgateway.org/api/locations/70225325/","Liberia","Liberia","Country","http://aido.bsvgateway.org/api/locations/93632501/",-9.31986399326337,-9.31986399326337,6.45223255462257,"Ebola"
"70225325.292",2015-09-07,2015-08-31,0,70225325,"28","70225325","P7D","http://aido.bsvgateway.org/api/locations/70225325/","Liberia","Liberia","Country","http://aido.bsvgateway.org/api/locations/93632501/",6.45223255462257,-9.31986399326337,6.45223255462257,"Ebola"
"70225325.293",2015-09-14,2015-09-07,0,70225325,"28","70225325","P7D","http://aido.bsvgateway.org/api/locations/70225325/","Liberia","Liberia","Country","http://aido.bsvgateway.org/api/locations/93632501/",-9.31986399326337,-9.31986399326337,6.45223255462257,"Ebola"
"70225325.294",2015-09-21,2015-09-14,0,70225325,"28","70225325","P7D","http://aido.bsvgateway.org/api/locations/70225325/","Liberia","Liberia","Country","http://aido.bsvgateway.org/api/locations/93632501/",6.45223255462257,-9.31986399326337,6.45223255462257,"Ebola"
"70225325.295",2015-09-28,2015-09-21,0,70225325,"28","70225325","P7D","http://aido.bsvgateway.org/api/locations/70225325/","Liberia","Liberia","Country","http://aido.bsvgateway.org/api/locations/93632501/",-9.31986399326337,-9.31986399326337,6.45223255462257,"Ebola"
"70225325.296",2015-10-05,2015-09-28,0,70225325,"28","70225325","P7D","http://aido.bsvgateway.org/api/locations/70225325/","Liberia","Liberia","Country","http://aido.bsvgateway.org/api/locations/93632501/",6.45223255462257,-9.31986399326337,6.45223255462257,"Ebola"
"70225325.297",2015-10-12,2015-10-05,0,70225325,"28","70225325","P7D","http://aido.bsvgateway.org/api/locations/70225325/","Liberia","Liberia","Country","http://aido.bsvgateway.org/api/locations/93632501/",-9.31986399326337,-9.31986399326337,6.45223255462257,"Ebola"
"70225325.298",2015-10-19,2015-10-12,0,70225325,"28","70225325","P7D","http://aido.bsvgateway.org/api/locations/70225325/","Liberia","Liberia","Country","http://aido.bsvgateway.org/api/locations/93632501/",6.45223255462257,-9.31986399326337,6.45223255462257,"Ebola"
"70225325.299",2015-10-26,2015-10-19,0,70225325,"28","70225325","P7D","http://aido.bsvgateway.org/api/locations/70225325/","Liberia","Liberia","Country","http://aido.bsvgateway.org/api/locations/93632501/",-9.31986399326337,-9.31986399326337,6.45223255462257,"Ebola"
"70225325.300",2015-11-02,2015-10-26,0,70225325,"28","70225325","P7D","http://aido.bsvgateway.org/api/locations/70225325/","Liberia","Liberia","Country","http://aido.bsvgateway.org/api/locations/93632501/",6.45223255462257,-9.31986399326337,6.45223255462257,"Ebola"
"70225325.301",2015-11-09,2015-11-02,0,70225325,"28","70225325","P7D","http://aido.bsvgateway.org/api/locations/70225325/","Liberia","Liberia","Country","http://aido.bsvgateway.org/api/locations/93632501/",-9.31986399326337,-9.31986399326337,6.45223255462257,"Ebola"
"70225325.302",2015-11-16,2015-11-09,0,70225325,"28","70225325","P7D","http://aido.bsvgateway.org/api/locations/70225325/","Liberia","Liberia","Country","http://aido.bsvgateway.org/api/locations/93632501/",6.45223255462257,-9.31986399326337,6.45223255462257,"Ebola"
"70225325.303",2015-11-23,2015-11-16,3,70225325,"28","70225325","P7D","http://aido.bsvgateway.org/api/locations/70225325/","Liberia","Liberia","Country","http://aido.bsvgateway.org/api/locations/93632501/",-9.31986399326337,-9.31986399326337,6.45223255462257,"Ebola"
"70225325.304",2015-11-30,2015-11-23,0,70225325,"28","70225325","P7D","http://aido.bsvgateway.org/api/locations/70225325/","Liberia","Liberia","Country","http://aido.bsvgateway.org/api/locations/93632501/",6.45223255462257,-9.31986399326337,6.45223255462257,"Ebola"
"70225325.305",2015-12-07,2015-11-30,0,70225325,"28","70225325","P7D","http://aido.bsvgateway.org/api/locations/70225325/","Liberia","Liberia","Country","http://aido.bsvgateway.org/api/locations/93632501/",-9.31986399326337,-9.31986399326337,6.45223255462257,"Ebola"
"70225325.306",2015-12-14,2015-12-07,0,70225325,"28","70225325","P7D","http://aido.bsvgateway.org/api/locations/70225325/","Liberia","Liberia","Country","http://aido.bsvgateway.org/api/locations/93632501/",6.45223255462257,-9.31986399326337,6.45223255462257,"Ebola"
"70225325.307",2015-12-21,2015-12-14,0,70225325,"28","70225325","P7D","http://aido.bsvgateway.org/api/locations/70225325/","Liberia","Liberia","Country","http://aido.bsvgateway.org/api/locations/93632501/",-9.31986399326337,-9.31986399326337,6.45223255462257,"Ebola"
"70225325.308",2015-12-28,2015-12-21,0,70225325,"28","70225325","P7D","http://aido.bsvgateway.org/api/locations/70225325/","Liberia","Liberia","Country","http://aido.bsvgateway.org/api/locations/93632501/",6.45223255462257,-9.31986399326337,6.45223255462257,"Ebola"
"70225325.309",2016-01-04,2015-12-28,0,70225325,"28","70225325","P7D","http://aido.bsvgateway.org/api/locations/70225325/","Liberia","Liberia","Country","http://aido.bsvgateway.org/api/locations/93632501/",-9.31986399326337,-9.31986399326337,6.45223255462257,"Ebola"
