"","end","start","value","id","disease","location","duration","url","name","full_name","admin_level_name","parent","centroid_lat_long","longitude","latitude","disease_name"
"181572885.592",2009-07-06,2009-06-29,2,181572885,"30","181572885","P7D","http://aido.bsvgateway.org/api/locations/181572885/","France","France","Country","http://aido.bsvgateway.org/api/locations/216709393/",42.1801070051846,-2.75522114869556,42.1801070051846,"Novel Influenza A"
"181572885.593",2009-07-13,2009-07-06,11,181572885,"30","181572885","P7D","http://aido.bsvgateway.org/api/locations/181572885/","France","France","Country","http://aido.bsvgateway.org/api/locations/216709393/",-2.75522114869557,-2.75522114869556,42.1801070051846,"Novel Influenza A"
"181572885.594",2009-07-20,2009-07-13,10,181572885,"30","181572885","P7D","http://aido.bsvgateway.org/api/locations/181572885/","France","France","Country","http://aido.bsvgateway.org/api/locations/216709393/",42.1801070051846,-2.75522114869556,42.1801070051846,"Novel Influenza A"
"181572885.595",2009-07-27,2009-07-20,11,181572885,"30","181572885","P7D","http://aido.bsvgateway.org/api/locations/181572885/","France","France","Country","http://aido.bsvgateway.org/api/locations/216709393/",-2.75522114869557,-2.75522114869556,42.1801070051846,"Novel Influenza A"
"181572885.596",2009-08-03,2009-07-27,9,181572885,"30","181572885","P7D","http://aido.bsvgateway.org/api/locations/181572885/","France","France","Country","http://aido.bsvgateway.org/api/locations/216709393/",42.1801070051846,-2.75522114869556,42.1801070051846,"Novel Influenza A"
"181572885.597",2009-08-10,2009-08-03,18,181572885,"30","181572885","P7D","http://aido.bsvgateway.org/api/locations/181572885/","France","France","Country","http://aido.bsvgateway.org/api/locations/216709393/",-2.75522114869557,-2.75522114869556,42.1801070051846,"Novel Influenza A"
"181572885.598",2009-08-17,2009-08-10,10,181572885,"30","181572885","P7D","http://aido.bsvgateway.org/api/locations/181572885/","France","France","Country","http://aido.bsvgateway.org/api/locations/216709393/",42.1801070051846,-2.75522114869556,42.1801070051846,"Novel Influenza A"
"181572885.599",2009-08-24,2009-08-17,28,181572885,"30","181572885","P7D","http://aido.bsvgateway.org/api/locations/181572885/","France","France","Country","http://aido.bsvgateway.org/api/locations/216709393/",-2.75522114869557,-2.75522114869556,42.1801070051846,"Novel Influenza A"
"181572885.600",2009-08-31,2009-08-24,24,181572885,"30","181572885","P7D","http://aido.bsvgateway.org/api/locations/181572885/","France","France","Country","http://aido.bsvgateway.org/api/locations/216709393/",42.1801070051846,-2.75522114869556,42.1801070051846,"Novel Influenza A"
"181572885.601",2009-09-07,2009-08-31,19,181572885,"30","181572885","P7D","http://aido.bsvgateway.org/api/locations/181572885/","France","France","Country","http://aido.bsvgateway.org/api/locations/216709393/",-2.75522114869557,-2.75522114869556,42.1801070051846,"Novel Influenza A"
"181572885.602",2009-09-14,2009-09-07,18,181572885,"30","181572885","P7D","http://aido.bsvgateway.org/api/locations/181572885/","France","France","Country","http://aido.bsvgateway.org/api/locations/216709393/",42.1801070051846,-2.75522114869556,42.1801070051846,"Novel Influenza A"
"181572885.603",2009-09-21,2009-09-14,15,181572885,"30","181572885","P7D","http://aido.bsvgateway.org/api/locations/181572885/","France","France","Country","http://aido.bsvgateway.org/api/locations/216709393/",-2.75522114869557,-2.75522114869556,42.1801070051846,"Novel Influenza A"
"181572885.604",2009-09-28,2009-09-21,21,181572885,"30","181572885","P7D","http://aido.bsvgateway.org/api/locations/181572885/","France","France","Country","http://aido.bsvgateway.org/api/locations/216709393/",42.1801070051846,-2.75522114869556,42.1801070051846,"Novel Influenza A"
"181572885.605",2009-10-05,2009-09-28,28,181572885,"30","181572885","P7D","http://aido.bsvgateway.org/api/locations/181572885/","France","France","Country","http://aido.bsvgateway.org/api/locations/216709393/",-2.75522114869557,-2.75522114869556,42.1801070051846,"Novel Influenza A"
"181572885.606",2009-10-12,2009-10-05,75,181572885,"30","181572885","P7D","http://aido.bsvgateway.org/api/locations/181572885/","France","France","Country","http://aido.bsvgateway.org/api/locations/216709393/",42.1801070051846,-2.75522114869556,42.1801070051846,"Novel Influenza A"
"181572885.607",2009-10-19,2009-10-12,80,181572885,"30","181572885","P7D","http://aido.bsvgateway.org/api/locations/181572885/","France","France","Country","http://aido.bsvgateway.org/api/locations/216709393/",-2.75522114869557,-2.75522114869556,42.1801070051846,"Novel Influenza A"
"181572885.608",2009-10-26,2009-10-19,142,181572885,"30","181572885","P7D","http://aido.bsvgateway.org/api/locations/181572885/","France","France","Country","http://aido.bsvgateway.org/api/locations/216709393/",42.1801070051846,-2.75522114869556,42.1801070051846,"Novel Influenza A"
"181572885.609",2009-11-02,2009-10-26,155,181572885,"30","181572885","P7D","http://aido.bsvgateway.org/api/locations/181572885/","France","France","Country","http://aido.bsvgateway.org/api/locations/216709393/",-2.75522114869557,-2.75522114869556,42.1801070051846,"Novel Influenza A"
"181572885.610",2009-11-09,2009-11-02,65,181572885,"30","181572885","P7D","http://aido.bsvgateway.org/api/locations/181572885/","France","France","Country","http://aido.bsvgateway.org/api/locations/216709393/",42.1801070051846,-2.75522114869556,42.1801070051846,"Novel Influenza A"
"181572885.611",2009-11-16,2009-11-09,19,181572885,"30","181572885","P7D","http://aido.bsvgateway.org/api/locations/181572885/","France","France","Country","http://aido.bsvgateway.org/api/locations/216709393/",-2.75522114869557,-2.75522114869556,42.1801070051846,"Novel Influenza A"
"181572885.612",2009-11-23,2009-11-16,2,181572885,"30","181572885","P7D","http://aido.bsvgateway.org/api/locations/181572885/","France","France","Country","http://aido.bsvgateway.org/api/locations/216709393/",42.1801070051846,-2.75522114869556,42.1801070051846,"Novel Influenza A"
