"","end","start","value","id","disease","location","duration","url","name","full_name","admin_level_name","parent","centroid_lat_long","longitude","latitude","disease_name"
"96271664.81",1983-05-12,1983-05-11,1,96271664,"63","96271664","P1D","http://aido.bsvgateway.org/api/locations/96271664/","Democratic Republic of the Congo","Democratic Republic of the Congo","Country","http://aido.bsvgateway.org/api/locations/93632501/",-2.87979986177552,23.6451136996279,-2.87979986177552,"Monkeypox"
"96271664.82",1983-05-13,1983-05-12,0,96271664,"63","96271664","P1D","http://aido.bsvgateway.org/api/locations/96271664/","Democratic Republic of the Congo","Democratic Republic of the Congo","Country","http://aido.bsvgateway.org/api/locations/93632501/",23.645113699628,23.6451136996279,-2.87979986177552,"Monkeypox"
"96271664.83",1983-05-14,1983-05-13,0,96271664,"63","96271664","P1D","http://aido.bsvgateway.org/api/locations/96271664/","Democratic Republic of the Congo","Democratic Republic of the Congo","Country","http://aido.bsvgateway.org/api/locations/93632501/",-2.87979986177552,23.6451136996279,-2.87979986177552,"Monkeypox"
"96271664.84",1983-05-15,1983-05-14,0,96271664,"63","96271664","P1D","http://aido.bsvgateway.org/api/locations/96271664/","Democratic Republic of the Congo","Democratic Republic of the Congo","Country","http://aido.bsvgateway.org/api/locations/93632501/",23.645113699628,23.6451136996279,-2.87979986177552,"Monkeypox"
"96271664.85",1983-05-16,1983-05-15,0,96271664,"63","96271664","P1D","http://aido.bsvgateway.org/api/locations/96271664/","Democratic Republic of the Congo","Democratic Republic of the Congo","Country","http://aido.bsvgateway.org/api/locations/93632501/",-2.87979986177552,23.6451136996279,-2.87979986177552,"Monkeypox"
"96271664.86",1983-05-17,1983-05-16,0,96271664,"63","96271664","P1D","http://aido.bsvgateway.org/api/locations/96271664/","Democratic Republic of the Congo","Democratic Republic of the Congo","Country","http://aido.bsvgateway.org/api/locations/93632501/",23.645113699628,23.6451136996279,-2.87979986177552,"Monkeypox"
"96271664.87",1983-05-18,1983-05-17,0,96271664,"63","96271664","P1D","http://aido.bsvgateway.org/api/locations/96271664/","Democratic Republic of the Congo","Democratic Republic of the Congo","Country","http://aido.bsvgateway.org/api/locations/93632501/",-2.87979986177552,23.6451136996279,-2.87979986177552,"Monkeypox"
"96271664.88",1983-05-19,1983-05-18,0,96271664,"63","96271664","P1D","http://aido.bsvgateway.org/api/locations/96271664/","Democratic Republic of the Congo","Democratic Republic of the Congo","Country","http://aido.bsvgateway.org/api/locations/93632501/",23.645113699628,23.6451136996279,-2.87979986177552,"Monkeypox"
"96271664.89",1983-05-20,1983-05-19,0,96271664,"63","96271664","P1D","http://aido.bsvgateway.org/api/locations/96271664/","Democratic Republic of the Congo","Democratic Republic of the Congo","Country","http://aido.bsvgateway.org/api/locations/93632501/",-2.87979986177552,23.6451136996279,-2.87979986177552,"Monkeypox"
"96271664.90",1983-05-21,1983-05-20,0,96271664,"63","96271664","P1D","http://aido.bsvgateway.org/api/locations/96271664/","Democratic Republic of the Congo","Democratic Republic of the Congo","Country","http://aido.bsvgateway.org/api/locations/93632501/",23.645113699628,23.6451136996279,-2.87979986177552,"Monkeypox"
"96271664.91",1983-05-22,1983-05-21,0,96271664,"63","96271664","P1D","http://aido.bsvgateway.org/api/locations/96271664/","Democratic Republic of the Congo","Democratic Republic of the Congo","Country","http://aido.bsvgateway.org/api/locations/93632501/",-2.87979986177552,23.6451136996279,-2.87979986177552,"Monkeypox"
"96271664.92",1983-05-23,1983-05-22,0,96271664,"63","96271664","P1D","http://aido.bsvgateway.org/api/locations/96271664/","Democratic Republic of the Congo","Democratic Republic of the Congo","Country","http://aido.bsvgateway.org/api/locations/93632501/",23.645113699628,23.6451136996279,-2.87979986177552,"Monkeypox"
"96271664.93",1983-05-24,1983-05-23,0,96271664,"63","96271664","P1D","http://aido.bsvgateway.org/api/locations/96271664/","Democratic Republic of the Congo","Democratic Republic of the Congo","Country","http://aido.bsvgateway.org/api/locations/93632501/",-2.87979986177552,23.6451136996279,-2.87979986177552,"Monkeypox"
"96271664.94",1983-05-25,1983-05-24,0,96271664,"63","96271664","P1D","http://aido.bsvgateway.org/api/locations/96271664/","Democratic Republic of the Congo","Democratic Republic of the Congo","Country","http://aido.bsvgateway.org/api/locations/93632501/",23.645113699628,23.6451136996279,-2.87979986177552,"Monkeypox"
"96271664.95",1983-05-26,1983-05-25,0,96271664,"63","96271664","P1D","http://aido.bsvgateway.org/api/locations/96271664/","Democratic Republic of the Congo","Democratic Republic of the Congo","Country","http://aido.bsvgateway.org/api/locations/93632501/",-2.87979986177552,23.6451136996279,-2.87979986177552,"Monkeypox"
"96271664.96",1983-05-27,1983-05-26,1,96271664,"63","96271664","P1D","http://aido.bsvgateway.org/api/locations/96271664/","Democratic Republic of the Congo","Democratic Republic of the Congo","Country","http://aido.bsvgateway.org/api/locations/93632501/",23.645113699628,23.6451136996279,-2.87979986177552,"Monkeypox"
"96271664.97",1983-05-28,1983-05-27,0,96271664,"63","96271664","P1D","http://aido.bsvgateway.org/api/locations/96271664/","Democratic Republic of the Congo","Democratic Republic of the Congo","Country","http://aido.bsvgateway.org/api/locations/93632501/",-2.87979986177552,23.6451136996279,-2.87979986177552,"Monkeypox"
"96271664.98",1983-05-29,1983-05-28,0,96271664,"63","96271664","P1D","http://aido.bsvgateway.org/api/locations/96271664/","Democratic Republic of the Congo","Democratic Republic of the Congo","Country","http://aido.bsvgateway.org/api/locations/93632501/",23.645113699628,23.6451136996279,-2.87979986177552,"Monkeypox"
"96271664.99",1983-05-30,1983-05-29,0,96271664,"63","96271664","P1D","http://aido.bsvgateway.org/api/locations/96271664/","Democratic Republic of the Congo","Democratic Republic of the Congo","Country","http://aido.bsvgateway.org/api/locations/93632501/",-2.87979986177552,23.6451136996279,-2.87979986177552,"Monkeypox"
"96271664.100",1983-05-31,1983-05-30,0,96271664,"63","96271664","P1D","http://aido.bsvgateway.org/api/locations/96271664/","Democratic Republic of the Congo","Democratic Republic of the Congo","Country","http://aido.bsvgateway.org/api/locations/93632501/",23.645113699628,23.6451136996279,-2.87979986177552,"Monkeypox"
"96271664.101",1983-06-01,1983-05-31,0,96271664,"63","96271664","P1D","http://aido.bsvgateway.org/api/locations/96271664/","Democratic Republic of the Congo","Democratic Republic of the Congo","Country","http://aido.bsvgateway.org/api/locations/93632501/",-2.87979986177552,23.6451136996279,-2.87979986177552,"Monkeypox"
"96271664.102",1983-06-02,1983-06-01,0,96271664,"63","96271664","P1D","http://aido.bsvgateway.org/api/locations/96271664/","Democratic Republic of the Congo","Democratic Republic of the Congo","Country","http://aido.bsvgateway.org/api/locations/93632501/",23.645113699628,23.6451136996279,-2.87979986177552,"Monkeypox"
"96271664.103",1983-06-03,1983-06-02,0,96271664,"63","96271664","P1D","http://aido.bsvgateway.org/api/locations/96271664/","Democratic Republic of the Congo","Democratic Republic of the Congo","Country","http://aido.bsvgateway.org/api/locations/93632501/",-2.87979986177552,23.6451136996279,-2.87979986177552,"Monkeypox"
"96271664.104",1983-06-04,1983-06-03,0,96271664,"63","96271664","P1D","http://aido.bsvgateway.org/api/locations/96271664/","Democratic Republic of the Congo","Democratic Republic of the Congo","Country","http://aido.bsvgateway.org/api/locations/93632501/",23.645113699628,23.6451136996279,-2.87979986177552,"Monkeypox"
"96271664.105",1983-06-05,1983-06-04,0,96271664,"63","96271664","P1D","http://aido.bsvgateway.org/api/locations/96271664/","Democratic Republic of the Congo","Democratic Republic of the Congo","Country","http://aido.bsvgateway.org/api/locations/93632501/",-2.87979986177552,23.6451136996279,-2.87979986177552,"Monkeypox"
"96271664.106",1983-06-06,1983-06-05,0,96271664,"63","96271664","P1D","http://aido.bsvgateway.org/api/locations/96271664/","Democratic Republic of the Congo","Democratic Republic of the Congo","Country","http://aido.bsvgateway.org/api/locations/93632501/",23.645113699628,23.6451136996279,-2.87979986177552,"Monkeypox"
"96271664.107",1983-06-07,1983-06-06,0,96271664,"63","96271664","P1D","http://aido.bsvgateway.org/api/locations/96271664/","Democratic Republic of the Congo","Democratic Republic of the Congo","Country","http://aido.bsvgateway.org/api/locations/93632501/",-2.87979986177552,23.6451136996279,-2.87979986177552,"Monkeypox"
"96271664.108",1983-06-08,1983-06-07,0,96271664,"63","96271664","P1D","http://aido.bsvgateway.org/api/locations/96271664/","Democratic Republic of the Congo","Democratic Republic of the Congo","Country","http://aido.bsvgateway.org/api/locations/93632501/",23.645113699628,23.6451136996279,-2.87979986177552,"Monkeypox"
"96271664.109",1983-06-09,1983-06-08,0,96271664,"63","96271664","P1D","http://aido.bsvgateway.org/api/locations/96271664/","Democratic Republic of the Congo","Democratic Republic of the Congo","Country","http://aido.bsvgateway.org/api/locations/93632501/",-2.87979986177552,23.6451136996279,-2.87979986177552,"Monkeypox"
"96271664.110",1983-06-10,1983-06-09,0,96271664,"63","96271664","P1D","http://aido.bsvgateway.org/api/locations/96271664/","Democratic Republic of the Congo","Democratic Republic of the Congo","Country","http://aido.bsvgateway.org/api/locations/93632501/",23.645113699628,23.6451136996279,-2.87979986177552,"Monkeypox"
"96271664.111",1983-06-11,1983-06-10,0,96271664,"63","96271664","P1D","http://aido.bsvgateway.org/api/locations/96271664/","Democratic Republic of the Congo","Democratic Republic of the Congo","Country","http://aido.bsvgateway.org/api/locations/93632501/",-2.87979986177552,23.6451136996279,-2.87979986177552,"Monkeypox"
"96271664.112",1983-06-12,1983-06-11,0,96271664,"63","96271664","P1D","http://aido.bsvgateway.org/api/locations/96271664/","Democratic Republic of the Congo","Democratic Republic of the Congo","Country","http://aido.bsvgateway.org/api/locations/93632501/",23.645113699628,23.6451136996279,-2.87979986177552,"Monkeypox"
"96271664.113",1983-06-13,1983-06-12,0,96271664,"63","96271664","P1D","http://aido.bsvgateway.org/api/locations/96271664/","Democratic Republic of the Congo","Democratic Republic of the Congo","Country","http://aido.bsvgateway.org/api/locations/93632501/",-2.87979986177552,23.6451136996279,-2.87979986177552,"Monkeypox"
"96271664.114",1983-06-14,1983-06-13,0,96271664,"63","96271664","P1D","http://aido.bsvgateway.org/api/locations/96271664/","Democratic Republic of the Congo","Democratic Republic of the Congo","Country","http://aido.bsvgateway.org/api/locations/93632501/",23.645113699628,23.6451136996279,-2.87979986177552,"Monkeypox"
"96271664.115",1983-06-15,1983-06-14,0,96271664,"63","96271664","P1D","http://aido.bsvgateway.org/api/locations/96271664/","Democratic Republic of the Congo","Democratic Republic of the Congo","Country","http://aido.bsvgateway.org/api/locations/93632501/",-2.87979986177552,23.6451136996279,-2.87979986177552,"Monkeypox"
"96271664.116",1983-06-16,1983-06-15,0,96271664,"63","96271664","P1D","http://aido.bsvgateway.org/api/locations/96271664/","Democratic Republic of the Congo","Democratic Republic of the Congo","Country","http://aido.bsvgateway.org/api/locations/93632501/",23.645113699628,23.6451136996279,-2.87979986177552,"Monkeypox"
"96271664.117",1983-06-17,1983-06-16,0,96271664,"63","96271664","P1D","http://aido.bsvgateway.org/api/locations/96271664/","Democratic Republic of the Congo","Democratic Republic of the Congo","Country","http://aido.bsvgateway.org/api/locations/93632501/",-2.87979986177552,23.6451136996279,-2.87979986177552,"Monkeypox"
"96271664.118",1983-06-18,1983-06-17,0,96271664,"63","96271664","P1D","http://aido.bsvgateway.org/api/locations/96271664/","Democratic Republic of the Congo","Democratic Republic of the Congo","Country","http://aido.bsvgateway.org/api/locations/93632501/",23.645113699628,23.6451136996279,-2.87979986177552,"Monkeypox"
"96271664.119",1983-06-19,1983-06-18,0,96271664,"63","96271664","P1D","http://aido.bsvgateway.org/api/locations/96271664/","Democratic Republic of the Congo","Democratic Republic of the Congo","Country","http://aido.bsvgateway.org/api/locations/93632501/",-2.87979986177552,23.6451136996279,-2.87979986177552,"Monkeypox"
"96271664.120",1983-06-20,1983-06-19,0,96271664,"63","96271664","P1D","http://aido.bsvgateway.org/api/locations/96271664/","Democratic Republic of the Congo","Democratic Republic of the Congo","Country","http://aido.bsvgateway.org/api/locations/93632501/",23.645113699628,23.6451136996279,-2.87979986177552,"Monkeypox"
"96271664.121",1983-06-21,1983-06-20,1,96271664,"63","96271664","P1D","http://aido.bsvgateway.org/api/locations/96271664/","Democratic Republic of the Congo","Democratic Republic of the Congo","Country","http://aido.bsvgateway.org/api/locations/93632501/",-2.87979986177552,23.6451136996279,-2.87979986177552,"Monkeypox"
"96271664.122",1983-06-22,1983-06-21,0,96271664,"63","96271664","P1D","http://aido.bsvgateway.org/api/locations/96271664/","Democratic Republic of the Congo","Democratic Republic of the Congo","Country","http://aido.bsvgateway.org/api/locations/93632501/",23.645113699628,23.6451136996279,-2.87979986177552,"Monkeypox"
"96271664.123",1983-06-23,1983-06-22,0,96271664,"63","96271664","P1D","http://aido.bsvgateway.org/api/locations/96271664/","Democratic Republic of the Congo","Democratic Republic of the Congo","Country","http://aido.bsvgateway.org/api/locations/93632501/",-2.87979986177552,23.6451136996279,-2.87979986177552,"Monkeypox"
"96271664.124",1983-06-24,1983-06-23,0,96271664,"63","96271664","P1D","http://aido.bsvgateway.org/api/locations/96271664/","Democratic Republic of the Congo","Democratic Republic of the Congo","Country","http://aido.bsvgateway.org/api/locations/93632501/",23.645113699628,23.6451136996279,-2.87979986177552,"Monkeypox"
"96271664.125",1983-06-25,1983-06-24,0,96271664,"63","96271664","P1D","http://aido.bsvgateway.org/api/locations/96271664/","Democratic Republic of the Congo","Democratic Republic of the Congo","Country","http://aido.bsvgateway.org/api/locations/93632501/",-2.87979986177552,23.6451136996279,-2.87979986177552,"Monkeypox"
"96271664.126",1983-06-26,1983-06-25,0,96271664,"63","96271664","P1D","http://aido.bsvgateway.org/api/locations/96271664/","Democratic Republic of the Congo","Democratic Republic of the Congo","Country","http://aido.bsvgateway.org/api/locations/93632501/",23.645113699628,23.6451136996279,-2.87979986177552,"Monkeypox"
"96271664.127",1983-06-27,1983-06-26,0,96271664,"63","96271664","P1D","http://aido.bsvgateway.org/api/locations/96271664/","Democratic Republic of the Congo","Democratic Republic of the Congo","Country","http://aido.bsvgateway.org/api/locations/93632501/",-2.87979986177552,23.6451136996279,-2.87979986177552,"Monkeypox"
"96271664.128",1983-06-28,1983-06-27,0,96271664,"63","96271664","P1D","http://aido.bsvgateway.org/api/locations/96271664/","Democratic Republic of the Congo","Democratic Republic of the Congo","Country","http://aido.bsvgateway.org/api/locations/93632501/",23.645113699628,23.6451136996279,-2.87979986177552,"Monkeypox"
"96271664.129",1983-06-29,1983-06-28,0,96271664,"63","96271664","P1D","http://aido.bsvgateway.org/api/locations/96271664/","Democratic Republic of the Congo","Democratic Republic of the Congo","Country","http://aido.bsvgateway.org/api/locations/93632501/",-2.87979986177552,23.6451136996279,-2.87979986177552,"Monkeypox"
"96271664.130",1983-06-30,1983-06-29,0,96271664,"63","96271664","P1D","http://aido.bsvgateway.org/api/locations/96271664/","Democratic Republic of the Congo","Democratic Republic of the Congo","Country","http://aido.bsvgateway.org/api/locations/93632501/",23.645113699628,23.6451136996279,-2.87979986177552,"Monkeypox"
"96271664.131",1983-07-01,1983-06-30,0,96271664,"63","96271664","P1D","http://aido.bsvgateway.org/api/locations/96271664/","Democratic Republic of the Congo","Democratic Republic of the Congo","Country","http://aido.bsvgateway.org/api/locations/93632501/",-2.87979986177552,23.6451136996279,-2.87979986177552,"Monkeypox"
"96271664.132",1983-07-02,1983-07-01,0,96271664,"63","96271664","P1D","http://aido.bsvgateway.org/api/locations/96271664/","Democratic Republic of the Congo","Democratic Republic of the Congo","Country","http://aido.bsvgateway.org/api/locations/93632501/",23.645113699628,23.6451136996279,-2.87979986177552,"Monkeypox"
"96271664.133",1983-07-03,1983-07-02,0,96271664,"63","96271664","P1D","http://aido.bsvgateway.org/api/locations/96271664/","Democratic Republic of the Congo","Democratic Republic of the Congo","Country","http://aido.bsvgateway.org/api/locations/93632501/",-2.87979986177552,23.6451136996279,-2.87979986177552,"Monkeypox"
"96271664.134",1983-07-04,1983-07-03,0,96271664,"63","96271664","P1D","http://aido.bsvgateway.org/api/locations/96271664/","Democratic Republic of the Congo","Democratic Republic of the Congo","Country","http://aido.bsvgateway.org/api/locations/93632501/",23.645113699628,23.6451136996279,-2.87979986177552,"Monkeypox"
"96271664.135",1983-07-05,1983-07-04,0,96271664,"63","96271664","P1D","http://aido.bsvgateway.org/api/locations/96271664/","Democratic Republic of the Congo","Democratic Republic of the Congo","Country","http://aido.bsvgateway.org/api/locations/93632501/",-2.87979986177552,23.6451136996279,-2.87979986177552,"Monkeypox"
"96271664.136",1983-07-06,1983-07-05,0,96271664,"63","96271664","P1D","http://aido.bsvgateway.org/api/locations/96271664/","Democratic Republic of the Congo","Democratic Republic of the Congo","Country","http://aido.bsvgateway.org/api/locations/93632501/",23.645113699628,23.6451136996279,-2.87979986177552,"Monkeypox"
"96271664.137",1983-07-07,1983-07-06,0,96271664,"63","96271664","P1D","http://aido.bsvgateway.org/api/locations/96271664/","Democratic Republic of the Congo","Democratic Republic of the Congo","Country","http://aido.bsvgateway.org/api/locations/93632501/",-2.87979986177552,23.6451136996279,-2.87979986177552,"Monkeypox"
"96271664.138",1983-07-08,1983-07-07,0,96271664,"63","96271664","P1D","http://aido.bsvgateway.org/api/locations/96271664/","Democratic Republic of the Congo","Democratic Republic of the Congo","Country","http://aido.bsvgateway.org/api/locations/93632501/",23.645113699628,23.6451136996279,-2.87979986177552,"Monkeypox"
"96271664.139",1983-07-09,1983-07-08,0,96271664,"63","96271664","P1D","http://aido.bsvgateway.org/api/locations/96271664/","Democratic Republic of the Congo","Democratic Republic of the Congo","Country","http://aido.bsvgateway.org/api/locations/93632501/",-2.87979986177552,23.6451136996279,-2.87979986177552,"Monkeypox"
"96271664.140",1983-07-10,1983-07-09,1,96271664,"63","96271664","P1D","http://aido.bsvgateway.org/api/locations/96271664/","Democratic Republic of the Congo","Democratic Republic of the Congo","Country","http://aido.bsvgateway.org/api/locations/93632501/",23.645113699628,23.6451136996279,-2.87979986177552,"Monkeypox"
"96271664.141",1983-07-11,1983-07-10,0,96271664,"63","96271664","P1D","http://aido.bsvgateway.org/api/locations/96271664/","Democratic Republic of the Congo","Democratic Republic of the Congo","Country","http://aido.bsvgateway.org/api/locations/93632501/",-2.87979986177552,23.6451136996279,-2.87979986177552,"Monkeypox"
"96271664.142",1983-07-12,1983-07-11,0,96271664,"63","96271664","P1D","http://aido.bsvgateway.org/api/locations/96271664/","Democratic Republic of the Congo","Democratic Republic of the Congo","Country","http://aido.bsvgateway.org/api/locations/93632501/",23.645113699628,23.6451136996279,-2.87979986177552,"Monkeypox"
"96271664.143",1983-07-13,1983-07-12,0,96271664,"63","96271664","P1D","http://aido.bsvgateway.org/api/locations/96271664/","Democratic Republic of the Congo","Democratic Republic of the Congo","Country","http://aido.bsvgateway.org/api/locations/93632501/",-2.87979986177552,23.6451136996279,-2.87979986177552,"Monkeypox"
"96271664.144",1983-07-14,1983-07-13,0,96271664,"63","96271664","P1D","http://aido.bsvgateway.org/api/locations/96271664/","Democratic Republic of the Congo","Democratic Republic of the Congo","Country","http://aido.bsvgateway.org/api/locations/93632501/",23.645113699628,23.6451136996279,-2.87979986177552,"Monkeypox"
"96271664.145",1983-07-15,1983-07-14,0,96271664,"63","96271664","P1D","http://aido.bsvgateway.org/api/locations/96271664/","Democratic Republic of the Congo","Democratic Republic of the Congo","Country","http://aido.bsvgateway.org/api/locations/93632501/",-2.87979986177552,23.6451136996279,-2.87979986177552,"Monkeypox"
"96271664.146",1983-07-16,1983-07-15,0,96271664,"63","96271664","P1D","http://aido.bsvgateway.org/api/locations/96271664/","Democratic Republic of the Congo","Democratic Republic of the Congo","Country","http://aido.bsvgateway.org/api/locations/93632501/",23.645113699628,23.6451136996279,-2.87979986177552,"Monkeypox"
"96271664.147",1983-07-17,1983-07-16,0,96271664,"63","96271664","P1D","http://aido.bsvgateway.org/api/locations/96271664/","Democratic Republic of the Congo","Democratic Republic of the Congo","Country","http://aido.bsvgateway.org/api/locations/93632501/",-2.87979986177552,23.6451136996279,-2.87979986177552,"Monkeypox"
"96271664.148",1983-07-18,1983-07-17,0,96271664,"63","96271664","P1D","http://aido.bsvgateway.org/api/locations/96271664/","Democratic Republic of the Congo","Democratic Republic of the Congo","Country","http://aido.bsvgateway.org/api/locations/93632501/",23.645113699628,23.6451136996279,-2.87979986177552,"Monkeypox"
"96271664.149",1983-07-19,1983-07-18,0,96271664,"63","96271664","P1D","http://aido.bsvgateway.org/api/locations/96271664/","Democratic Republic of the Congo","Democratic Republic of the Congo","Country","http://aido.bsvgateway.org/api/locations/93632501/",-2.87979986177552,23.6451136996279,-2.87979986177552,"Monkeypox"
"96271664.150",1983-07-20,1983-07-19,0,96271664,"63","96271664","P1D","http://aido.bsvgateway.org/api/locations/96271664/","Democratic Republic of the Congo","Democratic Republic of the Congo","Country","http://aido.bsvgateway.org/api/locations/93632501/",23.645113699628,23.6451136996279,-2.87979986177552,"Monkeypox"
"96271664.151",1983-07-21,1983-07-20,1,96271664,"63","96271664","P1D","http://aido.bsvgateway.org/api/locations/96271664/","Democratic Republic of the Congo","Democratic Republic of the Congo","Country","http://aido.bsvgateway.org/api/locations/93632501/",-2.87979986177552,23.6451136996279,-2.87979986177552,"Monkeypox"
"96271664.152",1996-03-01,1996-02-01,11,96271664,"63","96271664","P1M","http://aido.bsvgateway.org/api/locations/96271664/","Democratic Republic of the Congo","Democratic Republic of the Congo","Country","http://aido.bsvgateway.org/api/locations/93632501/",23.645113699628,23.6451136996279,-2.87979986177552,"Monkeypox"
"96271664.153",1996-04-01,1996-03-01,5,96271664,"63","96271664","P1M","http://aido.bsvgateway.org/api/locations/96271664/","Democratic Republic of the Congo","Democratic Republic of the Congo","Country","http://aido.bsvgateway.org/api/locations/93632501/",-2.87979986177552,23.6451136996279,-2.87979986177552,"Monkeypox"
"96271664.154",1996-05-01,1996-04-01,9,96271664,"63","96271664","P1M","http://aido.bsvgateway.org/api/locations/96271664/","Democratic Republic of the Congo","Democratic Republic of the Congo","Country","http://aido.bsvgateway.org/api/locations/93632501/",23.645113699628,23.6451136996279,-2.87979986177552,"Monkeypox"
"96271664.155",1996-06-01,1996-05-01,20,96271664,"63","96271664","P1M","http://aido.bsvgateway.org/api/locations/96271664/","Democratic Republic of the Congo","Democratic Republic of the Congo","Country","http://aido.bsvgateway.org/api/locations/93632501/",-2.87979986177552,23.6451136996279,-2.87979986177552,"Monkeypox"
"96271664.156",1996-07-01,1996-06-01,12,96271664,"63","96271664","P1M","http://aido.bsvgateway.org/api/locations/96271664/","Democratic Republic of the Congo","Democratic Republic of the Congo","Country","http://aido.bsvgateway.org/api/locations/93632501/",23.645113699628,23.6451136996279,-2.87979986177552,"Monkeypox"
"96271664.157",1996-08-01,1996-07-01,31,96271664,"63","96271664","P1M","http://aido.bsvgateway.org/api/locations/96271664/","Democratic Republic of the Congo","Democratic Republic of the Congo","Country","http://aido.bsvgateway.org/api/locations/93632501/",-2.87979986177552,23.6451136996279,-2.87979986177552,"Monkeypox"
"96271664.158",1996-09-01,1996-08-01,52,96271664,"63","96271664","P1M","http://aido.bsvgateway.org/api/locations/96271664/","Democratic Republic of the Congo","Democratic Republic of the Congo","Country","http://aido.bsvgateway.org/api/locations/93632501/",23.645113699628,23.6451136996279,-2.87979986177552,"Monkeypox"
"96271664.159",1996-10-01,1996-09-01,16,96271664,"63","96271664","P1M","http://aido.bsvgateway.org/api/locations/96271664/","Democratic Republic of the Congo","Democratic Republic of the Congo","Country","http://aido.bsvgateway.org/api/locations/93632501/",-2.87979986177552,23.6451136996279,-2.87979986177552,"Monkeypox"
"96271664.160",1996-11-01,1996-10-01,16,96271664,"63","96271664","P1M","http://aido.bsvgateway.org/api/locations/96271664/","Democratic Republic of the Congo","Democratic Republic of the Congo","Country","http://aido.bsvgateway.org/api/locations/93632501/",23.645113699628,23.6451136996279,-2.87979986177552,"Monkeypox"
"96271664.161",1996-12-01,1996-11-01,9,96271664,"63","96271664","P1M","http://aido.bsvgateway.org/api/locations/96271664/","Democratic Republic of the Congo","Democratic Republic of the Congo","Country","http://aido.bsvgateway.org/api/locations/93632501/",-2.87979986177552,23.6451136996279,-2.87979986177552,"Monkeypox"
"96271664.162",1997-01-01,1996-12-01,1,96271664,"63","96271664","P1M","http://aido.bsvgateway.org/api/locations/96271664/","Democratic Republic of the Congo","Democratic Republic of the Congo","Country","http://aido.bsvgateway.org/api/locations/93632501/",23.645113699628,23.6451136996279,-2.87979986177552,"Monkeypox"
"96271664.163",1997-02-01,1997-01-01,9,96271664,"63","96271664","P1M","http://aido.bsvgateway.org/api/locations/96271664/","Democratic Republic of the Congo","Democratic Republic of the Congo","Country","http://aido.bsvgateway.org/api/locations/93632501/",-2.87979986177552,23.6451136996279,-2.87979986177552,"Monkeypox"
"96271664.164",1997-03-01,1997-02-01,31,96271664,"63","96271664","P1M","http://aido.bsvgateway.org/api/locations/96271664/","Democratic Republic of the Congo","Democratic Republic of the Congo","Country","http://aido.bsvgateway.org/api/locations/93632501/",23.645113699628,23.6451136996279,-2.87979986177552,"Monkeypox"
"96271664.165",1997-04-01,1997-03-01,40,96271664,"63","96271664","P1M","http://aido.bsvgateway.org/api/locations/96271664/","Democratic Republic of the Congo","Democratic Republic of the Congo","Country","http://aido.bsvgateway.org/api/locations/93632501/",-2.87979986177552,23.6451136996279,-2.87979986177552,"Monkeypox"
"96271664.166",1997-05-01,1997-04-01,40,96271664,"63","96271664","P1M","http://aido.bsvgateway.org/api/locations/96271664/","Democratic Republic of the Congo","Democratic Republic of the Congo","Country","http://aido.bsvgateway.org/api/locations/93632501/",23.645113699628,23.6451136996279,-2.87979986177552,"Monkeypox"
"96271664.167",1997-06-01,1997-05-01,23,96271664,"63","96271664","P1M","http://aido.bsvgateway.org/api/locations/96271664/","Democratic Republic of the Congo","Democratic Republic of the Congo","Country","http://aido.bsvgateway.org/api/locations/93632501/",-2.87979986177552,23.6451136996279,-2.87979986177552,"Monkeypox"
"96271664.168",1997-07-01,1997-06-01,43,96271664,"63","96271664","P1M","http://aido.bsvgateway.org/api/locations/96271664/","Democratic Republic of the Congo","Democratic Republic of the Congo","Country","http://aido.bsvgateway.org/api/locations/93632501/",23.645113699628,23.6451136996279,-2.87979986177552,"Monkeypox"
"96271664.169",1997-08-01,1997-07-01,43,96271664,"63","96271664","P1M","http://aido.bsvgateway.org/api/locations/96271664/","Democratic Republic of the Congo","Democratic Republic of the Congo","Country","http://aido.bsvgateway.org/api/locations/93632501/",-2.87979986177552,23.6451136996279,-2.87979986177552,"Monkeypox"
"96271664.170",1997-09-01,1997-08-01,71,96271664,"63","96271664","P1M","http://aido.bsvgateway.org/api/locations/96271664/","Democratic Republic of the Congo","Democratic Republic of the Congo","Country","http://aido.bsvgateway.org/api/locations/93632501/",23.645113699628,23.6451136996279,-2.87979986177552,"Monkeypox"
"96271664.171",1997-10-01,1997-09-01,53,96271664,"63","96271664","P1M","http://aido.bsvgateway.org/api/locations/96271664/","Democratic Republic of the Congo","Democratic Republic of the Congo","Country","http://aido.bsvgateway.org/api/locations/93632501/",-2.87979986177552,23.6451136996279,-2.87979986177552,"Monkeypox"
"96271664.172",1997-11-01,1997-10-01,17,96271664,"63","96271664","P1M","http://aido.bsvgateway.org/api/locations/96271664/","Democratic Republic of the Congo","Democratic Republic of the Congo","Country","http://aido.bsvgateway.org/api/locations/93632501/",23.645113699628,23.6451136996279,-2.87979986177552,"Monkeypox"
