"","end","start","value","id","disease","location","duration","url","name","full_name","admin_level_name","parent","centroid_lat_long","longitude","latitude","disease_name"
"55161475.423",2013-04-15,2013-04-08,3,55161475,"33","55161475","P7D","http://aido.bsvgateway.org/api/locations/55161475/","Malakal","Malakal, Upper Nile, South Sudan","City","http://aido.bsvgateway.org/api/locations/170010052/",9.53690052870042,31.6559932815897,9.53690052870042,"Meningococcal Disease"
"55161475.424",2013-04-22,2013-04-15,20,55161475,"33","55161475","P7D","http://aido.bsvgateway.org/api/locations/55161475/","Malakal","Malakal, Upper Nile, South Sudan","City","http://aido.bsvgateway.org/api/locations/170010052/",31.6559932815897,31.6559932815897,9.53690052870042,"Meningococcal Disease"
"55161475.425",2013-04-29,2013-04-22,22,55161475,"33","55161475","P7D","http://aido.bsvgateway.org/api/locations/55161475/","Malakal","Malakal, Upper Nile, South Sudan","City","http://aido.bsvgateway.org/api/locations/170010052/",9.53690052870042,31.6559932815897,9.53690052870042,"Meningococcal Disease"
"55161475.426",2013-05-06,2013-04-29,46,55161475,"33","55161475","P7D","http://aido.bsvgateway.org/api/locations/55161475/","Malakal","Malakal, Upper Nile, South Sudan","City","http://aido.bsvgateway.org/api/locations/170010052/",31.6559932815897,31.6559932815897,9.53690052870042,"Meningococcal Disease"
"55161475.427",2013-05-13,2013-05-06,31,55161475,"33","55161475","P7D","http://aido.bsvgateway.org/api/locations/55161475/","Malakal","Malakal, Upper Nile, South Sudan","City","http://aido.bsvgateway.org/api/locations/170010052/",9.53690052870042,31.6559932815897,9.53690052870042,"Meningococcal Disease"
"55161475.428",2013-05-20,2013-05-13,10,55161475,"33","55161475","P7D","http://aido.bsvgateway.org/api/locations/55161475/","Malakal","Malakal, Upper Nile, South Sudan","City","http://aido.bsvgateway.org/api/locations/170010052/",31.6559932815897,31.6559932815897,9.53690052870042,"Meningococcal Disease"
