"","end","start","value","id","disease","location","duration","url","name","full_name","admin_level_name","parent","centroid_lat_long","longitude","latitude","disease_name"
"214138576.276",2007-08-06,2007-08-06,2,214138576,"48","214138576","PT6H","http://aido.bsvgateway.org/api/locations/214138576/","United Kingdom","United Kingdom","Country","http://aido.bsvgateway.org/api/locations/216709393/",54.1470481891977,-2.88695148310369,54.1470481891977,"Norovirus"
"214138576.277",2007-08-06,2007-08-06,9,214138576,"48","214138576","PT6H","http://aido.bsvgateway.org/api/locations/214138576/","United Kingdom","United Kingdom","Country","http://aido.bsvgateway.org/api/locations/216709393/",-2.88695148310369,-2.88695148310369,54.1470481891977,"Norovirus"
"214138576.278",2007-08-06,2007-08-06,4,214138576,"48","214138576","PT6H","http://aido.bsvgateway.org/api/locations/214138576/","United Kingdom","United Kingdom","Country","http://aido.bsvgateway.org/api/locations/216709393/",54.1470481891977,-2.88695148310369,54.1470481891977,"Norovirus"
"214138576.279",2007-08-07,2007-08-06,6,214138576,"48","214138576","PT6H","http://aido.bsvgateway.org/api/locations/214138576/","United Kingdom","United Kingdom","Country","http://aido.bsvgateway.org/api/locations/216709393/",-2.88695148310369,-2.88695148310369,54.1470481891977,"Norovirus"
"214138576.280",2007-08-07,2007-08-07,24,214138576,"48","214138576","PT6H","http://aido.bsvgateway.org/api/locations/214138576/","United Kingdom","United Kingdom","Country","http://aido.bsvgateway.org/api/locations/216709393/",54.1470481891977,-2.88695148310369,54.1470481891977,"Norovirus"
"214138576.281",2007-08-07,2007-08-07,18,214138576,"48","214138576","PT6H","http://aido.bsvgateway.org/api/locations/214138576/","United Kingdom","United Kingdom","Country","http://aido.bsvgateway.org/api/locations/216709393/",-2.88695148310369,-2.88695148310369,54.1470481891977,"Norovirus"
"214138576.282",2007-08-07,2007-08-07,5,214138576,"48","214138576","PT6H","http://aido.bsvgateway.org/api/locations/214138576/","United Kingdom","United Kingdom","Country","http://aido.bsvgateway.org/api/locations/216709393/",54.1470481891977,-2.88695148310369,54.1470481891977,"Norovirus"
"214138576.283",2007-08-08,2007-08-07,3,214138576,"48","214138576","PT6H","http://aido.bsvgateway.org/api/locations/214138576/","United Kingdom","United Kingdom","Country","http://aido.bsvgateway.org/api/locations/216709393/",-2.88695148310369,-2.88695148310369,54.1470481891977,"Norovirus"
"214138576.284",2007-08-08,2007-08-08,3,214138576,"48","214138576","PT6H","http://aido.bsvgateway.org/api/locations/214138576/","United Kingdom","United Kingdom","Country","http://aido.bsvgateway.org/api/locations/216709393/",54.1470481891977,-2.88695148310369,54.1470481891977,"Norovirus"
"214138576.285",2009-01-10,2009-01-09,1,214138576,"48","214138576","P1D","http://aido.bsvgateway.org/api/locations/214138576/","United Kingdom","United Kingdom","Country","http://aido.bsvgateway.org/api/locations/216709393/",-2.88695148310369,-2.88695148310369,54.1470481891977,"Norovirus"
"214138576.286",2009-01-11,2009-01-10,1,214138576,"48","214138576","P1D","http://aido.bsvgateway.org/api/locations/214138576/","United Kingdom","United Kingdom","Country","http://aido.bsvgateway.org/api/locations/216709393/",54.1470481891977,-2.88695148310369,54.1470481891977,"Norovirus"
"214138576.287",2009-01-12,2009-01-11,0,214138576,"48","214138576","P1D","http://aido.bsvgateway.org/api/locations/214138576/","United Kingdom","United Kingdom","Country","http://aido.bsvgateway.org/api/locations/216709393/",-2.88695148310369,-2.88695148310369,54.1470481891977,"Norovirus"
"214138576.288",2009-01-13,2009-01-12,0,214138576,"48","214138576","P1D","http://aido.bsvgateway.org/api/locations/214138576/","United Kingdom","United Kingdom","Country","http://aido.bsvgateway.org/api/locations/216709393/",54.1470481891977,-2.88695148310369,54.1470481891977,"Norovirus"
"214138576.289",2009-01-14,2009-01-13,0,214138576,"48","214138576","P1D","http://aido.bsvgateway.org/api/locations/214138576/","United Kingdom","United Kingdom","Country","http://aido.bsvgateway.org/api/locations/216709393/",-2.88695148310369,-2.88695148310369,54.1470481891977,"Norovirus"
"214138576.290",2009-01-15,2009-01-14,0,214138576,"48","214138576","P1D","http://aido.bsvgateway.org/api/locations/214138576/","United Kingdom","United Kingdom","Country","http://aido.bsvgateway.org/api/locations/216709393/",54.1470481891977,-2.88695148310369,54.1470481891977,"Norovirus"
"214138576.291",2009-01-16,2009-01-15,0,214138576,"48","214138576","P1D","http://aido.bsvgateway.org/api/locations/214138576/","United Kingdom","United Kingdom","Country","http://aido.bsvgateway.org/api/locations/216709393/",-2.88695148310369,-2.88695148310369,54.1470481891977,"Norovirus"
"214138576.292",2009-01-17,2009-01-16,1,214138576,"48","214138576","P1D","http://aido.bsvgateway.org/api/locations/214138576/","United Kingdom","United Kingdom","Country","http://aido.bsvgateway.org/api/locations/216709393/",54.1470481891977,-2.88695148310369,54.1470481891977,"Norovirus"
"214138576.293",2009-01-18,2009-01-17,2,214138576,"48","214138576","P1D","http://aido.bsvgateway.org/api/locations/214138576/","United Kingdom","United Kingdom","Country","http://aido.bsvgateway.org/api/locations/216709393/",-2.88695148310369,-2.88695148310369,54.1470481891977,"Norovirus"
"214138576.294",2009-01-19,2009-01-18,1,214138576,"48","214138576","P1D","http://aido.bsvgateway.org/api/locations/214138576/","United Kingdom","United Kingdom","Country","http://aido.bsvgateway.org/api/locations/216709393/",54.1470481891977,-2.88695148310369,54.1470481891977,"Norovirus"
"214138576.295",2009-01-20,2009-01-19,0,214138576,"48","214138576","P1D","http://aido.bsvgateway.org/api/locations/214138576/","United Kingdom","United Kingdom","Country","http://aido.bsvgateway.org/api/locations/216709393/",-2.88695148310369,-2.88695148310369,54.1470481891977,"Norovirus"
"214138576.296",2009-01-21,2009-01-20,0,214138576,"48","214138576","P1D","http://aido.bsvgateway.org/api/locations/214138576/","United Kingdom","United Kingdom","Country","http://aido.bsvgateway.org/api/locations/216709393/",54.1470481891977,-2.88695148310369,54.1470481891977,"Norovirus"
"214138576.297",2009-01-22,2009-01-21,1,214138576,"48","214138576","P1D","http://aido.bsvgateway.org/api/locations/214138576/","United Kingdom","United Kingdom","Country","http://aido.bsvgateway.org/api/locations/216709393/",-2.88695148310369,-2.88695148310369,54.1470481891977,"Norovirus"
"214138576.298",2009-01-23,2009-01-22,1,214138576,"48","214138576","P1D","http://aido.bsvgateway.org/api/locations/214138576/","United Kingdom","United Kingdom","Country","http://aido.bsvgateway.org/api/locations/216709393/",54.1470481891977,-2.88695148310369,54.1470481891977,"Norovirus"
"214138576.299",2009-01-24,2009-01-23,3,214138576,"48","214138576","P1D","http://aido.bsvgateway.org/api/locations/214138576/","United Kingdom","United Kingdom","Country","http://aido.bsvgateway.org/api/locations/216709393/",-2.88695148310369,-2.88695148310369,54.1470481891977,"Norovirus"
"214138576.300",2009-01-25,2009-01-24,4,214138576,"48","214138576","P1D","http://aido.bsvgateway.org/api/locations/214138576/","United Kingdom","United Kingdom","Country","http://aido.bsvgateway.org/api/locations/216709393/",54.1470481891977,-2.88695148310369,54.1470481891977,"Norovirus"
"214138576.301",2009-01-26,2009-01-25,1,214138576,"48","214138576","P1D","http://aido.bsvgateway.org/api/locations/214138576/","United Kingdom","United Kingdom","Country","http://aido.bsvgateway.org/api/locations/216709393/",-2.88695148310369,-2.88695148310369,54.1470481891977,"Norovirus"
"214138576.302",2009-01-27,2009-01-26,0,214138576,"48","214138576","P1D","http://aido.bsvgateway.org/api/locations/214138576/","United Kingdom","United Kingdom","Country","http://aido.bsvgateway.org/api/locations/216709393/",54.1470481891977,-2.88695148310369,54.1470481891977,"Norovirus"
"214138576.303",2009-01-28,2009-01-27,0,214138576,"48","214138576","P1D","http://aido.bsvgateway.org/api/locations/214138576/","United Kingdom","United Kingdom","Country","http://aido.bsvgateway.org/api/locations/216709393/",-2.88695148310369,-2.88695148310369,54.1470481891977,"Norovirus"
"214138576.304",2009-01-29,2009-01-28,0,214138576,"48","214138576","P1D","http://aido.bsvgateway.org/api/locations/214138576/","United Kingdom","United Kingdom","Country","http://aido.bsvgateway.org/api/locations/216709393/",54.1470481891977,-2.88695148310369,54.1470481891977,"Norovirus"
"214138576.305",2009-01-30,2009-01-29,3,214138576,"48","214138576","P1D","http://aido.bsvgateway.org/api/locations/214138576/","United Kingdom","United Kingdom","Country","http://aido.bsvgateway.org/api/locations/216709393/",-2.88695148310369,-2.88695148310369,54.1470481891977,"Norovirus"
"214138576.306",2009-01-31,2009-01-30,1,214138576,"48","214138576","P1D","http://aido.bsvgateway.org/api/locations/214138576/","United Kingdom","United Kingdom","Country","http://aido.bsvgateway.org/api/locations/216709393/",54.1470481891977,-2.88695148310369,54.1470481891977,"Norovirus"
"214138576.307",2009-02-01,2009-01-31,2,214138576,"48","214138576","P1D","http://aido.bsvgateway.org/api/locations/214138576/","United Kingdom","United Kingdom","Country","http://aido.bsvgateway.org/api/locations/216709393/",-2.88695148310369,-2.88695148310369,54.1470481891977,"Norovirus"
"214138576.308",2009-02-02,2009-02-01,3,214138576,"48","214138576","P1D","http://aido.bsvgateway.org/api/locations/214138576/","United Kingdom","United Kingdom","Country","http://aido.bsvgateway.org/api/locations/216709393/",54.1470481891977,-2.88695148310369,54.1470481891977,"Norovirus"
"214138576.309",2009-02-03,2009-02-02,3,214138576,"48","214138576","P1D","http://aido.bsvgateway.org/api/locations/214138576/","United Kingdom","United Kingdom","Country","http://aido.bsvgateway.org/api/locations/216709393/",-2.88695148310369,-2.88695148310369,54.1470481891977,"Norovirus"
"214138576.310",2009-02-04,2009-02-03,4,214138576,"48","214138576","P1D","http://aido.bsvgateway.org/api/locations/214138576/","United Kingdom","United Kingdom","Country","http://aido.bsvgateway.org/api/locations/216709393/",54.1470481891977,-2.88695148310369,54.1470481891977,"Norovirus"
"214138576.311",2009-02-05,2009-02-04,1,214138576,"48","214138576","P1D","http://aido.bsvgateway.org/api/locations/214138576/","United Kingdom","United Kingdom","Country","http://aido.bsvgateway.org/api/locations/216709393/",-2.88695148310369,-2.88695148310369,54.1470481891977,"Norovirus"
"214138576.312",2009-02-06,2009-02-05,4,214138576,"48","214138576","P1D","http://aido.bsvgateway.org/api/locations/214138576/","United Kingdom","United Kingdom","Country","http://aido.bsvgateway.org/api/locations/216709393/",54.1470481891977,-2.88695148310369,54.1470481891977,"Norovirus"
"214138576.313",2009-02-07,2009-02-06,4,214138576,"48","214138576","P1D","http://aido.bsvgateway.org/api/locations/214138576/","United Kingdom","United Kingdom","Country","http://aido.bsvgateway.org/api/locations/216709393/",-2.88695148310369,-2.88695148310369,54.1470481891977,"Norovirus"
"214138576.314",2009-02-08,2009-02-07,12,214138576,"48","214138576","P1D","http://aido.bsvgateway.org/api/locations/214138576/","United Kingdom","United Kingdom","Country","http://aido.bsvgateway.org/api/locations/216709393/",54.1470481891977,-2.88695148310369,54.1470481891977,"Norovirus"
"214138576.315",2009-02-09,2009-02-08,12,214138576,"48","214138576","P1D","http://aido.bsvgateway.org/api/locations/214138576/","United Kingdom","United Kingdom","Country","http://aido.bsvgateway.org/api/locations/216709393/",-2.88695148310369,-2.88695148310369,54.1470481891977,"Norovirus"
"214138576.316",2009-02-10,2009-02-09,13,214138576,"48","214138576","P1D","http://aido.bsvgateway.org/api/locations/214138576/","United Kingdom","United Kingdom","Country","http://aido.bsvgateway.org/api/locations/216709393/",54.1470481891977,-2.88695148310369,54.1470481891977,"Norovirus"
"214138576.317",2009-02-11,2009-02-10,9,214138576,"48","214138576","P1D","http://aido.bsvgateway.org/api/locations/214138576/","United Kingdom","United Kingdom","Country","http://aido.bsvgateway.org/api/locations/216709393/",-2.88695148310369,-2.88695148310369,54.1470481891977,"Norovirus"
"214138576.318",2009-02-12,2009-02-11,3,214138576,"48","214138576","P1D","http://aido.bsvgateway.org/api/locations/214138576/","United Kingdom","United Kingdom","Country","http://aido.bsvgateway.org/api/locations/216709393/",54.1470481891977,-2.88695148310369,54.1470481891977,"Norovirus"
"214138576.319",2009-02-13,2009-02-12,3,214138576,"48","214138576","P1D","http://aido.bsvgateway.org/api/locations/214138576/","United Kingdom","United Kingdom","Country","http://aido.bsvgateway.org/api/locations/216709393/",-2.88695148310369,-2.88695148310369,54.1470481891977,"Norovirus"
"214138576.320",2009-02-14,2009-02-13,7,214138576,"48","214138576","P1D","http://aido.bsvgateway.org/api/locations/214138576/","United Kingdom","United Kingdom","Country","http://aido.bsvgateway.org/api/locations/216709393/",54.1470481891977,-2.88695148310369,54.1470481891977,"Norovirus"
"214138576.321",2009-02-15,2009-02-14,9,214138576,"48","214138576","P1D","http://aido.bsvgateway.org/api/locations/214138576/","United Kingdom","United Kingdom","Country","http://aido.bsvgateway.org/api/locations/216709393/",-2.88695148310369,-2.88695148310369,54.1470481891977,"Norovirus"
"214138576.322",2009-02-16,2009-02-15,12,214138576,"48","214138576","P1D","http://aido.bsvgateway.org/api/locations/214138576/","United Kingdom","United Kingdom","Country","http://aido.bsvgateway.org/api/locations/216709393/",54.1470481891977,-2.88695148310369,54.1470481891977,"Norovirus"
"214138576.323",2009-02-17,2009-02-16,4,214138576,"48","214138576","P1D","http://aido.bsvgateway.org/api/locations/214138576/","United Kingdom","United Kingdom","Country","http://aido.bsvgateway.org/api/locations/216709393/",-2.88695148310369,-2.88695148310369,54.1470481891977,"Norovirus"
"214138576.324",2009-02-18,2009-02-17,1,214138576,"48","214138576","P1D","http://aido.bsvgateway.org/api/locations/214138576/","United Kingdom","United Kingdom","Country","http://aido.bsvgateway.org/api/locations/216709393/",54.1470481891977,-2.88695148310369,54.1470481891977,"Norovirus"
"214138576.325",2009-02-19,2009-02-18,7,214138576,"48","214138576","P1D","http://aido.bsvgateway.org/api/locations/214138576/","United Kingdom","United Kingdom","Country","http://aido.bsvgateway.org/api/locations/216709393/",-2.88695148310369,-2.88695148310369,54.1470481891977,"Norovirus"
"214138576.326",2009-02-20,2009-02-19,12,214138576,"48","214138576","P1D","http://aido.bsvgateway.org/api/locations/214138576/","United Kingdom","United Kingdom","Country","http://aido.bsvgateway.org/api/locations/216709393/",54.1470481891977,-2.88695148310369,54.1470481891977,"Norovirus"
"214138576.327",2009-02-21,2009-02-20,15,214138576,"48","214138576","P1D","http://aido.bsvgateway.org/api/locations/214138576/","United Kingdom","United Kingdom","Country","http://aido.bsvgateway.org/api/locations/216709393/",-2.88695148310369,-2.88695148310369,54.1470481891977,"Norovirus"
"214138576.328",2009-02-22,2009-02-21,20,214138576,"48","214138576","P1D","http://aido.bsvgateway.org/api/locations/214138576/","United Kingdom","United Kingdom","Country","http://aido.bsvgateway.org/api/locations/216709393/",54.1470481891977,-2.88695148310369,54.1470481891977,"Norovirus"
"214138576.329",2009-02-23,2009-02-22,18,214138576,"48","214138576","P1D","http://aido.bsvgateway.org/api/locations/214138576/","United Kingdom","United Kingdom","Country","http://aido.bsvgateway.org/api/locations/216709393/",-2.88695148310369,-2.88695148310369,54.1470481891977,"Norovirus"
"214138576.330",2009-02-24,2009-02-23,9,214138576,"48","214138576","P1D","http://aido.bsvgateway.org/api/locations/214138576/","United Kingdom","United Kingdom","Country","http://aido.bsvgateway.org/api/locations/216709393/",54.1470481891977,-2.88695148310369,54.1470481891977,"Norovirus"
"214138576.331",2009-02-25,2009-02-24,4,214138576,"48","214138576","P1D","http://aido.bsvgateway.org/api/locations/214138576/","United Kingdom","United Kingdom","Country","http://aido.bsvgateway.org/api/locations/216709393/",-2.88695148310369,-2.88695148310369,54.1470481891977,"Norovirus"
"214138576.332",2009-02-26,2009-02-25,1,214138576,"48","214138576","P1D","http://aido.bsvgateway.org/api/locations/214138576/","United Kingdom","United Kingdom","Country","http://aido.bsvgateway.org/api/locations/216709393/",54.1470481891977,-2.88695148310369,54.1470481891977,"Norovirus"
"214138576.333",2009-02-27,2009-02-26,0,214138576,"48","214138576","P1D","http://aido.bsvgateway.org/api/locations/214138576/","United Kingdom","United Kingdom","Country","http://aido.bsvgateway.org/api/locations/216709393/",-2.88695148310369,-2.88695148310369,54.1470481891977,"Norovirus"
