"","end","start","value","id","disease","location","duration","url","name","full_name","admin_level_name","parent","centroid_lat_long","longitude","latitude","disease_name"
"69870691.867",2011-01-10,2011-01-03,2,69870691,"39","69870691","P7D","http://aido.bsvgateway.org/api/locations/69870691/","Spain","Spain","Country","http://aido.bsvgateway.org/api/locations/216709393/",40.2272337134656,-3.65263701339604,40.2272337134656,"Measles"
"69870691.868",2011-01-17,2011-01-10,5,69870691,"39","69870691","P7D","http://aido.bsvgateway.org/api/locations/69870691/","Spain","Spain","Country","http://aido.bsvgateway.org/api/locations/216709393/",-3.65263701339604,-3.65263701339604,40.2272337134656,"Measles"
"69870691.869",2011-01-24,2011-01-17,2,69870691,"39","69870691","P7D","http://aido.bsvgateway.org/api/locations/69870691/","Spain","Spain","Country","http://aido.bsvgateway.org/api/locations/216709393/",40.2272337134656,-3.65263701339604,40.2272337134656,"Measles"
"69870691.870",2011-01-31,2011-01-24,28,69870691,"39","69870691","P7D","http://aido.bsvgateway.org/api/locations/69870691/","Spain","Spain","Country","http://aido.bsvgateway.org/api/locations/216709393/",-3.65263701339604,-3.65263701339604,40.2272337134656,"Measles"
"69870691.871",2011-02-07,2011-01-31,30,69870691,"39","69870691","P7D","http://aido.bsvgateway.org/api/locations/69870691/","Spain","Spain","Country","http://aido.bsvgateway.org/api/locations/216709393/",40.2272337134656,-3.65263701339604,40.2272337134656,"Measles"
"69870691.872",2011-02-14,2011-02-07,29,69870691,"39","69870691","P7D","http://aido.bsvgateway.org/api/locations/69870691/","Spain","Spain","Country","http://aido.bsvgateway.org/api/locations/216709393/",-3.65263701339604,-3.65263701339604,40.2272337134656,"Measles"
"69870691.873",2011-02-21,2011-02-14,32,69870691,"39","69870691","P7D","http://aido.bsvgateway.org/api/locations/69870691/","Spain","Spain","Country","http://aido.bsvgateway.org/api/locations/216709393/",40.2272337134656,-3.65263701339604,40.2272337134656,"Measles"
"69870691.874",2011-02-28,2011-02-21,49,69870691,"39","69870691","P7D","http://aido.bsvgateway.org/api/locations/69870691/","Spain","Spain","Country","http://aido.bsvgateway.org/api/locations/216709393/",-3.65263701339604,-3.65263701339604,40.2272337134656,"Measles"
"69870691.875",2011-03-07,2011-02-28,57,69870691,"39","69870691","P7D","http://aido.bsvgateway.org/api/locations/69870691/","Spain","Spain","Country","http://aido.bsvgateway.org/api/locations/216709393/",40.2272337134656,-3.65263701339604,40.2272337134656,"Measles"
"69870691.876",2011-03-14,2011-03-07,47,69870691,"39","69870691","P7D","http://aido.bsvgateway.org/api/locations/69870691/","Spain","Spain","Country","http://aido.bsvgateway.org/api/locations/216709393/",-3.65263701339604,-3.65263701339604,40.2272337134656,"Measles"
"69870691.877",2011-03-21,2011-03-14,54,69870691,"39","69870691","P7D","http://aido.bsvgateway.org/api/locations/69870691/","Spain","Spain","Country","http://aido.bsvgateway.org/api/locations/216709393/",40.2272337134656,-3.65263701339604,40.2272337134656,"Measles"
"69870691.878",2011-03-28,2011-03-21,79,69870691,"39","69870691","P7D","http://aido.bsvgateway.org/api/locations/69870691/","Spain","Spain","Country","http://aido.bsvgateway.org/api/locations/216709393/",-3.65263701339604,-3.65263701339604,40.2272337134656,"Measles"
"69870691.879",2011-04-04,2011-03-28,74,69870691,"39","69870691","P7D","http://aido.bsvgateway.org/api/locations/69870691/","Spain","Spain","Country","http://aido.bsvgateway.org/api/locations/216709393/",40.2272337134656,-3.65263701339604,40.2272337134656,"Measles"
"69870691.880",2011-04-11,2011-04-04,105,69870691,"39","69870691","P7D","http://aido.bsvgateway.org/api/locations/69870691/","Spain","Spain","Country","http://aido.bsvgateway.org/api/locations/216709393/",-3.65263701339604,-3.65263701339604,40.2272337134656,"Measles"
"69870691.881",2011-04-18,2011-04-11,132,69870691,"39","69870691","P7D","http://aido.bsvgateway.org/api/locations/69870691/","Spain","Spain","Country","http://aido.bsvgateway.org/api/locations/216709393/",40.2272337134656,-3.65263701339604,40.2272337134656,"Measles"
"69870691.882",2011-04-25,2011-04-18,142,69870691,"39","69870691","P7D","http://aido.bsvgateway.org/api/locations/69870691/","Spain","Spain","Country","http://aido.bsvgateway.org/api/locations/216709393/",-3.65263701339604,-3.65263701339604,40.2272337134656,"Measles"
"69870691.883",2011-05-02,2011-04-25,142,69870691,"39","69870691","P7D","http://aido.bsvgateway.org/api/locations/69870691/","Spain","Spain","Country","http://aido.bsvgateway.org/api/locations/216709393/",40.2272337134656,-3.65263701339604,40.2272337134656,"Measles"
"69870691.884",2011-05-09,2011-05-02,146,69870691,"39","69870691","P7D","http://aido.bsvgateway.org/api/locations/69870691/","Spain","Spain","Country","http://aido.bsvgateway.org/api/locations/216709393/",-3.65263701339604,-3.65263701339604,40.2272337134656,"Measles"
"69870691.885",2011-05-16,2011-05-09,95,69870691,"39","69870691","P7D","http://aido.bsvgateway.org/api/locations/69870691/","Spain","Spain","Country","http://aido.bsvgateway.org/api/locations/216709393/",40.2272337134656,-3.65263701339604,40.2272337134656,"Measles"
"69870691.886",2011-05-23,2011-05-16,93,69870691,"39","69870691","P7D","http://aido.bsvgateway.org/api/locations/69870691/","Spain","Spain","Country","http://aido.bsvgateway.org/api/locations/216709393/",-3.65263701339604,-3.65263701339604,40.2272337134656,"Measles"
"69870691.887",2011-05-30,2011-05-23,72,69870691,"39","69870691","P7D","http://aido.bsvgateway.org/api/locations/69870691/","Spain","Spain","Country","http://aido.bsvgateway.org/api/locations/216709393/",40.2272337134656,-3.65263701339604,40.2272337134656,"Measles"
"69870691.888",2011-06-06,2011-05-30,91,69870691,"39","69870691","P7D","http://aido.bsvgateway.org/api/locations/69870691/","Spain","Spain","Country","http://aido.bsvgateway.org/api/locations/216709393/",-3.65263701339604,-3.65263701339604,40.2272337134656,"Measles"
"69870691.889",2011-06-13,2011-06-06,98,69870691,"39","69870691","P7D","http://aido.bsvgateway.org/api/locations/69870691/","Spain","Spain","Country","http://aido.bsvgateway.org/api/locations/216709393/",40.2272337134656,-3.65263701339604,40.2272337134656,"Measles"
"69870691.890",2011-06-20,2011-06-13,65,69870691,"39","69870691","P7D","http://aido.bsvgateway.org/api/locations/69870691/","Spain","Spain","Country","http://aido.bsvgateway.org/api/locations/216709393/",-3.65263701339604,-3.65263701339604,40.2272337134656,"Measles"
"69870691.891",2011-06-27,2011-06-20,70,69870691,"39","69870691","P7D","http://aido.bsvgateway.org/api/locations/69870691/","Spain","Spain","Country","http://aido.bsvgateway.org/api/locations/216709393/",40.2272337134656,-3.65263701339604,40.2272337134656,"Measles"
"69870691.892",2011-07-04,2011-06-27,47,69870691,"39","69870691","P7D","http://aido.bsvgateway.org/api/locations/69870691/","Spain","Spain","Country","http://aido.bsvgateway.org/api/locations/216709393/",-3.65263701339604,-3.65263701339604,40.2272337134656,"Measles"
"69870691.893",2011-07-11,2011-07-04,38,69870691,"39","69870691","P7D","http://aido.bsvgateway.org/api/locations/69870691/","Spain","Spain","Country","http://aido.bsvgateway.org/api/locations/216709393/",40.2272337134656,-3.65263701339604,40.2272337134656,"Measles"
"69870691.894",2011-07-18,2011-07-11,25,69870691,"39","69870691","P7D","http://aido.bsvgateway.org/api/locations/69870691/","Spain","Spain","Country","http://aido.bsvgateway.org/api/locations/216709393/",-3.65263701339604,-3.65263701339604,40.2272337134656,"Measles"
"69870691.895",2011-07-25,2011-07-18,19,69870691,"39","69870691","P7D","http://aido.bsvgateway.org/api/locations/69870691/","Spain","Spain","Country","http://aido.bsvgateway.org/api/locations/216709393/",40.2272337134656,-3.65263701339604,40.2272337134656,"Measles"
"69870691.896",2011-08-01,2011-07-25,16,69870691,"39","69870691","P7D","http://aido.bsvgateway.org/api/locations/69870691/","Spain","Spain","Country","http://aido.bsvgateway.org/api/locations/216709393/",-3.65263701339604,-3.65263701339604,40.2272337134656,"Measles"
"69870691.897",2011-08-08,2011-08-01,19,69870691,"39","69870691","P7D","http://aido.bsvgateway.org/api/locations/69870691/","Spain","Spain","Country","http://aido.bsvgateway.org/api/locations/216709393/",40.2272337134656,-3.65263701339604,40.2272337134656,"Measles"
"69870691.898",2011-08-15,2011-08-08,14,69870691,"39","69870691","P7D","http://aido.bsvgateway.org/api/locations/69870691/","Spain","Spain","Country","http://aido.bsvgateway.org/api/locations/216709393/",-3.65263701339604,-3.65263701339604,40.2272337134656,"Measles"
"69870691.899",2011-08-22,2011-08-15,9,69870691,"39","69870691","P7D","http://aido.bsvgateway.org/api/locations/69870691/","Spain","Spain","Country","http://aido.bsvgateway.org/api/locations/216709393/",40.2272337134656,-3.65263701339604,40.2272337134656,"Measles"
"69870691.900",2011-08-29,2011-08-22,4,69870691,"39","69870691","P7D","http://aido.bsvgateway.org/api/locations/69870691/","Spain","Spain","Country","http://aido.bsvgateway.org/api/locations/216709393/",-3.65263701339604,-3.65263701339604,40.2272337134656,"Measles"
"69870691.901",2011-09-05,2011-08-29,2,69870691,"39","69870691","P7D","http://aido.bsvgateway.org/api/locations/69870691/","Spain","Spain","Country","http://aido.bsvgateway.org/api/locations/216709393/",40.2272337134656,-3.65263701339604,40.2272337134656,"Measles"
"69870691.902",2011-09-12,2011-09-05,2,69870691,"39","69870691","P7D","http://aido.bsvgateway.org/api/locations/69870691/","Spain","Spain","Country","http://aido.bsvgateway.org/api/locations/216709393/",-3.65263701339604,-3.65263701339604,40.2272337134656,"Measles"
"69870691.903",2011-09-19,2011-09-12,0,69870691,"39","69870691","P7D","http://aido.bsvgateway.org/api/locations/69870691/","Spain","Spain","Country","http://aido.bsvgateway.org/api/locations/216709393/",40.2272337134656,-3.65263701339604,40.2272337134656,"Measles"
"69870691.904",2011-09-26,2011-09-19,0,69870691,"39","69870691","P7D","http://aido.bsvgateway.org/api/locations/69870691/","Spain","Spain","Country","http://aido.bsvgateway.org/api/locations/216709393/",-3.65263701339604,-3.65263701339604,40.2272337134656,"Measles"
"69870691.905",2011-03-14,2011-03-07,1,69870691,"39","69870691","P7D","http://aido.bsvgateway.org/api/locations/69870691/","Spain","Spain","Country","http://aido.bsvgateway.org/api/locations/216709393/",40.2272337134656,-3.65263701339604,40.2272337134656,"Measles"
"69870691.906",2011-03-21,2011-03-14,1,69870691,"39","69870691","P7D","http://aido.bsvgateway.org/api/locations/69870691/","Spain","Spain","Country","http://aido.bsvgateway.org/api/locations/216709393/",-3.65263701339604,-3.65263701339604,40.2272337134656,"Measles"
"69870691.907",2011-03-28,2011-03-21,5,69870691,"39","69870691","P7D","http://aido.bsvgateway.org/api/locations/69870691/","Spain","Spain","Country","http://aido.bsvgateway.org/api/locations/216709393/",40.2272337134656,-3.65263701339604,40.2272337134656,"Measles"
"69870691.908",2011-04-04,2011-03-28,1,69870691,"39","69870691","P7D","http://aido.bsvgateway.org/api/locations/69870691/","Spain","Spain","Country","http://aido.bsvgateway.org/api/locations/216709393/",-3.65263701339604,-3.65263701339604,40.2272337134656,"Measles"
"69870691.909",2011-04-11,2011-04-04,5,69870691,"39","69870691","P7D","http://aido.bsvgateway.org/api/locations/69870691/","Spain","Spain","Country","http://aido.bsvgateway.org/api/locations/216709393/",40.2272337134656,-3.65263701339604,40.2272337134656,"Measles"
"69870691.910",2011-04-18,2011-04-11,5,69870691,"39","69870691","P7D","http://aido.bsvgateway.org/api/locations/69870691/","Spain","Spain","Country","http://aido.bsvgateway.org/api/locations/216709393/",-3.65263701339604,-3.65263701339604,40.2272337134656,"Measles"
"69870691.911",2011-04-25,2011-04-18,8,69870691,"39","69870691","P7D","http://aido.bsvgateway.org/api/locations/69870691/","Spain","Spain","Country","http://aido.bsvgateway.org/api/locations/216709393/",40.2272337134656,-3.65263701339604,40.2272337134656,"Measles"
"69870691.912",2011-05-02,2011-04-25,10,69870691,"39","69870691","P7D","http://aido.bsvgateway.org/api/locations/69870691/","Spain","Spain","Country","http://aido.bsvgateway.org/api/locations/216709393/",-3.65263701339604,-3.65263701339604,40.2272337134656,"Measles"
"69870691.913",2011-05-09,2011-05-02,20,69870691,"39","69870691","P7D","http://aido.bsvgateway.org/api/locations/69870691/","Spain","Spain","Country","http://aido.bsvgateway.org/api/locations/216709393/",40.2272337134656,-3.65263701339604,40.2272337134656,"Measles"
"69870691.914",2011-05-16,2011-05-09,16,69870691,"39","69870691","P7D","http://aido.bsvgateway.org/api/locations/69870691/","Spain","Spain","Country","http://aido.bsvgateway.org/api/locations/216709393/",-3.65263701339604,-3.65263701339604,40.2272337134656,"Measles"
"69870691.915",2011-05-23,2011-05-16,24,69870691,"39","69870691","P7D","http://aido.bsvgateway.org/api/locations/69870691/","Spain","Spain","Country","http://aido.bsvgateway.org/api/locations/216709393/",40.2272337134656,-3.65263701339604,40.2272337134656,"Measles"
"69870691.916",2011-05-30,2011-05-23,20,69870691,"39","69870691","P7D","http://aido.bsvgateway.org/api/locations/69870691/","Spain","Spain","Country","http://aido.bsvgateway.org/api/locations/216709393/",-3.65263701339604,-3.65263701339604,40.2272337134656,"Measles"
"69870691.917",2011-06-06,2011-05-30,11,69870691,"39","69870691","P7D","http://aido.bsvgateway.org/api/locations/69870691/","Spain","Spain","Country","http://aido.bsvgateway.org/api/locations/216709393/",40.2272337134656,-3.65263701339604,40.2272337134656,"Measles"
"69870691.918",2011-06-13,2011-06-06,3,69870691,"39","69870691","P7D","http://aido.bsvgateway.org/api/locations/69870691/","Spain","Spain","Country","http://aido.bsvgateway.org/api/locations/216709393/",-3.65263701339604,-3.65263701339604,40.2272337134656,"Measles"
"69870691.919",2011-06-20,2011-06-13,10,69870691,"39","69870691","P7D","http://aido.bsvgateway.org/api/locations/69870691/","Spain","Spain","Country","http://aido.bsvgateway.org/api/locations/216709393/",40.2272337134656,-3.65263701339604,40.2272337134656,"Measles"
"69870691.920",2011-06-27,2011-06-20,0,69870691,"39","69870691","P7D","http://aido.bsvgateway.org/api/locations/69870691/","Spain","Spain","Country","http://aido.bsvgateway.org/api/locations/216709393/",-3.65263701339604,-3.65263701339604,40.2272337134656,"Measles"
"69870691.921",2011-07-04,2011-06-27,3,69870691,"39","69870691","P7D","http://aido.bsvgateway.org/api/locations/69870691/","Spain","Spain","Country","http://aido.bsvgateway.org/api/locations/216709393/",40.2272337134656,-3.65263701339604,40.2272337134656,"Measles"
"69870691.922",2011-07-11,2011-07-04,7,69870691,"39","69870691","P7D","http://aido.bsvgateway.org/api/locations/69870691/","Spain","Spain","Country","http://aido.bsvgateway.org/api/locations/216709393/",-3.65263701339604,-3.65263701339604,40.2272337134656,"Measles"
"69870691.923",2011-07-18,2011-07-11,7,69870691,"39","69870691","P7D","http://aido.bsvgateway.org/api/locations/69870691/","Spain","Spain","Country","http://aido.bsvgateway.org/api/locations/216709393/",40.2272337134656,-3.65263701339604,40.2272337134656,"Measles"
"69870691.924",2011-07-25,2011-07-18,3,69870691,"39","69870691","P7D","http://aido.bsvgateway.org/api/locations/69870691/","Spain","Spain","Country","http://aido.bsvgateway.org/api/locations/216709393/",-3.65263701339604,-3.65263701339604,40.2272337134656,"Measles"
"69870691.925",2011-08-01,2011-07-25,2,69870691,"39","69870691","P7D","http://aido.bsvgateway.org/api/locations/69870691/","Spain","Spain","Country","http://aido.bsvgateway.org/api/locations/216709393/",40.2272337134656,-3.65263701339604,40.2272337134656,"Measles"
"69870691.926",2011-08-08,2011-08-01,3,69870691,"39","69870691","P7D","http://aido.bsvgateway.org/api/locations/69870691/","Spain","Spain","Country","http://aido.bsvgateway.org/api/locations/216709393/",-3.65263701339604,-3.65263701339604,40.2272337134656,"Measles"
"69870691.927",2011-08-15,2011-08-08,4,69870691,"39","69870691","P7D","http://aido.bsvgateway.org/api/locations/69870691/","Spain","Spain","Country","http://aido.bsvgateway.org/api/locations/216709393/",40.2272337134656,-3.65263701339604,40.2272337134656,"Measles"
"69870691.928",2011-08-22,2011-08-15,2,69870691,"39","69870691","P7D","http://aido.bsvgateway.org/api/locations/69870691/","Spain","Spain","Country","http://aido.bsvgateway.org/api/locations/216709393/",-3.65263701339604,-3.65263701339604,40.2272337134656,"Measles"
"69870691.929",2011-08-29,2011-08-22,2,69870691,"39","69870691","P7D","http://aido.bsvgateway.org/api/locations/69870691/","Spain","Spain","Country","http://aido.bsvgateway.org/api/locations/216709393/",40.2272337134656,-3.65263701339604,40.2272337134656,"Measles"
"69870691.930",2011-09-05,2011-08-29,0,69870691,"39","69870691","P7D","http://aido.bsvgateway.org/api/locations/69870691/","Spain","Spain","Country","http://aido.bsvgateway.org/api/locations/216709393/",-3.65263701339604,-3.65263701339604,40.2272337134656,"Measles"
"69870691.931",2011-09-12,2011-09-05,1,69870691,"39","69870691","P7D","http://aido.bsvgateway.org/api/locations/69870691/","Spain","Spain","Country","http://aido.bsvgateway.org/api/locations/216709393/",40.2272337134656,-3.65263701339604,40.2272337134656,"Measles"
"69870691.932",2011-09-19,2011-09-12,0,69870691,"39","69870691","P7D","http://aido.bsvgateway.org/api/locations/69870691/","Spain","Spain","Country","http://aido.bsvgateway.org/api/locations/216709393/",-3.65263701339604,-3.65263701339604,40.2272337134656,"Measles"
