"","end","start","value","id","disease","location","duration","url","name","full_name","admin_level_name","parent","centroid_lat_long","longitude","latitude","disease_name"
"204325566.180",2010-11-27,2010-11-26,1,204325566,"29","204325566","P1D","http://aido.bsvgateway.org/api/locations/204325566/","South Korea","South Korea","Country","http://aido.bsvgateway.org/api/locations/20359812/",36.3733535127376,127.819093957479,36.3733535127376,"Foot And Mouth Disease"
"204325566.181",2010-11-28,2010-11-27,1,204325566,"29","204325566","P1D","http://aido.bsvgateway.org/api/locations/204325566/","South Korea","South Korea","Country","http://aido.bsvgateway.org/api/locations/20359812/",127.819093957479,127.819093957479,36.3733535127376,"Foot And Mouth Disease"
"204325566.182",2010-11-29,2010-11-28,0,204325566,"29","204325566","P1D","http://aido.bsvgateway.org/api/locations/204325566/","South Korea","South Korea","Country","http://aido.bsvgateway.org/api/locations/20359812/",36.3733535127376,127.819093957479,36.3733535127376,"Foot And Mouth Disease"
"204325566.183",2010-11-30,2010-11-29,6,204325566,"29","204325566","P1D","http://aido.bsvgateway.org/api/locations/204325566/","South Korea","South Korea","Country","http://aido.bsvgateway.org/api/locations/20359812/",127.819093957479,127.819093957479,36.3733535127376,"Foot And Mouth Disease"
"204325566.184",2010-12-01,2010-11-30,31,204325566,"29","204325566","P1D","http://aido.bsvgateway.org/api/locations/204325566/","South Korea","South Korea","Country","http://aido.bsvgateway.org/api/locations/20359812/",36.3733535127376,127.819093957479,36.3733535127376,"Foot And Mouth Disease"
"204325566.185",2010-12-02,2010-12-01,10,204325566,"29","204325566","P1D","http://aido.bsvgateway.org/api/locations/204325566/","South Korea","South Korea","Country","http://aido.bsvgateway.org/api/locations/20359812/",127.819093957479,127.819093957479,36.3733535127376,"Foot And Mouth Disease"
"204325566.186",2010-12-03,2010-12-02,9,204325566,"29","204325566","P1D","http://aido.bsvgateway.org/api/locations/204325566/","South Korea","South Korea","Country","http://aido.bsvgateway.org/api/locations/20359812/",36.3733535127376,127.819093957479,36.3733535127376,"Foot And Mouth Disease"
"204325566.187",2010-12-04,2010-12-03,8,204325566,"29","204325566","P1D","http://aido.bsvgateway.org/api/locations/204325566/","South Korea","South Korea","Country","http://aido.bsvgateway.org/api/locations/20359812/",127.819093957479,127.819093957479,36.3733535127376,"Foot And Mouth Disease"
"204325566.188",2010-12-05,2010-12-04,7,204325566,"29","204325566","P1D","http://aido.bsvgateway.org/api/locations/204325566/","South Korea","South Korea","Country","http://aido.bsvgateway.org/api/locations/20359812/",36.3733535127376,127.819093957479,36.3733535127376,"Foot And Mouth Disease"
"204325566.189",2010-12-06,2010-12-05,6,204325566,"29","204325566","P1D","http://aido.bsvgateway.org/api/locations/204325566/","South Korea","South Korea","Country","http://aido.bsvgateway.org/api/locations/20359812/",127.819093957479,127.819093957479,36.3733535127376,"Foot And Mouth Disease"
"204325566.190",2010-12-07,2010-12-06,17,204325566,"29","204325566","P1D","http://aido.bsvgateway.org/api/locations/204325566/","South Korea","South Korea","Country","http://aido.bsvgateway.org/api/locations/20359812/",36.3733535127376,127.819093957479,36.3733535127376,"Foot And Mouth Disease"
"204325566.191",2010-12-08,2010-12-07,14,204325566,"29","204325566","P1D","http://aido.bsvgateway.org/api/locations/204325566/","South Korea","South Korea","Country","http://aido.bsvgateway.org/api/locations/20359812/",127.819093957479,127.819093957479,36.3733535127376,"Foot And Mouth Disease"
"204325566.192",2010-12-09,2010-12-08,19,204325566,"29","204325566","P1D","http://aido.bsvgateway.org/api/locations/204325566/","South Korea","South Korea","Country","http://aido.bsvgateway.org/api/locations/20359812/",36.3733535127376,127.819093957479,36.3733535127376,"Foot And Mouth Disease"
"204325566.193",2010-12-10,2010-12-09,18,204325566,"29","204325566","P1D","http://aido.bsvgateway.org/api/locations/204325566/","South Korea","South Korea","Country","http://aido.bsvgateway.org/api/locations/20359812/",127.819093957479,127.819093957479,36.3733535127376,"Foot And Mouth Disease"
"204325566.194",2010-12-11,2010-12-10,17,204325566,"29","204325566","P1D","http://aido.bsvgateway.org/api/locations/204325566/","South Korea","South Korea","Country","http://aido.bsvgateway.org/api/locations/20359812/",36.3733535127376,127.819093957479,36.3733535127376,"Foot And Mouth Disease"
"204325566.195",2010-12-12,2010-12-11,12,204325566,"29","204325566","P1D","http://aido.bsvgateway.org/api/locations/204325566/","South Korea","South Korea","Country","http://aido.bsvgateway.org/api/locations/20359812/",127.819093957479,127.819093957479,36.3733535127376,"Foot And Mouth Disease"
"204325566.196",2010-12-13,2010-12-12,20,204325566,"29","204325566","P1D","http://aido.bsvgateway.org/api/locations/204325566/","South Korea","South Korea","Country","http://aido.bsvgateway.org/api/locations/20359812/",36.3733535127376,127.819093957479,36.3733535127376,"Foot And Mouth Disease"
"204325566.197",2010-12-14,2010-12-13,19,204325566,"29","204325566","P1D","http://aido.bsvgateway.org/api/locations/204325566/","South Korea","South Korea","Country","http://aido.bsvgateway.org/api/locations/20359812/",127.819093957479,127.819093957479,36.3733535127376,"Foot And Mouth Disease"
"204325566.198",2010-12-15,2010-12-14,17,204325566,"29","204325566","P1D","http://aido.bsvgateway.org/api/locations/204325566/","South Korea","South Korea","Country","http://aido.bsvgateway.org/api/locations/20359812/",36.3733535127376,127.819093957479,36.3733535127376,"Foot And Mouth Disease"
"204325566.199",2010-12-16,2010-12-15,27,204325566,"29","204325566","P1D","http://aido.bsvgateway.org/api/locations/204325566/","South Korea","South Korea","Country","http://aido.bsvgateway.org/api/locations/20359812/",127.819093957479,127.819093957479,36.3733535127376,"Foot And Mouth Disease"
"204325566.200",2010-12-17,2010-12-16,18,204325566,"29","204325566","P1D","http://aido.bsvgateway.org/api/locations/204325566/","South Korea","South Korea","Country","http://aido.bsvgateway.org/api/locations/20359812/",36.3733535127376,127.819093957479,36.3733535127376,"Foot And Mouth Disease"
"204325566.201",2010-12-18,2010-12-17,24,204325566,"29","204325566","P1D","http://aido.bsvgateway.org/api/locations/204325566/","South Korea","South Korea","Country","http://aido.bsvgateway.org/api/locations/20359812/",127.819093957479,127.819093957479,36.3733535127376,"Foot And Mouth Disease"
"204325566.202",2010-12-19,2010-12-18,26,204325566,"29","204325566","P1D","http://aido.bsvgateway.org/api/locations/204325566/","South Korea","South Korea","Country","http://aido.bsvgateway.org/api/locations/20359812/",36.3733535127376,127.819093957479,36.3733535127376,"Foot And Mouth Disease"
"204325566.203",2010-12-20,2010-12-19,23,204325566,"29","204325566","P1D","http://aido.bsvgateway.org/api/locations/204325566/","South Korea","South Korea","Country","http://aido.bsvgateway.org/api/locations/20359812/",127.819093957479,127.819093957479,36.3733535127376,"Foot And Mouth Disease"
"204325566.204",2010-12-21,2010-12-20,17,204325566,"29","204325566","P1D","http://aido.bsvgateway.org/api/locations/204325566/","South Korea","South Korea","Country","http://aido.bsvgateway.org/api/locations/20359812/",36.3733535127376,127.819093957479,36.3733535127376,"Foot And Mouth Disease"
"204325566.205",2010-12-22,2010-12-21,21,204325566,"29","204325566","P1D","http://aido.bsvgateway.org/api/locations/204325566/","South Korea","South Korea","Country","http://aido.bsvgateway.org/api/locations/20359812/",127.819093957479,127.819093957479,36.3733535127376,"Foot And Mouth Disease"
"204325566.206",2010-12-23,2010-12-22,10,204325566,"29","204325566","P1D","http://aido.bsvgateway.org/api/locations/204325566/","South Korea","South Korea","Country","http://aido.bsvgateway.org/api/locations/20359812/",36.3733535127376,127.819093957479,36.3733535127376,"Foot And Mouth Disease"
"204325566.207",2010-12-24,2010-12-23,23,204325566,"29","204325566","P1D","http://aido.bsvgateway.org/api/locations/204325566/","South Korea","South Korea","Country","http://aido.bsvgateway.org/api/locations/20359812/",127.819093957479,127.819093957479,36.3733535127376,"Foot And Mouth Disease"
"204325566.208",2010-12-25,2010-12-24,31,204325566,"29","204325566","P1D","http://aido.bsvgateway.org/api/locations/204325566/","South Korea","South Korea","Country","http://aido.bsvgateway.org/api/locations/20359812/",36.3733535127376,127.819093957479,36.3733535127376,"Foot And Mouth Disease"
"204325566.209",2010-12-26,2010-12-25,33,204325566,"29","204325566","P1D","http://aido.bsvgateway.org/api/locations/204325566/","South Korea","South Korea","Country","http://aido.bsvgateway.org/api/locations/20359812/",127.819093957479,127.819093957479,36.3733535127376,"Foot And Mouth Disease"
"204325566.210",2010-12-27,2010-12-26,18,204325566,"29","204325566","P1D","http://aido.bsvgateway.org/api/locations/204325566/","South Korea","South Korea","Country","http://aido.bsvgateway.org/api/locations/20359812/",36.3733535127376,127.819093957479,36.3733535127376,"Foot And Mouth Disease"
"204325566.211",2010-12-28,2010-12-27,38,204325566,"29","204325566","P1D","http://aido.bsvgateway.org/api/locations/204325566/","South Korea","South Korea","Country","http://aido.bsvgateway.org/api/locations/20359812/",127.819093957479,127.819093957479,36.3733535127376,"Foot And Mouth Disease"
"204325566.212",2010-12-29,2010-12-28,41,204325566,"29","204325566","P1D","http://aido.bsvgateway.org/api/locations/204325566/","South Korea","South Korea","Country","http://aido.bsvgateway.org/api/locations/20359812/",36.3733535127376,127.819093957479,36.3733535127376,"Foot And Mouth Disease"
"204325566.213",2010-12-30,2010-12-29,39,204325566,"29","204325566","P1D","http://aido.bsvgateway.org/api/locations/204325566/","South Korea","South Korea","Country","http://aido.bsvgateway.org/api/locations/20359812/",127.819093957479,127.819093957479,36.3733535127376,"Foot And Mouth Disease"
"204325566.214",2010-12-31,2010-12-30,54,204325566,"29","204325566","P1D","http://aido.bsvgateway.org/api/locations/204325566/","South Korea","South Korea","Country","http://aido.bsvgateway.org/api/locations/20359812/",36.3733535127376,127.819093957479,36.3733535127376,"Foot And Mouth Disease"
"204325566.215",2011-01-01,2010-12-31,54,204325566,"29","204325566","P1D","http://aido.bsvgateway.org/api/locations/204325566/","South Korea","South Korea","Country","http://aido.bsvgateway.org/api/locations/20359812/",127.819093957479,127.819093957479,36.3733535127376,"Foot And Mouth Disease"
"204325566.216",2011-01-02,2011-01-01,90,204325566,"29","204325566","P1D","http://aido.bsvgateway.org/api/locations/204325566/","South Korea","South Korea","Country","http://aido.bsvgateway.org/api/locations/20359812/",36.3733535127376,127.819093957479,36.3733535127376,"Foot And Mouth Disease"
"204325566.217",2011-01-03,2011-01-02,86,204325566,"29","204325566","P1D","http://aido.bsvgateway.org/api/locations/204325566/","South Korea","South Korea","Country","http://aido.bsvgateway.org/api/locations/20359812/",127.819093957479,127.819093957479,36.3733535127376,"Foot And Mouth Disease"
"204325566.218",2011-01-04,2011-01-03,86,204325566,"29","204325566","P1D","http://aido.bsvgateway.org/api/locations/204325566/","South Korea","South Korea","Country","http://aido.bsvgateway.org/api/locations/20359812/",36.3733535127376,127.819093957479,36.3733535127376,"Foot And Mouth Disease"
"204325566.219",2011-01-05,2011-01-04,95,204325566,"29","204325566","P1D","http://aido.bsvgateway.org/api/locations/204325566/","South Korea","South Korea","Country","http://aido.bsvgateway.org/api/locations/20359812/",127.819093957479,127.819093957479,36.3733535127376,"Foot And Mouth Disease"
"204325566.220",2011-01-06,2011-01-05,78,204325566,"29","204325566","P1D","http://aido.bsvgateway.org/api/locations/204325566/","South Korea","South Korea","Country","http://aido.bsvgateway.org/api/locations/20359812/",36.3733535127376,127.819093957479,36.3733535127376,"Foot And Mouth Disease"
"204325566.221",2011-01-07,2011-01-06,85,204325566,"29","204325566","P1D","http://aido.bsvgateway.org/api/locations/204325566/","South Korea","South Korea","Country","http://aido.bsvgateway.org/api/locations/20359812/",127.819093957479,127.819093957479,36.3733535127376,"Foot And Mouth Disease"
"204325566.222",2011-01-08,2011-01-07,38,204325566,"29","204325566","P1D","http://aido.bsvgateway.org/api/locations/204325566/","South Korea","South Korea","Country","http://aido.bsvgateway.org/api/locations/20359812/",36.3733535127376,127.819093957479,36.3733535127376,"Foot And Mouth Disease"
"204325566.223",2011-01-09,2011-01-08,128,204325566,"29","204325566","P1D","http://aido.bsvgateway.org/api/locations/204325566/","South Korea","South Korea","Country","http://aido.bsvgateway.org/api/locations/20359812/",127.819093957479,127.819093957479,36.3733535127376,"Foot And Mouth Disease"
"204325566.224",2011-01-10,2011-01-09,62,204325566,"29","204325566","P1D","http://aido.bsvgateway.org/api/locations/204325566/","South Korea","South Korea","Country","http://aido.bsvgateway.org/api/locations/20359812/",36.3733535127376,127.819093957479,36.3733535127376,"Foot And Mouth Disease"
"204325566.225",2011-01-11,2011-01-10,89,204325566,"29","204325566","P1D","http://aido.bsvgateway.org/api/locations/204325566/","South Korea","South Korea","Country","http://aido.bsvgateway.org/api/locations/20359812/",127.819093957479,127.819093957479,36.3733535127376,"Foot And Mouth Disease"
"204325566.226",2011-01-12,2011-01-11,92,204325566,"29","204325566","P1D","http://aido.bsvgateway.org/api/locations/204325566/","South Korea","South Korea","Country","http://aido.bsvgateway.org/api/locations/20359812/",36.3733535127376,127.819093957479,36.3733535127376,"Foot And Mouth Disease"
"204325566.227",2011-01-13,2011-01-12,88,204325566,"29","204325566","P1D","http://aido.bsvgateway.org/api/locations/204325566/","South Korea","South Korea","Country","http://aido.bsvgateway.org/api/locations/20359812/",127.819093957479,127.819093957479,36.3733535127376,"Foot And Mouth Disease"
"204325566.228",2011-01-14,2011-01-13,88,204325566,"29","204325566","P1D","http://aido.bsvgateway.org/api/locations/204325566/","South Korea","South Korea","Country","http://aido.bsvgateway.org/api/locations/20359812/",36.3733535127376,127.819093957479,36.3733535127376,"Foot And Mouth Disease"
"204325566.229",2011-01-15,2011-01-14,87,204325566,"29","204325566","P1D","http://aido.bsvgateway.org/api/locations/204325566/","South Korea","South Korea","Country","http://aido.bsvgateway.org/api/locations/20359812/",127.819093957479,127.819093957479,36.3733535127376,"Foot And Mouth Disease"
"204325566.230",2011-01-16,2011-01-15,82,204325566,"29","204325566","P1D","http://aido.bsvgateway.org/api/locations/204325566/","South Korea","South Korea","Country","http://aido.bsvgateway.org/api/locations/20359812/",36.3733535127376,127.819093957479,36.3733535127376,"Foot And Mouth Disease"
"204325566.231",2011-01-17,2011-01-16,70,204325566,"29","204325566","P1D","http://aido.bsvgateway.org/api/locations/204325566/","South Korea","South Korea","Country","http://aido.bsvgateway.org/api/locations/20359812/",127.819093957479,127.819093957479,36.3733535127376,"Foot And Mouth Disease"
"204325566.232",2011-01-18,2011-01-17,71,204325566,"29","204325566","P1D","http://aido.bsvgateway.org/api/locations/204325566/","South Korea","South Korea","Country","http://aido.bsvgateway.org/api/locations/20359812/",36.3733535127376,127.819093957479,36.3733535127376,"Foot And Mouth Disease"
"204325566.233",2011-01-19,2011-01-18,80,204325566,"29","204325566","P1D","http://aido.bsvgateway.org/api/locations/204325566/","South Korea","South Korea","Country","http://aido.bsvgateway.org/api/locations/20359812/",127.819093957479,127.819093957479,36.3733535127376,"Foot And Mouth Disease"
"204325566.234",2011-01-20,2011-01-19,67,204325566,"29","204325566","P1D","http://aido.bsvgateway.org/api/locations/204325566/","South Korea","South Korea","Country","http://aido.bsvgateway.org/api/locations/20359812/",36.3733535127376,127.819093957479,36.3733535127376,"Foot And Mouth Disease"
"204325566.235",2011-01-21,2011-01-20,69,204325566,"29","204325566","P1D","http://aido.bsvgateway.org/api/locations/204325566/","South Korea","South Korea","Country","http://aido.bsvgateway.org/api/locations/20359812/",127.819093957479,127.819093957479,36.3733535127376,"Foot And Mouth Disease"
"204325566.236",2011-01-22,2011-01-21,61,204325566,"29","204325566","P1D","http://aido.bsvgateway.org/api/locations/204325566/","South Korea","South Korea","Country","http://aido.bsvgateway.org/api/locations/20359812/",36.3733535127376,127.819093957479,36.3733535127376,"Foot And Mouth Disease"
"204325566.237",2011-01-23,2011-01-22,76,204325566,"29","204325566","P1D","http://aido.bsvgateway.org/api/locations/204325566/","South Korea","South Korea","Country","http://aido.bsvgateway.org/api/locations/20359812/",127.819093957479,127.819093957479,36.3733535127376,"Foot And Mouth Disease"
"204325566.238",2011-01-24,2011-01-23,80,204325566,"29","204325566","P1D","http://aido.bsvgateway.org/api/locations/204325566/","South Korea","South Korea","Country","http://aido.bsvgateway.org/api/locations/20359812/",36.3733535127376,127.819093957479,36.3733535127376,"Foot And Mouth Disease"
"204325566.239",2011-01-25,2011-01-24,98,204325566,"29","204325566","P1D","http://aido.bsvgateway.org/api/locations/204325566/","South Korea","South Korea","Country","http://aido.bsvgateway.org/api/locations/20359812/",127.819093957479,127.819093957479,36.3733535127376,"Foot And Mouth Disease"
"204325566.240",2011-01-26,2011-01-25,75,204325566,"29","204325566","P1D","http://aido.bsvgateway.org/api/locations/204325566/","South Korea","South Korea","Country","http://aido.bsvgateway.org/api/locations/20359812/",36.3733535127376,127.819093957479,36.3733535127376,"Foot And Mouth Disease"
"204325566.241",2011-01-27,2011-01-26,84,204325566,"29","204325566","P1D","http://aido.bsvgateway.org/api/locations/204325566/","South Korea","South Korea","Country","http://aido.bsvgateway.org/api/locations/20359812/",127.819093957479,127.819093957479,36.3733535127376,"Foot And Mouth Disease"
"204325566.242",2011-01-28,2011-01-27,65,204325566,"29","204325566","P1D","http://aido.bsvgateway.org/api/locations/204325566/","South Korea","South Korea","Country","http://aido.bsvgateway.org/api/locations/20359812/",36.3733535127376,127.819093957479,36.3733535127376,"Foot And Mouth Disease"
"204325566.243",2011-01-29,2011-01-28,50,204325566,"29","204325566","P1D","http://aido.bsvgateway.org/api/locations/204325566/","South Korea","South Korea","Country","http://aido.bsvgateway.org/api/locations/20359812/",127.819093957479,127.819093957479,36.3733535127376,"Foot And Mouth Disease"
"204325566.244",2011-01-30,2011-01-29,53,204325566,"29","204325566","P1D","http://aido.bsvgateway.org/api/locations/204325566/","South Korea","South Korea","Country","http://aido.bsvgateway.org/api/locations/20359812/",36.3733535127376,127.819093957479,36.3733535127376,"Foot And Mouth Disease"
"204325566.245",2011-01-31,2011-01-30,67,204325566,"29","204325566","P1D","http://aido.bsvgateway.org/api/locations/204325566/","South Korea","South Korea","Country","http://aido.bsvgateway.org/api/locations/20359812/",127.819093957479,127.819093957479,36.3733535127376,"Foot And Mouth Disease"
"204325566.246",2011-02-01,2011-01-31,55,204325566,"29","204325566","P1D","http://aido.bsvgateway.org/api/locations/204325566/","South Korea","South Korea","Country","http://aido.bsvgateway.org/api/locations/20359812/",36.3733535127376,127.819093957479,36.3733535127376,"Foot And Mouth Disease"
"204325566.247",2011-02-02,2011-02-01,26,204325566,"29","204325566","P1D","http://aido.bsvgateway.org/api/locations/204325566/","South Korea","South Korea","Country","http://aido.bsvgateway.org/api/locations/20359812/",127.819093957479,127.819093957479,36.3733535127376,"Foot And Mouth Disease"
"204325566.248",2011-02-03,2011-02-02,36,204325566,"29","204325566","P1D","http://aido.bsvgateway.org/api/locations/204325566/","South Korea","South Korea","Country","http://aido.bsvgateway.org/api/locations/20359812/",36.3733535127376,127.819093957479,36.3733535127376,"Foot And Mouth Disease"
"204325566.249",2011-02-04,2011-02-03,43,204325566,"29","204325566","P1D","http://aido.bsvgateway.org/api/locations/204325566/","South Korea","South Korea","Country","http://aido.bsvgateway.org/api/locations/20359812/",127.819093957479,127.819093957479,36.3733535127376,"Foot And Mouth Disease"
"204325566.250",2011-02-05,2011-02-04,46,204325566,"29","204325566","P1D","http://aido.bsvgateway.org/api/locations/204325566/","South Korea","South Korea","Country","http://aido.bsvgateway.org/api/locations/20359812/",36.3733535127376,127.819093957479,36.3733535127376,"Foot And Mouth Disease"
"204325566.251",2011-02-06,2011-02-05,38,204325566,"29","204325566","P1D","http://aido.bsvgateway.org/api/locations/204325566/","South Korea","South Korea","Country","http://aido.bsvgateway.org/api/locations/20359812/",127.819093957479,127.819093957479,36.3733535127376,"Foot And Mouth Disease"
"204325566.252",2011-02-07,2011-02-06,28,204325566,"29","204325566","P1D","http://aido.bsvgateway.org/api/locations/204325566/","South Korea","South Korea","Country","http://aido.bsvgateway.org/api/locations/20359812/",36.3733535127376,127.819093957479,36.3733535127376,"Foot And Mouth Disease"
"204325566.253",2011-02-08,2011-02-07,39,204325566,"29","204325566","P1D","http://aido.bsvgateway.org/api/locations/204325566/","South Korea","South Korea","Country","http://aido.bsvgateway.org/api/locations/20359812/",127.819093957479,127.819093957479,36.3733535127376,"Foot And Mouth Disease"
"204325566.254",2011-02-09,2011-02-08,30,204325566,"29","204325566","P1D","http://aido.bsvgateway.org/api/locations/204325566/","South Korea","South Korea","Country","http://aido.bsvgateway.org/api/locations/20359812/",36.3733535127376,127.819093957479,36.3733535127376,"Foot And Mouth Disease"
"204325566.255",2011-02-10,2011-02-09,19,204325566,"29","204325566","P1D","http://aido.bsvgateway.org/api/locations/204325566/","South Korea","South Korea","Country","http://aido.bsvgateway.org/api/locations/20359812/",127.819093957479,127.819093957479,36.3733535127376,"Foot And Mouth Disease"
"204325566.256",2011-02-11,2011-02-10,24,204325566,"29","204325566","P1D","http://aido.bsvgateway.org/api/locations/204325566/","South Korea","South Korea","Country","http://aido.bsvgateway.org/api/locations/20359812/",36.3733535127376,127.819093957479,36.3733535127376,"Foot And Mouth Disease"
"204325566.257",2011-02-12,2011-02-11,15,204325566,"29","204325566","P1D","http://aido.bsvgateway.org/api/locations/204325566/","South Korea","South Korea","Country","http://aido.bsvgateway.org/api/locations/20359812/",127.819093957479,127.819093957479,36.3733535127376,"Foot And Mouth Disease"
"204325566.258",2011-02-13,2011-02-12,20,204325566,"29","204325566","P1D","http://aido.bsvgateway.org/api/locations/204325566/","South Korea","South Korea","Country","http://aido.bsvgateway.org/api/locations/20359812/",36.3733535127376,127.819093957479,36.3733535127376,"Foot And Mouth Disease"
"204325566.259",2011-02-14,2011-02-13,23,204325566,"29","204325566","P1D","http://aido.bsvgateway.org/api/locations/204325566/","South Korea","South Korea","Country","http://aido.bsvgateway.org/api/locations/20359812/",127.819093957479,127.819093957479,36.3733535127376,"Foot And Mouth Disease"
"204325566.260",2011-02-15,2011-02-14,16,204325566,"29","204325566","P1D","http://aido.bsvgateway.org/api/locations/204325566/","South Korea","South Korea","Country","http://aido.bsvgateway.org/api/locations/20359812/",36.3733535127376,127.819093957479,36.3733535127376,"Foot And Mouth Disease"
"204325566.261",2011-02-16,2011-02-15,20,204325566,"29","204325566","P1D","http://aido.bsvgateway.org/api/locations/204325566/","South Korea","South Korea","Country","http://aido.bsvgateway.org/api/locations/20359812/",127.819093957479,127.819093957479,36.3733535127376,"Foot And Mouth Disease"
"204325566.262",2011-02-17,2011-02-16,19,204325566,"29","204325566","P1D","http://aido.bsvgateway.org/api/locations/204325566/","South Korea","South Korea","Country","http://aido.bsvgateway.org/api/locations/20359812/",36.3733535127376,127.819093957479,36.3733535127376,"Foot And Mouth Disease"
"204325566.263",2011-02-18,2011-02-17,14,204325566,"29","204325566","P1D","http://aido.bsvgateway.org/api/locations/204325566/","South Korea","South Korea","Country","http://aido.bsvgateway.org/api/locations/20359812/",127.819093957479,127.819093957479,36.3733535127376,"Foot And Mouth Disease"
"204325566.264",2011-02-19,2011-02-18,17,204325566,"29","204325566","P1D","http://aido.bsvgateway.org/api/locations/204325566/","South Korea","South Korea","Country","http://aido.bsvgateway.org/api/locations/20359812/",36.3733535127376,127.819093957479,36.3733535127376,"Foot And Mouth Disease"
"204325566.265",2011-02-20,2011-02-19,9,204325566,"29","204325566","P1D","http://aido.bsvgateway.org/api/locations/204325566/","South Korea","South Korea","Country","http://aido.bsvgateway.org/api/locations/20359812/",127.819093957479,127.819093957479,36.3733535127376,"Foot And Mouth Disease"
"204325566.266",2011-02-21,2011-02-20,14,204325566,"29","204325566","P1D","http://aido.bsvgateway.org/api/locations/204325566/","South Korea","South Korea","Country","http://aido.bsvgateway.org/api/locations/20359812/",36.3733535127376,127.819093957479,36.3733535127376,"Foot And Mouth Disease"
"204325566.267",2011-02-22,2011-02-21,13,204325566,"29","204325566","P1D","http://aido.bsvgateway.org/api/locations/204325566/","South Korea","South Korea","Country","http://aido.bsvgateway.org/api/locations/20359812/",127.819093957479,127.819093957479,36.3733535127376,"Foot And Mouth Disease"
"204325566.268",2011-02-23,2011-02-22,18,204325566,"29","204325566","P1D","http://aido.bsvgateway.org/api/locations/204325566/","South Korea","South Korea","Country","http://aido.bsvgateway.org/api/locations/20359812/",36.3733535127376,127.819093957479,36.3733535127376,"Foot And Mouth Disease"
"204325566.269",2011-02-24,2011-02-23,10,204325566,"29","204325566","P1D","http://aido.bsvgateway.org/api/locations/204325566/","South Korea","South Korea","Country","http://aido.bsvgateway.org/api/locations/20359812/",127.819093957479,127.819093957479,36.3733535127376,"Foot And Mouth Disease"
"204325566.270",2011-02-25,2011-02-24,12,204325566,"29","204325566","P1D","http://aido.bsvgateway.org/api/locations/204325566/","South Korea","South Korea","Country","http://aido.bsvgateway.org/api/locations/20359812/",36.3733535127376,127.819093957479,36.3733535127376,"Foot And Mouth Disease"
"204325566.271",2011-02-26,2011-02-25,7,204325566,"29","204325566","P1D","http://aido.bsvgateway.org/api/locations/204325566/","South Korea","South Korea","Country","http://aido.bsvgateway.org/api/locations/20359812/",127.819093957479,127.819093957479,36.3733535127376,"Foot And Mouth Disease"
"204325566.272",2011-02-27,2011-02-26,16,204325566,"29","204325566","P1D","http://aido.bsvgateway.org/api/locations/204325566/","South Korea","South Korea","Country","http://aido.bsvgateway.org/api/locations/20359812/",36.3733535127376,127.819093957479,36.3733535127376,"Foot And Mouth Disease"
"204325566.273",2011-02-28,2011-02-27,9,204325566,"29","204325566","P1D","http://aido.bsvgateway.org/api/locations/204325566/","South Korea","South Korea","Country","http://aido.bsvgateway.org/api/locations/20359812/",127.819093957479,127.819093957479,36.3733535127376,"Foot And Mouth Disease"
"204325566.274",2011-03-01,2011-02-28,8,204325566,"29","204325566","P1D","http://aido.bsvgateway.org/api/locations/204325566/","South Korea","South Korea","Country","http://aido.bsvgateway.org/api/locations/20359812/",36.3733535127376,127.819093957479,36.3733535127376,"Foot And Mouth Disease"
"204325566.275",2011-03-02,2011-03-01,7,204325566,"29","204325566","P1D","http://aido.bsvgateway.org/api/locations/204325566/","South Korea","South Korea","Country","http://aido.bsvgateway.org/api/locations/20359812/",127.819093957479,127.819093957479,36.3733535127376,"Foot And Mouth Disease"
"204325566.276",2011-03-03,2011-03-02,6,204325566,"29","204325566","P1D","http://aido.bsvgateway.org/api/locations/204325566/","South Korea","South Korea","Country","http://aido.bsvgateway.org/api/locations/20359812/",36.3733535127376,127.819093957479,36.3733535127376,"Foot And Mouth Disease"
"204325566.277",2011-03-04,2011-03-03,9,204325566,"29","204325566","P1D","http://aido.bsvgateway.org/api/locations/204325566/","South Korea","South Korea","Country","http://aido.bsvgateway.org/api/locations/20359812/",127.819093957479,127.819093957479,36.3733535127376,"Foot And Mouth Disease"
"204325566.278",2011-03-05,2011-03-04,3,204325566,"29","204325566","P1D","http://aido.bsvgateway.org/api/locations/204325566/","South Korea","South Korea","Country","http://aido.bsvgateway.org/api/locations/20359812/",36.3733535127376,127.819093957479,36.3733535127376,"Foot And Mouth Disease"
"204325566.279",2011-03-06,2011-03-05,1,204325566,"29","204325566","P1D","http://aido.bsvgateway.org/api/locations/204325566/","South Korea","South Korea","Country","http://aido.bsvgateway.org/api/locations/20359812/",127.819093957479,127.819093957479,36.3733535127376,"Foot And Mouth Disease"
"204325566.280",2011-03-07,2011-03-06,2,204325566,"29","204325566","P1D","http://aido.bsvgateway.org/api/locations/204325566/","South Korea","South Korea","Country","http://aido.bsvgateway.org/api/locations/20359812/",36.3733535127376,127.819093957479,36.3733535127376,"Foot And Mouth Disease"
"204325566.281",2011-03-08,2011-03-07,1,204325566,"29","204325566","P1D","http://aido.bsvgateway.org/api/locations/204325566/","South Korea","South Korea","Country","http://aido.bsvgateway.org/api/locations/20359812/",127.819093957479,127.819093957479,36.3733535127376,"Foot And Mouth Disease"
"204325566.282",2011-03-09,2011-03-08,2,204325566,"29","204325566","P1D","http://aido.bsvgateway.org/api/locations/204325566/","South Korea","South Korea","Country","http://aido.bsvgateway.org/api/locations/20359812/",36.3733535127376,127.819093957479,36.3733535127376,"Foot And Mouth Disease"
"204325566.283",2011-03-10,2011-03-09,1,204325566,"29","204325566","P1D","http://aido.bsvgateway.org/api/locations/204325566/","South Korea","South Korea","Country","http://aido.bsvgateway.org/api/locations/20359812/",127.819093957479,127.819093957479,36.3733535127376,"Foot And Mouth Disease"
"204325566.284",2011-03-11,2011-03-10,2,204325566,"29","204325566","P1D","http://aido.bsvgateway.org/api/locations/204325566/","South Korea","South Korea","Country","http://aido.bsvgateway.org/api/locations/20359812/",36.3733535127376,127.819093957479,36.3733535127376,"Foot And Mouth Disease"
"204325566.285",2011-03-12,2011-03-11,1,204325566,"29","204325566","P1D","http://aido.bsvgateway.org/api/locations/204325566/","South Korea","South Korea","Country","http://aido.bsvgateway.org/api/locations/20359812/",127.819093957479,127.819093957479,36.3733535127376,"Foot And Mouth Disease"
"204325566.286",2011-03-13,2011-03-12,2,204325566,"29","204325566","P1D","http://aido.bsvgateway.org/api/locations/204325566/","South Korea","South Korea","Country","http://aido.bsvgateway.org/api/locations/20359812/",36.3733535127376,127.819093957479,36.3733535127376,"Foot And Mouth Disease"
"204325566.287",2011-03-14,2011-03-13,1,204325566,"29","204325566","P1D","http://aido.bsvgateway.org/api/locations/204325566/","South Korea","South Korea","Country","http://aido.bsvgateway.org/api/locations/20359812/",127.819093957479,127.819093957479,36.3733535127376,"Foot And Mouth Disease"
"204325566.288",2011-03-15,2011-03-14,1,204325566,"29","204325566","P1D","http://aido.bsvgateway.org/api/locations/204325566/","South Korea","South Korea","Country","http://aido.bsvgateway.org/api/locations/20359812/",36.3733535127376,127.819093957479,36.3733535127376,"Foot And Mouth Disease"
"204325566.289",2011-03-16,2011-03-15,1,204325566,"29","204325566","P1D","http://aido.bsvgateway.org/api/locations/204325566/","South Korea","South Korea","Country","http://aido.bsvgateway.org/api/locations/20359812/",127.819093957479,127.819093957479,36.3733535127376,"Foot And Mouth Disease"
"204325566.290",2011-03-17,2011-03-16,2,204325566,"29","204325566","P1D","http://aido.bsvgateway.org/api/locations/204325566/","South Korea","South Korea","Country","http://aido.bsvgateway.org/api/locations/20359812/",36.3733535127376,127.819093957479,36.3733535127376,"Foot And Mouth Disease"
"204325566.291",2011-03-18,2011-03-17,0,204325566,"29","204325566","P1D","http://aido.bsvgateway.org/api/locations/204325566/","South Korea","South Korea","Country","http://aido.bsvgateway.org/api/locations/20359812/",127.819093957479,127.819093957479,36.3733535127376,"Foot And Mouth Disease"
"204325566.292",2011-03-19,2011-03-18,1,204325566,"29","204325566","P1D","http://aido.bsvgateway.org/api/locations/204325566/","South Korea","South Korea","Country","http://aido.bsvgateway.org/api/locations/20359812/",36.3733535127376,127.819093957479,36.3733535127376,"Foot And Mouth Disease"
"204325566.293",2011-03-20,2011-03-19,1,204325566,"29","204325566","P1D","http://aido.bsvgateway.org/api/locations/204325566/","South Korea","South Korea","Country","http://aido.bsvgateway.org/api/locations/20359812/",127.819093957479,127.819093957479,36.3733535127376,"Foot And Mouth Disease"
"204325566.294",2011-03-21,2011-03-20,1,204325566,"29","204325566","P1D","http://aido.bsvgateway.org/api/locations/204325566/","South Korea","South Korea","Country","http://aido.bsvgateway.org/api/locations/20359812/",36.3733535127376,127.819093957479,36.3733535127376,"Foot And Mouth Disease"
"204325566.295",2011-03-22,2011-03-21,1,204325566,"29","204325566","P1D","http://aido.bsvgateway.org/api/locations/204325566/","South Korea","South Korea","Country","http://aido.bsvgateway.org/api/locations/20359812/",127.819093957479,127.819093957479,36.3733535127376,"Foot And Mouth Disease"
