"","end","start","value","id","disease","location","duration","url","name","full_name","admin_level_name","parent","centroid_lat_long","longitude","latitude","disease_name"
"10351988.217",2007-01-15,2007-01-08,1,10351988,"66","10351988","P7D","http://aido.bsvgateway.org/api/locations/10351988/","United Republic of Tanzania","United Republic of Tanzania","Country","http://aido.bsvgateway.org/api/locations/93632501/",-6.27509748109379,34.8135864205275,-6.27509748109379,"Rift Valley Fever"
"10351988.218",2007-01-22,2007-01-15,1,10351988,"66","10351988","P7D","http://aido.bsvgateway.org/api/locations/10351988/","United Republic of Tanzania","United Republic of Tanzania","Country","http://aido.bsvgateway.org/api/locations/93632501/",34.8135864205275,34.8135864205275,-6.27509748109379,"Rift Valley Fever"
"10351988.219",2007-01-29,2007-01-22,4,10351988,"66","10351988","P7D","http://aido.bsvgateway.org/api/locations/10351988/","United Republic of Tanzania","United Republic of Tanzania","Country","http://aido.bsvgateway.org/api/locations/93632501/",-6.27509748109379,34.8135864205275,-6.27509748109379,"Rift Valley Fever"
"10351988.220",2007-02-05,2007-01-29,7,10351988,"66","10351988","P7D","http://aido.bsvgateway.org/api/locations/10351988/","United Republic of Tanzania","United Republic of Tanzania","Country","http://aido.bsvgateway.org/api/locations/93632501/",34.8135864205275,34.8135864205275,-6.27509748109379,"Rift Valley Fever"
"10351988.221",2007-02-12,2007-02-05,13,10351988,"66","10351988","P7D","http://aido.bsvgateway.org/api/locations/10351988/","United Republic of Tanzania","United Republic of Tanzania","Country","http://aido.bsvgateway.org/api/locations/93632501/",-6.27509748109379,34.8135864205275,-6.27509748109379,"Rift Valley Fever"
"10351988.222",2007-02-19,2007-02-12,17,10351988,"66","10351988","P7D","http://aido.bsvgateway.org/api/locations/10351988/","United Republic of Tanzania","United Republic of Tanzania","Country","http://aido.bsvgateway.org/api/locations/93632501/",34.8135864205275,34.8135864205275,-6.27509748109379,"Rift Valley Fever"
"10351988.223",2007-02-26,2007-02-19,12,10351988,"66","10351988","P7D","http://aido.bsvgateway.org/api/locations/10351988/","United Republic of Tanzania","United Republic of Tanzania","Country","http://aido.bsvgateway.org/api/locations/93632501/",-6.27509748109379,34.8135864205275,-6.27509748109379,"Rift Valley Fever"
"10351988.224",2007-03-05,2007-02-26,20,10351988,"66","10351988","P7D","http://aido.bsvgateway.org/api/locations/10351988/","United Republic of Tanzania","United Republic of Tanzania","Country","http://aido.bsvgateway.org/api/locations/93632501/",34.8135864205275,34.8135864205275,-6.27509748109379,"Rift Valley Fever"
"10351988.225",2007-03-12,2007-03-05,40,10351988,"66","10351988","P7D","http://aido.bsvgateway.org/api/locations/10351988/","United Republic of Tanzania","United Republic of Tanzania","Country","http://aido.bsvgateway.org/api/locations/93632501/",-6.27509748109379,34.8135864205275,-6.27509748109379,"Rift Valley Fever"
"10351988.226",2007-03-19,2007-03-12,28,10351988,"66","10351988","P7D","http://aido.bsvgateway.org/api/locations/10351988/","United Republic of Tanzania","United Republic of Tanzania","Country","http://aido.bsvgateway.org/api/locations/93632501/",34.8135864205275,34.8135864205275,-6.27509748109379,"Rift Valley Fever"
"10351988.227",2007-03-26,2007-03-19,30,10351988,"66","10351988","P7D","http://aido.bsvgateway.org/api/locations/10351988/","United Republic of Tanzania","United Republic of Tanzania","Country","http://aido.bsvgateway.org/api/locations/93632501/",-6.27509748109379,34.8135864205275,-6.27509748109379,"Rift Valley Fever"
"10351988.228",2007-04-02,2007-03-26,9,10351988,"66","10351988","P7D","http://aido.bsvgateway.org/api/locations/10351988/","United Republic of Tanzania","United Republic of Tanzania","Country","http://aido.bsvgateway.org/api/locations/93632501/",34.8135864205275,34.8135864205275,-6.27509748109379,"Rift Valley Fever"
"10351988.229",2007-04-09,2007-04-02,9,10351988,"66","10351988","P7D","http://aido.bsvgateway.org/api/locations/10351988/","United Republic of Tanzania","United Republic of Tanzania","Country","http://aido.bsvgateway.org/api/locations/93632501/",-6.27509748109379,34.8135864205275,-6.27509748109379,"Rift Valley Fever"
