"","end","start","value","id","disease","location","duration","url","name","full_name","admin_level_name","parent","centroid_lat_long","longitude","latitude","disease_name"
"147153440.833",2006-02-08,2006-02-01,1,147153440,"67","147153440","P7D","http://aido.bsvgateway.org/api/locations/147153440/","Kansas","Kansas, United States of America","State","http://aido.bsvgateway.org/api/locations/113309883/",38.484366643612,-98.3808483295271,38.484366643612,"Mumps"
"147153440.834",2006-02-15,2006-02-08,0,147153440,"67","147153440","P7D","http://aido.bsvgateway.org/api/locations/147153440/","Kansas","Kansas, United States of America","State","http://aido.bsvgateway.org/api/locations/113309883/",-98.3808483295271,-98.3808483295271,38.484366643612,"Mumps"
"147153440.835",2006-02-22,2006-02-15,1,147153440,"67","147153440","P7D","http://aido.bsvgateway.org/api/locations/147153440/","Kansas","Kansas, United States of America","State","http://aido.bsvgateway.org/api/locations/113309883/",38.484366643612,-98.3808483295271,38.484366643612,"Mumps"
"147153440.836",2006-03-01,2006-02-22,2,147153440,"67","147153440","P7D","http://aido.bsvgateway.org/api/locations/147153440/","Kansas","Kansas, United States of America","State","http://aido.bsvgateway.org/api/locations/113309883/",-98.3808483295271,-98.3808483295271,38.484366643612,"Mumps"
"147153440.837",2006-03-08,2006-03-01,1,147153440,"67","147153440","P7D","http://aido.bsvgateway.org/api/locations/147153440/","Kansas","Kansas, United States of America","State","http://aido.bsvgateway.org/api/locations/113309883/",38.484366643612,-98.3808483295271,38.484366643612,"Mumps"
"147153440.838",2006-03-15,2006-03-08,2,147153440,"67","147153440","P7D","http://aido.bsvgateway.org/api/locations/147153440/","Kansas","Kansas, United States of America","State","http://aido.bsvgateway.org/api/locations/113309883/",-98.3808483295271,-98.3808483295271,38.484366643612,"Mumps"
"147153440.839",2006-03-22,2006-03-15,3,147153440,"67","147153440","P7D","http://aido.bsvgateway.org/api/locations/147153440/","Kansas","Kansas, United States of America","State","http://aido.bsvgateway.org/api/locations/113309883/",38.484366643612,-98.3808483295271,38.484366643612,"Mumps"
"147153440.840",2006-03-29,2006-03-22,4,147153440,"67","147153440","P7D","http://aido.bsvgateway.org/api/locations/147153440/","Kansas","Kansas, United States of America","State","http://aido.bsvgateway.org/api/locations/113309883/",-98.3808483295271,-98.3808483295271,38.484366643612,"Mumps"
"147153440.841",2006-04-05,2006-03-29,9,147153440,"67","147153440","P7D","http://aido.bsvgateway.org/api/locations/147153440/","Kansas","Kansas, United States of America","State","http://aido.bsvgateway.org/api/locations/113309883/",38.484366643612,-98.3808483295271,38.484366643612,"Mumps"
"147153440.842",2006-04-12,2006-04-05,29,147153440,"67","147153440","P7D","http://aido.bsvgateway.org/api/locations/147153440/","Kansas","Kansas, United States of America","State","http://aido.bsvgateway.org/api/locations/113309883/",-98.3808483295271,-98.3808483295271,38.484366643612,"Mumps"
"147153440.843",2006-04-19,2006-04-12,35,147153440,"67","147153440","P7D","http://aido.bsvgateway.org/api/locations/147153440/","Kansas","Kansas, United States of America","State","http://aido.bsvgateway.org/api/locations/113309883/",38.484366643612,-98.3808483295271,38.484366643612,"Mumps"
"147153440.844",2006-04-26,2006-04-19,41,147153440,"67","147153440","P7D","http://aido.bsvgateway.org/api/locations/147153440/","Kansas","Kansas, United States of America","State","http://aido.bsvgateway.org/api/locations/113309883/",-98.3808483295271,-98.3808483295271,38.484366643612,"Mumps"
"147153440.845",2006-05-03,2006-04-26,32,147153440,"67","147153440","P7D","http://aido.bsvgateway.org/api/locations/147153440/","Kansas","Kansas, United States of America","State","http://aido.bsvgateway.org/api/locations/113309883/",38.484366643612,-98.3808483295271,38.484366643612,"Mumps"
"147153440.846",2006-05-10,2006-05-03,14,147153440,"67","147153440","P7D","http://aido.bsvgateway.org/api/locations/147153440/","Kansas","Kansas, United States of America","State","http://aido.bsvgateway.org/api/locations/113309883/",-98.3808483295271,-98.3808483295271,38.484366643612,"Mumps"
"147153440.847",2006-05-17,2006-05-10,16,147153440,"67","147153440","P7D","http://aido.bsvgateway.org/api/locations/147153440/","Kansas","Kansas, United States of America","State","http://aido.bsvgateway.org/api/locations/113309883/",38.484366643612,-98.3808483295271,38.484366643612,"Mumps"
"147153440.848",2006-05-24,2006-05-17,6,147153440,"67","147153440","P7D","http://aido.bsvgateway.org/api/locations/147153440/","Kansas","Kansas, United States of America","State","http://aido.bsvgateway.org/api/locations/113309883/",-98.3808483295271,-98.3808483295271,38.484366643612,"Mumps"
"147153440.849",2006-05-31,2006-05-24,3,147153440,"67","147153440","P7D","http://aido.bsvgateway.org/api/locations/147153440/","Kansas","Kansas, United States of America","State","http://aido.bsvgateway.org/api/locations/113309883/",38.484366643612,-98.3808483295271,38.484366643612,"Mumps"
"147153440.850",2006-06-07,2006-05-31,1,147153440,"67","147153440","P7D","http://aido.bsvgateway.org/api/locations/147153440/","Kansas","Kansas, United States of America","State","http://aido.bsvgateway.org/api/locations/113309883/",-98.3808483295271,-98.3808483295271,38.484366643612,"Mumps"
"147153440.851",2006-06-14,2006-06-07,1,147153440,"67","147153440","P7D","http://aido.bsvgateway.org/api/locations/147153440/","Kansas","Kansas, United States of America","State","http://aido.bsvgateway.org/api/locations/113309883/",38.484366643612,-98.3808483295271,38.484366643612,"Mumps"
