"","end","start","value","id","disease","location","duration","url","name","full_name","admin_level_name","parent","centroid_lat_long","longitude","latitude","disease_name"
"136085430.538",2015-03-01,2015-02-01,1,136085430,"26","136085430","P1M","http://aido.bsvgateway.org/api/locations/136085430/","Uganda","Uganda","Country","http://aido.bsvgateway.org/api/locations/93632501/",1.27569119250862,32.367039852725,1.27569119250862,"Cholera"
"136085430.539",2015-04-01,2015-03-01,41,136085430,"26","136085430","P1M","http://aido.bsvgateway.org/api/locations/136085430/","Uganda","Uganda","Country","http://aido.bsvgateway.org/api/locations/93632501/",32.367039852725,32.367039852725,1.27569119250862,"Cholera"
"136085430.540",2015-05-01,2015-04-01,65,136085430,"26","136085430","P1M","http://aido.bsvgateway.org/api/locations/136085430/","Uganda","Uganda","Country","http://aido.bsvgateway.org/api/locations/93632501/",1.27569119250862,32.367039852725,1.27569119250862,"Cholera"
"136085430.541",2015-06-01,2015-05-01,59,136085430,"26","136085430","P1M","http://aido.bsvgateway.org/api/locations/136085430/","Uganda","Uganda","Country","http://aido.bsvgateway.org/api/locations/93632501/",32.367039852725,32.367039852725,1.27569119250862,"Cholera"
"136085430.542",2015-07-01,2015-06-01,16,136085430,"26","136085430","P1M","http://aido.bsvgateway.org/api/locations/136085430/","Uganda","Uganda","Country","http://aido.bsvgateway.org/api/locations/93632501/",1.27569119250862,32.367039852725,1.27569119250862,"Cholera"
"136085430.543",2015-08-01,2015-07-01,1,136085430,"26","136085430","P1M","http://aido.bsvgateway.org/api/locations/136085430/","Uganda","Uganda","Country","http://aido.bsvgateway.org/api/locations/93632501/",32.367039852725,32.367039852725,1.27569119250862,"Cholera"
