"","end","start","value","id","disease","location","duration","url","name","full_name","admin_level_name","parent","centroid_lat_long","longitude","latitude","disease_name"
"118355057.477",2005-05-04,2005-05-03,1,118355057,"48","118355057","P1D","http://aido.bsvgateway.org/api/locations/118355057/","Michigan","Michigan, United States of America","State","http://aido.bsvgateway.org/api/locations/113309883/",44.8751552773202,-85.737928476951,44.8751552773202,"Norovirus"
"118355057.478",2005-05-05,2005-05-04,20,118355057,"48","118355057","P1D","http://aido.bsvgateway.org/api/locations/118355057/","Michigan","Michigan, United States of America","State","http://aido.bsvgateway.org/api/locations/113309883/",-85.737928476951,-85.737928476951,44.8751552773202,"Norovirus"
"118355057.479",2005-05-06,2005-05-05,35,118355057,"48","118355057","P1D","http://aido.bsvgateway.org/api/locations/118355057/","Michigan","Michigan, United States of America","State","http://aido.bsvgateway.org/api/locations/113309883/",44.8751552773202,-85.737928476951,44.8751552773202,"Norovirus"
"118355057.480",2005-05-07,2005-05-06,34,118355057,"48","118355057","P1D","http://aido.bsvgateway.org/api/locations/118355057/","Michigan","Michigan, United States of America","State","http://aido.bsvgateway.org/api/locations/113309883/",-85.737928476951,-85.737928476951,44.8751552773202,"Norovirus"
"118355057.481",2005-05-08,2005-05-07,6,118355057,"48","118355057","P1D","http://aido.bsvgateway.org/api/locations/118355057/","Michigan","Michigan, United States of America","State","http://aido.bsvgateway.org/api/locations/113309883/",44.8751552773202,-85.737928476951,44.8751552773202,"Norovirus"
"118355057.482",2005-05-09,2005-05-08,7,118355057,"48","118355057","P1D","http://aido.bsvgateway.org/api/locations/118355057/","Michigan","Michigan, United States of America","State","http://aido.bsvgateway.org/api/locations/113309883/",-85.737928476951,-85.737928476951,44.8751552773202,"Norovirus"
"118355057.483",2005-05-10,2005-05-09,2,118355057,"48","118355057","P1D","http://aido.bsvgateway.org/api/locations/118355057/","Michigan","Michigan, United States of America","State","http://aido.bsvgateway.org/api/locations/113309883/",44.8751552773202,-85.737928476951,44.8751552773202,"Norovirus"
"118355057.484",2005-05-11,2005-05-10,0,118355057,"48","118355057","P1D","http://aido.bsvgateway.org/api/locations/118355057/","Michigan","Michigan, United States of America","State","http://aido.bsvgateway.org/api/locations/113309883/",-85.737928476951,-85.737928476951,44.8751552773202,"Norovirus"
"118355057.485",2008-11-01,2008-10-31,0,118355057,"48","118355057","P1D","http://aido.bsvgateway.org/api/locations/118355057/","Michigan","Michigan, United States of America","State","http://aido.bsvgateway.org/api/locations/113309883/",44.8751552773202,-85.737928476951,44.8751552773202,"Norovirus"
"118355057.486",2008-11-02,2008-11-01,2,118355057,"48","118355057","P1D","http://aido.bsvgateway.org/api/locations/118355057/","Michigan","Michigan, United States of America","State","http://aido.bsvgateway.org/api/locations/113309883/",-85.737928476951,-85.737928476951,44.8751552773202,"Norovirus"
"118355057.487",2008-11-03,2008-11-02,2,118355057,"48","118355057","P1D","http://aido.bsvgateway.org/api/locations/118355057/","Michigan","Michigan, United States of America","State","http://aido.bsvgateway.org/api/locations/113309883/",44.8751552773202,-85.737928476951,44.8751552773202,"Norovirus"
"118355057.488",2008-11-04,2008-11-03,2,118355057,"48","118355057","P1D","http://aido.bsvgateway.org/api/locations/118355057/","Michigan","Michigan, United States of America","State","http://aido.bsvgateway.org/api/locations/113309883/",-85.737928476951,-85.737928476951,44.8751552773202,"Norovirus"
"118355057.489",2008-11-05,2008-11-04,7,118355057,"48","118355057","P1D","http://aido.bsvgateway.org/api/locations/118355057/","Michigan","Michigan, United States of America","State","http://aido.bsvgateway.org/api/locations/113309883/",44.8751552773202,-85.737928476951,44.8751552773202,"Norovirus"
"118355057.490",2008-11-06,2008-11-05,19,118355057,"48","118355057","P1D","http://aido.bsvgateway.org/api/locations/118355057/","Michigan","Michigan, United States of America","State","http://aido.bsvgateway.org/api/locations/113309883/",-85.737928476951,-85.737928476951,44.8751552773202,"Norovirus"
"118355057.491",2008-11-07,2008-11-06,160,118355057,"48","118355057","P1D","http://aido.bsvgateway.org/api/locations/118355057/","Michigan","Michigan, United States of America","State","http://aido.bsvgateway.org/api/locations/113309883/",44.8751552773202,-85.737928476951,44.8751552773202,"Norovirus"
"118355057.492",2008-11-08,2008-11-07,86,118355057,"48","118355057","P1D","http://aido.bsvgateway.org/api/locations/118355057/","Michigan","Michigan, United States of America","State","http://aido.bsvgateway.org/api/locations/113309883/",-85.737928476951,-85.737928476951,44.8751552773202,"Norovirus"
"118355057.493",2008-11-09,2008-11-08,63,118355057,"48","118355057","P1D","http://aido.bsvgateway.org/api/locations/118355057/","Michigan","Michigan, United States of America","State","http://aido.bsvgateway.org/api/locations/113309883/",44.8751552773202,-85.737928476951,44.8751552773202,"Norovirus"
"118355057.494",2008-11-10,2008-11-09,32,118355057,"48","118355057","P1D","http://aido.bsvgateway.org/api/locations/118355057/","Michigan","Michigan, United States of America","State","http://aido.bsvgateway.org/api/locations/113309883/",-85.737928476951,-85.737928476951,44.8751552773202,"Norovirus"
"118355057.495",2008-11-11,2008-11-10,13,118355057,"48","118355057","P1D","http://aido.bsvgateway.org/api/locations/118355057/","Michigan","Michigan, United States of America","State","http://aido.bsvgateway.org/api/locations/113309883/",44.8751552773202,-85.737928476951,44.8751552773202,"Norovirus"
"118355057.496",2008-11-12,2008-11-11,9,118355057,"48","118355057","P1D","http://aido.bsvgateway.org/api/locations/118355057/","Michigan","Michigan, United States of America","State","http://aido.bsvgateway.org/api/locations/113309883/",-85.737928476951,-85.737928476951,44.8751552773202,"Norovirus"
"118355057.497",2008-11-13,2008-11-12,14,118355057,"48","118355057","P1D","http://aido.bsvgateway.org/api/locations/118355057/","Michigan","Michigan, United States of America","State","http://aido.bsvgateway.org/api/locations/113309883/",44.8751552773202,-85.737928476951,44.8751552773202,"Norovirus"
"118355057.498",2008-11-14,2008-11-13,23,118355057,"48","118355057","P1D","http://aido.bsvgateway.org/api/locations/118355057/","Michigan","Michigan, United States of America","State","http://aido.bsvgateway.org/api/locations/113309883/",-85.737928476951,-85.737928476951,44.8751552773202,"Norovirus"
"118355057.499",2008-11-15,2008-11-14,6,118355057,"48","118355057","P1D","http://aido.bsvgateway.org/api/locations/118355057/","Michigan","Michigan, United States of America","State","http://aido.bsvgateway.org/api/locations/113309883/",44.8751552773202,-85.737928476951,44.8751552773202,"Norovirus"
"118355057.500",2008-11-16,2008-11-15,2,118355057,"48","118355057","P1D","http://aido.bsvgateway.org/api/locations/118355057/","Michigan","Michigan, United States of America","State","http://aido.bsvgateway.org/api/locations/113309883/",-85.737928476951,-85.737928476951,44.8751552773202,"Norovirus"
"118355057.501",2008-11-17,2008-11-16,6,118355057,"48","118355057","P1D","http://aido.bsvgateway.org/api/locations/118355057/","Michigan","Michigan, United States of America","State","http://aido.bsvgateway.org/api/locations/113309883/",44.8751552773202,-85.737928476951,44.8751552773202,"Norovirus"
"118355057.502",2008-11-18,2008-11-17,6,118355057,"48","118355057","P1D","http://aido.bsvgateway.org/api/locations/118355057/","Michigan","Michigan, United States of America","State","http://aido.bsvgateway.org/api/locations/113309883/",-85.737928476951,-85.737928476951,44.8751552773202,"Norovirus"
"118355057.503",2008-11-19,2008-11-18,4,118355057,"48","118355057","P1D","http://aido.bsvgateway.org/api/locations/118355057/","Michigan","Michigan, United States of America","State","http://aido.bsvgateway.org/api/locations/113309883/",44.8751552773202,-85.737928476951,44.8751552773202,"Norovirus"
"118355057.504",2008-11-20,2008-11-19,2,118355057,"48","118355057","P1D","http://aido.bsvgateway.org/api/locations/118355057/","Michigan","Michigan, United States of America","State","http://aido.bsvgateway.org/api/locations/113309883/",-85.737928476951,-85.737928476951,44.8751552773202,"Norovirus"
