"","end","start","value","id","disease","location","duration","url","name","full_name","admin_level_name","parent","centroid_lat_long","longitude","latitude","disease_name"
"43446789.1431",2012-02-01,2012-01-01,3,43446789,"39","43446789","P1M","http://aido.bsvgateway.org/api/locations/43446789/","New South Wales","New South Wales, Australia","State","http://aido.bsvgateway.org/api/locations/118006383/",-32.1688681913836,147.011661875049,-32.1688681913836,"Measles"
"43446789.1432",2012-03-01,2012-02-01,2,43446789,"39","43446789","P1M","http://aido.bsvgateway.org/api/locations/43446789/","New South Wales","New South Wales, Australia","State","http://aido.bsvgateway.org/api/locations/118006383/",147.011661875049,147.011661875049,-32.1688681913836,"Measles"
"43446789.1433",2012-04-01,2012-03-01,4,43446789,"39","43446789","P1M","http://aido.bsvgateway.org/api/locations/43446789/","New South Wales","New South Wales, Australia","State","http://aido.bsvgateway.org/api/locations/118006383/",-32.1688681913836,147.011661875049,-32.1688681913836,"Measles"
"43446789.1434",2012-05-01,2012-04-01,10,43446789,"39","43446789","P1M","http://aido.bsvgateway.org/api/locations/43446789/","New South Wales","New South Wales, Australia","State","http://aido.bsvgateway.org/api/locations/118006383/",147.011661875049,147.011661875049,-32.1688681913836,"Measles"
"43446789.1435",2012-06-01,2012-05-01,9,43446789,"39","43446789","P1M","http://aido.bsvgateway.org/api/locations/43446789/","New South Wales","New South Wales, Australia","State","http://aido.bsvgateway.org/api/locations/118006383/",-32.1688681913836,147.011661875049,-32.1688681913836,"Measles"
"43446789.1436",2012-07-01,2012-06-01,12,43446789,"39","43446789","P1M","http://aido.bsvgateway.org/api/locations/43446789/","New South Wales","New South Wales, Australia","State","http://aido.bsvgateway.org/api/locations/118006383/",147.011661875049,147.011661875049,-32.1688681913836,"Measles"
"43446789.1437",2012-08-01,2012-07-01,26,43446789,"39","43446789","P1M","http://aido.bsvgateway.org/api/locations/43446789/","New South Wales","New South Wales, Australia","State","http://aido.bsvgateway.org/api/locations/118006383/",-32.1688681913836,147.011661875049,-32.1688681913836,"Measles"
"43446789.1438",2012-09-01,2012-08-01,42,43446789,"39","43446789","P1M","http://aido.bsvgateway.org/api/locations/43446789/","New South Wales","New South Wales, Australia","State","http://aido.bsvgateway.org/api/locations/118006383/",147.011661875049,147.011661875049,-32.1688681913836,"Measles"
"43446789.1439",2012-10-01,2012-09-01,61,43446789,"39","43446789","P1M","http://aido.bsvgateway.org/api/locations/43446789/","New South Wales","New South Wales, Australia","State","http://aido.bsvgateway.org/api/locations/118006383/",-32.1688681913836,147.011661875049,-32.1688681913836,"Measles"
"43446789.1440",2012-11-01,2012-10-01,21,43446789,"39","43446789","P1M","http://aido.bsvgateway.org/api/locations/43446789/","New South Wales","New South Wales, Australia","State","http://aido.bsvgateway.org/api/locations/118006383/",147.011661875049,147.011661875049,-32.1688681913836,"Measles"
"43446789.1441",2012-12-01,2012-11-01,6,43446789,"39","43446789","P1M","http://aido.bsvgateway.org/api/locations/43446789/","New South Wales","New South Wales, Australia","State","http://aido.bsvgateway.org/api/locations/118006383/",-32.1688681913836,147.011661875049,-32.1688681913836,"Measles"
"43446789.1442",2013-01-01,2012-12-01,3,43446789,"39","43446789","P1M","http://aido.bsvgateway.org/api/locations/43446789/","New South Wales","New South Wales, Australia","State","http://aido.bsvgateway.org/api/locations/118006383/",147.011661875049,147.011661875049,-32.1688681913836,"Measles"
