"","end","start","value","id","disease","location","duration","url","name","full_name","admin_level_name","parent","centroid_lat_long","longitude","latitude","disease_name"
"149387683.1",2010-10-31,2010-10-30,0,149387683,"48","149387683","P1D","http://aido.bsvgateway.org/api/locations/149387683/","China","China","Country","http://aido.bsvgateway.org/api/locations/20359812/",36.5601151532282,103.831571744511,36.5601151532282,"Norovirus"
"149387683.2",2010-11-01,2010-10-31,4,149387683,"48","149387683","P1D","http://aido.bsvgateway.org/api/locations/149387683/","China","China","Country","http://aido.bsvgateway.org/api/locations/20359812/",103.831571744511,103.831571744511,36.5601151532282,"Norovirus"
"149387683.3",2010-11-02,2010-11-01,24,149387683,"48","149387683","P1D","http://aido.bsvgateway.org/api/locations/149387683/","China","China","Country","http://aido.bsvgateway.org/api/locations/20359812/",36.5601151532282,103.831571744511,36.5601151532282,"Norovirus"
"149387683.4",2010-11-03,2010-11-02,18,149387683,"48","149387683","P1D","http://aido.bsvgateway.org/api/locations/149387683/","China","China","Country","http://aido.bsvgateway.org/api/locations/20359812/",103.831571744511,103.831571744511,36.5601151532282,"Norovirus"
"149387683.5",2010-11-04,2010-11-03,43,149387683,"48","149387683","P1D","http://aido.bsvgateway.org/api/locations/149387683/","China","China","Country","http://aido.bsvgateway.org/api/locations/20359812/",36.5601151532282,103.831571744511,36.5601151532282,"Norovirus"
"149387683.6",2010-11-05,2010-11-04,46,149387683,"48","149387683","P1D","http://aido.bsvgateway.org/api/locations/149387683/","China","China","Country","http://aido.bsvgateway.org/api/locations/20359812/",103.831571744511,103.831571744511,36.5601151532282,"Norovirus"
"149387683.7",2010-11-06,2010-11-05,89,149387683,"48","149387683","P1D","http://aido.bsvgateway.org/api/locations/149387683/","China","China","Country","http://aido.bsvgateway.org/api/locations/20359812/",36.5601151532282,103.831571744511,36.5601151532282,"Norovirus"
"149387683.8",2010-11-07,2010-11-06,76,149387683,"48","149387683","P1D","http://aido.bsvgateway.org/api/locations/149387683/","China","China","Country","http://aido.bsvgateway.org/api/locations/20359812/",103.831571744511,103.831571744511,36.5601151532282,"Norovirus"
"149387683.9",2010-11-08,2010-11-07,61,149387683,"48","149387683","P1D","http://aido.bsvgateway.org/api/locations/149387683/","China","China","Country","http://aido.bsvgateway.org/api/locations/20359812/",36.5601151532282,103.831571744511,36.5601151532282,"Norovirus"
"149387683.10",2010-11-09,2010-11-08,38,149387683,"48","149387683","P1D","http://aido.bsvgateway.org/api/locations/149387683/","China","China","Country","http://aido.bsvgateway.org/api/locations/20359812/",103.831571744511,103.831571744511,36.5601151532282,"Norovirus"
"149387683.11",2010-11-10,2010-11-09,28,149387683,"48","149387683","P1D","http://aido.bsvgateway.org/api/locations/149387683/","China","China","Country","http://aido.bsvgateway.org/api/locations/20359812/",36.5601151532282,103.831571744511,36.5601151532282,"Norovirus"
"149387683.12",2010-11-11,2010-11-10,0,149387683,"48","149387683","P1D","http://aido.bsvgateway.org/api/locations/149387683/","China","China","Country","http://aido.bsvgateway.org/api/locations/20359812/",103.831571744511,103.831571744511,36.5601151532282,"Norovirus"
"149387683.13",2010-11-12,2010-11-11,0,149387683,"48","149387683","P1D","http://aido.bsvgateway.org/api/locations/149387683/","China","China","Country","http://aido.bsvgateway.org/api/locations/20359812/",36.5601151532282,103.831571744511,36.5601151532282,"Norovirus"
"149387683.14",2010-11-13,2010-11-12,0,149387683,"48","149387683","P1D","http://aido.bsvgateway.org/api/locations/149387683/","China","China","Country","http://aido.bsvgateway.org/api/locations/20359812/",103.831571744511,103.831571744511,36.5601151532282,"Norovirus"
