"","end","start","value","id","disease","location","duration","url","name","full_name","admin_level_name","parent","centroid_lat_long","longitude","latitude","disease_name"
"113309883.190",1999-03-28,1999-03-21,1,113309883,"75","113309883","P7D","http://aido.bsvgateway.org/api/locations/113309883/","United States of America","United States of America","Country","http://aido.bsvgateway.org/api/locations/71269652/",45.6881134999987,-112.49572628642,45.6881134999987,"Rubella"
"113309883.191",1999-04-04,1999-03-28,0,113309883,"75","113309883","P7D","http://aido.bsvgateway.org/api/locations/113309883/","United States of America","United States of America","Country","http://aido.bsvgateway.org/api/locations/71269652/",-112.49572628642,-112.49572628642,45.6881134999987,"Rubella"
"113309883.192",1999-04-11,1999-04-04,5,113309883,"75","113309883","P7D","http://aido.bsvgateway.org/api/locations/113309883/","United States of America","United States of America","Country","http://aido.bsvgateway.org/api/locations/71269652/",45.6881134999987,-112.49572628642,45.6881134999987,"Rubella"
"113309883.193",1999-04-18,1999-04-11,1,113309883,"75","113309883","P7D","http://aido.bsvgateway.org/api/locations/113309883/","United States of America","United States of America","Country","http://aido.bsvgateway.org/api/locations/71269652/",-112.49572628642,-112.49572628642,45.6881134999987,"Rubella"
"113309883.194",1999-04-25,1999-04-18,2,113309883,"75","113309883","P7D","http://aido.bsvgateway.org/api/locations/113309883/","United States of America","United States of America","Country","http://aido.bsvgateway.org/api/locations/71269652/",45.6881134999987,-112.49572628642,45.6881134999987,"Rubella"
"113309883.195",1999-05-02,1999-04-25,15,113309883,"75","113309883","P7D","http://aido.bsvgateway.org/api/locations/113309883/","United States of America","United States of America","Country","http://aido.bsvgateway.org/api/locations/71269652/",-112.49572628642,-112.49572628642,45.6881134999987,"Rubella"
"113309883.196",1999-05-09,1999-05-02,10,113309883,"75","113309883","P7D","http://aido.bsvgateway.org/api/locations/113309883/","United States of America","United States of America","Country","http://aido.bsvgateway.org/api/locations/71269652/",45.6881134999987,-112.49572628642,45.6881134999987,"Rubella"
"113309883.197",1999-05-16,1999-05-09,4,113309883,"75","113309883","P7D","http://aido.bsvgateway.org/api/locations/113309883/","United States of America","United States of America","Country","http://aido.bsvgateway.org/api/locations/71269652/",-112.49572628642,-112.49572628642,45.6881134999987,"Rubella"
"113309883.198",1999-05-23,1999-05-16,11,113309883,"75","113309883","P7D","http://aido.bsvgateway.org/api/locations/113309883/","United States of America","United States of America","Country","http://aido.bsvgateway.org/api/locations/71269652/",45.6881134999987,-112.49572628642,45.6881134999987,"Rubella"
"113309883.199",1999-05-30,1999-05-23,6,113309883,"75","113309883","P7D","http://aido.bsvgateway.org/api/locations/113309883/","United States of America","United States of America","Country","http://aido.bsvgateway.org/api/locations/71269652/",-112.49572628642,-112.49572628642,45.6881134999987,"Rubella"
"113309883.200",1999-06-06,1999-05-30,10,113309883,"75","113309883","P7D","http://aido.bsvgateway.org/api/locations/113309883/","United States of America","United States of America","Country","http://aido.bsvgateway.org/api/locations/71269652/",45.6881134999987,-112.49572628642,45.6881134999987,"Rubella"
"113309883.201",1999-06-13,1999-06-06,1,113309883,"75","113309883","P7D","http://aido.bsvgateway.org/api/locations/113309883/","United States of America","United States of America","Country","http://aido.bsvgateway.org/api/locations/71269652/",-112.49572628642,-112.49572628642,45.6881134999987,"Rubella"
"113309883.202",1999-06-20,1999-06-13,2,113309883,"75","113309883","P7D","http://aido.bsvgateway.org/api/locations/113309883/","United States of America","United States of America","Country","http://aido.bsvgateway.org/api/locations/71269652/",45.6881134999987,-112.49572628642,45.6881134999987,"Rubella"
"113309883.203",1999-06-27,1999-06-20,1,113309883,"75","113309883","P7D","http://aido.bsvgateway.org/api/locations/113309883/","United States of America","United States of America","Country","http://aido.bsvgateway.org/api/locations/71269652/",-112.49572628642,-112.49572628642,45.6881134999987,"Rubella"
"113309883.204",1999-07-04,1999-06-27,1,113309883,"75","113309883","P7D","http://aido.bsvgateway.org/api/locations/113309883/","United States of America","United States of America","Country","http://aido.bsvgateway.org/api/locations/71269652/",45.6881134999987,-112.49572628642,45.6881134999987,"Rubella"
"113309883.205",1999-07-11,1999-07-04,7,113309883,"75","113309883","P7D","http://aido.bsvgateway.org/api/locations/113309883/","United States of America","United States of America","Country","http://aido.bsvgateway.org/api/locations/71269652/",-112.49572628642,-112.49572628642,45.6881134999987,"Rubella"
"113309883.206",1999-07-18,1999-07-11,2,113309883,"75","113309883","P7D","http://aido.bsvgateway.org/api/locations/113309883/","United States of America","United States of America","Country","http://aido.bsvgateway.org/api/locations/71269652/",45.6881134999987,-112.49572628642,45.6881134999987,"Rubella"
"113309883.207",1999-07-25,1999-07-18,0,113309883,"75","113309883","P7D","http://aido.bsvgateway.org/api/locations/113309883/","United States of America","United States of America","Country","http://aido.bsvgateway.org/api/locations/71269652/",-112.49572628642,-112.49572628642,45.6881134999987,"Rubella"
"113309883.208",1999-08-01,1999-07-25,1,113309883,"75","113309883","P7D","http://aido.bsvgateway.org/api/locations/113309883/","United States of America","United States of America","Country","http://aido.bsvgateway.org/api/locations/71269652/",45.6881134999987,-112.49572628642,45.6881134999987,"Rubella"
