"","end","start","value","id","disease","location","duration","url","name","full_name","admin_level_name","parent","centroid_lat_long","longitude","latitude","disease_name"
"19904816.20",1970-01-12,1970-01-11,1,19904816,"79","19904816","P1D","http://aido.bsvgateway.org/api/locations/19904816/","Jos","Jos, Plateau, Nigeria","City","http://aido.bsvgateway.org/api/locations/260361556/",9.92997731092851,8.89004438826948,9.92997731092851,"Lassa Fever"
"19904816.21",1970-01-13,1970-01-12,0,19904816,"79","19904816","P1D","http://aido.bsvgateway.org/api/locations/19904816/","Jos","Jos, Plateau, Nigeria","City","http://aido.bsvgateway.org/api/locations/260361556/",8.89004438826948,8.89004438826948,9.92997731092851,"Lassa Fever"
"19904816.22",1970-01-14,1970-01-13,1,19904816,"79","19904816","P1D","http://aido.bsvgateway.org/api/locations/19904816/","Jos","Jos, Plateau, Nigeria","City","http://aido.bsvgateway.org/api/locations/260361556/",9.92997731092851,8.89004438826948,9.92997731092851,"Lassa Fever"
"19904816.23",1970-01-15,1970-01-14,0,19904816,"79","19904816","P1D","http://aido.bsvgateway.org/api/locations/19904816/","Jos","Jos, Plateau, Nigeria","City","http://aido.bsvgateway.org/api/locations/260361556/",8.89004438826948,8.89004438826948,9.92997731092851,"Lassa Fever"
"19904816.24",1970-01-16,1970-01-15,3,19904816,"79","19904816","P1D","http://aido.bsvgateway.org/api/locations/19904816/","Jos","Jos, Plateau, Nigeria","City","http://aido.bsvgateway.org/api/locations/260361556/",9.92997731092851,8.89004438826948,9.92997731092851,"Lassa Fever"
"19904816.25",1970-01-17,1970-01-16,2,19904816,"79","19904816","P1D","http://aido.bsvgateway.org/api/locations/19904816/","Jos","Jos, Plateau, Nigeria","City","http://aido.bsvgateway.org/api/locations/260361556/",8.89004438826948,8.89004438826948,9.92997731092851,"Lassa Fever"
"19904816.26",1970-01-18,1970-01-17,5,19904816,"79","19904816","P1D","http://aido.bsvgateway.org/api/locations/19904816/","Jos","Jos, Plateau, Nigeria","City","http://aido.bsvgateway.org/api/locations/260361556/",9.92997731092851,8.89004438826948,9.92997731092851,"Lassa Fever"
"19904816.27",1970-01-19,1970-01-18,0,19904816,"79","19904816","P1D","http://aido.bsvgateway.org/api/locations/19904816/","Jos","Jos, Plateau, Nigeria","City","http://aido.bsvgateway.org/api/locations/260361556/",8.89004438826948,8.89004438826948,9.92997731092851,"Lassa Fever"
"19904816.28",1970-01-20,1970-01-19,1,19904816,"79","19904816","P1D","http://aido.bsvgateway.org/api/locations/19904816/","Jos","Jos, Plateau, Nigeria","City","http://aido.bsvgateway.org/api/locations/260361556/",9.92997731092851,8.89004438826948,9.92997731092851,"Lassa Fever"
"19904816.29",1970-01-21,1970-01-20,3,19904816,"79","19904816","P1D","http://aido.bsvgateway.org/api/locations/19904816/","Jos","Jos, Plateau, Nigeria","City","http://aido.bsvgateway.org/api/locations/260361556/",8.89004438826948,8.89004438826948,9.92997731092851,"Lassa Fever"
"19904816.30",1970-01-22,1970-01-21,1,19904816,"79","19904816","P1D","http://aido.bsvgateway.org/api/locations/19904816/","Jos","Jos, Plateau, Nigeria","City","http://aido.bsvgateway.org/api/locations/260361556/",9.92997731092851,8.89004438826948,9.92997731092851,"Lassa Fever"
"19904816.31",1970-01-23,1970-01-22,0,19904816,"79","19904816","P1D","http://aido.bsvgateway.org/api/locations/19904816/","Jos","Jos, Plateau, Nigeria","City","http://aido.bsvgateway.org/api/locations/260361556/",8.89004438826948,8.89004438826948,9.92997731092851,"Lassa Fever"
"19904816.32",1970-01-24,1970-01-23,0,19904816,"79","19904816","P1D","http://aido.bsvgateway.org/api/locations/19904816/","Jos","Jos, Plateau, Nigeria","City","http://aido.bsvgateway.org/api/locations/260361556/",9.92997731092851,8.89004438826948,9.92997731092851,"Lassa Fever"
"19904816.33",1970-01-25,1970-01-24,0,19904816,"79","19904816","P1D","http://aido.bsvgateway.org/api/locations/19904816/","Jos","Jos, Plateau, Nigeria","City","http://aido.bsvgateway.org/api/locations/260361556/",8.89004438826948,8.89004438826948,9.92997731092851,"Lassa Fever"
"19904816.34",1970-01-26,1970-01-25,1,19904816,"79","19904816","P1D","http://aido.bsvgateway.org/api/locations/19904816/","Jos","Jos, Plateau, Nigeria","City","http://aido.bsvgateway.org/api/locations/260361556/",9.92997731092851,8.89004438826948,9.92997731092851,"Lassa Fever"
"19904816.35",1970-01-27,1970-01-26,0,19904816,"79","19904816","P1D","http://aido.bsvgateway.org/api/locations/19904816/","Jos","Jos, Plateau, Nigeria","City","http://aido.bsvgateway.org/api/locations/260361556/",8.89004438826948,8.89004438826948,9.92997731092851,"Lassa Fever"
"19904816.36",1970-01-28,1970-01-27,0,19904816,"79","19904816","P1D","http://aido.bsvgateway.org/api/locations/19904816/","Jos","Jos, Plateau, Nigeria","City","http://aido.bsvgateway.org/api/locations/260361556/",9.92997731092851,8.89004438826948,9.92997731092851,"Lassa Fever"
"19904816.37",1970-01-29,1970-01-28,0,19904816,"79","19904816","P1D","http://aido.bsvgateway.org/api/locations/19904816/","Jos","Jos, Plateau, Nigeria","City","http://aido.bsvgateway.org/api/locations/260361556/",8.89004438826948,8.89004438826948,9.92997731092851,"Lassa Fever"
"19904816.38",1970-01-30,1970-01-29,0,19904816,"79","19904816","P1D","http://aido.bsvgateway.org/api/locations/19904816/","Jos","Jos, Plateau, Nigeria","City","http://aido.bsvgateway.org/api/locations/260361556/",9.92997731092851,8.89004438826948,9.92997731092851,"Lassa Fever"
"19904816.39",1970-01-31,1970-01-30,0,19904816,"79","19904816","P1D","http://aido.bsvgateway.org/api/locations/19904816/","Jos","Jos, Plateau, Nigeria","City","http://aido.bsvgateway.org/api/locations/260361556/",8.89004438826948,8.89004438826948,9.92997731092851,"Lassa Fever"
"19904816.40",1970-02-01,1970-01-31,0,19904816,"79","19904816","P1D","http://aido.bsvgateway.org/api/locations/19904816/","Jos","Jos, Plateau, Nigeria","City","http://aido.bsvgateway.org/api/locations/260361556/",9.92997731092851,8.89004438826948,9.92997731092851,"Lassa Fever"
"19904816.41",1970-02-02,1970-02-01,0,19904816,"79","19904816","P1D","http://aido.bsvgateway.org/api/locations/19904816/","Jos","Jos, Plateau, Nigeria","City","http://aido.bsvgateway.org/api/locations/260361556/",8.89004438826948,8.89004438826948,9.92997731092851,"Lassa Fever"
"19904816.42",1970-02-03,1970-02-02,1,19904816,"79","19904816","P1D","http://aido.bsvgateway.org/api/locations/19904816/","Jos","Jos, Plateau, Nigeria","City","http://aido.bsvgateway.org/api/locations/260361556/",9.92997731092851,8.89004438826948,9.92997731092851,"Lassa Fever"
"19904816.43",1970-02-04,1970-02-03,0,19904816,"79","19904816","P1D","http://aido.bsvgateway.org/api/locations/19904816/","Jos","Jos, Plateau, Nigeria","City","http://aido.bsvgateway.org/api/locations/260361556/",8.89004438826948,8.89004438826948,9.92997731092851,"Lassa Fever"
"19904816.44",1970-02-05,1970-02-04,2,19904816,"79","19904816","P1D","http://aido.bsvgateway.org/api/locations/19904816/","Jos","Jos, Plateau, Nigeria","City","http://aido.bsvgateway.org/api/locations/260361556/",9.92997731092851,8.89004438826948,9.92997731092851,"Lassa Fever"
"19904816.45",1970-02-06,1970-02-05,1,19904816,"79","19904816","P1D","http://aido.bsvgateway.org/api/locations/19904816/","Jos","Jos, Plateau, Nigeria","City","http://aido.bsvgateway.org/api/locations/260361556/",8.89004438826948,8.89004438826948,9.92997731092851,"Lassa Fever"
"19904816.46",1970-02-07,1970-02-06,0,19904816,"79","19904816","P1D","http://aido.bsvgateway.org/api/locations/19904816/","Jos","Jos, Plateau, Nigeria","City","http://aido.bsvgateway.org/api/locations/260361556/",9.92997731092851,8.89004438826948,9.92997731092851,"Lassa Fever"
"19904816.47",1970-02-08,1970-02-07,1,19904816,"79","19904816","P1D","http://aido.bsvgateway.org/api/locations/19904816/","Jos","Jos, Plateau, Nigeria","City","http://aido.bsvgateway.org/api/locations/260361556/",8.89004438826948,8.89004438826948,9.92997731092851,"Lassa Fever"
