"","end","start","value","id","disease","location","duration","url","name","full_name","admin_level_name","parent","centroid_lat_long","longitude","latitude","disease_name"
"178527680.85",2011-02-01,2011-01-01,25,178527680,"31","178527680","P1M","http://aido.bsvgateway.org/api/locations/178527680/","Sri Lanka","Sri Lanka","Country","http://aido.bsvgateway.org/api/locations/20359812/",7.61591460668493,80.7031628582048,7.61591460668493,"Leptospirosis"
"178527680.86",2011-03-01,2011-02-01,49,178527680,"31","178527680","P1M","http://aido.bsvgateway.org/api/locations/178527680/","Sri Lanka","Sri Lanka","Country","http://aido.bsvgateway.org/api/locations/20359812/",80.7031628582048,80.7031628582048,7.61591460668493,"Leptospirosis"
"178527680.87",2011-04-01,2011-03-01,97,178527680,"31","178527680","P1M","http://aido.bsvgateway.org/api/locations/178527680/","Sri Lanka","Sri Lanka","Country","http://aido.bsvgateway.org/api/locations/20359812/",7.61591460668493,80.7031628582048,7.61591460668493,"Leptospirosis"
"178527680.88",2011-05-01,2011-04-01,18,178527680,"31","178527680","P1M","http://aido.bsvgateway.org/api/locations/178527680/","Sri Lanka","Sri Lanka","Country","http://aido.bsvgateway.org/api/locations/20359812/",80.7031628582048,80.7031628582048,7.61591460668493,"Leptospirosis"
"178527680.89",2011-06-01,2011-05-01,33,178527680,"31","178527680","P1M","http://aido.bsvgateway.org/api/locations/178527680/","Sri Lanka","Sri Lanka","Country","http://aido.bsvgateway.org/api/locations/20359812/",7.61591460668493,80.7031628582048,7.61591460668493,"Leptospirosis"
"178527680.90",2011-07-01,2011-06-01,11,178527680,"31","178527680","P1M","http://aido.bsvgateway.org/api/locations/178527680/","Sri Lanka","Sri Lanka","Country","http://aido.bsvgateway.org/api/locations/20359812/",80.7031628582048,80.7031628582048,7.61591460668493,"Leptospirosis"
"178527680.91",2011-08-01,2011-07-01,4,178527680,"31","178527680","P1M","http://aido.bsvgateway.org/api/locations/178527680/","Sri Lanka","Sri Lanka","Country","http://aido.bsvgateway.org/api/locations/20359812/",7.61591460668493,80.7031628582048,7.61591460668493,"Leptospirosis"
"178527680.92",2011-09-01,2011-08-01,2,178527680,"31","178527680","P1M","http://aido.bsvgateway.org/api/locations/178527680/","Sri Lanka","Sri Lanka","Country","http://aido.bsvgateway.org/api/locations/20359812/",80.7031628582048,80.7031628582048,7.61591460668493,"Leptospirosis"
"178527680.93",2011-10-01,2011-09-01,0,178527680,"31","178527680","P1M","http://aido.bsvgateway.org/api/locations/178527680/","Sri Lanka","Sri Lanka","Country","http://aido.bsvgateway.org/api/locations/20359812/",7.61591460668493,80.7031628582048,7.61591460668493,"Leptospirosis"
"178527680.94",2011-11-01,2011-10-01,2,178527680,"31","178527680","P1M","http://aido.bsvgateway.org/api/locations/178527680/","Sri Lanka","Sri Lanka","Country","http://aido.bsvgateway.org/api/locations/20359812/",80.7031628582048,80.7031628582048,7.61591460668493,"Leptospirosis"
"178527680.95",2011-12-01,2011-11-01,4,178527680,"31","178527680","P1M","http://aido.bsvgateway.org/api/locations/178527680/","Sri Lanka","Sri Lanka","Country","http://aido.bsvgateway.org/api/locations/20359812/",7.61591460668493,80.7031628582048,7.61591460668493,"Leptospirosis"
"178527680.96",2012-01-01,2011-12-01,20,178527680,"31","178527680","P1M","http://aido.bsvgateway.org/api/locations/178527680/","Sri Lanka","Sri Lanka","Country","http://aido.bsvgateway.org/api/locations/20359812/",80.7031628582048,80.7031628582048,7.61591460668493,"Leptospirosis"
