"","end","start","value","id","disease","location","duration","url","name","full_name","admin_level_name","parent","centroid_lat_long","longitude","latitude","disease_name"
"143189935.987",2010-11-07,2010-10-31,4,143189935,"26","143189935","P7D","http://aido.bsvgateway.org/api/locations/143189935/","La Altagracia","La Altagracia, Dominican Republic","State","http://aido.bsvgateway.org/api/locations/110671286/",18.5671874583947,-68.6608417632388,18.5671874583947,"Cholera"
"143189935.988",2010-11-14,2010-11-07,4,143189935,"26","143189935","P7D","http://aido.bsvgateway.org/api/locations/143189935/","La Altagracia","La Altagracia, Dominican Republic","State","http://aido.bsvgateway.org/api/locations/110671286/",-68.6608417632388,-68.6608417632388,18.5671874583947,"Cholera"
"143189935.989",2010-11-21,2010-11-14,30,143189935,"26","143189935","P7D","http://aido.bsvgateway.org/api/locations/143189935/","La Altagracia","La Altagracia, Dominican Republic","State","http://aido.bsvgateway.org/api/locations/110671286/",18.5671874583947,-68.6608417632388,18.5671874583947,"Cholera"
"143189935.990",2010-11-28,2010-11-21,70,143189935,"26","143189935","P7D","http://aido.bsvgateway.org/api/locations/143189935/","La Altagracia","La Altagracia, Dominican Republic","State","http://aido.bsvgateway.org/api/locations/110671286/",-68.6608417632388,-68.6608417632388,18.5671874583947,"Cholera"
"143189935.991",2010-12-05,2010-11-28,95,143189935,"26","143189935","P7D","http://aido.bsvgateway.org/api/locations/143189935/","La Altagracia","La Altagracia, Dominican Republic","State","http://aido.bsvgateway.org/api/locations/110671286/",18.5671874583947,-68.6608417632388,18.5671874583947,"Cholera"
"143189935.992",2010-12-12,2010-12-05,105,143189935,"26","143189935","P7D","http://aido.bsvgateway.org/api/locations/143189935/","La Altagracia","La Altagracia, Dominican Republic","State","http://aido.bsvgateway.org/api/locations/110671286/",-68.6608417632388,-68.6608417632388,18.5671874583947,"Cholera"
"143189935.993",2010-12-19,2010-12-12,125,143189935,"26","143189935","P7D","http://aido.bsvgateway.org/api/locations/143189935/","La Altagracia","La Altagracia, Dominican Republic","State","http://aido.bsvgateway.org/api/locations/110671286/",18.5671874583947,-68.6608417632388,18.5671874583947,"Cholera"
"143189935.994",2010-12-26,2010-12-19,150,143189935,"26","143189935","P7D","http://aido.bsvgateway.org/api/locations/143189935/","La Altagracia","La Altagracia, Dominican Republic","State","http://aido.bsvgateway.org/api/locations/110671286/",-68.6608417632388,-68.6608417632388,18.5671874583947,"Cholera"
"143189935.995",2011-01-02,2010-12-26,140,143189935,"26","143189935","P7D","http://aido.bsvgateway.org/api/locations/143189935/","La Altagracia","La Altagracia, Dominican Republic","State","http://aido.bsvgateway.org/api/locations/110671286/",18.5671874583947,-68.6608417632388,18.5671874583947,"Cholera"
"143189935.996",2011-01-09,2011-01-02,110,143189935,"26","143189935","P7D","http://aido.bsvgateway.org/api/locations/143189935/","La Altagracia","La Altagracia, Dominican Republic","State","http://aido.bsvgateway.org/api/locations/110671286/",-68.6608417632388,-68.6608417632388,18.5671874583947,"Cholera"
"143189935.997",2011-01-16,2011-01-09,130,143189935,"26","143189935","P7D","http://aido.bsvgateway.org/api/locations/143189935/","La Altagracia","La Altagracia, Dominican Republic","State","http://aido.bsvgateway.org/api/locations/110671286/",18.5671874583947,-68.6608417632388,18.5671874583947,"Cholera"
"143189935.998",2011-01-23,2011-01-16,120,143189935,"26","143189935","P7D","http://aido.bsvgateway.org/api/locations/143189935/","La Altagracia","La Altagracia, Dominican Republic","State","http://aido.bsvgateway.org/api/locations/110671286/",-68.6608417632388,-68.6608417632388,18.5671874583947,"Cholera"
"143189935.999",2011-01-30,2011-01-23,201,143189935,"26","143189935","P7D","http://aido.bsvgateway.org/api/locations/143189935/","La Altagracia","La Altagracia, Dominican Republic","State","http://aido.bsvgateway.org/api/locations/110671286/",18.5671874583947,-68.6608417632388,18.5671874583947,"Cholera"
"143189935.1000",2011-02-06,2011-01-30,161,143189935,"26","143189935","P7D","http://aido.bsvgateway.org/api/locations/143189935/","La Altagracia","La Altagracia, Dominican Republic","State","http://aido.bsvgateway.org/api/locations/110671286/",-68.6608417632388,-68.6608417632388,18.5671874583947,"Cholera"
"143189935.1001",2011-02-13,2011-02-06,130,143189935,"26","143189935","P7D","http://aido.bsvgateway.org/api/locations/143189935/","La Altagracia","La Altagracia, Dominican Republic","State","http://aido.bsvgateway.org/api/locations/110671286/",18.5671874583947,-68.6608417632388,18.5671874583947,"Cholera"
"143189935.1002",2011-02-20,2011-02-13,120,143189935,"26","143189935","P7D","http://aido.bsvgateway.org/api/locations/143189935/","La Altagracia","La Altagracia, Dominican Republic","State","http://aido.bsvgateway.org/api/locations/110671286/",-68.6608417632388,-68.6608417632388,18.5671874583947,"Cholera"
"143189935.1003",2011-02-27,2011-02-20,201,143189935,"26","143189935","P7D","http://aido.bsvgateway.org/api/locations/143189935/","La Altagracia","La Altagracia, Dominican Republic","State","http://aido.bsvgateway.org/api/locations/110671286/",18.5671874583947,-68.6608417632388,18.5671874583947,"Cholera"
"143189935.1004",2011-03-06,2011-02-27,161,143189935,"26","143189935","P7D","http://aido.bsvgateway.org/api/locations/143189935/","La Altagracia","La Altagracia, Dominican Republic","State","http://aido.bsvgateway.org/api/locations/110671286/",-68.6608417632388,-68.6608417632388,18.5671874583947,"Cholera"
"143189935.1005",2011-03-13,2011-03-06,130,143189935,"26","143189935","P7D","http://aido.bsvgateway.org/api/locations/143189935/","La Altagracia","La Altagracia, Dominican Republic","State","http://aido.bsvgateway.org/api/locations/110671286/",18.5671874583947,-68.6608417632388,18.5671874583947,"Cholera"
"143189935.1006",2011-03-20,2011-03-13,171,143189935,"26","143189935","P7D","http://aido.bsvgateway.org/api/locations/143189935/","La Altagracia","La Altagracia, Dominican Republic","State","http://aido.bsvgateway.org/api/locations/110671286/",-68.6608417632388,-68.6608417632388,18.5671874583947,"Cholera"
"143189935.1007",2011-03-27,2011-03-20,151,143189935,"26","143189935","P7D","http://aido.bsvgateway.org/api/locations/143189935/","La Altagracia","La Altagracia, Dominican Republic","State","http://aido.bsvgateway.org/api/locations/110671286/",18.5671874583947,-68.6608417632388,18.5671874583947,"Cholera"
"143189935.1008",2011-04-03,2011-03-27,141,143189935,"26","143189935","P7D","http://aido.bsvgateway.org/api/locations/143189935/","La Altagracia","La Altagracia, Dominican Republic","State","http://aido.bsvgateway.org/api/locations/110671286/",-68.6608417632388,-68.6608417632388,18.5671874583947,"Cholera"
"143189935.1009",2011-04-10,2011-04-03,151,143189935,"26","143189935","P7D","http://aido.bsvgateway.org/api/locations/143189935/","La Altagracia","La Altagracia, Dominican Republic","State","http://aido.bsvgateway.org/api/locations/110671286/",18.5671874583947,-68.6608417632388,18.5671874583947,"Cholera"
"143189935.1010",2011-04-17,2011-04-10,171,143189935,"26","143189935","P7D","http://aido.bsvgateway.org/api/locations/143189935/","La Altagracia","La Altagracia, Dominican Republic","State","http://aido.bsvgateway.org/api/locations/110671286/",-68.6608417632388,-68.6608417632388,18.5671874583947,"Cholera"
"143189935.1011",2011-04-24,2011-04-17,126,143189935,"26","143189935","P7D","http://aido.bsvgateway.org/api/locations/143189935/","La Altagracia","La Altagracia, Dominican Republic","State","http://aido.bsvgateway.org/api/locations/110671286/",18.5671874583947,-68.6608417632388,18.5671874583947,"Cholera"
"143189935.1012",2011-05-01,2011-04-24,85,143189935,"26","143189935","P7D","http://aido.bsvgateway.org/api/locations/143189935/","La Altagracia","La Altagracia, Dominican Republic","State","http://aido.bsvgateway.org/api/locations/110671286/",-68.6608417632388,-68.6608417632388,18.5671874583947,"Cholera"
"143189935.1013",2011-05-08,2011-05-01,116,143189935,"26","143189935","P7D","http://aido.bsvgateway.org/api/locations/143189935/","La Altagracia","La Altagracia, Dominican Republic","State","http://aido.bsvgateway.org/api/locations/110671286/",18.5671874583947,-68.6608417632388,18.5671874583947,"Cholera"
"143189935.1014",2011-05-15,2011-05-08,75,143189935,"26","143189935","P7D","http://aido.bsvgateway.org/api/locations/143189935/","La Altagracia","La Altagracia, Dominican Republic","State","http://aido.bsvgateway.org/api/locations/110671286/",-68.6608417632388,-68.6608417632388,18.5671874583947,"Cholera"
"143189935.1015",2011-05-22,2011-05-15,80,143189935,"26","143189935","P7D","http://aido.bsvgateway.org/api/locations/143189935/","La Altagracia","La Altagracia, Dominican Republic","State","http://aido.bsvgateway.org/api/locations/110671286/",18.5671874583947,-68.6608417632388,18.5671874583947,"Cholera"
"143189935.1016",2011-05-29,2011-05-22,121,143189935,"26","143189935","P7D","http://aido.bsvgateway.org/api/locations/143189935/","La Altagracia","La Altagracia, Dominican Republic","State","http://aido.bsvgateway.org/api/locations/110671286/",-68.6608417632388,-68.6608417632388,18.5671874583947,"Cholera"
"143189935.1017",2011-06-05,2011-05-29,171,143189935,"26","143189935","P7D","http://aido.bsvgateway.org/api/locations/143189935/","La Altagracia","La Altagracia, Dominican Republic","State","http://aido.bsvgateway.org/api/locations/110671286/",18.5671874583947,-68.6608417632388,18.5671874583947,"Cholera"
"143189935.1018",2011-06-12,2011-06-05,216,143189935,"26","143189935","P7D","http://aido.bsvgateway.org/api/locations/143189935/","La Altagracia","La Altagracia, Dominican Republic","State","http://aido.bsvgateway.org/api/locations/110671286/",-68.6608417632388,-68.6608417632388,18.5671874583947,"Cholera"
"143189935.1019",2011-06-19,2011-06-12,387,143189935,"26","143189935","P7D","http://aido.bsvgateway.org/api/locations/143189935/","La Altagracia","La Altagracia, Dominican Republic","State","http://aido.bsvgateway.org/api/locations/110671286/",18.5671874583947,-68.6608417632388,18.5671874583947,"Cholera"
"143189935.1020",2011-06-26,2011-06-19,578,143189935,"26","143189935","P7D","http://aido.bsvgateway.org/api/locations/143189935/","La Altagracia","La Altagracia, Dominican Republic","State","http://aido.bsvgateway.org/api/locations/110671286/",-68.6608417632388,-68.6608417632388,18.5671874583947,"Cholera"
"143189935.1021",2011-07-03,2011-06-26,996,143189935,"26","143189935","P7D","http://aido.bsvgateway.org/api/locations/143189935/","La Altagracia","La Altagracia, Dominican Republic","State","http://aido.bsvgateway.org/api/locations/110671286/",18.5671874583947,-68.6608417632388,18.5671874583947,"Cholera"
"143189935.1022",2011-07-10,2011-07-03,1800,143189935,"26","143189935","P7D","http://aido.bsvgateway.org/api/locations/143189935/","La Altagracia","La Altagracia, Dominican Republic","State","http://aido.bsvgateway.org/api/locations/110671286/",-68.6608417632388,-68.6608417632388,18.5671874583947,"Cholera"
"143189935.1023",2011-07-17,2011-07-10,1901,143189935,"26","143189935","P7D","http://aido.bsvgateway.org/api/locations/143189935/","La Altagracia","La Altagracia, Dominican Republic","State","http://aido.bsvgateway.org/api/locations/110671286/",18.5671874583947,-68.6608417632388,18.5671874583947,"Cholera"
"143189935.1024",2011-07-24,2011-07-17,1121,143189935,"26","143189935","P7D","http://aido.bsvgateway.org/api/locations/143189935/","La Altagracia","La Altagracia, Dominican Republic","State","http://aido.bsvgateway.org/api/locations/110671286/",-68.6608417632388,-68.6608417632388,18.5671874583947,"Cholera"
"143189935.1025",2011-07-31,2011-07-24,1272,143189935,"26","143189935","P7D","http://aido.bsvgateway.org/api/locations/143189935/","La Altagracia","La Altagracia, Dominican Republic","State","http://aido.bsvgateway.org/api/locations/110671286/",18.5671874583947,-68.6608417632388,18.5671874583947,"Cholera"
"143189935.1026",2011-08-07,2011-07-31,966,143189935,"26","143189935","P7D","http://aido.bsvgateway.org/api/locations/143189935/","La Altagracia","La Altagracia, Dominican Republic","State","http://aido.bsvgateway.org/api/locations/110671286/",-68.6608417632388,-68.6608417632388,18.5671874583947,"Cholera"
"143189935.1027",2011-08-14,2011-08-07,795,143189935,"26","143189935","P7D","http://aido.bsvgateway.org/api/locations/143189935/","La Altagracia","La Altagracia, Dominican Republic","State","http://aido.bsvgateway.org/api/locations/110671286/",18.5671874583947,-68.6608417632388,18.5671874583947,"Cholera"
"143189935.1028",2011-08-21,2011-08-14,785,143189935,"26","143189935","P7D","http://aido.bsvgateway.org/api/locations/143189935/","La Altagracia","La Altagracia, Dominican Republic","State","http://aido.bsvgateway.org/api/locations/110671286/",-68.6608417632388,-68.6608417632388,18.5671874583947,"Cholera"
"143189935.1029",2011-08-28,2011-08-21,674,143189935,"26","143189935","P7D","http://aido.bsvgateway.org/api/locations/143189935/","La Altagracia","La Altagracia, Dominican Republic","State","http://aido.bsvgateway.org/api/locations/110671286/",18.5671874583947,-68.6608417632388,18.5671874583947,"Cholera"
"143189935.1030",2011-09-04,2011-08-28,604,143189935,"26","143189935","P7D","http://aido.bsvgateway.org/api/locations/143189935/","La Altagracia","La Altagracia, Dominican Republic","State","http://aido.bsvgateway.org/api/locations/110671286/",-68.6608417632388,-68.6608417632388,18.5671874583947,"Cholera"
"143189935.1031",2011-09-11,2011-09-04,639,143189935,"26","143189935","P7D","http://aido.bsvgateway.org/api/locations/143189935/","La Altagracia","La Altagracia, Dominican Republic","State","http://aido.bsvgateway.org/api/locations/110671286/",18.5671874583947,-68.6608417632388,18.5671874583947,"Cholera"
"143189935.1032",2011-09-18,2011-09-11,589,143189935,"26","143189935","P7D","http://aido.bsvgateway.org/api/locations/143189935/","La Altagracia","La Altagracia, Dominican Republic","State","http://aido.bsvgateway.org/api/locations/110671286/",-68.6608417632388,-68.6608417632388,18.5671874583947,"Cholera"
"143189935.1033",2011-09-25,2011-09-18,508,143189935,"26","143189935","P7D","http://aido.bsvgateway.org/api/locations/143189935/","La Altagracia","La Altagracia, Dominican Republic","State","http://aido.bsvgateway.org/api/locations/110671286/",18.5671874583947,-68.6608417632388,18.5671874583947,"Cholera"
"143189935.1034",2011-10-02,2011-09-25,488,143189935,"26","143189935","P7D","http://aido.bsvgateway.org/api/locations/143189935/","La Altagracia","La Altagracia, Dominican Republic","State","http://aido.bsvgateway.org/api/locations/110671286/",-68.6608417632388,-68.6608417632388,18.5671874583947,"Cholera"
"143189935.1035",2011-10-09,2011-10-02,327,143189935,"26","143189935","P7D","http://aido.bsvgateway.org/api/locations/143189935/","La Altagracia","La Altagracia, Dominican Republic","State","http://aido.bsvgateway.org/api/locations/110671286/",18.5671874583947,-68.6608417632388,18.5671874583947,"Cholera"
"143189935.1036",2011-10-16,2011-10-09,287,143189935,"26","143189935","P7D","http://aido.bsvgateway.org/api/locations/143189935/","La Altagracia","La Altagracia, Dominican Republic","State","http://aido.bsvgateway.org/api/locations/110671286/",-68.6608417632388,-68.6608417632388,18.5671874583947,"Cholera"
"143189935.1037",2011-10-23,2011-10-16,352,143189935,"26","143189935","P7D","http://aido.bsvgateway.org/api/locations/143189935/","La Altagracia","La Altagracia, Dominican Republic","State","http://aido.bsvgateway.org/api/locations/110671286/",18.5671874583947,-68.6608417632388,18.5671874583947,"Cholera"
"143189935.1038",2011-10-30,2011-10-23,292,143189935,"26","143189935","P7D","http://aido.bsvgateway.org/api/locations/143189935/","La Altagracia","La Altagracia, Dominican Republic","State","http://aido.bsvgateway.org/api/locations/110671286/",-68.6608417632388,-68.6608417632388,18.5671874583947,"Cholera"
"143189935.1039",2011-11-06,2011-10-30,197,143189935,"26","143189935","P7D","http://aido.bsvgateway.org/api/locations/143189935/","La Altagracia","La Altagracia, Dominican Republic","State","http://aido.bsvgateway.org/api/locations/110671286/",18.5671874583947,-68.6608417632388,18.5671874583947,"Cholera"
"143189935.1040",2011-11-13,2011-11-06,232,143189935,"26","143189935","P7D","http://aido.bsvgateway.org/api/locations/143189935/","La Altagracia","La Altagracia, Dominican Republic","State","http://aido.bsvgateway.org/api/locations/110671286/",-68.6608417632388,-68.6608417632388,18.5671874583947,"Cholera"
"143189935.1041",2011-11-20,2011-11-13,232,143189935,"26","143189935","P7D","http://aido.bsvgateway.org/api/locations/143189935/","La Altagracia","La Altagracia, Dominican Republic","State","http://aido.bsvgateway.org/api/locations/110671286/",18.5671874583947,-68.6608417632388,18.5671874583947,"Cholera"
"143189935.1042",2011-11-27,2011-11-20,207,143189935,"26","143189935","P7D","http://aido.bsvgateway.org/api/locations/143189935/","La Altagracia","La Altagracia, Dominican Republic","State","http://aido.bsvgateway.org/api/locations/110671286/",-68.6608417632388,-68.6608417632388,18.5671874583947,"Cholera"
"143189935.1043",2011-12-04,2011-11-27,187,143189935,"26","143189935","P7D","http://aido.bsvgateway.org/api/locations/143189935/","La Altagracia","La Altagracia, Dominican Republic","State","http://aido.bsvgateway.org/api/locations/110671286/",18.5671874583947,-68.6608417632388,18.5671874583947,"Cholera"
"143189935.1044",2011-12-11,2011-12-04,227,143189935,"26","143189935","P7D","http://aido.bsvgateway.org/api/locations/143189935/","La Altagracia","La Altagracia, Dominican Republic","State","http://aido.bsvgateway.org/api/locations/110671286/",-68.6608417632388,-68.6608417632388,18.5671874583947,"Cholera"
"143189935.1045",2011-12-18,2011-12-11,187,143189935,"26","143189935","P7D","http://aido.bsvgateway.org/api/locations/143189935/","La Altagracia","La Altagracia, Dominican Republic","State","http://aido.bsvgateway.org/api/locations/110671286/",18.5671874583947,-68.6608417632388,18.5671874583947,"Cholera"
"143189935.1046",2011-12-25,2011-12-18,162,143189935,"26","143189935","P7D","http://aido.bsvgateway.org/api/locations/143189935/","La Altagracia","La Altagracia, Dominican Republic","State","http://aido.bsvgateway.org/api/locations/110671286/",-68.6608417632388,-68.6608417632388,18.5671874583947,"Cholera"
"143189935.1047",2012-01-01,2011-12-25,141,143189935,"26","143189935","P7D","http://aido.bsvgateway.org/api/locations/143189935/","La Altagracia","La Altagracia, Dominican Republic","State","http://aido.bsvgateway.org/api/locations/110671286/",18.5671874583947,-68.6608417632388,18.5671874583947,"Cholera"
"143189935.1048",2012-01-08,2012-01-01,348,143189935,"26","143189935","P7D","http://aido.bsvgateway.org/api/locations/143189935/","La Altagracia","La Altagracia, Dominican Republic","State","http://aido.bsvgateway.org/api/locations/110671286/",-68.6608417632388,-68.6608417632388,18.5671874583947,"Cholera"
"143189935.1049",2012-01-15,2012-01-08,227,143189935,"26","143189935","P7D","http://aido.bsvgateway.org/api/locations/143189935/","La Altagracia","La Altagracia, Dominican Republic","State","http://aido.bsvgateway.org/api/locations/110671286/",18.5671874583947,-68.6608417632388,18.5671874583947,"Cholera"
"143189935.1050",2012-01-22,2012-01-15,137,143189935,"26","143189935","P7D","http://aido.bsvgateway.org/api/locations/143189935/","La Altagracia","La Altagracia, Dominican Republic","State","http://aido.bsvgateway.org/api/locations/110671286/",-68.6608417632388,-68.6608417632388,18.5671874583947,"Cholera"
"143189935.1051",2012-01-29,2012-01-22,106,143189935,"26","143189935","P7D","http://aido.bsvgateway.org/api/locations/143189935/","La Altagracia","La Altagracia, Dominican Republic","State","http://aido.bsvgateway.org/api/locations/110671286/",18.5671874583947,-68.6608417632388,18.5671874583947,"Cholera"
"143189935.1052",2012-02-05,2012-01-29,101,143189935,"26","143189935","P7D","http://aido.bsvgateway.org/api/locations/143189935/","La Altagracia","La Altagracia, Dominican Republic","State","http://aido.bsvgateway.org/api/locations/110671286/",-68.6608417632388,-68.6608417632388,18.5671874583947,"Cholera"
"143189935.1053",2012-02-12,2012-02-05,106,143189935,"26","143189935","P7D","http://aido.bsvgateway.org/api/locations/143189935/","La Altagracia","La Altagracia, Dominican Republic","State","http://aido.bsvgateway.org/api/locations/110671286/",18.5671874583947,-68.6608417632388,18.5671874583947,"Cholera"
"143189935.1054",2012-02-19,2012-02-12,71,143189935,"26","143189935","P7D","http://aido.bsvgateway.org/api/locations/143189935/","La Altagracia","La Altagracia, Dominican Republic","State","http://aido.bsvgateway.org/api/locations/110671286/",-68.6608417632388,-68.6608417632388,18.5671874583947,"Cholera"
"143189935.1055",2012-02-26,2012-02-19,71,143189935,"26","143189935","P7D","http://aido.bsvgateway.org/api/locations/143189935/","La Altagracia","La Altagracia, Dominican Republic","State","http://aido.bsvgateway.org/api/locations/110671286/",18.5671874583947,-68.6608417632388,18.5671874583947,"Cholera"
"143189935.1056",2012-03-04,2012-02-26,51,143189935,"26","143189935","P7D","http://aido.bsvgateway.org/api/locations/143189935/","La Altagracia","La Altagracia, Dominican Republic","State","http://aido.bsvgateway.org/api/locations/110671286/",-68.6608417632388,-68.6608417632388,18.5671874583947,"Cholera"
"143189935.1057",2012-03-11,2012-03-04,101,143189935,"26","143189935","P7D","http://aido.bsvgateway.org/api/locations/143189935/","La Altagracia","La Altagracia, Dominican Republic","State","http://aido.bsvgateway.org/api/locations/110671286/",18.5671874583947,-68.6608417632388,18.5671874583947,"Cholera"
"143189935.1058",2012-03-18,2012-03-11,71,143189935,"26","143189935","P7D","http://aido.bsvgateway.org/api/locations/143189935/","La Altagracia","La Altagracia, Dominican Republic","State","http://aido.bsvgateway.org/api/locations/110671286/",-68.6608417632388,-68.6608417632388,18.5671874583947,"Cholera"
"143189935.1059",2012-03-25,2012-03-18,36,143189935,"26","143189935","P7D","http://aido.bsvgateway.org/api/locations/143189935/","La Altagracia","La Altagracia, Dominican Republic","State","http://aido.bsvgateway.org/api/locations/110671286/",18.5671874583947,-68.6608417632388,18.5671874583947,"Cholera"
"143189935.1060",2012-04-01,2012-03-25,51,143189935,"26","143189935","P7D","http://aido.bsvgateway.org/api/locations/143189935/","La Altagracia","La Altagracia, Dominican Republic","State","http://aido.bsvgateway.org/api/locations/110671286/",-68.6608417632388,-68.6608417632388,18.5671874583947,"Cholera"
"143189935.1061",2012-04-08,2012-04-01,26,143189935,"26","143189935","P7D","http://aido.bsvgateway.org/api/locations/143189935/","La Altagracia","La Altagracia, Dominican Republic","State","http://aido.bsvgateway.org/api/locations/110671286/",18.5671874583947,-68.6608417632388,18.5671874583947,"Cholera"
"143189935.1062",2012-04-15,2012-04-08,31,143189935,"26","143189935","P7D","http://aido.bsvgateway.org/api/locations/143189935/","La Altagracia","La Altagracia, Dominican Republic","State","http://aido.bsvgateway.org/api/locations/110671286/",-68.6608417632388,-68.6608417632388,18.5671874583947,"Cholera"
"143189935.1063",2012-04-22,2012-04-15,36,143189935,"26","143189935","P7D","http://aido.bsvgateway.org/api/locations/143189935/","La Altagracia","La Altagracia, Dominican Republic","State","http://aido.bsvgateway.org/api/locations/110671286/",18.5671874583947,-68.6608417632388,18.5671874583947,"Cholera"
"143189935.1064",2012-04-29,2012-04-22,36,143189935,"26","143189935","P7D","http://aido.bsvgateway.org/api/locations/143189935/","La Altagracia","La Altagracia, Dominican Republic","State","http://aido.bsvgateway.org/api/locations/110671286/",-68.6608417632388,-68.6608417632388,18.5671874583947,"Cholera"
"143189935.1065",2012-05-06,2012-04-29,31,143189935,"26","143189935","P7D","http://aido.bsvgateway.org/api/locations/143189935/","La Altagracia","La Altagracia, Dominican Republic","State","http://aido.bsvgateway.org/api/locations/110671286/",18.5671874583947,-68.6608417632388,18.5671874583947,"Cholera"
"143189935.1066",2012-05-13,2012-05-06,222,143189935,"26","143189935","P7D","http://aido.bsvgateway.org/api/locations/143189935/","La Altagracia","La Altagracia, Dominican Republic","State","http://aido.bsvgateway.org/api/locations/110671286/",-68.6608417632388,-68.6608417632388,18.5671874583947,"Cholera"
"143189935.1067",2012-05-20,2012-05-13,645,143189935,"26","143189935","P7D","http://aido.bsvgateway.org/api/locations/143189935/","La Altagracia","La Altagracia, Dominican Republic","State","http://aido.bsvgateway.org/api/locations/110671286/",18.5671874583947,-68.6608417632388,18.5671874583947,"Cholera"
"143189935.1068",2012-05-27,2012-05-20,207,143189935,"26","143189935","P7D","http://aido.bsvgateway.org/api/locations/143189935/","La Altagracia","La Altagracia, Dominican Republic","State","http://aido.bsvgateway.org/api/locations/110671286/",-68.6608417632388,-68.6608417632388,18.5671874583947,"Cholera"
"143189935.1069",2012-06-03,2012-05-27,162,143189935,"26","143189935","P7D","http://aido.bsvgateway.org/api/locations/143189935/","La Altagracia","La Altagracia, Dominican Republic","State","http://aido.bsvgateway.org/api/locations/110671286/",18.5671874583947,-68.6608417632388,18.5671874583947,"Cholera"
"143189935.1070",2012-06-10,2012-06-03,167,143189935,"26","143189935","P7D","http://aido.bsvgateway.org/api/locations/143189935/","La Altagracia","La Altagracia, Dominican Republic","State","http://aido.bsvgateway.org/api/locations/110671286/",-68.6608417632388,-68.6608417632388,18.5671874583947,"Cholera"
"143189935.1071",2012-06-17,2012-06-10,353,143189935,"26","143189935","P7D","http://aido.bsvgateway.org/api/locations/143189935/","La Altagracia","La Altagracia, Dominican Republic","State","http://aido.bsvgateway.org/api/locations/110671286/",18.5671874583947,-68.6608417632388,18.5671874583947,"Cholera"
"143189935.1072",2012-06-24,2012-06-17,444,143189935,"26","143189935","P7D","http://aido.bsvgateway.org/api/locations/143189935/","La Altagracia","La Altagracia, Dominican Republic","State","http://aido.bsvgateway.org/api/locations/110671286/",-68.6608417632388,-68.6608417632388,18.5671874583947,"Cholera"
"143189935.1073",2012-07-01,2012-06-24,268,143189935,"26","143189935","P7D","http://aido.bsvgateway.org/api/locations/143189935/","La Altagracia","La Altagracia, Dominican Republic","State","http://aido.bsvgateway.org/api/locations/110671286/",18.5671874583947,-68.6608417632388,18.5671874583947,"Cholera"
"143189935.1074",2012-07-08,2012-07-01,318,143189935,"26","143189935","P7D","http://aido.bsvgateway.org/api/locations/143189935/","La Altagracia","La Altagracia, Dominican Republic","State","http://aido.bsvgateway.org/api/locations/110671286/",-68.6608417632388,-68.6608417632388,18.5671874583947,"Cholera"
"143189935.1075",2012-07-15,2012-07-08,223,143189935,"26","143189935","P7D","http://aido.bsvgateway.org/api/locations/143189935/","La Altagracia","La Altagracia, Dominican Republic","State","http://aido.bsvgateway.org/api/locations/110671286/",18.5671874583947,-68.6608417632388,18.5671874583947,"Cholera"
"143189935.1076",2012-07-22,2012-07-15,162,143189935,"26","143189935","P7D","http://aido.bsvgateway.org/api/locations/143189935/","La Altagracia","La Altagracia, Dominican Republic","State","http://aido.bsvgateway.org/api/locations/110671286/",-68.6608417632388,-68.6608417632388,18.5671874583947,"Cholera"
"143189935.1077",2012-07-29,2012-07-22,77,143189935,"26","143189935","P7D","http://aido.bsvgateway.org/api/locations/143189935/","La Altagracia","La Altagracia, Dominican Republic","State","http://aido.bsvgateway.org/api/locations/110671286/",18.5671874583947,-68.6608417632388,18.5671874583947,"Cholera"
"143189935.1078",2012-08-05,2012-07-29,47,143189935,"26","143189935","P7D","http://aido.bsvgateway.org/api/locations/143189935/","La Altagracia","La Altagracia, Dominican Republic","State","http://aido.bsvgateway.org/api/locations/110671286/",-68.6608417632388,-68.6608417632388,18.5671874583947,"Cholera"
"143189935.1079",2012-08-12,2012-08-05,122,143189935,"26","143189935","P7D","http://aido.bsvgateway.org/api/locations/143189935/","La Altagracia","La Altagracia, Dominican Republic","State","http://aido.bsvgateway.org/api/locations/110671286/",18.5671874583947,-68.6608417632388,18.5671874583947,"Cholera"
"143189935.1080",2012-08-19,2012-08-12,47,143189935,"26","143189935","P7D","http://aido.bsvgateway.org/api/locations/143189935/","La Altagracia","La Altagracia, Dominican Republic","State","http://aido.bsvgateway.org/api/locations/110671286/",-68.6608417632388,-68.6608417632388,18.5671874583947,"Cholera"
"143189935.1081",2012-08-26,2012-08-19,47,143189935,"26","143189935","P7D","http://aido.bsvgateway.org/api/locations/143189935/","La Altagracia","La Altagracia, Dominican Republic","State","http://aido.bsvgateway.org/api/locations/110671286/",18.5671874583947,-68.6608417632388,18.5671874583947,"Cholera"
"143189935.1082",2012-09-02,2012-08-26,57,143189935,"26","143189935","P7D","http://aido.bsvgateway.org/api/locations/143189935/","La Altagracia","La Altagracia, Dominican Republic","State","http://aido.bsvgateway.org/api/locations/110671286/",-68.6608417632388,-68.6608417632388,18.5671874583947,"Cholera"
"143189935.1083",2012-09-09,2012-09-02,183,143189935,"26","143189935","P7D","http://aido.bsvgateway.org/api/locations/143189935/","La Altagracia","La Altagracia, Dominican Republic","State","http://aido.bsvgateway.org/api/locations/110671286/",18.5671874583947,-68.6608417632388,18.5671874583947,"Cholera"
"143189935.1084",2012-09-16,2012-09-09,419,143189935,"26","143189935","P7D","http://aido.bsvgateway.org/api/locations/143189935/","La Altagracia","La Altagracia, Dominican Republic","State","http://aido.bsvgateway.org/api/locations/110671286/",-68.6608417632388,-68.6608417632388,18.5671874583947,"Cholera"
"143189935.1085",2012-09-23,2012-09-16,253,143189935,"26","143189935","P7D","http://aido.bsvgateway.org/api/locations/143189935/","La Altagracia","La Altagracia, Dominican Republic","State","http://aido.bsvgateway.org/api/locations/110671286/",18.5671874583947,-68.6608417632388,18.5671874583947,"Cholera"
"143189935.1086",2012-09-30,2012-09-23,218,143189935,"26","143189935","P7D","http://aido.bsvgateway.org/api/locations/143189935/","La Altagracia","La Altagracia, Dominican Republic","State","http://aido.bsvgateway.org/api/locations/110671286/",-68.6608417632388,-68.6608417632388,18.5671874583947,"Cholera"
"143189935.1087",2012-10-07,2012-09-30,147,143189935,"26","143189935","P7D","http://aido.bsvgateway.org/api/locations/143189935/","La Altagracia","La Altagracia, Dominican Republic","State","http://aido.bsvgateway.org/api/locations/110671286/",18.5671874583947,-68.6608417632388,18.5671874583947,"Cholera"
"143189935.1088",2012-10-14,2012-10-07,147,143189935,"26","143189935","P7D","http://aido.bsvgateway.org/api/locations/143189935/","La Altagracia","La Altagracia, Dominican Republic","State","http://aido.bsvgateway.org/api/locations/110671286/",-68.6608417632388,-68.6608417632388,18.5671874583947,"Cholera"
"143189935.1089",2012-10-21,2012-10-14,112,143189935,"26","143189935","P7D","http://aido.bsvgateway.org/api/locations/143189935/","La Altagracia","La Altagracia, Dominican Republic","State","http://aido.bsvgateway.org/api/locations/110671286/",18.5671874583947,-68.6608417632388,18.5671874583947,"Cholera"
"143189935.1090",2012-10-28,2012-10-21,52,143189935,"26","143189935","P7D","http://aido.bsvgateway.org/api/locations/143189935/","La Altagracia","La Altagracia, Dominican Republic","State","http://aido.bsvgateway.org/api/locations/110671286/",-68.6608417632388,-68.6608417632388,18.5671874583947,"Cholera"
"143189935.1091",2012-11-04,2012-10-28,37,143189935,"26","143189935","P7D","http://aido.bsvgateway.org/api/locations/143189935/","La Altagracia","La Altagracia, Dominican Republic","State","http://aido.bsvgateway.org/api/locations/110671286/",18.5671874583947,-68.6608417632388,18.5671874583947,"Cholera"
"143189935.1092",2012-11-11,2012-11-04,52,143189935,"26","143189935","P7D","http://aido.bsvgateway.org/api/locations/143189935/","La Altagracia","La Altagracia, Dominican Republic","State","http://aido.bsvgateway.org/api/locations/110671286/",-68.6608417632388,-68.6608417632388,18.5671874583947,"Cholera"
"143189935.1093",2012-11-18,2012-11-11,32,143189935,"26","143189935","P7D","http://aido.bsvgateway.org/api/locations/143189935/","La Altagracia","La Altagracia, Dominican Republic","State","http://aido.bsvgateway.org/api/locations/110671286/",18.5671874583947,-68.6608417632388,18.5671874583947,"Cholera"
"143189935.1094",2012-11-25,2012-11-18,47,143189935,"26","143189935","P7D","http://aido.bsvgateway.org/api/locations/143189935/","La Altagracia","La Altagracia, Dominican Republic","State","http://aido.bsvgateway.org/api/locations/110671286/",-68.6608417632388,-68.6608417632388,18.5671874583947,"Cholera"
"143189935.1095",2012-12-02,2012-11-25,384,143189935,"26","143189935","P7D","http://aido.bsvgateway.org/api/locations/143189935/","La Altagracia","La Altagracia, Dominican Republic","State","http://aido.bsvgateway.org/api/locations/110671286/",18.5671874583947,-68.6608417632388,18.5671874583947,"Cholera"
"143189935.1096",2012-12-09,2012-12-02,384,143189935,"26","143189935","P7D","http://aido.bsvgateway.org/api/locations/143189935/","La Altagracia","La Altagracia, Dominican Republic","State","http://aido.bsvgateway.org/api/locations/110671286/",-68.6608417632388,-68.6608417632388,18.5671874583947,"Cholera"
"143189935.1097",2012-12-16,2012-12-09,178,143189935,"26","143189935","P7D","http://aido.bsvgateway.org/api/locations/143189935/","La Altagracia","La Altagracia, Dominican Republic","State","http://aido.bsvgateway.org/api/locations/110671286/",18.5671874583947,-68.6608417632388,18.5671874583947,"Cholera"
"143189935.1098",2012-12-23,2012-12-16,168,143189935,"26","143189935","P7D","http://aido.bsvgateway.org/api/locations/143189935/","La Altagracia","La Altagracia, Dominican Republic","State","http://aido.bsvgateway.org/api/locations/110671286/",-68.6608417632388,-68.6608417632388,18.5671874583947,"Cholera"
"143189935.1099",2012-12-30,2012-12-23,77,143189935,"26","143189935","P7D","http://aido.bsvgateway.org/api/locations/143189935/","La Altagracia","La Altagracia, Dominican Republic","State","http://aido.bsvgateway.org/api/locations/110671286/",18.5671874583947,-68.6608417632388,18.5671874583947,"Cholera"
"143189935.1100",2013-01-06,2012-12-30,168,143189935,"26","143189935","P7D","http://aido.bsvgateway.org/api/locations/143189935/","La Altagracia","La Altagracia, Dominican Republic","State","http://aido.bsvgateway.org/api/locations/110671286/",-68.6608417632388,-68.6608417632388,18.5671874583947,"Cholera"
