"","end","start","value","id","disease","location","duration","url","name","full_name","admin_level_name","parent","centroid_lat_long","longitude","latitude","disease_name"
"181572885.97",2011-04-11,2011-04-11,0,181572885,"48","181572885","PT6H","http://aido.bsvgateway.org/api/locations/181572885/","France","France","Country","http://aido.bsvgateway.org/api/locations/216709393/",42.1801070051846,-2.75522114869556,42.1801070051846,"Norovirus"
"181572885.98",2011-04-11,2011-04-11,0,181572885,"48","181572885","PT6H","http://aido.bsvgateway.org/api/locations/181572885/","France","France","Country","http://aido.bsvgateway.org/api/locations/216709393/",-2.75522114869557,-2.75522114869556,42.1801070051846,"Norovirus"
"181572885.99",2011-04-11,2011-04-11,0,181572885,"48","181572885","PT6H","http://aido.bsvgateway.org/api/locations/181572885/","France","France","Country","http://aido.bsvgateway.org/api/locations/216709393/",42.1801070051846,-2.75522114869556,42.1801070051846,"Norovirus"
"181572885.100",2011-04-12,2011-04-11,4,181572885,"48","181572885","PT6H","http://aido.bsvgateway.org/api/locations/181572885/","France","France","Country","http://aido.bsvgateway.org/api/locations/216709393/",-2.75522114869557,-2.75522114869556,42.1801070051846,"Norovirus"
"181572885.101",2011-04-12,2011-04-12,3,181572885,"48","181572885","PT6H","http://aido.bsvgateway.org/api/locations/181572885/","France","France","Country","http://aido.bsvgateway.org/api/locations/216709393/",42.1801070051846,-2.75522114869556,42.1801070051846,"Norovirus"
"181572885.102",2011-04-12,2011-04-12,0,181572885,"48","181572885","PT6H","http://aido.bsvgateway.org/api/locations/181572885/","France","France","Country","http://aido.bsvgateway.org/api/locations/216709393/",-2.75522114869557,-2.75522114869556,42.1801070051846,"Norovirus"
"181572885.103",2011-04-12,2011-04-12,25,181572885,"48","181572885","PT6H","http://aido.bsvgateway.org/api/locations/181572885/","France","France","Country","http://aido.bsvgateway.org/api/locations/216709393/",42.1801070051846,-2.75522114869556,42.1801070051846,"Norovirus"
"181572885.104",2011-04-13,2011-04-12,45,181572885,"48","181572885","PT6H","http://aido.bsvgateway.org/api/locations/181572885/","France","France","Country","http://aido.bsvgateway.org/api/locations/216709393/",-2.75522114869557,-2.75522114869556,42.1801070051846,"Norovirus"
"181572885.105",2011-04-13,2011-04-13,22,181572885,"48","181572885","PT6H","http://aido.bsvgateway.org/api/locations/181572885/","France","France","Country","http://aido.bsvgateway.org/api/locations/216709393/",42.1801070051846,-2.75522114869556,42.1801070051846,"Norovirus"
"181572885.106",2011-04-13,2011-04-13,13,181572885,"48","181572885","PT6H","http://aido.bsvgateway.org/api/locations/181572885/","France","France","Country","http://aido.bsvgateway.org/api/locations/216709393/",-2.75522114869557,-2.75522114869556,42.1801070051846,"Norovirus"
"181572885.107",2011-04-13,2011-04-13,10,181572885,"48","181572885","PT6H","http://aido.bsvgateway.org/api/locations/181572885/","France","France","Country","http://aido.bsvgateway.org/api/locations/216709393/",42.1801070051846,-2.75522114869556,42.1801070051846,"Norovirus"
"181572885.108",2011-04-14,2011-04-13,12,181572885,"48","181572885","PT6H","http://aido.bsvgateway.org/api/locations/181572885/","France","France","Country","http://aido.bsvgateway.org/api/locations/216709393/",-2.75522114869557,-2.75522114869556,42.1801070051846,"Norovirus"
"181572885.109",2011-04-14,2011-04-14,3,181572885,"48","181572885","PT6H","http://aido.bsvgateway.org/api/locations/181572885/","France","France","Country","http://aido.bsvgateway.org/api/locations/216709393/",42.1801070051846,-2.75522114869556,42.1801070051846,"Norovirus"
"181572885.110",2011-04-14,2011-04-14,3,181572885,"48","181572885","PT6H","http://aido.bsvgateway.org/api/locations/181572885/","France","France","Country","http://aido.bsvgateway.org/api/locations/216709393/",-2.75522114869557,-2.75522114869556,42.1801070051846,"Norovirus"
