"","end","start","value","id","disease","location","duration","url","name","full_name","admin_level_name","parent","centroid_lat_long","longitude","latitude","disease_name"
"31545207.1623",2016-03-17,2016-03-16,2,31545207,"39","31545207","P1D","http://aido.bsvgateway.org/api/locations/31545207/","Somali","Somali, Ethiopia","State","http://aido.bsvgateway.org/api/locations/117113808/",6.93825534941069,43.3239696767803,6.93825534941069,"Measles"
"31545207.1624",2016-03-18,2016-03-17,1,31545207,"39","31545207","P1D","http://aido.bsvgateway.org/api/locations/31545207/","Somali","Somali, Ethiopia","State","http://aido.bsvgateway.org/api/locations/117113808/",43.3239696767803,43.3239696767803,6.93825534941069,"Measles"
"31545207.1625",2016-03-19,2016-03-18,1,31545207,"39","31545207","P1D","http://aido.bsvgateway.org/api/locations/31545207/","Somali","Somali, Ethiopia","State","http://aido.bsvgateway.org/api/locations/117113808/",6.93825534941069,43.3239696767803,6.93825534941069,"Measles"
"31545207.1626",2016-03-20,2016-03-19,2,31545207,"39","31545207","P1D","http://aido.bsvgateway.org/api/locations/31545207/","Somali","Somali, Ethiopia","State","http://aido.bsvgateway.org/api/locations/117113808/",43.3239696767803,43.3239696767803,6.93825534941069,"Measles"
"31545207.1627",2016-03-21,2016-03-20,2,31545207,"39","31545207","P1D","http://aido.bsvgateway.org/api/locations/31545207/","Somali","Somali, Ethiopia","State","http://aido.bsvgateway.org/api/locations/117113808/",6.93825534941069,43.3239696767803,6.93825534941069,"Measles"
"31545207.1628",2016-03-22,2016-03-21,1,31545207,"39","31545207","P1D","http://aido.bsvgateway.org/api/locations/31545207/","Somali","Somali, Ethiopia","State","http://aido.bsvgateway.org/api/locations/117113808/",43.3239696767803,43.3239696767803,6.93825534941069,"Measles"
"31545207.1629",2016-03-23,2016-03-22,1,31545207,"39","31545207","P1D","http://aido.bsvgateway.org/api/locations/31545207/","Somali","Somali, Ethiopia","State","http://aido.bsvgateway.org/api/locations/117113808/",6.93825534941069,43.3239696767803,6.93825534941069,"Measles"
"31545207.1630",2016-03-24,2016-03-23,0,31545207,"39","31545207","P1D","http://aido.bsvgateway.org/api/locations/31545207/","Somali","Somali, Ethiopia","State","http://aido.bsvgateway.org/api/locations/117113808/",43.3239696767803,43.3239696767803,6.93825534941069,"Measles"
"31545207.1631",2016-03-25,2016-03-24,3,31545207,"39","31545207","P1D","http://aido.bsvgateway.org/api/locations/31545207/","Somali","Somali, Ethiopia","State","http://aido.bsvgateway.org/api/locations/117113808/",6.93825534941069,43.3239696767803,6.93825534941069,"Measles"
"31545207.1632",2016-03-26,2016-03-25,2,31545207,"39","31545207","P1D","http://aido.bsvgateway.org/api/locations/31545207/","Somali","Somali, Ethiopia","State","http://aido.bsvgateway.org/api/locations/117113808/",43.3239696767803,43.3239696767803,6.93825534941069,"Measles"
"31545207.1633",2016-03-27,2016-03-26,1,31545207,"39","31545207","P1D","http://aido.bsvgateway.org/api/locations/31545207/","Somali","Somali, Ethiopia","State","http://aido.bsvgateway.org/api/locations/117113808/",6.93825534941069,43.3239696767803,6.93825534941069,"Measles"
"31545207.1634",2016-03-28,2016-03-27,0,31545207,"39","31545207","P1D","http://aido.bsvgateway.org/api/locations/31545207/","Somali","Somali, Ethiopia","State","http://aido.bsvgateway.org/api/locations/117113808/",43.3239696767803,43.3239696767803,6.93825534941069,"Measles"
"31545207.1635",2016-03-29,2016-03-28,2,31545207,"39","31545207","P1D","http://aido.bsvgateway.org/api/locations/31545207/","Somali","Somali, Ethiopia","State","http://aido.bsvgateway.org/api/locations/117113808/",6.93825534941069,43.3239696767803,6.93825534941069,"Measles"
"31545207.1636",2016-03-30,2016-03-29,1,31545207,"39","31545207","P1D","http://aido.bsvgateway.org/api/locations/31545207/","Somali","Somali, Ethiopia","State","http://aido.bsvgateway.org/api/locations/117113808/",43.3239696767803,43.3239696767803,6.93825534941069,"Measles"
"31545207.1637",2016-03-31,2016-03-30,1,31545207,"39","31545207","P1D","http://aido.bsvgateway.org/api/locations/31545207/","Somali","Somali, Ethiopia","State","http://aido.bsvgateway.org/api/locations/117113808/",6.93825534941069,43.3239696767803,6.93825534941069,"Measles"
"31545207.1638",2016-04-01,2016-03-31,0,31545207,"39","31545207","P1D","http://aido.bsvgateway.org/api/locations/31545207/","Somali","Somali, Ethiopia","State","http://aido.bsvgateway.org/api/locations/117113808/",43.3239696767803,43.3239696767803,6.93825534941069,"Measles"
"31545207.1639",2016-04-02,2016-04-01,1,31545207,"39","31545207","P1D","http://aido.bsvgateway.org/api/locations/31545207/","Somali","Somali, Ethiopia","State","http://aido.bsvgateway.org/api/locations/117113808/",6.93825534941069,43.3239696767803,6.93825534941069,"Measles"
"31545207.1640",2016-04-03,2016-04-02,1,31545207,"39","31545207","P1D","http://aido.bsvgateway.org/api/locations/31545207/","Somali","Somali, Ethiopia","State","http://aido.bsvgateway.org/api/locations/117113808/",43.3239696767803,43.3239696767803,6.93825534941069,"Measles"
"31545207.1641",2016-04-04,2016-04-03,0,31545207,"39","31545207","P1D","http://aido.bsvgateway.org/api/locations/31545207/","Somali","Somali, Ethiopia","State","http://aido.bsvgateway.org/api/locations/117113808/",6.93825534941069,43.3239696767803,6.93825534941069,"Measles"
"31545207.1642",2016-04-05,2016-04-04,0,31545207,"39","31545207","P1D","http://aido.bsvgateway.org/api/locations/31545207/","Somali","Somali, Ethiopia","State","http://aido.bsvgateway.org/api/locations/117113808/",43.3239696767803,43.3239696767803,6.93825534941069,"Measles"
"31545207.1643",2016-04-06,2016-04-05,1,31545207,"39","31545207","P1D","http://aido.bsvgateway.org/api/locations/31545207/","Somali","Somali, Ethiopia","State","http://aido.bsvgateway.org/api/locations/117113808/",6.93825534941069,43.3239696767803,6.93825534941069,"Measles"
"31545207.1644",2016-04-07,2016-04-06,2,31545207,"39","31545207","P1D","http://aido.bsvgateway.org/api/locations/31545207/","Somali","Somali, Ethiopia","State","http://aido.bsvgateway.org/api/locations/117113808/",43.3239696767803,43.3239696767803,6.93825534941069,"Measles"
"31545207.1645",2016-04-08,2016-04-07,3,31545207,"39","31545207","P1D","http://aido.bsvgateway.org/api/locations/31545207/","Somali","Somali, Ethiopia","State","http://aido.bsvgateway.org/api/locations/117113808/",6.93825534941069,43.3239696767803,6.93825534941069,"Measles"
"31545207.1646",2016-04-09,2016-04-08,1,31545207,"39","31545207","P1D","http://aido.bsvgateway.org/api/locations/31545207/","Somali","Somali, Ethiopia","State","http://aido.bsvgateway.org/api/locations/117113808/",43.3239696767803,43.3239696767803,6.93825534941069,"Measles"
"31545207.1647",2016-04-10,2016-04-09,0,31545207,"39","31545207","P1D","http://aido.bsvgateway.org/api/locations/31545207/","Somali","Somali, Ethiopia","State","http://aido.bsvgateway.org/api/locations/117113808/",6.93825534941069,43.3239696767803,6.93825534941069,"Measles"
"31545207.1648",2016-04-11,2016-04-10,0,31545207,"39","31545207","P1D","http://aido.bsvgateway.org/api/locations/31545207/","Somali","Somali, Ethiopia","State","http://aido.bsvgateway.org/api/locations/117113808/",43.3239696767803,43.3239696767803,6.93825534941069,"Measles"
"31545207.1649",2016-04-12,2016-04-11,0,31545207,"39","31545207","P1D","http://aido.bsvgateway.org/api/locations/31545207/","Somali","Somali, Ethiopia","State","http://aido.bsvgateway.org/api/locations/117113808/",6.93825534941069,43.3239696767803,6.93825534941069,"Measles"
"31545207.1650",2016-04-13,2016-04-12,0,31545207,"39","31545207","P1D","http://aido.bsvgateway.org/api/locations/31545207/","Somali","Somali, Ethiopia","State","http://aido.bsvgateway.org/api/locations/117113808/",43.3239696767803,43.3239696767803,6.93825534941069,"Measles"
"31545207.1651",2016-04-14,2016-04-13,0,31545207,"39","31545207","P1D","http://aido.bsvgateway.org/api/locations/31545207/","Somali","Somali, Ethiopia","State","http://aido.bsvgateway.org/api/locations/117113808/",6.93825534941069,43.3239696767803,6.93825534941069,"Measles"
"31545207.1652",2016-04-15,2016-04-14,0,31545207,"39","31545207","P1D","http://aido.bsvgateway.org/api/locations/31545207/","Somali","Somali, Ethiopia","State","http://aido.bsvgateway.org/api/locations/117113808/",43.3239696767803,43.3239696767803,6.93825534941069,"Measles"
"31545207.1653",2016-04-16,2016-04-15,0,31545207,"39","31545207","P1D","http://aido.bsvgateway.org/api/locations/31545207/","Somali","Somali, Ethiopia","State","http://aido.bsvgateway.org/api/locations/117113808/",6.93825534941069,43.3239696767803,6.93825534941069,"Measles"
"31545207.1654",2016-04-17,2016-04-16,1,31545207,"39","31545207","P1D","http://aido.bsvgateway.org/api/locations/31545207/","Somali","Somali, Ethiopia","State","http://aido.bsvgateway.org/api/locations/117113808/",43.3239696767803,43.3239696767803,6.93825534941069,"Measles"
"31545207.1655",2016-04-18,2016-04-17,2,31545207,"39","31545207","P1D","http://aido.bsvgateway.org/api/locations/31545207/","Somali","Somali, Ethiopia","State","http://aido.bsvgateway.org/api/locations/117113808/",6.93825534941069,43.3239696767803,6.93825534941069,"Measles"
"31545207.1656",2016-04-19,2016-04-18,0,31545207,"39","31545207","P1D","http://aido.bsvgateway.org/api/locations/31545207/","Somali","Somali, Ethiopia","State","http://aido.bsvgateway.org/api/locations/117113808/",43.3239696767803,43.3239696767803,6.93825534941069,"Measles"
"31545207.1657",2016-04-20,2016-04-19,1,31545207,"39","31545207","P1D","http://aido.bsvgateway.org/api/locations/31545207/","Somali","Somali, Ethiopia","State","http://aido.bsvgateway.org/api/locations/117113808/",6.93825534941069,43.3239696767803,6.93825534941069,"Measles"
