"","end","start","value","id","disease","location","duration","url","name","full_name","admin_level_name","parent","centroid_lat_long","longitude","latitude","disease_name"
"205800930.136",2011-01-01,2010-12-01,85,205800930,"67","205800930","P1M","http://aido.bsvgateway.org/api/locations/205800930/","Bosnia and Herzegovina","Bosnia and Herzegovina","Country","http://aido.bsvgateway.org/api/locations/216709393/",44.1717340836594,17.7734080262616,44.1717340836594,"Mumps"
"205800930.137",2011-02-01,2011-01-01,266,205800930,"67","205800930","P1M","http://aido.bsvgateway.org/api/locations/205800930/","Bosnia and Herzegovina","Bosnia and Herzegovina","Country","http://aido.bsvgateway.org/api/locations/216709393/",17.7734080262616,17.7734080262616,44.1717340836594,"Mumps"
"205800930.138",2011-03-01,2011-02-01,484,205800930,"67","205800930","P1M","http://aido.bsvgateway.org/api/locations/205800930/","Bosnia and Herzegovina","Bosnia and Herzegovina","Country","http://aido.bsvgateway.org/api/locations/216709393/",44.1717340836594,17.7734080262616,44.1717340836594,"Mumps"
"205800930.139",2011-04-01,2011-03-01,1010,205800930,"67","205800930","P1M","http://aido.bsvgateway.org/api/locations/205800930/","Bosnia and Herzegovina","Bosnia and Herzegovina","Country","http://aido.bsvgateway.org/api/locations/216709393/",17.7734080262616,17.7734080262616,44.1717340836594,"Mumps"
"205800930.140",2011-05-01,2011-04-01,1240,205800930,"67","205800930","P1M","http://aido.bsvgateway.org/api/locations/205800930/","Bosnia and Herzegovina","Bosnia and Herzegovina","Country","http://aido.bsvgateway.org/api/locations/216709393/",44.1717340836594,17.7734080262616,44.1717340836594,"Mumps"
"205800930.141",2011-06-01,2011-05-01,970,205800930,"67","205800930","P1M","http://aido.bsvgateway.org/api/locations/205800930/","Bosnia and Herzegovina","Bosnia and Herzegovina","Country","http://aido.bsvgateway.org/api/locations/216709393/",17.7734080262616,17.7734080262616,44.1717340836594,"Mumps"
"205800930.142",2011-07-01,2011-06-01,848,205800930,"67","205800930","P1M","http://aido.bsvgateway.org/api/locations/205800930/","Bosnia and Herzegovina","Bosnia and Herzegovina","Country","http://aido.bsvgateway.org/api/locations/216709393/",44.1717340836594,17.7734080262616,44.1717340836594,"Mumps"
"205800930.143",2011-08-01,2011-07-01,358,205800930,"67","205800930","P1M","http://aido.bsvgateway.org/api/locations/205800930/","Bosnia and Herzegovina","Bosnia and Herzegovina","Country","http://aido.bsvgateway.org/api/locations/216709393/",17.7734080262616,17.7734080262616,44.1717340836594,"Mumps"
"205800930.144",2011-09-01,2011-08-01,195,205800930,"67","205800930","P1M","http://aido.bsvgateway.org/api/locations/205800930/","Bosnia and Herzegovina","Bosnia and Herzegovina","Country","http://aido.bsvgateway.org/api/locations/216709393/",44.1717340836594,17.7734080262616,44.1717340836594,"Mumps"
"205800930.145",2011-10-01,2011-09-01,96,205800930,"67","205800930","P1M","http://aido.bsvgateway.org/api/locations/205800930/","Bosnia and Herzegovina","Bosnia and Herzegovina","Country","http://aido.bsvgateway.org/api/locations/216709393/",17.7734080262616,17.7734080262616,44.1717340836594,"Mumps"
