"","end","start","value","id","disease","location","duration","url","name","full_name","admin_level_name","parent","centroid_lat_long","longitude","latitude","disease_name"
"194079736.239",2008-04-28,2008-04-21,1,194079736,"51","194079736","P7D","http://aido.bsvgateway.org/api/locations/194079736/","Antwerp","Antwerp, Belgium","State","http://aido.bsvgateway.org/api/locations/121277956/",51.2253253897568,4.71702627224768,51.2253253897568,"Shigellosis"
"194079736.240",2008-05-05,2008-04-28,2,194079736,"51","194079736","P7D","http://aido.bsvgateway.org/api/locations/194079736/","Antwerp","Antwerp, Belgium","State","http://aido.bsvgateway.org/api/locations/121277956/",4.71702627224768,4.71702627224768,51.2253253897568,"Shigellosis"
"194079736.241",2008-05-12,2008-05-05,5,194079736,"51","194079736","P7D","http://aido.bsvgateway.org/api/locations/194079736/","Antwerp","Antwerp, Belgium","State","http://aido.bsvgateway.org/api/locations/121277956/",51.2253253897568,4.71702627224768,51.2253253897568,"Shigellosis"
"194079736.242",2008-05-19,2008-05-12,1,194079736,"51","194079736","P7D","http://aido.bsvgateway.org/api/locations/194079736/","Antwerp","Antwerp, Belgium","State","http://aido.bsvgateway.org/api/locations/121277956/",4.71702627224768,4.71702627224768,51.2253253897568,"Shigellosis"
"194079736.243",2008-05-26,2008-05-19,0,194079736,"51","194079736","P7D","http://aido.bsvgateway.org/api/locations/194079736/","Antwerp","Antwerp, Belgium","State","http://aido.bsvgateway.org/api/locations/121277956/",51.2253253897568,4.71702627224768,51.2253253897568,"Shigellosis"
"194079736.244",2008-06-02,2008-05-26,1,194079736,"51","194079736","P7D","http://aido.bsvgateway.org/api/locations/194079736/","Antwerp","Antwerp, Belgium","State","http://aido.bsvgateway.org/api/locations/121277956/",4.71702627224768,4.71702627224768,51.2253253897568,"Shigellosis"
"194079736.245",2008-06-09,2008-06-02,3,194079736,"51","194079736","P7D","http://aido.bsvgateway.org/api/locations/194079736/","Antwerp","Antwerp, Belgium","State","http://aido.bsvgateway.org/api/locations/121277956/",51.2253253897568,4.71702627224768,51.2253253897568,"Shigellosis"
"194079736.246",2008-06-16,2008-06-09,10,194079736,"51","194079736","P7D","http://aido.bsvgateway.org/api/locations/194079736/","Antwerp","Antwerp, Belgium","State","http://aido.bsvgateway.org/api/locations/121277956/",4.71702627224768,4.71702627224768,51.2253253897568,"Shigellosis"
"194079736.247",2008-06-23,2008-06-16,3,194079736,"51","194079736","P7D","http://aido.bsvgateway.org/api/locations/194079736/","Antwerp","Antwerp, Belgium","State","http://aido.bsvgateway.org/api/locations/121277956/",51.2253253897568,4.71702627224768,51.2253253897568,"Shigellosis"
"194079736.248",2008-06-30,2008-06-23,3,194079736,"51","194079736","P7D","http://aido.bsvgateway.org/api/locations/194079736/","Antwerp","Antwerp, Belgium","State","http://aido.bsvgateway.org/api/locations/121277956/",4.71702627224768,4.71702627224768,51.2253253897568,"Shigellosis"
"194079736.249",2008-07-07,2008-06-30,1,194079736,"51","194079736","P7D","http://aido.bsvgateway.org/api/locations/194079736/","Antwerp","Antwerp, Belgium","State","http://aido.bsvgateway.org/api/locations/121277956/",51.2253253897568,4.71702627224768,51.2253253897568,"Shigellosis"
"194079736.250",2008-07-14,2008-07-07,3,194079736,"51","194079736","P7D","http://aido.bsvgateway.org/api/locations/194079736/","Antwerp","Antwerp, Belgium","State","http://aido.bsvgateway.org/api/locations/121277956/",4.71702627224768,4.71702627224768,51.2253253897568,"Shigellosis"
"194079736.251",2008-07-21,2008-07-14,6,194079736,"51","194079736","P7D","http://aido.bsvgateway.org/api/locations/194079736/","Antwerp","Antwerp, Belgium","State","http://aido.bsvgateway.org/api/locations/121277956/",51.2253253897568,4.71702627224768,51.2253253897568,"Shigellosis"
"194079736.252",2008-07-28,2008-07-21,2,194079736,"51","194079736","P7D","http://aido.bsvgateway.org/api/locations/194079736/","Antwerp","Antwerp, Belgium","State","http://aido.bsvgateway.org/api/locations/121277956/",4.71702627224768,4.71702627224768,51.2253253897568,"Shigellosis"
"194079736.253",2008-08-04,2008-07-28,1,194079736,"51","194079736","P7D","http://aido.bsvgateway.org/api/locations/194079736/","Antwerp","Antwerp, Belgium","State","http://aido.bsvgateway.org/api/locations/121277956/",51.2253253897568,4.71702627224768,51.2253253897568,"Shigellosis"
