"","end","start","value","id","disease","location","duration","url","name","full_name","admin_level_name","parent","centroid_lat_long","longitude","latitude","disease_name"
"95688612.538",2005-05-01,2005-04-01,1,95688612,"56","95688612","P1M","http://aido.bsvgateway.org/api/locations/95688612/","West Bengal","West Bengal, India","State","http://aido.bsvgateway.org/api/locations/102446886/",23.8052484390283,87.9725643797855,23.8052484390283,"Malaria"
"95688612.539",2005-06-01,2005-05-01,16,95688612,"56","95688612","P1M","http://aido.bsvgateway.org/api/locations/95688612/","West Bengal","West Bengal, India","State","http://aido.bsvgateway.org/api/locations/102446886/",87.9725643797855,87.9725643797855,23.8052484390283,"Malaria"
"95688612.540",2005-07-01,2005-06-01,39,95688612,"56","95688612","P1M","http://aido.bsvgateway.org/api/locations/95688612/","West Bengal","West Bengal, India","State","http://aido.bsvgateway.org/api/locations/102446886/",23.8052484390283,87.9725643797855,23.8052484390283,"Malaria"
"95688612.541",2005-08-01,2005-07-01,56,95688612,"56","95688612","P1M","http://aido.bsvgateway.org/api/locations/95688612/","West Bengal","West Bengal, India","State","http://aido.bsvgateway.org/api/locations/102446886/",87.9725643797855,87.9725643797855,23.8052484390283,"Malaria"
"95688612.542",2005-09-01,2005-08-01,179,95688612,"56","95688612","P1M","http://aido.bsvgateway.org/api/locations/95688612/","West Bengal","West Bengal, India","State","http://aido.bsvgateway.org/api/locations/102446886/",23.8052484390283,87.9725643797855,23.8052484390283,"Malaria"
"95688612.543",2005-10-01,2005-09-01,379,95688612,"56","95688612","P1M","http://aido.bsvgateway.org/api/locations/95688612/","West Bengal","West Bengal, India","State","http://aido.bsvgateway.org/api/locations/102446886/",87.9725643797855,87.9725643797855,23.8052484390283,"Malaria"
"95688612.544",2005-11-01,2005-10-01,1518,95688612,"56","95688612","P1M","http://aido.bsvgateway.org/api/locations/95688612/","West Bengal","West Bengal, India","State","http://aido.bsvgateway.org/api/locations/102446886/",23.8052484390283,87.9725643797855,23.8052484390283,"Malaria"
"95688612.545",2005-12-01,2005-11-01,1074,95688612,"56","95688612","P1M","http://aido.bsvgateway.org/api/locations/95688612/","West Bengal","West Bengal, India","State","http://aido.bsvgateway.org/api/locations/102446886/",87.9725643797855,87.9725643797855,23.8052484390283,"Malaria"
"95688612.546",2006-01-01,2005-12-01,559,95688612,"56","95688612","P1M","http://aido.bsvgateway.org/api/locations/95688612/","West Bengal","West Bengal, India","State","http://aido.bsvgateway.org/api/locations/102446886/",23.8052484390283,87.9725643797855,23.8052484390283,"Malaria"
"95688612.547",2006-02-01,2006-01-01,247,95688612,"56","95688612","P1M","http://aido.bsvgateway.org/api/locations/95688612/","West Bengal","West Bengal, India","State","http://aido.bsvgateway.org/api/locations/102446886/",87.9725643797855,87.9725643797855,23.8052484390283,"Malaria"
"95688612.548",2006-03-01,2006-02-01,258,95688612,"56","95688612","P1M","http://aido.bsvgateway.org/api/locations/95688612/","West Bengal","West Bengal, India","State","http://aido.bsvgateway.org/api/locations/102446886/",23.8052484390283,87.9725643797855,23.8052484390283,"Malaria"
"95688612.549",2006-04-01,2006-03-01,312,95688612,"56","95688612","P1M","http://aido.bsvgateway.org/api/locations/95688612/","West Bengal","West Bengal, India","State","http://aido.bsvgateway.org/api/locations/102446886/",87.9725643797855,87.9725643797855,23.8052484390283,"Malaria"
