"","end","start","value","id","disease","location","duration","url","name","full_name","admin_level_name","parent","centroid_lat_long","longitude","latitude","disease_name"
"241787998.406",2006-11-20,2006-11-13,1,241787998,"26","241787998","P7D","http://aido.bsvgateway.org/api/locations/241787998/","Republic of Congo","Republic of Congo","Country","http://aido.bsvgateway.org/api/locations/93632501/",-0.838879989081954,15.2183361559118,-0.838879989081954,"Cholera"
"241787998.407",2006-11-27,2006-11-20,0,241787998,"26","241787998","P7D","http://aido.bsvgateway.org/api/locations/241787998/","Republic of Congo","Republic of Congo","Country","http://aido.bsvgateway.org/api/locations/93632501/",15.2183361559118,15.2183361559118,-0.838879989081954,"Cholera"
"241787998.408",2006-12-04,2006-11-27,0,241787998,"26","241787998","P7D","http://aido.bsvgateway.org/api/locations/241787998/","Republic of Congo","Republic of Congo","Country","http://aido.bsvgateway.org/api/locations/93632501/",-0.838879989081954,15.2183361559118,-0.838879989081954,"Cholera"
"241787998.409",2006-12-11,2006-12-04,0,241787998,"26","241787998","P7D","http://aido.bsvgateway.org/api/locations/241787998/","Republic of Congo","Republic of Congo","Country","http://aido.bsvgateway.org/api/locations/93632501/",15.2183361559118,15.2183361559118,-0.838879989081954,"Cholera"
"241787998.410",2006-12-18,2006-12-11,0,241787998,"26","241787998","P7D","http://aido.bsvgateway.org/api/locations/241787998/","Republic of Congo","Republic of Congo","Country","http://aido.bsvgateway.org/api/locations/93632501/",-0.838879989081954,15.2183361559118,-0.838879989081954,"Cholera"
"241787998.411",2006-12-25,2006-12-18,0,241787998,"26","241787998","P7D","http://aido.bsvgateway.org/api/locations/241787998/","Republic of Congo","Republic of Congo","Country","http://aido.bsvgateway.org/api/locations/93632501/",15.2183361559118,15.2183361559118,-0.838879989081954,"Cholera"
"241787998.412",2007-01-01,2006-12-25,196,241787998,"26","241787998","P7D","http://aido.bsvgateway.org/api/locations/241787998/","Republic of Congo","Republic of Congo","Country","http://aido.bsvgateway.org/api/locations/93632501/",-0.838879989081954,15.2183361559118,-0.838879989081954,"Cholera"
"241787998.413",2007-01-08,2007-01-01,17,241787998,"26","241787998","P7D","http://aido.bsvgateway.org/api/locations/241787998/","Republic of Congo","Republic of Congo","Country","http://aido.bsvgateway.org/api/locations/93632501/",15.2183361559118,15.2183361559118,-0.838879989081954,"Cholera"
"241787998.414",2007-01-15,2007-01-08,340,241787998,"26","241787998","P7D","http://aido.bsvgateway.org/api/locations/241787998/","Republic of Congo","Republic of Congo","Country","http://aido.bsvgateway.org/api/locations/93632501/",-0.838879989081954,15.2183361559118,-0.838879989081954,"Cholera"
"241787998.415",2007-01-22,2007-01-15,604,241787998,"26","241787998","P7D","http://aido.bsvgateway.org/api/locations/241787998/","Republic of Congo","Republic of Congo","Country","http://aido.bsvgateway.org/api/locations/93632501/",15.2183361559118,15.2183361559118,-0.838879989081954,"Cholera"
"241787998.416",2007-01-29,2007-01-22,1008,241787998,"26","241787998","P7D","http://aido.bsvgateway.org/api/locations/241787998/","Republic of Congo","Republic of Congo","Country","http://aido.bsvgateway.org/api/locations/93632501/",-0.838879989081954,15.2183361559118,-0.838879989081954,"Cholera"
"241787998.417",2007-02-05,2007-01-29,1150,241787998,"26","241787998","P7D","http://aido.bsvgateway.org/api/locations/241787998/","Republic of Congo","Republic of Congo","Country","http://aido.bsvgateway.org/api/locations/93632501/",15.2183361559118,15.2183361559118,-0.838879989081954,"Cholera"
"241787998.418",2007-02-12,2007-02-05,727,241787998,"26","241787998","P7D","http://aido.bsvgateway.org/api/locations/241787998/","Republic of Congo","Republic of Congo","Country","http://aido.bsvgateway.org/api/locations/93632501/",-0.838879989081954,15.2183361559118,-0.838879989081954,"Cholera"
"241787998.419",2007-02-19,2007-02-12,642,241787998,"26","241787998","P7D","http://aido.bsvgateway.org/api/locations/241787998/","Republic of Congo","Republic of Congo","Country","http://aido.bsvgateway.org/api/locations/93632501/",15.2183361559118,15.2183361559118,-0.838879989081954,"Cholera"
"241787998.420",2007-02-26,2007-02-19,552,241787998,"26","241787998","P7D","http://aido.bsvgateway.org/api/locations/241787998/","Republic of Congo","Republic of Congo","Country","http://aido.bsvgateway.org/api/locations/93632501/",-0.838879989081954,15.2183361559118,-0.838879989081954,"Cholera"
"241787998.421",2007-03-05,2007-02-26,557,241787998,"26","241787998","P7D","http://aido.bsvgateway.org/api/locations/241787998/","Republic of Congo","Republic of Congo","Country","http://aido.bsvgateway.org/api/locations/93632501/",15.2183361559118,15.2183361559118,-0.838879989081954,"Cholera"
"241787998.422",2007-03-12,2007-03-05,385,241787998,"26","241787998","P7D","http://aido.bsvgateway.org/api/locations/241787998/","Republic of Congo","Republic of Congo","Country","http://aido.bsvgateway.org/api/locations/93632501/",-0.838879989081954,15.2183361559118,-0.838879989081954,"Cholera"
"241787998.423",2007-03-19,2007-03-12,227,241787998,"26","241787998","P7D","http://aido.bsvgateway.org/api/locations/241787998/","Republic of Congo","Republic of Congo","Country","http://aido.bsvgateway.org/api/locations/93632501/",15.2183361559118,15.2183361559118,-0.838879989081954,"Cholera"
"241787998.424",2007-03-26,2007-03-19,211,241787998,"26","241787998","P7D","http://aido.bsvgateway.org/api/locations/241787998/","Republic of Congo","Republic of Congo","Country","http://aido.bsvgateway.org/api/locations/93632501/",-0.838879989081954,15.2183361559118,-0.838879989081954,"Cholera"
"241787998.425",2007-04-02,2007-03-26,207,241787998,"26","241787998","P7D","http://aido.bsvgateway.org/api/locations/241787998/","Republic of Congo","Republic of Congo","Country","http://aido.bsvgateway.org/api/locations/93632501/",15.2183361559118,15.2183361559118,-0.838879989081954,"Cholera"
"241787998.426",2007-04-09,2007-04-02,140,241787998,"26","241787998","P7D","http://aido.bsvgateway.org/api/locations/241787998/","Republic of Congo","Republic of Congo","Country","http://aido.bsvgateway.org/api/locations/93632501/",-0.838879989081954,15.2183361559118,-0.838879989081954,"Cholera"
"241787998.427",2007-04-16,2007-04-09,94,241787998,"26","241787998","P7D","http://aido.bsvgateway.org/api/locations/241787998/","Republic of Congo","Republic of Congo","Country","http://aido.bsvgateway.org/api/locations/93632501/",15.2183361559118,15.2183361559118,-0.838879989081954,"Cholera"
