"","end","start","value","id","disease","location","duration","url","name","full_name","admin_level_name","parent","centroid_lat_long","longitude","latitude","disease_name"
"61431641.326",1996-03-17,1996-03-10,1,61431641,"31","61431641","P7D","http://aido.bsvgateway.org/api/locations/61431641/","Brazil","Brazil","Country","http://aido.bsvgateway.org/api/locations/13410479/",-10.7808588289052,-53.092482362387,-10.7808588289052,"Leptospirosis"
"61431641.327",1996-03-24,1996-03-17,3,61431641,"31","61431641","P7D","http://aido.bsvgateway.org/api/locations/61431641/","Brazil","Brazil","Country","http://aido.bsvgateway.org/api/locations/13410479/",-53.092482362387,-53.092482362387,-10.7808588289052,"Leptospirosis"
"61431641.328",1996-03-31,1996-03-24,4,61431641,"31","61431641","P7D","http://aido.bsvgateway.org/api/locations/61431641/","Brazil","Brazil","Country","http://aido.bsvgateway.org/api/locations/13410479/",-10.7808588289052,-53.092482362387,-10.7808588289052,"Leptospirosis"
"61431641.329",1996-04-07,1996-03-31,6,61431641,"31","61431641","P7D","http://aido.bsvgateway.org/api/locations/61431641/","Brazil","Brazil","Country","http://aido.bsvgateway.org/api/locations/13410479/",-53.092482362387,-53.092482362387,-10.7808588289052,"Leptospirosis"
"61431641.330",1996-04-14,1996-04-07,1,61431641,"31","61431641","P7D","http://aido.bsvgateway.org/api/locations/61431641/","Brazil","Brazil","Country","http://aido.bsvgateway.org/api/locations/13410479/",-10.7808588289052,-53.092482362387,-10.7808588289052,"Leptospirosis"
"61431641.331",1996-04-21,1996-04-14,18,61431641,"31","61431641","P7D","http://aido.bsvgateway.org/api/locations/61431641/","Brazil","Brazil","Country","http://aido.bsvgateway.org/api/locations/13410479/",-53.092482362387,-53.092482362387,-10.7808588289052,"Leptospirosis"
"61431641.332",1996-04-28,1996-04-21,17,61431641,"31","61431641","P7D","http://aido.bsvgateway.org/api/locations/61431641/","Brazil","Brazil","Country","http://aido.bsvgateway.org/api/locations/13410479/",-10.7808588289052,-53.092482362387,-10.7808588289052,"Leptospirosis"
"61431641.333",1996-05-05,1996-04-28,11,61431641,"31","61431641","P7D","http://aido.bsvgateway.org/api/locations/61431641/","Brazil","Brazil","Country","http://aido.bsvgateway.org/api/locations/13410479/",-53.092482362387,-53.092482362387,-10.7808588289052,"Leptospirosis"
"61431641.334",1996-05-12,1996-05-05,39,61431641,"31","61431641","P7D","http://aido.bsvgateway.org/api/locations/61431641/","Brazil","Brazil","Country","http://aido.bsvgateway.org/api/locations/13410479/",-10.7808588289052,-53.092482362387,-10.7808588289052,"Leptospirosis"
"61431641.335",1996-05-19,1996-05-12,19,61431641,"31","61431641","P7D","http://aido.bsvgateway.org/api/locations/61431641/","Brazil","Brazil","Country","http://aido.bsvgateway.org/api/locations/13410479/",-53.092482362387,-53.092482362387,-10.7808588289052,"Leptospirosis"
"61431641.336",1996-05-26,1996-05-19,17,61431641,"31","61431641","P7D","http://aido.bsvgateway.org/api/locations/61431641/","Brazil","Brazil","Country","http://aido.bsvgateway.org/api/locations/13410479/",-10.7808588289052,-53.092482362387,-10.7808588289052,"Leptospirosis"
"61431641.337",1996-06-02,1996-05-26,2,61431641,"31","61431641","P7D","http://aido.bsvgateway.org/api/locations/61431641/","Brazil","Brazil","Country","http://aido.bsvgateway.org/api/locations/13410479/",-53.092482362387,-53.092482362387,-10.7808588289052,"Leptospirosis"
"61431641.338",1996-06-09,1996-06-02,9,61431641,"31","61431641","P7D","http://aido.bsvgateway.org/api/locations/61431641/","Brazil","Brazil","Country","http://aido.bsvgateway.org/api/locations/13410479/",-10.7808588289052,-53.092482362387,-10.7808588289052,"Leptospirosis"
"61431641.339",1996-06-16,1996-06-09,10,61431641,"31","61431641","P7D","http://aido.bsvgateway.org/api/locations/61431641/","Brazil","Brazil","Country","http://aido.bsvgateway.org/api/locations/13410479/",-53.092482362387,-53.092482362387,-10.7808588289052,"Leptospirosis"
"61431641.340",1996-06-23,1996-06-16,16,61431641,"31","61431641","P7D","http://aido.bsvgateway.org/api/locations/61431641/","Brazil","Brazil","Country","http://aido.bsvgateway.org/api/locations/13410479/",-10.7808588289052,-53.092482362387,-10.7808588289052,"Leptospirosis"
"61431641.341",1996-06-30,1996-06-23,30,61431641,"31","61431641","P7D","http://aido.bsvgateway.org/api/locations/61431641/","Brazil","Brazil","Country","http://aido.bsvgateway.org/api/locations/13410479/",-53.092482362387,-53.092482362387,-10.7808588289052,"Leptospirosis"
"61431641.342",1996-07-07,1996-06-30,15,61431641,"31","61431641","P7D","http://aido.bsvgateway.org/api/locations/61431641/","Brazil","Brazil","Country","http://aido.bsvgateway.org/api/locations/13410479/",-10.7808588289052,-53.092482362387,-10.7808588289052,"Leptospirosis"
"61431641.343",1996-07-14,1996-07-07,11,61431641,"31","61431641","P7D","http://aido.bsvgateway.org/api/locations/61431641/","Brazil","Brazil","Country","http://aido.bsvgateway.org/api/locations/13410479/",-53.092482362387,-53.092482362387,-10.7808588289052,"Leptospirosis"
"61431641.344",1996-07-21,1996-07-14,12,61431641,"31","61431641","P7D","http://aido.bsvgateway.org/api/locations/61431641/","Brazil","Brazil","Country","http://aido.bsvgateway.org/api/locations/13410479/",-10.7808588289052,-53.092482362387,-10.7808588289052,"Leptospirosis"
"61431641.345",1996-07-28,1996-07-21,4,61431641,"31","61431641","P7D","http://aido.bsvgateway.org/api/locations/61431641/","Brazil","Brazil","Country","http://aido.bsvgateway.org/api/locations/13410479/",-53.092482362387,-53.092482362387,-10.7808588289052,"Leptospirosis"
"61431641.346",1996-08-04,1996-07-28,3,61431641,"31","61431641","P7D","http://aido.bsvgateway.org/api/locations/61431641/","Brazil","Brazil","Country","http://aido.bsvgateway.org/api/locations/13410479/",-10.7808588289052,-53.092482362387,-10.7808588289052,"Leptospirosis"
"61431641.347",1996-08-11,1996-08-04,4,61431641,"31","61431641","P7D","http://aido.bsvgateway.org/api/locations/61431641/","Brazil","Brazil","Country","http://aido.bsvgateway.org/api/locations/13410479/",-53.092482362387,-53.092482362387,-10.7808588289052,"Leptospirosis"
"61431641.348",1996-08-18,1996-08-11,9,61431641,"31","61431641","P7D","http://aido.bsvgateway.org/api/locations/61431641/","Brazil","Brazil","Country","http://aido.bsvgateway.org/api/locations/13410479/",-10.7808588289052,-53.092482362387,-10.7808588289052,"Leptospirosis"
"61431641.349",1996-08-25,1996-08-18,3,61431641,"31","61431641","P7D","http://aido.bsvgateway.org/api/locations/61431641/","Brazil","Brazil","Country","http://aido.bsvgateway.org/api/locations/13410479/",-53.092482362387,-53.092482362387,-10.7808588289052,"Leptospirosis"
"61431641.350",1996-09-01,1996-08-25,5,61431641,"31","61431641","P7D","http://aido.bsvgateway.org/api/locations/61431641/","Brazil","Brazil","Country","http://aido.bsvgateway.org/api/locations/13410479/",-10.7808588289052,-53.092482362387,-10.7808588289052,"Leptospirosis"
"61431641.351",1996-09-08,1996-09-01,8,61431641,"31","61431641","P7D","http://aido.bsvgateway.org/api/locations/61431641/","Brazil","Brazil","Country","http://aido.bsvgateway.org/api/locations/13410479/",-53.092482362387,-53.092482362387,-10.7808588289052,"Leptospirosis"
"61431641.352",1996-09-15,1996-09-08,3,61431641,"31","61431641","P7D","http://aido.bsvgateway.org/api/locations/61431641/","Brazil","Brazil","Country","http://aido.bsvgateway.org/api/locations/13410479/",-10.7808588289052,-53.092482362387,-10.7808588289052,"Leptospirosis"
"61431641.353",1996-09-22,1996-09-15,6,61431641,"31","61431641","P7D","http://aido.bsvgateway.org/api/locations/61431641/","Brazil","Brazil","Country","http://aido.bsvgateway.org/api/locations/13410479/",-53.092482362387,-53.092482362387,-10.7808588289052,"Leptospirosis"
"61431641.354",1996-09-29,1996-09-22,3,61431641,"31","61431641","P7D","http://aido.bsvgateway.org/api/locations/61431641/","Brazil","Brazil","Country","http://aido.bsvgateway.org/api/locations/13410479/",-10.7808588289052,-53.092482362387,-10.7808588289052,"Leptospirosis"
"61431641.355",1996-10-06,1996-09-29,12,61431641,"31","61431641","P7D","http://aido.bsvgateway.org/api/locations/61431641/","Brazil","Brazil","Country","http://aido.bsvgateway.org/api/locations/13410479/",-53.092482362387,-53.092482362387,-10.7808588289052,"Leptospirosis"
"61431641.356",1996-10-13,1996-10-06,15,61431641,"31","61431641","P7D","http://aido.bsvgateway.org/api/locations/61431641/","Brazil","Brazil","Country","http://aido.bsvgateway.org/api/locations/13410479/",-10.7808588289052,-53.092482362387,-10.7808588289052,"Leptospirosis"
"61431641.357",1996-10-20,1996-10-13,4,61431641,"31","61431641","P7D","http://aido.bsvgateway.org/api/locations/61431641/","Brazil","Brazil","Country","http://aido.bsvgateway.org/api/locations/13410479/",-53.092482362387,-53.092482362387,-10.7808588289052,"Leptospirosis"
"61431641.358",1996-10-27,1996-10-20,4,61431641,"31","61431641","P7D","http://aido.bsvgateway.org/api/locations/61431641/","Brazil","Brazil","Country","http://aido.bsvgateway.org/api/locations/13410479/",-10.7808588289052,-53.092482362387,-10.7808588289052,"Leptospirosis"
"61431641.359",1996-11-03,1996-10-27,2,61431641,"31","61431641","P7D","http://aido.bsvgateway.org/api/locations/61431641/","Brazil","Brazil","Country","http://aido.bsvgateway.org/api/locations/13410479/",-53.092482362387,-53.092482362387,-10.7808588289052,"Leptospirosis"
