"","end","start","value","id","disease","location","duration","url","name","full_name","admin_level_name","parent","centroid_lat_long","longitude","latitude","disease_name"
"28953378.756",2005-05-30,2005-05-23,1,28953378,"62","28953378","P7D","http://aido.bsvgateway.org/api/locations/28953378/","Jawa Timur","Jawa Timur, Indonesia","State","http://aido.bsvgateway.org/api/locations/49417150/",-7.7299814501606,112.737507754319,-7.7299814501606,"Polio"
"28953378.757",2005-06-06,2005-05-30,1,28953378,"62","28953378","P7D","http://aido.bsvgateway.org/api/locations/28953378/","Jawa Timur","Jawa Timur, Indonesia","State","http://aido.bsvgateway.org/api/locations/49417150/",112.737507754319,112.737507754319,-7.7299814501606,"Polio"
"28953378.758",2005-06-13,2005-06-06,0,28953378,"62","28953378","P7D","http://aido.bsvgateway.org/api/locations/28953378/","Jawa Timur","Jawa Timur, Indonesia","State","http://aido.bsvgateway.org/api/locations/49417150/",-7.7299814501606,112.737507754319,-7.7299814501606,"Polio"
"28953378.759",2005-06-20,2005-06-13,3,28953378,"62","28953378","P7D","http://aido.bsvgateway.org/api/locations/28953378/","Jawa Timur","Jawa Timur, Indonesia","State","http://aido.bsvgateway.org/api/locations/49417150/",112.737507754319,112.737507754319,-7.7299814501606,"Polio"
"28953378.760",2005-06-27,2005-06-20,3,28953378,"62","28953378","P7D","http://aido.bsvgateway.org/api/locations/28953378/","Jawa Timur","Jawa Timur, Indonesia","State","http://aido.bsvgateway.org/api/locations/49417150/",-7.7299814501606,112.737507754319,-7.7299814501606,"Polio"
"28953378.761",2005-07-04,2005-06-27,3,28953378,"62","28953378","P7D","http://aido.bsvgateway.org/api/locations/28953378/","Jawa Timur","Jawa Timur, Indonesia","State","http://aido.bsvgateway.org/api/locations/49417150/",112.737507754319,112.737507754319,-7.7299814501606,"Polio"
"28953378.762",2005-07-11,2005-07-04,5,28953378,"62","28953378","P7D","http://aido.bsvgateway.org/api/locations/28953378/","Jawa Timur","Jawa Timur, Indonesia","State","http://aido.bsvgateway.org/api/locations/49417150/",-7.7299814501606,112.737507754319,-7.7299814501606,"Polio"
"28953378.763",2005-07-18,2005-07-11,12,28953378,"62","28953378","P7D","http://aido.bsvgateway.org/api/locations/28953378/","Jawa Timur","Jawa Timur, Indonesia","State","http://aido.bsvgateway.org/api/locations/49417150/",112.737507754319,112.737507754319,-7.7299814501606,"Polio"
"28953378.764",2005-07-25,2005-07-18,5,28953378,"62","28953378","P7D","http://aido.bsvgateway.org/api/locations/28953378/","Jawa Timur","Jawa Timur, Indonesia","State","http://aido.bsvgateway.org/api/locations/49417150/",-7.7299814501606,112.737507754319,-7.7299814501606,"Polio"
"28953378.765",2005-08-01,2005-07-25,5,28953378,"62","28953378","P7D","http://aido.bsvgateway.org/api/locations/28953378/","Jawa Timur","Jawa Timur, Indonesia","State","http://aido.bsvgateway.org/api/locations/49417150/",112.737507754319,112.737507754319,-7.7299814501606,"Polio"
"28953378.766",2005-08-08,2005-08-01,7,28953378,"62","28953378","P7D","http://aido.bsvgateway.org/api/locations/28953378/","Jawa Timur","Jawa Timur, Indonesia","State","http://aido.bsvgateway.org/api/locations/49417150/",-7.7299814501606,112.737507754319,-7.7299814501606,"Polio"
"28953378.767",2005-08-15,2005-08-08,3,28953378,"62","28953378","P7D","http://aido.bsvgateway.org/api/locations/28953378/","Jawa Timur","Jawa Timur, Indonesia","State","http://aido.bsvgateway.org/api/locations/49417150/",112.737507754319,112.737507754319,-7.7299814501606,"Polio"
"28953378.768",2005-08-22,2005-08-15,6,28953378,"62","28953378","P7D","http://aido.bsvgateway.org/api/locations/28953378/","Jawa Timur","Jawa Timur, Indonesia","State","http://aido.bsvgateway.org/api/locations/49417150/",-7.7299814501606,112.737507754319,-7.7299814501606,"Polio"
"28953378.769",2005-08-29,2005-08-22,0,28953378,"62","28953378","P7D","http://aido.bsvgateway.org/api/locations/28953378/","Jawa Timur","Jawa Timur, Indonesia","State","http://aido.bsvgateway.org/api/locations/49417150/",112.737507754319,112.737507754319,-7.7299814501606,"Polio"
"28953378.770",2005-09-05,2005-08-29,0,28953378,"62","28953378","P7D","http://aido.bsvgateway.org/api/locations/28953378/","Jawa Timur","Jawa Timur, Indonesia","State","http://aido.bsvgateway.org/api/locations/49417150/",-7.7299814501606,112.737507754319,-7.7299814501606,"Polio"
"28953378.771",2005-09-12,2005-09-05,3,28953378,"62","28953378","P7D","http://aido.bsvgateway.org/api/locations/28953378/","Jawa Timur","Jawa Timur, Indonesia","State","http://aido.bsvgateway.org/api/locations/49417150/",112.737507754319,112.737507754319,-7.7299814501606,"Polio"
"28953378.772",2005-09-19,2005-09-12,1,28953378,"62","28953378","P7D","http://aido.bsvgateway.org/api/locations/28953378/","Jawa Timur","Jawa Timur, Indonesia","State","http://aido.bsvgateway.org/api/locations/49417150/",-7.7299814501606,112.737507754319,-7.7299814501606,"Polio"
"28953378.773",2005-09-26,2005-09-19,0,28953378,"62","28953378","P7D","http://aido.bsvgateway.org/api/locations/28953378/","Jawa Timur","Jawa Timur, Indonesia","State","http://aido.bsvgateway.org/api/locations/49417150/",112.737507754319,112.737507754319,-7.7299814501606,"Polio"
"28953378.774",2005-10-03,2005-09-26,2,28953378,"62","28953378","P7D","http://aido.bsvgateway.org/api/locations/28953378/","Jawa Timur","Jawa Timur, Indonesia","State","http://aido.bsvgateway.org/api/locations/49417150/",-7.7299814501606,112.737507754319,-7.7299814501606,"Polio"
"28953378.775",2005-10-10,2005-10-03,0,28953378,"62","28953378","P7D","http://aido.bsvgateway.org/api/locations/28953378/","Jawa Timur","Jawa Timur, Indonesia","State","http://aido.bsvgateway.org/api/locations/49417150/",112.737507754319,112.737507754319,-7.7299814501606,"Polio"
"28953378.776",2005-10-17,2005-10-10,1,28953378,"62","28953378","P7D","http://aido.bsvgateway.org/api/locations/28953378/","Jawa Timur","Jawa Timur, Indonesia","State","http://aido.bsvgateway.org/api/locations/49417150/",-7.7299814501606,112.737507754319,-7.7299814501606,"Polio"
"28953378.777",2005-10-24,2005-10-17,0,28953378,"62","28953378","P7D","http://aido.bsvgateway.org/api/locations/28953378/","Jawa Timur","Jawa Timur, Indonesia","State","http://aido.bsvgateway.org/api/locations/49417150/",112.737507754319,112.737507754319,-7.7299814501606,"Polio"
"28953378.778",2005-10-31,2005-10-24,0,28953378,"62","28953378","P7D","http://aido.bsvgateway.org/api/locations/28953378/","Jawa Timur","Jawa Timur, Indonesia","State","http://aido.bsvgateway.org/api/locations/49417150/",-7.7299814501606,112.737507754319,-7.7299814501606,"Polio"
"28953378.779",2005-11-07,2005-10-31,0,28953378,"62","28953378","P7D","http://aido.bsvgateway.org/api/locations/28953378/","Jawa Timur","Jawa Timur, Indonesia","State","http://aido.bsvgateway.org/api/locations/49417150/",112.737507754319,112.737507754319,-7.7299814501606,"Polio"
"28953378.780",2005-11-14,2005-11-07,1,28953378,"62","28953378","P7D","http://aido.bsvgateway.org/api/locations/28953378/","Jawa Timur","Jawa Timur, Indonesia","State","http://aido.bsvgateway.org/api/locations/49417150/",-7.7299814501606,112.737507754319,-7.7299814501606,"Polio"
"28953378.781",2005-11-21,2005-11-14,0,28953378,"62","28953378","P7D","http://aido.bsvgateway.org/api/locations/28953378/","Jawa Timur","Jawa Timur, Indonesia","State","http://aido.bsvgateway.org/api/locations/49417150/",112.737507754319,112.737507754319,-7.7299814501606,"Polio"
"28953378.782",2005-11-28,2005-11-21,0,28953378,"62","28953378","P7D","http://aido.bsvgateway.org/api/locations/28953378/","Jawa Timur","Jawa Timur, Indonesia","State","http://aido.bsvgateway.org/api/locations/49417150/",-7.7299814501606,112.737507754319,-7.7299814501606,"Polio"
"28953378.783",2005-12-05,2005-11-28,1,28953378,"62","28953378","P7D","http://aido.bsvgateway.org/api/locations/28953378/","Jawa Timur","Jawa Timur, Indonesia","State","http://aido.bsvgateway.org/api/locations/49417150/",112.737507754319,112.737507754319,-7.7299814501606,"Polio"
"28953378.784",2005-12-12,2005-12-05,1,28953378,"62","28953378","P7D","http://aido.bsvgateway.org/api/locations/28953378/","Jawa Timur","Jawa Timur, Indonesia","State","http://aido.bsvgateway.org/api/locations/49417150/",-7.7299814501606,112.737507754319,-7.7299814501606,"Polio"
