"","end","start","value","id","disease","location","duration","url","name","full_name","admin_level_name","parent","centroid_lat_long","longitude","latitude","disease_name"
"253922372.26",2010-05-03,2010-04-26,22,253922372,"26","253922372","P7D","http://aido.bsvgateway.org/api/locations/253922372/","Cameroon","Cameroon","Country","http://aido.bsvgateway.org/api/locations/93632501/",5.69305820578531,12.7369841650656,5.69305820578531,"Cholera"
"253922372.27",2010-05-10,2010-05-03,38,253922372,"26","253922372","P7D","http://aido.bsvgateway.org/api/locations/253922372/","Cameroon","Cameroon","Country","http://aido.bsvgateway.org/api/locations/93632501/",12.7369841650656,12.7369841650656,5.69305820578531,"Cholera"
"253922372.28",2010-05-17,2010-05-10,15,253922372,"26","253922372","P7D","http://aido.bsvgateway.org/api/locations/253922372/","Cameroon","Cameroon","Country","http://aido.bsvgateway.org/api/locations/93632501/",5.69305820578531,12.7369841650656,5.69305820578531,"Cholera"
"253922372.29",2010-05-24,2010-05-17,11,253922372,"26","253922372","P7D","http://aido.bsvgateway.org/api/locations/253922372/","Cameroon","Cameroon","Country","http://aido.bsvgateway.org/api/locations/93632501/",12.7369841650656,12.7369841650656,5.69305820578531,"Cholera"
"253922372.30",2010-05-31,2010-05-24,27,253922372,"26","253922372","P7D","http://aido.bsvgateway.org/api/locations/253922372/","Cameroon","Cameroon","Country","http://aido.bsvgateway.org/api/locations/93632501/",5.69305820578531,12.7369841650656,5.69305820578531,"Cholera"
"253922372.31",2010-06-07,2010-05-31,28,253922372,"26","253922372","P7D","http://aido.bsvgateway.org/api/locations/253922372/","Cameroon","Cameroon","Country","http://aido.bsvgateway.org/api/locations/93632501/",12.7369841650656,12.7369841650656,5.69305820578531,"Cholera"
"253922372.32",2010-06-14,2010-06-07,61,253922372,"26","253922372","P7D","http://aido.bsvgateway.org/api/locations/253922372/","Cameroon","Cameroon","Country","http://aido.bsvgateway.org/api/locations/93632501/",5.69305820578531,12.7369841650656,5.69305820578531,"Cholera"
"253922372.33",2010-06-21,2010-06-14,125,253922372,"26","253922372","P7D","http://aido.bsvgateway.org/api/locations/253922372/","Cameroon","Cameroon","Country","http://aido.bsvgateway.org/api/locations/93632501/",12.7369841650656,12.7369841650656,5.69305820578531,"Cholera"
"253922372.34",2010-06-28,2010-06-21,197,253922372,"26","253922372","P7D","http://aido.bsvgateway.org/api/locations/253922372/","Cameroon","Cameroon","Country","http://aido.bsvgateway.org/api/locations/93632501/",5.69305820578531,12.7369841650656,5.69305820578531,"Cholera"
"253922372.35",2010-07-05,2010-06-28,170,253922372,"26","253922372","P7D","http://aido.bsvgateway.org/api/locations/253922372/","Cameroon","Cameroon","Country","http://aido.bsvgateway.org/api/locations/93632501/",12.7369841650656,12.7369841650656,5.69305820578531,"Cholera"
"253922372.36",2010-07-12,2010-07-05,292,253922372,"26","253922372","P7D","http://aido.bsvgateway.org/api/locations/253922372/","Cameroon","Cameroon","Country","http://aido.bsvgateway.org/api/locations/93632501/",5.69305820578531,12.7369841650656,5.69305820578531,"Cholera"
"253922372.37",2010-07-19,2010-07-12,307,253922372,"26","253922372","P7D","http://aido.bsvgateway.org/api/locations/253922372/","Cameroon","Cameroon","Country","http://aido.bsvgateway.org/api/locations/93632501/",12.7369841650656,12.7369841650656,5.69305820578531,"Cholera"
"253922372.38",2010-07-26,2010-07-19,451,253922372,"26","253922372","P7D","http://aido.bsvgateway.org/api/locations/253922372/","Cameroon","Cameroon","Country","http://aido.bsvgateway.org/api/locations/93632501/",5.69305820578531,12.7369841650656,5.69305820578531,"Cholera"
"253922372.39",2010-08-02,2010-07-26,598,253922372,"26","253922372","P7D","http://aido.bsvgateway.org/api/locations/253922372/","Cameroon","Cameroon","Country","http://aido.bsvgateway.org/api/locations/93632501/",12.7369841650656,12.7369841650656,5.69305820578531,"Cholera"
"253922372.40",2010-08-09,2010-08-02,754,253922372,"26","253922372","P7D","http://aido.bsvgateway.org/api/locations/253922372/","Cameroon","Cameroon","Country","http://aido.bsvgateway.org/api/locations/93632501/",5.69305820578531,12.7369841650656,5.69305820578531,"Cholera"
"253922372.41",2010-08-16,2010-08-09,795,253922372,"26","253922372","P7D","http://aido.bsvgateway.org/api/locations/253922372/","Cameroon","Cameroon","Country","http://aido.bsvgateway.org/api/locations/93632501/",12.7369841650656,12.7369841650656,5.69305820578531,"Cholera"
"253922372.42",2010-08-23,2010-08-16,947,253922372,"26","253922372","P7D","http://aido.bsvgateway.org/api/locations/253922372/","Cameroon","Cameroon","Country","http://aido.bsvgateway.org/api/locations/93632501/",5.69305820578531,12.7369841650656,5.69305820578531,"Cholera"
"253922372.43",2010-08-30,2010-08-23,928,253922372,"26","253922372","P7D","http://aido.bsvgateway.org/api/locations/253922372/","Cameroon","Cameroon","Country","http://aido.bsvgateway.org/api/locations/93632501/",12.7369841650656,12.7369841650656,5.69305820578531,"Cholera"
"253922372.44",2010-09-06,2010-08-30,799,253922372,"26","253922372","P7D","http://aido.bsvgateway.org/api/locations/253922372/","Cameroon","Cameroon","Country","http://aido.bsvgateway.org/api/locations/93632501/",5.69305820578531,12.7369841650656,5.69305820578531,"Cholera"
"253922372.45",2010-09-13,2010-09-06,739,253922372,"26","253922372","P7D","http://aido.bsvgateway.org/api/locations/253922372/","Cameroon","Cameroon","Country","http://aido.bsvgateway.org/api/locations/93632501/",12.7369841650656,12.7369841650656,5.69305820578531,"Cholera"
"253922372.46",2010-09-20,2010-09-13,587,253922372,"26","253922372","P7D","http://aido.bsvgateway.org/api/locations/253922372/","Cameroon","Cameroon","Country","http://aido.bsvgateway.org/api/locations/93632501/",5.69305820578531,12.7369841650656,5.69305820578531,"Cholera"
"253922372.47",2010-09-27,2010-09-20,402,253922372,"26","253922372","P7D","http://aido.bsvgateway.org/api/locations/253922372/","Cameroon","Cameroon","Country","http://aido.bsvgateway.org/api/locations/93632501/",12.7369841650656,12.7369841650656,5.69305820578531,"Cholera"
"253922372.48",2010-10-04,2010-09-27,337,253922372,"26","253922372","P7D","http://aido.bsvgateway.org/api/locations/253922372/","Cameroon","Cameroon","Country","http://aido.bsvgateway.org/api/locations/93632501/",5.69305820578531,12.7369841650656,5.69305820578531,"Cholera"
"253922372.49",2010-10-11,2010-10-04,261,253922372,"26","253922372","P7D","http://aido.bsvgateway.org/api/locations/253922372/","Cameroon","Cameroon","Country","http://aido.bsvgateway.org/api/locations/93632501/",12.7369841650656,12.7369841650656,5.69305820578531,"Cholera"
"253922372.50",2010-10-18,2010-10-11,246,253922372,"26","253922372","P7D","http://aido.bsvgateway.org/api/locations/253922372/","Cameroon","Cameroon","Country","http://aido.bsvgateway.org/api/locations/93632501/",5.69305820578531,12.7369841650656,5.69305820578531,"Cholera"
"253922372.51",2010-10-25,2010-10-18,261,253922372,"26","253922372","P7D","http://aido.bsvgateway.org/api/locations/253922372/","Cameroon","Cameroon","Country","http://aido.bsvgateway.org/api/locations/93632501/",12.7369841650656,12.7369841650656,5.69305820578531,"Cholera"
"253922372.52",2010-11-01,2010-10-25,155,253922372,"26","253922372","P7D","http://aido.bsvgateway.org/api/locations/253922372/","Cameroon","Cameroon","Country","http://aido.bsvgateway.org/api/locations/93632501/",5.69305820578531,12.7369841650656,5.69305820578531,"Cholera"
"253922372.53",2010-11-08,2010-11-01,201,253922372,"26","253922372","P7D","http://aido.bsvgateway.org/api/locations/253922372/","Cameroon","Cameroon","Country","http://aido.bsvgateway.org/api/locations/93632501/",12.7369841650656,12.7369841650656,5.69305820578531,"Cholera"
"253922372.54",2010-11-15,2010-11-08,189,253922372,"26","253922372","P7D","http://aido.bsvgateway.org/api/locations/253922372/","Cameroon","Cameroon","Country","http://aido.bsvgateway.org/api/locations/93632501/",5.69305820578531,12.7369841650656,5.69305820578531,"Cholera"
"253922372.55",2010-11-22,2010-11-15,205,253922372,"26","253922372","P7D","http://aido.bsvgateway.org/api/locations/253922372/","Cameroon","Cameroon","Country","http://aido.bsvgateway.org/api/locations/93632501/",12.7369841650656,12.7369841650656,5.69305820578531,"Cholera"
"253922372.56",2010-11-29,2010-11-22,182,253922372,"26","253922372","P7D","http://aido.bsvgateway.org/api/locations/253922372/","Cameroon","Cameroon","Country","http://aido.bsvgateway.org/api/locations/93632501/",5.69305820578531,12.7369841650656,5.69305820578531,"Cholera"
"253922372.57",2010-12-06,2010-11-29,140,253922372,"26","253922372","P7D","http://aido.bsvgateway.org/api/locations/253922372/","Cameroon","Cameroon","Country","http://aido.bsvgateway.org/api/locations/93632501/",12.7369841650656,12.7369841650656,5.69305820578531,"Cholera"
"253922372.58",2010-12-13,2010-12-06,129,253922372,"26","253922372","P7D","http://aido.bsvgateway.org/api/locations/253922372/","Cameroon","Cameroon","Country","http://aido.bsvgateway.org/api/locations/93632501/",5.69305820578531,12.7369841650656,5.69305820578531,"Cholera"
"253922372.59",2010-12-20,2010-12-13,144,253922372,"26","253922372","P7D","http://aido.bsvgateway.org/api/locations/253922372/","Cameroon","Cameroon","Country","http://aido.bsvgateway.org/api/locations/93632501/",12.7369841650656,12.7369841650656,5.69305820578531,"Cholera"
"253922372.60",2010-12-27,2010-12-20,197,253922372,"26","253922372","P7D","http://aido.bsvgateway.org/api/locations/253922372/","Cameroon","Cameroon","Country","http://aido.bsvgateway.org/api/locations/93632501/",5.69305820578531,12.7369841650656,5.69305820578531,"Cholera"
"253922372.61",2011-01-03,2010-12-27,144,253922372,"26","253922372","P7D","http://aido.bsvgateway.org/api/locations/253922372/","Cameroon","Cameroon","Country","http://aido.bsvgateway.org/api/locations/93632501/",12.7369841650656,12.7369841650656,5.69305820578531,"Cholera"
"253922372.62",2011-01-10,2011-01-03,110,253922372,"26","253922372","P7D","http://aido.bsvgateway.org/api/locations/253922372/","Cameroon","Cameroon","Country","http://aido.bsvgateway.org/api/locations/93632501/",5.69305820578531,12.7369841650656,5.69305820578531,"Cholera"
"253922372.63",2011-01-10,2011-01-03,142,253922372,"26","253922372","P7D","http://aido.bsvgateway.org/api/locations/253922372/","Cameroon","Cameroon","Country","http://aido.bsvgateway.org/api/locations/93632501/",12.7369841650656,12.7369841650656,5.69305820578531,"Cholera"
"253922372.64",2011-01-17,2011-01-10,101,253922372,"26","253922372","P7D","http://aido.bsvgateway.org/api/locations/253922372/","Cameroon","Cameroon","Country","http://aido.bsvgateway.org/api/locations/93632501/",5.69305820578531,12.7369841650656,5.69305820578531,"Cholera"
"253922372.65",2011-01-24,2011-01-17,141,253922372,"26","253922372","P7D","http://aido.bsvgateway.org/api/locations/253922372/","Cameroon","Cameroon","Country","http://aido.bsvgateway.org/api/locations/93632501/",12.7369841650656,12.7369841650656,5.69305820578531,"Cholera"
"253922372.66",2011-01-31,2011-01-24,75,253922372,"26","253922372","P7D","http://aido.bsvgateway.org/api/locations/253922372/","Cameroon","Cameroon","Country","http://aido.bsvgateway.org/api/locations/93632501/",5.69305820578531,12.7369841650656,5.69305820578531,"Cholera"
"253922372.67",2011-02-07,2011-01-31,115,253922372,"26","253922372","P7D","http://aido.bsvgateway.org/api/locations/253922372/","Cameroon","Cameroon","Country","http://aido.bsvgateway.org/api/locations/93632501/",12.7369841650656,12.7369841650656,5.69305820578531,"Cholera"
"253922372.68",2011-02-14,2011-02-07,168,253922372,"26","253922372","P7D","http://aido.bsvgateway.org/api/locations/253922372/","Cameroon","Cameroon","Country","http://aido.bsvgateway.org/api/locations/93632501/",5.69305820578531,12.7369841650656,5.69305820578531,"Cholera"
"253922372.69",2011-02-21,2011-02-14,196,253922372,"26","253922372","P7D","http://aido.bsvgateway.org/api/locations/253922372/","Cameroon","Cameroon","Country","http://aido.bsvgateway.org/api/locations/93632501/",12.7369841650656,12.7369841650656,5.69305820578531,"Cholera"
"253922372.70",2011-02-28,2011-02-21,188,253922372,"26","253922372","P7D","http://aido.bsvgateway.org/api/locations/253922372/","Cameroon","Cameroon","Country","http://aido.bsvgateway.org/api/locations/93632501/",5.69305820578531,12.7369841650656,5.69305820578531,"Cholera"
"253922372.71",2011-03-07,2011-02-28,203,253922372,"26","253922372","P7D","http://aido.bsvgateway.org/api/locations/253922372/","Cameroon","Cameroon","Country","http://aido.bsvgateway.org/api/locations/93632501/",12.7369841650656,12.7369841650656,5.69305820578531,"Cholera"
"253922372.72",2011-03-14,2011-03-07,201,253922372,"26","253922372","P7D","http://aido.bsvgateway.org/api/locations/253922372/","Cameroon","Cameroon","Country","http://aido.bsvgateway.org/api/locations/93632501/",5.69305820578531,12.7369841650656,5.69305820578531,"Cholera"
"253922372.73",2011-03-21,2011-03-14,306,253922372,"26","253922372","P7D","http://aido.bsvgateway.org/api/locations/253922372/","Cameroon","Cameroon","Country","http://aido.bsvgateway.org/api/locations/93632501/",12.7369841650656,12.7369841650656,5.69305820578531,"Cholera"
"253922372.74",2011-03-28,2011-03-21,522,253922372,"26","253922372","P7D","http://aido.bsvgateway.org/api/locations/253922372/","Cameroon","Cameroon","Country","http://aido.bsvgateway.org/api/locations/93632501/",5.69305820578531,12.7369841650656,5.69305820578531,"Cholera"
"253922372.75",2011-04-04,2011-03-28,391,253922372,"26","253922372","P7D","http://aido.bsvgateway.org/api/locations/253922372/","Cameroon","Cameroon","Country","http://aido.bsvgateway.org/api/locations/93632501/",12.7369841650656,12.7369841650656,5.69305820578531,"Cholera"
"253922372.76",2011-04-11,2011-04-04,430,253922372,"26","253922372","P7D","http://aido.bsvgateway.org/api/locations/253922372/","Cameroon","Cameroon","Country","http://aido.bsvgateway.org/api/locations/93632501/",5.69305820578531,12.7369841650656,5.69305820578531,"Cholera"
"253922372.77",2011-04-18,2011-04-11,397,253922372,"26","253922372","P7D","http://aido.bsvgateway.org/api/locations/253922372/","Cameroon","Cameroon","Country","http://aido.bsvgateway.org/api/locations/93632501/",12.7369841650656,12.7369841650656,5.69305820578531,"Cholera"
"253922372.78",2011-04-25,2011-04-18,524,253922372,"26","253922372","P7D","http://aido.bsvgateway.org/api/locations/253922372/","Cameroon","Cameroon","Country","http://aido.bsvgateway.org/api/locations/93632501/",5.69305820578531,12.7369841650656,5.69305820578531,"Cholera"
"253922372.79",2011-05-02,2011-04-25,556,253922372,"26","253922372","P7D","http://aido.bsvgateway.org/api/locations/253922372/","Cameroon","Cameroon","Country","http://aido.bsvgateway.org/api/locations/93632501/",12.7369841650656,12.7369841650656,5.69305820578531,"Cholera"
"253922372.80",2011-05-09,2011-05-02,544,253922372,"26","253922372","P7D","http://aido.bsvgateway.org/api/locations/253922372/","Cameroon","Cameroon","Country","http://aido.bsvgateway.org/api/locations/93632501/",5.69305820578531,12.7369841650656,5.69305820578531,"Cholera"
"253922372.81",2011-05-16,2011-05-09,690,253922372,"26","253922372","P7D","http://aido.bsvgateway.org/api/locations/253922372/","Cameroon","Cameroon","Country","http://aido.bsvgateway.org/api/locations/93632501/",12.7369841650656,12.7369841650656,5.69305820578531,"Cholera"
"253922372.82",2011-05-23,2011-05-16,503,253922372,"26","253922372","P7D","http://aido.bsvgateway.org/api/locations/253922372/","Cameroon","Cameroon","Country","http://aido.bsvgateway.org/api/locations/93632501/",5.69305820578531,12.7369841650656,5.69305820578531,"Cholera"
"253922372.83",2011-05-30,2011-05-23,608,253922372,"26","253922372","P7D","http://aido.bsvgateway.org/api/locations/253922372/","Cameroon","Cameroon","Country","http://aido.bsvgateway.org/api/locations/93632501/",12.7369841650656,12.7369841650656,5.69305820578531,"Cholera"
"253922372.84",2011-06-06,2011-05-30,489,253922372,"26","253922372","P7D","http://aido.bsvgateway.org/api/locations/253922372/","Cameroon","Cameroon","Country","http://aido.bsvgateway.org/api/locations/93632501/",5.69305820578531,12.7369841650656,5.69305820578531,"Cholera"
"253922372.85",2011-06-13,2011-06-06,441,253922372,"26","253922372","P7D","http://aido.bsvgateway.org/api/locations/253922372/","Cameroon","Cameroon","Country","http://aido.bsvgateway.org/api/locations/93632501/",12.7369841650656,12.7369841650656,5.69305820578531,"Cholera"
"253922372.86",2011-06-20,2011-06-13,419,253922372,"26","253922372","P7D","http://aido.bsvgateway.org/api/locations/253922372/","Cameroon","Cameroon","Country","http://aido.bsvgateway.org/api/locations/93632501/",5.69305820578531,12.7369841650656,5.69305820578531,"Cholera"
"253922372.87",2011-06-27,2011-06-20,368,253922372,"26","253922372","P7D","http://aido.bsvgateway.org/api/locations/253922372/","Cameroon","Cameroon","Country","http://aido.bsvgateway.org/api/locations/93632501/",12.7369841650656,12.7369841650656,5.69305820578531,"Cholera"
"253922372.88",2011-07-04,2011-06-27,257,253922372,"26","253922372","P7D","http://aido.bsvgateway.org/api/locations/253922372/","Cameroon","Cameroon","Country","http://aido.bsvgateway.org/api/locations/93632501/",5.69305820578531,12.7369841650656,5.69305820578531,"Cholera"
"253922372.89",2011-07-11,2011-07-04,580,253922372,"26","253922372","P7D","http://aido.bsvgateway.org/api/locations/253922372/","Cameroon","Cameroon","Country","http://aido.bsvgateway.org/api/locations/93632501/",12.7369841650656,12.7369841650656,5.69305820578531,"Cholera"
"253922372.90",2011-07-18,2011-07-11,629,253922372,"26","253922372","P7D","http://aido.bsvgateway.org/api/locations/253922372/","Cameroon","Cameroon","Country","http://aido.bsvgateway.org/api/locations/93632501/",5.69305820578531,12.7369841650656,5.69305820578531,"Cholera"
"253922372.91",2011-07-25,2011-07-18,529,253922372,"26","253922372","P7D","http://aido.bsvgateway.org/api/locations/253922372/","Cameroon","Cameroon","Country","http://aido.bsvgateway.org/api/locations/93632501/",12.7369841650656,12.7369841650656,5.69305820578531,"Cholera"
"253922372.92",2011-08-01,2011-07-25,529,253922372,"26","253922372","P7D","http://aido.bsvgateway.org/api/locations/253922372/","Cameroon","Cameroon","Country","http://aido.bsvgateway.org/api/locations/93632501/",5.69305820578531,12.7369841650656,5.69305820578531,"Cholera"
"253922372.93",2011-08-08,2011-08-01,712,253922372,"26","253922372","P7D","http://aido.bsvgateway.org/api/locations/253922372/","Cameroon","Cameroon","Country","http://aido.bsvgateway.org/api/locations/93632501/",12.7369841650656,12.7369841650656,5.69305820578531,"Cholera"
"253922372.94",2011-08-15,2011-08-08,496,253922372,"26","253922372","P7D","http://aido.bsvgateway.org/api/locations/253922372/","Cameroon","Cameroon","Country","http://aido.bsvgateway.org/api/locations/93632501/",5.69305820578531,12.7369841650656,5.69305820578531,"Cholera"
"253922372.95",2011-08-22,2011-08-15,754,253922372,"26","253922372","P7D","http://aido.bsvgateway.org/api/locations/253922372/","Cameroon","Cameroon","Country","http://aido.bsvgateway.org/api/locations/93632501/",12.7369841650656,12.7369841650656,5.69305820578531,"Cholera"
"253922372.96",2011-08-29,2011-08-22,688,253922372,"26","253922372","P7D","http://aido.bsvgateway.org/api/locations/253922372/","Cameroon","Cameroon","Country","http://aido.bsvgateway.org/api/locations/93632501/",5.69305820578531,12.7369841650656,5.69305820578531,"Cholera"
"253922372.97",2011-09-05,2011-08-29,467,253922372,"26","253922372","P7D","http://aido.bsvgateway.org/api/locations/253922372/","Cameroon","Cameroon","Country","http://aido.bsvgateway.org/api/locations/93632501/",12.7369841650656,12.7369841650656,5.69305820578531,"Cholera"
"253922372.98",2011-09-12,2011-09-05,224,253922372,"26","253922372","P7D","http://aido.bsvgateway.org/api/locations/253922372/","Cameroon","Cameroon","Country","http://aido.bsvgateway.org/api/locations/93632501/",5.69305820578531,12.7369841650656,5.69305820578531,"Cholera"
"253922372.99",2011-09-19,2011-09-12,112,253922372,"26","253922372","P7D","http://aido.bsvgateway.org/api/locations/253922372/","Cameroon","Cameroon","Country","http://aido.bsvgateway.org/api/locations/93632501/",12.7369841650656,12.7369841650656,5.69305820578531,"Cholera"
