"","end","start","value","id","disease","location","duration","url","name","full_name","admin_level_name","parent","centroid_lat_long","longitude","latitude","disease_name"
"255921706.158",2014-03-04,2014-03-03,0,255921706,"69","255921706","P1D","http://aido.bsvgateway.org/api/locations/255921706/","Philippines","Philippines","Country","http://aido.bsvgateway.org/api/locations/20359812/",11.7630150663054,122.874484257167,11.7630150663054,"Nipah"
"255921706.159",2014-03-05,2014-03-04,0,255921706,"69","255921706","P1D","http://aido.bsvgateway.org/api/locations/255921706/","Philippines","Philippines","Country","http://aido.bsvgateway.org/api/locations/20359812/",122.874484257167,122.874484257167,11.7630150663054,"Nipah"
"255921706.160",2014-03-06,2014-03-05,0,255921706,"69","255921706","P1D","http://aido.bsvgateway.org/api/locations/255921706/","Philippines","Philippines","Country","http://aido.bsvgateway.org/api/locations/20359812/",11.7630150663054,122.874484257167,11.7630150663054,"Nipah"
"255921706.161",2014-03-07,2014-03-06,0,255921706,"69","255921706","P1D","http://aido.bsvgateway.org/api/locations/255921706/","Philippines","Philippines","Country","http://aido.bsvgateway.org/api/locations/20359812/",122.874484257167,122.874484257167,11.7630150663054,"Nipah"
"255921706.162",2014-03-08,2014-03-07,0,255921706,"69","255921706","P1D","http://aido.bsvgateway.org/api/locations/255921706/","Philippines","Philippines","Country","http://aido.bsvgateway.org/api/locations/20359812/",11.7630150663054,122.874484257167,11.7630150663054,"Nipah"
"255921706.163",2014-03-09,2014-03-08,0,255921706,"69","255921706","P1D","http://aido.bsvgateway.org/api/locations/255921706/","Philippines","Philippines","Country","http://aido.bsvgateway.org/api/locations/20359812/",122.874484257167,122.874484257167,11.7630150663054,"Nipah"
"255921706.164",2014-03-10,2014-03-09,0,255921706,"69","255921706","P1D","http://aido.bsvgateway.org/api/locations/255921706/","Philippines","Philippines","Country","http://aido.bsvgateway.org/api/locations/20359812/",11.7630150663054,122.874484257167,11.7630150663054,"Nipah"
"255921706.165",2014-03-11,2014-03-10,1,255921706,"69","255921706","P1D","http://aido.bsvgateway.org/api/locations/255921706/","Philippines","Philippines","Country","http://aido.bsvgateway.org/api/locations/20359812/",122.874484257167,122.874484257167,11.7630150663054,"Nipah"
"255921706.166",2014-03-12,2014-03-11,0,255921706,"69","255921706","P1D","http://aido.bsvgateway.org/api/locations/255921706/","Philippines","Philippines","Country","http://aido.bsvgateway.org/api/locations/20359812/",11.7630150663054,122.874484257167,11.7630150663054,"Nipah"
"255921706.167",2014-03-13,2014-03-12,0,255921706,"69","255921706","P1D","http://aido.bsvgateway.org/api/locations/255921706/","Philippines","Philippines","Country","http://aido.bsvgateway.org/api/locations/20359812/",122.874484257167,122.874484257167,11.7630150663054,"Nipah"
"255921706.168",2014-03-14,2014-03-13,0,255921706,"69","255921706","P1D","http://aido.bsvgateway.org/api/locations/255921706/","Philippines","Philippines","Country","http://aido.bsvgateway.org/api/locations/20359812/",11.7630150663054,122.874484257167,11.7630150663054,"Nipah"
"255921706.169",2014-03-15,2014-03-14,1,255921706,"69","255921706","P1D","http://aido.bsvgateway.org/api/locations/255921706/","Philippines","Philippines","Country","http://aido.bsvgateway.org/api/locations/20359812/",122.874484257167,122.874484257167,11.7630150663054,"Nipah"
"255921706.170",2014-03-16,2014-03-15,0,255921706,"69","255921706","P1D","http://aido.bsvgateway.org/api/locations/255921706/","Philippines","Philippines","Country","http://aido.bsvgateway.org/api/locations/20359812/",11.7630150663054,122.874484257167,11.7630150663054,"Nipah"
"255921706.171",2014-03-17,2014-03-16,0,255921706,"69","255921706","P1D","http://aido.bsvgateway.org/api/locations/255921706/","Philippines","Philippines","Country","http://aido.bsvgateway.org/api/locations/20359812/",122.874484257167,122.874484257167,11.7630150663054,"Nipah"
"255921706.172",2014-03-18,2014-03-17,0,255921706,"69","255921706","P1D","http://aido.bsvgateway.org/api/locations/255921706/","Philippines","Philippines","Country","http://aido.bsvgateway.org/api/locations/20359812/",11.7630150663054,122.874484257167,11.7630150663054,"Nipah"
"255921706.173",2014-03-19,2014-03-18,0,255921706,"69","255921706","P1D","http://aido.bsvgateway.org/api/locations/255921706/","Philippines","Philippines","Country","http://aido.bsvgateway.org/api/locations/20359812/",122.874484257167,122.874484257167,11.7630150663054,"Nipah"
"255921706.174",2014-03-20,2014-03-19,0,255921706,"69","255921706","P1D","http://aido.bsvgateway.org/api/locations/255921706/","Philippines","Philippines","Country","http://aido.bsvgateway.org/api/locations/20359812/",11.7630150663054,122.874484257167,11.7630150663054,"Nipah"
"255921706.175",2014-03-21,2014-03-20,0,255921706,"69","255921706","P1D","http://aido.bsvgateway.org/api/locations/255921706/","Philippines","Philippines","Country","http://aido.bsvgateway.org/api/locations/20359812/",122.874484257167,122.874484257167,11.7630150663054,"Nipah"
"255921706.176",2014-03-22,2014-03-21,0,255921706,"69","255921706","P1D","http://aido.bsvgateway.org/api/locations/255921706/","Philippines","Philippines","Country","http://aido.bsvgateway.org/api/locations/20359812/",11.7630150663054,122.874484257167,11.7630150663054,"Nipah"
"255921706.177",2014-03-23,2014-03-22,1,255921706,"69","255921706","P1D","http://aido.bsvgateway.org/api/locations/255921706/","Philippines","Philippines","Country","http://aido.bsvgateway.org/api/locations/20359812/",122.874484257167,122.874484257167,11.7630150663054,"Nipah"
"255921706.178",2014-03-24,2014-03-23,0,255921706,"69","255921706","P1D","http://aido.bsvgateway.org/api/locations/255921706/","Philippines","Philippines","Country","http://aido.bsvgateway.org/api/locations/20359812/",11.7630150663054,122.874484257167,11.7630150663054,"Nipah"
"255921706.179",2014-03-25,2014-03-24,1,255921706,"69","255921706","P1D","http://aido.bsvgateway.org/api/locations/255921706/","Philippines","Philippines","Country","http://aido.bsvgateway.org/api/locations/20359812/",122.874484257167,122.874484257167,11.7630150663054,"Nipah"
"255921706.180",2014-03-26,2014-03-25,0,255921706,"69","255921706","P1D","http://aido.bsvgateway.org/api/locations/255921706/","Philippines","Philippines","Country","http://aido.bsvgateway.org/api/locations/20359812/",11.7630150663054,122.874484257167,11.7630150663054,"Nipah"
"255921706.181",2014-03-27,2014-03-26,1,255921706,"69","255921706","P1D","http://aido.bsvgateway.org/api/locations/255921706/","Philippines","Philippines","Country","http://aido.bsvgateway.org/api/locations/20359812/",122.874484257167,122.874484257167,11.7630150663054,"Nipah"
"255921706.182",2014-03-28,2014-03-27,0,255921706,"69","255921706","P1D","http://aido.bsvgateway.org/api/locations/255921706/","Philippines","Philippines","Country","http://aido.bsvgateway.org/api/locations/20359812/",11.7630150663054,122.874484257167,11.7630150663054,"Nipah"
"255921706.183",2014-03-29,2014-03-28,1,255921706,"69","255921706","P1D","http://aido.bsvgateway.org/api/locations/255921706/","Philippines","Philippines","Country","http://aido.bsvgateway.org/api/locations/20359812/",122.874484257167,122.874484257167,11.7630150663054,"Nipah"
"255921706.184",2014-03-30,2014-03-29,0,255921706,"69","255921706","P1D","http://aido.bsvgateway.org/api/locations/255921706/","Philippines","Philippines","Country","http://aido.bsvgateway.org/api/locations/20359812/",11.7630150663054,122.874484257167,11.7630150663054,"Nipah"
"255921706.185",2014-03-31,2014-03-30,0,255921706,"69","255921706","P1D","http://aido.bsvgateway.org/api/locations/255921706/","Philippines","Philippines","Country","http://aido.bsvgateway.org/api/locations/20359812/",122.874484257167,122.874484257167,11.7630150663054,"Nipah"
"255921706.186",2014-04-01,2014-03-31,1,255921706,"69","255921706","P1D","http://aido.bsvgateway.org/api/locations/255921706/","Philippines","Philippines","Country","http://aido.bsvgateway.org/api/locations/20359812/",11.7630150663054,122.874484257167,11.7630150663054,"Nipah"
"255921706.187",2014-04-02,2014-04-01,0,255921706,"69","255921706","P1D","http://aido.bsvgateway.org/api/locations/255921706/","Philippines","Philippines","Country","http://aido.bsvgateway.org/api/locations/20359812/",122.874484257167,122.874484257167,11.7630150663054,"Nipah"
"255921706.188",2014-04-03,2014-04-02,1,255921706,"69","255921706","P1D","http://aido.bsvgateway.org/api/locations/255921706/","Philippines","Philippines","Country","http://aido.bsvgateway.org/api/locations/20359812/",11.7630150663054,122.874484257167,11.7630150663054,"Nipah"
"255921706.189",2014-04-04,2014-04-03,0,255921706,"69","255921706","P1D","http://aido.bsvgateway.org/api/locations/255921706/","Philippines","Philippines","Country","http://aido.bsvgateway.org/api/locations/20359812/",122.874484257167,122.874484257167,11.7630150663054,"Nipah"
"255921706.190",2014-04-05,2014-04-04,1,255921706,"69","255921706","P1D","http://aido.bsvgateway.org/api/locations/255921706/","Philippines","Philippines","Country","http://aido.bsvgateway.org/api/locations/20359812/",11.7630150663054,122.874484257167,11.7630150663054,"Nipah"
"255921706.191",2014-04-06,2014-04-05,0,255921706,"69","255921706","P1D","http://aido.bsvgateway.org/api/locations/255921706/","Philippines","Philippines","Country","http://aido.bsvgateway.org/api/locations/20359812/",122.874484257167,122.874484257167,11.7630150663054,"Nipah"
"255921706.192",2014-04-07,2014-04-06,1,255921706,"69","255921706","P1D","http://aido.bsvgateway.org/api/locations/255921706/","Philippines","Philippines","Country","http://aido.bsvgateway.org/api/locations/20359812/",11.7630150663054,122.874484257167,11.7630150663054,"Nipah"
"255921706.193",2014-04-08,2014-04-07,2,255921706,"69","255921706","P1D","http://aido.bsvgateway.org/api/locations/255921706/","Philippines","Philippines","Country","http://aido.bsvgateway.org/api/locations/20359812/",122.874484257167,122.874484257167,11.7630150663054,"Nipah"
"255921706.194",2014-04-09,2014-04-08,0,255921706,"69","255921706","P1D","http://aido.bsvgateway.org/api/locations/255921706/","Philippines","Philippines","Country","http://aido.bsvgateway.org/api/locations/20359812/",11.7630150663054,122.874484257167,11.7630150663054,"Nipah"
"255921706.195",2014-04-10,2014-04-09,0,255921706,"69","255921706","P1D","http://aido.bsvgateway.org/api/locations/255921706/","Philippines","Philippines","Country","http://aido.bsvgateway.org/api/locations/20359812/",122.874484257167,122.874484257167,11.7630150663054,"Nipah"
"255921706.196",2014-04-11,2014-04-10,0,255921706,"69","255921706","P1D","http://aido.bsvgateway.org/api/locations/255921706/","Philippines","Philippines","Country","http://aido.bsvgateway.org/api/locations/20359812/",11.7630150663054,122.874484257167,11.7630150663054,"Nipah"
"255921706.197",2014-04-12,2014-04-11,1,255921706,"69","255921706","P1D","http://aido.bsvgateway.org/api/locations/255921706/","Philippines","Philippines","Country","http://aido.bsvgateway.org/api/locations/20359812/",122.874484257167,122.874484257167,11.7630150663054,"Nipah"
"255921706.198",2014-04-13,2014-04-12,0,255921706,"69","255921706","P1D","http://aido.bsvgateway.org/api/locations/255921706/","Philippines","Philippines","Country","http://aido.bsvgateway.org/api/locations/20359812/",11.7630150663054,122.874484257167,11.7630150663054,"Nipah"
"255921706.199",2014-04-14,2014-04-13,0,255921706,"69","255921706","P1D","http://aido.bsvgateway.org/api/locations/255921706/","Philippines","Philippines","Country","http://aido.bsvgateway.org/api/locations/20359812/",122.874484257167,122.874484257167,11.7630150663054,"Nipah"
"255921706.200",2014-04-15,2014-04-14,0,255921706,"69","255921706","P1D","http://aido.bsvgateway.org/api/locations/255921706/","Philippines","Philippines","Country","http://aido.bsvgateway.org/api/locations/20359812/",11.7630150663054,122.874484257167,11.7630150663054,"Nipah"
"255921706.201",2014-04-16,2014-04-15,1,255921706,"69","255921706","P1D","http://aido.bsvgateway.org/api/locations/255921706/","Philippines","Philippines","Country","http://aido.bsvgateway.org/api/locations/20359812/",122.874484257167,122.874484257167,11.7630150663054,"Nipah"
"255921706.202",2014-04-17,2014-04-16,1,255921706,"69","255921706","P1D","http://aido.bsvgateway.org/api/locations/255921706/","Philippines","Philippines","Country","http://aido.bsvgateway.org/api/locations/20359812/",11.7630150663054,122.874484257167,11.7630150663054,"Nipah"
"255921706.203",2014-04-18,2014-04-17,1,255921706,"69","255921706","P1D","http://aido.bsvgateway.org/api/locations/255921706/","Philippines","Philippines","Country","http://aido.bsvgateway.org/api/locations/20359812/",122.874484257167,122.874484257167,11.7630150663054,"Nipah"
"255921706.204",2014-04-19,2014-04-18,0,255921706,"69","255921706","P1D","http://aido.bsvgateway.org/api/locations/255921706/","Philippines","Philippines","Country","http://aido.bsvgateway.org/api/locations/20359812/",11.7630150663054,122.874484257167,11.7630150663054,"Nipah"
"255921706.205",2014-04-20,2014-04-19,0,255921706,"69","255921706","P1D","http://aido.bsvgateway.org/api/locations/255921706/","Philippines","Philippines","Country","http://aido.bsvgateway.org/api/locations/20359812/",122.874484257167,122.874484257167,11.7630150663054,"Nipah"
"255921706.206",2014-04-21,2014-04-20,0,255921706,"69","255921706","P1D","http://aido.bsvgateway.org/api/locations/255921706/","Philippines","Philippines","Country","http://aido.bsvgateway.org/api/locations/20359812/",11.7630150663054,122.874484257167,11.7630150663054,"Nipah"
"255921706.207",2014-04-22,2014-04-21,1,255921706,"69","255921706","P1D","http://aido.bsvgateway.org/api/locations/255921706/","Philippines","Philippines","Country","http://aido.bsvgateway.org/api/locations/20359812/",122.874484257167,122.874484257167,11.7630150663054,"Nipah"
