"","end","start","value","id","disease","location","duration","url","name","full_name","admin_level_name","parent","centroid_lat_long","longitude","latitude","disease_name"
"113309883.988",2014-12-28,2014-12-27,1,113309883,"39","113309883","P1D","http://aido.bsvgateway.org/api/locations/113309883/","United States of America","United States of America","Country","http://aido.bsvgateway.org/api/locations/71269652/",45.6881134999987,-112.49572628642,45.6881134999987,"Measles"
"113309883.989",2014-12-29,2014-12-28,1,113309883,"39","113309883","P1D","http://aido.bsvgateway.org/api/locations/113309883/","United States of America","United States of America","Country","http://aido.bsvgateway.org/api/locations/71269652/",-112.49572628642,-112.49572628642,45.6881134999987,"Measles"
"113309883.990",2014-12-30,2014-12-29,2,113309883,"39","113309883","P1D","http://aido.bsvgateway.org/api/locations/113309883/","United States of America","United States of America","Country","http://aido.bsvgateway.org/api/locations/71269652/",45.6881134999987,-112.49572628642,45.6881134999987,"Measles"
"113309883.991",2014-12-31,2014-12-30,2,113309883,"39","113309883","P1D","http://aido.bsvgateway.org/api/locations/113309883/","United States of America","United States of America","Country","http://aido.bsvgateway.org/api/locations/71269652/",-112.49572628642,-112.49572628642,45.6881134999987,"Measles"
"113309883.992",2015-01-01,2014-12-31,6,113309883,"39","113309883","P1D","http://aido.bsvgateway.org/api/locations/113309883/","United States of America","United States of America","Country","http://aido.bsvgateway.org/api/locations/71269652/",45.6881134999987,-112.49572628642,45.6881134999987,"Measles"
"113309883.993",2015-01-02,2015-01-01,5,113309883,"39","113309883","P1D","http://aido.bsvgateway.org/api/locations/113309883/","United States of America","United States of America","Country","http://aido.bsvgateway.org/api/locations/71269652/",-112.49572628642,-112.49572628642,45.6881134999987,"Measles"
"113309883.994",2015-01-03,2015-01-02,8,113309883,"39","113309883","P1D","http://aido.bsvgateway.org/api/locations/113309883/","United States of America","United States of America","Country","http://aido.bsvgateway.org/api/locations/71269652/",45.6881134999987,-112.49572628642,45.6881134999987,"Measles"
"113309883.995",2015-01-04,2015-01-03,4,113309883,"39","113309883","P1D","http://aido.bsvgateway.org/api/locations/113309883/","United States of America","United States of America","Country","http://aido.bsvgateway.org/api/locations/71269652/",-112.49572628642,-112.49572628642,45.6881134999987,"Measles"
"113309883.996",2015-01-05,2015-01-04,4,113309883,"39","113309883","P1D","http://aido.bsvgateway.org/api/locations/113309883/","United States of America","United States of America","Country","http://aido.bsvgateway.org/api/locations/71269652/",45.6881134999987,-112.49572628642,45.6881134999987,"Measles"
"113309883.997",2015-01-06,2015-01-05,2,113309883,"39","113309883","P1D","http://aido.bsvgateway.org/api/locations/113309883/","United States of America","United States of America","Country","http://aido.bsvgateway.org/api/locations/71269652/",-112.49572628642,-112.49572628642,45.6881134999987,"Measles"
"113309883.998",2015-01-07,2015-01-06,2,113309883,"39","113309883","P1D","http://aido.bsvgateway.org/api/locations/113309883/","United States of America","United States of America","Country","http://aido.bsvgateway.org/api/locations/71269652/",45.6881134999987,-112.49572628642,45.6881134999987,"Measles"
"113309883.999",2015-01-08,2015-01-07,1,113309883,"39","113309883","P1D","http://aido.bsvgateway.org/api/locations/113309883/","United States of America","United States of America","Country","http://aido.bsvgateway.org/api/locations/71269652/",-112.49572628642,-112.49572628642,45.6881134999987,"Measles"
"113309883.1000",2015-01-09,2015-01-08,4,113309883,"39","113309883","P1D","http://aido.bsvgateway.org/api/locations/113309883/","United States of America","United States of America","Country","http://aido.bsvgateway.org/api/locations/71269652/",45.6881134999987,-112.49572628642,45.6881134999987,"Measles"
"113309883.1001",2015-01-10,2015-01-09,0,113309883,"39","113309883","P1D","http://aido.bsvgateway.org/api/locations/113309883/","United States of America","United States of America","Country","http://aido.bsvgateway.org/api/locations/71269652/",-112.49572628642,-112.49572628642,45.6881134999987,"Measles"
"113309883.1002",2015-01-11,2015-01-10,2,113309883,"39","113309883","P1D","http://aido.bsvgateway.org/api/locations/113309883/","United States of America","United States of America","Country","http://aido.bsvgateway.org/api/locations/71269652/",45.6881134999987,-112.49572628642,45.6881134999987,"Measles"
"113309883.1003",2015-01-12,2015-01-11,2,113309883,"39","113309883","P1D","http://aido.bsvgateway.org/api/locations/113309883/","United States of America","United States of America","Country","http://aido.bsvgateway.org/api/locations/71269652/",-112.49572628642,-112.49572628642,45.6881134999987,"Measles"
"113309883.1004",2015-01-13,2015-01-12,6,113309883,"39","113309883","P1D","http://aido.bsvgateway.org/api/locations/113309883/","United States of America","United States of America","Country","http://aido.bsvgateway.org/api/locations/71269652/",45.6881134999987,-112.49572628642,45.6881134999987,"Measles"
"113309883.1005",2015-01-14,2015-01-13,4,113309883,"39","113309883","P1D","http://aido.bsvgateway.org/api/locations/113309883/","United States of America","United States of America","Country","http://aido.bsvgateway.org/api/locations/71269652/",-112.49572628642,-112.49572628642,45.6881134999987,"Measles"
"113309883.1006",2015-01-15,2015-01-14,3,113309883,"39","113309883","P1D","http://aido.bsvgateway.org/api/locations/113309883/","United States of America","United States of America","Country","http://aido.bsvgateway.org/api/locations/71269652/",45.6881134999987,-112.49572628642,45.6881134999987,"Measles"
"113309883.1007",2015-01-16,2015-01-15,6,113309883,"39","113309883","P1D","http://aido.bsvgateway.org/api/locations/113309883/","United States of America","United States of America","Country","http://aido.bsvgateway.org/api/locations/71269652/",-112.49572628642,-112.49572628642,45.6881134999987,"Measles"
"113309883.1008",2015-01-17,2015-01-16,5,113309883,"39","113309883","P1D","http://aido.bsvgateway.org/api/locations/113309883/","United States of America","United States of America","Country","http://aido.bsvgateway.org/api/locations/71269652/",45.6881134999987,-112.49572628642,45.6881134999987,"Measles"
"113309883.1009",2015-01-18,2015-01-17,0,113309883,"39","113309883","P1D","http://aido.bsvgateway.org/api/locations/113309883/","United States of America","United States of America","Country","http://aido.bsvgateway.org/api/locations/71269652/",-112.49572628642,-112.49572628642,45.6881134999987,"Measles"
"113309883.1010",2015-01-19,2015-01-18,3,113309883,"39","113309883","P1D","http://aido.bsvgateway.org/api/locations/113309883/","United States of America","United States of America","Country","http://aido.bsvgateway.org/api/locations/71269652/",45.6881134999987,-112.49572628642,45.6881134999987,"Measles"
"113309883.1011",2015-01-20,2015-01-19,6,113309883,"39","113309883","P1D","http://aido.bsvgateway.org/api/locations/113309883/","United States of America","United States of America","Country","http://aido.bsvgateway.org/api/locations/71269652/",-112.49572628642,-112.49572628642,45.6881134999987,"Measles"
"113309883.1012",2015-01-21,2015-01-20,3,113309883,"39","113309883","P1D","http://aido.bsvgateway.org/api/locations/113309883/","United States of America","United States of America","Country","http://aido.bsvgateway.org/api/locations/71269652/",45.6881134999987,-112.49572628642,45.6881134999987,"Measles"
"113309883.1013",2015-01-22,2015-01-21,1,113309883,"39","113309883","P1D","http://aido.bsvgateway.org/api/locations/113309883/","United States of America","United States of America","Country","http://aido.bsvgateway.org/api/locations/71269652/",-112.49572628642,-112.49572628642,45.6881134999987,"Measles"
"113309883.1014",2015-01-23,2015-01-22,3,113309883,"39","113309883","P1D","http://aido.bsvgateway.org/api/locations/113309883/","United States of America","United States of America","Country","http://aido.bsvgateway.org/api/locations/71269652/",45.6881134999987,-112.49572628642,45.6881134999987,"Measles"
"113309883.1015",2015-01-24,2015-01-23,2,113309883,"39","113309883","P1D","http://aido.bsvgateway.org/api/locations/113309883/","United States of America","United States of America","Country","http://aido.bsvgateway.org/api/locations/71269652/",-112.49572628642,-112.49572628642,45.6881134999987,"Measles"
"113309883.1016",2015-01-25,2015-01-24,1,113309883,"39","113309883","P1D","http://aido.bsvgateway.org/api/locations/113309883/","United States of America","United States of America","Country","http://aido.bsvgateway.org/api/locations/71269652/",45.6881134999987,-112.49572628642,45.6881134999987,"Measles"
"113309883.1017",2015-01-26,2015-01-25,2,113309883,"39","113309883","P1D","http://aido.bsvgateway.org/api/locations/113309883/","United States of America","United States of America","Country","http://aido.bsvgateway.org/api/locations/71269652/",-112.49572628642,-112.49572628642,45.6881134999987,"Measles"
"113309883.1018",2015-01-27,2015-01-26,5,113309883,"39","113309883","P1D","http://aido.bsvgateway.org/api/locations/113309883/","United States of America","United States of America","Country","http://aido.bsvgateway.org/api/locations/71269652/",45.6881134999987,-112.49572628642,45.6881134999987,"Measles"
"113309883.1019",2015-01-28,2015-01-27,2,113309883,"39","113309883","P1D","http://aido.bsvgateway.org/api/locations/113309883/","United States of America","United States of America","Country","http://aido.bsvgateway.org/api/locations/71269652/",-112.49572628642,-112.49572628642,45.6881134999987,"Measles"
"113309883.1020",2015-01-29,2015-01-28,2,113309883,"39","113309883","P1D","http://aido.bsvgateway.org/api/locations/113309883/","United States of America","United States of America","Country","http://aido.bsvgateway.org/api/locations/71269652/",45.6881134999987,-112.49572628642,45.6881134999987,"Measles"
"113309883.1021",2015-01-30,2015-01-29,0,113309883,"39","113309883","P1D","http://aido.bsvgateway.org/api/locations/113309883/","United States of America","United States of America","Country","http://aido.bsvgateway.org/api/locations/71269652/",-112.49572628642,-112.49572628642,45.6881134999987,"Measles"
"113309883.1022",2015-01-31,2015-01-30,0,113309883,"39","113309883","P1D","http://aido.bsvgateway.org/api/locations/113309883/","United States of America","United States of America","Country","http://aido.bsvgateway.org/api/locations/71269652/",45.6881134999987,-112.49572628642,45.6881134999987,"Measles"
"113309883.1023",2015-02-01,2015-01-31,0,113309883,"39","113309883","P1D","http://aido.bsvgateway.org/api/locations/113309883/","United States of America","United States of America","Country","http://aido.bsvgateway.org/api/locations/71269652/",-112.49572628642,-112.49572628642,45.6881134999987,"Measles"
"113309883.1024",2015-02-02,2015-02-01,2,113309883,"39","113309883","P1D","http://aido.bsvgateway.org/api/locations/113309883/","United States of America","United States of America","Country","http://aido.bsvgateway.org/api/locations/71269652/",45.6881134999987,-112.49572628642,45.6881134999987,"Measles"
"113309883.1025",2015-02-03,2015-02-02,1,113309883,"39","113309883","P1D","http://aido.bsvgateway.org/api/locations/113309883/","United States of America","United States of America","Country","http://aido.bsvgateway.org/api/locations/71269652/",-112.49572628642,-112.49572628642,45.6881134999987,"Measles"
"113309883.1026",2015-02-04,2015-02-03,2,113309883,"39","113309883","P1D","http://aido.bsvgateway.org/api/locations/113309883/","United States of America","United States of America","Country","http://aido.bsvgateway.org/api/locations/71269652/",45.6881134999987,-112.49572628642,45.6881134999987,"Measles"
"113309883.1027",2015-02-05,2015-02-04,1,113309883,"39","113309883","P1D","http://aido.bsvgateway.org/api/locations/113309883/","United States of America","United States of America","Country","http://aido.bsvgateway.org/api/locations/71269652/",-112.49572628642,-112.49572628642,45.6881134999987,"Measles"
"113309883.1028",2015-02-06,2015-02-05,0,113309883,"39","113309883","P1D","http://aido.bsvgateway.org/api/locations/113309883/","United States of America","United States of America","Country","http://aido.bsvgateway.org/api/locations/71269652/",45.6881134999987,-112.49572628642,45.6881134999987,"Measles"
"113309883.1029",2015-02-07,2015-02-06,0,113309883,"39","113309883","P1D","http://aido.bsvgateway.org/api/locations/113309883/","United States of America","United States of America","Country","http://aido.bsvgateway.org/api/locations/71269652/",-112.49572628642,-112.49572628642,45.6881134999987,"Measles"
"113309883.1030",2015-02-08,2015-02-07,1,113309883,"39","113309883","P1D","http://aido.bsvgateway.org/api/locations/113309883/","United States of America","United States of America","Country","http://aido.bsvgateway.org/api/locations/71269652/",45.6881134999987,-112.49572628642,45.6881134999987,"Measles"
"113309883.1031",2015-02-09,2015-02-08,1,113309883,"39","113309883","P1D","http://aido.bsvgateway.org/api/locations/113309883/","United States of America","United States of America","Country","http://aido.bsvgateway.org/api/locations/71269652/",-112.49572628642,-112.49572628642,45.6881134999987,"Measles"
"113309883.1032",2015-02-10,2015-02-09,0,113309883,"39","113309883","P1D","http://aido.bsvgateway.org/api/locations/113309883/","United States of America","United States of America","Country","http://aido.bsvgateway.org/api/locations/71269652/",45.6881134999987,-112.49572628642,45.6881134999987,"Measles"
"113309883.1033",2015-02-11,2015-02-10,0,113309883,"39","113309883","P1D","http://aido.bsvgateway.org/api/locations/113309883/","United States of America","United States of America","Country","http://aido.bsvgateway.org/api/locations/71269652/",-112.49572628642,-112.49572628642,45.6881134999987,"Measles"
