"","end","start","value","id","disease","location","duration","url","name","full_name","admin_level_name","parent","centroid_lat_long","longitude","latitude","disease_name"
"96271664.1",1976-09-04,1976-09-01,5,96271664,"28","96271664","P3D","http://aido.bsvgateway.org/api/locations/96271664/","Democratic Republic of the Congo","Democratic Republic of the Congo","Country","http://aido.bsvgateway.org/api/locations/93632501/",-2.87979986177552,23.6451136996279,-2.87979986177552,"Ebola"
"96271664.2",1976-09-07,1976-09-04,7,96271664,"28","96271664","P3D","http://aido.bsvgateway.org/api/locations/96271664/","Democratic Republic of the Congo","Democratic Republic of the Congo","Country","http://aido.bsvgateway.org/api/locations/93632501/",23.645113699628,23.6451136996279,-2.87979986177552,"Ebola"
"96271664.3",1976-09-10,1976-09-07,12,96271664,"28","96271664","P3D","http://aido.bsvgateway.org/api/locations/96271664/","Democratic Republic of the Congo","Democratic Republic of the Congo","Country","http://aido.bsvgateway.org/api/locations/93632501/",-2.87979986177552,23.6451136996279,-2.87979986177552,"Ebola"
"96271664.4",1976-09-13,1976-09-10,22,96271664,"28","96271664","P3D","http://aido.bsvgateway.org/api/locations/96271664/","Democratic Republic of the Congo","Democratic Republic of the Congo","Country","http://aido.bsvgateway.org/api/locations/93632501/",23.645113699628,23.6451136996279,-2.87979986177552,"Ebola"
"96271664.5",1976-09-16,1976-09-13,27,96271664,"28","96271664","P3D","http://aido.bsvgateway.org/api/locations/96271664/","Democratic Republic of the Congo","Democratic Republic of the Congo","Country","http://aido.bsvgateway.org/api/locations/93632501/",-2.87979986177552,23.6451136996279,-2.87979986177552,"Ebola"
"96271664.6",1976-09-19,1976-09-16,20,96271664,"28","96271664","P3D","http://aido.bsvgateway.org/api/locations/96271664/","Democratic Republic of the Congo","Democratic Republic of the Congo","Country","http://aido.bsvgateway.org/api/locations/93632501/",23.645113699628,23.6451136996279,-2.87979986177552,"Ebola"
"96271664.7",1976-09-22,1976-09-19,25,96271664,"28","96271664","P3D","http://aido.bsvgateway.org/api/locations/96271664/","Democratic Republic of the Congo","Democratic Republic of the Congo","Country","http://aido.bsvgateway.org/api/locations/93632501/",-2.87979986177552,23.6451136996279,-2.87979986177552,"Ebola"
"96271664.8",1976-09-25,1976-09-22,46,96271664,"28","96271664","P3D","http://aido.bsvgateway.org/api/locations/96271664/","Democratic Republic of the Congo","Democratic Republic of the Congo","Country","http://aido.bsvgateway.org/api/locations/93632501/",23.645113699628,23.6451136996279,-2.87979986177552,"Ebola"
"96271664.9",1976-09-28,1976-09-25,25,96271664,"28","96271664","P3D","http://aido.bsvgateway.org/api/locations/96271664/","Democratic Republic of the Congo","Democratic Republic of the Congo","Country","http://aido.bsvgateway.org/api/locations/93632501/",-2.87979986177552,23.6451136996279,-2.87979986177552,"Ebola"
"96271664.10",1976-10-01,1976-09-28,12,96271664,"28","96271664","P3D","http://aido.bsvgateway.org/api/locations/96271664/","Democratic Republic of the Congo","Democratic Republic of the Congo","Country","http://aido.bsvgateway.org/api/locations/93632501/",23.645113699628,23.6451136996279,-2.87979986177552,"Ebola"
"96271664.11",1976-10-04,1976-10-01,13,96271664,"28","96271664","P3D","http://aido.bsvgateway.org/api/locations/96271664/","Democratic Republic of the Congo","Democratic Republic of the Congo","Country","http://aido.bsvgateway.org/api/locations/93632501/",-2.87979986177552,23.6451136996279,-2.87979986177552,"Ebola"
"96271664.12",1976-10-07,1976-10-04,18,96271664,"28","96271664","P3D","http://aido.bsvgateway.org/api/locations/96271664/","Democratic Republic of the Congo","Democratic Republic of the Congo","Country","http://aido.bsvgateway.org/api/locations/93632501/",23.645113699628,23.6451136996279,-2.87979986177552,"Ebola"
"96271664.13",1976-10-10,1976-10-07,9,96271664,"28","96271664","P3D","http://aido.bsvgateway.org/api/locations/96271664/","Democratic Republic of the Congo","Democratic Republic of the Congo","Country","http://aido.bsvgateway.org/api/locations/93632501/",-2.87979986177552,23.6451136996279,-2.87979986177552,"Ebola"
"96271664.14",1976-10-13,1976-10-10,12,96271664,"28","96271664","P3D","http://aido.bsvgateway.org/api/locations/96271664/","Democratic Republic of the Congo","Democratic Republic of the Congo","Country","http://aido.bsvgateway.org/api/locations/93632501/",23.645113699628,23.6451136996279,-2.87979986177552,"Ebola"
"96271664.15",1976-10-16,1976-10-13,4,96271664,"28","96271664","P3D","http://aido.bsvgateway.org/api/locations/96271664/","Democratic Republic of the Congo","Democratic Republic of the Congo","Country","http://aido.bsvgateway.org/api/locations/93632501/",-2.87979986177552,23.6451136996279,-2.87979986177552,"Ebola"
"96271664.16",1976-10-19,1976-10-16,0,96271664,"28","96271664","P3D","http://aido.bsvgateway.org/api/locations/96271664/","Democratic Republic of the Congo","Democratic Republic of the Congo","Country","http://aido.bsvgateway.org/api/locations/93632501/",23.645113699628,23.6451136996279,-2.87979986177552,"Ebola"
"96271664.17",1976-10-22,1976-10-19,3,96271664,"28","96271664","P3D","http://aido.bsvgateway.org/api/locations/96271664/","Democratic Republic of the Congo","Democratic Republic of the Congo","Country","http://aido.bsvgateway.org/api/locations/93632501/",-2.87979986177552,23.6451136996279,-2.87979986177552,"Ebola"
"96271664.18",1976-10-25,1976-10-22,1,96271664,"28","96271664","P3D","http://aido.bsvgateway.org/api/locations/96271664/","Democratic Republic of the Congo","Democratic Republic of the Congo","Country","http://aido.bsvgateway.org/api/locations/93632501/",23.645113699628,23.6451136996279,-2.87979986177552,"Ebola"
"96271664.19",1976-10-28,1976-10-25,0,96271664,"28","96271664","P3D","http://aido.bsvgateway.org/api/locations/96271664/","Democratic Republic of the Congo","Democratic Republic of the Congo","Country","http://aido.bsvgateway.org/api/locations/93632501/",-2.87979986177552,23.6451136996279,-2.87979986177552,"Ebola"
"96271664.20",1976-10-31,1976-10-28,0,96271664,"28","96271664","P3D","http://aido.bsvgateway.org/api/locations/96271664/","Democratic Republic of the Congo","Democratic Republic of the Congo","Country","http://aido.bsvgateway.org/api/locations/93632501/",23.645113699628,23.6451136996279,-2.87979986177552,"Ebola"
"96271664.21",2018-05-21,2018-04-30,2,96271664,"28","96271664","P21D","http://aido.bsvgateway.org/api/locations/96271664/","Democratic Republic of the Congo","Democratic Republic of the Congo","Country","http://aido.bsvgateway.org/api/locations/93632501/",-2.87979986177552,23.6451136996279,-2.87979986177552,"Ebola"
"96271664.22",2018-06-11,2018-05-21,4,96271664,"28","96271664","P21D","http://aido.bsvgateway.org/api/locations/96271664/","Democratic Republic of the Congo","Democratic Republic of the Congo","Country","http://aido.bsvgateway.org/api/locations/93632501/",23.645113699628,23.6451136996279,-2.87979986177552,"Ebola"
"96271664.23",2018-07-02,2018-06-11,3,96271664,"28","96271664","P21D","http://aido.bsvgateway.org/api/locations/96271664/","Democratic Republic of the Congo","Democratic Republic of the Congo","Country","http://aido.bsvgateway.org/api/locations/93632501/",-2.87979986177552,23.6451136996279,-2.87979986177552,"Ebola"
"96271664.24",2018-07-23,2018-07-02,7,96271664,"28","96271664","P21D","http://aido.bsvgateway.org/api/locations/96271664/","Democratic Republic of the Congo","Democratic Republic of the Congo","Country","http://aido.bsvgateway.org/api/locations/93632501/",23.645113699628,23.6451136996279,-2.87979986177552,"Ebola"
"96271664.25",2018-08-13,2018-07-23,67,96271664,"28","96271664","P21D","http://aido.bsvgateway.org/api/locations/96271664/","Democratic Republic of the Congo","Democratic Republic of the Congo","Country","http://aido.bsvgateway.org/api/locations/93632501/",-2.87979986177552,23.6451136996279,-2.87979986177552,"Ebola"
"96271664.26",2018-09-03,2018-08-13,37,96271664,"28","96271664","P21D","http://aido.bsvgateway.org/api/locations/96271664/","Democratic Republic of the Congo","Democratic Republic of the Congo","Country","http://aido.bsvgateway.org/api/locations/93632501/",23.645113699628,23.6451136996279,-2.87979986177552,"Ebola"
"96271664.27",2018-09-24,2018-09-03,26,96271664,"28","96271664","P21D","http://aido.bsvgateway.org/api/locations/96271664/","Democratic Republic of the Congo","Democratic Republic of the Congo","Country","http://aido.bsvgateway.org/api/locations/93632501/",-2.87979986177552,23.6451136996279,-2.87979986177552,"Ebola"
"96271664.28",2018-10-15,2018-09-24,73,96271664,"28","96271664","P21D","http://aido.bsvgateway.org/api/locations/96271664/","Democratic Republic of the Congo","Democratic Republic of the Congo","Country","http://aido.bsvgateway.org/api/locations/93632501/",23.645113699628,23.6451136996279,-2.87979986177552,"Ebola"
"96271664.29",2018-11-05,2018-10-15,106,96271664,"28","96271664","P21D","http://aido.bsvgateway.org/api/locations/96271664/","Democratic Republic of the Congo","Democratic Republic of the Congo","Country","http://aido.bsvgateway.org/api/locations/93632501/",-2.87979986177552,23.6451136996279,-2.87979986177552,"Ebola"
"96271664.30",2018-11-26,2018-11-05,94,96271664,"28","96271664","P21D","http://aido.bsvgateway.org/api/locations/96271664/","Democratic Republic of the Congo","Democratic Republic of the Congo","Country","http://aido.bsvgateway.org/api/locations/93632501/",23.645113699628,23.6451136996279,-2.87979986177552,"Ebola"
"96271664.31",2018-12-17,2018-11-26,120,96271664,"28","96271664","P21D","http://aido.bsvgateway.org/api/locations/96271664/","Democratic Republic of the Congo","Democratic Republic of the Congo","Country","http://aido.bsvgateway.org/api/locations/93632501/",-2.87979986177552,23.6451136996279,-2.87979986177552,"Ebola"
"96271664.32",2019-01-07,2018-12-17,76,96271664,"28","96271664","P21D","http://aido.bsvgateway.org/api/locations/96271664/","Democratic Republic of the Congo","Democratic Republic of the Congo","Country","http://aido.bsvgateway.org/api/locations/93632501/",23.645113699628,23.6451136996279,-2.87979986177552,"Ebola"
"96271664.33",2019-01-28,2019-01-07,118,96271664,"28","96271664","P21D","http://aido.bsvgateway.org/api/locations/96271664/","Democratic Republic of the Congo","Democratic Republic of the Congo","Country","http://aido.bsvgateway.org/api/locations/93632501/",-2.87979986177552,23.6451136996279,-2.87979986177552,"Ebola"
"96271664.34",2019-02-18,2019-01-28,75,96271664,"28","96271664","P21D","http://aido.bsvgateway.org/api/locations/96271664/","Democratic Republic of the Congo","Democratic Republic of the Congo","Country","http://aido.bsvgateway.org/api/locations/93632501/",23.645113699628,23.6451136996279,-2.87979986177552,"Ebola"
"96271664.35",2019-03-11,2019-02-18,90,96271664,"28","96271664","P21D","http://aido.bsvgateway.org/api/locations/96271664/","Democratic Republic of the Congo","Democratic Republic of the Congo","Country","http://aido.bsvgateway.org/api/locations/93632501/",-2.87979986177552,23.6451136996279,-2.87979986177552,"Ebola"
"96271664.36",2019-04-01,2019-03-11,189,96271664,"28","96271664","P21D","http://aido.bsvgateway.org/api/locations/96271664/","Democratic Republic of the Congo","Democratic Republic of the Congo","Country","http://aido.bsvgateway.org/api/locations/93632501/",23.645113699628,23.6451136996279,-2.87979986177552,"Ebola"
"96271664.37",2019-04-22,2019-04-01,308,96271664,"28","96271664","P21D","http://aido.bsvgateway.org/api/locations/96271664/","Democratic Republic of the Congo","Democratic Republic of the Congo","Country","http://aido.bsvgateway.org/api/locations/93632501/",-2.87979986177552,23.6451136996279,-2.87979986177552,"Ebola"
"96271664.38",2019-05-13,2019-04-22,321,96271664,"28","96271664","P21D","http://aido.bsvgateway.org/api/locations/96271664/","Democratic Republic of the Congo","Democratic Republic of the Congo","Country","http://aido.bsvgateway.org/api/locations/93632501/",23.645113699628,23.6451136996279,-2.87979986177552,"Ebola"
"96271664.39",2019-06-03,2019-05-13,233,96271664,"28","96271664","P21D","http://aido.bsvgateway.org/api/locations/96271664/","Democratic Republic of the Congo","Democratic Republic of the Congo","Country","http://aido.bsvgateway.org/api/locations/93632501/",-2.87979986177552,23.6451136996279,-2.87979986177552,"Ebola"
"96271664.40",2019-06-24,2019-06-03,128,96271664,"28","96271664","P21D","http://aido.bsvgateway.org/api/locations/96271664/","Democratic Republic of the Congo","Democratic Republic of the Congo","Country","http://aido.bsvgateway.org/api/locations/93632501/",23.645113699628,23.6451136996279,-2.87979986177552,"Ebola"
