"","end","start","value","id","disease","location","duration","url","name","full_name","admin_level_name","parent","centroid_lat_long","longitude","latitude","disease_name"
"218269848.491",2013-01-14,2013-01-07,1,218269848,"39","218269848","P7D","http://aido.bsvgateway.org/api/locations/218269848/","Denmark","Denmark","Country","http://aido.bsvgateway.org/api/locations/216709393/",55.9653775215917,10.0513897875586,55.9653775215917,"Measles"
"218269848.492",2013-01-21,2013-01-14,0,218269848,"39","218269848","P7D","http://aido.bsvgateway.org/api/locations/218269848/","Denmark","Denmark","Country","http://aido.bsvgateway.org/api/locations/216709393/",10.0513897875585,10.0513897875586,55.9653775215917,"Measles"
"218269848.493",2013-01-28,2013-01-21,2,218269848,"39","218269848","P7D","http://aido.bsvgateway.org/api/locations/218269848/","Denmark","Denmark","Country","http://aido.bsvgateway.org/api/locations/216709393/",55.9653775215917,10.0513897875586,55.9653775215917,"Measles"
"218269848.494",2013-02-04,2013-01-28,1,218269848,"39","218269848","P7D","http://aido.bsvgateway.org/api/locations/218269848/","Denmark","Denmark","Country","http://aido.bsvgateway.org/api/locations/216709393/",10.0513897875585,10.0513897875586,55.9653775215917,"Measles"
"218269848.495",2013-02-11,2013-02-04,0,218269848,"39","218269848","P7D","http://aido.bsvgateway.org/api/locations/218269848/","Denmark","Denmark","Country","http://aido.bsvgateway.org/api/locations/216709393/",55.9653775215917,10.0513897875586,55.9653775215917,"Measles"
"218269848.496",2013-02-18,2013-02-11,5,218269848,"39","218269848","P7D","http://aido.bsvgateway.org/api/locations/218269848/","Denmark","Denmark","Country","http://aido.bsvgateway.org/api/locations/216709393/",10.0513897875585,10.0513897875586,55.9653775215917,"Measles"
"218269848.497",2013-02-25,2013-02-18,2,218269848,"39","218269848","P7D","http://aido.bsvgateway.org/api/locations/218269848/","Denmark","Denmark","Country","http://aido.bsvgateway.org/api/locations/216709393/",55.9653775215917,10.0513897875586,55.9653775215917,"Measles"
"218269848.498",2013-03-04,2013-02-25,1,218269848,"39","218269848","P7D","http://aido.bsvgateway.org/api/locations/218269848/","Denmark","Denmark","Country","http://aido.bsvgateway.org/api/locations/216709393/",10.0513897875585,10.0513897875586,55.9653775215917,"Measles"
"218269848.499",2013-03-11,2013-03-04,1,218269848,"39","218269848","P7D","http://aido.bsvgateway.org/api/locations/218269848/","Denmark","Denmark","Country","http://aido.bsvgateway.org/api/locations/216709393/",55.9653775215917,10.0513897875586,55.9653775215917,"Measles"
"218269848.500",2013-03-18,2013-03-11,4,218269848,"39","218269848","P7D","http://aido.bsvgateway.org/api/locations/218269848/","Denmark","Denmark","Country","http://aido.bsvgateway.org/api/locations/216709393/",10.0513897875585,10.0513897875586,55.9653775215917,"Measles"
"218269848.501",2013-03-25,2013-03-18,0,218269848,"39","218269848","P7D","http://aido.bsvgateway.org/api/locations/218269848/","Denmark","Denmark","Country","http://aido.bsvgateway.org/api/locations/216709393/",55.9653775215917,10.0513897875586,55.9653775215917,"Measles"
"218269848.502",2013-04-01,2013-03-25,0,218269848,"39","218269848","P7D","http://aido.bsvgateway.org/api/locations/218269848/","Denmark","Denmark","Country","http://aido.bsvgateway.org/api/locations/216709393/",10.0513897875585,10.0513897875586,55.9653775215917,"Measles"
"218269848.503",2013-04-08,2013-04-01,0,218269848,"39","218269848","P7D","http://aido.bsvgateway.org/api/locations/218269848/","Denmark","Denmark","Country","http://aido.bsvgateway.org/api/locations/216709393/",55.9653775215917,10.0513897875586,55.9653775215917,"Measles"
"218269848.504",2013-04-15,2013-04-08,0,218269848,"39","218269848","P7D","http://aido.bsvgateway.org/api/locations/218269848/","Denmark","Denmark","Country","http://aido.bsvgateway.org/api/locations/216709393/",10.0513897875585,10.0513897875586,55.9653775215917,"Measles"
"218269848.505",2013-04-22,2013-04-15,0,218269848,"39","218269848","P7D","http://aido.bsvgateway.org/api/locations/218269848/","Denmark","Denmark","Country","http://aido.bsvgateway.org/api/locations/216709393/",55.9653775215917,10.0513897875586,55.9653775215917,"Measles"
"218269848.506",2013-04-29,2013-04-22,0,218269848,"39","218269848","P7D","http://aido.bsvgateway.org/api/locations/218269848/","Denmark","Denmark","Country","http://aido.bsvgateway.org/api/locations/216709393/",10.0513897875585,10.0513897875586,55.9653775215917,"Measles"
"218269848.507",2013-05-06,2013-04-29,0,218269848,"39","218269848","P7D","http://aido.bsvgateway.org/api/locations/218269848/","Denmark","Denmark","Country","http://aido.bsvgateway.org/api/locations/216709393/",55.9653775215917,10.0513897875586,55.9653775215917,"Measles"
"218269848.508",2013-05-13,2013-05-06,0,218269848,"39","218269848","P7D","http://aido.bsvgateway.org/api/locations/218269848/","Denmark","Denmark","Country","http://aido.bsvgateway.org/api/locations/216709393/",10.0513897875585,10.0513897875586,55.9653775215917,"Measles"
"218269848.509",2013-05-20,2013-05-13,0,218269848,"39","218269848","P7D","http://aido.bsvgateway.org/api/locations/218269848/","Denmark","Denmark","Country","http://aido.bsvgateway.org/api/locations/216709393/",55.9653775215917,10.0513897875586,55.9653775215917,"Measles"
"218269848.510",2013-05-27,2013-05-20,0,218269848,"39","218269848","P7D","http://aido.bsvgateway.org/api/locations/218269848/","Denmark","Denmark","Country","http://aido.bsvgateway.org/api/locations/216709393/",10.0513897875585,10.0513897875586,55.9653775215917,"Measles"
"218269848.511",2013-06-03,2013-05-27,0,218269848,"39","218269848","P7D","http://aido.bsvgateway.org/api/locations/218269848/","Denmark","Denmark","Country","http://aido.bsvgateway.org/api/locations/216709393/",55.9653775215917,10.0513897875586,55.9653775215917,"Measles"
"218269848.512",2013-06-10,2013-06-03,0,218269848,"39","218269848","P7D","http://aido.bsvgateway.org/api/locations/218269848/","Denmark","Denmark","Country","http://aido.bsvgateway.org/api/locations/216709393/",10.0513897875585,10.0513897875586,55.9653775215917,"Measles"
"218269848.513",2013-06-17,2013-06-10,0,218269848,"39","218269848","P7D","http://aido.bsvgateway.org/api/locations/218269848/","Denmark","Denmark","Country","http://aido.bsvgateway.org/api/locations/216709393/",55.9653775215917,10.0513897875586,55.9653775215917,"Measles"
"218269848.514",2013-06-24,2013-06-17,0,218269848,"39","218269848","P7D","http://aido.bsvgateway.org/api/locations/218269848/","Denmark","Denmark","Country","http://aido.bsvgateway.org/api/locations/216709393/",10.0513897875585,10.0513897875586,55.9653775215917,"Measles"
"218269848.515",2013-07-01,2013-06-24,0,218269848,"39","218269848","P7D","http://aido.bsvgateway.org/api/locations/218269848/","Denmark","Denmark","Country","http://aido.bsvgateway.org/api/locations/216709393/",55.9653775215917,10.0513897875586,55.9653775215917,"Measles"
"218269848.516",2013-07-08,2013-07-01,0,218269848,"39","218269848","P7D","http://aido.bsvgateway.org/api/locations/218269848/","Denmark","Denmark","Country","http://aido.bsvgateway.org/api/locations/216709393/",10.0513897875585,10.0513897875586,55.9653775215917,"Measles"
"218269848.517",2013-07-15,2013-07-08,0,218269848,"39","218269848","P7D","http://aido.bsvgateway.org/api/locations/218269848/","Denmark","Denmark","Country","http://aido.bsvgateway.org/api/locations/216709393/",55.9653775215917,10.0513897875586,55.9653775215917,"Measles"
"218269848.518",2013-07-22,2013-07-15,0,218269848,"39","218269848","P7D","http://aido.bsvgateway.org/api/locations/218269848/","Denmark","Denmark","Country","http://aido.bsvgateway.org/api/locations/216709393/",10.0513897875585,10.0513897875586,55.9653775215917,"Measles"
"218269848.519",2013-07-29,2013-07-22,0,218269848,"39","218269848","P7D","http://aido.bsvgateway.org/api/locations/218269848/","Denmark","Denmark","Country","http://aido.bsvgateway.org/api/locations/216709393/",55.9653775215917,10.0513897875586,55.9653775215917,"Measles"
"218269848.520",2013-08-05,2013-07-29,0,218269848,"39","218269848","P7D","http://aido.bsvgateway.org/api/locations/218269848/","Denmark","Denmark","Country","http://aido.bsvgateway.org/api/locations/216709393/",10.0513897875585,10.0513897875586,55.9653775215917,"Measles"
"218269848.521",2013-08-12,2013-08-05,0,218269848,"39","218269848","P7D","http://aido.bsvgateway.org/api/locations/218269848/","Denmark","Denmark","Country","http://aido.bsvgateway.org/api/locations/216709393/",55.9653775215917,10.0513897875586,55.9653775215917,"Measles"
"218269848.522",2013-08-19,2013-08-12,0,218269848,"39","218269848","P7D","http://aido.bsvgateway.org/api/locations/218269848/","Denmark","Denmark","Country","http://aido.bsvgateway.org/api/locations/216709393/",10.0513897875585,10.0513897875586,55.9653775215917,"Measles"
"218269848.523",2013-08-26,2013-08-19,0,218269848,"39","218269848","P7D","http://aido.bsvgateway.org/api/locations/218269848/","Denmark","Denmark","Country","http://aido.bsvgateway.org/api/locations/216709393/",55.9653775215917,10.0513897875586,55.9653775215917,"Measles"
"218269848.524",2013-09-02,2013-08-26,0,218269848,"39","218269848","P7D","http://aido.bsvgateway.org/api/locations/218269848/","Denmark","Denmark","Country","http://aido.bsvgateway.org/api/locations/216709393/",10.0513897875585,10.0513897875586,55.9653775215917,"Measles"
"218269848.525",2013-09-09,2013-09-02,0,218269848,"39","218269848","P7D","http://aido.bsvgateway.org/api/locations/218269848/","Denmark","Denmark","Country","http://aido.bsvgateway.org/api/locations/216709393/",55.9653775215917,10.0513897875586,55.9653775215917,"Measles"
"218269848.526",2013-09-16,2013-09-09,0,218269848,"39","218269848","P7D","http://aido.bsvgateway.org/api/locations/218269848/","Denmark","Denmark","Country","http://aido.bsvgateway.org/api/locations/216709393/",10.0513897875585,10.0513897875586,55.9653775215917,"Measles"
"218269848.527",2013-09-23,2013-09-16,0,218269848,"39","218269848","P7D","http://aido.bsvgateway.org/api/locations/218269848/","Denmark","Denmark","Country","http://aido.bsvgateway.org/api/locations/216709393/",55.9653775215917,10.0513897875586,55.9653775215917,"Measles"
"218269848.528",2013-09-30,2013-09-23,0,218269848,"39","218269848","P7D","http://aido.bsvgateway.org/api/locations/218269848/","Denmark","Denmark","Country","http://aido.bsvgateway.org/api/locations/216709393/",10.0513897875585,10.0513897875586,55.9653775215917,"Measles"
"218269848.529",2013-10-07,2013-09-30,0,218269848,"39","218269848","P7D","http://aido.bsvgateway.org/api/locations/218269848/","Denmark","Denmark","Country","http://aido.bsvgateway.org/api/locations/216709393/",55.9653775215917,10.0513897875586,55.9653775215917,"Measles"
"218269848.530",2013-10-14,2013-10-07,0,218269848,"39","218269848","P7D","http://aido.bsvgateway.org/api/locations/218269848/","Denmark","Denmark","Country","http://aido.bsvgateway.org/api/locations/216709393/",10.0513897875585,10.0513897875586,55.9653775215917,"Measles"
"218269848.531",2013-10-21,2013-10-14,0,218269848,"39","218269848","P7D","http://aido.bsvgateway.org/api/locations/218269848/","Denmark","Denmark","Country","http://aido.bsvgateway.org/api/locations/216709393/",55.9653775215917,10.0513897875586,55.9653775215917,"Measles"
"218269848.532",2013-10-28,2013-10-21,0,218269848,"39","218269848","P7D","http://aido.bsvgateway.org/api/locations/218269848/","Denmark","Denmark","Country","http://aido.bsvgateway.org/api/locations/216709393/",10.0513897875585,10.0513897875586,55.9653775215917,"Measles"
"218269848.533",2013-11-04,2013-10-28,0,218269848,"39","218269848","P7D","http://aido.bsvgateway.org/api/locations/218269848/","Denmark","Denmark","Country","http://aido.bsvgateway.org/api/locations/216709393/",55.9653775215917,10.0513897875586,55.9653775215917,"Measles"
"218269848.534",2013-11-11,2013-11-04,0,218269848,"39","218269848","P7D","http://aido.bsvgateway.org/api/locations/218269848/","Denmark","Denmark","Country","http://aido.bsvgateway.org/api/locations/216709393/",10.0513897875585,10.0513897875586,55.9653775215917,"Measles"
"218269848.535",2013-11-18,2013-11-11,0,218269848,"39","218269848","P7D","http://aido.bsvgateway.org/api/locations/218269848/","Denmark","Denmark","Country","http://aido.bsvgateway.org/api/locations/216709393/",55.9653775215917,10.0513897875586,55.9653775215917,"Measles"
"218269848.536",2013-11-25,2013-11-18,0,218269848,"39","218269848","P7D","http://aido.bsvgateway.org/api/locations/218269848/","Denmark","Denmark","Country","http://aido.bsvgateway.org/api/locations/216709393/",10.0513897875585,10.0513897875586,55.9653775215917,"Measles"
"218269848.537",2013-12-02,2013-11-25,0,218269848,"39","218269848","P7D","http://aido.bsvgateway.org/api/locations/218269848/","Denmark","Denmark","Country","http://aido.bsvgateway.org/api/locations/216709393/",55.9653775215917,10.0513897875586,55.9653775215917,"Measles"
"218269848.538",2013-12-09,2013-12-02,0,218269848,"39","218269848","P7D","http://aido.bsvgateway.org/api/locations/218269848/","Denmark","Denmark","Country","http://aido.bsvgateway.org/api/locations/216709393/",10.0513897875585,10.0513897875586,55.9653775215917,"Measles"
"218269848.539",2013-12-16,2013-12-09,0,218269848,"39","218269848","P7D","http://aido.bsvgateway.org/api/locations/218269848/","Denmark","Denmark","Country","http://aido.bsvgateway.org/api/locations/216709393/",55.9653775215917,10.0513897875586,55.9653775215917,"Measles"
"218269848.540",2013-12-23,2013-12-16,0,218269848,"39","218269848","P7D","http://aido.bsvgateway.org/api/locations/218269848/","Denmark","Denmark","Country","http://aido.bsvgateway.org/api/locations/216709393/",10.0513897875585,10.0513897875586,55.9653775215917,"Measles"
"218269848.541",2013-12-30,2013-12-23,0,218269848,"39","218269848","P7D","http://aido.bsvgateway.org/api/locations/218269848/","Denmark","Denmark","Country","http://aido.bsvgateway.org/api/locations/216709393/",55.9653775215917,10.0513897875586,55.9653775215917,"Measles"
"218269848.542",2014-01-06,2013-12-30,0,218269848,"39","218269848","P7D","http://aido.bsvgateway.org/api/locations/218269848/","Denmark","Denmark","Country","http://aido.bsvgateway.org/api/locations/216709393/",10.0513897875585,10.0513897875586,55.9653775215917,"Measles"
"218269848.543",2014-01-13,2014-01-06,0,218269848,"39","218269848","P7D","http://aido.bsvgateway.org/api/locations/218269848/","Denmark","Denmark","Country","http://aido.bsvgateway.org/api/locations/216709393/",55.9653775215917,10.0513897875586,55.9653775215917,"Measles"
"218269848.544",2014-01-20,2014-01-13,0,218269848,"39","218269848","P7D","http://aido.bsvgateway.org/api/locations/218269848/","Denmark","Denmark","Country","http://aido.bsvgateway.org/api/locations/216709393/",10.0513897875585,10.0513897875586,55.9653775215917,"Measles"
"218269848.545",2014-01-27,2014-01-20,0,218269848,"39","218269848","P7D","http://aido.bsvgateway.org/api/locations/218269848/","Denmark","Denmark","Country","http://aido.bsvgateway.org/api/locations/216709393/",55.9653775215917,10.0513897875586,55.9653775215917,"Measles"
"218269848.546",2014-02-03,2014-01-27,0,218269848,"39","218269848","P7D","http://aido.bsvgateway.org/api/locations/218269848/","Denmark","Denmark","Country","http://aido.bsvgateway.org/api/locations/216709393/",10.0513897875585,10.0513897875586,55.9653775215917,"Measles"
"218269848.547",2014-02-10,2014-02-03,1,218269848,"39","218269848","P7D","http://aido.bsvgateway.org/api/locations/218269848/","Denmark","Denmark","Country","http://aido.bsvgateway.org/api/locations/216709393/",55.9653775215917,10.0513897875586,55.9653775215917,"Measles"
"218269848.548",2014-02-17,2014-02-10,0,218269848,"39","218269848","P7D","http://aido.bsvgateway.org/api/locations/218269848/","Denmark","Denmark","Country","http://aido.bsvgateway.org/api/locations/216709393/",10.0513897875585,10.0513897875586,55.9653775215917,"Measles"
"218269848.549",2014-02-24,2014-02-17,2,218269848,"39","218269848","P7D","http://aido.bsvgateway.org/api/locations/218269848/","Denmark","Denmark","Country","http://aido.bsvgateway.org/api/locations/216709393/",55.9653775215917,10.0513897875586,55.9653775215917,"Measles"
"218269848.550",2014-03-03,2014-02-24,2,218269848,"39","218269848","P7D","http://aido.bsvgateway.org/api/locations/218269848/","Denmark","Denmark","Country","http://aido.bsvgateway.org/api/locations/216709393/",10.0513897875585,10.0513897875586,55.9653775215917,"Measles"
"218269848.551",2014-03-10,2014-03-03,3,218269848,"39","218269848","P7D","http://aido.bsvgateway.org/api/locations/218269848/","Denmark","Denmark","Country","http://aido.bsvgateway.org/api/locations/216709393/",55.9653775215917,10.0513897875586,55.9653775215917,"Measles"
"218269848.552",2014-03-17,2014-03-10,1,218269848,"39","218269848","P7D","http://aido.bsvgateway.org/api/locations/218269848/","Denmark","Denmark","Country","http://aido.bsvgateway.org/api/locations/216709393/",10.0513897875585,10.0513897875586,55.9653775215917,"Measles"
"218269848.553",2014-03-24,2014-03-17,1,218269848,"39","218269848","P7D","http://aido.bsvgateway.org/api/locations/218269848/","Denmark","Denmark","Country","http://aido.bsvgateway.org/api/locations/216709393/",55.9653775215917,10.0513897875586,55.9653775215917,"Measles"
"218269848.554",2014-03-31,2014-03-24,2,218269848,"39","218269848","P7D","http://aido.bsvgateway.org/api/locations/218269848/","Denmark","Denmark","Country","http://aido.bsvgateway.org/api/locations/216709393/",10.0513897875585,10.0513897875586,55.9653775215917,"Measles"
"218269848.555",2014-04-07,2014-03-31,1,218269848,"39","218269848","P7D","http://aido.bsvgateway.org/api/locations/218269848/","Denmark","Denmark","Country","http://aido.bsvgateway.org/api/locations/216709393/",55.9653775215917,10.0513897875586,55.9653775215917,"Measles"
"218269848.556",2014-04-14,2014-04-07,5,218269848,"39","218269848","P7D","http://aido.bsvgateway.org/api/locations/218269848/","Denmark","Denmark","Country","http://aido.bsvgateway.org/api/locations/216709393/",10.0513897875585,10.0513897875586,55.9653775215917,"Measles"
"218269848.557",2014-04-21,2014-04-14,0,218269848,"39","218269848","P7D","http://aido.bsvgateway.org/api/locations/218269848/","Denmark","Denmark","Country","http://aido.bsvgateway.org/api/locations/216709393/",55.9653775215917,10.0513897875586,55.9653775215917,"Measles"
"218269848.558",2014-04-28,2014-04-21,1,218269848,"39","218269848","P7D","http://aido.bsvgateway.org/api/locations/218269848/","Denmark","Denmark","Country","http://aido.bsvgateway.org/api/locations/216709393/",10.0513897875585,10.0513897875586,55.9653775215917,"Measles"
"218269848.559",2014-05-05,2014-04-28,5,218269848,"39","218269848","P7D","http://aido.bsvgateway.org/api/locations/218269848/","Denmark","Denmark","Country","http://aido.bsvgateway.org/api/locations/216709393/",55.9653775215917,10.0513897875586,55.9653775215917,"Measles"
"218269848.560",2014-05-12,2014-05-05,0,218269848,"39","218269848","P7D","http://aido.bsvgateway.org/api/locations/218269848/","Denmark","Denmark","Country","http://aido.bsvgateway.org/api/locations/216709393/",10.0513897875585,10.0513897875586,55.9653775215917,"Measles"
"218269848.561",2014-05-19,2014-05-12,0,218269848,"39","218269848","P7D","http://aido.bsvgateway.org/api/locations/218269848/","Denmark","Denmark","Country","http://aido.bsvgateway.org/api/locations/216709393/",55.9653775215917,10.0513897875586,55.9653775215917,"Measles"
"218269848.562",2014-05-26,2014-05-19,0,218269848,"39","218269848","P7D","http://aido.bsvgateway.org/api/locations/218269848/","Denmark","Denmark","Country","http://aido.bsvgateway.org/api/locations/216709393/",10.0513897875585,10.0513897875586,55.9653775215917,"Measles"
"218269848.563",2014-06-02,2014-05-26,1,218269848,"39","218269848","P7D","http://aido.bsvgateway.org/api/locations/218269848/","Denmark","Denmark","Country","http://aido.bsvgateway.org/api/locations/216709393/",55.9653775215917,10.0513897875586,55.9653775215917,"Measles"
"218269848.564",2014-06-09,2014-06-02,0,218269848,"39","218269848","P7D","http://aido.bsvgateway.org/api/locations/218269848/","Denmark","Denmark","Country","http://aido.bsvgateway.org/api/locations/216709393/",10.0513897875585,10.0513897875586,55.9653775215917,"Measles"
"218269848.565",2014-06-16,2014-06-09,0,218269848,"39","218269848","P7D","http://aido.bsvgateway.org/api/locations/218269848/","Denmark","Denmark","Country","http://aido.bsvgateway.org/api/locations/216709393/",55.9653775215917,10.0513897875586,55.9653775215917,"Measles"
"218269848.566",2014-06-23,2014-06-16,0,218269848,"39","218269848","P7D","http://aido.bsvgateway.org/api/locations/218269848/","Denmark","Denmark","Country","http://aido.bsvgateway.org/api/locations/216709393/",10.0513897875585,10.0513897875586,55.9653775215917,"Measles"
"218269848.567",2014-06-30,2014-06-23,0,218269848,"39","218269848","P7D","http://aido.bsvgateway.org/api/locations/218269848/","Denmark","Denmark","Country","http://aido.bsvgateway.org/api/locations/216709393/",55.9653775215917,10.0513897875586,55.9653775215917,"Measles"
"218269848.568",2014-07-07,2014-06-30,0,218269848,"39","218269848","P7D","http://aido.bsvgateway.org/api/locations/218269848/","Denmark","Denmark","Country","http://aido.bsvgateway.org/api/locations/216709393/",10.0513897875585,10.0513897875586,55.9653775215917,"Measles"
"218269848.569",2014-07-14,2014-07-07,0,218269848,"39","218269848","P7D","http://aido.bsvgateway.org/api/locations/218269848/","Denmark","Denmark","Country","http://aido.bsvgateway.org/api/locations/216709393/",55.9653775215917,10.0513897875586,55.9653775215917,"Measles"
"218269848.570",2014-07-21,2014-07-14,0,218269848,"39","218269848","P7D","http://aido.bsvgateway.org/api/locations/218269848/","Denmark","Denmark","Country","http://aido.bsvgateway.org/api/locations/216709393/",10.0513897875585,10.0513897875586,55.9653775215917,"Measles"
"218269848.571",2014-07-28,2014-07-21,0,218269848,"39","218269848","P7D","http://aido.bsvgateway.org/api/locations/218269848/","Denmark","Denmark","Country","http://aido.bsvgateway.org/api/locations/216709393/",55.9653775215917,10.0513897875586,55.9653775215917,"Measles"
"218269848.572",2014-08-04,2014-07-28,1,218269848,"39","218269848","P7D","http://aido.bsvgateway.org/api/locations/218269848/","Denmark","Denmark","Country","http://aido.bsvgateway.org/api/locations/216709393/",10.0513897875585,10.0513897875586,55.9653775215917,"Measles"
"218269848.573",2014-08-11,2014-08-04,1,218269848,"39","218269848","P7D","http://aido.bsvgateway.org/api/locations/218269848/","Denmark","Denmark","Country","http://aido.bsvgateway.org/api/locations/216709393/",55.9653775215917,10.0513897875586,55.9653775215917,"Measles"
"218269848.574",2014-08-18,2014-08-11,2,218269848,"39","218269848","P7D","http://aido.bsvgateway.org/api/locations/218269848/","Denmark","Denmark","Country","http://aido.bsvgateway.org/api/locations/216709393/",10.0513897875585,10.0513897875586,55.9653775215917,"Measles"
