"","end","start","value","id","disease","location","duration","url","name","full_name","admin_level_name","parent","centroid_lat_long","longitude","latitude","disease_name"
"241817553.281",1993-06-06,1993-05-30,1,241817553,"36","241817553","P7D","http://aido.bsvgateway.org/api/locations/241817553/","Italy","Italy","Country","http://aido.bsvgateway.org/api/locations/216709393/",42.7864339963678,12.0719070927293,42.7864339963678,"Q Fever"
"241817553.282",1993-06-13,1993-06-06,1,241817553,"36","241817553","P7D","http://aido.bsvgateway.org/api/locations/241817553/","Italy","Italy","Country","http://aido.bsvgateway.org/api/locations/216709393/",12.0719070927293,12.0719070927293,42.7864339963678,"Q Fever"
"241817553.283",1993-06-20,1993-06-13,7,241817553,"36","241817553","P7D","http://aido.bsvgateway.org/api/locations/241817553/","Italy","Italy","Country","http://aido.bsvgateway.org/api/locations/216709393/",42.7864339963678,12.0719070927293,42.7864339963678,"Q Fever"
"241817553.284",1993-06-27,1993-06-20,13,241817553,"36","241817553","P7D","http://aido.bsvgateway.org/api/locations/241817553/","Italy","Italy","Country","http://aido.bsvgateway.org/api/locations/216709393/",12.0719070927293,12.0719070927293,42.7864339963678,"Q Fever"
"241817553.285",1993-07-04,1993-06-27,16,241817553,"36","241817553","P7D","http://aido.bsvgateway.org/api/locations/241817553/","Italy","Italy","Country","http://aido.bsvgateway.org/api/locations/216709393/",42.7864339963678,12.0719070927293,42.7864339963678,"Q Fever"
"241817553.286",1993-07-11,1993-07-04,7,241817553,"36","241817553","P7D","http://aido.bsvgateway.org/api/locations/241817553/","Italy","Italy","Country","http://aido.bsvgateway.org/api/locations/216709393/",12.0719070927293,12.0719070927293,42.7864339963678,"Q Fever"
"241817553.287",1993-07-18,1993-07-11,6,241817553,"36","241817553","P7D","http://aido.bsvgateway.org/api/locations/241817553/","Italy","Italy","Country","http://aido.bsvgateway.org/api/locations/216709393/",42.7864339963678,12.0719070927293,42.7864339963678,"Q Fever"
"241817553.288",1993-07-25,1993-07-18,1,241817553,"36","241817553","P7D","http://aido.bsvgateway.org/api/locations/241817553/","Italy","Italy","Country","http://aido.bsvgateway.org/api/locations/216709393/",12.0719070927293,12.0719070927293,42.7864339963678,"Q Fever"
"241817553.289",1993-08-01,1993-07-25,1,241817553,"36","241817553","P7D","http://aido.bsvgateway.org/api/locations/241817553/","Italy","Italy","Country","http://aido.bsvgateway.org/api/locations/216709393/",42.7864339963678,12.0719070927293,42.7864339963678,"Q Fever"
"241817553.290",1993-08-08,1993-08-01,0,241817553,"36","241817553","P7D","http://aido.bsvgateway.org/api/locations/241817553/","Italy","Italy","Country","http://aido.bsvgateway.org/api/locations/216709393/",12.0719070927293,12.0719070927293,42.7864339963678,"Q Fever"
"241817553.291",1993-08-15,1993-08-08,0,241817553,"36","241817553","P7D","http://aido.bsvgateway.org/api/locations/241817553/","Italy","Italy","Country","http://aido.bsvgateway.org/api/locations/216709393/",42.7864339963678,12.0719070927293,42.7864339963678,"Q Fever"
"241817553.292",1993-08-22,1993-08-15,0,241817553,"36","241817553","P7D","http://aido.bsvgateway.org/api/locations/241817553/","Italy","Italy","Country","http://aido.bsvgateway.org/api/locations/216709393/",12.0719070927293,12.0719070927293,42.7864339963678,"Q Fever"
"241817553.293",1993-08-29,1993-08-22,0,241817553,"36","241817553","P7D","http://aido.bsvgateway.org/api/locations/241817553/","Italy","Italy","Country","http://aido.bsvgateway.org/api/locations/216709393/",42.7864339963678,12.0719070927293,42.7864339963678,"Q Fever"
"241817553.294",1993-09-05,1993-08-29,0,241817553,"36","241817553","P7D","http://aido.bsvgateway.org/api/locations/241817553/","Italy","Italy","Country","http://aido.bsvgateway.org/api/locations/216709393/",12.0719070927293,12.0719070927293,42.7864339963678,"Q Fever"
"241817553.295",1993-09-12,1993-09-05,0,241817553,"36","241817553","P7D","http://aido.bsvgateway.org/api/locations/241817553/","Italy","Italy","Country","http://aido.bsvgateway.org/api/locations/216709393/",42.7864339963678,12.0719070927293,42.7864339963678,"Q Fever"
"241817553.296",1993-09-19,1993-09-12,0,241817553,"36","241817553","P7D","http://aido.bsvgateway.org/api/locations/241817553/","Italy","Italy","Country","http://aido.bsvgateway.org/api/locations/216709393/",12.0719070927293,12.0719070927293,42.7864339963678,"Q Fever"
"241817553.297",1993-09-26,1993-09-19,0,241817553,"36","241817553","P7D","http://aido.bsvgateway.org/api/locations/241817553/","Italy","Italy","Country","http://aido.bsvgateway.org/api/locations/216709393/",42.7864339963678,12.0719070927293,42.7864339963678,"Q Fever"
"241817553.298",1993-10-03,1993-09-26,0,241817553,"36","241817553","P7D","http://aido.bsvgateway.org/api/locations/241817553/","Italy","Italy","Country","http://aido.bsvgateway.org/api/locations/216709393/",12.0719070927293,12.0719070927293,42.7864339963678,"Q Fever"
"241817553.299",1993-10-10,1993-10-03,0,241817553,"36","241817553","P7D","http://aido.bsvgateway.org/api/locations/241817553/","Italy","Italy","Country","http://aido.bsvgateway.org/api/locations/216709393/",42.7864339963678,12.0719070927293,42.7864339963678,"Q Fever"
"241817553.300",1993-10-17,1993-10-10,0,241817553,"36","241817553","P7D","http://aido.bsvgateway.org/api/locations/241817553/","Italy","Italy","Country","http://aido.bsvgateway.org/api/locations/216709393/",12.0719070927293,12.0719070927293,42.7864339963678,"Q Fever"
"241817553.301",1993-10-24,1993-10-17,0,241817553,"36","241817553","P7D","http://aido.bsvgateway.org/api/locations/241817553/","Italy","Italy","Country","http://aido.bsvgateway.org/api/locations/216709393/",42.7864339963678,12.0719070927293,42.7864339963678,"Q Fever"
"241817553.302",1993-10-31,1993-10-24,1,241817553,"36","241817553","P7D","http://aido.bsvgateway.org/api/locations/241817553/","Italy","Italy","Country","http://aido.bsvgateway.org/api/locations/216709393/",12.0719070927293,12.0719070927293,42.7864339963678,"Q Fever"
"241817553.303",1993-11-07,1993-10-31,1,241817553,"36","241817553","P7D","http://aido.bsvgateway.org/api/locations/241817553/","Italy","Italy","Country","http://aido.bsvgateway.org/api/locations/216709393/",42.7864339963678,12.0719070927293,42.7864339963678,"Q Fever"
"241817553.304",1993-11-14,1993-11-07,1,241817553,"36","241817553","P7D","http://aido.bsvgateway.org/api/locations/241817553/","Italy","Italy","Country","http://aido.bsvgateway.org/api/locations/216709393/",12.0719070927293,12.0719070927293,42.7864339963678,"Q Fever"
"241817553.305",2003-01-02,2002-12-26,0,241817553,"36","241817553","P7D","http://aido.bsvgateway.org/api/locations/241817553/","Italy","Italy","Country","http://aido.bsvgateway.org/api/locations/216709393/",42.7864339963678,12.0719070927293,42.7864339963678,"Q Fever"
"241817553.306",2003-01-09,2003-01-02,6,241817553,"36","241817553","P7D","http://aido.bsvgateway.org/api/locations/241817553/","Italy","Italy","Country","http://aido.bsvgateway.org/api/locations/216709393/",12.0719070927293,12.0719070927293,42.7864339963678,"Q Fever"
"241817553.307",2003-01-16,2003-01-09,16,241817553,"36","241817553","P7D","http://aido.bsvgateway.org/api/locations/241817553/","Italy","Italy","Country","http://aido.bsvgateway.org/api/locations/216709393/",42.7864339963678,12.0719070927293,42.7864339963678,"Q Fever"
"241817553.308",2003-01-23,2003-01-16,17,241817553,"36","241817553","P7D","http://aido.bsvgateway.org/api/locations/241817553/","Italy","Italy","Country","http://aido.bsvgateway.org/api/locations/216709393/",12.0719070927293,12.0719070927293,42.7864339963678,"Q Fever"
"241817553.309",2003-01-30,2003-01-23,12,241817553,"36","241817553","P7D","http://aido.bsvgateway.org/api/locations/241817553/","Italy","Italy","Country","http://aido.bsvgateway.org/api/locations/216709393/",42.7864339963678,12.0719070927293,42.7864339963678,"Q Fever"
"241817553.310",2003-02-06,2003-01-30,8,241817553,"36","241817553","P7D","http://aido.bsvgateway.org/api/locations/241817553/","Italy","Italy","Country","http://aido.bsvgateway.org/api/locations/216709393/",12.0719070927293,12.0719070927293,42.7864339963678,"Q Fever"
"241817553.311",2003-02-13,2003-02-06,6,241817553,"36","241817553","P7D","http://aido.bsvgateway.org/api/locations/241817553/","Italy","Italy","Country","http://aido.bsvgateway.org/api/locations/216709393/",42.7864339963678,12.0719070927293,42.7864339963678,"Q Fever"
"241817553.312",2003-02-20,2003-02-13,2,241817553,"36","241817553","P7D","http://aido.bsvgateway.org/api/locations/241817553/","Italy","Italy","Country","http://aido.bsvgateway.org/api/locations/216709393/",12.0719070927293,12.0719070927293,42.7864339963678,"Q Fever"
"241817553.313",2003-02-27,2003-02-20,0,241817553,"36","241817553","P7D","http://aido.bsvgateway.org/api/locations/241817553/","Italy","Italy","Country","http://aido.bsvgateway.org/api/locations/216709393/",42.7864339963678,12.0719070927293,42.7864339963678,"Q Fever"
