"","end","start","value","id","disease","location","duration","url","name","full_name","admin_level_name","parent","centroid_lat_long","longitude","latitude","disease_name"
"28405391.296",2001-03-08,2001-03-06,1,28405391,"29","28405391","P2D","http://aido.bsvgateway.org/api/locations/28405391/","Netherlands","Netherlands","Country","http://aido.bsvgateway.org/api/locations/216709393/",52.0697916715555,5.216814254832,52.0697916715555,"Foot And Mouth Disease"
"28405391.297",2001-03-10,2001-03-08,3,28405391,"29","28405391","P2D","http://aido.bsvgateway.org/api/locations/28405391/","Netherlands","Netherlands","Country","http://aido.bsvgateway.org/api/locations/216709393/",5.216814254832,5.216814254832,52.0697916715555,"Foot And Mouth Disease"
"28405391.298",2001-03-12,2001-03-10,0,28405391,"29","28405391","P2D","http://aido.bsvgateway.org/api/locations/28405391/","Netherlands","Netherlands","Country","http://aido.bsvgateway.org/api/locations/216709393/",52.0697916715555,5.216814254832,52.0697916715555,"Foot And Mouth Disease"
"28405391.299",2001-03-14,2001-03-12,2,28405391,"29","28405391","P2D","http://aido.bsvgateway.org/api/locations/28405391/","Netherlands","Netherlands","Country","http://aido.bsvgateway.org/api/locations/216709393/",5.216814254832,5.216814254832,52.0697916715555,"Foot And Mouth Disease"
"28405391.300",2001-03-16,2001-03-14,5,28405391,"29","28405391","P2D","http://aido.bsvgateway.org/api/locations/28405391/","Netherlands","Netherlands","Country","http://aido.bsvgateway.org/api/locations/216709393/",52.0697916715555,5.216814254832,52.0697916715555,"Foot And Mouth Disease"
"28405391.301",2001-03-18,2001-03-16,2,28405391,"29","28405391","P2D","http://aido.bsvgateway.org/api/locations/28405391/","Netherlands","Netherlands","Country","http://aido.bsvgateway.org/api/locations/216709393/",5.216814254832,5.216814254832,52.0697916715555,"Foot And Mouth Disease"
"28405391.302",2001-03-20,2001-03-18,5,28405391,"29","28405391","P2D","http://aido.bsvgateway.org/api/locations/28405391/","Netherlands","Netherlands","Country","http://aido.bsvgateway.org/api/locations/216709393/",52.0697916715555,5.216814254832,52.0697916715555,"Foot And Mouth Disease"
"28405391.303",2001-03-22,2001-03-20,5,28405391,"29","28405391","P2D","http://aido.bsvgateway.org/api/locations/28405391/","Netherlands","Netherlands","Country","http://aido.bsvgateway.org/api/locations/216709393/",5.216814254832,5.216814254832,52.0697916715555,"Foot And Mouth Disease"
"28405391.304",2001-03-24,2001-03-22,14,28405391,"29","28405391","P2D","http://aido.bsvgateway.org/api/locations/28405391/","Netherlands","Netherlands","Country","http://aido.bsvgateway.org/api/locations/216709393/",52.0697916715555,5.216814254832,52.0697916715555,"Foot And Mouth Disease"
"28405391.305",2001-03-26,2001-03-24,11,28405391,"29","28405391","P2D","http://aido.bsvgateway.org/api/locations/28405391/","Netherlands","Netherlands","Country","http://aido.bsvgateway.org/api/locations/216709393/",5.216814254832,5.216814254832,52.0697916715555,"Foot And Mouth Disease"
"28405391.306",2001-03-28,2001-03-26,3,28405391,"29","28405391","P2D","http://aido.bsvgateway.org/api/locations/28405391/","Netherlands","Netherlands","Country","http://aido.bsvgateway.org/api/locations/216709393/",52.0697916715555,5.216814254832,52.0697916715555,"Foot And Mouth Disease"
"28405391.307",2001-03-30,2001-03-28,12,28405391,"29","28405391","P2D","http://aido.bsvgateway.org/api/locations/28405391/","Netherlands","Netherlands","Country","http://aido.bsvgateway.org/api/locations/216709393/",5.216814254832,5.216814254832,52.0697916715555,"Foot And Mouth Disease"
"28405391.308",2001-04-01,2001-03-30,9,28405391,"29","28405391","P2D","http://aido.bsvgateway.org/api/locations/28405391/","Netherlands","Netherlands","Country","http://aido.bsvgateway.org/api/locations/216709393/",52.0697916715555,5.216814254832,52.0697916715555,"Foot And Mouth Disease"
"28405391.309",2001-04-03,2001-04-01,7,28405391,"29","28405391","P2D","http://aido.bsvgateway.org/api/locations/28405391/","Netherlands","Netherlands","Country","http://aido.bsvgateway.org/api/locations/216709393/",5.216814254832,5.216814254832,52.0697916715555,"Foot And Mouth Disease"
"28405391.310",2001-04-05,2001-04-03,16,28405391,"29","28405391","P2D","http://aido.bsvgateway.org/api/locations/28405391/","Netherlands","Netherlands","Country","http://aido.bsvgateway.org/api/locations/216709393/",52.0697916715555,5.216814254832,52.0697916715555,"Foot And Mouth Disease"
"28405391.311",2001-04-07,2001-04-05,3,28405391,"29","28405391","P2D","http://aido.bsvgateway.org/api/locations/28405391/","Netherlands","Netherlands","Country","http://aido.bsvgateway.org/api/locations/216709393/",5.216814254832,5.216814254832,52.0697916715555,"Foot And Mouth Disease"
"28405391.312",2001-04-09,2001-04-07,6,28405391,"29","28405391","P2D","http://aido.bsvgateway.org/api/locations/28405391/","Netherlands","Netherlands","Country","http://aido.bsvgateway.org/api/locations/216709393/",52.0697916715555,5.216814254832,52.0697916715555,"Foot And Mouth Disease"
"28405391.313",2001-04-11,2001-04-09,7,28405391,"29","28405391","P2D","http://aido.bsvgateway.org/api/locations/28405391/","Netherlands","Netherlands","Country","http://aido.bsvgateway.org/api/locations/216709393/",5.216814254832,5.216814254832,52.0697916715555,"Foot And Mouth Disease"
"28405391.314",2001-04-13,2001-04-11,10,28405391,"29","28405391","P2D","http://aido.bsvgateway.org/api/locations/28405391/","Netherlands","Netherlands","Country","http://aido.bsvgateway.org/api/locations/216709393/",52.0697916715555,5.216814254832,52.0697916715555,"Foot And Mouth Disease"
"28405391.315",2001-04-15,2001-04-13,9,28405391,"29","28405391","P2D","http://aido.bsvgateway.org/api/locations/28405391/","Netherlands","Netherlands","Country","http://aido.bsvgateway.org/api/locations/216709393/",5.216814254832,5.216814254832,52.0697916715555,"Foot And Mouth Disease"
"28405391.316",2001-04-17,2001-04-15,4,28405391,"29","28405391","P2D","http://aido.bsvgateway.org/api/locations/28405391/","Netherlands","Netherlands","Country","http://aido.bsvgateway.org/api/locations/216709393/",52.0697916715555,5.216814254832,52.0697916715555,"Foot And Mouth Disease"
"28405391.317",2001-04-19,2001-04-17,1,28405391,"29","28405391","P2D","http://aido.bsvgateway.org/api/locations/28405391/","Netherlands","Netherlands","Country","http://aido.bsvgateway.org/api/locations/216709393/",5.216814254832,5.216814254832,52.0697916715555,"Foot And Mouth Disease"
"28405391.318",2001-04-21,2001-04-19,1,28405391,"29","28405391","P2D","http://aido.bsvgateway.org/api/locations/28405391/","Netherlands","Netherlands","Country","http://aido.bsvgateway.org/api/locations/216709393/",52.0697916715555,5.216814254832,52.0697916715555,"Foot And Mouth Disease"
"28405391.319",2001-04-23,2001-04-21,3,28405391,"29","28405391","P2D","http://aido.bsvgateway.org/api/locations/28405391/","Netherlands","Netherlands","Country","http://aido.bsvgateway.org/api/locations/216709393/",5.216814254832,5.216814254832,52.0697916715555,"Foot And Mouth Disease"
"28405391.320",2001-04-25,2001-04-23,0,28405391,"29","28405391","P2D","http://aido.bsvgateway.org/api/locations/28405391/","Netherlands","Netherlands","Country","http://aido.bsvgateway.org/api/locations/216709393/",52.0697916715555,5.216814254832,52.0697916715555,"Foot And Mouth Disease"
"28405391.321",2001-04-27,2001-04-25,2,28405391,"29","28405391","P2D","http://aido.bsvgateway.org/api/locations/28405391/","Netherlands","Netherlands","Country","http://aido.bsvgateway.org/api/locations/216709393/",5.216814254832,5.216814254832,52.0697916715555,"Foot And Mouth Disease"
"28405391.322",2001-04-29,2001-04-27,2,28405391,"29","28405391","P2D","http://aido.bsvgateway.org/api/locations/28405391/","Netherlands","Netherlands","Country","http://aido.bsvgateway.org/api/locations/216709393/",52.0697916715555,5.216814254832,52.0697916715555,"Foot And Mouth Disease"
"28405391.323",2001-05-01,2001-04-29,1,28405391,"29","28405391","P2D","http://aido.bsvgateway.org/api/locations/28405391/","Netherlands","Netherlands","Country","http://aido.bsvgateway.org/api/locations/216709393/",5.216814254832,5.216814254832,52.0697916715555,"Foot And Mouth Disease"
"28405391.324",2001-05-03,2001-05-01,1,28405391,"29","28405391","P2D","http://aido.bsvgateway.org/api/locations/28405391/","Netherlands","Netherlands","Country","http://aido.bsvgateway.org/api/locations/216709393/",52.0697916715555,5.216814254832,52.0697916715555,"Foot And Mouth Disease"
"28405391.325",2001-05-05,2001-05-03,0,28405391,"29","28405391","P2D","http://aido.bsvgateway.org/api/locations/28405391/","Netherlands","Netherlands","Country","http://aido.bsvgateway.org/api/locations/216709393/",5.216814254832,5.216814254832,52.0697916715555,"Foot And Mouth Disease"
"28405391.326",2001-05-07,2001-05-05,1,28405391,"29","28405391","P2D","http://aido.bsvgateway.org/api/locations/28405391/","Netherlands","Netherlands","Country","http://aido.bsvgateway.org/api/locations/216709393/",52.0697916715555,5.216814254832,52.0697916715555,"Foot And Mouth Disease"
"28405391.327",2001-05-09,2001-05-07,0,28405391,"29","28405391","P2D","http://aido.bsvgateway.org/api/locations/28405391/","Netherlands","Netherlands","Country","http://aido.bsvgateway.org/api/locations/216709393/",5.216814254832,5.216814254832,52.0697916715555,"Foot And Mouth Disease"
"28405391.328",2001-05-11,2001-05-09,0,28405391,"29","28405391","P2D","http://aido.bsvgateway.org/api/locations/28405391/","Netherlands","Netherlands","Country","http://aido.bsvgateway.org/api/locations/216709393/",52.0697916715555,5.216814254832,52.0697916715555,"Foot And Mouth Disease"
"28405391.329",2001-05-13,2001-05-11,0,28405391,"29","28405391","P2D","http://aido.bsvgateway.org/api/locations/28405391/","Netherlands","Netherlands","Country","http://aido.bsvgateway.org/api/locations/216709393/",5.216814254832,5.216814254832,52.0697916715555,"Foot And Mouth Disease"
"28405391.330",2001-05-15,2001-05-13,0,28405391,"29","28405391","P2D","http://aido.bsvgateway.org/api/locations/28405391/","Netherlands","Netherlands","Country","http://aido.bsvgateway.org/api/locations/216709393/",52.0697916715555,5.216814254832,52.0697916715555,"Foot And Mouth Disease"
"28405391.331",2001-05-17,2001-05-15,1,28405391,"29","28405391","P2D","http://aido.bsvgateway.org/api/locations/28405391/","Netherlands","Netherlands","Country","http://aido.bsvgateway.org/api/locations/216709393/",5.216814254832,5.216814254832,52.0697916715555,"Foot And Mouth Disease"
