"","end","start","value","id","disease","location","duration","url","name","full_name","admin_level_name","parent","centroid_lat_long","longitude","latitude","disease_name"
"156178875.314",2013-01-07,2012-12-31,1,156178875,"56","156178875","P7D","http://aido.bsvgateway.org/api/locations/156178875/","Ecuador","Ecuador","Country","http://aido.bsvgateway.org/api/locations/13410479/",-1.4262413342326,-78.7722823120475,-1.4262413342326,"Malaria"
"156178875.315",2013-01-14,2013-01-07,10,156178875,"56","156178875","P7D","http://aido.bsvgateway.org/api/locations/156178875/","Ecuador","Ecuador","Country","http://aido.bsvgateway.org/api/locations/13410479/",-78.7722823120475,-78.7722823120475,-1.4262413342326,"Malaria"
"156178875.316",2013-01-21,2013-01-14,31,156178875,"56","156178875","P7D","http://aido.bsvgateway.org/api/locations/156178875/","Ecuador","Ecuador","Country","http://aido.bsvgateway.org/api/locations/13410479/",-1.4262413342326,-78.7722823120475,-1.4262413342326,"Malaria"
"156178875.317",2013-01-28,2013-01-21,39,156178875,"56","156178875","P7D","http://aido.bsvgateway.org/api/locations/156178875/","Ecuador","Ecuador","Country","http://aido.bsvgateway.org/api/locations/13410479/",-78.7722823120475,-78.7722823120475,-1.4262413342326,"Malaria"
"156178875.318",2013-02-04,2013-01-28,27,156178875,"56","156178875","P7D","http://aido.bsvgateway.org/api/locations/156178875/","Ecuador","Ecuador","Country","http://aido.bsvgateway.org/api/locations/13410479/",-1.4262413342326,-78.7722823120475,-1.4262413342326,"Malaria"
"156178875.319",2013-02-11,2013-02-04,48,156178875,"56","156178875","P7D","http://aido.bsvgateway.org/api/locations/156178875/","Ecuador","Ecuador","Country","http://aido.bsvgateway.org/api/locations/13410479/",-78.7722823120475,-78.7722823120475,-1.4262413342326,"Malaria"
"156178875.320",2013-02-18,2013-02-11,27,156178875,"56","156178875","P7D","http://aido.bsvgateway.org/api/locations/156178875/","Ecuador","Ecuador","Country","http://aido.bsvgateway.org/api/locations/13410479/",-1.4262413342326,-78.7722823120475,-1.4262413342326,"Malaria"
"156178875.321",2013-02-25,2013-02-18,18,156178875,"56","156178875","P7D","http://aido.bsvgateway.org/api/locations/156178875/","Ecuador","Ecuador","Country","http://aido.bsvgateway.org/api/locations/13410479/",-78.7722823120475,-78.7722823120475,-1.4262413342326,"Malaria"
"156178875.322",2013-03-04,2013-02-25,22,156178875,"56","156178875","P7D","http://aido.bsvgateway.org/api/locations/156178875/","Ecuador","Ecuador","Country","http://aido.bsvgateway.org/api/locations/13410479/",-1.4262413342326,-78.7722823120475,-1.4262413342326,"Malaria"
"156178875.323",2013-03-11,2013-03-04,10,156178875,"56","156178875","P7D","http://aido.bsvgateway.org/api/locations/156178875/","Ecuador","Ecuador","Country","http://aido.bsvgateway.org/api/locations/13410479/",-78.7722823120475,-78.7722823120475,-1.4262413342326,"Malaria"
"156178875.324",2013-03-18,2013-03-11,1,156178875,"56","156178875","P7D","http://aido.bsvgateway.org/api/locations/156178875/","Ecuador","Ecuador","Country","http://aido.bsvgateway.org/api/locations/13410479/",-1.4262413342326,-78.7722823120475,-1.4262413342326,"Malaria"
"156178875.325",2013-03-25,2013-03-18,1,156178875,"56","156178875","P7D","http://aido.bsvgateway.org/api/locations/156178875/","Ecuador","Ecuador","Country","http://aido.bsvgateway.org/api/locations/13410479/",-78.7722823120475,-78.7722823120475,-1.4262413342326,"Malaria"
"156178875.326",2013-04-01,2013-03-25,14,156178875,"56","156178875","P7D","http://aido.bsvgateway.org/api/locations/156178875/","Ecuador","Ecuador","Country","http://aido.bsvgateway.org/api/locations/13410479/",-1.4262413342326,-78.7722823120475,-1.4262413342326,"Malaria"
"156178875.327",2013-04-08,2013-04-01,31,156178875,"56","156178875","P7D","http://aido.bsvgateway.org/api/locations/156178875/","Ecuador","Ecuador","Country","http://aido.bsvgateway.org/api/locations/13410479/",-78.7722823120475,-78.7722823120475,-1.4262413342326,"Malaria"
"156178875.328",2013-04-15,2013-04-08,44,156178875,"56","156178875","P7D","http://aido.bsvgateway.org/api/locations/156178875/","Ecuador","Ecuador","Country","http://aido.bsvgateway.org/api/locations/13410479/",-1.4262413342326,-78.7722823120475,-1.4262413342326,"Malaria"
"156178875.329",2013-04-22,2013-04-15,18,156178875,"56","156178875","P7D","http://aido.bsvgateway.org/api/locations/156178875/","Ecuador","Ecuador","Country","http://aido.bsvgateway.org/api/locations/13410479/",-78.7722823120475,-78.7722823120475,-1.4262413342326,"Malaria"
"156178875.330",2013-04-29,2013-04-22,10,156178875,"56","156178875","P7D","http://aido.bsvgateway.org/api/locations/156178875/","Ecuador","Ecuador","Country","http://aido.bsvgateway.org/api/locations/13410479/",-1.4262413342326,-78.7722823120475,-1.4262413342326,"Malaria"
"156178875.331",2013-05-06,2013-04-29,6,156178875,"56","156178875","P7D","http://aido.bsvgateway.org/api/locations/156178875/","Ecuador","Ecuador","Country","http://aido.bsvgateway.org/api/locations/13410479/",-78.7722823120475,-78.7722823120475,-1.4262413342326,"Malaria"
"156178875.332",2013-05-13,2013-05-06,27,156178875,"56","156178875","P7D","http://aido.bsvgateway.org/api/locations/156178875/","Ecuador","Ecuador","Country","http://aido.bsvgateway.org/api/locations/13410479/",-1.4262413342326,-78.7722823120475,-1.4262413342326,"Malaria"
"156178875.333",2013-05-20,2013-05-13,1,156178875,"56","156178875","P7D","http://aido.bsvgateway.org/api/locations/156178875/","Ecuador","Ecuador","Country","http://aido.bsvgateway.org/api/locations/13410479/",-78.7722823120475,-78.7722823120475,-1.4262413342326,"Malaria"
"156178875.334",2013-05-27,2013-05-20,10,156178875,"56","156178875","P7D","http://aido.bsvgateway.org/api/locations/156178875/","Ecuador","Ecuador","Country","http://aido.bsvgateway.org/api/locations/13410479/",-1.4262413342326,-78.7722823120475,-1.4262413342326,"Malaria"
"156178875.335",2013-06-03,2013-05-27,35,156178875,"56","156178875","P7D","http://aido.bsvgateway.org/api/locations/156178875/","Ecuador","Ecuador","Country","http://aido.bsvgateway.org/api/locations/13410479/",-78.7722823120475,-78.7722823120475,-1.4262413342326,"Malaria"
"156178875.336",2013-06-10,2013-06-03,39,156178875,"56","156178875","P7D","http://aido.bsvgateway.org/api/locations/156178875/","Ecuador","Ecuador","Country","http://aido.bsvgateway.org/api/locations/13410479/",-1.4262413342326,-78.7722823120475,-1.4262413342326,"Malaria"
"156178875.337",2013-06-17,2013-06-10,5,156178875,"56","156178875","P7D","http://aido.bsvgateway.org/api/locations/156178875/","Ecuador","Ecuador","Country","http://aido.bsvgateway.org/api/locations/13410479/",-78.7722823120475,-78.7722823120475,-1.4262413342326,"Malaria"
"156178875.338",2013-06-24,2013-06-17,22,156178875,"56","156178875","P7D","http://aido.bsvgateway.org/api/locations/156178875/","Ecuador","Ecuador","Country","http://aido.bsvgateway.org/api/locations/13410479/",-1.4262413342326,-78.7722823120475,-1.4262413342326,"Malaria"
"156178875.339",2013-07-01,2013-06-24,10,156178875,"56","156178875","P7D","http://aido.bsvgateway.org/api/locations/156178875/","Ecuador","Ecuador","Country","http://aido.bsvgateway.org/api/locations/13410479/",-78.7722823120475,-78.7722823120475,-1.4262413342326,"Malaria"
"156178875.340",2013-07-08,2013-07-01,5,156178875,"56","156178875","P7D","http://aido.bsvgateway.org/api/locations/156178875/","Ecuador","Ecuador","Country","http://aido.bsvgateway.org/api/locations/13410479/",-1.4262413342326,-78.7722823120475,-1.4262413342326,"Malaria"
"156178875.341",2013-07-15,2013-07-08,1,156178875,"56","156178875","P7D","http://aido.bsvgateway.org/api/locations/156178875/","Ecuador","Ecuador","Country","http://aido.bsvgateway.org/api/locations/13410479/",-78.7722823120475,-78.7722823120475,-1.4262413342326,"Malaria"
"156178875.342",2013-07-22,2013-07-15,14,156178875,"56","156178875","P7D","http://aido.bsvgateway.org/api/locations/156178875/","Ecuador","Ecuador","Country","http://aido.bsvgateway.org/api/locations/13410479/",-1.4262413342326,-78.7722823120475,-1.4262413342326,"Malaria"
"156178875.343",2013-07-29,2013-07-22,18,156178875,"56","156178875","P7D","http://aido.bsvgateway.org/api/locations/156178875/","Ecuador","Ecuador","Country","http://aido.bsvgateway.org/api/locations/13410479/",-78.7722823120475,-78.7722823120475,-1.4262413342326,"Malaria"
"156178875.344",2013-08-05,2013-07-29,10,156178875,"56","156178875","P7D","http://aido.bsvgateway.org/api/locations/156178875/","Ecuador","Ecuador","Country","http://aido.bsvgateway.org/api/locations/13410479/",-1.4262413342326,-78.7722823120475,-1.4262413342326,"Malaria"
"156178875.345",2013-08-12,2013-08-05,1,156178875,"56","156178875","P7D","http://aido.bsvgateway.org/api/locations/156178875/","Ecuador","Ecuador","Country","http://aido.bsvgateway.org/api/locations/13410479/",-78.7722823120475,-78.7722823120475,-1.4262413342326,"Malaria"
"156178875.346",2013-08-19,2013-08-12,1,156178875,"56","156178875","P7D","http://aido.bsvgateway.org/api/locations/156178875/","Ecuador","Ecuador","Country","http://aido.bsvgateway.org/api/locations/13410479/",-1.4262413342326,-78.7722823120475,-1.4262413342326,"Malaria"
"156178875.347",2013-08-26,2013-08-19,10,156178875,"56","156178875","P7D","http://aido.bsvgateway.org/api/locations/156178875/","Ecuador","Ecuador","Country","http://aido.bsvgateway.org/api/locations/13410479/",-78.7722823120475,-78.7722823120475,-1.4262413342326,"Malaria"
"156178875.348",2013-09-02,2013-08-26,10,156178875,"56","156178875","P7D","http://aido.bsvgateway.org/api/locations/156178875/","Ecuador","Ecuador","Country","http://aido.bsvgateway.org/api/locations/13410479/",-1.4262413342326,-78.7722823120475,-1.4262413342326,"Malaria"
"156178875.349",2013-09-09,2013-09-02,5,156178875,"56","156178875","P7D","http://aido.bsvgateway.org/api/locations/156178875/","Ecuador","Ecuador","Country","http://aido.bsvgateway.org/api/locations/13410479/",-78.7722823120475,-78.7722823120475,-1.4262413342326,"Malaria"
"156178875.350",2013-09-16,2013-09-09,1,156178875,"56","156178875","P7D","http://aido.bsvgateway.org/api/locations/156178875/","Ecuador","Ecuador","Country","http://aido.bsvgateway.org/api/locations/13410479/",-1.4262413342326,-78.7722823120475,-1.4262413342326,"Malaria"
"156178875.351",2013-09-23,2013-09-16,14,156178875,"56","156178875","P7D","http://aido.bsvgateway.org/api/locations/156178875/","Ecuador","Ecuador","Country","http://aido.bsvgateway.org/api/locations/13410479/",-78.7722823120475,-78.7722823120475,-1.4262413342326,"Malaria"
"156178875.352",2013-09-30,2013-09-23,10,156178875,"56","156178875","P7D","http://aido.bsvgateway.org/api/locations/156178875/","Ecuador","Ecuador","Country","http://aido.bsvgateway.org/api/locations/13410479/",-1.4262413342326,-78.7722823120475,-1.4262413342326,"Malaria"
"156178875.353",2013-10-07,2013-09-30,5,156178875,"56","156178875","P7D","http://aido.bsvgateway.org/api/locations/156178875/","Ecuador","Ecuador","Country","http://aido.bsvgateway.org/api/locations/13410479/",-78.7722823120475,-78.7722823120475,-1.4262413342326,"Malaria"
"156178875.354",2013-10-14,2013-10-07,1,156178875,"56","156178875","P7D","http://aido.bsvgateway.org/api/locations/156178875/","Ecuador","Ecuador","Country","http://aido.bsvgateway.org/api/locations/13410479/",-1.4262413342326,-78.7722823120475,-1.4262413342326,"Malaria"
"156178875.355",2013-10-21,2013-10-14,1,156178875,"56","156178875","P7D","http://aido.bsvgateway.org/api/locations/156178875/","Ecuador","Ecuador","Country","http://aido.bsvgateway.org/api/locations/13410479/",-78.7722823120475,-78.7722823120475,-1.4262413342326,"Malaria"
"156178875.356",2013-10-28,2013-10-21,5,156178875,"56","156178875","P7D","http://aido.bsvgateway.org/api/locations/156178875/","Ecuador","Ecuador","Country","http://aido.bsvgateway.org/api/locations/13410479/",-1.4262413342326,-78.7722823120475,-1.4262413342326,"Malaria"
"156178875.357",2013-11-04,2013-10-28,1,156178875,"56","156178875","P7D","http://aido.bsvgateway.org/api/locations/156178875/","Ecuador","Ecuador","Country","http://aido.bsvgateway.org/api/locations/13410479/",-78.7722823120475,-78.7722823120475,-1.4262413342326,"Malaria"
"156178875.358",2013-11-11,2013-11-04,18,156178875,"56","156178875","P7D","http://aido.bsvgateway.org/api/locations/156178875/","Ecuador","Ecuador","Country","http://aido.bsvgateway.org/api/locations/13410479/",-1.4262413342326,-78.7722823120475,-1.4262413342326,"Malaria"
"156178875.359",2013-11-18,2013-11-11,1,156178875,"56","156178875","P7D","http://aido.bsvgateway.org/api/locations/156178875/","Ecuador","Ecuador","Country","http://aido.bsvgateway.org/api/locations/13410479/",-78.7722823120475,-78.7722823120475,-1.4262413342326,"Malaria"
"156178875.360",2013-11-25,2013-11-18,1,156178875,"56","156178875","P7D","http://aido.bsvgateway.org/api/locations/156178875/","Ecuador","Ecuador","Country","http://aido.bsvgateway.org/api/locations/13410479/",-1.4262413342326,-78.7722823120475,-1.4262413342326,"Malaria"
"156178875.361",2013-12-02,2013-11-25,5,156178875,"56","156178875","P7D","http://aido.bsvgateway.org/api/locations/156178875/","Ecuador","Ecuador","Country","http://aido.bsvgateway.org/api/locations/13410479/",-78.7722823120475,-78.7722823120475,-1.4262413342326,"Malaria"
"156178875.362",2013-12-09,2013-12-02,1,156178875,"56","156178875","P7D","http://aido.bsvgateway.org/api/locations/156178875/","Ecuador","Ecuador","Country","http://aido.bsvgateway.org/api/locations/13410479/",-1.4262413342326,-78.7722823120475,-1.4262413342326,"Malaria"
"156178875.363",2013-12-16,2013-12-09,1,156178875,"56","156178875","P7D","http://aido.bsvgateway.org/api/locations/156178875/","Ecuador","Ecuador","Country","http://aido.bsvgateway.org/api/locations/13410479/",-78.7722823120475,-78.7722823120475,-1.4262413342326,"Malaria"
"156178875.364",2013-12-23,2013-12-16,1,156178875,"56","156178875","P7D","http://aido.bsvgateway.org/api/locations/156178875/","Ecuador","Ecuador","Country","http://aido.bsvgateway.org/api/locations/13410479/",-1.4262413342326,-78.7722823120475,-1.4262413342326,"Malaria"
"156178875.365",2013-12-30,2013-12-23,1,156178875,"56","156178875","P7D","http://aido.bsvgateway.org/api/locations/156178875/","Ecuador","Ecuador","Country","http://aido.bsvgateway.org/api/locations/13410479/",-78.7722823120475,-78.7722823120475,-1.4262413342326,"Malaria"
