"","end","start","value","id","disease","location","duration","url","name","full_name","admin_level_name","parent","centroid_lat_long","longitude","latitude","disease_name"
"181572885.575",2008-02-01,2008-01-01,25,181572885,"39","181572885","P1M","http://aido.bsvgateway.org/api/locations/181572885/","France","France","Country","http://aido.bsvgateway.org/api/locations/216709393/",42.1801070051846,-2.75522114869556,42.1801070051846,"Measles"
"181572885.576",2008-03-01,2008-02-01,25,181572885,"39","181572885","P1M","http://aido.bsvgateway.org/api/locations/181572885/","France","France","Country","http://aido.bsvgateway.org/api/locations/216709393/",-2.75522114869557,-2.75522114869556,42.1801070051846,"Measles"
"181572885.577",2008-04-01,2008-03-01,41,181572885,"39","181572885","P1M","http://aido.bsvgateway.org/api/locations/181572885/","France","France","Country","http://aido.bsvgateway.org/api/locations/216709393/",42.1801070051846,-2.75522114869556,42.1801070051846,"Measles"
"181572885.578",2008-05-01,2008-04-01,25,181572885,"39","181572885","P1M","http://aido.bsvgateway.org/api/locations/181572885/","France","France","Country","http://aido.bsvgateway.org/api/locations/216709393/",-2.75522114869557,-2.75522114869556,42.1801070051846,"Measles"
"181572885.579",2008-06-01,2008-05-01,25,181572885,"39","181572885","P1M","http://aido.bsvgateway.org/api/locations/181572885/","France","France","Country","http://aido.bsvgateway.org/api/locations/216709393/",42.1801070051846,-2.75522114869556,42.1801070051846,"Measles"
"181572885.580",2008-07-01,2008-06-01,25,181572885,"39","181572885","P1M","http://aido.bsvgateway.org/api/locations/181572885/","France","France","Country","http://aido.bsvgateway.org/api/locations/216709393/",-2.75522114869557,-2.75522114869556,42.1801070051846,"Measles"
"181572885.581",2008-08-01,2008-07-01,25,181572885,"39","181572885","P1M","http://aido.bsvgateway.org/api/locations/181572885/","France","France","Country","http://aido.bsvgateway.org/api/locations/216709393/",42.1801070051846,-2.75522114869556,42.1801070051846,"Measles"
"181572885.582",2008-09-01,2008-08-01,57,181572885,"39","181572885","P1M","http://aido.bsvgateway.org/api/locations/181572885/","France","France","Country","http://aido.bsvgateway.org/api/locations/216709393/",-2.75522114869557,-2.75522114869556,42.1801070051846,"Measles"
"181572885.583",2008-10-01,2008-09-01,57,181572885,"39","181572885","P1M","http://aido.bsvgateway.org/api/locations/181572885/","France","France","Country","http://aido.bsvgateway.org/api/locations/216709393/",42.1801070051846,-2.75522114869556,42.1801070051846,"Measles"
"181572885.584",2008-11-01,2008-10-01,139,181572885,"39","181572885","P1M","http://aido.bsvgateway.org/api/locations/181572885/","France","France","Country","http://aido.bsvgateway.org/api/locations/216709393/",-2.75522114869557,-2.75522114869556,42.1801070051846,"Measles"
"181572885.585",2008-12-01,2008-11-01,156,181572885,"39","181572885","P1M","http://aido.bsvgateway.org/api/locations/181572885/","France","France","Country","http://aido.bsvgateway.org/api/locations/216709393/",42.1801070051846,-2.75522114869556,42.1801070051846,"Measles"
"181572885.586",2009-01-01,2008-12-01,139,181572885,"39","181572885","P1M","http://aido.bsvgateway.org/api/locations/181572885/","France","France","Country","http://aido.bsvgateway.org/api/locations/216709393/",-2.75522114869557,-2.75522114869556,42.1801070051846,"Measles"
"181572885.587",2009-02-01,2009-01-01,156,181572885,"39","181572885","P1M","http://aido.bsvgateway.org/api/locations/181572885/","France","France","Country","http://aido.bsvgateway.org/api/locations/216709393/",42.1801070051846,-2.75522114869556,42.1801070051846,"Measles"
"181572885.588",2009-03-01,2009-02-01,205,181572885,"39","181572885","P1M","http://aido.bsvgateway.org/api/locations/181572885/","France","France","Country","http://aido.bsvgateway.org/api/locations/216709393/",-2.75522114869557,-2.75522114869556,42.1801070051846,"Measles"
"181572885.589",2009-04-01,2009-03-01,156,181572885,"39","181572885","P1M","http://aido.bsvgateway.org/api/locations/181572885/","France","France","Country","http://aido.bsvgateway.org/api/locations/216709393/",42.1801070051846,-2.75522114869556,42.1801070051846,"Measles"
"181572885.590",2009-05-01,2009-04-01,172,181572885,"39","181572885","P1M","http://aido.bsvgateway.org/api/locations/181572885/","France","France","Country","http://aido.bsvgateway.org/api/locations/216709393/",-2.75522114869557,-2.75522114869556,42.1801070051846,"Measles"
"181572885.591",2009-06-01,2009-05-01,189,181572885,"39","181572885","P1M","http://aido.bsvgateway.org/api/locations/181572885/","France","France","Country","http://aido.bsvgateway.org/api/locations/216709393/",42.1801070051846,-2.75522114869556,42.1801070051846,"Measles"
"181572885.592",2009-07-01,2009-06-01,238,181572885,"39","181572885","P1M","http://aido.bsvgateway.org/api/locations/181572885/","France","France","Country","http://aido.bsvgateway.org/api/locations/216709393/",-2.75522114869557,-2.75522114869556,42.1801070051846,"Measles"
"181572885.593",2009-08-01,2009-07-01,172,181572885,"39","181572885","P1M","http://aido.bsvgateway.org/api/locations/181572885/","France","France","Country","http://aido.bsvgateway.org/api/locations/216709393/",42.1801070051846,-2.75522114869556,42.1801070051846,"Measles"
"181572885.594",2009-09-01,2009-08-01,107,181572885,"39","181572885","P1M","http://aido.bsvgateway.org/api/locations/181572885/","France","France","Country","http://aido.bsvgateway.org/api/locations/216709393/",-2.75522114869557,-2.75522114869556,42.1801070051846,"Measles"
"181572885.595",2009-10-01,2009-09-01,74,181572885,"39","181572885","P1M","http://aido.bsvgateway.org/api/locations/181572885/","France","France","Country","http://aido.bsvgateway.org/api/locations/216709393/",42.1801070051846,-2.75522114869556,42.1801070051846,"Measles"
"181572885.596",2009-11-01,2009-10-01,57,181572885,"39","181572885","P1M","http://aido.bsvgateway.org/api/locations/181572885/","France","France","Country","http://aido.bsvgateway.org/api/locations/216709393/",-2.75522114869557,-2.75522114869556,42.1801070051846,"Measles"
"181572885.597",2009-12-01,2009-11-01,57,181572885,"39","181572885","P1M","http://aido.bsvgateway.org/api/locations/181572885/","France","France","Country","http://aido.bsvgateway.org/api/locations/216709393/",42.1801070051846,-2.75522114869556,42.1801070051846,"Measles"
"181572885.598",2010-01-01,2009-12-01,90,181572885,"39","181572885","P1M","http://aido.bsvgateway.org/api/locations/181572885/","France","France","Country","http://aido.bsvgateway.org/api/locations/216709393/",-2.75522114869557,-2.75522114869556,42.1801070051846,"Measles"
"181572885.599",2010-02-01,2010-01-01,156,181572885,"39","181572885","P1M","http://aido.bsvgateway.org/api/locations/181572885/","France","France","Country","http://aido.bsvgateway.org/api/locations/216709393/",42.1801070051846,-2.75522114869556,42.1801070051846,"Measles"
"181572885.600",2010-03-01,2010-02-01,221,181572885,"39","181572885","P1M","http://aido.bsvgateway.org/api/locations/181572885/","France","France","Country","http://aido.bsvgateway.org/api/locations/216709393/",-2.75522114869557,-2.75522114869556,42.1801070051846,"Measles"
"181572885.601",2010-04-01,2010-03-01,451,181572885,"39","181572885","P1M","http://aido.bsvgateway.org/api/locations/181572885/","France","France","Country","http://aido.bsvgateway.org/api/locations/216709393/",42.1801070051846,-2.75522114869556,42.1801070051846,"Measles"
"181572885.602",2010-05-01,2010-04-01,664,181572885,"39","181572885","P1M","http://aido.bsvgateway.org/api/locations/181572885/","France","France","Country","http://aido.bsvgateway.org/api/locations/216709393/",-2.75522114869557,-2.75522114869556,42.1801070051846,"Measles"
"181572885.603",2010-06-01,2010-05-01,615,181572885,"39","181572885","P1M","http://aido.bsvgateway.org/api/locations/181572885/","France","France","Country","http://aido.bsvgateway.org/api/locations/216709393/",42.1801070051846,-2.75522114869556,42.1801070051846,"Measles"
"181572885.604",2010-07-01,2010-06-01,549,181572885,"39","181572885","P1M","http://aido.bsvgateway.org/api/locations/181572885/","France","France","Country","http://aido.bsvgateway.org/api/locations/216709393/",-2.75522114869557,-2.75522114869556,42.1801070051846,"Measles"
"181572885.605",2010-08-01,2010-07-01,369,181572885,"39","181572885","P1M","http://aido.bsvgateway.org/api/locations/181572885/","France","France","Country","http://aido.bsvgateway.org/api/locations/216709393/",42.1801070051846,-2.75522114869556,42.1801070051846,"Measles"
"181572885.606",2010-09-01,2010-08-01,156,181572885,"39","181572885","P1M","http://aido.bsvgateway.org/api/locations/181572885/","France","France","Country","http://aido.bsvgateway.org/api/locations/216709393/",-2.75522114869557,-2.75522114869556,42.1801070051846,"Measles"
"181572885.607",2010-10-01,2010-09-01,156,181572885,"39","181572885","P1M","http://aido.bsvgateway.org/api/locations/181572885/","France","France","Country","http://aido.bsvgateway.org/api/locations/216709393/",42.1801070051846,-2.75522114869556,42.1801070051846,"Measles"
"181572885.608",2010-11-01,2010-10-01,270,181572885,"39","181572885","P1M","http://aido.bsvgateway.org/api/locations/181572885/","France","France","Country","http://aido.bsvgateway.org/api/locations/216709393/",-2.75522114869557,-2.75522114869556,42.1801070051846,"Measles"
"181572885.609",2010-12-01,2010-11-01,500,181572885,"39","181572885","P1M","http://aido.bsvgateway.org/api/locations/181572885/","France","France","Country","http://aido.bsvgateway.org/api/locations/216709393/",42.1801070051846,-2.75522114869556,42.1801070051846,"Measles"
"181572885.610",2011-01-01,2010-12-01,1041,181572885,"39","181572885","P1M","http://aido.bsvgateway.org/api/locations/181572885/","France","France","Country","http://aido.bsvgateway.org/api/locations/216709393/",-2.75522114869557,-2.75522114869556,42.1801070051846,"Measles"
"181572885.611",2011-02-01,2011-01-01,1516,181572885,"39","181572885","P1M","http://aido.bsvgateway.org/api/locations/181572885/","France","France","Country","http://aido.bsvgateway.org/api/locations/216709393/",42.1801070051846,-2.75522114869556,42.1801070051846,"Measles"
"181572885.612",2011-03-01,2011-02-01,2418,181572885,"39","181572885","P1M","http://aido.bsvgateway.org/api/locations/181572885/","France","France","Country","http://aido.bsvgateway.org/api/locations/216709393/",-2.75522114869557,-2.75522114869556,42.1801070051846,"Measles"
"181572885.613",2011-04-01,2011-03-01,3664,181572885,"39","181572885","P1M","http://aido.bsvgateway.org/api/locations/181572885/","France","France","Country","http://aido.bsvgateway.org/api/locations/216709393/",42.1801070051846,-2.75522114869556,42.1801070051846,"Measles"
"181572885.614",2011-05-01,2011-04-01,3254,181572885,"39","181572885","P1M","http://aido.bsvgateway.org/api/locations/181572885/","France","France","Country","http://aido.bsvgateway.org/api/locations/216709393/",-2.75522114869557,-2.75522114869556,42.1801070051846,"Measles"
"181572885.615",2011-06-01,2011-05-01,2238,181572885,"39","181572885","P1M","http://aido.bsvgateway.org/api/locations/181572885/","France","France","Country","http://aido.bsvgateway.org/api/locations/216709393/",42.1801070051846,-2.75522114869556,42.1801070051846,"Measles"
"181572885.616",2011-07-01,2011-06-01,910,181572885,"39","181572885","P1M","http://aido.bsvgateway.org/api/locations/181572885/","France","France","Country","http://aido.bsvgateway.org/api/locations/216709393/",-2.75522114869557,-2.75522114869556,42.1801070051846,"Measles"
"181572885.617",2011-08-01,2011-07-01,385,181572885,"39","181572885","P1M","http://aido.bsvgateway.org/api/locations/181572885/","France","France","Country","http://aido.bsvgateway.org/api/locations/216709393/",42.1801070051846,-2.75522114869556,42.1801070051846,"Measles"
"181572885.618",2011-09-01,2011-08-01,139,181572885,"39","181572885","P1M","http://aido.bsvgateway.org/api/locations/181572885/","France","France","Country","http://aido.bsvgateway.org/api/locations/216709393/",-2.75522114869557,-2.75522114869556,42.1801070051846,"Measles"
"181572885.619",2011-10-01,2011-09-01,90,181572885,"39","181572885","P1M","http://aido.bsvgateway.org/api/locations/181572885/","France","France","Country","http://aido.bsvgateway.org/api/locations/216709393/",42.1801070051846,-2.75522114869556,42.1801070051846,"Measles"
"181572885.620",2011-11-01,2011-10-01,90,181572885,"39","181572885","P1M","http://aido.bsvgateway.org/api/locations/181572885/","France","France","Country","http://aido.bsvgateway.org/api/locations/216709393/",-2.75522114869557,-2.75522114869556,42.1801070051846,"Measles"
"181572885.621",2011-12-01,2011-11-01,107,181572885,"39","181572885","P1M","http://aido.bsvgateway.org/api/locations/181572885/","France","France","Country","http://aido.bsvgateway.org/api/locations/216709393/",42.1801070051846,-2.75522114869556,42.1801070051846,"Measles"
"181572885.622",2012-01-01,2011-12-01,123,181572885,"39","181572885","P1M","http://aido.bsvgateway.org/api/locations/181572885/","France","France","Country","http://aido.bsvgateway.org/api/locations/216709393/",-2.75522114869557,-2.75522114869556,42.1801070051846,"Measles"
"181572885.623",2010-02-01,2010-01-25,2,181572885,"39","181572885","P7D","http://aido.bsvgateway.org/api/locations/181572885/","France","France","Country","http://aido.bsvgateway.org/api/locations/216709393/",42.1801070051846,-2.75522114869556,42.1801070051846,"Measles"
"181572885.624",2010-02-08,2010-02-01,2,181572885,"39","181572885","P7D","http://aido.bsvgateway.org/api/locations/181572885/","France","France","Country","http://aido.bsvgateway.org/api/locations/216709393/",-2.75522114869557,-2.75522114869556,42.1801070051846,"Measles"
"181572885.625",2010-02-15,2010-02-08,4,181572885,"39","181572885","P7D","http://aido.bsvgateway.org/api/locations/181572885/","France","France","Country","http://aido.bsvgateway.org/api/locations/216709393/",42.1801070051846,-2.75522114869556,42.1801070051846,"Measles"
"181572885.626",2010-02-22,2010-02-15,2,181572885,"39","181572885","P7D","http://aido.bsvgateway.org/api/locations/181572885/","France","France","Country","http://aido.bsvgateway.org/api/locations/216709393/",-2.75522114869557,-2.75522114869556,42.1801070051846,"Measles"
"181572885.627",2010-03-01,2010-02-22,0,181572885,"39","181572885","P7D","http://aido.bsvgateway.org/api/locations/181572885/","France","France","Country","http://aido.bsvgateway.org/api/locations/216709393/",42.1801070051846,-2.75522114869556,42.1801070051846,"Measles"
"181572885.628",2010-03-08,2010-03-01,1,181572885,"39","181572885","P7D","http://aido.bsvgateway.org/api/locations/181572885/","France","France","Country","http://aido.bsvgateway.org/api/locations/216709393/",-2.75522114869557,-2.75522114869556,42.1801070051846,"Measles"
"181572885.629",2010-03-15,2010-03-08,1,181572885,"39","181572885","P7D","http://aido.bsvgateway.org/api/locations/181572885/","France","France","Country","http://aido.bsvgateway.org/api/locations/216709393/",42.1801070051846,-2.75522114869556,42.1801070051846,"Measles"
"181572885.630",2010-03-22,2010-03-15,0,181572885,"39","181572885","P7D","http://aido.bsvgateway.org/api/locations/181572885/","France","France","Country","http://aido.bsvgateway.org/api/locations/216709393/",-2.75522114869557,-2.75522114869556,42.1801070051846,"Measles"
"181572885.631",2010-03-29,2010-03-22,0,181572885,"39","181572885","P7D","http://aido.bsvgateway.org/api/locations/181572885/","France","France","Country","http://aido.bsvgateway.org/api/locations/216709393/",42.1801070051846,-2.75522114869556,42.1801070051846,"Measles"
"181572885.632",2010-04-05,2010-03-29,0,181572885,"39","181572885","P7D","http://aido.bsvgateway.org/api/locations/181572885/","France","France","Country","http://aido.bsvgateway.org/api/locations/216709393/",-2.75522114869557,-2.75522114869556,42.1801070051846,"Measles"
"181572885.633",2010-04-12,2010-04-05,4,181572885,"39","181572885","P7D","http://aido.bsvgateway.org/api/locations/181572885/","France","France","Country","http://aido.bsvgateway.org/api/locations/216709393/",42.1801070051846,-2.75522114869556,42.1801070051846,"Measles"
"181572885.634",2010-04-19,2010-04-12,0,181572885,"39","181572885","P7D","http://aido.bsvgateway.org/api/locations/181572885/","France","France","Country","http://aido.bsvgateway.org/api/locations/216709393/",-2.75522114869557,-2.75522114869556,42.1801070051846,"Measles"
"181572885.635",2010-04-26,2010-04-19,0,181572885,"39","181572885","P7D","http://aido.bsvgateway.org/api/locations/181572885/","France","France","Country","http://aido.bsvgateway.org/api/locations/216709393/",42.1801070051846,-2.75522114869556,42.1801070051846,"Measles"
"181572885.636",2010-05-03,2010-04-26,3,181572885,"39","181572885","P7D","http://aido.bsvgateway.org/api/locations/181572885/","France","France","Country","http://aido.bsvgateway.org/api/locations/216709393/",-2.75522114869557,-2.75522114869556,42.1801070051846,"Measles"
"181572885.637",2010-05-10,2010-05-03,2,181572885,"39","181572885","P7D","http://aido.bsvgateway.org/api/locations/181572885/","France","France","Country","http://aido.bsvgateway.org/api/locations/216709393/",42.1801070051846,-2.75522114869556,42.1801070051846,"Measles"
"181572885.638",2010-05-17,2010-05-10,3,181572885,"39","181572885","P7D","http://aido.bsvgateway.org/api/locations/181572885/","France","France","Country","http://aido.bsvgateway.org/api/locations/216709393/",-2.75522114869557,-2.75522114869556,42.1801070051846,"Measles"
"181572885.639",2010-05-24,2010-05-17,2,181572885,"39","181572885","P7D","http://aido.bsvgateway.org/api/locations/181572885/","France","France","Country","http://aido.bsvgateway.org/api/locations/216709393/",42.1801070051846,-2.75522114869556,42.1801070051846,"Measles"
"181572885.640",2010-05-31,2010-05-24,0,181572885,"39","181572885","P7D","http://aido.bsvgateway.org/api/locations/181572885/","France","France","Country","http://aido.bsvgateway.org/api/locations/216709393/",-2.75522114869557,-2.75522114869556,42.1801070051846,"Measles"
"181572885.641",2010-06-07,2010-05-31,0,181572885,"39","181572885","P7D","http://aido.bsvgateway.org/api/locations/181572885/","France","France","Country","http://aido.bsvgateway.org/api/locations/216709393/",42.1801070051846,-2.75522114869556,42.1801070051846,"Measles"
"181572885.642",2010-06-14,2010-06-07,1,181572885,"39","181572885","P7D","http://aido.bsvgateway.org/api/locations/181572885/","France","France","Country","http://aido.bsvgateway.org/api/locations/216709393/",-2.75522114869557,-2.75522114869556,42.1801070051846,"Measles"
"181572885.643",2010-06-21,2010-06-14,2,181572885,"39","181572885","P7D","http://aido.bsvgateway.org/api/locations/181572885/","France","France","Country","http://aido.bsvgateway.org/api/locations/216709393/",42.1801070051846,-2.75522114869556,42.1801070051846,"Measles"
"181572885.644",2010-06-28,2010-06-21,0,181572885,"39","181572885","P7D","http://aido.bsvgateway.org/api/locations/181572885/","France","France","Country","http://aido.bsvgateway.org/api/locations/216709393/",-2.75522114869557,-2.75522114869556,42.1801070051846,"Measles"
"181572885.645",2010-07-05,2010-06-28,0,181572885,"39","181572885","P7D","http://aido.bsvgateway.org/api/locations/181572885/","France","France","Country","http://aido.bsvgateway.org/api/locations/216709393/",42.1801070051846,-2.75522114869556,42.1801070051846,"Measles"
"181572885.646",2010-07-12,2010-07-05,0,181572885,"39","181572885","P7D","http://aido.bsvgateway.org/api/locations/181572885/","France","France","Country","http://aido.bsvgateway.org/api/locations/216709393/",-2.75522114869557,-2.75522114869556,42.1801070051846,"Measles"
"181572885.647",2010-07-19,2010-07-12,0,181572885,"39","181572885","P7D","http://aido.bsvgateway.org/api/locations/181572885/","France","France","Country","http://aido.bsvgateway.org/api/locations/216709393/",42.1801070051846,-2.75522114869556,42.1801070051846,"Measles"
"181572885.648",2010-07-26,2010-07-19,0,181572885,"39","181572885","P7D","http://aido.bsvgateway.org/api/locations/181572885/","France","France","Country","http://aido.bsvgateway.org/api/locations/216709393/",-2.75522114869557,-2.75522114869556,42.1801070051846,"Measles"
"181572885.649",2010-08-02,2010-07-26,1,181572885,"39","181572885","P7D","http://aido.bsvgateway.org/api/locations/181572885/","France","France","Country","http://aido.bsvgateway.org/api/locations/216709393/",42.1801070051846,-2.75522114869556,42.1801070051846,"Measles"
"181572885.650",2010-08-09,2010-08-02,0,181572885,"39","181572885","P7D","http://aido.bsvgateway.org/api/locations/181572885/","France","France","Country","http://aido.bsvgateway.org/api/locations/216709393/",-2.75522114869557,-2.75522114869556,42.1801070051846,"Measles"
"181572885.651",2010-08-16,2010-08-09,0,181572885,"39","181572885","P7D","http://aido.bsvgateway.org/api/locations/181572885/","France","France","Country","http://aido.bsvgateway.org/api/locations/216709393/",42.1801070051846,-2.75522114869556,42.1801070051846,"Measles"
"181572885.652",2010-08-23,2010-08-16,0,181572885,"39","181572885","P7D","http://aido.bsvgateway.org/api/locations/181572885/","France","France","Country","http://aido.bsvgateway.org/api/locations/216709393/",-2.75522114869557,-2.75522114869556,42.1801070051846,"Measles"
"181572885.653",2010-08-30,2010-08-23,0,181572885,"39","181572885","P7D","http://aido.bsvgateway.org/api/locations/181572885/","France","France","Country","http://aido.bsvgateway.org/api/locations/216709393/",42.1801070051846,-2.75522114869556,42.1801070051846,"Measles"
"181572885.654",2010-09-06,2010-08-30,0,181572885,"39","181572885","P7D","http://aido.bsvgateway.org/api/locations/181572885/","France","France","Country","http://aido.bsvgateway.org/api/locations/216709393/",-2.75522114869557,-2.75522114869556,42.1801070051846,"Measles"
"181572885.655",2010-09-13,2010-09-06,0,181572885,"39","181572885","P7D","http://aido.bsvgateway.org/api/locations/181572885/","France","France","Country","http://aido.bsvgateway.org/api/locations/216709393/",42.1801070051846,-2.75522114869556,42.1801070051846,"Measles"
"181572885.656",2010-09-20,2010-09-13,0,181572885,"39","181572885","P7D","http://aido.bsvgateway.org/api/locations/181572885/","France","France","Country","http://aido.bsvgateway.org/api/locations/216709393/",-2.75522114869557,-2.75522114869556,42.1801070051846,"Measles"
"181572885.657",2010-09-27,2010-09-20,0,181572885,"39","181572885","P7D","http://aido.bsvgateway.org/api/locations/181572885/","France","France","Country","http://aido.bsvgateway.org/api/locations/216709393/",42.1801070051846,-2.75522114869556,42.1801070051846,"Measles"
"181572885.658",2010-10-04,2010-09-27,3,181572885,"39","181572885","P7D","http://aido.bsvgateway.org/api/locations/181572885/","France","France","Country","http://aido.bsvgateway.org/api/locations/216709393/",-2.75522114869557,-2.75522114869556,42.1801070051846,"Measles"
"181572885.659",2010-10-11,2010-10-04,2,181572885,"39","181572885","P7D","http://aido.bsvgateway.org/api/locations/181572885/","France","France","Country","http://aido.bsvgateway.org/api/locations/216709393/",42.1801070051846,-2.75522114869556,42.1801070051846,"Measles"
"181572885.660",2010-10-18,2010-10-11,0,181572885,"39","181572885","P7D","http://aido.bsvgateway.org/api/locations/181572885/","France","France","Country","http://aido.bsvgateway.org/api/locations/216709393/",-2.75522114869557,-2.75522114869556,42.1801070051846,"Measles"
"181572885.661",2010-10-25,2010-10-18,1,181572885,"39","181572885","P7D","http://aido.bsvgateway.org/api/locations/181572885/","France","France","Country","http://aido.bsvgateway.org/api/locations/216709393/",42.1801070051846,-2.75522114869556,42.1801070051846,"Measles"
"181572885.662",2010-11-01,2010-10-25,0,181572885,"39","181572885","P7D","http://aido.bsvgateway.org/api/locations/181572885/","France","France","Country","http://aido.bsvgateway.org/api/locations/216709393/",-2.75522114869557,-2.75522114869556,42.1801070051846,"Measles"
"181572885.663",2010-11-08,2010-11-01,1,181572885,"39","181572885","P7D","http://aido.bsvgateway.org/api/locations/181572885/","France","France","Country","http://aido.bsvgateway.org/api/locations/216709393/",42.1801070051846,-2.75522114869556,42.1801070051846,"Measles"
"181572885.664",2010-11-15,2010-11-08,0,181572885,"39","181572885","P7D","http://aido.bsvgateway.org/api/locations/181572885/","France","France","Country","http://aido.bsvgateway.org/api/locations/216709393/",-2.75522114869557,-2.75522114869556,42.1801070051846,"Measles"
"181572885.665",2010-11-22,2010-11-15,1,181572885,"39","181572885","P7D","http://aido.bsvgateway.org/api/locations/181572885/","France","France","Country","http://aido.bsvgateway.org/api/locations/216709393/",42.1801070051846,-2.75522114869556,42.1801070051846,"Measles"
"181572885.666",2010-11-29,2010-11-22,1,181572885,"39","181572885","P7D","http://aido.bsvgateway.org/api/locations/181572885/","France","France","Country","http://aido.bsvgateway.org/api/locations/216709393/",-2.75522114869557,-2.75522114869556,42.1801070051846,"Measles"
"181572885.667",2010-12-06,2010-11-29,2,181572885,"39","181572885","P7D","http://aido.bsvgateway.org/api/locations/181572885/","France","France","Country","http://aido.bsvgateway.org/api/locations/216709393/",42.1801070051846,-2.75522114869556,42.1801070051846,"Measles"
"181572885.668",2010-12-13,2010-12-06,2,181572885,"39","181572885","P7D","http://aido.bsvgateway.org/api/locations/181572885/","France","France","Country","http://aido.bsvgateway.org/api/locations/216709393/",-2.75522114869557,-2.75522114869556,42.1801070051846,"Measles"
"181572885.669",2010-12-20,2010-12-13,1,181572885,"39","181572885","P7D","http://aido.bsvgateway.org/api/locations/181572885/","France","France","Country","http://aido.bsvgateway.org/api/locations/216709393/",42.1801070051846,-2.75522114869556,42.1801070051846,"Measles"
"181572885.670",2010-12-27,2010-12-20,6,181572885,"39","181572885","P7D","http://aido.bsvgateway.org/api/locations/181572885/","France","France","Country","http://aido.bsvgateway.org/api/locations/216709393/",-2.75522114869557,-2.75522114869556,42.1801070051846,"Measles"
"181572885.671",2011-01-03,2010-12-27,5,181572885,"39","181572885","P7D","http://aido.bsvgateway.org/api/locations/181572885/","France","France","Country","http://aido.bsvgateway.org/api/locations/216709393/",42.1801070051846,-2.75522114869556,42.1801070051846,"Measles"
"181572885.672",2011-01-10,2011-01-03,8,181572885,"39","181572885","P7D","http://aido.bsvgateway.org/api/locations/181572885/","France","France","Country","http://aido.bsvgateway.org/api/locations/216709393/",-2.75522114869557,-2.75522114869556,42.1801070051846,"Measles"
"181572885.673",2011-01-17,2011-01-10,5,181572885,"39","181572885","P7D","http://aido.bsvgateway.org/api/locations/181572885/","France","France","Country","http://aido.bsvgateway.org/api/locations/216709393/",42.1801070051846,-2.75522114869556,42.1801070051846,"Measles"
"181572885.674",2011-01-24,2011-01-17,2,181572885,"39","181572885","P7D","http://aido.bsvgateway.org/api/locations/181572885/","France","France","Country","http://aido.bsvgateway.org/api/locations/216709393/",-2.75522114869557,-2.75522114869556,42.1801070051846,"Measles"
"181572885.675",2011-01-31,2011-01-24,3,181572885,"39","181572885","P7D","http://aido.bsvgateway.org/api/locations/181572885/","France","France","Country","http://aido.bsvgateway.org/api/locations/216709393/",42.1801070051846,-2.75522114869556,42.1801070051846,"Measles"
"181572885.676",2011-02-07,2011-01-31,6,181572885,"39","181572885","P7D","http://aido.bsvgateway.org/api/locations/181572885/","France","France","Country","http://aido.bsvgateway.org/api/locations/216709393/",-2.75522114869557,-2.75522114869556,42.1801070051846,"Measles"
"181572885.677",2011-02-14,2011-02-07,5,181572885,"39","181572885","P7D","http://aido.bsvgateway.org/api/locations/181572885/","France","France","Country","http://aido.bsvgateway.org/api/locations/216709393/",42.1801070051846,-2.75522114869556,42.1801070051846,"Measles"
"181572885.678",2011-02-21,2011-02-14,19,181572885,"39","181572885","P7D","http://aido.bsvgateway.org/api/locations/181572885/","France","France","Country","http://aido.bsvgateway.org/api/locations/216709393/",-2.75522114869557,-2.75522114869556,42.1801070051846,"Measles"
"181572885.679",2011-02-28,2011-02-21,20,181572885,"39","181572885","P7D","http://aido.bsvgateway.org/api/locations/181572885/","France","France","Country","http://aido.bsvgateway.org/api/locations/216709393/",42.1801070051846,-2.75522114869556,42.1801070051846,"Measles"
"181572885.680",2011-03-07,2011-02-28,16,181572885,"39","181572885","P7D","http://aido.bsvgateway.org/api/locations/181572885/","France","France","Country","http://aido.bsvgateway.org/api/locations/216709393/",-2.75522114869557,-2.75522114869556,42.1801070051846,"Measles"
"181572885.681",2011-03-14,2011-03-07,5,181572885,"39","181572885","P7D","http://aido.bsvgateway.org/api/locations/181572885/","France","France","Country","http://aido.bsvgateway.org/api/locations/216709393/",42.1801070051846,-2.75522114869556,42.1801070051846,"Measles"
"181572885.682",2011-03-21,2011-03-14,7,181572885,"39","181572885","P7D","http://aido.bsvgateway.org/api/locations/181572885/","France","France","Country","http://aido.bsvgateway.org/api/locations/216709393/",-2.75522114869557,-2.75522114869556,42.1801070051846,"Measles"
"181572885.683",2011-03-28,2011-03-21,1,181572885,"39","181572885","P7D","http://aido.bsvgateway.org/api/locations/181572885/","France","France","Country","http://aido.bsvgateway.org/api/locations/216709393/",42.1801070051846,-2.75522114869556,42.1801070051846,"Measles"
"181572885.684",2011-04-04,2011-03-28,2,181572885,"39","181572885","P7D","http://aido.bsvgateway.org/api/locations/181572885/","France","France","Country","http://aido.bsvgateway.org/api/locations/216709393/",-2.75522114869557,-2.75522114869556,42.1801070051846,"Measles"
"181572885.685",2011-04-11,2011-04-04,1,181572885,"39","181572885","P7D","http://aido.bsvgateway.org/api/locations/181572885/","France","France","Country","http://aido.bsvgateway.org/api/locations/216709393/",42.1801070051846,-2.75522114869556,42.1801070051846,"Measles"
"181572885.686",2011-04-18,2011-04-11,2,181572885,"39","181572885","P7D","http://aido.bsvgateway.org/api/locations/181572885/","France","France","Country","http://aido.bsvgateway.org/api/locations/216709393/",-2.75522114869557,-2.75522114869556,42.1801070051846,"Measles"
"181572885.687",2011-04-25,2011-04-18,1,181572885,"39","181572885","P7D","http://aido.bsvgateway.org/api/locations/181572885/","France","France","Country","http://aido.bsvgateway.org/api/locations/216709393/",42.1801070051846,-2.75522114869556,42.1801070051846,"Measles"
"181572885.688",2011-05-02,2011-04-25,4,181572885,"39","181572885","P7D","http://aido.bsvgateway.org/api/locations/181572885/","France","France","Country","http://aido.bsvgateway.org/api/locations/216709393/",-2.75522114869557,-2.75522114869556,42.1801070051846,"Measles"
"181572885.689",2011-05-09,2011-05-02,0,181572885,"39","181572885","P7D","http://aido.bsvgateway.org/api/locations/181572885/","France","France","Country","http://aido.bsvgateway.org/api/locations/216709393/",42.1801070051846,-2.75522114869556,42.1801070051846,"Measles"
"181572885.690",2011-05-16,2011-05-09,1,181572885,"39","181572885","P7D","http://aido.bsvgateway.org/api/locations/181572885/","France","France","Country","http://aido.bsvgateway.org/api/locations/216709393/",-2.75522114869557,-2.75522114869556,42.1801070051846,"Measles"
"181572885.691",2011-05-23,2011-05-16,0,181572885,"39","181572885","P7D","http://aido.bsvgateway.org/api/locations/181572885/","France","France","Country","http://aido.bsvgateway.org/api/locations/216709393/",42.1801070051846,-2.75522114869556,42.1801070051846,"Measles"
"181572885.692",2011-05-30,2011-05-23,3,181572885,"39","181572885","P7D","http://aido.bsvgateway.org/api/locations/181572885/","France","France","Country","http://aido.bsvgateway.org/api/locations/216709393/",-2.75522114869557,-2.75522114869556,42.1801070051846,"Measles"
"181572885.693",2011-06-06,2011-05-30,1,181572885,"39","181572885","P7D","http://aido.bsvgateway.org/api/locations/181572885/","France","France","Country","http://aido.bsvgateway.org/api/locations/216709393/",42.1801070051846,-2.75522114869556,42.1801070051846,"Measles"
"181572885.694",2011-06-13,2011-06-06,2,181572885,"39","181572885","P7D","http://aido.bsvgateway.org/api/locations/181572885/","France","France","Country","http://aido.bsvgateway.org/api/locations/216709393/",-2.75522114869557,-2.75522114869556,42.1801070051846,"Measles"
"181572885.695",2011-06-20,2011-06-13,3,181572885,"39","181572885","P7D","http://aido.bsvgateway.org/api/locations/181572885/","France","France","Country","http://aido.bsvgateway.org/api/locations/216709393/",42.1801070051846,-2.75522114869556,42.1801070051846,"Measles"
"181572885.696",2011-06-27,2011-06-20,1,181572885,"39","181572885","P7D","http://aido.bsvgateway.org/api/locations/181572885/","France","France","Country","http://aido.bsvgateway.org/api/locations/216709393/",-2.75522114869557,-2.75522114869556,42.1801070051846,"Measles"
"181572885.697",2011-07-04,2011-06-27,0,181572885,"39","181572885","P7D","http://aido.bsvgateway.org/api/locations/181572885/","France","France","Country","http://aido.bsvgateway.org/api/locations/216709393/",42.1801070051846,-2.75522114869556,42.1801070051846,"Measles"
"181572885.698",2011-07-11,2011-07-04,0,181572885,"39","181572885","P7D","http://aido.bsvgateway.org/api/locations/181572885/","France","France","Country","http://aido.bsvgateway.org/api/locations/216709393/",-2.75522114869557,-2.75522114869556,42.1801070051846,"Measles"
"181572885.699",2011-07-18,2011-07-11,0,181572885,"39","181572885","P7D","http://aido.bsvgateway.org/api/locations/181572885/","France","France","Country","http://aido.bsvgateway.org/api/locations/216709393/",42.1801070051846,-2.75522114869556,42.1801070051846,"Measles"
"181572885.700",2011-07-25,2011-07-18,1,181572885,"39","181572885","P7D","http://aido.bsvgateway.org/api/locations/181572885/","France","France","Country","http://aido.bsvgateway.org/api/locations/216709393/",-2.75522114869557,-2.75522114869556,42.1801070051846,"Measles"
