"","end","start","value","id","disease","location","duration","url","name","full_name","admin_level_name","parent","centroid_lat_long","longitude","latitude","disease_name"
"17107474.1148",2010-04-25,2010-04-18,12,17107474,"25","17107474","P7D","http://aido.bsvgateway.org/api/locations/17107474/","Franceville","Franceville, Haut-Ogooué, Gabon","City","http://aido.bsvgateway.org/api/locations/141795521/",-1.63329620799794,13.5832979690173,-1.63329620799793,"Chikungunya"
"17107474.1149",2010-05-02,2010-04-25,99,17107474,"25","17107474","P7D","http://aido.bsvgateway.org/api/locations/17107474/","Franceville","Franceville, Haut-Ogooué, Gabon","City","http://aido.bsvgateway.org/api/locations/141795521/",13.5832979690173,13.5832979690173,-1.63329620799793,"Chikungunya"
"17107474.1150",2010-05-09,2010-05-02,92,17107474,"25","17107474","P7D","http://aido.bsvgateway.org/api/locations/17107474/","Franceville","Franceville, Haut-Ogooué, Gabon","City","http://aido.bsvgateway.org/api/locations/141795521/",-1.63329620799794,13.5832979690173,-1.63329620799793,"Chikungunya"
"17107474.1151",2010-05-16,2010-05-09,88,17107474,"25","17107474","P7D","http://aido.bsvgateway.org/api/locations/17107474/","Franceville","Franceville, Haut-Ogooué, Gabon","City","http://aido.bsvgateway.org/api/locations/141795521/",13.5832979690173,13.5832979690173,-1.63329620799793,"Chikungunya"
"17107474.1152",2010-05-23,2010-05-16,173,17107474,"25","17107474","P7D","http://aido.bsvgateway.org/api/locations/17107474/","Franceville","Franceville, Haut-Ogooué, Gabon","City","http://aido.bsvgateway.org/api/locations/141795521/",-1.63329620799794,13.5832979690173,-1.63329620799793,"Chikungunya"
"17107474.1153",2010-05-30,2010-05-23,202,17107474,"25","17107474","P7D","http://aido.bsvgateway.org/api/locations/17107474/","Franceville","Franceville, Haut-Ogooué, Gabon","City","http://aido.bsvgateway.org/api/locations/141795521/",13.5832979690173,13.5832979690173,-1.63329620799793,"Chikungunya"
"17107474.1154",2010-06-06,2010-05-30,98,17107474,"25","17107474","P7D","http://aido.bsvgateway.org/api/locations/17107474/","Franceville","Franceville, Haut-Ogooué, Gabon","City","http://aido.bsvgateway.org/api/locations/141795521/",-1.63329620799794,13.5832979690173,-1.63329620799793,"Chikungunya"
"17107474.1155",2010-06-13,2010-06-06,74,17107474,"25","17107474","P7D","http://aido.bsvgateway.org/api/locations/17107474/","Franceville","Franceville, Haut-Ogooué, Gabon","City","http://aido.bsvgateway.org/api/locations/141795521/",13.5832979690173,13.5832979690173,-1.63329620799793,"Chikungunya"
"17107474.1156",2010-06-20,2010-06-13,39,17107474,"25","17107474","P7D","http://aido.bsvgateway.org/api/locations/17107474/","Franceville","Franceville, Haut-Ogooué, Gabon","City","http://aido.bsvgateway.org/api/locations/141795521/",-1.63329620799794,13.5832979690173,-1.63329620799793,"Chikungunya"
"17107474.1157",2010-06-27,2010-06-20,20,17107474,"25","17107474","P7D","http://aido.bsvgateway.org/api/locations/17107474/","Franceville","Franceville, Haut-Ogooué, Gabon","City","http://aido.bsvgateway.org/api/locations/141795521/",13.5832979690173,13.5832979690173,-1.63329620799793,"Chikungunya"
"17107474.1158",2010-07-04,2010-06-27,5,17107474,"25","17107474","P7D","http://aido.bsvgateway.org/api/locations/17107474/","Franceville","Franceville, Haut-Ogooué, Gabon","City","http://aido.bsvgateway.org/api/locations/141795521/",-1.63329620799794,13.5832979690173,-1.63329620799793,"Chikungunya"
