"","end","start","value","id","disease","location","duration","url","name","full_name","admin_level_name","parent","centroid_lat_long","longitude","latitude","disease_name"
"153469449.466",2012-02-01,2012-01-01,11,153469449,"62","153469449","P1M","http://aido.bsvgateway.org/api/locations/153469449/","Pakistan","Pakistan","Country","http://aido.bsvgateway.org/api/locations/20359812/",29.9484969424926,69.3413432739764,29.9484969424926,"Polio"
"153469449.467",2012-03-01,2012-02-01,3,153469449,"62","153469449","P1M","http://aido.bsvgateway.org/api/locations/153469449/","Pakistan","Pakistan","Country","http://aido.bsvgateway.org/api/locations/20359812/",69.3413432739764,69.3413432739764,29.9484969424926,"Polio"
"153469449.468",2012-04-01,2012-03-01,1,153469449,"62","153469449","P1M","http://aido.bsvgateway.org/api/locations/153469449/","Pakistan","Pakistan","Country","http://aido.bsvgateway.org/api/locations/20359812/",29.9484969424926,69.3413432739764,29.9484969424926,"Polio"
"153469449.469",2012-05-01,2012-04-01,1,153469449,"62","153469449","P1M","http://aido.bsvgateway.org/api/locations/153469449/","Pakistan","Pakistan","Country","http://aido.bsvgateway.org/api/locations/20359812/",69.3413432739764,69.3413432739764,29.9484969424926,"Polio"
"153469449.470",2012-06-01,2012-05-01,6,153469449,"62","153469449","P1M","http://aido.bsvgateway.org/api/locations/153469449/","Pakistan","Pakistan","Country","http://aido.bsvgateway.org/api/locations/20359812/",29.9484969424926,69.3413432739764,29.9484969424926,"Polio"
"153469449.471",2012-07-01,2012-06-01,2,153469449,"62","153469449","P1M","http://aido.bsvgateway.org/api/locations/153469449/","Pakistan","Pakistan","Country","http://aido.bsvgateway.org/api/locations/20359812/",69.3413432739764,69.3413432739764,29.9484969424926,"Polio"
"153469449.472",2012-08-01,2012-07-01,5,153469449,"62","153469449","P1M","http://aido.bsvgateway.org/api/locations/153469449/","Pakistan","Pakistan","Country","http://aido.bsvgateway.org/api/locations/20359812/",29.9484969424926,69.3413432739764,29.9484969424926,"Polio"
"153469449.473",2012-09-01,2012-08-01,11,153469449,"62","153469449","P1M","http://aido.bsvgateway.org/api/locations/153469449/","Pakistan","Pakistan","Country","http://aido.bsvgateway.org/api/locations/20359812/",69.3413432739764,69.3413432739764,29.9484969424926,"Polio"
"153469449.474",2012-10-01,2012-09-01,13,153469449,"62","153469449","P1M","http://aido.bsvgateway.org/api/locations/153469449/","Pakistan","Pakistan","Country","http://aido.bsvgateway.org/api/locations/20359812/",29.9484969424926,69.3413432739764,29.9484969424926,"Polio"
"153469449.475",2012-11-01,2012-10-01,15,153469449,"62","153469449","P1M","http://aido.bsvgateway.org/api/locations/153469449/","Pakistan","Pakistan","Country","http://aido.bsvgateway.org/api/locations/20359812/",69.3413432739764,69.3413432739764,29.9484969424926,"Polio"
"153469449.476",2012-12-01,2012-11-01,7,153469449,"62","153469449","P1M","http://aido.bsvgateway.org/api/locations/153469449/","Pakistan","Pakistan","Country","http://aido.bsvgateway.org/api/locations/20359812/",29.9484969424926,69.3413432739764,29.9484969424926,"Polio"
"153469449.477",2013-01-01,2012-12-01,3,153469449,"62","153469449","P1M","http://aido.bsvgateway.org/api/locations/153469449/","Pakistan","Pakistan","Country","http://aido.bsvgateway.org/api/locations/20359812/",69.3413432739764,69.3413432739764,29.9484969424926,"Polio"
"153469449.478",2013-02-01,2013-01-01,3,153469449,"62","153469449","P1M","http://aido.bsvgateway.org/api/locations/153469449/","Pakistan","Pakistan","Country","http://aido.bsvgateway.org/api/locations/20359812/",29.9484969424926,69.3413432739764,29.9484969424926,"Polio"
"153469449.479",2013-03-01,2013-02-01,4,153469449,"62","153469449","P1M","http://aido.bsvgateway.org/api/locations/153469449/","Pakistan","Pakistan","Country","http://aido.bsvgateway.org/api/locations/20359812/",69.3413432739764,69.3413432739764,29.9484969424926,"Polio"
"153469449.480",2013-04-01,2013-03-01,1,153469449,"62","153469449","P1M","http://aido.bsvgateway.org/api/locations/153469449/","Pakistan","Pakistan","Country","http://aido.bsvgateway.org/api/locations/20359812/",29.9484969424926,69.3413432739764,29.9484969424926,"Polio"
"153469449.481",2013-05-01,2013-04-01,4,153469449,"62","153469449","P1M","http://aido.bsvgateway.org/api/locations/153469449/","Pakistan","Pakistan","Country","http://aido.bsvgateway.org/api/locations/20359812/",69.3413432739764,69.3413432739764,29.9484969424926,"Polio"
"153469449.482",2013-06-01,2013-05-01,11,153469449,"62","153469449","P1M","http://aido.bsvgateway.org/api/locations/153469449/","Pakistan","Pakistan","Country","http://aido.bsvgateway.org/api/locations/20359812/",29.9484969424926,69.3413432739764,29.9484969424926,"Polio"
"153469449.483",2013-07-01,2013-06-01,8,153469449,"62","153469449","P1M","http://aido.bsvgateway.org/api/locations/153469449/","Pakistan","Pakistan","Country","http://aido.bsvgateway.org/api/locations/20359812/",69.3413432739764,69.3413432739764,29.9484969424926,"Polio"
"153469449.484",2013-08-01,2013-07-01,11,153469449,"62","153469449","P1M","http://aido.bsvgateway.org/api/locations/153469449/","Pakistan","Pakistan","Country","http://aido.bsvgateway.org/api/locations/20359812/",29.9484969424926,69.3413432739764,29.9484969424926,"Polio"
"153469449.485",2013-09-01,2013-08-01,16,153469449,"62","153469449","P1M","http://aido.bsvgateway.org/api/locations/153469449/","Pakistan","Pakistan","Country","http://aido.bsvgateway.org/api/locations/20359812/",69.3413432739764,69.3413432739764,29.9484969424926,"Polio"
"153469449.486",2013-10-01,2013-09-01,31,153469449,"62","153469449","P1M","http://aido.bsvgateway.org/api/locations/153469449/","Pakistan","Pakistan","Country","http://aido.bsvgateway.org/api/locations/20359812/",29.9484969424926,69.3413432739764,29.9484969424926,"Polio"
"153469449.487",2013-11-01,2013-10-01,20,153469449,"62","153469449","P1M","http://aido.bsvgateway.org/api/locations/153469449/","Pakistan","Pakistan","Country","http://aido.bsvgateway.org/api/locations/20359812/",69.3413432739764,69.3413432739764,29.9484969424926,"Polio"
"153469449.488",2013-12-01,2013-11-01,12,153469449,"62","153469449","P1M","http://aido.bsvgateway.org/api/locations/153469449/","Pakistan","Pakistan","Country","http://aido.bsvgateway.org/api/locations/20359812/",29.9484969424926,69.3413432739764,29.9484969424926,"Polio"
"153469449.489",2014-01-01,2013-12-01,20,153469449,"62","153469449","P1M","http://aido.bsvgateway.org/api/locations/153469449/","Pakistan","Pakistan","Country","http://aido.bsvgateway.org/api/locations/20359812/",69.3413432739764,69.3413432739764,29.9484969424926,"Polio"
"153469449.490",2014-02-01,2014-01-01,22,153469449,"62","153469449","P1M","http://aido.bsvgateway.org/api/locations/153469449/","Pakistan","Pakistan","Country","http://aido.bsvgateway.org/api/locations/20359812/",29.9484969424926,69.3413432739764,29.9484969424926,"Polio"
"153469449.491",2014-03-01,2014-02-01,20,153469449,"62","153469449","P1M","http://aido.bsvgateway.org/api/locations/153469449/","Pakistan","Pakistan","Country","http://aido.bsvgateway.org/api/locations/20359812/",69.3413432739764,69.3413432739764,29.9484969424926,"Polio"
"153469449.492",2014-04-01,2014-03-01,17,153469449,"62","153469449","P1M","http://aido.bsvgateway.org/api/locations/153469449/","Pakistan","Pakistan","Country","http://aido.bsvgateway.org/api/locations/20359812/",29.9484969424926,69.3413432739764,29.9484969424926,"Polio"
"153469449.493",2014-05-01,2014-04-01,20,153469449,"62","153469449","P1M","http://aido.bsvgateway.org/api/locations/153469449/","Pakistan","Pakistan","Country","http://aido.bsvgateway.org/api/locations/20359812/",69.3413432739764,69.3413432739764,29.9484969424926,"Polio"
"153469449.494",2014-06-01,2014-05-01,21,153469449,"62","153469449","P1M","http://aido.bsvgateway.org/api/locations/153469449/","Pakistan","Pakistan","Country","http://aido.bsvgateway.org/api/locations/20359812/",29.9484969424926,69.3413432739764,29.9484969424926,"Polio"
"153469449.495",2014-07-01,2014-06-01,19,153469449,"62","153469449","P1M","http://aido.bsvgateway.org/api/locations/153469449/","Pakistan","Pakistan","Country","http://aido.bsvgateway.org/api/locations/20359812/",69.3413432739764,69.3413432739764,29.9484969424926,"Polio"
"153469449.496",2014-08-01,2014-07-01,30,153469449,"62","153469449","P1M","http://aido.bsvgateway.org/api/locations/153469449/","Pakistan","Pakistan","Country","http://aido.bsvgateway.org/api/locations/20359812/",29.9484969424926,69.3413432739764,29.9484969424926,"Polio"
"153469449.497",2014-09-01,2014-08-01,40,153469449,"62","153469449","P1M","http://aido.bsvgateway.org/api/locations/153469449/","Pakistan","Pakistan","Country","http://aido.bsvgateway.org/api/locations/20359812/",69.3413432739764,69.3413432739764,29.9484969424926,"Polio"
"153469449.498",2014-10-01,2014-09-01,50,153469449,"62","153469449","P1M","http://aido.bsvgateway.org/api/locations/153469449/","Pakistan","Pakistan","Country","http://aido.bsvgateway.org/api/locations/20359812/",29.9484969424926,69.3413432739764,29.9484969424926,"Polio"
"153469449.499",2014-11-01,2014-10-01,31,153469449,"62","153469449","P1M","http://aido.bsvgateway.org/api/locations/153469449/","Pakistan","Pakistan","Country","http://aido.bsvgateway.org/api/locations/20359812/",69.3413432739764,69.3413432739764,29.9484969424926,"Polio"
"153469449.500",2014-12-01,2014-11-01,43,153469449,"62","153469449","P1M","http://aido.bsvgateway.org/api/locations/153469449/","Pakistan","Pakistan","Country","http://aido.bsvgateway.org/api/locations/20359812/",29.9484969424926,69.3413432739764,29.9484969424926,"Polio"
"153469449.501",2015-01-01,2014-12-01,14,153469449,"62","153469449","P1M","http://aido.bsvgateway.org/api/locations/153469449/","Pakistan","Pakistan","Country","http://aido.bsvgateway.org/api/locations/20359812/",69.3413432739764,69.3413432739764,29.9484969424926,"Polio"
"153469449.502",2015-02-01,2015-01-01,10,153469449,"62","153469449","P1M","http://aido.bsvgateway.org/api/locations/153469449/","Pakistan","Pakistan","Country","http://aido.bsvgateway.org/api/locations/20359812/",29.9484969424926,69.3413432739764,29.9484969424926,"Polio"
"153469449.503",2015-03-01,2015-02-01,12,153469449,"62","153469449","P1M","http://aido.bsvgateway.org/api/locations/153469449/","Pakistan","Pakistan","Country","http://aido.bsvgateway.org/api/locations/20359812/",69.3413432739764,69.3413432739764,29.9484969424926,"Polio"
"153469449.504",2015-04-01,2015-03-01,2,153469449,"62","153469449","P1M","http://aido.bsvgateway.org/api/locations/153469449/","Pakistan","Pakistan","Country","http://aido.bsvgateway.org/api/locations/20359812/",29.9484969424926,69.3413432739764,29.9484969424926,"Polio"
"153469449.505",2015-05-01,2015-04-01,1,153469449,"62","153469449","P1M","http://aido.bsvgateway.org/api/locations/153469449/","Pakistan","Pakistan","Country","http://aido.bsvgateway.org/api/locations/20359812/",69.3413432739764,69.3413432739764,29.9484969424926,"Polio"
"153469449.506",2015-06-01,2015-05-01,2,153469449,"62","153469449","P1M","http://aido.bsvgateway.org/api/locations/153469449/","Pakistan","Pakistan","Country","http://aido.bsvgateway.org/api/locations/20359812/",29.9484969424926,69.3413432739764,29.9484969424926,"Polio"
"153469449.507",2015-07-01,2015-06-01,4,153469449,"62","153469449","P1M","http://aido.bsvgateway.org/api/locations/153469449/","Pakistan","Pakistan","Country","http://aido.bsvgateway.org/api/locations/20359812/",69.3413432739764,69.3413432739764,29.9484969424926,"Polio"
"153469449.508",2015-08-01,2015-07-01,0,153469449,"62","153469449","P1M","http://aido.bsvgateway.org/api/locations/153469449/","Pakistan","Pakistan","Country","http://aido.bsvgateway.org/api/locations/20359812/",29.9484969424926,69.3413432739764,29.9484969424926,"Polio"
"153469449.509",2015-09-01,2015-08-01,5,153469449,"62","153469449","P1M","http://aido.bsvgateway.org/api/locations/153469449/","Pakistan","Pakistan","Country","http://aido.bsvgateway.org/api/locations/20359812/",69.3413432739764,69.3413432739764,29.9484969424926,"Polio"
"153469449.510",2015-10-01,2015-09-01,4,153469449,"62","153469449","P1M","http://aido.bsvgateway.org/api/locations/153469449/","Pakistan","Pakistan","Country","http://aido.bsvgateway.org/api/locations/20359812/",29.9484969424926,69.3413432739764,29.9484969424926,"Polio"
