"","end","start","value","id","disease","location","duration","url","name","full_name","admin_level_name","parent","centroid_lat_long","longitude","latitude","disease_name"
"245383698.440",2012-09-11,2012-09-10,1,245383698,"56","245383698","P1D","http://aido.bsvgateway.org/api/locations/245383698/","Amhara","Amhara, Ethiopia","State","http://aido.bsvgateway.org/api/locations/117113808/",11.582551484127,38.0476800991076,11.582551484127,"Malaria"
"245383698.441",2012-09-12,2012-09-11,1,245383698,"56","245383698","P1D","http://aido.bsvgateway.org/api/locations/245383698/","Amhara","Amhara, Ethiopia","State","http://aido.bsvgateway.org/api/locations/117113808/",38.0476800991076,38.0476800991076,11.582551484127,"Malaria"
"245383698.442",2012-09-13,2012-09-12,2,245383698,"56","245383698","P1D","http://aido.bsvgateway.org/api/locations/245383698/","Amhara","Amhara, Ethiopia","State","http://aido.bsvgateway.org/api/locations/117113808/",11.582551484127,38.0476800991076,11.582551484127,"Malaria"
"245383698.443",2012-09-14,2012-09-13,2,245383698,"56","245383698","P1D","http://aido.bsvgateway.org/api/locations/245383698/","Amhara","Amhara, Ethiopia","State","http://aido.bsvgateway.org/api/locations/117113808/",38.0476800991076,38.0476800991076,11.582551484127,"Malaria"
"245383698.444",2012-09-15,2012-09-14,3,245383698,"56","245383698","P1D","http://aido.bsvgateway.org/api/locations/245383698/","Amhara","Amhara, Ethiopia","State","http://aido.bsvgateway.org/api/locations/117113808/",11.582551484127,38.0476800991076,11.582551484127,"Malaria"
"245383698.445",2012-09-16,2012-09-15,3,245383698,"56","245383698","P1D","http://aido.bsvgateway.org/api/locations/245383698/","Amhara","Amhara, Ethiopia","State","http://aido.bsvgateway.org/api/locations/117113808/",38.0476800991076,38.0476800991076,11.582551484127,"Malaria"
"245383698.446",2012-09-17,2012-09-16,5,245383698,"56","245383698","P1D","http://aido.bsvgateway.org/api/locations/245383698/","Amhara","Amhara, Ethiopia","State","http://aido.bsvgateway.org/api/locations/117113808/",11.582551484127,38.0476800991076,11.582551484127,"Malaria"
"245383698.447",2012-09-18,2012-09-17,17,245383698,"56","245383698","P1D","http://aido.bsvgateway.org/api/locations/245383698/","Amhara","Amhara, Ethiopia","State","http://aido.bsvgateway.org/api/locations/117113808/",38.0476800991076,38.0476800991076,11.582551484127,"Malaria"
"245383698.448",2012-09-19,2012-09-18,23,245383698,"56","245383698","P1D","http://aido.bsvgateway.org/api/locations/245383698/","Amhara","Amhara, Ethiopia","State","http://aido.bsvgateway.org/api/locations/117113808/",11.582551484127,38.0476800991076,11.582551484127,"Malaria"
"245383698.449",2012-09-20,2012-09-19,26,245383698,"56","245383698","P1D","http://aido.bsvgateway.org/api/locations/245383698/","Amhara","Amhara, Ethiopia","State","http://aido.bsvgateway.org/api/locations/117113808/",38.0476800991076,38.0476800991076,11.582551484127,"Malaria"
"245383698.450",2012-09-21,2012-09-20,33,245383698,"56","245383698","P1D","http://aido.bsvgateway.org/api/locations/245383698/","Amhara","Amhara, Ethiopia","State","http://aido.bsvgateway.org/api/locations/117113808/",11.582551484127,38.0476800991076,11.582551484127,"Malaria"
"245383698.451",2012-09-22,2012-09-21,31,245383698,"56","245383698","P1D","http://aido.bsvgateway.org/api/locations/245383698/","Amhara","Amhara, Ethiopia","State","http://aido.bsvgateway.org/api/locations/117113808/",38.0476800991076,38.0476800991076,11.582551484127,"Malaria"
"245383698.452",2012-09-23,2012-09-22,18,245383698,"56","245383698","P1D","http://aido.bsvgateway.org/api/locations/245383698/","Amhara","Amhara, Ethiopia","State","http://aido.bsvgateway.org/api/locations/117113808/",11.582551484127,38.0476800991076,11.582551484127,"Malaria"
"245383698.453",2012-09-24,2012-09-23,15,245383698,"56","245383698","P1D","http://aido.bsvgateway.org/api/locations/245383698/","Amhara","Amhara, Ethiopia","State","http://aido.bsvgateway.org/api/locations/117113808/",38.0476800991076,38.0476800991076,11.582551484127,"Malaria"
"245383698.454",2012-09-25,2012-09-24,11,245383698,"56","245383698","P1D","http://aido.bsvgateway.org/api/locations/245383698/","Amhara","Amhara, Ethiopia","State","http://aido.bsvgateway.org/api/locations/117113808/",11.582551484127,38.0476800991076,11.582551484127,"Malaria"
"245383698.455",2012-09-26,2012-09-25,9,245383698,"56","245383698","P1D","http://aido.bsvgateway.org/api/locations/245383698/","Amhara","Amhara, Ethiopia","State","http://aido.bsvgateway.org/api/locations/117113808/",38.0476800991076,38.0476800991076,11.582551484127,"Malaria"
"245383698.456",2012-09-27,2012-09-26,7,245383698,"56","245383698","P1D","http://aido.bsvgateway.org/api/locations/245383698/","Amhara","Amhara, Ethiopia","State","http://aido.bsvgateway.org/api/locations/117113808/",11.582551484127,38.0476800991076,11.582551484127,"Malaria"
"245383698.457",2012-09-28,2012-09-27,10,245383698,"56","245383698","P1D","http://aido.bsvgateway.org/api/locations/245383698/","Amhara","Amhara, Ethiopia","State","http://aido.bsvgateway.org/api/locations/117113808/",38.0476800991076,38.0476800991076,11.582551484127,"Malaria"
"245383698.458",2012-09-29,2012-09-28,12,245383698,"56","245383698","P1D","http://aido.bsvgateway.org/api/locations/245383698/","Amhara","Amhara, Ethiopia","State","http://aido.bsvgateway.org/api/locations/117113808/",11.582551484127,38.0476800991076,11.582551484127,"Malaria"
"245383698.459",2012-09-30,2012-09-29,13,245383698,"56","245383698","P1D","http://aido.bsvgateway.org/api/locations/245383698/","Amhara","Amhara, Ethiopia","State","http://aido.bsvgateway.org/api/locations/117113808/",38.0476800991076,38.0476800991076,11.582551484127,"Malaria"
"245383698.460",2012-10-01,2012-09-30,17,245383698,"56","245383698","P1D","http://aido.bsvgateway.org/api/locations/245383698/","Amhara","Amhara, Ethiopia","State","http://aido.bsvgateway.org/api/locations/117113808/",11.582551484127,38.0476800991076,11.582551484127,"Malaria"
"245383698.461",2012-10-02,2012-10-01,21,245383698,"56","245383698","P1D","http://aido.bsvgateway.org/api/locations/245383698/","Amhara","Amhara, Ethiopia","State","http://aido.bsvgateway.org/api/locations/117113808/",38.0476800991076,38.0476800991076,11.582551484127,"Malaria"
"245383698.462",2012-10-03,2012-10-02,19,245383698,"56","245383698","P1D","http://aido.bsvgateway.org/api/locations/245383698/","Amhara","Amhara, Ethiopia","State","http://aido.bsvgateway.org/api/locations/117113808/",11.582551484127,38.0476800991076,11.582551484127,"Malaria"
"245383698.463",2012-10-04,2012-10-03,32,245383698,"56","245383698","P1D","http://aido.bsvgateway.org/api/locations/245383698/","Amhara","Amhara, Ethiopia","State","http://aido.bsvgateway.org/api/locations/117113808/",38.0476800991076,38.0476800991076,11.582551484127,"Malaria"
"245383698.464",2012-10-05,2012-10-04,38,245383698,"56","245383698","P1D","http://aido.bsvgateway.org/api/locations/245383698/","Amhara","Amhara, Ethiopia","State","http://aido.bsvgateway.org/api/locations/117113808/",11.582551484127,38.0476800991076,11.582551484127,"Malaria"
"245383698.465",2012-10-06,2012-10-05,35,245383698,"56","245383698","P1D","http://aido.bsvgateway.org/api/locations/245383698/","Amhara","Amhara, Ethiopia","State","http://aido.bsvgateway.org/api/locations/117113808/",38.0476800991076,38.0476800991076,11.582551484127,"Malaria"
"245383698.466",2012-10-07,2012-10-06,33,245383698,"56","245383698","P1D","http://aido.bsvgateway.org/api/locations/245383698/","Amhara","Amhara, Ethiopia","State","http://aido.bsvgateway.org/api/locations/117113808/",11.582551484127,38.0476800991076,11.582551484127,"Malaria"
"245383698.467",2012-10-08,2012-10-07,21,245383698,"56","245383698","P1D","http://aido.bsvgateway.org/api/locations/245383698/","Amhara","Amhara, Ethiopia","State","http://aido.bsvgateway.org/api/locations/117113808/",38.0476800991076,38.0476800991076,11.582551484127,"Malaria"
"245383698.468",2012-10-09,2012-10-08,24,245383698,"56","245383698","P1D","http://aido.bsvgateway.org/api/locations/245383698/","Amhara","Amhara, Ethiopia","State","http://aido.bsvgateway.org/api/locations/117113808/",11.582551484127,38.0476800991076,11.582551484127,"Malaria"
"245383698.469",2012-10-10,2012-10-09,17,245383698,"56","245383698","P1D","http://aido.bsvgateway.org/api/locations/245383698/","Amhara","Amhara, Ethiopia","State","http://aido.bsvgateway.org/api/locations/117113808/",38.0476800991076,38.0476800991076,11.582551484127,"Malaria"
"245383698.470",2012-10-11,2012-10-10,19,245383698,"56","245383698","P1D","http://aido.bsvgateway.org/api/locations/245383698/","Amhara","Amhara, Ethiopia","State","http://aido.bsvgateway.org/api/locations/117113808/",11.582551484127,38.0476800991076,11.582551484127,"Malaria"
"245383698.471",2012-10-12,2012-10-11,14,245383698,"56","245383698","P1D","http://aido.bsvgateway.org/api/locations/245383698/","Amhara","Amhara, Ethiopia","State","http://aido.bsvgateway.org/api/locations/117113808/",38.0476800991076,38.0476800991076,11.582551484127,"Malaria"
"245383698.472",2012-10-13,2012-10-12,18,245383698,"56","245383698","P1D","http://aido.bsvgateway.org/api/locations/245383698/","Amhara","Amhara, Ethiopia","State","http://aido.bsvgateway.org/api/locations/117113808/",11.582551484127,38.0476800991076,11.582551484127,"Malaria"
"245383698.473",2012-10-14,2012-10-13,22,245383698,"56","245383698","P1D","http://aido.bsvgateway.org/api/locations/245383698/","Amhara","Amhara, Ethiopia","State","http://aido.bsvgateway.org/api/locations/117113808/",38.0476800991076,38.0476800991076,11.582551484127,"Malaria"
"245383698.474",2012-10-15,2012-10-14,28,245383698,"56","245383698","P1D","http://aido.bsvgateway.org/api/locations/245383698/","Amhara","Amhara, Ethiopia","State","http://aido.bsvgateway.org/api/locations/117113808/",11.582551484127,38.0476800991076,11.582551484127,"Malaria"
"245383698.475",2012-10-16,2012-10-15,31,245383698,"56","245383698","P1D","http://aido.bsvgateway.org/api/locations/245383698/","Amhara","Amhara, Ethiopia","State","http://aido.bsvgateway.org/api/locations/117113808/",38.0476800991076,38.0476800991076,11.582551484127,"Malaria"
"245383698.476",2012-10-17,2012-10-16,27,245383698,"56","245383698","P1D","http://aido.bsvgateway.org/api/locations/245383698/","Amhara","Amhara, Ethiopia","State","http://aido.bsvgateway.org/api/locations/117113808/",11.582551484127,38.0476800991076,11.582551484127,"Malaria"
"245383698.477",2012-10-18,2012-10-17,20,245383698,"56","245383698","P1D","http://aido.bsvgateway.org/api/locations/245383698/","Amhara","Amhara, Ethiopia","State","http://aido.bsvgateway.org/api/locations/117113808/",38.0476800991076,38.0476800991076,11.582551484127,"Malaria"
"245383698.478",2012-10-19,2012-10-18,33,245383698,"56","245383698","P1D","http://aido.bsvgateway.org/api/locations/245383698/","Amhara","Amhara, Ethiopia","State","http://aido.bsvgateway.org/api/locations/117113808/",11.582551484127,38.0476800991076,11.582551484127,"Malaria"
"245383698.479",2012-10-20,2012-10-19,19,245383698,"56","245383698","P1D","http://aido.bsvgateway.org/api/locations/245383698/","Amhara","Amhara, Ethiopia","State","http://aido.bsvgateway.org/api/locations/117113808/",38.0476800991076,38.0476800991076,11.582551484127,"Malaria"
"245383698.480",2012-10-21,2012-10-20,23,245383698,"56","245383698","P1D","http://aido.bsvgateway.org/api/locations/245383698/","Amhara","Amhara, Ethiopia","State","http://aido.bsvgateway.org/api/locations/117113808/",11.582551484127,38.0476800991076,11.582551484127,"Malaria"
"245383698.481",2012-10-22,2012-10-21,37,245383698,"56","245383698","P1D","http://aido.bsvgateway.org/api/locations/245383698/","Amhara","Amhara, Ethiopia","State","http://aido.bsvgateway.org/api/locations/117113808/",38.0476800991076,38.0476800991076,11.582551484127,"Malaria"
"245383698.482",2012-10-23,2012-10-22,43,245383698,"56","245383698","P1D","http://aido.bsvgateway.org/api/locations/245383698/","Amhara","Amhara, Ethiopia","State","http://aido.bsvgateway.org/api/locations/117113808/",11.582551484127,38.0476800991076,11.582551484127,"Malaria"
"245383698.483",2012-10-24,2012-10-23,39,245383698,"56","245383698","P1D","http://aido.bsvgateway.org/api/locations/245383698/","Amhara","Amhara, Ethiopia","State","http://aido.bsvgateway.org/api/locations/117113808/",38.0476800991076,38.0476800991076,11.582551484127,"Malaria"
"245383698.484",2012-10-25,2012-10-24,35,245383698,"56","245383698","P1D","http://aido.bsvgateway.org/api/locations/245383698/","Amhara","Amhara, Ethiopia","State","http://aido.bsvgateway.org/api/locations/117113808/",11.582551484127,38.0476800991076,11.582551484127,"Malaria"
"245383698.485",2012-10-26,2012-10-25,29,245383698,"56","245383698","P1D","http://aido.bsvgateway.org/api/locations/245383698/","Amhara","Amhara, Ethiopia","State","http://aido.bsvgateway.org/api/locations/117113808/",38.0476800991076,38.0476800991076,11.582551484127,"Malaria"
"245383698.486",2012-10-27,2012-10-26,30,245383698,"56","245383698","P1D","http://aido.bsvgateway.org/api/locations/245383698/","Amhara","Amhara, Ethiopia","State","http://aido.bsvgateway.org/api/locations/117113808/",11.582551484127,38.0476800991076,11.582551484127,"Malaria"
"245383698.487",2012-10-28,2012-10-27,26,245383698,"56","245383698","P1D","http://aido.bsvgateway.org/api/locations/245383698/","Amhara","Amhara, Ethiopia","State","http://aido.bsvgateway.org/api/locations/117113808/",38.0476800991076,38.0476800991076,11.582551484127,"Malaria"
"245383698.488",2012-10-29,2012-10-28,34,245383698,"56","245383698","P1D","http://aido.bsvgateway.org/api/locations/245383698/","Amhara","Amhara, Ethiopia","State","http://aido.bsvgateway.org/api/locations/117113808/",11.582551484127,38.0476800991076,11.582551484127,"Malaria"
"245383698.489",2012-10-30,2012-10-29,32,245383698,"56","245383698","P1D","http://aido.bsvgateway.org/api/locations/245383698/","Amhara","Amhara, Ethiopia","State","http://aido.bsvgateway.org/api/locations/117113808/",38.0476800991076,38.0476800991076,11.582551484127,"Malaria"
"245383698.490",2012-10-31,2012-10-30,24,245383698,"56","245383698","P1D","http://aido.bsvgateway.org/api/locations/245383698/","Amhara","Amhara, Ethiopia","State","http://aido.bsvgateway.org/api/locations/117113808/",11.582551484127,38.0476800991076,11.582551484127,"Malaria"
"245383698.491",2012-11-01,2012-10-31,28,245383698,"56","245383698","P1D","http://aido.bsvgateway.org/api/locations/245383698/","Amhara","Amhara, Ethiopia","State","http://aido.bsvgateway.org/api/locations/117113808/",38.0476800991076,38.0476800991076,11.582551484127,"Malaria"
"245383698.492",2012-11-02,2012-11-01,19,245383698,"56","245383698","P1D","http://aido.bsvgateway.org/api/locations/245383698/","Amhara","Amhara, Ethiopia","State","http://aido.bsvgateway.org/api/locations/117113808/",11.582551484127,38.0476800991076,11.582551484127,"Malaria"
"245383698.493",2012-11-03,2012-11-02,24,245383698,"56","245383698","P1D","http://aido.bsvgateway.org/api/locations/245383698/","Amhara","Amhara, Ethiopia","State","http://aido.bsvgateway.org/api/locations/117113808/",38.0476800991076,38.0476800991076,11.582551484127,"Malaria"
"245383698.494",2012-11-04,2012-11-03,29,245383698,"56","245383698","P1D","http://aido.bsvgateway.org/api/locations/245383698/","Amhara","Amhara, Ethiopia","State","http://aido.bsvgateway.org/api/locations/117113808/",11.582551484127,38.0476800991076,11.582551484127,"Malaria"
"245383698.495",2012-11-05,2012-11-04,30,245383698,"56","245383698","P1D","http://aido.bsvgateway.org/api/locations/245383698/","Amhara","Amhara, Ethiopia","State","http://aido.bsvgateway.org/api/locations/117113808/",38.0476800991076,38.0476800991076,11.582551484127,"Malaria"
"245383698.496",2012-11-06,2012-11-05,33,245383698,"56","245383698","P1D","http://aido.bsvgateway.org/api/locations/245383698/","Amhara","Amhara, Ethiopia","State","http://aido.bsvgateway.org/api/locations/117113808/",11.582551484127,38.0476800991076,11.582551484127,"Malaria"
"245383698.497",2012-11-07,2012-11-06,29,245383698,"56","245383698","P1D","http://aido.bsvgateway.org/api/locations/245383698/","Amhara","Amhara, Ethiopia","State","http://aido.bsvgateway.org/api/locations/117113808/",38.0476800991076,38.0476800991076,11.582551484127,"Malaria"
"245383698.498",2012-11-08,2012-11-07,26,245383698,"56","245383698","P1D","http://aido.bsvgateway.org/api/locations/245383698/","Amhara","Amhara, Ethiopia","State","http://aido.bsvgateway.org/api/locations/117113808/",11.582551484127,38.0476800991076,11.582551484127,"Malaria"
"245383698.499",2012-11-09,2012-11-08,25,245383698,"56","245383698","P1D","http://aido.bsvgateway.org/api/locations/245383698/","Amhara","Amhara, Ethiopia","State","http://aido.bsvgateway.org/api/locations/117113808/",38.0476800991076,38.0476800991076,11.582551484127,"Malaria"
"245383698.500",2012-11-10,2012-11-09,22,245383698,"56","245383698","P1D","http://aido.bsvgateway.org/api/locations/245383698/","Amhara","Amhara, Ethiopia","State","http://aido.bsvgateway.org/api/locations/117113808/",11.582551484127,38.0476800991076,11.582551484127,"Malaria"
"245383698.501",2012-11-11,2012-11-10,21,245383698,"56","245383698","P1D","http://aido.bsvgateway.org/api/locations/245383698/","Amhara","Amhara, Ethiopia","State","http://aido.bsvgateway.org/api/locations/117113808/",38.0476800991076,38.0476800991076,11.582551484127,"Malaria"
"245383698.502",2012-11-12,2012-11-11,20,245383698,"56","245383698","P1D","http://aido.bsvgateway.org/api/locations/245383698/","Amhara","Amhara, Ethiopia","State","http://aido.bsvgateway.org/api/locations/117113808/",11.582551484127,38.0476800991076,11.582551484127,"Malaria"
"245383698.503",2012-11-13,2012-11-12,21,245383698,"56","245383698","P1D","http://aido.bsvgateway.org/api/locations/245383698/","Amhara","Amhara, Ethiopia","State","http://aido.bsvgateway.org/api/locations/117113808/",38.0476800991076,38.0476800991076,11.582551484127,"Malaria"
"245383698.504",2012-11-14,2012-11-13,20,245383698,"56","245383698","P1D","http://aido.bsvgateway.org/api/locations/245383698/","Amhara","Amhara, Ethiopia","State","http://aido.bsvgateway.org/api/locations/117113808/",11.582551484127,38.0476800991076,11.582551484127,"Malaria"
"245383698.505",2012-11-15,2012-11-14,21,245383698,"56","245383698","P1D","http://aido.bsvgateway.org/api/locations/245383698/","Amhara","Amhara, Ethiopia","State","http://aido.bsvgateway.org/api/locations/117113808/",38.0476800991076,38.0476800991076,11.582551484127,"Malaria"
"245383698.506",2012-11-16,2012-11-15,18,245383698,"56","245383698","P1D","http://aido.bsvgateway.org/api/locations/245383698/","Amhara","Amhara, Ethiopia","State","http://aido.bsvgateway.org/api/locations/117113808/",11.582551484127,38.0476800991076,11.582551484127,"Malaria"
"245383698.507",2012-11-17,2012-11-16,19,245383698,"56","245383698","P1D","http://aido.bsvgateway.org/api/locations/245383698/","Amhara","Amhara, Ethiopia","State","http://aido.bsvgateway.org/api/locations/117113808/",38.0476800991076,38.0476800991076,11.582551484127,"Malaria"
"245383698.508",2012-11-18,2012-11-17,15,245383698,"56","245383698","P1D","http://aido.bsvgateway.org/api/locations/245383698/","Amhara","Amhara, Ethiopia","State","http://aido.bsvgateway.org/api/locations/117113808/",11.582551484127,38.0476800991076,11.582551484127,"Malaria"
"245383698.509",2012-11-19,2012-11-18,16,245383698,"56","245383698","P1D","http://aido.bsvgateway.org/api/locations/245383698/","Amhara","Amhara, Ethiopia","State","http://aido.bsvgateway.org/api/locations/117113808/",38.0476800991076,38.0476800991076,11.582551484127,"Malaria"
"245383698.510",2012-11-20,2012-11-19,18,245383698,"56","245383698","P1D","http://aido.bsvgateway.org/api/locations/245383698/","Amhara","Amhara, Ethiopia","State","http://aido.bsvgateway.org/api/locations/117113808/",11.582551484127,38.0476800991076,11.582551484127,"Malaria"
"245383698.511",2012-11-21,2012-11-20,19,245383698,"56","245383698","P1D","http://aido.bsvgateway.org/api/locations/245383698/","Amhara","Amhara, Ethiopia","State","http://aido.bsvgateway.org/api/locations/117113808/",38.0476800991076,38.0476800991076,11.582551484127,"Malaria"
"245383698.512",2012-11-22,2012-11-21,18,245383698,"56","245383698","P1D","http://aido.bsvgateway.org/api/locations/245383698/","Amhara","Amhara, Ethiopia","State","http://aido.bsvgateway.org/api/locations/117113808/",11.582551484127,38.0476800991076,11.582551484127,"Malaria"
"245383698.513",2012-11-23,2012-11-22,16,245383698,"56","245383698","P1D","http://aido.bsvgateway.org/api/locations/245383698/","Amhara","Amhara, Ethiopia","State","http://aido.bsvgateway.org/api/locations/117113808/",38.0476800991076,38.0476800991076,11.582551484127,"Malaria"
"245383698.514",2012-11-24,2012-11-23,14,245383698,"56","245383698","P1D","http://aido.bsvgateway.org/api/locations/245383698/","Amhara","Amhara, Ethiopia","State","http://aido.bsvgateway.org/api/locations/117113808/",11.582551484127,38.0476800991076,11.582551484127,"Malaria"
"245383698.515",2012-11-25,2012-11-24,10,245383698,"56","245383698","P1D","http://aido.bsvgateway.org/api/locations/245383698/","Amhara","Amhara, Ethiopia","State","http://aido.bsvgateway.org/api/locations/117113808/",38.0476800991076,38.0476800991076,11.582551484127,"Malaria"
"245383698.516",2012-11-26,2012-11-25,7,245383698,"56","245383698","P1D","http://aido.bsvgateway.org/api/locations/245383698/","Amhara","Amhara, Ethiopia","State","http://aido.bsvgateway.org/api/locations/117113808/",11.582551484127,38.0476800991076,11.582551484127,"Malaria"
