"","end","start","value","id","disease","location","duration","url","name","full_name","admin_level_name","parent","centroid_lat_long","longitude","latitude","disease_name"
"170415761.898",2009-05-18,2009-05-11,5,170415761,"30","170415761","P7D","http://aido.bsvgateway.org/api/locations/170415761/","Chile","Chile","Country","http://aido.bsvgateway.org/api/locations/13410479/",-37.7436061218903,-71.3643742494707,-37.7436061218903,"Novel Influenza A"
"170415761.899",2009-05-25,2009-05-18,109,170415761,"30","170415761","P7D","http://aido.bsvgateway.org/api/locations/170415761/","Chile","Chile","Country","http://aido.bsvgateway.org/api/locations/13410479/",-71.3643742494707,-71.3643742494707,-37.7436061218903,"Novel Influenza A"
"170415761.900",2009-06-01,2009-05-25,258,170415761,"30","170415761","P7D","http://aido.bsvgateway.org/api/locations/170415761/","Chile","Chile","Country","http://aido.bsvgateway.org/api/locations/13410479/",-37.7436061218903,-71.3643742494707,-37.7436061218903,"Novel Influenza A"
"170415761.901",2009-06-08,2009-06-01,278,170415761,"30","170415761","P7D","http://aido.bsvgateway.org/api/locations/170415761/","Chile","Chile","Country","http://aido.bsvgateway.org/api/locations/13410479/",-71.3643742494707,-71.3643742494707,-37.7436061218903,"Novel Influenza A"
"170415761.902",2009-06-15,2009-06-08,258,170415761,"30","170415761","P7D","http://aido.bsvgateway.org/api/locations/170415761/","Chile","Chile","Country","http://aido.bsvgateway.org/api/locations/13410479/",-37.7436061218903,-71.3643742494707,-37.7436061218903,"Novel Influenza A"
"170415761.903",2009-06-22,2009-06-15,356,170415761,"30","170415761","P7D","http://aido.bsvgateway.org/api/locations/170415761/","Chile","Chile","Country","http://aido.bsvgateway.org/api/locations/13410479/",-71.3643742494707,-71.3643742494707,-37.7436061218903,"Novel Influenza A"
"170415761.904",2009-06-29,2009-06-22,514,170415761,"30","170415761","P7D","http://aido.bsvgateway.org/api/locations/170415761/","Chile","Chile","Country","http://aido.bsvgateway.org/api/locations/13410479/",-37.7436061218903,-71.3643742494707,-37.7436061218903,"Novel Influenza A"
"170415761.905",2009-07-06,2009-06-29,614,170415761,"30","170415761","P7D","http://aido.bsvgateway.org/api/locations/170415761/","Chile","Chile","Country","http://aido.bsvgateway.org/api/locations/13410479/",-71.3643742494707,-71.3643742494707,-37.7436061218903,"Novel Influenza A"
"170415761.906",2009-07-13,2009-07-06,652,170415761,"30","170415761","P7D","http://aido.bsvgateway.org/api/locations/170415761/","Chile","Chile","Country","http://aido.bsvgateway.org/api/locations/13410479/",-37.7436061218903,-71.3643742494707,-37.7436061218903,"Novel Influenza A"
"170415761.907",2009-07-20,2009-07-13,491,170415761,"30","170415761","P7D","http://aido.bsvgateway.org/api/locations/170415761/","Chile","Chile","Country","http://aido.bsvgateway.org/api/locations/13410479/",-71.3643742494707,-71.3643742494707,-37.7436061218903,"Novel Influenza A"
"170415761.908",2009-07-27,2009-07-20,155,170415761,"30","170415761","P7D","http://aido.bsvgateway.org/api/locations/170415761/","Chile","Chile","Country","http://aido.bsvgateway.org/api/locations/13410479/",-37.7436061218903,-71.3643742494707,-37.7436061218903,"Novel Influenza A"
"170415761.909",2009-08-03,2009-07-27,78,170415761,"30","170415761","P7D","http://aido.bsvgateway.org/api/locations/170415761/","Chile","Chile","Country","http://aido.bsvgateway.org/api/locations/13410479/",-71.3643742494707,-71.3643742494707,-37.7436061218903,"Novel Influenza A"
"170415761.910",2009-08-10,2009-08-03,40,170415761,"30","170415761","P7D","http://aido.bsvgateway.org/api/locations/170415761/","Chile","Chile","Country","http://aido.bsvgateway.org/api/locations/13410479/",-37.7436061218903,-71.3643742494707,-37.7436061218903,"Novel Influenza A"
"170415761.911",2009-08-17,2009-08-10,14,170415761,"30","170415761","P7D","http://aido.bsvgateway.org/api/locations/170415761/","Chile","Chile","Country","http://aido.bsvgateway.org/api/locations/13410479/",-71.3643742494707,-71.3643742494707,-37.7436061218903,"Novel Influenza A"
"170415761.912",2009-08-24,2009-08-17,6,170415761,"30","170415761","P7D","http://aido.bsvgateway.org/api/locations/170415761/","Chile","Chile","Country","http://aido.bsvgateway.org/api/locations/13410479/",-37.7436061218903,-71.3643742494707,-37.7436061218903,"Novel Influenza A"
"170415761.913",2009-08-31,2009-08-24,6,170415761,"30","170415761","P7D","http://aido.bsvgateway.org/api/locations/170415761/","Chile","Chile","Country","http://aido.bsvgateway.org/api/locations/13410479/",-71.3643742494707,-71.3643742494707,-37.7436061218903,"Novel Influenza A"
"170415761.914",2009-09-07,2009-08-31,6,170415761,"30","170415761","P7D","http://aido.bsvgateway.org/api/locations/170415761/","Chile","Chile","Country","http://aido.bsvgateway.org/api/locations/13410479/",-37.7436061218903,-71.3643742494707,-37.7436061218903,"Novel Influenza A"
"170415761.915",2009-09-14,2009-09-07,0,170415761,"30","170415761","P7D","http://aido.bsvgateway.org/api/locations/170415761/","Chile","Chile","Country","http://aido.bsvgateway.org/api/locations/13410479/",-71.3643742494707,-71.3643742494707,-37.7436061218903,"Novel Influenza A"
"170415761.916",2009-09-21,2009-09-14,0,170415761,"30","170415761","P7D","http://aido.bsvgateway.org/api/locations/170415761/","Chile","Chile","Country","http://aido.bsvgateway.org/api/locations/13410479/",-37.7436061218903,-71.3643742494707,-37.7436061218903,"Novel Influenza A"
"170415761.917",2009-09-28,2009-09-21,0,170415761,"30","170415761","P7D","http://aido.bsvgateway.org/api/locations/170415761/","Chile","Chile","Country","http://aido.bsvgateway.org/api/locations/13410479/",-71.3643742494707,-71.3643742494707,-37.7436061218903,"Novel Influenza A"
"170415761.918",2009-10-05,2009-09-28,3,170415761,"30","170415761","P7D","http://aido.bsvgateway.org/api/locations/170415761/","Chile","Chile","Country","http://aido.bsvgateway.org/api/locations/13410479/",-37.7436061218903,-71.3643742494707,-37.7436061218903,"Novel Influenza A"
"170415761.919",2009-10-12,2009-10-05,0,170415761,"30","170415761","P7D","http://aido.bsvgateway.org/api/locations/170415761/","Chile","Chile","Country","http://aido.bsvgateway.org/api/locations/13410479/",-71.3643742494707,-71.3643742494707,-37.7436061218903,"Novel Influenza A"
"170415761.920",2009-10-19,2009-10-12,0,170415761,"30","170415761","P7D","http://aido.bsvgateway.org/api/locations/170415761/","Chile","Chile","Country","http://aido.bsvgateway.org/api/locations/13410479/",-37.7436061218903,-71.3643742494707,-37.7436061218903,"Novel Influenza A"
"170415761.921",2009-10-26,2009-10-19,0,170415761,"30","170415761","P7D","http://aido.bsvgateway.org/api/locations/170415761/","Chile","Chile","Country","http://aido.bsvgateway.org/api/locations/13410479/",-71.3643742494707,-71.3643742494707,-37.7436061218903,"Novel Influenza A"
"170415761.922",2009-11-02,2009-10-26,3,170415761,"30","170415761","P7D","http://aido.bsvgateway.org/api/locations/170415761/","Chile","Chile","Country","http://aido.bsvgateway.org/api/locations/13410479/",-37.7436061218903,-71.3643742494707,-37.7436061218903,"Novel Influenza A"
"170415761.923",2009-11-09,2009-11-02,3,170415761,"30","170415761","P7D","http://aido.bsvgateway.org/api/locations/170415761/","Chile","Chile","Country","http://aido.bsvgateway.org/api/locations/13410479/",-71.3643742494707,-71.3643742494707,-37.7436061218903,"Novel Influenza A"
"170415761.924",2009-11-16,2009-11-09,3,170415761,"30","170415761","P7D","http://aido.bsvgateway.org/api/locations/170415761/","Chile","Chile","Country","http://aido.bsvgateway.org/api/locations/13410479/",-37.7436061218903,-71.3643742494707,-37.7436061218903,"Novel Influenza A"
"170415761.925",2009-11-23,2009-11-16,6,170415761,"30","170415761","P7D","http://aido.bsvgateway.org/api/locations/170415761/","Chile","Chile","Country","http://aido.bsvgateway.org/api/locations/13410479/",-71.3643742494707,-71.3643742494707,-37.7436061218903,"Novel Influenza A"
"170415761.926",2009-11-30,2009-11-23,0,170415761,"30","170415761","P7D","http://aido.bsvgateway.org/api/locations/170415761/","Chile","Chile","Country","http://aido.bsvgateway.org/api/locations/13410479/",-37.7436061218903,-71.3643742494707,-37.7436061218903,"Novel Influenza A"
"170415761.927",2009-12-07,2009-11-30,9,170415761,"30","170415761","P7D","http://aido.bsvgateway.org/api/locations/170415761/","Chile","Chile","Country","http://aido.bsvgateway.org/api/locations/13410479/",-71.3643742494707,-71.3643742494707,-37.7436061218903,"Novel Influenza A"
"170415761.928",2009-12-14,2009-12-07,0,170415761,"30","170415761","P7D","http://aido.bsvgateway.org/api/locations/170415761/","Chile","Chile","Country","http://aido.bsvgateway.org/api/locations/13410479/",-37.7436061218903,-71.3643742494707,-37.7436061218903,"Novel Influenza A"
"170415761.929",2009-12-21,2009-12-14,3,170415761,"30","170415761","P7D","http://aido.bsvgateway.org/api/locations/170415761/","Chile","Chile","Country","http://aido.bsvgateway.org/api/locations/13410479/",-71.3643742494707,-71.3643742494707,-37.7436061218903,"Novel Influenza A"
