"","end","start","value","id","disease","location","duration","url","name","full_name","admin_level_name","parent","centroid_lat_long","longitude","latitude","disease_name"
"81806650.1361",1997-09-14,1997-09-13,0,81806650,"53","81806650","P1D","http://aido.bsvgateway.org/api/locations/81806650/","Ad Damman","Ad Damman, Ash Sharqiyah, Saudi Arabia","City","http://aido.bsvgateway.org/api/locations/216541002/",26.430140943045,50.0977278429725,26.430140943045,"Salmonellosis"
"81806650.1362",1997-09-15,1997-09-14,0,81806650,"53","81806650","P1D","http://aido.bsvgateway.org/api/locations/81806650/","Ad Damman","Ad Damman, Ash Sharqiyah, Saudi Arabia","City","http://aido.bsvgateway.org/api/locations/216541002/",50.0977278429725,50.0977278429725,26.430140943045,"Salmonellosis"
"81806650.1363",1997-09-16,1997-09-15,1,81806650,"53","81806650","P1D","http://aido.bsvgateway.org/api/locations/81806650/","Ad Damman","Ad Damman, Ash Sharqiyah, Saudi Arabia","City","http://aido.bsvgateway.org/api/locations/216541002/",26.430140943045,50.0977278429725,26.430140943045,"Salmonellosis"
"81806650.1364",1997-09-17,1997-09-16,1,81806650,"53","81806650","P1D","http://aido.bsvgateway.org/api/locations/81806650/","Ad Damman","Ad Damman, Ash Sharqiyah, Saudi Arabia","City","http://aido.bsvgateway.org/api/locations/216541002/",50.0977278429725,50.0977278429725,26.430140943045,"Salmonellosis"
"81806650.1365",1997-09-18,1997-09-17,0,81806650,"53","81806650","P1D","http://aido.bsvgateway.org/api/locations/81806650/","Ad Damman","Ad Damman, Ash Sharqiyah, Saudi Arabia","City","http://aido.bsvgateway.org/api/locations/216541002/",26.430140943045,50.0977278429725,26.430140943045,"Salmonellosis"
"81806650.1366",1997-09-19,1997-09-18,0,81806650,"53","81806650","P1D","http://aido.bsvgateway.org/api/locations/81806650/","Ad Damman","Ad Damman, Ash Sharqiyah, Saudi Arabia","City","http://aido.bsvgateway.org/api/locations/216541002/",50.0977278429725,50.0977278429725,26.430140943045,"Salmonellosis"
"81806650.1367",1997-09-20,1997-09-19,0,81806650,"53","81806650","P1D","http://aido.bsvgateway.org/api/locations/81806650/","Ad Damman","Ad Damman, Ash Sharqiyah, Saudi Arabia","City","http://aido.bsvgateway.org/api/locations/216541002/",26.430140943045,50.0977278429725,26.430140943045,"Salmonellosis"
"81806650.1368",1997-09-21,1997-09-20,1,81806650,"53","81806650","P1D","http://aido.bsvgateway.org/api/locations/81806650/","Ad Damman","Ad Damman, Ash Sharqiyah, Saudi Arabia","City","http://aido.bsvgateway.org/api/locations/216541002/",50.0977278429725,50.0977278429725,26.430140943045,"Salmonellosis"
"81806650.1369",1997-09-22,1997-09-21,0,81806650,"53","81806650","P1D","http://aido.bsvgateway.org/api/locations/81806650/","Ad Damman","Ad Damman, Ash Sharqiyah, Saudi Arabia","City","http://aido.bsvgateway.org/api/locations/216541002/",26.430140943045,50.0977278429725,26.430140943045,"Salmonellosis"
"81806650.1370",1997-09-23,1997-09-22,0,81806650,"53","81806650","P1D","http://aido.bsvgateway.org/api/locations/81806650/","Ad Damman","Ad Damman, Ash Sharqiyah, Saudi Arabia","City","http://aido.bsvgateway.org/api/locations/216541002/",50.0977278429725,50.0977278429725,26.430140943045,"Salmonellosis"
"81806650.1371",1997-09-24,1997-09-23,2,81806650,"53","81806650","P1D","http://aido.bsvgateway.org/api/locations/81806650/","Ad Damman","Ad Damman, Ash Sharqiyah, Saudi Arabia","City","http://aido.bsvgateway.org/api/locations/216541002/",26.430140943045,50.0977278429725,26.430140943045,"Salmonellosis"
"81806650.1372",1997-09-25,1997-09-24,1,81806650,"53","81806650","P1D","http://aido.bsvgateway.org/api/locations/81806650/","Ad Damman","Ad Damman, Ash Sharqiyah, Saudi Arabia","City","http://aido.bsvgateway.org/api/locations/216541002/",50.0977278429725,50.0977278429725,26.430140943045,"Salmonellosis"
"81806650.1373",1997-09-26,1997-09-25,3,81806650,"53","81806650","P1D","http://aido.bsvgateway.org/api/locations/81806650/","Ad Damman","Ad Damman, Ash Sharqiyah, Saudi Arabia","City","http://aido.bsvgateway.org/api/locations/216541002/",26.430140943045,50.0977278429725,26.430140943045,"Salmonellosis"
"81806650.1374",1997-09-27,1997-09-26,13,81806650,"53","81806650","P1D","http://aido.bsvgateway.org/api/locations/81806650/","Ad Damman","Ad Damman, Ash Sharqiyah, Saudi Arabia","City","http://aido.bsvgateway.org/api/locations/216541002/",50.0977278429725,50.0977278429725,26.430140943045,"Salmonellosis"
"81806650.1375",1997-09-28,1997-09-27,12,81806650,"53","81806650","P1D","http://aido.bsvgateway.org/api/locations/81806650/","Ad Damman","Ad Damman, Ash Sharqiyah, Saudi Arabia","City","http://aido.bsvgateway.org/api/locations/216541002/",26.430140943045,50.0977278429725,26.430140943045,"Salmonellosis"
"81806650.1376",1997-09-29,1997-09-28,114,81806650,"53","81806650","P1D","http://aido.bsvgateway.org/api/locations/81806650/","Ad Damman","Ad Damman, Ash Sharqiyah, Saudi Arabia","City","http://aido.bsvgateway.org/api/locations/216541002/",50.0977278429725,50.0977278429725,26.430140943045,"Salmonellosis"
"81806650.1377",1997-09-30,1997-09-29,12,81806650,"53","81806650","P1D","http://aido.bsvgateway.org/api/locations/81806650/","Ad Damman","Ad Damman, Ash Sharqiyah, Saudi Arabia","City","http://aido.bsvgateway.org/api/locations/216541002/",26.430140943045,50.0977278429725,26.430140943045,"Salmonellosis"
"81806650.1378",1997-10-01,1997-09-30,0,81806650,"53","81806650","P1D","http://aido.bsvgateway.org/api/locations/81806650/","Ad Damman","Ad Damman, Ash Sharqiyah, Saudi Arabia","City","http://aido.bsvgateway.org/api/locations/216541002/",50.0977278429725,50.0977278429725,26.430140943045,"Salmonellosis"
"81806650.1379",1997-10-02,1997-10-01,0,81806650,"53","81806650","P1D","http://aido.bsvgateway.org/api/locations/81806650/","Ad Damman","Ad Damman, Ash Sharqiyah, Saudi Arabia","City","http://aido.bsvgateway.org/api/locations/216541002/",26.430140943045,50.0977278429725,26.430140943045,"Salmonellosis"
"81806650.1380",1997-10-03,1997-10-02,2,81806650,"53","81806650","P1D","http://aido.bsvgateway.org/api/locations/81806650/","Ad Damman","Ad Damman, Ash Sharqiyah, Saudi Arabia","City","http://aido.bsvgateway.org/api/locations/216541002/",50.0977278429725,50.0977278429725,26.430140943045,"Salmonellosis"
"81806650.1381",1997-10-04,1997-10-03,1,81806650,"53","81806650","P1D","http://aido.bsvgateway.org/api/locations/81806650/","Ad Damman","Ad Damman, Ash Sharqiyah, Saudi Arabia","City","http://aido.bsvgateway.org/api/locations/216541002/",26.430140943045,50.0977278429725,26.430140943045,"Salmonellosis"
"81806650.1382",1997-10-05,1997-10-04,2,81806650,"53","81806650","P1D","http://aido.bsvgateway.org/api/locations/81806650/","Ad Damman","Ad Damman, Ash Sharqiyah, Saudi Arabia","City","http://aido.bsvgateway.org/api/locations/216541002/",50.0977278429725,50.0977278429725,26.430140943045,"Salmonellosis"
"81806650.1383",1997-10-06,1997-10-05,2,81806650,"53","81806650","P1D","http://aido.bsvgateway.org/api/locations/81806650/","Ad Damman","Ad Damman, Ash Sharqiyah, Saudi Arabia","City","http://aido.bsvgateway.org/api/locations/216541002/",26.430140943045,50.0977278429725,26.430140943045,"Salmonellosis"
"81806650.1384",1997-10-07,1997-10-06,0,81806650,"53","81806650","P1D","http://aido.bsvgateway.org/api/locations/81806650/","Ad Damman","Ad Damman, Ash Sharqiyah, Saudi Arabia","City","http://aido.bsvgateway.org/api/locations/216541002/",50.0977278429725,50.0977278429725,26.430140943045,"Salmonellosis"
"81806650.1385",1997-10-08,1997-10-07,1,81806650,"53","81806650","P1D","http://aido.bsvgateway.org/api/locations/81806650/","Ad Damman","Ad Damman, Ash Sharqiyah, Saudi Arabia","City","http://aido.bsvgateway.org/api/locations/216541002/",26.430140943045,50.0977278429725,26.430140943045,"Salmonellosis"
