"","end","start","value","id","disease","location","duration","url","name","full_name","admin_level_name","parent","centroid_lat_long","longitude","latitude","disease_name"
"237782751.528",2004-01-05,2003-12-29,1,237782751,"30","237782751","P7D","http://aido.bsvgateway.org/api/locations/237782751/","Thailand","Thailand","Country","http://aido.bsvgateway.org/api/locations/20359812/",15.1143997392552,101.003333351407,15.1143997392552,"Novel Influenza A"
"237782751.529",2004-01-12,2004-01-05,2,237782751,"30","237782751","P7D","http://aido.bsvgateway.org/api/locations/237782751/","Thailand","Thailand","Country","http://aido.bsvgateway.org/api/locations/20359812/",101.003333351407,101.003333351407,15.1143997392552,"Novel Influenza A"
"237782751.530",2004-01-19,2004-01-12,0,237782751,"30","237782751","P7D","http://aido.bsvgateway.org/api/locations/237782751/","Thailand","Thailand","Country","http://aido.bsvgateway.org/api/locations/20359812/",15.1143997392552,101.003333351407,15.1143997392552,"Novel Influenza A"
"237782751.531",2004-01-26,2004-01-19,4,237782751,"30","237782751","P7D","http://aido.bsvgateway.org/api/locations/237782751/","Thailand","Thailand","Country","http://aido.bsvgateway.org/api/locations/20359812/",101.003333351407,101.003333351407,15.1143997392552,"Novel Influenza A"
"237782751.532",2004-02-02,2004-01-26,2,237782751,"30","237782751","P7D","http://aido.bsvgateway.org/api/locations/237782751/","Thailand","Thailand","Country","http://aido.bsvgateway.org/api/locations/20359812/",15.1143997392552,101.003333351407,15.1143997392552,"Novel Influenza A"
"237782751.533",2004-02-09,2004-02-02,1,237782751,"30","237782751","P7D","http://aido.bsvgateway.org/api/locations/237782751/","Thailand","Thailand","Country","http://aido.bsvgateway.org/api/locations/20359812/",101.003333351407,101.003333351407,15.1143997392552,"Novel Influenza A"
"237782751.534",2004-02-16,2004-02-09,1,237782751,"30","237782751","P7D","http://aido.bsvgateway.org/api/locations/237782751/","Thailand","Thailand","Country","http://aido.bsvgateway.org/api/locations/20359812/",15.1143997392552,101.003333351407,15.1143997392552,"Novel Influenza A"
"237782751.535",2004-02-23,2004-02-16,0,237782751,"30","237782751","P7D","http://aido.bsvgateway.org/api/locations/237782751/","Thailand","Thailand","Country","http://aido.bsvgateway.org/api/locations/20359812/",101.003333351407,101.003333351407,15.1143997392552,"Novel Influenza A"
"237782751.536",2004-03-01,2004-02-23,0,237782751,"30","237782751","P7D","http://aido.bsvgateway.org/api/locations/237782751/","Thailand","Thailand","Country","http://aido.bsvgateway.org/api/locations/20359812/",15.1143997392552,101.003333351407,15.1143997392552,"Novel Influenza A"
"237782751.537",2004-03-08,2004-03-01,0,237782751,"30","237782751","P7D","http://aido.bsvgateway.org/api/locations/237782751/","Thailand","Thailand","Country","http://aido.bsvgateway.org/api/locations/20359812/",101.003333351407,101.003333351407,15.1143997392552,"Novel Influenza A"
"237782751.538",2004-03-15,2004-03-08,0,237782751,"30","237782751","P7D","http://aido.bsvgateway.org/api/locations/237782751/","Thailand","Thailand","Country","http://aido.bsvgateway.org/api/locations/20359812/",15.1143997392552,101.003333351407,15.1143997392552,"Novel Influenza A"
"237782751.539",2004-03-22,2004-03-15,1,237782751,"30","237782751","P7D","http://aido.bsvgateway.org/api/locations/237782751/","Thailand","Thailand","Country","http://aido.bsvgateway.org/api/locations/20359812/",101.003333351407,101.003333351407,15.1143997392552,"Novel Influenza A"
