"","end","start","value","id","disease","location","duration","url","name","full_name","admin_level_name","parent","centroid_lat_long","longitude","latitude","disease_name"
"261876995.1890",2005-05-18,2005-05-16,1,261876995,"39","261876995","P2D","http://aido.bsvgateway.org/api/locations/261876995/","Indiana","Indiana, United States of America","State","http://aido.bsvgateway.org/api/locations/113309883/",39.917864177803,-86.2850936540549,39.917864177803,"Measles"
"261876995.1891",2005-05-20,2005-05-18,0,261876995,"39","261876995","P2D","http://aido.bsvgateway.org/api/locations/261876995/","Indiana","Indiana, United States of America","State","http://aido.bsvgateway.org/api/locations/113309883/",-86.2850936540549,-86.2850936540549,39.917864177803,"Measles"
"261876995.1892",2005-05-22,2005-05-20,0,261876995,"39","261876995","P2D","http://aido.bsvgateway.org/api/locations/261876995/","Indiana","Indiana, United States of America","State","http://aido.bsvgateway.org/api/locations/113309883/",39.917864177803,-86.2850936540549,39.917864177803,"Measles"
"261876995.1893",2005-05-24,2005-05-22,0,261876995,"39","261876995","P2D","http://aido.bsvgateway.org/api/locations/261876995/","Indiana","Indiana, United States of America","State","http://aido.bsvgateway.org/api/locations/113309883/",-86.2850936540549,-86.2850936540549,39.917864177803,"Measles"
"261876995.1894",2005-05-26,2005-05-24,0,261876995,"39","261876995","P2D","http://aido.bsvgateway.org/api/locations/261876995/","Indiana","Indiana, United States of America","State","http://aido.bsvgateway.org/api/locations/113309883/",39.917864177803,-86.2850936540549,39.917864177803,"Measles"
"261876995.1895",2005-05-28,2005-05-26,4,261876995,"39","261876995","P2D","http://aido.bsvgateway.org/api/locations/261876995/","Indiana","Indiana, United States of America","State","http://aido.bsvgateway.org/api/locations/113309883/",-86.2850936540549,-86.2850936540549,39.917864177803,"Measles"
"261876995.1896",2005-05-30,2005-05-28,5,261876995,"39","261876995","P2D","http://aido.bsvgateway.org/api/locations/261876995/","Indiana","Indiana, United States of America","State","http://aido.bsvgateway.org/api/locations/113309883/",39.917864177803,-86.2850936540549,39.917864177803,"Measles"
"261876995.1897",2005-06-01,2005-05-30,9,261876995,"39","261876995","P2D","http://aido.bsvgateway.org/api/locations/261876995/","Indiana","Indiana, United States of America","State","http://aido.bsvgateway.org/api/locations/113309883/",-86.2850936540549,-86.2850936540549,39.917864177803,"Measles"
"261876995.1898",2005-06-03,2005-06-01,1,261876995,"39","261876995","P2D","http://aido.bsvgateway.org/api/locations/261876995/","Indiana","Indiana, United States of America","State","http://aido.bsvgateway.org/api/locations/113309883/",39.917864177803,-86.2850936540549,39.917864177803,"Measles"
"261876995.1899",2005-06-05,2005-06-03,0,261876995,"39","261876995","P2D","http://aido.bsvgateway.org/api/locations/261876995/","Indiana","Indiana, United States of America","State","http://aido.bsvgateway.org/api/locations/113309883/",-86.2850936540549,-86.2850936540549,39.917864177803,"Measles"
"261876995.1900",2005-06-07,2005-06-05,3,261876995,"39","261876995","P2D","http://aido.bsvgateway.org/api/locations/261876995/","Indiana","Indiana, United States of America","State","http://aido.bsvgateway.org/api/locations/113309883/",39.917864177803,-86.2850936540549,39.917864177803,"Measles"
"261876995.1901",2005-06-09,2005-06-07,1,261876995,"39","261876995","P2D","http://aido.bsvgateway.org/api/locations/261876995/","Indiana","Indiana, United States of America","State","http://aido.bsvgateway.org/api/locations/113309883/",-86.2850936540549,-86.2850936540549,39.917864177803,"Measles"
"261876995.1902",2005-06-11,2005-06-09,5,261876995,"39","261876995","P2D","http://aido.bsvgateway.org/api/locations/261876995/","Indiana","Indiana, United States of America","State","http://aido.bsvgateway.org/api/locations/113309883/",39.917864177803,-86.2850936540549,39.917864177803,"Measles"
"261876995.1903",2005-06-13,2005-06-11,2,261876995,"39","261876995","P2D","http://aido.bsvgateway.org/api/locations/261876995/","Indiana","Indiana, United States of America","State","http://aido.bsvgateway.org/api/locations/113309883/",-86.2850936540549,-86.2850936540549,39.917864177803,"Measles"
"261876995.1904",2005-06-15,2005-06-13,0,261876995,"39","261876995","P2D","http://aido.bsvgateway.org/api/locations/261876995/","Indiana","Indiana, United States of America","State","http://aido.bsvgateway.org/api/locations/113309883/",39.917864177803,-86.2850936540549,39.917864177803,"Measles"
"261876995.1905",2005-06-17,2005-06-15,1,261876995,"39","261876995","P2D","http://aido.bsvgateway.org/api/locations/261876995/","Indiana","Indiana, United States of America","State","http://aido.bsvgateway.org/api/locations/113309883/",-86.2850936540549,-86.2850936540549,39.917864177803,"Measles"
"261876995.1906",2005-06-19,2005-06-17,0,261876995,"39","261876995","P2D","http://aido.bsvgateway.org/api/locations/261876995/","Indiana","Indiana, United States of America","State","http://aido.bsvgateway.org/api/locations/113309883/",39.917864177803,-86.2850936540549,39.917864177803,"Measles"
"261876995.1907",2005-06-21,2005-06-19,0,261876995,"39","261876995","P2D","http://aido.bsvgateway.org/api/locations/261876995/","Indiana","Indiana, United States of America","State","http://aido.bsvgateway.org/api/locations/113309883/",-86.2850936540549,-86.2850936540549,39.917864177803,"Measles"
"261876995.1908",2005-06-23,2005-06-21,1,261876995,"39","261876995","P2D","http://aido.bsvgateway.org/api/locations/261876995/","Indiana","Indiana, United States of America","State","http://aido.bsvgateway.org/api/locations/113309883/",39.917864177803,-86.2850936540549,39.917864177803,"Measles"
"261876995.1909",2005-06-25,2005-06-23,1,261876995,"39","261876995","P2D","http://aido.bsvgateway.org/api/locations/261876995/","Indiana","Indiana, United States of America","State","http://aido.bsvgateway.org/api/locations/113309883/",-86.2850936540549,-86.2850936540549,39.917864177803,"Measles"
