"","end","start","value","id","disease","location","duration","url","name","full_name","admin_level_name","parent","centroid_lat_long","longitude","latitude","disease_name"
"118355057.343",2016-03-06,2016-02-28,2,118355057,"51","118355057","P7D","http://aido.bsvgateway.org/api/locations/118355057/","Michigan","Michigan, United States of America","State","http://aido.bsvgateway.org/api/locations/113309883/",44.8751552773202,-85.737928476951,44.8751552773202,"Shigellosis"
"118355057.344",2016-03-13,2016-03-06,4,118355057,"51","118355057","P7D","http://aido.bsvgateway.org/api/locations/118355057/","Michigan","Michigan, United States of America","State","http://aido.bsvgateway.org/api/locations/113309883/",-85.737928476951,-85.737928476951,44.8751552773202,"Shigellosis"
"118355057.345",2016-03-20,2016-03-13,1,118355057,"51","118355057","P7D","http://aido.bsvgateway.org/api/locations/118355057/","Michigan","Michigan, United States of America","State","http://aido.bsvgateway.org/api/locations/113309883/",44.8751552773202,-85.737928476951,44.8751552773202,"Shigellosis"
"118355057.346",2016-03-27,2016-03-20,8,118355057,"51","118355057","P7D","http://aido.bsvgateway.org/api/locations/118355057/","Michigan","Michigan, United States of America","State","http://aido.bsvgateway.org/api/locations/113309883/",-85.737928476951,-85.737928476951,44.8751552773202,"Shigellosis"
"118355057.347",2016-04-03,2016-03-27,4,118355057,"51","118355057","P7D","http://aido.bsvgateway.org/api/locations/118355057/","Michigan","Michigan, United States of America","State","http://aido.bsvgateway.org/api/locations/113309883/",44.8751552773202,-85.737928476951,44.8751552773202,"Shigellosis"
"118355057.348",2016-04-10,2016-04-03,8,118355057,"51","118355057","P7D","http://aido.bsvgateway.org/api/locations/118355057/","Michigan","Michigan, United States of America","State","http://aido.bsvgateway.org/api/locations/113309883/",-85.737928476951,-85.737928476951,44.8751552773202,"Shigellosis"
"118355057.349",2016-04-17,2016-04-10,1,118355057,"51","118355057","P7D","http://aido.bsvgateway.org/api/locations/118355057/","Michigan","Michigan, United States of America","State","http://aido.bsvgateway.org/api/locations/113309883/",44.8751552773202,-85.737928476951,44.8751552773202,"Shigellosis"
"118355057.350",2016-04-24,2016-04-17,2,118355057,"51","118355057","P7D","http://aido.bsvgateway.org/api/locations/118355057/","Michigan","Michigan, United States of America","State","http://aido.bsvgateway.org/api/locations/113309883/",-85.737928476951,-85.737928476951,44.8751552773202,"Shigellosis"
"118355057.351",2016-05-01,2016-04-24,5,118355057,"51","118355057","P7D","http://aido.bsvgateway.org/api/locations/118355057/","Michigan","Michigan, United States of America","State","http://aido.bsvgateway.org/api/locations/113309883/",44.8751552773202,-85.737928476951,44.8751552773202,"Shigellosis"
"118355057.352",2016-05-08,2016-05-01,3,118355057,"51","118355057","P7D","http://aido.bsvgateway.org/api/locations/118355057/","Michigan","Michigan, United States of America","State","http://aido.bsvgateway.org/api/locations/113309883/",-85.737928476951,-85.737928476951,44.8751552773202,"Shigellosis"
"118355057.353",2016-05-15,2016-05-08,3,118355057,"51","118355057","P7D","http://aido.bsvgateway.org/api/locations/118355057/","Michigan","Michigan, United States of America","State","http://aido.bsvgateway.org/api/locations/113309883/",44.8751552773202,-85.737928476951,44.8751552773202,"Shigellosis"
"118355057.354",2016-05-22,2016-05-15,5,118355057,"51","118355057","P7D","http://aido.bsvgateway.org/api/locations/118355057/","Michigan","Michigan, United States of America","State","http://aido.bsvgateway.org/api/locations/113309883/",-85.737928476951,-85.737928476951,44.8751552773202,"Shigellosis"
"118355057.355",2016-05-29,2016-05-22,4,118355057,"51","118355057","P7D","http://aido.bsvgateway.org/api/locations/118355057/","Michigan","Michigan, United States of America","State","http://aido.bsvgateway.org/api/locations/113309883/",44.8751552773202,-85.737928476951,44.8751552773202,"Shigellosis"
"118355057.356",2016-06-05,2016-05-29,7,118355057,"51","118355057","P7D","http://aido.bsvgateway.org/api/locations/118355057/","Michigan","Michigan, United States of America","State","http://aido.bsvgateway.org/api/locations/113309883/",-85.737928476951,-85.737928476951,44.8751552773202,"Shigellosis"
"118355057.357",2016-06-12,2016-06-05,12,118355057,"51","118355057","P7D","http://aido.bsvgateway.org/api/locations/118355057/","Michigan","Michigan, United States of America","State","http://aido.bsvgateway.org/api/locations/113309883/",44.8751552773202,-85.737928476951,44.8751552773202,"Shigellosis"
"118355057.358",2016-06-19,2016-06-12,17,118355057,"51","118355057","P7D","http://aido.bsvgateway.org/api/locations/118355057/","Michigan","Michigan, United States of America","State","http://aido.bsvgateway.org/api/locations/113309883/",-85.737928476951,-85.737928476951,44.8751552773202,"Shigellosis"
"118355057.359",2016-06-26,2016-06-19,15,118355057,"51","118355057","P7D","http://aido.bsvgateway.org/api/locations/118355057/","Michigan","Michigan, United States of America","State","http://aido.bsvgateway.org/api/locations/113309883/",44.8751552773202,-85.737928476951,44.8751552773202,"Shigellosis"
"118355057.360",2016-07-03,2016-06-26,19,118355057,"51","118355057","P7D","http://aido.bsvgateway.org/api/locations/118355057/","Michigan","Michigan, United States of America","State","http://aido.bsvgateway.org/api/locations/113309883/",-85.737928476951,-85.737928476951,44.8751552773202,"Shigellosis"
"118355057.361",2016-07-10,2016-07-03,11,118355057,"51","118355057","P7D","http://aido.bsvgateway.org/api/locations/118355057/","Michigan","Michigan, United States of America","State","http://aido.bsvgateway.org/api/locations/113309883/",44.8751552773202,-85.737928476951,44.8751552773202,"Shigellosis"
"118355057.362",2016-07-17,2016-07-10,3,118355057,"51","118355057","P7D","http://aido.bsvgateway.org/api/locations/118355057/","Michigan","Michigan, United States of America","State","http://aido.bsvgateway.org/api/locations/113309883/",-85.737928476951,-85.737928476951,44.8751552773202,"Shigellosis"
"118355057.363",2016-07-24,2016-07-17,6,118355057,"51","118355057","P7D","http://aido.bsvgateway.org/api/locations/118355057/","Michigan","Michigan, United States of America","State","http://aido.bsvgateway.org/api/locations/113309883/",44.8751552773202,-85.737928476951,44.8751552773202,"Shigellosis"
"118355057.364",2016-07-31,2016-07-24,3,118355057,"51","118355057","P7D","http://aido.bsvgateway.org/api/locations/118355057/","Michigan","Michigan, United States of America","State","http://aido.bsvgateway.org/api/locations/113309883/",-85.737928476951,-85.737928476951,44.8751552773202,"Shigellosis"
"118355057.365",2016-08-07,2016-07-31,2,118355057,"51","118355057","P7D","http://aido.bsvgateway.org/api/locations/118355057/","Michigan","Michigan, United States of America","State","http://aido.bsvgateway.org/api/locations/113309883/",44.8751552773202,-85.737928476951,44.8751552773202,"Shigellosis"
"118355057.366",2016-08-14,2016-08-07,4,118355057,"51","118355057","P7D","http://aido.bsvgateway.org/api/locations/118355057/","Michigan","Michigan, United States of America","State","http://aido.bsvgateway.org/api/locations/113309883/",-85.737928476951,-85.737928476951,44.8751552773202,"Shigellosis"
"118355057.367",2016-08-21,2016-08-14,7,118355057,"51","118355057","P7D","http://aido.bsvgateway.org/api/locations/118355057/","Michigan","Michigan, United States of America","State","http://aido.bsvgateway.org/api/locations/113309883/",44.8751552773202,-85.737928476951,44.8751552773202,"Shigellosis"
"118355057.368",2016-08-28,2016-08-21,2,118355057,"51","118355057","P7D","http://aido.bsvgateway.org/api/locations/118355057/","Michigan","Michigan, United States of America","State","http://aido.bsvgateway.org/api/locations/113309883/",-85.737928476951,-85.737928476951,44.8751552773202,"Shigellosis"
"118355057.369",2016-09-04,2016-08-28,2,118355057,"51","118355057","P7D","http://aido.bsvgateway.org/api/locations/118355057/","Michigan","Michigan, United States of America","State","http://aido.bsvgateway.org/api/locations/113309883/",44.8751552773202,-85.737928476951,44.8751552773202,"Shigellosis"
"118355057.370",2016-09-11,2016-09-04,3,118355057,"51","118355057","P7D","http://aido.bsvgateway.org/api/locations/118355057/","Michigan","Michigan, United States of America","State","http://aido.bsvgateway.org/api/locations/113309883/",-85.737928476951,-85.737928476951,44.8751552773202,"Shigellosis"
"118355057.371",2016-09-18,2016-09-11,3,118355057,"51","118355057","P7D","http://aido.bsvgateway.org/api/locations/118355057/","Michigan","Michigan, United States of America","State","http://aido.bsvgateway.org/api/locations/113309883/",44.8751552773202,-85.737928476951,44.8751552773202,"Shigellosis"
"118355057.372",2016-09-25,2016-09-18,2,118355057,"51","118355057","P7D","http://aido.bsvgateway.org/api/locations/118355057/","Michigan","Michigan, United States of America","State","http://aido.bsvgateway.org/api/locations/113309883/",-85.737928476951,-85.737928476951,44.8751552773202,"Shigellosis"
"118355057.373",2016-10-02,2016-09-25,1,118355057,"51","118355057","P7D","http://aido.bsvgateway.org/api/locations/118355057/","Michigan","Michigan, United States of America","State","http://aido.bsvgateway.org/api/locations/113309883/",44.8751552773202,-85.737928476951,44.8751552773202,"Shigellosis"
"118355057.374",2016-10-09,2016-10-02,2,118355057,"51","118355057","P7D","http://aido.bsvgateway.org/api/locations/118355057/","Michigan","Michigan, United States of America","State","http://aido.bsvgateway.org/api/locations/113309883/",-85.737928476951,-85.737928476951,44.8751552773202,"Shigellosis"
"118355057.375",2016-10-16,2016-10-09,6,118355057,"51","118355057","P7D","http://aido.bsvgateway.org/api/locations/118355057/","Michigan","Michigan, United States of America","State","http://aido.bsvgateway.org/api/locations/113309883/",44.8751552773202,-85.737928476951,44.8751552773202,"Shigellosis"
"118355057.376",2016-10-23,2016-10-16,2,118355057,"51","118355057","P7D","http://aido.bsvgateway.org/api/locations/118355057/","Michigan","Michigan, United States of America","State","http://aido.bsvgateway.org/api/locations/113309883/",-85.737928476951,-85.737928476951,44.8751552773202,"Shigellosis"
"118355057.377",2016-10-30,2016-10-23,1,118355057,"51","118355057","P7D","http://aido.bsvgateway.org/api/locations/118355057/","Michigan","Michigan, United States of America","State","http://aido.bsvgateway.org/api/locations/113309883/",44.8751552773202,-85.737928476951,44.8751552773202,"Shigellosis"
"118355057.378",2016-11-06,2016-10-30,0,118355057,"51","118355057","P7D","http://aido.bsvgateway.org/api/locations/118355057/","Michigan","Michigan, United States of America","State","http://aido.bsvgateway.org/api/locations/113309883/",-85.737928476951,-85.737928476951,44.8751552773202,"Shigellosis"
"118355057.379",2016-11-13,2016-11-06,2,118355057,"51","118355057","P7D","http://aido.bsvgateway.org/api/locations/118355057/","Michigan","Michigan, United States of America","State","http://aido.bsvgateway.org/api/locations/113309883/",44.8751552773202,-85.737928476951,44.8751552773202,"Shigellosis"
"118355057.380",2016-11-20,2016-11-13,0,118355057,"51","118355057","P7D","http://aido.bsvgateway.org/api/locations/118355057/","Michigan","Michigan, United States of America","State","http://aido.bsvgateway.org/api/locations/113309883/",-85.737928476951,-85.737928476951,44.8751552773202,"Shigellosis"
"118355057.381",2016-11-27,2016-11-20,0,118355057,"51","118355057","P7D","http://aido.bsvgateway.org/api/locations/118355057/","Michigan","Michigan, United States of America","State","http://aido.bsvgateway.org/api/locations/113309883/",44.8751552773202,-85.737928476951,44.8751552773202,"Shigellosis"
"118355057.382",2016-12-04,2016-11-27,0,118355057,"51","118355057","P7D","http://aido.bsvgateway.org/api/locations/118355057/","Michigan","Michigan, United States of America","State","http://aido.bsvgateway.org/api/locations/113309883/",-85.737928476951,-85.737928476951,44.8751552773202,"Shigellosis"
"118355057.383",2016-12-11,2016-12-04,3,118355057,"51","118355057","P7D","http://aido.bsvgateway.org/api/locations/118355057/","Michigan","Michigan, United States of America","State","http://aido.bsvgateway.org/api/locations/113309883/",44.8751552773202,-85.737928476951,44.8751552773202,"Shigellosis"
