"","end","start","value","id","disease","location","duration","url","name","full_name","admin_level_name","parent","centroid_lat_long","longitude","latitude","disease_name"
"181572885.110",2001-06-06,2001-06-05,1,181572885,"31","181572885","P1D","http://aido.bsvgateway.org/api/locations/181572885/","France","France","Country","http://aido.bsvgateway.org/api/locations/216709393/",42.1801070051846,-2.75522114869556,42.1801070051846,"Leptospirosis"
"181572885.111",2001-06-07,2001-06-06,0,181572885,"31","181572885","P1D","http://aido.bsvgateway.org/api/locations/181572885/","France","France","Country","http://aido.bsvgateway.org/api/locations/216709393/",-2.75522114869557,-2.75522114869556,42.1801070051846,"Leptospirosis"
"181572885.112",2001-06-08,2001-06-07,0,181572885,"31","181572885","P1D","http://aido.bsvgateway.org/api/locations/181572885/","France","France","Country","http://aido.bsvgateway.org/api/locations/216709393/",42.1801070051846,-2.75522114869556,42.1801070051846,"Leptospirosis"
"181572885.113",2001-06-09,2001-06-08,1,181572885,"31","181572885","P1D","http://aido.bsvgateway.org/api/locations/181572885/","France","France","Country","http://aido.bsvgateway.org/api/locations/216709393/",-2.75522114869557,-2.75522114869556,42.1801070051846,"Leptospirosis"
"181572885.114",2001-06-10,2001-06-09,1,181572885,"31","181572885","P1D","http://aido.bsvgateway.org/api/locations/181572885/","France","France","Country","http://aido.bsvgateway.org/api/locations/216709393/",42.1801070051846,-2.75522114869556,42.1801070051846,"Leptospirosis"
"181572885.115",2001-06-11,2001-06-10,0,181572885,"31","181572885","P1D","http://aido.bsvgateway.org/api/locations/181572885/","France","France","Country","http://aido.bsvgateway.org/api/locations/216709393/",-2.75522114869557,-2.75522114869556,42.1801070051846,"Leptospirosis"
"181572885.116",2001-06-12,2001-06-11,0,181572885,"31","181572885","P1D","http://aido.bsvgateway.org/api/locations/181572885/","France","France","Country","http://aido.bsvgateway.org/api/locations/216709393/",42.1801070051846,-2.75522114869556,42.1801070051846,"Leptospirosis"
"181572885.117",2001-06-13,2001-06-12,2,181572885,"31","181572885","P1D","http://aido.bsvgateway.org/api/locations/181572885/","France","France","Country","http://aido.bsvgateway.org/api/locations/216709393/",-2.75522114869557,-2.75522114869556,42.1801070051846,"Leptospirosis"
