"","end","start","value","id","disease","location","duration","url","name","full_name","admin_level_name","parent","centroid_lat_long","longitude","latitude","disease_name"
"113309883.539",2006-01-14,2006-01-07,1,113309883,"67","113309883","P7D","http://aido.bsvgateway.org/api/locations/113309883/","United States of America","United States of America","Country","http://aido.bsvgateway.org/api/locations/71269652/",45.6881134999987,-112.49572628642,45.6881134999987,"Mumps"
"113309883.540",2006-01-21,2006-01-14,3,113309883,"67","113309883","P7D","http://aido.bsvgateway.org/api/locations/113309883/","United States of America","United States of America","Country","http://aido.bsvgateway.org/api/locations/71269652/",-112.49572628642,-112.49572628642,45.6881134999987,"Mumps"
"113309883.541",2006-01-28,2006-01-21,1,113309883,"67","113309883","P7D","http://aido.bsvgateway.org/api/locations/113309883/","United States of America","United States of America","Country","http://aido.bsvgateway.org/api/locations/71269652/",45.6881134999987,-112.49572628642,45.6881134999987,"Mumps"
"113309883.542",2006-02-04,2006-01-28,4,113309883,"67","113309883","P7D","http://aido.bsvgateway.org/api/locations/113309883/","United States of America","United States of America","Country","http://aido.bsvgateway.org/api/locations/71269652/",-112.49572628642,-112.49572628642,45.6881134999987,"Mumps"
"113309883.543",2006-02-11,2006-02-04,11,113309883,"67","113309883","P7D","http://aido.bsvgateway.org/api/locations/113309883/","United States of America","United States of America","Country","http://aido.bsvgateway.org/api/locations/71269652/",45.6881134999987,-112.49572628642,45.6881134999987,"Mumps"
"113309883.544",2006-02-18,2006-02-11,11,113309883,"67","113309883","P7D","http://aido.bsvgateway.org/api/locations/113309883/","United States of America","United States of America","Country","http://aido.bsvgateway.org/api/locations/71269652/",-112.49572628642,-112.49572628642,45.6881134999987,"Mumps"
"113309883.545",2006-02-25,2006-02-18,6,113309883,"67","113309883","P7D","http://aido.bsvgateway.org/api/locations/113309883/","United States of America","United States of America","Country","http://aido.bsvgateway.org/api/locations/71269652/",45.6881134999987,-112.49572628642,45.6881134999987,"Mumps"
"113309883.546",2006-03-04,2006-02-25,31,113309883,"67","113309883","P7D","http://aido.bsvgateway.org/api/locations/113309883/","United States of America","United States of America","Country","http://aido.bsvgateway.org/api/locations/71269652/",-112.49572628642,-112.49572628642,45.6881134999987,"Mumps"
"113309883.547",2006-03-11,2006-03-04,36,113309883,"67","113309883","P7D","http://aido.bsvgateway.org/api/locations/113309883/","United States of America","United States of America","Country","http://aido.bsvgateway.org/api/locations/71269652/",45.6881134999987,-112.49572628642,45.6881134999987,"Mumps"
"113309883.548",2006-03-18,2006-03-11,52,113309883,"67","113309883","P7D","http://aido.bsvgateway.org/api/locations/113309883/","United States of America","United States of America","Country","http://aido.bsvgateway.org/api/locations/71269652/",-112.49572628642,-112.49572628642,45.6881134999987,"Mumps"
"113309883.549",2006-03-25,2006-03-18,88,113309883,"67","113309883","P7D","http://aido.bsvgateway.org/api/locations/113309883/","United States of America","United States of America","Country","http://aido.bsvgateway.org/api/locations/71269652/",45.6881134999987,-112.49572628642,45.6881134999987,"Mumps"
"113309883.550",2006-04-01,2006-03-25,130,113309883,"67","113309883","P7D","http://aido.bsvgateway.org/api/locations/113309883/","United States of America","United States of America","Country","http://aido.bsvgateway.org/api/locations/71269652/",-112.49572628642,-112.49572628642,45.6881134999987,"Mumps"
"113309883.551",2006-04-08,2006-04-01,257,113309883,"67","113309883","P7D","http://aido.bsvgateway.org/api/locations/113309883/","United States of America","United States of America","Country","http://aido.bsvgateway.org/api/locations/71269652/",45.6881134999987,-112.49572628642,45.6881134999987,"Mumps"
"113309883.552",2006-04-15,2006-04-08,385,113309883,"67","113309883","P7D","http://aido.bsvgateway.org/api/locations/113309883/","United States of America","United States of America","Country","http://aido.bsvgateway.org/api/locations/71269652/",-112.49572628642,-112.49572628642,45.6881134999987,"Mumps"
"113309883.553",2006-04-22,2006-04-15,385,113309883,"67","113309883","P7D","http://aido.bsvgateway.org/api/locations/113309883/","United States of America","United States of America","Country","http://aido.bsvgateway.org/api/locations/71269652/",45.6881134999987,-112.49572628642,45.6881134999987,"Mumps"
"113309883.554",2006-04-29,2006-04-22,423,113309883,"67","113309883","P7D","http://aido.bsvgateway.org/api/locations/113309883/","United States of America","United States of America","Country","http://aido.bsvgateway.org/api/locations/71269652/",-112.49572628642,-112.49572628642,45.6881134999987,"Mumps"
"113309883.555",2006-05-06,2006-04-29,235,113309883,"67","113309883","P7D","http://aido.bsvgateway.org/api/locations/113309883/","United States of America","United States of America","Country","http://aido.bsvgateway.org/api/locations/71269652/",45.6881134999987,-112.49572628642,45.6881134999987,"Mumps"
"113309883.556",2009-08-02,2009-07-26,0,113309883,"67","113309883","P7D","http://aido.bsvgateway.org/api/locations/113309883/","United States of America","United States of America","Country","http://aido.bsvgateway.org/api/locations/71269652/",-112.49572628642,-112.49572628642,45.6881134999987,"Mumps"
"113309883.557",2009-08-09,2009-08-02,10,113309883,"67","113309883","P7D","http://aido.bsvgateway.org/api/locations/113309883/","United States of America","United States of America","Country","http://aido.bsvgateway.org/api/locations/71269652/",45.6881134999987,-112.49572628642,45.6881134999987,"Mumps"
"113309883.558",2009-08-16,2009-08-09,2,113309883,"67","113309883","P7D","http://aido.bsvgateway.org/api/locations/113309883/","United States of America","United States of America","Country","http://aido.bsvgateway.org/api/locations/71269652/",-112.49572628642,-112.49572628642,45.6881134999987,"Mumps"
"113309883.559",2009-08-23,2009-08-16,8,113309883,"67","113309883","P7D","http://aido.bsvgateway.org/api/locations/113309883/","United States of America","United States of America","Country","http://aido.bsvgateway.org/api/locations/71269652/",45.6881134999987,-112.49572628642,45.6881134999987,"Mumps"
"113309883.560",2009-08-30,2009-08-23,1,113309883,"67","113309883","P7D","http://aido.bsvgateway.org/api/locations/113309883/","United States of America","United States of America","Country","http://aido.bsvgateway.org/api/locations/71269652/",-112.49572628642,-112.49572628642,45.6881134999987,"Mumps"
"113309883.561",2009-09-06,2009-08-30,4,113309883,"67","113309883","P7D","http://aido.bsvgateway.org/api/locations/113309883/","United States of America","United States of America","Country","http://aido.bsvgateway.org/api/locations/71269652/",45.6881134999987,-112.49572628642,45.6881134999987,"Mumps"
"113309883.562",2009-09-13,2009-09-06,5,113309883,"67","113309883","P7D","http://aido.bsvgateway.org/api/locations/113309883/","United States of America","United States of America","Country","http://aido.bsvgateway.org/api/locations/71269652/",-112.49572628642,-112.49572628642,45.6881134999987,"Mumps"
"113309883.563",2009-09-20,2009-09-13,5,113309883,"67","113309883","P7D","http://aido.bsvgateway.org/api/locations/113309883/","United States of America","United States of America","Country","http://aido.bsvgateway.org/api/locations/71269652/",45.6881134999987,-112.49572628642,45.6881134999987,"Mumps"
"113309883.564",2009-09-27,2009-09-20,40,113309883,"67","113309883","P7D","http://aido.bsvgateway.org/api/locations/113309883/","United States of America","United States of America","Country","http://aido.bsvgateway.org/api/locations/71269652/",-112.49572628642,-112.49572628642,45.6881134999987,"Mumps"
"113309883.565",2009-10-04,2009-09-27,28,113309883,"67","113309883","P7D","http://aido.bsvgateway.org/api/locations/113309883/","United States of America","United States of America","Country","http://aido.bsvgateway.org/api/locations/71269652/",45.6881134999987,-112.49572628642,45.6881134999987,"Mumps"
"113309883.566",2009-10-11,2009-10-04,50,113309883,"67","113309883","P7D","http://aido.bsvgateway.org/api/locations/113309883/","United States of America","United States of America","Country","http://aido.bsvgateway.org/api/locations/71269652/",-112.49572628642,-112.49572628642,45.6881134999987,"Mumps"
"113309883.567",2009-10-18,2009-10-11,49,113309883,"67","113309883","P7D","http://aido.bsvgateway.org/api/locations/113309883/","United States of America","United States of America","Country","http://aido.bsvgateway.org/api/locations/71269652/",45.6881134999987,-112.49572628642,45.6881134999987,"Mumps"
"113309883.568",2009-10-25,2009-10-18,48,113309883,"67","113309883","P7D","http://aido.bsvgateway.org/api/locations/113309883/","United States of America","United States of America","Country","http://aido.bsvgateway.org/api/locations/71269652/",-112.49572628642,-112.49572628642,45.6881134999987,"Mumps"
"113309883.569",2009-11-01,2009-10-25,91,113309883,"67","113309883","P7D","http://aido.bsvgateway.org/api/locations/113309883/","United States of America","United States of America","Country","http://aido.bsvgateway.org/api/locations/71269652/",45.6881134999987,-112.49572628642,45.6881134999987,"Mumps"
"113309883.570",2009-11-08,2009-11-01,116,113309883,"67","113309883","P7D","http://aido.bsvgateway.org/api/locations/113309883/","United States of America","United States of America","Country","http://aido.bsvgateway.org/api/locations/71269652/",-112.49572628642,-112.49572628642,45.6881134999987,"Mumps"
"113309883.571",2009-11-15,2009-11-08,156,113309883,"67","113309883","P7D","http://aido.bsvgateway.org/api/locations/113309883/","United States of America","United States of America","Country","http://aido.bsvgateway.org/api/locations/71269652/",45.6881134999987,-112.49572628642,45.6881134999987,"Mumps"
"113309883.572",2009-11-22,2009-11-15,179,113309883,"67","113309883","P7D","http://aido.bsvgateway.org/api/locations/113309883/","United States of America","United States of America","Country","http://aido.bsvgateway.org/api/locations/71269652/",-112.49572628642,-112.49572628642,45.6881134999987,"Mumps"
"113309883.573",2009-11-29,2009-11-22,141,113309883,"67","113309883","P7D","http://aido.bsvgateway.org/api/locations/113309883/","United States of America","United States of America","Country","http://aido.bsvgateway.org/api/locations/71269652/",45.6881134999987,-112.49572628642,45.6881134999987,"Mumps"
"113309883.574",2009-12-06,2009-11-29,189,113309883,"67","113309883","P7D","http://aido.bsvgateway.org/api/locations/113309883/","United States of America","United States of America","Country","http://aido.bsvgateway.org/api/locations/71269652/",-112.49572628642,-112.49572628642,45.6881134999987,"Mumps"
"113309883.575",2009-12-13,2009-12-06,161,113309883,"67","113309883","P7D","http://aido.bsvgateway.org/api/locations/113309883/","United States of America","United States of America","Country","http://aido.bsvgateway.org/api/locations/71269652/",45.6881134999987,-112.49572628642,45.6881134999987,"Mumps"
"113309883.576",2009-12-20,2009-12-13,195,113309883,"67","113309883","P7D","http://aido.bsvgateway.org/api/locations/113309883/","United States of America","United States of America","Country","http://aido.bsvgateway.org/api/locations/71269652/",-112.49572628642,-112.49572628642,45.6881134999987,"Mumps"
"113309883.577",2009-12-27,2009-12-20,179,113309883,"67","113309883","P7D","http://aido.bsvgateway.org/api/locations/113309883/","United States of America","United States of America","Country","http://aido.bsvgateway.org/api/locations/71269652/",45.6881134999987,-112.49572628642,45.6881134999987,"Mumps"
"113309883.578",2010-01-03,2009-12-27,192,113309883,"67","113309883","P7D","http://aido.bsvgateway.org/api/locations/113309883/","United States of America","United States of America","Country","http://aido.bsvgateway.org/api/locations/71269652/",-112.49572628642,-112.49572628642,45.6881134999987,"Mumps"
"113309883.579",2010-01-10,2010-01-03,175,113309883,"67","113309883","P7D","http://aido.bsvgateway.org/api/locations/113309883/","United States of America","United States of America","Country","http://aido.bsvgateway.org/api/locations/71269652/",45.6881134999987,-112.49572628642,45.6881134999987,"Mumps"
"113309883.580",2010-01-17,2010-01-10,167,113309883,"67","113309883","P7D","http://aido.bsvgateway.org/api/locations/113309883/","United States of America","United States of America","Country","http://aido.bsvgateway.org/api/locations/71269652/",-112.49572628642,-112.49572628642,45.6881134999987,"Mumps"
"113309883.581",2010-01-24,2010-01-17,178,113309883,"67","113309883","P7D","http://aido.bsvgateway.org/api/locations/113309883/","United States of America","United States of America","Country","http://aido.bsvgateway.org/api/locations/71269652/",45.6881134999987,-112.49572628642,45.6881134999987,"Mumps"
"113309883.582",2010-01-31,2010-01-24,129,113309883,"67","113309883","P7D","http://aido.bsvgateway.org/api/locations/113309883/","United States of America","United States of America","Country","http://aido.bsvgateway.org/api/locations/71269652/",-112.49572628642,-112.49572628642,45.6881134999987,"Mumps"
"113309883.583",2010-02-07,2010-01-31,123,113309883,"67","113309883","P7D","http://aido.bsvgateway.org/api/locations/113309883/","United States of America","United States of America","Country","http://aido.bsvgateway.org/api/locations/71269652/",45.6881134999987,-112.49572628642,45.6881134999987,"Mumps"
"113309883.584",2010-02-14,2010-02-07,104,113309883,"67","113309883","P7D","http://aido.bsvgateway.org/api/locations/113309883/","United States of America","United States of America","Country","http://aido.bsvgateway.org/api/locations/71269652/",-112.49572628642,-112.49572628642,45.6881134999987,"Mumps"
"113309883.585",2010-02-21,2010-02-14,127,113309883,"67","113309883","P7D","http://aido.bsvgateway.org/api/locations/113309883/","United States of America","United States of America","Country","http://aido.bsvgateway.org/api/locations/71269652/",45.6881134999987,-112.49572628642,45.6881134999987,"Mumps"
"113309883.586",2010-02-28,2010-02-21,77,113309883,"67","113309883","P7D","http://aido.bsvgateway.org/api/locations/113309883/","United States of America","United States of America","Country","http://aido.bsvgateway.org/api/locations/71269652/",-112.49572628642,-112.49572628642,45.6881134999987,"Mumps"
"113309883.587",2010-03-07,2010-02-28,82,113309883,"67","113309883","P7D","http://aido.bsvgateway.org/api/locations/113309883/","United States of America","United States of America","Country","http://aido.bsvgateway.org/api/locations/71269652/",45.6881134999987,-112.49572628642,45.6881134999987,"Mumps"
"113309883.588",2010-03-14,2010-03-07,72,113309883,"67","113309883","P7D","http://aido.bsvgateway.org/api/locations/113309883/","United States of America","United States of America","Country","http://aido.bsvgateway.org/api/locations/71269652/",-112.49572628642,-112.49572628642,45.6881134999987,"Mumps"
"113309883.589",2010-03-21,2010-03-14,66,113309883,"67","113309883","P7D","http://aido.bsvgateway.org/api/locations/113309883/","United States of America","United States of America","Country","http://aido.bsvgateway.org/api/locations/71269652/",45.6881134999987,-112.49572628642,45.6881134999987,"Mumps"
"113309883.590",2010-03-28,2010-03-21,58,113309883,"67","113309883","P7D","http://aido.bsvgateway.org/api/locations/113309883/","United States of America","United States of America","Country","http://aido.bsvgateway.org/api/locations/71269652/",-112.49572628642,-112.49572628642,45.6881134999987,"Mumps"
"113309883.591",2010-04-04,2010-03-28,38,113309883,"67","113309883","P7D","http://aido.bsvgateway.org/api/locations/113309883/","United States of America","United States of America","Country","http://aido.bsvgateway.org/api/locations/71269652/",45.6881134999987,-112.49572628642,45.6881134999987,"Mumps"
"113309883.592",2010-04-11,2010-04-04,39,113309883,"67","113309883","P7D","http://aido.bsvgateway.org/api/locations/113309883/","United States of America","United States of America","Country","http://aido.bsvgateway.org/api/locations/71269652/",-112.49572628642,-112.49572628642,45.6881134999987,"Mumps"
"113309883.593",2010-04-18,2010-04-11,42,113309883,"67","113309883","P7D","http://aido.bsvgateway.org/api/locations/113309883/","United States of America","United States of America","Country","http://aido.bsvgateway.org/api/locations/71269652/",45.6881134999987,-112.49572628642,45.6881134999987,"Mumps"
"113309883.594",2010-04-25,2010-04-18,26,113309883,"67","113309883","P7D","http://aido.bsvgateway.org/api/locations/113309883/","United States of America","United States of America","Country","http://aido.bsvgateway.org/api/locations/71269652/",-112.49572628642,-112.49572628642,45.6881134999987,"Mumps"
"113309883.595",2010-05-02,2010-04-25,29,113309883,"67","113309883","P7D","http://aido.bsvgateway.org/api/locations/113309883/","United States of America","United States of America","Country","http://aido.bsvgateway.org/api/locations/71269652/",45.6881134999987,-112.49572628642,45.6881134999987,"Mumps"
"113309883.596",2010-05-09,2010-05-02,25,113309883,"67","113309883","P7D","http://aido.bsvgateway.org/api/locations/113309883/","United States of America","United States of America","Country","http://aido.bsvgateway.org/api/locations/71269652/",-112.49572628642,-112.49572628642,45.6881134999987,"Mumps"
"113309883.597",2010-05-16,2010-05-09,24,113309883,"67","113309883","P7D","http://aido.bsvgateway.org/api/locations/113309883/","United States of America","United States of America","Country","http://aido.bsvgateway.org/api/locations/71269652/",45.6881134999987,-112.49572628642,45.6881134999987,"Mumps"
"113309883.598",2010-05-23,2010-05-16,20,113309883,"67","113309883","P7D","http://aido.bsvgateway.org/api/locations/113309883/","United States of America","United States of America","Country","http://aido.bsvgateway.org/api/locations/71269652/",-112.49572628642,-112.49572628642,45.6881134999987,"Mumps"
"113309883.599",2010-05-30,2010-05-23,11,113309883,"67","113309883","P7D","http://aido.bsvgateway.org/api/locations/113309883/","United States of America","United States of America","Country","http://aido.bsvgateway.org/api/locations/71269652/",45.6881134999987,-112.49572628642,45.6881134999987,"Mumps"
"113309883.600",2010-06-06,2010-05-30,10,113309883,"67","113309883","P7D","http://aido.bsvgateway.org/api/locations/113309883/","United States of America","United States of America","Country","http://aido.bsvgateway.org/api/locations/71269652/",-112.49572628642,-112.49572628642,45.6881134999987,"Mumps"
"113309883.601",2010-06-13,2010-06-06,14,113309883,"67","113309883","P7D","http://aido.bsvgateway.org/api/locations/113309883/","United States of America","United States of America","Country","http://aido.bsvgateway.org/api/locations/71269652/",45.6881134999987,-112.49572628642,45.6881134999987,"Mumps"
"113309883.602",2010-06-20,2010-06-13,10,113309883,"67","113309883","P7D","http://aido.bsvgateway.org/api/locations/113309883/","United States of America","United States of America","Country","http://aido.bsvgateway.org/api/locations/71269652/",-112.49572628642,-112.49572628642,45.6881134999987,"Mumps"
"113309883.603",2010-06-27,2010-06-20,9,113309883,"67","113309883","P7D","http://aido.bsvgateway.org/api/locations/113309883/","United States of America","United States of America","Country","http://aido.bsvgateway.org/api/locations/71269652/",45.6881134999987,-112.49572628642,45.6881134999987,"Mumps"
"113309883.604",2010-07-04,2010-06-27,0,113309883,"67","113309883","P7D","http://aido.bsvgateway.org/api/locations/113309883/","United States of America","United States of America","Country","http://aido.bsvgateway.org/api/locations/71269652/",-112.49572628642,-112.49572628642,45.6881134999987,"Mumps"
