"","end","start","value","id","disease","location","duration","url","name","full_name","admin_level_name","parent","centroid_lat_long","longitude","latitude","disease_name"
"127751683.477",1976-08-01,1976-07-01,8,127751683,"28","127751683","P1M","http://aido.bsvgateway.org/api/locations/127751683/","Sudan","Sudan","Country","http://aido.bsvgateway.org/api/locations/93632501/",15.9868811567361,29.9396178118809,15.9868811567361,"Ebola"
"127751683.478",1976-09-01,1976-08-01,30,127751683,"28","127751683","P1M","http://aido.bsvgateway.org/api/locations/127751683/","Sudan","Sudan","Country","http://aido.bsvgateway.org/api/locations/93632501/",29.9396178118809,29.9396178118809,15.9868811567361,"Ebola"
"127751683.479",1976-10-01,1976-09-01,138,127751683,"28","127751683","P1M","http://aido.bsvgateway.org/api/locations/127751683/","Sudan","Sudan","Country","http://aido.bsvgateway.org/api/locations/93632501/",15.9868811567361,29.9396178118809,15.9868811567361,"Ebola"
"127751683.480",1976-11-01,1976-10-01,84,127751683,"28","127751683","P1M","http://aido.bsvgateway.org/api/locations/127751683/","Sudan","Sudan","Country","http://aido.bsvgateway.org/api/locations/93632501/",29.9396178118809,29.9396178118809,15.9868811567361,"Ebola"
"127751683.481",1976-12-01,1976-11-01,20,127751683,"28","127751683","P1M","http://aido.bsvgateway.org/api/locations/127751683/","Sudan","Sudan","Country","http://aido.bsvgateway.org/api/locations/93632501/",15.9868811567361,29.9396178118809,15.9868811567361,"Ebola"
"127751683.482",1979-08-02,1979-07-30,1,127751683,"28","127751683","P3D","http://aido.bsvgateway.org/api/locations/127751683/","Sudan","Sudan","Country","http://aido.bsvgateway.org/api/locations/93632501/",29.9396178118809,29.9396178118809,15.9868811567361,"Ebola"
"127751683.483",1979-08-05,1979-08-02,0,127751683,"28","127751683","P3D","http://aido.bsvgateway.org/api/locations/127751683/","Sudan","Sudan","Country","http://aido.bsvgateway.org/api/locations/93632501/",15.9868811567361,29.9396178118809,15.9868811567361,"Ebola"
"127751683.484",1979-08-08,1979-08-05,0,127751683,"28","127751683","P3D","http://aido.bsvgateway.org/api/locations/127751683/","Sudan","Sudan","Country","http://aido.bsvgateway.org/api/locations/93632501/",29.9396178118809,29.9396178118809,15.9868811567361,"Ebola"
"127751683.485",1979-08-11,1979-08-08,3,127751683,"28","127751683","P3D","http://aido.bsvgateway.org/api/locations/127751683/","Sudan","Sudan","Country","http://aido.bsvgateway.org/api/locations/93632501/",15.9868811567361,29.9396178118809,15.9868811567361,"Ebola"
"127751683.486",1979-08-14,1979-08-11,2,127751683,"28","127751683","P3D","http://aido.bsvgateway.org/api/locations/127751683/","Sudan","Sudan","Country","http://aido.bsvgateway.org/api/locations/93632501/",29.9396178118809,29.9396178118809,15.9868811567361,"Ebola"
"127751683.487",1979-08-17,1979-08-14,3,127751683,"28","127751683","P3D","http://aido.bsvgateway.org/api/locations/127751683/","Sudan","Sudan","Country","http://aido.bsvgateway.org/api/locations/93632501/",15.9868811567361,29.9396178118809,15.9868811567361,"Ebola"
"127751683.488",1979-08-20,1979-08-17,3,127751683,"28","127751683","P3D","http://aido.bsvgateway.org/api/locations/127751683/","Sudan","Sudan","Country","http://aido.bsvgateway.org/api/locations/93632501/",29.9396178118809,29.9396178118809,15.9868811567361,"Ebola"
"127751683.489",1979-08-23,1979-08-20,3,127751683,"28","127751683","P3D","http://aido.bsvgateway.org/api/locations/127751683/","Sudan","Sudan","Country","http://aido.bsvgateway.org/api/locations/93632501/",15.9868811567361,29.9396178118809,15.9868811567361,"Ebola"
"127751683.490",1979-08-26,1979-08-23,0,127751683,"28","127751683","P3D","http://aido.bsvgateway.org/api/locations/127751683/","Sudan","Sudan","Country","http://aido.bsvgateway.org/api/locations/93632501/",29.9396178118809,29.9396178118809,15.9868811567361,"Ebola"
"127751683.491",1979-08-29,1979-08-26,1,127751683,"28","127751683","P3D","http://aido.bsvgateway.org/api/locations/127751683/","Sudan","Sudan","Country","http://aido.bsvgateway.org/api/locations/93632501/",15.9868811567361,29.9396178118809,15.9868811567361,"Ebola"
"127751683.492",1979-09-01,1979-08-29,0,127751683,"28","127751683","P3D","http://aido.bsvgateway.org/api/locations/127751683/","Sudan","Sudan","Country","http://aido.bsvgateway.org/api/locations/93632501/",29.9396178118809,29.9396178118809,15.9868811567361,"Ebola"
"127751683.493",1979-09-04,1979-09-01,3,127751683,"28","127751683","P3D","http://aido.bsvgateway.org/api/locations/127751683/","Sudan","Sudan","Country","http://aido.bsvgateway.org/api/locations/93632501/",15.9868811567361,29.9396178118809,15.9868811567361,"Ebola"
"127751683.494",1979-09-07,1979-09-04,0,127751683,"28","127751683","P3D","http://aido.bsvgateway.org/api/locations/127751683/","Sudan","Sudan","Country","http://aido.bsvgateway.org/api/locations/93632501/",29.9396178118809,29.9396178118809,15.9868811567361,"Ebola"
"127751683.495",1979-09-10,1979-09-07,4,127751683,"28","127751683","P3D","http://aido.bsvgateway.org/api/locations/127751683/","Sudan","Sudan","Country","http://aido.bsvgateway.org/api/locations/93632501/",15.9868811567361,29.9396178118809,15.9868811567361,"Ebola"
"127751683.496",1979-09-13,1979-09-10,2,127751683,"28","127751683","P3D","http://aido.bsvgateway.org/api/locations/127751683/","Sudan","Sudan","Country","http://aido.bsvgateway.org/api/locations/93632501/",29.9396178118809,29.9396178118809,15.9868811567361,"Ebola"
"127751683.497",1979-09-16,1979-09-13,2,127751683,"28","127751683","P3D","http://aido.bsvgateway.org/api/locations/127751683/","Sudan","Sudan","Country","http://aido.bsvgateway.org/api/locations/93632501/",15.9868811567361,29.9396178118809,15.9868811567361,"Ebola"
"127751683.498",1979-09-19,1979-09-16,2,127751683,"28","127751683","P3D","http://aido.bsvgateway.org/api/locations/127751683/","Sudan","Sudan","Country","http://aido.bsvgateway.org/api/locations/93632501/",29.9396178118809,29.9396178118809,15.9868811567361,"Ebola"
"127751683.499",1979-09-22,1979-09-19,1,127751683,"28","127751683","P3D","http://aido.bsvgateway.org/api/locations/127751683/","Sudan","Sudan","Country","http://aido.bsvgateway.org/api/locations/93632501/",15.9868811567361,29.9396178118809,15.9868811567361,"Ebola"
"127751683.500",1979-09-25,1979-09-22,2,127751683,"28","127751683","P3D","http://aido.bsvgateway.org/api/locations/127751683/","Sudan","Sudan","Country","http://aido.bsvgateway.org/api/locations/93632501/",29.9396178118809,29.9396178118809,15.9868811567361,"Ebola"
"127751683.501",1979-09-28,1979-09-25,1,127751683,"28","127751683","P3D","http://aido.bsvgateway.org/api/locations/127751683/","Sudan","Sudan","Country","http://aido.bsvgateway.org/api/locations/93632501/",15.9868811567361,29.9396178118809,15.9868811567361,"Ebola"
"127751683.502",1979-10-01,1979-09-28,0,127751683,"28","127751683","P3D","http://aido.bsvgateway.org/api/locations/127751683/","Sudan","Sudan","Country","http://aido.bsvgateway.org/api/locations/93632501/",29.9396178118809,29.9396178118809,15.9868811567361,"Ebola"
"127751683.503",1979-10-04,1979-10-01,0,127751683,"28","127751683","P3D","http://aido.bsvgateway.org/api/locations/127751683/","Sudan","Sudan","Country","http://aido.bsvgateway.org/api/locations/93632501/",15.9868811567361,29.9396178118809,15.9868811567361,"Ebola"
"127751683.504",1979-10-07,1979-10-04,1,127751683,"28","127751683","P3D","http://aido.bsvgateway.org/api/locations/127751683/","Sudan","Sudan","Country","http://aido.bsvgateway.org/api/locations/93632501/",29.9396178118809,29.9396178118809,15.9868811567361,"Ebola"
