"","end","start","value","id","disease","location","duration","url","name","full_name","admin_level_name","parent","centroid_lat_long","longitude","latitude","disease_name"
"241817553.72",1982-03-23,1982-03-16,3,241817553,"38","241817553","P7D","http://aido.bsvgateway.org/api/locations/241817553/","Italy","Italy","Country","http://aido.bsvgateway.org/api/locations/216709393/",42.7864339963678,12.0719070927293,42.7864339963678,"Tularemia"
"241817553.73",1982-03-30,1982-03-23,12,241817553,"38","241817553","P7D","http://aido.bsvgateway.org/api/locations/241817553/","Italy","Italy","Country","http://aido.bsvgateway.org/api/locations/216709393/",12.0719070927293,12.0719070927293,42.7864339963678,"Tularemia"
"241817553.74",1982-04-06,1982-03-30,25,241817553,"38","241817553","P7D","http://aido.bsvgateway.org/api/locations/241817553/","Italy","Italy","Country","http://aido.bsvgateway.org/api/locations/216709393/",42.7864339963678,12.0719070927293,42.7864339963678,"Tularemia"
"241817553.75",1982-04-13,1982-04-06,9,241817553,"38","241817553","P7D","http://aido.bsvgateway.org/api/locations/241817553/","Italy","Italy","Country","http://aido.bsvgateway.org/api/locations/216709393/",12.0719070927293,12.0719070927293,42.7864339963678,"Tularemia"
"241817553.76",1982-04-20,1982-04-13,1,241817553,"38","241817553","P7D","http://aido.bsvgateway.org/api/locations/241817553/","Italy","Italy","Country","http://aido.bsvgateway.org/api/locations/216709393/",42.7864339963678,12.0719070927293,42.7864339963678,"Tularemia"
