"","end","start","value","id","disease","location","duration","url","name","full_name","admin_level_name","parent","centroid_lat_long","longitude","latitude","disease_name"
"176291010.360",2005-01-26,2005-01-25,1,176291010,"31","176291010","P1D","http://aido.bsvgateway.org/api/locations/176291010/","Guyana","Guyana","Country","http://aido.bsvgateway.org/api/locations/13410479/",4.79346200458713,-58.9801146897155,4.79346200458713,"Leptospirosis"
"176291010.361",2005-01-27,2005-01-26,1,176291010,"31","176291010","P1D","http://aido.bsvgateway.org/api/locations/176291010/","Guyana","Guyana","Country","http://aido.bsvgateway.org/api/locations/13410479/",-58.9801146897155,-58.9801146897155,4.79346200458713,"Leptospirosis"
"176291010.362",2005-01-28,2005-01-27,4,176291010,"31","176291010","P1D","http://aido.bsvgateway.org/api/locations/176291010/","Guyana","Guyana","Country","http://aido.bsvgateway.org/api/locations/13410479/",4.79346200458713,-58.9801146897155,4.79346200458713,"Leptospirosis"
"176291010.363",2005-01-29,2005-01-28,0,176291010,"31","176291010","P1D","http://aido.bsvgateway.org/api/locations/176291010/","Guyana","Guyana","Country","http://aido.bsvgateway.org/api/locations/13410479/",-58.9801146897155,-58.9801146897155,4.79346200458713,"Leptospirosis"
"176291010.364",2005-01-30,2005-01-29,0,176291010,"31","176291010","P1D","http://aido.bsvgateway.org/api/locations/176291010/","Guyana","Guyana","Country","http://aido.bsvgateway.org/api/locations/13410479/",4.79346200458713,-58.9801146897155,4.79346200458713,"Leptospirosis"
"176291010.365",2005-01-31,2005-01-30,4,176291010,"31","176291010","P1D","http://aido.bsvgateway.org/api/locations/176291010/","Guyana","Guyana","Country","http://aido.bsvgateway.org/api/locations/13410479/",-58.9801146897155,-58.9801146897155,4.79346200458713,"Leptospirosis"
"176291010.366",2005-02-01,2005-01-31,9,176291010,"31","176291010","P1D","http://aido.bsvgateway.org/api/locations/176291010/","Guyana","Guyana","Country","http://aido.bsvgateway.org/api/locations/13410479/",4.79346200458713,-58.9801146897155,4.79346200458713,"Leptospirosis"
"176291010.367",2005-02-02,2005-02-01,9,176291010,"31","176291010","P1D","http://aido.bsvgateway.org/api/locations/176291010/","Guyana","Guyana","Country","http://aido.bsvgateway.org/api/locations/13410479/",-58.9801146897155,-58.9801146897155,4.79346200458713,"Leptospirosis"
"176291010.368",2005-02-03,2005-02-02,18,176291010,"31","176291010","P1D","http://aido.bsvgateway.org/api/locations/176291010/","Guyana","Guyana","Country","http://aido.bsvgateway.org/api/locations/13410479/",4.79346200458713,-58.9801146897155,4.79346200458713,"Leptospirosis"
"176291010.369",2005-02-04,2005-02-03,26,176291010,"31","176291010","P1D","http://aido.bsvgateway.org/api/locations/176291010/","Guyana","Guyana","Country","http://aido.bsvgateway.org/api/locations/13410479/",-58.9801146897155,-58.9801146897155,4.79346200458713,"Leptospirosis"
"176291010.370",2005-02-05,2005-02-04,15,176291010,"31","176291010","P1D","http://aido.bsvgateway.org/api/locations/176291010/","Guyana","Guyana","Country","http://aido.bsvgateway.org/api/locations/13410479/",4.79346200458713,-58.9801146897155,4.79346200458713,"Leptospirosis"
"176291010.371",2005-02-06,2005-02-05,11,176291010,"31","176291010","P1D","http://aido.bsvgateway.org/api/locations/176291010/","Guyana","Guyana","Country","http://aido.bsvgateway.org/api/locations/13410479/",-58.9801146897155,-58.9801146897155,4.79346200458713,"Leptospirosis"
"176291010.372",2005-02-07,2005-02-06,8,176291010,"31","176291010","P1D","http://aido.bsvgateway.org/api/locations/176291010/","Guyana","Guyana","Country","http://aido.bsvgateway.org/api/locations/13410479/",4.79346200458713,-58.9801146897155,4.79346200458713,"Leptospirosis"
"176291010.373",2005-02-08,2005-02-07,11,176291010,"31","176291010","P1D","http://aido.bsvgateway.org/api/locations/176291010/","Guyana","Guyana","Country","http://aido.bsvgateway.org/api/locations/13410479/",-58.9801146897155,-58.9801146897155,4.79346200458713,"Leptospirosis"
"176291010.374",2005-02-09,2005-02-08,19,176291010,"31","176291010","P1D","http://aido.bsvgateway.org/api/locations/176291010/","Guyana","Guyana","Country","http://aido.bsvgateway.org/api/locations/13410479/",4.79346200458713,-58.9801146897155,4.79346200458713,"Leptospirosis"
"176291010.375",2005-02-10,2005-02-09,5,176291010,"31","176291010","P1D","http://aido.bsvgateway.org/api/locations/176291010/","Guyana","Guyana","Country","http://aido.bsvgateway.org/api/locations/13410479/",-58.9801146897155,-58.9801146897155,4.79346200458713,"Leptospirosis"
"176291010.376",2005-02-11,2005-02-10,11,176291010,"31","176291010","P1D","http://aido.bsvgateway.org/api/locations/176291010/","Guyana","Guyana","Country","http://aido.bsvgateway.org/api/locations/13410479/",4.79346200458713,-58.9801146897155,4.79346200458713,"Leptospirosis"
"176291010.377",2005-02-12,2005-02-11,9,176291010,"31","176291010","P1D","http://aido.bsvgateway.org/api/locations/176291010/","Guyana","Guyana","Country","http://aido.bsvgateway.org/api/locations/13410479/",-58.9801146897155,-58.9801146897155,4.79346200458713,"Leptospirosis"
"176291010.378",2005-02-13,2005-02-12,9,176291010,"31","176291010","P1D","http://aido.bsvgateway.org/api/locations/176291010/","Guyana","Guyana","Country","http://aido.bsvgateway.org/api/locations/13410479/",4.79346200458713,-58.9801146897155,4.79346200458713,"Leptospirosis"
"176291010.379",2005-02-14,2005-02-13,5,176291010,"31","176291010","P1D","http://aido.bsvgateway.org/api/locations/176291010/","Guyana","Guyana","Country","http://aido.bsvgateway.org/api/locations/13410479/",-58.9801146897155,-58.9801146897155,4.79346200458713,"Leptospirosis"
"176291010.380",2005-02-15,2005-02-14,6,176291010,"31","176291010","P1D","http://aido.bsvgateway.org/api/locations/176291010/","Guyana","Guyana","Country","http://aido.bsvgateway.org/api/locations/13410479/",4.79346200458713,-58.9801146897155,4.79346200458713,"Leptospirosis"
"176291010.381",2005-02-16,2005-02-15,11,176291010,"31","176291010","P1D","http://aido.bsvgateway.org/api/locations/176291010/","Guyana","Guyana","Country","http://aido.bsvgateway.org/api/locations/13410479/",-58.9801146897155,-58.9801146897155,4.79346200458713,"Leptospirosis"
"176291010.382",2005-02-17,2005-02-16,5,176291010,"31","176291010","P1D","http://aido.bsvgateway.org/api/locations/176291010/","Guyana","Guyana","Country","http://aido.bsvgateway.org/api/locations/13410479/",4.79346200458713,-58.9801146897155,4.79346200458713,"Leptospirosis"
"176291010.383",2005-02-18,2005-02-17,7,176291010,"31","176291010","P1D","http://aido.bsvgateway.org/api/locations/176291010/","Guyana","Guyana","Country","http://aido.bsvgateway.org/api/locations/13410479/",-58.9801146897155,-58.9801146897155,4.79346200458713,"Leptospirosis"
"176291010.384",2005-02-19,2005-02-18,5,176291010,"31","176291010","P1D","http://aido.bsvgateway.org/api/locations/176291010/","Guyana","Guyana","Country","http://aido.bsvgateway.org/api/locations/13410479/",4.79346200458713,-58.9801146897155,4.79346200458713,"Leptospirosis"
"176291010.385",2005-02-20,2005-02-19,2,176291010,"31","176291010","P1D","http://aido.bsvgateway.org/api/locations/176291010/","Guyana","Guyana","Country","http://aido.bsvgateway.org/api/locations/13410479/",-58.9801146897155,-58.9801146897155,4.79346200458713,"Leptospirosis"
"176291010.386",2005-02-21,2005-02-20,1,176291010,"31","176291010","P1D","http://aido.bsvgateway.org/api/locations/176291010/","Guyana","Guyana","Country","http://aido.bsvgateway.org/api/locations/13410479/",4.79346200458713,-58.9801146897155,4.79346200458713,"Leptospirosis"
"176291010.387",2005-02-22,2005-02-21,3,176291010,"31","176291010","P1D","http://aido.bsvgateway.org/api/locations/176291010/","Guyana","Guyana","Country","http://aido.bsvgateway.org/api/locations/13410479/",-58.9801146897155,-58.9801146897155,4.79346200458713,"Leptospirosis"
"176291010.388",2005-02-23,2005-02-22,1,176291010,"31","176291010","P1D","http://aido.bsvgateway.org/api/locations/176291010/","Guyana","Guyana","Country","http://aido.bsvgateway.org/api/locations/13410479/",4.79346200458713,-58.9801146897155,4.79346200458713,"Leptospirosis"
"176291010.389",2005-02-24,2005-02-23,0,176291010,"31","176291010","P1D","http://aido.bsvgateway.org/api/locations/176291010/","Guyana","Guyana","Country","http://aido.bsvgateway.org/api/locations/13410479/",-58.9801146897155,-58.9801146897155,4.79346200458713,"Leptospirosis"
"176291010.390",2005-02-25,2005-02-24,4,176291010,"31","176291010","P1D","http://aido.bsvgateway.org/api/locations/176291010/","Guyana","Guyana","Country","http://aido.bsvgateway.org/api/locations/13410479/",4.79346200458713,-58.9801146897155,4.79346200458713,"Leptospirosis"
"176291010.391",2005-02-26,2005-02-25,4,176291010,"31","176291010","P1D","http://aido.bsvgateway.org/api/locations/176291010/","Guyana","Guyana","Country","http://aido.bsvgateway.org/api/locations/13410479/",-58.9801146897155,-58.9801146897155,4.79346200458713,"Leptospirosis"
"176291010.392",2005-02-27,2005-02-26,2,176291010,"31","176291010","P1D","http://aido.bsvgateway.org/api/locations/176291010/","Guyana","Guyana","Country","http://aido.bsvgateway.org/api/locations/13410479/",4.79346200458713,-58.9801146897155,4.79346200458713,"Leptospirosis"
"176291010.393",2005-02-28,2005-02-27,1,176291010,"31","176291010","P1D","http://aido.bsvgateway.org/api/locations/176291010/","Guyana","Guyana","Country","http://aido.bsvgateway.org/api/locations/13410479/",-58.9801146897155,-58.9801146897155,4.79346200458713,"Leptospirosis"
"176291010.394",2005-03-01,2005-02-28,1,176291010,"31","176291010","P1D","http://aido.bsvgateway.org/api/locations/176291010/","Guyana","Guyana","Country","http://aido.bsvgateway.org/api/locations/13410479/",4.79346200458713,-58.9801146897155,4.79346200458713,"Leptospirosis"
"176291010.395",2005-03-02,2005-03-01,0,176291010,"31","176291010","P1D","http://aido.bsvgateway.org/api/locations/176291010/","Guyana","Guyana","Country","http://aido.bsvgateway.org/api/locations/13410479/",-58.9801146897155,-58.9801146897155,4.79346200458713,"Leptospirosis"
"176291010.396",2005-03-03,2005-03-02,1,176291010,"31","176291010","P1D","http://aido.bsvgateway.org/api/locations/176291010/","Guyana","Guyana","Country","http://aido.bsvgateway.org/api/locations/13410479/",4.79346200458713,-58.9801146897155,4.79346200458713,"Leptospirosis"
