"","x"
"1","Vietnam"
"2","China"
"3","Vancouver, Washington, United States of America"
"4","Federated States of Micronesia"
"5","Casa Grande, Arizona, United States of America"
"6","Ohio, United States of America"
"7","France"
"8","Mayuge, Uganda"
"9","Israel"
"10","Fiji"
"11","Italy"
"12","Bulgaria"
"13","Niger"
"14","Kabale, Kabale, Uganda"
"15","Orientale, Democratic Republic of the Congo"
"16","Yunnan, China"
"17","Kayanza, Burundi"
"18","Jamaica"
"19","Aswan, Egypt"
"20","Cairns, Queensland, Australia"
"21","West Bengal, India"
"22","Afghanistan"
"23","Florida, United States of America"
"24","Illinois, United States of America"
"25","Martinique, France"
"26","Peru"
"27","Jos, Plateau, Nigeria"
"28","Nepal"
"29","Rakhine, Myanmar"
