"","x"
"1","Greece"
"2","Argentina"
"3","Qatar"
"4","United States of America"
"5","Minnesota, United States of America"
"6","Singapore, Central Singapore, Singapore"
"7","Champasak, Laos"
"8","Andhra Pradesh, India"
"9","Bogor, Jawa Barat, Indonesia"
"10","Toamasina, Atsinanana, Madagascar"
"11","Ravenna, Italy"
"12","Chennai, Tamil Nadu, India"
"13","South Sudan"
"14","Venezuela"
"15","Philippines"
"16","Hawaii, United States of America"
"17","Kibale, Uganda"
"18","Kasaï-Occidental, Democratic Republic of the Congo"
"19","Orientale, Democratic Republic of the Congo"
"20","Ogooué-Ivindo, Gabon"
